time,open,high,low,close
1785362400,1.4041099548339844,1.404539942741394,1.4039000272750854,1.4040000438690186
1785362460,1.404189944267273,1.4043899774551392,1.4039000272750854,1.4040000438690186
1785362520,1.4041600227355957,1.404270052909851,1.4038000106811523,1.4041399955749512
1785362580,1.4041399955749512,1.4042199850082397,1.4038000106811523,1.4040000438690186
1785362640,1.4041099548339844,1.4041999578475952,1.4036999940872192,1.4040100574493408
1785362700,1.4040199518203735,1.404170036315918,1.4036999940872192,1.4040100574493408
1785362760,1.4040700197219849,1.404129981994629,1.4036999940872192,1.4039000272750854
1785362820,1.4040600061416626,1.4041999578475952,1.4036999940872192,1.4039599895477295
1785362880,1.404039978981018,1.4041099548339844,1.4036999940872192,1.403939962387085
1785362940,1.4039700031280518,1.404099941253662,1.4035999774932861,1.4039000272750854
1785363000,1.4039000272750854,1.4040299654006958,1.4035999774932861,1.4038000106811523
1785363060,1.403939962387085,1.4040700197219849,1.4035999774932861,1.4039000272750854
1785363120,1.4040600061416626,1.404099941253662,1.4036999940872192,1.4040700197219849
1785363180,1.4040700197219849,1.404099941253662,1.4038900136947632,1.4040000438690186
1785363240,1.4040000438690186,1.404099941253662,1.4036999940872192,1.4040000438690186
1785363300,1.4040000438690186,1.404099941253662,1.4036999940872192,1.4040000438690186
1785363360,1.4040900468826294,1.404099941253662,1.4036999940872192,1.4040700197219849
1785363420,1.4036999940872192,1.404099941253662,1.4036999940872192,1.4036999940872192
1785363480,1.4040000438690186,1.404099941253662,1.4035999774932861,1.4036999940872192
1785363540,1.4040100574493408,1.4041500091552734,1.4035999774932861,1.4038000106811523
1785363600,1.4038000106811523,1.4041399955749512,1.4038000106811523,1.4040800333023071
1785363660,1.4039000272750854,1.404099941253662,1.4039000272750854,1.4040900468826294
1785363720,1.404099941253662,1.4041500091552734,1.4038000106811523,1.4040900468826294
1785363780,1.4040299654006958,1.4042400121688843,1.4036999940872192,1.4038000106811523
1785363840,1.4040700197219849,1.4041800498962402,1.4036999940872192,1.4041399955749512
1785363900,1.4041399955749512,1.4041500091552734,1.4038000106811523,1.404039978981018
1785363960,1.404099941253662,1.4041500091552734,1.4038000106811523,1.4041399955749512
1785364020,1.404039978981018,1.4041500091552734,1.4038000106811523,1.4041399955749512
1785364080,1.4040900468826294,1.4041500091552734,1.4038000106811523,1.404099941253662
1785364140,1.404099941253662,1.4041399955749512,1.4038000106811523,1.4041399955749512
1785364200,1.4040299654006958,1.4041399955749512,1.4036999940872192,1.404129981994629
1785364260,1.4040700197219849,1.404129981994629,1.4035999774932861,1.4041199684143066
1785364320,1.4040100574493408,1.4041199684143066,1.4036999940872192,1.4041199684143066
1785364380,1.4040100574493408,1.404129981994629,1.4036999940872192,1.4040800333023071
1785364440,1.4040700197219849,1.4041399955749512,1.4038000106811523,1.4040199518203735
1785364500,1.4040199518203735,1.404129981994629,1.4036999940872192,1.4040100574493408
1785364560,1.4040100574493408,1.404129981994629,1.4036999940872192,1.4040199518203735
1785364620,1.4040800333023071,1.404129981994629,1.4035999774932861,1.4040800333023071
1785364680,1.4040199518203735,1.404129981994629,1.4035999774932861,1.4035999774932861
1785364740,1.4039000272750854,1.404129981994629,1.4035999774932861,1.4035999774932861
1785364800,1.4038000106811523,1.4041399955749512,1.4035999774932861,1.4038000106811523
1785364860,1.404039978981018,1.4041399955749512,1.4035999774932861,1.4036999940872192
1785364920,1.4040199518203735,1.404129981994629,1.4035999774932861,1.4040900468826294
1785364980,1.4040299654006958,1.4041399955749512,1.4035999774932861,1.4040800333023071
1785365040,1.4040900468826294,1.4041399955749512,1.4035999774932861,1.404099941253662
1785365100,1.4041399955749512,1.4041399955749512,1.4035999774932861,1.404129981994629
1785365160,1.4040700197219849,1.404129981994629,1.4035999774932861,1.4040499925613403
1785365220,1.4040900468826294,1.4041199684143066,1.4035999774932861,1.4040499925613403
1785365280,1.4040600061416626,1.404129981994629,1.4035999774932861,1.4038000106811523
1785365340,1.4040499925613403,1.404129981994629,1.4035999774932861,1.4041199684143066
1785365400,1.4040800333023071,1.404229998588562,1.4035999774932861,1.4041500091552734
1785365460,1.4041500091552734,1.4042400121688843,1.4038000106811523,1.404170036315918
1785365520,1.404170036315918,1.4042400121688843,1.4039000272750854,1.404189944267273
1785365580,1.4041999578475952,1.4042400121688843,1.4036999940872192,1.404170036315918
1785365640,1.404170036315918,1.404229998588562,1.4036999940872192,1.4041500091552734
1785365700,1.4036999940872192,1.4041999578475952,1.4036999940872192,1.4040900468826294
1785365760,1.4038000106811523,1.4041500091552734,1.4038000106811523,1.4039000272750854
1785365820,1.404099941253662,1.4041399955749512,1.4035999774932861,1.4040299654006958
1785365880,1.4039599895477295,1.4040600061416626,1.4035999774932861,1.4036999940872192
1785366000,1.4039599895477295,1.4040299654006958,1.403499960899353,1.4039599895477295
1785366060,1.4039900302886963,1.4040299654006958,1.4035999774932861,1.403939962387085
1785366120,1.403939962387085,1.4040499925613403,1.4035999774932861,1.4035999774932861
1785366180,1.4039700031280518,1.4040000438690186,1.40339994430542,1.4037599563598633
1785366240,1.40378999710083,1.4038100242614746,1.4033000469207764,1.4037200212478638
1785366300,1.4037100076675415,1.4037400484085083,1.40339994430542,1.403730034828186
1785366360,1.4037100076675415,1.4037400484085083,1.40339994430542,1.4036699533462524
1785366420,1.4036699533462524,1.403730034828186,1.4033000469207764,1.4033000469207764
1785366480,1.4036699533462524,1.4037200212478638,1.402999997138977,1.4033700227737427
1785366540,1.4033700227737427,1.403439998626709,1.402999997138977,1.4033700227737427
1785366600,1.4034199714660645,1.403540015220642,1.402999997138977,1.4035199880599976
1785366660,1.4034700393676758,1.4038100242614746,1.4032000303268433,1.4033000469207764
1785366720,1.4037400484085083,1.403749942779541,1.4032000303268433,1.40339994430542
1785366780,1.4037200212478638,1.4037400484085083,1.40339994430542,1.4036699533462524
1785366840,1.4036699533462524,1.4038399457931519,1.40339994430542,1.4037699699401855
1785366900,1.4037699699401855,1.4038499593734741,1.403499960899353,1.403499960899353
1785366960,1.40378999710083,1.4039100408554077,1.403499960899353,1.4038100242614746
1785367020,1.4038200378417969,1.4039000272750854,1.403499960899353,1.403499960899353
1785367080,1.4038100242614746,1.403880000114441,1.40339994430542,1.4037699699401855
1785367140,1.4038000106811523,1.4038399457931519,1.403499960899353,1.4037699699401855
1785367200,1.403499960899353,1.4039000272750854,1.403499960899353,1.4038100242614746
1785367260,1.4038100242614746,1.4039000272750854,1.403499960899353,1.4038699865341187
1785367320,1.4038599729537964,1.4039000272750854,1.403499960899353,1.4038599729537964
1785367380,1.4036999940872192,1.4039700031280518,1.403499960899353,1.4039000272750854
1785367440,1.4039000272750854,1.4040199518203735,1.403499960899353,1.4039900302886963
1785367500,1.4040199518203735,1.4041800498962402,1.4035999774932861,1.4040299654006958
1785367560,1.403980016708374,1.404039978981018,1.4036999940872192,1.4040199518203735
1785367620,1.403980016708374,1.4041199684143066,1.4035999774932861,1.4041199684143066
1785367680,1.404099941253662,1.4041199684143066,1.4038000106811523,1.4039000272750854
1785367740,1.4040600061416626,1.404129981994629,1.4036999940872192,1.4039000272750854
1785367800,1.4040600061416626,1.404129981994629,1.4035999774932861,1.4039000272750854
1785367860,1.4040600061416626,1.4041399955749512,1.4038000106811523,1.4040800333023071
1785367920,1.4040800333023071,1.4041500091552734,1.4036999940872192,1.4041199684143066
1785367980,1.4039000272750854,1.4041099548339844,1.4035999774932861,1.4040100574493408
1785368040,1.4040199518203735,1.4040700197219849,1.4035999774932861,1.4039700031280518
1785368100,1.4039499759674072,1.4040299654006958,1.4036999940872192,1.403980016708374
1785368160,1.4039700031280518,1.4040499925613403,1.4035999774932861,1.4039599895477295
1785368220,1.4040000438690186,1.4040299654006958,1.4035999774932861,1.403980016708374
1785368280,1.4040000438690186,1.4040100574493408,1.4035999774932861,1.4036999940872192
1785368340,1.40392005443573,1.4040600061416626,1.4035999774932861,1.4039700031280518
1785368400,1.404039978981018,1.4040600061416626,1.4036999940872192,1.4039700031280518
1785368460,1.4039700031280518,1.4040499925613403,1.403499960899353,1.4035999774932861
1785368520,1.4038699865341187,1.403939962387085,1.403499960899353,1.4038900136947632
1785368580,1.403939962387085,1.403939962387085,1.40339994430542,1.4038699865341187
1785368640,1.4039299488067627,1.4040100574493408,1.40339994430542,1.4038200378417969
1785368700,1.4037599563598633,1.4039299488067627,1.40339994430542,1.40339994430542
1785368760,1.4037599563598633,1.4038100242614746,1.4033000469207764,1.4036600589752197
1785368820,1.4037100076675415,1.403749942779541,1.4033000469207764,1.4037400484085083
1785368880,1.4036999940872192,1.4037400484085083,1.4033000469207764,1.4036500453948975
1785368940,1.4036500453948975,1.4037100076675415,1.4032000303268433,1.4033000469207764
1785369000,1.4036200046539307,1.4036999940872192,1.4032000303268433,1.4032000303268433
1785369060,1.4034899473190308,1.4035500288009644,1.4031000137329102,1.4034600257873535
1785369120,1.4034600257873535,1.4035199880599976,1.402999997138977,1.403439998626709
1785369180,1.4034899473190308,1.4035300016403198,1.4031000137329102,1.403480052947998
1785369240,1.4034700393676758,1.4036099910736084,1.4032000303268433,1.4033000469207764
1785369300,1.4035500288009644,1.4036500453948975,1.4032000303268433,1.4033000469207764
1785369360,1.4035799503326416,1.4036200046539307,1.4031000137329102,1.4035500288009644
1785369420,1.403499960899353,1.4036200046539307,1.4032000303268433,1.4035700559616089
1785369480,1.4035700559616089,1.403630018234253,1.4032000303268433,1.4036200046539307
1785369540,1.4035799503326416,1.403689980506897,1.4032000303268433,1.4035899639129639
1785369600,1.4035999774932861,1.4036999940872192,1.4032000303268433,1.4035999774932861
1785369660,1.4035899639129639,1.4036500453948975,1.4031000137329102,1.40339994430542
1785369720,1.4035600423812866,1.4038000106811523,1.4032000303268433,1.4037200212478638
1785369780,1.40339994430542,1.4038200378417969,1.4031000137329102,1.4035099744796753
1785369840,1.403499960899353,1.4036099910736084,1.4031000137329102,1.4034600257873535
1785369900,1.4034600257873535,1.403630018234253,1.4031000137329102,1.4035600423812866
1785369960,1.4035500288009644,1.4036400318145752,1.4031000137329102,1.4035999774932861
1785370020,1.4035999774932861,1.4036500453948975,1.402999997138977,1.4033199548721313
1785370080,1.402999997138977,1.40339994430542,1.402899980545044,1.4032700061798096
1785370140,1.4032700061798096,1.4033199548721313,1.4027999639511108,1.4032700061798096
1785370200,1.4032700061798096,1.4034099578857422,1.402899980545044,1.4033499956130981
1785370260,1.4033499956130981,1.4035199880599976,1.402999997138977,1.403439998626709
1785370320,1.4034199714660645,1.4035700559616089,1.402999997138977,1.4033900499343872
1785370380,1.403380036354065,1.403439998626709,1.402899980545044,1.4031800031661987
1785370440,1.4032399654388428,1.4033000469207764,1.4026999473571777,1.4032200574874878
1785370500,1.4032200574874878,1.403499960899353,1.402899980545044,1.4034500122070312
1785370560,1.4034500122070312,1.4035300016403198,1.402999997138977,1.4035300016403198
1785370620,1.4035199880599976,1.4036099910736084,1.4031000137329102,1.4035500288009644
1785370680,1.4035999774932861,1.4038300514221191,1.4032000303268433,1.4038100242614746
1785370740,1.40339994430542,1.4039700031280518,1.40339994430542,1.40392005443573
1785370800,1.4039000272750854,1.4040100574493408,1.403499960899353,1.40392005443573
1785370860,1.403939962387085,1.4040000438690186,1.40339994430542,1.4038000106811523
1785370920,1.4038599729537964,1.4039499759674072,1.40339994430542,1.4037699699401855
1785370980,1.4038100242614746,1.4038499593734741,1.40339994430542,1.4037200212478638
1785371040,1.4037200212478638,1.4040000438690186,1.40339994430542,1.4038599729537964
1785371100,1.4038900136947632,1.403980016708374,1.403499960899353,1.4039000272750854
1785371160,1.4039100408554077,1.4040299654006958,1.4035999774932861,1.403980016708374
1785371220,1.40392005443573,1.4041999578475952,1.4035999774932861,1.4039000272750854
1785371280,1.4042099714279175,1.4043500423431396,1.4038000106811523,1.404229998588562
1785371340,1.4042799472808838,1.4043099880218506,1.4038000106811523,1.4042500257492065
1785371400,1.4042500257492065,1.4043899774551392,1.4039000272750854,1.4043200016021729
1785371460,1.404289960861206,1.404360055923462,1.4038000106811523,1.4041999578475952
1785371520,1.4041999578475952,1.4043699502944946,1.4038000106811523,1.404099941253662
1785371580,1.4043200016021729,1.404379963874817,1.4039000272750854,1.4040000438690186
1785371640,1.4043099880218506,1.4044300317764282,1.4038000106811523,1.4041999578475952
1785371700,1.4043500423431396,1.4044100046157837,1.4039000272750854,1.4043200016021729
1785371760,1.4043200016021729,1.4044300317764282,1.4039000272750854,1.404360055923462
1785371820,1.4043699502944946,1.4045300483703613,1.404099941253662,1.404420018196106
1785371880,1.404420018196106,1.4045100212097168,1.4040000438690186,1.404420018196106
1785371940,1.4044400453567505,1.4047399759292603,1.404099941253662,1.404670000076294
1785372000,1.4047199487686157,1.4047600030899048,1.4041999578475952,1.4046200513839722
1785372060,1.40461003780365,1.4046499729156494,1.4041999578475952,1.4045900106430054
1785372120,1.4045699834823608,1.4046200513839722,1.404099941253662,1.4042999744415283
1785372180,1.4045499563217163,1.4046299457550049,1.4041999578475952,1.4045699834823608
1785372240,1.4045699834823608,1.4046299457550049,1.404099941253662,1.4042999744415283
1785372300,1.404520034790039,1.4045900106430054,1.404099941253662,1.4044899940490723
1785372360,1.4045000076293945,1.4045699834823608,1.4040000438690186,1.4044699668884277
1785372420,1.4044699668884277,1.4045300483703613,1.404099941253662,1.4044599533081055
1785372480,1.4044599533081055,1.404520034790039,1.4040000438690186,1.404099941253662
1785372540,1.4044100046157837,1.404520034790039,1.4040000438690186,1.4044500589370728
1785372600,1.4044500589370728,1.4046200513839722,1.404099941253662,1.40461003780365
1785372660,1.4045599699020386,1.40461003780365,1.404099941253662,1.404520034790039
1785372720,1.404099941253662,1.40461003780365,1.4040000438690186,1.4044300317764282
1785372780,1.404420018196106,1.404520034790039,1.4040000438690186,1.404420018196106
1785372840,1.404420018196106,1.4045100212097168,1.4040000438690186,1.4044699668884277
1785372900,1.4044699668884277,1.404520034790039,1.4039000272750854,1.4043200016021729
1785372960,1.4043200016021729,1.40447998046875,1.4040000438690186,1.404099941253662
1785373020,1.4043999910354614,1.4045900106430054,1.4039000272750854,1.4043699502944946
1785373080,1.404099941253662,1.4044100046157837,1.4039000272750854,1.4043400287628174
1785373140,1.4042999744415283,1.4043999910354614,1.4039000272750854,1.404360055923462
1785373200,1.4043200016021729,1.4044599533081055,1.4038000106811523,1.4040000438690186
1785373260,1.4042600393295288,1.4043200016021729,1.4038000106811523,1.4039000272750854
1785373320,1.4041800498962402,1.4042999744415283,1.4038000106811523,1.404189944267273
1785373380,1.404129981994629,1.4042099714279175,1.4035999774932861,1.4035999774932861
1785373440,1.404039978981018,1.4042099714279175,1.4036999940872192,1.4038000106811523
1785373500,1.4041500091552734,1.404229998588562,1.4038000106811523,1.4040800333023071
1785373560,1.4040700197219849,1.404170036315918,1.4036999940872192,1.404099941253662
1785373620,1.404039978981018,1.4041099548339844,1.4035999774932861,1.4040800333023071
1785373680,1.4040199518203735,1.404099941253662,1.4035999774932861,1.4040000438690186
1785373740,1.4040100574493408,1.4042199850082397,1.4036999940872192,1.404170036315918
1785373800,1.404189944267273,1.4042999744415283,1.4039000272750854,1.4042799472808838
1785373860,1.404289960861206,1.4043099880218506,1.4038000106811523,1.4041399955749512
1785373920,1.4036999940872192,1.404170036315918,1.4036999940872192,1.4041500091552734
1785373980,1.4041399955749512,1.4042099714279175,1.4036999940872192,1.4040700197219849
1785374040,1.4040700197219849,1.4041600227355957,1.4036999940872192,1.404099941253662
1785374100,1.404099941253662,1.4042999744415283,1.4036999940872192,1.404289960861206
1785374160,1.4042500257492065,1.4042999744415283,1.4038000106811523,1.4042099714279175
1785374220,1.4042400121688843,1.4043999910354614,1.4039000272750854,1.4043999910354614
1785374280,1.4043500423431396,1.4043999910354614,1.4039000272750854,1.4043200016021729
1785374340,1.404379963874817,1.40447998046875,1.4040000438690186,1.4043999910354614
1785374400,1.4044100046157837,1.4045000076293945,1.4040000438690186,1.4044599533081055
1785374460,1.4044400453567505,1.4046000242233276,1.404099941253662,1.4045599699020386
1785374520,1.4045599699020386,1.4046900272369385,1.4041999578475952,1.404579997062683
1785374580,1.4046000242233276,1.4046800136566162,1.4041999578475952,1.404539942741394
1785374640,1.4041999578475952,1.4046000242233276,1.4041999578475952,1.4045300483703613
1785374700,1.4045300483703613,1.4047199487686157,1.404099941253662,1.4045000076293945
1785374760,1.404670000076294,1.404729962348938,1.4042999744415283,1.4046800136566162
1785374820,1.4047000408172607,1.404729962348938,1.4042999744415283,1.4042999744415283
1785374880,1.4046200513839722,1.404770016670227,1.4042999744415283,1.4046200513839722
1785374940,1.4046200513839722,1.4047199487686157,1.4041999578475952,1.4046800136566162
1785375000,1.4046200513839722,1.404729962348938,1.4042999744415283,1.4042999744415283
1785375060,1.4046200513839722,1.4047000408172607,1.4041999578475952,1.404539942741394
1785375120,1.404520034790039,1.40461003780365,1.404099941253662,1.4044400453567505
1785375180,1.4044400453567505,1.404520034790039,1.404099941253662,1.4044599533081055
1785375240,1.4044500589370728,1.4045499563217163,1.4040000438690186,1.4041999578475952
1785375300,1.4044599533081055,1.4045300483703613,1.4040000438690186,1.404420018196106
1785375360,1.404420018196106,1.4045699834823608,1.4040000438690186,1.4041999578475952
1785375420,1.404539942741394,1.4045599699020386,1.404099941253662,1.4044899940490723
1785375480,1.4041999578475952,1.4046000242233276,1.404099941253662,1.4045499563217163
1785375540,1.404539942741394,1.404670000076294,1.404099941253662,1.40447998046875
1785375600,1.4041999578475952,1.404539942741394,1.4040000438690186,1.4044100046157837
1785375660,1.404360055923462,1.4046299457550049,1.404099941253662,1.4045699834823608
1785375720,1.404579997062683,1.4046299457550049,1.4041999578475952,1.4046000242233276
1785375780,1.4045499563217163,1.4046599864959717,1.404099941253662,1.4045699834823608
1785375840,1.4046399593353271,1.404729962348938,1.4041999578475952,1.4043999910354614
1785375900,1.4046499729156494,1.4048099517822266,1.4042999744415283,1.4048000574111938
1785375960,1.4047600030899048,1.4048000574111938,1.4043999910354614,1.4047399759292603
1785376020,1.4045000076293945,1.404770016670227,1.4041999578475952,1.404670000076294
1785376080,1.4046599864959717,1.4047900438308716,1.4043999910354614,1.4046800136566162
1785376140,1.4046800136566162,1.404770016670227,1.4041999578475952,1.4043999910354614
1785376200,1.4047199487686157,1.4047900438308716,1.4042999744415283,1.4047199487686157
1785376260,1.4047199487686157,1.4049700498580933,1.4042999744415283,1.4045000076293945
1785376320,1.404919981956482,1.4049999713897705,1.4045000076293945,1.4047000408172607
1785376380,1.4049500226974487,1.4050899744033813,1.4045000076293945,1.405079960823059
1785376440,1.4047000408172607,1.4050999879837036,1.4046000242233276,1.4050400257110596
1785376500,1.405019998550415,1.4051200151443481,1.4047000408172607,1.4050500392913818
1785376560,1.4050500392913818,1.4051100015640259,1.4045000076293945,1.4049899578094482
1785376620,1.404960036277771,1.405019998550415,1.4046000242233276,1.4049700498580933
1785376680,1.4050099849700928,1.4050300121307373,1.4046000242233276,1.4049700498580933
1785376740,1.4049999713897705,1.4050400257110596,1.4046000242233276,1.404919981956482
1785376800,1.4049700498580933,1.4049700498580933,1.4043999910354614,1.4049099683761597
1785376860,1.4048500061035156,1.404979944229126,1.4043999910354614,1.404960036277771
1785376920,1.4049299955368042,1.4049999713897705,1.4045000076293945,1.4049400091171265
1785376980,1.4046000242233276,1.4049299955368042,1.4043999910354614,1.4048500061035156
1785377040,1.4048399925231934,1.4048999547958374,1.4045000076293945,1.404829978942871
1785377100,1.4048800468444824,1.4049099683761597,1.4043999910354614,1.404729962348938
1785377160,1.404729962348938,1.4048999547958374,1.4043999910354614,1.4048199653625488
1785377220,1.4048199653625488,1.404919981956482,1.4045000076293945,1.4049099683761597
1785377280,1.404860019683838,1.405019998550415,1.4045000076293945,1.404960036277771
1785377340,1.4049099683761597,1.4049999713897705,1.4045000076293945,1.4049700498580933
1785377400,1.404919981956482,1.4049700498580933,1.4043999910354614,1.4048700332641602
1785377460,1.4048899412155151,1.4049999713897705,1.4045000076293945,1.4049700498580933
1785377520,1.404919981956482,1.4050300121307373,1.4045000076293945,1.4047000408172607
1785377580,1.4049999713897705,1.4050699472427368,1.4046000242233276,1.4049999713897705
1785377640,1.4049700498580933,1.4051200151443481,1.4046000242233276,1.4050400257110596
1785377700,1.4050400257110596,1.4050999879837036,1.4046000242233276,1.4048000574111938
1785377760,1.4050400257110596,1.405079960823059,1.4046000242233276,1.405019998550415
1785377820,1.4050699472427368,1.4050999879837036,1.4046000242233276,1.4050099849700928
1785377880,1.4050300121307373,1.405079960823059,1.4045000076293945,1.4049700498580933
1785377940,1.404960036277771,1.4050099849700928,1.4046000242233276,1.4050099849700928
1785378000,1.404960036277771,1.4050099849700928,1.4046000242233276,1.4046000242233276
1785378060,1.404919981956482,1.4050300121307373,1.4046000242233276,1.4049700498580933
1785378120,1.4049700498580933,1.4050500392913818,1.4046000242233276,1.4050400257110596
1785378180,1.4049899578094482,1.4050400257110596,1.4046000242233276,1.4049700498580933
1785378240,1.4047000408172607,1.405019998550415,1.4045000076293945,1.4049700498580933
1785378300,1.404919981956482,1.4049899578094482,1.4043999910354614,1.404919981956482
1785378360,1.404919981956482,1.4049899578094482,1.4046000242233276,1.404919981956482
1785378420,1.404919981956482,1.4049999713897705,1.4045000076293945,1.404960036277771
1785378480,1.4048999547958374,1.405060052871704,1.4046000242233276,1.4050099849700928
1785378540,1.4049999713897705,1.405060052871704,1.4046000242233276,1.405019998550415
1785378600,1.4049700498580933,1.4050999879837036,1.4046000242233276,1.4047000408172607
1785378660,1.4049899578094482,1.4050300121307373,1.4045000076293945,1.4050099849700928
1785378720,1.4050099849700928,1.405060052871704,1.4046000242233276,1.4050099849700928
1785378780,1.404960036277771,1.405019998550415,1.4046000242233276,1.4049500226974487
1785378840,1.4049899578094482,1.4050099849700928,1.4046000242233276,1.404979944229126
1785378900,1.4049700498580933,1.4050099849700928,1.4045000076293945,1.4048000574111938
1785378960,1.404960036277771,1.4050300121307373,1.4046000242233276,1.4047000408172607
1785379020,1.404960036277771,1.405019998550415,1.4046000242233276,1.4048800468444824
1785379080,1.4048999547958374,1.4049400091171265,1.4043999910354614,1.4045000076293945
1785379140,1.404829978942871,1.4048800468444824,1.4045000076293945,1.4048800468444824
1785379200,1.4048800468444824,1.4048999547958374,1.4043999910354614,1.4048800468444824
1785379260,1.4048199653625488,1.4049400091171265,1.4043999910354614,1.4048899412155151
1785379320,1.4046000242233276,1.404960036277771,1.4045000076293945,1.404919981956482
1785379380,1.404919981956482,1.4049700498580933,1.4046000242233276,1.4049099683761597
1785379440,1.4049099683761597,1.405019998550415,1.4045000076293945,1.4047000408172607
1785379500,1.4049899578094482,1.4049999713897705,1.4043999910354614,1.4048500061035156
1785379560,1.404860019683838,1.4049099683761597,1.4043999910354614,1.404860019683838
1785379620,1.4046000242233276,1.4048800468444824,1.4042999744415283,1.4048199653625488
1785379680,1.4048199653625488,1.4048800468444824,1.4042999744415283,1.4048700332641602
1785379740,1.4048099517822266,1.4049099683761597,1.4043999910354614,1.4048999547958374
1785379800,1.404860019683838,1.404919981956482,1.4045000076293945,1.4048800468444824
1785379860,1.4048700332641602,1.404919981956482,1.4045000076293945,1.4048199653625488
1785379920,1.4048199653625488,1.4049099683761597,1.4045000076293945,1.4048700332641602
1785379980,1.4048500061035156,1.4049099683761597,1.4045000076293945,1.4048500061035156
1785380040,1.404860019683838,1.4049099683761597,1.4043999910354614,1.4048800468444824
1785380100,1.4046000242233276,1.4048800468444824,1.4043999910354614,1.4046000242233276
1785380160,1.4048199653625488,1.404919981956482,1.4045000076293945,1.4046000242233276
1785380220,1.404860019683838,1.4049700498580933,1.4043999910354614,1.4048800468444824
1785380280,1.4048800468444824,1.4049400091171265,1.4043999910354614,1.4046000242233276
1785380340,1.4048800468444824,1.4049999713897705,1.4043999910354614,1.4049700498580933
1785380400,1.4049899578094482,1.4050099849700928,1.4046000242233276,1.4049400091171265
1785380460,1.4049500226974487,1.4050099849700928,1.4045000076293945,1.4048399925231934
1785380520,1.4048500061035156,1.4049099683761597,1.4043999910354614,1.404860019683838
1785380580,1.4048399925231934,1.4049299955368042,1.4045000076293945,1.4048899412155151
1785380640,1.4048999547958374,1.4049299955368042,1.4045000076293945,1.4048399925231934
1785380700,1.4048800468444824,1.4049099683761597,1.4045000076293945,1.4048700332641602
1785380760,1.4048500061035156,1.404919981956482,1.4045000076293945,1.4048999547958374
1785380820,1.4048999547958374,1.4049500226974487,1.4045000076293945,1.4046000242233276
1785380880,1.4048700332641602,1.4049999713897705,1.4043999910354614,1.4049999713897705
1785380940,1.4049899578094482,1.4050300121307373,1.4046000242233276,1.4050099849700928
1785381000,1.404960036277771,1.405060052871704,1.4046000242233276,1.405019998550415
1785381060,1.4050400257110596,1.4051100015640259,1.4046000242233276,1.405060052871704
1785381120,1.4050899744033813,1.4051200151443481,1.4047000408172607,1.4047000408172607
1785381180,1.405060052871704,1.405269980430603,1.4047000408172607,1.405210018157959
1785381240,1.4052200317382812,1.405269980430603,1.4048000574111938,1.4048999547958374
1785381300,1.4051799774169922,1.4052499532699585,1.4047000408172607,1.4048999547958374
1785381360,1.405210018157959,1.4052599668502808,1.4048000574111938,1.4048999547958374
1785381420,1.4051799774169922,1.405310034751892,1.4048000574111938,1.4049999713897705
1785381480,1.4052900075912476,1.405310034751892,1.4048999547958374,1.4052400588989258
1785381540,1.4052400588989258,1.4053399562835693,1.4048999547958374,1.405269980430603
1785381600,1.4048999547958374,1.4053200483322144,1.4048000574111938,1.4053200483322144
1785381660,1.4052799940109253,1.405400037765503,1.4048999547958374,1.4053399562835693
1785381720,1.4053800106048584,1.4054100513458252,1.4048999547958374,1.4053800106048584
1785381780,1.405329942703247,1.4053699970245361,1.4048000574111938,1.4052200317382812
1785381840,1.4052200317382812,1.4053000211715698,1.4048000574111938,1.4051899909973145
1785381900,1.4051899909973145,1.4052900075912476,1.4048000574111938,1.4052400588989258
1785381960,1.4052400588989258,1.4053000211715698,1.4048000574111938,1.4051799774169922
1785382020,1.40516996383667,1.4052499532699585,1.4048000574111938,1.4052499532699585
1785382080,1.4052499532699585,1.4052599668502808,1.4048000574111938,1.40516996383667
1785382140,1.4048000574111938,1.4052000045776367,1.4048000574111938,1.4051599502563477
1785382200,1.4051400423049927,1.405210018157959,1.4046000242233276,1.405060052871704
1785382260,1.405060052871704,1.405060052871704,1.4045000076293945,1.4049899578094482
1785382320,1.4049299955368042,1.405060052871704,1.4045000076293945,1.4049299955368042
1785382380,1.4046000242233276,1.4049500226974487,1.4043999910354614,1.404829978942871
1785382440,1.4048399925231934,1.4048999547958374,1.4043999910354614,1.4048399925231934
1785382500,1.4048700332641602,1.4048999547958374,1.4043999910354614,1.4048000574111938
1785382560,1.4048500061035156,1.4049099683761597,1.4045000076293945,1.4048700332641602
1785382620,1.404860019683838,1.4049500226974487,1.4045000076293945,1.4048800468444824
1785382680,1.4049299955368042,1.404960036277771,1.4046000242233276,1.4049299955368042
1785382740,1.4048700332641602,1.404979944229126,1.4045000076293945,1.4049400091171265
1785382800,1.4049500226974487,1.4049999713897705,1.4048800468444824,1.404919981956482
1785382860,1.404919981956482,1.404979944229126,1.404860019683838,1.404919981956482
1785382920,1.404919981956482,1.4049400091171265,1.4046000242233276,1.404860019683838
1785382980,1.404860019683838,1.404919981956482,1.4045000076293945,1.4048800468444824
1785383040,1.4048800468444824,1.4049899578094482,1.4045000076293945,1.404979944229126
1785383100,1.404919981956482,1.4049999713897705,1.4046000242233276,1.4049500226974487
1785383160,1.4049400091171265,1.405060052871704,1.4046000242233276,1.405019998550415
1785383220,1.4049999713897705,1.4050999879837036,1.4046000242233276,1.4049999713897705
1785383280,1.4049999713897705,1.4051599502563477,1.4047000408172607,1.4051400423049927
1785383340,1.4048000574111938,1.40516996383667,1.4047000408172607,1.4051400423049927
1785383400,1.4048000574111938,1.40516996383667,1.4047000408172607,1.40516996383667
1785383460,1.4051599502563477,1.4051899909973145,1.4047000408172607,1.4051200151443481
1785383520,1.4048999547958374,1.40516996383667,1.4048000574111938,1.40516996383667
1785383580,1.4051200151443481,1.4052400588989258,1.4048000574111938,1.40516996383667
1785383640,1.40516996383667,1.4052499532699585,1.4048000574111938,1.405210018157959
1785383700,1.4051899909973145,1.4052599668502808,1.4047000408172607,1.405150055885315
1785383760,1.405150055885315,1.4052000045776367,1.4048000574111938,1.4051599502563477
1785383820,1.405150055885315,1.4052400588989258,1.4048000574111938,1.4052200317382812
1785383880,1.4048999547958374,1.4053000211715698,1.4048000574111938,1.405269980430603
1785383940,1.405269980430603,1.4053000211715698,1.4048000574111938,1.4049999713897705
1785384000,1.4052300453186035,1.4053200483322144,1.4048000574111938,1.4048000574111938
1785384060,1.40516996383667,1.4052000045776367,1.4047000408172607,1.4051400423049927
1785384120,1.4049999713897705,1.4052000045776367,1.4046000242233276,1.4050699472427368
1785384180,1.405079960823059,1.4051400423049927,1.4047000408172607,1.4051400423049927
1785384240,1.4048000574111938,1.4052000045776367,1.4048000574111938,1.405150055885315
1785384300,1.4051400423049927,1.4052400588989258,1.4048000574111938,1.4048999547958374
1785384360,1.40516996383667,1.4052000045776367,1.4048000574111938,1.40516996383667
1785384420,1.40516996383667,1.4052200317382812,1.4048000574111938,1.40516996383667
1785384480,1.40516996383667,1.4053000211715698,1.4048000574111938,1.4050999879837036
1785384540,1.4048999547958374,1.4053000211715698,1.4048999547958374,1.4048999547958374
1785384600,1.4052400588989258,1.4053000211715698,1.4048999547958374,1.4052499532699585
1785384660,1.4052499532699585,1.4053000211715698,1.4047000408172607,1.4051400423049927
1785384720,1.4051300287246704,1.4052000045776367,1.4048000574111938,1.4051400423049927
1785384780,1.4051400423049927,1.4052200317382812,1.4048000574111938,1.4051599502563477
1785384840,1.4051599502563477,1.4052000045776367,1.4047000408172607,1.4051599502563477
1785384900,1.4051599502563477,1.4052000045776367,1.4048000574111938,1.4050899744033813
1785384960,1.4050999879837036,1.4051100015640259,1.4046000242233276,1.4048000574111938
1785385020,1.4050699472427368,1.4051100015640259,1.4048000574111938,1.4048000574111938
1785385080,1.4048000574111938,1.4052000045776367,1.4047000408172607,1.4051200151443481
1785385140,1.4048000574111938,1.4052000045776367,1.4047000408172607,1.4048000574111938
1785385200,1.405150055885315,1.4052000045776367,1.4048000574111938,1.405150055885315
1785385260,1.4051599502563477,1.4052000045776367,1.4048000574111938,1.4051599502563477
1785385320,1.405150055885315,1.4052000045776367,1.4047000408172607,1.4051799774169922
1785385380,1.4051799774169922,1.4052000045776367,1.4047000408172607,1.4048999547958374
1785385440,1.4048000574111938,1.405210018157959,1.4048000574111938,1.4051799774169922
1785385500,1.4051899909973145,1.405210018157959,1.4048000574111938,1.4052000045776367
1785385560,1.4052000045776367,1.4052599668502808,1.4048000574111938,1.4049999713897705
1785385620,1.4052400588989258,1.4053000211715698,1.4048999547958374,1.4052599668502808
1785385680,1.4052599668502808,1.405310034751892,1.4048999547958374,1.4053000211715698
1785385740,1.4049999713897705,1.405310034751892,1.4048999547958374,1.4052499532699585
1785385800,1.4052400588989258,1.4053599834442139,1.4048999547958374,1.4049999713897705
1785385860,1.405310034751892,1.405329942703247,1.4048999547958374,1.4049999713897705
1785385920,1.405329942703247,1.405419945716858,1.4049999713897705,1.4050999879837036
1785385980,1.4054100513458252,1.4054100513458252,1.4050999879837036,1.4054100513458252
1785386040,1.4054100513458252,1.4054499864578247,1.4049999713897705,1.4050999879837036
1785386100,1.4054499864578247,1.405500054359436,1.4050999879837036,1.4052000045776367
1785386160,1.4054700136184692,1.405500054359436,1.4052000045776367,1.4052000045776367
1785386220,1.4052000045776367,1.405500054359436,1.4050999879837036,1.4050999879837036
1785386280,1.4054399728775024,1.405500054359436,1.4050999879837036,1.405460000038147
1785386340,1.405460000038147,1.405500054359436,1.4052000045776367,1.405460000038147
1785386400,1.405460000038147,1.405500054359436,1.4048999547958374,1.4050999879837036
1785386460,1.4053699970245361,1.405419945716858,1.4049999713897705,1.4050999879837036
1785386520,1.405419945716858,1.405500054359436,1.4049999713897705,1.4052000045776367
1785386580,1.4054499864578247,1.405500054359436,1.4050999879837036,1.405460000038147
1785386640,1.4054499864578247,1.405500054359436,1.4050999879837036,1.4054499864578247
1785386700,1.4052000045776367,1.405500054359436,1.4052000045776367,1.4054499864578247
1785386760,1.4052000045776367,1.405500054359436,1.4050999879837036,1.4053599834442139
1785386820,1.4053599834442139,1.405400037765503,1.4048999547958374,1.4050999879837036
1785386880,1.4053599834442139,1.405400037765503,1.4050999879837036,1.4053800106048584
1785386940,1.4053699970245361,1.405500054359436,1.4049999713897705,1.4052000045776367
1785387000,1.4052000045776367,1.405519962310791,1.4049999713897705,1.4055099487304688
1785387060,1.405519962310791,1.4055999517440796,1.4052000045776367,1.4055399894714355
1785387120,1.4055500030517578,1.4055999517440796,1.4050999879837036,1.405500054359436
1785387180,1.4052000045776367,1.4055099487304688,1.4049999713897705,1.405460000038147
1785387240,1.405460000038147,1.405500054359436,1.4050999879837036,1.4054700136184692
1785387300,1.4054700136184692,1.4055099487304688,1.4052000045776367,1.4052000045776367
1785387360,1.4054700136184692,1.405500054359436,1.4049999713897705,1.405460000038147
1785387420,1.4054700136184692,1.4055099487304688,1.4049999713897705,1.405500054359436
1785387480,1.405500054359436,1.405519962310791,1.4050999879837036,1.405519962310791
1785387540,1.4050999879837036,1.405519962310791,1.4050999879837036,1.405500054359436
1785387600,1.4054700136184692,1.405500054359436,1.4050999879837036,1.4054499864578247
1785387660,1.4054499864578247,1.405460000038147,1.4049999713897705,1.4049999713897705
1785387720,1.4049999713897705,1.405400037765503,1.4048999547958374,1.4053200483322144
1785387780,1.4053200483322144,1.4053200483322144,1.4048999547958374,1.4048999547958374
1785387840,1.405269980430603,1.405400037765503,1.4048000574111938,1.405400037765503
1785387900,1.4053200483322144,1.405400037765503,1.4048999547958374,1.405310034751892
1785387960,1.405310034751892,1.405329942703247,1.4048999547958374,1.4052499532699585
1785388020,1.4052499532699585,1.4053000211715698,1.4048000574111938,1.4053000211715698
1785388080,1.4052499532699585,1.4053000211715698,1.4048999547958374,1.4052499532699585
1785388140,1.4049999713897705,1.4052599668502808,1.4048000574111938,1.4052000045776367
1785388200,1.405150055885315,1.4052000045776367,1.4047000408172607,1.4048000574111938
1785388260,1.4050500392913818,1.4050999879837036,1.4046000242233276,1.4050500392913818
1785388320,1.4048999547958374,1.4050999879837036,1.4047000408172607,1.4050999879837036
1785388380,1.4050500392913818,1.4050999879837036,1.4046000242233276,1.4050999879837036
1785388440,1.405019998550415,1.4050300121307373,1.4046000242233276,1.4049999713897705
1785388500,1.4047000408172607,1.4049999713897705,1.4047000408172607,1.4049999713897705
1785388560,1.4049899578094482,1.4050099849700928,1.4047000408172607,1.4049899578094482
1785388620,1.4049999713897705,1.4049999713897705,1.4045000076293945,1.4049500226974487
1785388680,1.4049500226974487,1.4050999879837036,1.4046000242233276,1.405019998550415
1785388740,1.405019998550415,1.405019998550415,1.4046000242233276,1.4049999713897705
1785388800,1.404979944229126,1.4049999713897705,1.4047000408172607,1.404960036277771
1785388860,1.4049500226974487,1.4049999713897705,1.4045000076293945,1.4049400091171265
1785388920,1.4049500226974487,1.4049999713897705,1.4045000076293945,1.404919981956482
1785388980,1.404919981956482,1.4049999713897705,1.4046000242233276,1.4049999713897705
1785389040,1.4049500226974487,1.4049999713897705,1.4046000242233276,1.4046000242233276
1785389100,1.4049400091171265,1.4050099849700928,1.4046000242233276,1.404960036277771
1785389160,1.4049400091171265,1.4050099849700928,1.4045000076293945,1.4046000242233276
1785389220,1.404860019683838,1.404919981956482,1.4043999910354614,1.4048500061035156
1785389280,1.4048399925231934,1.4049700498580933,1.4045000076293945,1.4048999547958374
1785389340,1.4049299955368042,1.4050099849700928,1.4045000076293945,1.4048999547958374
1785389400,1.4048800468444824,1.4049400091171265,1.4045000076293945,1.4048999547958374
1785389460,1.4049099683761597,1.4049299955368042,1.4046000242233276,1.4049099683761597
1785389520,1.4048800468444824,1.4049400091171265,1.4045000076293945,1.4048800468444824
1785389580,1.4048800468444824,1.4049299955368042,1.4045000076293945,1.4048999547958374
1785389640,1.4049099683761597,1.404979944229126,1.4043999910354614,1.4048899412155151
1785389700,1.4048999547958374,1.4049999713897705,1.4045000076293945,1.404960036277771
1785389760,1.4049099683761597,1.4050099849700928,1.4045000076293945,1.4046000242233276
1785389820,1.4047000408172607,1.4050099849700928,1.4043999910354614,1.4047000408172607
1785389880,1.4049500226974487,1.4051200151443481,1.4046000242233276,1.4048000574111938
1785389940,1.405079960823059,1.4051400423049927,1.4046000242233276,1.4050899744033813
1785390000,1.4050699472427368,1.4051899909973145,1.4047000408172607,1.4050500392913818
1785390060,1.4048999547958374,1.405269980430603,1.4047000408172607,1.4052000045776367
1785390120,1.4052000045776367,1.4052799940109253,1.4048999547958374,1.4052000045776367
1785390180,1.4048999547958374,1.4052499532699585,1.4047000408172607,1.4052000045776367
1785390240,1.4052000045776367,1.405269980430603,1.4048000574111938,1.405150055885315
1785390300,1.4051899909973145,1.4052300453186035,1.4047000408172607,1.4051400423049927
1785390360,1.4052000045776367,1.405210018157959,1.4046000242233276,1.405060052871704
1785390420,1.4050699472427368,1.405210018157959,1.4047000408172607,1.4052000045776367
1785390480,1.4051400423049927,1.4052000045776367,1.4048000574111938,1.4052000045776367
1785390540,1.4049999713897705,1.4052200317382812,1.4047000408172607,1.4051200151443481
1785390600,1.4051200151443481,1.4052000045776367,1.4048000574111938,1.4051400423049927
1785390660,1.405150055885315,1.405269980430603,1.4048000574111938,1.4051599502563477
1785390720,1.405150055885315,1.405210018157959,1.4047000408172607,1.4051899909973145
1785390780,1.4051400423049927,1.405269980430603,1.4048000574111938,1.4048999547958374
1785390840,1.4052200317382812,1.4052200317382812,1.4048000574111938,1.4051400423049927
1785390900,1.4051899909973145,1.4053599834442139,1.4048000574111938,1.4052900075912476
1785390960,1.4053399562835693,1.4053499698638916,1.4048999547958374,1.4052900075912476
1785391020,1.4052900075912476,1.405310034751892,1.4048999547958374,1.4052799940109253
1785391080,1.4052400588989258,1.4053200483322144,1.4048999547958374,1.4052400588989258
1785391140,1.4052900075912476,1.405310034751892,1.4048999547958374,1.4052599668502808
1785391200,1.4052400588989258,1.4053699970245361,1.4048999547958374,1.405329942703247
1785391260,1.4052799940109253,1.405329942703247,1.4048000574111938,1.4048000574111938
1785391320,1.4051599502563477,1.405269980430603,1.4047000408172607,1.4048999547958374
1785391380,1.405269980430603,1.4054299592971802,1.4048000574111938,1.4053699970245361
1785391440,1.405419945716858,1.4054499864578247,1.4048999547958374,1.4053599834442139
1785391500,1.4053200483322144,1.405400037765503,1.4048999547958374,1.4053499698638916
1785391560,1.4053499698638916,1.4054800271987915,1.4049999713897705,1.4050999879837036
1785391620,1.4050999879837036,1.4056299924850464,1.4050999879837036,1.4055700302124023
1785391680,1.40556001663208,1.4055999517440796,1.4049999713897705,1.405400037765503
1785391740,1.4053699970245361,1.4055299758911133,1.4049999713897705,1.4054399728775024
1785391800,1.4054900407791138,1.405500054359436,1.4049999713897705,1.4053800106048584
1785391860,1.405400037765503,1.4054700136184692,1.4048999547958374,1.405460000038147
1785391920,1.405419945716858,1.4055999517440796,1.4050999879837036,1.4055399894714355
1785391980,1.4055500030517578,1.405750036239624,1.4052000045776367,1.4056999683380127
1785392040,1.4056999683380127,1.4057899713516235,1.4053000211715698,1.4056400060653687
1785392100,1.4056400060653687,1.4056999683380127,1.4050999879837036,1.405460000038147
1785392160,1.405460000038147,1.40556001663208,1.4049999713897705,1.4054800271987915
1785392220,1.4054499864578247,1.4056099653244019,1.4050999879837036,1.405460000038147
1785392280,1.4055099487304688,1.4055299758911133,1.4049999713897705,1.405500054359436
1785392340,1.405500054359436,1.4056099653244019,1.4050999879837036,1.4055399894714355
1785392400,1.4055299758911133,1.4055999517440796,1.4050999879837036,1.4055399894714355
1785392460,1.4055399894714355,1.4055999517440796,1.4050999879837036,1.4055399894714355
1785392520,1.4055399894714355,1.4055999517440796,1.4050999879837036,1.4055299758911133
1785392580,1.4055999517440796,1.4057600498199463,1.4052000045776367,1.405709981918335
1785392640,1.4056999683380127,1.4058599472045898,1.405400037765503,1.405750036239624
1785392700,1.4057899713516235,1.405900001525879,1.405400037765503,1.4058400392532349
1785392760,1.4057999849319458,1.4058400392532349,1.4053000211715698,1.4057199954986572
1785392820,1.4057300090789795,1.4058400392532349,1.4053000211715698,1.4057999849319458
1785392880,1.4057999849319458,1.4058799743652344,1.405400037765503,1.4055999517440796
1785392940,1.405400037765503,1.405900001525879,1.405400037765503,1.4058899879455566
1785393000,1.4058500528335571,1.405900001525879,1.405500054359436,1.4058300256729126
1785393060,1.4058300256729126,1.405900001525879,1.405400037765503,1.4056999683380127
1785393120,1.4058400392532349,1.4059300422668457,1.405400037765503,1.4058200120925903
1785393180,1.4058200120925903,1.405869960784912,1.4052000045776367,1.4056400060653687
1785393240,1.4055999517440796,1.4057600498199463,1.4053000211715698,1.4056700468063354
1785393300,1.4056700468063354,1.4056999683380127,1.4050999879837036,1.4055800437927246
1785393360,1.4055399894714355,1.4056099653244019,1.4050999879837036,1.40556001663208
1785393420,1.40556001663208,1.4056199789047241,1.4050999879837036,1.4055099487304688
1785393480,1.4054700136184692,1.4055399894714355,1.4048999547958374,1.4049999713897705
1785393540,1.4052900075912476,1.4053800106048584,1.4048999547958374,1.4052799940109253
1785393600,1.4049999713897705,1.4054100513458252,1.4049999713897705,1.4053699970245361
1785393660,1.4050999879837036,1.4055399894714355,1.4049999713897705,1.405500054359436
1785393720,1.405500054359436,1.4056400060653687,1.4052000045776367,1.4056299924850464
1785393780,1.4053000211715698,1.4056400060653687,1.4050999879837036,1.405500054359436
1785393840,1.405500054359436,1.4055700302124023,1.4049999713897705,1.405519962310791
1785393900,1.4055299758911133,1.4055999517440796,1.4052000045776367,1.4055500030517578
1785393960,1.4055500030517578,1.4055800437927246,1.4048999547958374,1.4053699970245361
1785394020,1.4049999713897705,1.4054399728775024,1.4048999547958374,1.405269980430603
1785394080,1.4050999879837036,1.4053699970245361,1.4048999547958374,1.4053000211715698
1785394140,1.4052799940109253,1.4053399562835693,1.4048000574111938,1.4052499532699585
1785394200,1.4052499532699585,1.4053000211715698,1.4047000408172607,1.40516996383667
1785394260,1.40516996383667,1.4052499532699585,1.4048000574111938,1.4052000045776367
1785394320,1.4052000045776367,1.405269980430603,1.4048000574111938,1.4052000045776367
1785394380,1.4052000045776367,1.4053000211715698,1.4048999547958374,1.4051400423049927
1785394440,1.4051400423049927,1.405210018157959,1.4047000408172607,1.40516996383667
1785394500,1.40516996383667,1.4053000211715698,1.4048000574111938,1.4052200317382812
1785394560,1.4052599668502808,1.4053599834442139,1.4048000574111938,1.4049999713897705
1785394620,1.4053000211715698,1.4053399562835693,1.4048000574111938,1.4052300453186035
1785394680,1.4052300453186035,1.4053599834442139,1.4048999547958374,1.4053200483322144
1785394740,1.4053699970245361,1.4054700136184692,1.4048999547958374,1.405460000038147
1785394800,1.4054700136184692,1.405519962310791,1.4048999547958374,1.4049999713897705
1785394860,1.4049999713897705,1.4056600332260132,1.4049999713897705,1.4056199789047241
1785394920,1.4056600332260132,1.4060100317001343,1.4053000211715698,1.4056199789047241
1785394980,1.4056199789047241,1.405769944190979,1.4050999879837036,1.4053000211715698
1785395040,1.4055700302124023,1.4056299924850464,1.4049999713897705,1.405500054359436
1785395100,1.405500054359436,1.4056199789047241,1.4050999879837036,1.4055900573730469
1785395160,1.4053000211715698,1.4057300090789795,1.4050999879837036,1.4056400060653687
1785395220,1.405400037765503,1.4057300090789795,1.4052000045776367,1.4056700468063354
1785395280,1.4056700468063354,1.405769944190979,1.4052000045776367,1.405650019645691
1785395340,1.405400037765503,1.4056999683380127,1.4052000045776367,1.4056600332260132
1785395400,1.4056099653244019,1.4056999683380127,1.4053000211715698,1.4056700468063354
1785395460,1.4056099653244019,1.4059300422668457,1.4053000211715698,1.4058200120925903
1785395520,1.4058200120925903,1.4060100317001343,1.405400037765503,1.4059499502182007
1785395580,1.406000018119812,1.4061700105667114,1.4055999517440796,1.4061599969863892
1785395640,1.4061700105667114,1.4061700105667114,1.4055999517440796,1.4061199426651
1785395700,1.4061000347137451,1.4061800241470337,1.405500054359436,1.4059200286865234
1785395760,1.4059499502182007,1.4059900045394897,1.405500054359436,1.4059100151062012
1785395820,1.4059100151062012,1.406000018119812,1.405500054359436,1.4058799743652344
1785395880,1.4055999517440796,1.4059699773788452,1.405500054359436,1.405900001525879
1785395940,1.4059300422668457,1.406000018119812,1.4055999517440796,1.4059300422668457
1785396000,1.405940055847168,1.4059699773788452,1.405400037765503,1.4057999849319458
1785396060,1.4057999849319458,1.4058799743652344,1.405400037765503,1.405400037765503
1785396120,1.405709981918335,1.4058799743652344,1.4053000211715698,1.4055999517440796
1785396180,1.4057799577713013,1.405869960784912,1.405400037765503,1.4057400226593018
1785396240,1.4057400226593018,1.405900001525879,1.4053000211715698,1.4057999849319458
1785396300,1.405869960784912,1.4061199426651,1.405500054359436,1.4060800075531006
1785396360,1.4060499668121338,1.4061800241470337,1.4056999683380127,1.4061000347137451
1785396420,1.4061000347137451,1.4062999486923218,1.4056999683380127,1.406000018119812
1785396480,1.4062399864196777,1.4063999652862549,1.405900001525879,1.4063299894332886
1785396540,1.4063299894332886,1.4065799713134766,1.406000018119812,1.4064199924468994
1785396600,1.4064199924468994,1.4065200090408325,1.4061000347137451,1.4064199924468994
1785396660,1.4064600467681885,1.4065200090408325,1.405900001525879,1.4063199758529663
1785396720,1.4062999486923218,1.4067200422286987,1.406000018119812,1.4065699577331543
1785396780,1.4065699577331543,1.4066499471664429,1.4061000347137451,1.4066400527954102
1785396840,1.406599998474121,1.4066499471664429,1.4061000347137451,1.4062999486923218
1785396900,1.4065300226211548,1.4065799713134766,1.406000018119812,1.4065200090408325
1785396960,1.4065200090408325,1.4065799713134766,1.405900001525879,1.4062299728393555
1785397020,1.4062700271606445,1.406309962272644,1.4057999849319458,1.4062600135803223
1785397080,1.40625,1.4062999486923218,1.405900001525879,1.406209945678711
1785397140,1.406209945678711,1.4062600135803223,1.4056999683380127,1.4060499668121338
1785397200,1.4060699939727783,1.4061700105667114,1.4055999517440796,1.405900001525879
1785397260,1.4061100482940674,1.4062600135803223,1.4056999683380127,1.406190037727356
1785397320,1.406190037727356,1.4062800407409668,1.4057999849319458,1.4062299728393555
1785397380,1.4062299728393555,1.4063600301742554,1.405900001525879,1.406190037727356
1785397440,1.4061800241470337,1.406309962272644,1.4057999849319458,1.406000018119812
1785397500,1.4062700271606445,1.4062800407409668,1.4057999849319458,1.4062700271606445
1785397560,1.4062399864196777,1.406350016593933,1.405900001525879,1.4062199592590332
1785397620,1.4062299728393555,1.406309962272644,1.4057999849319458,1.4062199592590332
1785397680,1.4062199592590332,1.406309962272644,1.4057999849319458,1.4062999486923218
1785397740,1.406000018119812,1.4063700437545776,1.405900001525879,1.4063600301742554
1785397800,1.4063199758529663,1.4064500331878662,1.405900001525879,1.4062800407409668
1785397860,1.406309962272644,1.406559944152832,1.405900001525879,1.4065200090408325
1785397920,1.4065200090408325,1.4066699743270874,1.4061000347137451,1.4066200256347656
1785397980,1.406630039215088,1.406749963760376,1.4062000513076782,1.4066699743270874
1785398040,1.4066799879074097,1.406749963760376,1.4062000513076782,1.4067000150680542
1785398100,1.4067000150680542,1.4067800045013428,1.4062999486923218,1.4062999486923218
1785398160,1.406599998474121,1.4067200422286987,1.4061000347137451,1.4066799879074097
1785398220,1.4066799879074097,1.406790018081665,1.4062000513076782,1.406499981880188
1785398280,1.4066699743270874,1.4067100286483765,1.4062000513076782,1.4062000513076782
1785398340,1.4065899848937988,1.4066499471664429,1.4061000347137451,1.4062000513076782
1785398400,1.4065799713134766,1.4067599773406982,1.4062000513076782,1.4062999486923218
1785398460,1.4066799879074097,1.4066799879074097,1.4062999486923218,1.4062999486923218
1785398520,1.406630039215088,1.406630039215088,1.4061000347137451,1.4062000513076782
1785398580,1.4065200090408325,1.4065300226211548,1.406000018119812,1.4064500331878662
1785398640,1.4064500331878662,1.4065099954605103,1.406000018119812,1.4064500331878662
1785398700,1.4062000513076782,1.406499981880188,1.405900001525879,1.4063600301742554
1785398760,1.4063199758529663,1.4064199924468994,1.405900001525879,1.4063199758529663
1785398820,1.4063199758529663,1.406499981880188,1.406000018119812,1.4064199924468994
1785398880,1.4061000347137451,1.406599998474121,1.4061000347137451,1.4065099954605103
1785398940,1.4065099954605103,1.406599998474121,1.4062000513076782,1.4065799713134766
1785399000,1.406540036201477,1.406599998474121,1.405900001525879,1.4064199924468994
1785399060,1.4064300060272217,1.4066200256347656,1.4061000347137451,1.406540036201477
1785399120,1.4065899848937988,1.4065899848937988,1.4061000347137451,1.4064699411392212
1785399180,1.4065099954605103,1.4065099954605103,1.4057999849319458,1.4062600135803223
1785399240,1.4062199592590332,1.4063899517059326,1.405900001525879,1.4063400030136108
1785399300,1.4063199758529663,1.4063999652862549,1.4056999683380127,1.4061700105667114
1785399360,1.4061700105667114,1.4062199592590332,1.4057999849319458,1.4061199426651
1785399420,1.4061599969863892,1.4062299728393555,1.4057999849319458,1.406149983406067
1785399480,1.406149983406067,1.4062700271606445,1.4057999849319458,1.406190037727356
1785399540,1.4061399698257446,1.406190037727356,1.4055999517440796,1.406000018119812
1785399600,1.406000018119812,1.4060399532318115,1.405500054359436,1.405869960784912
1785399660,1.4058799743652344,1.405900001525879,1.405400037765503,1.4057999849319458
1785399720,1.4057799577713013,1.406000018119812,1.405500054359436,1.405940055847168
1785399780,1.4059699773788452,1.406000018119812,1.405500054359436,1.405869960784912
1785399840,1.405869960784912,1.4059799909591675,1.405500054359436,1.4055999517440796
1785399900,1.4059300422668457,1.4061199426651,1.4055999517440796,1.405959963798523
1785399960,1.405940055847168,1.406059980392456,1.405500054359436,1.405869960784912
1785400020,1.405869960784912,1.4060100317001343,1.405500054359436,1.4056999683380127
1785400080,1.4059300422668457,1.4059699773788452,1.405400037765503,1.405500054359436
1785400140,1.4057999849319458,1.405900001525879,1.405500054359436,1.405769944190979
1785400200,1.405769944190979,1.4059499502182007,1.405500054359436,1.405869960784912
1785400260,1.405869960784912,1.4058799743652344,1.4053000211715698,1.405709981918335
1785400320,1.4056999683380127,1.4059699773788452,1.405400037765503,1.4059699773788452
1785400380,1.4059200286865234,1.406059980392456,1.4055999517440796,1.4059300422668457
1785400440,1.4056999683380127,1.4059900045394897,1.405500054359436,1.405900001525879
1785400500,1.405900001525879,1.4059900045394897,1.405400037765503,1.405940055847168
1785400560,1.405940055847168,1.4060699939727783,1.4055999517440796,1.405959963798523
1785400620,1.4059699773788452,1.4061700105667114,1.4056999683380127,1.4061199426651
1785400680,1.4061199426651,1.4062999486923218,1.4057999849319458,1.4062199592590332
1785400740,1.4062199592590332,1.4062700271606445,1.4057999849319458,1.4061700105667114
1785400800,1.406190037727356,1.4062700271606445,1.405900001525879,1.4061399698257446
1785400860,1.4061000347137451,1.4062000513076782,1.4056999683380127,1.4059699773788452
1785400920,1.4059699773788452,1.4061000347137451,1.4055999517440796,1.4060499668121338
1785400980,1.4060499668121338,1.4060699939727783,1.4056999683380127,1.406000018119812
1785401040,1.406000018119812,1.4061100482940674,1.4055999517440796,1.4059200286865234
1785401100,1.4058799743652344,1.4058899879455566,1.4053000211715698,1.4058899879455566
1785401160,1.4058400392532349,1.4059100151062012,1.405400037765503,1.405400037765503
1785401220,1.405500054359436,1.4057600498199463,1.405400037765503,1.405709981918335
1785401280,1.4056700468063354,1.4058300256729126,1.405400037765503,1.405400037765503
1785401340,1.4056999683380127,1.405809998512268,1.405400037765503,1.405769944190979
1785401400,1.405769944190979,1.4058400392532349,1.4052000045776367,1.4056400060653687
1785401460,1.4056600332260132,1.4056600332260132,1.4053000211715698,1.4056600332260132
1785401520,1.4056199789047241,1.4057300090789795,1.4052000045776367,1.4056999683380127
1785401580,1.405500054359436,1.405709981918335,1.4053000211715698,1.4055900573730469
1785401640,1.4055900573730469,1.4056400060653687,1.4053000211715698,1.4053000211715698
1785401700,1.4056299924850464,1.4056299924850464,1.4050999879837036,1.4054299592971802
1785401760,1.4054299592971802,1.4055900573730469,1.4049999713897705,1.4053000211715698
1785401820,1.4055500030517578,1.4056799411773682,1.4050999879837036,1.4056799411773682
1785401880,1.4056700468063354,1.405709981918335,1.4052000045776367,1.405650019645691
1785401940,1.4056400060653687,1.4057999849319458,1.4053000211715698,1.4057199954986572
1785402000,1.4057600498199463,1.4057899713516235,1.4052000045776367,1.405500054359436
1785402060,1.405650019645691,1.4057400226593018,1.4053000211715698,1.4056400060653687
1785402120,1.4056400060653687,1.405809998512268,1.4053000211715698,1.4056799411773682
1785402180,1.4056299924850464,1.4057999849319458,1.4053000211715698,1.4056799411773682
1785402240,1.4056600332260132,1.4057400226593018,1.4052000045776367,1.4056299924850464
1785402300,1.4056799411773682,1.4056999683380127,1.4053000211715698,1.4056299924850464
1785402360,1.4056299924850464,1.4057999849319458,1.4053000211715698,1.4057300090789795
1785402420,1.4057300090789795,1.4057999849319458,1.4053000211715698,1.4056099653244019
1785402480,1.4056099653244019,1.4056999683380127,1.4050999879837036,1.4055500030517578
1785402540,1.405500054359436,1.4055500030517578,1.4049999713897705,1.405310034751892
1785402600,1.4053000211715698,1.405419945716858,1.4049999713897705,1.4054100513458252
1785402660,1.4052000045776367,1.4055500030517578,1.4050999879837036,1.4054100513458252
1785402720,1.4054100513458252,1.4054700136184692,1.4049999713897705,1.4053399562835693
1785402780,1.4053399562835693,1.4054100513458252,1.4049999713897705,1.405269980430603
1785402840,1.4052599668502808,1.4055900573730469,1.4049999713897705,1.4055099487304688
1785402900,1.405500054359436,1.4055800437927246,1.4050999879837036,1.4053000211715698
1785402960,1.4054299592971802,1.405500054359436,1.4050999879837036,1.4053900241851807
1785403020,1.4053900241851807,1.405500054359436,1.4050999879837036,1.4050999879837036
1785403080,1.4053599834442139,1.4054499864578247,1.4050999879837036,1.405419945716858
1785403140,1.405400037765503,1.4055099487304688,1.4050999879837036,1.405500054359436
1785403200,1.4054499864578247,1.4055299758911133,1.4049999713897705,1.4053599834442139
1785403260,1.4053499698638916,1.4054100513458252,1.4049999713897705,1.4053399562835693
1785403320,1.4053499698638916,1.4054700136184692,1.4050999879837036,1.4050999879837036
1785403380,1.4054100513458252,1.4054800271987915,1.4050999879837036,1.4053800106048584
1785403440,1.4053800106048584,1.4055099487304688,1.4050999879837036,1.4053000211715698
1785403500,1.4054499864578247,1.4055099487304688,1.4048999547958374,1.4052799940109253
1785403560,1.4052900075912476,1.4053000211715698,1.4048000574111938,1.4051899909973145
1785403620,1.4051899909973145,1.4053000211715698,1.4048000574111938,1.4052300453186035
1785403680,1.4052300453186035,1.4053200483322144,1.4048999547958374,1.4053000211715698
1785403740,1.405269980430603,1.4053000211715698,1.4047000408172607,1.4052200317382812
1785403800,1.4052200317382812,1.4053200483322144,1.4048000574111938,1.4052799940109253
1785403860,1.4052599668502808,1.4052900075912476,1.4047000408172607,1.405150055885315
1785403920,1.4051599502563477,1.4053000211715698,1.4048000574111938,1.4051899909973145
1785403980,1.4051400423049927,1.4053499698638916,1.4048999547958374,1.4053200483322144
1785404040,1.4052900075912476,1.4053499698638916,1.4048999547958374,1.4052599668502808
1785404100,1.4050999879837036,1.4053000211715698,1.4048000574111938,1.4052300453186035
1785404160,1.4049999713897705,1.4052900075912476,1.4047000408172607,1.405150055885315
1785404220,1.4051799774169922,1.405210018157959,1.4048000574111938,1.4051300287246704
1785404280,1.4051300287246704,1.4052400588989258,1.4048000574111938,1.4051899909973145
1785404340,1.4052000045776367,1.4052499532699585,1.4048000574111938,1.4051100015640259
1785404400,1.4051200151443481,1.405150055885315,1.4046000242233276,1.4049999713897705
1785404460,1.4050400257110596,1.4050999879837036,1.4047000408172607,1.4050400257110596
1785404520,1.4050899744033813,1.4050999879837036,1.4047000408172607,1.4050400257110596
1785404580,1.4050400257110596,1.4051100015640259,1.4047000408172607,1.4049700498580933
1785404640,1.4049500226974487,1.4051200151443481,1.4046000242233276,1.405079960823059
1785404700,1.405079960823059,1.405329942703247,1.4048000574111938,1.4052900075912476
1785404760,1.405269980430603,1.4053200483322144,1.4047000408172607,1.4050400257110596
1785404820,1.4050300121307373,1.4051100015640259,1.4046000242233276,1.405019998550415
1785404880,1.404979944229126,1.405019998550415,1.4045000076293945,1.4048800468444824
1785404940,1.4048700332641602,1.4049299955368042,1.4043999910354614,1.4047499895095825
1785405000,1.4047000408172607,1.404979944229126,1.4043999910354614,1.404960036277771
1785405060,1.404919981956482,1.404979944229126,1.4043999910354614,1.4048700332641602
1785405120,1.4048700332641602,1.4050400257110596,1.4045000076293945,1.4050400257110596
1785405180,1.4050400257110596,1.4051799774169922,1.4046000242233276,1.4051400423049927
1785405240,1.4051400423049927,1.405210018157959,1.4047000408172607,1.4047000408172607
1785405300,1.4050300121307373,1.4050999879837036,1.4047000408172607,1.404979944229126
1785405360,1.404979944229126,1.404979944229126,1.4042999744415283,1.404829978942871
1785405420,1.4048399925231934,1.4049299955368042,1.4045000076293945,1.4048899412155151
1785405480,1.4048399925231934,1.404979944229126,1.4043999910354614,1.4049400091171265
1785405540,1.4049299955368042,1.4049299955368042,1.4042999744415283,1.4047199487686157
1785405600,1.4047199487686157,1.4048000574111938,1.4042999744415283,1.404729962348938
1785405660,1.404729962348938,1.4048199653625488,1.4042999744415283,1.4047900438308716
1785405720,1.4047600030899048,1.4048399925231934,1.4042999744415283,1.4047900438308716
1785405780,1.4047399759292603,1.404829978942871,1.4043999910354614,1.4047800302505493
1785405840,1.4047800302505493,1.404979944229126,1.4045000076293945,1.404919981956482
1785405900,1.404919981956482,1.4050300121307373,1.4046000242233276,1.405019998550415
1785405960,1.4049899578094482,1.4050300121307373,1.4046000242233276,1.404960036277771
1785406020,1.4049999713897705,1.4051200151443481,1.4046000242233276,1.404960036277771
1785406080,1.404960036277771,1.405019998550415,1.4043999910354614,1.4048800468444824
1785406140,1.4048800468444824,1.4050400257110596,1.4045000076293945,1.404979944229126
1785406200,1.4049700498580933,1.4050400257110596,1.4043999910354614,1.4048899412155151
1785406260,1.4048399925231934,1.404919981956482,1.4042999744415283,1.4047900438308716
1785406320,1.4048000574111938,1.4048399925231934,1.4041999578475952,1.40447998046875
1785406380,1.40447998046875,1.4046200513839722,1.4040000438690186,1.4041999578475952
1785406440,1.4043899774551392,1.4044400453567505,1.4038000106811523,1.4042099714279175
1785406500,1.4042600393295288,1.4042600393295288,1.4036999940872192,1.4039000272750854
1785406560,1.4041600227355957,1.404170036315918,1.4032000303268433,1.403730034828186
1785406620,1.4036999940872192,1.4040600061416626,1.40339994430542,1.4040000438690186
1785406680,1.4039499759674072,1.4040600061416626,1.4035999774932861,1.403980016708374
1785406740,1.4036999940872192,1.404229998588562,1.4036999940872192,1.4042099714279175
1785406800,1.4042199850082397,1.4042999744415283,1.4038000106811523,1.4042500257492065
1785406860,1.404170036315918,1.404420018196106,1.4039000272750854,1.404360055923462
1785406920,1.4042999744415283,1.4044699668884277,1.4040000438690186,1.4042600393295288
1785406980,1.4040000438690186,1.404420018196106,1.4040000438690186,1.4043699502944946
1785407040,1.4044100046157837,1.4045100212097168,1.4040000438690186,1.404360055923462
1785407100,1.4043899774551392,1.4044400453567505,1.4038000106811523,1.404170036315918
1785407160,1.4042199850082397,1.404360055923462,1.4039000272750854,1.404360055923462
1785407220,1.404360055923462,1.4044100046157837,1.4039000272750854,1.4043200016021729
1785407280,1.4043699502944946,1.4044500589370728,1.4040000438690186,1.4043899774551392
1785407340,1.4043899774551392,1.4045100212097168,1.404099941253662,1.404099941253662
1785407400,1.404379963874817,1.404420018196106,1.4039000272750854,1.4043200016021729
1785407460,1.4043200016021729,1.4043999910354614,1.4038000106811523,1.4039000272750854
1785407520,1.4042799472808838,1.404360055923462,1.4039000272750854,1.4040000438690186
1785407580,1.404289960861206,1.4043300151824951,1.4039000272750854,1.4040000438690186
1785407640,1.404229998588562,1.4042999744415283,1.4039000272750854,1.4039000272750854
1785407700,1.4042199850082397,1.404270052909851,1.4039000272750854,1.4039000272750854
1785407760,1.404170036315918,1.4042600393295288,1.4039000272750854,1.4041999578475952
1785407820,1.404229998588562,1.4043200016021729,1.4039000272750854,1.404270052909851
1785407880,1.404099941253662,1.4044300317764282,1.4039000272750854,1.4043699502944946
1785407940,1.4041999578475952,1.4044699668884277,1.4040000438690186,1.4044300317764282
1785408000,1.4041999578475952,1.4045000076293945,1.4039000272750854,1.404189944267273
1785408060,1.4041999578475952,1.4043200016021729,1.4038000106811523,1.4042400121688843
1785408120,1.404099941253662,1.4043500423431396,1.4039000272750854,1.4042799472808838
1785408180,1.404099941253662,1.4043300151824951,1.4035999774932861,1.4040299654006958
1785408240,1.4036999940872192,1.4040800333023071,1.403499960899353,1.4039700031280518
1785408300,1.403980016708374,1.4041199684143066,1.4035999774932861,1.4040700197219849
1785408360,1.4040499925613403,1.4041199684143066,1.40339994430542,1.403880000114441
1785408420,1.403880000114441,1.403939962387085,1.403499960899353,1.403880000114441
1785408480,1.403880000114441,1.403980016708374,1.4035999774932861,1.403880000114441
1785408540,1.403880000114441,1.404039978981018,1.4035999774932861,1.4040000438690186
1785408600,1.4040000438690186,1.404270052909851,1.4036999940872192,1.4040000438690186
1785408660,1.4042199850082397,1.404379963874817,1.4039000272750854,1.4040000438690186
1785408720,1.4043200016021729,1.4044400453567505,1.4040000438690186,1.4043500423431396
1785408780,1.404099941253662,1.4044300317764282,1.4040000438690186,1.404360055923462
1785408840,1.404099941253662,1.4044300317764282,1.4040000438690186,1.4044100046157837
1785408900,1.404099941253662,1.4044699668884277,1.4040000438690186,1.4043699502944946
1785408960,1.4043899774551392,1.4044300317764282,1.4038000106811523,1.4043200016021729
1785409020,1.404099941253662,1.4043999910354614,1.4039000272750854,1.4041999578475952
1785409080,1.4040000438690186,1.404379963874817,1.4038000106811523,1.4042600393295288
1785409140,1.4040000438690186,1.4043899774551392,1.4039000272750854,1.4043500423431396
1785409200,1.4043899774551392,1.4044500589370728,1.4036999940872192,1.4041500091552734
1785409260,1.4039000272750854,1.4041999578475952,1.403499960899353,1.4039499759674072
1785409320,1.4039599895477295,1.404099941253662,1.4035999774932861,1.4039700031280518
1785409380,1.4039700031280518,1.404039978981018,1.403499960899353,1.403939962387085
1785409440,1.4039000272750854,1.4039499759674072,1.40339994430542,1.40392005443573
1785409500,1.403880000114441,1.4040000438690186,1.403499960899353,1.4039700031280518
1785409560,1.4039499759674072,1.4041999578475952,1.4035999774932861,1.4040900468826294
1785409620,1.404129981994629,1.4042999744415283,1.4038000106811523,1.4041999578475952
1785409680,1.4041999578475952,1.4043400287628174,1.4039000272750854,1.404189944267273
1785409740,1.4042400121688843,1.4042500257492065,1.4038000106811523,1.404170036315918
1785409800,1.404170036315918,1.4043099880218506,1.4038000106811523,1.4042600393295288
1785409860,1.4042500257492065,1.4042999744415283,1.4036999940872192,1.4042400121688843
1785409920,1.4042400121688843,1.4042999744415283,1.4039000272750854,1.404229998588562
1785409980,1.404229998588562,1.4043500423431396,1.4039000272750854,1.404270052909851
1785410040,1.404270052909851,1.4044400453567505,1.4040000438690186,1.4043899774551392
1785410100,1.404379963874817,1.40447998046875,1.4040000438690186,1.4040000438690186
1785410160,1.4043500423431396,1.4044300317764282,1.4040000438690186,1.404360055923462
1785410220,1.404360055923462,1.404520034790039,1.4040000438690186,1.4044699668884277
1785410280,1.404520034790039,1.404539942741394,1.404099941253662,1.4042999744415283
1785410340,1.4044500589370728,1.40461003780365,1.404099941253662,1.4043999910354614
1785410400,1.404579997062683,1.4047199487686157,1.4041999578475952,1.4047000408172607
1785410460,1.4046599864959717,1.4049500226974487,1.4043999910354614,1.4048800468444824
1785410520,1.4048899412155151,1.4049400091171265,1.4043999910354614,1.4048899412155151
1785410580,1.4048800468444824,1.4049299955368042,1.4043999910354614,1.4047499895095825
1785410640,1.4047499895095825,1.405019998550415,1.4045000076293945,1.4048999547958374
1785410700,1.4046000242233276,1.405019998550415,1.4046000242233276,1.4049299955368042
1785410760,1.4049299955368042,1.404979944229126,1.4045000076293945,1.4048500061035156
1785410820,1.4048500061035156,1.404919981956482,1.4045000076293945,1.4048399925231934
1785410880,1.404860019683838,1.4049099683761597,1.4045000076293945,1.4048999547958374
1785410940,1.4048700332641602,1.4048999547958374,1.4042999744415283,1.404710054397583
1785411000,1.404670000076294,1.4047900438308716,1.4041999578475952,1.4047000408172607
1785411060,1.4046399593353271,1.404729962348938,1.4042999744415283,1.4046499729156494
1785411120,1.4046900272369385,1.404770016670227,1.4042999744415283,1.4046800136566162
1785411180,1.4047199487686157,1.404770016670227,1.404099941253662,1.4042999744415283
1785411240,1.4045699834823608,1.4047499895095825,1.4041999578475952,1.4047000408172607
1785411300,1.4047000408172607,1.4047199487686157,1.4042999744415283,1.4045499563217163
1785411360,1.4045499563217163,1.4046299457550049,1.404099941253662,1.4044899940490723
1785411420,1.4045300483703613,1.4046599864959717,1.404099941253662,1.40461003780365
1785411480,1.4046599864959717,1.4047000408172607,1.4042999744415283,1.4046900272369385
1785411540,1.4047000408172607,1.4047199487686157,1.4042999744415283,1.4046299457550049
1785411600,1.4046299457550049,1.4048399925231934,1.4042999744415283,1.4047900438308716
1785411660,1.4047900438308716,1.404860019683838,1.4043999910354614,1.4047199487686157
1785411720,1.404729962348938,1.4048999547958374,1.4043999910354614,1.4048899412155151
1785411780,1.4048399925231934,1.4049899578094482,1.4045000076293945,1.4047000408172607
1785411840,1.404919981956482,1.405150055885315,1.4046000242233276,1.4048000574111938
1785411900,1.4050999879837036,1.4051599502563477,1.4047000408172607,1.4050699472427368
1785411960,1.405060052871704,1.4050999879837036,1.4047000408172607,1.4050300121307373
1785412020,1.4050300121307373,1.4051599502563477,1.4047000408172607,1.4049700498580933
1785412080,1.4049700498580933,1.4050400257110596,1.4045000076293945,1.4048800468444824
1785412140,1.4048500061035156,1.4048999547958374,1.4043999910354614,1.4048399925231934
1785412200,1.4048500061035156,1.4048899412155151,1.4043999910354614,1.4047499895095825
1785412260,1.4047499895095825,1.4048700332641602,1.4041999578475952,1.4046000242233276
1785412320,1.4046000242233276,1.4046599864959717,1.404099941253662,1.404539942741394
1785412380,1.404539942741394,1.4046599864959717,1.4041999578475952,1.4041999578475952
1785412440,1.4045000076293945,1.4045499563217163,1.4040000438690186,1.4044500589370728
1785412500,1.4043999910354614,1.4046000242233276,1.404099941253662,1.404579997062683
1785412560,1.404539942741394,1.40461003780365,1.4041999578475952,1.4045499563217163
1785412620,1.404539942741394,1.4046000242233276,1.404099941253662,1.4044899940490723
1785412680,1.40447998046875,1.4045100212097168,1.4040000438690186,1.4044400453567505
1785412740,1.4044500589370728,1.4044599533081055,1.4039000272750854,1.4042500257492065
1785412800,1.4042500257492065,1.404289960861206,1.4035999774932861,1.4040800333023071
1785412860,1.404039978981018,1.4041999578475952,1.4036999940872192,1.4039599895477295
1785412920,1.4039499759674072,1.4040000438690186,1.4035999774932861,1.4039499759674072
1785412980,1.4039499759674072,1.404289960861206,1.4035999774932861,1.404170036315918
1785413040,1.404170036315918,1.4043400287628174,1.4039000272750854,1.404229998588562
1785413100,1.404270052909851,1.4043400287628174,1.4039000272750854,1.4042500257492065
1785413160,1.4042500257492065,1.4042999744415283,1.4039000272750854,1.404289960861206
1785413220,1.4042500257492065,1.4043999910354614,1.4039000272750854,1.4040000438690186
1785413280,1.4043300151824951,1.4043999910354614,1.4040000438690186,1.4043400287628174
1785413340,1.4043400287628174,1.404539942741394,1.4038000106811523,1.4041999578475952
1785413400,1.404539942741394,1.404539942741394,1.4040000438690186,1.404420018196106
1785413460,1.4044300317764282,1.4044599533081055,1.4039000272750854,1.4043400287628174
1785413520,1.4043400287628174,1.4043999910354614,1.4035999774932861,1.4040000438690186
1785413580,1.4040199518203735,1.4040800333023071,1.403499960899353,1.4037799835205078
1785413640,1.4037799835205078,1.403880000114441,1.40339994430542,1.4038200378417969
1785413700,1.4037699699401855,1.40392005443573,1.4033000469207764,1.403749942779541
1785413760,1.4037599563598633,1.403980016708374,1.403499960899353,1.4039299488067627
1785413820,1.403939962387085,1.4041399955749512,1.4035999774932861,1.4040299654006958
1785413880,1.4039900302886963,1.4041999578475952,1.4036999940872192,1.4041199684143066
1785413940,1.4041399955749512,1.4042099714279175,1.4035999774932861,1.404099941253662
1785414000,1.4040900468826294,1.4041600227355957,1.4035999774932861,1.4041199684143066
1785414060,1.4041600227355957,1.4043200016021729,1.4036999940872192,1.404289960861206
1785414120,1.4042500257492065,1.4043099880218506,1.4038000106811523,1.4042500257492065
1785414180,1.4042600393295288,1.4043099880218506,1.4038000106811523,1.404189944267273
1785414240,1.404189944267273,1.4043300151824951,1.4039000272750854,1.4042799472808838
1785414300,1.4042400121688843,1.4042999744415283,1.403499960899353,1.4039499759674072
1785414360,1.4039499759674072,1.4040000438690186,1.40339994430542,1.40378999710083
1785414420,1.4038000106811523,1.4039499759674072,1.4033000469207764,1.4039000272750854
1785414480,1.403880000114441,1.4041199684143066,1.4035999774932861,1.404039978981018
1785414540,1.404039978981018,1.4041800498962402,1.4035999774932861,1.4040299654006958
1785414600,1.4041099548339844,1.4043099880218506,1.40339994430542,1.4042500257492065
1785414660,1.4042500257492065,1.4047499895095825,1.4039000272750854,1.40461003780365
1785414720,1.40461003780365,1.4049400091171265,1.4042999744415283,1.4047800302505493
1785414780,1.4047399759292603,1.404829978942871,1.4042999744415283,1.4048199653625488
1785414840,1.404770016670227,1.4048700332641602,1.4041999578475952,1.4046900272369385
1785414900,1.4046399593353271,1.404829978942871,1.4041999578475952,1.4044899940490723
1785414960,1.4044400453567505,1.4045100212097168,1.4039000272750854,1.4039000272750854
1785415020,1.404270052909851,1.4043500423431396,1.4039000272750854,1.4042799472808838
1785415080,1.4042400121688843,1.4043500423431396,1.4039000272750854,1.4042099714279175
1785415140,1.4039000272750854,1.4043999910354614,1.4038000106811523,1.4041600227355957
1785415200,1.4039000272750854,1.4044500589370728,1.4039000272750854,1.4044100046157837
1785415260,1.4044100046157837,1.4044500589370728,1.4039000272750854,1.4043899774551392
1785415320,1.4043500423431396,1.4045900106430054,1.4039000272750854,1.4045699834823608
1785415380,1.4045300483703613,1.4047800302505493,1.404099941253662,1.4045599699020386
1785415440,1.404520034790039,1.4046000242233276,1.4039000272750854,1.4045100212097168
1785415500,1.4044699668884277,1.4048500061035156,1.4041999578475952,1.4048500061035156
1785415560,1.4047800302505493,1.4049299955368042,1.4042999744415283,1.404919981956482
1785415620,1.404919981956482,1.4050899744033813,1.4045000076293945,1.405019998550415
1785415680,1.4050500392913818,1.4051300287246704,1.4046000242233276,1.4050699472427368
1785415740,1.405079960823059,1.405269980430603,1.4046000242233276,1.405019998550415
1785415800,1.405019998550415,1.405060052871704,1.4046000242233276,1.4050099849700928
1785415860,1.4049999713897705,1.4052000045776367,1.4046000242233276,1.40516996383667
1785415920,1.4052000045776367,1.4053699970245361,1.4047000408172607,1.4052599668502808
1785415980,1.405269980430603,1.4055099487304688,1.4048999547958374,1.4054499864578247
1785416040,1.405460000038147,1.405500054359436,1.4048999547958374,1.4054499864578247
1785416100,1.405400037765503,1.4055500030517578,1.4049999713897705,1.4054399728775024
1785416160,1.405419945716858,1.4055399894714355,1.4049999713897705,1.4049999713897705
1785416220,1.4053800106048584,1.4054700136184692,1.4048999547958374,1.405460000038147
1785416280,1.405419945716858,1.4055299758911133,1.4049999713897705,1.4052000045776367
1785416340,1.4054499864578247,1.4055700302124023,1.4050999879837036,1.405519962310791
1785416400,1.4052000045776367,1.4055900573730469,1.4050999879837036,1.405500054359436
1785416460,1.405460000038147,1.4058899879455566,1.4052000045776367,1.4058400392532349
1785416520,1.4058400392532349,1.4058799743652344,1.4052000045776367,1.4056799411773682
1785416580,1.4056700468063354,1.4056999683380127,1.4049999713897705,1.4049999713897705
1785416640,1.4053499698638916,1.4055700302124023,1.4048999547958374,1.405329942703247
1785416700,1.405329942703247,1.4053699970245361,1.4046000242233276,1.4051799774169922
1785416760,1.40516996383667,1.4053800106048584,1.4048999547958374,1.4050999879837036
1785416820,1.4052900075912476,1.405460000038147,1.4048000574111938,1.4052200317382812
1785416880,1.40516996383667,1.4056700468063354,1.4048999547958374,1.4055999517440796
1785416940,1.4056400060653687,1.4056899547576904,1.4048000574111938,1.405400037765503
1785417000,1.4054100513458252,1.405500054359436,1.4049999713897705,1.4052400588989258
1785417060,1.405269980430603,1.4053699970245361,1.4047000408172607,1.40516996383667
1785417120,1.4052000045776367,1.4052300453186035,1.4047000408172607,1.4050500392913818
1785417180,1.4050999879837036,1.40516996383667,1.4046000242233276,1.4050699472427368
1785417240,1.405079960823059,1.4051899909973145,1.4046000242233276,1.4050999879837036
1785417300,1.4051400423049927,1.4052900075912476,1.4046000242233276,1.4049999713897705
1785417360,1.4049999713897705,1.4051100015640259,1.4043999910354614,1.4047900438308716
1785417420,1.4048399925231934,1.4048999547958374,1.4042999744415283,1.4043999910354614
1785417480,1.4047499895095825,1.4047800302505493,1.404099941253662,1.4044599533081055
1785417540,1.4044699668884277,1.4047800302505493,1.404099941253662,1.404729962348938
1785417600,1.4043999910354614,1.404860019683838,1.4043999910354614,1.4048000574111938
1785417660,1.4045000076293945,1.4048700332641602,1.404099941253662,1.404520034790039
1785417720,1.40461003780365,1.4046499729156494,1.404099941253662,1.4043999910354614
1785417780,1.4043999910354614,1.4047199487686157,1.4041999578475952,1.404579997062683
1785417840,1.4045300483703613,1.404579997062683,1.404099941253662,1.404360055923462
1785417900,1.404360055923462,1.404420018196106,1.4042400121688843,1.404360055923462
1785417960,1.404360055923462,1.4048500061035156,1.4043500423431396,1.404729962348938
1785418020,1.4047600030899048,1.404770016670227,1.404420018196106,1.4046299457550049
1785418080,1.4046200513839722,1.4047199487686157,1.404539942741394,1.4046599864959717
1785418140,1.4047000408172607,1.4048000574111938,1.4042999744415283,1.4045900106430054
1785418200,1.4046200513839722,1.4048199653625488,1.4042999744415283,1.4045699834823608
1785418260,1.40461003780365,1.4048399925231934,1.4041999578475952,1.4047199487686157
1785418320,1.4047499895095825,1.404829978942871,1.404099941253662,1.4044400453567505
1785418380,1.40447998046875,1.4044899940490723,1.4038000106811523,1.404270052909851
1785418440,1.4042500257492065,1.4045900106430054,1.4039000272750854,1.4045699834823608
1785418500,1.4046000242233276,1.4047499895095825,1.4040000438690186,1.4044599533081055
1785418560,1.4044599533081055,1.4044699668884277,1.403499960899353,1.4040900468826294
1785418620,1.404129981994629,1.4041999578475952,1.40339994430542,1.4037599563598633
1785418680,1.4038000106811523,1.4038499593734741,1.4031000137329102,1.4035600423812866
1785418740,1.4035600423812866,1.4038200378417969,1.4032000303268433,1.4036500453948975
1785418800,1.4035799503326416,1.4040000438690186,1.402999997138977,1.4033900499343872
1785418860,1.4034500122070312,1.4035799503326416,1.4027999639511108,1.4033399820327759
1785418920,1.4033900499343872,1.4034199714660645,1.402500033378601,1.4028899669647217
1785418980,1.4029200077056885,1.4030200242996216,1.4020999670028687,1.4025399684906006
1785419040,1.4024800062179565,1.4026600122451782,1.401900053024292,1.402590036392212
1785419100,1.402590036392212,1.4029099941253662,1.4020999670028687,1.4028400182724
1785419160,1.4028400182724,1.4030699729919434,1.4021999835968018,1.4026299715042114
1785419220,1.4026700258255005,1.402809977531433,1.4021999835968018,1.4026700258255005
1785419280,1.4026600122451782,1.4027299880981445,1.4020999670028687,1.4023000001907349
1785419340,1.4023900032043457,1.4029099941253662,1.4019999504089355,1.4021999835968018
1785419400,1.4027600288391113,1.4031599760055542,1.4021999835968018,1.4031599760055542
1785419460,1.4026999473571777,1.403380036354065,1.402400016784668,1.402940034866333
1785419520,1.4026999473571777,1.4031100273132324,1.402400016784668,1.402690052986145
1785419580,1.4027299880981445,1.402899980545044,1.4021999835968018,1.4027099609375
1785419640,1.4027299880981445,1.4027700424194336,1.4023000001907349,1.4025800228118896
1785419700,1.4026199579238892,1.4026199579238892,1.4013999700546265,1.4020500183105469
1785419760,1.4020800590515137,1.402250051498413,1.4014999866485596,1.4014999866485596
1785419820,1.401710033416748,1.401900053024292,1.4011000394821167,1.4015699625015259
1785419880,1.4015799760818481,1.4017000198364258,1.4009000062942505,1.401170015335083
1785419940,1.401170015335083,1.4013999700546265,1.4005000591278076,1.4010100364685059
1785420000,1.400979995727539,1.4011800289154053,1.4000999927520752,1.4004900455474854
1785420060,1.4005299806594849,1.4011199474334717,1.4002000093460083,1.40106999874115
1785420120,1.400979995727539,1.401110053062439,1.399999976158142,1.400339961051941
1785420180,1.4003499746322632,1.4006999731063843,1.399899959564209,1.4005600214004517
1785420240,1.4005399942398071,1.4008100032806396,1.4000999927520752,1.4007899761199951
1785420300,1.4006999731063843,1.4008599519729614,1.4002000093460083,1.4007200002670288
1785420360,1.4006400108337402,1.4013299942016602,1.4003000259399414,1.401319980621338
1785420420,1.4012700319290161,1.4014500379562378,1.4007999897003174,1.4013999700546265
1785420480,1.4013500213623047,1.401919960975647,1.4010000228881836,1.4018199443817139
1785420540,1.4018800258636475,1.401900053024292,1.4011000394821167,1.4014699459075928
1785420600,1.4015100002288818,1.4015699625015259,1.4009000062942505,1.4013299942016602
1785420660,1.4014099836349487,1.4015799760818481,1.4005999565124512,1.401039958000183
1785420720,1.4010000228881836,1.4016300439834595,1.4006999731063843,1.4012399911880493
1785420780,1.4012700319290161,1.4016599655151367,1.4009000062942505,1.4012800455093384
1785420840,1.4012399911880493,1.401379942893982,1.4007999897003174,1.4011600017547607
1785420900,1.4011399745941162,1.401229977607727,1.4005000591278076,1.4005999565124512
1785420960,1.4008899927139282,1.4009599685668945,1.4003000259399414,1.4009499549865723
1785421020,1.4009900093078613,1.4012600183486938,1.4005000591278076,1.40106999874115
1785421080,1.4010800123214722,1.4016300439834595,1.4007999897003174,1.401379942893982
1785421140,1.4014300107955933,1.4015100002288818,1.4005999565124512,1.4011600017547607
1785421200,1.4011600017547607,1.4013500213623047,1.4006999731063843,1.4012900590896606
1785421260,1.4012999534606934,1.4014899730682373,1.4009000062942505,1.4011800289154053
1785421320,1.4012199640274048,1.401379942893982,1.4006999731063843,1.4012999534606934
1785421380,1.4012900590896606,1.401419997215271,1.4006999731063843,1.401419997215271
1785421440,1.401319980621338,1.4018399715423584,1.4009000062942505,1.4017499685287476
1785421500,1.4018000364303589,1.4019700288772583,1.4014999866485596,1.401900053024292
1785421560,1.4019399881362915,1.4020299911499023,1.4014999866485596,1.4016000032424927
1785421620,1.4019299745559692,1.4020299911499023,1.4013999700546265,1.4016000032424927
1785421680,1.4019500017166138,1.4022599458694458,1.4017000198364258,1.401900053024292
1785421740,1.4021199941635132,1.4022400379180908,1.4018000364303589,1.402109980583191
1785421800,1.402109980583191,1.4022599458694458,1.4017000198364258,1.4021400213241577
1785421860,1.4020999670028687,1.40215003490448,1.4014999866485596,1.4017599821090698
1785421920,1.4017599821090698,1.401960015296936,1.4013999700546265,1.4018900394439697
1785421980,1.4019299745559692,1.4019399881362915,1.4010000228881836,1.401729941368103
1785422040,1.4017200469970703,1.401919960975647,1.4012000560760498,1.4013999700546265
1785422100,1.4017200469970703,1.401769995689392,1.4010000228881836,1.401479959487915
1785422160,1.401520013809204,1.401550054550171,1.4009000062942505,1.4014300107955933
1785422220,1.4014099836349487,1.402109980583191,1.4011000394821167,1.4020500183105469
1785422280,1.4020400047302246,1.4021199941635132,1.4014999866485596,1.4017000198364258
1785422340,1.4020400047302246,1.402359962463379,1.4017000198364258,1.4021899700164795
1785422400,1.402209997177124,1.4023799896240234,1.4017000198364258,1.4023100137710571
1785422460,1.4020999670028687,1.4026399850845337,1.4019999504089355,1.4024200439453125
1785422520,1.4023799896240234,1.402500033378601,1.4019999504089355,1.4024200439453125
1785422580,1.402459979057312,1.402459979057312,1.4018000364303589,1.402209997177124
1785422640,1.402250051498413,1.4024100303649902,1.4016000032424927,1.4019700288772583
1785422700,1.4020099639892578,1.4022400379180908,1.4016000032424927,1.4021899700164795
1785422760,1.4021899700164795,1.4023000001907349,1.4018000364303589,1.402209997177124
1785422820,1.4021899700164795,1.4023300409317017,1.4018000364303589,1.402269959449768
1785422880,1.4022599458694458,1.4023100137710571,1.4017000198364258,1.402209997177124
1785422940,1.402209997177124,1.4023200273513794,1.4017000198364258,1.4017000198364258
1785423000,1.4020999670028687,1.4022300243377686,1.4017000198364258,1.4021199941635132
1785423060,1.4021600484848022,1.4022799730300903,1.4017000198364258,1.401900053024292
1785423120,1.402250051498413,1.402269959449768,1.4014999866485596,1.4014999866485596
1785423180,1.4017900228500366,1.401859998703003,1.4011000394821167,1.4013500213623047
1785423240,1.4010000228881836,1.401669979095459,1.4007999897003174,1.4016400575637817
1785423300,1.401669979095459,1.4018299579620361,1.4012999534606934,1.4017499685287476
1785423360,1.4017399549484253,1.401900053024292,1.4012000560760498,1.4015300273895264
1785423420,1.4014999866485596,1.4016599655151367,1.4011000394821167,1.4014999866485596
1785423480,1.4015300273895264,1.401729941368103,1.4011000394821167,1.4017200469970703
1785423540,1.4016799926757812,1.401859998703003,1.4013999700546265,1.4017399549484253
1785423600,1.4018000364303589,1.4018499851226807,1.4013999700546265,1.4017000198364258
1785423660,1.4016599655151367,1.4017000198364258,1.4012000560760498,1.4016000032424927
1785423720,1.401610016822815,1.4017000198364258,1.4010000228881836,1.4015300273895264
1785423780,1.4015899896621704,1.4019500017166138,1.4012000560760498,1.4018000364303589
1785423840,1.4018000364303589,1.401960015296936,1.4014999866485596,1.4019399881362915
1785423900,1.401900053024292,1.4020400047302246,1.4014999866485596,1.4017900228500366
1785423960,1.4018399715423584,1.401900053024292,1.4013999700546265,1.4018900394439697
1785424020,1.4019099473953247,1.4019500017166138,1.4015699625015259,1.4015699625015259
1785424080,1.4015699625015259,1.4016799926757812,1.4011499881744385,1.4012500047683716
1785424140,1.4012399911880493,1.4016200304031372,1.4012000560760498,1.4015799760818481
1785424200,1.401610016822815,1.4018399715423584,1.4012999534606934,1.4018000364303589
1785424260,1.4017800092697144,1.401859998703003,1.4013999700546265,1.4018000364303589
1785424320,1.4018000364303589,1.4021199941635132,1.4014999866485596,1.4019999504089355
1785424380,1.4019900560379028,1.4021999835968018,1.4017000198364258,1.4021300077438354
1785424440,1.4020899534225464,1.40215003490448,1.4014999866485596,1.4018000364303589
1785424500,1.4018499851226807,1.401960015296936,1.4012999534606934,1.401769995689392
1785424560,1.4017200469970703,1.4019800424575806,1.4013999700546265,1.4018800258636475
1785424620,1.401919960975647,1.4019399881362915,1.4013999700546265,1.4018499851226807
1785424680,1.4018499851226807,1.4018499851226807,1.4012000560760498,1.4016000032424927
1785424740,1.4015899896621704,1.401669979095459,1.4011000394821167,1.4012999534606934
1785424800,1.4016499519348145,1.401710033416748,1.4012000560760498,1.401669979095459
1785424860,1.4016200304031372,1.4017800092697144,1.4012999534606934,1.4016599655151367
1785424920,1.4016599655151367,1.4016799926757812,1.4012999534606934,1.4016400575637817
1785424980,1.4016400575637817,1.401729941368103,1.4012999534606934,1.4016300439834595
1785425040,1.4016300439834595,1.4018100500106812,1.4012999534606934,1.4018000364303589
1785425100,1.401769995689392,1.4019299745559692,1.4013999700546265,1.4017599821090698
1785425160,1.4017599821090698,1.401859998703003,1.4012000560760498,1.4015300273895264
1785425220,1.4014899730682373,1.4015899896621704,1.4010000228881836,1.4014899730682373
1785425280,1.4014500379562378,1.401520013809204,1.4010000228881836,1.4013400077819824
1785425340,1.4013400077819824,1.4013500213623047,1.4009000062942505,1.401170015335083
1785425400,1.401170015335083,1.4012700319290161,1.4007999897003174,1.4011000394821167
1785425460,1.4011399745941162,1.4012600183486938,1.4006999731063843,1.4011000394821167
1785425520,1.401129961013794,1.4011399745941162,1.4005000591278076,1.4008599519729614
1785425580,1.4008599519729614,1.4008699655532837,1.4004000425338745,1.4007200002670288
1785425640,1.4007600545883179,1.4007799625396729,1.4000999927520752,1.4004900455474854
1785425700,1.4005299806594849,1.4006799459457397,1.4002000093460083,1.400629997253418
1785425760,1.4006600379943848,1.4007099866867065,1.4002000093460083,1.4005999565124512
1785425820,1.400589942932129,1.400820016860962,1.4003000259399414,1.400730013847351
1785425880,1.4007699489593506,1.4008899927139282,1.4004000425338745,1.4008100032806396
1785425940,1.400820016860962,1.4009300470352173,1.4005000591278076,1.4009000062942505
1785426000,1.4008899927139282,1.4009900093078613,1.4005999565124512,1.4009300470352173
1785426060,1.4009300470352173,1.401039958000183,1.4005000591278076,1.4007799625396729
1785426120,1.4007799625396729,1.4008599519729614,1.4003000259399414,1.4007699489593506
1785426180,1.4007799625396729,1.400820016860962,1.4004000425338745,1.4005000591278076
1785426240,1.4007600545883179,1.4008899927139282,1.4004000425338745,1.4008500576019287
1785426300,1.4008100032806396,1.4010100364685059,1.4004000425338745,1.4009000062942505
1785426360,1.40093994140625,1.4010000228881836,1.4005000591278076,1.4007699489593506
1785426420,1.4007799625396729,1.400820016860962,1.4004000425338745,1.4006999731063843
1785426480,1.4007400274276733,1.400820016860962,1.4004000425338745,1.400670051574707
1785426540,1.4006600379943848,1.4006999731063843,1.4002000093460083,1.4005199670791626
1785426600,1.400480031967163,1.400689959526062,1.4002000093460083,1.4005299806594849
1785426660,1.4005800485610962,1.4006500244140625,1.399899959564209,1.400320053100586
1785426720,1.4002699851989746,1.4005099534988403,1.399899959564209,1.4003000259399414
1785426780,1.4004600048065186,1.4005500078201294,1.399999976158142,1.4002000093460083
1785426840,1.400439977645874,1.4004700183868408,1.399999976158142,1.400339961051941
1785426900,1.40038001537323,1.40038001537323,1.3997999429702759,1.400189995765686
1785426960,1.400149941444397,1.4002599716186523,1.3997999429702759,1.4001699686050415
1785427020,1.4001200199127197,1.4003700017929077,1.3997999429702759,1.399999976158142
1785427080,1.400320053100586,1.4004499912261963,1.399999976158142,1.4004499912261963
1785427140,1.4004199504852295,1.4004499912261963,1.399999976158142,1.4003900289535522
1785427200,1.4003299474716187,1.4004000425338745,1.3997999429702759,1.399899959564209
1785427260,1.4001400470733643,1.4002200365066528,1.3997000455856323,1.4000500440597534
1785427320,1.400089979171753,1.4002200365066528,1.3997999429702759,1.4001699686050415
1785427380,1.400189995765686,1.4002100229263306,1.3996000289916992,1.4000200033187866
1785427440,1.3997000455856323,1.4000799655914307,1.3995000123977661,1.3999899625778198
1785427500,1.3999899625778198,1.4002699851989746,1.3997000455856323,1.4002100229263306
1785427560,1.4002100229263306,1.4003499746322632,1.399899959564209,1.4002599716186523
1785427620,1.4002200365066528,1.4003299474716187,1.399899959564209,1.4002100229263306
1785427680,1.4002100229263306,1.4002699851989746,1.3997999429702759,1.4002000093460083
1785427740,1.4002000093460083,1.4002799987792969,1.3997000455856323,1.4000500440597534
1785427800,1.4000799655914307,1.4003499746322632,1.3997999429702759,1.4003100395202637
1785427860,1.400339961051941,1.4004000425338745,1.399899959564209,1.4002000093460083
1785427920,1.4002399444580078,1.4004100561141968,1.399899959564209,1.400320053100586
1785427980,1.4003499746322632,1.4004499912261963,1.399999976158142,1.4003700017929077
1785428040,1.4003700017929077,1.4004600048065186,1.399999976158142,1.40038001537323
1785428100,1.400339961051941,1.4005299806594849,1.399999976158142,1.4002699851989746
1785428160,1.4002699851989746,1.4004000425338745,1.399899959564209,1.4003299474716187
1785428220,1.4003700017929077,1.4003900289535522,1.399999976158142,1.400320053100586
1785428280,1.4003499746322632,1.4004000425338745,1.399999976158142,1.4002900123596191
1785428340,1.4002900123596191,1.40038001537323,1.3997000455856323,1.3997999429702759
1785428400,1.4000500440597534,1.4002100229263306,1.3997999429702759,1.4001699686050415
1785428460,1.4002100229263306,1.4003100395202637,1.3997000455856323,1.4000200033187866
1785428520,1.3999799489974976,1.4001599550247192,1.3997000455856323,1.4000500440597534
1785428580,1.4000500440597534,1.400230050086975,1.3997000455856323,1.4000999927520752
1785428640,1.4000999927520752,1.4001599550247192,1.3997000455856323,1.400149941444397
1785428700,1.4000999927520752,1.4003900289535522,1.3997000455856323,1.399899959564209
1785428760,1.4002200365066528,1.4004100561141968,1.399899959564209,1.4003900289535522
1785428820,1.4003499746322632,1.4004100561141968,1.399999976158142,1.4003700017929077
1785428880,1.399999976158142,1.4004299640655518,1.399999976158142,1.40038001537323
1785428940,1.4002000093460083,1.4004199504852295,1.399999976158142,1.400339961051941
1785429000,1.4003499746322632,1.4004499912261963,1.399999976158142,1.4002699851989746
1785429060,1.400230050086975,1.4003599882125854,1.399899959564209,1.4003499746322632
1785429120,1.4003000259399414,1.4003900289535522,1.399899959564209,1.4001699686050415
1785429180,1.4001799821853638,1.4002699851989746,1.3997999429702759,1.399899959564209
1785429240,1.400230050086975,1.4003700017929077,1.399899959564209,1.4002599716186523
1785429300,1.4003000259399414,1.4004299640655518,1.399899959564209,1.40024995803833
1785429360,1.4002900123596191,1.4003100395202637,1.3997999429702759,1.4000500440597534
1785429420,1.4001100063323975,1.400230050086975,1.3997999429702759,1.4002000093460083
1785429480,1.400189995765686,1.40024995803833,1.3997999429702759,1.4000999927520752
1785429540,1.4001100063323975,1.400230050086975,1.3997999429702759,1.3997999429702759
1785429600,1.4000799655914307,1.4002000093460083,1.4000300168991089,1.4001400470733643
1785429660,1.4001400470733643,1.4002799987792969,1.4000999927520752,1.4001400470733643
1785429720,1.4001799821853638,1.4002599716186523,1.4000999927520752,1.4002599716186523
1785429780,1.40024995803833,1.4003299474716187,1.4002000093460083,1.4002000093460083
1785429840,1.4002399444580078,1.400339961051941,1.4001400470733643,1.4003100395202637
1785429900,1.4002699851989746,1.4003100395202637,1.4002000093460083,1.4002599716186523
1785429960,1.4002200365066528,1.4002699851989746,1.4001400470733643,1.4002399444580078
1785430020,1.40024995803833,1.400320053100586,1.4001400470733643,1.4002699851989746
1785430080,1.4002599716186523,1.4002699851989746,1.400149941444397,1.4001599550247192
1785430140,1.4002100229263306,1.400230050086975,1.4000400304794312,1.4000999927520752
1785430200,1.4000999927520752,1.4002000093460083,1.399999976158142,1.4000500440597534
1785430260,1.4000600576400757,1.4000699520111084,1.3999199867248535,1.3999899625778198
1785430320,1.3999500274658203,1.399999976158142,1.3998299837112427,1.3998899459838867
1785430380,1.3998500108718872,1.399899959564209,1.399399995803833,1.3998199701309204
1785430440,1.3998199701309204,1.4000099897384644,1.3995000123977661,1.3998199701309204
1785430500,1.3998199701309204,1.3998600244522095,1.399399995803833,1.3997000455856323
1785430560,1.3996399641036987,1.3997000455856323,1.3991999626159668,1.3995200395584106
1785430620,1.3995399475097656,1.3997000455856323,1.3992999792099,1.3996100425720215
1785430680,1.3995699882507324,1.3996399641036987,1.3991999626159668,1.399530053138733
1785430740,1.399530053138733,1.3996000289916992,1.3990000486373901,1.3992999792099
1785430800,1.399459958076477,1.3995000123977661,1.3986999988555908,1.3992500305175781
1785430860,1.3992700576782227,1.3993300199508667,1.398900032043457,1.3990000486373901
1785430920,1.3992799520492554,1.3996000289916992,1.3990000486373901,1.3995200395584106
1785430980,1.3992999792099,1.399649977684021,1.3991999626159668,1.3996399641036987
1785431040,1.3996000289916992,1.3997600078582764,1.3991999626159668,1.399399995803833
1785431100,1.3997000455856323,1.3997600078582764,1.3991999626159668,1.3995699882507324
1785431160,1.3995200395584106,1.399839997291565,1.3991999626159668,1.3997999429702759
1785431220,1.3997999429702759,1.3998700380325317,1.399399995803833,1.3998099565505981
1785431280,1.3997999429702759,1.3998099565505981,1.399399995803833,1.3997199535369873
1785431340,1.3997399806976318,1.3997700214385986,1.3992999792099,1.3996299505233765
1785431400,1.3996599912643433,1.3996800184249878,1.3990999460220337,1.3995800018310547
1785431460,1.3995800018310547,1.3997999429702759,1.3992999792099,1.3997399806976318
1785431520,1.3997399806976318,1.399880051612854,1.399399995803833,1.3997600078582764
1785431580,1.3997700214385986,1.399899959564209,1.3995000123977661,1.3998700380325317
1785431640,1.3998299837112427,1.3999300003051758,1.3995000123977661,1.3998899459838867
1785431700,1.399839997291565,1.3999300003051758,1.3995000123977661,1.3998500108718872
1785431760,1.399839997291565,1.3999199867248535,1.3995000123977661,1.3997900485992432
1785431820,1.3998099565505981,1.3998600244522095,1.399399995803833,1.3997399806976318
1785431880,1.399749994277954,1.3999700546264648,1.399399995803833,1.3999099731445312
1785431940,1.3999099731445312,1.4000699520111084,1.3996000289916992,1.399940013885498
1785432000,1.3999600410461426,1.4000200033187866,1.3996000289916992,1.3996000289916992
1785432060,1.3999600410461426,1.4000999927520752,1.3997000455856323,1.3999899625778198
1785432120,1.399999976158142,1.4000999927520752,1.3997000455856323,1.4000200033187866
1785432180,1.3997999429702759,1.4001699686050415,1.3997000455856323,1.4001699686050415
1785432240,1.400130033493042,1.4001699686050415,1.3997999429702759,1.4000500440597534
1785432300,1.3997999429702759,1.4002799987792969,1.3997999429702759,1.4002599716186523
1785432360,1.4002200365066528,1.4004499912261963,1.399899959564209,1.4004000425338745
1785432420,1.4004000425338745,1.400480031967163,1.399999976158142,1.4003499746322632
1785432480,1.4003900289535522,1.4004299640655518,1.399999976158142,1.4003900289535522
1785432540,1.4003499746322632,1.4005000591278076,1.399899959564209,1.4004499912261963
1785432600,1.4004499912261963,1.4005099534988403,1.4000999927520752,1.400439977645874
1785432660,1.4004000425338745,1.4005199670791626,1.399999976158142,1.4004600048065186
1785432720,1.4004600048065186,1.4006099700927734,1.4002000093460083,1.400589942932129
1785432780,1.4005500078201294,1.4006999731063843,1.4003000259399414,1.4004000425338745
1785432840,1.4006400108337402,1.4006400108337402,1.4002000093460083,1.4005600214004517
1785432900,1.4005500078201294,1.4007600545883179,1.4003000259399414,1.4005999565124512
1785432960,1.4006099700927734,1.400689959526062,1.3997000455856323,1.4000300168991089
1785433020,1.4000200033187866,1.4001200199127197,1.3995000123977661,1.3997000455856323
1785433080,1.399940013885498,1.4000999927520752,1.3995000123977661,1.3996000289916992
1785433140,1.3998500108718872,1.3998899459838867,1.3991999626159668,1.399399995803833
1785433200,1.3996299505233765,1.3997000455856323,1.3991999626159668,1.3995800018310547
1785433260,1.3995599746704102,1.3997000455856323,1.3990999460220337,1.3996399641036987
1785433320,1.3992999792099,1.4000699520111084,1.3992999792099,1.4000500440597534
1785433380,1.3997000455856323,1.400130033493042,1.3995000123977661,1.3998700380325317
1785433440,1.3998600244522095,1.399899959564209,1.3991999626159668,1.399590015411377
1785433500,1.3992999792099,1.3997700214385986,1.3992999792099,1.3996399641036987
1785433560,1.399590015411377,1.3996399641036987,1.3990000486373901,1.3995399475097656
1785433620,1.3995000123977661,1.3997999429702759,1.3991999626159668,1.3997299671173096
1785433680,1.3997299671173096,1.3998099565505981,1.3992999792099,1.3996700048446655
1785433740,1.3997399806976318,1.3998099565505981,1.3991999626159668,1.3998099565505981
1785433800,1.3997600078582764,1.3998500108718872,1.399399995803833,1.3997100591659546
1785433860,1.3997100591659546,1.3997600078582764,1.3990999460220337,1.3994799852371216
1785433920,1.3994799852371216,1.399549961090088,1.398900032043457,1.3992899656295776
1785433980,1.3992500305175781,1.3996000289916992,1.398900032043457,1.3995800018310547
1785434040,1.3995599746704102,1.3997199535369873,1.3991999626159668,1.3996599912643433
1785434100,1.3996599912643433,1.3997999429702759,1.3991999626159668,1.3997399806976318
1785434160,1.399780035018921,1.3997900485992432,1.3992999792099,1.3996700048446655
1785434220,1.3996700048446655,1.3997100591659546,1.3990999460220337,1.3996000289916992
1785434280,1.3996000289916992,1.3996399641036987,1.3991999626159668,1.3995699882507324
1785434340,1.3995699882507324,1.3996599912643433,1.3991999626159668,1.3994899988174438
1785434400,1.3995000123977661,1.3995599746704102,1.3990999460220337,1.3994699716567993
1785434460,1.3995000123977661,1.3995800018310547,1.3990000486373901,1.399549961090088
1785434520,1.399530053138733,1.399590015411377,1.3990999460220337,1.3994799852371216
1785434580,1.3994899988174438,1.3996000289916992,1.3991999626159668,1.399549961090088
1785434640,1.3995399475097656,1.3996100425720215,1.3990999460220337,1.3993899822235107
1785434700,1.3990999460220337,1.3995399475097656,1.398900032043457,1.3995000123977661
1785434760,1.3995000123977661,1.39969003200531,1.3990999460220337,1.399530053138733
1785434820,1.399549961090088,1.3997000455856323,1.3991999626159668,1.3996200561523438
1785434880,1.3996000289916992,1.3997900485992432,1.3991999626159668,1.3997199535369873
1785434940,1.3997199535369873,1.3997199535369873,1.3990999460220337,1.3994799852371216
1785435000,1.3994499444961548,1.3995800018310547,1.3990999460220337,1.3993899822235107
1785435060,1.3993899822235107,1.3995000123977661,1.398900032043457,1.3995000123977661
1785435120,1.3994899988174438,1.3995000123977661,1.398900032043457,1.3992400169372559
1785435180,1.3992999792099,1.3993099927902222,1.398900032043457,1.3992899656295776
1785435240,1.3992400169372559,1.3992999792099,1.3986999988555908,1.399090051651001
1785435300,1.399090051651001,1.3992199897766113,1.3986999988555908,1.398800015449524
1785435360,1.3991600275039673,1.3993099927902222,1.398800015449524,1.398900032043457
1785435420,1.3992500305175781,1.3993799686431885,1.398900032043457,1.398900032043457
1785435480,1.3992300033569336,1.3992899656295776,1.398800015449524,1.3992300033569336
1785435540,1.3992799520492554,1.3995100259780884,1.398900032043457,1.3994899988174438
1785435600,1.3994499444961548,1.3995800018310547,1.3990999460220337,1.3995399475097656
1785435660,1.399530053138733,1.3997900485992432,1.3990999460220337,1.3997600078582764
1785435720,1.3997000455856323,1.399780035018921,1.3992999792099,1.399749994277954
1785435780,1.3997100591659546,1.399899959564209,1.399399995803833,1.3995000123977661
1785435840,1.3998600244522095,1.3999700546264648,1.399399995803833,1.3999600410461426
1785435900,1.3996000289916992,1.3999899625778198,1.3996000289916992,1.3999500274658203
1785435960,1.399899959564209,1.4000200033187866,1.3996000289916992,1.3998899459838867
1785436020,1.3998899459838867,1.3999099731445312,1.3995000123977661,1.3997999429702759
1785436080,1.3995000123977661,1.3999099731445312,1.3995000123977661,1.399839997291565
1785436140,1.3998899459838867,1.399899959564209,1.3995000123977661,1.3997900485992432
1785436200,1.3997900485992432,1.3998700380325317,1.399399995803833,1.3997399806976318
1785436260,1.3997399806976318,1.3998099565505981,1.3992999792099,1.3996200561523438
1785436320,1.3996599912643433,1.3997299671173096,1.3992999792099,1.3996700048446655
1785436380,1.399399995803833,1.3997000455856323,1.3990999460220337,1.3997000455856323
1785436440,1.399649977684021,1.3997199535369873,1.3991999626159668,1.3997199535369873
1785436500,1.3996800184249878,1.3997399806976318,1.3992999792099,1.399649977684021
1785436560,1.3997000455856323,1.3997700214385986,1.3991999626159668,1.3997299671173096
1785436620,1.39969003200531,1.3997999429702759,1.3991999626159668,1.399780035018921
1785436680,1.3997399806976318,1.399880051612854,1.399399995803833,1.3998700380325317
1785436740,1.399839997291565,1.3999700546264648,1.399399995803833,1.3999500274658203
1785436800,1.3999099731445312,1.4000600576400757,1.3996000289916992,1.3999500274658203
1785436860,1.3999600410461426,1.4000999927520752,1.3997000455856323,1.4000099897384644
1785436920,1.3997000455856323,1.4000099897384644,1.3996000289916992,1.399899959564209
1785436980,1.3999199867248535,1.3999899625778198,1.399399995803833,1.3998099565505981
1785437040,1.3997999429702759,1.3999099731445312,1.3995000123977661,1.399780035018921
1785437100,1.3998099565505981,1.399839997291565,1.3992999792099,1.3997999429702759
1785437160,1.3997900485992432,1.3998299837112427,1.3992999792099,1.3998299837112427
1785437220,1.3997999429702759,1.399899959564209,1.3990999460220337,1.3996100425720215
1785437280,1.3996399641036987,1.3997199535369873,1.3991999626159668,1.399549961090088
1785437340,1.3995399475097656,1.3996200561523438,1.3990000486373901,1.399459958076477
1785437400,1.3995100259780884,1.3995599746704102,1.3990000486373901,1.399530053138733
1785437460,1.3994799852371216,1.399749994277954,1.3990000486373901,1.3996700048446655
1785437520,1.3997100591659546,1.3998299837112427,1.3992999792099,1.3997700214385986
1785437580,1.399780035018921,1.3998199701309204,1.3991999626159668,1.3997299671173096
1785437640,1.3997199535369873,1.3999099731445312,1.3992999792099,1.399839997291565
1785437700,1.399880051612854,1.3999300003051758,1.3992999792099,1.3997900485992432
1785437760,1.3997900485992432,1.3998199701309204,1.3991999626159668,1.3995000123977661
1785437820,1.3997600078582764,1.3998299837112427,1.3990999460220337,1.3992999792099
1785437880,1.39969003200531,1.399899959564209,1.3991999626159668,1.3998500108718872
1785437940,1.3995000123977661,1.3998700380325317,1.3990000486373901,1.3995000123977661
1785438000,1.3991999626159668,1.3997299671173096,1.3990999460220337,1.3997199535369873
1785438060,1.39969003200531,1.3997399806976318,1.3991999626159668,1.3996700048446655
1785438120,1.39969003200531,1.3998500108718872,1.3991999626159668,1.3997900485992432
1785438180,1.3997900485992432,1.399899959564209,1.3992999792099,1.3998600244522095
1785438240,1.3995000123977661,1.3999500274658203,1.399399995803833,1.3999500274658203
1785438300,1.3999500274658203,1.4000699520111084,1.3996000289916992,1.4000200033187866
1785438360,1.4000300168991089,1.400149941444397,1.3996000289916992,1.399999976158142
1785438420,1.3999799489974976,1.4000500440597534,1.3995000123977661,1.3999600410461426
1785438480,1.3999600410461426,1.4002000093460083,1.3995000123977661,1.4000799655914307
1785438540,1.400089979171753,1.4002799987792969,1.3997999429702759,1.4002000093460083
1785438600,1.4002000093460083,1.4002699851989746,1.3997999429702759,1.4001400470733643
1785438660,1.400149941444397,1.4004199504852295,1.3997999429702759,1.4004000425338745
1785438720,1.4000999927520752,1.4005399942398071,1.399899959564209,1.400230050086975
1785438780,1.400230050086975,1.4003299474716187,1.3997999429702759,1.4002000093460083
1785438840,1.4002100229263306,1.4004100561141968,1.399899959564209,1.4003499746322632
1785438900,1.4003900289535522,1.4005800485610962,1.4000999927520752,1.4004499912261963
1785438960,1.4004900455474854,1.4005000591278076,1.399899959564209,1.4002699851989746
1785439020,1.4003100395202637,1.4003299474716187,1.399899959564209,1.4002599716186523
1785439080,1.399999976158142,1.4003100395202637,1.399899959564209,1.4001799821853638
1785439140,1.399899959564209,1.400320053100586,1.399899959564209,1.4002399444580078
1785439200,1.4002000093460083,1.4003000259399414,1.3997999429702759,1.399899959564209
1785439260,1.4001799821853638,1.4002000093460083,1.3997999429702759,1.4000999927520752
1785439320,1.4000999927520752,1.4001400470733643,1.3997000455856323,1.4000200033187866
1785439380,1.4000300168991089,1.400130033493042,1.3997000455856323,1.4000600576400757
1785439440,1.4000999927520752,1.4001400470733643,1.3997000455856323,1.4000699520111084
1785439500,1.4001100063323975,1.4001400470733643,1.3997000455856323,1.4000699520111084
1785439560,1.4000699520111084,1.4001100063323975,1.3997000455856323,1.4000200033187866
1785439620,1.4000200033187866,1.4001599550247192,1.3996000289916992,1.4001400470733643
1785439680,1.4001400470733643,1.4002100229263306,1.3997999429702759,1.400189995765686
1785439740,1.4002100229263306,1.4003900289535522,1.399899959564209,1.40038001537323
1785439800,1.400339961051941,1.4004299640655518,1.399899959564209,1.4003000259399414
1785439860,1.4003000259399414,1.40038001537323,1.399899959564209,1.4003599882125854
1785439920,1.400339961051941,1.4004100561141968,1.399999976158142,1.40038001537323
1785439980,1.400339961051941,1.4004199504852295,1.399999976158142,1.4002799987792969
1785440040,1.4003299474716187,1.4003299474716187,1.399899959564209,1.4002599716186523
1785440100,1.4003100395202637,1.4003299474716187,1.399899959564209,1.4002799987792969
1785440160,1.4002799987792969,1.4004100561141968,1.399899959564209,1.4003599882125854
1785440220,1.4003599882125854,1.4004499912261963,1.399999976158142,1.4002799987792969
1785440280,1.4003299474716187,1.4003700017929077,1.399999976158142,1.4002599716186523
1785440340,1.4002599716186523,1.4003499746322632,1.399899959564209,1.4002599716186523
1785440400,1.4002599716186523,1.400320053100586,1.399899959564209,1.4003100395202637
1785440460,1.4003100395202637,1.4003299474716187,1.399899959564209,1.400320053100586
1785440520,1.4003100395202637,1.4003299474716187,1.399899959564209,1.4002599716186523
1785440580,1.4002599716186523,1.4003100395202637,1.3997999429702759,1.399899959564209
1785440640,1.3997999429702759,1.4002100229263306,1.3996000289916992,1.400130033493042
1785440700,1.4000999927520752,1.4001400470733643,1.3996000289916992,1.3997999429702759
1785440760,1.4000799655914307,1.400130033493042,1.3996000289916992,1.400130033493042
1785440820,1.4001200199127197,1.4002000093460083,1.3997999429702759,1.400149941444397
1785440880,1.4001100063323975,1.400230050086975,1.3997999429702759,1.399999976158142
1785440940,1.4001799821853638,1.4002200365066528,1.3997999429702759,1.4001200199127197
1785441000,1.400130033493042,1.4002900123596191,1.3997999429702759,1.4002399444580078
1785441060,1.4002399444580078,1.4003000259399414,1.3997999429702759,1.400230050086975
1785441120,1.400230050086975,1.4003100395202637,1.399899959564209,1.399999976158142
1785441180,1.4002699851989746,1.4004100561141968,1.399899959564209,1.4003499746322632
1785441240,1.4003599882125854,1.4004299640655518,1.399999976158142,1.4003900289535522
1785441300,1.4003499746322632,1.4005999565124512,1.399899959564209,1.4004299640655518
1785441360,1.4004299640655518,1.4005099534988403,1.399999976158142,1.400320053100586
1785441420,1.4003599882125854,1.4004000425338745,1.399899959564209,1.4003299474716187
1785441480,1.4003299474716187,1.40038001537323,1.399899959564209,1.399899959564209
1785441540,1.4002200365066528,1.4003000259399414,1.3997999429702759,1.4002599716186523
1785441600,1.4003000259399414,1.4004199504852295,1.3997999429702759,1.4004000425338745
1785441660,1.4004000425338745,1.4004299640655518,1.4000999927520752,1.4000999927520752
1785441720,1.4004100561141968,1.4004100561141968,1.399899959564209,1.399999976158142
1785441780,1.4003499746322632,1.4004299640655518,1.399999976158142,1.400339961051941
1785441840,1.400339961051941,1.400339961051941,1.3997999429702759,1.4000600576400757
1785441900,1.4000699520111084,1.4003000259399414,1.3997999429702759,1.4002699851989746
1785441960,1.399899959564209,1.4003599882125854,1.399899959564209,1.399999976158142
1785442020,1.399999976158142,1.400339961051941,1.399899959564209,1.40024995803833
1785442080,1.4002599716186523,1.4003100395202637,1.399899959564209,1.4000999927520752
1785442140,1.4000999927520752,1.4003000259399414,1.3997999429702759,1.3997999429702759
1785442200,1.400149941444397,1.4002200365066528,1.3997999429702759,1.4001599550247192
1785442260,1.4001699686050415,1.4002100229263306,1.3997999429702759,1.400149941444397
1785442320,1.4001599550247192,1.400189995765686,1.3997000455856323,1.4001100063323975
1785442380,1.3997000455856323,1.4002000093460083,1.3997000455856323,1.400189995765686
1785442440,1.3997999429702759,1.4003000259399414,1.3997999429702759,1.4002200365066528
1785442500,1.4002399444580078,1.400339961051941,1.399899959564209,1.400339961051941
1785442560,1.4003499746322632,1.4004700183868408,1.399999976158142,1.400339961051941
1785442620,1.4002000093460083,1.4004000425338745,1.399999976158142,1.4003499746322632
1785442680,1.4003499746322632,1.4004700183868408,1.399999976158142,1.4002000093460083
1785442740,1.4004000425338745,1.4004000425338745,1.399999976158142,1.4002000093460083
1785442800,1.4003599882125854,1.4004199504852295,1.399999976158142,1.399999976158142
1785442860,1.4003700017929077,1.4005000591278076,1.399999976158142,1.4004100561141968
1785442920,1.4004100561141968,1.4005999565124512,1.4000999927520752,1.4003000259399414
1785442980,1.4005099534988403,1.4005999565124512,1.4002000093460083,1.4005000591278076
1785443040,1.4005199670791626,1.4005600214004517,1.4002000093460083,1.400480031967163
1785443100,1.400480031967163,1.400570034980774,1.4002000093460083,1.4005399942398071
1785443160,1.4005299806594849,1.4005399942398071,1.4002000093460083,1.4004900455474854
1785443220,1.4005000591278076,1.4005999565124512,1.4002000093460083,1.4005500078201294
1785443280,1.4005500078201294,1.4006099700927734,1.4002000093460083,1.4002000093460083
1785443340,1.4005199670791626,1.4006999731063843,1.4002000093460083,1.400670051574707
1785443400,1.4006400108337402,1.4007999897003174,1.4003000259399414,1.4003000259399414
1785443460,1.400629997253418,1.4006799459457397,1.4003000259399414,1.4003000259399414
1785443520,1.4006400108337402,1.4006999731063843,1.4003000259399414,1.4006799459457397
1785443580,1.4006799459457397,1.4006999731063843,1.4003000259399414,1.400629997253418
1785443640,1.400629997253418,1.4006999731063843,1.4002000093460083,1.4006799459457397
1785443700,1.4006600379943848,1.4007400274276733,1.4003000259399414,1.400730013847351
1785443760,1.4007200002670288,1.4007999897003174,1.4004000425338745,1.4007899761199951
1785443820,1.4007699489593506,1.4008300304412842,1.4004000425338745,1.4007899761199951
1785443880,1.4005000591278076,1.4009000062942505,1.4005000591278076,1.400820016860962
1785443940,1.4007999897003174,1.4008300304412842,1.4005000591278076,1.4007600545883179
1785444000,1.4007400274276733,1.4008400440216064,1.4004000425338745,1.4005000591278076
1785444060,1.4007899761199951,1.4009000062942505,1.4005000591278076,1.4008400440216064
1785444120,1.4007999897003174,1.400879979133606,1.4005000591278076,1.4007999897003174
1785444180,1.4007999897003174,1.4009000062942505,1.4005000591278076,1.4005000591278076
1785444240,1.4008300304412842,1.4010100364685059,1.4005000591278076,1.4010000228881836
1785444300,1.4009499549865723,1.4011000394821167,1.4005000591278076,1.4009699821472168
1785444360,1.4009699821472168,1.4010299444198608,1.4004000425338745,1.4008500576019287
1785444420,1.4008699655532837,1.4010000228881836,1.4005999565124512,1.4009699821472168
1785444480,1.4007999897003174,1.4010499715805054,1.4005000591278076,1.4009900093078613
1785444540,1.4010000228881836,1.4010599851608276,1.4005000591278076,1.4010100364685059
1785444600,1.400920033454895,1.4010599851608276,1.4005000591278076,1.4009599685668945
1785444660,1.4009000062942505,1.4009499549865723,1.4004000425338745,1.4006999731063843
1785444720,1.4006999731063843,1.40106999874115,1.4006999731063843,1.4010000228881836
1785444780,1.4009900093078613,1.401039958000183,1.4006999731063843,1.400979995727539
1785444840,1.4009499549865723,1.4010000228881836,1.4006999731063843,1.4009699821472168
1785444900,1.400879979133606,1.4009699821472168,1.4005999565124512,1.4008899927139282
1785444960,1.4008500576019287,1.4010000228881836,1.4004000425338745,1.400920033454895
1785445020,1.4009699821472168,1.4011000394821167,1.4005000591278076,1.4010900259017944
1785445080,1.4009699821472168,1.4011000394821167,1.4006999731063843,1.4008599519729614
1785445140,1.4009699821472168,1.4011000394821167,1.4005999565124512,1.4010200500488281
1785445200,1.4010100364685059,1.4010100364685059,1.4005199670791626,1.4005500078201294
1785445260,1.4005000591278076,1.4005000591278076,1.4004600048065186,1.4004600048065186
1785445320,1.4004499912261963,1.4005000591278076,1.4004100561141968,1.4004100561141968
1785445380,1.4005000591278076,1.4005000591278076,1.4005000591278076,1.4005000591278076
1785445440,1.4005000591278076,1.4005000591278076,1.4004000425338745,1.4004000425338745
1785445500,1.4004199504852295,1.4005000591278076,1.4003000259399414,1.4003000259399414
1785445560,1.4002900123596191,1.4011199474334717,1.4002900123596191,1.4009699821472168
1785445620,1.4010000228881836,1.4012000560760498,1.4009000062942505,1.400979995727539
1785445680,1.4011000394821167,1.4012000560760498,1.4009900093078613,1.4011199474334717
1785445740,1.4011000394821167,1.4012000560760498,1.4011000394821167,1.4011199474334717
1785445800,1.4011199474334717,1.4011199474334717,1.4007999897003174,1.4011000394821167
1785445860,1.4009000062942505,1.401110053062439,1.4009000062942505,1.4010000228881836
1785445920,1.400979995727539,1.4011199474334717,1.4007999897003174,1.400979995727539
1785445980,1.400979995727539,1.4011199474334717,1.4007999897003174,1.4010599851608276
1785446040,1.4010599851608276,1.4011000394821167,1.4007999897003174,1.400979995727539
1785446100,1.40106999874115,1.4011499881744385,1.4007999897003174,1.401110053062439
1785446160,1.4008100032806396,1.4011199474334717,1.4007699489593506,1.4010599851608276
1785446220,1.4010800123214722,1.4011000394821167,1.4007999897003174,1.4011000394821167
1785446280,1.4010800123214722,1.4011000394821167,1.4007999897003174,1.400979995727539
1785446340,1.400979995727539,1.4011399745941162,1.400979995727539,1.4010900259017944
1785446400,1.4010000228881836,1.4011399745941162,1.4008599519729614,1.4010900259017944
1785446460,1.4010000228881836,1.4011399745941162,1.4008599519729614,1.4010900259017944
1785446520,1.400979995727539,1.4011000394821167,1.400979995727539,1.4010599851608276
1785446580,1.4010800123214722,1.4011000394821167,1.4008400440216064,1.4010900259017944
1785446640,1.4010900259017944,1.4011199474334717,1.4009599685668945,1.4010000228881836
1785446700,1.4010000228881836,1.4011499881744385,1.400979995727539,1.4010800123214722
1785446760,1.4010100364685059,1.4010800123214722,1.400979995727539,1.4010599851608276
1785446820,1.4010100364685059,1.4010800123214722,1.4008699655532837,1.4010000228881836
1785446880,1.4010599851608276,1.4010900259017944,1.4010000228881836,1.4010000228881836
1785446940,1.4010499715805054,1.401129961013794,1.4008599519729614,1.40106999874115
1785447000,1.4008500576019287,1.401110053062439,1.4006999731063843,1.4011000394821167
1785447060,1.40106999874115,1.4010800123214722,1.4007999897003174,1.4010000228881836
1785447120,1.40106999874115,1.4011399745941162,1.4009000062942505,1.4009000062942505
1785447180,1.400979995727539,1.4012000560760498,1.4009000062942505,1.4009000062942505
1785447240,1.4010000228881836,1.4012000560760498,1.4007999897003174,1.4010000228881836
1785447300,1.4011199474334717,1.4012000560760498,1.4008599519729614,1.4010000228881836
1785447360,1.4009000062942505,1.4012000560760498,1.4009000062942505,1.4009300470352173
1785447420,1.401129961013794,1.4011800289154053,1.4009000062942505,1.400979995727539
1785447480,1.400979995727539,1.4012000560760498,1.4008500576019287,1.400979995727539
1785447540,1.400979995727539,1.4011600017547607,1.4009000062942505,1.4011600017547607
1785447600,1.400979995727539,1.4012000560760498,1.4009000062942505,1.400979995727539
1785447660,1.4009000062942505,1.4012000560760498,1.4009000062942505,1.400979995727539
1785447720,1.4011199474334717,1.4012000560760498,1.400979995727539,1.400979995727539
1785447780,1.400979995727539,1.4012000560760498,1.400979995727539,1.4011000394821167
1785447840,1.400979995727539,1.4012000560760498,1.400979995727539,1.4011800289154053
1785447900,1.400979995727539,1.4012000560760498,1.4008400440216064,1.4008400440216064
1785447960,1.400979995727539,1.4012000560760498,1.4007999897003174,1.401129961013794
1785448020,1.401129961013794,1.401129961013794,1.4009000062942505,1.4011000394821167
1785448080,1.4010000228881836,1.4011199474334717,1.400879979133606,1.4010000228881836
1785448140,1.4010200500488281,1.401110053062439,1.4009000062942505,1.400979995727539
1785448200,1.401110053062439,1.401110053062439,1.4009000062942505,1.4009300470352173
1785448260,1.4010299444198608,1.4011000394821167,1.4007999897003174,1.4011000394821167
1785448320,1.4011000394821167,1.4011000394821167,1.4007999897003174,1.400920033454895
1785448380,1.4011000394821167,1.4011000394821167,1.4006999731063843,1.4010800123214722
1785448440,1.4009300470352173,1.4011199474334717,1.4007999897003174,1.4011000394821167
1785448500,1.4007999897003174,1.4011000394821167,1.4006999731063843,1.4010299444198608
1785448560,1.4011000394821167,1.4011000394821167,1.4007999897003174,1.4011000394821167
1785448620,1.4010800123214722,1.401229977607727,1.4010200500488281,1.4012000560760498
1785448680,1.401129961013794,1.4012199640274048,1.4009000062942505,1.4012000560760498
1785448740,1.4012199640274048,1.401229977607727,1.4010000228881836,1.4012199640274048
