time,open,high,low,close
1785448800,1.1530035734176636,1.1530035734176636,1.1530035734176636,1.1530035734176636
1785448860,1.1531364917755127,1.1531364917755127,1.1531364917755127,1.1531364917755127
1785448920,1.1531364917755127,1.1531364917755127,1.1531364917755127,1.1531364917755127
1785448980,1.1532695293426514,1.1532695293426514,1.1532695293426514,1.1532695293426514
1785449040,1.1532695293426514,1.1532695293426514,1.1532695293426514,1.1532695293426514
1785449100,1.1532695293426514,1.1532695293426514,1.1532695293426514,1.1532695293426514
1785449160,1.1532695293426514,1.1532695293426514,1.1532695293426514,1.1532695293426514
1785449220,1.1531364917755127,1.1531364917755127,1.1531364917755127,1.1531364917755127
1785449280,1.1531364917755127,1.1531364917755127,1.1531364917755127,1.1531364917755127
1785449340,1.1530035734176636,1.1530035734176636,1.1530035734176636,1.1530035734176636
1785449400,1.1531364917755127,1.1531364917755127,1.1531364917755127,1.1531364917755127
1785449460,1.1528706550598145,1.1528706550598145,1.1528706550598145,1.1528706550598145
1785449520,1.1528706550598145,1.1528706550598145,1.1528706550598145,1.1528706550598145
1785449580,1.1530035734176636,1.1530035734176636,1.1530035734176636,1.1530035734176636
1785449640,1.1530035734176636,1.1530035734176636,1.1530035734176636,1.1530035734176636
1785449700,1.1530035734176636,1.1530035734176636,1.1530035734176636,1.1530035734176636
1785449760,1.1531364917755127,1.1531364917755127,1.1531364917755127,1.1531364917755127
1785449820,1.1531364917755127,1.1531364917755127,1.1531364917755127,1.1531364917755127
1785449880,1.1530035734176636,1.1530035734176636,1.1530035734176636,1.1530035734176636
1785449940,1.1531364917755127,1.1531364917755127,1.1531364917755127,1.1531364917755127
1785450000,1.1530035734176636,1.1530035734176636,1.1530035734176636,1.1530035734176636
1785450060,1.1530035734176636,1.1530035734176636,1.1530035734176636,1.1530035734176636
1785450120,1.1530035734176636,1.1530035734176636,1.1530035734176636,1.1530035734176636
1785450180,1.1530035734176636,1.1530035734176636,1.1530035734176636,1.1530035734176636
1785450240,1.1530035734176636,1.1530035734176636,1.1530035734176636,1.1530035734176636
1785450300,1.1528706550598145,1.1528706550598145,1.1528706550598145,1.1528706550598145
1785450360,1.1530035734176636,1.1530035734176636,1.1530035734176636,1.1530035734176636
1785450420,1.1530035734176636,1.1530035734176636,1.1530035734176636,1.1530035734176636
1785450480,1.1530035734176636,1.1530035734176636,1.1530035734176636,1.1530035734176636
1785450540,1.1530035734176636,1.1530035734176636,1.1530035734176636,1.1530035734176636
1785450600,1.1530035734176636,1.1530035734176636,1.1530035734176636,1.1530035734176636
1785450660,1.1530035734176636,1.1530035734176636,1.1530035734176636,1.1530035734176636
1785450720,1.1530035734176636,1.1530035734176636,1.1530035734176636,1.1530035734176636
1785450780,1.1530035734176636,1.1530035734176636,1.1530035734176636,1.1530035734176636
1785450840,1.1530035734176636,1.1530035734176636,1.1530035734176636,1.1530035734176636
1785450900,1.1531364917755127,1.1531364917755127,1.1531364917755127,1.1531364917755127
1785450960,1.1530035734176636,1.1530035734176636,1.1530035734176636,1.1530035734176636
1785451020,1.1531364917755127,1.1531364917755127,1.1531364917755127,1.1531364917755127
1785451080,1.1532695293426514,1.1532695293426514,1.1532695293426514,1.1532695293426514
1785451140,1.15340256690979,1.15340256690979,1.15340256690979,1.15340256690979
1785451200,1.15340256690979,1.15340256690979,1.15340256690979,1.15340256690979
1785451260,1.1532695293426514,1.1532695293426514,1.1532695293426514,1.1532695293426514
1785451320,1.1532695293426514,1.1532695293426514,1.1532695293426514,1.1532695293426514
1785451380,1.1532695293426514,1.1532695293426514,1.1532695293426514,1.1532695293426514
1785451440,1.1532695293426514,1.1532695293426514,1.1532695293426514,1.1532695293426514
1785451500,1.1532695293426514,1.1532695293426514,1.1532695293426514,1.1532695293426514
1785451560,1.15340256690979,1.15340256690979,1.15340256690979,1.15340256690979
1785451620,1.15340256690979,1.15340256690979,1.15340256690979,1.15340256690979
1785451680,1.1532695293426514,1.1532695293426514,1.1532695293426514,1.1532695293426514
1785451740,1.15340256690979,1.15340256690979,1.15340256690979,1.15340256690979
1785451800,1.1532695293426514,1.1532695293426514,1.1532695293426514,1.1532695293426514
1785451860,1.1532695293426514,1.1532695293426514,1.1532695293426514,1.1532695293426514
1785451920,1.1532695293426514,1.1532695293426514,1.1532695293426514,1.1532695293426514
1785451980,1.1532695293426514,1.1532695293426514,1.1532695293426514,1.1532695293426514
1785452040,1.1532695293426514,1.1532695293426514,1.1532695293426514,1.1532695293426514
1785452100,1.1532695293426514,1.1532695293426514,1.1532695293426514,1.1532695293426514
1785452160,1.1532695293426514,1.1532695293426514,1.1532695293426514,1.1532695293426514
1785452220,1.1532695293426514,1.1532695293426514,1.1532695293426514,1.1532695293426514
1785452280,1.1531364917755127,1.1531364917755127,1.1531364917755127,1.1531364917755127
1785452400,1.1532695293426514,1.1532695293426514,1.1532695293426514,1.1532695293426514
1785452460,1.15340256690979,1.15340256690979,1.15340256690979,1.15340256690979
1785452520,1.1531364917755127,1.1531364917755127,1.1531364917755127,1.1531364917755127
1785452580,1.1531364917755127,1.1531364917755127,1.1531364917755127,1.1531364917755127
1785452640,1.1531364917755127,1.1531364917755127,1.1531364917755127,1.1531364917755127
1785452700,1.1530035734176636,1.1530035734176636,1.1530035734176636,1.1530035734176636
1785452760,1.1531364917755127,1.1531364917755127,1.1531364917755127,1.1531364917755127
1785452820,1.1530035734176636,1.1530035734176636,1.1530035734176636,1.1530035734176636
1785452880,1.1530035734176636,1.1530035734176636,1.1530035734176636,1.1530035734176636
1785452940,1.1530035734176636,1.1530035734176636,1.1530035734176636,1.1530035734176636
1785453000,1.1530035734176636,1.1530035734176636,1.1530035734176636,1.1530035734176636
1785453060,1.1528706550598145,1.1528706550598145,1.1528706550598145,1.1528706550598145
1785453120,1.1530035734176636,1.1530035734176636,1.1530035734176636,1.1530035734176636
1785453180,1.1528706550598145,1.1528706550598145,1.1528706550598145,1.1528706550598145
1785453240,1.1528706550598145,1.1528706550598145,1.1528706550598145,1.1528706550598145
1785453300,1.1528706550598145,1.1528706550598145,1.1528706550598145,1.1528706550598145
1785453360,1.1528706550598145,1.1528706550598145,1.1528706550598145,1.1528706550598145
1785453420,1.1527377367019653,1.1527377367019653,1.1527377367019653,1.1527377367019653
1785453480,1.1527377367019653,1.1527377367019653,1.1527377367019653,1.1527377367019653
1785453540,1.1528706550598145,1.1528706550598145,1.1528706550598145,1.1528706550598145
1785453600,1.1528706550598145,1.1528706550598145,1.1528706550598145,1.1528706550598145
1785453660,1.1528706550598145,1.1528706550598145,1.1528706550598145,1.1528706550598145
1785453720,1.1530035734176636,1.1530035734176636,1.1530035734176636,1.1530035734176636
1785453780,1.1530035734176636,1.1530035734176636,1.1530035734176636,1.1530035734176636
1785453840,1.1530035734176636,1.1530035734176636,1.1530035734176636,1.1530035734176636
1785453900,1.1530035734176636,1.1530035734176636,1.1530035734176636,1.1530035734176636
1785453960,1.1530035734176636,1.1530035734176636,1.1530035734176636,1.1530035734176636
1785454020,1.1530035734176636,1.1530035734176636,1.1530035734176636,1.1530035734176636
1785454080,1.1528706550598145,1.1528706550598145,1.1528706550598145,1.1528706550598145
1785454140,1.1528706550598145,1.1528706550598145,1.1528706550598145,1.1528706550598145
1785454200,1.1527377367019653,1.1527377367019653,1.1527377367019653,1.1527377367019653
1785454260,1.1527377367019653,1.1527377367019653,1.1527377367019653,1.1527377367019653
1785454320,1.1528706550598145,1.1528706550598145,1.1528706550598145,1.1528706550598145
1785454380,1.1528706550598145,1.1528706550598145,1.1528706550598145,1.1528706550598145
1785454440,1.1527377367019653,1.1527377367019653,1.1527377367019653,1.1527377367019653
1785454500,1.1527377367019653,1.1527377367019653,1.1527377367019653,1.1527377367019653
1785454560,1.1526048183441162,1.1526048183441162,1.1526048183441162,1.1526048183441162
1785454620,1.1527377367019653,1.1527377367019653,1.1527377367019653,1.1527377367019653
1785454680,1.1526048183441162,1.1526048183441162,1.1526048183441162,1.1526048183441162
1785454740,1.1526048183441162,1.1526048183441162,1.1526048183441162,1.1526048183441162
1785454800,1.1527377367019653,1.1527377367019653,1.1527377367019653,1.1527377367019653
1785454860,1.1528706550598145,1.1528706550598145,1.1528706550598145,1.1528706550598145
1785454920,1.1527377367019653,1.1527377367019653,1.1527377367019653,1.1527377367019653
1785454980,1.1527377367019653,1.1527377367019653,1.1527377367019653,1.1527377367019653
1785455040,1.1527377367019653,1.1527377367019653,1.1527377367019653,1.1527377367019653
1785455100,1.1528706550598145,1.1528706550598145,1.1528706550598145,1.1528706550598145
1785455160,1.1528706550598145,1.1528706550598145,1.1528706550598145,1.1528706550598145
1785455220,1.1528706550598145,1.1528706550598145,1.1528706550598145,1.1528706550598145
1785455280,1.1528706550598145,1.1528706550598145,1.1528706550598145,1.1528706550598145
1785455340,1.1527377367019653,1.1527377367019653,1.1527377367019653,1.1527377367019653
1785455400,1.1527377367019653,1.1527377367019653,1.1527377367019653,1.1527377367019653
1785455460,1.1527377367019653,1.1527377367019653,1.1527377367019653,1.1527377367019653
1785455520,1.1527377367019653,1.1527377367019653,1.1527377367019653,1.1527377367019653
1785455580,1.1527377367019653,1.1527377367019653,1.1527377367019653,1.1527377367019653
1785455640,1.1527377367019653,1.1527377367019653,1.1527377367019653,1.1527377367019653
1785455700,1.1527377367019653,1.1527377367019653,1.1527377367019653,1.1527377367019653
1785455760,1.1527377367019653,1.1527377367019653,1.1527377367019653,1.1527377367019653
1785455820,1.1527377367019653,1.1527377367019653,1.1527377367019653,1.1527377367019653
1785455880,1.1527377367019653,1.1527377367019653,1.1527377367019653,1.1527377367019653
1785455940,1.1526048183441162,1.1526048183441162,1.1526048183441162,1.1526048183441162
1785456000,1.1527377367019653,1.1527377367019653,1.1527377367019653,1.1527377367019653
1785456060,1.1527377367019653,1.1527377367019653,1.1527377367019653,1.1527377367019653
1785456120,1.1527377367019653,1.1527377367019653,1.1527377367019653,1.1527377367019653
1785456180,1.1527377367019653,1.1527377367019653,1.1527377367019653,1.1527377367019653
1785456240,1.1527377367019653,1.1527377367019653,1.1527377367019653,1.1527377367019653
1785456300,1.1527377367019653,1.1527377367019653,1.1527377367019653,1.1527377367019653
1785456360,1.1526048183441162,1.1526048183441162,1.1526048183441162,1.1526048183441162
1785456420,1.152339220046997,1.152339220046997,1.152339220046997,1.152339220046997
1785456480,1.1524720191955566,1.1524720191955566,1.1524720191955566,1.1524720191955566
1785456540,1.1524720191955566,1.1524720191955566,1.1524720191955566,1.1524720191955566
1785456600,1.1524720191955566,1.1524720191955566,1.1524720191955566,1.1524720191955566
1785456660,1.1526048183441162,1.1526048183441162,1.1526048183441162,1.1526048183441162
1785456720,1.1526048183441162,1.1526048183441162,1.1526048183441162,1.1526048183441162
1785456780,1.1526048183441162,1.1526048183441162,1.1526048183441162,1.1526048183441162
1785456840,1.1526048183441162,1.1526048183441162,1.1526048183441162,1.1526048183441162
1785456900,1.1526048183441162,1.1526048183441162,1.1526048183441162,1.1526048183441162
1785456960,1.1526048183441162,1.1526048183441162,1.1526048183441162,1.1526048183441162
1785457020,1.1527377367019653,1.1527377367019653,1.1527377367019653,1.1527377367019653
1785457080,1.1526048183441162,1.1526048183441162,1.1526048183441162,1.1526048183441162
1785457140,1.1526048183441162,1.1526048183441162,1.1526048183441162,1.1526048183441162
1785457200,1.1526048183441162,1.1526048183441162,1.1526048183441162,1.1526048183441162
1785457260,1.1526048183441162,1.1526048183441162,1.1526048183441162,1.1526048183441162
1785457320,1.1526048183441162,1.1526048183441162,1.1526048183441162,1.1526048183441162
1785457380,1.1527377367019653,1.1527377367019653,1.1527377367019653,1.1527377367019653
1785457440,1.1530035734176636,1.1530035734176636,1.1530035734176636,1.1530035734176636
1785457500,1.1528706550598145,1.1528706550598145,1.1528706550598145,1.1528706550598145
1785457560,1.1527377367019653,1.1527377367019653,1.1527377367019653,1.1527377367019653
1785457620,1.1527377367019653,1.1527377367019653,1.1527377367019653,1.1527377367019653
1785457680,1.1527377367019653,1.1527377367019653,1.1527377367019653,1.1527377367019653
1785457740,1.1526048183441162,1.1526048183441162,1.1526048183441162,1.1526048183441162
1785457800,1.1526048183441162,1.1526048183441162,1.1526048183441162,1.1526048183441162
1785457860,1.1526048183441162,1.1526048183441162,1.1526048183441162,1.1526048183441162
1785457920,1.1524720191955566,1.1524720191955566,1.1524720191955566,1.1524720191955566
1785457980,1.152339220046997,1.152339220046997,1.152339220046997,1.152339220046997
1785458040,1.152339220046997,1.152339220046997,1.152339220046997,1.152339220046997
1785458100,1.1522064208984375,1.1522064208984375,1.1522064208984375,1.1522064208984375
1785458160,1.1522064208984375,1.1522064208984375,1.1522064208984375,1.1522064208984375
1785458220,1.1522064208984375,1.1522064208984375,1.1522064208984375,1.1522064208984375
1785458280,1.1522064208984375,1.1522064208984375,1.1522064208984375,1.1522064208984375
1785458340,1.1522064208984375,1.1522064208984375,1.1522064208984375,1.1522064208984375
1785458400,1.1520737409591675,1.1520737409591675,1.1520737409591675,1.1520737409591675
1785458460,1.1519410610198975,1.1519410610198975,1.1519410610198975,1.1519410610198975
1785458520,1.1519410610198975,1.1519410610198975,1.1519410610198975,1.1519410610198975
1785458580,1.1519410610198975,1.1519410610198975,1.1519410610198975,1.1519410610198975
1785458640,1.1519410610198975,1.1519410610198975,1.1519410610198975,1.1519410610198975
1785458700,1.1520737409591675,1.1520737409591675,1.1520737409591675,1.1520737409591675
1785458760,1.1519410610198975,1.1519410610198975,1.1519410610198975,1.1519410610198975
1785458820,1.1519410610198975,1.1519410610198975,1.1519410610198975,1.1519410610198975
1785458880,1.1519410610198975,1.1519410610198975,1.1519410610198975,1.1519410610198975
1785458940,1.1520737409591675,1.1520737409591675,1.1520737409591675,1.1520737409591675
1785459000,1.1522064208984375,1.1522064208984375,1.1522064208984375,1.1522064208984375
1785459060,1.1522064208984375,1.1522064208984375,1.1522064208984375,1.1522064208984375
1785459120,1.152339220046997,1.152339220046997,1.152339220046997,1.152339220046997
1785459180,1.152339220046997,1.152339220046997,1.152339220046997,1.152339220046997
1785459240,1.152339220046997,1.152339220046997,1.152339220046997,1.152339220046997
1785459300,1.1522064208984375,1.1522064208984375,1.1522064208984375,1.1522064208984375
1785459360,1.1522064208984375,1.1522064208984375,1.1522064208984375,1.1522064208984375
1785459420,1.1522064208984375,1.1522064208984375,1.1522064208984375,1.1522064208984375
1785459480,1.1522064208984375,1.1522064208984375,1.1522064208984375,1.1522064208984375
1785459540,1.1522064208984375,1.1522064208984375,1.1522064208984375,1.1522064208984375
1785459600,1.1522064208984375,1.1522064208984375,1.1522064208984375,1.1522064208984375
1785459660,1.1522064208984375,1.1522064208984375,1.1522064208984375,1.1522064208984375
1785459720,1.1522064208984375,1.1522064208984375,1.1522064208984375,1.1522064208984375
1785459780,1.152339220046997,1.152339220046997,1.152339220046997,1.152339220046997
1785459840,1.152339220046997,1.152339220046997,1.152339220046997,1.152339220046997
1785459900,1.1522064208984375,1.1522064208984375,1.1522064208984375,1.1522064208984375
1785459960,1.1520737409591675,1.1520737409591675,1.1520737409591675,1.1520737409591675
1785460020,1.1520737409591675,1.1520737409591675,1.1520737409591675,1.1520737409591675
1785460080,1.1520737409591675,1.1520737409591675,1.1520737409591675,1.1520737409591675
1785460140,1.1522064208984375,1.1522064208984375,1.1522064208984375,1.1522064208984375
1785460200,1.1522064208984375,1.1522064208984375,1.1522064208984375,1.1522064208984375
1785460260,1.1520737409591675,1.1520737409591675,1.1520737409591675,1.1520737409591675
1785460320,1.1520737409591675,1.1520737409591675,1.1520737409591675,1.1520737409591675
1785460380,1.1520737409591675,1.1520737409591675,1.1520737409591675,1.1520737409591675
1785460440,1.1519410610198975,1.1519410610198975,1.1519410610198975,1.1519410610198975
1785460500,1.1519410610198975,1.1519410610198975,1.1519410610198975,1.1519410610198975
1785460560,1.1519410610198975,1.1519410610198975,1.1519410610198975,1.1519410610198975
1785460620,1.1519410610198975,1.1519410610198975,1.1519410610198975,1.1519410610198975
1785460680,1.1519410610198975,1.1519410610198975,1.1519410610198975,1.1519410610198975
1785460740,1.1519410610198975,1.1519410610198975,1.1519410610198975,1.1519410610198975
1785460800,1.1519410610198975,1.1519410610198975,1.1519410610198975,1.1519410610198975
1785460860,1.1519410610198975,1.1519410610198975,1.1519410610198975,1.1519410610198975
1785460920,1.1520737409591675,1.1520737409591675,1.1520737409591675,1.1520737409591675
1785460980,1.1520737409591675,1.1520737409591675,1.1520737409591675,1.1520737409591675
1785461040,1.1520737409591675,1.1520737409591675,1.1520737409591675,1.1520737409591675
1785461100,1.1520737409591675,1.1520737409591675,1.1520737409591675,1.1520737409591675
1785461160,1.1520737409591675,1.1520737409591675,1.1520737409591675,1.1520737409591675
1785461220,1.1522064208984375,1.1522064208984375,1.1522064208984375,1.1522064208984375
1785461280,1.1522064208984375,1.1522064208984375,1.1522064208984375,1.1522064208984375
1785461340,1.1520737409591675,1.1520737409591675,1.1520737409591675,1.1520737409591675
1785461400,1.1519410610198975,1.1519410610198975,1.1519410610198975,1.1519410610198975
1785461460,1.1520737409591675,1.1520737409591675,1.1520737409591675,1.1520737409591675
1785461520,1.152339220046997,1.152339220046997,1.152339220046997,1.152339220046997
1785461580,1.152339220046997,1.152339220046997,1.152339220046997,1.152339220046997
1785461640,1.152339220046997,1.152339220046997,1.152339220046997,1.152339220046997
1785461700,1.1522064208984375,1.1522064208984375,1.1522064208984375,1.1522064208984375
1785461760,1.152339220046997,1.152339220046997,1.152339220046997,1.152339220046997
1785461820,1.1520737409591675,1.1520737409591675,1.1520737409591675,1.1520737409591675
1785461880,1.1518083810806274,1.1518083810806274,1.1518083810806274,1.1518083810806274
1785461940,1.1518083810806274,1.1518083810806274,1.1518083810806274,1.1518083810806274
1785462000,1.1518083810806274,1.1518083810806274,1.1518083810806274,1.1518083810806274
1785462060,1.1518083810806274,1.1518083810806274,1.1518083810806274,1.1518083810806274
1785462120,1.1519410610198975,1.1519410610198975,1.1519410610198975,1.1519410610198975
1785462180,1.1518083810806274,1.1518083810806274,1.1518083810806274,1.1518083810806274
1785462240,1.1518083810806274,1.1518083810806274,1.1518083810806274,1.1518083810806274
1785462300,1.1518083810806274,1.1518083810806274,1.1518083810806274,1.1518083810806274
1785462360,1.1518083810806274,1.1518083810806274,1.1518083810806274,1.1518083810806274
1785462420,1.1516757011413574,1.1516757011413574,1.1516757011413574,1.1516757011413574
1785462480,1.1516757011413574,1.1516757011413574,1.1516757011413574,1.1516757011413574
1785462540,1.151543140411377,1.151543140411377,1.151543140411377,1.151543140411377
1785462600,1.151410460472107,1.151410460472107,1.151410460472107,1.151410460472107
1785462660,1.151410460472107,1.151410460472107,1.151410460472107,1.151410460472107
1785462720,1.151410460472107,1.151410460472107,1.151410460472107,1.151410460472107
1785462780,1.151543140411377,1.151543140411377,1.151543140411377,1.151543140411377
1785462840,1.151410460472107,1.151410460472107,1.151410460472107,1.151410460472107
1785462900,1.151543140411377,1.151543140411377,1.151543140411377,1.151543140411377
1785462960,1.151410460472107,1.151410460472107,1.151410460472107,1.151410460472107
1785463020,1.151410460472107,1.151410460472107,1.151410460472107,1.151410460472107
1785463080,1.151410460472107,1.151410460472107,1.151410460472107,1.151410460472107
1785463140,1.151410460472107,1.151410460472107,1.151410460472107,1.151410460472107
1785463200,1.151410460472107,1.151410460472107,1.151410460472107,1.151410460472107
1785463260,1.151410460472107,1.151410460472107,1.151410460472107,1.151410460472107
1785463320,1.151410460472107,1.151410460472107,1.151410460472107,1.151410460472107
1785463380,1.151410460472107,1.151410460472107,1.151410460472107,1.151410460472107
1785463440,1.151543140411377,1.151543140411377,1.151543140411377,1.151543140411377
1785463500,1.1516757011413574,1.1516757011413574,1.1516757011413574,1.1516757011413574
1785463560,1.1518083810806274,1.1518083810806274,1.1518083810806274,1.1518083810806274
1785463620,1.1516757011413574,1.1516757011413574,1.1516757011413574,1.1516757011413574
1785463680,1.1516757011413574,1.1516757011413574,1.1516757011413574,1.1516757011413574
1785463740,1.1516757011413574,1.1516757011413574,1.1516757011413574,1.1516757011413574
1785463800,1.1516757011413574,1.1516757011413574,1.1516757011413574,1.1516757011413574
1785463860,1.1519410610198975,1.1519410610198975,1.1519410610198975,1.1519410610198975
1785463920,1.1519410610198975,1.1519410610198975,1.1519410610198975,1.1519410610198975
1785463980,1.1519410610198975,1.1519410610198975,1.1519410610198975,1.1519410610198975
1785464040,1.1519410610198975,1.1519410610198975,1.1519410610198975,1.1519410610198975
1785464100,1.1518083810806274,1.1518083810806274,1.1518083810806274,1.1518083810806274
1785464160,1.1518083810806274,1.1518083810806274,1.1518083810806274,1.1518083810806274
1785464220,1.1518083810806274,1.1518083810806274,1.1518083810806274,1.1518083810806274
1785464280,1.1518083810806274,1.1518083810806274,1.1518083810806274,1.1518083810806274
1785464340,1.1516757011413574,1.1516757011413574,1.1516757011413574,1.1516757011413574
1785464400,1.1518083810806274,1.1518083810806274,1.1518083810806274,1.1518083810806274
1785464460,1.1518083810806274,1.1518083810806274,1.1518083810806274,1.1518083810806274
1785464520,1.1518083810806274,1.1518083810806274,1.1518083810806274,1.1518083810806274
1785464580,1.1518083810806274,1.1518083810806274,1.1518083810806274,1.1518083810806274
1785464640,1.1518083810806274,1.1518083810806274,1.1518083810806274,1.1518083810806274
1785464700,1.1516757011413574,1.1516757011413574,1.1516757011413574,1.1516757011413574
1785464760,1.1516757011413574,1.1516757011413574,1.1516757011413574,1.1516757011413574
1785464820,1.1516757011413574,1.1516757011413574,1.1516757011413574,1.1516757011413574
1785464880,1.1516757011413574,1.1516757011413574,1.1516757011413574,1.1516757011413574
1785464940,1.1516757011413574,1.1516757011413574,1.1516757011413574,1.1516757011413574
1785465000,1.1516757011413574,1.1516757011413574,1.1516757011413574,1.1516757011413574
1785465060,1.1516757011413574,1.1516757011413574,1.1516757011413574,1.1516757011413574
1785465120,1.1516757011413574,1.1516757011413574,1.1516757011413574,1.1516757011413574
1785465180,1.1518083810806274,1.1518083810806274,1.1518083810806274,1.1518083810806274
1785465240,1.1518083810806274,1.1518083810806274,1.1518083810806274,1.1518083810806274
1785465300,1.1516757011413574,1.1516757011413574,1.1516757011413574,1.1516757011413574
1785465360,1.151543140411377,1.151543140411377,1.151543140411377,1.151543140411377
1785465420,1.1516757011413574,1.1516757011413574,1.1516757011413574,1.1516757011413574
1785465480,1.1516757011413574,1.1516757011413574,1.1516757011413574,1.1516757011413574
1785465540,1.1516757011413574,1.1516757011413574,1.1516757011413574,1.1516757011413574
1785465600,1.1516757011413574,1.1516757011413574,1.1516757011413574,1.1516757011413574
1785465660,1.1516757011413574,1.1516757011413574,1.1516757011413574,1.1516757011413574
1785465720,1.151543140411377,1.151543140411377,1.151543140411377,1.151543140411377
1785465780,1.151543140411377,1.151543140411377,1.151543140411377,1.151543140411377
1785465840,1.151543140411377,1.151543140411377,1.151543140411377,1.151543140411377
1785465900,1.151543140411377,1.151543140411377,1.151543140411377,1.151543140411377
1785465960,1.151543140411377,1.151543140411377,1.151543140411377,1.151543140411377
1785466020,1.151543140411377,1.151543140411377,1.151543140411377,1.151543140411377
1785466080,1.151543140411377,1.151543140411377,1.151543140411377,1.151543140411377
1785466140,1.151543140411377,1.151543140411377,1.151543140411377,1.151543140411377
1785466200,1.151543140411377,1.151543140411377,1.151543140411377,1.151543140411377
1785466260,1.151410460472107,1.151410460472107,1.151410460472107,1.151410460472107
1785466320,1.151543140411377,1.151543140411377,1.151543140411377,1.151543140411377
1785466380,1.151543140411377,1.151543140411377,1.151543140411377,1.151543140411377
1785466440,1.151543140411377,1.151543140411377,1.151543140411377,1.151543140411377
1785466500,1.151543140411377,1.151543140411377,1.151543140411377,1.151543140411377
1785466560,1.151543140411377,1.151543140411377,1.151543140411377,1.151543140411377
1785466620,1.151410460472107,1.151410460472107,1.151410460472107,1.151410460472107
1785466680,1.151543140411377,1.151543140411377,1.151543140411377,1.151543140411377
1785466740,1.151543140411377,1.151543140411377,1.151543140411377,1.151543140411377
1785466800,1.151543140411377,1.151543140411377,1.151543140411377,1.151543140411377
1785466860,1.151410460472107,1.151410460472107,1.151410460472107,1.151410460472107
1785466920,1.151410460472107,1.151410460472107,1.151410460472107,1.151410460472107
1785466980,1.151410460472107,1.151410460472107,1.151410460472107,1.151410460472107
1785467040,1.151410460472107,1.151410460472107,1.151410460472107,1.151410460472107
1785467100,1.151410460472107,1.151410460472107,1.151410460472107,1.151410460472107
1785467160,1.151410460472107,1.151410460472107,1.151410460472107,1.151410460472107
1785467220,1.151410460472107,1.151410460472107,1.151410460472107,1.151410460472107
1785467280,1.151543140411377,1.151543140411377,1.151543140411377,1.151543140411377
1785467340,1.151543140411377,1.151543140411377,1.151543140411377,1.151543140411377
1785467400,1.151543140411377,1.151543140411377,1.151543140411377,1.151543140411377
1785467460,1.151410460472107,1.151410460472107,1.151410460472107,1.151410460472107
1785467520,1.1512778997421265,1.1512778997421265,1.1512778997421265,1.1512778997421265
1785467580,1.151543140411377,1.151543140411377,1.151543140411377,1.151543140411377
1785467640,1.151410460472107,1.151410460472107,1.151410460472107,1.151410460472107
1785467700,1.151410460472107,1.151410460472107,1.151410460472107,1.151410460472107
1785467760,1.151410460472107,1.151410460472107,1.151410460472107,1.151410460472107
1785467820,1.151410460472107,1.151410460472107,1.151410460472107,1.151410460472107
1785467880,1.151145339012146,1.151145339012146,1.151145339012146,1.151145339012146
1785467940,1.151145339012146,1.151145339012146,1.151145339012146,1.151145339012146
1785468000,1.1512778997421265,1.1512778997421265,1.1512778997421265,1.1512778997421265
1785468060,1.1512778997421265,1.1512778997421265,1.1512778997421265,1.1512778997421265
1785468120,1.1512778997421265,1.1512778997421265,1.1512778997421265,1.1512778997421265
1785468180,1.1512778997421265,1.1512778997421265,1.1512778997421265,1.1512778997421265
1785468240,1.1512778997421265,1.1512778997421265,1.1512778997421265,1.1512778997421265
1785468300,1.1512778997421265,1.1512778997421265,1.1512778997421265,1.1512778997421265
1785468360,1.151145339012146,1.151145339012146,1.151145339012146,1.151145339012146
1785468420,1.1512778997421265,1.1512778997421265,1.1512778997421265,1.1512778997421265
1785468480,1.1512778997421265,1.1512778997421265,1.1512778997421265,1.1512778997421265
1785468540,1.1512778997421265,1.1512778997421265,1.1512778997421265,1.1512778997421265
1785468600,1.1512778997421265,1.1512778997421265,1.1512778997421265,1.1512778997421265
1785468660,1.1512778997421265,1.1512778997421265,1.1512778997421265,1.1512778997421265
1785468720,1.151145339012146,1.151145339012146,1.151145339012146,1.151145339012146
1785468780,1.1512778997421265,1.1512778997421265,1.1512778997421265,1.1512778997421265
1785468840,1.151145339012146,1.151145339012146,1.151145339012146,1.151145339012146
1785468900,1.1512778997421265,1.1512778997421265,1.1512778997421265,1.1512778997421265
1785468960,1.151145339012146,1.151145339012146,1.151145339012146,1.151145339012146
1785469020,1.151145339012146,1.151145339012146,1.151145339012146,1.151145339012146
1785469080,1.151145339012146,1.151145339012146,1.151145339012146,1.151145339012146
1785469140,1.151145339012146,1.151145339012146,1.151145339012146,1.151145339012146
1785469200,1.151012897491455,1.151012897491455,1.151012897491455,1.151012897491455
1785469260,1.151012897491455,1.151012897491455,1.151012897491455,1.151012897491455
1785469320,1.151012897491455,1.151012897491455,1.151012897491455,1.151012897491455
1785469380,1.151012897491455,1.151012897491455,1.151012897491455,1.151012897491455
1785469440,1.151012897491455,1.151012897491455,1.151012897491455,1.151012897491455
1785469500,1.151145339012146,1.151145339012146,1.151145339012146,1.151145339012146
1785469560,1.1512778997421265,1.1512778997421265,1.1512778997421265,1.1512778997421265
1785469620,1.1512778997421265,1.1512778997421265,1.1512778997421265,1.1512778997421265
1785469680,1.151410460472107,1.151410460472107,1.151410460472107,1.151410460472107
1785469740,1.1512778997421265,1.1512778997421265,1.1512778997421265,1.1512778997421265
1785469800,1.151410460472107,1.151410460472107,1.151410460472107,1.151410460472107
1785469860,1.151410460472107,1.151410460472107,1.151410460472107,1.151410460472107
1785469920,1.151410460472107,1.151410460472107,1.151410460472107,1.151410460472107
1785469980,1.151543140411377,1.151543140411377,1.151543140411377,1.151543140411377
1785470040,1.151543140411377,1.151543140411377,1.151543140411377,1.151543140411377
1785470100,1.151543140411377,1.151543140411377,1.151543140411377,1.151543140411377
1785470160,1.151543140411377,1.151543140411377,1.151543140411377,1.151543140411377
1785470220,1.1516757011413574,1.1516757011413574,1.1516757011413574,1.1516757011413574
1785470280,1.1516757011413574,1.1516757011413574,1.1516757011413574,1.1516757011413574
1785470340,1.1516757011413574,1.1516757011413574,1.1516757011413574,1.1516757011413574
1785470400,1.1516757011413574,1.1516757011413574,1.1516757011413574,1.1516757011413574
1785470460,1.1516757011413574,1.1516757011413574,1.1516757011413574,1.1516757011413574
1785470520,1.1516757011413574,1.1516757011413574,1.1516757011413574,1.1516757011413574
1785470580,1.1516757011413574,1.1516757011413574,1.1516757011413574,1.1516757011413574
1785470640,1.1516757011413574,1.1516757011413574,1.1516757011413574,1.1516757011413574
1785470700,1.1516757011413574,1.1516757011413574,1.1516757011413574,1.1516757011413574
1785470760,1.1516757011413574,1.1516757011413574,1.1516757011413574,1.1516757011413574
1785470820,1.1516757011413574,1.1516757011413574,1.1516757011413574,1.1516757011413574
1785470880,1.1516757011413574,1.1516757011413574,1.1516757011413574,1.1516757011413574
1785470940,1.1516757011413574,1.1516757011413574,1.1516757011413574,1.1516757011413574
1785471000,1.1516757011413574,1.1516757011413574,1.1516757011413574,1.1516757011413574
1785471060,1.1516757011413574,1.1516757011413574,1.1516757011413574,1.1516757011413574
1785471120,1.151543140411377,1.151543140411377,1.151543140411377,1.151543140411377
1785471180,1.151543140411377,1.151543140411377,1.151543140411377,1.151543140411377
1785471240,1.151543140411377,1.151543140411377,1.151543140411377,1.151543140411377
1785471300,1.151543140411377,1.151543140411377,1.151543140411377,1.151543140411377
1785471360,1.151543140411377,1.151543140411377,1.151543140411377,1.151543140411377
1785471420,1.151543140411377,1.151543140411377,1.151543140411377,1.151543140411377
1785471480,1.151543140411377,1.151543140411377,1.151543140411377,1.151543140411377
1785471540,1.151543140411377,1.151543140411377,1.151543140411377,1.151543140411377
1785471600,1.151543140411377,1.151543140411377,1.151543140411377,1.151543140411377
1785471660,1.151543140411377,1.151543140411377,1.151543140411377,1.151543140411377
1785471720,1.1516757011413574,1.1516757011413574,1.1516757011413574,1.1516757011413574
1785471780,1.1516757011413574,1.1516757011413574,1.1516757011413574,1.1516757011413574
1785471840,1.1516757011413574,1.1516757011413574,1.1516757011413574,1.1516757011413574
1785471900,1.1516757011413574,1.1516757011413574,1.1516757011413574,1.1516757011413574
1785471960,1.1516757011413574,1.1516757011413574,1.1516757011413574,1.1516757011413574
1785472020,1.1516757011413574,1.1516757011413574,1.1516757011413574,1.1516757011413574
1785472080,1.151543140411377,1.151543140411377,1.151543140411377,1.151543140411377
1785472140,1.151543140411377,1.151543140411377,1.151543140411377,1.151543140411377
1785472200,1.151410460472107,1.151410460472107,1.151410460472107,1.151410460472107
1785472260,1.1512778997421265,1.1512778997421265,1.1512778997421265,1.1512778997421265
1785472320,1.1512778997421265,1.1512778997421265,1.1512778997421265,1.1512778997421265
1785472380,1.1512778997421265,1.1512778997421265,1.1512778997421265,1.1512778997421265
1785472440,1.1512778997421265,1.1512778997421265,1.1512778997421265,1.1512778997421265
1785472500,1.151410460472107,1.151410460472107,1.151410460472107,1.151410460472107
1785472560,1.151145339012146,1.151145339012146,1.151145339012146,1.151145339012146
1785472620,1.151145339012146,1.151145339012146,1.151145339012146,1.151145339012146
1785472680,1.151145339012146,1.151145339012146,1.151145339012146,1.151145339012146
1785472740,1.151145339012146,1.151145339012146,1.151145339012146,1.151145339012146
1785472800,1.151145339012146,1.151145339012146,1.151145339012146,1.151145339012146
1785472860,1.151012897491455,1.151012897491455,1.151012897491455,1.151012897491455
1785472920,1.1508804559707642,1.1508804559707642,1.1508804559707642,1.1508804559707642
1785472980,1.151012897491455,1.151012897491455,1.151012897491455,1.151012897491455
1785473040,1.151012897491455,1.151012897491455,1.151012897491455,1.151012897491455
1785473100,1.1508804559707642,1.1508804559707642,1.1508804559707642,1.1508804559707642
1785473160,1.1508804559707642,1.1508804559707642,1.1508804559707642,1.1508804559707642
1785473220,1.1508804559707642,1.1508804559707642,1.1508804559707642,1.1508804559707642
1785473280,1.1508804559707642,1.1508804559707642,1.1508804559707642,1.1508804559707642
1785473340,1.1508804559707642,1.1508804559707642,1.1508804559707642,1.1508804559707642
1785473400,1.1508804559707642,1.1508804559707642,1.1508804559707642,1.1508804559707642
1785473460,1.1508804559707642,1.1508804559707642,1.1508804559707642,1.1508804559707642
1785473520,1.1508804559707642,1.1508804559707642,1.1508804559707642,1.1508804559707642
1785473580,1.1508804559707642,1.1508804559707642,1.1508804559707642,1.1508804559707642
1785473640,1.1508804559707642,1.1508804559707642,1.1508804559707642,1.1508804559707642
1785473700,1.151012897491455,1.151012897491455,1.151012897491455,1.151012897491455
1785473760,1.151012897491455,1.151012897491455,1.151012897491455,1.151012897491455
1785473820,1.151145339012146,1.151145339012146,1.151145339012146,1.151145339012146
1785473880,1.151145339012146,1.151145339012146,1.151145339012146,1.151145339012146
1785473940,1.151145339012146,1.151145339012146,1.151145339012146,1.151145339012146
1785474000,1.151145339012146,1.151145339012146,1.151145339012146,1.151145339012146
1785474060,1.151145339012146,1.151145339012146,1.151145339012146,1.151145339012146
1785474120,1.151145339012146,1.151145339012146,1.151145339012146,1.151145339012146
1785474180,1.151012897491455,1.151012897491455,1.151012897491455,1.151012897491455
1785474240,1.151012897491455,1.151012897491455,1.151012897491455,1.151012897491455
1785474300,1.151012897491455,1.151012897491455,1.151012897491455,1.151012897491455
1785474360,1.151012897491455,1.151012897491455,1.151012897491455,1.151012897491455
1785474420,1.151012897491455,1.151012897491455,1.151012897491455,1.151012897491455
1785474480,1.151012897491455,1.151012897491455,1.151012897491455,1.151012897491455
1785474540,1.151012897491455,1.151012897491455,1.151012897491455,1.151012897491455
1785474600,1.151145339012146,1.151145339012146,1.151145339012146,1.151145339012146
1785474660,1.1512778997421265,1.1512778997421265,1.1512778997421265,1.1512778997421265
1785474720,1.151145339012146,1.151145339012146,1.151145339012146,1.151145339012146
1785474780,1.151012897491455,1.151012897491455,1.151012897491455,1.151012897491455
1785474840,1.151012897491455,1.151012897491455,1.151012897491455,1.151012897491455
1785474900,1.1508804559707642,1.1508804559707642,1.1508804559707642,1.1508804559707642
1785474960,1.151012897491455,1.151012897491455,1.151012897491455,1.151012897491455
1785475020,1.151012897491455,1.151012897491455,1.151012897491455,1.151012897491455
1785475080,1.151012897491455,1.151012897491455,1.151012897491455,1.151012897491455
1785475140,1.151012897491455,1.151012897491455,1.151012897491455,1.151012897491455
1785475200,1.151012897491455,1.151012897491455,1.151012897491455,1.151012897491455
1785475260,1.151012897491455,1.151012897491455,1.151012897491455,1.151012897491455
1785475320,1.1508804559707642,1.1508804559707642,1.1508804559707642,1.1508804559707642
1785475380,1.1508804559707642,1.1508804559707642,1.1508804559707642,1.1508804559707642
1785475440,1.1508804559707642,1.1508804559707642,1.1508804559707642,1.1508804559707642
1785475500,1.1508804559707642,1.1508804559707642,1.1508804559707642,1.1508804559707642
1785475560,1.1508804559707642,1.1508804559707642,1.1508804559707642,1.1508804559707642
1785475620,1.1508804559707642,1.1508804559707642,1.1508804559707642,1.1508804559707642
1785475680,1.1508804559707642,1.1508804559707642,1.1508804559707642,1.1508804559707642
1785475740,1.151012897491455,1.151012897491455,1.151012897491455,1.151012897491455
1785475800,1.1508804559707642,1.1508804559707642,1.1508804559707642,1.1508804559707642
1785475860,1.151012897491455,1.151012897491455,1.151012897491455,1.151012897491455
1785475920,1.151012897491455,1.151012897491455,1.151012897491455,1.151012897491455
1785475980,1.151145339012146,1.151145339012146,1.151145339012146,1.151145339012146
1785476040,1.151145339012146,1.151145339012146,1.151145339012146,1.151145339012146
1785476100,1.151145339012146,1.151145339012146,1.151145339012146,1.151145339012146
1785476160,1.151145339012146,1.151145339012146,1.151145339012146,1.151145339012146
1785476220,1.151145339012146,1.151145339012146,1.151145339012146,1.151145339012146
1785476280,1.151012897491455,1.151012897491455,1.151012897491455,1.151012897491455
1785476340,1.151145339012146,1.151145339012146,1.151145339012146,1.151145339012146
1785476400,1.1512778997421265,1.1512778997421265,1.1512778997421265,1.1512778997421265
1785476460,1.1512778997421265,1.1512778997421265,1.1512778997421265,1.1512778997421265
1785476520,1.151145339012146,1.151145339012146,1.151145339012146,1.151145339012146
1785476580,1.151145339012146,1.151145339012146,1.151145339012146,1.151145339012146
1785476640,1.151012897491455,1.151012897491455,1.151012897491455,1.151012897491455
1785476700,1.151012897491455,1.151012897491455,1.151012897491455,1.151012897491455
1785476760,1.151012897491455,1.151012897491455,1.151012897491455,1.151012897491455
1785476820,1.1508804559707642,1.1508804559707642,1.1508804559707642,1.1508804559707642
1785476880,1.1508804559707642,1.1508804559707642,1.1508804559707642,1.1508804559707642
1785476940,1.1508804559707642,1.1508804559707642,1.1508804559707642,1.1508804559707642
1785477000,1.1508804559707642,1.1508804559707642,1.1508804559707642,1.1508804559707642
1785477060,1.1508804559707642,1.1508804559707642,1.1508804559707642,1.1508804559707642
1785477120,1.1508804559707642,1.1508804559707642,1.1508804559707642,1.1508804559707642
1785477180,1.151012897491455,1.151012897491455,1.151012897491455,1.151012897491455
1785477240,1.1508804559707642,1.1508804559707642,1.1508804559707642,1.1508804559707642
1785477300,1.1508804559707642,1.1508804559707642,1.1508804559707642,1.1508804559707642
1785477360,1.1508804559707642,1.1508804559707642,1.1508804559707642,1.1508804559707642
1785477420,1.1508804559707642,1.1508804559707642,1.1508804559707642,1.1508804559707642
1785477480,1.151012897491455,1.151012897491455,1.151012897491455,1.151012897491455
1785477540,1.151012897491455,1.151012897491455,1.151012897491455,1.151012897491455
1785477600,1.1508804559707642,1.1508804559707642,1.1508804559707642,1.1508804559707642
1785477660,1.151145339012146,1.151145339012146,1.151145339012146,1.151145339012146
1785477720,1.1512778997421265,1.1512778997421265,1.1512778997421265,1.1512778997421265
1785477780,1.1512778997421265,1.1512778997421265,1.1512778997421265,1.1512778997421265
1785477840,1.1512778997421265,1.1512778997421265,1.1512778997421265,1.1512778997421265
1785477900,1.151543140411377,1.151543140411377,1.151543140411377,1.151543140411377
1785477960,1.151410460472107,1.151410460472107,1.151410460472107,1.151410460472107
1785478020,1.1516757011413574,1.1516757011413574,1.1516757011413574,1.1516757011413574
1785478080,1.1516757011413574,1.1516757011413574,1.1516757011413574,1.1516757011413574
1785478140,1.1518083810806274,1.1518083810806274,1.1518083810806274,1.1518083810806274
1785478200,1.1518083810806274,1.1518083810806274,1.1518083810806274,1.1518083810806274
1785478260,1.1519410610198975,1.1519410610198975,1.1519410610198975,1.1519410610198975
1785478320,1.1518083810806274,1.1518083810806274,1.1518083810806274,1.1518083810806274
1785478380,1.1516757011413574,1.1516757011413574,1.1516757011413574,1.1516757011413574
1785478440,1.1518083810806274,1.1518083810806274,1.1518083810806274,1.1518083810806274
1785478500,1.1518083810806274,1.1518083810806274,1.1518083810806274,1.1518083810806274
1785478560,1.1519410610198975,1.1519410610198975,1.1519410610198975,1.1519410610198975
1785478620,1.1520737409591675,1.1520737409591675,1.1520737409591675,1.1520737409591675
1785478680,1.1520737409591675,1.1520737409591675,1.1520737409591675,1.1520737409591675
1785478740,1.1520737409591675,1.1520737409591675,1.1520737409591675,1.1520737409591675
1785478800,1.1519410610198975,1.1519410610198975,1.1519410610198975,1.1519410610198975
1785478860,1.1518083810806274,1.1518083810806274,1.1518083810806274,1.1518083810806274
1785478920,1.1518083810806274,1.1518083810806274,1.1518083810806274,1.1518083810806274
1785478980,1.1518083810806274,1.1518083810806274,1.1518083810806274,1.1518083810806274
1785479040,1.1520737409591675,1.1520737409591675,1.1520737409591675,1.1520737409591675
1785479100,1.1522064208984375,1.1522064208984375,1.1522064208984375,1.1522064208984375
1785479160,1.1522064208984375,1.1522064208984375,1.1522064208984375,1.1522064208984375
1785479220,1.152339220046997,1.152339220046997,1.152339220046997,1.152339220046997
1785479280,1.1524720191955566,1.1524720191955566,1.1524720191955566,1.1524720191955566
1785479340,1.1524720191955566,1.1524720191955566,1.1524720191955566,1.1524720191955566
1785479400,1.1520737409591675,1.1520737409591675,1.1520737409591675,1.1520737409591675
1785479460,1.1522064208984375,1.1522064208984375,1.1522064208984375,1.1522064208984375
1785479520,1.1522064208984375,1.1522064208984375,1.1522064208984375,1.1522064208984375
1785479580,1.1520737409591675,1.1520737409591675,1.1520737409591675,1.1520737409591675
1785479640,1.1518083810806274,1.1518083810806274,1.1518083810806274,1.1518083810806274
1785479700,1.1519410610198975,1.1519410610198975,1.1519410610198975,1.1519410610198975
1785479760,1.1518083810806274,1.1518083810806274,1.1518083810806274,1.1518083810806274
1785479820,1.1516757011413574,1.1516757011413574,1.1516757011413574,1.1516757011413574
1785479880,1.1518083810806274,1.1518083810806274,1.1518083810806274,1.1518083810806274
1785479940,1.151410460472107,1.151410460472107,1.151410460472107,1.151410460472107
1785480000,1.1516757011413574,1.1516757011413574,1.1516757011413574,1.1516757011413574
1785480060,1.1516757011413574,1.1516757011413574,1.1516757011413574,1.1516757011413574
1785480120,1.1516757011413574,1.1516757011413574,1.1516757011413574,1.1516757011413574
1785480180,1.151543140411377,1.151543140411377,1.151543140411377,1.151543140411377
1785480240,1.151543140411377,1.151543140411377,1.151543140411377,1.151543140411377
1785480300,1.1519410610198975,1.1519410610198975,1.1519410610198975,1.1519410610198975
1785480360,1.1519410610198975,1.1519410610198975,1.1519410610198975,1.1519410610198975
1785480420,1.1520737409591675,1.1520737409591675,1.1520737409591675,1.1520737409591675
1785480480,1.1522064208984375,1.1522064208984375,1.1522064208984375,1.1522064208984375
1785480540,1.1522064208984375,1.1522064208984375,1.1522064208984375,1.1522064208984375
1785480600,1.1520737409591675,1.1520737409591675,1.1520737409591675,1.1520737409591675
1785480660,1.1524720191955566,1.1524720191955566,1.1524720191955566,1.1524720191955566
1785480720,1.152339220046997,1.152339220046997,1.152339220046997,1.152339220046997
1785480780,1.152339220046997,1.152339220046997,1.152339220046997,1.152339220046997
1785480840,1.152339220046997,1.152339220046997,1.152339220046997,1.152339220046997
1785480900,1.1522064208984375,1.1522064208984375,1.1522064208984375,1.1522064208984375
1785480960,1.1520737409591675,1.1520737409591675,1.1520737409591675,1.1520737409591675
1785481020,1.1522064208984375,1.1522064208984375,1.1522064208984375,1.1522064208984375
1785481080,1.1522064208984375,1.1522064208984375,1.1522064208984375,1.1522064208984375
1785481140,1.1520737409591675,1.1520737409591675,1.1520737409591675,1.1520737409591675
1785481200,1.1520737409591675,1.1520737409591675,1.1520737409591675,1.1520737409591675
1785481260,1.1518083810806274,1.1518083810806274,1.1518083810806274,1.1518083810806274
1785481320,1.1519410610198975,1.1519410610198975,1.1519410610198975,1.1519410610198975
1785481380,1.1519410610198975,1.1519410610198975,1.1519410610198975,1.1519410610198975
1785481440,1.1519410610198975,1.1519410610198975,1.1519410610198975,1.1519410610198975
1785481500,1.1519410610198975,1.1519410610198975,1.1519410610198975,1.1519410610198975
1785481560,1.1519410610198975,1.1519410610198975,1.1519410610198975,1.1519410610198975
1785481620,1.1518083810806274,1.1518083810806274,1.1518083810806274,1.1518083810806274
1785481680,1.1518083810806274,1.1518083810806274,1.1518083810806274,1.1518083810806274
1785481740,1.1518083810806274,1.1518083810806274,1.1518083810806274,1.1518083810806274
1785481800,1.1519410610198975,1.1519410610198975,1.1519410610198975,1.1519410610198975
1785481860,1.1518083810806274,1.1518083810806274,1.1518083810806274,1.1518083810806274
1785481920,1.1520737409591675,1.1520737409591675,1.1520737409591675,1.1520737409591675
1785481980,1.1520737409591675,1.1520737409591675,1.1520737409591675,1.1520737409591675
1785482040,1.1520737409591675,1.1520737409591675,1.1520737409591675,1.1520737409591675
1785482100,1.1519410610198975,1.1519410610198975,1.1519410610198975,1.1519410610198975
1785482160,1.1519410610198975,1.1519410610198975,1.1519410610198975,1.1519410610198975
1785482220,1.1518083810806274,1.1518083810806274,1.1518083810806274,1.1518083810806274
1785482280,1.1518083810806274,1.1518083810806274,1.1518083810806274,1.1518083810806274
1785482340,1.1516757011413574,1.1516757011413574,1.1516757011413574,1.1516757011413574
1785482400,1.1516757011413574,1.1516757011413574,1.1516757011413574,1.1516757011413574
1785482460,1.1516757011413574,1.1516757011413574,1.1516757011413574,1.1516757011413574
1785482520,1.1516757011413574,1.1516757011413574,1.1516757011413574,1.1516757011413574
1785482580,1.1518083810806274,1.1518083810806274,1.1518083810806274,1.1518083810806274
1785482640,1.1516757011413574,1.1516757011413574,1.1516757011413574,1.1516757011413574
1785482700,1.1516757011413574,1.1516757011413574,1.1516757011413574,1.1516757011413574
1785482760,1.1516757011413574,1.1516757011413574,1.1516757011413574,1.1516757011413574
1785482820,1.1518083810806274,1.1518083810806274,1.1518083810806274,1.1518083810806274
1785482880,1.1518083810806274,1.1518083810806274,1.1518083810806274,1.1518083810806274
1785482940,1.1519410610198975,1.1519410610198975,1.1519410610198975,1.1519410610198975
1785483000,1.1516757011413574,1.1516757011413574,1.1516757011413574,1.1516757011413574
1785483060,1.1516757011413574,1.1516757011413574,1.1516757011413574,1.1516757011413574
1785483120,1.1516757011413574,1.1516757011413574,1.1516757011413574,1.1516757011413574
1785483180,1.151543140411377,1.151543140411377,1.151543140411377,1.151543140411377
1785483240,1.151543140411377,1.151543140411377,1.151543140411377,1.151543140411377
1785483300,1.1516757011413574,1.1516757011413574,1.1516757011413574,1.1516757011413574
1785483360,1.1516757011413574,1.1516757011413574,1.1516757011413574,1.1516757011413574
1785483420,1.151543140411377,1.151543140411377,1.151543140411377,1.151543140411377
1785483480,1.1518083810806274,1.1518083810806274,1.1518083810806274,1.1518083810806274
1785483540,1.1518083810806274,1.1518083810806274,1.1518083810806274,1.1518083810806274
1785483600,1.1519410610198975,1.1519410610198975,1.1519410610198975,1.1519410610198975
1785483660,1.1520737409591675,1.1520737409591675,1.1520737409591675,1.1520737409591675
1785483720,1.1520737409591675,1.1520737409591675,1.1520737409591675,1.1520737409591675
1785483780,1.1522064208984375,1.1522064208984375,1.1522064208984375,1.1522064208984375
1785483840,1.1522064208984375,1.1522064208984375,1.1522064208984375,1.1522064208984375
1785483900,1.1522064208984375,1.1522064208984375,1.1522064208984375,1.1522064208984375
1785483960,1.1522064208984375,1.1522064208984375,1.1522064208984375,1.1522064208984375
1785484020,1.152339220046997,1.152339220046997,1.152339220046997,1.152339220046997
1785484080,1.1527377367019653,1.1527377367019653,1.1527377367019653,1.1527377367019653
1785484140,1.1527377367019653,1.1527377367019653,1.1527377367019653,1.1527377367019653
1785484200,1.1524720191955566,1.1524720191955566,1.1524720191955566,1.1524720191955566
1785484260,1.152339220046997,1.152339220046997,1.152339220046997,1.152339220046997
1785484320,1.1520737409591675,1.1520737409591675,1.1520737409591675,1.1520737409591675
1785484380,1.1520737409591675,1.1520737409591675,1.1520737409591675,1.1520737409591675
1785484440,1.1520737409591675,1.1520737409591675,1.1520737409591675,1.1520737409591675
1785484500,1.1519410610198975,1.1519410610198975,1.1519410610198975,1.1519410610198975
1785484560,1.1518083810806274,1.1518083810806274,1.1518083810806274,1.1518083810806274
1785484620,1.1516757011413574,1.1516757011413574,1.1516757011413574,1.1516757011413574
1785484680,1.1516757011413574,1.1516757011413574,1.1516757011413574,1.1516757011413574
1785484740,1.1516757011413574,1.1516757011413574,1.1516757011413574,1.1516757011413574
1785484800,1.1518083810806274,1.1518083810806274,1.1518083810806274,1.1518083810806274
1785484860,1.151543140411377,1.151543140411377,1.151543140411377,1.151543140411377
1785484920,1.1518083810806274,1.1518083810806274,1.1518083810806274,1.1518083810806274
1785484980,1.1519410610198975,1.1519410610198975,1.1519410610198975,1.1519410610198975
1785485040,1.1518083810806274,1.1518083810806274,1.1518083810806274,1.1518083810806274
1785485100,1.1516757011413574,1.1516757011413574,1.1516757011413574,1.1516757011413574
1785485160,1.1516757011413574,1.1516757011413574,1.1516757011413574,1.1516757011413574
1785485220,1.151410460472107,1.151410460472107,1.151410460472107,1.151410460472107
1785485280,1.151410460472107,1.151410460472107,1.151410460472107,1.151410460472107
1785485340,1.151145339012146,1.151145339012146,1.151145339012146,1.151145339012146
1785485400,1.151410460472107,1.151410460472107,1.151410460472107,1.151410460472107
1785485460,1.1512778997421265,1.1512778997421265,1.1512778997421265,1.1512778997421265
1785485520,1.1512778997421265,1.1512778997421265,1.1512778997421265,1.1512778997421265
1785485580,1.151145339012146,1.151145339012146,1.151145339012146,1.151145339012146
1785485640,1.151410460472107,1.151410460472107,1.151410460472107,1.151410460472107
1785485700,1.151410460472107,1.151410460472107,1.151410460472107,1.151410460472107
1785485760,1.151410460472107,1.151410460472107,1.151410460472107,1.151410460472107
1785485820,1.151543140411377,1.151543140411377,1.151543140411377,1.151543140411377
1785485880,1.151410460472107,1.151410460472107,1.151410460472107,1.151410460472107
1785485940,1.151410460472107,1.151410460472107,1.151410460472107,1.151410460472107
1785486000,1.151543140411377,1.151543140411377,1.151543140411377,1.151543140411377
1785486060,1.151410460472107,1.151410460472107,1.151410460472107,1.151410460472107
1785486120,1.151543140411377,1.151543140411377,1.151543140411377,1.151543140411377
1785486180,1.151543140411377,1.151543140411377,1.151543140411377,1.151543140411377
1785486240,1.151410460472107,1.151410460472107,1.151410460472107,1.151410460472107
1785486300,1.1512778997421265,1.1512778997421265,1.1512778997421265,1.1512778997421265
1785486360,1.1512778997421265,1.1512778997421265,1.1512778997421265,1.1512778997421265
1785486420,1.151410460472107,1.151410460472107,1.151410460472107,1.151410460472107
1785486480,1.151410460472107,1.151410460472107,1.151410460472107,1.151410460472107
1785486540,1.1512778997421265,1.1512778997421265,1.1512778997421265,1.1512778997421265
1785486600,1.151145339012146,1.151145339012146,1.151145339012146,1.151145339012146
1785486660,1.1508804559707642,1.1508804559707642,1.1508804559707642,1.1508804559707642
1785486720,1.151012897491455,1.151012897491455,1.151012897491455,1.151012897491455
1785486780,1.151012897491455,1.151012897491455,1.151012897491455,1.151012897491455
1785486840,1.1508804559707642,1.1508804559707642,1.1508804559707642,1.1508804559707642
1785486900,1.1508804559707642,1.1508804559707642,1.1508804559707642,1.1508804559707642
1785486960,1.151012897491455,1.151012897491455,1.151012897491455,1.151012897491455
1785487020,1.151012897491455,1.151012897491455,1.151012897491455,1.151012897491455
1785487080,1.151012897491455,1.151012897491455,1.151012897491455,1.151012897491455
1785487140,1.1508804559707642,1.1508804559707642,1.1508804559707642,1.1508804559707642
1785487200,1.151012897491455,1.151012897491455,1.151012897491455,1.151012897491455
1785487260,1.151012897491455,1.151012897491455,1.151012897491455,1.151012897491455
1785487320,1.151012897491455,1.151012897491455,1.151012897491455,1.151012897491455
1785487380,1.1512778997421265,1.1512778997421265,1.1512778997421265,1.1512778997421265
1785487440,1.151145339012146,1.151145339012146,1.151145339012146,1.151145339012146
1785487500,1.1512778997421265,1.1512778997421265,1.1512778997421265,1.1512778997421265
1785487560,1.1512778997421265,1.1512778997421265,1.1512778997421265,1.1512778997421265
1785487620,1.151410460472107,1.151410460472107,1.151410460472107,1.151410460472107
1785487680,1.1516757011413574,1.1516757011413574,1.1516757011413574,1.1516757011413574
1785487740,1.1518083810806274,1.1518083810806274,1.1518083810806274,1.1518083810806274
1785487800,1.1518083810806274,1.1518083810806274,1.1518083810806274,1.1518083810806274
1785487860,1.1518083810806274,1.1518083810806274,1.1518083810806274,1.1518083810806274
1785487920,1.1518083810806274,1.1518083810806274,1.1518083810806274,1.1518083810806274
1785487980,1.1516757011413574,1.1516757011413574,1.1516757011413574,1.1516757011413574
1785488040,1.1518083810806274,1.1518083810806274,1.1518083810806274,1.1518083810806274
1785488100,1.1518083810806274,1.1518083810806274,1.1518083810806274,1.1518083810806274
1785488160,1.1524720191955566,1.1524720191955566,1.1524720191955566,1.1524720191955566
1785488220,1.1526048183441162,1.1526048183441162,1.1526048183441162,1.1526048183441162
1785488280,1.1528706550598145,1.1528706550598145,1.1528706550598145,1.1528706550598145
1785488340,1.1528706550598145,1.1528706550598145,1.1528706550598145,1.1528706550598145
1785488400,1.1527377367019653,1.1527377367019653,1.1527377367019653,1.1527377367019653
1785488460,1.1526048183441162,1.1526048183441162,1.1526048183441162,1.1526048183441162
1785488520,1.1527377367019653,1.1527377367019653,1.1527377367019653,1.1527377367019653
1785488580,1.1527377367019653,1.1527377367019653,1.1527377367019653,1.1527377367019653
1785488640,1.1526048183441162,1.1526048183441162,1.1526048183441162,1.1526048183441162
1785488700,1.1520737409591675,1.1520737409591675,1.1520737409591675,1.1520737409591675
1785488760,1.152339220046997,1.152339220046997,1.152339220046997,1.152339220046997
1785488820,1.1524720191955566,1.1524720191955566,1.1524720191955566,1.1524720191955566
1785488880,1.1522064208984375,1.1522064208984375,1.1522064208984375,1.1522064208984375
1785488940,1.1520737409591675,1.1520737409591675,1.1520737409591675,1.1520737409591675
1785489000,1.1519410610198975,1.1519410610198975,1.1519410610198975,1.1519410610198975
1785489060,1.1519410610198975,1.1519410610198975,1.1519410610198975,1.1519410610198975
1785489120,1.1520737409591675,1.1520737409591675,1.1520737409591675,1.1520737409591675
1785489180,1.1520737409591675,1.1520737409591675,1.1520737409591675,1.1520737409591675
1785489240,1.1519410610198975,1.1519410610198975,1.1519410610198975,1.1519410610198975
1785489300,1.1518083810806274,1.1518083810806274,1.1518083810806274,1.1518083810806274
1785489360,1.1519410610198975,1.1519410610198975,1.1519410610198975,1.1519410610198975
1785489420,1.1518083810806274,1.1518083810806274,1.1518083810806274,1.1518083810806274
1785489480,1.1518083810806274,1.1518083810806274,1.1518083810806274,1.1518083810806274
1785489540,1.1519410610198975,1.1519410610198975,1.1519410610198975,1.1519410610198975
1785489600,1.1518083810806274,1.1518083810806274,1.1518083810806274,1.1518083810806274
1785489660,1.1520737409591675,1.1520737409591675,1.1520737409591675,1.1520737409591675
1785489720,1.1520737409591675,1.1520737409591675,1.1520737409591675,1.1520737409591675
1785489780,1.1518083810806274,1.1518083810806274,1.1518083810806274,1.1518083810806274
1785489840,1.1518083810806274,1.1518083810806274,1.1518083810806274,1.1518083810806274
1785489900,1.1516757011413574,1.1516757011413574,1.1516757011413574,1.1516757011413574
1785489960,1.1516757011413574,1.1516757011413574,1.1516757011413574,1.1516757011413574
1785490020,1.1516757011413574,1.1516757011413574,1.1516757011413574,1.1516757011413574
1785490080,1.151410460472107,1.151410460472107,1.151410460472107,1.151410460472107
1785490140,1.1512778997421265,1.1512778997421265,1.1512778997421265,1.1512778997421265
1785490200,1.1512778997421265,1.1512778997421265,1.1512778997421265,1.1512778997421265
1785490260,1.151145339012146,1.151145339012146,1.151145339012146,1.151145339012146
1785490320,1.151145339012146,1.151145339012146,1.151145339012146,1.151145339012146
1785490380,1.151410460472107,1.151410460472107,1.151410460472107,1.151410460472107
1785490440,1.1512778997421265,1.1512778997421265,1.1512778997421265,1.1512778997421265
1785490500,1.151145339012146,1.151145339012146,1.151145339012146,1.151145339012146
1785490560,1.151012897491455,1.151012897491455,1.151012897491455,1.151012897491455
1785490620,1.151012897491455,1.151012897491455,1.151012897491455,1.151012897491455
1785490680,1.1508804559707642,1.1508804559707642,1.1508804559707642,1.1508804559707642
1785490740,1.151012897491455,1.151012897491455,1.151012897491455,1.151012897491455
1785490800,1.151012897491455,1.151012897491455,1.151012897491455,1.151012897491455
1785490860,1.1508804559707642,1.1508804559707642,1.1508804559707642,1.1508804559707642
1785490920,1.1508804559707642,1.1508804559707642,1.1508804559707642,1.1508804559707642
1785490980,1.1508804559707642,1.1508804559707642,1.1508804559707642,1.1508804559707642
1785491040,1.1508804559707642,1.1508804559707642,1.1508804559707642,1.1508804559707642
1785491100,1.1507480144500732,1.1507480144500732,1.1507480144500732,1.1507480144500732
1785491160,1.1507480144500732,1.1507480144500732,1.1507480144500732,1.1507480144500732
1785491220,1.151012897491455,1.151012897491455,1.151012897491455,1.151012897491455
1785491280,1.1508804559707642,1.1508804559707642,1.1508804559707642,1.1508804559707642
1785491340,1.1512778997421265,1.1512778997421265,1.1512778997421265,1.1512778997421265
1785491400,1.151145339012146,1.151145339012146,1.151145339012146,1.151145339012146
1785491460,1.151145339012146,1.151145339012146,1.151145339012146,1.151145339012146
1785491520,1.151145339012146,1.151145339012146,1.151145339012146,1.151145339012146
1785491580,1.151145339012146,1.151145339012146,1.151145339012146,1.151145339012146
1785491640,1.151145339012146,1.151145339012146,1.151145339012146,1.151145339012146
1785491700,1.151145339012146,1.151145339012146,1.151145339012146,1.151145339012146
1785491760,1.151012897491455,1.151012897491455,1.151012897491455,1.151012897491455
1785491820,1.151012897491455,1.151012897491455,1.151012897491455,1.151012897491455
1785491880,1.1508804559707642,1.1508804559707642,1.1508804559707642,1.1508804559707642
1785491940,1.1508804559707642,1.1508804559707642,1.1508804559707642,1.1508804559707642
1785492000,1.1507480144500732,1.1507480144500732,1.1507480144500732,1.1507480144500732
1785492060,1.1507480144500732,1.1507480144500732,1.1507480144500732,1.1507480144500732
1785492120,1.151012897491455,1.151012897491455,1.151012897491455,1.151012897491455
1785492180,1.1508804559707642,1.1508804559707642,1.1508804559707642,1.1508804559707642
1785492240,1.151012897491455,1.151012897491455,1.151012897491455,1.151012897491455
1785492300,1.151012897491455,1.151012897491455,1.151012897491455,1.151012897491455
1785492360,1.151012897491455,1.151012897491455,1.151012897491455,1.151012897491455
1785492420,1.151012897491455,1.151012897491455,1.151012897491455,1.151012897491455
1785492480,1.151145339012146,1.151145339012146,1.151145339012146,1.151145339012146
1785492540,1.151012897491455,1.151012897491455,1.151012897491455,1.151012897491455
1785492600,1.151012897491455,1.151012897491455,1.151012897491455,1.151012897491455
1785492660,1.151012897491455,1.151012897491455,1.151012897491455,1.151012897491455
1785492720,1.151012897491455,1.151012897491455,1.151012897491455,1.151012897491455
1785492780,1.151145339012146,1.151145339012146,1.151145339012146,1.151145339012146
1785492840,1.151145339012146,1.151145339012146,1.151145339012146,1.151145339012146
1785492900,1.151012897491455,1.151012897491455,1.151012897491455,1.151012897491455
1785492960,1.1507480144500732,1.1507480144500732,1.1507480144500732,1.1507480144500732
1785493020,1.1508804559707642,1.1508804559707642,1.1508804559707642,1.1508804559707642
1785493080,1.1506155729293823,1.1506155729293823,1.1506155729293823,1.1506155729293823
1785493140,1.1507480144500732,1.1507480144500732,1.1507480144500732,1.1507480144500732
1785493200,1.1506155729293823,1.1506155729293823,1.1506155729293823,1.1506155729293823
1785493260,1.1507480144500732,1.1507480144500732,1.1507480144500732,1.1507480144500732
1785493320,1.1506155729293823,1.1506155729293823,1.1506155729293823,1.1506155729293823
1785493380,1.1506155729293823,1.1506155729293823,1.1506155729293823,1.1506155729293823
1785493440,1.1506155729293823,1.1506155729293823,1.1506155729293823,1.1506155729293823
1785493500,1.1506155729293823,1.1506155729293823,1.1506155729293823,1.1506155729293823
1785493560,1.1506155729293823,1.1506155729293823,1.1506155729293823,1.1506155729293823
1785493620,1.1506155729293823,1.1506155729293823,1.1506155729293823,1.1506155729293823
1785493680,1.1506155729293823,1.1506155729293823,1.1506155729293823,1.1506155729293823
1785493740,1.1506155729293823,1.1506155729293823,1.1506155729293823,1.1506155729293823
1785493800,1.1506155729293823,1.1506155729293823,1.1506155729293823,1.1506155729293823
1785493860,1.1506155729293823,1.1506155729293823,1.1506155729293823,1.1506155729293823
1785493920,1.1506155729293823,1.1506155729293823,1.1506155729293823,1.1506155729293823
1785493980,1.1506155729293823,1.1506155729293823,1.1506155729293823,1.1506155729293823
1785494040,1.1506155729293823,1.1506155729293823,1.1506155729293823,1.1506155729293823
1785494100,1.1507480144500732,1.1507480144500732,1.1507480144500732,1.1507480144500732
1785494160,1.1507480144500732,1.1507480144500732,1.1507480144500732,1.1507480144500732
1785494220,1.1506155729293823,1.1506155729293823,1.1506155729293823,1.1506155729293823
1785494280,1.150483250617981,1.150483250617981,1.150483250617981,1.150483250617981
1785494340,1.150483250617981,1.150483250617981,1.150483250617981,1.150483250617981
1785494400,1.1506155729293823,1.1506155729293823,1.1506155729293823,1.1506155729293823
1785494460,1.1507480144500732,1.1507480144500732,1.1507480144500732,1.1507480144500732
1785494520,1.150483250617981,1.150483250617981,1.150483250617981,1.150483250617981
1785494580,1.150483250617981,1.150483250617981,1.150483250617981,1.150483250617981
1785494640,1.1507480144500732,1.1507480144500732,1.1507480144500732,1.1507480144500732
1785494700,1.1506155729293823,1.1506155729293823,1.1506155729293823,1.1506155729293823
1785494760,1.1506155729293823,1.1506155729293823,1.1506155729293823,1.1506155729293823
1785494820,1.1506155729293823,1.1506155729293823,1.1506155729293823,1.1506155729293823
1785494880,1.1507480144500732,1.1507480144500732,1.1507480144500732,1.1507480144500732
1785494940,1.1506155729293823,1.1506155729293823,1.1506155729293823,1.1506155729293823
1785495000,1.1507480144500732,1.1507480144500732,1.1507480144500732,1.1507480144500732
1785495060,1.1506155729293823,1.1506155729293823,1.1506155729293823,1.1506155729293823
1785495120,1.1506155729293823,1.1506155729293823,1.1506155729293823,1.1506155729293823
1785495180,1.1506155729293823,1.1506155729293823,1.1506155729293823,1.1506155729293823
1785495240,1.150483250617981,1.150483250617981,1.150483250617981,1.150483250617981
1785495300,1.150483250617981,1.150483250617981,1.150483250617981,1.150483250617981
1785495360,1.1506155729293823,1.1506155729293823,1.1506155729293823,1.1506155729293823
1785495420,1.1506155729293823,1.1506155729293823,1.1506155729293823,1.1506155729293823
1785495480,1.150483250617981,1.150483250617981,1.150483250617981,1.150483250617981
1785495540,1.150483250617981,1.150483250617981,1.150483250617981,1.150483250617981
1785495600,1.150483250617981,1.150483250617981,1.150483250617981,1.150483250617981
1785495660,1.15035080909729,1.15035080909729,1.15035080909729,1.15035080909729
1785495720,1.1502184867858887,1.1502184867858887,1.1502184867858887,1.1502184867858887
1785495780,1.1502184867858887,1.1502184867858887,1.1502184867858887,1.1502184867858887
1785495840,1.1502184867858887,1.1502184867858887,1.1502184867858887,1.1502184867858887
1785495900,1.15035080909729,1.15035080909729,1.15035080909729,1.15035080909729
1785495960,1.1502184867858887,1.1502184867858887,1.1502184867858887,1.1502184867858887
1785496020,1.150483250617981,1.150483250617981,1.150483250617981,1.150483250617981
1785496080,1.150483250617981,1.150483250617981,1.150483250617981,1.150483250617981
1785496140,1.150483250617981,1.150483250617981,1.150483250617981,1.150483250617981
1785496200,1.150483250617981,1.150483250617981,1.150483250617981,1.150483250617981
1785496260,1.15035080909729,1.15035080909729,1.15035080909729,1.15035080909729
1785496320,1.15035080909729,1.15035080909729,1.15035080909729,1.15035080909729
1785496380,1.15035080909729,1.15035080909729,1.15035080909729,1.15035080909729
1785496440,1.1502184867858887,1.1502184867858887,1.1502184867858887,1.1502184867858887
1785496500,1.1502184867858887,1.1502184867858887,1.1502184867858887,1.1502184867858887
1785496560,1.1498217582702637,1.1498217582702637,1.1498217582702637,1.1498217582702637
1785496620,1.1499539613723755,1.1499539613723755,1.1499539613723755,1.1499539613723755
1785496680,1.1499539613723755,1.1499539613723755,1.1499539613723755,1.1499539613723755
1785496740,1.1499539613723755,1.1499539613723755,1.1499539613723755,1.1499539613723755
1785496800,1.1498217582702637,1.1498217582702637,1.1498217582702637,1.1498217582702637
1785496860,1.1498217582702637,1.1498217582702637,1.1498217582702637,1.1498217582702637
1785496920,1.1496896743774414,1.1496896743774414,1.1496896743774414,1.1496896743774414
1785496980,1.1495574712753296,1.1495574712753296,1.1495574712753296,1.1495574712753296
1785497040,1.1498217582702637,1.1498217582702637,1.1498217582702637,1.1498217582702637
1785497100,1.1498217582702637,1.1498217582702637,1.1498217582702637,1.1498217582702637
1785497160,1.1496896743774414,1.1496896743774414,1.1496896743774414,1.1496896743774414
1785497220,1.1498217582702637,1.1498217582702637,1.1498217582702637,1.1498217582702637
1785497280,1.1498217582702637,1.1498217582702637,1.1498217582702637,1.1498217582702637
1785497340,1.1496896743774414,1.1496896743774414,1.1496896743774414,1.1496896743774414
1785497400,1.1495574712753296,1.1495574712753296,1.1495574712753296,1.1495574712753296
1785497460,1.1495574712753296,1.1495574712753296,1.1495574712753296,1.1495574712753296
1785497520,1.1494252681732178,1.1494252681732178,1.1494252681732178,1.1494252681732178
1785497580,1.1494252681732178,1.1494252681732178,1.1494252681732178,1.1494252681732178
1785497640,1.1494252681732178,1.1494252681732178,1.1494252681732178,1.1494252681732178
1785497700,1.1495574712753296,1.1495574712753296,1.1495574712753296,1.1495574712753296
1785497760,1.1495574712753296,1.1495574712753296,1.1495574712753296,1.1495574712753296
1785497820,1.1495574712753296,1.1495574712753296,1.1495574712753296,1.1495574712753296
1785497880,1.1494252681732178,1.1494252681732178,1.1494252681732178,1.1494252681732178
1785497940,1.1494252681732178,1.1494252681732178,1.1494252681732178,1.1494252681732178
1785498000,1.1495574712753296,1.1495574712753296,1.1495574712753296,1.1495574712753296
1785498060,1.1494252681732178,1.1494252681732178,1.1494252681732178,1.1494252681732178
1785498120,1.1494252681732178,1.1494252681732178,1.1494252681732178,1.1494252681732178
1785498180,1.1492931842803955,1.1492931842803955,1.1492931842803955,1.1492931842803955
1785498240,1.1494252681732178,1.1494252681732178,1.1494252681732178,1.1494252681732178
1785498300,1.1494252681732178,1.1494252681732178,1.1494252681732178,1.1494252681732178
1785498360,1.1492931842803955,1.1492931842803955,1.1492931842803955,1.1492931842803955
1785498420,1.1492931842803955,1.1492931842803955,1.1492931842803955,1.1492931842803955
1785498480,1.1491611003875732,1.1491611003875732,1.1491611003875732,1.1491611003875732
1785498540,1.1490291357040405,1.1490291357040405,1.1490291357040405,1.1490291357040405
1785498600,1.1490291357040405,1.1490291357040405,1.1490291357040405,1.1490291357040405
1785498660,1.1491611003875732,1.1491611003875732,1.1491611003875732,1.1491611003875732
1785498720,1.1491611003875732,1.1491611003875732,1.1491611003875732,1.1491611003875732
1785498780,1.1491611003875732,1.1491611003875732,1.1491611003875732,1.1491611003875732
1785498840,1.1492931842803955,1.1492931842803955,1.1492931842803955,1.1492931842803955
1785498900,1.1491611003875732,1.1491611003875732,1.1491611003875732,1.1491611003875732
1785498960,1.1490291357040405,1.1490291357040405,1.1490291357040405,1.1490291357040405
1785499020,1.1490291357040405,1.1490291357040405,1.1490291357040405,1.1490291357040405
1785499080,1.1490291357040405,1.1490291357040405,1.1490291357040405,1.1490291357040405
1785499140,1.1488970518112183,1.1488970518112183,1.1488970518112183,1.1488970518112183
1785499200,1.1487650871276855,1.1487650871276855,1.1487650871276855,1.1487650871276855
1785499260,1.1487650871276855,1.1487650871276855,1.1487650871276855,1.1487650871276855
1785499320,1.1487650871276855,1.1487650871276855,1.1487650871276855,1.1487650871276855
1785499380,1.1486331224441528,1.1486331224441528,1.1486331224441528,1.1486331224441528
1785499440,1.1487650871276855,1.1487650871276855,1.1487650871276855,1.1487650871276855
1785499500,1.1488970518112183,1.1488970518112183,1.1488970518112183,1.1488970518112183
1785499560,1.1488970518112183,1.1488970518112183,1.1488970518112183,1.1488970518112183
1785499620,1.1488970518112183,1.1488970518112183,1.1488970518112183,1.1488970518112183
1785499680,1.1488970518112183,1.1488970518112183,1.1488970518112183,1.1488970518112183
1785499740,1.1487650871276855,1.1487650871276855,1.1487650871276855,1.1487650871276855
1785499800,1.1487650871276855,1.1487650871276855,1.1487650871276855,1.1487650871276855
1785499860,1.1487650871276855,1.1487650871276855,1.1487650871276855,1.1487650871276855
1785499920,1.1487650871276855,1.1487650871276855,1.1487650871276855,1.1487650871276855
1785499980,1.1487650871276855,1.1487650871276855,1.1487650871276855,1.1487650871276855
1785500040,1.1490291357040405,1.1490291357040405,1.1490291357040405,1.1490291357040405
1785500100,1.1490291357040405,1.1490291357040405,1.1490291357040405,1.1490291357040405
1785500160,1.1488970518112183,1.1488970518112183,1.1488970518112183,1.1488970518112183
1785500220,1.1490291357040405,1.1490291357040405,1.1490291357040405,1.1490291357040405
1785500280,1.1490291357040405,1.1490291357040405,1.1490291357040405,1.1490291357040405
1785500340,1.1488970518112183,1.1488970518112183,1.1488970518112183,1.1488970518112183
1785500400,1.1490291357040405,1.1490291357040405,1.1490291357040405,1.1490291357040405
1785500460,1.1490291357040405,1.1490291357040405,1.1490291357040405,1.1490291357040405
1785500520,1.1490291357040405,1.1490291357040405,1.1490291357040405,1.1490291357040405
1785500580,1.1490291357040405,1.1490291357040405,1.1490291357040405,1.1490291357040405
1785500640,1.1488970518112183,1.1488970518112183,1.1488970518112183,1.1488970518112183
1785500700,1.1491611003875732,1.1491611003875732,1.1491611003875732,1.1491611003875732
1785500760,1.1490291357040405,1.1490291357040405,1.1490291357040405,1.1490291357040405
1785500820,1.1490291357040405,1.1490291357040405,1.1490291357040405,1.1490291357040405
1785500880,1.1488970518112183,1.1488970518112183,1.1488970518112183,1.1488970518112183
1785500940,1.1487650871276855,1.1487650871276855,1.1487650871276855,1.1487650871276855
1785501000,1.1486331224441528,1.1486331224441528,1.1486331224441528,1.1486331224441528
1785501060,1.1486331224441528,1.1486331224441528,1.1486331224441528,1.1486331224441528
1785501120,1.1488970518112183,1.1488970518112183,1.1488970518112183,1.1488970518112183
1785501180,1.1488970518112183,1.1488970518112183,1.1488970518112183,1.1488970518112183
1785501240,1.1490291357040405,1.1490291357040405,1.1490291357040405,1.1490291357040405
1785501300,1.1490291357040405,1.1490291357040405,1.1490291357040405,1.1490291357040405
1785501360,1.1488970518112183,1.1488970518112183,1.1488970518112183,1.1488970518112183
1785501420,1.1488970518112183,1.1488970518112183,1.1488970518112183,1.1488970518112183
1785501480,1.1488970518112183,1.1488970518112183,1.1488970518112183,1.1488970518112183
1785501540,1.1490291357040405,1.1490291357040405,1.1490291357040405,1.1490291357040405
1785501600,1.1488970518112183,1.1488970518112183,1.1488970518112183,1.1488970518112183
1785501660,1.1487650871276855,1.1487650871276855,1.1487650871276855,1.1487650871276855
1785501720,1.1487650871276855,1.1487650871276855,1.1487650871276855,1.1487650871276855
1785501780,1.1488970518112183,1.1488970518112183,1.1488970518112183,1.1488970518112183
1785501840,1.1488970518112183,1.1488970518112183,1.1488970518112183,1.1488970518112183
1785501900,1.1488970518112183,1.1488970518112183,1.1488970518112183,1.1488970518112183
1785501960,1.1488970518112183,1.1488970518112183,1.1488970518112183,1.1488970518112183
1785502020,1.1487650871276855,1.1487650871276855,1.1487650871276855,1.1487650871276855
1785502080,1.1488970518112183,1.1488970518112183,1.1488970518112183,1.1488970518112183
1785502140,1.1490291357040405,1.1490291357040405,1.1490291357040405,1.1490291357040405
1785502200,1.1490291357040405,1.1490291357040405,1.1490291357040405,1.1490291357040405
1785502260,1.1490291357040405,1.1490291357040405,1.1490291357040405,1.1490291357040405
1785502320,1.1490291357040405,1.1490291357040405,1.1490291357040405,1.1490291357040405
1785502380,1.1492931842803955,1.1492931842803955,1.1492931842803955,1.1492931842803955
1785502440,1.1492931842803955,1.1492931842803955,1.1492931842803955,1.1492931842803955
1785502500,1.1492931842803955,1.1492931842803955,1.1492931842803955,1.1492931842803955
1785502560,1.1492931842803955,1.1492931842803955,1.1492931842803955,1.1492931842803955
1785502620,1.1494252681732178,1.1494252681732178,1.1494252681732178,1.1494252681732178
1785502680,1.1491611003875732,1.1491611003875732,1.1491611003875732,1.1491611003875732
1785502740,1.1492931842803955,1.1492931842803955,1.1492931842803955,1.1492931842803955
1785502800,1.1491611003875732,1.1491611003875732,1.1491611003875732,1.1491611003875732
1785502860,1.1491611003875732,1.1491611003875732,1.1491611003875732,1.1491611003875732
1785502920,1.1492931842803955,1.1492931842803955,1.1492931842803955,1.1492931842803955
1785502980,1.1492931842803955,1.1492931842803955,1.1492931842803955,1.1492931842803955
1785503040,1.1494252681732178,1.1494252681732178,1.1494252681732178,1.1494252681732178
1785503100,1.1492931842803955,1.1492931842803955,1.1492931842803955,1.1492931842803955
1785503160,1.1492931842803955,1.1492931842803955,1.1492931842803955,1.1492931842803955
1785503220,1.1492931842803955,1.1492931842803955,1.1492931842803955,1.1492931842803955
1785503280,1.1492931842803955,1.1492931842803955,1.1492931842803955,1.1492931842803955
1785503340,1.1492931842803955,1.1492931842803955,1.1492931842803955,1.1492931842803955
1785503400,1.1492931842803955,1.1492931842803955,1.1492931842803955,1.1492931842803955
1785503460,1.1494252681732178,1.1494252681732178,1.1494252681732178,1.1494252681732178
1785503520,1.1492931842803955,1.1492931842803955,1.1492931842803955,1.1492931842803955
1785503580,1.1491611003875732,1.1491611003875732,1.1491611003875732,1.1491611003875732
1785503640,1.1491611003875732,1.1491611003875732,1.1491611003875732,1.1491611003875732
1785503700,1.1491611003875732,1.1491611003875732,1.1491611003875732,1.1491611003875732
1785503760,1.1491611003875732,1.1491611003875732,1.1491611003875732,1.1491611003875732
1785503820,1.1490291357040405,1.1490291357040405,1.1490291357040405,1.1490291357040405
1785503880,1.1490291357040405,1.1490291357040405,1.1490291357040405,1.1490291357040405
1785503940,1.1494252681732178,1.1494252681732178,1.1494252681732178,1.1494252681732178
1785504000,1.1495574712753296,1.1495574712753296,1.1495574712753296,1.1495574712753296
1785504060,1.1495574712753296,1.1495574712753296,1.1495574712753296,1.1495574712753296
1785504120,1.15035080909729,1.15035080909729,1.15035080909729,1.15035080909729
1785504180,1.1500862836837769,1.1500862836837769,1.1500862836837769,1.1500862836837769
1785504240,1.15035080909729,1.15035080909729,1.15035080909729,1.15035080909729
1785504300,1.1506155729293823,1.1506155729293823,1.1506155729293823,1.1506155729293823
1785504360,1.15035080909729,1.15035080909729,1.15035080909729,1.15035080909729
1785504420,1.150483250617981,1.150483250617981,1.150483250617981,1.150483250617981
1785504480,1.1506155729293823,1.1506155729293823,1.1506155729293823,1.1506155729293823
1785504540,1.15035080909729,1.15035080909729,1.15035080909729,1.15035080909729
1785504600,1.15035080909729,1.15035080909729,1.15035080909729,1.15035080909729
1785504660,1.1500862836837769,1.1500862836837769,1.1500862836837769,1.1500862836837769
1785504720,1.1502184867858887,1.1502184867858887,1.1502184867858887,1.1502184867858887
1785504780,1.1498217582702637,1.1498217582702637,1.1498217582702637,1.1498217582702637
1785504840,1.1498217582702637,1.1498217582702637,1.1498217582702637,1.1498217582702637
1785504900,1.1492931842803955,1.1492931842803955,1.1492931842803955,1.1492931842803955
1785504960,1.148369312286377,1.148369312286377,1.148369312286377,1.148369312286377
1785505020,1.1477103233337402,1.1477103233337402,1.1477103233337402,1.1477103233337402
1785505080,1.147315263748169,1.147315263748169,1.147315263748169,1.147315263748169
1785505140,1.1467890739440918,1.1467890739440918,1.1467890739440918,1.1467890739440918
1785505200,1.1461317539215088,1.1461317539215088,1.1461317539215088,1.1461317539215088
1785505260,1.1466574668884277,1.1466574668884277,1.1466574668884277,1.1466574668884277
1785505320,1.1466574668884277,1.1466574668884277,1.1466574668884277,1.1466574668884277
1785505380,1.1466574668884277,1.1466574668884277,1.1466574668884277,1.1466574668884277
1785505440,1.147315263748169,1.147315263748169,1.147315263748169,1.147315263748169
1785505500,1.1471836566925049,1.1471836566925049,1.1471836566925049,1.1471836566925049
1785505560,1.147446870803833,1.147446870803833,1.147446870803833,1.147446870803833
1785505620,1.147446870803833,1.147446870803833,1.147446870803833,1.147446870803833
1785505680,1.1471836566925049,1.1471836566925049,1.1471836566925049,1.1471836566925049
1785505740,1.1469204425811768,1.1469204425811768,1.1469204425811768,1.1469204425811768
1785505800,1.1470520496368408,1.1470520496368408,1.1470520496368408,1.1470520496368408
1785505860,1.147446870803833,1.147446870803833,1.147446870803833,1.147446870803833
1785505920,1.147446870803833,1.147446870803833,1.147446870803833,1.147446870803833
1785505980,1.147446870803833,1.147446870803833,1.147446870803833,1.147446870803833
1785506040,1.147446870803833,1.147446870803833,1.147446870803833,1.147446870803833
1785506100,1.1477103233337402,1.1477103233337402,1.1477103233337402,1.1477103233337402
1785506160,1.147446870803833,1.147446870803833,1.147446870803833,1.147446870803833
1785506220,1.1475785970687866,1.1475785970687866,1.1475785970687866,1.1475785970687866
1785506280,1.1471836566925049,1.1471836566925049,1.1471836566925049,1.1471836566925049
1785506340,1.1470520496368408,1.1470520496368408,1.1470520496368408,1.1470520496368408
1785506400,1.1470520496368408,1.1470520496368408,1.1470520496368408,1.1470520496368408
1785506460,1.1466574668884277,1.1466574668884277,1.1466574668884277,1.1466574668884277
1785506520,1.1467890739440918,1.1467890739440918,1.1467890739440918,1.1467890739440918
1785506580,1.1471836566925049,1.1471836566925049,1.1471836566925049,1.1471836566925049
1785506640,1.147315263748169,1.147315263748169,1.147315263748169,1.147315263748169
1785506700,1.1469204425811768,1.1469204425811768,1.1469204425811768,1.1469204425811768
1785506760,1.1470520496368408,1.1470520496368408,1.1470520496368408,1.1470520496368408
1785506820,1.1469204425811768,1.1469204425811768,1.1469204425811768,1.1469204425811768
1785506880,1.1467890739440918,1.1467890739440918,1.1467890739440918,1.1467890739440918
1785506940,1.1469204425811768,1.1469204425811768,1.1469204425811768,1.1469204425811768
1785507000,1.1469204425811768,1.1469204425811768,1.1469204425811768,1.1469204425811768
1785507060,1.1469204425811768,1.1469204425811768,1.1469204425811768,1.1469204425811768
1785507120,1.147446870803833,1.147446870803833,1.147446870803833,1.147446870803833
1785507180,1.147446870803833,1.147446870803833,1.147446870803833,1.147446870803833
1785507240,1.1477103233337402,1.1477103233337402,1.1477103233337402,1.1477103233337402
1785507300,1.1477103233337402,1.1477103233337402,1.1477103233337402,1.1477103233337402
1785507360,1.1477103233337402,1.1477103233337402,1.1477103233337402,1.1477103233337402
1785507420,1.1478420495986938,1.1478420495986938,1.1478420495986938,1.1478420495986938
1785507480,1.1481056213378906,1.1481056213378906,1.1481056213378906,1.1481056213378906
1785507540,1.1475785970687866,1.1475785970687866,1.1475785970687866,1.1475785970687866
1785507600,1.1475785970687866,1.1475785970687866,1.1475785970687866,1.1475785970687866
1785507660,1.1479737758636475,1.1479737758636475,1.1479737758636475,1.1479737758636475
1785507720,1.1479737758636475,1.1479737758636475,1.1479737758636475,1.1479737758636475
1785507780,1.1479737758636475,1.1479737758636475,1.1479737758636475,1.1479737758636475
1785507840,1.1481056213378906,1.1481056213378906,1.1481056213378906,1.1481056213378906
1785507900,1.1479737758636475,1.1479737758636475,1.1479737758636475,1.1479737758636475
1785507960,1.1479737758636475,1.1479737758636475,1.1479737758636475,1.1479737758636475
1785508020,1.1481056213378906,1.1481056213378906,1.1481056213378906,1.1481056213378906
1785508080,1.1482374668121338,1.1482374668121338,1.1482374668121338,1.1482374668121338
1785508140,1.1481056213378906,1.1481056213378906,1.1481056213378906,1.1481056213378906
1785508200,1.148369312286377,1.148369312286377,1.148369312286377,1.148369312286377
1785508260,1.1485011577606201,1.1485011577606201,1.1485011577606201,1.1485011577606201
1785508320,1.1485011577606201,1.1485011577606201,1.1485011577606201,1.1485011577606201
1785508380,1.1486331224441528,1.1486331224441528,1.1486331224441528,1.1486331224441528
1785508440,1.1486331224441528,1.1486331224441528,1.1486331224441528,1.1486331224441528
1785508500,1.1487650871276855,1.1487650871276855,1.1487650871276855,1.1487650871276855
1785508560,1.1486331224441528,1.1486331224441528,1.1486331224441528,1.1486331224441528
1785508620,1.1487650871276855,1.1487650871276855,1.1487650871276855,1.1487650871276855
1785508680,1.1488970518112183,1.1488970518112183,1.1488970518112183,1.1488970518112183
1785508740,1.1490291357040405,1.1490291357040405,1.1490291357040405,1.1490291357040405
1785508800,1.1492931842803955,1.1492931842803955,1.1492931842803955,1.1492931842803955
1785508860,1.1492931842803955,1.1492931842803955,1.1492931842803955,1.1492931842803955
1785508920,1.1492931842803955,1.1492931842803955,1.1492931842803955,1.1492931842803955
1785508980,1.1491611003875732,1.1491611003875732,1.1491611003875732,1.1491611003875732
1785509040,1.1492931842803955,1.1492931842803955,1.1492931842803955,1.1492931842803955
1785509100,1.1495574712753296,1.1495574712753296,1.1495574712753296,1.1495574712753296
1785509160,1.1499539613723755,1.1499539613723755,1.1499539613723755,1.1499539613723755
1785509220,1.1496896743774414,1.1496896743774414,1.1496896743774414,1.1496896743774414
1785509280,1.1498217582702637,1.1498217582702637,1.1498217582702637,1.1498217582702637
1785509340,1.1499539613723755,1.1499539613723755,1.1499539613723755,1.1499539613723755
1785509400,1.1496896743774414,1.1496896743774414,1.1496896743774414,1.1496896743774414
1785509460,1.15035080909729,1.15035080909729,1.15035080909729,1.15035080909729
1785509520,1.1500862836837769,1.1500862836837769,1.1500862836837769,1.1500862836837769
1785509580,1.1506155729293823,1.1506155729293823,1.1506155729293823,1.1506155729293823
1785509640,1.150483250617981,1.150483250617981,1.150483250617981,1.150483250617981
1785509700,1.15035080909729,1.15035080909729,1.15035080909729,1.15035080909729
1785509760,1.15035080909729,1.15035080909729,1.15035080909729,1.15035080909729
1785509820,1.15035080909729,1.15035080909729,1.15035080909729,1.15035080909729
1785509880,1.1507480144500732,1.1507480144500732,1.1507480144500732,1.1507480144500732
1785509940,1.1508804559707642,1.1508804559707642,1.1508804559707642,1.1508804559707642
1785510000,1.151012897491455,1.151012897491455,1.151012897491455,1.151012897491455
1785510060,1.1508804559707642,1.1508804559707642,1.1508804559707642,1.1508804559707642
1785510120,1.150483250617981,1.150483250617981,1.150483250617981,1.150483250617981
1785510180,1.1502184867858887,1.1502184867858887,1.1502184867858887,1.1502184867858887
1785510240,1.150483250617981,1.150483250617981,1.150483250617981,1.150483250617981
1785510300,1.15035080909729,1.15035080909729,1.15035080909729,1.15035080909729
1785510360,1.150483250617981,1.150483250617981,1.150483250617981,1.150483250617981
1785510420,1.150483250617981,1.150483250617981,1.150483250617981,1.150483250617981
1785510480,1.1507480144500732,1.1507480144500732,1.1507480144500732,1.1507480144500732
1785510540,1.1506155729293823,1.1506155729293823,1.1506155729293823,1.1506155729293823
1785510600,1.1502184867858887,1.1502184867858887,1.1502184867858887,1.1502184867858887
1785510660,1.1502184867858887,1.1502184867858887,1.1502184867858887,1.1502184867858887
1785510720,1.1500862836837769,1.1500862836837769,1.1500862836837769,1.1500862836837769
1785510780,1.150483250617981,1.150483250617981,1.150483250617981,1.150483250617981
1785510840,1.1506155729293823,1.1506155729293823,1.1506155729293823,1.1506155729293823
1785510900,1.1507480144500732,1.1507480144500732,1.1507480144500732,1.1507480144500732
1785510960,1.1506155729293823,1.1506155729293823,1.1506155729293823,1.1506155729293823
1785511020,1.150483250617981,1.150483250617981,1.150483250617981,1.150483250617981
1785511080,1.150483250617981,1.150483250617981,1.150483250617981,1.150483250617981
1785511140,1.150483250617981,1.150483250617981,1.150483250617981,1.150483250617981
1785511200,1.150483250617981,1.150483250617981,1.150483250617981,1.150483250617981
1785511260,1.15035080909729,1.15035080909729,1.15035080909729,1.15035080909729
1785511320,1.150483250617981,1.150483250617981,1.150483250617981,1.150483250617981
1785511380,1.1506155729293823,1.1506155729293823,1.1506155729293823,1.1506155729293823
1785511440,1.1507480144500732,1.1507480144500732,1.1507480144500732,1.1507480144500732
1785511500,1.1506155729293823,1.1506155729293823,1.1506155729293823,1.1506155729293823
1785511560,1.1508804559707642,1.1508804559707642,1.1508804559707642,1.1508804559707642
1785511620,1.151145339012146,1.151145339012146,1.151145339012146,1.151145339012146
1785511680,1.1508804559707642,1.1508804559707642,1.1508804559707642,1.1508804559707642
1785511740,1.1506155729293823,1.1506155729293823,1.1506155729293823,1.1506155729293823
1785511800,1.1507480144500732,1.1507480144500732,1.1507480144500732,1.1507480144500732
1785511860,1.1507480144500732,1.1507480144500732,1.1507480144500732,1.1507480144500732
1785511920,1.1506155729293823,1.1506155729293823,1.1506155729293823,1.1506155729293823
1785511980,1.1506155729293823,1.1506155729293823,1.1506155729293823,1.1506155729293823
1785512040,1.150483250617981,1.150483250617981,1.150483250617981,1.150483250617981
1785512100,1.1506155729293823,1.1506155729293823,1.1506155729293823,1.1506155729293823
1785512160,1.1507480144500732,1.1507480144500732,1.1507480144500732,1.1507480144500732
1785512220,1.151012897491455,1.151012897491455,1.151012897491455,1.151012897491455
1785512280,1.1512778997421265,1.1512778997421265,1.1512778997421265,1.1512778997421265
1785512340,1.151145339012146,1.151145339012146,1.151145339012146,1.151145339012146
1785512400,1.151145339012146,1.151145339012146,1.151145339012146,1.151145339012146
1785512460,1.1512778997421265,1.1512778997421265,1.1512778997421265,1.1512778997421265
1785512520,1.1512778997421265,1.1512778997421265,1.1512778997421265,1.1512778997421265
1785512580,1.151145339012146,1.151145339012146,1.151145339012146,1.151145339012146
1785512640,1.1512778997421265,1.1512778997421265,1.1512778997421265,1.1512778997421265
1785512700,1.151145339012146,1.151145339012146,1.151145339012146,1.151145339012146
1785512760,1.151410460472107,1.151410460472107,1.151410460472107,1.151410460472107
1785512820,1.151543140411377,1.151543140411377,1.151543140411377,1.151543140411377
1785512880,1.151543140411377,1.151543140411377,1.151543140411377,1.151543140411377
1785512940,1.1516757011413574,1.1516757011413574,1.1516757011413574,1.1516757011413574
1785513000,1.1516757011413574,1.1516757011413574,1.1516757011413574,1.1516757011413574
1785513060,1.1518083810806274,1.1518083810806274,1.1518083810806274,1.1518083810806274
1785513120,1.1518083810806274,1.1518083810806274,1.1518083810806274,1.1518083810806274
1785513180,1.1519410610198975,1.1519410610198975,1.1519410610198975,1.1519410610198975
1785513240,1.1519410610198975,1.1519410610198975,1.1519410610198975,1.1519410610198975
1785513300,1.1519410610198975,1.1519410610198975,1.1519410610198975,1.1519410610198975
1785513360,1.1519410610198975,1.1519410610198975,1.1519410610198975,1.1519410610198975
1785513420,1.1519410610198975,1.1519410610198975,1.1519410610198975,1.1519410610198975
1785513480,1.1519410610198975,1.1519410610198975,1.1519410610198975,1.1519410610198975
1785513540,1.1522064208984375,1.1522064208984375,1.1522064208984375,1.1522064208984375
1785513600,1.1520737409591675,1.1520737409591675,1.1520737409591675,1.1520737409591675
1785513660,1.1518083810806274,1.1518083810806274,1.1518083810806274,1.1518083810806274
1785513720,1.1518083810806274,1.1518083810806274,1.1518083810806274,1.1518083810806274
1785513780,1.1516757011413574,1.1516757011413574,1.1516757011413574,1.1516757011413574
1785513840,1.1516757011413574,1.1516757011413574,1.1516757011413574,1.1516757011413574
1785513900,1.1518083810806274,1.1518083810806274,1.1518083810806274,1.1518083810806274
1785513960,1.1516757011413574,1.1516757011413574,1.1516757011413574,1.1516757011413574
1785514020,1.1518083810806274,1.1518083810806274,1.1518083810806274,1.1518083810806274
1785514080,1.1518083810806274,1.1518083810806274,1.1518083810806274,1.1518083810806274
1785514140,1.1516757011413574,1.1516757011413574,1.1516757011413574,1.1516757011413574
1785514200,1.1518083810806274,1.1518083810806274,1.1518083810806274,1.1518083810806274
1785514260,1.1519410610198975,1.1519410610198975,1.1519410610198975,1.1519410610198975
1785514320,1.1520737409591675,1.1520737409591675,1.1520737409591675,1.1520737409591675
1785514380,1.1519410610198975,1.1519410610198975,1.1519410610198975,1.1519410610198975
1785514440,1.1522064208984375,1.1522064208984375,1.1522064208984375,1.1522064208984375
1785514500,1.1519410610198975,1.1519410610198975,1.1519410610198975,1.1519410610198975
1785514560,1.1519410610198975,1.1519410610198975,1.1519410610198975,1.1519410610198975
1785514620,1.1519410610198975,1.1519410610198975,1.1519410610198975,1.1519410610198975
1785514680,1.1519410610198975,1.1519410610198975,1.1519410610198975,1.1519410610198975
1785514740,1.1520737409591675,1.1520737409591675,1.1520737409591675,1.1520737409591675
1785514800,1.1519410610198975,1.1519410610198975,1.1519410610198975,1.1519410610198975
1785514860,1.1518083810806274,1.1518083810806274,1.1518083810806274,1.1518083810806274
1785514920,1.1518083810806274,1.1518083810806274,1.1518083810806274,1.1518083810806274
1785514980,1.1516757011413574,1.1516757011413574,1.1516757011413574,1.1516757011413574
1785515040,1.1516757011413574,1.1516757011413574,1.1516757011413574,1.1516757011413574
1785515100,1.1516757011413574,1.1516757011413574,1.1516757011413574,1.1516757011413574
1785515160,1.1518083810806274,1.1518083810806274,1.1518083810806274,1.1518083810806274
1785515220,1.1518083810806274,1.1518083810806274,1.1518083810806274,1.1518083810806274
1785515280,1.1516757011413574,1.1516757011413574,1.1516757011413574,1.1516757011413574
1785515340,1.1516757011413574,1.1516757011413574,1.1516757011413574,1.1516757011413574
1785515400,1.1516757011413574,1.1516757011413574,1.1516757011413574,1.1516757011413574
1785515460,1.1516757011413574,1.1516757011413574,1.1516757011413574,1.1516757011413574
1785515520,1.1518083810806274,1.1518083810806274,1.1518083810806274,1.1518083810806274
1785515580,1.1518083810806274,1.1518083810806274,1.1518083810806274,1.1518083810806274
1785515640,1.1519410610198975,1.1519410610198975,1.1519410610198975,1.1519410610198975
1785515700,1.1519410610198975,1.1519410610198975,1.1519410610198975,1.1519410610198975
1785515760,1.1519410610198975,1.1519410610198975,1.1519410610198975,1.1519410610198975
1785515820,1.1520737409591675,1.1520737409591675,1.1520737409591675,1.1520737409591675
1785515880,1.1519410610198975,1.1519410610198975,1.1519410610198975,1.1519410610198975
1785515940,1.1519410610198975,1.1519410610198975,1.1519410610198975,1.1519410610198975
1785516000,1.1519410610198975,1.1519410610198975,1.1519410610198975,1.1519410610198975
1785516060,1.1519410610198975,1.1519410610198975,1.1519410610198975,1.1519410610198975
1785516120,1.1519410610198975,1.1519410610198975,1.1519410610198975,1.1519410610198975
1785516180,1.1519410610198975,1.1519410610198975,1.1519410610198975,1.1519410610198975
1785516240,1.1516757011413574,1.1516757011413574,1.1516757011413574,1.1516757011413574
1785516300,1.1518083810806274,1.1518083810806274,1.1518083810806274,1.1518083810806274
1785516360,1.1518083810806274,1.1518083810806274,1.1518083810806274,1.1518083810806274
1785516420,1.1519410610198975,1.1519410610198975,1.1519410610198975,1.1519410610198975
1785516480,1.1518083810806274,1.1518083810806274,1.1518083810806274,1.1518083810806274
1785516540,1.1519410610198975,1.1519410610198975,1.1519410610198975,1.1519410610198975
1785516600,1.1519410610198975,1.1519410610198975,1.1519410610198975,1.1519410610198975
1785516660,1.1519410610198975,1.1519410610198975,1.1519410610198975,1.1519410610198975
1785516720,1.1519410610198975,1.1519410610198975,1.1519410610198975,1.1519410610198975
1785516780,1.1519410610198975,1.1519410610198975,1.1519410610198975,1.1519410610198975
1785516840,1.1520737409591675,1.1520737409591675,1.1520737409591675,1.1520737409591675
1785516900,1.1519410610198975,1.1519410610198975,1.1519410610198975,1.1519410610198975
1785516960,1.1519410610198975,1.1519410610198975,1.1519410610198975,1.1519410610198975
1785517020,1.1519410610198975,1.1519410610198975,1.1519410610198975,1.1519410610198975
1785517080,1.1520737409591675,1.1520737409591675,1.1520737409591675,1.1520737409591675
1785517140,1.1520737409591675,1.1520737409591675,1.1520737409591675,1.1520737409591675
1785517200,1.1522064208984375,1.1522064208984375,1.1522064208984375,1.1522064208984375
1785517260,1.1520737409591675,1.1520737409591675,1.1520737409591675,1.1520737409591675
1785517320,1.1520737409591675,1.1520737409591675,1.1520737409591675,1.1520737409591675
1785517380,1.1522064208984375,1.1522064208984375,1.1522064208984375,1.1522064208984375
1785517440,1.1522064208984375,1.1522064208984375,1.1522064208984375,1.1522064208984375
1785517500,1.1522064208984375,1.1522064208984375,1.1522064208984375,1.1522064208984375
1785517560,1.1522064208984375,1.1522064208984375,1.1522064208984375,1.1522064208984375
1785517620,1.1522064208984375,1.1522064208984375,1.1522064208984375,1.1522064208984375
1785517680,1.1522064208984375,1.1522064208984375,1.1522064208984375,1.1522064208984375
1785517740,1.1522064208984375,1.1522064208984375,1.1522064208984375,1.1522064208984375
1785517800,1.1520737409591675,1.1520737409591675,1.1520737409591675,1.1520737409591675
1785517860,1.1522064208984375,1.1522064208984375,1.1522064208984375,1.1522064208984375
1785517920,1.152339220046997,1.152339220046997,1.152339220046997,1.152339220046997
1785517980,1.1524720191955566,1.1524720191955566,1.1524720191955566,1.1524720191955566
1785518040,1.1526048183441162,1.1526048183441162,1.1526048183441162,1.1526048183441162
1785518100,1.1526048183441162,1.1526048183441162,1.1526048183441162,1.1526048183441162
1785518160,1.1526048183441162,1.1526048183441162,1.1526048183441162,1.1526048183441162
1785518220,1.1526048183441162,1.1526048183441162,1.1526048183441162,1.1526048183441162
1785518280,1.1526048183441162,1.1526048183441162,1.1526048183441162,1.1526048183441162
1785518340,1.1524720191955566,1.1524720191955566,1.1524720191955566,1.1524720191955566
1785518400,1.152339220046997,1.152339220046997,1.152339220046997,1.152339220046997
1785518460,1.1524720191955566,1.1524720191955566,1.1524720191955566,1.1524720191955566
1785518520,1.1524720191955566,1.1524720191955566,1.1524720191955566,1.1524720191955566
1785518580,1.1526048183441162,1.1526048183441162,1.1526048183441162,1.1526048183441162
1785518640,1.1526048183441162,1.1526048183441162,1.1526048183441162,1.1526048183441162
1785518700,1.1527377367019653,1.1527377367019653,1.1527377367019653,1.1527377367019653
1785518760,1.1526048183441162,1.1526048183441162,1.1526048183441162,1.1526048183441162
1785518820,1.1528706550598145,1.1528706550598145,1.1528706550598145,1.1528706550598145
1785518880,1.1530035734176636,1.1530035734176636,1.1530035734176636,1.1530035734176636
1785518940,1.1530035734176636,1.1530035734176636,1.1530035734176636,1.1530035734176636
1785519000,1.1531364917755127,1.1531364917755127,1.1531364917755127,1.1531364917755127
1785519060,1.1532695293426514,1.1532695293426514,1.1532695293426514,1.1532695293426514
1785519120,1.15340256690979,1.15340256690979,1.15340256690979,1.15340256690979
1785519180,1.1535356044769287,1.1535356044769287,1.1535356044769287,1.1535356044769287
1785519240,1.15340256690979,1.15340256690979,1.15340256690979,1.15340256690979
1785519300,1.1535356044769287,1.1535356044769287,1.1535356044769287,1.1535356044769287
1785519360,1.1536686420440674,1.1536686420440674,1.1536686420440674,1.1536686420440674
1785519420,1.1536686420440674,1.1536686420440674,1.1536686420440674,1.1536686420440674
1785519480,1.1535356044769287,1.1535356044769287,1.1535356044769287,1.1535356044769287
1785519540,1.1535356044769287,1.1535356044769287,1.1535356044769287,1.1535356044769287
1785519600,1.1538017988204956,1.1538017988204956,1.1538017988204956,1.1538017988204956
1785519660,1.1536686420440674,1.1536686420440674,1.1536686420440674,1.1536686420440674
1785519720,1.1538017988204956,1.1538017988204956,1.1538017988204956,1.1538017988204956
1785519780,1.1538017988204956,1.1538017988204956,1.1538017988204956,1.1538017988204956
1785519840,1.1538017988204956,1.1538017988204956,1.1538017988204956,1.1538017988204956
1785519900,1.1538017988204956,1.1538017988204956,1.1538017988204956,1.1538017988204956
1785519960,1.1532695293426514,1.1532695293426514,1.1532695293426514,1.1532695293426514
1785520020,1.15340256690979,1.15340256690979,1.15340256690979,1.15340256690979
1785520080,1.1531364917755127,1.1531364917755127,1.1531364917755127,1.1531364917755127
1785520140,1.1535356044769287,1.1535356044769287,1.1535356044769287,1.1535356044769287
1785520200,1.1536686420440674,1.1536686420440674,1.1536686420440674,1.1536686420440674
1785520260,1.1538017988204956,1.1538017988204956,1.1538017988204956,1.1538017988204956
1785520320,1.1539349555969238,1.1539349555969238,1.1539349555969238,1.1539349555969238
1785520380,1.154068112373352,1.154068112373352,1.154068112373352,1.154068112373352
1785520440,1.1539349555969238,1.1539349555969238,1.1539349555969238,1.1539349555969238
1785520500,1.1539349555969238,1.1539349555969238,1.1539349555969238,1.1539349555969238
1785520560,1.1539349555969238,1.1539349555969238,1.1539349555969238,1.1539349555969238
1785520620,1.1539349555969238,1.1539349555969238,1.1539349555969238,1.1539349555969238
1785520680,1.1539349555969238,1.1539349555969238,1.1539349555969238,1.1539349555969238
1785520740,1.1538017988204956,1.1538017988204956,1.1538017988204956,1.1538017988204956
1785520800,1.1536686420440674,1.1536686420440674,1.1536686420440674,1.1536686420440674
1785520860,1.1538017988204956,1.1538017988204956,1.1538017988204956,1.1538017988204956
1785520920,1.1535356044769287,1.1535356044769287,1.1535356044769287,1.1535356044769287
1785520980,1.1538017988204956,1.1538017988204956,1.1538017988204956,1.1538017988204956
1785521040,1.1536686420440674,1.1536686420440674,1.1536686420440674,1.1536686420440674
1785521100,1.1536686420440674,1.1536686420440674,1.1536686420440674,1.1536686420440674
1785521160,1.1535356044769287,1.1535356044769287,1.1535356044769287,1.1535356044769287
1785521220,1.1536686420440674,1.1536686420440674,1.1536686420440674,1.1536686420440674
1785521280,1.1535356044769287,1.1535356044769287,1.1535356044769287,1.1535356044769287
1785521340,1.1535356044769287,1.1535356044769287,1.1535356044769287,1.1535356044769287
1785521400,1.1535356044769287,1.1535356044769287,1.1535356044769287,1.1535356044769287
1785521460,1.1535356044769287,1.1535356044769287,1.1535356044769287,1.1535356044769287
1785521520,1.15340256690979,1.15340256690979,1.15340256690979,1.15340256690979
1785521580,1.1535356044769287,1.1535356044769287,1.1535356044769287,1.1535356044769287
1785521640,1.15340256690979,1.15340256690979,1.15340256690979,1.15340256690979
1785521700,1.1531364917755127,1.1531364917755127,1.1531364917755127,1.1531364917755127
1785521760,1.1531364917755127,1.1531364917755127,1.1531364917755127,1.1531364917755127
1785521820,1.1531364917755127,1.1531364917755127,1.1531364917755127,1.1531364917755127
1785521880,1.1532695293426514,1.1532695293426514,1.1532695293426514,1.1532695293426514
1785521940,1.15340256690979,1.15340256690979,1.15340256690979,1.15340256690979
1785522000,1.1532695293426514,1.1532695293426514,1.1532695293426514,1.1532695293426514
1785522060,1.1532695293426514,1.1532695293426514,1.1532695293426514,1.1532695293426514
1785522120,1.1531364917755127,1.1531364917755127,1.1531364917755127,1.1531364917755127
1785522180,1.1532695293426514,1.1532695293426514,1.1532695293426514,1.1532695293426514
1785522240,1.1532695293426514,1.1532695293426514,1.1532695293426514,1.1532695293426514
1785522300,1.1532695293426514,1.1532695293426514,1.1532695293426514,1.1532695293426514
1785522360,1.15340256690979,1.15340256690979,1.15340256690979,1.15340256690979
1785522420,1.15340256690979,1.15340256690979,1.15340256690979,1.15340256690979
1785522480,1.1531364917755127,1.1531364917755127,1.1531364917755127,1.1531364917755127
1785522540,1.1532695293426514,1.1532695293426514,1.1532695293426514,1.1532695293426514
1785522600,1.1532695293426514,1.1532695293426514,1.1532695293426514,1.1532695293426514
1785522660,1.1532695293426514,1.1532695293426514,1.1532695293426514,1.1532695293426514
1785522720,1.1531364917755127,1.1531364917755127,1.1531364917755127,1.1531364917755127
1785522780,1.1531364917755127,1.1531364917755127,1.1531364917755127,1.1531364917755127
1785522840,1.1531364917755127,1.1531364917755127,1.1531364917755127,1.1531364917755127
1785522900,1.1530035734176636,1.1530035734176636,1.1530035734176636,1.1530035734176636
1785522960,1.1532695293426514,1.1532695293426514,1.1532695293426514,1.1532695293426514
1785523020,1.15340256690979,1.15340256690979,1.15340256690979,1.15340256690979
1785523080,1.1532695293426514,1.1532695293426514,1.1532695293426514,1.1532695293426514
1785523140,1.1532695293426514,1.1532695293426514,1.1532695293426514,1.1532695293426514
1785523200,1.1532695293426514,1.1532695293426514,1.1532695293426514,1.1532695293426514
1785523260,1.1532695293426514,1.1532695293426514,1.1532695293426514,1.1532695293426514
1785523320,1.1532695293426514,1.1532695293426514,1.1532695293426514,1.1532695293426514
1785523380,1.1531364917755127,1.1531364917755127,1.1531364917755127,1.1531364917755127
1785523440,1.1531364917755127,1.1531364917755127,1.1531364917755127,1.1531364917755127
1785523500,1.1530035734176636,1.1530035734176636,1.1530035734176636,1.1530035734176636
1785523560,1.1530035734176636,1.1530035734176636,1.1530035734176636,1.1530035734176636
1785523620,1.1528706550598145,1.1528706550598145,1.1528706550598145,1.1528706550598145
1785523680,1.1528706550598145,1.1528706550598145,1.1528706550598145,1.1528706550598145
1785523740,1.1528706550598145,1.1528706550598145,1.1528706550598145,1.1528706550598145
1785523800,1.1528706550598145,1.1528706550598145,1.1528706550598145,1.1528706550598145
1785523860,1.1528706550598145,1.1528706550598145,1.1528706550598145,1.1528706550598145
1785523920,1.1528706550598145,1.1528706550598145,1.1528706550598145,1.1528706550598145
1785523980,1.1528706550598145,1.1528706550598145,1.1528706550598145,1.1528706550598145
1785524040,1.1531364917755127,1.1531364917755127,1.1531364917755127,1.1531364917755127
1785524100,1.1532695293426514,1.1532695293426514,1.1532695293426514,1.1532695293426514
1785524160,1.1531364917755127,1.1531364917755127,1.1531364917755127,1.1531364917755127
1785524220,1.15340256690979,1.15340256690979,1.15340256690979,1.15340256690979
1785524280,1.15340256690979,1.15340256690979,1.15340256690979,1.15340256690979
1785524340,1.15340256690979,1.15340256690979,1.15340256690979,1.15340256690979
1785524400,1.1535356044769287,1.1535356044769287,1.1535356044769287,1.1535356044769287
1785524460,1.1535356044769287,1.1535356044769287,1.1535356044769287,1.1535356044769287
1785524520,1.1535356044769287,1.1535356044769287,1.1535356044769287,1.1535356044769287
1785524580,1.1536686420440674,1.1536686420440674,1.1536686420440674,1.1536686420440674
1785524640,1.1536686420440674,1.1536686420440674,1.1536686420440674,1.1536686420440674
1785524700,1.1536686420440674,1.1536686420440674,1.1536686420440674,1.1536686420440674
1785524760,1.1536686420440674,1.1536686420440674,1.1536686420440674,1.1536686420440674
1785524820,1.1536686420440674,1.1536686420440674,1.1536686420440674,1.1536686420440674
1785524880,1.1535356044769287,1.1535356044769287,1.1535356044769287,1.1535356044769287
1785524940,1.1536686420440674,1.1536686420440674,1.1536686420440674,1.1536686420440674
1785525000,1.1536686420440674,1.1536686420440674,1.1536686420440674,1.1536686420440674
1785525060,1.1535356044769287,1.1535356044769287,1.1535356044769287,1.1535356044769287
1785525120,1.1536686420440674,1.1536686420440674,1.1536686420440674,1.1536686420440674
1785525180,1.1536686420440674,1.1536686420440674,1.1536686420440674,1.1536686420440674
1785525240,1.1535356044769287,1.1535356044769287,1.1535356044769287,1.1535356044769287
1785525300,1.1535356044769287,1.1535356044769287,1.1535356044769287,1.1535356044769287
1785525360,1.1535356044769287,1.1535356044769287,1.1535356044769287,1.1535356044769287
1785525420,1.1535356044769287,1.1535356044769287,1.1535356044769287,1.1535356044769287
1785525480,1.15340256690979,1.15340256690979,1.15340256690979,1.15340256690979
1785525540,1.15340256690979,1.15340256690979,1.15340256690979,1.15340256690979
1785525600,1.15340256690979,1.15340256690979,1.15340256690979,1.15340256690979
1785525660,1.15340256690979,1.15340256690979,1.15340256690979,1.15340256690979
1785525720,1.15340256690979,1.15340256690979,1.15340256690979,1.15340256690979
1785525780,1.15340256690979,1.15340256690979,1.15340256690979,1.15340256690979
1785525840,1.15340256690979,1.15340256690979,1.15340256690979,1.15340256690979
1785525900,1.15340256690979,1.15340256690979,1.15340256690979,1.15340256690979
1785525960,1.15340256690979,1.15340256690979,1.15340256690979,1.15340256690979
1785526020,1.15340256690979,1.15340256690979,1.15340256690979,1.15340256690979
1785526080,1.15340256690979,1.15340256690979,1.15340256690979,1.15340256690979
1785526140,1.1535356044769287,1.1535356044769287,1.1535356044769287,1.1535356044769287
1785526200,1.15340256690979,1.15340256690979,1.15340256690979,1.15340256690979
1785526260,1.1532695293426514,1.1532695293426514,1.1532695293426514,1.1532695293426514
1785526320,1.1531364917755127,1.1531364917755127,1.1531364917755127,1.1531364917755127
1785526380,1.1532695293426514,1.1532695293426514,1.1532695293426514,1.1532695293426514
1785526440,1.1532695293426514,1.1532695293426514,1.1532695293426514,1.1532695293426514
1785526500,1.1531364917755127,1.1531364917755127,1.1531364917755127,1.1531364917755127
1785526560,1.1531364917755127,1.1531364917755127,1.1531364917755127,1.1531364917755127
1785526620,1.1531364917755127,1.1531364917755127,1.1531364917755127,1.1531364917755127
1785526680,1.1530035734176636,1.1530035734176636,1.1530035734176636,1.1530035734176636
1785526740,1.1532695293426514,1.1532695293426514,1.1532695293426514,1.1532695293426514
1785526800,1.1532695293426514,1.1532695293426514,1.1532695293426514,1.1532695293426514
1785526860,1.15340256690979,1.15340256690979,1.15340256690979,1.15340256690979
1785526920,1.15340256690979,1.15340256690979,1.15340256690979,1.15340256690979
1785526980,1.1535356044769287,1.1535356044769287,1.1535356044769287,1.1535356044769287
1785527040,1.1535356044769287,1.1535356044769287,1.1535356044769287,1.1535356044769287
1785527100,1.1536686420440674,1.1536686420440674,1.1536686420440674,1.1536686420440674
1785527160,1.1536686420440674,1.1536686420440674,1.1536686420440674,1.1536686420440674
1785527220,1.1538017988204956,1.1538017988204956,1.1538017988204956,1.1538017988204956
1785527280,1.1536686420440674,1.1536686420440674,1.1536686420440674,1.1536686420440674
1785527340,1.1536686420440674,1.1536686420440674,1.1536686420440674,1.1536686420440674
1785527400,1.1536686420440674,1.1536686420440674,1.1536686420440674,1.1536686420440674
1785527460,1.1538017988204956,1.1538017988204956,1.1538017988204956,1.1538017988204956
1785527520,1.1538017988204956,1.1538017988204956,1.1538017988204956,1.1538017988204956
1785527580,1.1538017988204956,1.1538017988204956,1.1538017988204956,1.1538017988204956
1785527640,1.1538017988204956,1.1538017988204956,1.1538017988204956,1.1538017988204956
1785527700,1.1539349555969238,1.1539349555969238,1.1539349555969238,1.1539349555969238
1785527760,1.1536686420440674,1.1536686420440674,1.1536686420440674,1.1536686420440674
1785527820,1.1536686420440674,1.1536686420440674,1.1536686420440674,1.1536686420440674
1785527880,1.1536686420440674,1.1536686420440674,1.1536686420440674,1.1536686420440674
1785527940,1.15340256690979,1.15340256690979,1.15340256690979,1.15340256690979
1785528000,1.15340256690979,1.15340256690979,1.15340256690979,1.15340256690979
1785528060,1.15340256690979,1.15340256690979,1.15340256690979,1.15340256690979
1785528120,1.1532695293426514,1.1532695293426514,1.1532695293426514,1.1532695293426514
1785528180,1.15340256690979,1.15340256690979,1.15340256690979,1.15340256690979
1785528240,1.1532695293426514,1.1532695293426514,1.1532695293426514,1.1532695293426514
1785528300,1.1531364917755127,1.1531364917755127,1.1531364917755127,1.1531364917755127
1785528360,1.1530035734176636,1.1530035734176636,1.1530035734176636,1.1530035734176636
1785528420,1.1532695293426514,1.1532695293426514,1.1532695293426514,1.1532695293426514
1785528480,1.1531364917755127,1.1531364917755127,1.1531364917755127,1.1531364917755127
1785528540,1.1528706550598145,1.1528706550598145,1.1528706550598145,1.1528706550598145
1785528600,1.1531364917755127,1.1531364917755127,1.1531364917755127,1.1531364917755127
1785528660,1.1530035734176636,1.1530035734176636,1.1530035734176636,1.1530035734176636
1785528720,1.1530035734176636,1.1530035734176636,1.1530035734176636,1.1530035734176636
1785528780,1.1530035734176636,1.1530035734176636,1.1530035734176636,1.1530035734176636
1785528840,1.1531364917755127,1.1531364917755127,1.1531364917755127,1.1531364917755127
1785528900,1.15340256690979,1.15340256690979,1.15340256690979,1.15340256690979
1785528960,1.1535356044769287,1.1535356044769287,1.1535356044769287,1.1535356044769287
1785529020,1.1535356044769287,1.1535356044769287,1.1535356044769287,1.1535356044769287
1785529080,1.1535356044769287,1.1535356044769287,1.1535356044769287,1.1535356044769287
1785529140,1.1536686420440674,1.1536686420440674,1.1536686420440674,1.1536686420440674
1785529200,1.1539349555969238,1.1539349555969238,1.1539349555969238,1.1539349555969238
1785529260,1.154068112373352,1.154068112373352,1.154068112373352,1.154068112373352
1785529320,1.1539349555969238,1.1539349555969238,1.1539349555969238,1.1539349555969238
1785529380,1.1539349555969238,1.1539349555969238,1.1539349555969238,1.1539349555969238
1785529440,1.1542012691497803,1.1542012691497803,1.1542012691497803,1.1542012691497803
1785529500,1.1539349555969238,1.1539349555969238,1.1539349555969238,1.1539349555969238
1785529560,1.1539349555969238,1.1539349555969238,1.1539349555969238,1.1539349555969238
1785529620,1.154068112373352,1.154068112373352,1.154068112373352,1.154068112373352
1785529680,1.1536686420440674,1.1536686420440674,1.1536686420440674,1.1536686420440674
1785529740,1.1539349555969238,1.1539349555969238,1.1539349555969238,1.1539349555969238
1785529800,1.1539349555969238,1.1539349555969238,1.1539349555969238,1.1539349555969238
1785529860,1.1542012691497803,1.1542012691497803,1.1542012691497803,1.1542012691497803
1785529920,1.154068112373352,1.154068112373352,1.154068112373352,1.154068112373352
1785529980,1.1539349555969238,1.1539349555969238,1.1539349555969238,1.1539349555969238
1785530040,1.1538017988204956,1.1538017988204956,1.1538017988204956,1.1538017988204956
1785530100,1.1539349555969238,1.1539349555969238,1.1539349555969238,1.1539349555969238
1785530160,1.1539349555969238,1.1539349555969238,1.1539349555969238,1.1539349555969238
1785530220,1.1539349555969238,1.1539349555969238,1.1539349555969238,1.1539349555969238
1785530280,1.154068112373352,1.154068112373352,1.154068112373352,1.154068112373352
1785530340,1.1542012691497803,1.1542012691497803,1.1542012691497803,1.1542012691497803
1785530400,1.1539349555969238,1.1539349555969238,1.1539349555969238,1.1539349555969238
1785530460,1.1542012691497803,1.1542012691497803,1.1542012691497803,1.1542012691497803
1785530520,1.1542012691497803,1.1542012691497803,1.1542012691497803,1.1542012691497803
1785530580,1.1542012691497803,1.1542012691497803,1.1542012691497803,1.1542012691497803
1785530640,1.154334545135498,1.154334545135498,1.154334545135498,1.154334545135498
1785530700,1.1544678211212158,1.1544678211212158,1.1544678211212158,1.1544678211212158
1785530760,1.1544678211212158,1.1544678211212158,1.1544678211212158,1.1544678211212158
1785530820,1.1546010971069336,1.1546010971069336,1.1546010971069336,1.1546010971069336
1785530880,1.1546010971069336,1.1546010971069336,1.1546010971069336,1.1546010971069336
1785530940,1.1547343730926514,1.1547343730926514,1.1547343730926514,1.1547343730926514
1785531000,1.1546010971069336,1.1546010971069336,1.1546010971069336,1.1546010971069336
1785531060,1.155001163482666,1.155001163482666,1.155001163482666,1.155001163482666
1785531120,1.1547343730926514,1.1547343730926514,1.1547343730926514,1.1547343730926514
1785531180,1.154068112373352,1.154068112373352,1.154068112373352,1.154068112373352
1785531240,1.1539349555969238,1.1539349555969238,1.1539349555969238,1.1539349555969238
1785531300,1.154334545135498,1.154334545135498,1.154334545135498,1.154334545135498
1785531360,1.154334545135498,1.154334545135498,1.154334545135498,1.154334545135498
1785531420,1.1536686420440674,1.1536686420440674,1.1536686420440674,1.1536686420440674
1785531480,1.1536686420440674,1.1536686420440674,1.1536686420440674,1.1536686420440674
1785531540,1.1532695293426514,1.1532695293426514,1.1532695293426514,1.1532695293426514
1785531600,1.1527377367019653,1.1527377367019653,1.1527377367019653,1.1527377367019653
1785531660,1.1527377367019653,1.1527377367019653,1.1527377367019653,1.1527377367019653
1785531720,1.1527377367019653,1.1527377367019653,1.1527377367019653,1.1527377367019653
1785531780,1.1527377367019653,1.1527377367019653,1.1527377367019653,1.1527377367019653
1785531840,1.1527377367019653,1.1527377367019653,1.1527377367019653,1.1527377367019653
1785531900,1.1527377367019653,1.1527377367019653,1.1527377367019653,1.1527377367019653
1785531960,1.1527377367019653,1.1527377367019653,1.1527377367019653,1.1527377367019653
1785532020,1.1527377367019653,1.1527377367019653,1.1527377367019653,1.1527377367019653
1785532080,1.1527377367019653,1.1527377367019653,1.1527377367019653,1.1527377367019653
1785532140,1.1527377367019653,1.1527377367019653,1.1527377367019653,1.1527377367019653
1785532200,1.1527377367019653,1.1527377367019653,1.1527377367019653,1.1527377367019653
1785532260,1.1527377367019653,1.1527377367019653,1.1527377367019653,1.1527377367019653
1785532320,1.1527377367019653,1.1527377367019653,1.1527377367019653,1.1527377367019653
1785532380,1.1527377367019653,1.1527377367019653,1.1527377367019653,1.1527377367019653
1785532440,1.1527377367019653,1.1527377367019653,1.1527377367019653,1.1527377367019653
1785532500,1.1527377367019653,1.1527377367019653,1.1527377367019653,1.1527377367019653
1785532560,1.1527377367019653,1.1527377367019653,1.1527377367019653,1.1527377367019653
1785532620,1.1527377367019653,1.1527377367019653,1.1527377367019653,1.1527377367019653
1785532680,1.1527377367019653,1.1527377367019653,1.1527377367019653,1.1527377367019653
1785532740,1.1527377367019653,1.1527377367019653,1.1527377367019653,1.1527377367019653
1785532800,1.1527377367019653,1.1527377367019653,1.1527377367019653,1.1527377367019653
1785532860,1.1527377367019653,1.1527377367019653,1.1527377367019653,1.1527377367019653
1785532920,1.1527377367019653,1.1527377367019653,1.1527377367019653,1.1527377367019653
1785532980,1.1527377367019653,1.1527377367019653,1.1527377367019653,1.1527377367019653
1785533040,1.1527377367019653,1.1527377367019653,1.1527377367019653,1.1527377367019653
1785533100,1.1527377367019653,1.1527377367019653,1.1527377367019653,1.1527377367019653
1785533160,1.1527377367019653,1.1527377367019653,1.1527377367019653,1.1527377367019653
1785533220,1.1527377367019653,1.1527377367019653,1.1527377367019653,1.1527377367019653
1785533280,1.1527377367019653,1.1527377367019653,1.1527377367019653,1.1527377367019653
1785533340,1.1527377367019653,1.1527377367019653,1.1527377367019653,1.1527377367019653
