time,open,high,low,close
1784757600,163.08099365234375,163.1269989013672,163.0760040283203,163.11599731445312
1784757660,163.11399841308594,163.1320037841797,163.0919952392578,163.10499572753906
1784757720,163.1199951171875,163.1300048828125,163.0989990234375,163.0989990234375
1784757780,163.0989990234375,163.11700439453125,163.08900451660156,163.08900451660156
1784757840,163.10699462890625,163.11300659179688,163.0709991455078,163.07200622558594
1784757900,163.10000610351562,163.10000610351562,163.06100463867188,163.06300354003906
1784757960,163.0850067138672,163.08599853515625,163.05099487304688,163.0570068359375
1784758020,163.0570068359375,163.08999633789062,163.05599975585938,163.08999633789062
1784758080,163.0749969482422,163.11000061035156,163.07400512695312,163.10699462890625
1784758140,163.0850067138672,163.11099243164062,163.08099365234375,163.08099365234375
1784758200,163.1020050048828,163.11000061035156,163.06900024414062,163.0989990234375
1784758260,163.072998046875,163.10299682617188,163.06900024414062,163.06900024414062
1784758320,163.08999633789062,163.11099243164062,163.06900024414062,163.11099243164062
1784758380,163.10400390625,163.11099243164062,163.08599853515625,163.10899353027344
1784758440,163.08999633789062,163.11199951171875,163.07200622558594,163.0919952392578
1784758500,163.07200622558594,163.0959930419922,163.06900024414062,163.0749969482422
1784758560,163.0749969482422,163.09300231933594,163.0659942626953,163.08200073242188
1784758620,163.0679931640625,163.10400390625,163.06700134277344,163.0989990234375
1784758680,163.07899475097656,163.10299682617188,163.06900024414062,163.0850067138672
1784758740,163.08900451660156,163.09800720214844,163.06399536132812,163.07899475097656
1784758800,163.09500122070312,163.1020050048828,163.07899475097656,163.0850067138672
1784758860,163.09800720214844,163.10299682617188,163.0760040283203,163.0959930419922
1784758920,163.0800018310547,163.0970001220703,163.07899475097656,163.0800018310547
1784758980,163.09500122070312,163.10000610351562,163.07899475097656,163.08099365234375
1784759040,163.08200073242188,163.10000610351562,163.0800018310547,163.0800018310547
1784759100,163.0919952392578,163.10000610351562,163.07899475097656,163.0970001220703
1784759160,163.09800720214844,163.10000610351562,163.0780029296875,163.10000610351562
1784759220,163.07899475097656,163.1020050048828,163.0780029296875,163.0959930419922
1784759280,163.09800720214844,163.1020050048828,163.0800018310547,163.09800720214844
1784759340,163.0800018310547,163.1060028076172,163.0800018310547,163.1009979248047
1784759400,163.09800720214844,163.10499572753906,163.08399963378906,163.08599853515625
1784759460,163.0850067138672,163.1179962158203,163.08399963378906,163.10000610351562
1784759520,163.0989990234375,163.1219940185547,163.0989990234375,163.11000061035156
1784759580,163.1020050048828,163.11500549316406,163.0970001220703,163.09800720214844
1784759640,163.09800720214844,163.11500549316406,163.09800720214844,163.11000061035156
1784759700,163.11199951171875,163.11399841308594,163.0970001220703,163.11000061035156
1784759760,163.09800720214844,163.11399841308594,163.0959930419922,163.09800720214844
1784759820,163.09800720214844,163.11700439453125,163.0970001220703,163.10000610351562
1784759880,163.11000061035156,163.1280059814453,163.1060028076172,163.11099243164062
1784759940,163.12399291992188,163.1280059814453,163.11000061035156,163.1219940185547
1784760000,163.11000061035156,163.1479949951172,163.10899353027344,163.12399291992188
1784760060,163.12399291992188,163.15199279785156,163.12399291992188,163.14100646972656
1784760120,163.1280059814453,163.14199829101562,163.12399291992188,163.12600708007812
1784760180,163.13400268554688,163.13800048828125,163.1199951171875,163.12100219726562
1784760240,163.12899780273438,163.13600158691406,163.11599731445312,163.11599731445312
1784760300,163.12399291992188,163.1300048828125,163.11399841308594,163.12399291992188
1784760360,163.125,163.1300048828125,163.11500549316406,163.11900329589844
1784760420,163.12600708007812,163.1300048828125,163.11599731445312,163.11700439453125
1784760480,163.11700439453125,163.1280059814453,163.11099243164062,163.11199951171875
1784760540,163.11099243164062,163.12399291992188,163.11000061035156,163.11099243164062
1784760600,163.11099243164062,163.12399291992188,163.10899353027344,163.11000061035156
1784760660,163.10899353027344,163.12399291992188,163.10899353027344,163.11900329589844
1784760720,163.12100219726562,163.1230010986328,163.1060028076172,163.1060028076172
1784760780,163.1060028076172,163.12399291992188,163.1060028076172,163.1060028076172
1784760840,163.10699462890625,163.1179962158203,163.10000610351562,163.1009979248047
1784760900,163.10899353027344,163.11500549316406,163.09800720214844,163.1020050048828
1784760960,163.11000061035156,163.11300659179688,163.10000610351562,163.11199951171875
1784761020,163.1009979248047,163.1199951171875,163.10000610351562,163.11500549316406
1784761080,163.11399841308594,163.12100219726562,163.10899353027344,163.1199951171875
1784761200,163.1060028076172,163.11500549316406,163.08099365234375,163.0959930419922
1784761260,163.0959930419922,163.11399841308594,163.09300231933594,163.09300231933594
1784761320,163.0970001220703,163.10499572753906,163.09300231933594,163.0959930419922
1784761380,163.1009979248047,163.1020050048828,163.08599853515625,163.09800720214844
1784761440,163.0919952392578,163.11399841308594,163.09100341796875,163.0970001220703
1784761500,163.0970001220703,163.11099243164062,163.0959930419922,163.1060028076172
1784761560,163.10800170898438,163.11000061035156,163.0919952392578,163.1009979248047
1784761620,163.0970001220703,163.1020050048828,163.08999633789062,163.09100341796875
1784761680,163.09100341796875,163.11099243164062,163.08999633789062,163.09800720214844
1784761740,163.10699462890625,163.11700439453125,163.0970001220703,163.10499572753906
1784761800,163.10499572753906,163.1219940185547,163.1020050048828,163.11900329589844
1784761860,163.1179962158203,163.1219940185547,163.1060028076172,163.11599731445312
1784761920,163.1060028076172,163.1179962158203,163.10499572753906,163.11700439453125
1784761980,163.11300659179688,163.125,163.1060028076172,163.11099243164062
1784762040,163.10699462890625,163.11700439453125,163.1060028076172,163.10699462890625
1784762100,163.10699462890625,163.1179962158203,163.1020050048828,163.11199951171875
1784762160,163.11199951171875,163.11700439453125,163.10299682617188,163.10400390625
1784762220,163.10400390625,163.11000061035156,163.093994140625,163.1020050048828
1784762280,163.09800720214844,163.1020050048828,163.08799743652344,163.10000610351562
1784762340,163.09300231933594,163.1020050048828,163.08900451660156,163.08900451660156
1784762400,163.09500122070312,163.1009979248047,163.08700561523438,163.08999633789062
1784762460,163.093994140625,163.11099243164062,163.08900451660156,163.10499572753906
1784762520,163.1020050048828,163.11000061035156,163.093994140625,163.10899353027344
1784762580,163.1060028076172,163.11199951171875,163.0970001220703,163.1060028076172
1784762640,163.10800170898438,163.11300659179688,163.1020050048828,163.11199951171875
1784762700,163.10400390625,163.11399841308594,163.10299682617188,163.10800170898438
1784762760,163.10899353027344,163.11399841308594,163.1020050048828,163.10899353027344
1784762820,163.10800170898438,163.11300659179688,163.1020050048828,163.10699462890625
1784762880,163.10800170898438,163.11599731445312,163.0989990234375,163.10000610351562
1784762940,163.10000610351562,163.11300659179688,163.10000610351562,163.1020050048828
1784763000,163.10699462890625,163.11500549316406,163.10000610351562,163.11199951171875
1784763060,163.10299682617188,163.11199951171875,163.10000610351562,163.10699462890625
1784763120,163.10699462890625,163.11300659179688,163.1020050048828,163.10699462890625
1784763180,163.1009979248047,163.11099243164062,163.09300231933594,163.093994140625
1784763240,163.09800720214844,163.10299682617188,163.09300231933594,163.09800720214844
1784763300,163.093994140625,163.10299682617188,163.09100341796875,163.0970001220703
1784763360,163.0970001220703,163.1009979248047,163.08799743652344,163.09800720214844
1784763420,163.08799743652344,163.1009979248047,163.08799743652344,163.1009979248047
1784763480,163.10000610351562,163.10299682617188,163.08999633789062,163.10299682617188
1784763540,163.09800720214844,163.10400390625,163.09300231933594,163.09800720214844
1784763600,163.09300231933594,163.10499572753906,163.0919952392578,163.10499572753906
1784763660,163.09500122070312,163.10699462890625,163.0919952392578,163.0959930419922
1784763720,163.0959930419922,163.1060028076172,163.093994140625,163.09800720214844
1784763780,163.10400390625,163.10499572753906,163.08999633789062,163.08999633789062
1784763840,163.08999633789062,163.1009979248047,163.08799743652344,163.09500122070312
1784763900,163.093994140625,163.10400390625,163.08900451660156,163.1020050048828
1784763960,163.1009979248047,163.10400390625,163.09300231933594,163.09800720214844
1784764020,163.09800720214844,163.10299682617188,163.08900451660156,163.08999633789062
1784764080,163.093994140625,163.1020050048828,163.08900451660156,163.08999633789062
1784764140,163.08999633789062,163.10400390625,163.08999633789062,163.1020050048828
1784764200,163.093994140625,163.10800170898438,163.09300231933594,163.1020050048828
1784764260,163.093994140625,163.10499572753906,163.09300231933594,163.10400390625
1784764320,163.09800720214844,163.10699462890625,163.0919952392578,163.1060028076172
1784764380,163.1009979248047,163.11300659179688,163.0970001220703,163.10699462890625
1784764440,163.10400390625,163.11300659179688,163.09500122070312,163.0970001220703
1784764500,163.0970001220703,163.11300659179688,163.0970001220703,163.10000610351562
1784764560,163.10000610351562,163.10699462890625,163.09300231933594,163.10299682617188
1784764620,163.093994140625,163.10499572753906,163.09300231933594,163.09300231933594
1784764680,163.093994140625,163.10499572753906,163.09100341796875,163.1009979248047
1784764740,163.0919952392578,163.1009979248047,163.08099365234375,163.08099365234375
1784764800,163.08099365234375,163.1020050048828,163.05799865722656,163.07000732421875
1784764860,163.07000732421875,163.09300231933594,163.06500244140625,163.0760040283203
1784764920,163.07000732421875,163.08399963378906,163.06500244140625,163.0679931640625
1784764980,163.07000732421875,163.08700561523438,163.06700134277344,163.07899475097656
1784765040,163.0780029296875,163.08599853515625,163.06900024414062,163.07699584960938
1784765100,163.07899475097656,163.0919952392578,163.0749969482422,163.08900451660156
1784765160,163.08299255371094,163.09800720214844,163.08099365234375,163.09500122070312
1784765220,163.08700561523438,163.1060028076172,163.0760040283203,163.08599853515625
1784765280,163.08299255371094,163.0919952392578,163.08099365234375,163.08200073242188
1784765340,163.08599853515625,163.10499572753906,163.08099365234375,163.09500122070312
1784765400,163.093994140625,163.1060028076172,163.09100341796875,163.10299682617188
1784765460,163.09800720214844,163.10499572753906,163.08999633789062,163.0919952392578
1784765520,163.09100341796875,163.0989990234375,163.08200073242188,163.09300231933594
1784765580,163.09500122070312,163.10299682617188,163.08299255371094,163.09500122070312
1784765640,163.09500122070312,163.1060028076172,163.0919952392578,163.093994140625
1784765700,163.1020050048828,163.11399841308594,163.0919952392578,163.093994140625
1784765760,163.093994140625,163.11300659179688,163.093994140625,163.0959930419922
1784765820,163.09500122070312,163.1060028076172,163.08999633789062,163.10000610351562
1784765880,163.0919952392578,163.10499572753906,163.09100341796875,163.0919952392578
1784765940,163.0919952392578,163.1060028076172,163.0919952392578,163.1060028076172
1784766000,163.09800720214844,163.11500549316406,163.09100341796875,163.09300231933594
1784766060,163.09300231933594,163.1020050048828,163.08999633789062,163.093994140625
1784766120,163.093994140625,163.0989990234375,163.0780029296875,163.07899475097656
1784766180,163.07899475097656,163.10400390625,163.0749969482422,163.09500122070312
1784766240,163.0989990234375,163.10299682617188,163.0800018310547,163.08099365234375
1784766300,163.08299255371094,163.093994140625,163.07899475097656,163.08700561523438
1784766360,163.08700561523438,163.0989990234375,163.08099365234375,163.08999633789062
1784766420,163.08099365234375,163.0989990234375,163.0780029296875,163.09800720214844
1784766480,163.09300231933594,163.10299682617188,163.08299255371094,163.08399963378906
1784766540,163.08399963378906,163.10000610351562,163.08299255371094,163.09500122070312
1784766600,163.093994140625,163.10499572753906,163.08999633789062,163.0959930419922
1784766660,163.0959930419922,163.10699462890625,163.08999633789062,163.09300231933594
1784766720,163.09100341796875,163.1060028076172,163.09100341796875,163.09300231933594
1784766780,163.0919952392578,163.10400390625,163.08599853515625,163.09500122070312
1784766840,163.08700561523438,163.1009979248047,163.08599853515625,163.0970001220703
1784766900,163.1009979248047,163.1020050048828,163.08599853515625,163.09100341796875
1784766960,163.0919952392578,163.10000610351562,163.08599853515625,163.08999633789062
1784767020,163.0970001220703,163.10400390625,163.08999633789062,163.0970001220703
1784767080,163.09100341796875,163.1020050048828,163.09100341796875,163.09500122070312
1784767140,163.09300231933594,163.10499572753906,163.08799743652344,163.08999633789062
1784767200,163.08799743652344,163.09800720214844,163.08200073242188,163.09500122070312
1784767260,163.08799743652344,163.10000610351562,163.08200073242188,163.08399963378906
1784767320,163.08700561523438,163.0919952392578,163.08099365234375,163.08399963378906
1784767380,163.08299255371094,163.09500122070312,163.08200073242188,163.08799743652344
1784767440,163.08799743652344,163.10299682617188,163.08599853515625,163.08900451660156
1784767500,163.0919952392578,163.10299682617188,163.08799743652344,163.10000610351562
1784767560,163.09300231933594,163.10499572753906,163.0919952392578,163.0989990234375
1784767620,163.0970001220703,163.10499572753906,163.09300231933594,163.10400390625
1784767680,163.10499572753906,163.11399841308594,163.0970001220703,163.10299682617188
1784767740,163.1060028076172,163.1230010986328,163.10299682617188,163.11599731445312
1784767800,163.11500549316406,163.12399291992188,163.11000061035156,163.11700439453125
1784767860,163.11599731445312,163.1280059814453,163.11199951171875,163.11900329589844
1784767920,163.1219940185547,163.1300048828125,163.10699462890625,163.11700439453125
1784767980,163.10800170898438,163.1320037841797,163.10800170898438,163.12600708007812
1784768040,163.12600708007812,163.13999938964844,163.0500030517578,163.07200622558594
1784768100,163.06500244140625,163.09800720214844,163.0500030517578,163.08700561523438
1784768160,163.08599853515625,163.10000610351562,163.08299255371094,163.08299255371094
1784768220,163.08999633789062,163.0959930419922,163.0760040283203,163.0919952392578
1784768280,163.08299255371094,163.09300231933594,163.05999755859375,163.06900024414062
1784768340,163.06300354003906,163.07000732421875,163.03599548339844,163.04600524902344
1784768400,163.04600524902344,163.0659942626953,163.03399658203125,163.03500366210938
1784768460,163.04200744628906,163.04400634765625,163.01800537109375,163.04100036621094
1784768520,163.03900146484375,163.0659942626953,163.03700256347656,163.06100463867188
1784768580,163.05999755859375,163.07000732421875,163.04299926757812,163.06300354003906
1784768640,163.06399536132812,163.08700561523438,163.05599975585938,163.08099365234375
1784768700,163.0780029296875,163.08700561523438,163.05499267578125,163.06399536132812
1784768760,163.0590057373047,163.07899475097656,163.0570068359375,163.06300354003906
1784768820,163.0679931640625,163.07200622558594,163.05099487304688,163.05099487304688
1784768880,163.05499267578125,163.07000732421875,163.05099487304688,163.06300354003906
1784768940,163.05999755859375,163.0709991455078,163.0540008544922,163.0590057373047
1784769000,163.05799865722656,163.06399536132812,163.03799438476562,163.04800415039062
1784769060,163.04600524902344,163.05599975585938,163.02999877929688,163.03799438476562
1784769120,163.03599548339844,163.04400634765625,163.02200317382812,163.0399932861328
1784769180,163.04100036621094,163.0489959716797,163.0330047607422,163.0489959716797
1784769240,163.04400634765625,163.072998046875,163.04200744628906,163.06100463867188
1784769300,163.06700134277344,163.07400512695312,163.0500030517578,163.05299377441406
1784769360,163.05299377441406,163.06399536132812,163.04200744628906,163.04299926757812
1784769420,163.04299926757812,163.06100463867188,163.04200744628906,163.05499267578125
1784769480,163.0500030517578,163.06900024414062,163.0500030517578,163.0540008544922
1784769540,163.0659942626953,163.0679931640625,163.052001953125,163.0570068359375
1784769600,163.06199645996094,163.0709991455078,163.0570068359375,163.06300354003906
1784769660,163.0709991455078,163.072998046875,163.06100463867188,163.06300354003906
1784769720,163.06700134277344,163.072998046875,163.05999755859375,163.07000732421875
1784769780,163.06199645996094,163.07200622558594,163.0590057373047,163.06300354003906
1784769840,163.06399536132812,163.07200622558594,163.05499267578125,163.0679931640625
1784769900,163.06900024414062,163.072998046875,163.05099487304688,163.0570068359375
1784769960,163.05099487304688,163.06199645996094,163.05099487304688,163.05599975585938
1784770020,163.0570068359375,163.06399536132812,163.05099487304688,163.0570068359375
1784770080,163.0570068359375,163.07000732421875,163.05599975585938,163.0590057373047
1784770140,163.05999755859375,163.0709991455078,163.0590057373047,163.06700134277344
1784770200,163.0679931640625,163.06900024414062,163.04800415039062,163.05299377441406
1784770260,163.0590057373047,163.06100463867188,163.04600524902344,163.05499267578125
1784770320,163.052001953125,163.05799865722656,163.03700256347656,163.0449981689453
1784770380,163.04400634765625,163.0500030517578,163.03199768066406,163.04200744628906
1784770440,163.0489959716797,163.0500030517578,163.0279998779297,163.0279998779297
1784770500,163.0279998779297,163.03599548339844,163.01400756835938,163.02699279785156
1784770560,163.031005859375,163.03700256347656,163.02000427246094,163.0260009765625
1784770620,163.02200317382812,163.03199768066406,162.99600219726562,162.99899291992188
1784770680,162.9980010986328,163.02499389648438,162.9929962158203,163.02499389648438
1784770740,163.02099609375,163.0260009765625,163.01400756835938,163.01499938964844
1784770800,163.01800537109375,163.0240020751953,162.98699951171875,162.99400329589844
1784770860,162.99600219726562,163.01100158691406,162.9929962158203,162.9969940185547
1784770920,162.9969940185547,163.01600646972656,162.9969940185547,163.00599670410156
1784770980,163.00599670410156,163.0189971923828,163.0030059814453,163.0070037841797
1784771040,163.01699829101562,163.02699279785156,163.00399780273438,163.01600646972656
1784771100,163.02699279785156,163.03799438476562,163.0189971923828,163.03399658203125
1784771160,163.02999877929688,163.0399932861328,163.02000427246094,163.03700256347656
1784771220,163.03799438476562,163.03799438476562,163.0260009765625,163.03599548339844
1784771280,163.0279998779297,163.0500030517578,163.02499389648438,163.0489959716797
1784771340,163.0469970703125,163.05099487304688,163.03700256347656,163.0449981689453
1784771400,163.0399932861328,163.05099487304688,163.03599548339844,163.04200744628906
1784771460,163.03900146484375,163.05299377441406,163.03900146484375,163.03900146484375
1784771520,163.04400634765625,163.05599975585938,163.03799438476562,163.04400634765625
1784771580,163.04200744628906,163.0570068359375,163.0399932861328,163.05599975585938
1784771640,163.0469970703125,163.0570068359375,163.03399658203125,163.03799438476562
1784771700,163.04600524902344,163.0489959716797,163.0330047607422,163.03799438476562
1784771760,163.0489959716797,163.05099487304688,163.03599548339844,163.0449981689453
1784771820,163.03599548339844,163.05099487304688,163.03599548339844,163.04800415039062
1784771880,163.04200744628906,163.06300354003906,163.0399932861328,163.0590057373047
1784771940,163.05799865722656,163.0659942626953,163.04800415039062,163.06399536132812
1784772000,163.052001953125,163.0749969482422,163.05099487304688,163.0679931640625
1784772060,163.0679931640625,163.07699584960938,163.06500244140625,163.06700134277344
1784772120,163.07200622558594,163.07699584960938,163.06500244140625,163.072998046875
1784772180,163.0679931640625,163.07699584960938,163.06700134277344,163.07000732421875
1784772240,163.072998046875,163.0760040283203,163.05999755859375,163.06900024414062
1784772300,163.06300354003906,163.07699584960938,163.05999755859375,163.06399536132812
1784772360,163.05999755859375,163.07200622558594,163.05099487304688,163.05599975585938
1784772420,163.05999755859375,163.0679931640625,163.0540008544922,163.05499267578125
1784772480,163.05599975585938,163.0659942626953,163.052001953125,163.05499267578125
1784772540,163.0570068359375,163.06500244140625,163.04200744628906,163.06100463867188
1784772600,163.052001953125,163.06300354003906,163.0500030517578,163.0540008544922
1784772660,163.05299377441406,163.06300354003906,163.05099487304688,163.05299377441406
1784772720,163.05599975585938,163.06500244140625,163.05299377441406,163.05499267578125
1784772780,163.0540008544922,163.07000732421875,163.0500030517578,163.05999755859375
1784772840,163.06300354003906,163.06900024414062,163.05299377441406,163.05599975585938
1784772900,163.05999755859375,163.0659942626953,163.052001953125,163.0570068359375
1784772960,163.0570068359375,163.06500244140625,163.05499267578125,163.05499267578125
1784773020,163.05499267578125,163.0659942626953,163.0489959716797,163.06500244140625
1784773080,163.0570068359375,163.06500244140625,163.05299377441406,163.0570068359375
1784773140,163.0570068359375,163.06500244140625,163.05499267578125,163.05999755859375
1784773200,163.05599975585938,163.06500244140625,163.05499267578125,163.05799865722656
1784773260,163.05999755859375,163.06500244140625,163.04200744628906,163.04600524902344
1784773320,163.05099487304688,163.06100463867188,163.0399932861328,163.05299377441406
1784773380,163.05299377441406,163.06100463867188,163.04600524902344,163.0489959716797
1784773440,163.0500030517578,163.06100463867188,163.04800415039062,163.05099487304688
1784773500,163.06100463867188,163.06300354003906,163.0500030517578,163.0570068359375
1784773560,163.0500030517578,163.0590057373047,163.0489959716797,163.05499267578125
1784773620,163.05099487304688,163.0659942626953,163.0500030517578,163.06399536132812
1784773680,163.05499267578125,163.07699584960938,163.0540008544922,163.06900024414062
1784773740,163.06900024414062,163.07699584960938,163.06399536132812,163.06399536132812
1784773800,163.06399536132812,163.07200622558594,163.05999755859375,163.06100463867188
1784773860,163.06100463867188,163.07000732421875,163.05299377441406,163.0659942626953
1784773920,163.0679931640625,163.0780029296875,163.06199645996094,163.07699584960938
1784773980,163.07200622558594,163.0760040283203,163.06399536132812,163.06700134277344
1784774040,163.06700134277344,163.0850067138672,163.05999755859375,163.0760040283203
1784774100,163.07699584960938,163.08599853515625,163.06700134277344,163.07000732421875
1784774160,163.06700134277344,163.10000610351562,163.0659942626953,163.08900451660156
1784774220,163.07899475097656,163.0919952392578,163.0749969482422,163.08700561523438
1784774280,163.08799743652344,163.0919952392578,163.0780029296875,163.08999633789062
1784774340,163.08700561523438,163.09100341796875,163.0800018310547,163.08799743652344
1784774400,163.0800018310547,163.0919952392578,163.0780029296875,163.0800018310547
1784774460,163.08299255371094,163.08799743652344,163.06700134277344,163.0850067138672
1784774520,163.07899475097656,163.07899475097656,163.0679931640625,163.0709991455078
1784774580,163.07000732421875,163.0780029296875,163.06900024414062,163.07200622558594
1784774640,163.0709991455078,163.07899475097656,163.06900024414062,163.07200622558594
1784774700,163.07400512695312,163.08700561523438,163.0709991455078,163.0850067138672
1784774760,163.08399963378906,163.0850067138672,163.05499267578125,163.06700134277344
1784774820,163.06700134277344,163.08299255371094,163.0590057373047,163.07400512695312
1784774880,163.08200073242188,163.08399963378906,163.05999755859375,163.06700134277344
1784774940,163.0679931640625,163.072998046875,163.05499267578125,163.05599975585938
1784775000,163.05599975585938,163.07200622558594,163.05599975585938,163.06500244140625
1784775060,163.06399536132812,163.0760040283203,163.06199645996094,163.07200622558594
1784775120,163.06500244140625,163.0760040283203,163.06399536132812,163.07000732421875
1784775180,163.0749969482422,163.0760040283203,163.06700134277344,163.07000732421875
1784775240,163.0679931640625,163.0760040283203,163.0590057373047,163.06700134277344
1784775300,163.06700134277344,163.0749969482422,163.0570068359375,163.0659942626953
1784775360,163.0659942626953,163.0709991455078,163.06100463867188,163.06300354003906
1784775420,163.06300354003906,163.07400512695312,163.06199645996094,163.0709991455078
1784775480,163.07000732421875,163.0709991455078,163.0590057373047,163.06300354003906
1784775540,163.06300354003906,163.0709991455078,163.05599975585938,163.06399536132812
1784775600,163.06900024414062,163.0709991455078,163.0540008544922,163.06500244140625
1784775660,163.06700134277344,163.0780029296875,163.0659942626953,163.0709991455078
1784775720,163.07000732421875,163.0760040283203,163.06500244140625,163.0659942626953
1784775780,163.0659942626953,163.07699584960938,163.0659942626953,163.07000732421875
1784775840,163.06900024414062,163.0780029296875,163.06199645996094,163.0679931640625
1784775900,163.06399536132812,163.06900024414062,163.06199645996094,163.06399536132812
1784775960,163.06500244140625,163.0749969482422,163.06500244140625,163.06700134277344
1784776020,163.06700134277344,163.08200073242188,163.0659942626953,163.07200622558594
1784776080,163.07200622558594,163.0780029296875,163.06900024414062,163.07000732421875
1784776140,163.07000732421875,163.0749969482422,163.06399536132812,163.06399536132812
1784776200,163.06500244140625,163.07699584960938,163.06500244140625,163.07200622558594
1784776260,163.07200622558594,163.0760040283203,163.05499267578125,163.05799865722656
1784776320,163.0590057373047,163.07400512695312,163.05599975585938,163.06500244140625
1784776380,163.06500244140625,163.0749969482422,163.06500244140625,163.07000732421875
1784776440,163.0679931640625,163.08599853515625,163.0679931640625,163.0780029296875
1784776500,163.07899475097656,163.08599853515625,163.0749969482422,163.0760040283203
1784776560,163.07899475097656,163.08299255371094,163.0659942626953,163.07400512695312
1784776620,163.0679931640625,163.0760040283203,163.0659942626953,163.06900024414062
1784776680,163.0679931640625,163.0760040283203,163.06500244140625,163.07200622558594
1784776740,163.0659942626953,163.07200622558594,163.05499267578125,163.05799865722656
1784776800,163.06199645996094,163.0760040283203,163.0540008544922,163.0659942626953
1784776860,163.0679931640625,163.0709991455078,163.06199645996094,163.06300354003906
1784776920,163.06300354003906,163.06900024414062,163.0540008544922,163.05499267578125
1784776980,163.0590057373047,163.06300354003906,163.0540008544922,163.05499267578125
1784777040,163.06100463867188,163.06199645996094,163.0540008544922,163.0590057373047
1784777100,163.05599975585938,163.06199645996094,163.05299377441406,163.0540008544922
1784777160,163.06100463867188,163.06100463867188,163.0469970703125,163.0500030517578
1784777220,163.0540008544922,163.05499267578125,163.03799438476562,163.03900146484375
1784777280,163.0469970703125,163.0500030517578,163.03900146484375,163.0449981689453
1784777340,163.04800415039062,163.05999755859375,163.03900146484375,163.052001953125
1784777400,163.05599975585938,163.06100463867188,163.052001953125,163.05299377441406
1784777460,163.0570068359375,163.06300354003906,163.04800415039062,163.0540008544922
1784777520,163.0540008544922,163.06199645996094,163.05299377441406,163.05999755859375
1784777580,163.0540008544922,163.05999755859375,163.0489959716797,163.05599975585938
1784777640,163.052001953125,163.0570068359375,163.0399932861328,163.0489959716797
1784777700,163.04800415039062,163.0500030517578,163.04100036621094,163.04600524902344
1784777760,163.04600524902344,163.05999755859375,163.04400634765625,163.05299377441406
1784777820,163.05299377441406,163.06300354003906,163.0489959716797,163.05999755859375
1784777880,163.05799865722656,163.06399536132812,163.05099487304688,163.0540008544922
1784777940,163.05299377441406,163.05799865722656,163.04800415039062,163.0500030517578
1784778000,163.0500030517578,163.06100463867188,163.0500030517578,163.0500030517578
1784778060,163.05499267578125,163.05799865722656,163.04800415039062,163.0570068359375
1784778120,163.0540008544922,163.06100463867188,163.04800415039062,163.0500030517578
1784778180,163.05099487304688,163.0590057373047,163.03500366210938,163.03799438476562
1784778240,163.03900146484375,163.0500030517578,163.03799438476562,163.04299926757812
1784778300,163.0469970703125,163.0500030517578,163.03799438476562,163.04600524902344
1784778360,163.0449981689453,163.0500030517578,163.03799438476562,163.0469970703125
1784778420,163.04800415039062,163.0570068359375,163.04200744628906,163.0489959716797
1784778480,163.0489959716797,163.05999755859375,163.0489959716797,163.052001953125
1784778540,163.0489959716797,163.0570068359375,163.04100036621094,163.04200744628906
1784778600,163.04200744628906,163.0500030517578,163.03700256347656,163.04100036621094
1784778660,163.03799438476562,163.0500030517578,163.03700256347656,163.04299926757812
1784778720,163.04299926757812,163.0540008544922,163.03700256347656,163.03799438476562
1784778780,163.03799438476562,163.0469970703125,163.03500366210938,163.0469970703125
1784778840,163.03900146484375,163.04800415039062,163.03500366210938,163.04400634765625
1784778900,163.04299926757812,163.04600524902344,163.03199768066406,163.03799438476562
1784778960,163.03500366210938,163.04100036621094,163.0290069580078,163.02999877929688
1784779020,163.02999877929688,163.04400634765625,163.0260009765625,163.04400634765625
1784779080,163.03700256347656,163.04800415039062,163.03700256347656,163.0469970703125
1784779140,163.03900146484375,163.0540008544922,163.03700256347656,163.04299926757812
1784779200,163.03900146484375,163.0469970703125,163.03599548339844,163.03900146484375
1784779260,163.03900146484375,163.04800415039062,163.03700256347656,163.0399932861328
1784779320,163.03900146484375,163.04600524902344,163.03500366210938,163.0449981689453
1784779380,163.04600524902344,163.05499267578125,163.03599548339844,163.0500030517578
1784779440,163.04600524902344,163.05599975585938,163.0449981689453,163.052001953125
1784779500,163.05299377441406,163.05999755859375,163.04200744628906,163.0469970703125
1784779560,163.0500030517578,163.0540008544922,163.03700256347656,163.0449981689453
1784779620,163.03700256347656,163.0469970703125,163.03399658203125,163.03500366210938
1784779680,163.03399658203125,163.04100036621094,163.02200317382812,163.0240020751953
1784779740,163.0240020751953,163.0399932861328,163.0240020751953,163.0279998779297
1784779800,163.0330047607422,163.0489959716797,163.0279998779297,163.03900146484375
1784779860,163.03900146484375,163.0500030517578,163.03599548339844,163.0449981689453
1784779920,163.04200744628906,163.0570068359375,163.04100036621094,163.052001953125
1784779980,163.05599975585938,163.05599975585938,163.04299926757812,163.04800415039062
1784780040,163.04800415039062,163.05799865722656,163.04600524902344,163.0469970703125
1784780100,163.05099487304688,163.05599975585938,163.04600524902344,163.05499267578125
1784780160,163.04800415039062,163.05599975585938,163.04600524902344,163.05499267578125
1784780220,163.0500030517578,163.06100463867188,163.0469970703125,163.0570068359375
1784780280,163.05799865722656,163.06100463867188,163.0489959716797,163.0540008544922
1784780340,163.05999755859375,163.06100463867188,163.05099487304688,163.05599975585938
1784780400,163.0540008544922,163.06199645996094,163.0489959716797,163.05099487304688
1784780460,163.05499267578125,163.0570068359375,163.04800415039062,163.05599975585938
1784780520,163.05299377441406,163.05799865722656,163.0469970703125,163.04800415039062
1784780580,163.05099487304688,163.05999755859375,163.0469970703125,163.05299377441406
1784780640,163.0500030517578,163.05799865722656,163.0489959716797,163.052001953125
1784780700,163.05299377441406,163.0570068359375,163.0489959716797,163.05499267578125
1784780760,163.05099487304688,163.05599975585938,163.0469970703125,163.0500030517578
1784780820,163.05099487304688,163.0540008544922,163.0469970703125,163.0500030517578
1784780880,163.04800415039062,163.05499267578125,163.03599548339844,163.03799438476562
1784780940,163.03700256347656,163.04600524902344,163.03599548339844,163.03799438476562
1784781000,163.03799438476562,163.0540008544922,163.03700256347656,163.04800415039062
1784781060,163.0500030517578,163.0540008544922,163.0449981689453,163.04600524902344
1784781120,163.04600524902344,163.0540008544922,163.04400634765625,163.0540008544922
1784781180,163.04600524902344,163.05599975585938,163.0449981689453,163.0469970703125
1784781240,163.0500030517578,163.05799865722656,163.04600524902344,163.0540008544922
1784781300,163.05299377441406,163.0540008544922,163.03700256347656,163.04200744628906
1784781360,163.04200744628906,163.05299377441406,163.03700256347656,163.0489959716797
1784781420,163.04800415039062,163.05299377441406,163.04200744628906,163.0500030517578
1784781480,163.04400634765625,163.0540008544922,163.04299926757812,163.0540008544922
1784781540,163.04800415039062,163.05499267578125,163.04800415039062,163.05299377441406
1784781600,163.052001953125,163.06199645996094,163.0469970703125,163.0570068359375
1784781660,163.05599975585938,163.06100463867188,163.0489959716797,163.05499267578125
1784781720,163.05299377441406,163.05499267578125,163.04800415039062,163.05499267578125
1784781780,163.04800415039062,163.05299377441406,163.0469970703125,163.0500030517578
1784781840,163.05099487304688,163.05599975585938,163.0449981689453,163.0449981689453
1784781900,163.052001953125,163.06900024414062,163.0449981689453,163.06199645996094
1784781960,163.06300354003906,163.0659942626953,163.0489959716797,163.052001953125
1784782020,163.0540008544922,163.06399536132812,163.05099487304688,163.05599975585938
1784782080,163.05599975585938,163.07200622558594,163.05599975585938,163.06300354003906
1784782140,163.06300354003906,163.07200622558594,163.06199645996094,163.06300354003906
1784782200,163.0679931640625,163.07000732421875,163.06100463867188,163.06199645996094
1784782260,163.06199645996094,163.07000732421875,163.05599975585938,163.06900024414062
1784782320,163.06500244140625,163.0709991455078,163.06100463867188,163.06700134277344
1784782380,163.06399536132812,163.07400512695312,163.06399536132812,163.06500244140625
1784782440,163.06900024414062,163.07899475097656,163.06500244140625,163.0679931640625
1784782500,163.07000732421875,163.0760040283203,163.06399536132812,163.0679931640625
1784782560,163.06700134277344,163.08299255371094,163.06700134277344,163.0780029296875
1784782620,163.07400512695312,163.08399963378906,163.072998046875,163.0749969482422
1784782680,163.0760040283203,163.08399963378906,163.06199645996094,163.06500244140625
1784782740,163.06500244140625,163.07400512695312,163.06500244140625,163.07200622558594
1784782800,163.0659942626953,163.07899475097656,163.06300354003906,163.06500244140625
1784782860,163.06500244140625,163.0749969482422,163.05999755859375,163.072998046875
1784782920,163.0659942626953,163.08099365234375,163.06399536132812,163.07400512695312
1784782980,163.06900024414062,163.08099365234375,163.06500244140625,163.072998046875
1784783040,163.072998046875,163.08200073242188,163.07200622558594,163.07400512695312
1784783100,163.07699584960938,163.08599853515625,163.07200622558594,163.07899475097656
1784783160,163.0760040283203,163.0850067138672,163.0749969482422,163.07699584960938
1784783220,163.07699584960938,163.08399963378906,163.0709991455078,163.0749969482422
1784783280,163.07400512695312,163.08399963378906,163.07200622558594,163.08399963378906
1784783340,163.0760040283203,163.08399963378906,163.0760040283203,163.08299255371094
1784783400,163.0780029296875,163.08399963378906,163.07400512695312,163.0780029296875
1784783460,163.0749969482422,163.08399963378906,163.0749969482422,163.0760040283203
1784783520,163.07899475097656,163.08599853515625,163.072998046875,163.0749969482422
1784783580,163.07400512695312,163.08099365234375,163.072998046875,163.07699584960938
1784783640,163.0760040283203,163.08200073242188,163.07200622558594,163.07400512695312
1784783700,163.07400512695312,163.0850067138672,163.07200622558594,163.07699584960938
1784783760,163.08099365234375,163.09300231933594,163.07699584960938,163.08700561523438
1784783820,163.08799743652344,163.10000610351562,163.08599853515625,163.09100341796875
1784783880,163.09100341796875,163.0989990234375,163.08999633789062,163.09100341796875
1784783940,163.09100341796875,163.1060028076172,163.09100341796875,163.09800720214844
1784784000,163.0959930419922,163.10299682617188,163.08999633789062,163.0919952392578
1784784060,163.09300231933594,163.1020050048828,163.08999633789062,163.09800720214844
1784784120,163.0959930419922,163.10699462890625,163.093994140625,163.1020050048828
1784784180,163.1009979248047,163.10899353027344,163.0989990234375,163.1009979248047
1784784240,163.1009979248047,163.10699462890625,163.08900451660156,163.0959930419922
1784784300,163.09300231933594,163.10499572753906,163.08999633789062,163.0970001220703
1784784360,163.09800720214844,163.1060028076172,163.09500122070312,163.10499572753906
1784784420,163.0970001220703,163.1060028076172,163.093994140625,163.10000610351562
1784784480,163.1009979248047,163.1009979248047,163.08700561523438,163.08999633789062
1784784540,163.08799743652344,163.093994140625,163.08599853515625,163.08799743652344
1784784600,163.08999633789062,163.0959930419922,163.0749969482422,163.08900451660156
1784784660,163.08799743652344,163.09300231933594,163.07699584960938,163.08900451660156
1784784720,163.08700561523438,163.09500122070312,163.08399963378906,163.0850067138672
1784784780,163.0850067138672,163.093994140625,163.08399963378906,163.08700561523438
1784784840,163.08700561523438,163.09100341796875,163.07699584960938,163.0800018310547
1784784900,163.08299255371094,163.08799743652344,163.0760040283203,163.08299255371094
1784784960,163.07699584960938,163.08399963378906,163.06300354003906,163.06399536132812
1784785020,163.06399536132812,163.0800018310547,163.06399536132812,163.0780029296875
1784785080,163.07200622558594,163.07899475097656,163.06199645996094,163.0659942626953
1784785140,163.06900024414062,163.07699584960938,163.06500244140625,163.07400512695312
1784785200,163.0749969482422,163.08099365234375,163.0659942626953,163.07699584960938
1784785260,163.0760040283203,163.08399963378906,163.0709991455078,163.08299255371094
1784785320,163.07699584960938,163.08299255371094,163.07400512695312,163.0760040283203
1784785380,163.0760040283203,163.09100341796875,163.072998046875,163.09100341796875
1784785440,163.08900451660156,163.0919952392578,163.072998046875,163.08399963378906
1784785500,163.07899475097656,163.08599853515625,163.0760040283203,163.0800018310547
1784785560,163.08299255371094,163.09100341796875,163.0749969482422,163.08700561523438
1784785620,163.08299255371094,163.0919952392578,163.07899475097656,163.0850067138672
1784785680,163.08200073242188,163.09100341796875,163.07899475097656,163.0850067138672
1784785740,163.08299255371094,163.08700561523438,163.07899475097656,163.08099365234375
1784785800,163.08399963378906,163.08999633789062,163.0800018310547,163.08399963378906
1784785860,163.08799743652344,163.09500122070312,163.08299255371094,163.09100341796875
1784785920,163.08799743652344,163.0959930419922,163.0780029296875,163.0780029296875
1784785980,163.0780029296875,163.0970001220703,163.0760040283203,163.0919952392578
1784786040,163.0959930419922,163.10000610351562,163.08700561523438,163.0959930419922
1784786100,163.09300231933594,163.0989990234375,163.08999633789062,163.09100341796875
1784786160,163.09300231933594,163.10800170898438,163.08799743652344,163.1009979248047
1784786220,163.10400390625,163.10899353027344,163.0959930419922,163.0989990234375
1784786280,163.09800720214844,163.10899353027344,163.09500122070312,163.10299682617188
1784786340,163.1020050048828,163.11000061035156,163.0989990234375,163.10899353027344
1784786400,163.10400390625,163.11300659179688,163.08799743652344,163.0989990234375
1784786460,163.10800170898438,163.11399841308594,163.0919952392578,163.10000610351562
1784786520,163.10000610351562,163.11599731445312,163.0919952392578,163.1060028076172
1784786580,163.1060028076172,163.1199951171875,163.10499572753906,163.10699462890625
1784786640,163.10699462890625,163.11500549316406,163.0959930419922,163.0989990234375
1784786700,163.1020050048828,163.10400390625,163.09100341796875,163.0959930419922
1784786760,163.09300231933594,163.10400390625,163.0919952392578,163.09300231933594
1784786820,163.0989990234375,163.11599731445312,163.09500122070312,163.10499572753906
1784786880,163.10400390625,163.10899353027344,163.09100341796875,163.0970001220703
1784786940,163.0959930419922,163.1020050048828,163.0919952392578,163.093994140625
1784787000,163.1009979248047,163.1020050048828,163.08799743652344,163.08999633789062
1784787060,163.08999633789062,163.09500122070312,163.0749969482422,163.08799743652344
1784787120,163.0850067138672,163.09300231933594,163.0659942626953,163.0800018310547
1784787180,163.07699584960938,163.08299255371094,163.07200622558594,163.072998046875
1784787240,163.0760040283203,163.08799743652344,163.0659942626953,163.0709991455078
1784787300,163.0709991455078,163.08599853515625,163.07000732421875,163.0850067138672
1784787360,163.08200073242188,163.08900451660156,163.07699584960938,163.08399963378906
1784787420,163.0850067138672,163.08999633789062,163.07699584960938,163.08399963378906
1784787480,163.08799743652344,163.10000610351562,163.08299255371094,163.08999633789062
1784787540,163.08900451660156,163.0989990234375,163.0800018310547,163.08299255371094
1784787600,163.08099365234375,163.08900451660156,163.08099365234375,163.08399963378906
1784787660,163.08799743652344,163.08799743652344,163.07400512695312,163.08099365234375
1784787720,163.07899475097656,163.08599853515625,163.07699584960938,163.0780029296875
1784787780,163.0780029296875,163.09100341796875,163.0780029296875,163.08399963378906
1784787840,163.0850067138672,163.08999633789062,163.06900024414062,163.07899475097656
1784787900,163.07699584960938,163.0850067138672,163.07000732421875,163.08200073242188
1784787960,163.0850067138672,163.09300231933594,163.0749969482422,163.0760040283203
1784788020,163.07899475097656,163.08399963378906,163.06399536132812,163.06500244140625
1784788080,163.072998046875,163.0749969482422,163.06500244140625,163.07000732421875
1784788140,163.07200622558594,163.0800018310547,163.0659942626953,163.06700134277344
1784788200,163.06700134277344,163.0850067138672,163.06700134277344,163.07699584960938
1784788260,163.07200622558594,163.08200073242188,163.0679931640625,163.0780029296875
1784788320,163.07699584960938,163.08599853515625,163.0679931640625,163.07200622558594
1784788380,163.0780029296875,163.0780029296875,163.06300354003906,163.06300354003906
1784788440,163.06900024414062,163.08200073242188,163.06300354003906,163.0760040283203
1784788500,163.0679931640625,163.08099365234375,163.06500244140625,163.072998046875
1784788560,163.0760040283203,163.08299255371094,163.06700134277344,163.0780029296875
1784788620,163.07899475097656,163.08200073242188,163.0659942626953,163.06900024414062
1784788680,163.072998046875,163.08299255371094,163.06900024414062,163.08200073242188
1784788740,163.0800018310547,163.08900451660156,163.0780029296875,163.08299255371094
1784788800,163.08299255371094,163.08900451660156,163.0800018310547,163.08200073242188
1784788860,163.08299255371094,163.09800720214844,163.08099365234375,163.09500122070312
1784788920,163.09300231933594,163.0970001220703,163.08200073242188,163.08799743652344
1784788980,163.08399963378906,163.0919952392578,163.0760040283203,163.07899475097656
1784789040,163.07899475097656,163.08900451660156,163.07899475097656,163.08299255371094
1784789100,163.08900451660156,163.09500122070312,163.08099365234375,163.08200073242188
1784789160,163.08200073242188,163.0959930419922,163.08200073242188,163.08399963378906
1784789220,163.08399963378906,163.0970001220703,163.08200073242188,163.08599853515625
1784789280,163.08599853515625,163.0970001220703,163.08599853515625,163.09500122070312
1784789340,163.093994140625,163.0959930419922,163.08099365234375,163.08200073242188
1784789400,163.08299255371094,163.093994140625,163.07899475097656,163.08700561523438
1784789460,163.08399963378906,163.09800720214844,163.08200073242188,163.09500122070312
1784789520,163.093994140625,163.10699462890625,163.08799743652344,163.09500122070312
1784789580,163.09500122070312,163.1060028076172,163.09100341796875,163.0989990234375
1784789640,163.09300231933594,163.10400390625,163.08900451660156,163.09500122070312
1784789700,163.08700561523438,163.10899353027344,163.08700561523438,163.10299682617188
1784789760,163.09800720214844,163.10299682617188,163.08900451660156,163.093994140625
1784789820,163.0959930419922,163.10899353027344,163.09300231933594,163.10699462890625
1784789880,163.1009979248047,163.11599731445312,163.10000610351562,163.11199951171875
1784789940,163.10899353027344,163.11399841308594,163.10299682617188,163.10400390625
1784790000,163.10400390625,163.1280059814453,163.10400390625,163.11700439453125
1784790060,163.1179962158203,163.14100646972656,163.11500549316406,163.13699340820312
1784790120,163.13299560546875,163.14199829101562,163.1280059814453,163.13900756835938
1784790180,163.13400268554688,163.14199829101562,163.12899780273438,163.13299560546875
1784790240,163.13299560546875,163.1529998779297,163.13099670410156,163.14100646972656
1784790300,163.14199829101562,163.1510009765625,163.13900756835938,163.14999389648438
1784790360,163.1439971923828,163.15199279785156,163.13600158691406,163.1439971923828
1784790420,163.13699340820312,163.1490020751953,163.1280059814453,163.1439971923828
1784790480,163.14199829101562,163.156005859375,163.13999938964844,163.14500427246094
1784790540,163.14500427246094,163.1529998779297,163.13699340820312,163.14199829101562
1784790600,163.13999938964844,163.14999389648438,163.1269989013672,163.1280059814453
1784790660,163.125,163.14700317382812,163.125,163.13900756835938
1784790720,163.14199829101562,163.14700317382812,163.13499450683594,163.13699340820312
1784790780,163.13999938964844,163.14599609375,163.12899780273438,163.14199829101562
1784790840,163.13600158691406,163.14199829101562,163.1269989013672,163.1280059814453
1784790900,163.1280059814453,163.1490020751953,163.1280059814453,163.14100646972656
1784790960,163.1439971923828,163.14999389648438,163.13600158691406,163.13999938964844
1784791020,163.13600158691406,163.14599609375,163.13099670410156,163.13900756835938
1784791080,163.13900756835938,163.15499877929688,163.13699340820312,163.14999389648438
1784791140,163.14500427246094,163.1510009765625,163.14100646972656,163.1439971923828
1784791200,163.14999389648438,163.1580047607422,163.14199829101562,163.14500427246094
1784791260,163.156005859375,163.1580047607422,163.14199829101562,163.14500427246094
1784791320,163.14700317382812,163.15199279785156,163.13900756835938,163.14100646972656
1784791380,163.1439971923828,163.1490020751953,163.13900756835938,163.1439971923828
1784791440,163.14599609375,163.15199279785156,163.14199829101562,163.1490020751953
1784791500,163.14700317382812,163.1580047607422,163.14100646972656,163.15699768066406
1784791560,163.1529998779297,163.16600036621094,163.1479949951172,163.16200256347656
1784791620,163.16299438476562,163.16600036621094,163.15499877929688,163.16200256347656
1784791680,163.16600036621094,163.17300415039062,163.156005859375,163.1649932861328
1784791740,163.1649932861328,163.1719970703125,163.15699768066406,163.16200256347656
1784791800,163.16200256347656,163.1750030517578,163.16200256347656,163.16900634765625
1784791860,163.1699981689453,163.177001953125,163.16799926757812,163.16900634765625
1784791920,163.16799926757812,163.1750030517578,163.15499877929688,163.16799926757812
1784791980,163.1699981689453,163.17100524902344,163.1580047607422,163.16200256347656
1784792040,163.16099548339844,163.16799926757812,163.15699768066406,163.16000366210938
1784792100,163.16200256347656,163.17300415039062,163.15699768066406,163.16600036621094
1784792160,163.16700744628906,163.1739959716797,163.16600036621094,163.16799926757812
1784792220,163.17300415039062,163.1739959716797,163.1580047607422,163.15899658203125
1784792280,163.15899658203125,163.18499755859375,163.15899658203125,163.18099975585938
1784792340,163.177001953125,163.18800354003906,163.1750030517578,163.17999267578125
1784792400,163.18499755859375,163.1959991455078,163.1750030517578,163.19200134277344
1784792460,163.18800354003906,163.19900512695312,163.18699645996094,163.1909942626953
1784792520,163.19400024414062,163.20700073242188,163.18699645996094,163.197998046875
1784792580,163.1999969482422,163.26400756835938,163.197998046875,163.23800659179688
1784792640,163.23699951171875,163.25599670410156,163.2100067138672,163.2259979248047
1784792700,163.22999572753906,163.2570037841797,163.22300720214844,163.2480010986328
1784792760,163.25100708007812,163.29299926757812,163.2469940185547,163.28599548339844
1784792820,163.28500366210938,163.34300231933594,163.28500366210938,163.3040008544922
1784792880,163.3040008544922,163.32899475097656,163.28399658203125,163.31700134277344
1784792940,163.31700134277344,163.32699584960938,163.2989959716797,163.30299377441406
1784793000,163.2989959716797,163.3350067138672,163.2969970703125,163.30499267578125
1784793060,163.31100463867188,163.32699584960938,163.30299377441406,163.3090057373047
1784793120,163.30499267578125,163.38900756835938,163.30499267578125,163.35800170898438
1784793180,163.35499572753906,163.39700317382812,163.35299682617188,163.38299560546875
1784793240,163.39100646972656,163.41700744628906,163.3800048828125,163.4010009765625
1784793300,163.40199279785156,163.427001953125,163.1840057373047,163.26600646972656
1784793360,163.2790069580078,163.33299255371094,163.2740020751953,163.33200073242188
1784793420,163.31900024414062,163.33700561523438,163.29299926757812,163.32200622558594
1784793480,163.322998046875,163.33299255371094,163.29400634765625,163.302001953125
1784793540,163.29800415039062,163.31900024414062,163.2830047607422,163.31199645996094
1784793600,163.31100463867188,163.32200622558594,163.2779998779297,163.3090057373047
1784793660,163.30599975585938,163.3459930419922,163.302001953125,163.32899475097656
1784793720,163.33700561523438,163.35499572753906,163.3280029296875,163.3459930419922
1784793780,163.33799743652344,163.3560028076172,163.32699584960938,163.34100341796875
1784793840,163.33999633789062,163.36399841308594,163.33799743652344,163.35400390625
1784793900,163.35400390625,163.36599731445312,163.35000610351562,163.35299682617188
1784793960,163.35800170898438,163.36199951171875,163.33799743652344,163.33900451660156
1784794020,163.34500122070312,163.3509979248047,163.3260040283203,163.33700561523438
1784794080,163.32899475097656,163.3470001220703,163.3280029296875,163.33799743652344
1784794140,163.3300018310547,163.34500122070312,163.3249969482422,163.32699584960938
1784794200,163.32699584960938,163.34800720214844,163.3260040283203,163.3419952392578
1784794260,163.33799743652344,163.35899353027344,163.33799743652344,163.35800170898438
1784794320,163.35499572753906,163.37100219726562,163.343994140625,163.36700439453125
1784794380,163.35699462890625,163.38800048828125,163.35699462890625,163.37899780273438
1784794440,163.38400268554688,163.3979949951172,163.37100219726562,163.37600708007812
1784794500,163.38400268554688,163.38499450683594,163.36500549316406,163.3719940185547
1784794560,163.3719940185547,163.39100646972656,163.3719940185547,163.37899780273438
1784794620,163.38699340820312,163.38800048828125,163.36500549316406,163.36500549316406
1784794680,163.36399841308594,163.3730010986328,163.35499572753906,163.36399841308594
1784794740,163.36700439453125,163.3769989013672,163.35899353027344,163.36700439453125
1784794800,163.36700439453125,163.38099670410156,163.36300659179688,163.3679962158203
1784794860,163.375,163.38400268554688,163.3679962158203,163.38099670410156
1784794920,163.37600708007812,163.38900756835938,163.3719940185547,163.37899780273438
1784794980,163.37899780273438,163.39999389648438,163.3769989013672,163.39199829101562
1784795040,163.38999938964844,163.39700317382812,163.36500549316406,163.38299560546875
1784795100,163.37600708007812,163.38699340820312,163.3679962158203,163.38699340820312
1784795160,163.3820037841797,163.3990020751953,163.37600708007812,163.37899780273438
1784795220,163.37899780273438,163.38900756835938,163.37600708007812,163.3769989013672
1784795280,163.38400268554688,163.39599609375,163.37600708007812,163.38699340820312
1784795340,163.38699340820312,163.4010009765625,163.38099670410156,163.39700317382812
1784795400,163.39100646972656,163.4080047607422,163.38999938964844,163.39700317382812
1784795460,163.39500427246094,163.41600036621094,163.39100646972656,163.41600036621094
1784795520,163.4149932861328,163.42599487304688,163.38900756835938,163.40899658203125
1784795580,163.40699768066406,163.41700744628906,163.38900756835938,163.39500427246094
1784795640,163.3979949951172,163.41099548339844,163.38999938964844,163.40199279785156
1784795700,163.40199279785156,163.41200256347656,163.39300537109375,163.41099548339844
1784795760,163.4040069580078,163.41400146484375,163.4010009765625,163.4040069580078
1784795820,163.40499877929688,163.4239959716797,163.4029998779297,163.4239959716797
1784795880,163.41700744628906,163.4250030517578,163.3990020751953,163.4040069580078
1784795940,163.40499877929688,163.4219970703125,163.4040069580078,163.41200256347656
1784796000,163.41099548339844,163.4250030517578,163.40899658203125,163.4239959716797
1784796060,163.4250030517578,163.42599487304688,163.40499877929688,163.41400146484375
1784796120,163.41700744628906,163.4409942626953,163.41200256347656,163.43299865722656
1784796180,163.43299865722656,163.4409942626953,163.41400146484375,163.42100524902344
1784796240,163.41900634765625,163.427001953125,163.36500549316406,163.38999938964844
1784796300,163.38999938964844,163.4010009765625,163.37600708007812,163.3820037841797
1784796360,163.3820037841797,163.38900756835938,163.36399841308594,163.36599731445312
1784796420,163.37600708007812,163.3800048828125,163.34800720214844,163.34800720214844
1784796480,163.35800170898438,163.3719940185547,163.32899475097656,163.3699951171875
1784796540,163.36399841308594,163.3719940185547,163.3489990234375,163.3509979248047
1784796600,163.35000610351562,163.36700439453125,163.34100341796875,163.36199951171875
1784796660,163.35899353027344,163.375,163.35899353027344,163.36399841308594
1784796720,163.36900329589844,163.3699951171875,163.343994140625,163.3509979248047
1784796780,163.35499572753906,163.37100219726562,163.3509979248047,163.36599731445312
1784796840,163.36700439453125,163.37399291992188,163.36199951171875,163.36500549316406
1784796900,163.36500549316406,163.3780059814453,163.36199951171875,163.36399841308594
1784796960,163.36500549316406,163.3820037841797,163.36300659179688,163.36399841308594
1784797020,163.36399841308594,163.3730010986328,163.35299682617188,163.35899353027344
1784797080,163.35800170898438,163.36700439453125,163.33999633789062,163.35299682617188
1784797140,163.35800170898438,163.35800170898438,163.33399963378906,163.33399963378906
1784797200,163.3300018310547,163.35699462890625,163.3300018310547,163.35499572753906
1784797260,163.3560028076172,163.3560028076172,163.3260040283203,163.32899475097656
1784797320,163.3280029296875,163.3520050048828,163.3260040283203,163.33900451660156
1784797380,163.3459930419922,163.3470001220703,163.3000030517578,163.3159942626953
1784797440,163.3090057373047,163.32000732421875,163.29600524902344,163.29600524902344
1784797500,163.29600524902344,163.31100463867188,163.2830047607422,163.30299377441406
1784797560,163.30499267578125,163.3159942626953,163.28599548339844,163.30599975585938
1784797620,163.30799865722656,163.32400512695312,163.3070068359375,163.31500244140625
1784797680,163.31500244140625,163.32899475097656,163.31300354003906,163.32200622558594
1784797740,163.322998046875,163.33599853515625,163.31700134277344,163.33299255371094
1784797800,163.32699584960938,163.33900451660156,163.3249969482422,163.33599853515625
1784797860,163.33200073242188,163.33999633789062,163.32899475097656,163.32899475097656
1784797920,163.3350067138672,163.3459930419922,163.32899475097656,163.33799743652344
1784797980,163.33599853515625,163.35000610351562,163.33299255371094,163.3470001220703
1784798040,163.34100341796875,163.36399841308594,163.33900451660156,163.3560028076172
1784798100,163.3560028076172,163.37100219726562,163.3470001220703,163.3489990234375
1784798160,163.35000610351562,163.36000061035156,163.34800720214844,163.3509979248047
1784798220,163.35499572753906,163.35800170898438,163.33299255371094,163.33900451660156
1784798280,163.33799743652344,163.36000061035156,163.33399963378906,163.35899353027344
1784798340,163.36000061035156,163.3679962158203,163.35299682617188,163.36199951171875
1784798400,163.3560028076172,163.37100219726562,163.34800720214844,163.35299682617188
1784798460,163.35800170898438,163.36300659179688,163.3470001220703,163.35499572753906
1784798520,163.3520050048828,163.3719940185547,163.35000610351562,163.3719940185547
1784798580,163.36500549316406,163.375,163.36000061035156,163.36900329589844
1784798640,163.36900329589844,163.38299560546875,163.36199951171875,163.37600708007812
1784798700,163.37600708007812,163.38800048828125,163.3699951171875,163.38299560546875
1784798760,163.37899780273438,163.39599609375,163.37899780273438,163.38800048828125
1784798820,163.38800048828125,163.39700317382812,163.37600708007812,163.38900756835938
1784798880,163.37899780273438,163.38999938964844,163.3699951171875,163.37899780273438
1784798940,163.3780059814453,163.38499450683594,163.37100219726562,163.375
1784799000,163.37100219726562,163.3820037841797,163.35800170898438,163.3730010986328
1784799060,163.36500549316406,163.37600708007812,163.36099243164062,163.3699951171875
1784799120,163.36599731445312,163.37600708007812,163.36199951171875,163.36900329589844
1784799180,163.3679962158203,163.3730010986328,163.35400390625,163.36300659179688
1784799240,163.35400390625,163.36500549316406,163.3520050048828,163.35499572753906
1784799300,163.35699462890625,163.36300659179688,163.3459930419922,163.35499572753906
1784799360,163.35000610351562,163.36000061035156,163.35000610351562,163.3560028076172
1784799420,163.35699462890625,163.36000061035156,163.34800720214844,163.3509979248047
1784799480,163.3509979248047,163.36399841308594,163.34800720214844,163.35400390625
1784799540,163.34800720214844,163.35800170898438,163.33900451660156,163.33900451660156
1784799600,163.33900451660156,163.35499572753906,163.33900451660156,163.34300231933594
1784799660,163.343994140625,163.3520050048828,163.33999633789062,163.3419952392578
1784799720,163.3419952392578,163.35000610351562,163.33799743652344,163.33799743652344
1784799780,163.33999633789062,163.3419952392578,163.3260040283203,163.33099365234375
1784799840,163.33200073242188,163.34100341796875,163.31399536132812,163.33399963378906
1784799900,163.33700561523438,163.3459930419922,163.3280029296875,163.34300231933594
1784799960,163.33700561523438,163.36300659179688,163.33700561523438,163.35699462890625
1784800020,163.3560028076172,163.36099243164062,163.3509979248047,163.35299682617188
1784800080,163.3520050048828,163.36300659179688,163.35000610351562,163.35299682617188
1784800140,163.35299682617188,163.3679962158203,163.3520050048828,163.36099243164062
1784800200,163.36399841308594,163.37600708007812,163.35800170898438,163.35800170898438
1784800260,163.36099243164062,163.3730010986328,163.35800170898438,163.36599731445312
1784800320,163.3679962158203,163.3769989013672,163.36399841308594,163.36500549316406
1784800380,163.36700439453125,163.3719940185547,163.3509979248047,163.35699462890625
1784800440,163.35299682617188,163.36199951171875,163.3509979248047,163.35499572753906
1784800500,163.35499572753906,163.36500549316406,163.35400390625,163.3560028076172
1784800560,163.35499572753906,163.36500549316406,163.35499572753906,163.36500549316406
1784800620,163.36000061035156,163.37399291992188,163.36000061035156,163.36399841308594
1784800680,163.36399841308594,163.3769989013672,163.36399841308594,163.3679962158203
1784800740,163.375,163.38099670410156,163.36500549316406,163.37100219726562
1784800800,163.3679962158203,163.3780059814453,163.36199951171875,163.3769989013672
1784800860,163.3699951171875,163.3769989013672,163.36000061035156,163.36399841308594
1784800920,163.37100219726562,163.3719940185547,163.35299682617188,163.35400390625
1784800980,163.35299682617188,163.37100219726562,163.3520050048828,163.3560028076172
1784801040,163.35800170898438,163.36900329589844,163.35400390625,163.36399841308594
1784801100,163.36500549316406,163.3679962158203,163.35499572753906,163.35699462890625
1784801160,163.35699462890625,163.37100219726562,163.35499572753906,163.36700439453125
1784801220,163.36700439453125,163.37399291992188,163.35400390625,163.35499572753906
1784801280,163.36300659179688,163.38400268554688,163.35400390625,163.37600708007812
1784801340,163.37100219726562,163.37899780273438,163.3699951171875,163.375
1784801400,163.3719940185547,163.38299560546875,163.36500549316406,163.375
1784801460,163.37100219726562,163.3820037841797,163.36599731445312,163.36900329589844
1784801520,163.37100219726562,163.37399291992188,163.35699462890625,163.36500549316406
1784801580,163.36000061035156,163.3719940185547,163.36000061035156,163.36399841308594
1784801640,163.37100219726562,163.3719940185547,163.35000610351562,163.35899353027344
1784801700,163.35400390625,163.36300659179688,163.35000610351562,163.35400390625
1784801760,163.3560028076172,163.35899353027344,163.34500122070312,163.34500122070312
1784801820,163.34500122070312,163.35899353027344,163.33999633789062,163.3520050048828
1784801880,163.35299682617188,163.36199951171875,163.35000610351562,163.35299682617188
1784801940,163.35499572753906,163.36599731445312,163.3520050048828,163.36000061035156
1784802000,163.36000061035156,163.3699951171875,163.3459930419922,163.3470001220703
1784802060,163.35400390625,163.36199951171875,163.3459930419922,163.3560028076172
1784802120,163.35699462890625,163.35899353027344,163.3470001220703,163.35299682617188
1784802180,163.3560028076172,163.36199951171875,163.3489990234375,163.3520050048828
1784802240,163.3520050048828,163.36300659179688,163.3470001220703,163.3560028076172
1784802300,163.35699462890625,163.36000061035156,163.3509979248047,163.35899353027344
1784802360,163.3520050048828,163.36000061035156,163.3509979248047,163.3520050048828
1784802420,163.35499572753906,163.36500549316406,163.3509979248047,163.35400390625
1784802480,163.36399841308594,163.37100219726562,163.35400390625,163.36599731445312
1784802540,163.36500549316406,163.36700439453125,163.34800720214844,163.3560028076172
1784802600,163.3560028076172,163.36399841308594,163.34300231933594,163.3489990234375
1784802660,163.35499572753906,163.36099243164062,163.34800720214844,163.36099243164062
1784802720,163.35400390625,163.36199951171875,163.343994140625,163.35000610351562
1784802780,163.35000610351562,163.35499572753906,163.34300231933594,163.34800720214844
1784802840,163.34800720214844,163.36000061035156,163.3470001220703,163.3470001220703
1784802900,163.35000610351562,163.36399841308594,163.34500122070312,163.3520050048828
1784802960,163.3520050048828,163.3730010986328,163.35000610351562,163.36700439453125
1784803020,163.36700439453125,163.3730010986328,163.35699462890625,163.35899353027344
1784803080,163.36300659179688,163.3719940185547,163.35699462890625,163.36700439453125
1784803140,163.36300659179688,163.3719940185547,163.36099243164062,163.36599731445312
1784803200,163.36300659179688,163.3719940185547,163.36300659179688,163.3679962158203
1784803260,163.36700439453125,163.37399291992188,163.36199951171875,163.36500549316406
1784803320,163.36500549316406,163.375,163.3509979248047,163.36099243164062
1784803380,163.35299682617188,163.36599731445312,163.35299682617188,163.35800170898438
1784803440,163.35899353027344,163.36399841308594,163.3509979248047,163.3560028076172
1784803500,163.35299682617188,163.3719940185547,163.35299682617188,163.36500549316406
1784803560,163.36599731445312,163.3769989013672,163.36399841308594,163.3679962158203
1784803620,163.3679962158203,163.3820037841797,163.36399841308594,163.36500549316406
1784803680,163.36500549316406,163.3730010986328,163.36099243164062,163.36500549316406
1784803740,163.37100219726562,163.37399291992188,163.35800170898438,163.36199951171875
1784803800,163.36900329589844,163.37600708007812,163.35800170898438,163.375
1784803860,163.36599731445312,163.37899780273438,163.36599731445312,163.37399291992188
1784803920,163.3699951171875,163.37600708007812,163.36199951171875,163.36399841308594
1784803980,163.36500549316406,163.37100219726562,163.35400390625,163.36399841308594
1784804040,163.36399841308594,163.3699951171875,163.3489990234375,163.35899353027344
1784804100,163.3509979248047,163.3699951171875,163.35000610351562,163.36199951171875
1784804160,163.36900329589844,163.3719940185547,163.36199951171875,163.36500549316406
1784804220,163.36500549316406,163.37399291992188,163.36399841308594,163.3679962158203
1784804280,163.36599731445312,163.3719940185547,163.36300659179688,163.36500549316406
1784804340,163.36900329589844,163.3769989013672,163.36399841308594,163.3679962158203
1784804400,163.3679962158203,163.3780059814453,163.36399841308594,163.37100219726562
1784804460,163.36599731445312,163.3820037841797,163.36399841308594,163.3730010986328
1784804520,163.36599731445312,163.3769989013672,163.36399841308594,163.3719940185547
1784804580,163.36900329589844,163.38099670410156,163.36599731445312,163.3699951171875
1784804640,163.36700439453125,163.37600708007812,163.36500549316406,163.36900329589844
1784804700,163.3679962158203,163.375,163.36500549316406,163.36599731445312
1784804760,163.36599731445312,163.375,163.36500549316406,163.37100219726562
1784804820,163.36599731445312,163.375,163.35800170898438,163.3679962158203
1784804880,163.37100219726562,163.37399291992188,163.35400390625,163.35699462890625
1784804940,163.35800170898438,163.3730010986328,163.3560028076172,163.37100219726562
1784805000,163.3679962158203,163.3730010986328,163.35899353027344,163.36500549316406
1784805060,163.36099243164062,163.36900329589844,163.35299682617188,163.35800170898438
1784805120,163.3560028076172,163.3679962158203,163.35400390625,163.36500549316406
1784805180,163.36000061035156,163.3679962158203,163.3560028076172,163.36399841308594
1784805240,163.36000061035156,163.3699951171875,163.3520050048828,163.35400390625
1784805300,163.35800170898438,163.36900329589844,163.35499572753906,163.36599731445312
1784805360,163.36700439453125,163.37100219726562,163.35800170898438,163.36700439453125
1784805420,163.36700439453125,163.3769989013672,163.36399841308594,163.3730010986328
1784805480,163.3679962158203,163.38099670410156,163.36599731445312,163.37600708007812
1784805540,163.37399291992188,163.38400268554688,163.36500549316406,163.37899780273438
1784805600,163.38400268554688,163.38800048828125,163.3780059814453,163.38099670410156
1784805660,163.38499450683594,163.39199829101562,163.3800048828125,163.38099670410156
1784805720,163.3800048828125,163.39700317382812,163.3800048828125,163.3939971923828
1784805780,163.38800048828125,163.3979949951172,163.38699340820312,163.3939971923828
1784805840,163.3939971923828,163.40199279785156,163.39300537109375,163.3939971923828
1784805900,163.39500427246094,163.4029998779297,163.39300537109375,163.3979949951172
1784805960,163.39500427246094,163.4029998779297,163.39300537109375,163.39700317382812
1784806020,163.3990020751953,163.41299438476562,163.39300537109375,163.40899658203125
1784806080,163.4080047607422,163.4219970703125,163.406005859375,163.41000366210938
1784806140,163.41400146484375,163.42599487304688,163.40899658203125,163.41299438476562
1784806200,163.41400146484375,163.41900634765625,163.40899658203125,163.41299438476562
1784806260,163.4149932861328,163.4219970703125,163.4080047607422,163.41099548339844
1784806320,163.41099548339844,163.43099975585938,163.41099548339844,163.4239959716797
1784806380,163.4219970703125,163.44400024414062,163.42100524902344,163.43899536132812
1784806440,163.43899536132812,163.4459991455078,163.4239959716797,163.427001953125
1784806500,163.42799377441406,163.47500610351562,163.42799377441406,163.46600341796875
1784806560,163.4669952392578,163.51499938964844,163.46499633789062,163.49000549316406
1784806620,163.49000549316406,163.51300048828125,163.47500610351562,163.49899291992188
1784806680,163.50799560546875,163.5260009765625,163.48899841308594,163.51800537109375
1784806740,163.51800537109375,163.5279998779297,163.4949951171875,163.51199340820312
1784806800,163.51100158691406,163.552001953125,163.50799560546875,163.5449981689453
1784806860,163.54200744628906,163.6479949951172,163.54100036621094,163.5989990234375
1784806920,163.593994140625,163.5989990234375,163.5679931640625,163.58399963378906
1784806980,163.58200073242188,163.60400390625,163.5800018310547,163.5919952392578
1784807040,163.59300231933594,163.5989990234375,163.5709991455078,163.5800018310547
1784807100,163.5800018310547,163.5919952392578,163.2989959716797,163.46200561523438
1784807160,163.468994140625,163.50399780273438,163.44000244140625,163.49400329589844
1784807220,163.48800659179688,163.51699829101562,163.4720001220703,163.48500061035156
1784807280,163.48500061035156,163.50399780273438,163.4709930419922,163.49000549316406
1784807340,163.48300170898438,163.49899291992188,163.47000122070312,163.47500610351562
1784807400,163.48599243164062,163.48599243164062,163.447998046875,163.46400451660156
1784807460,163.46400451660156,163.48300170898438,163.4499969482422,163.4669952392578
1784807520,163.45199584960938,163.47300720214844,163.406005859375,163.4429931640625
1784807580,163.44000244140625,163.4739990234375,163.4199981689453,163.46400451660156
1784807640,163.4709930419922,163.49200439453125,163.43800354003906,163.49200439453125
1784807700,163.48899841308594,163.5030059814453,163.45700073242188,163.4980010986328
1784807760,163.48699951171875,163.5070037841797,163.47799682617188,163.47999572753906
1784807820,163.49099731445312,163.49600219726562,163.46200561523438,163.4810028076172
1784807880,163.48399353027344,163.49200439453125,163.4739990234375,163.49200439453125
1784807940,163.48699951171875,163.4949951171875,163.46200561523438,163.48199462890625
1784808000,163.49000549316406,163.51400756835938,163.4810028076172,163.5030059814453
1784808060,163.4949951171875,163.5070037841797,163.47799682617188,163.47900390625
1784808120,163.48199462890625,163.50100708007812,163.4759979248047,163.4929962158203
1784808180,163.4929962158203,163.5,163.47900390625,163.49000549316406
1784808240,163.48800659179688,163.49899291992188,163.47500610351562,163.48300170898438
1784808300,163.4759979248047,163.4949951171875,163.47500610351562,163.49099731445312
1784808360,163.48599243164062,163.5,163.47799682617188,163.48199462890625
1784808420,163.47900390625,163.48899841308594,163.4770050048828,163.47799682617188
1784808480,163.47900390625,163.48599243164062,163.45899963378906,163.4709930419922
1784808540,163.4709930419922,163.4759979248047,163.44700622558594,163.4550018310547
1784808600,163.4600067138672,163.4739990234375,163.4510040283203,163.46099853515625
1784808660,163.46299743652344,163.48699951171875,163.46099853515625,163.47799682617188
1784808720,163.48800659179688,163.48800659179688,163.4759979248047,163.47900390625
1784808780,163.48199462890625,163.4949951171875,163.4709930419922,163.47999572753906
1784808840,163.47300720214844,163.48800659179688,163.468994140625,163.47000122070312
1784808900,163.4669952392578,163.48699951171875,163.45899963378906,163.48500061035156
1784808960,163.4770050048828,163.51800537109375,163.468994140625,163.49200439453125
1784809020,163.48699951171875,163.50100708007812,163.48500061035156,163.4949951171875
1784809080,163.49400329589844,163.50799560546875,163.48699951171875,163.4949951171875
1784809140,163.49000549316406,163.51300048828125,163.48500061035156,163.48500061035156
1784809200,163.48500061035156,163.51499938964844,163.48500061035156,163.51199340820312
1784809260,163.50399780273438,163.5229949951172,163.48800659179688,163.5
1784809320,163.50100708007812,163.5240020751953,163.5,163.51499938964844
1784809380,163.51800537109375,163.5469970703125,163.51400756835938,163.53599548339844
1784809440,163.53700256347656,163.572998046875,163.53500366210938,163.55799865722656
1784809500,163.56500244140625,163.58799743652344,163.552001953125,163.57400512695312
1784809560,163.572998046875,163.593994140625,163.5709991455078,163.58399963378906
1784809620,163.5850067138672,163.593994140625,163.55799865722656,163.57400512695312
1784809680,163.5760040283203,163.58299255371094,163.56700134277344,163.57400512695312
1784809740,163.572998046875,163.58200073242188,163.55799865722656,163.55799865722656
1784809800,163.56900024414062,163.61900329589844,163.56700134277344,163.58299255371094
1784809860,163.58299255371094,163.59300231933594,163.57699584960938,163.58700561523438
1784809920,163.59100341796875,163.5919952392578,163.5800018310547,163.58299255371094
1784809980,163.58200073242188,163.5970001220703,163.56900024414062,163.5749969482422
1784810040,163.5760040283203,163.60299682617188,163.572998046875,163.59500122070312
1784810100,163.59500122070312,163.61599731445312,163.58799743652344,163.5970001220703
1784810160,163.60499572753906,163.6820068359375,163.59800720214844,163.66099548339844
1784810220,163.67100524902344,163.68899536132812,163.6439971923828,163.67799377441406
1784810280,163.68499755859375,163.69000244140625,163.66400146484375,163.67799377441406
1784810340,163.6750030517578,163.6840057373047,163.66400146484375,163.66700744628906
1784810400,163.66799926757812,163.697998046875,163.66700744628906,163.67799377441406
1784810460,163.67799377441406,163.7030029296875,163.66799926757812,163.6909942626953
1784810520,163.69200134277344,163.75399780273438,163.6909942626953,163.7429962158203
1784810580,163.7550048828125,163.75799560546875,163.71600341796875,163.72799682617188
1784810640,163.73500061035156,163.73699951171875,163.67100524902344,163.70399475097656
1784810700,163.70399475097656,163.71600341796875,163.6909942626953,163.70700073242188
1784810760,163.71600341796875,163.72300720214844,163.67599487304688,163.6790008544922
1784810820,163.68899536132812,163.70799255371094,163.67799377441406,163.68600463867188
1784810880,163.68600463867188,163.71400451660156,163.68499755859375,163.70700073242188
1784810940,163.69900512695312,163.70799255371094,163.67100524902344,163.677001953125
1784811000,163.677001953125,163.70700073242188,163.6739959716797,163.69900512695312
1784811060,163.69000244140625,163.6999969482422,163.677001953125,163.67799377441406
1784811120,163.67799377441406,163.697998046875,163.6750030517578,163.6929931640625
1784811180,163.68600463867188,163.6909942626953,163.6739959716797,163.677001953125
1784811240,163.68099975585938,163.7010040283203,163.66299438476562,163.6719970703125
1784811300,163.66799926757812,163.67999267578125,163.66000366210938,163.66000366210938
1784811360,163.66099548339844,163.6699981689453,163.64599609375,163.6540069580078
1784811420,163.64700317382812,163.67999267578125,163.64500427246094,163.66099548339844
1784811480,163.66099548339844,163.6719970703125,163.6580047607422,163.65899658203125
1784811540,163.65899658203125,163.69000244140625,163.65899658203125,163.66600036621094
1784811600,163.6739959716797,163.6929931640625,163.65899658203125,163.68299865722656
1784811660,163.68299865722656,163.7209930419922,163.6820068359375,163.7209930419922
1784811720,163.71600341796875,163.73500061035156,163.70199584960938,163.7239990234375
1784811780,163.7220001220703,163.73599243164062,163.7169952392578,163.73300170898438
1784811840,163.7259979248047,163.75100708007812,163.71800231933594,163.72900390625
1784811900,163.73199462890625,163.74899291992188,163.7220001220703,163.74400329589844
1784811960,163.74400329589844,163.78599548339844,163.74000549316406,163.76600646972656
1784812020,163.75900268554688,163.78900146484375,163.75900268554688,163.78700256347656
1784812080,163.781005859375,163.78900146484375,163.7570037841797,163.76800537109375
1784812140,163.76800537109375,163.7989959716797,163.76199340820312,163.7899932861328
1784812200,163.78900146484375,163.7989959716797,163.77200317382812,163.79200744628906
1784812260,163.79100036621094,163.8040008544922,163.7899932861328,163.79299926757812
1784812320,163.79200744628906,163.85000610351562,163.7899932861328,163.8249969482422
1784812380,163.83099365234375,163.8459930419922,163.80999755859375,163.82200622558594
1784812440,163.822998046875,163.8350067138672,163.8040008544922,163.80499267578125
1784812500,163.8070068359375,163.8159942626953,163.77099609375,163.802001953125
1784812560,163.802001953125,163.8260040283203,163.78500366210938,163.78700256347656
1784812620,163.78599548339844,163.802001953125,163.76800537109375,163.7740020751953
1784812680,163.7689971923828,163.8000030517578,163.76800537109375,163.78500366210938
1784812740,163.78799438476562,163.79200744628906,163.76800537109375,163.78199768066406
1784812800,163.78700256347656,163.79400634765625,163.77000427246094,163.7779998779297
1784812860,163.7779998779297,163.78700256347656,163.76800537109375,163.7779998779297
1784812920,163.78500366210938,163.79100036621094,163.77000427246094,163.78500366210938
1784812980,163.78500366210938,163.81399536132812,163.7830047607422,163.8000030517578
1784813040,163.80599975585938,163.82200622558594,163.79299926757812,163.8090057373047
1784813100,163.81399536132812,163.81399536132812,163.79299926757812,163.8040008544922
1784813160,163.7989959716797,163.81700134277344,163.79400634765625,163.8070068359375
1784813220,163.7969970703125,163.81100463867188,163.77499389648438,163.7830047607422
1784813280,163.7790069580078,163.80099487304688,163.77099609375,163.781005859375
1784813340,163.78599548339844,163.8000030517578,163.781005859375,163.78399658203125
1784813400,163.78799438476562,163.79299926757812,163.7530059814453,163.77699279785156
1784813460,163.77099609375,163.78399658203125,163.7550048828125,163.77099609375
1784813520,163.76699829101562,163.7729949951172,163.73699951171875,163.74200439453125
1784813580,163.74000549316406,163.75999450683594,163.73899841308594,163.7519989013672
1784813640,163.74400329589844,163.76499938964844,163.7429962158203,163.74600219726562
1784813700,163.74600219726562,163.75900268554688,163.73500061035156,163.74000549316406
1784813760,163.74000549316406,163.75399780273438,163.73500061035156,163.7449951171875
1784813820,163.74400329589844,163.7570037841797,163.72900390625,163.7469940185547
1784813880,163.74899291992188,163.75799560546875,163.7310028076172,163.7519989013672
1784813940,163.7480010986328,163.79100036621094,163.7449951171875,163.7790069580078
1784814000,163.781005859375,163.8000030517578,163.7790069580078,163.79100036621094
1784814060,163.79100036621094,163.79800415039062,163.77499389648438,163.7830047607422
1784814120,163.781005859375,163.79800415039062,163.77699279785156,163.78700256347656
1784814180,163.78799438476562,163.80999755859375,163.77999877929688,163.80999755859375
1784814240,163.80599975585938,163.84500122070312,163.7949981689453,163.84500122070312
1784814300,163.83700561523438,163.86700439453125,163.83599853515625,163.86199951171875
1784814360,163.85699462890625,163.86399841308594,163.83700561523438,163.85899353027344
1784814420,163.85899353027344,163.88699340820312,163.85800170898438,163.8769989013672
1784814480,163.8719940185547,163.88400268554688,163.85299682617188,163.85800170898438
1784814540,163.86000061035156,163.87899780273438,163.8520050048828,163.85899353027344
1784814600,163.85800170898438,163.86599731445312,163.83700561523438,163.843994140625
1784814660,163.843994140625,163.86300659179688,163.843994140625,163.85000610351562
1784814720,163.8489990234375,163.86399841308594,163.8419952392578,163.85699462890625
1784814780,163.85699462890625,163.89199829101562,163.85699462890625,163.8800048828125
1784814840,163.87399291992188,163.89500427246094,163.8679962158203,163.8780059814453
1784814900,163.8769989013672,163.91000366210938,163.86399841308594,163.91000366210938
1784814960,163.89999389648438,163.93699645996094,163.89999389648438,163.92999267578125
1784815020,163.92799377441406,163.9510040283203,163.9250030517578,163.9510040283203
1784815080,163.94200134277344,163.95399475097656,163.92300415039062,163.9290008544922
1784815140,163.9290008544922,163.96499633789062,163.92799377441406,163.95799255371094
1784815200,163.96299743652344,163.96299743652344,163.88600158691406,163.91900634765625
1784815260,163.9149932861328,163.93299865722656,163.90899658203125,163.9219970703125
1784815320,163.92300415039062,163.94500732421875,163.91200256347656,163.93699645996094
1784815380,163.9290008544922,163.9459991455078,163.92599487304688,163.92799377441406
1784815440,163.93299865722656,163.9459991455078,163.92599487304688,163.93800354003906
1784815500,163.93800354003906,163.9459991455078,163.927001953125,163.93099975585938
1784815560,163.9340057373047,163.94200134277344,163.91799926757812,163.92100524902344
1784815620,163.9199981689453,163.9340057373047,163.91400146484375,163.92100524902344
1784815680,163.91799926757812,163.9459991455078,163.9149932861328,163.93800354003906
1784815740,163.93800354003906,163.9459991455078,163.92599487304688,163.92799377441406
1784815800,163.927001953125,163.93699645996094,163.91600036621094,163.9290008544922
1784815860,163.9290008544922,163.9409942626953,163.91600036621094,163.9199981689453
1784815920,163.91799926757812,163.92799377441406,163.9029998779297,163.906005859375
1784815980,163.9080047607422,163.91900634765625,163.875,163.89100646972656
1784816040,163.89100646972656,163.9080047607422,163.88699340820312,163.8939971923828
1784816100,163.89300537109375,163.9040069580078,163.87899780273438,163.89300537109375
1784816160,163.8939971923828,163.89700317382812,163.86599731445312,163.89599609375
1784816220,163.88800048828125,163.91400146484375,163.88099670410156,163.9029998779297
1784816280,163.90899658203125,163.93800354003906,163.9010009765625,163.9290008544922
1784816340,163.9290008544922,163.9459991455078,163.927001953125,163.93800354003906
1784816400,163.92999267578125,163.94900512695312,163.9290008544922,163.9429931640625
1784816460,163.94400024414062,163.94700622558594,163.91600036621094,163.9290008544922
1784816520,163.927001953125,163.93899536132812,163.9250030517578,163.93299865722656
1784816580,163.92999267578125,163.9409942626953,163.9149932861328,163.93800354003906
1784816640,163.93699645996094,163.93899536132812,163.8990020751953,163.8990020751953
1784816700,163.8990020751953,163.9290008544922,163.8990020751953,163.90499877929688
1784816760,163.90499877929688,163.9199981689453,163.9029998779297,163.9040069580078
1784816820,163.90499877929688,163.9340057373047,163.9040069580078,163.92999267578125
1784816880,163.9290008544922,163.93600463867188,163.91799926757812,163.93099975585938
1784816940,163.927001953125,163.9429931640625,163.927001953125,163.92999267578125
1784817000,163.92999267578125,163.9530029296875,163.927001953125,163.9409942626953
1784817060,163.9409942626953,163.9499969482422,163.927001953125,163.9409942626953
1784817120,163.94400024414062,163.9510040283203,163.93099975585938,163.9459991455078
1784817180,163.94200134277344,163.94700622558594,163.91400146484375,163.927001953125
1784817240,163.92100524902344,163.93800354003906,163.9199981689453,163.9320068359375
1784817300,163.92799377441406,163.94700622558594,163.9250030517578,163.92599487304688
1784817360,163.92599487304688,163.93600463867188,163.9149932861328,163.91900634765625
1784817420,163.92300415039062,163.927001953125,163.89999389648438,163.906005859375
1784817480,163.9010009765625,163.9199981689453,163.89999389648438,163.90499877929688
1784817540,163.9040069580078,163.91700744628906,163.88800048828125,163.90499877929688
1784817600,163.90699768066406,163.9149932861328,163.9040069580078,163.91299438476562
1784817660,163.91000366210938,163.9219970703125,163.9010009765625,163.9149932861328
1784817720,163.9149932861328,163.927001953125,163.90699768066406,163.91700744628906
1784817780,163.9250030517578,163.93600463867188,163.91700744628906,163.92599487304688
1784817840,163.91900634765625,163.93899536132812,163.91900634765625,163.92999267578125
1784817900,163.9320068359375,163.95199584960938,163.9290008544922,163.9459991455078
1784817960,163.94000244140625,163.95700073242188,163.93699645996094,163.9550018310547
1784818020,163.9429931640625,163.9600067138672,163.93800354003906,163.947998046875
1784818080,163.94500732421875,163.96099853515625,163.93699645996094,163.95399475097656
1784818140,163.95599365234375,163.9759979248047,163.9510040283203,163.97300720214844
1784818200,163.96600341796875,163.9739990234375,163.9499969482422,163.95599365234375
1784818260,163.95700073242188,163.9770050048828,163.95199584960938,163.95899963378906
1784818320,163.95799255371094,163.9720001220703,163.9530029296875,163.95700073242188
1784818380,163.95799255371094,163.96400451660156,163.94200134277344,163.95399475097656
1784818440,163.9499969482422,163.96099853515625,163.94000244140625,163.95399475097656
1784818500,163.9600067138672,163.9739990234375,163.95399475097656,163.96600341796875
1784818560,163.96299743652344,163.9759979248047,163.95799255371094,163.96200561523438
1784818620,163.96299743652344,163.98800659179688,163.95199584960938,163.97000122070312
1784818680,163.9739990234375,163.97799682617188,163.93899536132812,163.9409942626953
1784818740,163.9409942626953,163.9510040283203,163.91600036621094,163.91799926757812
1784818800,163.91700744628906,163.95399475097656,163.91299438476562,163.9290008544922
1784818860,163.92999267578125,163.93600463867188,163.89999389648438,163.9149932861328
1784818920,163.91400146484375,163.91799926757812,163.86000061035156,163.90499877929688
1784818980,163.91000366210938,163.91299438476562,163.86199951171875,163.88699340820312
1784819040,163.88299560546875,163.89100646972656,163.85899353027344,163.86300659179688
1784819100,163.86599731445312,163.8800048828125,163.8520050048828,163.86300659179688
1784819160,163.86000061035156,163.87899780273438,163.84300231933594,163.8699951171875
1784819220,163.87899780273438,163.8800048828125,163.85699462890625,163.86900329589844
1784819280,163.86700439453125,163.9029998779297,163.86599731445312,163.88999938964844
1784819340,163.88800048828125,163.9010009765625,163.87600708007812,163.88299560546875
1784819400,163.88099670410156,163.89100646972656,163.8719940185547,163.8800048828125
1784819460,163.8769989013672,163.89599609375,163.8719940185547,163.88400268554688
1784819520,163.8780059814453,163.88699340820312,163.8520050048828,163.85299682617188
1784819580,163.8560028076172,163.86399841308594,163.84500122070312,163.84800720214844
1784819640,163.85000610351562,163.86000061035156,163.84500122070312,163.8520050048828
1784819700,163.85699462890625,163.88099670410156,163.8489990234375,163.86199951171875
1784819760,163.86300659179688,163.86900329589844,163.8470001220703,163.86099243164062
1784819820,163.85899353027344,163.87100219726562,163.84500122070312,163.8459930419922
1784819880,163.8470001220703,163.87100219726562,163.84500122070312,163.86700439453125
1784819940,163.86900329589844,163.88600158691406,163.86099243164062,163.875
1784820000,163.8780059814453,163.88099670410156,163.85400390625,163.85499572753906
1784820060,163.86199951171875,163.86900329589844,163.84500122070312,163.85499572753906
1784820120,163.85499572753906,163.86099243164062,163.7689971923828,163.802001953125
1784820180,163.80599975585938,163.84100341796875,163.78199768066406,163.82699584960938
1784820240,163.822998046875,163.85400390625,163.8090057373047,163.83700561523438
1784820300,163.83700561523438,163.85299682617188,163.83099365234375,163.83200073242188
1784820360,163.83999633789062,163.8509979248047,163.8179931640625,163.8280029296875
1784820420,163.822998046875,163.83799743652344,163.8070068359375,163.82000732421875
1784820480,163.82000732421875,163.84100341796875,163.82000732421875,163.8280029296875
1784820540,163.8249969482422,163.8699951171875,163.82200622558594,163.8679962158203
1784820600,163.86900329589844,163.8780059814453,163.85000610351562,163.87600708007812
1784820660,163.8699951171875,163.89199829101562,163.86700439453125,163.88900756835938
1784820720,163.89199829101562,163.9149932861328,163.88499450683594,163.90199279785156
1784820780,163.9040069580078,163.91099548339844,163.88900756835938,163.89700317382812
1784820840,163.89599609375,163.9080047607422,163.875,163.875
1784820900,163.8769989013672,163.91099548339844,163.8679962158203,163.91000366210938
1784820960,163.90199279785156,163.91099548339844,163.88999938964844,163.89199829101562
1784821020,163.89100646972656,163.8979949951172,163.84100341796875,163.85800170898438
1784821080,163.86000061035156,163.86000061035156,163.82000732421875,163.8209991455078
1784821140,163.82400512695312,163.8300018310547,163.8070068359375,163.81399536132812
1784821200,163.8179931640625,163.83299255371094,163.8070068359375,163.83099365234375
1784821260,163.822998046875,163.83099365234375,163.79600524902344,163.81199645996094
1784821320,163.81100463867188,163.82000732421875,163.79800415039062,163.8090057373047
1784821380,163.80799865722656,163.81500244140625,163.78500366210938,163.7969970703125
1784821440,163.802001953125,163.82200622558594,163.7969970703125,163.81900024414062
1784821500,163.81500244140625,163.8350067138672,163.80999755859375,163.83399963378906
1784821560,163.83299255371094,163.83900451660156,163.8179931640625,163.8300018310547
1784821620,163.8249969482422,163.84300231933594,163.822998046875,163.8249969482422
1784821680,163.8249969482422,163.8419952392578,163.822998046875,163.82699584960938
1784821740,163.8350067138672,163.84300231933594,163.82400512695312,163.8280029296875
1784821800,163.8300018310547,163.83700561523438,163.8249969482422,163.83099365234375
1784821860,163.83399963378906,163.83700561523438,163.82400512695312,163.8280029296875
1784821920,163.8280029296875,163.83099365234375,163.80099487304688,163.80799865722656
1784821980,163.802001953125,163.8179931640625,163.8000030517578,163.80999755859375
1784822040,163.81399536132812,163.81399536132812,163.7949981689453,163.8000030517578
1784822100,163.7969970703125,163.80299377441406,163.7830047607422,163.78500366210938
1784822160,163.79100036621094,163.822998046875,163.781005859375,163.80999755859375
1784822220,163.8090057373047,163.83099365234375,163.8090057373047,163.8179931640625
1784822280,163.8179931640625,163.82400512695312,163.80499267578125,163.80499267578125
1784822340,163.80499267578125,163.81500244140625,163.7969970703125,163.8000030517578
1784822400,163.7989959716797,163.81199645996094,163.79600524902344,163.79800415039062
1784822460,163.79800415039062,163.80999755859375,163.79800415039062,163.8040008544922
1784822520,163.8040008544922,163.8090057373047,163.78700256347656,163.78900146484375
1784822580,163.78900146484375,163.8070068359375,163.78799438476562,163.80599975585938
1784822640,163.7989959716797,163.822998046875,163.79800415039062,163.81500244140625
1784822700,163.81500244140625,163.8350067138672,163.81399536132812,163.8249969482422
1784822760,163.8249969482422,163.83200073242188,163.81100463867188,163.81700134277344
1784822820,163.81900024414062,163.82699584960938,163.81399536132812,163.82000732421875
1784822880,163.8179931640625,163.82400512695312,163.81300354003906,163.81900024414062
1784822940,163.81500244140625,163.822998046875,163.81399536132812,163.81500244140625
1784823000,163.81500244140625,163.822998046875,163.80999755859375,163.81500244140625
1784823060,163.8159942626953,163.81700134277344,163.78900146484375,163.78900146484375
1784823120,163.80099487304688,163.8090057373047,163.78799438476562,163.80299377441406
1784823180,163.802001953125,163.8070068359375,163.7899932861328,163.8070068359375
1784823240,163.7989959716797,163.8070068359375,163.7729949951172,163.7830047607422
1784823300,163.78199768066406,163.79100036621094,163.75999450683594,163.75999450683594
1784823360,163.75999450683594,163.79299926757812,163.75799560546875,163.78599548339844
1784823420,163.79100036621094,163.79200744628906,163.7740020751953,163.7740020751953
1784823480,163.77699279785156,163.80099487304688,163.77499389648438,163.79600524902344
1784823540,163.79600524902344,163.83099365234375,163.79400634765625,163.81500244140625
1784823600,163.81500244140625,163.82000732421875,163.79600524902344,163.7969970703125
1784823660,163.802001953125,163.80799865722656,163.7899932861328,163.8000030517578
1784823720,163.8040008544922,163.81399536132812,163.79600524902344,163.8000030517578
1784823780,163.80799865722656,163.80799865722656,163.781005859375,163.78199768066406
1784823840,163.78199768066406,163.79400634765625,163.781005859375,163.78500366210938
1784823900,163.78500366210938,163.79400634765625,163.7740020751953,163.77999877929688
1784823960,163.7740020751953,163.78399658203125,163.76600646972656,163.77099609375
1784824020,163.77099609375,163.7790069580078,163.75900268554688,163.76499938964844
1784824080,163.76100158691406,163.76800537109375,163.7530059814453,163.76199340820312
1784824140,163.75599670410156,163.76800537109375,163.73599243164062,163.73800659179688
1784824200,163.73699951171875,163.75,163.72500610351562,163.73599243164062
1784824260,163.7259979248047,163.73599243164062,163.71299743652344,163.718994140625
1784824320,163.72500610351562,163.75100708007812,163.72000122070312,163.73199462890625
1784824380,163.73199462890625,163.7760009765625,163.73199462890625,163.76800537109375
1784824440,163.77000427246094,163.78199768066406,163.75599670410156,163.7760009765625
1784824500,163.7729949951172,163.781005859375,163.75900268554688,163.77099609375
1784824560,163.77099609375,163.79100036621094,163.77000427246094,163.781005859375
1784824620,163.77999877929688,163.7969970703125,163.7779998779297,163.78900146484375
1784824680,163.78599548339844,163.7969970703125,163.77000427246094,163.77699279785156
1784824740,163.77099609375,163.78599548339844,163.77099609375,163.7729949951172
1784824800,163.7729949951172,163.781005859375,163.76400756835938,163.7760009765625
1784824860,163.77200317382812,163.77999877929688,163.77000427246094,163.77099609375
1784824920,163.77099609375,163.77499389648438,163.75399780273438,163.75599670410156
1784824980,163.75599670410156,163.76199340820312,163.7429962158203,163.7519989013672
1784825040,163.7519989013672,163.76300048828125,163.7449951171875,163.75
1784825100,163.7530059814453,163.75900268554688,163.7449951171875,163.74899291992188
1784825160,163.75900268554688,163.76800537109375,163.75,163.76100158691406
1784825220,163.76100158691406,163.77999877929688,163.75999450683594,163.7689971923828
1784825280,163.77499389648438,163.7760009765625,163.75999450683594,163.76100158691406
1784825340,163.76499938964844,163.77099609375,163.75,163.75100708007812
1784825400,163.7570037841797,163.76600646972656,163.75399780273438,163.76400756835938
1784825460,163.75799560546875,163.76300048828125,163.74400329589844,163.75
1784825520,163.75100708007812,163.76199340820312,163.7449951171875,163.75799560546875
1784825580,163.75900268554688,163.76600646972656,163.75399780273438,163.76100158691406
1784825640,163.75599670410156,163.7740020751953,163.7530059814453,163.7740020751953
1784825700,163.76800537109375,163.7740020751953,163.7570037841797,163.7570037841797
1784825760,163.76199340820312,163.77000427246094,163.7570037841797,163.76300048828125
1784825820,163.76300048828125,163.7760009765625,163.76199340820312,163.76800537109375
1784825880,163.76499938964844,163.7729949951172,163.76199340820312,163.77000427246094
1784825940,163.76499938964844,163.77099609375,163.76100158691406,163.76400756835938
1784826000,163.76400756835938,163.77099609375,163.75999450683594,163.76300048828125
1784826060,163.76699829101562,163.77000427246094,163.75,163.75599670410156
1784826120,163.75599670410156,163.78900146484375,163.7480010986328,163.74899291992188
1784826180,163.74899291992188,163.75799560546875,163.72300720214844,163.72900390625
1784826240,163.72900390625,163.73599243164062,163.7239990234375,163.7310028076172
1784826300,163.72900390625,163.73399353027344,163.7100067138672,163.71600341796875
1784826360,163.72000122070312,163.7480010986328,163.71200561523438,163.7449951171875
1784826420,163.73800659179688,163.74899291992188,163.73199462890625,163.7429962158203
1784826480,163.74000549316406,163.75799560546875,163.73599243164062,163.7530059814453
1784826540,163.75399780273438,163.76300048828125,163.7449951171875,163.75
1784826600,163.7469940185547,163.75599670410156,163.74600219726562,163.75
1784826660,163.7480010986328,163.76199340820312,163.7469940185547,163.75599670410156
1784826720,163.75399780273438,163.75999450683594,163.7469940185547,163.7550048828125
1784826780,163.7530059814453,163.75799560546875,163.7469940185547,163.75599670410156
1784826840,163.7519989013672,163.7689971923828,163.7519989013672,163.76800537109375
1784826900,163.76100158691406,163.7779998779297,163.75900268554688,163.77099609375
1784826960,163.76699829101562,163.7760009765625,163.74600219726562,163.76199340820312
1784827020,163.75399780273438,163.76600646972656,163.7480010986328,163.7530059814453
1784827080,163.7530059814453,163.75799560546875,163.7469940185547,163.75100708007812
1784827140,163.7570037841797,163.75900268554688,163.7480010986328,163.7519989013672
1784827200,163.74899291992188,163.75599670410156,163.73500061035156,163.73800659179688
1784827260,163.74000549316406,163.74899291992188,163.73399353027344,163.74899291992188
1784827320,163.74200439453125,163.7530059814453,163.74099731445312,163.75100708007812
1784827380,163.7519989013672,163.77200317382812,163.7429962158203,163.75799560546875
1784827440,163.75799560546875,163.77099609375,163.75599670410156,163.75999450683594
1784827500,163.76600646972656,163.77200317382812,163.7570037841797,163.77099609375
1784827560,163.75900268554688,163.781005859375,163.75900268554688,163.7729949951172
1784827620,163.7729949951172,163.78500366210938,163.77200317382812,163.7729949951172
1784827680,163.77999877929688,163.78399658203125,163.77099609375,163.7729949951172
1784827740,163.7760009765625,163.7830047607422,163.76199340820312,163.7790069580078
1784827800,163.7729949951172,163.78399658203125,163.77200317382812,163.7790069580078
1784827860,163.7779998779297,163.79600524902344,163.77200317382812,163.7899932861328
1784827920,163.78799438476562,163.79400634765625,163.77499389648438,163.7760009765625
1784827980,163.7760009765625,163.78500366210938,163.7740020751953,163.78500366210938
1784828040,163.7760009765625,163.79200744628906,163.7760009765625,163.78599548339844
1784828100,163.78599548339844,163.80799865722656,163.7830047607422,163.80099487304688
1784828160,163.80499267578125,163.8070068359375,163.78900146484375,163.79200744628906
1784828220,163.79400634765625,163.80299377441406,163.78799438476562,163.79200744628906
1784828280,163.79299926757812,163.7949981689453,163.78500366210938,163.78599548339844
1784828340,163.78599548339844,163.7969970703125,163.7830047607422,163.79200744628906
1784828400,163.78799438476562,163.79200744628906,163.7729949951172,163.78399658203125
1784828460,163.781005859375,163.79200744628906,163.77499389648438,163.78500366210938
1784828520,163.78500366210938,163.79400634765625,163.78399658203125,163.78500366210938
1784828580,163.79200744628906,163.7969970703125,163.7830047607422,163.78399658203125
1784828640,163.78500366210938,163.80499267578125,163.78500366210938,163.80499267578125
1784828700,163.80099487304688,163.80999755859375,163.7989959716797,163.80099487304688
1784828760,163.80799865722656,163.82200622558594,163.8000030517578,163.8090057373047
1784828820,163.802001953125,163.8209991455078,163.80099487304688,163.802001953125
1784828880,163.80799865722656,163.82400512695312,163.802001953125,163.81199645996094
1784828940,163.81900024414062,163.8209991455078,163.802001953125,163.81100463867188
1784829000,163.81900024414062,163.82200622558594,163.80299377441406,163.8090057373047
1784829060,163.80799865722656,163.81399536132812,163.79800415039062,163.8070068359375
1784829120,163.8070068359375,163.81199645996094,163.7989959716797,163.80999755859375
1784829180,163.80799865722656,163.8159942626953,163.80099487304688,163.8090057373047
1784829240,163.80499267578125,163.8159942626953,163.8040008544922,163.8070068359375
1784829300,163.8090057373047,163.81700134277344,163.80599975585938,163.80999755859375
1784829360,163.80799865722656,163.82400512695312,163.8070068359375,163.81700134277344
1784829420,163.8209991455078,163.83799743652344,163.8159942626953,163.8280029296875
1784829480,163.8280029296875,163.83700561523438,163.8260040283203,163.8280029296875
1784829540,163.8350067138672,163.843994140625,163.82699584960938,163.84100341796875
1784829600,163.83900451660156,163.8470001220703,163.83099365234375,163.83200073242188
1784829660,163.83700561523438,163.8459930419922,163.83099365234375,163.83900451660156
1784829720,163.83900451660156,163.8459930419922,163.83099365234375,163.83200073242188
1784829780,163.83200073242188,163.83700561523438,163.81700134277344,163.8179931640625
1784829840,163.8179931640625,163.83099365234375,163.8159942626953,163.82899475097656
1784829900,163.8260040283203,163.83599853515625,163.8260040283203,163.83200073242188
1784829960,163.83099365234375,163.83200073242188,163.81500244140625,163.8179931640625
1784830020,163.822998046875,163.83200073242188,163.8159942626953,163.8280029296875
1784830080,163.8280029296875,163.83099365234375,163.81500244140625,163.8179931640625
1784830140,163.8209991455078,163.82400512695312,163.81399536132812,163.822998046875
1784830200,163.82200622558594,163.82400512695312,163.81399536132812,163.81700134277344
1784830260,163.81700134277344,163.82200622558594,163.80299377441406,163.80799865722656
1784830320,163.8040008544922,163.80999755859375,163.79800415039062,163.80099487304688
1784830380,163.80299377441406,163.80799865722656,163.7989959716797,163.8070068359375
1784830440,163.80099487304688,163.81100463867188,163.79800415039062,163.80299377441406
1784830500,163.80299377441406,163.81100463867188,163.78799438476562,163.78900146484375
1784830560,163.78900146484375,163.8000030517578,163.78700256347656,163.78900146484375
1784830620,163.78700256347656,163.8070068359375,163.78500366210938,163.80099487304688
1784830680,163.8040008544922,163.80799865722656,163.7969970703125,163.7989959716797
1784830740,163.80299377441406,163.80499267578125,163.79400634765625,163.79800415039062
1784830800,163.7969970703125,163.80299377441406,163.78700256347656,163.79600524902344
1784830860,163.79600524902344,163.8040008544922,163.79400634765625,163.80099487304688
1784830920,163.7989959716797,163.80799865722656,163.79299926757812,163.79600524902344
1784830980,163.8040008544922,163.80799865722656,163.79600524902344,163.80099487304688
1784831040,163.8000030517578,163.80999755859375,163.7969970703125,163.7989959716797
1784831100,163.80599975585938,163.8090057373047,163.79600524902344,163.8040008544922
1784831160,163.7969970703125,163.80599975585938,163.78500366210938,163.80499267578125
1784831220,163.7969970703125,163.8070068359375,163.78599548339844,163.79800415039062
1784831280,163.80299377441406,163.8040008544922,163.78599548339844,163.78799438476562
1784831340,163.78799438476562,163.79600524902344,163.7740020751953,163.79299926757812
1784831400,163.78700256347656,163.79400634765625,163.7740020751953,163.781005859375
1784831460,163.7740020751953,163.78900146484375,163.77200317382812,163.7790069580078
1784831520,163.781005859375,163.78399658203125,163.77099609375,163.77999877929688
1784831580,163.7830047607422,163.78399658203125,163.77200317382812,163.7729949951172
1784831640,163.77999877929688,163.79100036621094,163.77200317382812,163.77999877929688
1784831700,163.78799438476562,163.78900146484375,163.7740020751953,163.7760009765625
1784831760,163.7760009765625,163.78700256347656,163.7760009765625,163.78199768066406
1784831820,163.7760009765625,163.81100463867188,163.77499389648438,163.80299377441406
1784831880,163.8040008544922,163.81100463867188,163.8000030517578,163.80299377441406
1784831940,163.802001953125,163.81100463867188,163.8000030517578,163.8040008544922
1784832000,163.8090057373047,163.81100463867188,163.80099487304688,163.80799865722656
1784832060,163.8040008544922,163.8179931640625,163.8000030517578,163.8000030517578
1784832120,163.8000030517578,163.8070068359375,163.79100036621094,163.80099487304688
1784832180,163.80099487304688,163.80499267578125,163.7969970703125,163.80299377441406
1784832240,163.7989959716797,163.80599975585938,163.7830047607422,163.7899932861328
1784832300,163.79100036621094,163.80499267578125,163.78500366210938,163.7989959716797
1784832360,163.79800415039062,163.80099487304688,163.78799438476562,163.79200744628906
1784832420,163.79100036621094,163.79600524902344,163.78799438476562,163.78799438476562
1784832480,163.78799438476562,163.7969970703125,163.78799438476562,163.7899932861328
1784832540,163.7949981689453,163.80599975585938,163.78900146484375,163.7989959716797
1784832600,163.7989959716797,163.80799865722656,163.79600524902344,163.7989959716797
1784832660,163.8040008544922,163.80599975585938,163.7969970703125,163.7989959716797
1784832720,163.79800415039062,163.80799865722656,163.79600524902344,163.7989959716797
1784832780,163.7989959716797,163.80999755859375,163.79800415039062,163.8040008544922
1784832840,163.80099487304688,163.81100463867188,163.79800415039062,163.80299377441406
1784832900,163.80499267578125,163.8090057373047,163.79400634765625,163.80299377441406
1784832960,163.7989959716797,163.80799865722656,163.78599548339844,163.7969970703125
1784833020,163.79400634765625,163.8090057373047,163.78900146484375,163.80799865722656
1784833080,163.8090057373047,163.82000732421875,163.79800415039062,163.81900024414062
1784833140,163.81700134277344,163.81900024414062,163.78599548339844,163.7969970703125
1784833200,163.80299377441406,163.80599975585938,163.77099609375,163.79800415039062
1784833260,163.7969970703125,163.80799865722656,163.7949981689453,163.80499267578125
1784833320,163.7969970703125,163.80799865722656,163.79600524902344,163.79600524902344
1784833380,163.7969970703125,163.80499267578125,163.78599548339844,163.80099487304688
1784833440,163.8000030517578,163.80499267578125,163.78700256347656,163.79600524902344
1784833500,163.78799438476562,163.80499267578125,163.78700256347656,163.80299377441406
1784833560,163.7989959716797,163.80499267578125,163.78599548339844,163.79200744628906
1784833620,163.78799438476562,163.802001953125,163.78500366210938,163.7949981689453
1784833680,163.78700256347656,163.80599975585938,163.78700256347656,163.7989959716797
1784833740,163.7989959716797,163.80799865722656,163.7989959716797,163.802001953125
1784833800,163.8000030517578,163.80599975585938,163.79600524902344,163.80099487304688
1784833860,163.79800415039062,163.80499267578125,163.7969970703125,163.7989959716797
1784833920,163.79800415039062,163.8040008544922,163.79600524902344,163.80299377441406
1784833980,163.7989959716797,163.8090057373047,163.79600524902344,163.7969970703125
1784834040,163.7969970703125,163.82000732421875,163.7969970703125,163.82000732421875
1784834100,163.81300354003906,163.822998046875,163.81100463867188,163.81199645996094
1784834160,163.81199645996094,163.8209991455078,163.80799865722656,163.81100463867188
1784834220,163.81100463867188,163.82000732421875,163.80999755859375,163.81900024414062
1784834280,163.81199645996094,163.8300018310547,163.81100463867188,163.8280029296875
1784834340,163.82400512695312,163.83299255371094,163.82200622558594,163.8249969482422
1784834400,163.8280029296875,163.8350067138672,163.82400512695312,163.8260040283203
1784834460,163.8260040283203,163.83299255371094,163.8209991455078,163.822998046875
1784834520,163.822998046875,163.83700561523438,163.81500244140625,163.8350067138672
1784834580,163.83200073242188,163.83599853515625,163.82400512695312,163.82699584960938
1784834640,163.83399963378906,163.83399963378906,163.82000732421875,163.822998046875
1784834700,163.822998046875,163.83299255371094,163.8090057373047,163.8249969482422
1784834760,163.8249969482422,163.83599853515625,163.8249969482422,163.83299255371094
1784834820,163.82899475097656,163.83599853515625,163.82400512695312,163.82699584960938
1784834880,163.82400512695312,163.8280029296875,163.81100463867188,163.81500244140625
1784834940,163.81300354003906,163.81700134277344,163.8000030517578,163.80299377441406
1784835000,163.80499267578125,163.8090057373047,163.76400756835938,163.7830047607422
1784835060,163.78500366210938,163.80299377441406,163.77999877929688,163.80099487304688
1784835120,163.80099487304688,163.8040008544922,163.78500366210938,163.79400634765625
1784835180,163.79800415039062,163.8070068359375,163.78900146484375,163.79600524902344
1784835240,163.80299377441406,163.8179931640625,163.7949981689453,163.80999755859375
1784835300,163.80999755859375,163.82000732421875,163.80799865722656,163.81700134277344
1784835360,163.81500244140625,163.82200622558594,163.80799865722656,163.8179931640625
1784835420,163.81100463867188,163.82000732421875,163.80999755859375,163.81100463867188
1784835480,163.81100463867188,163.822998046875,163.80999755859375,163.822998046875
1784835540,163.81900024414062,163.822998046875,163.81100463867188,163.81300354003906
1784835600,163.81500244140625,163.82200622558594,163.81199645996094,163.81300354003906
1784835660,163.82200622558594,163.83399963378906,163.81199645996094,163.82699584960938
1784835720,163.8260040283203,163.83799743652344,163.8260040283203,163.8280029296875
1784835780,163.8280029296875,163.83799743652344,163.8249969482422,163.8350067138672
1784835840,163.8300018310547,163.843994140625,163.8249969482422,163.83799743652344
1784835900,163.8419952392578,163.8470001220703,163.83299255371094,163.83599853515625
1784835960,163.843994140625,163.84800720214844,163.83399963378906,163.8350067138672
1784836020,163.8419952392578,163.84800720214844,163.83399963378906,163.843994140625
1784836080,163.8419952392578,163.8509979248047,163.8350067138672,163.85000610351562
1784836140,163.83999633789062,163.85699462890625,163.83799743652344,163.83799743652344
1784836200,163.83900451660156,163.843994140625,163.8260040283203,163.82699584960938
1784836260,163.83200073242188,163.84300231933594,163.82400512695312,163.8300018310547
1784836320,163.83099365234375,163.84300231933594,163.8260040283203,163.83200073242188
1784836380,163.8300018310547,163.83599853515625,163.82699584960938,163.8280029296875
1784836440,163.83200073242188,163.8350067138672,163.82400512695312,163.82899475097656
1784836500,163.82699584960938,163.83200073242188,163.82200622558594,163.82899475097656
1784836560,163.82899475097656,163.83399963378906,163.82200622558594,163.82400512695312
1784836620,163.82200622558594,163.8300018310547,163.80099487304688,163.81300354003906
1784836680,163.80599975585938,163.8260040283203,163.80599975585938,163.82000732421875
1784836740,163.8179931640625,163.8249969482422,163.81199645996094,163.81900024414062
1784836800,163.81700134277344,163.8260040283203,163.802001953125,163.8070068359375
1784836860,163.8070068359375,163.81100463867188,163.8000030517578,163.80999755859375
1784836920,163.8090057373047,163.80999755859375,163.7969970703125,163.802001953125
1784836980,163.7989959716797,163.8070068359375,163.79800415039062,163.8000030517578
1784837040,163.80299377441406,163.81700134277344,163.79600524902344,163.79800415039062
1784837100,163.7969970703125,163.8179931640625,163.7969970703125,163.81100463867188
1784837160,163.81199645996094,163.81700134277344,163.802001953125,163.81300354003906
1784837220,163.81199645996094,163.81700134277344,163.802001953125,163.8090057373047
1784837280,163.802001953125,163.81199645996094,163.802001953125,163.81199645996094
1784837340,163.80799865722656,163.81399536132812,163.7949981689453,163.80099487304688
1784837400,163.8000030517578,163.8070068359375,163.79200744628906,163.80499267578125
1784837460,163.79600524902344,163.8159942626953,163.7949981689453,163.80299377441406
1784837520,163.80299377441406,163.82200622558594,163.80299377441406,163.8179931640625
1784837580,163.82000732421875,163.82400512695312,163.8070068359375,163.8159942626953
1784837640,163.8179931640625,163.82400512695312,163.81100463867188,163.82200622558594
1784837700,163.8209991455078,163.82699584960938,163.81100463867188,163.81900024414062
1784837760,163.81900024414062,163.82899475097656,163.81300354003906,163.8159942626953
1784837820,163.8249969482422,163.8280029296875,163.81399536132812,163.8249969482422
1784837880,163.82400512695312,163.83299255371094,163.8179931640625,163.82200622558594
1784837940,163.82400512695312,163.82899475097656,163.81300354003906,163.81500244140625
1784838000,163.81399536132812,163.8260040283203,163.81199645996094,163.8179931640625
1784838060,163.822998046875,163.8280029296875,163.8090057373047,163.8209991455078
1784838120,163.81900024414062,163.8209991455078,163.81100463867188,163.8159942626953
1784838180,163.81700134277344,163.83900451660156,163.81199645996094,163.83299255371094
1784838240,163.83399963378906,163.83799743652344,163.8280029296875,163.82899475097656
1784838300,163.8300018310547,163.83999633789062,163.8249969482422,163.83099365234375
1784838360,163.8300018310547,163.83799743652344,163.82699584960938,163.83200073242188
1784838420,163.82899475097656,163.83399963378906,163.82200622558594,163.822998046875
1784838480,163.822998046875,163.83399963378906,163.82200622558594,163.8280029296875
1784838540,163.82899475097656,163.83599853515625,163.8090057373047,163.81900024414062
1784838600,163.82000732421875,163.83200073242188,163.81199645996094,163.82899475097656
1784838660,163.82200622558594,163.83900451660156,163.82000732421875,163.83299255371094
1784838720,163.8300018310547,163.8489990234375,163.82200622558594,163.84800720214844
1784838780,163.84300231933594,163.86300659179688,163.8350067138672,163.85800170898438
1784838840,163.85899353027344,163.86399841308594,163.85299682617188,163.86300659179688
1784838900,163.86300659179688,163.86399841308594,163.85299682617188,163.85499572753906
1784838960,163.86099243164062,163.86399841308594,163.85400390625,163.86300659179688
1784839020,163.86300659179688,163.86300659179688,163.85400390625,163.85699462890625
1784839080,163.85499572753906,163.86300659179688,163.8509979248047,163.86199951171875
1784839140,163.8520050048828,163.86300659179688,163.8520050048828,163.85499572753906
1784839200,163.85899353027344,163.86300659179688,163.84800720214844,163.8509979248047
1784839260,163.8509979248047,163.86300659179688,163.8509979248047,163.8560028076172
1784839320,163.8520050048828,163.8769989013672,163.8520050048828,163.86900329589844
1784839380,163.86900329589844,163.87600708007812,163.86399841308594,163.86500549316406
1784839440,163.86900329589844,163.87600708007812,163.8560028076172,163.86399841308594
1784839500,163.86900329589844,163.875,163.85299682617188,163.85899353027344
1784839560,163.85699462890625,163.875,163.8509979248047,163.86500549316406
1784839620,163.86500549316406,163.87600708007812,163.86000061035156,163.86099243164062
1784839680,163.86900329589844,163.875,163.85499572753906,163.85899353027344
1784839740,163.85499572753906,163.86399841308594,163.8489990234375,163.85899353027344
1784839800,163.85699462890625,163.8719940185547,163.8489990234375,163.86700439453125
1784839860,163.86000061035156,163.87100219726562,163.84800720214844,163.85000610351562
1784839920,163.8489990234375,163.86199951171875,163.8419952392578,163.85499572753906
1784839980,163.85499572753906,163.86199951171875,163.843994140625,163.84800720214844
1784840040,163.8470001220703,163.86099243164062,163.8419952392578,163.84300231933594
1784840100,163.84300231933594,163.86199951171875,163.8260040283203,163.8300018310547
1784840160,163.8300018310547,163.86199951171875,163.82899475097656,163.82899475097656
1784840220,163.83099365234375,163.86099243164062,163.8260040283203,163.8280029296875
1784840280,163.8280029296875,163.86500549316406,163.8260040283203,163.86300659179688
1784840340,163.85699462890625,163.86399841308594,163.82200622558594,163.85299682617188
1784840400,163.81399536132812,163.91600036621094,163.81399536132812,163.87100219726562
1784840460,163.85699462890625,163.86199951171875,163.81399536132812,163.81700134277344
1784840520,163.81900024414062,163.81900024414062,163.81700134277344,163.8179931640625
1784840580,163.822998046875,163.8280029296875,163.81300354003906,163.82000732421875
1784840640,163.81700134277344,163.82000732421875,163.81399536132812,163.82000732421875
1784840700,163.8090057373047,163.82699584960938,163.7989959716797,163.82000732421875
1784840760,163.82699584960938,163.82699584960938,163.81500244140625,163.81500244140625
1784840820,163.81199645996094,163.82200622558594,163.81199645996094,163.82200622558594
1784840880,163.8209991455078,163.822998046875,163.80999755859375,163.80999755859375
1784840940,163.81100463867188,163.8249969482422,163.81100463867188,163.8249969482422
1784841000,163.8179931640625,163.8179931640625,163.81399536132812,163.81399536132812
1784841060,163.81500244140625,163.82699584960938,163.81500244140625,163.82200622558594
1784841120,163.8159942626953,163.82200622558594,163.8040008544922,163.80999755859375
1784841180,163.80599975585938,163.81100463867188,163.80599975585938,163.8090057373047
1784841240,163.80999755859375,163.81100463867188,163.80299377441406,163.81100463867188
1784841300,163.80999755859375,163.83099365234375,163.80999755859375,163.8179931640625
1784841360,163.82000732421875,163.8489990234375,163.82000732421875,163.82899475097656
1784841420,163.83299255371094,163.8489990234375,163.8280029296875,163.8280029296875
1784841480,163.8280029296875,163.85400390625,163.80599975585938,163.83700561523438
1784841540,163.83599853515625,163.85299682617188,163.80799865722656,163.83799743652344
1784841600,163.81100463867188,163.8509979248047,163.81100463867188,163.83999633789062
1784841660,163.81500244140625,163.8489990234375,163.81399536132812,163.84800720214844
1784841720,163.83900451660156,163.85699462890625,163.81700134277344,163.8179931640625
1784841780,163.84100341796875,163.8509979248047,163.81900024414062,163.8509979248047
1784841840,163.83999633789062,163.85699462890625,163.8159942626953,163.81700134277344
1784841900,163.8159942626953,163.85499572753906,163.81300354003906,163.81700134277344
1784841960,163.81700134277344,163.85499572753906,163.81700134277344,163.83999633789062
1784842020,163.83799743652344,163.8419952392578,163.83799743652344,163.8419952392578
1784842080,163.84300231933594,163.85299682617188,163.81399536132812,163.8159942626953
1784842140,163.83799743652344,163.85299682617188,163.81900024414062,163.81900024414062
1784842200,163.81900024414062,163.83900451660156,163.7949981689453,163.822998046875
1784842260,163.822998046875,163.8300018310547,163.79299926757812,163.79299926757812
1784842320,163.79200744628906,163.82899475097656,163.7899932861328,163.8209991455078
1784842380,163.82899475097656,163.82899475097656,163.78900146484375,163.7899932861328
1784842440,163.8209991455078,163.82899475097656,163.78900146484375,163.822998046875
1784842500,163.82200622558594,163.82899475097656,163.78799438476562,163.82000732421875
1784842560,163.78799438476562,163.82899475097656,163.78700256347656,163.82899475097656
1784842620,163.79100036621094,163.82899475097656,163.79100036621094,163.82899475097656
1784842680,163.82000732421875,163.82000732421875,163.7830047607422,163.81500244140625
1784842740,163.80999755859375,163.81900024414062,163.77999877929688,163.781005859375
1784842800,163.80599975585938,163.8179931640625,163.76199340820312,163.8040008544922
1784842860,163.79600524902344,163.8090057373047,163.77999877929688,163.7949981689453
1784842920,163.781005859375,163.81100463867188,163.77999877929688,163.79400634765625
1784842980,163.7969970703125,163.7989959716797,163.75,163.781005859375
1784843040,163.77999877929688,163.802001953125,163.76400756835938,163.80099487304688
1784843100,163.7830047607422,163.80099487304688,163.76600646972656,163.78500366210938
1784843160,163.78399658203125,163.802001953125,163.76600646972656,163.78199768066406
1784843220,163.7830047607422,163.802001953125,163.76600646972656,163.78199768066406
1784843280,163.76600646972656,163.8000030517578,163.73599243164062,163.76800537109375
1784843340,163.7729949951172,163.78599548339844,163.73500061035156,163.74899291992188
1784843400,163.76199340820312,163.7790069580078,163.73899841308594,163.74200439453125
1784843460,163.76199340820312,163.77999877929688,163.74099731445312,163.76699829101562
1784843520,163.76800537109375,163.77999877929688,163.73800659179688,163.73899841308594
1784843580,163.76699829101562,163.7790069580078,163.73699951171875,163.76499938964844
1784843640,163.76400756835938,163.78399658203125,163.73699951171875,163.76199340820312
1784843700,163.7830047607422,163.78900146484375,163.76199340820312,163.76600646972656
1784843760,163.781005859375,163.79200744628906,163.76600646972656,163.76600646972656
1784843820,163.781005859375,163.79100036621094,163.7570037841797,163.78799438476562
1784843880,163.78900146484375,163.79400634765625,163.75399780273438,163.78900146484375
1784843940,163.76100158691406,163.79800415039062,163.7449951171875,163.7790069580078
