time,open,high,low,close
1785711600,181.65899658203125,181.677001953125,181.59100341796875,181.63600158691406
1785711660,181.6320037841797,181.63999938964844,181.41700744628906,181.59800720214844
1785711720,181.5959930419922,181.625,181.52999877929688,181.5709991455078
1785711780,181.5780029296875,181.66000366210938,181.572998046875,181.61300659179688
1785711840,181.6219940185547,181.63999938964844,181.39500427246094,181.4739990234375
1785711900,181.45199584960938,181.58799743652344,181.45199584960938,181.57400512695312
1785711960,181.5659942626953,181.62100219726562,181.56500244140625,181.61599731445312
1785712020,181.60800170898438,181.64100646972656,181.58099365234375,181.60499572753906
1785712080,181.60499572753906,181.6540069580078,181.60299682617188,181.64599609375
1785712140,181.64599609375,181.73899841308594,181.64599609375,181.73399353027344
1785712200,181.7239990234375,181.77499389648438,181.6909942626953,181.7169952392578
1785712260,181.7239990234375,181.78599548339844,181.71400451660156,181.7760009765625
1785712320,181.77499389648438,181.85000610351562,181.76499938964844,181.8300018310547
1785712380,181.83099365234375,181.96499633789062,181.82400512695312,181.94200134277344
1785712440,181.94200134277344,181.94900512695312,181.88699340820312,181.89300537109375
1785712500,181.8979949951172,181.96299743652344,181.875,181.947998046875
1785712560,181.95199584960938,181.9770050048828,181.9320068359375,181.9600067138672
1785712620,181.95199584960938,181.9759979248047,181.93699645996094,181.9600067138672
1785712680,181.96400451660156,182.0469970703125,181.96299743652344,182.02699279785156
1785712740,182.02699279785156,182.12399291992188,182.02699279785156,182.12100219726562
1785712800,182.11300659179688,182.1320037841797,182.08399963378906,182.0919952392578
1785712860,182.08999633789062,182.16099548339844,182.0760040283203,182.14100646972656
1785712920,182.14100646972656,182.1719970703125,182.12899780273438,182.1300048828125
1785712980,182.13699340820312,182.1999969482422,182.125,182.1909942626953
1785713040,182.1840057373047,182.21400451660156,182.18299865722656,182.19700622558594
1785713100,182.1959991455078,182.2220001220703,182.15499877929688,182.18800354003906
1785713160,182.18800354003906,182.19700622558594,182.08599853515625,182.1540069580078
1785713220,182.1540069580078,182.18899536132812,182.14999389648438,182.1699981689453
1785713280,182.1699981689453,182.17100524902344,182.0749969482422,182.0749969482422
1785713340,182.09100341796875,182.09100341796875,181.97799682617188,182.0570068359375
1785713400,182.0570068359375,182.10299682617188,182.0070037841797,182.0540008544922
1785713460,182.04299926757812,182.0760040283203,181.9550018310547,181.9669952392578
1785713520,181.9669952392578,182.04400634765625,181.947998046875,182.04400634765625
1785713580,182.03599548339844,182.11500549316406,182.03599548339844,182.0919952392578
1785713640,182.0850067138672,182.13600158691406,182.07200622558594,182.1199951171875
1785713700,182.13800048828125,182.14500427246094,182.1009979248047,182.10699462890625
1785713760,182.1009979248047,182.13699340820312,182.0780029296875,182.11700439453125
1785713820,182.12399291992188,182.1269989013672,182.0850067138672,182.09800720214844
1785713880,182.09800720214844,182.1199951171875,182.06100463867188,182.06500244140625
1785713940,182.06300354003906,182.1529998779297,182.06300354003906,182.14700317382812
1785714000,182.13900756835938,182.16299438476562,182.12399291992188,182.14300537109375
1785714060,182.14300537109375,182.1719970703125,182.13400268554688,182.1439971923828
1785714120,182.1439971923828,182.22799682617188,182.1439971923828,182.1909942626953
1785714180,182.1909942626953,182.21499633789062,182.19000244140625,182.19700622558594
1785714240,182.19700622558594,182.20899963378906,182.1649932861328,182.2050018310547
1785714300,182.2010040283203,182.23199462890625,182.17599487304688,182.1929931640625
1785714360,182.1929931640625,182.20399475097656,182.1009979248047,182.1009979248047
1785714420,182.1199951171875,182.1479949951172,182.0760040283203,182.08200073242188
1785714480,182.08799743652344,182.10299682617188,182.07699584960938,182.09100341796875
1785714540,182.08099365234375,182.0919952392578,182.0189971923828,182.04800415039062
1785714600,182.06300354003906,182.0850067138672,182.0449981689453,182.0540008544922
1785714660,182.0469970703125,182.06900024414062,182.01499938964844,182.0570068359375
1785714720,182.05499267578125,182.06700134277344,182.02200317382812,182.03199768066406
1785714780,182.03199768066406,182.04400634765625,182.0050048828125,182.03900146484375
1785714840,182.031005859375,182.05999755859375,181.98199462890625,181.98199462890625
1785714900,181.9949951171875,181.9949951171875,181.92799377441406,181.9709930419922
1785714960,181.9709930419922,181.9739990234375,181.9219970703125,181.96299743652344
1785715020,181.97000122070312,181.9709930419922,181.9239959716797,181.9239959716797
1785715080,181.9239959716797,181.93800354003906,181.9080047607422,181.9290008544922
1785715140,181.9290008544922,181.93699645996094,181.88900756835938,181.90699768066406
1785715200,181.8990020751953,182.01600646972656,181.87399291992188,181.9739990234375
1785715260,181.97300720214844,182.01199340820312,181.8820037841797,181.8990020751953
1785715320,181.8979949951172,181.93499755859375,181.8260040283203,181.86900329589844
1785715380,181.8560028076172,181.95899963378906,181.84500122070312,181.94400024414062
1785715440,181.94700622558594,181.9739990234375,181.85299682617188,181.86500549316406
1785715500,181.8820037841797,181.9949951171875,181.85699462890625,181.98300170898438
1785715560,181.98899841308594,182.02099609375,181.95399475097656,182.02000427246094
1785715620,182.01300048828125,182.0399932861328,181.98800659179688,182.0019989013672
1785715680,182.0019989013672,182.01199340820312,181.9550018310547,181.97500610351562
1785715740,181.96800231933594,182.0070037841797,181.95899963378906,181.9980010986328
1785715800,181.99200439453125,182.03199768066406,181.97000122070312,181.99000549316406
1785715860,181.97999572753906,181.99200439453125,181.93699645996094,181.99200439453125
1785715920,181.98199462890625,182.03599548339844,181.98199462890625,182.02099609375
1785715980,182.02099609375,182.09300231933594,181.99099731445312,182.06500244140625
1785716040,182.06500244140625,182.1009979248047,182.05499267578125,182.0800018310547
1785716100,182.072998046875,182.11199951171875,182.07200622558594,182.1020050048828
1785716160,182.0959930419922,182.1199951171875,182.08099365234375,182.11300659179688
1785716220,182.10699462890625,182.1479949951172,182.0850067138672,182.14300537109375
1785716280,182.14500427246094,182.1510009765625,181.8820037841797,182.02099609375
1785716340,182.0260009765625,182.0540008544922,181.98800659179688,182.02000427246094
1785716400,182.01300048828125,182.05299377441406,182.0050048828125,182.04299926757812
1785716460,182.0500030517578,182.09100341796875,182.03900146484375,182.07200622558594
1785716520,182.06700134277344,182.07699584960938,182.05099487304688,182.07200622558594
1785716580,182.0679931640625,182.08700561523438,182.05299377441406,182.06399536132812
1785716640,182.06300354003906,182.07200622558594,182.0070037841797,182.031005859375
1785716700,182.03199768066406,182.05999755859375,182.01100158691406,182.04100036621094
1785716760,182.04200744628906,182.05599975585938,182.0260009765625,182.03799438476562
1785716820,182.03700256347656,182.0760040283203,181.41799926757812,181.48300170898438
1785716880,181.49200439453125,181.53900146484375,180.95199584960938,181.00799560546875
1785716940,180.9980010986328,181.0709991455078,180.74000549316406,180.88800048828125
1785717000,180.86900329589844,180.93499755859375,180.73500061035156,180.85699462890625
1785717060,180.85499572753906,180.9199981689453,180.68600463867188,180.70899963378906
1785717120,180.70399475097656,180.822998046875,180.58299255371094,180.59300231933594
1785717180,180.59300231933594,180.67300415039062,180.5540008544922,180.58799743652344
1785717240,180.58700561523438,180.63299560546875,180.4239959716797,180.4320068359375
1785717300,180.447998046875,180.46800231933594,180.23899841308594,180.30799865722656
1785717360,180.3209991455078,180.41299438476562,180.21600341796875,180.29400634765625
1785717420,180.29200744628906,180.58999633789062,180.27499389648438,180.4040069580078
1785717480,180.39100646972656,180.51699829101562,180.1820068359375,180.21499633789062
1785717540,180.2169952392578,180.34100341796875,180.0919952392578,180.0959930419922
1785717600,180.08299255371094,180.10299682617188,179.89199829101562,179.90199279785156
1785717660,179.88400268554688,179.92300415039062,179.7270050048828,179.80099487304688
1785717720,179.802001953125,179.85400390625,179.67799377441406,179.8280029296875
1785717780,179.83099365234375,179.8939971923828,179.62600708007812,179.68099975585938
1785717840,179.69200134277344,179.7310028076172,179.5019989013672,179.56500244140625
1785717900,179.55599975585938,179.58999633789062,179.35899353027344,179.39999389648438
1785717960,179.40499877929688,179.68699645996094,179.38800048828125,179.58599853515625
1785718020,179.60400390625,179.9239959716797,179.51199340820312,179.75100708007812
1785718080,179.75100708007812,180.07000732421875,179.74200439453125,179.8070068359375
1785718140,179.8040008544922,179.97000122070312,179.78799438476562,179.88600158691406
1785718200,179.87899780273438,180.00900268554688,179.6020050048828,179.66000366210938
1785718260,179.63900756835938,179.74400329589844,179.51800537109375,179.71099853515625
1785718320,179.70399475097656,179.84800720214844,179.4219970703125,179.45799255371094
1785718380,179.47999572753906,179.5780029296875,179.35299682617188,179.375
1785718440,179.36900329589844,179.78399658203125,179.35899353027344,179.76499938964844
1785718500,179.76800537109375,179.91200256347656,179.71099853515625,179.88499450683594
1785718560,179.88400268554688,180.02999877929688,179.8459930419922,180.0189971923828
1785718620,180.01600646972656,180.26400756835938,179.96800231933594,180.14500427246094
1785718680,180.1510009765625,180.2519989013672,180.14700317382812,180.21400451660156
1785718740,180.20399475097656,180.25100708007812,180.17799377441406,180.19200134277344
1785718800,180.19400024414062,180.33399963378906,180.16200256347656,180.32899475097656
1785718860,180.32899475097656,180.33999633789062,179.51800537109375,179.53500366210938
1785718920,179.5,180.10000610351562,179.41000366210938,180.0749969482422
1785718980,180.0749969482422,180.4499969482422,180.05099487304688,180.33599853515625
1785719040,180.33599853515625,180.3979949951172,180.31300354003906,180.36500549316406
1785719100,180.37100219726562,180.42599487304688,180.322998046875,180.3979949951172
1785719160,180.4080047607422,180.47900390625,180.21800231933594,180.33900451660156
1785719220,180.33399963378906,180.35400390625,180.2169952392578,180.34500122070312
1785719280,180.33900451660156,180.34500122070312,180.13900756835938,180.18600463867188
1785719340,180.16600036621094,180.26100158691406,180.07400512695312,180.19500732421875
1785719400,180.18299865722656,180.26800537109375,180.15199279785156,180.22799682617188
1785719460,180.21800231933594,180.23599243164062,179.8990020751953,179.90199279785156
1785719520,179.9199981689453,180.1479949951172,179.9040069580078,180.13400268554688
1785719580,180.14300537109375,180.17100524902344,180.02000427246094,180.05799865722656
1785719640,180.052001953125,180.11300659179688,180.02200317382812,180.08900451660156
1785719700,180.11599731445312,180.1929931640625,180.07899475097656,180.19200134277344
1785719760,180.1820068359375,180.26800537109375,180.17599487304688,180.2209930419922
1785719820,180.22000122070312,180.26199340820312,180.1739959716797,180.17799377441406
1785719880,180.19400024414062,180.21600341796875,180.13099670410156,180.13800048828125
1785719940,180.14700317382812,180.16600036621094,180.04400634765625,180.1580047607422
1785720000,180.14700317382812,180.2239990234375,180.10899353027344,180.1199951171875
1785720060,180.12899780273438,180.26699829101562,180.11900329589844,180.23699951171875
1785720120,180.23699951171875,180.25,180.16299438476562,180.20199584960938
1785720180,180.21600341796875,180.24000549316406,180.12399291992188,180.1540069580078
1785720240,180.13900756835938,180.17999267578125,180.10800170898438,180.13499450683594
1785720300,180.13600158691406,180.1580047607422,180.1060028076172,180.1230010986328
1785720360,180.1230010986328,180.2449951171875,180.10400390625,180.20700073242188
1785720420,180.21600341796875,180.22799682617188,180.1510009765625,180.21200561523438
1785720480,180.21200561523438,180.3000030517578,180.1959991455078,180.29299926757812
1785720540,180.3040008544922,180.3040008544922,179.9770050048828,180.1649932861328
1785720600,180.1649932861328,180.25100708007812,180.1009979248047,180.23199462890625
1785720660,180.23300170898438,180.24200439453125,180.11099243164062,180.21800231933594
1785720720,180.2100067138672,180.2519989013672,180.13900756835938,180.16900634765625
1785720780,180.17999267578125,180.28799438476562,180.16700744628906,180.28399658203125
1785720840,180.27499389648438,180.33200073242188,180.19700622558594,180.27999877929688
1785720900,180.25100708007812,180.27200317382812,180.1840057373047,180.22500610351562
1785720960,180.2169952392578,180.30999755859375,180.2169952392578,180.3000030517578
1785721020,180.29299926757812,180.343994140625,180.24000549316406,180.26300048828125
1785721080,180.26100158691406,180.34800720214844,180.23699951171875,180.34500122070312
1785721140,180.3459930419922,180.3780059814453,180.31300354003906,180.3679962158203
1785721200,180.3679962158203,180.41200256347656,180.36099243164062,180.3719940185547
1785721260,180.37899780273438,180.4010009765625,180.2779998779297,180.31900024414062
1785721320,180.32000732421875,180.3419952392578,180.3000030517578,180.3000030517578
1785721380,180.3179931640625,180.33799743652344,180.27000427246094,180.30499267578125
1785721440,180.30499267578125,180.3300018310547,180.29800415039062,180.31199645996094
1785721500,180.30499267578125,180.33900451660156,180.26199340820312,180.3209991455078
1785721560,180.3209991455078,180.32400512695312,180.24400329589844,180.2570037841797
1785721620,180.2530059814453,180.25900268554688,180.156005859375,180.2270050048828
1785721680,180.2259979248047,180.2830047607422,180.22000122070312,180.2779998779297
1785721740,180.2729949951172,180.28799438476562,180.24000549316406,180.28700256347656
1785721800,180.2790069580078,180.2989959716797,180.25999450683594,180.2729949951172
1785721860,180.2760009765625,180.31500244140625,180.25999450683594,180.26800537109375
1785721920,180.26699829101562,180.3000030517578,180.25599670410156,180.2830047607422
1785721980,180.28199768066406,180.31399536132812,180.21299743652344,180.23899841308594
1785722040,180.23899841308594,180.2740020751953,180.23899841308594,180.2550048828125
1785722100,180.2550048828125,180.27699279785156,180.2270050048828,180.25799560546875
1785722160,180.25900268554688,180.30999755859375,180.2570037841797,180.29400634765625
1785722220,180.29400634765625,180.31300354003906,180.24200439453125,180.29299926757812
1785722280,180.29299926757812,180.3040008544922,180.27000427246094,180.2969970703125
1785722340,180.29600524902344,180.3179931640625,180.2760009765625,180.302001953125
1785722400,180.31399536132812,180.3419952392578,180.30099487304688,180.33799743652344
1785722460,180.33099365234375,180.39999389648438,180.33099365234375,180.3990020751953
1785722520,180.3990020751953,180.40899658203125,180.36000061035156,180.3730010986328
1785722580,180.38099670410156,180.44200134277344,180.3679962158203,180.41000366210938
1785722640,180.4029998779297,180.41099548339844,180.3820037841797,180.3939971923828
1785722700,180.3939971923828,180.51100158691406,180.3939971923828,180.4949951171875
1785722760,180.49600219726562,180.52099609375,180.46800231933594,180.4929962158203
1785722820,180.52099609375,180.52099609375,180.42100524902344,180.46800231933594
1785722880,180.4600067138672,180.54800415039062,180.4530029296875,180.51499938964844
1785722940,180.51499938964844,180.5749969482422,180.51300048828125,180.56199645996094
1785723000,180.56300354003906,180.61399841308594,180.5500030517578,180.58299255371094
1785723060,180.58299255371094,180.5989990234375,180.53500366210938,180.55499267578125
1785723120,180.56399536132812,180.56399536132812,180.4949951171875,180.53700256347656
1785723180,180.53799438476562,180.53799438476562,180.48399353027344,180.4969940185547
1785723240,180.5050048828125,180.5070037841797,180.46800231933594,180.46800231933594
1785723300,180.46800231933594,180.50100708007812,180.44500732421875,180.4510040283203
1785723360,180.44500732421875,180.46099853515625,180.42599487304688,180.4499969482422
1785723420,180.4409942626953,180.45199584960938,180.34800720214844,180.4080047607422
1785723480,180.4040069580078,180.46600341796875,180.39500427246094,180.41000366210938
1785723540,180.40899658203125,180.4409942626953,180.4010009765625,180.41299438476562
1785723600,180.42599487304688,180.447998046875,180.41200256347656,180.42799377441406
1785723660,180.4219970703125,180.47000122070312,180.4199981689453,180.45799255371094
1785723720,180.46800231933594,180.46800231933594,180.406005859375,180.4199981689453
1785723780,180.4199981689453,180.43600463867188,180.4029998779297,180.4239959716797
1785723840,180.4250030517578,180.42799377441406,180.375,180.41799926757812
1785723900,180.4080047607422,180.42100524902344,180.36700439453125,180.38099670410156
1785723960,180.3730010986328,180.4429931640625,180.37100219726562,180.42999267578125
1785724020,180.42999267578125,180.49600219726562,180.42999267578125,180.48599243164062
1785724080,180.49099731445312,180.5189971923828,180.4600067138672,180.4600067138672
1785724140,180.46600341796875,180.48300170898438,180.4429931640625,180.4510040283203
1785724200,180.447998046875,180.49000549316406,180.44700622558594,180.46499633789062
1785724260,180.45899963378906,180.48399353027344,180.45700073242188,180.47300720214844
1785724320,180.4739990234375,180.47999572753906,180.4250030517578,180.44700622558594
1785724380,180.4409942626953,180.45199584960938,180.38999938964844,180.42300415039062
1785724440,180.42300415039062,180.44700622558594,180.40499877929688,180.4219970703125
1785724500,180.41400146484375,180.44500732421875,180.35800170898438,180.375
1785724560,180.375,180.38600158691406,180.3040008544922,180.31500244140625
1785724620,180.3090057373047,180.343994140625,180.2989959716797,180.32400512695312
1785724680,180.31500244140625,180.32000732421875,180.26600646972656,180.27200317382812
1785724740,180.27200317382812,180.2949981689453,180.26499938964844,180.27999877929688
1785724800,180.27999877929688,180.30299377441406,180.19000244140625,180.22999572753906
1785724860,180.22999572753906,180.29400634765625,180.2209930419922,180.26400756835938
1785724920,180.26400756835938,180.29400634765625,180.26199340820312,180.29400634765625
1785724980,180.28500366210938,180.35699462890625,180.28199768066406,180.33399963378906
1785725040,180.33799743652344,180.38699340820312,180.3300018310547,180.37399291992188
1785725100,180.36599731445312,180.41700744628906,180.36099243164062,180.40699768066406
1785725160,180.41200256347656,180.42300415039062,180.39100646972656,180.4040069580078
1785725220,180.40199279785156,180.45799255371094,180.40199279785156,180.44000244140625
1785725280,180.44000244140625,180.46400451660156,180.42799377441406,180.46299743652344
1785725340,180.45899963378906,180.47500610351562,180.44900512695312,180.4499969482422
1785725400,180.4530029296875,180.47999572753906,180.4530029296875,180.47000122070312
1785725460,180.4739990234375,180.4759979248047,180.43699645996094,180.46299743652344
1785725520,180.46299743652344,180.4759979248047,180.46200561523438,180.46499633789062
1785725580,180.4709930419922,180.4720001220703,180.4199981689453,180.42100524902344
1785725640,180.4290008544922,180.44700622558594,180.42100524902344,180.4239959716797
1785725700,180.4239959716797,180.45899963378906,180.41099548339844,180.447998046875
1785725760,180.4459991455078,180.4669952392578,180.4429931640625,180.46200561523438
1785725820,180.4550018310547,180.46400451660156,180.40899658203125,180.40899658203125
1785725880,180.41600036621094,180.42599487304688,180.3769989013672,180.39100646972656
1785725940,180.39100646972656,180.4429931640625,180.375,180.43699645996094
1785726000,180.43299865722656,180.46400451660156,180.4290008544922,180.4499969482422
1785726060,180.4499969482422,180.48199462890625,180.4499969482422,180.46299743652344
1785726120,180.45700073242188,180.49200439453125,180.4550018310547,180.48800659179688
1785726180,180.48399353027344,180.51800537109375,180.4739990234375,180.50599670410156
1785726240,180.50599670410156,180.53599548339844,180.5019989013672,180.53599548339844
1785726300,180.52499389648438,180.55099487304688,180.51400756835938,180.52099609375
1785726360,180.52099609375,180.54299926757812,180.49400329589844,180.4949951171875
1785726420,180.4949951171875,180.49899291992188,180.44000244140625,180.4739990234375
1785726480,180.46499633789062,180.48199462890625,180.4530029296875,180.47799682617188
1785726540,180.47300720214844,180.50599670410156,180.46800231933594,180.49200439453125
1785726600,180.48599243164062,180.49099731445312,180.43299865722656,180.45799255371094
1785726660,180.4510040283203,180.50100708007812,180.4510040283203,180.49400329589844
1785726720,180.49400329589844,180.56199645996094,180.49200439453125,180.52200317382812
1785726780,180.5240020751953,180.52499389648438,180.44900512695312,180.46499633789062
1785726840,180.46600341796875,180.48399353027344,180.4550018310547,180.45799255371094
1785726900,180.45700073242188,180.49400329589844,180.45700073242188,180.47300720214844
1785726960,180.47999572753906,180.51100158691406,180.4720001220703,180.49400329589844
1785727020,180.4969940185547,180.4969940185547,180.4510040283203,180.45199584960938
1785727080,180.45799255371094,180.45799255371094,180.43699645996094,180.4429931640625
1785727140,180.4429931640625,180.45899963378906,180.36199951171875,180.3719940185547
1785727200,180.37100219726562,180.4219970703125,180.36399841308594,180.38400268554688
1785727260,180.38400268554688,180.42599487304688,180.3820037841797,180.4080047607422
1785727320,180.40199279785156,180.4219970703125,180.3939971923828,180.41200256347656
1785727380,180.41200256347656,180.42799377441406,180.37899780273438,180.4040069580078
1785727440,180.41299438476562,180.44000244140625,180.3820037841797,180.43299865722656
1785727500,180.43800354003906,180.4669952392578,180.42999267578125,180.45700073242188
1785727560,180.45700073242188,180.46299743652344,180.43299865722656,180.4499969482422
1785727620,180.44900512695312,180.45899963378906,180.43299865722656,180.447998046875
1785727680,180.447998046875,180.48800659179688,180.447998046875,180.46800231933594
1785727740,180.468994140625,180.48500061035156,180.45899963378906,180.4600067138672
1785727800,180.4600067138672,180.4770050048828,180.45899963378906,180.4720001220703
1785727860,180.4720001220703,180.51600646972656,180.45700073242188,180.4949951171875
1785727920,180.4980010986328,180.5070037841797,180.46600341796875,180.46600341796875
1785727980,180.4669952392578,180.48399353027344,180.44500732421875,180.4510040283203
1785728040,180.4510040283203,180.49000549316406,180.43600463867188,180.45399475097656
1785728100,180.4499969482422,180.45599365234375,180.197998046875,180.40199279785156
1785728160,180.39500427246094,180.42599487304688,180.39100646972656,180.41400146484375
1785728220,180.41600036621094,180.44000244140625,180.41200256347656,180.4290008544922
1785728280,180.4290008544922,180.4530029296875,180.4290008544922,180.45199584960938
1785728340,180.44700622558594,180.47799682617188,180.4409942626953,180.46400451660156
1785728400,180.46499633789062,180.4949951171875,180.4530029296875,180.4550018310547
1785728460,180.4550018310547,180.4669952392578,180.4409942626953,180.4409942626953
1785728520,180.4409942626953,180.447998046875,180.38900756835938,180.38999938964844
1785728580,180.38999938964844,180.43699645996094,180.38800048828125,180.42999267578125
1785728640,180.42799377441406,180.44000244140625,180.41900634765625,180.43099975585938
1785728700,180.43600463867188,180.468994140625,180.43099975585938,180.45199584960938
1785728760,180.45799255371094,180.4739990234375,180.43499755859375,180.44000244140625
1785728820,180.4429931640625,180.447998046875,180.4149932861328,180.41900634765625
1785728880,180.41799926757812,180.49200439453125,180.406005859375,180.47900390625
1785728940,180.4739990234375,180.47999572753906,180.43499755859375,180.4429931640625
1785729000,180.43600463867188,180.5019989013672,180.42999267578125,180.48899841308594
1785729060,180.48899841308594,180.4980010986328,180.468994140625,180.4739990234375
1785729120,180.4739990234375,180.50599670410156,180.46200561523438,180.48399353027344
1785729180,180.48199462890625,180.48699951171875,180.44500732421875,180.47300720214844
1785729240,180.47300720214844,180.50100708007812,180.45899963378906,180.48599243164062
1785729300,180.48599243164062,180.5030059814453,180.47900390625,180.4929962158203
1785729360,180.4929962158203,180.5050048828125,180.48599243164062,180.5019989013672
1785729420,180.4949951171875,180.5019989013672,180.4429931640625,180.45700073242188
1785729480,180.45700073242188,180.4770050048828,180.4499969482422,180.45700073242188
1785729540,180.45700073242188,180.4720001220703,180.4510040283203,180.45899963378906
1785729600,180.468994140625,180.48599243164062,180.41799926757812,180.4739990234375
1785729660,180.4720001220703,180.47300720214844,180.4409942626953,180.46200561523438
1785729720,180.45700073242188,180.46499633789062,180.4219970703125,180.4499969482422
1785729780,180.45599365234375,180.45700073242188,180.38999938964844,180.41700744628906
1785729840,180.41600036621094,180.41900634765625,180.38800048828125,180.39300537109375
1785729900,180.3990020751953,180.40899658203125,180.3679962158203,180.39599609375
1785729960,180.38999938964844,180.41900634765625,180.37600708007812,180.40899658203125
1785730020,180.4029998779297,180.40899658203125,180.33599853515625,180.35000610351562
1785730080,180.35000610351562,180.3780059814453,180.33799743652344,180.3699951171875
1785730140,180.36199951171875,180.39199829101562,180.3459930419922,180.3470001220703
1785730200,180.3470001220703,180.3699951171875,180.3470001220703,180.36000061035156
1785730260,180.36000061035156,180.37600708007812,180.33299255371094,180.36300659179688
1785730320,180.36300659179688,180.43699645996094,180.36199951171875,180.43099975585938
1785730380,180.43099975585938,180.47799682617188,180.41799926757812,180.47799682617188
1785730440,180.47799682617188,180.49099731445312,180.39100646972656,180.39199829101562
1785730500,180.39999389648438,180.43899536132812,180.37899780273438,180.40199279785156
1785730560,180.39500427246094,180.43800354003906,180.38699340820312,180.43800354003906
1785730620,180.42799377441406,180.4429931640625,180.41700744628906,180.4409942626953
1785730680,180.42999267578125,180.46400451660156,180.42999267578125,180.46200561523438
1785730740,180.4600067138672,180.47300720214844,180.4499969482422,180.45799255371094
1785730800,180.4550018310547,180.47000122070312,180.44400024414062,180.45599365234375
1785730860,180.4600067138672,180.49899291992188,180.45399475097656,180.47799682617188
1785730920,180.47799682617188,180.49200439453125,180.47300720214844,180.48699951171875
1785730980,180.47900390625,180.5050048828125,180.4669952392578,180.4980010986328
1785731040,180.5,180.52000427246094,180.49400329589844,180.49899291992188
1785731100,180.50399780273438,180.5279998779297,180.4969940185547,180.5240020751953
1785731160,180.52200317382812,180.52699279785156,180.5050048828125,180.51400756835938
1785731220,180.50900268554688,180.51499938964844,180.47999572753906,180.5
1785731280,180.4980010986328,180.50399780273438,180.48399353027344,180.4980010986328
1785731340,180.49200439453125,180.53199768066406,180.49099731445312,180.49099731445312
1785731400,180.49099731445312,180.51199340820312,180.47000122070312,180.47300720214844
1785731460,180.4770050048828,180.51300048828125,180.4600067138672,180.51199340820312
1785731520,180.50999450683594,180.5240020751953,180.48699951171875,180.5019989013672
1785731580,180.5019989013672,180.50999450683594,180.48599243164062,180.50399780273438
1785731640,180.50399780273438,180.52699279785156,180.50399780273438,180.52200317382812
1785731700,180.51300048828125,180.5260009765625,180.5030059814453,180.50900268554688
1785731760,180.5030059814453,180.50999450683594,180.4969940185547,180.5
1785731820,180.50399780273438,180.50399780273438,180.447998046875,180.4499969482422
1785731880,180.4499969482422,180.45799255371094,180.38499450683594,180.40699768066406
1785731940,180.41200256347656,180.44500732421875,180.36599731445312,180.38900756835938
1785732000,180.38400268554688,180.42599487304688,180.38400268554688,180.4149932861328
1785732060,180.4149932861328,180.4669952392578,180.41099548339844,180.4669952392578
1785732120,180.45199584960938,180.47000122070312,180.4290008544922,180.44700622558594
1785732180,180.44000244140625,180.45199584960938,180.427001953125,180.427001953125
1785732240,180.43099975585938,180.45899963378906,180.39500427246094,180.3979949951172
1785732300,180.39599609375,180.41799926757812,180.36599731445312,180.37600708007812
1785732360,180.36900329589844,180.41799926757812,180.36300659179688,180.40899658203125
1785732420,180.40899658203125,180.45199584960938,180.3939971923828,180.4320068359375
1785732480,180.43499755859375,180.45599365234375,180.43299865722656,180.4459991455078
1785732540,180.44700622558594,180.4550018310547,180.43699645996094,180.4499969482422
1785732600,180.4429931640625,180.5019989013672,180.4429931640625,180.4929962158203
1785732660,180.49200439453125,180.5229949951172,180.48899841308594,180.5229949951172
1785732720,180.51499938964844,180.5229949951172,180.5030059814453,180.51100158691406
1785732780,180.50999450683594,180.51800537109375,180.4810028076172,180.48699951171875
1785732840,180.48699951171875,180.51499938964844,180.468994140625,180.51100158691406
1785732900,180.51100158691406,180.54600524902344,180.4810028076172,180.5019989013672
1785732960,180.4949951171875,180.5050048828125,180.47300720214844,180.47799682617188
1785733020,180.48199462890625,180.48699951171875,180.45899963378906,180.4669952392578
1785733080,180.4669952392578,180.4980010986328,180.447998046875,180.48300170898438
1785733140,180.48199462890625,180.48899841308594,180.44000244140625,180.46400451660156
1785733200,180.46299743652344,180.48399353027344,180.4530029296875,180.46600341796875
1785733260,180.46600341796875,180.4720001220703,180.406005859375,180.41000366210938
1785733320,180.40899658203125,180.4320068359375,180.3719940185547,180.3820037841797
1785733380,180.38099670410156,180.43099975585938,180.3730010986328,180.41400146484375
1785733440,180.41400146484375,180.4199981689453,180.38499450683594,180.41099548339844
1785733500,180.4029998779297,180.41000366210938,180.3800048828125,180.38699340820312
1785733560,180.39199829101562,180.40899658203125,180.37600708007812,180.38800048828125
1785733620,180.38800048828125,180.4010009765625,180.36099243164062,180.36300659179688
1785733680,180.36900329589844,180.4029998779297,180.36000061035156,180.40199279785156
1785733740,180.3979949951172,180.44500732421875,180.38999938964844,180.43699645996094
1785733800,180.43699645996094,180.46099853515625,180.43499755859375,180.4459991455078
1785733860,180.4459991455078,180.46299743652344,180.43499755859375,180.4429931640625
1785733920,180.44200134277344,180.46600341796875,180.43699645996094,180.46400451660156
1785733980,180.45399475097656,180.4720001220703,180.4530029296875,180.46400451660156
1785734040,180.45899963378906,180.47799682617188,180.41900634765625,180.43699645996094
1785734100,180.43099975585938,180.46099853515625,180.40499877929688,180.41000366210938
1785734160,180.41000366210938,180.44500732421875,180.406005859375,180.41900634765625
1785734220,180.41600036621094,180.42999267578125,180.39599609375,180.41700744628906
1785734280,180.4080047607422,180.42599487304688,180.37600708007812,180.4080047607422
1785734340,180.4219970703125,180.4810028076172,180.4080047607422,180.47799682617188
1785734400,180.4759979248047,180.5019989013672,180.46800231933594,180.48500061035156
1785734460,180.48599243164062,180.51499938964844,180.4709930419922,180.50399780273438
1785734520,180.50399780273438,180.51199340820312,180.45399475097656,180.4600067138672
1785734580,180.4600067138672,180.48699951171875,180.45599365234375,180.46800231933594
1785734640,180.4720001220703,180.48500061035156,180.4669952392578,180.48199462890625
1785734700,180.4759979248047,180.48500061035156,180.46800231933594,180.47500610351562
1785734760,180.47500610351562,180.48199462890625,180.4340057373047,180.44400024414062
1785734820,180.4429931640625,180.46299743652344,180.43800354003906,180.45899963378906
1785734880,180.4530029296875,180.4669952392578,180.4510040283203,180.46200561523438
1785734940,180.4600067138672,180.4759979248047,180.45199584960938,180.45700073242188
1785735000,180.45599365234375,180.4720001220703,180.44200134277344,180.45399475097656
1785735060,180.45599365234375,180.4810028076172,180.4340057373047,180.44000244140625
1785735120,180.44000244140625,180.44200134277344,180.38900756835938,180.4080047607422
1785735180,180.40699768066406,180.4320068359375,180.40199279785156,180.41900634765625
1785735240,180.4199981689453,180.44000244140625,180.3939971923828,180.3979949951172
1785735300,180.39599609375,180.43499755859375,180.39500427246094,180.41600036621094
1785735360,180.41799926757812,180.4340057373047,180.41000366210938,180.4219970703125
1785735420,180.42100524902344,180.43899536132812,180.42100524902344,180.4340057373047
1785735480,180.43099975585938,180.4409942626953,180.41600036621094,180.42300415039062
1785735540,180.42300415039062,180.47500610351562,180.42300415039062,180.46600341796875
1785735600,180.46800231933594,180.4720001220703,180.4510040283203,180.45199584960938
1785735660,180.45599365234375,180.48399353027344,180.44400024414062,180.45199584960938
1785735720,180.45199584960938,180.48399353027344,180.4510040283203,180.45700073242188
1785735780,180.4600067138672,180.46800231933594,180.4320068359375,180.44000244140625
1785735840,180.44900512695312,180.4550018310547,180.4080047607422,180.43600463867188
1785735900,180.43600463867188,180.4499969482422,180.4250030517578,180.4409942626953
1785735960,180.4409942626953,180.4759979248047,180.43800354003906,180.4600067138672
1785736020,180.46600341796875,180.48399353027344,180.43600463867188,180.47000122070312
1785736080,180.47000122070312,180.4810028076172,180.46099853515625,180.46099853515625
1785736140,180.46099853515625,180.4720001220703,180.4149932861328,180.4250030517578
1785736200,180.42100524902344,180.4459991455078,180.41299438476562,180.41900634765625
1785736260,180.42300415039062,180.4510040283203,180.41099548339844,180.4409942626953
1785736320,180.44000244140625,180.4550018310547,180.43800354003906,180.44700622558594
1785736380,180.44700622558594,180.46400451660156,180.4429931640625,180.44700622558594
1785736440,180.4429931640625,180.46099853515625,180.44000244140625,180.4429931640625
1785736500,180.4429931640625,180.45199584960938,180.42599487304688,180.44000244140625
1785736560,180.4409942626953,180.447998046875,180.43099975585938,180.43499755859375
1785736620,180.43499755859375,180.4429931640625,180.41799926757812,180.4219970703125
1785736680,180.4219970703125,180.42999267578125,180.4149932861328,180.427001953125
1785736740,180.4250030517578,180.43800354003906,180.41600036621094,180.4290008544922
1785736800,180.41900634765625,180.48500061035156,180.40499877929688,180.48500061035156
1785736860,180.48699951171875,180.50599670410156,180.4459991455078,180.4459991455078
1785736920,180.4459991455078,180.48199462890625,180.43800354003906,180.4510040283203
1785736980,180.4510040283203,180.45899963378906,180.43099975585938,180.4409942626953
1785737040,180.43499755859375,180.44000244140625,180.35699462890625,180.40699768066406
1785737100,180.40899658203125,180.5019989013672,180.406005859375,180.42300415039062
1785737160,180.4239959716797,180.45899963378906,180.4149932861328,180.42300415039062
1785737220,180.42300415039062,180.45199584960938,180.41799926757812,180.4499969482422
1785737280,180.4499969482422,180.45599365234375,180.41799926757812,180.42100524902344
1785737340,180.42100524902344,180.45799255371094,180.41099548339844,180.45799255371094
1785737400,180.44900512695312,180.47000122070312,180.44700622558594,180.46400451660156
1785737460,180.46400451660156,180.4770050048828,180.44000244140625,180.447998046875
1785737520,180.447998046875,180.46800231933594,180.43800354003906,180.4550018310547
1785737580,180.4459991455078,180.4550018310547,180.44000244140625,180.44000244140625
1785737640,180.44000244140625,180.4499969482422,180.39599609375,180.39599609375
1785737700,180.3990020751953,180.41400146484375,180.38299560546875,180.39199829101562
1785737760,180.39199829101562,180.45799255371094,180.38999938964844,180.44900512695312
1785737820,180.447998046875,180.48699951171875,180.44400024414062,180.4720001220703
1785737880,180.46800231933594,180.54100036621094,180.46800231933594,180.5260009765625
1785737940,180.53199768066406,180.56300354003906,180.51800537109375,180.5229949951172
1785738000,180.5279998779297,180.55999755859375,180.5229949951172,180.54400634765625
1785738060,180.54400634765625,180.58399963378906,180.5399932861328,180.56900024414062
1785738120,180.56700134277344,180.57699584960938,180.53500366210938,180.57699584960938
1785738180,180.572998046875,180.60299682617188,180.56900024414062,180.57400512695312
1785738240,180.57400512695312,180.64500427246094,180.57400512695312,180.63999938964844
1785738300,180.64300537109375,180.71099853515625,180.63499450683594,180.6739959716797
1785738360,180.67300415039062,180.6909942626953,180.64700317382812,180.677001953125
1785738420,180.6840057373047,180.6840057373047,180.6510009765625,180.6510009765625
1785738480,180.6510009765625,180.66400146484375,180.60299682617188,180.61599731445312
1785738540,180.61099243164062,180.66600036621094,180.60899353027344,180.66400146484375
1785738600,180.6529998779297,180.67300415039062,180.6479949951172,180.66000366210938
1785738660,180.6649932861328,180.69200134277344,180.65499877929688,180.68099975585938
1785738720,180.6820068359375,180.6929931640625,180.66799926757812,180.6699981689453
1785738780,180.6699981689453,180.67799377441406,180.61300659179688,180.6230010986328
1785738840,180.6199951171875,180.6230010986328,180.55499267578125,180.5659942626953
1785738900,180.56100463867188,180.593994140625,180.56100463867188,180.59100341796875
1785738960,180.58999633789062,180.60299682617188,180.58099365234375,180.5850067138672
1785739020,180.5850067138672,180.73500061035156,180.5850067138672,180.71499633789062
1785739080,180.71200561523438,180.7220001220703,180.63800048828125,180.63800048828125
1785739140,180.64599609375,180.66099548339844,180.61000061035156,180.63699340820312
1785739200,180.64100646972656,180.64199829101562,180.56300354003906,180.59500122070312
1785739260,180.59300231933594,180.66799926757812,180.59300231933594,180.6540069580078
1785739320,180.6540069580078,180.66799926757812,180.6320037841797,180.6320037841797
1785739380,180.6320037841797,180.6909942626953,180.6300048828125,180.64999389648438
1785739440,180.6529998779297,180.66200256347656,180.63299560546875,180.64999389648438
1785739500,180.6540069580078,180.7259979248047,180.64700317382812,180.69500732421875
1785739560,180.7050018310547,180.72900390625,180.6699981689453,180.6719970703125
1785739620,180.6790008544922,180.7270050048828,180.6699981689453,180.71400451660156
1785739680,180.71400451660156,180.72900390625,180.6719970703125,180.67599487304688
1785739740,180.6790008544922,180.71200561523438,180.6699981689453,180.6999969482422
1785739800,180.70799255371094,180.74400329589844,180.6999969482422,180.71600341796875
1785739860,180.71600341796875,180.72000122070312,180.67599487304688,180.69500732421875
1785739920,180.68499755859375,180.70700073242188,180.66200256347656,180.69900512695312
1785739980,180.69900512695312,180.73699951171875,180.677001953125,180.71600341796875
1785740040,180.7209930419922,180.78399658203125,180.71299743652344,180.77699279785156
1785740100,180.77699279785156,180.802001953125,180.75100708007812,180.76800537109375
1785740160,180.76800537109375,180.80299377441406,180.76800537109375,180.7830047607422
1785740220,180.77999877929688,180.78700256347656,180.74000549316406,180.74000549316406
1785740280,180.75100708007812,180.7519989013672,180.72500610351562,180.73800659179688
1785740340,180.74400329589844,180.75999450683594,180.69700622558594,180.70399475097656
1785740400,180.7100067138672,180.74200439453125,180.677001953125,180.68899536132812
1785740460,180.68899536132812,180.72799682617188,180.67999267578125,180.6840057373047
1785740520,180.67999267578125,180.70199584960938,180.60699462890625,180.61199951171875
1785740580,180.60800170898438,180.6219940185547,180.5850067138672,180.60699462890625
1785740640,180.60400390625,180.6479949951172,180.59300231933594,180.64100646972656
1785740700,180.64100646972656,180.65699768066406,180.60499572753906,180.64599609375
1785740760,180.63600158691406,180.67100524902344,180.6179962158203,180.6649932861328
1785740820,180.66600036621094,180.66700744628906,180.60800170898438,180.6280059814453
1785740880,180.6280059814453,180.6540069580078,180.61000061035156,180.6479949951172
1785740940,180.64500427246094,180.6479949951172,180.5449981689453,180.55999755859375
1785741000,180.5590057373047,180.58599853515625,180.54400634765625,180.57000732421875
1785741060,180.5709991455078,180.61099243164062,180.57000732421875,180.6009979248047
1785741120,180.6009979248047,180.61000061035156,180.51300048828125,180.55499267578125
1785741180,180.5540008544922,180.5570068359375,180.50999450683594,180.5279998779297
1785741240,180.5260009765625,180.53599548339844,180.51600646972656,180.53399658203125
1785741300,180.5279998779297,180.53599548339844,180.4929962158203,180.49899291992188
1785741360,180.5050048828125,180.51400756835938,180.46800231933594,180.50599670410156
1785741420,180.4980010986328,180.5749969482422,180.4980010986328,180.52999877929688
1785741480,180.5240020751953,180.56100463867188,180.51600646972656,180.5229949951172
1785741540,180.5229949951172,180.57400512695312,180.51600646972656,180.55799865722656
1785741600,180.5709991455078,180.6179962158203,180.5540008544922,180.58700561523438
1785741660,180.5800018310547,180.65899658203125,180.57699584960938,180.60400390625
1785741720,180.61099243164062,180.61500549316406,180.55499267578125,180.5679931640625
1785741780,180.55999755859375,180.57699584960938,180.5229949951172,180.53399658203125
1785741840,180.53399658203125,180.55999755859375,180.51800537109375,180.54400634765625
1785741900,180.54400634765625,180.5800018310547,180.54400634765625,180.55999755859375
1785741960,180.55999755859375,180.5919952392578,180.54600524902344,180.5540008544922
1785742020,180.54400634765625,180.5590057373047,180.52499389648438,180.54400634765625
1785742080,180.54400634765625,180.55799865722656,180.49899291992188,180.5070037841797
1785742140,180.5070037841797,180.56100463867188,180.5030059814453,180.53700256347656
1785742200,180.53700256347656,180.55599975585938,180.51499938964844,180.531005859375
1785742260,180.53199768066406,180.53599548339844,180.51100158691406,180.51199340820312
1785742320,180.51100158691406,180.5229949951172,180.49000549316406,180.50900268554688
1785742380,180.51699829101562,180.531005859375,180.47000122070312,180.47500610351562
1785742440,180.47000122070312,180.5019989013672,180.4429931640625,180.49400329589844
1785742500,180.50100708007812,180.51199340820312,180.46400451660156,180.46600341796875
1785742560,180.46499633789062,180.5070037841797,180.46099853515625,180.49899291992188
1785742620,180.5030059814453,180.52499389648438,180.48199462890625,180.51400756835938
1785742680,180.51400756835938,180.54800415039062,180.51300048828125,180.5279998779297
1785742740,180.53199768066406,180.54600524902344,180.5240020751953,180.54100036621094
1785742800,180.53599548339844,180.5469970703125,180.52099609375,180.53500366210938
1785742860,180.5290069580078,180.5780029296875,180.51800537109375,180.572998046875
1785742920,180.57200622558594,180.6199951171875,180.56399536132812,180.61000061035156
1785742980,180.61000061035156,180.6179962158203,180.58900451660156,180.593994140625
1785743040,180.59500122070312,180.6699981689453,180.59500122070312,180.66200256347656
1785743100,180.66900634765625,180.6929931640625,180.65899658203125,180.66799926757812
1785743160,180.66799926757812,180.69500732421875,180.6490020751953,180.6529998779297
1785743220,180.65199279785156,180.6719970703125,180.64599609375,180.6540069580078
1785743280,180.6580047607422,180.68299865722656,180.64999389648438,180.68299865722656
1785743340,180.6820068359375,180.68499755859375,180.6199951171875,180.6320037841797
1785743400,180.62399291992188,180.6540069580078,180.6219940185547,180.64500427246094
1785743460,180.6479949951172,180.6540069580078,180.62100219726562,180.64300537109375
1785743520,180.63699340820312,180.677001953125,180.625,180.65499877929688
1785743580,180.65499877929688,180.66700744628906,180.63800048828125,180.6529998779297
1785743640,180.6529998779297,180.67100524902344,180.63999938964844,180.64100646972656
1785743700,180.64100646972656,180.656005859375,180.61500549316406,180.6199951171875
1785743760,180.6199951171875,180.64700317382812,180.61900329589844,180.63699340820312
1785743820,180.64199829101562,180.70399475097656,180.63400268554688,180.7030029296875
1785743880,180.6999969482422,180.70799255371094,180.68699645996094,180.69200134277344
1785743940,180.6929931640625,180.71400451660156,180.68299865722656,180.697998046875
1785744000,180.70199584960938,180.718994140625,180.64300537109375,180.64300537109375
1785744060,180.6439971923828,180.6580047607422,180.6320037841797,180.63499450683594
1785744120,180.63699340820312,180.6540069580078,180.6199951171875,180.64599609375
1785744180,180.63900756835938,180.64500427246094,180.58999633789062,180.6060028076172
1785744240,180.60499572753906,180.65899658203125,180.5919952392578,180.6479949951172
1785744300,180.64300537109375,180.68099975585938,180.61300659179688,180.66000366210938
1785744360,180.66000366210938,180.66400146484375,180.6269989013672,180.6320037841797
1785744420,180.6320037841797,180.66200256347656,180.6280059814453,180.656005859375
1785744480,180.6540069580078,180.66200256347656,180.64300537109375,180.64999389648438
1785744540,180.64999389648438,180.6529998779297,180.58299255371094,180.59500122070312
1785744600,180.59500122070312,180.60400390625,180.57899475097656,180.57899475097656
1785744660,180.57899475097656,180.60800170898438,180.55999755859375,180.5780029296875
1785744720,180.57400512695312,180.6179962158203,180.57000732421875,180.61500549316406
1785744780,180.61000061035156,180.6510009765625,180.61000061035156,180.6230010986328
1785744840,180.62399291992188,180.6790008544922,180.62399291992188,180.6790008544922
1785744900,180.6719970703125,180.72000122070312,180.6719970703125,180.71499633789062
1785744960,180.71099853515625,180.71299743652344,180.64700317382812,180.656005859375
1785745020,180.65199279785156,180.67799377441406,180.6479949951172,180.6540069580078
1785745080,180.6510009765625,180.6719970703125,180.63499450683594,180.6540069580078
1785745140,180.65199279785156,180.65499877929688,180.62600708007812,180.62899780273438
1785745200,180.625,180.63499450683594,180.60499572753906,180.60800170898438
1785745260,180.60800170898438,180.6199951171875,180.5780029296875,180.59500122070312
1785745320,180.58999633789062,180.61500549316406,180.5850067138672,180.60899353027344
1785745380,180.6020050048828,180.6439971923828,180.59500122070312,180.6300048828125
1785745440,180.63499450683594,180.67599487304688,180.6280059814453,180.65699768066406
1785745500,180.65699768066406,180.66700744628906,180.6320037841797,180.63299560546875
1785745560,180.63600158691406,180.68800354003906,180.63299560546875,180.67999267578125
1785745620,180.6790008544922,180.6929931640625,180.6649932861328,180.68699645996094
1785745680,180.68499755859375,180.71800231933594,180.68499755859375,180.71099853515625
1785745740,180.7100067138672,180.7310028076172,180.68299865722656,180.68699645996094
1785745800,180.68899536132812,180.71600341796875,180.68499755859375,180.70899963378906
1785745860,180.70899963378906,180.72000122070312,180.7010040283203,180.71800231933594
1785745920,180.71200561523438,180.74200439453125,180.69900512695312,180.7270050048828
1785745980,180.7209930419922,180.73699951171875,180.68899536132812,180.70199584960938
1785746040,180.7030029296875,180.73300170898438,180.7010040283203,180.72500610351562
1785746100,180.7239990234375,180.73800659179688,180.48199462890625,180.58099365234375
1785746160,180.58200073242188,180.69700622558594,180.47000122070312,180.68699645996094
1785746220,180.69900512695312,180.7239990234375,180.6820068359375,180.70700073242188
1785746280,180.70700073242188,180.74200439453125,180.70599365234375,180.7239990234375
1785746340,180.72300720214844,180.7760009765625,180.7050018310547,180.77200317382812
1785746400,180.76800537109375,180.7989959716797,180.73599243164062,180.74099731445312
1785746460,180.74099731445312,180.74899291992188,180.718994140625,180.72999572753906
1785746520,180.72799682617188,180.7779998779297,180.7259979248047,180.7779998779297
1785746580,180.77099609375,180.83099365234375,180.75,180.79200744628906
1785746640,180.79200744628906,180.85000610351562,180.78500366210938,180.84500122070312
1785746700,180.84300231933594,180.86000061035156,180.8280029296875,180.8560028076172
1785746760,180.85000610351562,180.86399841308594,180.8300018310547,180.83799743652344
1785746820,180.843994140625,180.85800170898438,180.8350067138672,180.85400390625
1785746880,180.85499572753906,180.88900756835938,180.83799743652344,180.86399841308594
1785746940,180.86000061035156,180.88099670410156,180.8459930419922,180.85800170898438
1785747000,180.86000061035156,180.86199951171875,180.8280029296875,180.83900451660156
1785747060,180.8350067138672,180.83799743652344,180.8070068359375,180.8179931640625
1785747120,180.8179931640625,180.82400512695312,180.7899932861328,180.7899932861328
1785747180,180.79800415039062,180.8070068359375,180.76499938964844,180.78399658203125
1785747240,180.7830047607422,180.7949981689453,180.75599670410156,180.76100158691406
1785747300,180.76100158691406,180.83399963378906,180.76100158691406,180.8260040283203
1785747360,180.8260040283203,180.8350067138672,180.80799865722656,180.8280029296875
1785747420,180.8280029296875,180.88600158691406,180.8280029296875,180.8730010986328
1785747480,180.8769989013672,180.88400268554688,180.84300231933594,180.85299682617188
1785747540,180.85299682617188,180.89300537109375,180.8520050048828,180.88099670410156
1785747600,180.8800048828125,180.8979949951172,180.84100341796875,180.875
1785747660,180.875,180.8820037841797,180.8560028076172,180.86300659179688
1785747720,180.85800170898438,180.8939971923828,180.85299682617188,180.86300659179688
1785747780,180.8679962158203,180.875,180.83999633789062,180.8520050048828
1785747840,180.8509979248047,180.87600708007812,180.83700561523438,180.83799743652344
1785747900,180.83799743652344,180.85299682617188,180.83099365234375,180.84300231933594
1785747960,180.843994140625,180.86099243164062,180.8090057373047,180.81500244140625
1785748020,180.81199645996094,180.83599853515625,180.80299377441406,180.8300018310547
1785748080,180.82400512695312,180.843994140625,180.8159942626953,180.84300231933594
1785748140,180.8419952392578,180.87600708007812,180.83599853515625,180.8699951171875
1785748200,180.87399291992188,180.92999267578125,180.8699951171875,180.9290008544922
1785748260,180.92799377441406,180.968994140625,180.92300415039062,180.95799255371094
1785748320,180.96299743652344,180.96800231933594,180.91200256347656,180.927001953125
1785748380,180.92999267578125,180.93299865722656,180.875,180.87899780273438
1785748440,180.88400268554688,180.90499877929688,180.8769989013672,180.88999938964844
1785748500,180.88699340820312,180.89199829101562,180.78900146484375,180.79100036621094
1785748560,180.79100036621094,180.83599853515625,180.79100036621094,180.8090057373047
1785748620,180.8090057373047,180.8159942626953,180.76699829101562,180.7740020751953
1785748680,180.7689971923828,180.83799743652344,180.7689971923828,180.83700561523438
1785748740,180.83200073242188,180.83999633789062,180.81300354003906,180.8300018310547
1785748800,180.8280029296875,180.8459930419922,180.82000732421875,180.83399963378906
1785748860,180.83299255371094,180.84100341796875,180.81100463867188,180.8260040283203
1785748920,180.8260040283203,180.84100341796875,180.8070068359375,180.81500244140625
1785748980,180.80999755859375,180.8470001220703,180.8040008544922,180.8280029296875
1785749040,180.8300018310547,180.83599853515625,180.8209991455078,180.82400512695312
1785749100,180.822998046875,180.8780059814453,180.822998046875,180.8719940185547
1785749160,180.86599731445312,180.88299560546875,180.8560028076172,180.8730010986328
1785749220,180.8699951171875,180.89500427246094,180.86199951171875,180.8679962158203
1785749280,180.8679962158203,180.8780059814453,180.8520050048828,180.86599731445312
1785749340,180.8679962158203,180.9149932861328,180.85800170898438,180.9080047607422
1785749400,180.9080047607422,180.9239959716797,180.88999938964844,180.9029998779297
1785749460,180.9029998779297,180.94200134277344,180.8939971923828,180.9340057373047
1785749520,180.9340057373047,180.9669952392578,180.9320068359375,180.9600067138672
1785749580,180.9600067138672,180.9739990234375,180.92599487304688,180.92999267578125
1785749640,180.92999267578125,180.96499633789062,180.9199981689453,180.95700073242188
1785749700,180.95199584960938,181.00900268554688,180.95199584960938,180.96600341796875
1785749760,180.96600341796875,180.97500610351562,180.95599365234375,180.96800231933594
1785749820,180.96800231933594,180.9980010986328,180.96299743652344,180.99200439453125
1785749880,180.98500061035156,180.99899291992188,180.97999572753906,180.98800659179688
1785749940,180.9980010986328,181.02499389648438,180.98599243164062,181.02000427246094
1785750000,181.01600646972656,181.04400634765625,181.0070037841797,181.03500366210938
1785750060,181.04100036621094,181.08299255371094,181.031005859375,181.072998046875
1785750120,181.072998046875,181.12100219726562,181.07200622558594,181.11700439453125
1785750180,181.11000061035156,181.14599609375,181.1009979248047,181.10699462890625
1785750240,181.10699462890625,181.11399841308594,181.08200073242188,181.08200073242188
1785750300,181.08200073242188,181.11000061035156,181.0780029296875,181.10699462890625
1785750360,181.10899353027344,181.1179962158203,181.07899475097656,181.0919952392578
1785750420,181.0989990234375,181.11000061035156,181.06500244140625,181.07200622558594
1785750480,181.0679931640625,181.07699584960938,181.0399932861328,181.04600524902344
1785750540,181.04800415039062,181.0500030517578,180.85299682617188,180.98500061035156
1785750600,180.98500061035156,181.03900146484375,180.98500061035156,181.02699279785156
1785750660,181.02000427246094,181.0260009765625,180.98500061035156,180.9980010986328
1785750720,180.9980010986328,181.01199340820312,180.97300720214844,180.98300170898438
1785750780,180.9770050048828,180.98300170898438,180.89500427246094,180.89599609375
1785750840,180.90199279785156,180.9250030517578,180.8699951171875,180.8800048828125
1785750900,180.8820037841797,180.92799377441406,180.86000061035156,180.8979949951172
1785750960,180.89500427246094,180.94900512695312,180.89500427246094,180.92999267578125
1785751020,180.93800354003906,181.00900268554688,180.92599487304688,180.9980010986328
1785751080,180.9980010986328,181.01300048828125,180.96800231933594,180.9739990234375
1785751140,180.9669952392578,181.0019989013672,180.9550018310547,180.9929962158203
1785751200,181.0,181.00399780273438,180.94500732421875,180.98199462890625
1785751260,180.98500061035156,180.98800659179688,180.96800231933594,180.97000122070312
1785751320,180.97000122070312,180.9759979248047,180.9250030517578,180.927001953125
1785751380,180.927001953125,180.95799255371094,180.9149932861328,180.9499969482422
1785751440,180.94400024414062,180.9709930419922,180.94000244140625,180.96600341796875
1785751500,180.96800231933594,180.99000549316406,180.95399475097656,180.95399475097656
1785751560,180.95399475097656,180.95799255371094,180.9080047607422,180.91400146484375
1785751620,180.9149932861328,180.9219970703125,180.9010009765625,180.90699768066406
1785751680,180.91200256347656,180.91400146484375,180.87100219726562,180.8730010986328
1785751740,180.8719940185547,180.875,180.83299255371094,180.83999633789062
1785751800,180.83999633789062,180.85699462890625,180.81900024414062,180.8459930419922
1785751860,180.8459930419922,180.8769989013672,180.8459930419922,180.86700439453125
1785751920,180.86700439453125,180.8820037841797,180.85299682617188,180.8719940185547
1785751980,180.87399291992188,180.8939971923828,180.84300231933594,180.84300231933594
1785752040,180.84300231933594,180.87399291992188,180.84300231933594,180.85800170898438
1785752100,180.85800170898438,180.87100219726562,180.8419952392578,180.85800170898438
1785752160,180.86399841308594,180.88400268554688,180.8300018310547,180.83399963378906
1785752220,180.83900451660156,180.84800720214844,180.79200744628906,180.8000030517578
1785752280,180.7989959716797,180.8300018310547,180.77699279785156,180.82400512695312
1785752340,180.82400512695312,180.83399963378906,180.76300048828125,180.79100036621094
1785752400,180.78900146484375,180.83399963378906,180.78900146484375,180.8280029296875
1785752460,180.8280029296875,180.83999633789062,180.79400634765625,180.83200073242188
1785752520,180.83200073242188,180.85000610351562,180.8280029296875,180.83700561523438
1785752580,180.83700561523438,180.8780059814453,180.83700561523438,180.86099243164062
1785752640,180.85299682617188,180.875,180.84800720214844,180.86700439453125
1785752700,180.86700439453125,180.87100219726562,180.81500244140625,180.8159942626953
1785752760,180.8159942626953,180.8459930419922,180.8159942626953,180.84100341796875
1785752820,180.84100341796875,180.86000061035156,180.82699584960938,180.8509979248047
1785752880,180.8509979248047,180.86399841308594,180.8260040283203,180.83299255371094
1785752940,180.84100341796875,180.8489990234375,180.82400512695312,180.8280029296875
1785753000,180.8249969482422,180.83599853515625,180.81500244140625,180.81900024414062
1785753060,180.8179931640625,180.822998046875,180.77499389648438,180.78399658203125
1785753120,180.7790069580078,180.79400634765625,180.75599670410156,180.78500366210938
1785753180,180.781005859375,180.7899932861328,180.75599670410156,180.77499389648438
1785753240,180.78199768066406,180.7989959716797,180.7729949951172,180.7830047607422
1785753300,180.78500366210938,180.8179931640625,180.7790069580078,180.80799865722656
1785753360,180.81100463867188,180.8260040283203,180.7949981689453,180.8040008544922
1785753420,180.802001953125,180.80799865722656,180.75900268554688,180.77699279785156
1785753480,180.77099609375,180.78799438476562,180.75599670410156,180.78199768066406
1785753540,180.78700256347656,180.7969970703125,180.76100158691406,180.7760009765625
1785753600,180.7760009765625,180.81700134277344,180.77499389648438,180.81199645996094
1785753660,180.80599975585938,180.822998046875,180.79600524902344,180.81700134277344
1785753720,180.81700134277344,180.82400512695312,180.8090057373047,180.82000732421875
1785753780,180.81399536132812,180.8209991455078,180.80799865722656,180.81100463867188
1785753840,180.81199645996094,180.83999633789062,180.80999755859375,180.822998046875
1785753900,180.822998046875,180.88800048828125,180.81500244140625,180.8769989013672
1785753960,180.8800048828125,180.88499450683594,180.86000061035156,180.87399291992188
1785754020,180.875,180.87899780273438,180.85499572753906,180.85899353027344
1785754080,180.85899353027344,180.86000061035156,180.81900024414062,180.82000732421875
1785754140,180.82400512695312,180.8509979248047,180.81900024414062,180.84300231933594
1785754200,180.84300231933594,180.8470001220703,180.82899475097656,180.8459930419922
1785754260,180.83999633789062,180.86500549316406,180.822998046875,180.822998046875
1785754320,180.8280029296875,180.8350067138672,180.80999755859375,180.81100463867188
1785754380,180.81100463867188,180.8260040283203,180.5399932861328,180.61399841308594
1785754440,180.64500427246094,180.7570037841797,180.6199951171875,180.73300170898438
1785754500,180.73300170898438,180.78900146484375,180.71600341796875,180.76600646972656
1785754560,180.76300048828125,180.7760009765625,180.72300720214844,180.72799682617188
1785754620,180.72799682617188,180.73399353027344,180.7030029296875,180.7209930419922
1785754680,180.72000122070312,180.7209930419922,180.66200256347656,180.66200256347656
1785754740,180.66299438476562,180.7220001220703,180.65699768066406,180.68899536132812
1785754800,180.6929931640625,180.70799255371094,180.67100524902344,180.68800354003906
1785754860,180.68699645996094,180.71499633789062,180.67100524902344,180.6739959716797
1785754920,180.6739959716797,180.72300720214844,180.66700744628906,180.7220001220703
1785754980,180.72500610351562,180.77000427246094,180.7100067138672,180.76400756835938
1785755040,180.76300048828125,180.8040008544922,180.7570037841797,180.77499389648438
1785755100,180.7760009765625,180.78399658203125,180.75,180.75599670410156
1785755160,180.7550048828125,180.7550048828125,180.73300170898438,180.74200439453125
1785755220,180.74200439453125,180.76100158691406,180.7310028076172,180.74000549316406
1785755280,180.74000549316406,180.74600219726562,180.71299743652344,180.72000122070312
1785755340,180.71499633789062,180.73699951171875,180.71299743652344,180.72500610351562
1785755400,180.72500610351562,180.76300048828125,180.72500610351562,180.74000549316406
1785755460,180.74000549316406,180.77999877929688,180.73800659179688,180.7689971923828
1785755520,180.7689971923828,180.77699279785156,180.73599243164062,180.73899841308594
1785755580,180.73599243164062,180.76699829101562,180.73399353027344,180.75399780273438
1785755640,180.75799560546875,180.76199340820312,180.69500732421875,180.69900512695312
1785755700,180.6959991455078,180.70799255371094,180.6719970703125,180.7030029296875
1785755760,180.70399475097656,180.72999572753906,180.6929931640625,180.7259979248047
1785755820,180.7270050048828,180.7449951171875,180.72000122070312,180.72500610351562
1785755880,180.72500610351562,180.75999450683594,180.7220001220703,180.75
1785755940,180.75,180.77499389648438,180.73599243164062,180.76100158691406
1785756000,180.76100158691406,180.8000030517578,180.75999450683594,180.79600524902344
1785756060,180.79100036621094,180.79600524902344,180.74899291992188,180.75799560546875
1785756120,180.75900268554688,180.78500366210938,180.7519989013672,180.7740020751953
1785756180,180.7740020751953,180.78900146484375,180.76199340820312,180.77000427246094
1785756240,180.7729949951172,180.7790069580078,180.7449951171875,180.7729949951172
1785756300,180.7779998779297,180.78199768066406,180.7550048828125,180.77000427246094
1785756360,180.76499938964844,180.77999877929688,180.75799560546875,180.76800537109375
1785756420,180.76800537109375,180.8040008544922,180.76800537109375,180.802001953125
1785756480,180.7989959716797,180.8350067138672,180.7899932861328,180.82200622558594
1785756540,180.82000732421875,180.85000610351562,180.81500244140625,180.8419952392578
1785756600,180.84800720214844,180.85400390625,180.83299255371094,180.84500122070312
1785756660,180.843994140625,180.87600708007812,180.83999633789062,180.8719940185547
1785756720,180.8699951171875,180.89500427246094,180.86599731445312,180.88499450683594
1785756780,180.88499450683594,180.8939971923828,180.84800720214844,180.85800170898438
1785756840,180.85800170898438,180.8730010986328,180.85499572753906,180.8560028076172
1785756900,180.85899353027344,180.86900329589844,180.83999633789062,180.86000061035156
1785756960,180.86399841308594,180.875,180.85000610351562,180.86399841308594
1785757020,180.86300659179688,180.9080047607422,180.85899353027344,180.9029998779297
1785757080,180.8979949951172,180.91400146484375,180.8939971923828,180.90199279785156
1785757140,180.8979949951172,180.9040069580078,180.8820037841797,180.89199829101562
1785757200,180.89199829101562,180.92100524902344,180.88600158691406,180.9199981689453
1785757260,180.91700744628906,180.92300415039062,180.875,180.8780059814453
1785757320,180.8820037841797,180.88299560546875,180.86300659179688,180.8719940185547
1785757380,180.86900329589844,180.8820037841797,180.85800170898438,180.86300659179688
1785757440,180.86199951171875,180.90199279785156,180.86000061035156,180.88099670410156
1785757500,180.88600158691406,180.8979949951172,180.88099670410156,180.88999938964844
1785757560,180.88999938964844,180.89700317382812,180.8719940185547,180.8719940185547
1785757620,180.8719940185547,180.87899780273438,180.86700439453125,180.8730010986328
1785757680,180.87399291992188,180.9080047607422,180.86900329589844,180.9029998779297
1785757740,180.90699768066406,180.91400146484375,180.87399291992188,180.87399291992188
1785757800,180.87399291992188,180.8769989013672,180.5489959716797,180.57000732421875
1785757860,180.58599853515625,180.74099731445312,180.51100158691406,180.72500610351562
1785757920,180.7239990234375,180.78700256347656,180.69000244140625,180.74099731445312
1785757980,180.74400329589844,180.79200744628906,180.7429962158203,180.76100158691406
1785758040,180.7550048828125,180.7740020751953,180.75,180.76699829101562
1785758100,180.76199340820312,180.78399658203125,180.7570037841797,180.7729949951172
1785758160,180.77200317382812,180.78399658203125,180.75900268554688,180.77200317382812
1785758220,180.76800537109375,180.78599548339844,180.71299743652344,180.71499633789062
1785758280,180.7209930419922,180.7239990234375,180.6529998779297,180.66799926757812
1785758340,180.66700744628906,180.69700622558594,180.656005859375,180.66000366210938
1785758400,180.66700744628906,180.697998046875,180.6439971923828,180.65199279785156
1785758460,180.6490020751953,180.72900390625,180.6439971923828,180.71499633789062
1785758520,180.71499633789062,180.73399353027344,180.6999969482422,180.70399475097656
1785758580,180.70399475097656,180.71200561523438,180.63800048828125,180.656005859375
1785758640,180.656005859375,180.68699645996094,180.64599609375,180.6790008544922
1785758700,180.68600463867188,180.72500610351562,180.67999267578125,180.7050018310547
1785758760,180.7050018310547,180.7570037841797,180.7050018310547,180.7570037841797
1785758820,180.75100708007812,180.75799560546875,180.70799255371094,180.71600341796875
1785758880,180.71099853515625,180.76600646972656,180.6999969482422,180.75799560546875
1785758940,180.7530059814453,180.75799560546875,180.72300720214844,180.7239990234375
1785759000,180.7239990234375,180.72799682617188,180.67300415039062,180.677001953125
1785759060,180.6750030517578,180.7239990234375,180.6750030517578,180.6820068359375
1785759120,180.69000244140625,180.697998046875,180.58700561523438,180.60800170898438
1785759180,180.60800170898438,180.67300415039062,180.60699462890625,180.66700744628906
1785759240,180.66600036621094,180.67599487304688,180.5659942626953,180.5919952392578
1785759300,180.5989990234375,180.63499450683594,180.58799743652344,180.6219940185547
1785759360,180.6219940185547,180.68699645996094,180.6179962158203,180.67300415039062
1785759420,180.67799377441406,180.6790008544922,180.62600708007812,180.6439971923828
1785759480,180.6439971923828,180.66099548339844,180.63299560546875,180.6580047607422
1785759540,180.656005859375,180.66000366210938,180.61000061035156,180.62100219726562
1785759600,180.6219940185547,180.63099670410156,180.5989990234375,180.61399841308594
1785759660,180.6179962158203,180.66099548339844,180.61300659179688,180.6300048828125
1785759720,180.6300048828125,180.67799377441406,180.6269989013672,180.67599487304688
1785759780,180.67300415039062,180.68600463867188,180.63699340820312,180.6540069580078
1785759840,180.65499877929688,180.67100524902344,180.61700439453125,180.6219940185547
1785759900,180.6219940185547,180.66600036621094,180.6219940185547,180.66099548339844
1785759960,180.65899658203125,180.68099975585938,180.656005859375,180.656005859375
1785760020,180.656005859375,180.71200561523438,180.65499877929688,180.69500732421875
1785760080,180.69500732421875,180.697998046875,180.65699768066406,180.66200256347656
1785760140,180.66200256347656,180.66799926757812,180.62600708007812,180.66400146484375
1785760200,180.66200256347656,180.6790008544922,180.6510009765625,180.66099548339844
1785760260,180.66200256347656,180.70199584960938,180.65499877929688,180.69400024414062
1785760320,180.68800354003906,180.70199584960938,180.67999267578125,180.6929931640625
1785760380,180.6959991455078,180.75100708007812,180.68600463867188,180.73800659179688
1785760440,180.73899841308594,180.73899841308594,180.71400451660156,180.73300170898438
1785760500,180.7310028076172,180.7469940185547,180.6959991455078,180.73500061035156
1785760560,180.73199462890625,180.7689971923828,180.7220001220703,180.76100158691406
1785760620,180.7550048828125,180.76199340820312,180.72799682617188,180.72799682617188
1785760680,180.72799682617188,180.73399353027344,180.70700073242188,180.7239990234375
1785760740,180.7220001220703,180.74899291992188,180.71099853515625,180.74200439453125
1785760800,180.74000549316406,180.75999450683594,180.73899841308594,180.7570037841797
1785760860,180.75599670410156,180.76199340820312,180.73800659179688,180.74600219726562
1785760920,180.74600219726562,180.78399658203125,180.74600219726562,180.7760009765625
1785760980,180.7760009765625,180.81199645996094,180.77000427246094,180.781005859375
1785761040,180.7779998779297,180.78900146484375,180.77000427246094,180.7729949951172
1785761100,180.7729949951172,180.78900146484375,180.76199340820312,180.76199340820312
1785761160,180.76699829101562,180.76699829101562,180.73500061035156,180.7550048828125
1785761220,180.76199340820312,180.78799438476562,180.75799560546875,180.78399658203125
1785761280,180.78399658203125,180.7949981689453,180.77699279785156,180.78700256347656
1785761340,180.78900146484375,180.79100036621094,180.75799560546875,180.77200317382812
1785761400,180.7729949951172,180.7830047607422,180.74600219726562,180.77499389648438
1785761460,180.7779998779297,180.77999877929688,180.7530059814453,180.7570037841797
1785761520,180.7570037841797,180.77499389648438,180.74000549316406,180.77499389648438
1785761580,180.77099609375,180.79100036621094,180.76499938964844,180.78500366210938
1785761640,180.78199768066406,180.78799438476562,180.73899841308594,180.7689971923828
1785761700,180.76499938964844,180.77499389648438,180.71299743652344,180.71299743652344
1785761760,180.7100067138672,180.72500610351562,180.6929931640625,180.70199584960938
1785761820,180.70399475097656,180.73199462890625,180.6959991455078,180.71600341796875
1785761880,180.7169952392578,180.74200439453125,180.71099853515625,180.74099731445312
1785761940,180.74099731445312,180.77999877929688,180.73500061035156,180.7779998779297
1785762000,180.7779998779297,180.80599975585938,180.74899291992188,180.79100036621094
1785762060,180.7899932861328,180.8249969482422,180.77000427246094,180.7790069580078
1785762120,180.77999877929688,180.8159942626953,180.76400756835938,180.81199645996094
1785762180,180.81300354003906,180.8459930419922,180.81100463867188,180.83900451660156
1785762240,180.83900451660156,180.8509979248047,180.81500244140625,180.8179931640625
1785762300,180.8159942626953,180.8249969482422,180.7830047607422,180.802001953125
1785762360,180.79800415039062,180.83999633789062,180.79100036621094,180.81399536132812
1785762420,180.81399536132812,180.8300018310547,180.7989959716797,180.80499267578125
1785762480,180.8070068359375,180.82699584960938,180.79800415039062,180.8209991455078
1785762540,180.81700134277344,180.8280029296875,180.80499267578125,180.8209991455078
1785762600,180.8260040283203,180.83099365234375,180.80499267578125,180.80499267578125
1785762660,180.80599975585938,180.83700561523438,180.80499267578125,180.82400512695312
1785762720,180.822998046875,180.83099365234375,180.79600524902344,180.7989959716797
1785762780,180.79400634765625,180.79800415039062,180.7449951171875,180.7469940185547
1785762840,180.74600219726562,180.76699829101562,180.73699951171875,180.75999450683594
1785762900,180.76100158691406,180.76400756835938,180.71099853515625,180.71800231933594
1785762960,180.72300720214844,180.7270050048828,180.65499877929688,180.65499877929688
1785763020,180.6580047607422,180.6649932861328,180.58799743652344,180.6230010986328
1785763080,180.6199951171875,180.6280059814453,180.58200073242188,180.58299255371094
1785763140,180.58299255371094,180.58900451660156,180.5,180.50399780273438
1785763200,180.49899291992188,180.50599670410156,180.32200622558594,180.48199462890625
1785763260,180.4530029296875,180.54100036621094,180.4530029296875,180.50599670410156
1785763320,180.50100708007812,180.53199768066406,180.48399353027344,180.48399353027344
1785763380,180.48399353027344,180.50900268554688,180.47000122070312,180.49099731445312
1785763440,180.49099731445312,180.5070037841797,180.4720001220703,180.49899291992188
1785763500,180.49899291992188,180.51800537109375,180.44200134277344,180.4510040283203
1785763560,180.45599365234375,180.48199462890625,180.44200134277344,180.46600341796875
1785763620,180.4669952392578,180.51600646972656,180.46600341796875,180.50399780273438
1785763680,180.5030059814453,180.50599670410156,180.4669952392578,180.48800659179688
1785763740,180.48899841308594,180.49400329589844,180.41600036621094,180.42300415039062
1785763800,180.4239959716797,180.4720001220703,180.4149932861328,180.4499969482422
1785763860,180.4499969482422,180.49600219726562,180.43499755859375,180.47900390625
1785763920,180.47300720214844,180.5019989013672,180.31300354003906,180.3719940185547
1785763980,180.3820037841797,180.42100524902344,180.3520050048828,180.35400390625
1785764040,180.35499572753906,180.38999938964844,180.30599975585938,180.34100341796875
1785764100,180.33999633789062,180.37600708007812,180.3159942626953,180.32200622558594
1785764160,180.3280029296875,180.36599731445312,180.30099487304688,180.30799865722656
1785764220,180.3070068359375,180.33900451660156,180.26300048828125,180.27499389648438
1785764280,180.27099609375,180.3040008544922,180.22799682617188,180.2760009765625
1785764340,180.27699279785156,180.31500244140625,180.26300048828125,180.30299377441406
1785764400,180.30299377441406,180.30599975585938,180.2550048828125,180.28500366210938
1785764460,180.28500366210938,180.28900146484375,180.23199462890625,180.24000549316406
1785764520,180.23699951171875,180.25799560546875,180.17999267578125,180.25100708007812
1785764580,180.25,180.26600646972656,180.23599243164062,180.25
1785764640,180.24600219726562,180.25399780273438,180.2169952392578,180.22799682617188
1785764700,180.22300720214844,180.27999877929688,180.20899963378906,180.24600219726562
1785764760,180.23899841308594,180.3280029296875,180.23899841308594,180.29100036621094
1785764820,180.29100036621094,180.31900024414062,180.2740020751953,180.2790069580078
1785764880,180.2790069580078,180.36300659179688,180.27099609375,180.35699462890625
1785764940,180.35000610351562,180.3800048828125,180.27099609375,180.28799438476562
1785765000,180.28399658203125,180.3350067138672,180.2760009765625,180.30499267578125
1785765060,180.30799865722656,180.34100341796875,180.28900146484375,180.32400512695312
1785765120,180.32400512695312,180.343994140625,180.29200744628906,180.29400634765625
1785765180,180.29400634765625,180.29600524902344,180.2259979248047,180.2530059814453
1785765240,180.25399780273438,180.28500366210938,180.2429962158203,180.25100708007812
1785765300,180.23899841308594,180.25,180.19200134277344,180.23800659179688
1785765360,180.24000549316406,180.29800415039062,180.22999572753906,180.29800415039062
1785765420,180.2969970703125,180.3520050048828,180.28599548339844,180.33099365234375
1785765480,180.3300018310547,180.3939971923828,180.3300018310547,180.3939971923828
1785765540,180.38900756835938,180.40199279785156,180.3070068359375,180.3560028076172
1785765600,180.30499267578125,180.40699768066406,180.25,180.37899780273438
1785765660,180.37899780273438,180.38900756835938,180.28500366210938,180.31900024414062
1785765720,180.32699584960938,180.3520050048828,180.31399536132812,180.33599853515625
1785765780,180.33200073242188,180.3820037841797,180.32699584960938,180.3560028076172
1785765840,180.3560028076172,180.36700439453125,180.30999755859375,180.3249969482422
1785765900,180.32899475097656,180.40199279785156,180.3249969482422,180.4010009765625
1785765960,180.39500427246094,180.4199981689453,180.3769989013672,180.39199829101562
1785766020,180.4010009765625,180.41900634765625,180.36599731445312,180.3679962158203
1785766080,180.3730010986328,180.38600158691406,180.35299682617188,180.35400390625
1785766140,180.35400390625,180.35899353027344,180.28799438476562,180.29200744628906
1785766200,180.2899932861328,180.33900451660156,180.24000549316406,180.33599853515625
1785766260,180.33099365234375,180.3419952392578,180.30799865722656,180.3419952392578
1785766320,180.33399963378906,180.3489990234375,180.31500244140625,180.31700134277344
1785766380,180.31399536132812,180.38400268554688,180.31399536132812,180.36599731445312
1785766440,180.37600708007812,180.37899780273438,180.30499267578125,180.36199951171875
1785766500,180.35499572753906,180.36099243164062,180.29800415039062,180.30799865722656
1785766560,180.3000030517578,180.31700134277344,180.02200317382812,180.21099853515625
1785766620,180.20599365234375,180.25599670410156,180.2030029296875,180.2169952392578
1785766680,180.20899963378906,180.23599243164062,180.13299560546875,180.17100524902344
1785766740,180.16799926757812,180.18499755859375,180.15199279785156,180.1750030517578
1785766800,180.1739959716797,180.22900390625,180.1739959716797,180.2050018310547
1785766860,180.2050018310547,180.22799682617188,180.1909942626953,180.20899963378906
1785766920,180.20899963378906,180.26600646972656,180.20700073242188,180.25399780273438
1785766980,180.2519989013672,180.30599975585938,180.2469940185547,180.302001953125
1785767040,180.29800415039062,180.30499267578125,180.26600646972656,180.27999877929688
1785767100,180.281005859375,180.29200744628906,180.26199340820312,180.28900146484375
1785767160,180.29600524902344,180.32200622558594,180.28599548339844,180.3179931640625
1785767220,180.31100463867188,180.31500244140625,180.28199768066406,180.3040008544922
1785767280,180.302001953125,180.30799865722656,180.27200317382812,180.28599548339844
1785767340,180.281005859375,180.28799438476562,180.2429962158203,180.2480010986328
1785767400,180.2449951171875,180.2519989013672,180.1820068359375,180.18800354003906
1785767460,180.1790008544922,180.22500610351562,180.1750030517578,180.18299865722656
1785767520,180.1820068359375,180.21400451660156,180.16799926757812,180.2100067138672
1785767580,180.2259979248047,180.2480010986328,180.21499633789062,180.23199462890625
1785767640,180.23500061035156,180.25799560546875,180.22500610351562,180.24200439453125
1785767700,180.2480010986328,180.26499938964844,180.23300170898438,180.25100708007812
1785767760,180.2449951171875,180.27200317382812,180.23899841308594,180.2480010986328
1785767820,180.24899291992188,180.2790069580078,180.24899291992188,180.25900268554688
1785767880,180.25599670410156,180.2689971923828,180.2480010986328,180.25399780273438
1785767940,180.25,180.3159942626953,180.24099731445312,180.31399536132812
1785768000,180.30999755859375,180.3209991455078,180.29400634765625,180.30799865722656
1785768060,180.3090057373047,180.31399536132812,180.23399353027344,180.25900268554688
1785768120,180.25999450683594,180.32000732421875,180.23899841308594,180.30799865722656
1785768180,180.30799865722656,180.35400390625,180.29800415039062,180.3520050048828
1785768240,180.34800720214844,180.37600708007812,180.3280029296875,180.36099243164062
1785768300,180.36099243164062,180.38400268554688,180.3300018310547,180.3679962158203
1785768360,180.37399291992188,180.4040069580078,180.36500549316406,180.39199829101562
1785768420,180.38699340820312,180.4459991455078,180.3679962158203,180.427001953125
1785768480,180.43499755859375,180.43800354003906,180.38999938964844,180.39100646972656
1785768540,180.39100646972656,180.41200256347656,180.36500549316406,180.3699951171875
1785768600,180.37100219726562,180.39300537109375,180.34800720214844,180.35499572753906
1785768660,180.3560028076172,180.38400268554688,180.3489990234375,180.35299682617188
1785768720,180.35299682617188,180.36099243164062,180.322998046875,180.33799743652344
1785768780,180.33399963378906,180.3489990234375,180.3159942626953,180.34300231933594
1785768840,180.34300231933594,180.35299682617188,180.32699584960938,180.3419952392578
1785768900,180.34100341796875,180.36000061035156,180.33399963378906,180.3520050048828
1785768960,180.3459930419922,180.35400390625,180.27099609375,180.27999877929688
1785769020,180.28399658203125,180.302001953125,180.1739959716797,180.22999572753906
1785769080,180.21800231933594,180.281005859375,180.21800231933594,180.27000427246094
1785769140,180.2689971923828,180.2899932861328,180.24600219726562,180.2519989013672
1785769200,180.26199340820312,180.29100036621094,180.25399780273438,180.2550048828125
1785769260,180.25599670410156,180.27000427246094,180.23199462890625,180.24600219726562
1785769320,180.25,180.26800537109375,180.21600341796875,180.2429962158203
1785769380,180.24099731445312,180.29400634765625,180.23899841308594,180.2760009765625
1785769440,180.2760009765625,180.29299926757812,180.26400756835938,180.26499938964844
1785769500,180.26499938964844,180.3159942626953,180.25900268554688,180.30999755859375
1785769560,180.30499267578125,180.3249969482422,180.281005859375,180.3179931640625
1785769620,180.31700134277344,180.37899780273438,180.31500244140625,180.35899353027344
1785769680,180.36000061035156,180.38699340820312,180.35400390625,180.3780059814453
1785769740,180.3780059814453,180.38900756835938,180.35000610351562,180.36300659179688
1785769800,180.3679962158203,180.3820037841797,180.3260040283203,180.33299255371094
1785769860,180.33399963378906,180.3459930419922,180.30499267578125,180.3179931640625
1785769920,180.3179931640625,180.3249969482422,180.29200744628906,180.32000732421875
1785769980,180.31100463867188,180.33299255371094,180.2969970703125,180.3040008544922
1785770040,180.3040008544922,180.343994140625,180.3040008544922,180.32400512695312
1785770100,180.3179931640625,180.33399963378906,180.302001953125,180.3159942626953
1785770160,180.3159942626953,180.34800720214844,180.31399536132812,180.33999633789062
1785770220,180.33900451660156,180.3470001220703,180.31100463867188,180.33799743652344
1785770280,180.3350067138672,180.3699951171875,180.3350067138672,180.36599731445312
1785770340,180.3679962158203,180.3780059814453,180.343994140625,180.3719940185547
1785770400,180.3699951171875,180.40699768066406,180.36399841308594,180.38499450683594
1785770460,180.38900756835938,180.40899658203125,180.375,180.39500427246094
1785770520,180.39500427246094,180.41799926757812,180.38800048828125,180.4040069580078
1785770580,180.4040069580078,180.4320068359375,180.39100646972656,180.4290008544922
1785770640,180.4290008544922,180.447998046875,180.4250030517578,180.44500732421875
1785770700,180.44500732421875,180.46499633789062,180.43800354003906,180.447998046875
1785770760,180.43800354003906,180.46499633789062,180.42100524902344,180.4219970703125
1785770820,180.4219970703125,180.43699645996094,180.39599609375,180.40899658203125
1785770880,180.39999389648438,180.41900634765625,180.3780059814453,180.3780059814453
1785770940,180.3780059814453,180.3820037841797,180.35499572753906,180.36500549316406
1785771000,180.35899353027344,180.3679962158203,180.33200073242188,180.3350067138672
1785771060,180.34100341796875,180.3699951171875,180.32000732421875,180.33099365234375
1785771120,180.33599853515625,180.34800720214844,180.31199645996094,180.32400512695312
1785771180,180.3300018310547,180.33999633789062,180.31700134277344,180.33200073242188
1785771240,180.33299255371094,180.33799743652344,180.30499267578125,180.31500244140625
1785771300,180.31500244140625,180.343994140625,180.31399536132812,180.33399963378906
1785771360,180.33299255371094,180.33700561523438,180.2779998779297,180.30599975585938
1785771420,180.30499267578125,180.3249969482422,180.2989959716797,180.31900024414062
1785771480,180.32400512695312,180.36700439453125,180.31900024414062,180.36199951171875
1785771540,180.36599731445312,180.36700439453125,180.34500122070312,180.35800170898438
1785771600,180.35499572753906,180.3800048828125,180.33999633789062,180.3780059814453
1785771660,180.375,180.38299560546875,180.36000061035156,180.3719940185547
1785771720,180.3719940185547,180.39599609375,180.3679962158203,180.39199829101562
1785771780,180.38699340820312,180.41400146484375,180.36500549316406,180.40499877929688
1785771840,180.4080047607422,180.49000549316406,180.3979949951172,180.47300720214844
1785771900,180.48899841308594,180.5189971923828,180.46800231933594,180.50599670410156
1785771960,180.51199340820312,180.54800415039062,180.49400329589844,180.53599548339844
1785772020,180.53799438476562,180.60000610351562,180.53500366210938,180.58700561523438
1785772080,180.59100341796875,180.61900329589844,180.58099365234375,180.5970001220703
1785772140,180.5959930419922,180.60699462890625,180.5590057373047,180.5590057373047
1785772200,180.55999755859375,180.61900329589844,180.55499267578125,180.61199951171875
1785772260,180.61199951171875,180.66200256347656,180.5970001220703,180.6540069580078
1785772320,180.66099548339844,180.677001953125,180.6490020751953,180.65199279785156
1785772380,180.66299438476562,180.677001953125,180.63499450683594,180.6649932861328
1785772440,180.66900634765625,180.6840057373047,180.66000366210938,180.6649932861328
1785772500,180.6649932861328,180.68299865722656,180.63400268554688,180.6479949951172
1785772560,180.64599609375,180.65899658203125,180.63099670410156,180.64100646972656
1785772620,180.64599609375,180.6580047607422,180.63999938964844,180.64500427246094
1785772680,180.6439971923828,180.66299438476562,180.64100646972656,180.65699768066406
1785772740,180.65499877929688,180.66400146484375,180.63900756835938,180.656005859375
1785772800,180.66200256347656,180.66700744628906,180.62899780273438,180.64300537109375
1785772860,180.63699340820312,180.6580047607422,180.63099670410156,180.6439971923828
1785772920,180.6439971923828,180.65699768066406,180.63299560546875,180.64999389648438
1785772980,180.6510009765625,180.6529998779297,180.6320037841797,180.63600158691406
1785773040,180.63800048828125,180.65499877929688,180.6230010986328,180.64300537109375
1785773100,180.63699340820312,180.6439971923828,180.58599853515625,180.59100341796875
1785773160,180.59100341796875,180.5959930419922,180.5399932861328,180.57699584960938
1785773220,180.58599853515625,180.61500549316406,180.57699584960938,180.5989990234375
1785773280,180.6020050048828,180.6179962158203,180.5970001220703,180.61599731445312
1785773340,180.61199951171875,180.64199829101562,180.60499572753906,180.6300048828125
1785773400,180.6300048828125,180.65899658203125,180.6300048828125,180.64100646972656
1785773460,180.63499450683594,180.63900756835938,180.5709991455078,180.5800018310547
1785773520,180.5800018310547,180.5919952392578,180.5590057373047,180.5780029296875
1785773580,180.5780029296875,180.5959930419922,180.56399536132812,180.57000732421875
1785773640,180.57000732421875,180.57699584960938,180.5,180.5050048828125
1785773700,180.5050048828125,180.531005859375,180.48899841308594,180.5070037841797
1785773760,180.51199340820312,180.5189971923828,180.5030059814453,180.50799560546875
1785773820,180.50799560546875,180.50900268554688,180.20599365234375,180.4720001220703
1785773880,180.4669952392578,180.4929962158203,180.44700622558594,180.46600341796875
1785773940,180.4739990234375,180.48300170898438,180.46400451660156,180.4739990234375
1785774000,180.47500610351562,180.50900268554688,180.45700073242188,180.50900268554688
1785774060,180.50799560546875,180.54200744628906,180.4969940185547,180.53599548339844
1785774120,180.5279998779297,180.54299926757812,180.51300048828125,180.52200317382812
1785774180,180.52499389648438,180.52999877929688,180.51199340820312,180.51600646972656
1785774240,180.51699829101562,180.5260009765625,180.5050048828125,180.50799560546875
1785774300,180.5050048828125,180.5240020751953,180.4980010986328,180.5070037841797
1785774360,180.50599670410156,180.50900268554688,180.4720001220703,180.48899841308594
1785774420,180.48800659179688,180.48899841308594,180.447998046875,180.4600067138672
1785774480,180.4600067138672,180.48399353027344,180.44700622558594,180.45399475097656
1785774540,180.4530029296875,180.49400329589844,180.45199584960938,180.49200439453125
1785774600,180.48300170898438,180.51100158691406,180.48300170898438,180.49899291992188
1785774660,180.50599670410156,180.50900268554688,180.47000122070312,180.49899291992188
1785774720,180.49200439453125,180.53900146484375,180.47900390625,180.53199768066406
1785774780,180.5279998779297,180.5399932861328,180.51800537109375,180.53700256347656
1785774840,180.53799438476562,180.5780029296875,180.53599548339844,180.5570068359375
1785774900,180.5540008544922,180.57400512695312,180.54800415039062,180.55799865722656
1785774960,180.56300354003906,180.58399963378906,180.55499267578125,180.572998046875
1785775020,180.5760040283203,180.5959930419922,180.5679931640625,180.58999633789062
1785775080,180.5850067138672,180.60299682617188,180.58399963378906,180.59300231933594
1785775140,180.59500122070312,180.60800170898438,180.56100463867188,180.56500244140625
1785775200,180.5709991455078,180.57200622558594,180.5399932861328,180.5469970703125
1785775260,180.5489959716797,180.55499267578125,180.53599548339844,180.552001953125
1785775320,180.5469970703125,180.5570068359375,180.53500366210938,180.5399932861328
1785775380,180.53900146484375,180.5500030517578,180.51400756835938,180.51400756835938
1785775440,180.52099609375,180.52999877929688,180.51199340820312,180.5240020751953
1785775500,180.52000427246094,180.52999877929688,180.4980010986328,180.51600646972656
1785775560,180.51600646972656,180.52200317382812,180.5070037841797,180.51100158691406
1785775620,180.51100158691406,180.5279998779297,180.50900268554688,180.52000427246094
1785775680,180.52200317382812,180.52699279785156,180.51100158691406,180.51699829101562
1785775740,180.51699829101562,180.52699279785156,180.5030059814453,180.51800537109375
1785775800,180.51600646972656,180.5229949951172,180.5070037841797,180.51499938964844
1785775860,180.51499938964844,180.53500366210938,180.4980010986328,180.51400756835938
1785775920,180.51100158691406,180.54200744628906,180.51100158691406,180.5279998779297
1785775980,180.52999877929688,180.53599548339844,180.52200317382812,180.5330047607422
1785776040,180.53599548339844,180.53599548339844,180.51699829101562,180.52699279785156
1785776100,180.5260009765625,180.5570068359375,180.5260009765625,180.53399658203125
1785776160,180.53900146484375,180.5570068359375,180.52699279785156,180.54200744628906
1785776220,180.5469970703125,180.54800415039062,180.51699829101562,180.52200317382812
1785776280,180.52099609375,180.52699279785156,180.51499938964844,180.52000427246094
1785776340,180.52000427246094,180.5279998779297,180.51300048828125,180.52200317382812
1785776400,180.52099609375,180.5279998779297,180.5030059814453,180.50399780273438
1785776460,180.50799560546875,180.52099609375,180.4929962158203,180.4980010986328
1785776520,180.49400329589844,180.5070037841797,180.48899841308594,180.5030059814453
1785776580,180.5070037841797,180.52999877929688,180.50100708007812,180.52499389648438
1785776640,180.5229949951172,180.5500030517578,180.50999450683594,180.5469970703125
1785776700,180.5489959716797,180.56199645996094,180.5469970703125,180.55599975585938
1785776760,180.552001953125,180.56500244140625,180.54800415039062,180.55799865722656
1785776820,180.56199645996094,180.5679931640625,180.55099487304688,180.5590057373047
1785776880,180.5590057373047,180.5800018310547,180.5540008544922,180.5709991455078
1785776940,180.572998046875,180.5760040283203,180.5540008544922,180.55599975585938
1785777000,180.55599975585938,180.57699584960938,180.552001953125,180.57200622558594
1785777060,180.56900024414062,180.5749969482422,180.54400634765625,180.5500030517578
1785777120,180.5500030517578,180.56500244140625,180.5469970703125,180.552001953125
1785777180,180.552001953125,180.5590057373047,180.52499389648438,180.54299926757812
1785777240,180.54400634765625,180.54800415039062,180.53500366210938,180.5449981689453
1785777300,180.54299926757812,180.55599975585938,180.5399932861328,180.5469970703125
1785777360,180.54600524902344,180.55099487304688,180.53399658203125,180.54200744628906
1785777420,180.53700256347656,180.57699584960938,180.53700256347656,180.57000732421875
1785777480,180.5760040283203,180.5760040283203,180.55599975585938,180.56300354003906
1785777540,180.56100463867188,180.56900024414062,180.5540008544922,180.55799865722656
1785777600,180.55499267578125,180.56900024414062,180.5540008544922,180.56199645996094
1785777660,180.55999755859375,180.56900024414062,180.5570068359375,180.5590057373047
1785777720,180.5590057373047,180.5709991455078,180.55799865722656,180.56100463867188
1785777780,180.56100463867188,180.57899475097656,180.5540008544922,180.57200622558594
1785777840,180.5679931640625,180.58599853515625,180.56300354003906,180.57400512695312
1785777900,180.57699584960938,180.5800018310547,180.5679931640625,180.56900024414062
1785777960,180.57000732421875,180.58299255371094,180.54400634765625,180.55599975585938
1785778020,180.5570068359375,180.5800018310547,180.5570068359375,180.57200622558594
1785778080,180.57200622558594,180.58299255371094,180.57000732421875,180.5760040283203
1785778140,180.5760040283203,180.5800018310547,180.56399536132812,180.56700134277344
1785778200,180.56700134277344,180.58099365234375,180.56399536132812,180.57200622558594
1785778260,180.5709991455078,180.58200073242188,180.56700134277344,180.5679931640625
1785778320,180.5679931640625,180.58399963378906,180.5679931640625,180.56900024414062
1785778380,180.56900024414062,180.593994140625,180.56900024414062,180.59100341796875
1785778440,180.58999633789062,180.58999633789062,180.57899475097656,180.58799743652344
1785778500,180.58299255371094,180.58999633789062,180.57200622558594,180.5760040283203
1785778560,180.5780029296875,180.58999633789062,180.572998046875,180.58200073242188
1785778620,180.58200073242188,180.58999633789062,180.57000732421875,180.58299255371094
1785778680,180.58399963378906,180.58700561523438,180.5749969482422,180.57699584960938
1785778740,180.572998046875,180.61399841308594,180.572998046875,180.6060028076172
1785778800,180.60800170898438,180.61399841308594,180.58299255371094,180.58999633789062
1785778860,180.58900451660156,180.59100341796875,180.50100708007812,180.5260009765625
1785778920,180.5290069580078,180.5659942626953,180.5290069580078,180.55499267578125
1785778980,180.55499267578125,180.56500244140625,180.54400634765625,180.5500030517578
1785779040,180.5489959716797,180.55799865722656,180.53599548339844,180.5570068359375
1785779100,180.55799865722656,180.5749969482422,180.55799865722656,180.57200622558594
1785779160,180.572998046875,180.57400512695312,180.55799865722656,180.5590057373047
1785779220,180.55999755859375,180.56700134277344,180.5449981689453,180.5570068359375
1785779280,180.55299377441406,180.5709991455078,180.54600524902344,180.57000732421875
1785779340,180.56300354003906,180.5749969482422,180.56300354003906,180.56399536132812
1785779400,180.56399536132812,180.58200073242188,180.56399536132812,180.5749969482422
1785779460,180.5749969482422,180.58700561523438,180.56900024414062,180.5800018310547
1785779520,180.5749969482422,180.58700561523438,180.57200622558594,180.5760040283203
1785779580,180.57699584960938,180.58299255371094,180.5570068359375,180.56199645996094
1785779640,180.56199645996094,180.56900024414062,180.55099487304688,180.5590057373047
1785779700,180.552001953125,180.5760040283203,180.5500030517578,180.5709991455078
1785779760,180.56900024414062,180.59100341796875,180.5659942626953,180.58299255371094
1785779820,180.58299255371094,180.59800720214844,180.58099365234375,180.58999633789062
1785779880,180.58999633789062,180.61199951171875,180.58700561523438,180.61199951171875
1785779940,180.61000061035156,180.61599731445312,180.60000610351562,180.6020050048828
1785780000,180.6020050048828,180.62899780273438,180.5970001220703,180.62899780273438
1785780060,180.62899780273438,180.6540069580078,180.625,180.64999389648438
1785780120,180.6510009765625,180.6699981689453,180.6060028076172,180.61900329589844
1785780180,180.61000061035156,180.64999389648438,180.60899353027344,180.64999389648438
1785780240,180.64700317382812,180.6540069580078,180.63800048828125,180.64100646972656
1785780300,180.63699340820312,180.64700317382812,180.60800170898438,180.61599731445312
1785780360,180.61599731445312,180.61900329589844,180.60000610351562,180.60299682617188
1785780420,180.6020050048828,180.61900329589844,180.59500122070312,180.61399841308594
1785780480,180.60899353027344,180.61700439453125,180.5760040283203,180.58399963378906
1785780540,180.57899475097656,180.6009979248047,180.5749969482422,180.58999633789062
1785780600,180.5919952392578,180.6009979248047,180.5679931640625,180.59500122070312
1785780660,180.59500122070312,180.6060028076172,180.5800018310547,180.5850067138672
1785780720,180.5850067138672,180.593994140625,180.5679931640625,180.5760040283203
1785780780,180.5780029296875,180.58200073242188,180.56199645996094,180.56700134277344
1785780840,180.56700134277344,180.5850067138672,180.56399536132812,180.5780029296875
1785780900,180.58299255371094,180.58999633789062,180.57200622558594,180.58799743652344
1785780960,180.5780029296875,180.6009979248047,180.5780029296875,180.58799743652344
1785781020,180.58799743652344,180.59500122070312,180.56500244140625,180.57000732421875
1785781080,180.57000732421875,180.58999633789062,180.56199645996094,180.5709991455078
1785781140,180.5709991455078,180.572998046875,180.5489959716797,180.55499267578125
1785781200,180.55499267578125,180.5709991455078,180.52699279785156,180.5399932861328
1785781260,180.54100036621094,180.57699584960938,180.5399932861328,180.56399536132812
1785781320,180.55999755859375,180.5679931640625,180.5469970703125,180.55599975585938
1785781380,180.5500030517578,180.55799865722656,180.52099609375,180.5229949951172
1785781440,180.5229949951172,180.58099365234375,180.50900268554688,180.56399536132812
1785781500,180.56300354003906,180.56300354003906,180.54200744628906,180.54400634765625
1785781560,180.54400634765625,180.5679931640625,180.54100036621094,180.5590057373047
1785781620,180.55499267578125,180.58700561523438,180.55299377441406,180.5780029296875
1785781680,180.5749969482422,180.58299255371094,180.552001953125,180.56500244140625
1785781740,180.56500244140625,180.58299255371094,180.56300354003906,180.57200622558594
1785781800,180.5780029296875,180.5850067138672,180.55299377441406,180.55799865722656
1785781860,180.5590057373047,180.5679931640625,180.51100158691406,180.53700256347656
1785781920,180.531005859375,180.55999755859375,180.52999877929688,180.5590057373047
1785781980,180.5590057373047,180.5659942626953,180.51499938964844,180.51499938964844
1785782040,180.52699279785156,180.58200073242188,180.51100158691406,180.5749969482422
1785782100,180.5760040283203,180.5800018310547,180.51100158691406,180.54100036621094
1785782160,180.54299926757812,180.55799865722656,180.5330047607422,180.5500030517578
1785782220,180.54800415039062,180.58700561523438,180.5469970703125,180.5679931640625
1785782280,180.56900024414062,180.58200073242188,180.56100463867188,180.56900024414062
1785782340,180.56900024414062,180.58200073242188,180.5540008544922,180.5570068359375
1785782400,180.55999755859375,180.56399536132812,180.5500030517578,180.55599975585938
1785782460,180.55599975585938,180.5760040283203,180.55599975585938,180.56900024414062
1785782520,180.5679931640625,180.57400512695312,180.51800537109375,180.52099609375
1785782580,180.5240020751953,180.5489959716797,180.52200317382812,180.53599548339844
1785782640,180.53599548339844,180.55599975585938,180.5330047607422,180.5469970703125
1785782700,180.5489959716797,180.56199645996094,180.5070037841797,180.5189971923828
1785782760,180.5189971923828,180.54800415039062,180.50999450683594,180.53700256347656
1785782820,180.53700256347656,180.61599731445312,180.53500366210938,180.5970001220703
1785782880,180.5970001220703,180.61399841308594,180.5489959716797,180.56199645996094
1785782940,180.56199645996094,180.56900024414062,180.53500366210938,180.54800415039062
1785783000,180.5489959716797,180.5489959716797,180.51499938964844,180.5229949951172
1785783060,180.5240020751953,180.53199768066406,180.5,180.5189971923828
1785783120,180.51400756835938,180.53199768066406,180.50900268554688,180.51199340820312
1785783180,180.51199340820312,180.53700256347656,180.48800659179688,180.50799560546875
1785783240,180.5030059814453,180.5189971923828,180.4759979248047,180.48500061035156
1785783300,180.48399353027344,180.51800537109375,180.4739990234375,180.4980010986328
1785783360,180.4980010986328,180.5189971923828,180.49200439453125,180.4949951171875
1785783420,180.4949951171875,180.50799560546875,180.47999572753906,180.48500061035156
1785783480,180.49099731445312,180.5,180.4530029296875,180.45799255371094
1785783540,180.46299743652344,180.50799560546875,180.4029998779297,180.5070037841797
1785783600,180.50100708007812,180.53700256347656,180.4759979248047,180.5240020751953
1785783660,180.52200317382812,180.5590057373047,180.52099609375,180.5540008544922
1785783720,180.552001953125,180.56300354003906,180.48599243164062,180.50900268554688
1785783780,180.50999450683594,180.531005859375,180.4969940185547,180.52000427246094
1785783840,180.5189971923828,180.531005859375,180.50399780273438,180.52499389648438
1785783900,180.52699279785156,180.53199768066406,180.50799560546875,180.50999450683594
1785783960,180.50999450683594,180.5399932861328,180.50100708007812,180.53199768066406
1785784020,180.53199768066406,180.54100036621094,180.5260009765625,180.5399932861328
1785784080,180.53500366210938,180.54200744628906,180.51300048828125,180.52699279785156
1785784140,180.53199768066406,180.5469970703125,180.5240020751953,180.54200744628906
1785784200,180.53900146484375,180.55799865722656,180.52999877929688,180.55299377441406
1785784260,180.55799865722656,180.56199645996094,180.5500030517578,180.55099487304688
1785784320,180.55499267578125,180.55999755859375,180.5449981689453,180.5540008544922
1785784380,180.5500030517578,180.58399963378906,180.5449981689453,180.58200073242188
1785784440,180.57699584960938,180.5959930419922,180.56700134277344,180.5749969482422
1785784500,180.5749969482422,180.5970001220703,180.57000732421875,180.58200073242188
1785784560,180.58599853515625,180.5989990234375,180.57699584960938,180.5919952392578
1785784620,180.58900451660156,180.60000610351562,180.5780029296875,180.5780029296875
1785784680,180.58299255371094,180.58299255371094,180.56700134277344,180.57000732421875
1785784740,180.5709991455078,180.5760040283203,180.56300354003906,180.56500244140625
1785784800,180.56500244140625,180.58200073242188,180.56500244140625,180.5749969482422
1785784860,180.5780029296875,180.58200073242188,180.56900024414062,180.57699584960938
1785784920,180.5780029296875,180.593994140625,180.572998046875,180.5919952392578
1785784980,180.593994140625,180.5959930419922,180.58200073242188,180.58299255371094
1785785040,180.58299255371094,180.58999633789062,180.56900024414062,180.56900024414062
1785785100,180.56900024414062,180.5800018310547,180.5590057373047,180.5760040283203
1785785160,180.57200622558594,180.58700561523438,180.57000732421875,180.58599853515625
1785785220,180.58399963378906,180.5989990234375,180.57899475097656,180.593994140625
1785785280,180.593994140625,180.593994140625,180.572998046875,180.5780029296875
1785785340,180.57899475097656,180.58399963378906,180.56399536132812,180.5709991455078
1785785400,180.57200622558594,180.59800720214844,180.5659942626953,180.58599853515625
1785785460,180.58299255371094,180.5989990234375,180.5780029296875,180.593994140625
1785785520,180.58999633789062,180.6199951171875,180.58999633789062,180.61500549316406
1785785580,180.61099243164062,180.6219940185547,180.60499572753906,180.6219940185547
1785785640,180.62100219726562,180.6219940185547,180.60800170898438,180.60899353027344
1785785700,180.60899353027344,180.61599731445312,180.59800720214844,180.6060028076172
1785785760,180.60699462890625,180.61199951171875,180.593994140625,180.6060028076172
1785785820,180.6009979248047,180.61399841308594,180.593994140625,180.60000610351562
1785785880,180.60000610351562,180.61000061035156,180.59500122070312,180.59800720214844
1785785940,180.5970001220703,180.61399841308594,180.5970001220703,180.61000061035156
1785786000,180.61099243164062,180.61500549316406,180.5989990234375,180.6060028076172
1785786060,180.60699462890625,180.6199951171875,180.59800720214844,180.60000610351562
1785786120,180.60000610351562,180.61199951171875,180.59800720214844,180.61099243164062
1785786180,180.61099243164062,180.62899780273438,180.60699462890625,180.61399841308594
1785786240,180.61399841308594,180.6219940185547,180.60299682617188,180.60499572753906
1785786300,180.60800170898438,180.6179962158203,180.60299682617188,180.61000061035156
1785786360,180.61000061035156,180.63699340820312,180.60499572753906,180.63600158691406
1785786420,180.63099670410156,180.656005859375,180.6300048828125,180.64500427246094
1785786480,180.65199279785156,180.6529998779297,180.63499450683594,180.6439971923828
1785786540,180.64999389648438,180.65499877929688,180.63800048828125,180.64599609375
1785786600,180.64599609375,180.6510009765625,180.63499450683594,180.6439971923828
1785786660,180.64500427246094,180.6510009765625,180.63999938964844,180.64700317382812
1785786720,180.63800048828125,180.65199279785156,180.63299560546875,180.63999938964844
1785786780,180.63299560546875,180.65199279785156,180.63299560546875,180.64500427246094
1785786840,180.64599609375,180.64700317382812,180.63400268554688,180.64599609375
1785786900,180.63900756835938,180.64500427246094,180.6199951171875,180.63699340820312
1785786960,180.63400268554688,180.66799926757812,180.63400268554688,180.66400146484375
1785787020,180.66099548339844,180.6719970703125,180.64199829101562,180.64199829101562
1785787080,180.64300537109375,180.65199279785156,180.63299560546875,180.64100646972656
1785787140,180.63800048828125,180.656005859375,180.63800048828125,180.65199279785156
1785787200,180.64700317382812,180.6719970703125,180.64199829101562,180.66200256347656
1785787260,180.65899658203125,180.66400146484375,180.6479949951172,180.65699768066406
1785787320,180.656005859375,180.66400146484375,180.64999389648438,180.65499877929688
1785787380,180.656005859375,180.6750030517578,180.6490020751953,180.6719970703125
1785787440,180.67100524902344,180.67599487304688,180.66400146484375,180.6649932861328
1785787500,180.6649932861328,180.66799926757812,180.656005859375,180.6580047607422
1785787560,180.66200256347656,180.6750030517578,180.65499877929688,180.66799926757812
1785787620,180.66799926757812,180.69900512695312,180.66700744628906,180.69200134277344
1785787680,180.6909942626953,180.71800231933594,180.6840057373047,180.70199584960938
1785787740,180.69700622558594,180.71200561523438,180.6959991455078,180.69700622558594
1785787800,180.69700622558594,180.7270050048828,180.69700622558594,180.7169952392578
1785787860,180.7169952392578,180.7220001220703,180.68600463867188,180.6929931640625
1785787920,180.6929931640625,180.71600341796875,180.6909942626953,180.71600341796875
1785787980,180.70599365234375,180.73300170898438,180.70199584960938,180.72799682617188
1785788040,180.71800231933594,180.73599243164062,180.70899963378906,180.71499633789062
1785788100,180.71499633789062,180.73399353027344,180.70799255371094,180.7169952392578
1785788160,180.72799682617188,180.77200317382812,180.7169952392578,180.75799560546875
1785788220,180.75799560546875,180.76600646972656,180.7449951171875,180.75399780273438
1785788280,180.75399780273438,180.7550048828125,180.74000549316406,180.7480010986328
1785788340,180.7480010986328,180.76300048828125,180.7449951171875,180.75999450683594
1785788400,180.75599670410156,180.76699829101562,180.7480010986328,180.75900268554688
1785788460,180.76400756835938,180.77200317382812,180.7530059814453,180.75399780273438
1785788520,180.76199340820312,180.7760009765625,180.75399780273438,180.7570037841797
1785788580,180.7570037841797,180.7740020751953,180.7530059814453,180.76600646972656
1785788640,180.7689971923828,180.80799865722656,180.5279998779297,180.68299865722656
1785788700,180.65699768066406,180.78799438476562,180.6439971923828,180.7760009765625
1785788760,180.7760009765625,180.8070068359375,180.77499389648438,180.78599548339844
1785788820,180.80099487304688,180.86399841308594,180.78599548339844,180.85800170898438
1785788880,180.86199951171875,180.9080047607422,180.83099365234375,180.87399291992188
1785788940,180.88699340820312,180.9010009765625,180.81700134277344,180.85400390625
1785789000,180.85400390625,180.88400268554688,180.84100341796875,180.86599731445312
1785789060,180.85400390625,180.8820037841797,180.85400390625,180.86099243164062
1785789120,180.86099243164062,180.88499450683594,180.86099243164062,180.87100219726562
1785789180,180.8800048828125,180.8820037841797,180.8419952392578,180.86300659179688
1785789240,180.87399291992188,180.88400268554688,180.86300659179688,180.87399291992188
1785789300,180.86700439453125,180.87399291992188,180.83599853515625,180.83599853515625
1785789360,180.85000610351562,180.8509979248047,180.78500366210938,180.79800415039062
1785789420,180.802001953125,180.80299377441406,180.76499938964844,180.77000427246094
1785789480,180.77000427246094,180.83299255371094,180.76800537109375,180.8159942626953
1785789540,180.8280029296875,180.86099243164062,180.81500244140625,180.8280029296875
1785789600,180.83599853515625,180.83799743652344,180.78700256347656,180.79800415039062
1785789660,180.81500244140625,180.8179931640625,180.78700256347656,180.79800415039062
1785789720,180.79800415039062,180.84500122070312,180.79100036621094,180.8300018310547
1785789780,180.83999633789062,180.8730010986328,180.83200073242188,180.86399841308594
1785789840,180.85699462890625,180.86599731445312,180.8470001220703,180.84800720214844
1785789900,180.84800720214844,180.86700439453125,180.8419952392578,180.8419952392578
1785789960,180.8419952392578,180.87100219726562,180.8419952392578,180.85400390625
1785790020,180.86700439453125,180.9080047607422,180.85400390625,180.89199829101562
1785790080,180.9040069580078,180.9199981689453,180.8800048828125,180.88699340820312
1785790140,180.88699340820312,180.9219970703125,180.88400268554688,180.90499877929688
1785790200,180.90499877929688,180.93299865722656,180.875,180.8780059814453
1785790260,180.8800048828125,180.91600036621094,180.8699951171875,180.88499450683594
1785790320,180.88600158691406,180.9080047607422,180.86099243164062,180.8679962158203
1785790380,180.8679962158203,180.91099548339844,180.86399841308594,180.88600158691406
1785790440,180.906005859375,180.91700744628906,180.8820037841797,180.91600036621094
1785790500,180.88999938964844,180.91900634765625,180.86700439453125,180.8730010986328
1785790560,180.8939971923828,180.8979949951172,180.85499572753906,180.88999938964844
1785790620,180.8730010986328,180.9029998779297,180.85499572753906,180.87100219726562
1785790680,180.8820037841797,180.92799377441406,180.76499938964844,180.87600708007812
1785790740,180.79400634765625,180.93800354003906,180.75999450683594,180.90499877929688
1785790800,180.822998046875,180.9499969482422,180.80599975585938,180.94700622558594
1785790860,180.80499267578125,180.968994140625,180.80499267578125,180.83399963378906
1785790920,180.843994140625,180.9669952392578,180.83399963378906,180.8560028076172
1785790980,180.875,180.94900512695312,180.85899353027344,180.85899353027344
1785791040,180.8769989013672,180.8769989013672,180.85899353027344,180.86000061035156
1785791100,180.86399841308594,180.93899536132812,180.83900451660156,180.927001953125
1785791160,180.92100524902344,180.92300415039062,180.86199951171875,180.86199951171875
1785791220,180.9219970703125,180.93499755859375,180.86599731445312,180.93499755859375
1785791280,180.86599731445312,180.89300537109375,180.86099243164062,180.86099243164062
1785791340,180.86599731445312,180.95599365234375,180.86399841308594,180.95599365234375
1785791400,180.8679962158203,180.91000366210938,180.84800720214844,180.8560028076172
1785791460,180.86500549316406,180.947998046875,180.8560028076172,180.947998046875
1785791520,180.85899353027344,180.91400146484375,180.85000610351562,180.86000061035156
1785791580,180.86099243164062,180.947998046875,180.85499572753906,180.91400146484375
1785791640,180.91600036621094,180.91600036621094,180.8260040283203,180.82699584960938
1785791700,180.8719940185547,180.93699645996094,180.81399536132812,180.91900634765625
1785791760,180.83999633789062,180.9239959716797,180.83999633789062,180.8419952392578
1785791820,180.8419952392578,180.93699645996094,180.83799743652344,180.93699645996094
1785791880,180.84800720214844,180.91700744628906,180.83999633789062,180.8419952392578
1785791940,180.83999633789062,180.94400024414062,180.83999633789062,180.9149932861328
1785792000,180.85400390625,180.91400146484375,180.85400390625,180.8560028076172
1785792060,180.86000061035156,180.94900512695312,180.85800170898438,180.87600708007812
1785792120,180.86000061035156,180.92300415039062,180.8520050048828,180.85400390625
1785792180,180.85499572753906,180.9459991455078,180.85400390625,180.9459991455078
1785792240,180.87399291992188,180.90899658203125,180.85299682617188,180.85400390625
1785792300,180.85400390625,180.927001953125,180.84800720214844,180.87600708007812
1785792360,180.87600708007812,180.90199279785156,180.8509979248047,180.8780059814453
1785792420,180.8509979248047,180.93299865722656,180.8509979248047,180.8699951171875
1785792480,180.87600708007812,180.9199981689453,180.8520050048828,180.85699462890625
1785792540,180.86099243164062,180.93499755859375,180.8560028076172,180.85699462890625
1785792600,180.8560028076172,180.94500732421875,180.85499572753906,180.86099243164062
1785792660,180.87600708007812,180.94500732421875,180.86000061035156,180.94500732421875
1785792720,180.8820037841797,180.93699645996094,180.86300659179688,180.93699645996094
1785792780,180.8800048828125,180.9409942626953,180.8719940185547,180.89199829101562
1785792840,180.8769989013672,180.91200256347656,180.8719940185547,180.88999938964844
1785792900,180.89500427246094,180.94500732421875,180.8730010986328,180.89700317382812
1785792960,180.87899780273438,180.91000366210938,180.86199951171875,180.86399841308594
1785793020,180.87600708007812,180.93499755859375,180.86199951171875,180.86300659179688
1785793080,180.86199951171875,180.91600036621094,180.86099243164062,180.86300659179688
1785793140,180.91200256347656,180.93499755859375,180.86000061035156,180.86500549316406
1785793200,180.86500549316406,180.92799377441406,180.86399841308594,180.9250030517578
1785793260,180.86399841308594,180.92999267578125,180.86000061035156,180.88400268554688
1785793320,180.8820037841797,180.91799926757812,180.86000061035156,180.90499877929688
1785793380,180.86000061035156,180.947998046875,180.85800170898438,180.9040069580078
1785793440,180.8979949951172,180.9219970703125,180.86000061035156,180.87600708007812
1785793500,180.86099243164062,180.94000244140625,180.85499572753906,180.88699340820312
1785793560,180.88699340820312,180.90699768066406,180.87100219726562,180.88600158691406
1785793620,180.88600158691406,180.9429931640625,180.86900329589844,180.86900329589844
1785793680,180.87100219726562,180.94000244140625,180.86700439453125,180.89500427246094
1785793740,180.88400268554688,180.94400024414062,180.86900329589844,180.88800048828125
1785793800,180.89500427246094,180.9219970703125,180.87100219726562,180.91200256347656
1785793860,180.88999938964844,180.9459991455078,180.86300659179688,180.8939971923828
1785793920,180.90699768066406,180.91099548339844,180.86399841308594,180.86900329589844
1785793980,180.91099548339844,180.94000244140625,180.85299682617188,180.94000244140625
1785794040,180.85299682617188,180.91299438476562,180.85299682617188,180.86500549316406
1785794100,180.8719940185547,180.95399475097656,180.8560028076172,180.86000061035156
1785794160,180.85899353027344,180.90199279785156,180.85499572753906,180.86399841308594
1785794220,180.86399841308594,180.9530029296875,180.86300659179688,180.88800048828125
1785794280,180.87100219726562,180.9199981689453,180.86500549316406,180.87100219726562
1785794340,180.87100219726562,180.96400451660156,180.8679962158203,180.89700317382812
