Gateway auf Port 4002 nicht erreichbar, starte C:\Users\janne\IBC\StartGateway.bat ...
Gateway erreichbar nach 18s.
Backfill 2026-02-22 bis 2026-08-24: 131 Handelstage x 1 Symbol(e) = 131 Tagesdateien. Bereits vorhandene werden ohne Request uebersprungen.
[----------] 1/131 GC 2026-02-23: schon vorhanden (0 Requests)
[----------] 2/131 GC 2026-02-24: schon vorhanden (0 Requests)
[----------] 3/131 GC 2026-02-25: schon vorhanden (0 Requests)
[----------] 4/131 GC 2026-02-26: schon vorhanden (0 Requests)
[----------] 5/131 GC 2026-02-27: schon vorhanden (0 Requests)
[----------] 6/131 GC 2026-03-02: schon vorhanden (0 Requests)
[#---------] 7/131 GC 2026-03-03: schon vorhanden (0 Requests)
[#---------] 8/131 GC 2026-03-04: schon vorhanden (0 Requests)
[#---------] 9/131 GC 2026-03-05: schon vorhanden (0 Requests)
[#---------] 10/131 GC 2026-03-06: schon vorhanden (0 Requests)
[#---------] 11/131 GC 2026-03-09: schon vorhanden (0 Requests)
[#---------] 12/131 GC 2026-03-10: schon vorhanden (0 Requests)
[#---------] 13/131 GC 2026-03-11: schon vorhanden (0 Requests)
[#---------] 14/131 GC 2026-03-12: schon vorhanden (0 Requests)
[#---------] 15/131 GC 2026-03-13: schon vorhanden (0 Requests)
[#---------] 16/131 GC 2026-03-16: schon vorhanden (0 Requests)
[#---------] 17/131 GC 2026-03-17: schon vorhanden (0 Requests)
[#---------] 18/131 GC 2026-03-18: schon vorhanden (0 Requests)
[#---------] 19/131 GC 2026-03-19: schon vorhanden (0 Requests)
[##--------] 20/131 GC 2026-03-20: schon vorhanden (0 Requests)
[##--------] 21/131 GC 2026-03-23: schon vorhanden (0 Requests)
[##--------] 22/131 GC 2026-03-24: schon vorhanden (0 Requests)
[##--------] 23/131 GC 2026-03-25: schon vorhanden (0 Requests)
[##--------] 24/131 GC 2026-03-26: schon vorhanden (0 Requests)
[##--------] 25/131 GC 2026-03-27: schon vorhanden (0 Requests)
[##--------] 26/131 GC 2026-03-30: schon vorhanden (0 Requests)
[##--------] 27/131 GC 2026-03-31: schon vorhanden (0 Requests)
[##--------] 28/131 GC 2026-04-01: schon vorhanden (0 Requests)
[##--------] 29/131 GC 2026-04-02: schon vorhanden (0 Requests)
[##--------] 30/131 GC 2026-04-03: schon vorhanden (0 Requests)
[##--------] 31/131 GC 2026-04-06: schon vorhanden (0 Requests)
[##--------] 32/131 GC 2026-04-07: schon vorhanden (0 Requests)
[###-------] 33/131 GC 2026-04-08: schon vorhanden (0 Requests)
[###-------] 34/131 GC 2026-04-09: schon vorhanden (0 Requests)
[###-------] 35/131 GC 2026-04-10: schon vorhanden (0 Requests)
[###-------] 36/131 GC 2026-04-13: schon vorhanden (0 Requests)
[###-------] 37/131 GC 2026-04-14: schon vorhanden (0 Requests)
[###-------] 38/131 GC 2026-04-15: schon vorhanden (0 Requests)
[###-------] 39/131 GC 2026-04-16: schon vorhanden (0 Requests)
[###-------] 40/131 GC 2026-04-17: schon vorhanden (0 Requests)
[###-------] 41/131 GC 2026-04-20: schon vorhanden (0 Requests)
[###-------] 42/131 GC 2026-04-21: schon vorhanden (0 Requests)
[###-------] 43/131 GC 2026-04-22: schon vorhanden (0 Requests)
[###-------] 44/131 GC 2026-04-23: schon vorhanden (0 Requests)
[###-------] 45/131 GC 2026-04-24: schon vorhanden (0 Requests)
[####------] 46/131 GC 2026-04-27: schon vorhanden (0 Requests)
[####------] 47/131 GC 2026-04-28: schon vorhanden (0 Requests)
[####------] 48/131 GC 2026-04-29: schon vorhanden (0 Requests)
[####------] 49/131 GC 2026-04-30: schon vorhanden (0 Requests)
[####------] 50/131 GC 2026-05-01: schon vorhanden (0 Requests)
[####------] 51/131 GC 2026-05-04: schon vorhanden (0 Requests)
[####------] 52/131 GC 2026-05-05: schon vorhanden (0 Requests)
[####------] 53/131 GC 2026-05-06: schon vorhanden (0 Requests)
[####------] 54/131 GC 2026-05-07: schon vorhanden (0 Requests)
[####------] 55/131 GC 2026-05-08: schon vorhanden (0 Requests)
[####------] 56/131 GC 2026-05-11: schon vorhanden (0 Requests)
[####------] 57/131 GC 2026-05-12: schon vorhanden (0 Requests)
[####------] 58/131 GC 2026-05-13: schon vorhanden (0 Requests)
[#####-----] 59/131 GC 2026-05-14: schon vorhanden (0 Requests)
[#####-----] 60/131 GC 2026-05-15: schon vorhanden (0 Requests)
[#####-----] 61/131 GC 2026-05-18: schon vorhanden (0 Requests)
[#####-----] 62/131 GC 2026-05-19: schon vorhanden (0 Requests)
[#####-----] 63/131 GC 2026-05-20: schon vorhanden (0 Requests)
[#####-----] 64/131 GC 2026-05-21: schon vorhanden (0 Requests)
[#####-----] 65/131 GC 2026-05-22: schon vorhanden (0 Requests)
[#####-----] 66/131 GC 2026-05-25: schon vorhanden (0 Requests)
[#####-----] 67/131 GC 2026-05-26: schon vorhanden (0 Requests)
    [----------] 1/46 GC 2026-05-27 22:30 UTC: 1800 Kerzen geholt
    [----------] 2/46 GC 2026-05-27 23:00 UTC: 1800 Kerzen geholt
    [#---------] 3/46 GC 2026-05-27 23:30 UTC: 1800 Kerzen geholt
    [#---------] 4/46 GC 2026-05-27 00:00 UTC: 1800 Kerzen geholt
    [#---------] 5/46 GC 2026-05-27 00:30 UTC: 1800 Kerzen geholt
    [#---------] 6/46 GC 2026-05-27 01:00 UTC: 1800 Kerzen geholt
    [##--------] 7/46 GC 2026-05-27 01:30 UTC: 1800 Kerzen geholt
    [##--------] 8/46 GC 2026-05-27 02:00 UTC: 1800 Kerzen geholt
    [##--------] 9/46 GC 2026-05-27 02:30 UTC: 1800 Kerzen geholt
    [##--------] 10/46 GC 2026-05-27 03:00 UTC: 1800 Kerzen geholt
    [##--------] 11/46 GC 2026-05-27 03:30 UTC: 1800 Kerzen geholt
    [###-------] 12/46 GC 2026-05-27 04:00 UTC: 1800 Kerzen geholt
    [###-------] 13/46 GC 2026-05-27 04:30 UTC: 1800 Kerzen geholt
    [###-------] 14/46 GC 2026-05-27 05:00 UTC: 1800 Kerzen geholt
    [###-------] 15/46 GC 2026-05-27 05:30 UTC: 1800 Kerzen geholt
    [###-------] 16/46 GC 2026-05-27 06:00 UTC: 1800 Kerzen geholt
    [####------] 17/46 GC 2026-05-27 06:30 UTC: 1800 Kerzen geholt
    [####------] 18/46 GC 2026-05-27 07:00 UTC: 1800 Kerzen geholt
    [####------] 19/46 GC 2026-05-27 07:30 UTC: 1800 Kerzen geholt
    [####------] 20/46 GC 2026-05-27 08:00 UTC: 1800 Kerzen geholt
    [#####-----] 21/46 GC 2026-05-27 08:30 UTC: 1800 Kerzen geholt
    [#####-----] 22/46 GC 2026-05-27 09:00 UTC: 1800 Kerzen geholt
    [#####-----] 23/46 GC 2026-05-27 09:30 UTC: 1800 Kerzen geholt
    [#####-----] 24/46 GC 2026-05-27 10:00 UTC: 1800 Kerzen geholt
    [#####-----] 25/46 GC 2026-05-27 10:30 UTC: 1800 Kerzen geholt
    [######----] 26/46 GC 2026-05-27 11:00 UTC: 1800 Kerzen geholt
    [######----] 27/46 GC 2026-05-27 11:30 UTC: 1800 Kerzen geholt
    [######----] 28/46 GC 2026-05-27 12:00 UTC: 1800 Kerzen geholt
    [######----] 29/46 GC 2026-05-27 12:30 UTC: 1800 Kerzen geholt
    [#######---] 30/46 GC 2026-05-27 13:00 UTC: 1800 Kerzen geholt
    [#######---] 31/46 GC 2026-05-27 13:30 UTC: 1800 Kerzen geholt
    [#######---] 32/46 GC 2026-05-27 14:00 UTC: 1800 Kerzen geholt
    [#######---] 33/46 GC 2026-05-27 14:30 UTC: 1800 Kerzen geholt
    [#######---] 34/46 GC 2026-05-27 15:00 UTC: 1800 Kerzen geholt
    [########--] 35/46 GC 2026-05-27 15:30 UTC: 1800 Kerzen geholt
    [########--] 36/46 GC 2026-05-27 16:00 UTC: 1800 Kerzen geholt
    [########--] 37/46 GC 2026-05-27 16:30 UTC: 1800 Kerzen geholt
    [########--] 38/46 GC 2026-05-27 17:00 UTC: 1800 Kerzen geholt
    [########--] 39/46 GC 2026-05-27 17:30 UTC: 1800 Kerzen geholt
    [#########-] 40/46 GC 2026-05-27 18:00 UTC: 1800 Kerzen geholt
    [#########-] 41/46 GC 2026-05-27 18:30 UTC: 1800 Kerzen geholt
    [#########-] 42/46 GC 2026-05-27 19:00 UTC: 1800 Kerzen geholt
    [#########-] 43/46 GC 2026-05-27 19:30 UTC: 1800 Kerzen geholt
    [##########] 44/46 GC 2026-05-27 20:00 UTC: 1800 Kerzen geholt
    [##########] 45/46 GC 2026-05-27 20:30 UTC: 1800 Kerzen geholt
    [##########] 46/46 GC 2026-05-27 21:00 UTC: 1800 Kerzen geholt
[#####-----] 68/131 GC 2026-05-27: geschrieben (82800 Kerzen, 46 Fenster)
    [----------] 1/46 GC 2026-05-28 22:30 UTC: 1800 Kerzen geholt
    [----------] 2/46 GC 2026-05-28 23:00 UTC: 1800 Kerzen geholt
    [#---------] 3/46 GC 2026-05-28 23:30 UTC: 1800 Kerzen geholt
    [#---------] 4/46 GC 2026-05-28 00:00 UTC: 1800 Kerzen geholt
    [#---------] 5/46 GC 2026-05-28 00:30 UTC: 1800 Kerzen geholt
    [#---------] 6/46 GC 2026-05-28 01:00 UTC: 1800 Kerzen geholt
    [##--------] 7/46 GC 2026-05-28 01:30 UTC: 1800 Kerzen geholt
    [##--------] 8/46 GC 2026-05-28 02:00 UTC: 1800 Kerzen geholt
    [##--------] 9/46 GC 2026-05-28 02:30 UTC: 1800 Kerzen geholt
    [##--------] 10/46 GC 2026-05-28 03:00 UTC: 1800 Kerzen geholt
    [##--------] 11/46 GC 2026-05-28 03:30 UTC: 1800 Kerzen geholt
    [###-------] 12/46 GC 2026-05-28 04:00 UTC: 1800 Kerzen geholt
    [###-------] 13/46 GC 2026-05-28 04:30 UTC: 1800 Kerzen geholt
    [###-------] 14/46 GC 2026-05-28 05:00 UTC: 1800 Kerzen geholt
  ! GC Fenster bis 2026-05-28 05:30:00+00:00: Versuch 1/3 fehlgeschlagen ([(162, 'Historical Market Data Service error message:Historical data request pacing violation')])
    [###-------] 15/46 GC 2026-05-28 05:30 UTC: 1800 Kerzen geholt
    [###-------] 16/46 GC 2026-05-28 06:00 UTC: 1800 Kerzen geholt
    [####------] 17/46 GC 2026-05-28 06:30 UTC: 1800 Kerzen geholt
    [####------] 18/46 GC 2026-05-28 07:00 UTC: 1800 Kerzen geholt
    [####------] 19/46 GC 2026-05-28 07:30 UTC: 1800 Kerzen geholt
    [####------] 20/46 GC 2026-05-28 08:00 UTC: 1800 Kerzen geholt
    [#####-----] 21/46 GC 2026-05-28 08:30 UTC: 1800 Kerzen geholt
    [#####-----] 22/46 GC 2026-05-28 09:00 UTC: 1800 Kerzen geholt
    [#####-----] 23/46 GC 2026-05-28 09:30 UTC: 1800 Kerzen geholt
    [#####-----] 24/46 GC 2026-05-28 10:00 UTC: 1800 Kerzen geholt
    [#####-----] 25/46 GC 2026-05-28 10:30 UTC: 1800 Kerzen geholt
    [######----] 26/46 GC 2026-05-28 11:00 UTC: 1800 Kerzen geholt
    [######----] 27/46 GC 2026-05-28 11:30 UTC: 1800 Kerzen geholt
    [######----] 28/46 GC 2026-05-28 12:00 UTC: 1800 Kerzen geholt
    [######----] 29/46 GC 2026-05-28 12:30 UTC: 1800 Kerzen geholt
    [#######---] 30/46 GC 2026-05-28 13:00 UTC: 1800 Kerzen geholt
    [#######---] 31/46 GC 2026-05-28 13:30 UTC: 1800 Kerzen geholt
    [#######---] 32/46 GC 2026-05-28 14:00 UTC: 1800 Kerzen geholt
    [#######---] 33/46 GC 2026-05-28 14:30 UTC: 1800 Kerzen geholt
    [#######---] 34/46 GC 2026-05-28 15:00 UTC: 1800 Kerzen geholt
    [########--] 35/46 GC 2026-05-28 15:30 UTC: 1800 Kerzen geholt
    [########--] 36/46 GC 2026-05-28 16:00 UTC: 1800 Kerzen geholt
    [########--] 37/46 GC 2026-05-28 16:30 UTC: 1800 Kerzen geholt
    [########--] 38/46 GC 2026-05-28 17:00 UTC: 1800 Kerzen geholt
    [########--] 39/46 GC 2026-05-28 17:30 UTC: 1800 Kerzen geholt
    [#########-] 40/46 GC 2026-05-28 18:00 UTC: 1800 Kerzen geholt
    [#########-] 41/46 GC 2026-05-28 18:30 UTC: 1800 Kerzen geholt
    [#########-] 42/46 GC 2026-05-28 19:00 UTC: 1800 Kerzen geholt
    [#########-] 43/46 GC 2026-05-28 19:30 UTC: 1800 Kerzen geholt
    [##########] 44/46 GC 2026-05-28 20:00 UTC: 1800 Kerzen geholt
    [##########] 45/46 GC 2026-05-28 20:30 UTC: 1800 Kerzen geholt
    [##########] 46/46 GC 2026-05-28 21:00 UTC: 1800 Kerzen geholt
[#####-----] 69/131 GC 2026-05-28: geschrieben (82800 Kerzen, 46 Fenster)
    [----------] 1/46 GC 2026-05-29 22:30 UTC: 1800 Kerzen geholt
    [----------] 2/46 GC 2026-05-29 23:00 UTC: 1800 Kerzen geholt
    [#---------] 3/46 GC 2026-05-29 23:30 UTC: 1800 Kerzen geholt
    [#---------] 4/46 GC 2026-05-29 00:00 UTC: 1800 Kerzen geholt
    [#---------] 5/46 GC 2026-05-29 00:30 UTC: 1800 Kerzen geholt
    [#---------] 6/46 GC 2026-05-29 01:00 UTC: 1800 Kerzen geholt
    [##--------] 7/46 GC 2026-05-29 01:30 UTC: 1800 Kerzen geholt
    [##--------] 8/46 GC 2026-05-29 02:00 UTC: 1800 Kerzen geholt
    [##--------] 9/46 GC 2026-05-29 02:30 UTC: 1800 Kerzen geholt
    [##--------] 10/46 GC 2026-05-29 03:00 UTC: 1800 Kerzen geholt
    [##--------] 11/46 GC 2026-05-29 03:30 UTC: 1800 Kerzen geholt
    [###-------] 12/46 GC 2026-05-29 04:00 UTC: 1800 Kerzen geholt
    [###-------] 13/46 GC 2026-05-29 04:30 UTC: 1800 Kerzen geholt
    [###-------] 14/46 GC 2026-05-29 05:00 UTC: 1800 Kerzen geholt
    [###-------] 15/46 GC 2026-05-29 05:30 UTC: 1800 Kerzen geholt
    [###-------] 16/46 GC 2026-05-29 06:00 UTC: 1800 Kerzen geholt
    [####------] 17/46 GC 2026-05-29 06:30 UTC: 1800 Kerzen geholt
    [####------] 18/46 GC 2026-05-29 07:00 UTC: 1800 Kerzen geholt
    [####------] 19/46 GC 2026-05-29 07:30 UTC: 1800 Kerzen geholt
    [####------] 20/46 GC 2026-05-29 08:00 UTC: 1800 Kerzen geholt
    [#####-----] 21/46 GC 2026-05-29 08:30 UTC: 1800 Kerzen geholt
    [#####-----] 22/46 GC 2026-05-29 09:00 UTC: 1800 Kerzen geholt
    [#####-----] 23/46 GC 2026-05-29 09:30 UTC: 1800 Kerzen geholt
    [#####-----] 24/46 GC 2026-05-29 10:00 UTC: 1800 Kerzen geholt
    [#####-----] 25/46 GC 2026-05-29 10:30 UTC: 1800 Kerzen geholt
    [######----] 26/46 GC 2026-05-29 11:00 UTC: 1800 Kerzen geholt
    [######----] 27/46 GC 2026-05-29 11:30 UTC: 1800 Kerzen geholt
    [######----] 28/46 GC 2026-05-29 12:00 UTC: 1800 Kerzen geholt
    [######----] 29/46 GC 2026-05-29 12:30 UTC: 1800 Kerzen geholt
    [#######---] 30/46 GC 2026-05-29 13:00 UTC: 1800 Kerzen geholt
    [#######---] 31/46 GC 2026-05-29 13:30 UTC: 1800 Kerzen geholt
    [#######---] 32/46 GC 2026-05-29 14:00 UTC: 1800 Kerzen geholt
    [#######---] 33/46 GC 2026-05-29 14:30 UTC: 1800 Kerzen geholt
    [#######---] 34/46 GC 2026-05-29 15:00 UTC: 1800 Kerzen geholt
    [########--] 35/46 GC 2026-05-29 15:30 UTC: 1800 Kerzen geholt
    [########--] 36/46 GC 2026-05-29 16:00 UTC: 1800 Kerzen geholt
    [########--] 37/46 GC 2026-05-29 16:30 UTC: 1800 Kerzen geholt
    [########--] 38/46 GC 2026-05-29 17:00 UTC: 1800 Kerzen geholt
    [########--] 39/46 GC 2026-05-29 17:30 UTC: 1800 Kerzen geholt
    [#########-] 40/46 GC 2026-05-29 18:00 UTC: 1800 Kerzen geholt
    [#########-] 41/46 GC 2026-05-29 18:30 UTC: 1800 Kerzen geholt
    [#########-] 42/46 GC 2026-05-29 19:00 UTC: 1800 Kerzen geholt
    [#########-] 43/46 GC 2026-05-29 19:30 UTC: 1800 Kerzen geholt
    [##########] 44/46 GC 2026-05-29 20:00 UTC: 1800 Kerzen geholt
    [##########] 45/46 GC 2026-05-29 20:30 UTC: 1800 Kerzen geholt
    [##########] 46/46 GC 2026-05-29 21:00 UTC: 1800 Kerzen geholt
[#####-----] 70/131 GC 2026-05-29: geschrieben (82800 Kerzen, 46 Fenster)
    [----------] 1/46 GC 2026-06-01 22:30 UTC: 1800 Kerzen geholt
    [----------] 2/46 GC 2026-06-01 23:00 UTC: 1800 Kerzen geholt
    [#---------] 3/46 GC 2026-06-01 23:30 UTC: 1800 Kerzen geholt
    [#---------] 4/46 GC 2026-06-01 00:00 UTC: 1800 Kerzen geholt
    [#---------] 5/46 GC 2026-06-01 00:30 UTC: 1800 Kerzen geholt
    [#---------] 6/46 GC 2026-06-01 01:00 UTC: 1800 Kerzen geholt
    [##--------] 7/46 GC 2026-06-01 01:30 UTC: 1800 Kerzen geholt
    [##--------] 8/46 GC 2026-06-01 02:00 UTC: 1800 Kerzen geholt
    [##--------] 9/46 GC 2026-06-01 02:30 UTC: 1800 Kerzen geholt
    [##--------] 10/46 GC 2026-06-01 03:00 UTC: 1800 Kerzen geholt
    [##--------] 11/46 GC 2026-06-01 03:30 UTC: 1800 Kerzen geholt
    [###-------] 12/46 GC 2026-06-01 04:00 UTC: 1800 Kerzen geholt
    [###-------] 13/46 GC 2026-06-01 04:30 UTC: 1800 Kerzen geholt
    [###-------] 14/46 GC 2026-06-01 05:00 UTC: 1800 Kerzen geholt
    [###-------] 15/46 GC 2026-06-01 05:30 UTC: 1800 Kerzen geholt
    [###-------] 16/46 GC 2026-06-01 06:00 UTC: 1800 Kerzen geholt
    [####------] 17/46 GC 2026-06-01 06:30 UTC: 1800 Kerzen geholt
    [####------] 18/46 GC 2026-06-01 07:00 UTC: 1800 Kerzen geholt
    [####------] 19/46 GC 2026-06-01 07:30 UTC: 1800 Kerzen geholt
    [####------] 20/46 GC 2026-06-01 08:00 UTC: 1800 Kerzen geholt
    [#####-----] 21/46 GC 2026-06-01 08:30 UTC: 1800 Kerzen geholt
    [#####-----] 22/46 GC 2026-06-01 09:00 UTC: 1800 Kerzen geholt
    [#####-----] 23/46 GC 2026-06-01 09:30 UTC: 1800 Kerzen geholt
    [#####-----] 24/46 GC 2026-06-01 10:00 UTC: 1800 Kerzen geholt
    [#####-----] 25/46 GC 2026-06-01 10:30 UTC: 1800 Kerzen geholt
    [######----] 26/46 GC 2026-06-01 11:00 UTC: 1800 Kerzen geholt
    [######----] 27/46 GC 2026-06-01 11:30 UTC: 1800 Kerzen geholt
    [######----] 28/46 GC 2026-06-01 12:00 UTC: 1800 Kerzen geholt
    [######----] 29/46 GC 2026-06-01 12:30 UTC: 1800 Kerzen geholt
    [#######---] 30/46 GC 2026-06-01 13:00 UTC: 1800 Kerzen geholt
    [#######---] 31/46 GC 2026-06-01 13:30 UTC: 1800 Kerzen geholt
    [#######---] 32/46 GC 2026-06-01 14:00 UTC: 1800 Kerzen geholt
    [#######---] 33/46 GC 2026-06-01 14:30 UTC: 1800 Kerzen geholt
    [#######---] 34/46 GC 2026-06-01 15:00 UTC: 1800 Kerzen geholt
    [########--] 35/46 GC 2026-06-01 15:30 UTC: 1800 Kerzen geholt
    [########--] 36/46 GC 2026-06-01 16:00 UTC: 1800 Kerzen geholt
    [########--] 37/46 GC 2026-06-01 16:30 UTC: 1800 Kerzen geholt
    [########--] 38/46 GC 2026-06-01 17:00 UTC: 1800 Kerzen geholt
    [########--] 39/46 GC 2026-06-01 17:30 UTC: 1800 Kerzen geholt
    [#########-] 40/46 GC 2026-06-01 18:00 UTC: 1800 Kerzen geholt
    [#########-] 41/46 GC 2026-06-01 18:30 UTC: 1800 Kerzen geholt
    [#########-] 42/46 GC 2026-06-01 19:00 UTC: 1800 Kerzen geholt
  ! GC Fenster bis 2026-06-01 19:30:00+00:00: Versuch 1/3 fehlgeschlagen ([(162, 'Historical Market Data Service error message:Historical data request pacing violation')])
    [#########-] 43/46 GC 2026-06-01 19:30 UTC: 1800 Kerzen geholt
    [##########] 44/46 GC 2026-06-01 20:00 UTC: 1800 Kerzen geholt
    [##########] 45/46 GC 2026-06-01 20:30 UTC: 1800 Kerzen geholt
    [##########] 46/46 GC 2026-06-01 21:00 UTC: 1800 Kerzen geholt
[#####-----] 71/131 GC 2026-06-01: geschrieben (82800 Kerzen, 46 Fenster)
    [----------] 1/46 GC 2026-06-02 22:30 UTC: 1800 Kerzen geholt
    [----------] 2/46 GC 2026-06-02 23:00 UTC: 1800 Kerzen geholt
    [#---------] 3/46 GC 2026-06-02 23:30 UTC: 1800 Kerzen geholt
    [#---------] 4/46 GC 2026-06-02 00:00 UTC: 1800 Kerzen geholt
    [#---------] 5/46 GC 2026-06-02 00:30 UTC: 1800 Kerzen geholt
    [#---------] 6/46 GC 2026-06-02 01:00 UTC: 1800 Kerzen geholt
    [##--------] 7/46 GC 2026-06-02 01:30 UTC: 1800 Kerzen geholt
    [##--------] 8/46 GC 2026-06-02 02:00 UTC: 1800 Kerzen geholt
    [##--------] 9/46 GC 2026-06-02 02:30 UTC: 1800 Kerzen geholt
    [##--------] 10/46 GC 2026-06-02 03:00 UTC: 1800 Kerzen geholt
    [##--------] 11/46 GC 2026-06-02 03:30 UTC: 1800 Kerzen geholt
    [###-------] 12/46 GC 2026-06-02 04:00 UTC: 1800 Kerzen geholt
    [###-------] 13/46 GC 2026-06-02 04:30 UTC: 1800 Kerzen geholt
    [###-------] 14/46 GC 2026-06-02 05:00 UTC: 1800 Kerzen geholt
    [###-------] 15/46 GC 2026-06-02 05:30 UTC: 1800 Kerzen geholt
    [###-------] 16/46 GC 2026-06-02 06:00 UTC: 1800 Kerzen geholt
    [####------] 17/46 GC 2026-06-02 06:30 UTC: 1800 Kerzen geholt
    [####------] 18/46 GC 2026-06-02 07:00 UTC: 1800 Kerzen geholt
    [####------] 19/46 GC 2026-06-02 07:30 UTC: 1800 Kerzen geholt
    [####------] 20/46 GC 2026-06-02 08:00 UTC: 1800 Kerzen geholt
    [#####-----] 21/46 GC 2026-06-02 08:30 UTC: 1800 Kerzen geholt
    [#####-----] 22/46 GC 2026-06-02 09:00 UTC: 1800 Kerzen geholt
    [#####-----] 23/46 GC 2026-06-02 09:30 UTC: 1800 Kerzen geholt
    [#####-----] 24/46 GC 2026-06-02 10:00 UTC: 1800 Kerzen geholt
    [#####-----] 25/46 GC 2026-06-02 10:30 UTC: 1800 Kerzen geholt
    [######----] 26/46 GC 2026-06-02 11:00 UTC: 1800 Kerzen geholt
    [######----] 27/46 GC 2026-06-02 11:30 UTC: 1800 Kerzen geholt
    [######----] 28/46 GC 2026-06-02 12:00 UTC: 1800 Kerzen geholt
    [######----] 29/46 GC 2026-06-02 12:30 UTC: 1800 Kerzen geholt
    [#######---] 30/46 GC 2026-06-02 13:00 UTC: 1800 Kerzen geholt
    [#######---] 31/46 GC 2026-06-02 13:30 UTC: 1800 Kerzen geholt
    [#######---] 32/46 GC 2026-06-02 14:00 UTC: 1800 Kerzen geholt
    [#######---] 33/46 GC 2026-06-02 14:30 UTC: 1800 Kerzen geholt
    [#######---] 34/46 GC 2026-06-02 15:00 UTC: 1800 Kerzen geholt
    [########--] 35/46 GC 2026-06-02 15:30 UTC: 1800 Kerzen geholt
    [########--] 36/46 GC 2026-06-02 16:00 UTC: 1800 Kerzen geholt
    [########--] 37/46 GC 2026-06-02 16:30 UTC: 1800 Kerzen geholt
    [########--] 38/46 GC 2026-06-02 17:00 UTC: 1800 Kerzen geholt
    [########--] 39/46 GC 2026-06-02 17:30 UTC: 1800 Kerzen geholt
    [#########-] 40/46 GC 2026-06-02 18:00 UTC: 1800 Kerzen geholt
    [#########-] 41/46 GC 2026-06-02 18:30 UTC: 1800 Kerzen geholt
    [#########-] 42/46 GC 2026-06-02 19:00 UTC: 1800 Kerzen geholt
    [#########-] 43/46 GC 2026-06-02 19:30 UTC: 1800 Kerzen geholt
    [##########] 44/46 GC 2026-06-02 20:00 UTC: 1800 Kerzen geholt
    [##########] 45/46 GC 2026-06-02 20:30 UTC: 1800 Kerzen geholt
    [##########] 46/46 GC 2026-06-02 21:00 UTC: 1800 Kerzen geholt
[#####-----] 72/131 GC 2026-06-02: geschrieben (82800 Kerzen, 46 Fenster)
    [----------] 1/46 GC 2026-06-03 22:30 UTC: 1800 Kerzen geholt
    [----------] 2/46 GC 2026-06-03 23:00 UTC: 1800 Kerzen geholt
    [#---------] 3/46 GC 2026-06-03 23:30 UTC: 1800 Kerzen geholt
    [#---------] 4/46 GC 2026-06-03 00:00 UTC: 1800 Kerzen geholt
    [#---------] 5/46 GC 2026-06-03 00:30 UTC: 1800 Kerzen geholt
    [#---------] 6/46 GC 2026-06-03 01:00 UTC: 1800 Kerzen geholt
    [##--------] 7/46 GC 2026-06-03 01:30 UTC: 1800 Kerzen geholt
    [##--------] 8/46 GC 2026-06-03 02:00 UTC: 1800 Kerzen geholt
    [##--------] 9/46 GC 2026-06-03 02:30 UTC: 1800 Kerzen geholt
    [##--------] 10/46 GC 2026-06-03 03:00 UTC: 1800 Kerzen geholt
  ! GC Fenster bis 2026-06-03 03:30:00+00:00: Versuch 1/3 fehlgeschlagen ([(162, 'Historical Market Data Service error message:Historical data request pacing violation')])
    [##--------] 11/46 GC 2026-06-03 03:30 UTC: 1800 Kerzen geholt
    [###-------] 12/46 GC 2026-06-03 04:00 UTC: 1800 Kerzen geholt
    [###-------] 13/46 GC 2026-06-03 04:30 UTC: 1800 Kerzen geholt
    [###-------] 14/46 GC 2026-06-03 05:00 UTC: 1800 Kerzen geholt
    [###-------] 15/46 GC 2026-06-03 05:30 UTC: 1800 Kerzen geholt
    [###-------] 16/46 GC 2026-06-03 06:00 UTC: 1800 Kerzen geholt
    [####------] 17/46 GC 2026-06-03 06:30 UTC: 1800 Kerzen geholt
    [####------] 18/46 GC 2026-06-03 07:00 UTC: 1800 Kerzen geholt
    [####------] 19/46 GC 2026-06-03 07:30 UTC: 1800 Kerzen geholt
    [####------] 20/46 GC 2026-06-03 08:00 UTC: 1800 Kerzen geholt
    [#####-----] 21/46 GC 2026-06-03 08:30 UTC: 1800 Kerzen geholt
    [#####-----] 22/46 GC 2026-06-03 09:00 UTC: 1800 Kerzen geholt
    [#####-----] 23/46 GC 2026-06-03 09:30 UTC: 1800 Kerzen geholt
    [#####-----] 24/46 GC 2026-06-03 10:00 UTC: 1800 Kerzen geholt
    [#####-----] 25/46 GC 2026-06-03 10:30 UTC: 1800 Kerzen geholt
    [######----] 26/46 GC 2026-06-03 11:00 UTC: 1800 Kerzen geholt
    [######----] 27/46 GC 2026-06-03 11:30 UTC: 1800 Kerzen geholt
    [######----] 28/46 GC 2026-06-03 12:00 UTC: 1800 Kerzen geholt
    [######----] 29/46 GC 2026-06-03 12:30 UTC: 1800 Kerzen geholt
    [#######---] 30/46 GC 2026-06-03 13:00 UTC: 1800 Kerzen geholt
    [#######---] 31/46 GC 2026-06-03 13:30 UTC: 1800 Kerzen geholt
    [#######---] 32/46 GC 2026-06-03 14:00 UTC: 1800 Kerzen geholt
    [#######---] 33/46 GC 2026-06-03 14:30 UTC: 1800 Kerzen geholt
    [#######---] 34/46 GC 2026-06-03 15:00 UTC: 1800 Kerzen geholt
    [########--] 35/46 GC 2026-06-03 15:30 UTC: 1800 Kerzen geholt
    [########--] 36/46 GC 2026-06-03 16:00 UTC: 1800 Kerzen geholt
    [########--] 37/46 GC 2026-06-03 16:30 UTC: 1800 Kerzen geholt
    [########--] 38/46 GC 2026-06-03 17:00 UTC: 1800 Kerzen geholt
    [########--] 39/46 GC 2026-06-03 17:30 UTC: 1800 Kerzen geholt
    [#########-] 40/46 GC 2026-06-03 18:00 UTC: 1800 Kerzen geholt
    [#########-] 41/46 GC 2026-06-03 18:30 UTC: 1800 Kerzen geholt
    [#########-] 42/46 GC 2026-06-03 19:00 UTC: 1800 Kerzen geholt
    [#########-] 43/46 GC 2026-06-03 19:30 UTC: 1800 Kerzen geholt
    [##########] 44/46 GC 2026-06-03 20:00 UTC: 1800 Kerzen geholt
    [##########] 45/46 GC 2026-06-03 20:30 UTC: 1800 Kerzen geholt
    [##########] 46/46 GC 2026-06-03 21:00 UTC: 1800 Kerzen geholt
[######----] 73/131 GC 2026-06-03: geschrieben (82800 Kerzen, 46 Fenster)
    [----------] 1/46 GC 2026-06-04 22:30 UTC: 1800 Kerzen geholt
    [----------] 2/46 GC 2026-06-04 23:00 UTC: 1800 Kerzen geholt
    [#---------] 3/46 GC 2026-06-04 23:30 UTC: 1800 Kerzen geholt
    [#---------] 4/46 GC 2026-06-04 00:00 UTC: 1800 Kerzen geholt
    [#---------] 5/46 GC 2026-06-04 00:30 UTC: 1800 Kerzen geholt
    [#---------] 6/46 GC 2026-06-04 01:00 UTC: 1800 Kerzen geholt
    [##--------] 7/46 GC 2026-06-04 01:30 UTC: 1800 Kerzen geholt
    [##--------] 8/46 GC 2026-06-04 02:00 UTC: 1800 Kerzen geholt
    [##--------] 9/46 GC 2026-06-04 02:30 UTC: 1800 Kerzen geholt
    [##--------] 10/46 GC 2026-06-04 03:00 UTC: 1800 Kerzen geholt
    [##--------] 11/46 GC 2026-06-04 03:30 UTC: 1800 Kerzen geholt
    [###-------] 12/46 GC 2026-06-04 04:00 UTC: 1800 Kerzen geholt
    [###-------] 13/46 GC 2026-06-04 04:30 UTC: 1800 Kerzen geholt
    [###-------] 14/46 GC 2026-06-04 05:00 UTC: 1800 Kerzen geholt
    [###-------] 15/46 GC 2026-06-04 05:30 UTC: 1800 Kerzen geholt
    [###-------] 16/46 GC 2026-06-04 06:00 UTC: 1800 Kerzen geholt
    [####------] 17/46 GC 2026-06-04 06:30 UTC: 1800 Kerzen geholt
    [####------] 18/46 GC 2026-06-04 07:00 UTC: 1800 Kerzen geholt
    [####------] 19/46 GC 2026-06-04 07:30 UTC: 1800 Kerzen geholt
    [####------] 20/46 GC 2026-06-04 08:00 UTC: 1800 Kerzen geholt
    [#####-----] 21/46 GC 2026-06-04 08:30 UTC: 1800 Kerzen geholt
    [#####-----] 22/46 GC 2026-06-04 09:00 UTC: 1800 Kerzen geholt
    [#####-----] 23/46 GC 2026-06-04 09:30 UTC: 1800 Kerzen geholt
    [#####-----] 24/46 GC 2026-06-04 10:00 UTC: 1800 Kerzen geholt
    [#####-----] 25/46 GC 2026-06-04 10:30 UTC: 1800 Kerzen geholt
    [######----] 26/46 GC 2026-06-04 11:00 UTC: 1800 Kerzen geholt
    [######----] 27/46 GC 2026-06-04 11:30 UTC: 1800 Kerzen geholt
    [######----] 28/46 GC 2026-06-04 12:00 UTC: 1800 Kerzen geholt
    [######----] 29/46 GC 2026-06-04 12:30 UTC: 1800 Kerzen geholt
    [#######---] 30/46 GC 2026-06-04 13:00 UTC: 1800 Kerzen geholt
    [#######---] 31/46 GC 2026-06-04 13:30 UTC: 1800 Kerzen geholt
    [#######---] 32/46 GC 2026-06-04 14:00 UTC: 1800 Kerzen geholt
    [#######---] 33/46 GC 2026-06-04 14:30 UTC: 1800 Kerzen geholt
    [#######---] 34/46 GC 2026-06-04 15:00 UTC: 1800 Kerzen geholt
    [########--] 35/46 GC 2026-06-04 15:30 UTC: 1800 Kerzen geholt
    [########--] 36/46 GC 2026-06-04 16:00 UTC: 1800 Kerzen geholt
    [########--] 37/46 GC 2026-06-04 16:30 UTC: 1800 Kerzen geholt
    [########--] 38/46 GC 2026-06-04 17:00 UTC: 1800 Kerzen geholt
    [########--] 39/46 GC 2026-06-04 17:30 UTC: 1800 Kerzen geholt
    [#########-] 40/46 GC 2026-06-04 18:00 UTC: 1800 Kerzen geholt
    [#########-] 41/46 GC 2026-06-04 18:30 UTC: 1800 Kerzen geholt
    [#########-] 42/46 GC 2026-06-04 19:00 UTC: 1800 Kerzen geholt
    [#########-] 43/46 GC 2026-06-04 19:30 UTC: 1800 Kerzen geholt
    [##########] 44/46 GC 2026-06-04 20:00 UTC: 1800 Kerzen geholt
    [##########] 45/46 GC 2026-06-04 20:30 UTC: 1800 Kerzen geholt
    [##########] 46/46 GC 2026-06-04 21:00 UTC: 1800 Kerzen geholt
[######----] 74/131 GC 2026-06-04: geschrieben (82800 Kerzen, 46 Fenster)
    [----------] 1/46 GC 2026-06-05 22:30 UTC: 1800 Kerzen geholt
    [----------] 2/46 GC 2026-06-05 23:00 UTC: 1800 Kerzen geholt
    [#---------] 3/46 GC 2026-06-05 23:30 UTC: 1800 Kerzen geholt
    [#---------] 4/46 GC 2026-06-05 00:00 UTC: 1800 Kerzen geholt
    [#---------] 5/46 GC 2026-06-05 00:30 UTC: 1800 Kerzen geholt
    [#---------] 6/46 GC 2026-06-05 01:00 UTC: 1800 Kerzen geholt
    [##--------] 7/46 GC 2026-06-05 01:30 UTC: 1800 Kerzen geholt
    [##--------] 8/46 GC 2026-06-05 02:00 UTC: 1800 Kerzen geholt
    [##--------] 9/46 GC 2026-06-05 02:30 UTC: 1800 Kerzen geholt
    [##--------] 10/46 GC 2026-06-05 03:00 UTC: 1800 Kerzen geholt
    [##--------] 11/46 GC 2026-06-05 03:30 UTC: 1800 Kerzen geholt
    [###-------] 12/46 GC 2026-06-05 04:00 UTC: 1800 Kerzen geholt
    [###-------] 13/46 GC 2026-06-05 04:30 UTC: 1800 Kerzen geholt
    [###-------] 14/46 GC 2026-06-05 05:00 UTC: 1800 Kerzen geholt
    [###-------] 15/46 GC 2026-06-05 05:30 UTC: 1800 Kerzen geholt
    [###-------] 16/46 GC 2026-06-05 06:00 UTC: 1800 Kerzen geholt
    [####------] 17/46 GC 2026-06-05 06:30 UTC: 1800 Kerzen geholt
    [####------] 18/46 GC 2026-06-05 07:00 UTC: 1800 Kerzen geholt
    [####------] 19/46 GC 2026-06-05 07:30 UTC: 1800 Kerzen geholt
    [####------] 20/46 GC 2026-06-05 08:00 UTC: 1800 Kerzen geholt
    [#####-----] 21/46 GC 2026-06-05 08:30 UTC: 1800 Kerzen geholt
    [#####-----] 22/46 GC 2026-06-05 09:00 UTC: 1800 Kerzen geholt
    [#####-----] 23/46 GC 2026-06-05 09:30 UTC: 1800 Kerzen geholt
    [#####-----] 24/46 GC 2026-06-05 10:00 UTC: 1800 Kerzen geholt
    [#####-----] 25/46 GC 2026-06-05 10:30 UTC: 1800 Kerzen geholt
    [######----] 26/46 GC 2026-06-05 11:00 UTC: 1800 Kerzen geholt
    [######----] 27/46 GC 2026-06-05 11:30 UTC: 1800 Kerzen geholt
    [######----] 28/46 GC 2026-06-05 12:00 UTC: 1800 Kerzen geholt
    [######----] 29/46 GC 2026-06-05 12:30 UTC: 1800 Kerzen geholt
    [#######---] 30/46 GC 2026-06-05 13:00 UTC: 1800 Kerzen geholt
    [#######---] 31/46 GC 2026-06-05 13:30 UTC: 1800 Kerzen geholt
    [#######---] 32/46 GC 2026-06-05 14:00 UTC: 1800 Kerzen geholt
    [#######---] 33/46 GC 2026-06-05 14:30 UTC: 1800 Kerzen geholt
    [#######---] 34/46 GC 2026-06-05 15:00 UTC: 1800 Kerzen geholt
    [########--] 35/46 GC 2026-06-05 15:30 UTC: 1800 Kerzen geholt
    [########--] 36/46 GC 2026-06-05 16:00 UTC: 1800 Kerzen geholt
    [########--] 37/46 GC 2026-06-05 16:30 UTC: 1800 Kerzen geholt
    [########--] 38/46 GC 2026-06-05 17:00 UTC: 1800 Kerzen geholt
    [########--] 39/46 GC 2026-06-05 17:30 UTC: 1800 Kerzen geholt
    [#########-] 40/46 GC 2026-06-05 18:00 UTC: 1800 Kerzen geholt
    [#########-] 41/46 GC 2026-06-05 18:30 UTC: 1800 Kerzen geholt
    [#########-] 42/46 GC 2026-06-05 19:00 UTC: 1800 Kerzen geholt
    [#########-] 43/46 GC 2026-06-05 19:30 UTC: 1800 Kerzen geholt
    [##########] 44/46 GC 2026-06-05 20:00 UTC: 1800 Kerzen geholt
    [##########] 45/46 GC 2026-06-05 20:30 UTC: 1800 Kerzen geholt
    [##########] 46/46 GC 2026-06-05 21:00 UTC: 1800 Kerzen geholt
[######----] 75/131 GC 2026-06-05: geschrieben (82800 Kerzen, 46 Fenster)
    [----------] 1/46 GC 2026-06-08 22:30 UTC: 1800 Kerzen geholt
    [----------] 2/46 GC 2026-06-08 23:00 UTC: 1800 Kerzen geholt
    [#---------] 3/46 GC 2026-06-08 23:30 UTC: 1800 Kerzen geholt
    [#---------] 4/46 GC 2026-06-08 00:00 UTC: 1800 Kerzen geholt
    [#---------] 5/46 GC 2026-06-08 00:30 UTC: 1800 Kerzen geholt
    [#---------] 6/46 GC 2026-06-08 01:00 UTC: 1800 Kerzen geholt
    [##--------] 7/46 GC 2026-06-08 01:30 UTC: 1800 Kerzen geholt
    [##--------] 8/46 GC 2026-06-08 02:00 UTC: 1800 Kerzen geholt
    [##--------] 9/46 GC 2026-06-08 02:30 UTC: 1800 Kerzen geholt
    [##--------] 10/46 GC 2026-06-08 03:00 UTC: 1800 Kerzen geholt
    [##--------] 11/46 GC 2026-06-08 03:30 UTC: 1800 Kerzen geholt
    [###-------] 12/46 GC 2026-06-08 04:00 UTC: 1800 Kerzen geholt
    [###-------] 13/46 GC 2026-06-08 04:30 UTC: 1800 Kerzen geholt
    [###-------] 14/46 GC 2026-06-08 05:00 UTC: 1800 Kerzen geholt
    [###-------] 15/46 GC 2026-06-08 05:30 UTC: 1800 Kerzen geholt
    [###-------] 16/46 GC 2026-06-08 06:00 UTC: 1800 Kerzen geholt
    [####------] 17/46 GC 2026-06-08 06:30 UTC: 1800 Kerzen geholt
    [####------] 18/46 GC 2026-06-08 07:00 UTC: 1800 Kerzen geholt
    [####------] 19/46 GC 2026-06-08 07:30 UTC: 1800 Kerzen geholt
    [####------] 20/46 GC 2026-06-08 08:00 UTC: 1800 Kerzen geholt
    [#####-----] 21/46 GC 2026-06-08 08:30 UTC: 1800 Kerzen geholt
    [#####-----] 22/46 GC 2026-06-08 09:00 UTC: 1800 Kerzen geholt
    [#####-----] 23/46 GC 2026-06-08 09:30 UTC: 1800 Kerzen geholt
    [#####-----] 24/46 GC 2026-06-08 10:00 UTC: 1800 Kerzen geholt
    [#####-----] 25/46 GC 2026-06-08 10:30 UTC: 1800 Kerzen geholt
    [######----] 26/46 GC 2026-06-08 11:00 UTC: 1800 Kerzen geholt
    [######----] 27/46 GC 2026-06-08 11:30 UTC: 1800 Kerzen geholt
    [######----] 28/46 GC 2026-06-08 12:00 UTC: 1800 Kerzen geholt
    [######----] 29/46 GC 2026-06-08 12:30 UTC: 1800 Kerzen geholt
    [#######---] 30/46 GC 2026-06-08 13:00 UTC: 1800 Kerzen geholt
    [#######---] 31/46 GC 2026-06-08 13:30 UTC: 1800 Kerzen geholt
    [#######---] 32/46 GC 2026-06-08 14:00 UTC: 1800 Kerzen geholt
    [#######---] 33/46 GC 2026-06-08 14:30 UTC: 1800 Kerzen geholt
    [#######---] 34/46 GC 2026-06-08 15:00 UTC: 1800 Kerzen geholt
    [########--] 35/46 GC 2026-06-08 15:30 UTC: 1800 Kerzen geholt
    [########--] 36/46 GC 2026-06-08 16:00 UTC: 1800 Kerzen geholt
    [########--] 37/46 GC 2026-06-08 16:30 UTC: 1800 Kerzen geholt
    [########--] 38/46 GC 2026-06-08 17:00 UTC: 1800 Kerzen geholt
    [########--] 39/46 GC 2026-06-08 17:30 UTC: 1800 Kerzen geholt
    [#########-] 40/46 GC 2026-06-08 18:00 UTC: 1800 Kerzen geholt
    [#########-] 41/46 GC 2026-06-08 18:30 UTC: 1800 Kerzen geholt
    [#########-] 42/46 GC 2026-06-08 19:00 UTC: 1800 Kerzen geholt
    [#########-] 43/46 GC 2026-06-08 19:30 UTC: 1800 Kerzen geholt
    [##########] 44/46 GC 2026-06-08 20:00 UTC: 1800 Kerzen geholt
    [##########] 45/46 GC 2026-06-08 20:30 UTC: 1800 Kerzen geholt
    [##########] 46/46 GC 2026-06-08 21:00 UTC: 1800 Kerzen geholt
[######----] 76/131 GC 2026-06-08: geschrieben (82800 Kerzen, 46 Fenster)
    [----------] 1/46 GC 2026-06-09 22:30 UTC: 1800 Kerzen geholt
    [----------] 2/46 GC 2026-06-09 23:00 UTC: 1800 Kerzen geholt
    [#---------] 3/46 GC 2026-06-09 23:30 UTC: 1800 Kerzen geholt
    [#---------] 4/46 GC 2026-06-09 00:00 UTC: 1800 Kerzen geholt
    [#---------] 5/46 GC 2026-06-09 00:30 UTC: 1800 Kerzen geholt
    [#---------] 6/46 GC 2026-06-09 01:00 UTC: 1800 Kerzen geholt
    [##--------] 7/46 GC 2026-06-09 01:30 UTC: 1800 Kerzen geholt
    [##--------] 8/46 GC 2026-06-09 02:00 UTC: 1800 Kerzen geholt
    [##--------] 9/46 GC 2026-06-09 02:30 UTC: 1800 Kerzen geholt
    [##--------] 10/46 GC 2026-06-09 03:00 UTC: 1800 Kerzen geholt
    [##--------] 11/46 GC 2026-06-09 03:30 UTC: 1800 Kerzen geholt
    [###-------] 12/46 GC 2026-06-09 04:00 UTC: 1800 Kerzen geholt
    [###-------] 13/46 GC 2026-06-09 04:30 UTC: 1800 Kerzen geholt
    [###-------] 14/46 GC 2026-06-09 05:00 UTC: 1800 Kerzen geholt
    [###-------] 15/46 GC 2026-06-09 05:30 UTC: 1800 Kerzen geholt
    [###-------] 16/46 GC 2026-06-09 06:00 UTC: 1800 Kerzen geholt
    [####------] 17/46 GC 2026-06-09 06:30 UTC: 1800 Kerzen geholt
    [####------] 18/46 GC 2026-06-09 07:00 UTC: 1800 Kerzen geholt
    [####------] 19/46 GC 2026-06-09 07:30 UTC: 1800 Kerzen geholt
    [####------] 20/46 GC 2026-06-09 08:00 UTC: 1800 Kerzen geholt
    [#####-----] 21/46 GC 2026-06-09 08:30 UTC: 1800 Kerzen geholt
    [#####-----] 22/46 GC 2026-06-09 09:00 UTC: 1800 Kerzen geholt
    [#####-----] 23/46 GC 2026-06-09 09:30 UTC: 1800 Kerzen geholt
    [#####-----] 24/46 GC 2026-06-09 10:00 UTC: 1800 Kerzen geholt
    [#####-----] 25/46 GC 2026-06-09 10:30 UTC: 1800 Kerzen geholt
    [######----] 26/46 GC 2026-06-09 11:00 UTC: 1800 Kerzen geholt
    [######----] 27/46 GC 2026-06-09 11:30 UTC: 1800 Kerzen geholt
    [######----] 28/46 GC 2026-06-09 12:00 UTC: 1800 Kerzen geholt
    [######----] 29/46 GC 2026-06-09 12:30 UTC: 1800 Kerzen geholt
    [#######---] 30/46 GC 2026-06-09 13:00 UTC: 1800 Kerzen geholt
    [#######---] 31/46 GC 2026-06-09 13:30 UTC: 1800 Kerzen geholt
    [#######---] 32/46 GC 2026-06-09 14:00 UTC: 1800 Kerzen geholt
    [#######---] 33/46 GC 2026-06-09 14:30 UTC: 1800 Kerzen geholt
    [#######---] 34/46 GC 2026-06-09 15:00 UTC: 1800 Kerzen geholt
    [########--] 35/46 GC 2026-06-09 15:30 UTC: 1800 Kerzen geholt
    [########--] 36/46 GC 2026-06-09 16:00 UTC: 1800 Kerzen geholt
    [########--] 37/46 GC 2026-06-09 16:30 UTC: 1800 Kerzen geholt
    [########--] 38/46 GC 2026-06-09 17:00 UTC: 1800 Kerzen geholt
    [########--] 39/46 GC 2026-06-09 17:30 UTC: 1800 Kerzen geholt
    [#########-] 40/46 GC 2026-06-09 18:00 UTC: 1800 Kerzen geholt
    [#########-] 41/46 GC 2026-06-09 18:30 UTC: 1800 Kerzen geholt
    [#########-] 42/46 GC 2026-06-09 19:00 UTC: 1800 Kerzen geholt
    [#########-] 43/46 GC 2026-06-09 19:30 UTC: 1800 Kerzen geholt
    [##########] 44/46 GC 2026-06-09 20:00 UTC: 1800 Kerzen geholt
    [##########] 45/46 GC 2026-06-09 20:30 UTC: 1800 Kerzen geholt
    [##########] 46/46 GC 2026-06-09 21:00 UTC: 1800 Kerzen geholt
[######----] 77/131 GC 2026-06-09: geschrieben (82800 Kerzen, 46 Fenster)
    [----------] 1/46 GC 2026-06-10 22:30 UTC: 1800 Kerzen geholt
    [----------] 2/46 GC 2026-06-10 23:00 UTC: 1800 Kerzen geholt
    [#---------] 3/46 GC 2026-06-10 23:30 UTC: 1800 Kerzen geholt
    [#---------] 4/46 GC 2026-06-10 00:00 UTC: 1800 Kerzen geholt
    [#---------] 5/46 GC 2026-06-10 00:30 UTC: 1800 Kerzen geholt
    [#---------] 6/46 GC 2026-06-10 01:00 UTC: 1800 Kerzen geholt
    [##--------] 7/46 GC 2026-06-10 01:30 UTC: 1800 Kerzen geholt
    [##--------] 8/46 GC 2026-06-10 02:00 UTC: 1800 Kerzen geholt
    [##--------] 9/46 GC 2026-06-10 02:30 UTC: 1800 Kerzen geholt
    [##--------] 10/46 GC 2026-06-10 03:00 UTC: 1800 Kerzen geholt
    [##--------] 11/46 GC 2026-06-10 03:30 UTC: 1800 Kerzen geholt
    [###-------] 12/46 GC 2026-06-10 04:00 UTC: 1800 Kerzen geholt
    [###-------] 13/46 GC 2026-06-10 04:30 UTC: 0 Kerzen geholt
    [###-------] 14/46 GC 2026-06-10 05:00 UTC: 1800 Kerzen geholt
    [###-------] 15/46 GC 2026-06-10 05:30 UTC: 1800 Kerzen geholt
    [###-------] 16/46 GC 2026-06-10 06:00 UTC: 1800 Kerzen geholt
    [####------] 17/46 GC 2026-06-10 06:30 UTC: 1800 Kerzen geholt
    [####------] 18/46 GC 2026-06-10 07:00 UTC: 1800 Kerzen geholt
    [####------] 19/46 GC 2026-06-10 07:30 UTC: 1800 Kerzen geholt
    [####------] 20/46 GC 2026-06-10 08:00 UTC: 1800 Kerzen geholt
    [#####-----] 21/46 GC 2026-06-10 08:30 UTC: 1800 Kerzen geholt
    [#####-----] 22/46 GC 2026-06-10 09:00 UTC: 1800 Kerzen geholt
    [#####-----] 23/46 GC 2026-06-10 09:30 UTC: 1800 Kerzen geholt
    [#####-----] 24/46 GC 2026-06-10 10:00 UTC: 1800 Kerzen geholt
    [#####-----] 25/46 GC 2026-06-10 10:30 UTC: 1800 Kerzen geholt
    [######----] 26/46 GC 2026-06-10 11:00 UTC: 1800 Kerzen geholt
    [######----] 27/46 GC 2026-06-10 11:30 UTC: 1800 Kerzen geholt
    [######----] 28/46 GC 2026-06-10 12:00 UTC: 1800 Kerzen geholt
    [######----] 29/46 GC 2026-06-10 12:30 UTC: 1800 Kerzen geholt
    [#######---] 30/46 GC 2026-06-10 13:00 UTC: 1800 Kerzen geholt
    [#######---] 31/46 GC 2026-06-10 13:30 UTC: 1800 Kerzen geholt
    [#######---] 32/46 GC 2026-06-10 14:00 UTC: 1800 Kerzen geholt
    [#######---] 33/46 GC 2026-06-10 14:30 UTC: 1800 Kerzen geholt
    [#######---] 34/46 GC 2026-06-10 15:00 UTC: 1800 Kerzen geholt
    [########--] 35/46 GC 2026-06-10 15:30 UTC: 1800 Kerzen geholt
    [########--] 36/46 GC 2026-06-10 16:00 UTC: 1800 Kerzen geholt
    [########--] 37/46 GC 2026-06-10 16:30 UTC: 1800 Kerzen geholt
    [########--] 38/46 GC 2026-06-10 17:00 UTC: 1800 Kerzen geholt
    [########--] 39/46 GC 2026-06-10 17:30 UTC: 1800 Kerzen geholt
    [#########-] 40/46 GC 2026-06-10 18:00 UTC: 1800 Kerzen geholt
    [#########-] 41/46 GC 2026-06-10 18:30 UTC: 1800 Kerzen geholt
    [#########-] 42/46 GC 2026-06-10 19:00 UTC: 1800 Kerzen geholt
    [#########-] 43/46 GC 2026-06-10 19:30 UTC: 1800 Kerzen geholt
    [##########] 44/46 GC 2026-06-10 20:00 UTC: 1800 Kerzen geholt
    [##########] 45/46 GC 2026-06-10 20:30 UTC: 1800 Kerzen geholt
    [##########] 46/46 GC 2026-06-10 21:00 UTC: 1800 Kerzen geholt
[######----] 78/131 GC 2026-06-10: geschrieben (81000 Kerzen, 46 Fenster)
    [----------] 1/46 GC 2026-06-11 22:30 UTC: 1800 Kerzen geholt
    [----------] 2/46 GC 2026-06-11 23:00 UTC: 1800 Kerzen geholt
    [#---------] 3/46 GC 2026-06-11 23:30 UTC: 1800 Kerzen geholt
    [#---------] 4/46 GC 2026-06-11 00:00 UTC: 1800 Kerzen geholt
    [#---------] 5/46 GC 2026-06-11 00:30 UTC: 1800 Kerzen geholt
    [#---------] 6/46 GC 2026-06-11 01:00 UTC: 1800 Kerzen geholt
    [##--------] 7/46 GC 2026-06-11 01:30 UTC: 1800 Kerzen geholt
    [##--------] 8/46 GC 2026-06-11 02:00 UTC: 1800 Kerzen geholt
    [##--------] 9/46 GC 2026-06-11 02:30 UTC: 1800 Kerzen geholt
    [##--------] 10/46 GC 2026-06-11 03:00 UTC: 1800 Kerzen geholt
    [##--------] 11/46 GC 2026-06-11 03:30 UTC: 1800 Kerzen geholt
    [###-------] 12/46 GC 2026-06-11 04:00 UTC: 1800 Kerzen geholt
    [###-------] 13/46 GC 2026-06-11 04:30 UTC: 1800 Kerzen geholt
    [###-------] 14/46 GC 2026-06-11 05:00 UTC: 1800 Kerzen geholt
    [###-------] 15/46 GC 2026-06-11 05:30 UTC: 1800 Kerzen geholt
    [###-------] 16/46 GC 2026-06-11 06:00 UTC: 1800 Kerzen geholt
    [####------] 17/46 GC 2026-06-11 06:30 UTC: 1800 Kerzen geholt
    [####------] 18/46 GC 2026-06-11 07:00 UTC: 1800 Kerzen geholt
    [####------] 19/46 GC 2026-06-11 07:30 UTC: 1800 Kerzen geholt
    [####------] 20/46 GC 2026-06-11 08:00 UTC: 1800 Kerzen geholt
    [#####-----] 21/46 GC 2026-06-11 08:30 UTC: 1800 Kerzen geholt
    [#####-----] 22/46 GC 2026-06-11 09:00 UTC: 1800 Kerzen geholt
    [#####-----] 23/46 GC 2026-06-11 09:30 UTC: 1800 Kerzen geholt
    [#####-----] 24/46 GC 2026-06-11 10:00 UTC: 1800 Kerzen geholt
    [#####-----] 25/46 GC 2026-06-11 10:30 UTC: 1800 Kerzen geholt
    [######----] 26/46 GC 2026-06-11 11:00 UTC: 1800 Kerzen geholt
    [######----] 27/46 GC 2026-06-11 11:30 UTC: 1800 Kerzen geholt
    [######----] 28/46 GC 2026-06-11 12:00 UTC: 1800 Kerzen geholt
    [######----] 29/46 GC 2026-06-11 12:30 UTC: 1800 Kerzen geholt
    [#######---] 30/46 GC 2026-06-11 13:00 UTC: 1800 Kerzen geholt
    [#######---] 31/46 GC 2026-06-11 13:30 UTC: 1800 Kerzen geholt
    [#######---] 32/46 GC 2026-06-11 14:00 UTC: 1800 Kerzen geholt
    [#######---] 33/46 GC 2026-06-11 14:30 UTC: 1800 Kerzen geholt
    [#######---] 34/46 GC 2026-06-11 15:00 UTC: 1800 Kerzen geholt
    [########--] 35/46 GC 2026-06-11 15:30 UTC: 1800 Kerzen geholt
    [########--] 36/46 GC 2026-06-11 16:00 UTC: 1800 Kerzen geholt
    [########--] 37/46 GC 2026-06-11 16:30 UTC: 1800 Kerzen geholt
    [########--] 38/46 GC 2026-06-11 17:00 UTC: 1800 Kerzen geholt
    [########--] 39/46 GC 2026-06-11 17:30 UTC: 1800 Kerzen geholt
    [#########-] 40/46 GC 2026-06-11 18:00 UTC: 1800 Kerzen geholt
    [#########-] 41/46 GC 2026-06-11 18:30 UTC: 1800 Kerzen geholt
    [#########-] 42/46 GC 2026-06-11 19:00 UTC: 1800 Kerzen geholt
    [#########-] 43/46 GC 2026-06-11 19:30 UTC: 1800 Kerzen geholt
    [##########] 44/46 GC 2026-06-11 20:00 UTC: 1800 Kerzen geholt
    [##########] 45/46 GC 2026-06-11 20:30 UTC: 1800 Kerzen geholt
    [##########] 46/46 GC 2026-06-11 21:00 UTC: 1800 Kerzen geholt
[######----] 79/131 GC 2026-06-11: geschrieben (82800 Kerzen, 46 Fenster)
    [----------] 1/46 GC 2026-06-12 22:30 UTC: 1800 Kerzen geholt
    [----------] 2/46 GC 2026-06-12 23:00 UTC: 1800 Kerzen geholt
    [#---------] 3/46 GC 2026-06-12 23:30 UTC: 1800 Kerzen geholt
    [#---------] 4/46 GC 2026-06-12 00:00 UTC: 1800 Kerzen geholt
    [#---------] 5/46 GC 2026-06-12 00:30 UTC: 1800 Kerzen geholt
    [#---------] 6/46 GC 2026-06-12 01:00 UTC: 1800 Kerzen geholt
    [##--------] 7/46 GC 2026-06-12 01:30 UTC: 1800 Kerzen geholt
    [##--------] 8/46 GC 2026-06-12 02:00 UTC: 1800 Kerzen geholt
    [##--------] 9/46 GC 2026-06-12 02:30 UTC: 1800 Kerzen geholt
    [##--------] 10/46 GC 2026-06-12 03:00 UTC: 1800 Kerzen geholt
    [##--------] 11/46 GC 2026-06-12 03:30 UTC: 1800 Kerzen geholt
    [###-------] 12/46 GC 2026-06-12 04:00 UTC: 1800 Kerzen geholt
    [###-------] 13/46 GC 2026-06-12 04:30 UTC: 1800 Kerzen geholt
    [###-------] 14/46 GC 2026-06-12 05:00 UTC: 1800 Kerzen geholt
    [###-------] 15/46 GC 2026-06-12 05:30 UTC: 1800 Kerzen geholt
    [###-------] 16/46 GC 2026-06-12 06:00 UTC: 1800 Kerzen geholt
    [####------] 17/46 GC 2026-06-12 06:30 UTC: 1800 Kerzen geholt
    [####------] 18/46 GC 2026-06-12 07:00 UTC: 1800 Kerzen geholt
    [####------] 19/46 GC 2026-06-12 07:30 UTC: 1800 Kerzen geholt
    [####------] 20/46 GC 2026-06-12 08:00 UTC: 1800 Kerzen geholt
    [#####-----] 21/46 GC 2026-06-12 08:30 UTC: 1800 Kerzen geholt
    [#####-----] 22/46 GC 2026-06-12 09:00 UTC: 1800 Kerzen geholt
    [#####-----] 23/46 GC 2026-06-12 09:30 UTC: 1800 Kerzen geholt
    [#####-----] 24/46 GC 2026-06-12 10:00 UTC: 1800 Kerzen geholt
    [#####-----] 25/46 GC 2026-06-12 10:30 UTC: 1800 Kerzen geholt
    [######----] 26/46 GC 2026-06-12 11:00 UTC: 1800 Kerzen geholt
    [######----] 27/46 GC 2026-06-12 11:30 UTC: 1800 Kerzen geholt
    [######----] 28/46 GC 2026-06-12 12:00 UTC: 1800 Kerzen geholt
    [######----] 29/46 GC 2026-06-12 12:30 UTC: 1800 Kerzen geholt
    [#######---] 30/46 GC 2026-06-12 13:00 UTC: 1800 Kerzen geholt
    [#######---] 31/46 GC 2026-06-12 13:30 UTC: 1800 Kerzen geholt
    [#######---] 32/46 GC 2026-06-12 14:00 UTC: 1800 Kerzen geholt
    [#######---] 33/46 GC 2026-06-12 14:30 UTC: 1800 Kerzen geholt
    [#######---] 34/46 GC 2026-06-12 15:00 UTC: 1800 Kerzen geholt
    [########--] 35/46 GC 2026-06-12 15:30 UTC: 1800 Kerzen geholt
    [########--] 36/46 GC 2026-06-12 16:00 UTC: 1800 Kerzen geholt
    [########--] 37/46 GC 2026-06-12 16:30 UTC: 1800 Kerzen geholt
    [########--] 38/46 GC 2026-06-12 17:00 UTC: 1800 Kerzen geholt
    [########--] 39/46 GC 2026-06-12 17:30 UTC: 1800 Kerzen geholt
    [#########-] 40/46 GC 2026-06-12 18:00 UTC: 1800 Kerzen geholt
    [#########-] 41/46 GC 2026-06-12 18:30 UTC: 1800 Kerzen geholt
    [#########-] 42/46 GC 2026-06-12 19:00 UTC: 1800 Kerzen geholt
    [#########-] 43/46 GC 2026-06-12 19:30 UTC: 1800 Kerzen geholt
    [##########] 44/46 GC 2026-06-12 20:00 UTC: 1800 Kerzen geholt
    [##########] 45/46 GC 2026-06-12 20:30 UTC: 1800 Kerzen geholt
    [##########] 46/46 GC 2026-06-12 21:00 UTC: 1800 Kerzen geholt
[######----] 80/131 GC 2026-06-12: geschrieben (82800 Kerzen, 46 Fenster)
    [----------] 1/46 GC 2026-06-15 22:30 UTC: 1800 Kerzen geholt
    [----------] 2/46 GC 2026-06-15 23:00 UTC: 1800 Kerzen geholt
    [#---------] 3/46 GC 2026-06-15 23:30 UTC: 1800 Kerzen geholt
    [#---------] 4/46 GC 2026-06-15 00:00 UTC: 1800 Kerzen geholt
    [#---------] 5/46 GC 2026-06-15 00:30 UTC: 1800 Kerzen geholt
    [#---------] 6/46 GC 2026-06-15 01:00 UTC: 1800 Kerzen geholt
    [##--------] 7/46 GC 2026-06-15 01:30 UTC: 1800 Kerzen geholt
    [##--------] 8/46 GC 2026-06-15 02:00 UTC: 1800 Kerzen geholt
    [##--------] 9/46 GC 2026-06-15 02:30 UTC: 1800 Kerzen geholt
    [##--------] 10/46 GC 2026-06-15 03:00 UTC: 1800 Kerzen geholt
    [##--------] 11/46 GC 2026-06-15 03:30 UTC: 1800 Kerzen geholt
    [###-------] 12/46 GC 2026-06-15 04:00 UTC: 1800 Kerzen geholt
    [###-------] 13/46 GC 2026-06-15 04:30 UTC: 1800 Kerzen geholt
    [###-------] 14/46 GC 2026-06-15 05:00 UTC: 1800 Kerzen geholt
    [###-------] 15/46 GC 2026-06-15 05:30 UTC: 1800 Kerzen geholt
    [###-------] 16/46 GC 2026-06-15 06:00 UTC: 1800 Kerzen geholt
    [####------] 17/46 GC 2026-06-15 06:30 UTC: 1800 Kerzen geholt
    [####------] 18/46 GC 2026-06-15 07:00 UTC: 1800 Kerzen geholt
    [####------] 19/46 GC 2026-06-15 07:30 UTC: 1800 Kerzen geholt
    [####------] 20/46 GC 2026-06-15 08:00 UTC: 1800 Kerzen geholt
    [#####-----] 21/46 GC 2026-06-15 08:30 UTC: 1800 Kerzen geholt
    [#####-----] 22/46 GC 2026-06-15 09:00 UTC: 1800 Kerzen geholt
    [#####-----] 23/46 GC 2026-06-15 09:30 UTC: 1800 Kerzen geholt
    [#####-----] 24/46 GC 2026-06-15 10:00 UTC: 1800 Kerzen geholt
    [#####-----] 25/46 GC 2026-06-15 10:30 UTC: 1800 Kerzen geholt
    [######----] 26/46 GC 2026-06-15 11:00 UTC: 1800 Kerzen geholt
    [######----] 27/46 GC 2026-06-15 11:30 UTC: 1800 Kerzen geholt
    [######----] 28/46 GC 2026-06-15 12:00 UTC: 1800 Kerzen geholt
    [######----] 29/46 GC 2026-06-15 12:30 UTC: 1800 Kerzen geholt
    [#######---] 30/46 GC 2026-06-15 13:00 UTC: 1800 Kerzen geholt
    [#######---] 31/46 GC 2026-06-15 13:30 UTC: 1800 Kerzen geholt
    [#######---] 32/46 GC 2026-06-15 14:00 UTC: 1800 Kerzen geholt
    [#######---] 33/46 GC 2026-06-15 14:30 UTC: 1800 Kerzen geholt
    [#######---] 34/46 GC 2026-06-15 15:00 UTC: 1800 Kerzen geholt
    [########--] 35/46 GC 2026-06-15 15:30 UTC: 1800 Kerzen geholt
    [########--] 36/46 GC 2026-06-15 16:00 UTC: 1800 Kerzen geholt
    [########--] 37/46 GC 2026-06-15 16:30 UTC: 1800 Kerzen geholt
    [########--] 38/46 GC 2026-06-15 17:00 UTC: 1800 Kerzen geholt
    [########--] 39/46 GC 2026-06-15 17:30 UTC: 1800 Kerzen geholt
    [#########-] 40/46 GC 2026-06-15 18:00 UTC: 1800 Kerzen geholt
    [#########-] 41/46 GC 2026-06-15 18:30 UTC: 1800 Kerzen geholt
    [#########-] 42/46 GC 2026-06-15 19:00 UTC: 1800 Kerzen geholt
    [#########-] 43/46 GC 2026-06-15 19:30 UTC: 1800 Kerzen geholt
    [##########] 44/46 GC 2026-06-15 20:00 UTC: 1800 Kerzen geholt
    [##########] 45/46 GC 2026-06-15 20:30 UTC: 1800 Kerzen geholt
    [##########] 46/46 GC 2026-06-15 21:00 UTC: 1800 Kerzen geholt
[######----] 81/131 GC 2026-06-15: geschrieben (82800 Kerzen, 46 Fenster)
    [----------] 1/46 GC 2026-06-16 22:30 UTC: 1800 Kerzen geholt
    [----------] 2/46 GC 2026-06-16 23:00 UTC: 1800 Kerzen geholt
    [#---------] 3/46 GC 2026-06-16 23:30 UTC: 1800 Kerzen geholt
    [#---------] 4/46 GC 2026-06-16 00:00 UTC: 1800 Kerzen geholt
    [#---------] 5/46 GC 2026-06-16 00:30 UTC: 1800 Kerzen geholt
    [#---------] 6/46 GC 2026-06-16 01:00 UTC: 1800 Kerzen geholt
    [##--------] 7/46 GC 2026-06-16 01:30 UTC: 1800 Kerzen geholt
    [##--------] 8/46 GC 2026-06-16 02:00 UTC: 1800 Kerzen geholt
    [##--------] 9/46 GC 2026-06-16 02:30 UTC: 1800 Kerzen geholt
    [##--------] 10/46 GC 2026-06-16 03:00 UTC: 1800 Kerzen geholt
    [##--------] 11/46 GC 2026-06-16 03:30 UTC: 1800 Kerzen geholt
    [###-------] 12/46 GC 2026-06-16 04:00 UTC: 1800 Kerzen geholt
    [###-------] 13/46 GC 2026-06-16 04:30 UTC: 1800 Kerzen geholt
    [###-------] 14/46 GC 2026-06-16 05:00 UTC: 1800 Kerzen geholt
    [###-------] 15/46 GC 2026-06-16 05:30 UTC: 1800 Kerzen geholt
    [###-------] 16/46 GC 2026-06-16 06:00 UTC: 1800 Kerzen geholt
    [####------] 17/46 GC 2026-06-16 06:30 UTC: 1800 Kerzen geholt
    [####------] 18/46 GC 2026-06-16 07:00 UTC: 1800 Kerzen geholt
    [####------] 19/46 GC 2026-06-16 07:30 UTC: 1800 Kerzen geholt
    [####------] 20/46 GC 2026-06-16 08:00 UTC: 1800 Kerzen geholt
    [#####-----] 21/46 GC 2026-06-16 08:30 UTC: 1800 Kerzen geholt
    [#####-----] 22/46 GC 2026-06-16 09:00 UTC: 1800 Kerzen geholt
    [#####-----] 23/46 GC 2026-06-16 09:30 UTC: 1800 Kerzen geholt
    [#####-----] 24/46 GC 2026-06-16 10:00 UTC: 1800 Kerzen geholt
    [#####-----] 25/46 GC 2026-06-16 10:30 UTC: 1800 Kerzen geholt
    [######----] 26/46 GC 2026-06-16 11:00 UTC: 1800 Kerzen geholt
    [######----] 27/46 GC 2026-06-16 11:30 UTC: 1800 Kerzen geholt
    [######----] 28/46 GC 2026-06-16 12:00 UTC: 1800 Kerzen geholt
    [######----] 29/46 GC 2026-06-16 12:30 UTC: 1800 Kerzen geholt
    [#######---] 30/46 GC 2026-06-16 13:00 UTC: 1800 Kerzen geholt
    [#######---] 31/46 GC 2026-06-16 13:30 UTC: 1800 Kerzen geholt
    [#######---] 32/46 GC 2026-06-16 14:00 UTC: 1800 Kerzen geholt
    [#######---] 33/46 GC 2026-06-16 14:30 UTC: 1800 Kerzen geholt
    [#######---] 34/46 GC 2026-06-16 15:00 UTC: 1800 Kerzen geholt
    [########--] 35/46 GC 2026-06-16 15:30 UTC: 1800 Kerzen geholt
    [########--] 36/46 GC 2026-06-16 16:00 UTC: 1800 Kerzen geholt
    [########--] 37/46 GC 2026-06-16 16:30 UTC: 1800 Kerzen geholt
    [########--] 38/46 GC 2026-06-16 17:00 UTC: 1800 Kerzen geholt
    [########--] 39/46 GC 2026-06-16 17:30 UTC: 1800 Kerzen geholt
    [#########-] 40/46 GC 2026-06-16 18:00 UTC: 1800 Kerzen geholt
    [#########-] 41/46 GC 2026-06-16 18:30 UTC: 1800 Kerzen geholt
    [#########-] 42/46 GC 2026-06-16 19:00 UTC: 1800 Kerzen geholt
    [#########-] 43/46 GC 2026-06-16 19:30 UTC: 1800 Kerzen geholt
    [##########] 44/46 GC 2026-06-16 20:00 UTC: 1800 Kerzen geholt
    [##########] 45/46 GC 2026-06-16 20:30 UTC: 1800 Kerzen geholt
    [##########] 46/46 GC 2026-06-16 21:00 UTC: 1800 Kerzen geholt
[######----] 82/131 GC 2026-06-16: geschrieben (82800 Kerzen, 46 Fenster)
    [----------] 1/46 GC 2026-06-17 22:30 UTC: 1800 Kerzen geholt
    [----------] 2/46 GC 2026-06-17 23:00 UTC: 1800 Kerzen geholt
    [#---------] 3/46 GC 2026-06-17 23:30 UTC: 1800 Kerzen geholt
    [#---------] 4/46 GC 2026-06-17 00:00 UTC: 1800 Kerzen geholt
    [#---------] 5/46 GC 2026-06-17 00:30 UTC: 1800 Kerzen geholt
    [#---------] 6/46 GC 2026-06-17 01:00 UTC: 1800 Kerzen geholt
    [##--------] 7/46 GC 2026-06-17 01:30 UTC: 1800 Kerzen geholt
    [##--------] 8/46 GC 2026-06-17 02:00 UTC: 1800 Kerzen geholt
    [##--------] 9/46 GC 2026-06-17 02:30 UTC: 1800 Kerzen geholt
    [##--------] 10/46 GC 2026-06-17 03:00 UTC: 1800 Kerzen geholt
    [##--------] 11/46 GC 2026-06-17 03:30 UTC: 1800 Kerzen geholt
    [###-------] 12/46 GC 2026-06-17 04:00 UTC: 1800 Kerzen geholt
    [###-------] 13/46 GC 2026-06-17 04:30 UTC: 1800 Kerzen geholt
    [###-------] 14/46 GC 2026-06-17 05:00 UTC: 1800 Kerzen geholt
    [###-------] 15/46 GC 2026-06-17 05:30 UTC: 1800 Kerzen geholt
    [###-------] 16/46 GC 2026-06-17 06:00 UTC: 1800 Kerzen geholt
    [####------] 17/46 GC 2026-06-17 06:30 UTC: 1800 Kerzen geholt
    [####------] 18/46 GC 2026-06-17 07:00 UTC: 1800 Kerzen geholt
    [####------] 19/46 GC 2026-06-17 07:30 UTC: 1800 Kerzen geholt
    [####------] 20/46 GC 2026-06-17 08:00 UTC: 1800 Kerzen geholt
    [#####-----] 21/46 GC 2026-06-17 08:30 UTC: 1800 Kerzen geholt
    [#####-----] 22/46 GC 2026-06-17 09:00 UTC: 1800 Kerzen geholt
    [#####-----] 23/46 GC 2026-06-17 09:30 UTC: 1800 Kerzen geholt
    [#####-----] 24/46 GC 2026-06-17 10:00 UTC: 1800 Kerzen geholt
    [#####-----] 25/46 GC 2026-06-17 10:30 UTC: 1800 Kerzen geholt
    [######----] 26/46 GC 2026-06-17 11:00 UTC: 1800 Kerzen geholt
    [######----] 27/46 GC 2026-06-17 11:30 UTC: 1800 Kerzen geholt
    [######----] 28/46 GC 2026-06-17 12:00 UTC: 1800 Kerzen geholt
    [######----] 29/46 GC 2026-06-17 12:30 UTC: 1800 Kerzen geholt
    [#######---] 30/46 GC 2026-06-17 13:00 UTC: 1800 Kerzen geholt
    [#######---] 31/46 GC 2026-06-17 13:30 UTC: 1800 Kerzen geholt
    [#######---] 32/46 GC 2026-06-17 14:00 UTC: 1800 Kerzen geholt
    [#######---] 33/46 GC 2026-06-17 14:30 UTC: 1800 Kerzen geholt
    [#######---] 34/46 GC 2026-06-17 15:00 UTC: 1800 Kerzen geholt
    [########--] 35/46 GC 2026-06-17 15:30 UTC: 1800 Kerzen geholt
    [########--] 36/46 GC 2026-06-17 16:00 UTC: 1800 Kerzen geholt
    [########--] 37/46 GC 2026-06-17 16:30 UTC: 1800 Kerzen geholt
    [########--] 38/46 GC 2026-06-17 17:00 UTC: 1800 Kerzen geholt
    [########--] 39/46 GC 2026-06-17 17:30 UTC: 1800 Kerzen geholt
    [#########-] 40/46 GC 2026-06-17 18:00 UTC: 1800 Kerzen geholt
    [#########-] 41/46 GC 2026-06-17 18:30 UTC: 1800 Kerzen geholt
    [#########-] 42/46 GC 2026-06-17 19:00 UTC: 1800 Kerzen geholt
    [#########-] 43/46 GC 2026-06-17 19:30 UTC: 1800 Kerzen geholt
    [##########] 44/46 GC 2026-06-17 20:00 UTC: 1800 Kerzen geholt
    [##########] 45/46 GC 2026-06-17 20:30 UTC: 1800 Kerzen geholt
    [##########] 46/46 GC 2026-06-17 21:00 UTC: 1800 Kerzen geholt
[######----] 83/131 GC 2026-06-17: geschrieben (82800 Kerzen, 46 Fenster)
    [----------] 1/46 GC 2026-06-18 22:30 UTC: 1800 Kerzen geholt
    [----------] 2/46 GC 2026-06-18 23:00 UTC: 1800 Kerzen geholt
    [#---------] 3/46 GC 2026-06-18 23:30 UTC: 1800 Kerzen geholt
    [#---------] 4/46 GC 2026-06-18 00:00 UTC: 1800 Kerzen geholt
    [#---------] 5/46 GC 2026-06-18 00:30 UTC: 1800 Kerzen geholt
    [#---------] 6/46 GC 2026-06-18 01:00 UTC: 1800 Kerzen geholt
    [##--------] 7/46 GC 2026-06-18 01:30 UTC: 1800 Kerzen geholt
    [##--------] 8/46 GC 2026-06-18 02:00 UTC: 1800 Kerzen geholt
    [##--------] 9/46 GC 2026-06-18 02:30 UTC: 1800 Kerzen geholt
    [##--------] 10/46 GC 2026-06-18 03:00 UTC: 1800 Kerzen geholt
    [##--------] 11/46 GC 2026-06-18 03:30 UTC: 1800 Kerzen geholt
    [###-------] 12/46 GC 2026-06-18 04:00 UTC: 1800 Kerzen geholt
    [###-------] 13/46 GC 2026-06-18 04:30 UTC: 1800 Kerzen geholt
    [###-------] 14/46 GC 2026-06-18 05:00 UTC: 1800 Kerzen geholt
    [###-------] 15/46 GC 2026-06-18 05:30 UTC: 1800 Kerzen geholt
    [###-------] 16/46 GC 2026-06-18 06:00 UTC: 1800 Kerzen geholt
    [####------] 17/46 GC 2026-06-18 06:30 UTC: 1800 Kerzen geholt
    [####------] 18/46 GC 2026-06-18 07:00 UTC: 1800 Kerzen geholt
    [####------] 19/46 GC 2026-06-18 07:30 UTC: 1800 Kerzen geholt
    [####------] 20/46 GC 2026-06-18 08:00 UTC: 1800 Kerzen geholt
    [#####-----] 21/46 GC 2026-06-18 08:30 UTC: 1800 Kerzen geholt
    [#####-----] 22/46 GC 2026-06-18 09:00 UTC: 1800 Kerzen geholt
    [#####-----] 23/46 GC 2026-06-18 09:30 UTC: 1800 Kerzen geholt
    [#####-----] 24/46 GC 2026-06-18 10:00 UTC: 1800 Kerzen geholt
    [#####-----] 25/46 GC 2026-06-18 10:30 UTC: 1800 Kerzen geholt
    [######----] 26/46 GC 2026-06-18 11:00 UTC: 1800 Kerzen geholt
    [######----] 27/46 GC 2026-06-18 11:30 UTC: 1800 Kerzen geholt
    [######----] 28/46 GC 2026-06-18 12:00 UTC: 1800 Kerzen geholt
    [######----] 29/46 GC 2026-06-18 12:30 UTC: 1800 Kerzen geholt
    [#######---] 30/46 GC 2026-06-18 13:00 UTC: 1800 Kerzen geholt
    [#######---] 31/46 GC 2026-06-18 13:30 UTC: 1800 Kerzen geholt
    [#######---] 32/46 GC 2026-06-18 14:00 UTC: 1800 Kerzen geholt
    [#######---] 33/46 GC 2026-06-18 14:30 UTC: 1800 Kerzen geholt
    [#######---] 34/46 GC 2026-06-18 15:00 UTC: 1800 Kerzen geholt
    [########--] 35/46 GC 2026-06-18 15:30 UTC: 1800 Kerzen geholt
    [########--] 36/46 GC 2026-06-18 16:00 UTC: 1800 Kerzen geholt
    [########--] 37/46 GC 2026-06-18 16:30 UTC: 1800 Kerzen geholt
    [########--] 38/46 GC 2026-06-18 17:00 UTC: 1800 Kerzen geholt
    [########--] 39/46 GC 2026-06-18 17:30 UTC: 1800 Kerzen geholt
    [#########-] 40/46 GC 2026-06-18 18:00 UTC: 1800 Kerzen geholt
    [#########-] 41/46 GC 2026-06-18 18:30 UTC: 1800 Kerzen geholt
    [#########-] 42/46 GC 2026-06-18 19:00 UTC: 1800 Kerzen geholt
    [#########-] 43/46 GC 2026-06-18 19:30 UTC: 1800 Kerzen geholt
    [##########] 44/46 GC 2026-06-18 20:00 UTC: 1800 Kerzen geholt
    [##########] 45/46 GC 2026-06-18 20:30 UTC: 1800 Kerzen geholt
    [##########] 46/46 GC 2026-06-18 21:00 UTC: 1800 Kerzen geholt
[######----] 84/131 GC 2026-06-18: geschrieben (82800 Kerzen, 46 Fenster)
    [----------] 1/46 GC 2026-06-19 22:30 UTC: 1800 Kerzen geholt
    [----------] 2/46 GC 2026-06-19 23:00 UTC: 1800 Kerzen geholt
    [#---------] 3/46 GC 2026-06-19 23:30 UTC: 1800 Kerzen geholt
    [#---------] 4/46 GC 2026-06-19 00:00 UTC: 1800 Kerzen geholt
    [#---------] 5/46 GC 2026-06-19 00:30 UTC: 1800 Kerzen geholt
    [#---------] 6/46 GC 2026-06-19 01:00 UTC: 1800 Kerzen geholt
    [##--------] 7/46 GC 2026-06-19 01:30 UTC: 1800 Kerzen geholt
    [##--------] 8/46 GC 2026-06-19 02:00 UTC: 1800 Kerzen geholt
    [##--------] 9/46 GC 2026-06-19 02:30 UTC: 1800 Kerzen geholt
    [##--------] 10/46 GC 2026-06-19 03:00 UTC: 1800 Kerzen geholt
    [##--------] 11/46 GC 2026-06-19 03:30 UTC: 1800 Kerzen geholt
    [###-------] 12/46 GC 2026-06-19 04:00 UTC: 1800 Kerzen geholt
    [###-------] 13/46 GC 2026-06-19 04:30 UTC: 1800 Kerzen geholt
    [###-------] 14/46 GC 2026-06-19 05:00 UTC: 1800 Kerzen geholt
    [###-------] 15/46 GC 2026-06-19 05:30 UTC: 1800 Kerzen geholt
    [###-------] 16/46 GC 2026-06-19 06:00 UTC: 1800 Kerzen geholt
    [####------] 17/46 GC 2026-06-19 06:30 UTC: 1800 Kerzen geholt
    [####------] 18/46 GC 2026-06-19 07:00 UTC: 1800 Kerzen geholt
    [####------] 19/46 GC 2026-06-19 07:30 UTC: 1800 Kerzen geholt
    [####------] 20/46 GC 2026-06-19 08:00 UTC: 1800 Kerzen geholt
    [#####-----] 21/46 GC 2026-06-19 08:30 UTC: 1800 Kerzen geholt
    [#####-----] 22/46 GC 2026-06-19 09:00 UTC: 1800 Kerzen geholt
    [#####-----] 23/46 GC 2026-06-19 09:30 UTC: 1800 Kerzen geholt
    [#####-----] 24/46 GC 2026-06-19 10:00 UTC: 1800 Kerzen geholt
    [#####-----] 25/46 GC 2026-06-19 10:30 UTC: 1800 Kerzen geholt
    [######----] 26/46 GC 2026-06-19 11:00 UTC: 1800 Kerzen geholt
    [######----] 27/46 GC 2026-06-19 11:30 UTC: 1800 Kerzen geholt
    [######----] 28/46 GC 2026-06-19 12:00 UTC: 1800 Kerzen geholt
    [######----] 29/46 GC 2026-06-19 12:30 UTC: 1800 Kerzen geholt
    [#######---] 30/46 GC 2026-06-19 13:00 UTC: 1800 Kerzen geholt
    [#######---] 31/46 GC 2026-06-19 13:30 UTC: 1800 Kerzen geholt
    [#######---] 32/46 GC 2026-06-19 14:00 UTC: 1800 Kerzen geholt
    [#######---] 33/46 GC 2026-06-19 14:30 UTC: 1800 Kerzen geholt
    [#######---] 34/46 GC 2026-06-19 15:00 UTC: 1800 Kerzen geholt
    [########--] 35/46 GC 2026-06-19 15:30 UTC: 1800 Kerzen geholt
    [########--] 36/46 GC 2026-06-19 16:00 UTC: 1800 Kerzen geholt
    [########--] 37/46 GC 2026-06-19 16:30 UTC: 1800 Kerzen geholt
    [########--] 38/46 GC 2026-06-19 17:00 UTC: 1800 Kerzen geholt
    [########--] 39/46 GC 2026-06-19 17:30 UTC: 1800 Kerzen geholt
    [#########-] 40/46 GC 2026-06-19 18:00 UTC: 1800 Kerzen geholt
    [#########-] 41/46 GC 2026-06-19 18:30 UTC: 1800 Kerzen geholt
    [#########-] 42/46 GC 2026-06-19 19:00 UTC: 1800 Kerzen geholt
    [#########-] 43/46 GC 2026-06-19 19:30 UTC: 1800 Kerzen geholt
    [##########] 44/46 GC 2026-06-19 20:00 UTC: 1800 Kerzen geholt
    [##########] 45/46 GC 2026-06-19 20:30 UTC: 1800 Kerzen geholt
    [##########] 46/46 GC 2026-06-19 21:00 UTC: 1800 Kerzen geholt
[######----] 85/131 GC 2026-06-19: geschrieben (68400 Kerzen, 46 Fenster)
    [----------] 1/46 GC 2026-06-22 22:30 UTC: 1800 Kerzen geholt
    [----------] 2/46 GC 2026-06-22 23:00 UTC: 1800 Kerzen geholt
    [#---------] 3/46 GC 2026-06-22 23:30 UTC: 1800 Kerzen geholt
    [#---------] 4/46 GC 2026-06-22 00:00 UTC: 1800 Kerzen geholt
    [#---------] 5/46 GC 2026-06-22 00:30 UTC: 1800 Kerzen geholt
    [#---------] 6/46 GC 2026-06-22 01:00 UTC: 1800 Kerzen geholt
    [##--------] 7/46 GC 2026-06-22 01:30 UTC: 1800 Kerzen geholt
    [##--------] 8/46 GC 2026-06-22 02:00 UTC: 1800 Kerzen geholt
    [##--------] 9/46 GC 2026-06-22 02:30 UTC: 1800 Kerzen geholt
    [##--------] 10/46 GC 2026-06-22 03:00 UTC: 1800 Kerzen geholt
    [##--------] 11/46 GC 2026-06-22 03:30 UTC: 1800 Kerzen geholt
    [###-------] 12/46 GC 2026-06-22 04:00 UTC: 1800 Kerzen geholt
    [###-------] 13/46 GC 2026-06-22 04:30 UTC: 1800 Kerzen geholt
    [###-------] 14/46 GC 2026-06-22 05:00 UTC: 1800 Kerzen geholt
    [###-------] 15/46 GC 2026-06-22 05:30 UTC: 1800 Kerzen geholt
    [###-------] 16/46 GC 2026-06-22 06:00 UTC: 1800 Kerzen geholt
    [####------] 17/46 GC 2026-06-22 06:30 UTC: 1800 Kerzen geholt
    [####------] 18/46 GC 2026-06-22 07:00 UTC: 1800 Kerzen geholt
    [####------] 19/46 GC 2026-06-22 07:30 UTC: 1800 Kerzen geholt
    [####------] 20/46 GC 2026-06-22 08:00 UTC: 1800 Kerzen geholt
    [#####-----] 21/46 GC 2026-06-22 08:30 UTC: 1800 Kerzen geholt
    [#####-----] 22/46 GC 2026-06-22 09:00 UTC: 1800 Kerzen geholt
    [#####-----] 23/46 GC 2026-06-22 09:30 UTC: 1800 Kerzen geholt
    [#####-----] 24/46 GC 2026-06-22 10:00 UTC: 1800 Kerzen geholt
    [#####-----] 25/46 GC 2026-06-22 10:30 UTC: 1800 Kerzen geholt
    [######----] 26/46 GC 2026-06-22 11:00 UTC: 1800 Kerzen geholt
    [######----] 27/46 GC 2026-06-22 11:30 UTC: 1800 Kerzen geholt
    [######----] 28/46 GC 2026-06-22 12:00 UTC: 1800 Kerzen geholt
    [######----] 29/46 GC 2026-06-22 12:30 UTC: 1800 Kerzen geholt
    [#######---] 30/46 GC 2026-06-22 13:00 UTC: 1800 Kerzen geholt
    [#######---] 31/46 GC 2026-06-22 13:30 UTC: 1800 Kerzen geholt
    [#######---] 32/46 GC 2026-06-22 14:00 UTC: 1800 Kerzen geholt
    [#######---] 33/46 GC 2026-06-22 14:30 UTC: 1800 Kerzen geholt
    [#######---] 34/46 GC 2026-06-22 15:00 UTC: 1800 Kerzen geholt
    [########--] 35/46 GC 2026-06-22 15:30 UTC: 1800 Kerzen geholt
    [########--] 36/46 GC 2026-06-22 16:00 UTC: 1800 Kerzen geholt
    [########--] 37/46 GC 2026-06-22 16:30 UTC: 1800 Kerzen geholt
    [########--] 38/46 GC 2026-06-22 17:00 UTC: 1800 Kerzen geholt
    [########--] 39/46 GC 2026-06-22 17:30 UTC: 1800 Kerzen geholt
    [#########-] 40/46 GC 2026-06-22 18:00 UTC: 1800 Kerzen geholt
    [#########-] 41/46 GC 2026-06-22 18:30 UTC: 1800 Kerzen geholt
    [#########-] 42/46 GC 2026-06-22 19:00 UTC: 1800 Kerzen geholt
    [#########-] 43/46 GC 2026-06-22 19:30 UTC: 1800 Kerzen geholt
    [##########] 44/46 GC 2026-06-22 20:00 UTC: 1800 Kerzen geholt
    [##########] 45/46 GC 2026-06-22 20:30 UTC: 1800 Kerzen geholt
    [##########] 46/46 GC 2026-06-22 21:00 UTC: 1800 Kerzen geholt
[#######---] 86/131 GC 2026-06-22: geschrieben (82800 Kerzen, 46 Fenster)
    [----------] 1/46 GC 2026-06-23 22:30 UTC: 1800 Kerzen geholt
    [----------] 2/46 GC 2026-06-23 23:00 UTC: 1800 Kerzen geholt
    [#---------] 3/46 GC 2026-06-23 23:30 UTC: 1800 Kerzen geholt
    [#---------] 4/46 GC 2026-06-23 00:00 UTC: 1800 Kerzen geholt
    [#---------] 5/46 GC 2026-06-23 00:30 UTC: 1800 Kerzen geholt
    [#---------] 6/46 GC 2026-06-23 01:00 UTC: 1800 Kerzen geholt
    [##--------] 7/46 GC 2026-06-23 01:30 UTC: 1800 Kerzen geholt
    [##--------] 8/46 GC 2026-06-23 02:00 UTC: 1800 Kerzen geholt
    [##--------] 9/46 GC 2026-06-23 02:30 UTC: 1800 Kerzen geholt
    [##--------] 10/46 GC 2026-06-23 03:00 UTC: 1800 Kerzen geholt
    [##--------] 11/46 GC 2026-06-23 03:30 UTC: 1800 Kerzen geholt
    [###-------] 12/46 GC 2026-06-23 04:00 UTC: 1800 Kerzen geholt
    [###-------] 13/46 GC 2026-06-23 04:30 UTC: 1800 Kerzen geholt
    [###-------] 14/46 GC 2026-06-23 05:00 UTC: 1800 Kerzen geholt
    [###-------] 15/46 GC 2026-06-23 05:30 UTC: 1800 Kerzen geholt
    [###-------] 16/46 GC 2026-06-23 06:00 UTC: 1800 Kerzen geholt
    [####------] 17/46 GC 2026-06-23 06:30 UTC: 1800 Kerzen geholt
    [####------] 18/46 GC 2026-06-23 07:00 UTC: 1800 Kerzen geholt
    [####------] 19/46 GC 2026-06-23 07:30 UTC: 1800 Kerzen geholt
    [####------] 20/46 GC 2026-06-23 08:00 UTC: 1800 Kerzen geholt
    [#####-----] 21/46 GC 2026-06-23 08:30 UTC: 1800 Kerzen geholt
    [#####-----] 22/46 GC 2026-06-23 09:00 UTC: 1800 Kerzen geholt
    [#####-----] 23/46 GC 2026-06-23 09:30 UTC: 1800 Kerzen geholt
    [#####-----] 24/46 GC 2026-06-23 10:00 UTC: 1800 Kerzen geholt
    [#####-----] 25/46 GC 2026-06-23 10:30 UTC: 1800 Kerzen geholt
    [######----] 26/46 GC 2026-06-23 11:00 UTC: 1800 Kerzen geholt
    [######----] 27/46 GC 2026-06-23 11:30 UTC: 1800 Kerzen geholt
    [######----] 28/46 GC 2026-06-23 12:00 UTC: 1800 Kerzen geholt
    [######----] 29/46 GC 2026-06-23 12:30 UTC: 1800 Kerzen geholt
    [#######---] 30/46 GC 2026-06-23 13:00 UTC: 1800 Kerzen geholt
    [#######---] 31/46 GC 2026-06-23 13:30 UTC: 1800 Kerzen geholt
    [#######---] 32/46 GC 2026-06-23 14:00 UTC: 1800 Kerzen geholt
    [#######---] 33/46 GC 2026-06-23 14:30 UTC: 1800 Kerzen geholt
    [#######---] 34/46 GC 2026-06-23 15:00 UTC: 1800 Kerzen geholt
    [########--] 35/46 GC 2026-06-23 15:30 UTC: 1800 Kerzen geholt
    [########--] 36/46 GC 2026-06-23 16:00 UTC: 1800 Kerzen geholt
    [########--] 37/46 GC 2026-06-23 16:30 UTC: 1800 Kerzen geholt
    [########--] 38/46 GC 2026-06-23 17:00 UTC: 1800 Kerzen geholt
    [########--] 39/46 GC 2026-06-23 17:30 UTC: 1800 Kerzen geholt
    [#########-] 40/46 GC 2026-06-23 18:00 UTC: 1800 Kerzen geholt
    [#########-] 41/46 GC 2026-06-23 18:30 UTC: 1800 Kerzen geholt
    [#########-] 42/46 GC 2026-06-23 19:00 UTC: 1800 Kerzen geholt
    [#########-] 43/46 GC 2026-06-23 19:30 UTC: 1800 Kerzen geholt
    [##########] 44/46 GC 2026-06-23 20:00 UTC: 1800 Kerzen geholt
    [##########] 45/46 GC 2026-06-23 20:30 UTC: 1800 Kerzen geholt
    [##########] 46/46 GC 2026-06-23 21:00 UTC: 1800 Kerzen geholt
[#######---] 87/131 GC 2026-06-23: geschrieben (82800 Kerzen, 46 Fenster)
    [----------] 1/46 GC 2026-06-24 22:30 UTC: 1800 Kerzen geholt
    [----------] 2/46 GC 2026-06-24 23:00 UTC: 1800 Kerzen geholt
    [#---------] 3/46 GC 2026-06-24 23:30 UTC: 1800 Kerzen geholt
    [#---------] 4/46 GC 2026-06-24 00:00 UTC: 1800 Kerzen geholt
    [#---------] 5/46 GC 2026-06-24 00:30 UTC: 1800 Kerzen geholt
    [#---------] 6/46 GC 2026-06-24 01:00 UTC: 1800 Kerzen geholt
    [##--------] 7/46 GC 2026-06-24 01:30 UTC: 1800 Kerzen geholt
    [##--------] 8/46 GC 2026-06-24 02:00 UTC: 1800 Kerzen geholt
    [##--------] 9/46 GC 2026-06-24 02:30 UTC: 1800 Kerzen geholt
    [##--------] 10/46 GC 2026-06-24 03:00 UTC: 1800 Kerzen geholt
    [##--------] 11/46 GC 2026-06-24 03:30 UTC: 1800 Kerzen geholt
    [###-------] 12/46 GC 2026-06-24 04:00 UTC: 1800 Kerzen geholt
    [###-------] 13/46 GC 2026-06-24 04:30 UTC: 1800 Kerzen geholt
    [###-------] 14/46 GC 2026-06-24 05:00 UTC: 1800 Kerzen geholt
    [###-------] 15/46 GC 2026-06-24 05:30 UTC: 1800 Kerzen geholt
    [###-------] 16/46 GC 2026-06-24 06:00 UTC: 1800 Kerzen geholt
    [####------] 17/46 GC 2026-06-24 06:30 UTC: 1800 Kerzen geholt
    [####------] 18/46 GC 2026-06-24 07:00 UTC: 1800 Kerzen geholt
    [####------] 19/46 GC 2026-06-24 07:30 UTC: 1800 Kerzen geholt
    [####------] 20/46 GC 2026-06-24 08:00 UTC: 1800 Kerzen geholt
    [#####-----] 21/46 GC 2026-06-24 08:30 UTC: 1800 Kerzen geholt
    [#####-----] 22/46 GC 2026-06-24 09:00 UTC: 1800 Kerzen geholt
    [#####-----] 23/46 GC 2026-06-24 09:30 UTC: 1800 Kerzen geholt
    [#####-----] 24/46 GC 2026-06-24 10:00 UTC: 1800 Kerzen geholt
    [#####-----] 25/46 GC 2026-06-24 10:30 UTC: 1800 Kerzen geholt
    [######----] 26/46 GC 2026-06-24 11:00 UTC: 1800 Kerzen geholt
    [######----] 27/46 GC 2026-06-24 11:30 UTC: 1800 Kerzen geholt
    [######----] 28/46 GC 2026-06-24 12:00 UTC: 1800 Kerzen geholt
    [######----] 29/46 GC 2026-06-24 12:30 UTC: 1800 Kerzen geholt
    [#######---] 30/46 GC 2026-06-24 13:00 UTC: 1800 Kerzen geholt
    [#######---] 31/46 GC 2026-06-24 13:30 UTC: 1800 Kerzen geholt
    [#######---] 32/46 GC 2026-06-24 14:00 UTC: 1800 Kerzen geholt
    [#######---] 33/46 GC 2026-06-24 14:30 UTC: 1800 Kerzen geholt
    [#######---] 34/46 GC 2026-06-24 15:00 UTC: 1800 Kerzen geholt
    [########--] 35/46 GC 2026-06-24 15:30 UTC: 1800 Kerzen geholt
  ! GC Fenster bis 2026-06-24 16:00:00+00:00: Versuch 1/3 fehlgeschlagen ([(162, 'Historical Market Data Service error message:Historical data request pacing violation')])
    [########--] 36/46 GC 2026-06-24 16:00 UTC: 1800 Kerzen geholt
    [########--] 37/46 GC 2026-06-24 16:30 UTC: 1800 Kerzen geholt
    [########--] 38/46 GC 2026-06-24 17:00 UTC: 1800 Kerzen geholt
    [########--] 39/46 GC 2026-06-24 17:30 UTC: 1800 Kerzen geholt
    [#########-] 40/46 GC 2026-06-24 18:00 UTC: 1800 Kerzen geholt
    [#########-] 41/46 GC 2026-06-24 18:30 UTC: 1800 Kerzen geholt
    [#########-] 42/46 GC 2026-06-24 19:00 UTC: 1800 Kerzen geholt
    [#########-] 43/46 GC 2026-06-24 19:30 UTC: 1800 Kerzen geholt
    [##########] 44/46 GC 2026-06-24 20:00 UTC: 1800 Kerzen geholt
    [##########] 45/46 GC 2026-06-24 20:30 UTC: 1800 Kerzen geholt
    [##########] 46/46 GC 2026-06-24 21:00 UTC: 1800 Kerzen geholt
[#######---] 88/131 GC 2026-06-24: geschrieben (82800 Kerzen, 46 Fenster)
    [----------] 1/46 GC 2026-06-25 22:30 UTC: 1800 Kerzen geholt
    [----------] 2/46 GC 2026-06-25 23:00 UTC: 1800 Kerzen geholt
    [#---------] 3/46 GC 2026-06-25 23:30 UTC: 1800 Kerzen geholt
    [#---------] 4/46 GC 2026-06-25 00:00 UTC: 1800 Kerzen geholt
    [#---------] 5/46 GC 2026-06-25 00:30 UTC: 1800 Kerzen geholt
    [#---------] 6/46 GC 2026-06-25 01:00 UTC: 1800 Kerzen geholt
    [##--------] 7/46 GC 2026-06-25 01:30 UTC: 1800 Kerzen geholt
    [##--------] 8/46 GC 2026-06-25 02:00 UTC: 1800 Kerzen geholt
    [##--------] 9/46 GC 2026-06-25 02:30 UTC: 1800 Kerzen geholt
    [##--------] 10/46 GC 2026-06-25 03:00 UTC: 1800 Kerzen geholt
    [##--------] 11/46 GC 2026-06-25 03:30 UTC: 1800 Kerzen geholt
    [###-------] 12/46 GC 2026-06-25 04:00 UTC: 1800 Kerzen geholt
    [###-------] 13/46 GC 2026-06-25 04:30 UTC: 1800 Kerzen geholt
    [###-------] 14/46 GC 2026-06-25 05:00 UTC: 1800 Kerzen geholt
    [###-------] 15/46 GC 2026-06-25 05:30 UTC: 1800 Kerzen geholt
    [###-------] 16/46 GC 2026-06-25 06:00 UTC: 1800 Kerzen geholt
    [####------] 17/46 GC 2026-06-25 06:30 UTC: 1800 Kerzen geholt
    [####------] 18/46 GC 2026-06-25 07:00 UTC: 1800 Kerzen geholt
    [####------] 19/46 GC 2026-06-25 07:30 UTC: 1800 Kerzen geholt
    [####------] 20/46 GC 2026-06-25 08:00 UTC: 1800 Kerzen geholt
    [#####-----] 21/46 GC 2026-06-25 08:30 UTC: 1800 Kerzen geholt
    [#####-----] 22/46 GC 2026-06-25 09:00 UTC: 1800 Kerzen geholt
    [#####-----] 23/46 GC 2026-06-25 09:30 UTC: 1800 Kerzen geholt
    [#####-----] 24/46 GC 2026-06-25 10:00 UTC: 1800 Kerzen geholt
    [#####-----] 25/46 GC 2026-06-25 10:30 UTC: 1800 Kerzen geholt
    [######----] 26/46 GC 2026-06-25 11:00 UTC: 1800 Kerzen geholt
    [######----] 27/46 GC 2026-06-25 11:30 UTC: 1800 Kerzen geholt
    [######----] 28/46 GC 2026-06-25 12:00 UTC: 1800 Kerzen geholt
    [######----] 29/46 GC 2026-06-25 12:30 UTC: 1800 Kerzen geholt
    [#######---] 30/46 GC 2026-06-25 13:00 UTC: 1800 Kerzen geholt
    [#######---] 31/46 GC 2026-06-25 13:30 UTC: 1800 Kerzen geholt
    [#######---] 32/46 GC 2026-06-25 14:00 UTC: 1800 Kerzen geholt
    [#######---] 33/46 GC 2026-06-25 14:30 UTC: 1800 Kerzen geholt
    [#######---] 34/46 GC 2026-06-25 15:00 UTC: 1800 Kerzen geholt
    [########--] 35/46 GC 2026-06-25 15:30 UTC: 1800 Kerzen geholt
    [########--] 36/46 GC 2026-06-25 16:00 UTC: 1800 Kerzen geholt
    [########--] 37/46 GC 2026-06-25 16:30 UTC: 1800 Kerzen geholt
    [########--] 38/46 GC 2026-06-25 17:00 UTC: 1800 Kerzen geholt
    [########--] 39/46 GC 2026-06-25 17:30 UTC: 1800 Kerzen geholt
    [#########-] 40/46 GC 2026-06-25 18:00 UTC: 1800 Kerzen geholt
    [#########-] 41/46 GC 2026-06-25 18:30 UTC: 1800 Kerzen geholt
    [#########-] 42/46 GC 2026-06-25 19:00 UTC: 1800 Kerzen geholt
    [#########-] 43/46 GC 2026-06-25 19:30 UTC: 1800 Kerzen geholt
    [##########] 44/46 GC 2026-06-25 20:00 UTC: 1800 Kerzen geholt
    [##########] 45/46 GC 2026-06-25 20:30 UTC: 1800 Kerzen geholt
    [##########] 46/46 GC 2026-06-25 21:00 UTC: 1800 Kerzen geholt
[#######---] 89/131 GC 2026-06-25: geschrieben (82800 Kerzen, 46 Fenster)
    [----------] 1/46 GC 2026-06-26 22:30 UTC: 1800 Kerzen geholt
    [----------] 2/46 GC 2026-06-26 23:00 UTC: 1800 Kerzen geholt
    [#---------] 3/46 GC 2026-06-26 23:30 UTC: 1800 Kerzen geholt
    [#---------] 4/46 GC 2026-06-26 00:00 UTC: 1800 Kerzen geholt
    [#---------] 5/46 GC 2026-06-26 00:30 UTC: 1800 Kerzen geholt
    [#---------] 6/46 GC 2026-06-26 01:00 UTC: 1800 Kerzen geholt
    [##--------] 7/46 GC 2026-06-26 01:30 UTC: 1800 Kerzen geholt
    [##--------] 8/46 GC 2026-06-26 02:00 UTC: 1800 Kerzen geholt
    [##--------] 9/46 GC 2026-06-26 02:30 UTC: 1800 Kerzen geholt
    [##--------] 10/46 GC 2026-06-26 03:00 UTC: 1800 Kerzen geholt
    [##--------] 11/46 GC 2026-06-26 03:30 UTC: 1800 Kerzen geholt
    [###-------] 12/46 GC 2026-06-26 04:00 UTC: 1800 Kerzen geholt
    [###-------] 13/46 GC 2026-06-26 04:30 UTC: 1800 Kerzen geholt
    [###-------] 14/46 GC 2026-06-26 05:00 UTC: 1800 Kerzen geholt
    [###-------] 15/46 GC 2026-06-26 05:30 UTC: 1800 Kerzen geholt
    [###-------] 16/46 GC 2026-06-26 06:00 UTC: 1800 Kerzen geholt
    [####------] 17/46 GC 2026-06-26 06:30 UTC: 1800 Kerzen geholt
    [####------] 18/46 GC 2026-06-26 07:00 UTC: 1800 Kerzen geholt
    [####------] 19/46 GC 2026-06-26 07:30 UTC: 1800 Kerzen geholt
    [####------] 20/46 GC 2026-06-26 08:00 UTC: 1800 Kerzen geholt
    [#####-----] 21/46 GC 2026-06-26 08:30 UTC: 1800 Kerzen geholt
    [#####-----] 22/46 GC 2026-06-26 09:00 UTC: 1800 Kerzen geholt
    [#####-----] 23/46 GC 2026-06-26 09:30 UTC: 1800 Kerzen geholt
    [#####-----] 24/46 GC 2026-06-26 10:00 UTC: 1800 Kerzen geholt
    [#####-----] 25/46 GC 2026-06-26 10:30 UTC: 1800 Kerzen geholt
    [######----] 26/46 GC 2026-06-26 11:00 UTC: 1800 Kerzen geholt
    [######----] 27/46 GC 2026-06-26 11:30 UTC: 1800 Kerzen geholt
    [######----] 28/46 GC 2026-06-26 12:00 UTC: 1800 Kerzen geholt
    [######----] 29/46 GC 2026-06-26 12:30 UTC: 1800 Kerzen geholt
    [#######---] 30/46 GC 2026-06-26 13:00 UTC: 1800 Kerzen geholt
    [#######---] 31/46 GC 2026-06-26 13:30 UTC: 1800 Kerzen geholt
    [#######---] 32/46 GC 2026-06-26 14:00 UTC: 1800 Kerzen geholt
    [#######---] 33/46 GC 2026-06-26 14:30 UTC: 1800 Kerzen geholt
    [#######---] 34/46 GC 2026-06-26 15:00 UTC: 1800 Kerzen geholt
    [########--] 35/46 GC 2026-06-26 15:30 UTC: 1800 Kerzen geholt
    [########--] 36/46 GC 2026-06-26 16:00 UTC: 1800 Kerzen geholt
    [########--] 37/46 GC 2026-06-26 16:30 UTC: 1800 Kerzen geholt
    [########--] 38/46 GC 2026-06-26 17:00 UTC: 1800 Kerzen geholt
    [########--] 39/46 GC 2026-06-26 17:30 UTC: 1800 Kerzen geholt
    [#########-] 40/46 GC 2026-06-26 18:00 UTC: 1800 Kerzen geholt
    [#########-] 41/46 GC 2026-06-26 18:30 UTC: 1800 Kerzen geholt
    [#########-] 42/46 GC 2026-06-26 19:00 UTC: 1800 Kerzen geholt
    [#########-] 43/46 GC 2026-06-26 19:30 UTC: 1800 Kerzen geholt
    [##########] 44/46 GC 2026-06-26 20:00 UTC: 1800 Kerzen geholt
    [##########] 45/46 GC 2026-06-26 20:30 UTC: 1800 Kerzen geholt
    [##########] 46/46 GC 2026-06-26 21:00 UTC: 1800 Kerzen geholt
[#######---] 90/131 GC 2026-06-26: geschrieben (82800 Kerzen, 46 Fenster)
    [----------] 1/46 GC 2026-06-29 22:30 UTC: 1800 Kerzen geholt
    [----------] 2/46 GC 2026-06-29 23:00 UTC: 1800 Kerzen geholt
    [#---------] 3/46 GC 2026-06-29 23:30 UTC: 1800 Kerzen geholt
    [#---------] 4/46 GC 2026-06-29 00:00 UTC: 1800 Kerzen geholt
    [#---------] 5/46 GC 2026-06-29 00:30 UTC: 1800 Kerzen geholt
    [#---------] 6/46 GC 2026-06-29 01:00 UTC: 1800 Kerzen geholt
    [##--------] 7/46 GC 2026-06-29 01:30 UTC: 1800 Kerzen geholt
    [##--------] 8/46 GC 2026-06-29 02:00 UTC: 1800 Kerzen geholt
    [##--------] 9/46 GC 2026-06-29 02:30 UTC: 1800 Kerzen geholt
    [##--------] 10/46 GC 2026-06-29 03:00 UTC: 1800 Kerzen geholt
    [##--------] 11/46 GC 2026-06-29 03:30 UTC: 1800 Kerzen geholt
    [###-------] 12/46 GC 2026-06-29 04:00 UTC: 1800 Kerzen geholt
    [###-------] 13/46 GC 2026-06-29 04:30 UTC: 1800 Kerzen geholt
    [###-------] 14/46 GC 2026-06-29 05:00 UTC: 1800 Kerzen geholt
    [###-------] 15/46 GC 2026-06-29 05:30 UTC: 1800 Kerzen geholt
    [###-------] 16/46 GC 2026-06-29 06:00 UTC: 1800 Kerzen geholt
    [####------] 17/46 GC 2026-06-29 06:30 UTC: 1800 Kerzen geholt
    [####------] 18/46 GC 2026-06-29 07:00 UTC: 1800 Kerzen geholt
    [####------] 19/46 GC 2026-06-29 07:30 UTC: 1800 Kerzen geholt
    [####------] 20/46 GC 2026-06-29 08:00 UTC: 1800 Kerzen geholt
    [#####-----] 21/46 GC 2026-06-29 08:30 UTC: 1800 Kerzen geholt
    [#####-----] 22/46 GC 2026-06-29 09:00 UTC: 1800 Kerzen geholt
    [#####-----] 23/46 GC 2026-06-29 09:30 UTC: 1800 Kerzen geholt
    [#####-----] 24/46 GC 2026-06-29 10:00 UTC: 1800 Kerzen geholt
    [#####-----] 25/46 GC 2026-06-29 10:30 UTC: 1800 Kerzen geholt
    [######----] 26/46 GC 2026-06-29 11:00 UTC: 1800 Kerzen geholt
    [######----] 27/46 GC 2026-06-29 11:30 UTC: 1800 Kerzen geholt
    [######----] 28/46 GC 2026-06-29 12:00 UTC: 1800 Kerzen geholt
    [######----] 29/46 GC 2026-06-29 12:30 UTC: 1800 Kerzen geholt
    [#######---] 30/46 GC 2026-06-29 13:00 UTC: 1800 Kerzen geholt
    [#######---] 31/46 GC 2026-06-29 13:30 UTC: 1800 Kerzen geholt
    [#######---] 32/46 GC 2026-06-29 14:00 UTC: 1800 Kerzen geholt
    [#######---] 33/46 GC 2026-06-29 14:30 UTC: 1800 Kerzen geholt
    [#######---] 34/46 GC 2026-06-29 15:00 UTC: 1800 Kerzen geholt
    [########--] 35/46 GC 2026-06-29 15:30 UTC: 1800 Kerzen geholt
    [########--] 36/46 GC 2026-06-29 16:00 UTC: 1800 Kerzen geholt
    [########--] 37/46 GC 2026-06-29 16:30 UTC: 1800 Kerzen geholt
    [########--] 38/46 GC 2026-06-29 17:00 UTC: 1800 Kerzen geholt
    [########--] 39/46 GC 2026-06-29 17:30 UTC: 1800 Kerzen geholt
    [#########-] 40/46 GC 2026-06-29 18:00 UTC: 1800 Kerzen geholt
    [#########-] 41/46 GC 2026-06-29 18:30 UTC: 1800 Kerzen geholt
    [#########-] 42/46 GC 2026-06-29 19:00 UTC: 1800 Kerzen geholt
    [#########-] 43/46 GC 2026-06-29 19:30 UTC: 1800 Kerzen geholt
    [##########] 44/46 GC 2026-06-29 20:00 UTC: 1800 Kerzen geholt
    [##########] 45/46 GC 2026-06-29 20:30 UTC: 1800 Kerzen geholt
    [##########] 46/46 GC 2026-06-29 21:00 UTC: 1800 Kerzen geholt
[#######---] 91/131 GC 2026-06-29: geschrieben (82800 Kerzen, 46 Fenster)
    [----------] 1/46 GC 2026-06-30 22:30 UTC: 1800 Kerzen geholt
    [----------] 2/46 GC 2026-06-30 23:00 UTC: 1800 Kerzen geholt
    [#---------] 3/46 GC 2026-06-30 23:30 UTC: 1800 Kerzen geholt
    [#---------] 4/46 GC 2026-06-30 00:00 UTC: 1800 Kerzen geholt
    [#---------] 5/46 GC 2026-06-30 00:30 UTC: 1800 Kerzen geholt
    [#---------] 6/46 GC 2026-06-30 01:00 UTC: 1800 Kerzen geholt
    [##--------] 7/46 GC 2026-06-30 01:30 UTC: 1800 Kerzen geholt
    [##--------] 8/46 GC 2026-06-30 02:00 UTC: 1800 Kerzen geholt
    [##--------] 9/46 GC 2026-06-30 02:30 UTC: 1800 Kerzen geholt
    [##--------] 10/46 GC 2026-06-30 03:00 UTC: 1800 Kerzen geholt
    [##--------] 11/46 GC 2026-06-30 03:30 UTC: 1800 Kerzen geholt
    [###-------] 12/46 GC 2026-06-30 04:00 UTC: 1800 Kerzen geholt
    [###-------] 13/46 GC 2026-06-30 04:30 UTC: 1800 Kerzen geholt
    [###-------] 14/46 GC 2026-06-30 05:00 UTC: 1800 Kerzen geholt
    [###-------] 15/46 GC 2026-06-30 05:30 UTC: 1800 Kerzen geholt
    [###-------] 16/46 GC 2026-06-30 06:00 UTC: 1800 Kerzen geholt
    [####------] 17/46 GC 2026-06-30 06:30 UTC: 1800 Kerzen geholt
    [####------] 18/46 GC 2026-06-30 07:00 UTC: 1800 Kerzen geholt
    [####------] 19/46 GC 2026-06-30 07:30 UTC: 1800 Kerzen geholt
    [####------] 20/46 GC 2026-06-30 08:00 UTC: 1800 Kerzen geholt
    [#####-----] 21/46 GC 2026-06-30 08:30 UTC: 1800 Kerzen geholt
    [#####-----] 22/46 GC 2026-06-30 09:00 UTC: 1800 Kerzen geholt
    [#####-----] 23/46 GC 2026-06-30 09:30 UTC: 1800 Kerzen geholt
    [#####-----] 24/46 GC 2026-06-30 10:00 UTC: 1800 Kerzen geholt
    [#####-----] 25/46 GC 2026-06-30 10:30 UTC: 1800 Kerzen geholt
    [######----] 26/46 GC 2026-06-30 11:00 UTC: 1800 Kerzen geholt
    [######----] 27/46 GC 2026-06-30 11:30 UTC: 1800 Kerzen geholt
    [######----] 28/46 GC 2026-06-30 12:00 UTC: 1800 Kerzen geholt
    [######----] 29/46 GC 2026-06-30 12:30 UTC: 1800 Kerzen geholt
    [#######---] 30/46 GC 2026-06-30 13:00 UTC: 1800 Kerzen geholt
    [#######---] 31/46 GC 2026-06-30 13:30 UTC: 1800 Kerzen geholt
    [#######---] 32/46 GC 2026-06-30 14:00 UTC: 1800 Kerzen geholt
    [#######---] 33/46 GC 2026-06-30 14:30 UTC: 1800 Kerzen geholt
    [#######---] 34/46 GC 2026-06-30 15:00 UTC: 1800 Kerzen geholt
    [########--] 35/46 GC 2026-06-30 15:30 UTC: 1800 Kerzen geholt
    [########--] 36/46 GC 2026-06-30 16:00 UTC: 1800 Kerzen geholt
    [########--] 37/46 GC 2026-06-30 16:30 UTC: 1800 Kerzen geholt
    [########--] 38/46 GC 2026-06-30 17:00 UTC: 1800 Kerzen geholt
    [########--] 39/46 GC 2026-06-30 17:30 UTC: 1800 Kerzen geholt
    [#########-] 40/46 GC 2026-06-30 18:00 UTC: 1800 Kerzen geholt
    [#########-] 41/46 GC 2026-06-30 18:30 UTC: 1800 Kerzen geholt
    [#########-] 42/46 GC 2026-06-30 19:00 UTC: 1800 Kerzen geholt
    [#########-] 43/46 GC 2026-06-30 19:30 UTC: 1800 Kerzen geholt
    [##########] 44/46 GC 2026-06-30 20:00 UTC: 1800 Kerzen geholt
    [##########] 45/46 GC 2026-06-30 20:30 UTC: 1800 Kerzen geholt
    [##########] 46/46 GC 2026-06-30 21:00 UTC: 1800 Kerzen geholt
[#######---] 92/131 GC 2026-06-30: geschrieben (82800 Kerzen, 46 Fenster)
    [----------] 1/46 GC 2026-07-01 22:30 UTC: 1800 Kerzen geholt
    [----------] 2/46 GC 2026-07-01 23:00 UTC: 1800 Kerzen geholt
    [#---------] 3/46 GC 2026-07-01 23:30 UTC: 1800 Kerzen geholt
    [#---------] 4/46 GC 2026-07-01 00:00 UTC: 1800 Kerzen geholt
    [#---------] 5/46 GC 2026-07-01 00:30 UTC: 1800 Kerzen geholt
    [#---------] 6/46 GC 2026-07-01 01:00 UTC: 1800 Kerzen geholt
    [##--------] 7/46 GC 2026-07-01 01:30 UTC: 1800 Kerzen geholt
    [##--------] 8/46 GC 2026-07-01 02:00 UTC: 1800 Kerzen geholt
    [##--------] 9/46 GC 2026-07-01 02:30 UTC: 1800 Kerzen geholt
    [##--------] 10/46 GC 2026-07-01 03:00 UTC: 1800 Kerzen geholt
    [##--------] 11/46 GC 2026-07-01 03:30 UTC: 1800 Kerzen geholt
    [###-------] 12/46 GC 2026-07-01 04:00 UTC: 1800 Kerzen geholt
    [###-------] 13/46 GC 2026-07-01 04:30 UTC: 1800 Kerzen geholt
    [###-------] 14/46 GC 2026-07-01 05:00 UTC: 1800 Kerzen geholt
    [###-------] 15/46 GC 2026-07-01 05:30 UTC: 1800 Kerzen geholt
    [###-------] 16/46 GC 2026-07-01 06:00 UTC: 1800 Kerzen geholt
    [####------] 17/46 GC 2026-07-01 06:30 UTC: 1800 Kerzen geholt
    [####------] 18/46 GC 2026-07-01 07:00 UTC: 1800 Kerzen geholt
    [####------] 19/46 GC 2026-07-01 07:30 UTC: 1800 Kerzen geholt
    [####------] 20/46 GC 2026-07-01 08:00 UTC: 1800 Kerzen geholt
    [#####-----] 21/46 GC 2026-07-01 08:30 UTC: 1800 Kerzen geholt
    [#####-----] 22/46 GC 2026-07-01 09:00 UTC: 1800 Kerzen geholt
    [#####-----] 23/46 GC 2026-07-01 09:30 UTC: 1800 Kerzen geholt
    [#####-----] 24/46 GC 2026-07-01 10:00 UTC: 1800 Kerzen geholt
    [#####-----] 25/46 GC 2026-07-01 10:30 UTC: 1800 Kerzen geholt
    [######----] 26/46 GC 2026-07-01 11:00 UTC: 1800 Kerzen geholt
    [######----] 27/46 GC 2026-07-01 11:30 UTC: 1800 Kerzen geholt
    [######----] 28/46 GC 2026-07-01 12:00 UTC: 1800 Kerzen geholt
    [######----] 29/46 GC 2026-07-01 12:30 UTC: 1800 Kerzen geholt
    [#######---] 30/46 GC 2026-07-01 13:00 UTC: 1800 Kerzen geholt
    [#######---] 31/46 GC 2026-07-01 13:30 UTC: 1800 Kerzen geholt
    [#######---] 32/46 GC 2026-07-01 14:00 UTC: 1800 Kerzen geholt
    [#######---] 33/46 GC 2026-07-01 14:30 UTC: 1800 Kerzen geholt
    [#######---] 34/46 GC 2026-07-01 15:00 UTC: 1800 Kerzen geholt
    [########--] 35/46 GC 2026-07-01 15:30 UTC: 1800 Kerzen geholt
    [########--] 36/46 GC 2026-07-01 16:00 UTC: 1800 Kerzen geholt
    [########--] 37/46 GC 2026-07-01 16:30 UTC: 1800 Kerzen geholt
    [########--] 38/46 GC 2026-07-01 17:00 UTC: 1800 Kerzen geholt
    [########--] 39/46 GC 2026-07-01 17:30 UTC: 1800 Kerzen geholt
    [#########-] 40/46 GC 2026-07-01 18:00 UTC: 1800 Kerzen geholt
    [#########-] 41/46 GC 2026-07-01 18:30 UTC: 1800 Kerzen geholt
    [#########-] 42/46 GC 2026-07-01 19:00 UTC: 1800 Kerzen geholt
    [#########-] 43/46 GC 2026-07-01 19:30 UTC: 1800 Kerzen geholt
    [##########] 44/46 GC 2026-07-01 20:00 UTC: 1800 Kerzen geholt
    [##########] 45/46 GC 2026-07-01 20:30 UTC: 1800 Kerzen geholt
    [##########] 46/46 GC 2026-07-01 21:00 UTC: 1800 Kerzen geholt
[#######---] 93/131 GC 2026-07-01: geschrieben (82800 Kerzen, 46 Fenster)
    [----------] 1/46 GC 2026-07-02 22:30 UTC: 1800 Kerzen geholt
    [----------] 2/46 GC 2026-07-02 23:00 UTC: 1800 Kerzen geholt
    [#---------] 3/46 GC 2026-07-02 23:30 UTC: 1800 Kerzen geholt
    [#---------] 4/46 GC 2026-07-02 00:00 UTC: 1800 Kerzen geholt
    [#---------] 5/46 GC 2026-07-02 00:30 UTC: 1800 Kerzen geholt
    [#---------] 6/46 GC 2026-07-02 01:00 UTC: 1800 Kerzen geholt
    [##--------] 7/46 GC 2026-07-02 01:30 UTC: 1800 Kerzen geholt
    [##--------] 8/46 GC 2026-07-02 02:00 UTC: 1800 Kerzen geholt
    [##--------] 9/46 GC 2026-07-02 02:30 UTC: 1800 Kerzen geholt
    [##--------] 10/46 GC 2026-07-02 03:00 UTC: 1800 Kerzen geholt
    [##--------] 11/46 GC 2026-07-02 03:30 UTC: 1800 Kerzen geholt
    [###-------] 12/46 GC 2026-07-02 04:00 UTC: 1800 Kerzen geholt
    [###-------] 13/46 GC 2026-07-02 04:30 UTC: 1800 Kerzen geholt
    [###-------] 14/46 GC 2026-07-02 05:00 UTC: 1800 Kerzen geholt
    [###-------] 15/46 GC 2026-07-02 05:30 UTC: 1800 Kerzen geholt
    [###-------] 16/46 GC 2026-07-02 06:00 UTC: 1800 Kerzen geholt
    [####------] 17/46 GC 2026-07-02 06:30 UTC: 1800 Kerzen geholt
    [####------] 18/46 GC 2026-07-02 07:00 UTC: 1800 Kerzen geholt
    [####------] 19/46 GC 2026-07-02 07:30 UTC: 1800 Kerzen geholt
    [####------] 20/46 GC 2026-07-02 08:00 UTC: 1800 Kerzen geholt
    [#####-----] 21/46 GC 2026-07-02 08:30 UTC: 1800 Kerzen geholt
    [#####-----] 22/46 GC 2026-07-02 09:00 UTC: 1800 Kerzen geholt
    [#####-----] 23/46 GC 2026-07-02 09:30 UTC: 1800 Kerzen geholt
    [#####-----] 24/46 GC 2026-07-02 10:00 UTC: 1800 Kerzen geholt
    [#####-----] 25/46 GC 2026-07-02 10:30 UTC: 1800 Kerzen geholt
    [######----] 26/46 GC 2026-07-02 11:00 UTC: 1800 Kerzen geholt
    [######----] 27/46 GC 2026-07-02 11:30 UTC: 1800 Kerzen geholt
    [######----] 28/46 GC 2026-07-02 12:00 UTC: 1800 Kerzen geholt
    [######----] 29/46 GC 2026-07-02 12:30 UTC: 1800 Kerzen geholt
    [#######---] 30/46 GC 2026-07-02 13:00 UTC: 1800 Kerzen geholt
    [#######---] 31/46 GC 2026-07-02 13:30 UTC: 1800 Kerzen geholt
    [#######---] 32/46 GC 2026-07-02 14:00 UTC: 1800 Kerzen geholt
    [#######---] 33/46 GC 2026-07-02 14:30 UTC: 1800 Kerzen geholt
    [#######---] 34/46 GC 2026-07-02 15:00 UTC: 1800 Kerzen geholt
    [########--] 35/46 GC 2026-07-02 15:30 UTC: 1800 Kerzen geholt
    [########--] 36/46 GC 2026-07-02 16:00 UTC: 1800 Kerzen geholt
    [########--] 37/46 GC 2026-07-02 16:30 UTC: 1800 Kerzen geholt
    [########--] 38/46 GC 2026-07-02 17:00 UTC: 1800 Kerzen geholt
    [########--] 39/46 GC 2026-07-02 17:30 UTC: 1800 Kerzen geholt
    [#########-] 40/46 GC 2026-07-02 18:00 UTC: 1800 Kerzen geholt
    [#########-] 41/46 GC 2026-07-02 18:30 UTC: 1800 Kerzen geholt
    [#########-] 42/46 GC 2026-07-02 19:00 UTC: 1800 Kerzen geholt
    [#########-] 43/46 GC 2026-07-02 19:30 UTC: 1800 Kerzen geholt
    [##########] 44/46 GC 2026-07-02 20:00 UTC: 1800 Kerzen geholt
    [##########] 45/46 GC 2026-07-02 20:30 UTC: 1800 Kerzen geholt
    [##########] 46/46 GC 2026-07-02 21:00 UTC: 1800 Kerzen geholt
[#######---] 94/131 GC 2026-07-02: geschrieben (82800 Kerzen, 46 Fenster)
    [----------] 1/46 GC 2026-07-03 22:30 UTC: 1800 Kerzen geholt
    [----------] 2/46 GC 2026-07-03 23:00 UTC: 1800 Kerzen geholt
    [#---------] 3/46 GC 2026-07-03 23:30 UTC: 1800 Kerzen geholt
    [#---------] 4/46 GC 2026-07-03 00:00 UTC: 1800 Kerzen geholt
    [#---------] 5/46 GC 2026-07-03 00:30 UTC: 1800 Kerzen geholt
    [#---------] 6/46 GC 2026-07-03 01:00 UTC: 1800 Kerzen geholt
    [##--------] 7/46 GC 2026-07-03 01:30 UTC: 1800 Kerzen geholt
    [##--------] 8/46 GC 2026-07-03 02:00 UTC: 1800 Kerzen geholt
    [##--------] 9/46 GC 2026-07-03 02:30 UTC: 1800 Kerzen geholt
    [##--------] 10/46 GC 2026-07-03 03:00 UTC: 1800 Kerzen geholt
    [##--------] 11/46 GC 2026-07-03 03:30 UTC: 1800 Kerzen geholt
    [###-------] 12/46 GC 2026-07-03 04:00 UTC: 1800 Kerzen geholt
    [###-------] 13/46 GC 2026-07-03 04:30 UTC: 1800 Kerzen geholt
    [###-------] 14/46 GC 2026-07-03 05:00 UTC: 1800 Kerzen geholt
    [###-------] 15/46 GC 2026-07-03 05:30 UTC: 1800 Kerzen geholt
    [###-------] 16/46 GC 2026-07-03 06:00 UTC: 1800 Kerzen geholt
    [####------] 17/46 GC 2026-07-03 06:30 UTC: 1800 Kerzen geholt
    [####------] 18/46 GC 2026-07-03 07:00 UTC: 1800 Kerzen geholt
    [####------] 19/46 GC 2026-07-03 07:30 UTC: 1800 Kerzen geholt
    [####------] 20/46 GC 2026-07-03 08:00 UTC: 1800 Kerzen geholt
    [#####-----] 21/46 GC 2026-07-03 08:30 UTC: 1800 Kerzen geholt
    [#####-----] 22/46 GC 2026-07-03 09:00 UTC: 1800 Kerzen geholt
    [#####-----] 23/46 GC 2026-07-03 09:30 UTC: 1800 Kerzen geholt
    [#####-----] 24/46 GC 2026-07-03 10:00 UTC: 1800 Kerzen geholt
    [#####-----] 25/46 GC 2026-07-03 10:30 UTC: 1800 Kerzen geholt
    [######----] 26/46 GC 2026-07-03 11:00 UTC: 1800 Kerzen geholt
    [######----] 27/46 GC 2026-07-03 11:30 UTC: 1800 Kerzen geholt
    [######----] 28/46 GC 2026-07-03 12:00 UTC: 1800 Kerzen geholt
    [######----] 29/46 GC 2026-07-03 12:30 UTC: 1800 Kerzen geholt
    [#######---] 30/46 GC 2026-07-03 13:00 UTC: 1800 Kerzen geholt
    [#######---] 31/46 GC 2026-07-03 13:30 UTC: 1800 Kerzen geholt
    [#######---] 32/46 GC 2026-07-03 14:00 UTC: 1800 Kerzen geholt
    [#######---] 33/46 GC 2026-07-03 14:30 UTC: 1800 Kerzen geholt
    [#######---] 34/46 GC 2026-07-03 15:00 UTC: 1800 Kerzen geholt
    [########--] 35/46 GC 2026-07-03 15:30 UTC: 1800 Kerzen geholt
    [########--] 36/46 GC 2026-07-03 16:00 UTC: 1800 Kerzen geholt
    [########--] 37/46 GC 2026-07-03 16:30 UTC: 1800 Kerzen geholt
    [########--] 38/46 GC 2026-07-03 17:00 UTC: 1800 Kerzen geholt
    [########--] 39/46 GC 2026-07-03 17:30 UTC: 1800 Kerzen geholt
    [#########-] 40/46 GC 2026-07-03 18:00 UTC: 1800 Kerzen geholt
    [#########-] 41/46 GC 2026-07-03 18:30 UTC: 1800 Kerzen geholt
    [#########-] 42/46 GC 2026-07-03 19:00 UTC: 1800 Kerzen geholt
    [#########-] 43/46 GC 2026-07-03 19:30 UTC: 1800 Kerzen geholt
    [##########] 44/46 GC 2026-07-03 20:00 UTC: 1800 Kerzen geholt
    [##########] 45/46 GC 2026-07-03 20:30 UTC: 1800 Kerzen geholt
    [##########] 46/46 GC 2026-07-03 21:00 UTC: 1800 Kerzen geholt
[#######---] 95/131 GC 2026-07-03: geschrieben (68400 Kerzen, 46 Fenster)
    [----------] 1/46 GC 2026-07-06 22:30 UTC: 1800 Kerzen geholt
    [----------] 2/46 GC 2026-07-06 23:00 UTC: 1800 Kerzen geholt
    [#---------] 3/46 GC 2026-07-06 23:30 UTC: 1800 Kerzen geholt
    [#---------] 4/46 GC 2026-07-06 00:00 UTC: 1800 Kerzen geholt
    [#---------] 5/46 GC 2026-07-06 00:30 UTC: 1800 Kerzen geholt
    [#---------] 6/46 GC 2026-07-06 01:00 UTC: 1800 Kerzen geholt
    [##--------] 7/46 GC 2026-07-06 01:30 UTC: 1800 Kerzen geholt
    [##--------] 8/46 GC 2026-07-06 02:00 UTC: 1800 Kerzen geholt
    [##--------] 9/46 GC 2026-07-06 02:30 UTC: 1800 Kerzen geholt
    [##--------] 10/46 GC 2026-07-06 03:00 UTC: 1800 Kerzen geholt
    [##--------] 11/46 GC 2026-07-06 03:30 UTC: 1800 Kerzen geholt
    [###-------] 12/46 GC 2026-07-06 04:00 UTC: 1800 Kerzen geholt
    [###-------] 13/46 GC 2026-07-06 04:30 UTC: 1800 Kerzen geholt
    [###-------] 14/46 GC 2026-07-06 05:00 UTC: 1800 Kerzen geholt
    [###-------] 15/46 GC 2026-07-06 05:30 UTC: 1800 Kerzen geholt
    [###-------] 16/46 GC 2026-07-06 06:00 UTC: 1800 Kerzen geholt
    [####------] 17/46 GC 2026-07-06 06:30 UTC: 1800 Kerzen geholt
    [####------] 18/46 GC 2026-07-06 07:00 UTC: 1800 Kerzen geholt
    [####------] 19/46 GC 2026-07-06 07:30 UTC: 1800 Kerzen geholt
    [####------] 20/46 GC 2026-07-06 08:00 UTC: 1800 Kerzen geholt
    [#####-----] 21/46 GC 2026-07-06 08:30 UTC: 1800 Kerzen geholt
    [#####-----] 22/46 GC 2026-07-06 09:00 UTC: 1800 Kerzen geholt
    [#####-----] 23/46 GC 2026-07-06 09:30 UTC: 1800 Kerzen geholt
    [#####-----] 24/46 GC 2026-07-06 10:00 UTC: 1800 Kerzen geholt
    [#####-----] 25/46 GC 2026-07-06 10:30 UTC: 1800 Kerzen geholt
    [######----] 26/46 GC 2026-07-06 11:00 UTC: 1800 Kerzen geholt
    [######----] 27/46 GC 2026-07-06 11:30 UTC: 1800 Kerzen geholt
    [######----] 28/46 GC 2026-07-06 12:00 UTC: 1800 Kerzen geholt
    [######----] 29/46 GC 2026-07-06 12:30 UTC: 1800 Kerzen geholt
    [#######---] 30/46 GC 2026-07-06 13:00 UTC: 1800 Kerzen geholt
    [#######---] 31/46 GC 2026-07-06 13:30 UTC: 1800 Kerzen geholt
    [#######---] 32/46 GC 2026-07-06 14:00 UTC: 1800 Kerzen geholt
    [#######---] 33/46 GC 2026-07-06 14:30 UTC: 1800 Kerzen geholt
    [#######---] 34/46 GC 2026-07-06 15:00 UTC: 1800 Kerzen geholt
    [########--] 35/46 GC 2026-07-06 15:30 UTC: 1800 Kerzen geholt
    [########--] 36/46 GC 2026-07-06 16:00 UTC: 1800 Kerzen geholt
    [########--] 37/46 GC 2026-07-06 16:30 UTC: 1800 Kerzen geholt
    [########--] 38/46 GC 2026-07-06 17:00 UTC: 1800 Kerzen geholt
    [########--] 39/46 GC 2026-07-06 17:30 UTC: 1800 Kerzen geholt
    [#########-] 40/46 GC 2026-07-06 18:00 UTC: 1800 Kerzen geholt
    [#########-] 41/46 GC 2026-07-06 18:30 UTC: 1800 Kerzen geholt
    [#########-] 42/46 GC 2026-07-06 19:00 UTC: 1800 Kerzen geholt
    [#########-] 43/46 GC 2026-07-06 19:30 UTC: 1800 Kerzen geholt
    [##########] 44/46 GC 2026-07-06 20:00 UTC: 1800 Kerzen geholt
    [##########] 45/46 GC 2026-07-06 20:30 UTC: 1800 Kerzen geholt
    [##########] 46/46 GC 2026-07-06 21:00 UTC: 1800 Kerzen geholt
[#######---] 96/131 GC 2026-07-06: geschrieben (82800 Kerzen, 46 Fenster)
    [----------] 1/46 GC 2026-07-07 22:30 UTC: 1800 Kerzen geholt
    [----------] 2/46 GC 2026-07-07 23:00 UTC: 1800 Kerzen geholt
    [#---------] 3/46 GC 2026-07-07 23:30 UTC: 1800 Kerzen geholt
    [#---------] 4/46 GC 2026-07-07 00:00 UTC: 1800 Kerzen geholt
    [#---------] 5/46 GC 2026-07-07 00:30 UTC: 1800 Kerzen geholt
    [#---------] 6/46 GC 2026-07-07 01:00 UTC: 1800 Kerzen geholt
    [##--------] 7/46 GC 2026-07-07 01:30 UTC: 1800 Kerzen geholt
    [##--------] 8/46 GC 2026-07-07 02:00 UTC: 1800 Kerzen geholt
    [##--------] 9/46 GC 2026-07-07 02:30 UTC: 1800 Kerzen geholt
    [##--------] 10/46 GC 2026-07-07 03:00 UTC: 1800 Kerzen geholt
    [##--------] 11/46 GC 2026-07-07 03:30 UTC: 1800 Kerzen geholt
    [###-------] 12/46 GC 2026-07-07 04:00 UTC: 1800 Kerzen geholt
    [###-------] 13/46 GC 2026-07-07 04:30 UTC: 1800 Kerzen geholt
    [###-------] 14/46 GC 2026-07-07 05:00 UTC: 1800 Kerzen geholt
    [###-------] 15/46 GC 2026-07-07 05:30 UTC: 1800 Kerzen geholt
    [###-------] 16/46 GC 2026-07-07 06:00 UTC: 1800 Kerzen geholt
    [####------] 17/46 GC 2026-07-07 06:30 UTC: 1800 Kerzen geholt
    [####------] 18/46 GC 2026-07-07 07:00 UTC: 1800 Kerzen geholt
    [####------] 19/46 GC 2026-07-07 07:30 UTC: 1800 Kerzen geholt
    [####------] 20/46 GC 2026-07-07 08:00 UTC: 1800 Kerzen geholt
    [#####-----] 21/46 GC 2026-07-07 08:30 UTC: 1800 Kerzen geholt
    [#####-----] 22/46 GC 2026-07-07 09:00 UTC: 1800 Kerzen geholt
    [#####-----] 23/46 GC 2026-07-07 09:30 UTC: 1800 Kerzen geholt
    [#####-----] 24/46 GC 2026-07-07 10:00 UTC: 1800 Kerzen geholt
    [#####-----] 25/46 GC 2026-07-07 10:30 UTC: 1800 Kerzen geholt
    [######----] 26/46 GC 2026-07-07 11:00 UTC: 1800 Kerzen geholt
    [######----] 27/46 GC 2026-07-07 11:30 UTC: 1800 Kerzen geholt
    [######----] 28/46 GC 2026-07-07 12:00 UTC: 1800 Kerzen geholt
    [######----] 29/46 GC 2026-07-07 12:30 UTC: 1800 Kerzen geholt
    [#######---] 30/46 GC 2026-07-07 13:00 UTC: 1800 Kerzen geholt
    [#######---] 31/46 GC 2026-07-07 13:30 UTC: 1800 Kerzen geholt
    [#######---] 32/46 GC 2026-07-07 14:00 UTC: 1800 Kerzen geholt
    [#######---] 33/46 GC 2026-07-07 14:30 UTC: 1800 Kerzen geholt
    [#######---] 34/46 GC 2026-07-07 15:00 UTC: 1800 Kerzen geholt
    [########--] 35/46 GC 2026-07-07 15:30 UTC: 1800 Kerzen geholt
    [########--] 36/46 GC 2026-07-07 16:00 UTC: 1800 Kerzen geholt
    [########--] 37/46 GC 2026-07-07 16:30 UTC: 1800 Kerzen geholt
    [########--] 38/46 GC 2026-07-07 17:00 UTC: 1800 Kerzen geholt
    [########--] 39/46 GC 2026-07-07 17:30 UTC: 1800 Kerzen geholt
    [#########-] 40/46 GC 2026-07-07 18:00 UTC: 1800 Kerzen geholt
    [#########-] 41/46 GC 2026-07-07 18:30 UTC: 1800 Kerzen geholt
    [#########-] 42/46 GC 2026-07-07 19:00 UTC: 1800 Kerzen geholt
    [#########-] 43/46 GC 2026-07-07 19:30 UTC: 1800 Kerzen geholt
    [##########] 44/46 GC 2026-07-07 20:00 UTC: 1800 Kerzen geholt
    [##########] 45/46 GC 2026-07-07 20:30 UTC: 1800 Kerzen geholt
    [##########] 46/46 GC 2026-07-07 21:00 UTC: 1800 Kerzen geholt
[#######---] 97/131 GC 2026-07-07: geschrieben (82800 Kerzen, 46 Fenster)
    [----------] 1/46 GC 2026-07-08 22:30 UTC: 1800 Kerzen geholt
    [----------] 2/46 GC 2026-07-08 23:00 UTC: 1800 Kerzen geholt
    [#---------] 3/46 GC 2026-07-08 23:30 UTC: 1800 Kerzen geholt
    [#---------] 4/46 GC 2026-07-08 00:00 UTC: 1800 Kerzen geholt
    [#---------] 5/46 GC 2026-07-08 00:30 UTC: 1800 Kerzen geholt
    [#---------] 6/46 GC 2026-07-08 01:00 UTC: 1800 Kerzen geholt
    [##--------] 7/46 GC 2026-07-08 01:30 UTC: 1800 Kerzen geholt
    [##--------] 8/46 GC 2026-07-08 02:00 UTC: 1800 Kerzen geholt
    [##--------] 9/46 GC 2026-07-08 02:30 UTC: 1800 Kerzen geholt
    [##--------] 10/46 GC 2026-07-08 03:00 UTC: 1800 Kerzen geholt
    [##--------] 11/46 GC 2026-07-08 03:30 UTC: 1800 Kerzen geholt
    [###-------] 12/46 GC 2026-07-08 04:00 UTC: 1800 Kerzen geholt
    [###-------] 13/46 GC 2026-07-08 04:30 UTC: 1800 Kerzen geholt
    [###-------] 14/46 GC 2026-07-08 05:00 UTC: 1800 Kerzen geholt
    [###-------] 15/46 GC 2026-07-08 05:30 UTC: 1800 Kerzen geholt
    [###-------] 16/46 GC 2026-07-08 06:00 UTC: 1800 Kerzen geholt
    [####------] 17/46 GC 2026-07-08 06:30 UTC: 1800 Kerzen geholt
    [####------] 18/46 GC 2026-07-08 07:00 UTC: 1800 Kerzen geholt
    [####------] 19/46 GC 2026-07-08 07:30 UTC: 1800 Kerzen geholt
    [####------] 20/46 GC 2026-07-08 08:00 UTC: 1800 Kerzen geholt
    [#####-----] 21/46 GC 2026-07-08 08:30 UTC: 1800 Kerzen geholt
    [#####-----] 22/46 GC 2026-07-08 09:00 UTC: 1800 Kerzen geholt
    [#####-----] 23/46 GC 2026-07-08 09:30 UTC: 1800 Kerzen geholt
    [#####-----] 24/46 GC 2026-07-08 10:00 UTC: 1800 Kerzen geholt
    [#####-----] 25/46 GC 2026-07-08 10:30 UTC: 1800 Kerzen geholt
    [######----] 26/46 GC 2026-07-08 11:00 UTC: 1800 Kerzen geholt
    [######----] 27/46 GC 2026-07-08 11:30 UTC: 1800 Kerzen geholt
    [######----] 28/46 GC 2026-07-08 12:00 UTC: 1800 Kerzen geholt
    [######----] 29/46 GC 2026-07-08 12:30 UTC: 1800 Kerzen geholt
    [#######---] 30/46 GC 2026-07-08 13:00 UTC: 1800 Kerzen geholt
    [#######---] 31/46 GC 2026-07-08 13:30 UTC: 1800 Kerzen geholt
    [#######---] 32/46 GC 2026-07-08 14:00 UTC: 1800 Kerzen geholt
    [#######---] 33/46 GC 2026-07-08 14:30 UTC: 1800 Kerzen geholt
    [#######---] 34/46 GC 2026-07-08 15:00 UTC: 1800 Kerzen geholt
    [########--] 35/46 GC 2026-07-08 15:30 UTC: 1800 Kerzen geholt
    [########--] 36/46 GC 2026-07-08 16:00 UTC: 1800 Kerzen geholt
    [########--] 37/46 GC 2026-07-08 16:30 UTC: 1800 Kerzen geholt
    [########--] 38/46 GC 2026-07-08 17:00 UTC: 1800 Kerzen geholt
    [########--] 39/46 GC 2026-07-08 17:30 UTC: 1800 Kerzen geholt
    [#########-] 40/46 GC 2026-07-08 18:00 UTC: 1800 Kerzen geholt
    [#########-] 41/46 GC 2026-07-08 18:30 UTC: 1800 Kerzen geholt
    [#########-] 42/46 GC 2026-07-08 19:00 UTC: 1800 Kerzen geholt
    [#########-] 43/46 GC 2026-07-08 19:30 UTC: 1800 Kerzen geholt
    [##########] 44/46 GC 2026-07-08 20:00 UTC: 1800 Kerzen geholt
    [##########] 45/46 GC 2026-07-08 20:30 UTC: 1800 Kerzen geholt
    [##########] 46/46 GC 2026-07-08 21:00 UTC: 1800 Kerzen geholt
[#######---] 98/131 GC 2026-07-08: geschrieben (82800 Kerzen, 46 Fenster)
    [----------] 1/46 GC 2026-07-09 22:30 UTC: 1800 Kerzen geholt
    [----------] 2/46 GC 2026-07-09 23:00 UTC: 1800 Kerzen geholt
    [#---------] 3/46 GC 2026-07-09 23:30 UTC: 1800 Kerzen geholt
    [#---------] 4/46 GC 2026-07-09 00:00 UTC: 1800 Kerzen geholt
    [#---------] 5/46 GC 2026-07-09 00:30 UTC: 1800 Kerzen geholt
    [#---------] 6/46 GC 2026-07-09 01:00 UTC: 1800 Kerzen geholt
    [##--------] 7/46 GC 2026-07-09 01:30 UTC: 1800 Kerzen geholt
    [##--------] 8/46 GC 2026-07-09 02:00 UTC: 1800 Kerzen geholt
    [##--------] 9/46 GC 2026-07-09 02:30 UTC: 1800 Kerzen geholt
    [##--------] 10/46 GC 2026-07-09 03:00 UTC: 1800 Kerzen geholt
    [##--------] 11/46 GC 2026-07-09 03:30 UTC: 1800 Kerzen geholt
    [###-------] 12/46 GC 2026-07-09 04:00 UTC: 1800 Kerzen geholt
    [###-------] 13/46 GC 2026-07-09 04:30 UTC: 1800 Kerzen geholt
    [###-------] 14/46 GC 2026-07-09 05:00 UTC: 1800 Kerzen geholt
    [###-------] 15/46 GC 2026-07-09 05:30 UTC: 1800 Kerzen geholt
    [###-------] 16/46 GC 2026-07-09 06:00 UTC: 1800 Kerzen geholt
    [####------] 17/46 GC 2026-07-09 06:30 UTC: 1800 Kerzen geholt
    [####------] 18/46 GC 2026-07-09 07:00 UTC: 1800 Kerzen geholt
    [####------] 19/46 GC 2026-07-09 07:30 UTC: 1800 Kerzen geholt
    [####------] 20/46 GC 2026-07-09 08:00 UTC: 1800 Kerzen geholt
    [#####-----] 21/46 GC 2026-07-09 08:30 UTC: 1800 Kerzen geholt
    [#####-----] 22/46 GC 2026-07-09 09:00 UTC: 1800 Kerzen geholt
    [#####-----] 23/46 GC 2026-07-09 09:30 UTC: 1800 Kerzen geholt
    [#####-----] 24/46 GC 2026-07-09 10:00 UTC: 1800 Kerzen geholt
    [#####-----] 25/46 GC 2026-07-09 10:30 UTC: 1800 Kerzen geholt
    [######----] 26/46 GC 2026-07-09 11:00 UTC: 1800 Kerzen geholt
    [######----] 27/46 GC 2026-07-09 11:30 UTC: 1800 Kerzen geholt
    [######----] 28/46 GC 2026-07-09 12:00 UTC: 1800 Kerzen geholt
    [######----] 29/46 GC 2026-07-09 12:30 UTC: 1800 Kerzen geholt
    [#######---] 30/46 GC 2026-07-09 13:00 UTC: 1800 Kerzen geholt
    [#######---] 31/46 GC 2026-07-09 13:30 UTC: 1800 Kerzen geholt
    [#######---] 32/46 GC 2026-07-09 14:00 UTC: 1800 Kerzen geholt
    [#######---] 33/46 GC 2026-07-09 14:30 UTC: 1800 Kerzen geholt
    [#######---] 34/46 GC 2026-07-09 15:00 UTC: 1800 Kerzen geholt
    [########--] 35/46 GC 2026-07-09 15:30 UTC: 1800 Kerzen geholt
    [########--] 36/46 GC 2026-07-09 16:00 UTC: 1800 Kerzen geholt
    [########--] 37/46 GC 2026-07-09 16:30 UTC: 1800 Kerzen geholt
    [########--] 38/46 GC 2026-07-09 17:00 UTC: 1800 Kerzen geholt
    [########--] 39/46 GC 2026-07-09 17:30 UTC: 1800 Kerzen geholt
    [#########-] 40/46 GC 2026-07-09 18:00 UTC: 1800 Kerzen geholt
    [#########-] 41/46 GC 2026-07-09 18:30 UTC: 1800 Kerzen geholt
    [#########-] 42/46 GC 2026-07-09 19:00 UTC: 1800 Kerzen geholt
    [#########-] 43/46 GC 2026-07-09 19:30 UTC: 1800 Kerzen geholt
    [##########] 44/46 GC 2026-07-09 20:00 UTC: 1800 Kerzen geholt
    [##########] 45/46 GC 2026-07-09 20:30 UTC: 1800 Kerzen geholt
    [##########] 46/46 GC 2026-07-09 21:00 UTC: 1800 Kerzen geholt
[########--] 99/131 GC 2026-07-09: geschrieben (82800 Kerzen, 46 Fenster)
    [----------] 1/46 GC 2026-07-10 22:30 UTC: 1800 Kerzen geholt
    [----------] 2/46 GC 2026-07-10 23:00 UTC: 1800 Kerzen geholt
    [#---------] 3/46 GC 2026-07-10 23:30 UTC: 1800 Kerzen geholt
    [#---------] 4/46 GC 2026-07-10 00:00 UTC: 1800 Kerzen geholt
    [#---------] 5/46 GC 2026-07-10 00:30 UTC: 1800 Kerzen geholt
    [#---------] 6/46 GC 2026-07-10 01:00 UTC: 1800 Kerzen geholt
    [##--------] 7/46 GC 2026-07-10 01:30 UTC: 1800 Kerzen geholt
    [##--------] 8/46 GC 2026-07-10 02:00 UTC: 1800 Kerzen geholt
    [##--------] 9/46 GC 2026-07-10 02:30 UTC: 1800 Kerzen geholt
    [##--------] 10/46 GC 2026-07-10 03:00 UTC: 1800 Kerzen geholt
    [##--------] 11/46 GC 2026-07-10 03:30 UTC: 1800 Kerzen geholt
    [###-------] 12/46 GC 2026-07-10 04:00 UTC: 1800 Kerzen geholt
    [###-------] 13/46 GC 2026-07-10 04:30 UTC: 1800 Kerzen geholt
    [###-------] 14/46 GC 2026-07-10 05:00 UTC: 1800 Kerzen geholt
    [###-------] 15/46 GC 2026-07-10 05:30 UTC: 1800 Kerzen geholt
    [###-------] 16/46 GC 2026-07-10 06:00 UTC: 1800 Kerzen geholt
    [####------] 17/46 GC 2026-07-10 06:30 UTC: 1800 Kerzen geholt
    [####------] 18/46 GC 2026-07-10 07:00 UTC: 1800 Kerzen geholt
    [####------] 19/46 GC 2026-07-10 07:30 UTC: 1800 Kerzen geholt
    [####------] 20/46 GC 2026-07-10 08:00 UTC: 1800 Kerzen geholt
    [#####-----] 21/46 GC 2026-07-10 08:30 UTC: 1800 Kerzen geholt
    [#####-----] 22/46 GC 2026-07-10 09:00 UTC: 1800 Kerzen geholt
    [#####-----] 23/46 GC 2026-07-10 09:30 UTC: 1800 Kerzen geholt
    [#####-----] 24/46 GC 2026-07-10 10:00 UTC: 1800 Kerzen geholt
    [#####-----] 25/46 GC 2026-07-10 10:30 UTC: 1800 Kerzen geholt
    [######----] 26/46 GC 2026-07-10 11:00 UTC: 1800 Kerzen geholt
    [######----] 27/46 GC 2026-07-10 11:30 UTC: 1800 Kerzen geholt
    [######----] 28/46 GC 2026-07-10 12:00 UTC: 1800 Kerzen geholt
    [######----] 29/46 GC 2026-07-10 12:30 UTC: 1800 Kerzen geholt
    [#######---] 30/46 GC 2026-07-10 13:00 UTC: 1800 Kerzen geholt
    [#######---] 31/46 GC 2026-07-10 13:30 UTC: 1800 Kerzen geholt
    [#######---] 32/46 GC 2026-07-10 14:00 UTC: 1800 Kerzen geholt
    [#######---] 33/46 GC 2026-07-10 14:30 UTC: 1800 Kerzen geholt
    [#######---] 34/46 GC 2026-07-10 15:00 UTC: 1800 Kerzen geholt
    [########--] 35/46 GC 2026-07-10 15:30 UTC: 1800 Kerzen geholt
    [########--] 36/46 GC 2026-07-10 16:00 UTC: 1800 Kerzen geholt
    [########--] 37/46 GC 2026-07-10 16:30 UTC: 1800 Kerzen geholt
    [########--] 38/46 GC 2026-07-10 17:00 UTC: 1800 Kerzen geholt
    [########--] 39/46 GC 2026-07-10 17:30 UTC: 1800 Kerzen geholt
    [#########-] 40/46 GC 2026-07-10 18:00 UTC: 1800 Kerzen geholt
    [#########-] 41/46 GC 2026-07-10 18:30 UTC: 1800 Kerzen geholt
    [#########-] 42/46 GC 2026-07-10 19:00 UTC: 1800 Kerzen geholt
    [#########-] 43/46 GC 2026-07-10 19:30 UTC: 1800 Kerzen geholt
    [##########] 44/46 GC 2026-07-10 20:00 UTC: 1800 Kerzen geholt
    [##########] 45/46 GC 2026-07-10 20:30 UTC: 1800 Kerzen geholt
    [##########] 46/46 GC 2026-07-10 21:00 UTC: 1800 Kerzen geholt
[########--] 100/131 GC 2026-07-10: geschrieben (82800 Kerzen, 46 Fenster)
    [----------] 1/46 GC 2026-07-13 22:30 UTC: 1800 Kerzen geholt
    [----------] 2/46 GC 2026-07-13 23:00 UTC: 1800 Kerzen geholt
    [#---------] 3/46 GC 2026-07-13 23:30 UTC: 1800 Kerzen geholt
    [#---------] 4/46 GC 2026-07-13 00:00 UTC: 1800 Kerzen geholt
    [#---------] 5/46 GC 2026-07-13 00:30 UTC: 1800 Kerzen geholt
    [#---------] 6/46 GC 2026-07-13 01:00 UTC: 1800 Kerzen geholt
    [##--------] 7/46 GC 2026-07-13 01:30 UTC: 1800 Kerzen geholt
    [##--------] 8/46 GC 2026-07-13 02:00 UTC: 1800 Kerzen geholt
    [##--------] 9/46 GC 2026-07-13 02:30 UTC: 1800 Kerzen geholt
    [##--------] 10/46 GC 2026-07-13 03:00 UTC: 1800 Kerzen geholt
    [##--------] 11/46 GC 2026-07-13 03:30 UTC: 1800 Kerzen geholt
    [###-------] 12/46 GC 2026-07-13 04:00 UTC: 1800 Kerzen geholt
    [###-------] 13/46 GC 2026-07-13 04:30 UTC: 1800 Kerzen geholt
    [###-------] 14/46 GC 2026-07-13 05:00 UTC: 1800 Kerzen geholt
    [###-------] 15/46 GC 2026-07-13 05:30 UTC: 1800 Kerzen geholt
    [###-------] 16/46 GC 2026-07-13 06:00 UTC: 1800 Kerzen geholt
    [####------] 17/46 GC 2026-07-13 06:30 UTC: 1800 Kerzen geholt
    [####------] 18/46 GC 2026-07-13 07:00 UTC: 1800 Kerzen geholt
    [####------] 19/46 GC 2026-07-13 07:30 UTC: 1800 Kerzen geholt
    [####------] 20/46 GC 2026-07-13 08:00 UTC: 1800 Kerzen geholt
    [#####-----] 21/46 GC 2026-07-13 08:30 UTC: 1800 Kerzen geholt
    [#####-----] 22/46 GC 2026-07-13 09:00 UTC: 1800 Kerzen geholt
    [#####-----] 23/46 GC 2026-07-13 09:30 UTC: 1800 Kerzen geholt
    [#####-----] 24/46 GC 2026-07-13 10:00 UTC: 1800 Kerzen geholt
    [#####-----] 25/46 GC 2026-07-13 10:30 UTC: 1800 Kerzen geholt
    [######----] 26/46 GC 2026-07-13 11:00 UTC: 1800 Kerzen geholt
    [######----] 27/46 GC 2026-07-13 11:30 UTC: 1800 Kerzen geholt
    [######----] 28/46 GC 2026-07-13 12:00 UTC: 1800 Kerzen geholt
    [######----] 29/46 GC 2026-07-13 12:30 UTC: 1800 Kerzen geholt
    [#######---] 30/46 GC 2026-07-13 13:00 UTC: 1800 Kerzen geholt
    [#######---] 31/46 GC 2026-07-13 13:30 UTC: 1800 Kerzen geholt
    [#######---] 32/46 GC 2026-07-13 14:00 UTC: 1800 Kerzen geholt
    [#######---] 33/46 GC 2026-07-13 14:30 UTC: 1800 Kerzen geholt
    [#######---] 34/46 GC 2026-07-13 15:00 UTC: 1800 Kerzen geholt
    [########--] 35/46 GC 2026-07-13 15:30 UTC: 1800 Kerzen geholt
    [########--] 36/46 GC 2026-07-13 16:00 UTC: 1800 Kerzen geholt
    [########--] 37/46 GC 2026-07-13 16:30 UTC: 1800 Kerzen geholt
    [########--] 38/46 GC 2026-07-13 17:00 UTC: 1800 Kerzen geholt
    [########--] 39/46 GC 2026-07-13 17:30 UTC: 1800 Kerzen geholt
    [#########-] 40/46 GC 2026-07-13 18:00 UTC: 1800 Kerzen geholt
    [#########-] 41/46 GC 2026-07-13 18:30 UTC: 1800 Kerzen geholt
    [#########-] 42/46 GC 2026-07-13 19:00 UTC: 1800 Kerzen geholt
    [#########-] 43/46 GC 2026-07-13 19:30 UTC: 1800 Kerzen geholt
    [##########] 44/46 GC 2026-07-13 20:00 UTC: 1800 Kerzen geholt
    [##########] 45/46 GC 2026-07-13 20:30 UTC: 1800 Kerzen geholt
    [##########] 46/46 GC 2026-07-13 21:00 UTC: 1800 Kerzen geholt
[########--] 101/131 GC 2026-07-13: geschrieben (82800 Kerzen, 46 Fenster)
    [----------] 1/46 GC 2026-07-14 22:30 UTC: 1800 Kerzen geholt
    [----------] 2/46 GC 2026-07-14 23:00 UTC: 1800 Kerzen geholt
    [#---------] 3/46 GC 2026-07-14 23:30 UTC: 1800 Kerzen geholt
    [#---------] 4/46 GC 2026-07-14 00:00 UTC: 1800 Kerzen geholt
    [#---------] 5/46 GC 2026-07-14 00:30 UTC: 1800 Kerzen geholt
    [#---------] 6/46 GC 2026-07-14 01:00 UTC: 1800 Kerzen geholt
    [##--------] 7/46 GC 2026-07-14 01:30 UTC: 1800 Kerzen geholt
    [##--------] 8/46 GC 2026-07-14 02:00 UTC: 1800 Kerzen geholt
    [##--------] 9/46 GC 2026-07-14 02:30 UTC: 1800 Kerzen geholt
    [##--------] 10/46 GC 2026-07-14 03:00 UTC: 1800 Kerzen geholt
    [##--------] 11/46 GC 2026-07-14 03:30 UTC: 1800 Kerzen geholt
    [###-------] 12/46 GC 2026-07-14 04:00 UTC: 1800 Kerzen geholt
    [###-------] 13/46 GC 2026-07-14 04:30 UTC: 1800 Kerzen geholt
    [###-------] 14/46 GC 2026-07-14 05:00 UTC: 1800 Kerzen geholt
    [###-------] 15/46 GC 2026-07-14 05:30 UTC: 1800 Kerzen geholt
    [###-------] 16/46 GC 2026-07-14 06:00 UTC: 1800 Kerzen geholt
    [####------] 17/46 GC 2026-07-14 06:30 UTC: 1800 Kerzen geholt
    [####------] 18/46 GC 2026-07-14 07:00 UTC: 1800 Kerzen geholt
    [####------] 19/46 GC 2026-07-14 07:30 UTC: 1800 Kerzen geholt
    [####------] 20/46 GC 2026-07-14 08:00 UTC: 1800 Kerzen geholt
    [#####-----] 21/46 GC 2026-07-14 08:30 UTC: 1800 Kerzen geholt
    [#####-----] 22/46 GC 2026-07-14 09:00 UTC: 1800 Kerzen geholt
    [#####-----] 23/46 GC 2026-07-14 09:30 UTC: 1800 Kerzen geholt
    [#####-----] 24/46 GC 2026-07-14 10:00 UTC: 1800 Kerzen geholt
    [#####-----] 25/46 GC 2026-07-14 10:30 UTC: 1800 Kerzen geholt
    [######----] 26/46 GC 2026-07-14 11:00 UTC: 1800 Kerzen geholt
    [######----] 27/46 GC 2026-07-14 11:30 UTC: 1800 Kerzen geholt
    [######----] 28/46 GC 2026-07-14 12:00 UTC: 1800 Kerzen geholt
    [######----] 29/46 GC 2026-07-14 12:30 UTC: 1800 Kerzen geholt
    [#######---] 30/46 GC 2026-07-14 13:00 UTC: 1800 Kerzen geholt
    [#######---] 31/46 GC 2026-07-14 13:30 UTC: 1800 Kerzen geholt
    [#######---] 32/46 GC 2026-07-14 14:00 UTC: 1800 Kerzen geholt
    [#######---] 33/46 GC 2026-07-14 14:30 UTC: 1800 Kerzen geholt
    [#######---] 34/46 GC 2026-07-14 15:00 UTC: 1800 Kerzen geholt
    [########--] 35/46 GC 2026-07-14 15:30 UTC: 1800 Kerzen geholt
    [########--] 36/46 GC 2026-07-14 16:00 UTC: 1800 Kerzen geholt
    [########--] 37/46 GC 2026-07-14 16:30 UTC: 1800 Kerzen geholt
    [########--] 38/46 GC 2026-07-14 17:00 UTC: 1800 Kerzen geholt
    [########--] 39/46 GC 2026-07-14 17:30 UTC: 1800 Kerzen geholt
    [#########-] 40/46 GC 2026-07-14 18:00 UTC: 1800 Kerzen geholt
    [#########-] 41/46 GC 2026-07-14 18:30 UTC: 1800 Kerzen geholt
    [#########-] 42/46 GC 2026-07-14 19:00 UTC: 1800 Kerzen geholt
    [#########-] 43/46 GC 2026-07-14 19:30 UTC: 1800 Kerzen geholt
    [##########] 44/46 GC 2026-07-14 20:00 UTC: 1800 Kerzen geholt
    [##########] 45/46 GC 2026-07-14 20:30 UTC: 1800 Kerzen geholt
    [##########] 46/46 GC 2026-07-14 21:00 UTC: 1800 Kerzen geholt
[########--] 102/131 GC 2026-07-14: geschrieben (82800 Kerzen, 46 Fenster)
    [----------] 1/46 GC 2026-07-15 22:30 UTC: 1800 Kerzen geholt
    [----------] 2/46 GC 2026-07-15 23:00 UTC: 1800 Kerzen geholt
    [#---------] 3/46 GC 2026-07-15 23:30 UTC: 1800 Kerzen geholt
    [#---------] 4/46 GC 2026-07-15 00:00 UTC: 1800 Kerzen geholt
    [#---------] 5/46 GC 2026-07-15 00:30 UTC: 1800 Kerzen geholt
  ! GC Fenster bis 2026-07-15 01:00:00+00:00: Versuch 1/3 fehlgeschlagen ([(162, 'Historical Market Data Service error message:Historical data request pacing violation')])
    [#---------] 6/46 GC 2026-07-15 01:00 UTC: 1800 Kerzen geholt
    [##--------] 7/46 GC 2026-07-15 01:30 UTC: 1800 Kerzen geholt
    [##--------] 8/46 GC 2026-07-15 02:00 UTC: 1800 Kerzen geholt
    [##--------] 9/46 GC 2026-07-15 02:30 UTC: 1800 Kerzen geholt
    [##--------] 10/46 GC 2026-07-15 03:00 UTC: 1800 Kerzen geholt
    [##--------] 11/46 GC 2026-07-15 03:30 UTC: 1800 Kerzen geholt
    [###-------] 12/46 GC 2026-07-15 04:00 UTC: 1800 Kerzen geholt
    [###-------] 13/46 GC 2026-07-15 04:30 UTC: 1800 Kerzen geholt
    [###-------] 14/46 GC 2026-07-15 05:00 UTC: 1800 Kerzen geholt
    [###-------] 15/46 GC 2026-07-15 05:30 UTC: 1800 Kerzen geholt
    [###-------] 16/46 GC 2026-07-15 06:00 UTC: 1800 Kerzen geholt
    [####------] 17/46 GC 2026-07-15 06:30 UTC: 1800 Kerzen geholt
    [####------] 18/46 GC 2026-07-15 07:00 UTC: 1800 Kerzen geholt
    [####------] 19/46 GC 2026-07-15 07:30 UTC: 1800 Kerzen geholt
    [####------] 20/46 GC 2026-07-15 08:00 UTC: 1800 Kerzen geholt
    [#####-----] 21/46 GC 2026-07-15 08:30 UTC: 1800 Kerzen geholt
    [#####-----] 22/46 GC 2026-07-15 09:00 UTC: 1800 Kerzen geholt
    [#####-----] 23/46 GC 2026-07-15 09:30 UTC: 1800 Kerzen geholt
    [#####-----] 24/46 GC 2026-07-15 10:00 UTC: 1800 Kerzen geholt
    [#####-----] 25/46 GC 2026-07-15 10:30 UTC: 1800 Kerzen geholt
    [######----] 26/46 GC 2026-07-15 11:00 UTC: 1800 Kerzen geholt
    [######----] 27/46 GC 2026-07-15 11:30 UTC: 1800 Kerzen geholt
    [######----] 28/46 GC 2026-07-15 12:00 UTC: 1800 Kerzen geholt
    [######----] 29/46 GC 2026-07-15 12:30 UTC: 1800 Kerzen geholt
    [#######---] 30/46 GC 2026-07-15 13:00 UTC: 1800 Kerzen geholt
    [#######---] 31/46 GC 2026-07-15 13:30 UTC: 1800 Kerzen geholt
    [#######---] 32/46 GC 2026-07-15 14:00 UTC: 1800 Kerzen geholt
    [#######---] 33/46 GC 2026-07-15 14:30 UTC: 1800 Kerzen geholt
    [#######---] 34/46 GC 2026-07-15 15:00 UTC: 1800 Kerzen geholt
    [########--] 35/46 GC 2026-07-15 15:30 UTC: 1800 Kerzen geholt
    [########--] 36/46 GC 2026-07-15 16:00 UTC: 1800 Kerzen geholt
    [########--] 37/46 GC 2026-07-15 16:30 UTC: 1800 Kerzen geholt
    [########--] 38/46 GC 2026-07-15 17:00 UTC: 1800 Kerzen geholt
    [########--] 39/46 GC 2026-07-15 17:30 UTC: 1800 Kerzen geholt
    [#########-] 40/46 GC 2026-07-15 18:00 UTC: 1800 Kerzen geholt
    [#########-] 41/46 GC 2026-07-15 18:30 UTC: 1800 Kerzen geholt
    [#########-] 42/46 GC 2026-07-15 19:00 UTC: 1800 Kerzen geholt
    [#########-] 43/46 GC 2026-07-15 19:30 UTC: 1800 Kerzen geholt
    [##########] 44/46 GC 2026-07-15 20:00 UTC: 1800 Kerzen geholt
    [##########] 45/46 GC 2026-07-15 20:30 UTC: 1800 Kerzen geholt
    [##########] 46/46 GC 2026-07-15 21:00 UTC: 1800 Kerzen geholt
[########--] 103/131 GC 2026-07-15: geschrieben (82800 Kerzen, 46 Fenster)
    [----------] 1/46 GC 2026-07-16 22:30 UTC: 1800 Kerzen geholt
    [----------] 2/46 GC 2026-07-16 23:00 UTC: 1800 Kerzen geholt
    [#---------] 3/46 GC 2026-07-16 23:30 UTC: 1800 Kerzen geholt
    [#---------] 4/46 GC 2026-07-16 00:00 UTC: 1800 Kerzen geholt
    [#---------] 5/46 GC 2026-07-16 00:30 UTC: 1800 Kerzen geholt
    [#---------] 6/46 GC 2026-07-16 01:00 UTC: 1800 Kerzen geholt
    [##--------] 7/46 GC 2026-07-16 01:30 UTC: 1800 Kerzen geholt
    [##--------] 8/46 GC 2026-07-16 02:00 UTC: 1800 Kerzen geholt
    [##--------] 9/46 GC 2026-07-16 02:30 UTC: 1800 Kerzen geholt
    [##--------] 10/46 GC 2026-07-16 03:00 UTC: 1800 Kerzen geholt
    [##--------] 11/46 GC 2026-07-16 03:30 UTC: 1800 Kerzen geholt
    [###-------] 12/46 GC 2026-07-16 04:00 UTC: 1800 Kerzen geholt
    [###-------] 13/46 GC 2026-07-16 04:30 UTC: 1800 Kerzen geholt
    [###-------] 14/46 GC 2026-07-16 05:00 UTC: 1800 Kerzen geholt
    [###-------] 15/46 GC 2026-07-16 05:30 UTC: 1800 Kerzen geholt
    [###-------] 16/46 GC 2026-07-16 06:00 UTC: 1800 Kerzen geholt
    [####------] 17/46 GC 2026-07-16 06:30 UTC: 1800 Kerzen geholt
    [####------] 18/46 GC 2026-07-16 07:00 UTC: 1800 Kerzen geholt
    [####------] 19/46 GC 2026-07-16 07:30 UTC: 1800 Kerzen geholt
  ! GC Fenster bis 2026-07-16 08:00:00+00:00: Versuch 1/3 fehlgeschlagen ([(162, 'Historical Market Data Service error message:Historical data request pacing violation')])
    [####------] 20/46 GC 2026-07-16 08:00 UTC: 1800 Kerzen geholt
    [#####-----] 21/46 GC 2026-07-16 08:30 UTC: 1800 Kerzen geholt
    [#####-----] 22/46 GC 2026-07-16 09:00 UTC: 1800 Kerzen geholt
    [#####-----] 23/46 GC 2026-07-16 09:30 UTC: 1800 Kerzen geholt
    [#####-----] 24/46 GC 2026-07-16 10:00 UTC: 1800 Kerzen geholt
    [#####-----] 25/46 GC 2026-07-16 10:30 UTC: 1800 Kerzen geholt
    [######----] 26/46 GC 2026-07-16 11:00 UTC: 1800 Kerzen geholt
    [######----] 27/46 GC 2026-07-16 11:30 UTC: 1800 Kerzen geholt
    [######----] 28/46 GC 2026-07-16 12:00 UTC: 1800 Kerzen geholt
    [######----] 29/46 GC 2026-07-16 12:30 UTC: 1800 Kerzen geholt
    [#######---] 30/46 GC 2026-07-16 13:00 UTC: 1800 Kerzen geholt
    [#######---] 31/46 GC 2026-07-16 13:30 UTC: 1800 Kerzen geholt
    [#######---] 32/46 GC 2026-07-16 14:00 UTC: 1800 Kerzen geholt
    [#######---] 33/46 GC 2026-07-16 14:30 UTC: 1800 Kerzen geholt
    [#######---] 34/46 GC 2026-07-16 15:00 UTC: 1800 Kerzen geholt
    [########--] 35/46 GC 2026-07-16 15:30 UTC: 1800 Kerzen geholt
    [########--] 36/46 GC 2026-07-16 16:00 UTC: 1800 Kerzen geholt
    [########--] 37/46 GC 2026-07-16 16:30 UTC: 1800 Kerzen geholt
    [########--] 38/46 GC 2026-07-16 17:00 UTC: 1800 Kerzen geholt
    [########--] 39/46 GC 2026-07-16 17:30 UTC: 1800 Kerzen geholt
    [#########-] 40/46 GC 2026-07-16 18:00 UTC: 1800 Kerzen geholt
    [#########-] 41/46 GC 2026-07-16 18:30 UTC: 1800 Kerzen geholt
    [#########-] 42/46 GC 2026-07-16 19:00 UTC: 1800 Kerzen geholt
    [#########-] 43/46 GC 2026-07-16 19:30 UTC: 1800 Kerzen geholt
    [##########] 44/46 GC 2026-07-16 20:00 UTC: 1800 Kerzen geholt
    [##########] 45/46 GC 2026-07-16 20:30 UTC: 1800 Kerzen geholt
    [##########] 46/46 GC 2026-07-16 21:00 UTC: 1800 Kerzen geholt
[########--] 104/131 GC 2026-07-16: geschrieben (82800 Kerzen, 46 Fenster)
    [----------] 1/46 GC 2026-07-17 22:30 UTC: 1800 Kerzen geholt
    [----------] 2/46 GC 2026-07-17 23:00 UTC: 1800 Kerzen geholt
    [#---------] 3/46 GC 2026-07-17 23:30 UTC: 1800 Kerzen geholt
    [#---------] 4/46 GC 2026-07-17 00:00 UTC: 1800 Kerzen geholt
    [#---------] 5/46 GC 2026-07-17 00:30 UTC: 1800 Kerzen geholt
    [#---------] 6/46 GC 2026-07-17 01:00 UTC: 1800 Kerzen geholt
    [##--------] 7/46 GC 2026-07-17 01:30 UTC: 1800 Kerzen geholt
    [##--------] 8/46 GC 2026-07-17 02:00 UTC: 1800 Kerzen geholt
    [##--------] 9/46 GC 2026-07-17 02:30 UTC: 1800 Kerzen geholt
    [##--------] 10/46 GC 2026-07-17 03:00 UTC: 1800 Kerzen geholt
    [##--------] 11/46 GC 2026-07-17 03:30 UTC: 1800 Kerzen geholt
    [###-------] 12/46 GC 2026-07-17 04:00 UTC: 1800 Kerzen geholt
    [###-------] 13/46 GC 2026-07-17 04:30 UTC: 1800 Kerzen geholt
    [###-------] 14/46 GC 2026-07-17 05:00 UTC: 1800 Kerzen geholt
    [###-------] 15/46 GC 2026-07-17 05:30 UTC: 1800 Kerzen geholt
    [###-------] 16/46 GC 2026-07-17 06:00 UTC: 1800 Kerzen geholt
    [####------] 17/46 GC 2026-07-17 06:30 UTC: 1800 Kerzen geholt
    [####------] 18/46 GC 2026-07-17 07:00 UTC: 1800 Kerzen geholt
    [####------] 19/46 GC 2026-07-17 07:30 UTC: 1800 Kerzen geholt
    [####------] 20/46 GC 2026-07-17 08:00 UTC: 1800 Kerzen geholt
    [#####-----] 21/46 GC 2026-07-17 08:30 UTC: 1800 Kerzen geholt
    [#####-----] 22/46 GC 2026-07-17 09:00 UTC: 1800 Kerzen geholt
    [#####-----] 23/46 GC 2026-07-17 09:30 UTC: 1800 Kerzen geholt
    [#####-----] 24/46 GC 2026-07-17 10:00 UTC: 1800 Kerzen geholt
    [#####-----] 25/46 GC 2026-07-17 10:30 UTC: 1800 Kerzen geholt
    [######----] 26/46 GC 2026-07-17 11:00 UTC: 1800 Kerzen geholt
    [######----] 27/46 GC 2026-07-17 11:30 UTC: 1800 Kerzen geholt
    [######----] 28/46 GC 2026-07-17 12:00 UTC: 1800 Kerzen geholt
    [######----] 29/46 GC 2026-07-17 12:30 UTC: 1800 Kerzen geholt
    [#######---] 30/46 GC 2026-07-17 13:00 UTC: 1800 Kerzen geholt
    [#######---] 31/46 GC 2026-07-17 13:30 UTC: 1800 Kerzen geholt
    [#######---] 32/46 GC 2026-07-17 14:00 UTC: 1800 Kerzen geholt
    [#######---] 33/46 GC 2026-07-17 14:30 UTC: 1800 Kerzen geholt
    [#######---] 34/46 GC 2026-07-17 15:00 UTC: 1800 Kerzen geholt
    [########--] 35/46 GC 2026-07-17 15:30 UTC: 1800 Kerzen geholt
    [########--] 36/46 GC 2026-07-17 16:00 UTC: 1800 Kerzen geholt
    [########--] 37/46 GC 2026-07-17 16:30 UTC: 1800 Kerzen geholt
    [########--] 38/46 GC 2026-07-17 17:00 UTC: 1800 Kerzen geholt
    [########--] 39/46 GC 2026-07-17 17:30 UTC: 1800 Kerzen geholt
    [#########-] 40/46 GC 2026-07-17 18:00 UTC: 1800 Kerzen geholt
    [#########-] 41/46 GC 2026-07-17 18:30 UTC: 1800 Kerzen geholt
    [#########-] 42/46 GC 2026-07-17 19:00 UTC: 1800 Kerzen geholt
    [#########-] 43/46 GC 2026-07-17 19:30 UTC: 1800 Kerzen geholt
    [##########] 44/46 GC 2026-07-17 20:00 UTC: 1800 Kerzen geholt
    [##########] 45/46 GC 2026-07-17 20:30 UTC: 1800 Kerzen geholt
    [##########] 46/46 GC 2026-07-17 21:00 UTC: 1800 Kerzen geholt
[########--] 105/131 GC 2026-07-17: geschrieben (82800 Kerzen, 46 Fenster)
    [----------] 1/46 GC 2026-07-20 22:30 UTC: 1800 Kerzen geholt
    [----------] 2/46 GC 2026-07-20 23:00 UTC: 1800 Kerzen geholt
    [#---------] 3/46 GC 2026-07-20 23:30 UTC: 1800 Kerzen geholt
    [#---------] 4/46 GC 2026-07-20 00:00 UTC: 1800 Kerzen geholt
    [#---------] 5/46 GC 2026-07-20 00:30 UTC: 1800 Kerzen geholt
    [#---------] 6/46 GC 2026-07-20 01:00 UTC: 1800 Kerzen geholt
    [##--------] 7/46 GC 2026-07-20 01:30 UTC: 1800 Kerzen geholt
    [##--------] 8/46 GC 2026-07-20 02:00 UTC: 1800 Kerzen geholt
    [##--------] 9/46 GC 2026-07-20 02:30 UTC: 1800 Kerzen geholt
    [##--------] 10/46 GC 2026-07-20 03:00 UTC: 1800 Kerzen geholt
    [##--------] 11/46 GC 2026-07-20 03:30 UTC: 1800 Kerzen geholt
    [###-------] 12/46 GC 2026-07-20 04:00 UTC: 1800 Kerzen geholt
    [###-------] 13/46 GC 2026-07-20 04:30 UTC: 1800 Kerzen geholt
    [###-------] 14/46 GC 2026-07-20 05:00 UTC: 1800 Kerzen geholt
    [###-------] 15/46 GC 2026-07-20 05:30 UTC: 1800 Kerzen geholt
    [###-------] 16/46 GC 2026-07-20 06:00 UTC: 1800 Kerzen geholt
    [####------] 17/46 GC 2026-07-20 06:30 UTC: 1800 Kerzen geholt
    [####------] 18/46 GC 2026-07-20 07:00 UTC: 1800 Kerzen geholt
    [####------] 19/46 GC 2026-07-20 07:30 UTC: 1800 Kerzen geholt
    [####------] 20/46 GC 2026-07-20 08:00 UTC: 1800 Kerzen geholt
    [#####-----] 21/46 GC 2026-07-20 08:30 UTC: 1800 Kerzen geholt
    [#####-----] 22/46 GC 2026-07-20 09:00 UTC: 1800 Kerzen geholt
    [#####-----] 23/46 GC 2026-07-20 09:30 UTC: 1800 Kerzen geholt
    [#####-----] 24/46 GC 2026-07-20 10:00 UTC: 1800 Kerzen geholt
    [#####-----] 25/46 GC 2026-07-20 10:30 UTC: 1800 Kerzen geholt
    [######----] 26/46 GC 2026-07-20 11:00 UTC: 1800 Kerzen geholt
    [######----] 27/46 GC 2026-07-20 11:30 UTC: 1800 Kerzen geholt
    [######----] 28/46 GC 2026-07-20 12:00 UTC: 1800 Kerzen geholt
    [######----] 29/46 GC 2026-07-20 12:30 UTC: 1800 Kerzen geholt
    [#######---] 30/46 GC 2026-07-20 13:00 UTC: 1800 Kerzen geholt
    [#######---] 31/46 GC 2026-07-20 13:30 UTC: 1800 Kerzen geholt
    [#######---] 32/46 GC 2026-07-20 14:00 UTC: 1800 Kerzen geholt
    [#######---] 33/46 GC 2026-07-20 14:30 UTC: 1800 Kerzen geholt
    [#######---] 34/46 GC 2026-07-20 15:00 UTC: 1800 Kerzen geholt
    [########--] 35/46 GC 2026-07-20 15:30 UTC: 1800 Kerzen geholt
    [########--] 36/46 GC 2026-07-20 16:00 UTC: 1800 Kerzen geholt
    [########--] 37/46 GC 2026-07-20 16:30 UTC: 1800 Kerzen geholt
    [########--] 38/46 GC 2026-07-20 17:00 UTC: 1800 Kerzen geholt
    [########--] 39/46 GC 2026-07-20 17:30 UTC: 1800 Kerzen geholt
    [#########-] 40/46 GC 2026-07-20 18:00 UTC: 1800 Kerzen geholt
    [#########-] 41/46 GC 2026-07-20 18:30 UTC: 1800 Kerzen geholt
    [#########-] 42/46 GC 2026-07-20 19:00 UTC: 1800 Kerzen geholt
    [#########-] 43/46 GC 2026-07-20 19:30 UTC: 1800 Kerzen geholt
    [##########] 44/46 GC 2026-07-20 20:00 UTC: 1800 Kerzen geholt
    [##########] 45/46 GC 2026-07-20 20:30 UTC: 1800 Kerzen geholt
    [##########] 46/46 GC 2026-07-20 21:00 UTC: 1800 Kerzen geholt
[########--] 106/131 GC 2026-07-20: geschrieben (82800 Kerzen, 46 Fenster)
    [----------] 1/46 GC 2026-07-21 22:30 UTC: 1800 Kerzen geholt
    [----------] 2/46 GC 2026-07-21 23:00 UTC: 1800 Kerzen geholt
    [#---------] 3/46 GC 2026-07-21 23:30 UTC: 1800 Kerzen geholt
    [#---------] 4/46 GC 2026-07-21 00:00 UTC: 1800 Kerzen geholt
    [#---------] 5/46 GC 2026-07-21 00:30 UTC: 1800 Kerzen geholt
    [#---------] 6/46 GC 2026-07-21 01:00 UTC: 1800 Kerzen geholt
    [##--------] 7/46 GC 2026-07-21 01:30 UTC: 1800 Kerzen geholt
    [##--------] 8/46 GC 2026-07-21 02:00 UTC: 1800 Kerzen geholt
    [##--------] 9/46 GC 2026-07-21 02:30 UTC: 1800 Kerzen geholt
    [##--------] 10/46 GC 2026-07-21 03:00 UTC: 1800 Kerzen geholt
    [##--------] 11/46 GC 2026-07-21 03:30 UTC: 1800 Kerzen geholt
    [###-------] 12/46 GC 2026-07-21 04:00 UTC: 1800 Kerzen geholt
    [###-------] 13/46 GC 2026-07-21 04:30 UTC: 1800 Kerzen geholt
    [###-------] 14/46 GC 2026-07-21 05:00 UTC: 1800 Kerzen geholt
    [###-------] 15/46 GC 2026-07-21 05:30 UTC: 1800 Kerzen geholt
    [###-------] 16/46 GC 2026-07-21 06:00 UTC: 1800 Kerzen geholt
    [####------] 17/46 GC 2026-07-21 06:30 UTC: 1800 Kerzen geholt
    [####------] 18/46 GC 2026-07-21 07:00 UTC: 1800 Kerzen geholt
    [####------] 19/46 GC 2026-07-21 07:30 UTC: 1800 Kerzen geholt
    [####------] 20/46 GC 2026-07-21 08:00 UTC: 1800 Kerzen geholt
    [#####-----] 21/46 GC 2026-07-21 08:30 UTC: 1800 Kerzen geholt
    [#####-----] 22/46 GC 2026-07-21 09:00 UTC: 1800 Kerzen geholt
    [#####-----] 23/46 GC 2026-07-21 09:30 UTC: 1800 Kerzen geholt
    [#####-----] 24/46 GC 2026-07-21 10:00 UTC: 1800 Kerzen geholt
    [#####-----] 25/46 GC 2026-07-21 10:30 UTC: 1800 Kerzen geholt
    [######----] 26/46 GC 2026-07-21 11:00 UTC: 1800 Kerzen geholt
    [######----] 27/46 GC 2026-07-21 11:30 UTC: 1800 Kerzen geholt
    [######----] 28/46 GC 2026-07-21 12:00 UTC: 1800 Kerzen geholt
    [######----] 29/46 GC 2026-07-21 12:30 UTC: 1800 Kerzen geholt
    [#######---] 30/46 GC 2026-07-21 13:00 UTC: 1800 Kerzen geholt
    [#######---] 31/46 GC 2026-07-21 13:30 UTC: 1800 Kerzen geholt
    [#######---] 32/46 GC 2026-07-21 14:00 UTC: 1800 Kerzen geholt
    [#######---] 33/46 GC 2026-07-21 14:30 UTC: 1800 Kerzen geholt
    [#######---] 34/46 GC 2026-07-21 15:00 UTC: 1800 Kerzen geholt
    [########--] 35/46 GC 2026-07-21 15:30 UTC: 1800 Kerzen geholt
    [########--] 36/46 GC 2026-07-21 16:00 UTC: 1800 Kerzen geholt
    [########--] 37/46 GC 2026-07-21 16:30 UTC: 1800 Kerzen geholt
    [########--] 38/46 GC 2026-07-21 17:00 UTC: 1800 Kerzen geholt
    [########--] 39/46 GC 2026-07-21 17:30 UTC: 1800 Kerzen geholt
    [#########-] 40/46 GC 2026-07-21 18:00 UTC: 1800 Kerzen geholt
    [#########-] 41/46 GC 2026-07-21 18:30 UTC: 1800 Kerzen geholt
    [#########-] 42/46 GC 2026-07-21 19:00 UTC: 1800 Kerzen geholt
    [#########-] 43/46 GC 2026-07-21 19:30 UTC: 1800 Kerzen geholt
    [##########] 44/46 GC 2026-07-21 20:00 UTC: 1800 Kerzen geholt
    [##########] 45/46 GC 2026-07-21 20:30 UTC: 1800 Kerzen geholt
    [##########] 46/46 GC 2026-07-21 21:00 UTC: 1800 Kerzen geholt
[########--] 107/131 GC 2026-07-21: geschrieben (82800 Kerzen, 46 Fenster)
    [----------] 1/46 GC 2026-07-22 22:30 UTC: 1800 Kerzen geholt
    [----------] 2/46 GC 2026-07-22 23:00 UTC: 1800 Kerzen geholt
    [#---------] 3/46 GC 2026-07-22 23:30 UTC: 1800 Kerzen geholt
    [#---------] 4/46 GC 2026-07-22 00:00 UTC: 1800 Kerzen geholt
    [#---------] 5/46 GC 2026-07-22 00:30 UTC: 1800 Kerzen geholt
    [#---------] 6/46 GC 2026-07-22 01:00 UTC: 1800 Kerzen geholt
    [##--------] 7/46 GC 2026-07-22 01:30 UTC: 1800 Kerzen geholt
    [##--------] 8/46 GC 2026-07-22 02:00 UTC: 1800 Kerzen geholt
    [##--------] 9/46 GC 2026-07-22 02:30 UTC: 1800 Kerzen geholt
    [##--------] 10/46 GC 2026-07-22 03:00 UTC: 1800 Kerzen geholt
    [##--------] 11/46 GC 2026-07-22 03:30 UTC: 1800 Kerzen geholt
    [###-------] 12/46 GC 2026-07-22 04:00 UTC: 1800 Kerzen geholt
    [###-------] 13/46 GC 2026-07-22 04:30 UTC: 1800 Kerzen geholt
    [###-------] 14/46 GC 2026-07-22 05:00 UTC: 1800 Kerzen geholt
    [###-------] 15/46 GC 2026-07-22 05:30 UTC: 1800 Kerzen geholt
    [###-------] 16/46 GC 2026-07-22 06:00 UTC: 1800 Kerzen geholt
    [####------] 17/46 GC 2026-07-22 06:30 UTC: 1800 Kerzen geholt
    [####------] 18/46 GC 2026-07-22 07:00 UTC: 1800 Kerzen geholt
    [####------] 19/46 GC 2026-07-22 07:30 UTC: 1800 Kerzen geholt
    [####------] 20/46 GC 2026-07-22 08:00 UTC: 1800 Kerzen geholt
    [#####-----] 21/46 GC 2026-07-22 08:30 UTC: 1800 Kerzen geholt
    [#####-----] 22/46 GC 2026-07-22 09:00 UTC: 1800 Kerzen geholt
    [#####-----] 23/46 GC 2026-07-22 09:30 UTC: 1800 Kerzen geholt
    [#####-----] 24/46 GC 2026-07-22 10:00 UTC: 1800 Kerzen geholt
    [#####-----] 25/46 GC 2026-07-22 10:30 UTC: 1800 Kerzen geholt
    [######----] 26/46 GC 2026-07-22 11:00 UTC: 1800 Kerzen geholt
    [######----] 27/46 GC 2026-07-22 11:30 UTC: 1800 Kerzen geholt
    [######----] 28/46 GC 2026-07-22 12:00 UTC: 1800 Kerzen geholt
    [######----] 29/46 GC 2026-07-22 12:30 UTC: 1800 Kerzen geholt
    [#######---] 30/46 GC 2026-07-22 13:00 UTC: 1800 Kerzen geholt
    [#######---] 31/46 GC 2026-07-22 13:30 UTC: 1800 Kerzen geholt
    [#######---] 32/46 GC 2026-07-22 14:00 UTC: 1800 Kerzen geholt
    [#######---] 33/46 GC 2026-07-22 14:30 UTC: 1800 Kerzen geholt
    [#######---] 34/46 GC 2026-07-22 15:00 UTC: 1800 Kerzen geholt
    [########--] 35/46 GC 2026-07-22 15:30 UTC: 1800 Kerzen geholt
    [########--] 36/46 GC 2026-07-22 16:00 UTC: 1800 Kerzen geholt
    [########--] 37/46 GC 2026-07-22 16:30 UTC: 1800 Kerzen geholt
    [########--] 38/46 GC 2026-07-22 17:00 UTC: 1800 Kerzen geholt
    [########--] 39/46 GC 2026-07-22 17:30 UTC: 1800 Kerzen geholt
    [#########-] 40/46 GC 2026-07-22 18:00 UTC: 1800 Kerzen geholt
    [#########-] 41/46 GC 2026-07-22 18:30 UTC: 1800 Kerzen geholt
    [#########-] 42/46 GC 2026-07-22 19:00 UTC: 1800 Kerzen geholt
    [#########-] 43/46 GC 2026-07-22 19:30 UTC: 1800 Kerzen geholt
    [##########] 44/46 GC 2026-07-22 20:00 UTC: 1800 Kerzen geholt
    [##########] 45/46 GC 2026-07-22 20:30 UTC: 1800 Kerzen geholt
    [##########] 46/46 GC 2026-07-22 21:00 UTC: 1800 Kerzen geholt
[########--] 108/131 GC 2026-07-22: geschrieben (82800 Kerzen, 46 Fenster)
    [----------] 1/46 GC 2026-07-23 22:30 UTC: 1800 Kerzen geholt
    [----------] 2/46 GC 2026-07-23 23:00 UTC: 1800 Kerzen geholt
    [#---------] 3/46 GC 2026-07-23 23:30 UTC: 1800 Kerzen geholt
    [#---------] 4/46 GC 2026-07-23 00:00 UTC: 1800 Kerzen geholt
    [#---------] 5/46 GC 2026-07-23 00:30 UTC: 1800 Kerzen geholt
    [#---------] 6/46 GC 2026-07-23 01:00 UTC: 1800 Kerzen geholt
    [##--------] 7/46 GC 2026-07-23 01:30 UTC: 1800 Kerzen geholt
    [##--------] 8/46 GC 2026-07-23 02:00 UTC: 1800 Kerzen geholt
    [##--------] 9/46 GC 2026-07-23 02:30 UTC: 1800 Kerzen geholt
    [##--------] 10/46 GC 2026-07-23 03:00 UTC: 1800 Kerzen geholt
    [##--------] 11/46 GC 2026-07-23 03:30 UTC: 1800 Kerzen geholt
    [###-------] 12/46 GC 2026-07-23 04:00 UTC: 1800 Kerzen geholt
    [###-------] 13/46 GC 2026-07-23 04:30 UTC: 1800 Kerzen geholt
    [###-------] 14/46 GC 2026-07-23 05:00 UTC: 1800 Kerzen geholt
    [###-------] 15/46 GC 2026-07-23 05:30 UTC: 1800 Kerzen geholt
    [###-------] 16/46 GC 2026-07-23 06:00 UTC: 1800 Kerzen geholt
    [####------] 17/46 GC 2026-07-23 06:30 UTC: 1800 Kerzen geholt
    [####------] 18/46 GC 2026-07-23 07:00 UTC: 1800 Kerzen geholt
    [####------] 19/46 GC 2026-07-23 07:30 UTC: 1800 Kerzen geholt
    [####------] 20/46 GC 2026-07-23 08:00 UTC: 1800 Kerzen geholt
    [#####-----] 21/46 GC 2026-07-23 08:30 UTC: 1800 Kerzen geholt
    [#####-----] 22/46 GC 2026-07-23 09:00 UTC: 1800 Kerzen geholt
    [#####-----] 23/46 GC 2026-07-23 09:30 UTC: 1800 Kerzen geholt
    [#####-----] 24/46 GC 2026-07-23 10:00 UTC: 1800 Kerzen geholt
    [#####-----] 25/46 GC 2026-07-23 10:30 UTC: 1800 Kerzen geholt
    [######----] 26/46 GC 2026-07-23 11:00 UTC: 1800 Kerzen geholt
    [######----] 27/46 GC 2026-07-23 11:30 UTC: 1800 Kerzen geholt
    [######----] 28/46 GC 2026-07-23 12:00 UTC: 1800 Kerzen geholt
    [######----] 29/46 GC 2026-07-23 12:30 UTC: 1800 Kerzen geholt
    [#######---] 30/46 GC 2026-07-23 13:00 UTC: 1800 Kerzen geholt
    [#######---] 31/46 GC 2026-07-23 13:30 UTC: 1800 Kerzen geholt
    [#######---] 32/46 GC 2026-07-23 14:00 UTC: 1800 Kerzen geholt
    [#######---] 33/46 GC 2026-07-23 14:30 UTC: 1800 Kerzen geholt
    [#######---] 34/46 GC 2026-07-23 15:00 UTC: 1800 Kerzen geholt
    [########--] 35/46 GC 2026-07-23 15:30 UTC: 1800 Kerzen geholt
    [########--] 36/46 GC 2026-07-23 16:00 UTC: 1800 Kerzen geholt
    [########--] 37/46 GC 2026-07-23 16:30 UTC: 1800 Kerzen geholt
    [########--] 38/46 GC 2026-07-23 17:00 UTC: 1800 Kerzen geholt
    [########--] 39/46 GC 2026-07-23 17:30 UTC: 1800 Kerzen geholt
    [#########-] 40/46 GC 2026-07-23 18:00 UTC: 1800 Kerzen geholt
    [#########-] 41/46 GC 2026-07-23 18:30 UTC: 1800 Kerzen geholt
    [#########-] 42/46 GC 2026-07-23 19:00 UTC: 1800 Kerzen geholt
    [#########-] 43/46 GC 2026-07-23 19:30 UTC: 1800 Kerzen geholt
    [##########] 44/46 GC 2026-07-23 20:00 UTC: 1800 Kerzen geholt
    [##########] 45/46 GC 2026-07-23 20:30 UTC: 1800 Kerzen geholt
    [##########] 46/46 GC 2026-07-23 21:00 UTC: 1800 Kerzen geholt
[########--] 109/131 GC 2026-07-23: geschrieben (82800 Kerzen, 46 Fenster)
    [----------] 1/46 GC 2026-07-24 22:30 UTC: 1800 Kerzen geholt
    [----------] 2/46 GC 2026-07-24 23:00 UTC: 1800 Kerzen geholt
    [#---------] 3/46 GC 2026-07-24 23:30 UTC: 1800 Kerzen geholt
    [#---------] 4/46 GC 2026-07-24 00:00 UTC: 1800 Kerzen geholt
    [#---------] 5/46 GC 2026-07-24 00:30 UTC: 1800 Kerzen geholt
    [#---------] 6/46 GC 2026-07-24 01:00 UTC: 1800 Kerzen geholt
    [##--------] 7/46 GC 2026-07-24 01:30 UTC: 1800 Kerzen geholt
    [##--------] 8/46 GC 2026-07-24 02:00 UTC: 1800 Kerzen geholt
    [##--------] 9/46 GC 2026-07-24 02:30 UTC: 1800 Kerzen geholt
    [##--------] 10/46 GC 2026-07-24 03:00 UTC: 1800 Kerzen geholt
    [##--------] 11/46 GC 2026-07-24 03:30 UTC: 1800 Kerzen geholt
    [###-------] 12/46 GC 2026-07-24 04:00 UTC: 1800 Kerzen geholt
    [###-------] 13/46 GC 2026-07-24 04:30 UTC: 1800 Kerzen geholt
    [###-------] 14/46 GC 2026-07-24 05:00 UTC: 1800 Kerzen geholt
    [###-------] 15/46 GC 2026-07-24 05:30 UTC: 1800 Kerzen geholt
    [###-------] 16/46 GC 2026-07-24 06:00 UTC: 1800 Kerzen geholt
    [####------] 17/46 GC 2026-07-24 06:30 UTC: 1800 Kerzen geholt
    [####------] 18/46 GC 2026-07-24 07:00 UTC: 1800 Kerzen geholt
    [####------] 19/46 GC 2026-07-24 07:30 UTC: 1800 Kerzen geholt
    [####------] 20/46 GC 2026-07-24 08:00 UTC: 1800 Kerzen geholt
    [#####-----] 21/46 GC 2026-07-24 08:30 UTC: 1800 Kerzen geholt
    [#####-----] 22/46 GC 2026-07-24 09:00 UTC: 1800 Kerzen geholt
    [#####-----] 23/46 GC 2026-07-24 09:30 UTC: 1800 Kerzen geholt
    [#####-----] 24/46 GC 2026-07-24 10:00 UTC: 1800 Kerzen geholt
    [#####-----] 25/46 GC 2026-07-24 10:30 UTC: 1800 Kerzen geholt
    [######----] 26/46 GC 2026-07-24 11:00 UTC: 1800 Kerzen geholt
    [######----] 27/46 GC 2026-07-24 11:30 UTC: 1800 Kerzen geholt
    [######----] 28/46 GC 2026-07-24 12:00 UTC: 1800 Kerzen geholt
    [######----] 29/46 GC 2026-07-24 12:30 UTC: 1800 Kerzen geholt
    [#######---] 30/46 GC 2026-07-24 13:00 UTC: 1800 Kerzen geholt
    [#######---] 31/46 GC 2026-07-24 13:30 UTC: 1800 Kerzen geholt
    [#######---] 32/46 GC 2026-07-24 14:00 UTC: 1800 Kerzen geholt
    [#######---] 33/46 GC 2026-07-24 14:30 UTC: 1800 Kerzen geholt
    [#######---] 34/46 GC 2026-07-24 15:00 UTC: 1800 Kerzen geholt
    [########--] 35/46 GC 2026-07-24 15:30 UTC: 1800 Kerzen geholt
    [########--] 36/46 GC 2026-07-24 16:00 UTC: 1800 Kerzen geholt
    [########--] 37/46 GC 2026-07-24 16:30 UTC: 1800 Kerzen geholt
    [########--] 38/46 GC 2026-07-24 17:00 UTC: 1800 Kerzen geholt
    [########--] 39/46 GC 2026-07-24 17:30 UTC: 1800 Kerzen geholt
    [#########-] 40/46 GC 2026-07-24 18:00 UTC: 1800 Kerzen geholt
    [#########-] 41/46 GC 2026-07-24 18:30 UTC: 1800 Kerzen geholt
    [#########-] 42/46 GC 2026-07-24 19:00 UTC: 1800 Kerzen geholt
    [#########-] 43/46 GC 2026-07-24 19:30 UTC: 1800 Kerzen geholt
  ! GC Fenster bis 2026-07-24 20:00:00+00:00: Versuch 1/3 fehlgeschlagen ([(162, 'Historical Market Data Service error message:Historical data request pacing violation')])
    [##########] 44/46 GC 2026-07-24 20:00 UTC: 1800 Kerzen geholt
    [##########] 45/46 GC 2026-07-24 20:30 UTC: 1800 Kerzen geholt
    [##########] 46/46 GC 2026-07-24 21:00 UTC: 1800 Kerzen geholt
[########--] 110/131 GC 2026-07-24: geschrieben (82800 Kerzen, 46 Fenster)
    [----------] 1/46 GC 2026-07-27 22:30 UTC: 1800 Kerzen geholt
    [----------] 2/46 GC 2026-07-27 23:00 UTC: 1800 Kerzen geholt
    [#---------] 3/46 GC 2026-07-27 23:30 UTC: 1800 Kerzen geholt
    [#---------] 4/46 GC 2026-07-27 00:00 UTC: 1800 Kerzen geholt
    [#---------] 5/46 GC 2026-07-27 00:30 UTC: 1800 Kerzen geholt
    [#---------] 6/46 GC 2026-07-27 01:00 UTC: 1800 Kerzen geholt
    [##--------] 7/46 GC 2026-07-27 01:30 UTC: 1800 Kerzen geholt
    [##--------] 8/46 GC 2026-07-27 02:00 UTC: 1800 Kerzen geholt
    [##--------] 9/46 GC 2026-07-27 02:30 UTC: 1800 Kerzen geholt
    [##--------] 10/46 GC 2026-07-27 03:00 UTC: 1800 Kerzen geholt
    [##--------] 11/46 GC 2026-07-27 03:30 UTC: 1800 Kerzen geholt
    [###-------] 12/46 GC 2026-07-27 04:00 UTC: 1800 Kerzen geholt
    [###-------] 13/46 GC 2026-07-27 04:30 UTC: 1800 Kerzen geholt
    [###-------] 14/46 GC 2026-07-27 05:00 UTC: 1800 Kerzen geholt
    [###-------] 15/46 GC 2026-07-27 05:30 UTC: 1800 Kerzen geholt
    [###-------] 16/46 GC 2026-07-27 06:00 UTC: 1800 Kerzen geholt
    [####------] 17/46 GC 2026-07-27 06:30 UTC: 1800 Kerzen geholt
    [####------] 18/46 GC 2026-07-27 07:00 UTC: 1800 Kerzen geholt
    [####------] 19/46 GC 2026-07-27 07:30 UTC: 1800 Kerzen geholt
    [####------] 20/46 GC 2026-07-27 08:00 UTC: 1800 Kerzen geholt
    [#####-----] 21/46 GC 2026-07-27 08:30 UTC: 1800 Kerzen geholt
    [#####-----] 22/46 GC 2026-07-27 09:00 UTC: 1800 Kerzen geholt
    [#####-----] 23/46 GC 2026-07-27 09:30 UTC: 1800 Kerzen geholt
    [#####-----] 24/46 GC 2026-07-27 10:00 UTC: 1800 Kerzen geholt
    [#####-----] 25/46 GC 2026-07-27 10:30 UTC: 1800 Kerzen geholt
    [######----] 26/46 GC 2026-07-27 11:00 UTC: 1800 Kerzen geholt
    [######----] 27/46 GC 2026-07-27 11:30 UTC: 1800 Kerzen geholt
    [######----] 28/46 GC 2026-07-27 12:00 UTC: 1800 Kerzen geholt
    [######----] 29/46 GC 2026-07-27 12:30 UTC: 1800 Kerzen geholt
    [#######---] 30/46 GC 2026-07-27 13:00 UTC: 1800 Kerzen geholt
    [#######---] 31/46 GC 2026-07-27 13:30 UTC: 1800 Kerzen geholt
    [#######---] 32/46 GC 2026-07-27 14:00 UTC: 1800 Kerzen geholt
    [#######---] 33/46 GC 2026-07-27 14:30 UTC: 1800 Kerzen geholt
    [#######---] 34/46 GC 2026-07-27 15:00 UTC: 1800 Kerzen geholt
    [########--] 35/46 GC 2026-07-27 15:30 UTC: 1800 Kerzen geholt
    [########--] 36/46 GC 2026-07-27 16:00 UTC: 1800 Kerzen geholt
    [########--] 37/46 GC 2026-07-27 16:30 UTC: 1800 Kerzen geholt
    [########--] 38/46 GC 2026-07-27 17:00 UTC: 1800 Kerzen geholt
    [########--] 39/46 GC 2026-07-27 17:30 UTC: 1800 Kerzen geholt
    [#########-] 40/46 GC 2026-07-27 18:00 UTC: 1800 Kerzen geholt
    [#########-] 41/46 GC 2026-07-27 18:30 UTC: 1800 Kerzen geholt
    [#########-] 42/46 GC 2026-07-27 19:00 UTC: 1800 Kerzen geholt
    [#########-] 43/46 GC 2026-07-27 19:30 UTC: 1800 Kerzen geholt
    [##########] 44/46 GC 2026-07-27 20:00 UTC: 1800 Kerzen geholt
    [##########] 45/46 GC 2026-07-27 20:30 UTC: 1800 Kerzen geholt
    [##########] 46/46 GC 2026-07-27 21:00 UTC: 1800 Kerzen geholt
[########--] 111/131 GC 2026-07-27: geschrieben (82800 Kerzen, 46 Fenster)
    [----------] 1/46 GC 2026-07-28 22:30 UTC: 1800 Kerzen geholt
    [----------] 2/46 GC 2026-07-28 23:00 UTC: 1800 Kerzen geholt
    [#---------] 3/46 GC 2026-07-28 23:30 UTC: 1800 Kerzen geholt
    [#---------] 4/46 GC 2026-07-28 00:00 UTC: 1800 Kerzen geholt
    [#---------] 5/46 GC 2026-07-28 00:30 UTC: 1800 Kerzen geholt
    [#---------] 6/46 GC 2026-07-28 01:00 UTC: 1800 Kerzen geholt
    [##--------] 7/46 GC 2026-07-28 01:30 UTC: 1800 Kerzen geholt
    [##--------] 8/46 GC 2026-07-28 02:00 UTC: 1800 Kerzen geholt
    [##--------] 9/46 GC 2026-07-28 02:30 UTC: 1800 Kerzen geholt
    [##--------] 10/46 GC 2026-07-28 03:00 UTC: 1800 Kerzen geholt
    [##--------] 11/46 GC 2026-07-28 03:30 UTC: 1800 Kerzen geholt
    [###-------] 12/46 GC 2026-07-28 04:00 UTC: 1800 Kerzen geholt
    [###-------] 13/46 GC 2026-07-28 04:30 UTC: 1800 Kerzen geholt
    [###-------] 14/46 GC 2026-07-28 05:00 UTC: 1800 Kerzen geholt
    [###-------] 15/46 GC 2026-07-28 05:30 UTC: 1800 Kerzen geholt
    [###-------] 16/46 GC 2026-07-28 06:00 UTC: 1800 Kerzen geholt
    [####------] 17/46 GC 2026-07-28 06:30 UTC: 1800 Kerzen geholt
    [####------] 18/46 GC 2026-07-28 07:00 UTC: 1800 Kerzen geholt
    [####------] 19/46 GC 2026-07-28 07:30 UTC: 1800 Kerzen geholt
    [####------] 20/46 GC 2026-07-28 08:00 UTC: 1800 Kerzen geholt
    [#####-----] 21/46 GC 2026-07-28 08:30 UTC: 1800 Kerzen geholt
    [#####-----] 22/46 GC 2026-07-28 09:00 UTC: 1800 Kerzen geholt
    [#####-----] 23/46 GC 2026-07-28 09:30 UTC: 1800 Kerzen geholt
    [#####-----] 24/46 GC 2026-07-28 10:00 UTC: 1800 Kerzen geholt
    [#####-----] 25/46 GC 2026-07-28 10:30 UTC: 1800 Kerzen geholt
    [######----] 26/46 GC 2026-07-28 11:00 UTC: 1800 Kerzen geholt
    [######----] 27/46 GC 2026-07-28 11:30 UTC: 1800 Kerzen geholt
    [######----] 28/46 GC 2026-07-28 12:00 UTC: 1800 Kerzen geholt
    [######----] 29/46 GC 2026-07-28 12:30 UTC: 1800 Kerzen geholt
    [#######---] 30/46 GC 2026-07-28 13:00 UTC: 1800 Kerzen geholt
    [#######---] 31/46 GC 2026-07-28 13:30 UTC: 1800 Kerzen geholt
    [#######---] 32/46 GC 2026-07-28 14:00 UTC: 1800 Kerzen geholt
    [#######---] 33/46 GC 2026-07-28 14:30 UTC: 1800 Kerzen geholt
    [#######---] 34/46 GC 2026-07-28 15:00 UTC: 1800 Kerzen geholt
    [########--] 35/46 GC 2026-07-28 15:30 UTC: 1800 Kerzen geholt
    [########--] 36/46 GC 2026-07-28 16:00 UTC: 1800 Kerzen geholt
    [########--] 37/46 GC 2026-07-28 16:30 UTC: 1800 Kerzen geholt
    [########--] 38/46 GC 2026-07-28 17:00 UTC: 1800 Kerzen geholt
    [########--] 39/46 GC 2026-07-28 17:30 UTC: 1800 Kerzen geholt
    [#########-] 40/46 GC 2026-07-28 18:00 UTC: 1800 Kerzen geholt
    [#########-] 41/46 GC 2026-07-28 18:30 UTC: 1800 Kerzen geholt
    [#########-] 42/46 GC 2026-07-28 19:00 UTC: 1800 Kerzen geholt
    [#########-] 43/46 GC 2026-07-28 19:30 UTC: 1800 Kerzen geholt
    [##########] 44/46 GC 2026-07-28 20:00 UTC: 1800 Kerzen geholt
    [##########] 45/46 GC 2026-07-28 20:30 UTC: 1800 Kerzen geholt
    [##########] 46/46 GC 2026-07-28 21:00 UTC: 1800 Kerzen geholt
[#########-] 112/131 GC 2026-07-28: geschrieben (82800 Kerzen, 46 Fenster)
    [----------] 1/46 GC 2026-07-29 22:30 UTC: 1799 Kerzen geholt
    [----------] 2/46 GC 2026-07-29 23:00 UTC: 1800 Kerzen geholt
    [#---------] 3/46 GC 2026-07-29 23:30 UTC: 1800 Kerzen geholt
    [#---------] 4/46 GC 2026-07-29 00:00 UTC: 1800 Kerzen geholt
    [#---------] 5/46 GC 2026-07-29 00:30 UTC: 1800 Kerzen geholt
    [#---------] 6/46 GC 2026-07-29 01:00 UTC: 1800 Kerzen geholt
    [##--------] 7/46 GC 2026-07-29 01:30 UTC: 1800 Kerzen geholt
    [##--------] 8/46 GC 2026-07-29 02:00 UTC: 1800 Kerzen geholt
    [##--------] 9/46 GC 2026-07-29 02:30 UTC: 1800 Kerzen geholt
    [##--------] 10/46 GC 2026-07-29 03:00 UTC: 1800 Kerzen geholt
    [##--------] 11/46 GC 2026-07-29 03:30 UTC: 1800 Kerzen geholt
    [###-------] 12/46 GC 2026-07-29 04:00 UTC: 1800 Kerzen geholt
    [###-------] 13/46 GC 2026-07-29 04:30 UTC: 1800 Kerzen geholt
    [###-------] 14/46 GC 2026-07-29 05:00 UTC: 1800 Kerzen geholt
    [###-------] 15/46 GC 2026-07-29 05:30 UTC: 1800 Kerzen geholt
    [###-------] 16/46 GC 2026-07-29 06:00 UTC: 1800 Kerzen geholt
    [####------] 17/46 GC 2026-07-29 06:30 UTC: 1800 Kerzen geholt
    [####------] 18/46 GC 2026-07-29 07:00 UTC: 1800 Kerzen geholt
    [####------] 19/46 GC 2026-07-29 07:30 UTC: 1800 Kerzen geholt
    [####------] 20/46 GC 2026-07-29 08:00 UTC: 1800 Kerzen geholt
    [#####-----] 21/46 GC 2026-07-29 08:30 UTC: 1800 Kerzen geholt
    [#####-----] 22/46 GC 2026-07-29 09:00 UTC: 1800 Kerzen geholt
    [#####-----] 23/46 GC 2026-07-29 09:30 UTC: 1800 Kerzen geholt
    [#####-----] 24/46 GC 2026-07-29 10:00 UTC: 1800 Kerzen geholt
    [#####-----] 25/46 GC 2026-07-29 10:30 UTC: 1800 Kerzen geholt
    [######----] 26/46 GC 2026-07-29 11:00 UTC: 1800 Kerzen geholt
    [######----] 27/46 GC 2026-07-29 11:30 UTC: 1800 Kerzen geholt
    [######----] 28/46 GC 2026-07-29 12:00 UTC: 1800 Kerzen geholt
    [######----] 29/46 GC 2026-07-29 12:30 UTC: 1800 Kerzen geholt
    [#######---] 30/46 GC 2026-07-29 13:00 UTC: 1800 Kerzen geholt
    [#######---] 31/46 GC 2026-07-29 13:30 UTC: 1800 Kerzen geholt
    [#######---] 32/46 GC 2026-07-29 14:00 UTC: 1800 Kerzen geholt
    [#######---] 33/46 GC 2026-07-29 14:30 UTC: 1800 Kerzen geholt
    [#######---] 34/46 GC 2026-07-29 15:00 UTC: 1800 Kerzen geholt
    [########--] 35/46 GC 2026-07-29 15:30 UTC: 1800 Kerzen geholt
    [########--] 36/46 GC 2026-07-29 16:00 UTC: 1800 Kerzen geholt
    [########--] 37/46 GC 2026-07-29 16:30 UTC: 1800 Kerzen geholt
    [########--] 38/46 GC 2026-07-29 17:00 UTC: 1800 Kerzen geholt
    [########--] 39/46 GC 2026-07-29 17:30 UTC: 1800 Kerzen geholt
    [#########-] 40/46 GC 2026-07-29 18:00 UTC: 1800 Kerzen geholt
    [#########-] 41/46 GC 2026-07-29 18:30 UTC: 1800 Kerzen geholt
    [#########-] 42/46 GC 2026-07-29 19:00 UTC: 1800 Kerzen geholt
    [#########-] 43/46 GC 2026-07-29 19:30 UTC: 1800 Kerzen geholt
    [##########] 44/46 GC 2026-07-29 20:00 UTC: 1800 Kerzen geholt
    [##########] 45/46 GC 2026-07-29 20:30 UTC: 1800 Kerzen geholt
    [##########] 46/46 GC 2026-07-29 21:00 UTC: 1800 Kerzen geholt
[#########-] 113/131 GC 2026-07-29: geschrieben (82799 Kerzen, 46 Fenster)
    [----------] 1/46 GC 2026-07-30 22:30 UTC: 1800 Kerzen geholt
    [----------] 2/46 GC 2026-07-30 23:00 UTC: 1800 Kerzen geholt
    [#---------] 3/46 GC 2026-07-30 23:30 UTC: 1800 Kerzen geholt
    [#---------] 4/46 GC 2026-07-30 00:00 UTC: 1800 Kerzen geholt
    [#---------] 5/46 GC 2026-07-30 00:30 UTC: 1800 Kerzen geholt
    [#---------] 6/46 GC 2026-07-30 01:00 UTC: 1800 Kerzen geholt
    [##--------] 7/46 GC 2026-07-30 01:30 UTC: 1800 Kerzen geholt
    [##--------] 8/46 GC 2026-07-30 02:00 UTC: 1800 Kerzen geholt
    [##--------] 9/46 GC 2026-07-30 02:30 UTC: 1800 Kerzen geholt
    [##--------] 10/46 GC 2026-07-30 03:00 UTC: 1800 Kerzen geholt
    [##--------] 11/46 GC 2026-07-30 03:30 UTC: 1800 Kerzen geholt
    [###-------] 12/46 GC 2026-07-30 04:00 UTC: 1800 Kerzen geholt
    [###-------] 13/46 GC 2026-07-30 04:30 UTC: 1800 Kerzen geholt
    [###-------] 14/46 GC 2026-07-30 05:00 UTC: 1800 Kerzen geholt
    [###-------] 15/46 GC 2026-07-30 05:30 UTC: 1800 Kerzen geholt
    [###-------] 16/46 GC 2026-07-30 06:00 UTC: 1800 Kerzen geholt
    [####------] 17/46 GC 2026-07-30 06:30 UTC: 1800 Kerzen geholt
    [####------] 18/46 GC 2026-07-30 07:00 UTC: 1800 Kerzen geholt
    [####------] 19/46 GC 2026-07-30 07:30 UTC: 1800 Kerzen geholt
    [####------] 20/46 GC 2026-07-30 08:00 UTC: 1800 Kerzen geholt
    [#####-----] 21/46 GC 2026-07-30 08:30 UTC: 1800 Kerzen geholt
    [#####-----] 22/46 GC 2026-07-30 09:00 UTC: 1800 Kerzen geholt
    [#####-----] 23/46 GC 2026-07-30 09:30 UTC: 1800 Kerzen geholt
    [#####-----] 24/46 GC 2026-07-30 10:00 UTC: 1800 Kerzen geholt
    [#####-----] 25/46 GC 2026-07-30 10:30 UTC: 1800 Kerzen geholt
    [######----] 26/46 GC 2026-07-30 11:00 UTC: 1800 Kerzen geholt
    [######----] 27/46 GC 2026-07-30 11:30 UTC: 1800 Kerzen geholt
    [######----] 28/46 GC 2026-07-30 12:00 UTC: 1800 Kerzen geholt
    [######----] 29/46 GC 2026-07-30 12:30 UTC: 1800 Kerzen geholt
    [#######---] 30/46 GC 2026-07-30 13:00 UTC: 1800 Kerzen geholt
    [#######---] 31/46 GC 2026-07-30 13:30 UTC: 1800 Kerzen geholt
    [#######---] 32/46 GC 2026-07-30 14:00 UTC: 1800 Kerzen geholt
    [#######---] 33/46 GC 2026-07-30 14:30 UTC: 1800 Kerzen geholt
    [#######---] 34/46 GC 2026-07-30 15:00 UTC: 1800 Kerzen geholt
    [########--] 35/46 GC 2026-07-30 15:30 UTC: 1800 Kerzen geholt
    [########--] 36/46 GC 2026-07-30 16:00 UTC: 1800 Kerzen geholt
    [########--] 37/46 GC 2026-07-30 16:30 UTC: 1800 Kerzen geholt
    [########--] 38/46 GC 2026-07-30 17:00 UTC: 1800 Kerzen geholt
    [########--] 39/46 GC 2026-07-30 17:30 UTC: 1800 Kerzen geholt
    [#########-] 40/46 GC 2026-07-30 18:00 UTC: 1800 Kerzen geholt
    [#########-] 41/46 GC 2026-07-30 18:30 UTC: 1800 Kerzen geholt
    [#########-] 42/46 GC 2026-07-30 19:00 UTC: 1800 Kerzen geholt
    [#########-] 43/46 GC 2026-07-30 19:30 UTC: 1800 Kerzen geholt
    [##########] 44/46 GC 2026-07-30 20:00 UTC: 1800 Kerzen geholt
    [##########] 45/46 GC 2026-07-30 20:30 UTC: 1800 Kerzen geholt
    [##########] 46/46 GC 2026-07-30 21:00 UTC: 1800 Kerzen geholt
[#########-] 114/131 GC 2026-07-30: geschrieben (82800 Kerzen, 46 Fenster)
    [----------] 1/46 GC 2026-07-31 22:30 UTC: 1800 Kerzen geholt
    [----------] 2/46 GC 2026-07-31 23:00 UTC: 1800 Kerzen geholt
    [#---------] 3/46 GC 2026-07-31 23:30 UTC: 1800 Kerzen geholt
    [#---------] 4/46 GC 2026-07-31 00:00 UTC: 1800 Kerzen geholt
    [#---------] 5/46 GC 2026-07-31 00:30 UTC: 1800 Kerzen geholt
    [#---------] 6/46 GC 2026-07-31 01:00 UTC: 1800 Kerzen geholt
    [##--------] 7/46 GC 2026-07-31 01:30 UTC: 1800 Kerzen geholt
    [##--------] 8/46 GC 2026-07-31 02:00 UTC: 1800 Kerzen geholt
    [##--------] 9/46 GC 2026-07-31 02:30 UTC: 1800 Kerzen geholt
    [##--------] 10/46 GC 2026-07-31 03:00 UTC: 1800 Kerzen geholt
    [##--------] 11/46 GC 2026-07-31 03:30 UTC: 1800 Kerzen geholt
    [###-------] 12/46 GC 2026-07-31 04:00 UTC: 1800 Kerzen geholt
    [###-------] 13/46 GC 2026-07-31 04:30 UTC: 1800 Kerzen geholt
    [###-------] 14/46 GC 2026-07-31 05:00 UTC: 1800 Kerzen geholt
    [###-------] 15/46 GC 2026-07-31 05:30 UTC: 1800 Kerzen geholt
    [###-------] 16/46 GC 2026-07-31 06:00 UTC: 1800 Kerzen geholt
    [####------] 17/46 GC 2026-07-31 06:30 UTC: 1800 Kerzen geholt
    [####------] 18/46 GC 2026-07-31 07:00 UTC: 1800 Kerzen geholt
    [####------] 19/46 GC 2026-07-31 07:30 UTC: 1800 Kerzen geholt
    [####------] 20/46 GC 2026-07-31 08:00 UTC: 1800 Kerzen geholt
    [#####-----] 21/46 GC 2026-07-31 08:30 UTC: 1800 Kerzen geholt
    [#####-----] 22/46 GC 2026-07-31 09:00 UTC: 1800 Kerzen geholt
    [#####-----] 23/46 GC 2026-07-31 09:30 UTC: 1800 Kerzen geholt
    [#####-----] 24/46 GC 2026-07-31 10:00 UTC: 1800 Kerzen geholt
    [#####-----] 25/46 GC 2026-07-31 10:30 UTC: 1800 Kerzen geholt
    [######----] 26/46 GC 2026-07-31 11:00 UTC: 1800 Kerzen geholt
    [######----] 27/46 GC 2026-07-31 11:30 UTC: 1800 Kerzen geholt
    [######----] 28/46 GC 2026-07-31 12:00 UTC: 1800 Kerzen geholt
    [######----] 29/46 GC 2026-07-31 12:30 UTC: 1800 Kerzen geholt
    [#######---] 30/46 GC 2026-07-31 13:00 UTC: 1800 Kerzen geholt
    [#######---] 31/46 GC 2026-07-31 13:30 UTC: 1800 Kerzen geholt
    [#######---] 32/46 GC 2026-07-31 14:00 UTC: 1800 Kerzen geholt
    [#######---] 33/46 GC 2026-07-31 14:30 UTC: 1800 Kerzen geholt
    [#######---] 34/46 GC 2026-07-31 15:00 UTC: 1800 Kerzen geholt
    [########--] 35/46 GC 2026-07-31 15:30 UTC: 1800 Kerzen geholt
    [########--] 36/46 GC 2026-07-31 16:00 UTC: 1800 Kerzen geholt
    [########--] 37/46 GC 2026-07-31 16:30 UTC: 1800 Kerzen geholt
    [########--] 38/46 GC 2026-07-31 17:00 UTC: 1800 Kerzen geholt
    [########--] 39/46 GC 2026-07-31 17:30 UTC: 1800 Kerzen geholt
    [#########-] 40/46 GC 2026-07-31 18:00 UTC: 1800 Kerzen geholt
    [#########-] 41/46 GC 2026-07-31 18:30 UTC: 1800 Kerzen geholt
    [#########-] 42/46 GC 2026-07-31 19:00 UTC: 1800 Kerzen geholt
    [#########-] 43/46 GC 2026-07-31 19:30 UTC: 1800 Kerzen geholt
    [##########] 44/46 GC 2026-07-31 20:00 UTC: 1800 Kerzen geholt
    [##########] 45/46 GC 2026-07-31 20:30 UTC: 1800 Kerzen geholt
    [##########] 46/46 GC 2026-07-31 21:00 UTC: 1800 Kerzen geholt
[#########-] 115/131 GC 2026-07-31: geschrieben (82800 Kerzen, 46 Fenster)
    [----------] 1/46 GC 2026-08-03 22:30 UTC: 1800 Kerzen geholt
    [----------] 2/46 GC 2026-08-03 23:00 UTC: 1800 Kerzen geholt
    [#---------] 3/46 GC 2026-08-03 23:30 UTC: 1800 Kerzen geholt
    [#---------] 4/46 GC 2026-08-03 00:00 UTC: 1800 Kerzen geholt
    [#---------] 5/46 GC 2026-08-03 00:30 UTC: 1800 Kerzen geholt
    [#---------] 6/46 GC 2026-08-03 01:00 UTC: 1800 Kerzen geholt
    [##--------] 7/46 GC 2026-08-03 01:30 UTC: 1800 Kerzen geholt
    [##--------] 8/46 GC 2026-08-03 02:00 UTC: 1800 Kerzen geholt
    [##--------] 9/46 GC 2026-08-03 02:30 UTC: 1800 Kerzen geholt
    [##--------] 10/46 GC 2026-08-03 03:00 UTC: 1800 Kerzen geholt
    [##--------] 11/46 GC 2026-08-03 03:30 UTC: 1800 Kerzen geholt
    [###-------] 12/46 GC 2026-08-03 04:00 UTC: 1800 Kerzen geholt
    [###-------] 13/46 GC 2026-08-03 04:30 UTC: 1800 Kerzen geholt
    [###-------] 14/46 GC 2026-08-03 05:00 UTC: 1800 Kerzen geholt
    [###-------] 15/46 GC 2026-08-03 05:30 UTC: 1800 Kerzen geholt
    [###-------] 16/46 GC 2026-08-03 06:00 UTC: 1800 Kerzen geholt
    [####------] 17/46 GC 2026-08-03 06:30 UTC: 1800 Kerzen geholt
    [####------] 18/46 GC 2026-08-03 07:00 UTC: 1800 Kerzen geholt
    [####------] 19/46 GC 2026-08-03 07:30 UTC: 1800 Kerzen geholt
    [####------] 20/46 GC 2026-08-03 08:00 UTC: 1800 Kerzen geholt
    [#####-----] 21/46 GC 2026-08-03 08:30 UTC: 1800 Kerzen geholt
    [#####-----] 22/46 GC 2026-08-03 09:00 UTC: 1800 Kerzen geholt
    [#####-----] 23/46 GC 2026-08-03 09:30 UTC: 1800 Kerzen geholt
    [#####-----] 24/46 GC 2026-08-03 10:00 UTC: 1800 Kerzen geholt
    [#####-----] 25/46 GC 2026-08-03 10:30 UTC: 1800 Kerzen geholt
    [######----] 26/46 GC 2026-08-03 11:00 UTC: 1800 Kerzen geholt
    [######----] 27/46 GC 2026-08-03 11:30 UTC: 1800 Kerzen geholt
    [######----] 28/46 GC 2026-08-03 12:00 UTC: 1800 Kerzen geholt
    [######----] 29/46 GC 2026-08-03 12:30 UTC: 1800 Kerzen geholt
    [#######---] 30/46 GC 2026-08-03 13:00 UTC: 1800 Kerzen geholt
    [#######---] 31/46 GC 2026-08-03 13:30 UTC: 1800 Kerzen geholt
    [#######---] 32/46 GC 2026-08-03 14:00 UTC: 1800 Kerzen geholt
    [#######---] 33/46 GC 2026-08-03 14:30 UTC: 1800 Kerzen geholt
    [#######---] 34/46 GC 2026-08-03 15:00 UTC: 1800 Kerzen geholt
    [########--] 35/46 GC 2026-08-03 15:30 UTC: 1800 Kerzen geholt
    [########--] 36/46 GC 2026-08-03 16:00 UTC: 1800 Kerzen geholt
    [########--] 37/46 GC 2026-08-03 16:30 UTC: 1800 Kerzen geholt
    [########--] 38/46 GC 2026-08-03 17:00 UTC: 1800 Kerzen geholt
    [########--] 39/46 GC 2026-08-03 17:30 UTC: 1800 Kerzen geholt
    [#########-] 40/46 GC 2026-08-03 18:00 UTC: 1800 Kerzen geholt
    [#########-] 41/46 GC 2026-08-03 18:30 UTC: 1800 Kerzen geholt
    [#########-] 42/46 GC 2026-08-03 19:00 UTC: 1800 Kerzen geholt
    [#########-] 43/46 GC 2026-08-03 19:30 UTC: 1800 Kerzen geholt
    [##########] 44/46 GC 2026-08-03 20:00 UTC: 1800 Kerzen geholt
    [##########] 45/46 GC 2026-08-03 20:30 UTC: 1800 Kerzen geholt
    [##########] 46/46 GC 2026-08-03 21:00 UTC: 1800 Kerzen geholt
[#########-] 116/131 GC 2026-08-03: geschrieben (82800 Kerzen, 46 Fenster)
    [----------] 1/46 GC 2026-08-04 22:30 UTC: 1800 Kerzen geholt
    [----------] 2/46 GC 2026-08-04 23:00 UTC: 1800 Kerzen geholt
    [#---------] 3/46 GC 2026-08-04 23:30 UTC: 1800 Kerzen geholt
    [#---------] 4/46 GC 2026-08-04 00:00 UTC: 1800 Kerzen geholt
    [#---------] 5/46 GC 2026-08-04 00:30 UTC: 1800 Kerzen geholt
    [#---------] 6/46 GC 2026-08-04 01:00 UTC: 1800 Kerzen geholt
    [##--------] 7/46 GC 2026-08-04 01:30 UTC: 1800 Kerzen geholt
  ! GC Fenster bis 2026-08-04 02:00:00+00:00: Versuch 1/3 fehlgeschlagen ([(162, 'Historical Market Data Service error message:Historical data request pacing violation')])
    [##--------] 8/46 GC 2026-08-04 02:00 UTC: 1800 Kerzen geholt
    [##--------] 9/46 GC 2026-08-04 02:30 UTC: 1800 Kerzen geholt
    [##--------] 10/46 GC 2026-08-04 03:00 UTC: 1800 Kerzen geholt
    [##--------] 11/46 GC 2026-08-04 03:30 UTC: 1800 Kerzen geholt
    [###-------] 12/46 GC 2026-08-04 04:00 UTC: 1800 Kerzen geholt
    [###-------] 13/46 GC 2026-08-04 04:30 UTC: 1800 Kerzen geholt
    [###-------] 14/46 GC 2026-08-04 05:00 UTC: 1800 Kerzen geholt
    [###-------] 15/46 GC 2026-08-04 05:30 UTC: 1800 Kerzen geholt
    [###-------] 16/46 GC 2026-08-04 06:00 UTC: 1800 Kerzen geholt
    [####------] 17/46 GC 2026-08-04 06:30 UTC: 1800 Kerzen geholt
    [####------] 18/46 GC 2026-08-04 07:00 UTC: 1800 Kerzen geholt
    [####------] 19/46 GC 2026-08-04 07:30 UTC: 1800 Kerzen geholt
    [####------] 20/46 GC 2026-08-04 08:00 UTC: 1800 Kerzen geholt
    [#####-----] 21/46 GC 2026-08-04 08:30 UTC: 1800 Kerzen geholt
    [#####-----] 22/46 GC 2026-08-04 09:00 UTC: 1800 Kerzen geholt
    [#####-----] 23/46 GC 2026-08-04 09:30 UTC: 1800 Kerzen geholt
    [#####-----] 24/46 GC 2026-08-04 10:00 UTC: 1800 Kerzen geholt
    [#####-----] 25/46 GC 2026-08-04 10:30 UTC: 1800 Kerzen geholt
    [######----] 26/46 GC 2026-08-04 11:00 UTC: 1800 Kerzen geholt
    [######----] 27/46 GC 2026-08-04 11:30 UTC: 1800 Kerzen geholt
    [######----] 28/46 GC 2026-08-04 12:00 UTC: 1800 Kerzen geholt
    [######----] 29/46 GC 2026-08-04 12:30 UTC: 1800 Kerzen geholt
    [#######---] 30/46 GC 2026-08-04 13:00 UTC: 1800 Kerzen geholt
    [#######---] 31/46 GC 2026-08-04 13:30 UTC: 1800 Kerzen geholt
    [#######---] 32/46 GC 2026-08-04 14:00 UTC: 1800 Kerzen geholt
    [#######---] 33/46 GC 2026-08-04 14:30 UTC: 1800 Kerzen geholt
    [#######---] 34/46 GC 2026-08-04 15:00 UTC: 1800 Kerzen geholt
    [########--] 35/46 GC 2026-08-04 15:30 UTC: 1800 Kerzen geholt
    [########--] 36/46 GC 2026-08-04 16:00 UTC: 1800 Kerzen geholt
    [########--] 37/46 GC 2026-08-04 16:30 UTC: 1800 Kerzen geholt
    [########--] 38/46 GC 2026-08-04 17:00 UTC: 1800 Kerzen geholt
    [########--] 39/46 GC 2026-08-04 17:30 UTC: 1800 Kerzen geholt
    [#########-] 40/46 GC 2026-08-04 18:00 UTC: 1800 Kerzen geholt
    [#########-] 41/46 GC 2026-08-04 18:30 UTC: 1800 Kerzen geholt
    [#########-] 42/46 GC 2026-08-04 19:00 UTC: 1800 Kerzen geholt
    [#########-] 43/46 GC 2026-08-04 19:30 UTC: 1800 Kerzen geholt
    [##########] 44/46 GC 2026-08-04 20:00 UTC: 1800 Kerzen geholt
    [##########] 45/46 GC 2026-08-04 20:30 UTC: 1800 Kerzen geholt
    [##########] 46/46 GC 2026-08-04 21:00 UTC: 1800 Kerzen geholt
[#########-] 117/131 GC 2026-08-04: geschrieben (82800 Kerzen, 46 Fenster)
    [----------] 1/46 GC 2026-08-05 22:30 UTC: 1800 Kerzen geholt
    [----------] 2/46 GC 2026-08-05 23:00 UTC: 1800 Kerzen geholt
    [#---------] 3/46 GC 2026-08-05 23:30 UTC: 1800 Kerzen geholt
    [#---------] 4/46 GC 2026-08-05 00:00 UTC: 1800 Kerzen geholt
    [#---------] 5/46 GC 2026-08-05 00:30 UTC: 1800 Kerzen geholt
    [#---------] 6/46 GC 2026-08-05 01:00 UTC: 1800 Kerzen geholt
    [##--------] 7/46 GC 2026-08-05 01:30 UTC: 1800 Kerzen geholt
    [##--------] 8/46 GC 2026-08-05 02:00 UTC: 1800 Kerzen geholt
    [##--------] 9/46 GC 2026-08-05 02:30 UTC: 1800 Kerzen geholt
    [##--------] 10/46 GC 2026-08-05 03:00 UTC: 1800 Kerzen geholt
  ! GC Fenster bis 2026-08-05 03:30:00+00:00: Versuch 1/3 fehlgeschlagen ([(1100, 'Connectivity between IBKR and Trader Workstation has been lost.'), (1100, 'Connectivity between IBKR and Trader Workstation has been lost.'), (1100, 'Connectivity between IBKR and Trader Workstation has been lost.'), (1100, 'Connectivity between IBKR and Trader Workstation has been lost.'), (1100, 'Connectivity between IBKR and Trader Workstation has been lost.'), (1100, 'Connectivity between IBKR and Trader Workstation has been lost.'), (366, 'No historical data query found for ticker id:2321')])
    [##--------] 11/46 GC 2026-08-05 03:30 UTC: 1800 Kerzen geholt
    [###-------] 12/46 GC 2026-08-05 04:00 UTC: 1800 Kerzen geholt
    [###-------] 13/46 GC 2026-08-05 04:30 UTC: 1800 Kerzen geholt
    [###-------] 14/46 GC 2026-08-05 05:00 UTC: 1800 Kerzen geholt
    [###-------] 15/46 GC 2026-08-05 05:30 UTC: 1800 Kerzen geholt
    [###-------] 16/46 GC 2026-08-05 06:00 UTC: 1800 Kerzen geholt
    [####------] 17/46 GC 2026-08-05 06:30 UTC: 1800 Kerzen geholt
    [####------] 18/46 GC 2026-08-05 07:00 UTC: 1800 Kerzen geholt
    [####------] 19/46 GC 2026-08-05 07:30 UTC: 1800 Kerzen geholt
    [####------] 20/46 GC 2026-08-05 08:00 UTC: 1800 Kerzen geholt
    [#####-----] 21/46 GC 2026-08-05 08:30 UTC: 1800 Kerzen geholt
    [#####-----] 22/46 GC 2026-08-05 09:00 UTC: 1800 Kerzen geholt
    [#####-----] 23/46 GC 2026-08-05 09:30 UTC: 1800 Kerzen geholt
    [#####-----] 24/46 GC 2026-08-05 10:00 UTC: 1800 Kerzen geholt
    [#####-----] 25/46 GC 2026-08-05 10:30 UTC: 1800 Kerzen geholt
    [######----] 26/46 GC 2026-08-05 11:00 UTC: 1800 Kerzen geholt
    [######----] 27/46 GC 2026-08-05 11:30 UTC: 1800 Kerzen geholt
    [######----] 28/46 GC 2026-08-05 12:00 UTC: 1800 Kerzen geholt
    [######----] 29/46 GC 2026-08-05 12:30 UTC: 1800 Kerzen geholt
    [#######---] 30/46 GC 2026-08-05 13:00 UTC: 1800 Kerzen geholt
    [#######---] 31/46 GC 2026-08-05 13:30 UTC: 1800 Kerzen geholt
    [#######---] 32/46 GC 2026-08-05 14:00 UTC: 1800 Kerzen geholt
    [#######---] 33/46 GC 2026-08-05 14:30 UTC: 1800 Kerzen geholt
    [#######---] 34/46 GC 2026-08-05 15:00 UTC: 1800 Kerzen geholt
    [########--] 35/46 GC 2026-08-05 15:30 UTC: 1800 Kerzen geholt
    [########--] 36/46 GC 2026-08-05 16:00 UTC: 1800 Kerzen geholt
    [########--] 37/46 GC 2026-08-05 16:30 UTC: 1800 Kerzen geholt
    [########--] 38/46 GC 2026-08-05 17:00 UTC: 1800 Kerzen geholt
    [########--] 39/46 GC 2026-08-05 17:30 UTC: 1800 Kerzen geholt
    [#########-] 40/46 GC 2026-08-05 18:00 UTC: 1800 Kerzen geholt
    [#########-] 41/46 GC 2026-08-05 18:30 UTC: 1800 Kerzen geholt
    [#########-] 42/46 GC 2026-08-05 19:00 UTC: 1800 Kerzen geholt
    [#########-] 43/46 GC 2026-08-05 19:30 UTC: 1800 Kerzen geholt
    [##########] 44/46 GC 2026-08-05 20:00 UTC: 1800 Kerzen geholt
    [##########] 45/46 GC 2026-08-05 20:30 UTC: 1800 Kerzen geholt
    [##########] 46/46 GC 2026-08-05 21:00 UTC: 1800 Kerzen geholt
[#########-] 118/131 GC 2026-08-05: geschrieben (82800 Kerzen, 46 Fenster)
    [----------] 1/46 GC 2026-08-06 22:30 UTC: 1799 Kerzen geholt
    [----------] 2/46 GC 2026-08-06 23:00 UTC: 1800 Kerzen geholt
    [#---------] 3/46 GC 2026-08-06 23:30 UTC: 1800 Kerzen geholt
    [#---------] 4/46 GC 2026-08-06 00:00 UTC: 1800 Kerzen geholt
    [#---------] 5/46 GC 2026-08-06 00:30 UTC: 1800 Kerzen geholt
    [#---------] 6/46 GC 2026-08-06 01:00 UTC: 1800 Kerzen geholt
    [##--------] 7/46 GC 2026-08-06 01:30 UTC: 1800 Kerzen geholt
    [##--------] 8/46 GC 2026-08-06 02:00 UTC: 1800 Kerzen geholt
    [##--------] 9/46 GC 2026-08-06 02:30 UTC: 1800 Kerzen geholt
    [##--------] 10/46 GC 2026-08-06 03:00 UTC: 1800 Kerzen geholt
    [##--------] 11/46 GC 2026-08-06 03:30 UTC: 1800 Kerzen geholt
    [###-------] 12/46 GC 2026-08-06 04:00 UTC: 1800 Kerzen geholt
    [###-------] 13/46 GC 2026-08-06 04:30 UTC: 1800 Kerzen geholt
    [###-------] 14/46 GC 2026-08-06 05:00 UTC: 1800 Kerzen geholt
    [###-------] 15/46 GC 2026-08-06 05:30 UTC: 1800 Kerzen geholt
    [###-------] 16/46 GC 2026-08-06 06:00 UTC: 1800 Kerzen geholt
    [####------] 17/46 GC 2026-08-06 06:30 UTC: 1800 Kerzen geholt
    [####------] 18/46 GC 2026-08-06 07:00 UTC: 1800 Kerzen geholt
    [####------] 19/46 GC 2026-08-06 07:30 UTC: 1800 Kerzen geholt
    [####------] 20/46 GC 2026-08-06 08:00 UTC: 1800 Kerzen geholt
    [#####-----] 21/46 GC 2026-08-06 08:30 UTC: 1800 Kerzen geholt
    [#####-----] 22/46 GC 2026-08-06 09:00 UTC: 1800 Kerzen geholt
    [#####-----] 23/46 GC 2026-08-06 09:30 UTC: 1800 Kerzen geholt
    [#####-----] 24/46 GC 2026-08-06 10:00 UTC: 1800 Kerzen geholt
    [#####-----] 25/46 GC 2026-08-06 10:30 UTC: 1800 Kerzen geholt
    [######----] 26/46 GC 2026-08-06 11:00 UTC: 1800 Kerzen geholt
    [######----] 27/46 GC 2026-08-06 11:30 UTC: 1800 Kerzen geholt
    [######----] 28/46 GC 2026-08-06 12:00 UTC: 1800 Kerzen geholt
    [######----] 29/46 GC 2026-08-06 12:30 UTC: 1800 Kerzen geholt
    [#######---] 30/46 GC 2026-08-06 13:00 UTC: 1800 Kerzen geholt
    [#######---] 31/46 GC 2026-08-06 13:30 UTC: 1800 Kerzen geholt
    [#######---] 32/46 GC 2026-08-06 14:00 UTC: 1800 Kerzen geholt
    [#######---] 33/46 GC 2026-08-06 14:30 UTC: 1800 Kerzen geholt
    [#######---] 34/46 GC 2026-08-06 15:00 UTC: 1800 Kerzen geholt
    [########--] 35/46 GC 2026-08-06 15:30 UTC: 1800 Kerzen geholt
    [########--] 36/46 GC 2026-08-06 16:00 UTC: 1800 Kerzen geholt
    [########--] 37/46 GC 2026-08-06 16:30 UTC: 1800 Kerzen geholt
    [########--] 38/46 GC 2026-08-06 17:00 UTC: 1800 Kerzen geholt
    [########--] 39/46 GC 2026-08-06 17:30 UTC: 1800 Kerzen geholt
    [#########-] 40/46 GC 2026-08-06 18:00 UTC: 1800 Kerzen geholt
    [#########-] 41/46 GC 2026-08-06 18:30 UTC: 1800 Kerzen geholt
    [#########-] 42/46 GC 2026-08-06 19:00 UTC: 1800 Kerzen geholt
    [#########-] 43/46 GC 2026-08-06 19:30 UTC: 1800 Kerzen geholt
    [##########] 44/46 GC 2026-08-06 20:00 UTC: 1800 Kerzen geholt
    [##########] 45/46 GC 2026-08-06 20:30 UTC: 1800 Kerzen geholt
    [##########] 46/46 GC 2026-08-06 21:00 UTC: 1800 Kerzen geholt
[#########-] 119/131 GC 2026-08-06: geschrieben (82799 Kerzen, 46 Fenster)
    [----------] 1/46 GC 2026-08-07 22:30 UTC: 1799 Kerzen geholt
    [----------] 2/46 GC 2026-08-07 23:00 UTC: 1800 Kerzen geholt
    [#---------] 3/46 GC 2026-08-07 23:30 UTC: 1800 Kerzen geholt
    [#---------] 4/46 GC 2026-08-07 00:00 UTC: 1800 Kerzen geholt
    [#---------] 5/46 GC 2026-08-07 00:30 UTC: 1800 Kerzen geholt
    [#---------] 6/46 GC 2026-08-07 01:00 UTC: 1800 Kerzen geholt
    [##--------] 7/46 GC 2026-08-07 01:30 UTC: 1800 Kerzen geholt
    [##--------] 8/46 GC 2026-08-07 02:00 UTC: 1800 Kerzen geholt
    [##--------] 9/46 GC 2026-08-07 02:30 UTC: 1800 Kerzen geholt
    [##--------] 10/46 GC 2026-08-07 03:00 UTC: 1800 Kerzen geholt
    [##--------] 11/46 GC 2026-08-07 03:30 UTC: 1800 Kerzen geholt
    [###-------] 12/46 GC 2026-08-07 04:00 UTC: 1800 Kerzen geholt
    [###-------] 13/46 GC 2026-08-07 04:30 UTC: 1800 Kerzen geholt
    [###-------] 14/46 GC 2026-08-07 05:00 UTC: 1800 Kerzen geholt
    [###-------] 15/46 GC 2026-08-07 05:30 UTC: 1800 Kerzen geholt
    [###-------] 16/46 GC 2026-08-07 06:00 UTC: 1800 Kerzen geholt
    [####------] 17/46 GC 2026-08-07 06:30 UTC: 1800 Kerzen geholt
    [####------] 18/46 GC 2026-08-07 07:00 UTC: 1800 Kerzen geholt
    [####------] 19/46 GC 2026-08-07 07:30 UTC: 1800 Kerzen geholt
    [####------] 20/46 GC 2026-08-07 08:00 UTC: 1800 Kerzen geholt
    [#####-----] 21/46 GC 2026-08-07 08:30 UTC: 1800 Kerzen geholt
    [#####-----] 22/46 GC 2026-08-07 09:00 UTC: 1800 Kerzen geholt
    [#####-----] 23/46 GC 2026-08-07 09:30 UTC: 1800 Kerzen geholt
    [#####-----] 24/46 GC 2026-08-07 10:00 UTC: 1800 Kerzen geholt
    [#####-----] 25/46 GC 2026-08-07 10:30 UTC: 1800 Kerzen geholt
    [######----] 26/46 GC 2026-08-07 11:00 UTC: 1800 Kerzen geholt
    [######----] 27/46 GC 2026-08-07 11:30 UTC: 1800 Kerzen geholt
    [######----] 28/46 GC 2026-08-07 12:00 UTC: 1800 Kerzen geholt
    [######----] 29/46 GC 2026-08-07 12:30 UTC: 1800 Kerzen geholt
    [#######---] 30/46 GC 2026-08-07 13:00 UTC: 1800 Kerzen geholt
    [#######---] 31/46 GC 2026-08-07 13:30 UTC: 1800 Kerzen geholt
    [#######---] 32/46 GC 2026-08-07 14:00 UTC: 1800 Kerzen geholt
    [#######---] 33/46 GC 2026-08-07 14:30 UTC: 1800 Kerzen geholt
    [#######---] 34/46 GC 2026-08-07 15:00 UTC: 1800 Kerzen geholt
    [########--] 35/46 GC 2026-08-07 15:30 UTC: 1800 Kerzen geholt
    [########--] 36/46 GC 2026-08-07 16:00 UTC: 1800 Kerzen geholt
    [########--] 37/46 GC 2026-08-07 16:30 UTC: 1800 Kerzen geholt
    [########--] 38/46 GC 2026-08-07 17:00 UTC: 1800 Kerzen geholt
    [########--] 39/46 GC 2026-08-07 17:30 UTC: 1800 Kerzen geholt
    [#########-] 40/46 GC 2026-08-07 18:00 UTC: 1800 Kerzen geholt
    [#########-] 41/46 GC 2026-08-07 18:30 UTC: 1800 Kerzen geholt
    [#########-] 42/46 GC 2026-08-07 19:00 UTC: 1800 Kerzen geholt
    [#########-] 43/46 GC 2026-08-07 19:30 UTC: 1800 Kerzen geholt
    [##########] 44/46 GC 2026-08-07 20:00 UTC: 1800 Kerzen geholt
    [##########] 45/46 GC 2026-08-07 20:30 UTC: 1800 Kerzen geholt
    [##########] 46/46 GC 2026-08-07 21:00 UTC: 1800 Kerzen geholt
[#########-] 120/131 GC 2026-08-07: geschrieben (82799 Kerzen, 46 Fenster)
    [----------] 1/46 GC 2026-08-10 22:30 UTC: 1800 Kerzen geholt
    [----------] 2/46 GC 2026-08-10 23:00 UTC: 1800 Kerzen geholt
    [#---------] 3/46 GC 2026-08-10 23:30 UTC: 1800 Kerzen geholt
    [#---------] 4/46 GC 2026-08-10 00:00 UTC: 1800 Kerzen geholt
    [#---------] 5/46 GC 2026-08-10 00:30 UTC: 1800 Kerzen geholt
    [#---------] 6/46 GC 2026-08-10 01:00 UTC: 1800 Kerzen geholt
    [##--------] 7/46 GC 2026-08-10 01:30 UTC: 1800 Kerzen geholt
    [##--------] 8/46 GC 2026-08-10 02:00 UTC: 1800 Kerzen geholt
    [##--------] 9/46 GC 2026-08-10 02:30 UTC: 1800 Kerzen geholt
    [##--------] 10/46 GC 2026-08-10 03:00 UTC: 1800 Kerzen geholt
    [##--------] 11/46 GC 2026-08-10 03:30 UTC: 1800 Kerzen geholt
  ! GC Fenster bis 2026-08-10 04:00:00+00:00: Versuch 1/3 fehlgeschlagen ([(162, 'Historical Market Data Service error message:Historical data request pacing violation')])
    [###-------] 12/46 GC 2026-08-10 04:00 UTC: 1800 Kerzen geholt
    [###-------] 13/46 GC 2026-08-10 04:30 UTC: 1800 Kerzen geholt
    [###-------] 14/46 GC 2026-08-10 05:00 UTC: 1800 Kerzen geholt
    [###-------] 15/46 GC 2026-08-10 05:30 UTC: 1800 Kerzen geholt
    [###-------] 16/46 GC 2026-08-10 06:00 UTC: 1800 Kerzen geholt
    [####------] 17/46 GC 2026-08-10 06:30 UTC: 1800 Kerzen geholt
    [####------] 18/46 GC 2026-08-10 07:00 UTC: 1800 Kerzen geholt
    [####------] 19/46 GC 2026-08-10 07:30 UTC: 1800 Kerzen geholt
    [####------] 20/46 GC 2026-08-10 08:00 UTC: 1800 Kerzen geholt
    [#####-----] 21/46 GC 2026-08-10 08:30 UTC: 1800 Kerzen geholt
    [#####-----] 22/46 GC 2026-08-10 09:00 UTC: 1800 Kerzen geholt
    [#####-----] 23/46 GC 2026-08-10 09:30 UTC: 1800 Kerzen geholt
    [#####-----] 24/46 GC 2026-08-10 10:00 UTC: 1800 Kerzen geholt
    [#####-----] 25/46 GC 2026-08-10 10:30 UTC: 1800 Kerzen geholt
    [######----] 26/46 GC 2026-08-10 11:00 UTC: 1800 Kerzen geholt
    [######----] 27/46 GC 2026-08-10 11:30 UTC: 1800 Kerzen geholt
    [######----] 28/46 GC 2026-08-10 12:00 UTC: 1800 Kerzen geholt
    [######----] 29/46 GC 2026-08-10 12:30 UTC: 1800 Kerzen geholt
    [#######---] 30/46 GC 2026-08-10 13:00 UTC: 1800 Kerzen geholt
    [#######---] 31/46 GC 2026-08-10 13:30 UTC: 1800 Kerzen geholt
    [#######---] 32/46 GC 2026-08-10 14:00 UTC: 1800 Kerzen geholt
    [#######---] 33/46 GC 2026-08-10 14:30 UTC: 1800 Kerzen geholt
    [#######---] 34/46 GC 2026-08-10 15:00 UTC: 1800 Kerzen geholt
    [########--] 35/46 GC 2026-08-10 15:30 UTC: 1800 Kerzen geholt
    [########--] 36/46 GC 2026-08-10 16:00 UTC: 1800 Kerzen geholt
    [########--] 37/46 GC 2026-08-10 16:30 UTC: 1800 Kerzen geholt
    [########--] 38/46 GC 2026-08-10 17:00 UTC: 1800 Kerzen geholt
    [########--] 39/46 GC 2026-08-10 17:30 UTC: 1800 Kerzen geholt
    [#########-] 40/46 GC 2026-08-10 18:00 UTC: 1800 Kerzen geholt
    [#########-] 41/46 GC 2026-08-10 18:30 UTC: 1800 Kerzen geholt
    [#########-] 42/46 GC 2026-08-10 19:00 UTC: 1800 Kerzen geholt
    [#########-] 43/46 GC 2026-08-10 19:30 UTC: 1800 Kerzen geholt
    [##########] 44/46 GC 2026-08-10 20:00 UTC: 1800 Kerzen geholt
    [##########] 45/46 GC 2026-08-10 20:30 UTC: 1800 Kerzen geholt
    [##########] 46/46 GC 2026-08-10 21:00 UTC: 1800 Kerzen geholt
[#########-] 121/131 GC 2026-08-10: geschrieben (82800 Kerzen, 46 Fenster)
    [----------] 1/46 GC 2026-08-11 22:30 UTC: 1800 Kerzen geholt
    [----------] 2/46 GC 2026-08-11 23:00 UTC: 1800 Kerzen geholt
    [#---------] 3/46 GC 2026-08-11 23:30 UTC: 1800 Kerzen geholt
    [#---------] 4/46 GC 2026-08-11 00:00 UTC: 1800 Kerzen geholt
    [#---------] 5/46 GC 2026-08-11 00:30 UTC: 1800 Kerzen geholt
    [#---------] 6/46 GC 2026-08-11 01:00 UTC: 1800 Kerzen geholt
    [##--------] 7/46 GC 2026-08-11 01:30 UTC: 1800 Kerzen geholt
    [##--------] 8/46 GC 2026-08-11 02:00 UTC: 1800 Kerzen geholt
    [##--------] 9/46 GC 2026-08-11 02:30 UTC: 1800 Kerzen geholt
    [##--------] 10/46 GC 2026-08-11 03:00 UTC: 1800 Kerzen geholt
    [##--------] 11/46 GC 2026-08-11 03:30 UTC: 1800 Kerzen geholt
    [###-------] 12/46 GC 2026-08-11 04:00 UTC: 1800 Kerzen geholt
    [###-------] 13/46 GC 2026-08-11 04:30 UTC: 1800 Kerzen geholt
    [###-------] 14/46 GC 2026-08-11 05:00 UTC: 1800 Kerzen geholt
    [###-------] 15/46 GC 2026-08-11 05:30 UTC: 1800 Kerzen geholt
    [###-------] 16/46 GC 2026-08-11 06:00 UTC: 1800 Kerzen geholt
    [####------] 17/46 GC 2026-08-11 06:30 UTC: 1800 Kerzen geholt
    [####------] 18/46 GC 2026-08-11 07:00 UTC: 1800 Kerzen geholt
    [####------] 19/46 GC 2026-08-11 07:30 UTC: 1800 Kerzen geholt
    [####------] 20/46 GC 2026-08-11 08:00 UTC: 1800 Kerzen geholt
    [#####-----] 21/46 GC 2026-08-11 08:30 UTC: 1800 Kerzen geholt
    [#####-----] 22/46 GC 2026-08-11 09:00 UTC: 1800 Kerzen geholt
    [#####-----] 23/46 GC 2026-08-11 09:30 UTC: 1800 Kerzen geholt
    [#####-----] 24/46 GC 2026-08-11 10:00 UTC: 1800 Kerzen geholt
    [#####-----] 25/46 GC 2026-08-11 10:30 UTC: 1800 Kerzen geholt
    [######----] 26/46 GC 2026-08-11 11:00 UTC: 1800 Kerzen geholt
    [######----] 27/46 GC 2026-08-11 11:30 UTC: 1800 Kerzen geholt
    [######----] 28/46 GC 2026-08-11 12:00 UTC: 1800 Kerzen geholt
    [######----] 29/46 GC 2026-08-11 12:30 UTC: 1800 Kerzen geholt
    [#######---] 30/46 GC 2026-08-11 13:00 UTC: 1800 Kerzen geholt
    [#######---] 31/46 GC 2026-08-11 13:30 UTC: 1800 Kerzen geholt
    [#######---] 32/46 GC 2026-08-11 14:00 UTC: 1800 Kerzen geholt
    [#######---] 33/46 GC 2026-08-11 14:30 UTC: 1800 Kerzen geholt
    [#######---] 34/46 GC 2026-08-11 15:00 UTC: 1800 Kerzen geholt
    [########--] 35/46 GC 2026-08-11 15:30 UTC: 1800 Kerzen geholt
    [########--] 36/46 GC 2026-08-11 16:00 UTC: 1800 Kerzen geholt
    [########--] 37/46 GC 2026-08-11 16:30 UTC: 1800 Kerzen geholt
    [########--] 38/46 GC 2026-08-11 17:00 UTC: 1800 Kerzen geholt
    [########--] 39/46 GC 2026-08-11 17:30 UTC: 1800 Kerzen geholt
    [#########-] 40/46 GC 2026-08-11 18:00 UTC: 1800 Kerzen geholt
    [#########-] 41/46 GC 2026-08-11 18:30 UTC: 1800 Kerzen geholt
    [#########-] 42/46 GC 2026-08-11 19:00 UTC: 1800 Kerzen geholt
    [#########-] 43/46 GC 2026-08-11 19:30 UTC: 1800 Kerzen geholt
    [##########] 44/46 GC 2026-08-11 20:00 UTC: 1800 Kerzen geholt
    [##########] 45/46 GC 2026-08-11 20:30 UTC: 1800 Kerzen geholt
    [##########] 46/46 GC 2026-08-11 21:00 UTC: 1800 Kerzen geholt
[#########-] 122/131 GC 2026-08-11: geschrieben (82800 Kerzen, 46 Fenster)
    [----------] 1/46 GC 2026-08-12 22:30 UTC: 1799 Kerzen geholt
    [----------] 2/46 GC 2026-08-12 23:00 UTC: 1800 Kerzen geholt
    [#---------] 3/46 GC 2026-08-12 23:30 UTC: 1800 Kerzen geholt
    [#---------] 4/46 GC 2026-08-12 00:00 UTC: 1800 Kerzen geholt
    [#---------] 5/46 GC 2026-08-12 00:30 UTC: 1800 Kerzen geholt
    [#---------] 6/46 GC 2026-08-12 01:00 UTC: 1800 Kerzen geholt
    [##--------] 7/46 GC 2026-08-12 01:30 UTC: 1800 Kerzen geholt
    [##--------] 8/46 GC 2026-08-12 02:00 UTC: 1800 Kerzen geholt
    [##--------] 9/46 GC 2026-08-12 02:30 UTC: 1800 Kerzen geholt
    [##--------] 10/46 GC 2026-08-12 03:00 UTC: 1800 Kerzen geholt
    [##--------] 11/46 GC 2026-08-12 03:30 UTC: 1800 Kerzen geholt
    [###-------] 12/46 GC 2026-08-12 04:00 UTC: 1800 Kerzen geholt
    [###-------] 13/46 GC 2026-08-12 04:30 UTC: 1800 Kerzen geholt
    [###-------] 14/46 GC 2026-08-12 05:00 UTC: 1800 Kerzen geholt
    [###-------] 15/46 GC 2026-08-12 05:30 UTC: 1800 Kerzen geholt
    [###-------] 16/46 GC 2026-08-12 06:00 UTC: 1800 Kerzen geholt
    [####------] 17/46 GC 2026-08-12 06:30 UTC: 1800 Kerzen geholt
    [####------] 18/46 GC 2026-08-12 07:00 UTC: 1800 Kerzen geholt
    [####------] 19/46 GC 2026-08-12 07:30 UTC: 1800 Kerzen geholt
    [####------] 20/46 GC 2026-08-12 08:00 UTC: 1800 Kerzen geholt
    [#####-----] 21/46 GC 2026-08-12 08:30 UTC: 1800 Kerzen geholt
    [#####-----] 22/46 GC 2026-08-12 09:00 UTC: 1800 Kerzen geholt
    [#####-----] 23/46 GC 2026-08-12 09:30 UTC: 1800 Kerzen geholt
    [#####-----] 24/46 GC 2026-08-12 10:00 UTC: 1800 Kerzen geholt
    [#####-----] 25/46 GC 2026-08-12 10:30 UTC: 1800 Kerzen geholt
    [######----] 26/46 GC 2026-08-12 11:00 UTC: 1800 Kerzen geholt
    [######----] 27/46 GC 2026-08-12 11:30 UTC: 1800 Kerzen geholt
    [######----] 28/46 GC 2026-08-12 12:00 UTC: 1800 Kerzen geholt
    [######----] 29/46 GC 2026-08-12 12:30 UTC: 1800 Kerzen geholt
    [#######---] 30/46 GC 2026-08-12 13:00 UTC: 1800 Kerzen geholt
    [#######---] 31/46 GC 2026-08-12 13:30 UTC: 1800 Kerzen geholt
    [#######---] 32/46 GC 2026-08-12 14:00 UTC: 1800 Kerzen geholt
    [#######---] 33/46 GC 2026-08-12 14:30 UTC: 1800 Kerzen geholt
    [#######---] 34/46 GC 2026-08-12 15:00 UTC: 1800 Kerzen geholt
    [########--] 35/46 GC 2026-08-12 15:30 UTC: 1800 Kerzen geholt
    [########--] 36/46 GC 2026-08-12 16:00 UTC: 1800 Kerzen geholt
    [########--] 37/46 GC 2026-08-12 16:30 UTC: 1800 Kerzen geholt
    [########--] 38/46 GC 2026-08-12 17:00 UTC: 1800 Kerzen geholt
    [########--] 39/46 GC 2026-08-12 17:30 UTC: 1800 Kerzen geholt
  ! GC Fenster bis 2026-08-12 18:00:00+00:00: Versuch 1/3 fehlgeschlagen ([(162, 'Historical Market Data Service error message:Historical data request pacing violation')])
    [#########-] 40/46 GC 2026-08-12 18:00 UTC: 1800 Kerzen geholt
    [#########-] 41/46 GC 2026-08-12 18:30 UTC: 1800 Kerzen geholt
    [#########-] 42/46 GC 2026-08-12 19:00 UTC: 1800 Kerzen geholt
    [#########-] 43/46 GC 2026-08-12 19:30 UTC: 1800 Kerzen geholt
    [##########] 44/46 GC 2026-08-12 20:00 UTC: 1800 Kerzen geholt
    [##########] 45/46 GC 2026-08-12 20:30 UTC: 1800 Kerzen geholt
    [##########] 46/46 GC 2026-08-12 21:00 UTC: 1800 Kerzen geholt
[#########-] 123/131 GC 2026-08-12: geschrieben (82799 Kerzen, 46 Fenster)
    [----------] 1/46 GC 2026-08-13 22:30 UTC: 1800 Kerzen geholt
    [----------] 2/46 GC 2026-08-13 23:00 UTC: 1800 Kerzen geholt
    [#---------] 3/46 GC 2026-08-13 23:30 UTC: 1800 Kerzen geholt
    [#---------] 4/46 GC 2026-08-13 00:00 UTC: 1800 Kerzen geholt
    [#---------] 5/46 GC 2026-08-13 00:30 UTC: 1800 Kerzen geholt
    [#---------] 6/46 GC 2026-08-13 01:00 UTC: 1800 Kerzen geholt
    [##--------] 7/46 GC 2026-08-13 01:30 UTC: 1800 Kerzen geholt
    [##--------] 8/46 GC 2026-08-13 02:00 UTC: 1800 Kerzen geholt
    [##--------] 9/46 GC 2026-08-13 02:30 UTC: 1800 Kerzen geholt
    [##--------] 10/46 GC 2026-08-13 03:00 UTC: 1800 Kerzen geholt
    [##--------] 11/46 GC 2026-08-13 03:30 UTC: 1800 Kerzen geholt
    [###-------] 12/46 GC 2026-08-13 04:00 UTC: 1800 Kerzen geholt
    [###-------] 13/46 GC 2026-08-13 04:30 UTC: 1800 Kerzen geholt
    [###-------] 14/46 GC 2026-08-13 05:00 UTC: 1800 Kerzen geholt
    [###-------] 15/46 GC 2026-08-13 05:30 UTC: 1800 Kerzen geholt
    [###-------] 16/46 GC 2026-08-13 06:00 UTC: 1800 Kerzen geholt
    [####------] 17/46 GC 2026-08-13 06:30 UTC: 1800 Kerzen geholt
    [####------] 18/46 GC 2026-08-13 07:00 UTC: 1800 Kerzen geholt
    [####------] 19/46 GC 2026-08-13 07:30 UTC: 1800 Kerzen geholt
    [####------] 20/46 GC 2026-08-13 08:00 UTC: 1800 Kerzen geholt
    [#####-----] 21/46 GC 2026-08-13 08:30 UTC: 1800 Kerzen geholt
    [#####-----] 22/46 GC 2026-08-13 09:00 UTC: 1800 Kerzen geholt
    [#####-----] 23/46 GC 2026-08-13 09:30 UTC: 1800 Kerzen geholt
    [#####-----] 24/46 GC 2026-08-13 10:00 UTC: 1800 Kerzen geholt
    [#####-----] 25/46 GC 2026-08-13 10:30 UTC: 1800 Kerzen geholt
    [######----] 26/46 GC 2026-08-13 11:00 UTC: 1800 Kerzen geholt
    [######----] 27/46 GC 2026-08-13 11:30 UTC: 1800 Kerzen geholt
    [######----] 28/46 GC 2026-08-13 12:00 UTC: 1800 Kerzen geholt
    [######----] 29/46 GC 2026-08-13 12:30 UTC: 1800 Kerzen geholt
    [#######---] 30/46 GC 2026-08-13 13:00 UTC: 1800 Kerzen geholt
    [#######---] 31/46 GC 2026-08-13 13:30 UTC: 1800 Kerzen geholt
    [#######---] 32/46 GC 2026-08-13 14:00 UTC: 1800 Kerzen geholt
    [#######---] 33/46 GC 2026-08-13 14:30 UTC: 1800 Kerzen geholt
    [#######---] 34/46 GC 2026-08-13 15:00 UTC: 1800 Kerzen geholt
    [########--] 35/46 GC 2026-08-13 15:30 UTC: 1800 Kerzen geholt
    [########--] 36/46 GC 2026-08-13 16:00 UTC: 1800 Kerzen geholt
    [########--] 37/46 GC 2026-08-13 16:30 UTC: 1800 Kerzen geholt
    [########--] 38/46 GC 2026-08-13 17:00 UTC: 1800 Kerzen geholt
    [########--] 39/46 GC 2026-08-13 17:30 UTC: 1800 Kerzen geholt
    [#########-] 40/46 GC 2026-08-13 18:00 UTC: 1800 Kerzen geholt
    [#########-] 41/46 GC 2026-08-13 18:30 UTC: 1800 Kerzen geholt
    [#########-] 42/46 GC 2026-08-13 19:00 UTC: 1800 Kerzen geholt
    [#########-] 43/46 GC 2026-08-13 19:30 UTC: 1800 Kerzen geholt
    [##########] 44/46 GC 2026-08-13 20:00 UTC: 1800 Kerzen geholt
    [##########] 45/46 GC 2026-08-13 20:30 UTC: 1800 Kerzen geholt
    [##########] 46/46 GC 2026-08-13 21:00 UTC: 1800 Kerzen geholt
[#########-] 124/131 GC 2026-08-13: geschrieben (82800 Kerzen, 46 Fenster)
    [----------] 1/46 GC 2026-08-14 22:30 UTC: 1800 Kerzen geholt
    [----------] 2/46 GC 2026-08-14 23:00 UTC: 1800 Kerzen geholt
    [#---------] 3/46 GC 2026-08-14 23:30 UTC: 1800 Kerzen geholt
    [#---------] 4/46 GC 2026-08-14 00:00 UTC: 1800 Kerzen geholt
    [#---------] 5/46 GC 2026-08-14 00:30 UTC: 1800 Kerzen geholt
    [#---------] 6/46 GC 2026-08-14 01:00 UTC: 1800 Kerzen geholt
    [##--------] 7/46 GC 2026-08-14 01:30 UTC: 1800 Kerzen geholt
    [##--------] 8/46 GC 2026-08-14 02:00 UTC: 1800 Kerzen geholt
    [##--------] 9/46 GC 2026-08-14 02:30 UTC: 1800 Kerzen geholt
    [##--------] 10/46 GC 2026-08-14 03:00 UTC: 1800 Kerzen geholt
    [##--------] 11/46 GC 2026-08-14 03:30 UTC: 1800 Kerzen geholt
    [###-------] 12/46 GC 2026-08-14 04:00 UTC: 1800 Kerzen geholt
    [###-------] 13/46 GC 2026-08-14 04:30 UTC: 1800 Kerzen geholt
    [###-------] 14/46 GC 2026-08-14 05:00 UTC: 1800 Kerzen geholt
    [###-------] 15/46 GC 2026-08-14 05:30 UTC: 1800 Kerzen geholt
    [###-------] 16/46 GC 2026-08-14 06:00 UTC: 1800 Kerzen geholt
    [####------] 17/46 GC 2026-08-14 06:30 UTC: 1800 Kerzen geholt
    [####------] 18/46 GC 2026-08-14 07:00 UTC: 1800 Kerzen geholt
    [####------] 19/46 GC 2026-08-14 07:30 UTC: 1800 Kerzen geholt
    [####------] 20/46 GC 2026-08-14 08:00 UTC: 1800 Kerzen geholt
    [#####-----] 21/46 GC 2026-08-14 08:30 UTC: 1800 Kerzen geholt
    [#####-----] 22/46 GC 2026-08-14 09:00 UTC: 1800 Kerzen geholt
    [#####-----] 23/46 GC 2026-08-14 09:30 UTC: 1800 Kerzen geholt
    [#####-----] 24/46 GC 2026-08-14 10:00 UTC: 1800 Kerzen geholt
    [#####-----] 25/46 GC 2026-08-14 10:30 UTC: 1800 Kerzen geholt
    [######----] 26/46 GC 2026-08-14 11:00 UTC: 1800 Kerzen geholt
    [######----] 27/46 GC 2026-08-14 11:30 UTC: 1800 Kerzen geholt
    [######----] 28/46 GC 2026-08-14 12:00 UTC: 1800 Kerzen geholt
    [######----] 29/46 GC 2026-08-14 12:30 UTC: 1800 Kerzen geholt
    [#######---] 30/46 GC 2026-08-14 13:00 UTC: 1800 Kerzen geholt
    [#######---] 31/46 GC 2026-08-14 13:30 UTC: 1800 Kerzen geholt
    [#######---] 32/46 GC 2026-08-14 14:00 UTC: 1800 Kerzen geholt
    [#######---] 33/46 GC 2026-08-14 14:30 UTC: 1800 Kerzen geholt
    [#######---] 34/46 GC 2026-08-14 15:00 UTC: 1800 Kerzen geholt
    [########--] 35/46 GC 2026-08-14 15:30 UTC: 1800 Kerzen geholt
    [########--] 36/46 GC 2026-08-14 16:00 UTC: 1800 Kerzen geholt
    [########--] 37/46 GC 2026-08-14 16:30 UTC: 1800 Kerzen geholt
    [########--] 38/46 GC 2026-08-14 17:00 UTC: 1800 Kerzen geholt
    [########--] 39/46 GC 2026-08-14 17:30 UTC: 1800 Kerzen geholt
    [#########-] 40/46 GC 2026-08-14 18:00 UTC: 1800 Kerzen geholt
    [#########-] 41/46 GC 2026-08-14 18:30 UTC: 1800 Kerzen geholt
    [#########-] 42/46 GC 2026-08-14 19:00 UTC: 1800 Kerzen geholt
    [#########-] 43/46 GC 2026-08-14 19:30 UTC: 1800 Kerzen geholt
    [##########] 44/46 GC 2026-08-14 20:00 UTC: 1800 Kerzen geholt
    [##########] 45/46 GC 2026-08-14 20:30 UTC: 1800 Kerzen geholt
    [##########] 46/46 GC 2026-08-14 21:00 UTC: 1800 Kerzen geholt
[##########] 125/131 GC 2026-08-14: geschrieben (82800 Kerzen, 46 Fenster)
    [----------] 1/46 GC 2026-08-17 22:30 UTC: 1800 Kerzen geholt
    [----------] 2/46 GC 2026-08-17 23:00 UTC: 1800 Kerzen geholt
    [#---------] 3/46 GC 2026-08-17 23:30 UTC: 1800 Kerzen geholt
    [#---------] 4/46 GC 2026-08-17 00:00 UTC: 1800 Kerzen geholt
    [#---------] 5/46 GC 2026-08-17 00:30 UTC: 1800 Kerzen geholt
    [#---------] 6/46 GC 2026-08-17 01:00 UTC: 1800 Kerzen geholt
    [##--------] 7/46 GC 2026-08-17 01:30 UTC: 1800 Kerzen geholt
    [##--------] 8/46 GC 2026-08-17 02:00 UTC: 1800 Kerzen geholt
    [##--------] 9/46 GC 2026-08-17 02:30 UTC: 1800 Kerzen geholt
    [##--------] 10/46 GC 2026-08-17 03:00 UTC: 1800 Kerzen geholt
    [##--------] 11/46 GC 2026-08-17 03:30 UTC: 1800 Kerzen geholt
    [###-------] 12/46 GC 2026-08-17 04:00 UTC: 1800 Kerzen geholt
    [###-------] 13/46 GC 2026-08-17 04:30 UTC: 1800 Kerzen geholt
    [###-------] 14/46 GC 2026-08-17 05:00 UTC: 1800 Kerzen geholt
    [###-------] 15/46 GC 2026-08-17 05:30 UTC: 1800 Kerzen geholt
    [###-------] 16/46 GC 2026-08-17 06:00 UTC: 1800 Kerzen geholt
    [####------] 17/46 GC 2026-08-17 06:30 UTC: 1800 Kerzen geholt
    [####------] 18/46 GC 2026-08-17 07:00 UTC: 1800 Kerzen geholt
    [####------] 19/46 GC 2026-08-17 07:30 UTC: 1800 Kerzen geholt
    [####------] 20/46 GC 2026-08-17 08:00 UTC: 1800 Kerzen geholt
    [#####-----] 21/46 GC 2026-08-17 08:30 UTC: 1800 Kerzen geholt
    [#####-----] 22/46 GC 2026-08-17 09:00 UTC: 1800 Kerzen geholt
    [#####-----] 23/46 GC 2026-08-17 09:30 UTC: 1800 Kerzen geholt
    [#####-----] 24/46 GC 2026-08-17 10:00 UTC: 1800 Kerzen geholt
    [#####-----] 25/46 GC 2026-08-17 10:30 UTC: 1800 Kerzen geholt
    [######----] 26/46 GC 2026-08-17 11:00 UTC: 1800 Kerzen geholt
    [######----] 27/46 GC 2026-08-17 11:30 UTC: 1800 Kerzen geholt
    [######----] 28/46 GC 2026-08-17 12:00 UTC: 1800 Kerzen geholt
    [######----] 29/46 GC 2026-08-17 12:30 UTC: 1800 Kerzen geholt
    [#######---] 30/46 GC 2026-08-17 13:00 UTC: 1800 Kerzen geholt
    [#######---] 31/46 GC 2026-08-17 13:30 UTC: 1800 Kerzen geholt
    [#######---] 32/46 GC 2026-08-17 14:00 UTC: 1800 Kerzen geholt
    [#######---] 33/46 GC 2026-08-17 14:30 UTC: 1800 Kerzen geholt
    [#######---] 34/46 GC 2026-08-17 15:00 UTC: 1800 Kerzen geholt
    [########--] 35/46 GC 2026-08-17 15:30 UTC: 1800 Kerzen geholt
    [########--] 36/46 GC 2026-08-17 16:00 UTC: 1800 Kerzen geholt
    [########--] 37/46 GC 2026-08-17 16:30 UTC: 1800 Kerzen geholt
    [########--] 38/46 GC 2026-08-17 17:00 UTC: 1800 Kerzen geholt
    [########--] 39/46 GC 2026-08-17 17:30 UTC: 1800 Kerzen geholt
    [#########-] 40/46 GC 2026-08-17 18:00 UTC: 1800 Kerzen geholt
    [#########-] 41/46 GC 2026-08-17 18:30 UTC: 1800 Kerzen geholt
    [#########-] 42/46 GC 2026-08-17 19:00 UTC: 1800 Kerzen geholt
    [#########-] 43/46 GC 2026-08-17 19:30 UTC: 1800 Kerzen geholt
    [##########] 44/46 GC 2026-08-17 20:00 UTC: 1800 Kerzen geholt
    [##########] 45/46 GC 2026-08-17 20:30 UTC: 1800 Kerzen geholt
    [##########] 46/46 GC 2026-08-17 21:00 UTC: 1800 Kerzen geholt
[##########] 126/131 GC 2026-08-17: geschrieben (82800 Kerzen, 46 Fenster)
    [----------] 1/46 GC 2026-08-18 22:30 UTC: 1800 Kerzen geholt
    [----------] 2/46 GC 2026-08-18 23:00 UTC: 1800 Kerzen geholt
    [#---------] 3/46 GC 2026-08-18 23:30 UTC: 1800 Kerzen geholt
    [#---------] 4/46 GC 2026-08-18 00:00 UTC: 1800 Kerzen geholt
    [#---------] 5/46 GC 2026-08-18 00:30 UTC: 1800 Kerzen geholt
    [#---------] 6/46 GC 2026-08-18 01:00 UTC: 1800 Kerzen geholt
    [##--------] 7/46 GC 2026-08-18 01:30 UTC: 1800 Kerzen geholt
    [##--------] 8/46 GC 2026-08-18 02:00 UTC: 1800 Kerzen geholt
    [##--------] 9/46 GC 2026-08-18 02:30 UTC: 1800 Kerzen geholt
    [##--------] 10/46 GC 2026-08-18 03:00 UTC: 1800 Kerzen geholt
    [##--------] 11/46 GC 2026-08-18 03:30 UTC: 1800 Kerzen geholt
    [###-------] 12/46 GC 2026-08-18 04:00 UTC: 1800 Kerzen geholt
    [###-------] 13/46 GC 2026-08-18 04:30 UTC: 1800 Kerzen geholt
    [###-------] 14/46 GC 2026-08-18 05:00 UTC: 1800 Kerzen geholt
    [###-------] 15/46 GC 2026-08-18 05:30 UTC: 1800 Kerzen geholt
    [###-------] 16/46 GC 2026-08-18 06:00 UTC: 1800 Kerzen geholt
    [####------] 17/46 GC 2026-08-18 06:30 UTC: 1800 Kerzen geholt
    [####------] 18/46 GC 2026-08-18 07:00 UTC: 1800 Kerzen geholt
    [####------] 19/46 GC 2026-08-18 07:30 UTC: 1800 Kerzen geholt
    [####------] 20/46 GC 2026-08-18 08:00 UTC: 1800 Kerzen geholt
    [#####-----] 21/46 GC 2026-08-18 08:30 UTC: 1800 Kerzen geholt
    [#####-----] 22/46 GC 2026-08-18 09:00 UTC: 1800 Kerzen geholt
    [#####-----] 23/46 GC 2026-08-18 09:30 UTC: 1800 Kerzen geholt
    [#####-----] 24/46 GC 2026-08-18 10:00 UTC: 1800 Kerzen geholt
    [#####-----] 25/46 GC 2026-08-18 10:30 UTC: 1800 Kerzen geholt
    [######----] 26/46 GC 2026-08-18 11:00 UTC: 1800 Kerzen geholt
    [######----] 27/46 GC 2026-08-18 11:30 UTC: 1800 Kerzen geholt
    [######----] 28/46 GC 2026-08-18 12:00 UTC: 1800 Kerzen geholt
    [######----] 29/46 GC 2026-08-18 12:30 UTC: 1800 Kerzen geholt
    [#######---] 30/46 GC 2026-08-18 13:00 UTC: 1800 Kerzen geholt
    [#######---] 31/46 GC 2026-08-18 13:30 UTC: 1800 Kerzen geholt
    [#######---] 32/46 GC 2026-08-18 14:00 UTC: 1800 Kerzen geholt
    [#######---] 33/46 GC 2026-08-18 14:30 UTC: 1800 Kerzen geholt
    [#######---] 34/46 GC 2026-08-18 15:00 UTC: 1800 Kerzen geholt
    [########--] 35/46 GC 2026-08-18 15:30 UTC: 1800 Kerzen geholt
    [########--] 36/46 GC 2026-08-18 16:00 UTC: 1800 Kerzen geholt
    [########--] 37/46 GC 2026-08-18 16:30 UTC: 1800 Kerzen geholt
    [########--] 38/46 GC 2026-08-18 17:00 UTC: 1800 Kerzen geholt
    [########--] 39/46 GC 2026-08-18 17:30 UTC: 1800 Kerzen geholt
    [#########-] 40/46 GC 2026-08-18 18:00 UTC: 1800 Kerzen geholt
    [#########-] 41/46 GC 2026-08-18 18:30 UTC: 1800 Kerzen geholt
    [#########-] 42/46 GC 2026-08-18 19:00 UTC: 1800 Kerzen geholt
    [#########-] 43/46 GC 2026-08-18 19:30 UTC: 1800 Kerzen geholt
    [##########] 44/46 GC 2026-08-18 20:00 UTC: 1800 Kerzen geholt
    [##########] 45/46 GC 2026-08-18 20:30 UTC: 1800 Kerzen geholt
    [##########] 46/46 GC 2026-08-18 21:00 UTC: 1800 Kerzen geholt
[##########] 127/131 GC 2026-08-18: geschrieben (82800 Kerzen, 46 Fenster)
    [----------] 1/46 GC 2026-08-19 22:30 UTC: 1800 Kerzen geholt
    [----------] 2/46 GC 2026-08-19 23:00 UTC: 1800 Kerzen geholt
    [#---------] 3/46 GC 2026-08-19 23:30 UTC: 1800 Kerzen geholt
    [#---------] 4/46 GC 2026-08-19 00:00 UTC: 1800 Kerzen geholt
    [#---------] 5/46 GC 2026-08-19 00:30 UTC: 1800 Kerzen geholt
    [#---------] 6/46 GC 2026-08-19 01:00 UTC: 1800 Kerzen geholt
    [##--------] 7/46 GC 2026-08-19 01:30 UTC: 1800 Kerzen geholt
    [##--------] 8/46 GC 2026-08-19 02:00 UTC: 1800 Kerzen geholt
    [##--------] 9/46 GC 2026-08-19 02:30 UTC: 1800 Kerzen geholt
    [##--------] 10/46 GC 2026-08-19 03:00 UTC: 1800 Kerzen geholt
    [##--------] 11/46 GC 2026-08-19 03:30 UTC: 1800 Kerzen geholt
    [###-------] 12/46 GC 2026-08-19 04:00 UTC: 1800 Kerzen geholt
    [###-------] 13/46 GC 2026-08-19 04:30 UTC: 1800 Kerzen geholt
    [###-------] 14/46 GC 2026-08-19 05:00 UTC: 1800 Kerzen geholt
    [###-------] 15/46 GC 2026-08-19 05:30 UTC: 1800 Kerzen geholt
    [###-------] 16/46 GC 2026-08-19 06:00 UTC: 1800 Kerzen geholt
    [####------] 17/46 GC 2026-08-19 06:30 UTC: 1800 Kerzen geholt
    [####------] 18/46 GC 2026-08-19 07:00 UTC: 1800 Kerzen geholt
    [####------] 19/46 GC 2026-08-19 07:30 UTC: 1800 Kerzen geholt
    [####------] 20/46 GC 2026-08-19 08:00 UTC: 1800 Kerzen geholt
    [#####-----] 21/46 GC 2026-08-19 08:30 UTC: 1800 Kerzen geholt
    [#####-----] 22/46 GC 2026-08-19 09:00 UTC: 1800 Kerzen geholt
    [#####-----] 23/46 GC 2026-08-19 09:30 UTC: 1800 Kerzen geholt
    [#####-----] 24/46 GC 2026-08-19 10:00 UTC: 1800 Kerzen geholt
    [#####-----] 25/46 GC 2026-08-19 10:30 UTC: 1800 Kerzen geholt
    [######----] 26/46 GC 2026-08-19 11:00 UTC: 1800 Kerzen geholt
    [######----] 27/46 GC 2026-08-19 11:30 UTC: 1800 Kerzen geholt
    [######----] 28/46 GC 2026-08-19 12:00 UTC: 1800 Kerzen geholt
    [######----] 29/46 GC 2026-08-19 12:30 UTC: 1800 Kerzen geholt
    [#######---] 30/46 GC 2026-08-19 13:00 UTC: 1800 Kerzen geholt
    [#######---] 31/46 GC 2026-08-19 13:30 UTC: 1800 Kerzen geholt
    [#######---] 32/46 GC 2026-08-19 14:00 UTC: 1800 Kerzen geholt
    [#######---] 33/46 GC 2026-08-19 14:30 UTC: 1800 Kerzen geholt
    [#######---] 34/46 GC 2026-08-19 15:00 UTC: 1800 Kerzen geholt
    [########--] 35/46 GC 2026-08-19 15:30 UTC: 1800 Kerzen geholt
    [########--] 36/46 GC 2026-08-19 16:00 UTC: 1800 Kerzen geholt
    [########--] 37/46 GC 2026-08-19 16:30 UTC: 1800 Kerzen geholt
    [########--] 38/46 GC 2026-08-19 17:00 UTC: 1800 Kerzen geholt
    [########--] 39/46 GC 2026-08-19 17:30 UTC: 1800 Kerzen geholt
    [#########-] 40/46 GC 2026-08-19 18:00 UTC: 1800 Kerzen geholt
    [#########-] 41/46 GC 2026-08-19 18:30 UTC: 1800 Kerzen geholt
    [#########-] 42/46 GC 2026-08-19 19:00 UTC: 1800 Kerzen geholt
    [#########-] 43/46 GC 2026-08-19 19:30 UTC: 1800 Kerzen geholt
    [##########] 44/46 GC 2026-08-19 20:00 UTC: 1800 Kerzen geholt
    [##########] 45/46 GC 2026-08-19 20:30 UTC: 1800 Kerzen geholt
    [##########] 46/46 GC 2026-08-19 21:00 UTC: 1800 Kerzen geholt
[##########] 128/131 GC 2026-08-19: geschrieben (82800 Kerzen, 46 Fenster)
    [----------] 1/46 GC 2026-08-20 22:30 UTC: 1800 Kerzen geholt
    [----------] 2/46 GC 2026-08-20 23:00 UTC: 1800 Kerzen geholt
    [#---------] 3/46 GC 2026-08-20 23:30 UTC: 1800 Kerzen geholt
  ! GC Fenster bis 2026-08-20 00:00:00+00:00: Versuch 1/3 fehlgeschlagen ([(162, 'Historical Market Data Service error message:Historical data request pacing violation')])
    [#---------] 4/46 GC 2026-08-20 00:00 UTC: 1800 Kerzen geholt
    [#---------] 5/46 GC 2026-08-20 00:30 UTC: 1800 Kerzen geholt
    [#---------] 6/46 GC 2026-08-20 01:00 UTC: 1800 Kerzen geholt
    [##--------] 7/46 GC 2026-08-20 01:30 UTC: 1800 Kerzen geholt
    [##--------] 8/46 GC 2026-08-20 02:00 UTC: 1800 Kerzen geholt
    [##--------] 9/46 GC 2026-08-20 02:30 UTC: 1800 Kerzen geholt
    [##--------] 10/46 GC 2026-08-20 03:00 UTC: 1800 Kerzen geholt
    [##--------] 11/46 GC 2026-08-20 03:30 UTC: 1800 Kerzen geholt
    [###-------] 12/46 GC 2026-08-20 04:00 UTC: 1800 Kerzen geholt
    [###-------] 13/46 GC 2026-08-20 04:30 UTC: 1800 Kerzen geholt
    [###-------] 14/46 GC 2026-08-20 05:00 UTC: 1800 Kerzen geholt
    [###-------] 15/46 GC 2026-08-20 05:30 UTC: 1800 Kerzen geholt
    [###-------] 16/46 GC 2026-08-20 06:00 UTC: 1800 Kerzen geholt
    [####------] 17/46 GC 2026-08-20 06:30 UTC: 1800 Kerzen geholt
    [####------] 18/46 GC 2026-08-20 07:00 UTC: 1800 Kerzen geholt
    [####------] 19/46 GC 2026-08-20 07:30 UTC: 1800 Kerzen geholt
    [####------] 20/46 GC 2026-08-20 08:00 UTC: 1800 Kerzen geholt
    [#####-----] 21/46 GC 2026-08-20 08:30 UTC: 1800 Kerzen geholt
    [#####-----] 22/46 GC 2026-08-20 09:00 UTC: 1800 Kerzen geholt
    [#####-----] 23/46 GC 2026-08-20 09:30 UTC: 1800 Kerzen geholt
    [#####-----] 24/46 GC 2026-08-20 10:00 UTC: 1800 Kerzen geholt
    [#####-----] 25/46 GC 2026-08-20 10:30 UTC: 1800 Kerzen geholt
    [######----] 26/46 GC 2026-08-20 11:00 UTC: 1800 Kerzen geholt
    [######----] 27/46 GC 2026-08-20 11:30 UTC: 1800 Kerzen geholt
    [######----] 28/46 GC 2026-08-20 12:00 UTC: 1800 Kerzen geholt
    [######----] 29/46 GC 2026-08-20 12:30 UTC: 1800 Kerzen geholt
    [#######---] 30/46 GC 2026-08-20 13:00 UTC: 1800 Kerzen geholt
    [#######---] 31/46 GC 2026-08-20 13:30 UTC: 1800 Kerzen geholt
    [#######---] 32/46 GC 2026-08-20 14:00 UTC: 1800 Kerzen geholt
    [#######---] 33/46 GC 2026-08-20 14:30 UTC: 1800 Kerzen geholt
    [#######---] 34/46 GC 2026-08-20 15:00 UTC: 1800 Kerzen geholt
    [########--] 35/46 GC 2026-08-20 15:30 UTC: 1800 Kerzen geholt
    [########--] 36/46 GC 2026-08-20 16:00 UTC: 1800 Kerzen geholt
    [########--] 37/46 GC 2026-08-20 16:30 UTC: 1800 Kerzen geholt
    [########--] 38/46 GC 2026-08-20 17:00 UTC: 1800 Kerzen geholt
    [########--] 39/46 GC 2026-08-20 17:30 UTC: 1800 Kerzen geholt
    [#########-] 40/46 GC 2026-08-20 18:00 UTC: 1800 Kerzen geholt
    [#########-] 41/46 GC 2026-08-20 18:30 UTC: 1800 Kerzen geholt
    [#########-] 42/46 GC 2026-08-20 19:00 UTC: 1800 Kerzen geholt
    [#########-] 43/46 GC 2026-08-20 19:30 UTC: 1800 Kerzen geholt
    [##########] 44/46 GC 2026-08-20 20:00 UTC: 1800 Kerzen geholt
    [##########] 45/46 GC 2026-08-20 20:30 UTC: 1800 Kerzen geholt
    [##########] 46/46 GC 2026-08-20 21:00 UTC: 1800 Kerzen geholt
[##########] 129/131 GC 2026-08-20: geschrieben (82800 Kerzen, 46 Fenster)
    [----------] 1/46 GC 2026-08-21 22:30 UTC: 1800 Kerzen geholt
    [----------] 2/46 GC 2026-08-21 23:00 UTC: 1800 Kerzen geholt
    [#---------] 3/46 GC 2026-08-21 23:30 UTC: 1800 Kerzen geholt
    [#---------] 4/46 GC 2026-08-21 00:00 UTC: 1800 Kerzen geholt
    [#---------] 5/46 GC 2026-08-21 00:30 UTC: 1800 Kerzen geholt
    [#---------] 6/46 GC 2026-08-21 01:00 UTC: 1800 Kerzen geholt
    [##--------] 7/46 GC 2026-08-21 01:30 UTC: 1800 Kerzen geholt
    [##--------] 8/46 GC 2026-08-21 02:00 UTC: 1800 Kerzen geholt
    [##--------] 9/46 GC 2026-08-21 02:30 UTC: 1800 Kerzen geholt
    [##--------] 10/46 GC 2026-08-21 03:00 UTC: 1800 Kerzen geholt
    [##--------] 11/46 GC 2026-08-21 03:30 UTC: 1800 Kerzen geholt
    [###-------] 12/46 GC 2026-08-21 04:00 UTC: 1800 Kerzen geholt
    [###-------] 13/46 GC 2026-08-21 04:30 UTC: 1800 Kerzen geholt
    [###-------] 14/46 GC 2026-08-21 05:00 UTC: 1800 Kerzen geholt
    [###-------] 15/46 GC 2026-08-21 05:30 UTC: 1800 Kerzen geholt
    [###-------] 16/46 GC 2026-08-21 06:00 UTC: 1800 Kerzen geholt
    [####------] 17/46 GC 2026-08-21 06:30 UTC: 1800 Kerzen geholt
    [####------] 18/46 GC 2026-08-21 07:00 UTC: 1800 Kerzen geholt
    [####------] 19/46 GC 2026-08-21 07:30 UTC: 1800 Kerzen geholt
    [####------] 20/46 GC 2026-08-21 08:00 UTC: 1800 Kerzen geholt
    [#####-----] 21/46 GC 2026-08-21 08:30 UTC: 1800 Kerzen geholt
    [#####-----] 22/46 GC 2026-08-21 09:00 UTC: 1800 Kerzen geholt
    [#####-----] 23/46 GC 2026-08-21 09:30 UTC: 1800 Kerzen geholt
    [#####-----] 24/46 GC 2026-08-21 10:00 UTC: 1800 Kerzen geholt
    [#####-----] 25/46 GC 2026-08-21 10:30 UTC: 1800 Kerzen geholt
    [######----] 26/46 GC 2026-08-21 11:00 UTC: 1800 Kerzen geholt
    [######----] 27/46 GC 2026-08-21 11:30 UTC: 1800 Kerzen geholt
    [######----] 28/46 GC 2026-08-21 12:00 UTC: 1800 Kerzen geholt
    [######----] 29/46 GC 2026-08-21 12:30 UTC: 1800 Kerzen geholt
    [#######---] 30/46 GC 2026-08-21 13:00 UTC: 1800 Kerzen geholt
    [#######---] 31/46 GC 2026-08-21 13:30 UTC: 1800 Kerzen geholt
    [#######---] 32/46 GC 2026-08-21 14:00 UTC: 1800 Kerzen geholt
    [#######---] 33/46 GC 2026-08-21 14:30 UTC: 1800 Kerzen geholt
    [#######---] 34/46 GC 2026-08-21 15:00 UTC: 1800 Kerzen geholt
    [########--] 35/46 GC 2026-08-21 15:30 UTC: 1800 Kerzen geholt
    [########--] 36/46 GC 2026-08-21 16:00 UTC: 1800 Kerzen geholt
    [########--] 37/46 GC 2026-08-21 16:30 UTC: 1800 Kerzen geholt
    [########--] 38/46 GC 2026-08-21 17:00 UTC: 1800 Kerzen geholt
    [########--] 39/46 GC 2026-08-21 17:30 UTC: 1800 Kerzen geholt
    [#########-] 40/46 GC 2026-08-21 18:00 UTC: 1800 Kerzen geholt
    [#########-] 41/46 GC 2026-08-21 18:30 UTC: 1800 Kerzen geholt
    [#########-] 42/46 GC 2026-08-21 19:00 UTC: 1800 Kerzen geholt
    [#########-] 43/46 GC 2026-08-21 19:30 UTC: 1800 Kerzen geholt
    [##########] 44/46 GC 2026-08-21 20:00 UTC: 1800 Kerzen geholt
    [##########] 45/46 GC 2026-08-21 20:30 UTC: 1800 Kerzen geholt
    [##########] 46/46 GC 2026-08-21 21:00 UTC: 1800 Kerzen geholt
[##########] 130/131 GC 2026-08-21: geschrieben (82800 Kerzen, 46 Fenster)
    [----------] 1/46 GC 2026-08-24 22:30 UTC: 1800 Kerzen geholt
    [----------] 2/46 GC 2026-08-24 23:00 UTC: 1800 Kerzen geholt
    [#---------] 3/46 GC 2026-08-24 23:30 UTC: 1800 Kerzen geholt
    [#---------] 4/46 GC 2026-08-24 00:00 UTC: 1800 Kerzen geholt
    [#---------] 5/46 GC 2026-08-24 00:30 UTC: 1800 Kerzen geholt
    [#---------] 6/46 GC 2026-08-24 01:00 UTC: 1800 Kerzen geholt
    [##--------] 7/46 GC 2026-08-24 01:30 UTC: 1800 Kerzen geholt
    [##--------] 8/46 GC 2026-08-24 02:00 UTC: 1800 Kerzen geholt
    [##--------] 9/46 GC 2026-08-24 02:30 UTC: 1800 Kerzen geholt
    [##--------] 10/46 GC 2026-08-24 03:00 UTC: 1800 Kerzen geholt
    [##--------] 11/46 GC 2026-08-24 03:30 UTC: 1800 Kerzen geholt
    [###-------] 12/46 GC 2026-08-24 04:00 UTC: 1800 Kerzen geholt
    [###-------] 13/46 GC 2026-08-24 04:30 UTC: 1800 Kerzen geholt
    [###-------] 14/46 GC 2026-08-24 05:00 UTC: 1800 Kerzen geholt
    [###-------] 15/46 GC 2026-08-24 05:30 UTC: 1800 Kerzen geholt
    [###-------] 16/46 GC 2026-08-24 06:00 UTC: 1800 Kerzen geholt
    [####------] 17/46 GC 2026-08-24 06:30 UTC: 1800 Kerzen geholt
    [####------] 18/46 GC 2026-08-24 07:00 UTC: 1800 Kerzen geholt
    [####------] 19/46 GC 2026-08-24 07:30 UTC: 1800 Kerzen geholt
    [####------] 20/46 GC 2026-08-24 08:00 UTC: 1800 Kerzen geholt
    [#####-----] 21/46 GC 2026-08-24 08:30 UTC: 1800 Kerzen geholt
    [#####-----] 22/46 GC 2026-08-24 09:00 UTC: 1800 Kerzen geholt
    [#####-----] 23/46 GC 2026-08-24 09:30 UTC: 1800 Kerzen geholt
    [#####-----] 24/46 GC 2026-08-24 10:00 UTC: 1800 Kerzen geholt
    [#####-----] 25/46 GC 2026-08-24 10:30 UTC: 1800 Kerzen geholt
    [######----] 26/46 GC 2026-08-24 11:00 UTC: 1800 Kerzen geholt
    [######----] 27/46 GC 2026-08-24 11:30 UTC: 1800 Kerzen geholt
    [######----] 28/46 GC 2026-08-24 12:00 UTC: 1800 Kerzen geholt
    [######----] 29/46 GC 2026-08-24 12:30 UTC: 1800 Kerzen geholt
    [#######---] 30/46 GC 2026-08-24 13:00 UTC: 1800 Kerzen geholt
    [#######---] 31/46 GC 2026-08-24 13:30 UTC: 1800 Kerzen geholt
    [#######---] 32/46 GC 2026-08-24 14:00 UTC: 1800 Kerzen geholt
    [#######---] 33/46 GC 2026-08-24 14:30 UTC: 1800 Kerzen geholt
    [#######---] 34/46 GC 2026-08-24 15:00 UTC: 1800 Kerzen geholt
    [########--] 35/46 GC 2026-08-24 15:30 UTC: 1800 Kerzen geholt
    [########--] 36/46 GC 2026-08-24 16:00 UTC: 1800 Kerzen geholt
    [########--] 37/46 GC 2026-08-24 16:30 UTC: 1800 Kerzen geholt
    [########--] 38/46 GC 2026-08-24 17:00 UTC: 1800 Kerzen geholt
    [########--] 39/46 GC 2026-08-24 17:30 UTC: 1800 Kerzen geholt
    [#########-] 40/46 GC 2026-08-24 18:00 UTC: 1800 Kerzen geholt
    [#########-] 41/46 GC 2026-08-24 18:30 UTC: 1800 Kerzen geholt
    [#########-] 42/46 GC 2026-08-24 19:00 UTC: 1800 Kerzen geholt
    [#########-] 43/46 GC 2026-08-24 19:30 UTC: 1800 Kerzen geholt
    [##########] 44/46 GC 2026-08-24 20:00 UTC: 1800 Kerzen geholt
    [##########] 45/46 GC 2026-08-24 20:30 UTC: 1800 Kerzen geholt
    [##########] 46/46 GC 2026-08-24 21:00 UTC: 1800 Kerzen geholt
[##########] 131/131 GC 2026-08-24: geschrieben (82800 Kerzen, 46 Fenster)

Alle 131 Tagesdateien vollstaendig.
=== Lauf beendet 08:08:11 ===
