Gateway auf Port 4002 nicht erreichbar, starte C:\Users\janne\IBC\StartGateway.bat ...
Gateway erreichbar nach 18s.
Backfill 2026-02-22 bis 2026-08-24: 131 Handelstage x 1 Symbol(e) = 131 Tagesdateien. Bereits vorhandene werden ohne Request uebersprungen.
[----------] 1/131 GC 2026-02-23: schon vorhanden (0 Requests)
[----------] 2/131 GC 2026-02-24: schon vorhanden (0 Requests)
[----------] 3/131 GC 2026-02-25: schon vorhanden (0 Requests)
[----------] 4/131 GC 2026-02-26: schon vorhanden (0 Requests)
[----------] 5/131 GC 2026-02-27: schon vorhanden (0 Requests)
[----------] 6/131 GC 2026-03-02: schon vorhanden (0 Requests)
[#---------] 7/131 GC 2026-03-03: schon vorhanden (0 Requests)
[#---------] 8/131 GC 2026-03-04: schon vorhanden (0 Requests)
[#---------] 9/131 GC 2026-03-05: schon vorhanden (0 Requests)
[#---------] 10/131 GC 2026-03-06: schon vorhanden (0 Requests)
[#---------] 11/131 GC 2026-03-09: schon vorhanden (0 Requests)
[#---------] 12/131 GC 2026-03-10: schon vorhanden (0 Requests)
[#---------] 13/131 GC 2026-03-11: schon vorhanden (0 Requests)
[#---------] 14/131 GC 2026-03-12: schon vorhanden (0 Requests)
[#---------] 15/131 GC 2026-03-13: schon vorhanden (0 Requests)
[#---------] 16/131 GC 2026-03-16: schon vorhanden (0 Requests)
[#---------] 17/131 GC 2026-03-17: schon vorhanden (0 Requests)
[#---------] 18/131 GC 2026-03-18: schon vorhanden (0 Requests)
[#---------] 19/131 GC 2026-03-19: schon vorhanden (0 Requests)
[##--------] 20/131 GC 2026-03-20: schon vorhanden (0 Requests)
[##--------] 21/131 GC 2026-03-23: schon vorhanden (0 Requests)
[##--------] 22/131 GC 2026-03-24: schon vorhanden (0 Requests)
[##--------] 23/131 GC 2026-03-25: schon vorhanden (0 Requests)
[##--------] 24/131 GC 2026-03-26: schon vorhanden (0 Requests)
    [----------] 1/46 GC 2026-03-27 22:30 UTC: 1800 Kerzen geholt
    [----------] 2/46 GC 2026-03-27 23:00 UTC: 1800 Kerzen geholt
    [#---------] 3/46 GC 2026-03-27 23:30 UTC: 1800 Kerzen geholt
    [#---------] 4/46 GC 2026-03-27 00:00 UTC: 1800 Kerzen geholt
    [#---------] 5/46 GC 2026-03-27 00:30 UTC: 1800 Kerzen geholt
    [#---------] 6/46 GC 2026-03-27 01:00 UTC: 1800 Kerzen geholt
    [##--------] 7/46 GC 2026-03-27 01:30 UTC: 1800 Kerzen geholt
    [##--------] 8/46 GC 2026-03-27 02:00 UTC: 1800 Kerzen geholt
    [##--------] 9/46 GC 2026-03-27 02:30 UTC: 1800 Kerzen geholt
    [##--------] 10/46 GC 2026-03-27 03:00 UTC: 1800 Kerzen geholt
    [##--------] 11/46 GC 2026-03-27 03:30 UTC: 1800 Kerzen geholt
    [###-------] 12/46 GC 2026-03-27 04:00 UTC: 1800 Kerzen geholt
    [###-------] 13/46 GC 2026-03-27 04:30 UTC: 1800 Kerzen geholt
    [###-------] 14/46 GC 2026-03-27 05:00 UTC: 1800 Kerzen geholt
    [###-------] 15/46 GC 2026-03-27 05:30 UTC: 1800 Kerzen geholt
    [###-------] 16/46 GC 2026-03-27 06:00 UTC: 1800 Kerzen geholt
    [####------] 17/46 GC 2026-03-27 06:30 UTC: 1800 Kerzen geholt
    [####------] 18/46 GC 2026-03-27 07:00 UTC: 1800 Kerzen geholt
    [####------] 19/46 GC 2026-03-27 07:30 UTC: 1800 Kerzen geholt
    [####------] 20/46 GC 2026-03-27 08:00 UTC: 1800 Kerzen geholt
    [#####-----] 21/46 GC 2026-03-27 08:30 UTC: 1800 Kerzen geholt
    [#####-----] 22/46 GC 2026-03-27 09:00 UTC: 1800 Kerzen geholt
    [#####-----] 23/46 GC 2026-03-27 09:30 UTC: 1800 Kerzen geholt
    [#####-----] 24/46 GC 2026-03-27 10:00 UTC: 1800 Kerzen geholt
    [#####-----] 25/46 GC 2026-03-27 10:30 UTC: 1800 Kerzen geholt
    [######----] 26/46 GC 2026-03-27 11:00 UTC: 1800 Kerzen geholt
    [######----] 27/46 GC 2026-03-27 11:30 UTC: 1800 Kerzen geholt
    [######----] 28/46 GC 2026-03-27 12:00 UTC: 1800 Kerzen geholt
    [######----] 29/46 GC 2026-03-27 12:30 UTC: 1800 Kerzen geholt
    [#######---] 30/46 GC 2026-03-27 13:00 UTC: 1800 Kerzen geholt
    [#######---] 31/46 GC 2026-03-27 13:30 UTC: 1800 Kerzen geholt
    [#######---] 32/46 GC 2026-03-27 14:00 UTC: 1800 Kerzen geholt
    [#######---] 33/46 GC 2026-03-27 14:30 UTC: 1800 Kerzen geholt
    [#######---] 34/46 GC 2026-03-27 15:00 UTC: 1800 Kerzen geholt
    [########--] 35/46 GC 2026-03-27 15:30 UTC: 1800 Kerzen geholt
    [########--] 36/46 GC 2026-03-27 16:00 UTC: 1800 Kerzen geholt
    [########--] 37/46 GC 2026-03-27 16:30 UTC: 1800 Kerzen geholt
    [########--] 38/46 GC 2026-03-27 17:00 UTC: 1800 Kerzen geholt
    [########--] 39/46 GC 2026-03-27 17:30 UTC: 1800 Kerzen geholt
    [#########-] 40/46 GC 2026-03-27 18:00 UTC: 1800 Kerzen geholt
    [#########-] 41/46 GC 2026-03-27 18:30 UTC: 1800 Kerzen geholt
    [#########-] 42/46 GC 2026-03-27 19:00 UTC: 1800 Kerzen geholt
    [#########-] 43/46 GC 2026-03-27 19:30 UTC: 1800 Kerzen geholt
    [##########] 44/46 GC 2026-03-27 20:00 UTC: 1800 Kerzen geholt
    [##########] 45/46 GC 2026-03-27 20:30 UTC: 1800 Kerzen geholt
    [##########] 46/46 GC 2026-03-27 21:00 UTC: 1800 Kerzen geholt
[##--------] 25/131 GC 2026-03-27: geschrieben (82800 Kerzen, 46 Fenster)
    [----------] 1/46 GC 2026-03-30 22:30 UTC: 1800 Kerzen geholt
    [----------] 2/46 GC 2026-03-30 23:00 UTC: 1800 Kerzen geholt
    [#---------] 3/46 GC 2026-03-30 23:30 UTC: 1800 Kerzen geholt
    [#---------] 4/46 GC 2026-03-30 00:00 UTC: 1800 Kerzen geholt
    [#---------] 5/46 GC 2026-03-30 00:30 UTC: 1800 Kerzen geholt
    [#---------] 6/46 GC 2026-03-30 01:00 UTC: 1800 Kerzen geholt
    [##--------] 7/46 GC 2026-03-30 01:30 UTC: 1800 Kerzen geholt
    [##--------] 8/46 GC 2026-03-30 02:00 UTC: 1800 Kerzen geholt
    [##--------] 9/46 GC 2026-03-30 02:30 UTC: 1800 Kerzen geholt
    [##--------] 10/46 GC 2026-03-30 03:00 UTC: 1800 Kerzen geholt
    [##--------] 11/46 GC 2026-03-30 03:30 UTC: 1800 Kerzen geholt
    [###-------] 12/46 GC 2026-03-30 04:00 UTC: 1800 Kerzen geholt
    [###-------] 13/46 GC 2026-03-30 04:30 UTC: 1800 Kerzen geholt
    [###-------] 14/46 GC 2026-03-30 05:00 UTC: 1800 Kerzen geholt
    [###-------] 15/46 GC 2026-03-30 05:30 UTC: 1800 Kerzen geholt
    [###-------] 16/46 GC 2026-03-30 06:00 UTC: 1800 Kerzen geholt
    [####------] 17/46 GC 2026-03-30 06:30 UTC: 1800 Kerzen geholt
    [####------] 18/46 GC 2026-03-30 07:00 UTC: 1800 Kerzen geholt
    [####------] 19/46 GC 2026-03-30 07:30 UTC: 1800 Kerzen geholt
    [####------] 20/46 GC 2026-03-30 08:00 UTC: 1800 Kerzen geholt
    [#####-----] 21/46 GC 2026-03-30 08:30 UTC: 1800 Kerzen geholt
    [#####-----] 22/46 GC 2026-03-30 09:00 UTC: 1800 Kerzen geholt
    [#####-----] 23/46 GC 2026-03-30 09:30 UTC: 1800 Kerzen geholt
    [#####-----] 24/46 GC 2026-03-30 10:00 UTC: 1800 Kerzen geholt
    [#####-----] 25/46 GC 2026-03-30 10:30 UTC: 1800 Kerzen geholt
    [######----] 26/46 GC 2026-03-30 11:00 UTC: 1800 Kerzen geholt
    [######----] 27/46 GC 2026-03-30 11:30 UTC: 1800 Kerzen geholt
    [######----] 28/46 GC 2026-03-30 12:00 UTC: 1800 Kerzen geholt
    [######----] 29/46 GC 2026-03-30 12:30 UTC: 1800 Kerzen geholt
    [#######---] 30/46 GC 2026-03-30 13:00 UTC: 1800 Kerzen geholt
    [#######---] 31/46 GC 2026-03-30 13:30 UTC: 1800 Kerzen geholt
    [#######---] 32/46 GC 2026-03-30 14:00 UTC: 1800 Kerzen geholt
    [#######---] 33/46 GC 2026-03-30 14:30 UTC: 1800 Kerzen geholt
    [#######---] 34/46 GC 2026-03-30 15:00 UTC: 1800 Kerzen geholt
    [########--] 35/46 GC 2026-03-30 15:30 UTC: 1800 Kerzen geholt
    [########--] 36/46 GC 2026-03-30 16:00 UTC: 1800 Kerzen geholt
    [########--] 37/46 GC 2026-03-30 16:30 UTC: 1800 Kerzen geholt
    [########--] 38/46 GC 2026-03-30 17:00 UTC: 1800 Kerzen geholt
    [########--] 39/46 GC 2026-03-30 17:30 UTC: 1800 Kerzen geholt
    [#########-] 40/46 GC 2026-03-30 18:00 UTC: 1800 Kerzen geholt
    [#########-] 41/46 GC 2026-03-30 18:30 UTC: 1800 Kerzen geholt
    [#########-] 42/46 GC 2026-03-30 19:00 UTC: 1800 Kerzen geholt
    [#########-] 43/46 GC 2026-03-30 19:30 UTC: 1800 Kerzen geholt
    [##########] 44/46 GC 2026-03-30 20:00 UTC: 1800 Kerzen geholt
    [##########] 45/46 GC 2026-03-30 20:30 UTC: 1800 Kerzen geholt
    [##########] 46/46 GC 2026-03-30 21:00 UTC: 1800 Kerzen geholt
[##--------] 26/131 GC 2026-03-30: geschrieben (82800 Kerzen, 46 Fenster)
    [----------] 1/46 GC 2026-03-31 22:30 UTC: 1800 Kerzen geholt
    [----------] 2/46 GC 2026-03-31 23:00 UTC: 1800 Kerzen geholt
    [#---------] 3/46 GC 2026-03-31 23:30 UTC: 1800 Kerzen geholt
    [#---------] 4/46 GC 2026-03-31 00:00 UTC: 1800 Kerzen geholt
    [#---------] 5/46 GC 2026-03-31 00:30 UTC: 1800 Kerzen geholt
    [#---------] 6/46 GC 2026-03-31 01:00 UTC: 1800 Kerzen geholt
    [##--------] 7/46 GC 2026-03-31 01:30 UTC: 1800 Kerzen geholt
    [##--------] 8/46 GC 2026-03-31 02:00 UTC: 1800 Kerzen geholt
    [##--------] 9/46 GC 2026-03-31 02:30 UTC: 1800 Kerzen geholt
    [##--------] 10/46 GC 2026-03-31 03:00 UTC: 1800 Kerzen geholt
    [##--------] 11/46 GC 2026-03-31 03:30 UTC: 1800 Kerzen geholt
    [###-------] 12/46 GC 2026-03-31 04:00 UTC: 1800 Kerzen geholt
    [###-------] 13/46 GC 2026-03-31 04:30 UTC: 1800 Kerzen geholt
    [###-------] 14/46 GC 2026-03-31 05:00 UTC: 1800 Kerzen geholt
    [###-------] 15/46 GC 2026-03-31 05:30 UTC: 1800 Kerzen geholt
    [###-------] 16/46 GC 2026-03-31 06:00 UTC: 1800 Kerzen geholt
    [####------] 17/46 GC 2026-03-31 06:30 UTC: 1800 Kerzen geholt
    [####------] 18/46 GC 2026-03-31 07:00 UTC: 1800 Kerzen geholt
    [####------] 19/46 GC 2026-03-31 07:30 UTC: 1800 Kerzen geholt
    [####------] 20/46 GC 2026-03-31 08:00 UTC: 1800 Kerzen geholt
    [#####-----] 21/46 GC 2026-03-31 08:30 UTC: 1800 Kerzen geholt
    [#####-----] 22/46 GC 2026-03-31 09:00 UTC: 1800 Kerzen geholt
    [#####-----] 23/46 GC 2026-03-31 09:30 UTC: 1800 Kerzen geholt
    [#####-----] 24/46 GC 2026-03-31 10:00 UTC: 1800 Kerzen geholt
    [#####-----] 25/46 GC 2026-03-31 10:30 UTC: 1800 Kerzen geholt
    [######----] 26/46 GC 2026-03-31 11:00 UTC: 1800 Kerzen geholt
    [######----] 27/46 GC 2026-03-31 11:30 UTC: 1800 Kerzen geholt
    [######----] 28/46 GC 2026-03-31 12:00 UTC: 1800 Kerzen geholt
    [######----] 29/46 GC 2026-03-31 12:30 UTC: 1800 Kerzen geholt
    [#######---] 30/46 GC 2026-03-31 13:00 UTC: 1800 Kerzen geholt
    [#######---] 31/46 GC 2026-03-31 13:30 UTC: 1800 Kerzen geholt
    [#######---] 32/46 GC 2026-03-31 14:00 UTC: 1800 Kerzen geholt
    [#######---] 33/46 GC 2026-03-31 14:30 UTC: 1800 Kerzen geholt
    [#######---] 34/46 GC 2026-03-31 15:00 UTC: 1800 Kerzen geholt
    [########--] 35/46 GC 2026-03-31 15:30 UTC: 1800 Kerzen geholt
    [########--] 36/46 GC 2026-03-31 16:00 UTC: 1800 Kerzen geholt
    [########--] 37/46 GC 2026-03-31 16:30 UTC: 1800 Kerzen geholt
    [########--] 38/46 GC 2026-03-31 17:00 UTC: 1800 Kerzen geholt
    [########--] 39/46 GC 2026-03-31 17:30 UTC: 1800 Kerzen geholt
    [#########-] 40/46 GC 2026-03-31 18:00 UTC: 1800 Kerzen geholt
    [#########-] 41/46 GC 2026-03-31 18:30 UTC: 1800 Kerzen geholt
    [#########-] 42/46 GC 2026-03-31 19:00 UTC: 1800 Kerzen geholt
    [#########-] 43/46 GC 2026-03-31 19:30 UTC: 1800 Kerzen geholt
    [##########] 44/46 GC 2026-03-31 20:00 UTC: 1800 Kerzen geholt
    [##########] 45/46 GC 2026-03-31 20:30 UTC: 1800 Kerzen geholt
    [##########] 46/46 GC 2026-03-31 21:00 UTC: 1800 Kerzen geholt
[##--------] 27/131 GC 2026-03-31: geschrieben (82800 Kerzen, 46 Fenster)
    [----------] 1/46 GC 2026-04-01 22:30 UTC: 1800 Kerzen geholt
    [----------] 2/46 GC 2026-04-01 23:00 UTC: 1800 Kerzen geholt
    [#---------] 3/46 GC 2026-04-01 23:30 UTC: 1800 Kerzen geholt
    [#---------] 4/46 GC 2026-04-01 00:00 UTC: 1800 Kerzen geholt
    [#---------] 5/46 GC 2026-04-01 00:30 UTC: 1800 Kerzen geholt
    [#---------] 6/46 GC 2026-04-01 01:00 UTC: 1800 Kerzen geholt
    [##--------] 7/46 GC 2026-04-01 01:30 UTC: 1800 Kerzen geholt
    [##--------] 8/46 GC 2026-04-01 02:00 UTC: 1800 Kerzen geholt
    [##--------] 9/46 GC 2026-04-01 02:30 UTC: 1800 Kerzen geholt
    [##--------] 10/46 GC 2026-04-01 03:00 UTC: 1800 Kerzen geholt
    [##--------] 11/46 GC 2026-04-01 03:30 UTC: 1800 Kerzen geholt
    [###-------] 12/46 GC 2026-04-01 04:00 UTC: 1800 Kerzen geholt
    [###-------] 13/46 GC 2026-04-01 04:30 UTC: 1800 Kerzen geholt
    [###-------] 14/46 GC 2026-04-01 05:00 UTC: 1800 Kerzen geholt
    [###-------] 15/46 GC 2026-04-01 05:30 UTC: 1800 Kerzen geholt
    [###-------] 16/46 GC 2026-04-01 06:00 UTC: 1800 Kerzen geholt
    [####------] 17/46 GC 2026-04-01 06:30 UTC: 1800 Kerzen geholt
    [####------] 18/46 GC 2026-04-01 07:00 UTC: 1800 Kerzen geholt
    [####------] 19/46 GC 2026-04-01 07:30 UTC: 1800 Kerzen geholt
    [####------] 20/46 GC 2026-04-01 08:00 UTC: 1800 Kerzen geholt
    [#####-----] 21/46 GC 2026-04-01 08:30 UTC: 1800 Kerzen geholt
    [#####-----] 22/46 GC 2026-04-01 09:00 UTC: 1800 Kerzen geholt
    [#####-----] 23/46 GC 2026-04-01 09:30 UTC: 1800 Kerzen geholt
    [#####-----] 24/46 GC 2026-04-01 10:00 UTC: 1800 Kerzen geholt
    [#####-----] 25/46 GC 2026-04-01 10:30 UTC: 1800 Kerzen geholt
    [######----] 26/46 GC 2026-04-01 11:00 UTC: 1800 Kerzen geholt
    [######----] 27/46 GC 2026-04-01 11:30 UTC: 1800 Kerzen geholt
    [######----] 28/46 GC 2026-04-01 12:00 UTC: 1800 Kerzen geholt
    [######----] 29/46 GC 2026-04-01 12:30 UTC: 1800 Kerzen geholt
    [#######---] 30/46 GC 2026-04-01 13:00 UTC: 1800 Kerzen geholt
    [#######---] 31/46 GC 2026-04-01 13:30 UTC: 1800 Kerzen geholt
    [#######---] 32/46 GC 2026-04-01 14:00 UTC: 1800 Kerzen geholt
    [#######---] 33/46 GC 2026-04-01 14:30 UTC: 1800 Kerzen geholt
    [#######---] 34/46 GC 2026-04-01 15:00 UTC: 1800 Kerzen geholt
    [########--] 35/46 GC 2026-04-01 15:30 UTC: 1800 Kerzen geholt
    [########--] 36/46 GC 2026-04-01 16:00 UTC: 1800 Kerzen geholt
    [########--] 37/46 GC 2026-04-01 16:30 UTC: 1800 Kerzen geholt
    [########--] 38/46 GC 2026-04-01 17:00 UTC: 1800 Kerzen geholt
    [########--] 39/46 GC 2026-04-01 17:30 UTC: 1800 Kerzen geholt
    [#########-] 40/46 GC 2026-04-01 18:00 UTC: 1800 Kerzen geholt
    [#########-] 41/46 GC 2026-04-01 18:30 UTC: 1800 Kerzen geholt
    [#########-] 42/46 GC 2026-04-01 19:00 UTC: 1800 Kerzen geholt
    [#########-] 43/46 GC 2026-04-01 19:30 UTC: 1800 Kerzen geholt
    [##########] 44/46 GC 2026-04-01 20:00 UTC: 1800 Kerzen geholt
    [##########] 45/46 GC 2026-04-01 20:30 UTC: 1800 Kerzen geholt
    [##########] 46/46 GC 2026-04-01 21:00 UTC: 1800 Kerzen geholt
[##--------] 28/131 GC 2026-04-01: geschrieben (82800 Kerzen, 46 Fenster)
    [----------] 1/46 GC 2026-04-02 22:30 UTC: 1800 Kerzen geholt
    [----------] 2/46 GC 2026-04-02 23:00 UTC: 1800 Kerzen geholt
    [#---------] 3/46 GC 2026-04-02 23:30 UTC: 1800 Kerzen geholt
    [#---------] 4/46 GC 2026-04-02 00:00 UTC: 1800 Kerzen geholt
    [#---------] 5/46 GC 2026-04-02 00:30 UTC: 1800 Kerzen geholt
    [#---------] 6/46 GC 2026-04-02 01:00 UTC: 1800 Kerzen geholt
    [##--------] 7/46 GC 2026-04-02 01:30 UTC: 1800 Kerzen geholt
    [##--------] 8/46 GC 2026-04-02 02:00 UTC: 1800 Kerzen geholt
    [##--------] 9/46 GC 2026-04-02 02:30 UTC: 1800 Kerzen geholt
    [##--------] 10/46 GC 2026-04-02 03:00 UTC: 1800 Kerzen geholt
    [##--------] 11/46 GC 2026-04-02 03:30 UTC: 1800 Kerzen geholt
    [###-------] 12/46 GC 2026-04-02 04:00 UTC: 1800 Kerzen geholt
    [###-------] 13/46 GC 2026-04-02 04:30 UTC: 1800 Kerzen geholt
    [###-------] 14/46 GC 2026-04-02 05:00 UTC: 1800 Kerzen geholt
    [###-------] 15/46 GC 2026-04-02 05:30 UTC: 1800 Kerzen geholt
    [###-------] 16/46 GC 2026-04-02 06:00 UTC: 1800 Kerzen geholt
    [####------] 17/46 GC 2026-04-02 06:30 UTC: 1800 Kerzen geholt
    [####------] 18/46 GC 2026-04-02 07:00 UTC: 1800 Kerzen geholt
    [####------] 19/46 GC 2026-04-02 07:30 UTC: 1800 Kerzen geholt
    [####------] 20/46 GC 2026-04-02 08:00 UTC: 1800 Kerzen geholt
    [#####-----] 21/46 GC 2026-04-02 08:30 UTC: 1800 Kerzen geholt
    [#####-----] 22/46 GC 2026-04-02 09:00 UTC: 1800 Kerzen geholt
    [#####-----] 23/46 GC 2026-04-02 09:30 UTC: 1800 Kerzen geholt
    [#####-----] 24/46 GC 2026-04-02 10:00 UTC: 1800 Kerzen geholt
    [#####-----] 25/46 GC 2026-04-02 10:30 UTC: 1800 Kerzen geholt
    [######----] 26/46 GC 2026-04-02 11:00 UTC: 1800 Kerzen geholt
    [######----] 27/46 GC 2026-04-02 11:30 UTC: 1800 Kerzen geholt
    [######----] 28/46 GC 2026-04-02 12:00 UTC: 1800 Kerzen geholt
    [######----] 29/46 GC 2026-04-02 12:30 UTC: 1800 Kerzen geholt
    [#######---] 30/46 GC 2026-04-02 13:00 UTC: 1800 Kerzen geholt
    [#######---] 31/46 GC 2026-04-02 13:30 UTC: 1800 Kerzen geholt
    [#######---] 32/46 GC 2026-04-02 14:00 UTC: 1800 Kerzen geholt
    [#######---] 33/46 GC 2026-04-02 14:30 UTC: 1800 Kerzen geholt
    [#######---] 34/46 GC 2026-04-02 15:00 UTC: 1800 Kerzen geholt
    [########--] 35/46 GC 2026-04-02 15:30 UTC: 1800 Kerzen geholt
    [########--] 36/46 GC 2026-04-02 16:00 UTC: 1800 Kerzen geholt
    [########--] 37/46 GC 2026-04-02 16:30 UTC: 1800 Kerzen geholt
    [########--] 38/46 GC 2026-04-02 17:00 UTC: 1800 Kerzen geholt
    [########--] 39/46 GC 2026-04-02 17:30 UTC: 1800 Kerzen geholt
    [#########-] 40/46 GC 2026-04-02 18:00 UTC: 1800 Kerzen geholt
    [#########-] 41/46 GC 2026-04-02 18:30 UTC: 1800 Kerzen geholt
    [#########-] 42/46 GC 2026-04-02 19:00 UTC: 1800 Kerzen geholt
    [#########-] 43/46 GC 2026-04-02 19:30 UTC: 1800 Kerzen geholt
    [##########] 44/46 GC 2026-04-02 20:00 UTC: 1800 Kerzen geholt
    [##########] 45/46 GC 2026-04-02 20:30 UTC: 1800 Kerzen geholt
    [##########] 46/46 GC 2026-04-02 21:00 UTC: 1800 Kerzen geholt
[##--------] 29/131 GC 2026-04-02: geschrieben (82800 Kerzen, 46 Fenster)
    [----------] 1/46 GC 2026-04-03 22:30 UTC: 1800 Kerzen geholt
    [----------] 2/46 GC 2026-04-03 23:00 UTC: 1800 Kerzen geholt
    [#---------] 3/46 GC 2026-04-03 23:30 UTC: 1800 Kerzen geholt
    [#---------] 4/46 GC 2026-04-03 00:00 UTC: 1800 Kerzen geholt
    [#---------] 5/46 GC 2026-04-03 00:30 UTC: 1800 Kerzen geholt
    [#---------] 6/46 GC 2026-04-03 01:00 UTC: 1800 Kerzen geholt
    [##--------] 7/46 GC 2026-04-03 01:30 UTC: 1800 Kerzen geholt
    [##--------] 8/46 GC 2026-04-03 02:00 UTC: 1800 Kerzen geholt
    [##--------] 9/46 GC 2026-04-03 02:30 UTC: 1800 Kerzen geholt
    [##--------] 10/46 GC 2026-04-03 03:00 UTC: 1800 Kerzen geholt
    [##--------] 11/46 GC 2026-04-03 03:30 UTC: 1800 Kerzen geholt
    [###-------] 12/46 GC 2026-04-03 04:00 UTC: 1800 Kerzen geholt
    [###-------] 13/46 GC 2026-04-03 04:30 UTC: 1800 Kerzen geholt
    [###-------] 14/46 GC 2026-04-03 05:00 UTC: 1800 Kerzen geholt
    [###-------] 15/46 GC 2026-04-03 05:30 UTC: 1800 Kerzen geholt
    [###-------] 16/46 GC 2026-04-03 06:00 UTC: 1800 Kerzen geholt
    [####------] 17/46 GC 2026-04-03 06:30 UTC: 1800 Kerzen geholt
    [####------] 18/46 GC 2026-04-03 07:00 UTC: 1800 Kerzen geholt
    [####------] 19/46 GC 2026-04-03 07:30 UTC: 1800 Kerzen geholt
    [####------] 20/46 GC 2026-04-03 08:00 UTC: 1800 Kerzen geholt
    [#####-----] 21/46 GC 2026-04-03 08:30 UTC: 1800 Kerzen geholt
    [#####-----] 22/46 GC 2026-04-03 09:00 UTC: 1800 Kerzen geholt
    [#####-----] 23/46 GC 2026-04-03 09:30 UTC: 1800 Kerzen geholt
    [#####-----] 24/46 GC 2026-04-03 10:00 UTC: 1800 Kerzen geholt
    [#####-----] 25/46 GC 2026-04-03 10:30 UTC: 1800 Kerzen geholt
    [######----] 26/46 GC 2026-04-03 11:00 UTC: 1800 Kerzen geholt
    [######----] 27/46 GC 2026-04-03 11:30 UTC: 1800 Kerzen geholt
    [######----] 28/46 GC 2026-04-03 12:00 UTC: 1800 Kerzen geholt
    [######----] 29/46 GC 2026-04-03 12:30 UTC: 1800 Kerzen geholt
    [#######---] 30/46 GC 2026-04-03 13:00 UTC: 1800 Kerzen geholt
    [#######---] 31/46 GC 2026-04-03 13:30 UTC: 1800 Kerzen geholt
    [#######---] 32/46 GC 2026-04-03 14:00 UTC: 1800 Kerzen geholt
    [#######---] 33/46 GC 2026-04-03 14:30 UTC: 1800 Kerzen geholt
    [#######---] 34/46 GC 2026-04-03 15:00 UTC: 1800 Kerzen geholt
    [########--] 35/46 GC 2026-04-03 15:30 UTC: 1800 Kerzen geholt
    [########--] 36/46 GC 2026-04-03 16:00 UTC: 1800 Kerzen geholt
    [########--] 37/46 GC 2026-04-03 16:30 UTC: 1800 Kerzen geholt
    [########--] 38/46 GC 2026-04-03 17:00 UTC: 1800 Kerzen geholt
    [########--] 39/46 GC 2026-04-03 17:30 UTC: 1800 Kerzen geholt
    [#########-] 40/46 GC 2026-04-03 18:00 UTC: 1800 Kerzen geholt
    [#########-] 41/46 GC 2026-04-03 18:30 UTC: 1800 Kerzen geholt
    [#########-] 42/46 GC 2026-04-03 19:00 UTC: 1800 Kerzen geholt
    [#########-] 43/46 GC 2026-04-03 19:30 UTC: 1800 Kerzen geholt
    [##########] 44/46 GC 2026-04-03 20:00 UTC: 1800 Kerzen geholt
    [##########] 45/46 GC 2026-04-03 20:30 UTC: 1800 Kerzen geholt
    [##########] 46/46 GC 2026-04-03 21:00 UTC: 1800 Kerzen geholt
[##--------] 30/131 GC 2026-04-03: geschrieben (1800 Kerzen, 46 Fenster)
    [----------] 1/46 GC 2026-04-06 22:30 UTC: 1800 Kerzen geholt
    [----------] 2/46 GC 2026-04-06 23:00 UTC: 1800 Kerzen geholt
    [#---------] 3/46 GC 2026-04-06 23:30 UTC: 1800 Kerzen geholt
    [#---------] 4/46 GC 2026-04-06 00:00 UTC: 1800 Kerzen geholt
    [#---------] 5/46 GC 2026-04-06 00:30 UTC: 1800 Kerzen geholt
    [#---------] 6/46 GC 2026-04-06 01:00 UTC: 1800 Kerzen geholt
    [##--------] 7/46 GC 2026-04-06 01:30 UTC: 1800 Kerzen geholt
    [##--------] 8/46 GC 2026-04-06 02:00 UTC: 1800 Kerzen geholt
    [##--------] 9/46 GC 2026-04-06 02:30 UTC: 1800 Kerzen geholt
    [##--------] 10/46 GC 2026-04-06 03:00 UTC: 1800 Kerzen geholt
    [##--------] 11/46 GC 2026-04-06 03:30 UTC: 1800 Kerzen geholt
    [###-------] 12/46 GC 2026-04-06 04:00 UTC: 1800 Kerzen geholt
    [###-------] 13/46 GC 2026-04-06 04:30 UTC: 1800 Kerzen geholt
    [###-------] 14/46 GC 2026-04-06 05:00 UTC: 1800 Kerzen geholt
    [###-------] 15/46 GC 2026-04-06 05:30 UTC: 1800 Kerzen geholt
    [###-------] 16/46 GC 2026-04-06 06:00 UTC: 1800 Kerzen geholt
    [####------] 17/46 GC 2026-04-06 06:30 UTC: 1800 Kerzen geholt
    [####------] 18/46 GC 2026-04-06 07:00 UTC: 1800 Kerzen geholt
    [####------] 19/46 GC 2026-04-06 07:30 UTC: 1800 Kerzen geholt
    [####------] 20/46 GC 2026-04-06 08:00 UTC: 1800 Kerzen geholt
    [#####-----] 21/46 GC 2026-04-06 08:30 UTC: 1800 Kerzen geholt
    [#####-----] 22/46 GC 2026-04-06 09:00 UTC: 1800 Kerzen geholt
    [#####-----] 23/46 GC 2026-04-06 09:30 UTC: 1800 Kerzen geholt
    [#####-----] 24/46 GC 2026-04-06 10:00 UTC: 1800 Kerzen geholt
    [#####-----] 25/46 GC 2026-04-06 10:30 UTC: 1800 Kerzen geholt
    [######----] 26/46 GC 2026-04-06 11:00 UTC: 1800 Kerzen geholt
    [######----] 27/46 GC 2026-04-06 11:30 UTC: 1800 Kerzen geholt
    [######----] 28/46 GC 2026-04-06 12:00 UTC: 1800 Kerzen geholt
    [######----] 29/46 GC 2026-04-06 12:30 UTC: 1800 Kerzen geholt
    [#######---] 30/46 GC 2026-04-06 13:00 UTC: 1800 Kerzen geholt
    [#######---] 31/46 GC 2026-04-06 13:30 UTC: 1800 Kerzen geholt
    [#######---] 32/46 GC 2026-04-06 14:00 UTC: 1800 Kerzen geholt
    [#######---] 33/46 GC 2026-04-06 14:30 UTC: 1800 Kerzen geholt
    [#######---] 34/46 GC 2026-04-06 15:00 UTC: 1800 Kerzen geholt
    [########--] 35/46 GC 2026-04-06 15:30 UTC: 1800 Kerzen geholt
    [########--] 36/46 GC 2026-04-06 16:00 UTC: 1800 Kerzen geholt
    [########--] 37/46 GC 2026-04-06 16:30 UTC: 1800 Kerzen geholt
    [########--] 38/46 GC 2026-04-06 17:00 UTC: 1800 Kerzen geholt
    [########--] 39/46 GC 2026-04-06 17:30 UTC: 1800 Kerzen geholt
    [#########-] 40/46 GC 2026-04-06 18:00 UTC: 1800 Kerzen geholt
    [#########-] 41/46 GC 2026-04-06 18:30 UTC: 1800 Kerzen geholt
    [#########-] 42/46 GC 2026-04-06 19:00 UTC: 1800 Kerzen geholt
    [#########-] 43/46 GC 2026-04-06 19:30 UTC: 1800 Kerzen geholt
    [##########] 44/46 GC 2026-04-06 20:00 UTC: 1800 Kerzen geholt
    [##########] 45/46 GC 2026-04-06 20:30 UTC: 1800 Kerzen geholt
    [##########] 46/46 GC 2026-04-06 21:00 UTC: 1800 Kerzen geholt
[##--------] 31/131 GC 2026-04-06: geschrieben (82800 Kerzen, 46 Fenster)
    [----------] 1/46 GC 2026-04-07 22:30 UTC: 1799 Kerzen geholt
    [----------] 2/46 GC 2026-04-07 23:00 UTC: 1800 Kerzen geholt
    [#---------] 3/46 GC 2026-04-07 23:30 UTC: 1800 Kerzen geholt
    [#---------] 4/46 GC 2026-04-07 00:00 UTC: 1800 Kerzen geholt
    [#---------] 5/46 GC 2026-04-07 00:30 UTC: 1800 Kerzen geholt
    [#---------] 6/46 GC 2026-04-07 01:00 UTC: 1800 Kerzen geholt
    [##--------] 7/46 GC 2026-04-07 01:30 UTC: 1800 Kerzen geholt
    [##--------] 8/46 GC 2026-04-07 02:00 UTC: 1800 Kerzen geholt
    [##--------] 9/46 GC 2026-04-07 02:30 UTC: 1800 Kerzen geholt
    [##--------] 10/46 GC 2026-04-07 03:00 UTC: 1800 Kerzen geholt
    [##--------] 11/46 GC 2026-04-07 03:30 UTC: 1800 Kerzen geholt
    [###-------] 12/46 GC 2026-04-07 04:00 UTC: 1800 Kerzen geholt
    [###-------] 13/46 GC 2026-04-07 04:30 UTC: 1800 Kerzen geholt
    [###-------] 14/46 GC 2026-04-07 05:00 UTC: 1800 Kerzen geholt
    [###-------] 15/46 GC 2026-04-07 05:30 UTC: 1800 Kerzen geholt
    [###-------] 16/46 GC 2026-04-07 06:00 UTC: 1800 Kerzen geholt
    [####------] 17/46 GC 2026-04-07 06:30 UTC: 1800 Kerzen geholt
    [####------] 18/46 GC 2026-04-07 07:00 UTC: 1800 Kerzen geholt
    [####------] 19/46 GC 2026-04-07 07:30 UTC: 1800 Kerzen geholt
    [####------] 20/46 GC 2026-04-07 08:00 UTC: 1800 Kerzen geholt
    [#####-----] 21/46 GC 2026-04-07 08:30 UTC: 1800 Kerzen geholt
    [#####-----] 22/46 GC 2026-04-07 09:00 UTC: 1800 Kerzen geholt
    [#####-----] 23/46 GC 2026-04-07 09:30 UTC: 1800 Kerzen geholt
    [#####-----] 24/46 GC 2026-04-07 10:00 UTC: 1800 Kerzen geholt
    [#####-----] 25/46 GC 2026-04-07 10:30 UTC: 1800 Kerzen geholt
    [######----] 26/46 GC 2026-04-07 11:00 UTC: 1800 Kerzen geholt
    [######----] 27/46 GC 2026-04-07 11:30 UTC: 1800 Kerzen geholt
    [######----] 28/46 GC 2026-04-07 12:00 UTC: 1800 Kerzen geholt
    [######----] 29/46 GC 2026-04-07 12:30 UTC: 1800 Kerzen geholt
    [#######---] 30/46 GC 2026-04-07 13:00 UTC: 1800 Kerzen geholt
    [#######---] 31/46 GC 2026-04-07 13:30 UTC: 1800 Kerzen geholt
    [#######---] 32/46 GC 2026-04-07 14:00 UTC: 1800 Kerzen geholt
    [#######---] 33/46 GC 2026-04-07 14:30 UTC: 1800 Kerzen geholt
    [#######---] 34/46 GC 2026-04-07 15:00 UTC: 1800 Kerzen geholt
    [########--] 35/46 GC 2026-04-07 15:30 UTC: 1800 Kerzen geholt
    [########--] 36/46 GC 2026-04-07 16:00 UTC: 1800 Kerzen geholt
    [########--] 37/46 GC 2026-04-07 16:30 UTC: 1800 Kerzen geholt
    [########--] 38/46 GC 2026-04-07 17:00 UTC: 1800 Kerzen geholt
    [########--] 39/46 GC 2026-04-07 17:30 UTC: 1800 Kerzen geholt
    [#########-] 40/46 GC 2026-04-07 18:00 UTC: 1800 Kerzen geholt
    [#########-] 41/46 GC 2026-04-07 18:30 UTC: 1800 Kerzen geholt
    [#########-] 42/46 GC 2026-04-07 19:00 UTC: 1800 Kerzen geholt
    [#########-] 43/46 GC 2026-04-07 19:30 UTC: 1800 Kerzen geholt
    [##########] 44/46 GC 2026-04-07 20:00 UTC: 1800 Kerzen geholt
    [##########] 45/46 GC 2026-04-07 20:30 UTC: 1800 Kerzen geholt
    [##########] 46/46 GC 2026-04-07 21:00 UTC: 1800 Kerzen geholt
[##--------] 32/131 GC 2026-04-07: geschrieben (82799 Kerzen, 46 Fenster)
    [----------] 1/46 GC 2026-04-08 22:30 UTC: 1800 Kerzen geholt
    [----------] 2/46 GC 2026-04-08 23:00 UTC: 1800 Kerzen geholt
    [#---------] 3/46 GC 2026-04-08 23:30 UTC: 1800 Kerzen geholt
    [#---------] 4/46 GC 2026-04-08 00:00 UTC: 1800 Kerzen geholt
    [#---------] 5/46 GC 2026-04-08 00:30 UTC: 1800 Kerzen geholt
    [#---------] 6/46 GC 2026-04-08 01:00 UTC: 1800 Kerzen geholt
    [##--------] 7/46 GC 2026-04-08 01:30 UTC: 1800 Kerzen geholt
    [##--------] 8/46 GC 2026-04-08 02:00 UTC: 1800 Kerzen geholt
    [##--------] 9/46 GC 2026-04-08 02:30 UTC: 1800 Kerzen geholt
    [##--------] 10/46 GC 2026-04-08 03:00 UTC: 1800 Kerzen geholt
    [##--------] 11/46 GC 2026-04-08 03:30 UTC: 1800 Kerzen geholt
    [###-------] 12/46 GC 2026-04-08 04:00 UTC: 1800 Kerzen geholt
    [###-------] 13/46 GC 2026-04-08 04:30 UTC: 1800 Kerzen geholt
    [###-------] 14/46 GC 2026-04-08 05:00 UTC: 1800 Kerzen geholt
    [###-------] 15/46 GC 2026-04-08 05:30 UTC: 1800 Kerzen geholt
    [###-------] 16/46 GC 2026-04-08 06:00 UTC: 1800 Kerzen geholt
    [####------] 17/46 GC 2026-04-08 06:30 UTC: 1800 Kerzen geholt
    [####------] 18/46 GC 2026-04-08 07:00 UTC: 1800 Kerzen geholt
    [####------] 19/46 GC 2026-04-08 07:30 UTC: 1800 Kerzen geholt
    [####------] 20/46 GC 2026-04-08 08:00 UTC: 1800 Kerzen geholt
    [#####-----] 21/46 GC 2026-04-08 08:30 UTC: 1800 Kerzen geholt
    [#####-----] 22/46 GC 2026-04-08 09:00 UTC: 1800 Kerzen geholt
    [#####-----] 23/46 GC 2026-04-08 09:30 UTC: 1800 Kerzen geholt
    [#####-----] 24/46 GC 2026-04-08 10:00 UTC: 1800 Kerzen geholt
    [#####-----] 25/46 GC 2026-04-08 10:30 UTC: 1800 Kerzen geholt
    [######----] 26/46 GC 2026-04-08 11:00 UTC: 1800 Kerzen geholt
    [######----] 27/46 GC 2026-04-08 11:30 UTC: 1800 Kerzen geholt
    [######----] 28/46 GC 2026-04-08 12:00 UTC: 1800 Kerzen geholt
    [######----] 29/46 GC 2026-04-08 12:30 UTC: 1800 Kerzen geholt
    [#######---] 30/46 GC 2026-04-08 13:00 UTC: 1800 Kerzen geholt
    [#######---] 31/46 GC 2026-04-08 13:30 UTC: 1800 Kerzen geholt
    [#######---] 32/46 GC 2026-04-08 14:00 UTC: 1800 Kerzen geholt
    [#######---] 33/46 GC 2026-04-08 14:30 UTC: 1800 Kerzen geholt
    [#######---] 34/46 GC 2026-04-08 15:00 UTC: 1800 Kerzen geholt
    [########--] 35/46 GC 2026-04-08 15:30 UTC: 1800 Kerzen geholt
    [########--] 36/46 GC 2026-04-08 16:00 UTC: 1800 Kerzen geholt
    [########--] 37/46 GC 2026-04-08 16:30 UTC: 1800 Kerzen geholt
    [########--] 38/46 GC 2026-04-08 17:00 UTC: 1800 Kerzen geholt
    [########--] 39/46 GC 2026-04-08 17:30 UTC: 1800 Kerzen geholt
    [#########-] 40/46 GC 2026-04-08 18:00 UTC: 1800 Kerzen geholt
    [#########-] 41/46 GC 2026-04-08 18:30 UTC: 1800 Kerzen geholt
    [#########-] 42/46 GC 2026-04-08 19:00 UTC: 1800 Kerzen geholt
    [#########-] 43/46 GC 2026-04-08 19:30 UTC: 1800 Kerzen geholt
    [##########] 44/46 GC 2026-04-08 20:00 UTC: 1800 Kerzen geholt
    [##########] 45/46 GC 2026-04-08 20:30 UTC: 1800 Kerzen geholt
    [##########] 46/46 GC 2026-04-08 21:00 UTC: 1800 Kerzen geholt
[###-------] 33/131 GC 2026-04-08: geschrieben (82800 Kerzen, 46 Fenster)
    [----------] 1/46 GC 2026-04-09 22:30 UTC: 1800 Kerzen geholt
    [----------] 2/46 GC 2026-04-09 23:00 UTC: 1800 Kerzen geholt
    [#---------] 3/46 GC 2026-04-09 23:30 UTC: 1800 Kerzen geholt
    [#---------] 4/46 GC 2026-04-09 00:00 UTC: 1800 Kerzen geholt
    [#---------] 5/46 GC 2026-04-09 00:30 UTC: 1800 Kerzen geholt
    [#---------] 6/46 GC 2026-04-09 01:00 UTC: 1800 Kerzen geholt
    [##--------] 7/46 GC 2026-04-09 01:30 UTC: 1800 Kerzen geholt
    [##--------] 8/46 GC 2026-04-09 02:00 UTC: 1800 Kerzen geholt
    [##--------] 9/46 GC 2026-04-09 02:30 UTC: 1800 Kerzen geholt
    [##--------] 10/46 GC 2026-04-09 03:00 UTC: 1800 Kerzen geholt
    [##--------] 11/46 GC 2026-04-09 03:30 UTC: 1800 Kerzen geholt
    [###-------] 12/46 GC 2026-04-09 04:00 UTC: 1800 Kerzen geholt
    [###-------] 13/46 GC 2026-04-09 04:30 UTC: 1800 Kerzen geholt
    [###-------] 14/46 GC 2026-04-09 05:00 UTC: 1800 Kerzen geholt
    [###-------] 15/46 GC 2026-04-09 05:30 UTC: 1800 Kerzen geholt
    [###-------] 16/46 GC 2026-04-09 06:00 UTC: 1800 Kerzen geholt
    [####------] 17/46 GC 2026-04-09 06:30 UTC: 1800 Kerzen geholt
    [####------] 18/46 GC 2026-04-09 07:00 UTC: 1800 Kerzen geholt
    [####------] 19/46 GC 2026-04-09 07:30 UTC: 1800 Kerzen geholt
    [####------] 20/46 GC 2026-04-09 08:00 UTC: 1800 Kerzen geholt
    [#####-----] 21/46 GC 2026-04-09 08:30 UTC: 1800 Kerzen geholt
    [#####-----] 22/46 GC 2026-04-09 09:00 UTC: 1800 Kerzen geholt
    [#####-----] 23/46 GC 2026-04-09 09:30 UTC: 1800 Kerzen geholt
    [#####-----] 24/46 GC 2026-04-09 10:00 UTC: 1800 Kerzen geholt
    [#####-----] 25/46 GC 2026-04-09 10:30 UTC: 1800 Kerzen geholt
    [######----] 26/46 GC 2026-04-09 11:00 UTC: 1800 Kerzen geholt
    [######----] 27/46 GC 2026-04-09 11:30 UTC: 1800 Kerzen geholt
    [######----] 28/46 GC 2026-04-09 12:00 UTC: 1800 Kerzen geholt
    [######----] 29/46 GC 2026-04-09 12:30 UTC: 1800 Kerzen geholt
    [#######---] 30/46 GC 2026-04-09 13:00 UTC: 1800 Kerzen geholt
    [#######---] 31/46 GC 2026-04-09 13:30 UTC: 1800 Kerzen geholt
    [#######---] 32/46 GC 2026-04-09 14:00 UTC: 1800 Kerzen geholt
    [#######---] 33/46 GC 2026-04-09 14:30 UTC: 1800 Kerzen geholt
    [#######---] 34/46 GC 2026-04-09 15:00 UTC: 1800 Kerzen geholt
    [########--] 35/46 GC 2026-04-09 15:30 UTC: 1800 Kerzen geholt
    [########--] 36/46 GC 2026-04-09 16:00 UTC: 1800 Kerzen geholt
    [########--] 37/46 GC 2026-04-09 16:30 UTC: 1800 Kerzen geholt
    [########--] 38/46 GC 2026-04-09 17:00 UTC: 1800 Kerzen geholt
    [########--] 39/46 GC 2026-04-09 17:30 UTC: 1800 Kerzen geholt
    [#########-] 40/46 GC 2026-04-09 18:00 UTC: 1800 Kerzen geholt
    [#########-] 41/46 GC 2026-04-09 18:30 UTC: 1800 Kerzen geholt
    [#########-] 42/46 GC 2026-04-09 19:00 UTC: 1800 Kerzen geholt
    [#########-] 43/46 GC 2026-04-09 19:30 UTC: 1800 Kerzen geholt
    [##########] 44/46 GC 2026-04-09 20:00 UTC: 1800 Kerzen geholt
    [##########] 45/46 GC 2026-04-09 20:30 UTC: 1800 Kerzen geholt
    [##########] 46/46 GC 2026-04-09 21:00 UTC: 1800 Kerzen geholt
[###-------] 34/131 GC 2026-04-09: geschrieben (82800 Kerzen, 46 Fenster)
    [----------] 1/46 GC 2026-04-10 22:30 UTC: 1800 Kerzen geholt
    [----------] 2/46 GC 2026-04-10 23:00 UTC: 1800 Kerzen geholt
    [#---------] 3/46 GC 2026-04-10 23:30 UTC: 1800 Kerzen geholt
    [#---------] 4/46 GC 2026-04-10 00:00 UTC: 1800 Kerzen geholt
    [#---------] 5/46 GC 2026-04-10 00:30 UTC: 1800 Kerzen geholt
    [#---------] 6/46 GC 2026-04-10 01:00 UTC: 1800 Kerzen geholt
    [##--------] 7/46 GC 2026-04-10 01:30 UTC: 1800 Kerzen geholt
    [##--------] 8/46 GC 2026-04-10 02:00 UTC: 1800 Kerzen geholt
    [##--------] 9/46 GC 2026-04-10 02:30 UTC: 1800 Kerzen geholt
    [##--------] 10/46 GC 2026-04-10 03:00 UTC: 1800 Kerzen geholt
    [##--------] 11/46 GC 2026-04-10 03:30 UTC: 1800 Kerzen geholt
    [###-------] 12/46 GC 2026-04-10 04:00 UTC: 1800 Kerzen geholt
    [###-------] 13/46 GC 2026-04-10 04:30 UTC: 1800 Kerzen geholt
    [###-------] 14/46 GC 2026-04-10 05:00 UTC: 1800 Kerzen geholt
    [###-------] 15/46 GC 2026-04-10 05:30 UTC: 1800 Kerzen geholt
    [###-------] 16/46 GC 2026-04-10 06:00 UTC: 1800 Kerzen geholt
    [####------] 17/46 GC 2026-04-10 06:30 UTC: 1800 Kerzen geholt
    [####------] 18/46 GC 2026-04-10 07:00 UTC: 1800 Kerzen geholt
    [####------] 19/46 GC 2026-04-10 07:30 UTC: 1800 Kerzen geholt
    [####------] 20/46 GC 2026-04-10 08:00 UTC: 1800 Kerzen geholt
  ! GC Fenster bis 2026-04-10 08:30:00+00:00: Versuch 1/3 fehlgeschlagen ([(162, 'Historical Market Data Service error message:Historical data request pacing violation')])
    [#####-----] 21/46 GC 2026-04-10 08:30 UTC: 1800 Kerzen geholt
    [#####-----] 22/46 GC 2026-04-10 09:00 UTC: 1800 Kerzen geholt
    [#####-----] 23/46 GC 2026-04-10 09:30 UTC: 1800 Kerzen geholt
    [#####-----] 24/46 GC 2026-04-10 10:00 UTC: 1800 Kerzen geholt
    [#####-----] 25/46 GC 2026-04-10 10:30 UTC: 1800 Kerzen geholt
    [######----] 26/46 GC 2026-04-10 11:00 UTC: 1800 Kerzen geholt
    [######----] 27/46 GC 2026-04-10 11:30 UTC: 1800 Kerzen geholt
    [######----] 28/46 GC 2026-04-10 12:00 UTC: 1800 Kerzen geholt
    [######----] 29/46 GC 2026-04-10 12:30 UTC: 1800 Kerzen geholt
    [#######---] 30/46 GC 2026-04-10 13:00 UTC: 1800 Kerzen geholt
    [#######---] 31/46 GC 2026-04-10 13:30 UTC: 1800 Kerzen geholt
    [#######---] 32/46 GC 2026-04-10 14:00 UTC: 1800 Kerzen geholt
    [#######---] 33/46 GC 2026-04-10 14:30 UTC: 1800 Kerzen geholt
    [#######---] 34/46 GC 2026-04-10 15:00 UTC: 1800 Kerzen geholt
    [########--] 35/46 GC 2026-04-10 15:30 UTC: 1800 Kerzen geholt
    [########--] 36/46 GC 2026-04-10 16:00 UTC: 1800 Kerzen geholt
    [########--] 37/46 GC 2026-04-10 16:30 UTC: 1800 Kerzen geholt
    [########--] 38/46 GC 2026-04-10 17:00 UTC: 1800 Kerzen geholt
    [########--] 39/46 GC 2026-04-10 17:30 UTC: 1800 Kerzen geholt
    [#########-] 40/46 GC 2026-04-10 18:00 UTC: 1800 Kerzen geholt
    [#########-] 41/46 GC 2026-04-10 18:30 UTC: 1800 Kerzen geholt
    [#########-] 42/46 GC 2026-04-10 19:00 UTC: 1800 Kerzen geholt
    [#########-] 43/46 GC 2026-04-10 19:30 UTC: 1800 Kerzen geholt
    [##########] 44/46 GC 2026-04-10 20:00 UTC: 1800 Kerzen geholt
    [##########] 45/46 GC 2026-04-10 20:30 UTC: 1800 Kerzen geholt
    [##########] 46/46 GC 2026-04-10 21:00 UTC: 1800 Kerzen geholt
[###-------] 35/131 GC 2026-04-10: geschrieben (82800 Kerzen, 46 Fenster)
    [----------] 1/46 GC 2026-04-13 22:30 UTC: 1800 Kerzen geholt
    [----------] 2/46 GC 2026-04-13 23:00 UTC: 1800 Kerzen geholt
    [#---------] 3/46 GC 2026-04-13 23:30 UTC: 1800 Kerzen geholt
    [#---------] 4/46 GC 2026-04-13 00:00 UTC: 1800 Kerzen geholt
    [#---------] 5/46 GC 2026-04-13 00:30 UTC: 1800 Kerzen geholt
    [#---------] 6/46 GC 2026-04-13 01:00 UTC: 1800 Kerzen geholt
    [##--------] 7/46 GC 2026-04-13 01:30 UTC: 1800 Kerzen geholt
    [##--------] 8/46 GC 2026-04-13 02:00 UTC: 1800 Kerzen geholt
    [##--------] 9/46 GC 2026-04-13 02:30 UTC: 1800 Kerzen geholt
    [##--------] 10/46 GC 2026-04-13 03:00 UTC: 1800 Kerzen geholt
    [##--------] 11/46 GC 2026-04-13 03:30 UTC: 1800 Kerzen geholt
    [###-------] 12/46 GC 2026-04-13 04:00 UTC: 1800 Kerzen geholt
    [###-------] 13/46 GC 2026-04-13 04:30 UTC: 1800 Kerzen geholt
    [###-------] 14/46 GC 2026-04-13 05:00 UTC: 1800 Kerzen geholt
    [###-------] 15/46 GC 2026-04-13 05:30 UTC: 1800 Kerzen geholt
    [###-------] 16/46 GC 2026-04-13 06:00 UTC: 1800 Kerzen geholt
    [####------] 17/46 GC 2026-04-13 06:30 UTC: 1800 Kerzen geholt
    [####------] 18/46 GC 2026-04-13 07:00 UTC: 1800 Kerzen geholt
    [####------] 19/46 GC 2026-04-13 07:30 UTC: 1800 Kerzen geholt
    [####------] 20/46 GC 2026-04-13 08:00 UTC: 1800 Kerzen geholt
    [#####-----] 21/46 GC 2026-04-13 08:30 UTC: 1800 Kerzen geholt
    [#####-----] 22/46 GC 2026-04-13 09:00 UTC: 1800 Kerzen geholt
    [#####-----] 23/46 GC 2026-04-13 09:30 UTC: 1800 Kerzen geholt
    [#####-----] 24/46 GC 2026-04-13 10:00 UTC: 1800 Kerzen geholt
    [#####-----] 25/46 GC 2026-04-13 10:30 UTC: 1800 Kerzen geholt
    [######----] 26/46 GC 2026-04-13 11:00 UTC: 1800 Kerzen geholt
    [######----] 27/46 GC 2026-04-13 11:30 UTC: 1800 Kerzen geholt
    [######----] 28/46 GC 2026-04-13 12:00 UTC: 1800 Kerzen geholt
    [######----] 29/46 GC 2026-04-13 12:30 UTC: 1800 Kerzen geholt
    [#######---] 30/46 GC 2026-04-13 13:00 UTC: 1800 Kerzen geholt
    [#######---] 31/46 GC 2026-04-13 13:30 UTC: 1800 Kerzen geholt
    [#######---] 32/46 GC 2026-04-13 14:00 UTC: 1800 Kerzen geholt
    [#######---] 33/46 GC 2026-04-13 14:30 UTC: 1800 Kerzen geholt
    [#######---] 34/46 GC 2026-04-13 15:00 UTC: 1800 Kerzen geholt
    [########--] 35/46 GC 2026-04-13 15:30 UTC: 1800 Kerzen geholt
    [########--] 36/46 GC 2026-04-13 16:00 UTC: 1800 Kerzen geholt
    [########--] 37/46 GC 2026-04-13 16:30 UTC: 1800 Kerzen geholt
    [########--] 38/46 GC 2026-04-13 17:00 UTC: 1800 Kerzen geholt
    [########--] 39/46 GC 2026-04-13 17:30 UTC: 1800 Kerzen geholt
    [#########-] 40/46 GC 2026-04-13 18:00 UTC: 1800 Kerzen geholt
    [#########-] 41/46 GC 2026-04-13 18:30 UTC: 1800 Kerzen geholt
    [#########-] 42/46 GC 2026-04-13 19:00 UTC: 1800 Kerzen geholt
    [#########-] 43/46 GC 2026-04-13 19:30 UTC: 1800 Kerzen geholt
    [##########] 44/46 GC 2026-04-13 20:00 UTC: 1800 Kerzen geholt
    [##########] 45/46 GC 2026-04-13 20:30 UTC: 1800 Kerzen geholt
    [##########] 46/46 GC 2026-04-13 21:00 UTC: 1800 Kerzen geholt
[###-------] 36/131 GC 2026-04-13: geschrieben (82800 Kerzen, 46 Fenster)
    [----------] 1/46 GC 2026-04-14 22:30 UTC: 1798 Kerzen geholt
    [----------] 2/46 GC 2026-04-14 23:00 UTC: 1800 Kerzen geholt
    [#---------] 3/46 GC 2026-04-14 23:30 UTC: 1800 Kerzen geholt
    [#---------] 4/46 GC 2026-04-14 00:00 UTC: 1800 Kerzen geholt
    [#---------] 5/46 GC 2026-04-14 00:30 UTC: 1800 Kerzen geholt
    [#---------] 6/46 GC 2026-04-14 01:00 UTC: 1800 Kerzen geholt
    [##--------] 7/46 GC 2026-04-14 01:30 UTC: 1800 Kerzen geholt
    [##--------] 8/46 GC 2026-04-14 02:00 UTC: 1800 Kerzen geholt
    [##--------] 9/46 GC 2026-04-14 02:30 UTC: 1800 Kerzen geholt
    [##--------] 10/46 GC 2026-04-14 03:00 UTC: 1800 Kerzen geholt
    [##--------] 11/46 GC 2026-04-14 03:30 UTC: 1800 Kerzen geholt
    [###-------] 12/46 GC 2026-04-14 04:00 UTC: 1800 Kerzen geholt
    [###-------] 13/46 GC 2026-04-14 04:30 UTC: 1800 Kerzen geholt
    [###-------] 14/46 GC 2026-04-14 05:00 UTC: 1800 Kerzen geholt
    [###-------] 15/46 GC 2026-04-14 05:30 UTC: 1800 Kerzen geholt
    [###-------] 16/46 GC 2026-04-14 06:00 UTC: 1800 Kerzen geholt
    [####------] 17/46 GC 2026-04-14 06:30 UTC: 1800 Kerzen geholt
    [####------] 18/46 GC 2026-04-14 07:00 UTC: 1800 Kerzen geholt
    [####------] 19/46 GC 2026-04-14 07:30 UTC: 1800 Kerzen geholt
    [####------] 20/46 GC 2026-04-14 08:00 UTC: 1800 Kerzen geholt
    [#####-----] 21/46 GC 2026-04-14 08:30 UTC: 1800 Kerzen geholt
    [#####-----] 22/46 GC 2026-04-14 09:00 UTC: 1800 Kerzen geholt
    [#####-----] 23/46 GC 2026-04-14 09:30 UTC: 1800 Kerzen geholt
    [#####-----] 24/46 GC 2026-04-14 10:00 UTC: 1800 Kerzen geholt
    [#####-----] 25/46 GC 2026-04-14 10:30 UTC: 1800 Kerzen geholt
    [######----] 26/46 GC 2026-04-14 11:00 UTC: 1800 Kerzen geholt
    [######----] 27/46 GC 2026-04-14 11:30 UTC: 1800 Kerzen geholt
    [######----] 28/46 GC 2026-04-14 12:00 UTC: 1800 Kerzen geholt
    [######----] 29/46 GC 2026-04-14 12:30 UTC: 1800 Kerzen geholt
    [#######---] 30/46 GC 2026-04-14 13:00 UTC: 1800 Kerzen geholt
    [#######---] 31/46 GC 2026-04-14 13:30 UTC: 1800 Kerzen geholt
    [#######---] 32/46 GC 2026-04-14 14:00 UTC: 1800 Kerzen geholt
    [#######---] 33/46 GC 2026-04-14 14:30 UTC: 1800 Kerzen geholt
    [#######---] 34/46 GC 2026-04-14 15:00 UTC: 1800 Kerzen geholt
    [########--] 35/46 GC 2026-04-14 15:30 UTC: 1800 Kerzen geholt
    [########--] 36/46 GC 2026-04-14 16:00 UTC: 1800 Kerzen geholt
    [########--] 37/46 GC 2026-04-14 16:30 UTC: 1800 Kerzen geholt
    [########--] 38/46 GC 2026-04-14 17:00 UTC: 1800 Kerzen geholt
    [########--] 39/46 GC 2026-04-14 17:30 UTC: 1800 Kerzen geholt
    [#########-] 40/46 GC 2026-04-14 18:00 UTC: 1800 Kerzen geholt
    [#########-] 41/46 GC 2026-04-14 18:30 UTC: 1800 Kerzen geholt
    [#########-] 42/46 GC 2026-04-14 19:00 UTC: 1800 Kerzen geholt
    [#########-] 43/46 GC 2026-04-14 19:30 UTC: 1800 Kerzen geholt
    [##########] 44/46 GC 2026-04-14 20:00 UTC: 1800 Kerzen geholt
    [##########] 45/46 GC 2026-04-14 20:30 UTC: 1800 Kerzen geholt
    [##########] 46/46 GC 2026-04-14 21:00 UTC: 1800 Kerzen geholt
[###-------] 37/131 GC 2026-04-14: geschrieben (82798 Kerzen, 46 Fenster)
    [----------] 1/46 GC 2026-04-15 22:30 UTC: 1800 Kerzen geholt
    [----------] 2/46 GC 2026-04-15 23:00 UTC: 1800 Kerzen geholt
    [#---------] 3/46 GC 2026-04-15 23:30 UTC: 1800 Kerzen geholt
    [#---------] 4/46 GC 2026-04-15 00:00 UTC: 1800 Kerzen geholt
    [#---------] 5/46 GC 2026-04-15 00:30 UTC: 1800 Kerzen geholt
    [#---------] 6/46 GC 2026-04-15 01:00 UTC: 1800 Kerzen geholt
    [##--------] 7/46 GC 2026-04-15 01:30 UTC: 1800 Kerzen geholt
    [##--------] 8/46 GC 2026-04-15 02:00 UTC: 1800 Kerzen geholt
    [##--------] 9/46 GC 2026-04-15 02:30 UTC: 1800 Kerzen geholt
    [##--------] 10/46 GC 2026-04-15 03:00 UTC: 1800 Kerzen geholt
    [##--------] 11/46 GC 2026-04-15 03:30 UTC: 1800 Kerzen geholt
    [###-------] 12/46 GC 2026-04-15 04:00 UTC: 1800 Kerzen geholt
    [###-------] 13/46 GC 2026-04-15 04:30 UTC: 1800 Kerzen geholt
    [###-------] 14/46 GC 2026-04-15 05:00 UTC: 1800 Kerzen geholt
    [###-------] 15/46 GC 2026-04-15 05:30 UTC: 1800 Kerzen geholt
    [###-------] 16/46 GC 2026-04-15 06:00 UTC: 1800 Kerzen geholt
    [####------] 17/46 GC 2026-04-15 06:30 UTC: 1800 Kerzen geholt
    [####------] 18/46 GC 2026-04-15 07:00 UTC: 1800 Kerzen geholt
    [####------] 19/46 GC 2026-04-15 07:30 UTC: 1800 Kerzen geholt
    [####------] 20/46 GC 2026-04-15 08:00 UTC: 1800 Kerzen geholt
    [#####-----] 21/46 GC 2026-04-15 08:30 UTC: 1800 Kerzen geholt
    [#####-----] 22/46 GC 2026-04-15 09:00 UTC: 1800 Kerzen geholt
    [#####-----] 23/46 GC 2026-04-15 09:30 UTC: 1800 Kerzen geholt
    [#####-----] 24/46 GC 2026-04-15 10:00 UTC: 1800 Kerzen geholt
    [#####-----] 25/46 GC 2026-04-15 10:30 UTC: 1800 Kerzen geholt
    [######----] 26/46 GC 2026-04-15 11:00 UTC: 1800 Kerzen geholt
    [######----] 27/46 GC 2026-04-15 11:30 UTC: 1800 Kerzen geholt
    [######----] 28/46 GC 2026-04-15 12:00 UTC: 1800 Kerzen geholt
    [######----] 29/46 GC 2026-04-15 12:30 UTC: 1800 Kerzen geholt
    [#######---] 30/46 GC 2026-04-15 13:00 UTC: 1800 Kerzen geholt
    [#######---] 31/46 GC 2026-04-15 13:30 UTC: 1800 Kerzen geholt
    [#######---] 32/46 GC 2026-04-15 14:00 UTC: 1800 Kerzen geholt
    [#######---] 33/46 GC 2026-04-15 14:30 UTC: 1800 Kerzen geholt
    [#######---] 34/46 GC 2026-04-15 15:00 UTC: 1800 Kerzen geholt
    [########--] 35/46 GC 2026-04-15 15:30 UTC: 1800 Kerzen geholt
    [########--] 36/46 GC 2026-04-15 16:00 UTC: 1800 Kerzen geholt
    [########--] 37/46 GC 2026-04-15 16:30 UTC: 1800 Kerzen geholt
    [########--] 38/46 GC 2026-04-15 17:00 UTC: 1800 Kerzen geholt
    [########--] 39/46 GC 2026-04-15 17:30 UTC: 1800 Kerzen geholt
    [#########-] 40/46 GC 2026-04-15 18:00 UTC: 1800 Kerzen geholt
    [#########-] 41/46 GC 2026-04-15 18:30 UTC: 1800 Kerzen geholt
    [#########-] 42/46 GC 2026-04-15 19:00 UTC: 1800 Kerzen geholt
    [#########-] 43/46 GC 2026-04-15 19:30 UTC: 1800 Kerzen geholt
    [##########] 44/46 GC 2026-04-15 20:00 UTC: 1800 Kerzen geholt
    [##########] 45/46 GC 2026-04-15 20:30 UTC: 1800 Kerzen geholt
    [##########] 46/46 GC 2026-04-15 21:00 UTC: 1800 Kerzen geholt
[###-------] 38/131 GC 2026-04-15: geschrieben (82800 Kerzen, 46 Fenster)
    [----------] 1/46 GC 2026-04-16 22:30 UTC: 1800 Kerzen geholt
    [----------] 2/46 GC 2026-04-16 23:00 UTC: 1800 Kerzen geholt
    [#---------] 3/46 GC 2026-04-16 23:30 UTC: 1800 Kerzen geholt
    [#---------] 4/46 GC 2026-04-16 00:00 UTC: 1800 Kerzen geholt
    [#---------] 5/46 GC 2026-04-16 00:30 UTC: 1800 Kerzen geholt
    [#---------] 6/46 GC 2026-04-16 01:00 UTC: 1800 Kerzen geholt
    [##--------] 7/46 GC 2026-04-16 01:30 UTC: 1800 Kerzen geholt
    [##--------] 8/46 GC 2026-04-16 02:00 UTC: 1800 Kerzen geholt
    [##--------] 9/46 GC 2026-04-16 02:30 UTC: 1800 Kerzen geholt
    [##--------] 10/46 GC 2026-04-16 03:00 UTC: 1800 Kerzen geholt
    [##--------] 11/46 GC 2026-04-16 03:30 UTC: 1800 Kerzen geholt
    [###-------] 12/46 GC 2026-04-16 04:00 UTC: 1800 Kerzen geholt
    [###-------] 13/46 GC 2026-04-16 04:30 UTC: 1800 Kerzen geholt
    [###-------] 14/46 GC 2026-04-16 05:00 UTC: 1800 Kerzen geholt
    [###-------] 15/46 GC 2026-04-16 05:30 UTC: 1800 Kerzen geholt
    [###-------] 16/46 GC 2026-04-16 06:00 UTC: 1800 Kerzen geholt
  ! GC Fenster bis 2026-04-16 06:30:00+00:00: Versuch 1/3 fehlgeschlagen ([(162, 'Historical Market Data Service error message:Historical data request pacing violation')])
    [####------] 17/46 GC 2026-04-16 06:30 UTC: 1800 Kerzen geholt
    [####------] 18/46 GC 2026-04-16 07:00 UTC: 1800 Kerzen geholt
    [####------] 19/46 GC 2026-04-16 07:30 UTC: 1800 Kerzen geholt
    [####------] 20/46 GC 2026-04-16 08:00 UTC: 1800 Kerzen geholt
    [#####-----] 21/46 GC 2026-04-16 08:30 UTC: 1800 Kerzen geholt
    [#####-----] 22/46 GC 2026-04-16 09:00 UTC: 1800 Kerzen geholt
    [#####-----] 23/46 GC 2026-04-16 09:30 UTC: 1800 Kerzen geholt
    [#####-----] 24/46 GC 2026-04-16 10:00 UTC: 1800 Kerzen geholt
    [#####-----] 25/46 GC 2026-04-16 10:30 UTC: 1800 Kerzen geholt
    [######----] 26/46 GC 2026-04-16 11:00 UTC: 1800 Kerzen geholt
    [######----] 27/46 GC 2026-04-16 11:30 UTC: 1800 Kerzen geholt
    [######----] 28/46 GC 2026-04-16 12:00 UTC: 1800 Kerzen geholt
    [######----] 29/46 GC 2026-04-16 12:30 UTC: 1800 Kerzen geholt
    [#######---] 30/46 GC 2026-04-16 13:00 UTC: 1800 Kerzen geholt
    [#######---] 31/46 GC 2026-04-16 13:30 UTC: 1800 Kerzen geholt
    [#######---] 32/46 GC 2026-04-16 14:00 UTC: 1800 Kerzen geholt
    [#######---] 33/46 GC 2026-04-16 14:30 UTC: 1800 Kerzen geholt
    [#######---] 34/46 GC 2026-04-16 15:00 UTC: 1800 Kerzen geholt
    [########--] 35/46 GC 2026-04-16 15:30 UTC: 1800 Kerzen geholt
    [########--] 36/46 GC 2026-04-16 16:00 UTC: 1800 Kerzen geholt
    [########--] 37/46 GC 2026-04-16 16:30 UTC: 1800 Kerzen geholt
    [########--] 38/46 GC 2026-04-16 17:00 UTC: 1800 Kerzen geholt
    [########--] 39/46 GC 2026-04-16 17:30 UTC: 1800 Kerzen geholt
    [#########-] 40/46 GC 2026-04-16 18:00 UTC: 1800 Kerzen geholt
    [#########-] 41/46 GC 2026-04-16 18:30 UTC: 1800 Kerzen geholt
    [#########-] 42/46 GC 2026-04-16 19:00 UTC: 1800 Kerzen geholt
    [#########-] 43/46 GC 2026-04-16 19:30 UTC: 1800 Kerzen geholt
    [##########] 44/46 GC 2026-04-16 20:00 UTC: 1800 Kerzen geholt
    [##########] 45/46 GC 2026-04-16 20:30 UTC: 1800 Kerzen geholt
    [##########] 46/46 GC 2026-04-16 21:00 UTC: 1800 Kerzen geholt
[###-------] 39/131 GC 2026-04-16: geschrieben (82800 Kerzen, 46 Fenster)
    [----------] 1/46 GC 2026-04-17 22:30 UTC: 1800 Kerzen geholt
    [----------] 2/46 GC 2026-04-17 23:00 UTC: 1800 Kerzen geholt
    [#---------] 3/46 GC 2026-04-17 23:30 UTC: 1800 Kerzen geholt
    [#---------] 4/46 GC 2026-04-17 00:00 UTC: 1800 Kerzen geholt
    [#---------] 5/46 GC 2026-04-17 00:30 UTC: 1800 Kerzen geholt
    [#---------] 6/46 GC 2026-04-17 01:00 UTC: 1800 Kerzen geholt
    [##--------] 7/46 GC 2026-04-17 01:30 UTC: 1800 Kerzen geholt
    [##--------] 8/46 GC 2026-04-17 02:00 UTC: 1800 Kerzen geholt
    [##--------] 9/46 GC 2026-04-17 02:30 UTC: 1800 Kerzen geholt
    [##--------] 10/46 GC 2026-04-17 03:00 UTC: 1800 Kerzen geholt
    [##--------] 11/46 GC 2026-04-17 03:30 UTC: 1800 Kerzen geholt
    [###-------] 12/46 GC 2026-04-17 04:00 UTC: 1800 Kerzen geholt
    [###-------] 13/46 GC 2026-04-17 04:30 UTC: 1800 Kerzen geholt
    [###-------] 14/46 GC 2026-04-17 05:00 UTC: 1800 Kerzen geholt
    [###-------] 15/46 GC 2026-04-17 05:30 UTC: 1800 Kerzen geholt
    [###-------] 16/46 GC 2026-04-17 06:00 UTC: 1800 Kerzen geholt
    [####------] 17/46 GC 2026-04-17 06:30 UTC: 1800 Kerzen geholt
    [####------] 18/46 GC 2026-04-17 07:00 UTC: 1800 Kerzen geholt
    [####------] 19/46 GC 2026-04-17 07:30 UTC: 1800 Kerzen geholt
    [####------] 20/46 GC 2026-04-17 08:00 UTC: 1800 Kerzen geholt
    [#####-----] 21/46 GC 2026-04-17 08:30 UTC: 1800 Kerzen geholt
    [#####-----] 22/46 GC 2026-04-17 09:00 UTC: 1800 Kerzen geholt
    [#####-----] 23/46 GC 2026-04-17 09:30 UTC: 1800 Kerzen geholt
    [#####-----] 24/46 GC 2026-04-17 10:00 UTC: 1800 Kerzen geholt
    [#####-----] 25/46 GC 2026-04-17 10:30 UTC: 1800 Kerzen geholt
    [######----] 26/46 GC 2026-04-17 11:00 UTC: 1800 Kerzen geholt
    [######----] 27/46 GC 2026-04-17 11:30 UTC: 1800 Kerzen geholt
    [######----] 28/46 GC 2026-04-17 12:00 UTC: 1800 Kerzen geholt
    [######----] 29/46 GC 2026-04-17 12:30 UTC: 1800 Kerzen geholt
    [#######---] 30/46 GC 2026-04-17 13:00 UTC: 1800 Kerzen geholt
    [#######---] 31/46 GC 2026-04-17 13:30 UTC: 1800 Kerzen geholt
    [#######---] 32/46 GC 2026-04-17 14:00 UTC: 1800 Kerzen geholt
    [#######---] 33/46 GC 2026-04-17 14:30 UTC: 1800 Kerzen geholt
    [#######---] 34/46 GC 2026-04-17 15:00 UTC: 1800 Kerzen geholt
    [########--] 35/46 GC 2026-04-17 15:30 UTC: 1800 Kerzen geholt
    [########--] 36/46 GC 2026-04-17 16:00 UTC: 1800 Kerzen geholt
    [########--] 37/46 GC 2026-04-17 16:30 UTC: 1800 Kerzen geholt
    [########--] 38/46 GC 2026-04-17 17:00 UTC: 1800 Kerzen geholt
    [########--] 39/46 GC 2026-04-17 17:30 UTC: 1800 Kerzen geholt
    [#########-] 40/46 GC 2026-04-17 18:00 UTC: 1800 Kerzen geholt
    [#########-] 41/46 GC 2026-04-17 18:30 UTC: 1800 Kerzen geholt
    [#########-] 42/46 GC 2026-04-17 19:00 UTC: 1800 Kerzen geholt
    [#########-] 43/46 GC 2026-04-17 19:30 UTC: 1800 Kerzen geholt
    [##########] 44/46 GC 2026-04-17 20:00 UTC: 1800 Kerzen geholt
    [##########] 45/46 GC 2026-04-17 20:30 UTC: 1800 Kerzen geholt
    [##########] 46/46 GC 2026-04-17 21:00 UTC: 1800 Kerzen geholt
[###-------] 40/131 GC 2026-04-17: geschrieben (82800 Kerzen, 46 Fenster)
    [----------] 1/46 GC 2026-04-20 22:30 UTC: 1800 Kerzen geholt
    [----------] 2/46 GC 2026-04-20 23:00 UTC: 1800 Kerzen geholt
    [#---------] 3/46 GC 2026-04-20 23:30 UTC: 1800 Kerzen geholt
    [#---------] 4/46 GC 2026-04-20 00:00 UTC: 1800 Kerzen geholt
    [#---------] 5/46 GC 2026-04-20 00:30 UTC: 1800 Kerzen geholt
    [#---------] 6/46 GC 2026-04-20 01:00 UTC: 1800 Kerzen geholt
    [##--------] 7/46 GC 2026-04-20 01:30 UTC: 1800 Kerzen geholt
    [##--------] 8/46 GC 2026-04-20 02:00 UTC: 1800 Kerzen geholt
    [##--------] 9/46 GC 2026-04-20 02:30 UTC: 1800 Kerzen geholt
    [##--------] 10/46 GC 2026-04-20 03:00 UTC: 1800 Kerzen geholt
    [##--------] 11/46 GC 2026-04-20 03:30 UTC: 1800 Kerzen geholt
    [###-------] 12/46 GC 2026-04-20 04:00 UTC: 1800 Kerzen geholt
    [###-------] 13/46 GC 2026-04-20 04:30 UTC: 1800 Kerzen geholt
    [###-------] 14/46 GC 2026-04-20 05:00 UTC: 1800 Kerzen geholt
    [###-------] 15/46 GC 2026-04-20 05:30 UTC: 1800 Kerzen geholt
    [###-------] 16/46 GC 2026-04-20 06:00 UTC: 1800 Kerzen geholt
    [####------] 17/46 GC 2026-04-20 06:30 UTC: 1800 Kerzen geholt
    [####------] 18/46 GC 2026-04-20 07:00 UTC: 1800 Kerzen geholt
    [####------] 19/46 GC 2026-04-20 07:30 UTC: 1800 Kerzen geholt
    [####------] 20/46 GC 2026-04-20 08:00 UTC: 1800 Kerzen geholt
    [#####-----] 21/46 GC 2026-04-20 08:30 UTC: 1800 Kerzen geholt
    [#####-----] 22/46 GC 2026-04-20 09:00 UTC: 1800 Kerzen geholt
    [#####-----] 23/46 GC 2026-04-20 09:30 UTC: 1800 Kerzen geholt
    [#####-----] 24/46 GC 2026-04-20 10:00 UTC: 1800 Kerzen geholt
    [#####-----] 25/46 GC 2026-04-20 10:30 UTC: 1800 Kerzen geholt
    [######----] 26/46 GC 2026-04-20 11:00 UTC: 1800 Kerzen geholt
    [######----] 27/46 GC 2026-04-20 11:30 UTC: 1800 Kerzen geholt
    [######----] 28/46 GC 2026-04-20 12:00 UTC: 1800 Kerzen geholt
    [######----] 29/46 GC 2026-04-20 12:30 UTC: 1800 Kerzen geholt
    [#######---] 30/46 GC 2026-04-20 13:00 UTC: 1800 Kerzen geholt
    [#######---] 31/46 GC 2026-04-20 13:30 UTC: 1800 Kerzen geholt
    [#######---] 32/46 GC 2026-04-20 14:00 UTC: 1800 Kerzen geholt
    [#######---] 33/46 GC 2026-04-20 14:30 UTC: 1800 Kerzen geholt
    [#######---] 34/46 GC 2026-04-20 15:00 UTC: 1800 Kerzen geholt
    [########--] 35/46 GC 2026-04-20 15:30 UTC: 1800 Kerzen geholt
    [########--] 36/46 GC 2026-04-20 16:00 UTC: 1800 Kerzen geholt
    [########--] 37/46 GC 2026-04-20 16:30 UTC: 1800 Kerzen geholt
    [########--] 38/46 GC 2026-04-20 17:00 UTC: 1800 Kerzen geholt
    [########--] 39/46 GC 2026-04-20 17:30 UTC: 1800 Kerzen geholt
    [#########-] 40/46 GC 2026-04-20 18:00 UTC: 1800 Kerzen geholt
    [#########-] 41/46 GC 2026-04-20 18:30 UTC: 1800 Kerzen geholt
    [#########-] 42/46 GC 2026-04-20 19:00 UTC: 1800 Kerzen geholt
    [#########-] 43/46 GC 2026-04-20 19:30 UTC: 1800 Kerzen geholt
    [##########] 44/46 GC 2026-04-20 20:00 UTC: 1800 Kerzen geholt
    [##########] 45/46 GC 2026-04-20 20:30 UTC: 1800 Kerzen geholt
    [##########] 46/46 GC 2026-04-20 21:00 UTC: 1800 Kerzen geholt
[###-------] 41/131 GC 2026-04-20: geschrieben (82800 Kerzen, 46 Fenster)
    [----------] 1/46 GC 2026-04-21 22:30 UTC: 1800 Kerzen geholt
    [----------] 2/46 GC 2026-04-21 23:00 UTC: 1800 Kerzen geholt
    [#---------] 3/46 GC 2026-04-21 23:30 UTC: 1800 Kerzen geholt
    [#---------] 4/46 GC 2026-04-21 00:00 UTC: 1800 Kerzen geholt
    [#---------] 5/46 GC 2026-04-21 00:30 UTC: 1800 Kerzen geholt
    [#---------] 6/46 GC 2026-04-21 01:00 UTC: 1800 Kerzen geholt
    [##--------] 7/46 GC 2026-04-21 01:30 UTC: 1800 Kerzen geholt
    [##--------] 8/46 GC 2026-04-21 02:00 UTC: 1800 Kerzen geholt
    [##--------] 9/46 GC 2026-04-21 02:30 UTC: 1800 Kerzen geholt
    [##--------] 10/46 GC 2026-04-21 03:00 UTC: 1800 Kerzen geholt
    [##--------] 11/46 GC 2026-04-21 03:30 UTC: 1800 Kerzen geholt
    [###-------] 12/46 GC 2026-04-21 04:00 UTC: 1800 Kerzen geholt
    [###-------] 13/46 GC 2026-04-21 04:30 UTC: 1800 Kerzen geholt
    [###-------] 14/46 GC 2026-04-21 05:00 UTC: 1800 Kerzen geholt
    [###-------] 15/46 GC 2026-04-21 05:30 UTC: 1800 Kerzen geholt
    [###-------] 16/46 GC 2026-04-21 06:00 UTC: 1800 Kerzen geholt
    [####------] 17/46 GC 2026-04-21 06:30 UTC: 1800 Kerzen geholt
    [####------] 18/46 GC 2026-04-21 07:00 UTC: 1800 Kerzen geholt
    [####------] 19/46 GC 2026-04-21 07:30 UTC: 1800 Kerzen geholt
    [####------] 20/46 GC 2026-04-21 08:00 UTC: 1800 Kerzen geholt
    [#####-----] 21/46 GC 2026-04-21 08:30 UTC: 1800 Kerzen geholt
    [#####-----] 22/46 GC 2026-04-21 09:00 UTC: 1800 Kerzen geholt
    [#####-----] 23/46 GC 2026-04-21 09:30 UTC: 1800 Kerzen geholt
    [#####-----] 24/46 GC 2026-04-21 10:00 UTC: 1800 Kerzen geholt
    [#####-----] 25/46 GC 2026-04-21 10:30 UTC: 1800 Kerzen geholt
    [######----] 26/46 GC 2026-04-21 11:00 UTC: 1800 Kerzen geholt
    [######----] 27/46 GC 2026-04-21 11:30 UTC: 1800 Kerzen geholt
    [######----] 28/46 GC 2026-04-21 12:00 UTC: 1800 Kerzen geholt
    [######----] 29/46 GC 2026-04-21 12:30 UTC: 1800 Kerzen geholt
    [#######---] 30/46 GC 2026-04-21 13:00 UTC: 1800 Kerzen geholt
    [#######---] 31/46 GC 2026-04-21 13:30 UTC: 1800 Kerzen geholt
    [#######---] 32/46 GC 2026-04-21 14:00 UTC: 1800 Kerzen geholt
    [#######---] 33/46 GC 2026-04-21 14:30 UTC: 1800 Kerzen geholt
    [#######---] 34/46 GC 2026-04-21 15:00 UTC: 1800 Kerzen geholt
    [########--] 35/46 GC 2026-04-21 15:30 UTC: 1800 Kerzen geholt
    [########--] 36/46 GC 2026-04-21 16:00 UTC: 1800 Kerzen geholt
    [########--] 37/46 GC 2026-04-21 16:30 UTC: 1800 Kerzen geholt
    [########--] 38/46 GC 2026-04-21 17:00 UTC: 1800 Kerzen geholt
    [########--] 39/46 GC 2026-04-21 17:30 UTC: 1800 Kerzen geholt
    [#########-] 40/46 GC 2026-04-21 18:00 UTC: 1800 Kerzen geholt
    [#########-] 41/46 GC 2026-04-21 18:30 UTC: 1800 Kerzen geholt
    [#########-] 42/46 GC 2026-04-21 19:00 UTC: 1800 Kerzen geholt
    [#########-] 43/46 GC 2026-04-21 19:30 UTC: 1800 Kerzen geholt
    [##########] 44/46 GC 2026-04-21 20:00 UTC: 1800 Kerzen geholt
    [##########] 45/46 GC 2026-04-21 20:30 UTC: 1800 Kerzen geholt
    [##########] 46/46 GC 2026-04-21 21:00 UTC: 1800 Kerzen geholt
[###-------] 42/131 GC 2026-04-21: geschrieben (82800 Kerzen, 46 Fenster)
    [----------] 1/46 GC 2026-04-22 22:30 UTC: 1800 Kerzen geholt
    [----------] 2/46 GC 2026-04-22 23:00 UTC: 1800 Kerzen geholt
    [#---------] 3/46 GC 2026-04-22 23:30 UTC: 1800 Kerzen geholt
    [#---------] 4/46 GC 2026-04-22 00:00 UTC: 1800 Kerzen geholt
    [#---------] 5/46 GC 2026-04-22 00:30 UTC: 1800 Kerzen geholt
    [#---------] 6/46 GC 2026-04-22 01:00 UTC: 1800 Kerzen geholt
    [##--------] 7/46 GC 2026-04-22 01:30 UTC: 1800 Kerzen geholt
    [##--------] 8/46 GC 2026-04-22 02:00 UTC: 1800 Kerzen geholt
    [##--------] 9/46 GC 2026-04-22 02:30 UTC: 1800 Kerzen geholt
    [##--------] 10/46 GC 2026-04-22 03:00 UTC: 1800 Kerzen geholt
    [##--------] 11/46 GC 2026-04-22 03:30 UTC: 1800 Kerzen geholt
    [###-------] 12/46 GC 2026-04-22 04:00 UTC: 1800 Kerzen geholt
    [###-------] 13/46 GC 2026-04-22 04:30 UTC: 1800 Kerzen geholt
    [###-------] 14/46 GC 2026-04-22 05:00 UTC: 1800 Kerzen geholt
    [###-------] 15/46 GC 2026-04-22 05:30 UTC: 1800 Kerzen geholt
    [###-------] 16/46 GC 2026-04-22 06:00 UTC: 1800 Kerzen geholt
    [####------] 17/46 GC 2026-04-22 06:30 UTC: 1800 Kerzen geholt
    [####------] 18/46 GC 2026-04-22 07:00 UTC: 1800 Kerzen geholt
    [####------] 19/46 GC 2026-04-22 07:30 UTC: 1800 Kerzen geholt
    [####------] 20/46 GC 2026-04-22 08:00 UTC: 1800 Kerzen geholt
    [#####-----] 21/46 GC 2026-04-22 08:30 UTC: 1800 Kerzen geholt
    [#####-----] 22/46 GC 2026-04-22 09:00 UTC: 1800 Kerzen geholt
    [#####-----] 23/46 GC 2026-04-22 09:30 UTC: 1800 Kerzen geholt
    [#####-----] 24/46 GC 2026-04-22 10:00 UTC: 1800 Kerzen geholt
    [#####-----] 25/46 GC 2026-04-22 10:30 UTC: 1800 Kerzen geholt
    [######----] 26/46 GC 2026-04-22 11:00 UTC: 1800 Kerzen geholt
    [######----] 27/46 GC 2026-04-22 11:30 UTC: 1800 Kerzen geholt
    [######----] 28/46 GC 2026-04-22 12:00 UTC: 1800 Kerzen geholt
    [######----] 29/46 GC 2026-04-22 12:30 UTC: 1800 Kerzen geholt
    [#######---] 30/46 GC 2026-04-22 13:00 UTC: 1800 Kerzen geholt
    [#######---] 31/46 GC 2026-04-22 13:30 UTC: 1800 Kerzen geholt
    [#######---] 32/46 GC 2026-04-22 14:00 UTC: 1800 Kerzen geholt
    [#######---] 33/46 GC 2026-04-22 14:30 UTC: 1800 Kerzen geholt
    [#######---] 34/46 GC 2026-04-22 15:00 UTC: 1800 Kerzen geholt
    [########--] 35/46 GC 2026-04-22 15:30 UTC: 1800 Kerzen geholt
    [########--] 36/46 GC 2026-04-22 16:00 UTC: 1800 Kerzen geholt
    [########--] 37/46 GC 2026-04-22 16:30 UTC: 1800 Kerzen geholt
    [########--] 38/46 GC 2026-04-22 17:00 UTC: 1800 Kerzen geholt
    [########--] 39/46 GC 2026-04-22 17:30 UTC: 1800 Kerzen geholt
    [#########-] 40/46 GC 2026-04-22 18:00 UTC: 1800 Kerzen geholt
    [#########-] 41/46 GC 2026-04-22 18:30 UTC: 1800 Kerzen geholt
    [#########-] 42/46 GC 2026-04-22 19:00 UTC: 1800 Kerzen geholt
    [#########-] 43/46 GC 2026-04-22 19:30 UTC: 1800 Kerzen geholt
    [##########] 44/46 GC 2026-04-22 20:00 UTC: 1800 Kerzen geholt
    [##########] 45/46 GC 2026-04-22 20:30 UTC: 1800 Kerzen geholt
    [##########] 46/46 GC 2026-04-22 21:00 UTC: 1800 Kerzen geholt
[###-------] 43/131 GC 2026-04-22: geschrieben (82800 Kerzen, 46 Fenster)
    [----------] 1/46 GC 2026-04-23 22:30 UTC: 1800 Kerzen geholt
    [----------] 2/46 GC 2026-04-23 23:00 UTC: 1800 Kerzen geholt
    [#---------] 3/46 GC 2026-04-23 23:30 UTC: 1800 Kerzen geholt
    [#---------] 4/46 GC 2026-04-23 00:00 UTC: 1800 Kerzen geholt
    [#---------] 5/46 GC 2026-04-23 00:30 UTC: 1800 Kerzen geholt
    [#---------] 6/46 GC 2026-04-23 01:00 UTC: 1800 Kerzen geholt
    [##--------] 7/46 GC 2026-04-23 01:30 UTC: 1800 Kerzen geholt
    [##--------] 8/46 GC 2026-04-23 02:00 UTC: 1800 Kerzen geholt
    [##--------] 9/46 GC 2026-04-23 02:30 UTC: 1800 Kerzen geholt
    [##--------] 10/46 GC 2026-04-23 03:00 UTC: 1800 Kerzen geholt
    [##--------] 11/46 GC 2026-04-23 03:30 UTC: 1800 Kerzen geholt
    [###-------] 12/46 GC 2026-04-23 04:00 UTC: 1800 Kerzen geholt
    [###-------] 13/46 GC 2026-04-23 04:30 UTC: 1800 Kerzen geholt
    [###-------] 14/46 GC 2026-04-23 05:00 UTC: 1800 Kerzen geholt
    [###-------] 15/46 GC 2026-04-23 05:30 UTC: 1800 Kerzen geholt
    [###-------] 16/46 GC 2026-04-23 06:00 UTC: 1800 Kerzen geholt
    [####------] 17/46 GC 2026-04-23 06:30 UTC: 1800 Kerzen geholt
    [####------] 18/46 GC 2026-04-23 07:00 UTC: 1800 Kerzen geholt
    [####------] 19/46 GC 2026-04-23 07:30 UTC: 1800 Kerzen geholt
    [####------] 20/46 GC 2026-04-23 08:00 UTC: 1800 Kerzen geholt
    [#####-----] 21/46 GC 2026-04-23 08:30 UTC: 1800 Kerzen geholt
    [#####-----] 22/46 GC 2026-04-23 09:00 UTC: 1800 Kerzen geholt
    [#####-----] 23/46 GC 2026-04-23 09:30 UTC: 1800 Kerzen geholt
    [#####-----] 24/46 GC 2026-04-23 10:00 UTC: 1800 Kerzen geholt
    [#####-----] 25/46 GC 2026-04-23 10:30 UTC: 1800 Kerzen geholt
    [######----] 26/46 GC 2026-04-23 11:00 UTC: 1800 Kerzen geholt
    [######----] 27/46 GC 2026-04-23 11:30 UTC: 1800 Kerzen geholt
    [######----] 28/46 GC 2026-04-23 12:00 UTC: 1800 Kerzen geholt
    [######----] 29/46 GC 2026-04-23 12:30 UTC: 1800 Kerzen geholt
    [#######---] 30/46 GC 2026-04-23 13:00 UTC: 1800 Kerzen geholt
    [#######---] 31/46 GC 2026-04-23 13:30 UTC: 1800 Kerzen geholt
    [#######---] 32/46 GC 2026-04-23 14:00 UTC: 1800 Kerzen geholt
    [#######---] 33/46 GC 2026-04-23 14:30 UTC: 1800 Kerzen geholt
    [#######---] 34/46 GC 2026-04-23 15:00 UTC: 1800 Kerzen geholt
    [########--] 35/46 GC 2026-04-23 15:30 UTC: 1800 Kerzen geholt
    [########--] 36/46 GC 2026-04-23 16:00 UTC: 1800 Kerzen geholt
    [########--] 37/46 GC 2026-04-23 16:30 UTC: 1800 Kerzen geholt
    [########--] 38/46 GC 2026-04-23 17:00 UTC: 1800 Kerzen geholt
    [########--] 39/46 GC 2026-04-23 17:30 UTC: 1800 Kerzen geholt
    [#########-] 40/46 GC 2026-04-23 18:00 UTC: 1800 Kerzen geholt
    [#########-] 41/46 GC 2026-04-23 18:30 UTC: 1800 Kerzen geholt
    [#########-] 42/46 GC 2026-04-23 19:00 UTC: 1800 Kerzen geholt
    [#########-] 43/46 GC 2026-04-23 19:30 UTC: 1800 Kerzen geholt
    [##########] 44/46 GC 2026-04-23 20:00 UTC: 1800 Kerzen geholt
    [##########] 45/46 GC 2026-04-23 20:30 UTC: 1800 Kerzen geholt
    [##########] 46/46 GC 2026-04-23 21:00 UTC: 1800 Kerzen geholt
[###-------] 44/131 GC 2026-04-23: geschrieben (82800 Kerzen, 46 Fenster)
    [----------] 1/46 GC 2026-04-24 22:30 UTC: 1800 Kerzen geholt
    [----------] 2/46 GC 2026-04-24 23:00 UTC: 1800 Kerzen geholt
    [#---------] 3/46 GC 2026-04-24 23:30 UTC: 1800 Kerzen geholt
    [#---------] 4/46 GC 2026-04-24 00:00 UTC: 1800 Kerzen geholt
    [#---------] 5/46 GC 2026-04-24 00:30 UTC: 1800 Kerzen geholt
    [#---------] 6/46 GC 2026-04-24 01:00 UTC: 1800 Kerzen geholt
    [##--------] 7/46 GC 2026-04-24 01:30 UTC: 1800 Kerzen geholt
    [##--------] 8/46 GC 2026-04-24 02:00 UTC: 1800 Kerzen geholt
    [##--------] 9/46 GC 2026-04-24 02:30 UTC: 1800 Kerzen geholt
    [##--------] 10/46 GC 2026-04-24 03:00 UTC: 1800 Kerzen geholt
    [##--------] 11/46 GC 2026-04-24 03:30 UTC: 1800 Kerzen geholt
    [###-------] 12/46 GC 2026-04-24 04:00 UTC: 1800 Kerzen geholt
    [###-------] 13/46 GC 2026-04-24 04:30 UTC: 1800 Kerzen geholt
    [###-------] 14/46 GC 2026-04-24 05:00 UTC: 1800 Kerzen geholt
    [###-------] 15/46 GC 2026-04-24 05:30 UTC: 1800 Kerzen geholt
    [###-------] 16/46 GC 2026-04-24 06:00 UTC: 1800 Kerzen geholt
    [####------] 17/46 GC 2026-04-24 06:30 UTC: 1800 Kerzen geholt
    [####------] 18/46 GC 2026-04-24 07:00 UTC: 1800 Kerzen geholt
    [####------] 19/46 GC 2026-04-24 07:30 UTC: 1800 Kerzen geholt
    [####------] 20/46 GC 2026-04-24 08:00 UTC: 1800 Kerzen geholt
    [#####-----] 21/46 GC 2026-04-24 08:30 UTC: 1800 Kerzen geholt
    [#####-----] 22/46 GC 2026-04-24 09:00 UTC: 1800 Kerzen geholt
    [#####-----] 23/46 GC 2026-04-24 09:30 UTC: 1800 Kerzen geholt
    [#####-----] 24/46 GC 2026-04-24 10:00 UTC: 1800 Kerzen geholt
    [#####-----] 25/46 GC 2026-04-24 10:30 UTC: 1800 Kerzen geholt
    [######----] 26/46 GC 2026-04-24 11:00 UTC: 1800 Kerzen geholt
    [######----] 27/46 GC 2026-04-24 11:30 UTC: 1800 Kerzen geholt
    [######----] 28/46 GC 2026-04-24 12:00 UTC: 1800 Kerzen geholt
    [######----] 29/46 GC 2026-04-24 12:30 UTC: 1800 Kerzen geholt
    [#######---] 30/46 GC 2026-04-24 13:00 UTC: 1800 Kerzen geholt
    [#######---] 31/46 GC 2026-04-24 13:30 UTC: 1800 Kerzen geholt
    [#######---] 32/46 GC 2026-04-24 14:00 UTC: 1800 Kerzen geholt
    [#######---] 33/46 GC 2026-04-24 14:30 UTC: 1800 Kerzen geholt
    [#######---] 34/46 GC 2026-04-24 15:00 UTC: 1800 Kerzen geholt
    [########--] 35/46 GC 2026-04-24 15:30 UTC: 1800 Kerzen geholt
    [########--] 36/46 GC 2026-04-24 16:00 UTC: 1800 Kerzen geholt
    [########--] 37/46 GC 2026-04-24 16:30 UTC: 1800 Kerzen geholt
    [########--] 38/46 GC 2026-04-24 17:00 UTC: 1800 Kerzen geholt
    [########--] 39/46 GC 2026-04-24 17:30 UTC: 1800 Kerzen geholt
    [#########-] 40/46 GC 2026-04-24 18:00 UTC: 1800 Kerzen geholt
    [#########-] 41/46 GC 2026-04-24 18:30 UTC: 1800 Kerzen geholt
    [#########-] 42/46 GC 2026-04-24 19:00 UTC: 1800 Kerzen geholt
    [#########-] 43/46 GC 2026-04-24 19:30 UTC: 1800 Kerzen geholt
    [##########] 44/46 GC 2026-04-24 20:00 UTC: 1800 Kerzen geholt
    [##########] 45/46 GC 2026-04-24 20:30 UTC: 1800 Kerzen geholt
    [##########] 46/46 GC 2026-04-24 21:00 UTC: 1800 Kerzen geholt
[###-------] 45/131 GC 2026-04-24: geschrieben (82800 Kerzen, 46 Fenster)
    [----------] 1/46 GC 2026-04-27 22:30 UTC: 1800 Kerzen geholt
    [----------] 2/46 GC 2026-04-27 23:00 UTC: 1800 Kerzen geholt
    [#---------] 3/46 GC 2026-04-27 23:30 UTC: 1800 Kerzen geholt
    [#---------] 4/46 GC 2026-04-27 00:00 UTC: 1800 Kerzen geholt
    [#---------] 5/46 GC 2026-04-27 00:30 UTC: 1800 Kerzen geholt
    [#---------] 6/46 GC 2026-04-27 01:00 UTC: 1800 Kerzen geholt
    [##--------] 7/46 GC 2026-04-27 01:30 UTC: 1800 Kerzen geholt
    [##--------] 8/46 GC 2026-04-27 02:00 UTC: 1800 Kerzen geholt
    [##--------] 9/46 GC 2026-04-27 02:30 UTC: 1800 Kerzen geholt
    [##--------] 10/46 GC 2026-04-27 03:00 UTC: 1800 Kerzen geholt
    [##--------] 11/46 GC 2026-04-27 03:30 UTC: 1800 Kerzen geholt
    [###-------] 12/46 GC 2026-04-27 04:00 UTC: 1800 Kerzen geholt
    [###-------] 13/46 GC 2026-04-27 04:30 UTC: 1800 Kerzen geholt
    [###-------] 14/46 GC 2026-04-27 05:00 UTC: 1800 Kerzen geholt
    [###-------] 15/46 GC 2026-04-27 05:30 UTC: 1800 Kerzen geholt
    [###-------] 16/46 GC 2026-04-27 06:00 UTC: 1800 Kerzen geholt
    [####------] 17/46 GC 2026-04-27 06:30 UTC: 1800 Kerzen geholt
    [####------] 18/46 GC 2026-04-27 07:00 UTC: 1800 Kerzen geholt
    [####------] 19/46 GC 2026-04-27 07:30 UTC: 1800 Kerzen geholt
    [####------] 20/46 GC 2026-04-27 08:00 UTC: 1800 Kerzen geholt
    [#####-----] 21/46 GC 2026-04-27 08:30 UTC: 1800 Kerzen geholt
    [#####-----] 22/46 GC 2026-04-27 09:00 UTC: 1800 Kerzen geholt
    [#####-----] 23/46 GC 2026-04-27 09:30 UTC: 1800 Kerzen geholt
    [#####-----] 24/46 GC 2026-04-27 10:00 UTC: 1800 Kerzen geholt
    [#####-----] 25/46 GC 2026-04-27 10:30 UTC: 1800 Kerzen geholt
    [######----] 26/46 GC 2026-04-27 11:00 UTC: 1800 Kerzen geholt
    [######----] 27/46 GC 2026-04-27 11:30 UTC: 1800 Kerzen geholt
    [######----] 28/46 GC 2026-04-27 12:00 UTC: 1800 Kerzen geholt
    [######----] 29/46 GC 2026-04-27 12:30 UTC: 1800 Kerzen geholt
    [#######---] 30/46 GC 2026-04-27 13:00 UTC: 1800 Kerzen geholt
    [#######---] 31/46 GC 2026-04-27 13:30 UTC: 1800 Kerzen geholt
    [#######---] 32/46 GC 2026-04-27 14:00 UTC: 1800 Kerzen geholt
    [#######---] 33/46 GC 2026-04-27 14:30 UTC: 1800 Kerzen geholt
    [#######---] 34/46 GC 2026-04-27 15:00 UTC: 1800 Kerzen geholt
    [########--] 35/46 GC 2026-04-27 15:30 UTC: 1800 Kerzen geholt
    [########--] 36/46 GC 2026-04-27 16:00 UTC: 1800 Kerzen geholt
    [########--] 37/46 GC 2026-04-27 16:30 UTC: 1800 Kerzen geholt
    [########--] 38/46 GC 2026-04-27 17:00 UTC: 1800 Kerzen geholt
    [########--] 39/46 GC 2026-04-27 17:30 UTC: 1800 Kerzen geholt
    [#########-] 40/46 GC 2026-04-27 18:00 UTC: 1800 Kerzen geholt
    [#########-] 41/46 GC 2026-04-27 18:30 UTC: 1800 Kerzen geholt
    [#########-] 42/46 GC 2026-04-27 19:00 UTC: 1800 Kerzen geholt
    [#########-] 43/46 GC 2026-04-27 19:30 UTC: 1800 Kerzen geholt
    [##########] 44/46 GC 2026-04-27 20:00 UTC: 1800 Kerzen geholt
    [##########] 45/46 GC 2026-04-27 20:30 UTC: 1800 Kerzen geholt
    [##########] 46/46 GC 2026-04-27 21:00 UTC: 1800 Kerzen geholt
[####------] 46/131 GC 2026-04-27: geschrieben (82800 Kerzen, 46 Fenster)
    [----------] 1/46 GC 2026-04-28 22:30 UTC: 1800 Kerzen geholt
    [----------] 2/46 GC 2026-04-28 23:00 UTC: 1800 Kerzen geholt
    [#---------] 3/46 GC 2026-04-28 23:30 UTC: 1800 Kerzen geholt
    [#---------] 4/46 GC 2026-04-28 00:00 UTC: 1800 Kerzen geholt
    [#---------] 5/46 GC 2026-04-28 00:30 UTC: 1800 Kerzen geholt
    [#---------] 6/46 GC 2026-04-28 01:00 UTC: 1800 Kerzen geholt
    [##--------] 7/46 GC 2026-04-28 01:30 UTC: 1800 Kerzen geholt
    [##--------] 8/46 GC 2026-04-28 02:00 UTC: 1800 Kerzen geholt
    [##--------] 9/46 GC 2026-04-28 02:30 UTC: 1800 Kerzen geholt
    [##--------] 10/46 GC 2026-04-28 03:00 UTC: 1800 Kerzen geholt
    [##--------] 11/46 GC 2026-04-28 03:30 UTC: 1800 Kerzen geholt
    [###-------] 12/46 GC 2026-04-28 04:00 UTC: 1800 Kerzen geholt
    [###-------] 13/46 GC 2026-04-28 04:30 UTC: 1800 Kerzen geholt
    [###-------] 14/46 GC 2026-04-28 05:00 UTC: 1800 Kerzen geholt
    [###-------] 15/46 GC 2026-04-28 05:30 UTC: 1800 Kerzen geholt
    [###-------] 16/46 GC 2026-04-28 06:00 UTC: 1800 Kerzen geholt
    [####------] 17/46 GC 2026-04-28 06:30 UTC: 1800 Kerzen geholt
    [####------] 18/46 GC 2026-04-28 07:00 UTC: 1800 Kerzen geholt
    [####------] 19/46 GC 2026-04-28 07:30 UTC: 1800 Kerzen geholt
    [####------] 20/46 GC 2026-04-28 08:00 UTC: 1800 Kerzen geholt
    [#####-----] 21/46 GC 2026-04-28 08:30 UTC: 1800 Kerzen geholt
    [#####-----] 22/46 GC 2026-04-28 09:00 UTC: 1800 Kerzen geholt
    [#####-----] 23/46 GC 2026-04-28 09:30 UTC: 1800 Kerzen geholt
    [#####-----] 24/46 GC 2026-04-28 10:00 UTC: 1800 Kerzen geholt
    [#####-----] 25/46 GC 2026-04-28 10:30 UTC: 1800 Kerzen geholt
    [######----] 26/46 GC 2026-04-28 11:00 UTC: 1800 Kerzen geholt
    [######----] 27/46 GC 2026-04-28 11:30 UTC: 1800 Kerzen geholt
    [######----] 28/46 GC 2026-04-28 12:00 UTC: 1800 Kerzen geholt
    [######----] 29/46 GC 2026-04-28 12:30 UTC: 1800 Kerzen geholt
    [#######---] 30/46 GC 2026-04-28 13:00 UTC: 1800 Kerzen geholt
    [#######---] 31/46 GC 2026-04-28 13:30 UTC: 1800 Kerzen geholt
    [#######---] 32/46 GC 2026-04-28 14:00 UTC: 1800 Kerzen geholt
    [#######---] 33/46 GC 2026-04-28 14:30 UTC: 1800 Kerzen geholt
    [#######---] 34/46 GC 2026-04-28 15:00 UTC: 1800 Kerzen geholt
    [########--] 35/46 GC 2026-04-28 15:30 UTC: 1800 Kerzen geholt
    [########--] 36/46 GC 2026-04-28 16:00 UTC: 1800 Kerzen geholt
    [########--] 37/46 GC 2026-04-28 16:30 UTC: 1800 Kerzen geholt
    [########--] 38/46 GC 2026-04-28 17:00 UTC: 1800 Kerzen geholt
    [########--] 39/46 GC 2026-04-28 17:30 UTC: 1800 Kerzen geholt
    [#########-] 40/46 GC 2026-04-28 18:00 UTC: 1800 Kerzen geholt
    [#########-] 41/46 GC 2026-04-28 18:30 UTC: 1800 Kerzen geholt
    [#########-] 42/46 GC 2026-04-28 19:00 UTC: 1800 Kerzen geholt
    [#########-] 43/46 GC 2026-04-28 19:30 UTC: 1800 Kerzen geholt
    [##########] 44/46 GC 2026-04-28 20:00 UTC: 1800 Kerzen geholt
    [##########] 45/46 GC 2026-04-28 20:30 UTC: 1800 Kerzen geholt
    [##########] 46/46 GC 2026-04-28 21:00 UTC: 1800 Kerzen geholt
[####------] 47/131 GC 2026-04-28: geschrieben (82800 Kerzen, 46 Fenster)
    [----------] 1/46 GC 2026-04-29 22:30 UTC: 1800 Kerzen geholt
    [----------] 2/46 GC 2026-04-29 23:00 UTC: 1800 Kerzen geholt
    [#---------] 3/46 GC 2026-04-29 23:30 UTC: 1800 Kerzen geholt
    [#---------] 4/46 GC 2026-04-29 00:00 UTC: 1800 Kerzen geholt
    [#---------] 5/46 GC 2026-04-29 00:30 UTC: 1800 Kerzen geholt
    [#---------] 6/46 GC 2026-04-29 01:00 UTC: 1800 Kerzen geholt
    [##--------] 7/46 GC 2026-04-29 01:30 UTC: 1800 Kerzen geholt
    [##--------] 8/46 GC 2026-04-29 02:00 UTC: 1800 Kerzen geholt
    [##--------] 9/46 GC 2026-04-29 02:30 UTC: 1800 Kerzen geholt
    [##--------] 10/46 GC 2026-04-29 03:00 UTC: 1800 Kerzen geholt
    [##--------] 11/46 GC 2026-04-29 03:30 UTC: 1800 Kerzen geholt
    [###-------] 12/46 GC 2026-04-29 04:00 UTC: 1800 Kerzen geholt
    [###-------] 13/46 GC 2026-04-29 04:30 UTC: 1800 Kerzen geholt
    [###-------] 14/46 GC 2026-04-29 05:00 UTC: 1800 Kerzen geholt
    [###-------] 15/46 GC 2026-04-29 05:30 UTC: 1800 Kerzen geholt
    [###-------] 16/46 GC 2026-04-29 06:00 UTC: 1800 Kerzen geholt
    [####------] 17/46 GC 2026-04-29 06:30 UTC: 1800 Kerzen geholt
    [####------] 18/46 GC 2026-04-29 07:00 UTC: 1800 Kerzen geholt
    [####------] 19/46 GC 2026-04-29 07:30 UTC: 1800 Kerzen geholt
    [####------] 20/46 GC 2026-04-29 08:00 UTC: 1800 Kerzen geholt
    [#####-----] 21/46 GC 2026-04-29 08:30 UTC: 1800 Kerzen geholt
    [#####-----] 22/46 GC 2026-04-29 09:00 UTC: 1800 Kerzen geholt
    [#####-----] 23/46 GC 2026-04-29 09:30 UTC: 1800 Kerzen geholt
    [#####-----] 24/46 GC 2026-04-29 10:00 UTC: 1800 Kerzen geholt
    [#####-----] 25/46 GC 2026-04-29 10:30 UTC: 1800 Kerzen geholt
    [######----] 26/46 GC 2026-04-29 11:00 UTC: 1800 Kerzen geholt
    [######----] 27/46 GC 2026-04-29 11:30 UTC: 1800 Kerzen geholt
    [######----] 28/46 GC 2026-04-29 12:00 UTC: 1800 Kerzen geholt
    [######----] 29/46 GC 2026-04-29 12:30 UTC: 1800 Kerzen geholt
    [#######---] 30/46 GC 2026-04-29 13:00 UTC: 1800 Kerzen geholt
    [#######---] 31/46 GC 2026-04-29 13:30 UTC: 1800 Kerzen geholt
    [#######---] 32/46 GC 2026-04-29 14:00 UTC: 1800 Kerzen geholt
    [#######---] 33/46 GC 2026-04-29 14:30 UTC: 1800 Kerzen geholt
    [#######---] 34/46 GC 2026-04-29 15:00 UTC: 1800 Kerzen geholt
    [########--] 35/46 GC 2026-04-29 15:30 UTC: 1800 Kerzen geholt
    [########--] 36/46 GC 2026-04-29 16:00 UTC: 1800 Kerzen geholt
    [########--] 37/46 GC 2026-04-29 16:30 UTC: 1800 Kerzen geholt
    [########--] 38/46 GC 2026-04-29 17:00 UTC: 1800 Kerzen geholt
    [########--] 39/46 GC 2026-04-29 17:30 UTC: 1800 Kerzen geholt
    [#########-] 40/46 GC 2026-04-29 18:00 UTC: 1800 Kerzen geholt
    [#########-] 41/46 GC 2026-04-29 18:30 UTC: 1800 Kerzen geholt
    [#########-] 42/46 GC 2026-04-29 19:00 UTC: 1800 Kerzen geholt
    [#########-] 43/46 GC 2026-04-29 19:30 UTC: 1800 Kerzen geholt
    [##########] 44/46 GC 2026-04-29 20:00 UTC: 1800 Kerzen geholt
    [##########] 45/46 GC 2026-04-29 20:30 UTC: 1800 Kerzen geholt
    [##########] 46/46 GC 2026-04-29 21:00 UTC: 1800 Kerzen geholt
[####------] 48/131 GC 2026-04-29: geschrieben (82800 Kerzen, 46 Fenster)
    [----------] 1/46 GC 2026-04-30 22:30 UTC: 1800 Kerzen geholt
    [----------] 2/46 GC 2026-04-30 23:00 UTC: 1800 Kerzen geholt
    [#---------] 3/46 GC 2026-04-30 23:30 UTC: 1800 Kerzen geholt
    [#---------] 4/46 GC 2026-04-30 00:00 UTC: 1800 Kerzen geholt
    [#---------] 5/46 GC 2026-04-30 00:30 UTC: 1800 Kerzen geholt
    [#---------] 6/46 GC 2026-04-30 01:00 UTC: 1800 Kerzen geholt
    [##--------] 7/46 GC 2026-04-30 01:30 UTC: 1800 Kerzen geholt
    [##--------] 8/46 GC 2026-04-30 02:00 UTC: 1800 Kerzen geholt
    [##--------] 9/46 GC 2026-04-30 02:30 UTC: 1800 Kerzen geholt
    [##--------] 10/46 GC 2026-04-30 03:00 UTC: 1800 Kerzen geholt
    [##--------] 11/46 GC 2026-04-30 03:30 UTC: 1800 Kerzen geholt
    [###-------] 12/46 GC 2026-04-30 04:00 UTC: 1800 Kerzen geholt
    [###-------] 13/46 GC 2026-04-30 04:30 UTC: 1800 Kerzen geholt
    [###-------] 14/46 GC 2026-04-30 05:00 UTC: 1800 Kerzen geholt
    [###-------] 15/46 GC 2026-04-30 05:30 UTC: 1800 Kerzen geholt
    [###-------] 16/46 GC 2026-04-30 06:00 UTC: 1800 Kerzen geholt
    [####------] 17/46 GC 2026-04-30 06:30 UTC: 1800 Kerzen geholt
    [####------] 18/46 GC 2026-04-30 07:00 UTC: 1800 Kerzen geholt
    [####------] 19/46 GC 2026-04-30 07:30 UTC: 1800 Kerzen geholt
    [####------] 20/46 GC 2026-04-30 08:00 UTC: 1800 Kerzen geholt
    [#####-----] 21/46 GC 2026-04-30 08:30 UTC: 1800 Kerzen geholt
    [#####-----] 22/46 GC 2026-04-30 09:00 UTC: 1800 Kerzen geholt
    [#####-----] 23/46 GC 2026-04-30 09:30 UTC: 1800 Kerzen geholt
    [#####-----] 24/46 GC 2026-04-30 10:00 UTC: 1800 Kerzen geholt
    [#####-----] 25/46 GC 2026-04-30 10:30 UTC: 1800 Kerzen geholt
    [######----] 26/46 GC 2026-04-30 11:00 UTC: 1800 Kerzen geholt
    [######----] 27/46 GC 2026-04-30 11:30 UTC: 1800 Kerzen geholt
    [######----] 28/46 GC 2026-04-30 12:00 UTC: 1800 Kerzen geholt
    [######----] 29/46 GC 2026-04-30 12:30 UTC: 1800 Kerzen geholt
    [#######---] 30/46 GC 2026-04-30 13:00 UTC: 1800 Kerzen geholt
    [#######---] 31/46 GC 2026-04-30 13:30 UTC: 1800 Kerzen geholt
    [#######---] 32/46 GC 2026-04-30 14:00 UTC: 1800 Kerzen geholt
    [#######---] 33/46 GC 2026-04-30 14:30 UTC: 1800 Kerzen geholt
    [#######---] 34/46 GC 2026-04-30 15:00 UTC: 1800 Kerzen geholt
    [########--] 35/46 GC 2026-04-30 15:30 UTC: 1800 Kerzen geholt
    [########--] 36/46 GC 2026-04-30 16:00 UTC: 1800 Kerzen geholt
    [########--] 37/46 GC 2026-04-30 16:30 UTC: 1800 Kerzen geholt
    [########--] 38/46 GC 2026-04-30 17:00 UTC: 1800 Kerzen geholt
    [########--] 39/46 GC 2026-04-30 17:30 UTC: 1800 Kerzen geholt
    [#########-] 40/46 GC 2026-04-30 18:00 UTC: 1800 Kerzen geholt
    [#########-] 41/46 GC 2026-04-30 18:30 UTC: 1800 Kerzen geholt
    [#########-] 42/46 GC 2026-04-30 19:00 UTC: 1800 Kerzen geholt
    [#########-] 43/46 GC 2026-04-30 19:30 UTC: 1800 Kerzen geholt
    [##########] 44/46 GC 2026-04-30 20:00 UTC: 1800 Kerzen geholt
    [##########] 45/46 GC 2026-04-30 20:30 UTC: 1800 Kerzen geholt
    [##########] 46/46 GC 2026-04-30 21:00 UTC: 1800 Kerzen geholt
[####------] 49/131 GC 2026-04-30: geschrieben (82800 Kerzen, 46 Fenster)
    [----------] 1/46 GC 2026-05-01 22:30 UTC: 1800 Kerzen geholt
    [----------] 2/46 GC 2026-05-01 23:00 UTC: 1800 Kerzen geholt
    [#---------] 3/46 GC 2026-05-01 23:30 UTC: 1800 Kerzen geholt
    [#---------] 4/46 GC 2026-05-01 00:00 UTC: 1800 Kerzen geholt
    [#---------] 5/46 GC 2026-05-01 00:30 UTC: 1800 Kerzen geholt
    [#---------] 6/46 GC 2026-05-01 01:00 UTC: 1800 Kerzen geholt
    [##--------] 7/46 GC 2026-05-01 01:30 UTC: 1800 Kerzen geholt
    [##--------] 8/46 GC 2026-05-01 02:00 UTC: 1800 Kerzen geholt
    [##--------] 9/46 GC 2026-05-01 02:30 UTC: 1800 Kerzen geholt
    [##--------] 10/46 GC 2026-05-01 03:00 UTC: 1800 Kerzen geholt
    [##--------] 11/46 GC 2026-05-01 03:30 UTC: 1800 Kerzen geholt
    [###-------] 12/46 GC 2026-05-01 04:00 UTC: 1800 Kerzen geholt
    [###-------] 13/46 GC 2026-05-01 04:30 UTC: 1800 Kerzen geholt
    [###-------] 14/46 GC 2026-05-01 05:00 UTC: 1800 Kerzen geholt
    [###-------] 15/46 GC 2026-05-01 05:30 UTC: 1800 Kerzen geholt
    [###-------] 16/46 GC 2026-05-01 06:00 UTC: 1800 Kerzen geholt
    [####------] 17/46 GC 2026-05-01 06:30 UTC: 1800 Kerzen geholt
    [####------] 18/46 GC 2026-05-01 07:00 UTC: 1800 Kerzen geholt
    [####------] 19/46 GC 2026-05-01 07:30 UTC: 1800 Kerzen geholt
    [####------] 20/46 GC 2026-05-01 08:00 UTC: 1800 Kerzen geholt
    [#####-----] 21/46 GC 2026-05-01 08:30 UTC: 1800 Kerzen geholt
    [#####-----] 22/46 GC 2026-05-01 09:00 UTC: 1800 Kerzen geholt
    [#####-----] 23/46 GC 2026-05-01 09:30 UTC: 1800 Kerzen geholt
    [#####-----] 24/46 GC 2026-05-01 10:00 UTC: 1800 Kerzen geholt
    [#####-----] 25/46 GC 2026-05-01 10:30 UTC: 1800 Kerzen geholt
    [######----] 26/46 GC 2026-05-01 11:00 UTC: 1800 Kerzen geholt
    [######----] 27/46 GC 2026-05-01 11:30 UTC: 1800 Kerzen geholt
    [######----] 28/46 GC 2026-05-01 12:00 UTC: 1800 Kerzen geholt
    [######----] 29/46 GC 2026-05-01 12:30 UTC: 1800 Kerzen geholt
    [#######---] 30/46 GC 2026-05-01 13:00 UTC: 1800 Kerzen geholt
    [#######---] 31/46 GC 2026-05-01 13:30 UTC: 1800 Kerzen geholt
    [#######---] 32/46 GC 2026-05-01 14:00 UTC: 1800 Kerzen geholt
    [#######---] 33/46 GC 2026-05-01 14:30 UTC: 1800 Kerzen geholt
    [#######---] 34/46 GC 2026-05-01 15:00 UTC: 1800 Kerzen geholt
    [########--] 35/46 GC 2026-05-01 15:30 UTC: 1800 Kerzen geholt
    [########--] 36/46 GC 2026-05-01 16:00 UTC: 1800 Kerzen geholt
    [########--] 37/46 GC 2026-05-01 16:30 UTC: 1800 Kerzen geholt
    [########--] 38/46 GC 2026-05-01 17:00 UTC: 1800 Kerzen geholt
    [########--] 39/46 GC 2026-05-01 17:30 UTC: 1800 Kerzen geholt
    [#########-] 40/46 GC 2026-05-01 18:00 UTC: 1800 Kerzen geholt
    [#########-] 41/46 GC 2026-05-01 18:30 UTC: 1800 Kerzen geholt
    [#########-] 42/46 GC 2026-05-01 19:00 UTC: 1800 Kerzen geholt
    [#########-] 43/46 GC 2026-05-01 19:30 UTC: 1800 Kerzen geholt
    [##########] 44/46 GC 2026-05-01 20:00 UTC: 1800 Kerzen geholt
    [##########] 45/46 GC 2026-05-01 20:30 UTC: 1800 Kerzen geholt
    [##########] 46/46 GC 2026-05-01 21:00 UTC: 1800 Kerzen geholt
[####------] 50/131 GC 2026-05-01: geschrieben (82800 Kerzen, 46 Fenster)
    [----------] 1/46 GC 2026-05-04 22:30 UTC: 1800 Kerzen geholt
    [----------] 2/46 GC 2026-05-04 23:00 UTC: 1800 Kerzen geholt
    [#---------] 3/46 GC 2026-05-04 23:30 UTC: 1800 Kerzen geholt
    [#---------] 4/46 GC 2026-05-04 00:00 UTC: 1800 Kerzen geholt
    [#---------] 5/46 GC 2026-05-04 00:30 UTC: 1800 Kerzen geholt
    [#---------] 6/46 GC 2026-05-04 01:00 UTC: 1800 Kerzen geholt
    [##--------] 7/46 GC 2026-05-04 01:30 UTC: 1800 Kerzen geholt
    [##--------] 8/46 GC 2026-05-04 02:00 UTC: 1800 Kerzen geholt
    [##--------] 9/46 GC 2026-05-04 02:30 UTC: 1800 Kerzen geholt
    [##--------] 10/46 GC 2026-05-04 03:00 UTC: 1800 Kerzen geholt
    [##--------] 11/46 GC 2026-05-04 03:30 UTC: 1800 Kerzen geholt
    [###-------] 12/46 GC 2026-05-04 04:00 UTC: 1800 Kerzen geholt
    [###-------] 13/46 GC 2026-05-04 04:30 UTC: 1800 Kerzen geholt
    [###-------] 14/46 GC 2026-05-04 05:00 UTC: 1800 Kerzen geholt
    [###-------] 15/46 GC 2026-05-04 05:30 UTC: 1800 Kerzen geholt
    [###-------] 16/46 GC 2026-05-04 06:00 UTC: 1800 Kerzen geholt
    [####------] 17/46 GC 2026-05-04 06:30 UTC: 1800 Kerzen geholt
    [####------] 18/46 GC 2026-05-04 07:00 UTC: 1800 Kerzen geholt
    [####------] 19/46 GC 2026-05-04 07:30 UTC: 1800 Kerzen geholt
    [####------] 20/46 GC 2026-05-04 08:00 UTC: 1800 Kerzen geholt
    [#####-----] 21/46 GC 2026-05-04 08:30 UTC: 1800 Kerzen geholt
    [#####-----] 22/46 GC 2026-05-04 09:00 UTC: 1800 Kerzen geholt
    [#####-----] 23/46 GC 2026-05-04 09:30 UTC: 1800 Kerzen geholt
    [#####-----] 24/46 GC 2026-05-04 10:00 UTC: 1800 Kerzen geholt
    [#####-----] 25/46 GC 2026-05-04 10:30 UTC: 1800 Kerzen geholt
    [######----] 26/46 GC 2026-05-04 11:00 UTC: 1800 Kerzen geholt
    [######----] 27/46 GC 2026-05-04 11:30 UTC: 1800 Kerzen geholt
    [######----] 28/46 GC 2026-05-04 12:00 UTC: 1800 Kerzen geholt
    [######----] 29/46 GC 2026-05-04 12:30 UTC: 1800 Kerzen geholt
    [#######---] 30/46 GC 2026-05-04 13:00 UTC: 1800 Kerzen geholt
    [#######---] 31/46 GC 2026-05-04 13:30 UTC: 1800 Kerzen geholt
    [#######---] 32/46 GC 2026-05-04 14:00 UTC: 1800 Kerzen geholt
    [#######---] 33/46 GC 2026-05-04 14:30 UTC: 1800 Kerzen geholt
    [#######---] 34/46 GC 2026-05-04 15:00 UTC: 1800 Kerzen geholt
    [########--] 35/46 GC 2026-05-04 15:30 UTC: 1800 Kerzen geholt
    [########--] 36/46 GC 2026-05-04 16:00 UTC: 1800 Kerzen geholt
    [########--] 37/46 GC 2026-05-04 16:30 UTC: 1800 Kerzen geholt
    [########--] 38/46 GC 2026-05-04 17:00 UTC: 1800 Kerzen geholt
    [########--] 39/46 GC 2026-05-04 17:30 UTC: 1800 Kerzen geholt
    [#########-] 40/46 GC 2026-05-04 18:00 UTC: 1800 Kerzen geholt
    [#########-] 41/46 GC 2026-05-04 18:30 UTC: 1800 Kerzen geholt
    [#########-] 42/46 GC 2026-05-04 19:00 UTC: 1800 Kerzen geholt
    [#########-] 43/46 GC 2026-05-04 19:30 UTC: 1800 Kerzen geholt
    [##########] 44/46 GC 2026-05-04 20:00 UTC: 1800 Kerzen geholt
    [##########] 45/46 GC 2026-05-04 20:30 UTC: 1800 Kerzen geholt
    [##########] 46/46 GC 2026-05-04 21:00 UTC: 1800 Kerzen geholt
[####------] 51/131 GC 2026-05-04: geschrieben (82800 Kerzen, 46 Fenster)
    [----------] 1/46 GC 2026-05-05 22:30 UTC: 1800 Kerzen geholt
    [----------] 2/46 GC 2026-05-05 23:00 UTC: 1800 Kerzen geholt
    [#---------] 3/46 GC 2026-05-05 23:30 UTC: 1800 Kerzen geholt
    [#---------] 4/46 GC 2026-05-05 00:00 UTC: 1800 Kerzen geholt
    [#---------] 5/46 GC 2026-05-05 00:30 UTC: 1800 Kerzen geholt
    [#---------] 6/46 GC 2026-05-05 01:00 UTC: 1800 Kerzen geholt
    [##--------] 7/46 GC 2026-05-05 01:30 UTC: 1800 Kerzen geholt
    [##--------] 8/46 GC 2026-05-05 02:00 UTC: 1800 Kerzen geholt
    [##--------] 9/46 GC 2026-05-05 02:30 UTC: 1800 Kerzen geholt
    [##--------] 10/46 GC 2026-05-05 03:00 UTC: 1800 Kerzen geholt
    [##--------] 11/46 GC 2026-05-05 03:30 UTC: 1800 Kerzen geholt
    [###-------] 12/46 GC 2026-05-05 04:00 UTC: 1800 Kerzen geholt
    [###-------] 13/46 GC 2026-05-05 04:30 UTC: 1800 Kerzen geholt
    [###-------] 14/46 GC 2026-05-05 05:00 UTC: 1800 Kerzen geholt
    [###-------] 15/46 GC 2026-05-05 05:30 UTC: 1800 Kerzen geholt
  ! GC Fenster bis 2026-05-05 06:00:00+00:00: Versuch 1/3 fehlgeschlagen ([(162, 'Historical Market Data Service error message:Historical data request pacing violation')])
    [###-------] 16/46 GC 2026-05-05 06:00 UTC: 1800 Kerzen geholt
    [####------] 17/46 GC 2026-05-05 06:30 UTC: 1800 Kerzen geholt
    [####------] 18/46 GC 2026-05-05 07:00 UTC: 1800 Kerzen geholt
    [####------] 19/46 GC 2026-05-05 07:30 UTC: 1800 Kerzen geholt
    [####------] 20/46 GC 2026-05-05 08:00 UTC: 1800 Kerzen geholt
    [#####-----] 21/46 GC 2026-05-05 08:30 UTC: 1800 Kerzen geholt
    [#####-----] 22/46 GC 2026-05-05 09:00 UTC: 1800 Kerzen geholt
    [#####-----] 23/46 GC 2026-05-05 09:30 UTC: 1800 Kerzen geholt
    [#####-----] 24/46 GC 2026-05-05 10:00 UTC: 1800 Kerzen geholt
    [#####-----] 25/46 GC 2026-05-05 10:30 UTC: 1800 Kerzen geholt
    [######----] 26/46 GC 2026-05-05 11:00 UTC: 1800 Kerzen geholt
    [######----] 27/46 GC 2026-05-05 11:30 UTC: 1800 Kerzen geholt
    [######----] 28/46 GC 2026-05-05 12:00 UTC: 1800 Kerzen geholt
    [######----] 29/46 GC 2026-05-05 12:30 UTC: 1800 Kerzen geholt
    [#######---] 30/46 GC 2026-05-05 13:00 UTC: 1800 Kerzen geholt
    [#######---] 31/46 GC 2026-05-05 13:30 UTC: 1800 Kerzen geholt
    [#######---] 32/46 GC 2026-05-05 14:00 UTC: 1800 Kerzen geholt
    [#######---] 33/46 GC 2026-05-05 14:30 UTC: 1800 Kerzen geholt
    [#######---] 34/46 GC 2026-05-05 15:00 UTC: 1800 Kerzen geholt
    [########--] 35/46 GC 2026-05-05 15:30 UTC: 1800 Kerzen geholt
    [########--] 36/46 GC 2026-05-05 16:00 UTC: 1800 Kerzen geholt
    [########--] 37/46 GC 2026-05-05 16:30 UTC: 1800 Kerzen geholt
    [########--] 38/46 GC 2026-05-05 17:00 UTC: 1800 Kerzen geholt
    [########--] 39/46 GC 2026-05-05 17:30 UTC: 1800 Kerzen geholt
    [#########-] 40/46 GC 2026-05-05 18:00 UTC: 1800 Kerzen geholt
    [#########-] 41/46 GC 2026-05-05 18:30 UTC: 1800 Kerzen geholt
    [#########-] 42/46 GC 2026-05-05 19:00 UTC: 1800 Kerzen geholt
    [#########-] 43/46 GC 2026-05-05 19:30 UTC: 1800 Kerzen geholt
    [##########] 44/46 GC 2026-05-05 20:00 UTC: 1800 Kerzen geholt
    [##########] 45/46 GC 2026-05-05 20:30 UTC: 1800 Kerzen geholt
    [##########] 46/46 GC 2026-05-05 21:00 UTC: 1800 Kerzen geholt
[####------] 52/131 GC 2026-05-05: geschrieben (82800 Kerzen, 46 Fenster)
    [----------] 1/46 GC 2026-05-06 22:30 UTC: 1800 Kerzen geholt
    [----------] 2/46 GC 2026-05-06 23:00 UTC: 1800 Kerzen geholt
    [#---------] 3/46 GC 2026-05-06 23:30 UTC: 1800 Kerzen geholt
    [#---------] 4/46 GC 2026-05-06 00:00 UTC: 1800 Kerzen geholt
    [#---------] 5/46 GC 2026-05-06 00:30 UTC: 1800 Kerzen geholt
    [#---------] 6/46 GC 2026-05-06 01:00 UTC: 1800 Kerzen geholt
    [##--------] 7/46 GC 2026-05-06 01:30 UTC: 1800 Kerzen geholt
    [##--------] 8/46 GC 2026-05-06 02:00 UTC: 1800 Kerzen geholt
    [##--------] 9/46 GC 2026-05-06 02:30 UTC: 1800 Kerzen geholt
    [##--------] 10/46 GC 2026-05-06 03:00 UTC: 1800 Kerzen geholt
    [##--------] 11/46 GC 2026-05-06 03:30 UTC: 1800 Kerzen geholt
    [###-------] 12/46 GC 2026-05-06 04:00 UTC: 1800 Kerzen geholt
    [###-------] 13/46 GC 2026-05-06 04:30 UTC: 1800 Kerzen geholt
    [###-------] 14/46 GC 2026-05-06 05:00 UTC: 1800 Kerzen geholt
    [###-------] 15/46 GC 2026-05-06 05:30 UTC: 1800 Kerzen geholt
    [###-------] 16/46 GC 2026-05-06 06:00 UTC: 1800 Kerzen geholt
    [####------] 17/46 GC 2026-05-06 06:30 UTC: 1800 Kerzen geholt
    [####------] 18/46 GC 2026-05-06 07:00 UTC: 1800 Kerzen geholt
    [####------] 19/46 GC 2026-05-06 07:30 UTC: 1800 Kerzen geholt
    [####------] 20/46 GC 2026-05-06 08:00 UTC: 1800 Kerzen geholt
    [#####-----] 21/46 GC 2026-05-06 08:30 UTC: 1800 Kerzen geholt
    [#####-----] 22/46 GC 2026-05-06 09:00 UTC: 1800 Kerzen geholt
    [#####-----] 23/46 GC 2026-05-06 09:30 UTC: 1800 Kerzen geholt
    [#####-----] 24/46 GC 2026-05-06 10:00 UTC: 1800 Kerzen geholt
    [#####-----] 25/46 GC 2026-05-06 10:30 UTC: 1800 Kerzen geholt
    [######----] 26/46 GC 2026-05-06 11:00 UTC: 1800 Kerzen geholt
    [######----] 27/46 GC 2026-05-06 11:30 UTC: 1800 Kerzen geholt
    [######----] 28/46 GC 2026-05-06 12:00 UTC: 1800 Kerzen geholt
    [######----] 29/46 GC 2026-05-06 12:30 UTC: 1800 Kerzen geholt
    [#######---] 30/46 GC 2026-05-06 13:00 UTC: 1800 Kerzen geholt
    [#######---] 31/46 GC 2026-05-06 13:30 UTC: 1800 Kerzen geholt
    [#######---] 32/46 GC 2026-05-06 14:00 UTC: 1800 Kerzen geholt
    [#######---] 33/46 GC 2026-05-06 14:30 UTC: 1800 Kerzen geholt
    [#######---] 34/46 GC 2026-05-06 15:00 UTC: 1800 Kerzen geholt
    [########--] 35/46 GC 2026-05-06 15:30 UTC: 1800 Kerzen geholt
    [########--] 36/46 GC 2026-05-06 16:00 UTC: 1800 Kerzen geholt
    [########--] 37/46 GC 2026-05-06 16:30 UTC: 1800 Kerzen geholt
    [########--] 38/46 GC 2026-05-06 17:00 UTC: 1800 Kerzen geholt
    [########--] 39/46 GC 2026-05-06 17:30 UTC: 1800 Kerzen geholt
    [#########-] 40/46 GC 2026-05-06 18:00 UTC: 1800 Kerzen geholt
    [#########-] 41/46 GC 2026-05-06 18:30 UTC: 1800 Kerzen geholt
    [#########-] 42/46 GC 2026-05-06 19:00 UTC: 1800 Kerzen geholt
    [#########-] 43/46 GC 2026-05-06 19:30 UTC: 1800 Kerzen geholt
    [##########] 44/46 GC 2026-05-06 20:00 UTC: 1800 Kerzen geholt
    [##########] 45/46 GC 2026-05-06 20:30 UTC: 1800 Kerzen geholt
    [##########] 46/46 GC 2026-05-06 21:00 UTC: 1800 Kerzen geholt
[####------] 53/131 GC 2026-05-06: geschrieben (82800 Kerzen, 46 Fenster)
    [----------] 1/46 GC 2026-05-07 22:30 UTC: 1800 Kerzen geholt
    [----------] 2/46 GC 2026-05-07 23:00 UTC: 1800 Kerzen geholt
    [#---------] 3/46 GC 2026-05-07 23:30 UTC: 1800 Kerzen geholt
    [#---------] 4/46 GC 2026-05-07 00:00 UTC: 1800 Kerzen geholt
    [#---------] 5/46 GC 2026-05-07 00:30 UTC: 1800 Kerzen geholt
    [#---------] 6/46 GC 2026-05-07 01:00 UTC: 1800 Kerzen geholt
    [##--------] 7/46 GC 2026-05-07 01:30 UTC: 1800 Kerzen geholt
    [##--------] 8/46 GC 2026-05-07 02:00 UTC: 1800 Kerzen geholt
    [##--------] 9/46 GC 2026-05-07 02:30 UTC: 1800 Kerzen geholt
    [##--------] 10/46 GC 2026-05-07 03:00 UTC: 1800 Kerzen geholt
    [##--------] 11/46 GC 2026-05-07 03:30 UTC: 1800 Kerzen geholt
    [###-------] 12/46 GC 2026-05-07 04:00 UTC: 1800 Kerzen geholt
    [###-------] 13/46 GC 2026-05-07 04:30 UTC: 1800 Kerzen geholt
    [###-------] 14/46 GC 2026-05-07 05:00 UTC: 1800 Kerzen geholt
    [###-------] 15/46 GC 2026-05-07 05:30 UTC: 1800 Kerzen geholt
    [###-------] 16/46 GC 2026-05-07 06:00 UTC: 1800 Kerzen geholt
    [####------] 17/46 GC 2026-05-07 06:30 UTC: 1800 Kerzen geholt
    [####------] 18/46 GC 2026-05-07 07:00 UTC: 1800 Kerzen geholt
    [####------] 19/46 GC 2026-05-07 07:30 UTC: 1800 Kerzen geholt
    [####------] 20/46 GC 2026-05-07 08:00 UTC: 1800 Kerzen geholt
    [#####-----] 21/46 GC 2026-05-07 08:30 UTC: 1800 Kerzen geholt
    [#####-----] 22/46 GC 2026-05-07 09:00 UTC: 1800 Kerzen geholt
    [#####-----] 23/46 GC 2026-05-07 09:30 UTC: 1800 Kerzen geholt
    [#####-----] 24/46 GC 2026-05-07 10:00 UTC: 1800 Kerzen geholt
    [#####-----] 25/46 GC 2026-05-07 10:30 UTC: 1800 Kerzen geholt
    [######----] 26/46 GC 2026-05-07 11:00 UTC: 1800 Kerzen geholt
    [######----] 27/46 GC 2026-05-07 11:30 UTC: 1800 Kerzen geholt
    [######----] 28/46 GC 2026-05-07 12:00 UTC: 1800 Kerzen geholt
    [######----] 29/46 GC 2026-05-07 12:30 UTC: 1800 Kerzen geholt
    [#######---] 30/46 GC 2026-05-07 13:00 UTC: 1800 Kerzen geholt
    [#######---] 31/46 GC 2026-05-07 13:30 UTC: 1800 Kerzen geholt
    [#######---] 32/46 GC 2026-05-07 14:00 UTC: 1800 Kerzen geholt
    [#######---] 33/46 GC 2026-05-07 14:30 UTC: 1800 Kerzen geholt
    [#######---] 34/46 GC 2026-05-07 15:00 UTC: 1800 Kerzen geholt
    [########--] 35/46 GC 2026-05-07 15:30 UTC: 1800 Kerzen geholt
    [########--] 36/46 GC 2026-05-07 16:00 UTC: 1800 Kerzen geholt
    [########--] 37/46 GC 2026-05-07 16:30 UTC: 1800 Kerzen geholt
    [########--] 38/46 GC 2026-05-07 17:00 UTC: 1800 Kerzen geholt
    [########--] 39/46 GC 2026-05-07 17:30 UTC: 1800 Kerzen geholt
    [#########-] 40/46 GC 2026-05-07 18:00 UTC: 1800 Kerzen geholt
    [#########-] 41/46 GC 2026-05-07 18:30 UTC: 1800 Kerzen geholt
    [#########-] 42/46 GC 2026-05-07 19:00 UTC: 1800 Kerzen geholt
    [#########-] 43/46 GC 2026-05-07 19:30 UTC: 1800 Kerzen geholt
  ! GC Fenster bis 2026-05-07 20:00:00+00:00: Versuch 1/3 fehlgeschlagen ([(162, 'Historical Market Data Service error message:Historical data request pacing violation')])
    [##########] 44/46 GC 2026-05-07 20:00 UTC: 1800 Kerzen geholt
    [##########] 45/46 GC 2026-05-07 20:30 UTC: 1800 Kerzen geholt
    [##########] 46/46 GC 2026-05-07 21:00 UTC: 1800 Kerzen geholt
[####------] 54/131 GC 2026-05-07: geschrieben (82800 Kerzen, 46 Fenster)
    [----------] 1/46 GC 2026-05-08 22:30 UTC: 1800 Kerzen geholt
    [----------] 2/46 GC 2026-05-08 23:00 UTC: 1800 Kerzen geholt
    [#---------] 3/46 GC 2026-05-08 23:30 UTC: 1800 Kerzen geholt
    [#---------] 4/46 GC 2026-05-08 00:00 UTC: 1800 Kerzen geholt
    [#---------] 5/46 GC 2026-05-08 00:30 UTC: 1800 Kerzen geholt
    [#---------] 6/46 GC 2026-05-08 01:00 UTC: 1800 Kerzen geholt
    [##--------] 7/46 GC 2026-05-08 01:30 UTC: 1800 Kerzen geholt
    [##--------] 8/46 GC 2026-05-08 02:00 UTC: 1800 Kerzen geholt
    [##--------] 9/46 GC 2026-05-08 02:30 UTC: 1800 Kerzen geholt
    [##--------] 10/46 GC 2026-05-08 03:00 UTC: 1800 Kerzen geholt
    [##--------] 11/46 GC 2026-05-08 03:30 UTC: 1800 Kerzen geholt
    [###-------] 12/46 GC 2026-05-08 04:00 UTC: 1800 Kerzen geholt
    [###-------] 13/46 GC 2026-05-08 04:30 UTC: 1800 Kerzen geholt
    [###-------] 14/46 GC 2026-05-08 05:00 UTC: 1800 Kerzen geholt
    [###-------] 15/46 GC 2026-05-08 05:30 UTC: 1800 Kerzen geholt
    [###-------] 16/46 GC 2026-05-08 06:00 UTC: 1800 Kerzen geholt
    [####------] 17/46 GC 2026-05-08 06:30 UTC: 1800 Kerzen geholt
    [####------] 18/46 GC 2026-05-08 07:00 UTC: 1800 Kerzen geholt
    [####------] 19/46 GC 2026-05-08 07:30 UTC: 1800 Kerzen geholt
    [####------] 20/46 GC 2026-05-08 08:00 UTC: 1800 Kerzen geholt
    [#####-----] 21/46 GC 2026-05-08 08:30 UTC: 1800 Kerzen geholt
    [#####-----] 22/46 GC 2026-05-08 09:00 UTC: 1800 Kerzen geholt
    [#####-----] 23/46 GC 2026-05-08 09:30 UTC: 1800 Kerzen geholt
    [#####-----] 24/46 GC 2026-05-08 10:00 UTC: 1800 Kerzen geholt
    [#####-----] 25/46 GC 2026-05-08 10:30 UTC: 1800 Kerzen geholt
    [######----] 26/46 GC 2026-05-08 11:00 UTC: 1800 Kerzen geholt
    [######----] 27/46 GC 2026-05-08 11:30 UTC: 1800 Kerzen geholt
    [######----] 28/46 GC 2026-05-08 12:00 UTC: 1800 Kerzen geholt
    [######----] 29/46 GC 2026-05-08 12:30 UTC: 1800 Kerzen geholt
    [#######---] 30/46 GC 2026-05-08 13:00 UTC: 1800 Kerzen geholt
    [#######---] 31/46 GC 2026-05-08 13:30 UTC: 1800 Kerzen geholt
    [#######---] 32/46 GC 2026-05-08 14:00 UTC: 1800 Kerzen geholt
    [#######---] 33/46 GC 2026-05-08 14:30 UTC: 1800 Kerzen geholt
    [#######---] 34/46 GC 2026-05-08 15:00 UTC: 1800 Kerzen geholt
    [########--] 35/46 GC 2026-05-08 15:30 UTC: 1800 Kerzen geholt
    [########--] 36/46 GC 2026-05-08 16:00 UTC: 1800 Kerzen geholt
    [########--] 37/46 GC 2026-05-08 16:30 UTC: 1800 Kerzen geholt
    [########--] 38/46 GC 2026-05-08 17:00 UTC: 1800 Kerzen geholt
    [########--] 39/46 GC 2026-05-08 17:30 UTC: 1800 Kerzen geholt
    [#########-] 40/46 GC 2026-05-08 18:00 UTC: 1800 Kerzen geholt
    [#########-] 41/46 GC 2026-05-08 18:30 UTC: 1800 Kerzen geholt
    [#########-] 42/46 GC 2026-05-08 19:00 UTC: 1800 Kerzen geholt
    [#########-] 43/46 GC 2026-05-08 19:30 UTC: 1800 Kerzen geholt
    [##########] 44/46 GC 2026-05-08 20:00 UTC: 1800 Kerzen geholt
    [##########] 45/46 GC 2026-05-08 20:30 UTC: 1800 Kerzen geholt
    [##########] 46/46 GC 2026-05-08 21:00 UTC: 1800 Kerzen geholt
[####------] 55/131 GC 2026-05-08: geschrieben (82800 Kerzen, 46 Fenster)
    [----------] 1/46 GC 2026-05-11 22:30 UTC: 1800 Kerzen geholt
    [----------] 2/46 GC 2026-05-11 23:00 UTC: 1800 Kerzen geholt
    [#---------] 3/46 GC 2026-05-11 23:30 UTC: 1800 Kerzen geholt
    [#---------] 4/46 GC 2026-05-11 00:00 UTC: 1800 Kerzen geholt
    [#---------] 5/46 GC 2026-05-11 00:30 UTC: 1800 Kerzen geholt
    [#---------] 6/46 GC 2026-05-11 01:00 UTC: 1800 Kerzen geholt
    [##--------] 7/46 GC 2026-05-11 01:30 UTC: 1800 Kerzen geholt
    [##--------] 8/46 GC 2026-05-11 02:00 UTC: 1800 Kerzen geholt
    [##--------] 9/46 GC 2026-05-11 02:30 UTC: 1800 Kerzen geholt
    [##--------] 10/46 GC 2026-05-11 03:00 UTC: 1800 Kerzen geholt
    [##--------] 11/46 GC 2026-05-11 03:30 UTC: 1800 Kerzen geholt
    [###-------] 12/46 GC 2026-05-11 04:00 UTC: 1800 Kerzen geholt
    [###-------] 13/46 GC 2026-05-11 04:30 UTC: 1800 Kerzen geholt
    [###-------] 14/46 GC 2026-05-11 05:00 UTC: 1800 Kerzen geholt
    [###-------] 15/46 GC 2026-05-11 05:30 UTC: 1800 Kerzen geholt
    [###-------] 16/46 GC 2026-05-11 06:00 UTC: 1800 Kerzen geholt
    [####------] 17/46 GC 2026-05-11 06:30 UTC: 1800 Kerzen geholt
    [####------] 18/46 GC 2026-05-11 07:00 UTC: 1800 Kerzen geholt
    [####------] 19/46 GC 2026-05-11 07:30 UTC: 1800 Kerzen geholt
    [####------] 20/46 GC 2026-05-11 08:00 UTC: 1800 Kerzen geholt
    [#####-----] 21/46 GC 2026-05-11 08:30 UTC: 1800 Kerzen geholt
    [#####-----] 22/46 GC 2026-05-11 09:00 UTC: 1800 Kerzen geholt
    [#####-----] 23/46 GC 2026-05-11 09:30 UTC: 1800 Kerzen geholt
    [#####-----] 24/46 GC 2026-05-11 10:00 UTC: 1800 Kerzen geholt
    [#####-----] 25/46 GC 2026-05-11 10:30 UTC: 1800 Kerzen geholt
    [######----] 26/46 GC 2026-05-11 11:00 UTC: 1800 Kerzen geholt
    [######----] 27/46 GC 2026-05-11 11:30 UTC: 1800 Kerzen geholt
    [######----] 28/46 GC 2026-05-11 12:00 UTC: 1800 Kerzen geholt
    [######----] 29/46 GC 2026-05-11 12:30 UTC: 1800 Kerzen geholt
    [#######---] 30/46 GC 2026-05-11 13:00 UTC: 1800 Kerzen geholt
    [#######---] 31/46 GC 2026-05-11 13:30 UTC: 1800 Kerzen geholt
    [#######---] 32/46 GC 2026-05-11 14:00 UTC: 1800 Kerzen geholt
    [#######---] 33/46 GC 2026-05-11 14:30 UTC: 1800 Kerzen geholt
    [#######---] 34/46 GC 2026-05-11 15:00 UTC: 1800 Kerzen geholt
    [########--] 35/46 GC 2026-05-11 15:30 UTC: 1800 Kerzen geholt
    [########--] 36/46 GC 2026-05-11 16:00 UTC: 1800 Kerzen geholt
    [########--] 37/46 GC 2026-05-11 16:30 UTC: 1800 Kerzen geholt
    [########--] 38/46 GC 2026-05-11 17:00 UTC: 1800 Kerzen geholt
    [########--] 39/46 GC 2026-05-11 17:30 UTC: 1800 Kerzen geholt
    [#########-] 40/46 GC 2026-05-11 18:00 UTC: 1800 Kerzen geholt
    [#########-] 41/46 GC 2026-05-11 18:30 UTC: 1800 Kerzen geholt
    [#########-] 42/46 GC 2026-05-11 19:00 UTC: 1800 Kerzen geholt
    [#########-] 43/46 GC 2026-05-11 19:30 UTC: 1800 Kerzen geholt
    [##########] 44/46 GC 2026-05-11 20:00 UTC: 1800 Kerzen geholt
    [##########] 45/46 GC 2026-05-11 20:30 UTC: 1800 Kerzen geholt
    [##########] 46/46 GC 2026-05-11 21:00 UTC: 1800 Kerzen geholt
[####------] 56/131 GC 2026-05-11: geschrieben (82800 Kerzen, 46 Fenster)
    [----------] 1/46 GC 2026-05-12 22:30 UTC: 1800 Kerzen geholt
    [----------] 2/46 GC 2026-05-12 23:00 UTC: 1800 Kerzen geholt
    [#---------] 3/46 GC 2026-05-12 23:30 UTC: 1800 Kerzen geholt
    [#---------] 4/46 GC 2026-05-12 00:00 UTC: 1800 Kerzen geholt
    [#---------] 5/46 GC 2026-05-12 00:30 UTC: 1800 Kerzen geholt
    [#---------] 6/46 GC 2026-05-12 01:00 UTC: 1800 Kerzen geholt
    [##--------] 7/46 GC 2026-05-12 01:30 UTC: 1800 Kerzen geholt
    [##--------] 8/46 GC 2026-05-12 02:00 UTC: 1800 Kerzen geholt
    [##--------] 9/46 GC 2026-05-12 02:30 UTC: 1800 Kerzen geholt
    [##--------] 10/46 GC 2026-05-12 03:00 UTC: 1800 Kerzen geholt
    [##--------] 11/46 GC 2026-05-12 03:30 UTC: 1800 Kerzen geholt
    [###-------] 12/46 GC 2026-05-12 04:00 UTC: 1800 Kerzen geholt
    [###-------] 13/46 GC 2026-05-12 04:30 UTC: 1800 Kerzen geholt
    [###-------] 14/46 GC 2026-05-12 05:00 UTC: 1800 Kerzen geholt
    [###-------] 15/46 GC 2026-05-12 05:30 UTC: 1800 Kerzen geholt
    [###-------] 16/46 GC 2026-05-12 06:00 UTC: 1800 Kerzen geholt
    [####------] 17/46 GC 2026-05-12 06:30 UTC: 1800 Kerzen geholt
    [####------] 18/46 GC 2026-05-12 07:00 UTC: 1800 Kerzen geholt
    [####------] 19/46 GC 2026-05-12 07:30 UTC: 1800 Kerzen geholt
    [####------] 20/46 GC 2026-05-12 08:00 UTC: 1800 Kerzen geholt
    [#####-----] 21/46 GC 2026-05-12 08:30 UTC: 1800 Kerzen geholt
    [#####-----] 22/46 GC 2026-05-12 09:00 UTC: 1800 Kerzen geholt
    [#####-----] 23/46 GC 2026-05-12 09:30 UTC: 1800 Kerzen geholt
    [#####-----] 24/46 GC 2026-05-12 10:00 UTC: 1800 Kerzen geholt
    [#####-----] 25/46 GC 2026-05-12 10:30 UTC: 1800 Kerzen geholt
    [######----] 26/46 GC 2026-05-12 11:00 UTC: 1800 Kerzen geholt
    [######----] 27/46 GC 2026-05-12 11:30 UTC: 1800 Kerzen geholt
    [######----] 28/46 GC 2026-05-12 12:00 UTC: 1800 Kerzen geholt
    [######----] 29/46 GC 2026-05-12 12:30 UTC: 1800 Kerzen geholt
    [#######---] 30/46 GC 2026-05-12 13:00 UTC: 1800 Kerzen geholt
    [#######---] 31/46 GC 2026-05-12 13:30 UTC: 1800 Kerzen geholt
    [#######---] 32/46 GC 2026-05-12 14:00 UTC: 1800 Kerzen geholt
    [#######---] 33/46 GC 2026-05-12 14:30 UTC: 1800 Kerzen geholt
    [#######---] 34/46 GC 2026-05-12 15:00 UTC: 1800 Kerzen geholt
    [########--] 35/46 GC 2026-05-12 15:30 UTC: 1800 Kerzen geholt
    [########--] 36/46 GC 2026-05-12 16:00 UTC: 1800 Kerzen geholt
    [########--] 37/46 GC 2026-05-12 16:30 UTC: 1800 Kerzen geholt
    [########--] 38/46 GC 2026-05-12 17:00 UTC: 1800 Kerzen geholt
    [########--] 39/46 GC 2026-05-12 17:30 UTC: 1800 Kerzen geholt
    [#########-] 40/46 GC 2026-05-12 18:00 UTC: 1800 Kerzen geholt
    [#########-] 41/46 GC 2026-05-12 18:30 UTC: 1800 Kerzen geholt
    [#########-] 42/46 GC 2026-05-12 19:00 UTC: 1800 Kerzen geholt
    [#########-] 43/46 GC 2026-05-12 19:30 UTC: 1800 Kerzen geholt
    [##########] 44/46 GC 2026-05-12 20:00 UTC: 1800 Kerzen geholt
    [##########] 45/46 GC 2026-05-12 20:30 UTC: 1800 Kerzen geholt
    [##########] 46/46 GC 2026-05-12 21:00 UTC: 1800 Kerzen geholt
[####------] 57/131 GC 2026-05-12: geschrieben (82800 Kerzen, 46 Fenster)
    [----------] 1/46 GC 2026-05-13 22:30 UTC: 1800 Kerzen geholt
    [----------] 2/46 GC 2026-05-13 23:00 UTC: 1800 Kerzen geholt
    [#---------] 3/46 GC 2026-05-13 23:30 UTC: 1800 Kerzen geholt
    [#---------] 4/46 GC 2026-05-13 00:00 UTC: 1800 Kerzen geholt
    [#---------] 5/46 GC 2026-05-13 00:30 UTC: 1800 Kerzen geholt
    [#---------] 6/46 GC 2026-05-13 01:00 UTC: 1800 Kerzen geholt
    [##--------] 7/46 GC 2026-05-13 01:30 UTC: 1800 Kerzen geholt
    [##--------] 8/46 GC 2026-05-13 02:00 UTC: 1800 Kerzen geholt
    [##--------] 9/46 GC 2026-05-13 02:30 UTC: 1800 Kerzen geholt
    [##--------] 10/46 GC 2026-05-13 03:00 UTC: 1800 Kerzen geholt
    [##--------] 11/46 GC 2026-05-13 03:30 UTC: 1800 Kerzen geholt
    [###-------] 12/46 GC 2026-05-13 04:00 UTC: 1800 Kerzen geholt
    [###-------] 13/46 GC 2026-05-13 04:30 UTC: 1800 Kerzen geholt
    [###-------] 14/46 GC 2026-05-13 05:00 UTC: 1800 Kerzen geholt
    [###-------] 15/46 GC 2026-05-13 05:30 UTC: 1800 Kerzen geholt
    [###-------] 16/46 GC 2026-05-13 06:00 UTC: 1800 Kerzen geholt
    [####------] 17/46 GC 2026-05-13 06:30 UTC: 1800 Kerzen geholt
    [####------] 18/46 GC 2026-05-13 07:00 UTC: 1800 Kerzen geholt
    [####------] 19/46 GC 2026-05-13 07:30 UTC: 1800 Kerzen geholt
    [####------] 20/46 GC 2026-05-13 08:00 UTC: 1800 Kerzen geholt
    [#####-----] 21/46 GC 2026-05-13 08:30 UTC: 1800 Kerzen geholt
    [#####-----] 22/46 GC 2026-05-13 09:00 UTC: 1800 Kerzen geholt
    [#####-----] 23/46 GC 2026-05-13 09:30 UTC: 1800 Kerzen geholt
    [#####-----] 24/46 GC 2026-05-13 10:00 UTC: 1800 Kerzen geholt
    [#####-----] 25/46 GC 2026-05-13 10:30 UTC: 1800 Kerzen geholt
    [######----] 26/46 GC 2026-05-13 11:00 UTC: 1800 Kerzen geholt
    [######----] 27/46 GC 2026-05-13 11:30 UTC: 1800 Kerzen geholt
    [######----] 28/46 GC 2026-05-13 12:00 UTC: 1800 Kerzen geholt
    [######----] 29/46 GC 2026-05-13 12:30 UTC: 1800 Kerzen geholt
    [#######---] 30/46 GC 2026-05-13 13:00 UTC: 1800 Kerzen geholt
    [#######---] 31/46 GC 2026-05-13 13:30 UTC: 1800 Kerzen geholt
    [#######---] 32/46 GC 2026-05-13 14:00 UTC: 1800 Kerzen geholt
    [#######---] 33/46 GC 2026-05-13 14:30 UTC: 1800 Kerzen geholt
    [#######---] 34/46 GC 2026-05-13 15:00 UTC: 1800 Kerzen geholt
    [########--] 35/46 GC 2026-05-13 15:30 UTC: 1800 Kerzen geholt
    [########--] 36/46 GC 2026-05-13 16:00 UTC: 1800 Kerzen geholt
    [########--] 37/46 GC 2026-05-13 16:30 UTC: 1800 Kerzen geholt
    [########--] 38/46 GC 2026-05-13 17:00 UTC: 1800 Kerzen geholt
    [########--] 39/46 GC 2026-05-13 17:30 UTC: 1800 Kerzen geholt
  ! GC Fenster bis 2026-05-13 18:00:00+00:00: Versuch 1/3 fehlgeschlagen ([(162, 'Historical Market Data Service error message:Historical data request pacing violation')])
    [#########-] 40/46 GC 2026-05-13 18:00 UTC: 1800 Kerzen geholt
    [#########-] 41/46 GC 2026-05-13 18:30 UTC: 1800 Kerzen geholt
    [#########-] 42/46 GC 2026-05-13 19:00 UTC: 1800 Kerzen geholt
    [#########-] 43/46 GC 2026-05-13 19:30 UTC: 1800 Kerzen geholt
    [##########] 44/46 GC 2026-05-13 20:00 UTC: 1800 Kerzen geholt
    [##########] 45/46 GC 2026-05-13 20:30 UTC: 1800 Kerzen geholt
    [##########] 46/46 GC 2026-05-13 21:00 UTC: 1800 Kerzen geholt
[####------] 58/131 GC 2026-05-13: geschrieben (82800 Kerzen, 46 Fenster)
    [----------] 1/46 GC 2026-05-14 22:30 UTC: 1800 Kerzen geholt
    [----------] 2/46 GC 2026-05-14 23:00 UTC: 1800 Kerzen geholt
    [#---------] 3/46 GC 2026-05-14 23:30 UTC: 1800 Kerzen geholt
    [#---------] 4/46 GC 2026-05-14 00:00 UTC: 1800 Kerzen geholt
    [#---------] 5/46 GC 2026-05-14 00:30 UTC: 1800 Kerzen geholt
    [#---------] 6/46 GC 2026-05-14 01:00 UTC: 1800 Kerzen geholt
    [##--------] 7/46 GC 2026-05-14 01:30 UTC: 1800 Kerzen geholt
    [##--------] 8/46 GC 2026-05-14 02:00 UTC: 1800 Kerzen geholt
    [##--------] 9/46 GC 2026-05-14 02:30 UTC: 1800 Kerzen geholt
    [##--------] 10/46 GC 2026-05-14 03:00 UTC: 1800 Kerzen geholt
    [##--------] 11/46 GC 2026-05-14 03:30 UTC: 1800 Kerzen geholt
    [###-------] 12/46 GC 2026-05-14 04:00 UTC: 1800 Kerzen geholt
    [###-------] 13/46 GC 2026-05-14 04:30 UTC: 1800 Kerzen geholt
    [###-------] 14/46 GC 2026-05-14 05:00 UTC: 1800 Kerzen geholt
    [###-------] 15/46 GC 2026-05-14 05:30 UTC: 1800 Kerzen geholt
    [###-------] 16/46 GC 2026-05-14 06:00 UTC: 1800 Kerzen geholt
    [####------] 17/46 GC 2026-05-14 06:30 UTC: 1800 Kerzen geholt
    [####------] 18/46 GC 2026-05-14 07:00 UTC: 1800 Kerzen geholt
    [####------] 19/46 GC 2026-05-14 07:30 UTC: 1800 Kerzen geholt
    [####------] 20/46 GC 2026-05-14 08:00 UTC: 1800 Kerzen geholt
    [#####-----] 21/46 GC 2026-05-14 08:30 UTC: 1800 Kerzen geholt
    [#####-----] 22/46 GC 2026-05-14 09:00 UTC: 1800 Kerzen geholt
    [#####-----] 23/46 GC 2026-05-14 09:30 UTC: 1800 Kerzen geholt
    [#####-----] 24/46 GC 2026-05-14 10:00 UTC: 1800 Kerzen geholt
    [#####-----] 25/46 GC 2026-05-14 10:30 UTC: 1800 Kerzen geholt
    [######----] 26/46 GC 2026-05-14 11:00 UTC: 1800 Kerzen geholt
    [######----] 27/46 GC 2026-05-14 11:30 UTC: 1800 Kerzen geholt
    [######----] 28/46 GC 2026-05-14 12:00 UTC: 1800 Kerzen geholt
    [######----] 29/46 GC 2026-05-14 12:30 UTC: 1800 Kerzen geholt
    [#######---] 30/46 GC 2026-05-14 13:00 UTC: 1800 Kerzen geholt
    [#######---] 31/46 GC 2026-05-14 13:30 UTC: 1800 Kerzen geholt
    [#######---] 32/46 GC 2026-05-14 14:00 UTC: 1800 Kerzen geholt
    [#######---] 33/46 GC 2026-05-14 14:30 UTC: 1800 Kerzen geholt
    [#######---] 34/46 GC 2026-05-14 15:00 UTC: 1800 Kerzen geholt
    [########--] 35/46 GC 2026-05-14 15:30 UTC: 1800 Kerzen geholt
    [########--] 36/46 GC 2026-05-14 16:00 UTC: 1800 Kerzen geholt
    [########--] 37/46 GC 2026-05-14 16:30 UTC: 1800 Kerzen geholt
    [########--] 38/46 GC 2026-05-14 17:00 UTC: 1800 Kerzen geholt
    [########--] 39/46 GC 2026-05-14 17:30 UTC: 1800 Kerzen geholt
    [#########-] 40/46 GC 2026-05-14 18:00 UTC: 1800 Kerzen geholt
    [#########-] 41/46 GC 2026-05-14 18:30 UTC: 1800 Kerzen geholt
    [#########-] 42/46 GC 2026-05-14 19:00 UTC: 1800 Kerzen geholt
    [#########-] 43/46 GC 2026-05-14 19:30 UTC: 1800 Kerzen geholt
    [##########] 44/46 GC 2026-05-14 20:00 UTC: 1800 Kerzen geholt
    [##########] 45/46 GC 2026-05-14 20:30 UTC: 1800 Kerzen geholt
    [##########] 46/46 GC 2026-05-14 21:00 UTC: 1800 Kerzen geholt
[#####-----] 59/131 GC 2026-05-14: geschrieben (82800 Kerzen, 46 Fenster)
    [----------] 1/46 GC 2026-05-15 22:30 UTC: 1800 Kerzen geholt
    [----------] 2/46 GC 2026-05-15 23:00 UTC: 1800 Kerzen geholt
    [#---------] 3/46 GC 2026-05-15 23:30 UTC: 1800 Kerzen geholt
    [#---------] 4/46 GC 2026-05-15 00:00 UTC: 1800 Kerzen geholt
    [#---------] 5/46 GC 2026-05-15 00:30 UTC: 1800 Kerzen geholt
    [#---------] 6/46 GC 2026-05-15 01:00 UTC: 1800 Kerzen geholt
    [##--------] 7/46 GC 2026-05-15 01:30 UTC: 1800 Kerzen geholt
    [##--------] 8/46 GC 2026-05-15 02:00 UTC: 1800 Kerzen geholt
    [##--------] 9/46 GC 2026-05-15 02:30 UTC: 1800 Kerzen geholt
    [##--------] 10/46 GC 2026-05-15 03:00 UTC: 1800 Kerzen geholt
    [##--------] 11/46 GC 2026-05-15 03:30 UTC: 1800 Kerzen geholt
    [###-------] 12/46 GC 2026-05-15 04:00 UTC: 1800 Kerzen geholt
    [###-------] 13/46 GC 2026-05-15 04:30 UTC: 1800 Kerzen geholt
    [###-------] 14/46 GC 2026-05-15 05:00 UTC: 1800 Kerzen geholt
    [###-------] 15/46 GC 2026-05-15 05:30 UTC: 1800 Kerzen geholt
    [###-------] 16/46 GC 2026-05-15 06:00 UTC: 1800 Kerzen geholt
    [####------] 17/46 GC 2026-05-15 06:30 UTC: 1800 Kerzen geholt
    [####------] 18/46 GC 2026-05-15 07:00 UTC: 1800 Kerzen geholt
    [####------] 19/46 GC 2026-05-15 07:30 UTC: 1800 Kerzen geholt
    [####------] 20/46 GC 2026-05-15 08:00 UTC: 1800 Kerzen geholt
    [#####-----] 21/46 GC 2026-05-15 08:30 UTC: 1800 Kerzen geholt
    [#####-----] 22/46 GC 2026-05-15 09:00 UTC: 1800 Kerzen geholt
    [#####-----] 23/46 GC 2026-05-15 09:30 UTC: 1800 Kerzen geholt
    [#####-----] 24/46 GC 2026-05-15 10:00 UTC: 1800 Kerzen geholt
    [#####-----] 25/46 GC 2026-05-15 10:30 UTC: 1800 Kerzen geholt
    [######----] 26/46 GC 2026-05-15 11:00 UTC: 1800 Kerzen geholt
    [######----] 27/46 GC 2026-05-15 11:30 UTC: 1800 Kerzen geholt
    [######----] 28/46 GC 2026-05-15 12:00 UTC: 1800 Kerzen geholt
    [######----] 29/46 GC 2026-05-15 12:30 UTC: 1800 Kerzen geholt
    [#######---] 30/46 GC 2026-05-15 13:00 UTC: 1800 Kerzen geholt
    [#######---] 31/46 GC 2026-05-15 13:30 UTC: 1800 Kerzen geholt
    [#######---] 32/46 GC 2026-05-15 14:00 UTC: 1800 Kerzen geholt
    [#######---] 33/46 GC 2026-05-15 14:30 UTC: 1800 Kerzen geholt
    [#######---] 34/46 GC 2026-05-15 15:00 UTC: 1800 Kerzen geholt
    [########--] 35/46 GC 2026-05-15 15:30 UTC: 1800 Kerzen geholt
    [########--] 36/46 GC 2026-05-15 16:00 UTC: 1800 Kerzen geholt
    [########--] 37/46 GC 2026-05-15 16:30 UTC: 1800 Kerzen geholt
    [########--] 38/46 GC 2026-05-15 17:00 UTC: 1800 Kerzen geholt
    [########--] 39/46 GC 2026-05-15 17:30 UTC: 1800 Kerzen geholt
    [#########-] 40/46 GC 2026-05-15 18:00 UTC: 1800 Kerzen geholt
    [#########-] 41/46 GC 2026-05-15 18:30 UTC: 1800 Kerzen geholt
    [#########-] 42/46 GC 2026-05-15 19:00 UTC: 1800 Kerzen geholt
    [#########-] 43/46 GC 2026-05-15 19:30 UTC: 1800 Kerzen geholt
    [##########] 44/46 GC 2026-05-15 20:00 UTC: 1800 Kerzen geholt
    [##########] 45/46 GC 2026-05-15 20:30 UTC: 1800 Kerzen geholt
    [##########] 46/46 GC 2026-05-15 21:00 UTC: 1800 Kerzen geholt
[#####-----] 60/131 GC 2026-05-15: geschrieben (82800 Kerzen, 46 Fenster)
    [----------] 1/46 GC 2026-05-18 22:30 UTC: 1800 Kerzen geholt
    [----------] 2/46 GC 2026-05-18 23:00 UTC: 1800 Kerzen geholt
    [#---------] 3/46 GC 2026-05-18 23:30 UTC: 1800 Kerzen geholt
    [#---------] 4/46 GC 2026-05-18 00:00 UTC: 1800 Kerzen geholt
    [#---------] 5/46 GC 2026-05-18 00:30 UTC: 1800 Kerzen geholt
    [#---------] 6/46 GC 2026-05-18 01:00 UTC: 1800 Kerzen geholt
    [##--------] 7/46 GC 2026-05-18 01:30 UTC: 1800 Kerzen geholt
    [##--------] 8/46 GC 2026-05-18 02:00 UTC: 1800 Kerzen geholt
    [##--------] 9/46 GC 2026-05-18 02:30 UTC: 1800 Kerzen geholt
    [##--------] 10/46 GC 2026-05-18 03:00 UTC: 1800 Kerzen geholt
    [##--------] 11/46 GC 2026-05-18 03:30 UTC: 1800 Kerzen geholt
    [###-------] 12/46 GC 2026-05-18 04:00 UTC: 1800 Kerzen geholt
    [###-------] 13/46 GC 2026-05-18 04:30 UTC: 1800 Kerzen geholt
    [###-------] 14/46 GC 2026-05-18 05:00 UTC: 1800 Kerzen geholt
    [###-------] 15/46 GC 2026-05-18 05:30 UTC: 1800 Kerzen geholt
    [###-------] 16/46 GC 2026-05-18 06:00 UTC: 1800 Kerzen geholt
    [####------] 17/46 GC 2026-05-18 06:30 UTC: 1800 Kerzen geholt
    [####------] 18/46 GC 2026-05-18 07:00 UTC: 1800 Kerzen geholt
    [####------] 19/46 GC 2026-05-18 07:30 UTC: 1800 Kerzen geholt
    [####------] 20/46 GC 2026-05-18 08:00 UTC: 1800 Kerzen geholt
    [#####-----] 21/46 GC 2026-05-18 08:30 UTC: 1800 Kerzen geholt
    [#####-----] 22/46 GC 2026-05-18 09:00 UTC: 1800 Kerzen geholt
    [#####-----] 23/46 GC 2026-05-18 09:30 UTC: 1800 Kerzen geholt
    [#####-----] 24/46 GC 2026-05-18 10:00 UTC: 1800 Kerzen geholt
    [#####-----] 25/46 GC 2026-05-18 10:30 UTC: 1800 Kerzen geholt
    [######----] 26/46 GC 2026-05-18 11:00 UTC: 1800 Kerzen geholt
    [######----] 27/46 GC 2026-05-18 11:30 UTC: 1800 Kerzen geholt
    [######----] 28/46 GC 2026-05-18 12:00 UTC: 1800 Kerzen geholt
    [######----] 29/46 GC 2026-05-18 12:30 UTC: 1800 Kerzen geholt
    [#######---] 30/46 GC 2026-05-18 13:00 UTC: 1800 Kerzen geholt
    [#######---] 31/46 GC 2026-05-18 13:30 UTC: 1800 Kerzen geholt
    [#######---] 32/46 GC 2026-05-18 14:00 UTC: 1800 Kerzen geholt
    [#######---] 33/46 GC 2026-05-18 14:30 UTC: 1800 Kerzen geholt
    [#######---] 34/46 GC 2026-05-18 15:00 UTC: 1800 Kerzen geholt
    [########--] 35/46 GC 2026-05-18 15:30 UTC: 1800 Kerzen geholt
    [########--] 36/46 GC 2026-05-18 16:00 UTC: 1800 Kerzen geholt
    [########--] 37/46 GC 2026-05-18 16:30 UTC: 1800 Kerzen geholt
    [########--] 38/46 GC 2026-05-18 17:00 UTC: 1800 Kerzen geholt
    [########--] 39/46 GC 2026-05-18 17:30 UTC: 1800 Kerzen geholt
    [#########-] 40/46 GC 2026-05-18 18:00 UTC: 1800 Kerzen geholt
    [#########-] 41/46 GC 2026-05-18 18:30 UTC: 1800 Kerzen geholt
    [#########-] 42/46 GC 2026-05-18 19:00 UTC: 1800 Kerzen geholt
    [#########-] 43/46 GC 2026-05-18 19:30 UTC: 1800 Kerzen geholt
    [##########] 44/46 GC 2026-05-18 20:00 UTC: 1800 Kerzen geholt
    [##########] 45/46 GC 2026-05-18 20:30 UTC: 1800 Kerzen geholt
    [##########] 46/46 GC 2026-05-18 21:00 UTC: 1800 Kerzen geholt
[#####-----] 61/131 GC 2026-05-18: geschrieben (82800 Kerzen, 46 Fenster)
    [----------] 1/46 GC 2026-05-19 22:30 UTC: 1800 Kerzen geholt
    [----------] 2/46 GC 2026-05-19 23:00 UTC: 1800 Kerzen geholt
    [#---------] 3/46 GC 2026-05-19 23:30 UTC: 1800 Kerzen geholt
    [#---------] 4/46 GC 2026-05-19 00:00 UTC: 1800 Kerzen geholt
    [#---------] 5/46 GC 2026-05-19 00:30 UTC: 1800 Kerzen geholt
    [#---------] 6/46 GC 2026-05-19 01:00 UTC: 1800 Kerzen geholt
    [##--------] 7/46 GC 2026-05-19 01:30 UTC: 1800 Kerzen geholt
    [##--------] 8/46 GC 2026-05-19 02:00 UTC: 1800 Kerzen geholt
    [##--------] 9/46 GC 2026-05-19 02:30 UTC: 1800 Kerzen geholt
    [##--------] 10/46 GC 2026-05-19 03:00 UTC: 1800 Kerzen geholt
    [##--------] 11/46 GC 2026-05-19 03:30 UTC: 1800 Kerzen geholt
    [###-------] 12/46 GC 2026-05-19 04:00 UTC: 1800 Kerzen geholt
    [###-------] 13/46 GC 2026-05-19 04:30 UTC: 1800 Kerzen geholt
    [###-------] 14/46 GC 2026-05-19 05:00 UTC: 1800 Kerzen geholt
    [###-------] 15/46 GC 2026-05-19 05:30 UTC: 1800 Kerzen geholt
    [###-------] 16/46 GC 2026-05-19 06:00 UTC: 1800 Kerzen geholt
    [####------] 17/46 GC 2026-05-19 06:30 UTC: 1800 Kerzen geholt
    [####------] 18/46 GC 2026-05-19 07:00 UTC: 1800 Kerzen geholt
    [####------] 19/46 GC 2026-05-19 07:30 UTC: 1800 Kerzen geholt
    [####------] 20/46 GC 2026-05-19 08:00 UTC: 1800 Kerzen geholt
    [#####-----] 21/46 GC 2026-05-19 08:30 UTC: 1800 Kerzen geholt
    [#####-----] 22/46 GC 2026-05-19 09:00 UTC: 1800 Kerzen geholt
    [#####-----] 23/46 GC 2026-05-19 09:30 UTC: 1800 Kerzen geholt
    [#####-----] 24/46 GC 2026-05-19 10:00 UTC: 1800 Kerzen geholt
    [#####-----] 25/46 GC 2026-05-19 10:30 UTC: 1800 Kerzen geholt
    [######----] 26/46 GC 2026-05-19 11:00 UTC: 1800 Kerzen geholt
    [######----] 27/46 GC 2026-05-19 11:30 UTC: 1800 Kerzen geholt
  ! GC Fenster bis 2026-05-19 12:00:00+00:00: Versuch 1/3 fehlgeschlagen ([(162, 'Historical Market Data Service error message:Historical data request pacing violation')])
    [######----] 28/46 GC 2026-05-19 12:00 UTC: 1800 Kerzen geholt
    [######----] 29/46 GC 2026-05-19 12:30 UTC: 1800 Kerzen geholt
    [#######---] 30/46 GC 2026-05-19 13:00 UTC: 1800 Kerzen geholt
    [#######---] 31/46 GC 2026-05-19 13:30 UTC: 1800 Kerzen geholt
    [#######---] 32/46 GC 2026-05-19 14:00 UTC: 1800 Kerzen geholt
    [#######---] 33/46 GC 2026-05-19 14:30 UTC: 1800 Kerzen geholt
    [#######---] 34/46 GC 2026-05-19 15:00 UTC: 1800 Kerzen geholt
    [########--] 35/46 GC 2026-05-19 15:30 UTC: 1800 Kerzen geholt
    [########--] 36/46 GC 2026-05-19 16:00 UTC: 1800 Kerzen geholt
    [########--] 37/46 GC 2026-05-19 16:30 UTC: 1800 Kerzen geholt
    [########--] 38/46 GC 2026-05-19 17:00 UTC: 1800 Kerzen geholt
    [########--] 39/46 GC 2026-05-19 17:30 UTC: 1800 Kerzen geholt
    [#########-] 40/46 GC 2026-05-19 18:00 UTC: 1800 Kerzen geholt
    [#########-] 41/46 GC 2026-05-19 18:30 UTC: 1800 Kerzen geholt
    [#########-] 42/46 GC 2026-05-19 19:00 UTC: 1800 Kerzen geholt
    [#########-] 43/46 GC 2026-05-19 19:30 UTC: 1800 Kerzen geholt
    [##########] 44/46 GC 2026-05-19 20:00 UTC: 1800 Kerzen geholt
    [##########] 45/46 GC 2026-05-19 20:30 UTC: 1800 Kerzen geholt
    [##########] 46/46 GC 2026-05-19 21:00 UTC: 1800 Kerzen geholt
[#####-----] 62/131 GC 2026-05-19: geschrieben (82800 Kerzen, 46 Fenster)
    [----------] 1/46 GC 2026-05-20 22:30 UTC: 1800 Kerzen geholt
    [----------] 2/46 GC 2026-05-20 23:00 UTC: 1800 Kerzen geholt
    [#---------] 3/46 GC 2026-05-20 23:30 UTC: 1800 Kerzen geholt
    [#---------] 4/46 GC 2026-05-20 00:00 UTC: 1800 Kerzen geholt
    [#---------] 5/46 GC 2026-05-20 00:30 UTC: 1800 Kerzen geholt
    [#---------] 6/46 GC 2026-05-20 01:00 UTC: 1800 Kerzen geholt
    [##--------] 7/46 GC 2026-05-20 01:30 UTC: 1800 Kerzen geholt
    [##--------] 8/46 GC 2026-05-20 02:00 UTC: 1800 Kerzen geholt
    [##--------] 9/46 GC 2026-05-20 02:30 UTC: 1800 Kerzen geholt
    [##--------] 10/46 GC 2026-05-20 03:00 UTC: 1800 Kerzen geholt
    [##--------] 11/46 GC 2026-05-20 03:30 UTC: 1800 Kerzen geholt
    [###-------] 12/46 GC 2026-05-20 04:00 UTC: 1800 Kerzen geholt
    [###-------] 13/46 GC 2026-05-20 04:30 UTC: 1800 Kerzen geholt
    [###-------] 14/46 GC 2026-05-20 05:00 UTC: 1800 Kerzen geholt
    [###-------] 15/46 GC 2026-05-20 05:30 UTC: 1800 Kerzen geholt
    [###-------] 16/46 GC 2026-05-20 06:00 UTC: 1800 Kerzen geholt
    [####------] 17/46 GC 2026-05-20 06:30 UTC: 1800 Kerzen geholt
    [####------] 18/46 GC 2026-05-20 07:00 UTC: 1800 Kerzen geholt
    [####------] 19/46 GC 2026-05-20 07:30 UTC: 1800 Kerzen geholt
    [####------] 20/46 GC 2026-05-20 08:00 UTC: 1800 Kerzen geholt
    [#####-----] 21/46 GC 2026-05-20 08:30 UTC: 1800 Kerzen geholt
    [#####-----] 22/46 GC 2026-05-20 09:00 UTC: 1800 Kerzen geholt
    [#####-----] 23/46 GC 2026-05-20 09:30 UTC: 1800 Kerzen geholt
    [#####-----] 24/46 GC 2026-05-20 10:00 UTC: 1800 Kerzen geholt
    [#####-----] 25/46 GC 2026-05-20 10:30 UTC: 1800 Kerzen geholt
    [######----] 26/46 GC 2026-05-20 11:00 UTC: 1800 Kerzen geholt
    [######----] 27/46 GC 2026-05-20 11:30 UTC: 1800 Kerzen geholt
    [######----] 28/46 GC 2026-05-20 12:00 UTC: 1800 Kerzen geholt
    [######----] 29/46 GC 2026-05-20 12:30 UTC: 1800 Kerzen geholt
    [#######---] 30/46 GC 2026-05-20 13:00 UTC: 1800 Kerzen geholt
    [#######---] 31/46 GC 2026-05-20 13:30 UTC: 1800 Kerzen geholt
    [#######---] 32/46 GC 2026-05-20 14:00 UTC: 1800 Kerzen geholt
    [#######---] 33/46 GC 2026-05-20 14:30 UTC: 1800 Kerzen geholt
    [#######---] 34/46 GC 2026-05-20 15:00 UTC: 1800 Kerzen geholt
    [########--] 35/46 GC 2026-05-20 15:30 UTC: 1800 Kerzen geholt
    [########--] 36/46 GC 2026-05-20 16:00 UTC: 1800 Kerzen geholt
    [########--] 37/46 GC 2026-05-20 16:30 UTC: 1800 Kerzen geholt
    [########--] 38/46 GC 2026-05-20 17:00 UTC: 1800 Kerzen geholt
    [########--] 39/46 GC 2026-05-20 17:30 UTC: 1800 Kerzen geholt
    [#########-] 40/46 GC 2026-05-20 18:00 UTC: 1800 Kerzen geholt
    [#########-] 41/46 GC 2026-05-20 18:30 UTC: 1800 Kerzen geholt
    [#########-] 42/46 GC 2026-05-20 19:00 UTC: 1800 Kerzen geholt
    [#########-] 43/46 GC 2026-05-20 19:30 UTC: 1800 Kerzen geholt
    [##########] 44/46 GC 2026-05-20 20:00 UTC: 1800 Kerzen geholt
    [##########] 45/46 GC 2026-05-20 20:30 UTC: 1800 Kerzen geholt
    [##########] 46/46 GC 2026-05-20 21:00 UTC: 1800 Kerzen geholt
[#####-----] 63/131 GC 2026-05-20: geschrieben (82800 Kerzen, 46 Fenster)
    [----------] 1/46 GC 2026-05-21 22:30 UTC: 1800 Kerzen geholt
    [----------] 2/46 GC 2026-05-21 23:00 UTC: 1800 Kerzen geholt
    [#---------] 3/46 GC 2026-05-21 23:30 UTC: 1800 Kerzen geholt
    [#---------] 4/46 GC 2026-05-21 00:00 UTC: 1800 Kerzen geholt
    [#---------] 5/46 GC 2026-05-21 00:30 UTC: 1800 Kerzen geholt
    [#---------] 6/46 GC 2026-05-21 01:00 UTC: 1800 Kerzen geholt
    [##--------] 7/46 GC 2026-05-21 01:30 UTC: 1800 Kerzen geholt
    [##--------] 8/46 GC 2026-05-21 02:00 UTC: 1800 Kerzen geholt
    [##--------] 9/46 GC 2026-05-21 02:30 UTC: 1800 Kerzen geholt
    [##--------] 10/46 GC 2026-05-21 03:00 UTC: 1800 Kerzen geholt
    [##--------] 11/46 GC 2026-05-21 03:30 UTC: 1800 Kerzen geholt
    [###-------] 12/46 GC 2026-05-21 04:00 UTC: 1800 Kerzen geholt
    [###-------] 13/46 GC 2026-05-21 04:30 UTC: 1800 Kerzen geholt
    [###-------] 14/46 GC 2026-05-21 05:00 UTC: 1800 Kerzen geholt
    [###-------] 15/46 GC 2026-05-21 05:30 UTC: 1800 Kerzen geholt
    [###-------] 16/46 GC 2026-05-21 06:00 UTC: 1800 Kerzen geholt
    [####------] 17/46 GC 2026-05-21 06:30 UTC: 1800 Kerzen geholt
    [####------] 18/46 GC 2026-05-21 07:00 UTC: 1800 Kerzen geholt
    [####------] 19/46 GC 2026-05-21 07:30 UTC: 1800 Kerzen geholt
    [####------] 20/46 GC 2026-05-21 08:00 UTC: 1800 Kerzen geholt
    [#####-----] 21/46 GC 2026-05-21 08:30 UTC: 1800 Kerzen geholt
    [#####-----] 22/46 GC 2026-05-21 09:00 UTC: 1800 Kerzen geholt
    [#####-----] 23/46 GC 2026-05-21 09:30 UTC: 1800 Kerzen geholt
    [#####-----] 24/46 GC 2026-05-21 10:00 UTC: 1800 Kerzen geholt
    [#####-----] 25/46 GC 2026-05-21 10:30 UTC: 1800 Kerzen geholt
    [######----] 26/46 GC 2026-05-21 11:00 UTC: 1800 Kerzen geholt
    [######----] 27/46 GC 2026-05-21 11:30 UTC: 1800 Kerzen geholt
    [######----] 28/46 GC 2026-05-21 12:00 UTC: 1800 Kerzen geholt
    [######----] 29/46 GC 2026-05-21 12:30 UTC: 1800 Kerzen geholt
    [#######---] 30/46 GC 2026-05-21 13:00 UTC: 1800 Kerzen geholt
    [#######---] 31/46 GC 2026-05-21 13:30 UTC: 1800 Kerzen geholt
    [#######---] 32/46 GC 2026-05-21 14:00 UTC: 1800 Kerzen geholt
    [#######---] 33/46 GC 2026-05-21 14:30 UTC: 1800 Kerzen geholt
    [#######---] 34/46 GC 2026-05-21 15:00 UTC: 1800 Kerzen geholt
    [########--] 35/46 GC 2026-05-21 15:30 UTC: 1800 Kerzen geholt
    [########--] 36/46 GC 2026-05-21 16:00 UTC: 1800 Kerzen geholt
    [########--] 37/46 GC 2026-05-21 16:30 UTC: 1800 Kerzen geholt
    [########--] 38/46 GC 2026-05-21 17:00 UTC: 1800 Kerzen geholt
    [########--] 39/46 GC 2026-05-21 17:30 UTC: 1800 Kerzen geholt
    [#########-] 40/46 GC 2026-05-21 18:00 UTC: 1800 Kerzen geholt
    [#########-] 41/46 GC 2026-05-21 18:30 UTC: 1800 Kerzen geholt
    [#########-] 42/46 GC 2026-05-21 19:00 UTC: 1800 Kerzen geholt
    [#########-] 43/46 GC 2026-05-21 19:30 UTC: 1800 Kerzen geholt
    [##########] 44/46 GC 2026-05-21 20:00 UTC: 1800 Kerzen geholt
    [##########] 45/46 GC 2026-05-21 20:30 UTC: 1800 Kerzen geholt
    [##########] 46/46 GC 2026-05-21 21:00 UTC: 1800 Kerzen geholt
[#####-----] 64/131 GC 2026-05-21: geschrieben (82800 Kerzen, 46 Fenster)
    [----------] 1/46 GC 2026-05-22 22:30 UTC: 1800 Kerzen geholt
    [----------] 2/46 GC 2026-05-22 23:00 UTC: 1800 Kerzen geholt
    [#---------] 3/46 GC 2026-05-22 23:30 UTC: 1800 Kerzen geholt
    [#---------] 4/46 GC 2026-05-22 00:00 UTC: 1800 Kerzen geholt
    [#---------] 5/46 GC 2026-05-22 00:30 UTC: 1800 Kerzen geholt
    [#---------] 6/46 GC 2026-05-22 01:00 UTC: 1800 Kerzen geholt
    [##--------] 7/46 GC 2026-05-22 01:30 UTC: 1800 Kerzen geholt
    [##--------] 8/46 GC 2026-05-22 02:00 UTC: 1800 Kerzen geholt
    [##--------] 9/46 GC 2026-05-22 02:30 UTC: 1800 Kerzen geholt
    [##--------] 10/46 GC 2026-05-22 03:00 UTC: 1800 Kerzen geholt
    [##--------] 11/46 GC 2026-05-22 03:30 UTC: 1800 Kerzen geholt
    [###-------] 12/46 GC 2026-05-22 04:00 UTC: 1800 Kerzen geholt
    [###-------] 13/46 GC 2026-05-22 04:30 UTC: 1800 Kerzen geholt
    [###-------] 14/46 GC 2026-05-22 05:00 UTC: 1800 Kerzen geholt
    [###-------] 15/46 GC 2026-05-22 05:30 UTC: 1800 Kerzen geholt
    [###-------] 16/46 GC 2026-05-22 06:00 UTC: 1800 Kerzen geholt
    [####------] 17/46 GC 2026-05-22 06:30 UTC: 1800 Kerzen geholt
    [####------] 18/46 GC 2026-05-22 07:00 UTC: 1800 Kerzen geholt
    [####------] 19/46 GC 2026-05-22 07:30 UTC: 1800 Kerzen geholt
    [####------] 20/46 GC 2026-05-22 08:00 UTC: 1800 Kerzen geholt
    [#####-----] 21/46 GC 2026-05-22 08:30 UTC: 1800 Kerzen geholt
    [#####-----] 22/46 GC 2026-05-22 09:00 UTC: 1800 Kerzen geholt
    [#####-----] 23/46 GC 2026-05-22 09:30 UTC: 1800 Kerzen geholt
    [#####-----] 24/46 GC 2026-05-22 10:00 UTC: 1800 Kerzen geholt
    [#####-----] 25/46 GC 2026-05-22 10:30 UTC: 1800 Kerzen geholt
    [######----] 26/46 GC 2026-05-22 11:00 UTC: 1800 Kerzen geholt
    [######----] 27/46 GC 2026-05-22 11:30 UTC: 1800 Kerzen geholt
    [######----] 28/46 GC 2026-05-22 12:00 UTC: 1800 Kerzen geholt
    [######----] 29/46 GC 2026-05-22 12:30 UTC: 1800 Kerzen geholt
    [#######---] 30/46 GC 2026-05-22 13:00 UTC: 1800 Kerzen geholt
    [#######---] 31/46 GC 2026-05-22 13:30 UTC: 1800 Kerzen geholt
    [#######---] 32/46 GC 2026-05-22 14:00 UTC: 1800 Kerzen geholt
    [#######---] 33/46 GC 2026-05-22 14:30 UTC: 1800 Kerzen geholt
    [#######---] 34/46 GC 2026-05-22 15:00 UTC: 1800 Kerzen geholt
    [########--] 35/46 GC 2026-05-22 15:30 UTC: 1800 Kerzen geholt
    [########--] 36/46 GC 2026-05-22 16:00 UTC: 1800 Kerzen geholt
    [########--] 37/46 GC 2026-05-22 16:30 UTC: 1800 Kerzen geholt
    [########--] 38/46 GC 2026-05-22 17:00 UTC: 1800 Kerzen geholt
    [########--] 39/46 GC 2026-05-22 17:30 UTC: 1800 Kerzen geholt
    [#########-] 40/46 GC 2026-05-22 18:00 UTC: 1800 Kerzen geholt
    [#########-] 41/46 GC 2026-05-22 18:30 UTC: 1800 Kerzen geholt
    [#########-] 42/46 GC 2026-05-22 19:00 UTC: 1800 Kerzen geholt
    [#########-] 43/46 GC 2026-05-22 19:30 UTC: 1800 Kerzen geholt
    [##########] 44/46 GC 2026-05-22 20:00 UTC: 1800 Kerzen geholt
    [##########] 45/46 GC 2026-05-22 20:30 UTC: 1800 Kerzen geholt
    [##########] 46/46 GC 2026-05-22 21:00 UTC: 1800 Kerzen geholt
[#####-----] 65/131 GC 2026-05-22: geschrieben (82800 Kerzen, 46 Fenster)
    [----------] 1/46 GC 2026-05-25 22:30 UTC: 1800 Kerzen geholt
    [----------] 2/46 GC 2026-05-25 23:00 UTC: 1800 Kerzen geholt
    [#---------] 3/46 GC 2026-05-25 23:30 UTC: 1800 Kerzen geholt
    [#---------] 4/46 GC 2026-05-25 00:00 UTC: 1800 Kerzen geholt
    [#---------] 5/46 GC 2026-05-25 00:30 UTC: 1800 Kerzen geholt
    [#---------] 6/46 GC 2026-05-25 01:00 UTC: 1800 Kerzen geholt
    [##--------] 7/46 GC 2026-05-25 01:30 UTC: 1800 Kerzen geholt
    [##--------] 8/46 GC 2026-05-25 02:00 UTC: 1800 Kerzen geholt
    [##--------] 9/46 GC 2026-05-25 02:30 UTC: 1800 Kerzen geholt
    [##--------] 10/46 GC 2026-05-25 03:00 UTC: 1800 Kerzen geholt
    [##--------] 11/46 GC 2026-05-25 03:30 UTC: 1800 Kerzen geholt
    [###-------] 12/46 GC 2026-05-25 04:00 UTC: 1800 Kerzen geholt
    [###-------] 13/46 GC 2026-05-25 04:30 UTC: 1800 Kerzen geholt
    [###-------] 14/46 GC 2026-05-25 05:00 UTC: 1800 Kerzen geholt
    [###-------] 15/46 GC 2026-05-25 05:30 UTC: 0 Kerzen geholt
    [###-------] 16/46 GC 2026-05-25 06:00 UTC: 1800 Kerzen geholt
    [####------] 17/46 GC 2026-05-25 06:30 UTC: 1800 Kerzen geholt
    [####------] 18/46 GC 2026-05-25 07:00 UTC: 1800 Kerzen geholt
    [####------] 19/46 GC 2026-05-25 07:30 UTC: 1800 Kerzen geholt
    [####------] 20/46 GC 2026-05-25 08:00 UTC: 1800 Kerzen geholt
    [#####-----] 21/46 GC 2026-05-25 08:30 UTC: 1800 Kerzen geholt
    [#####-----] 22/46 GC 2026-05-25 09:00 UTC: 1800 Kerzen geholt
    [#####-----] 23/46 GC 2026-05-25 09:30 UTC: 1800 Kerzen geholt
    [#####-----] 24/46 GC 2026-05-25 10:00 UTC: 1800 Kerzen geholt
    [#####-----] 25/46 GC 2026-05-25 10:30 UTC: 1800 Kerzen geholt
    [######----] 26/46 GC 2026-05-25 11:00 UTC: 1800 Kerzen geholt
    [######----] 27/46 GC 2026-05-25 11:30 UTC: 1800 Kerzen geholt
    [######----] 28/46 GC 2026-05-25 12:00 UTC: 1800 Kerzen geholt
    [######----] 29/46 GC 2026-05-25 12:30 UTC: 1800 Kerzen geholt
    [#######---] 30/46 GC 2026-05-25 13:00 UTC: 1800 Kerzen geholt
    [#######---] 31/46 GC 2026-05-25 13:30 UTC: 1800 Kerzen geholt
    [#######---] 32/46 GC 2026-05-25 14:00 UTC: 1800 Kerzen geholt
    [#######---] 33/46 GC 2026-05-25 14:30 UTC: 1800 Kerzen geholt
    [#######---] 34/46 GC 2026-05-25 15:00 UTC: 1800 Kerzen geholt
    [########--] 35/46 GC 2026-05-25 15:30 UTC: 1800 Kerzen geholt
    [########--] 36/46 GC 2026-05-25 16:00 UTC: 1800 Kerzen geholt
    [########--] 37/46 GC 2026-05-25 16:30 UTC: 1800 Kerzen geholt
    [########--] 38/46 GC 2026-05-25 17:00 UTC: 1800 Kerzen geholt
    [########--] 39/46 GC 2026-05-25 17:30 UTC: 1800 Kerzen geholt
    [#########-] 40/46 GC 2026-05-25 18:00 UTC: 1800 Kerzen geholt
    [#########-] 41/46 GC 2026-05-25 18:30 UTC: 1800 Kerzen geholt
    [#########-] 42/46 GC 2026-05-25 19:00 UTC: 1800 Kerzen geholt
    [#########-] 43/46 GC 2026-05-25 19:30 UTC: 1800 Kerzen geholt
    [##########] 44/46 GC 2026-05-25 20:00 UTC: 1800 Kerzen geholt
    [##########] 45/46 GC 2026-05-25 20:30 UTC: 1800 Kerzen geholt
    [##########] 46/46 GC 2026-05-25 21:00 UTC: 1800 Kerzen geholt
[#####-----] 66/131 GC 2026-05-25: geschrieben (72000 Kerzen, 46 Fenster)
    [----------] 1/46 GC 2026-05-26 22:30 UTC: 1800 Kerzen geholt
    [----------] 2/46 GC 2026-05-26 23:00 UTC: 1800 Kerzen geholt
    [#---------] 3/46 GC 2026-05-26 23:30 UTC: 1800 Kerzen geholt
    [#---------] 4/46 GC 2026-05-26 00:00 UTC: 1800 Kerzen geholt
    [#---------] 5/46 GC 2026-05-26 00:30 UTC: 1800 Kerzen geholt
    [#---------] 6/46 GC 2026-05-26 01:00 UTC: 1800 Kerzen geholt
    [##--------] 7/46 GC 2026-05-26 01:30 UTC: 1800 Kerzen geholt
    [##--------] 8/46 GC 2026-05-26 02:00 UTC: 1800 Kerzen geholt
    [##--------] 9/46 GC 2026-05-26 02:30 UTC: 1800 Kerzen geholt
    [##--------] 10/46 GC 2026-05-26 03:00 UTC: 1800 Kerzen geholt
    [##--------] 11/46 GC 2026-05-26 03:30 UTC: 1800 Kerzen geholt
    [###-------] 12/46 GC 2026-05-26 04:00 UTC: 1800 Kerzen geholt
    [###-------] 13/46 GC 2026-05-26 04:30 UTC: 1800 Kerzen geholt
    [###-------] 14/46 GC 2026-05-26 05:00 UTC: 1800 Kerzen geholt
    [###-------] 15/46 GC 2026-05-26 05:30 UTC: 1800 Kerzen geholt
    [###-------] 16/46 GC 2026-05-26 06:00 UTC: 1800 Kerzen geholt
    [####------] 17/46 GC 2026-05-26 06:30 UTC: 1800 Kerzen geholt
    [####------] 18/46 GC 2026-05-26 07:00 UTC: 1800 Kerzen geholt
    [####------] 19/46 GC 2026-05-26 07:30 UTC: 1800 Kerzen geholt
    [####------] 20/46 GC 2026-05-26 08:00 UTC: 1800 Kerzen geholt
    [#####-----] 21/46 GC 2026-05-26 08:30 UTC: 1800 Kerzen geholt
    [#####-----] 22/46 GC 2026-05-26 09:00 UTC: 1800 Kerzen geholt
    [#####-----] 23/46 GC 2026-05-26 09:30 UTC: 1800 Kerzen geholt
    [#####-----] 24/46 GC 2026-05-26 10:00 UTC: 1800 Kerzen geholt
    [#####-----] 25/46 GC 2026-05-26 10:30 UTC: 1800 Kerzen geholt
    [######----] 26/46 GC 2026-05-26 11:00 UTC: 1800 Kerzen geholt
    [######----] 27/46 GC 2026-05-26 11:30 UTC: 1800 Kerzen geholt
    [######----] 28/46 GC 2026-05-26 12:00 UTC: 1800 Kerzen geholt
  ! GC Fenster bis 2026-05-26 12:30:00+00:00: Versuch 1/3 fehlgeschlagen ([(162, 'Historical Market Data Service error message:Historical data request pacing violation')])
    [######----] 29/46 GC 2026-05-26 12:30 UTC: 1800 Kerzen geholt
    [#######---] 30/46 GC 2026-05-26 13:00 UTC: 1800 Kerzen geholt
    [#######---] 31/46 GC 2026-05-26 13:30 UTC: 1800 Kerzen geholt
    [#######---] 32/46 GC 2026-05-26 14:00 UTC: 1800 Kerzen geholt
    [#######---] 33/46 GC 2026-05-26 14:30 UTC: 1800 Kerzen geholt
    [#######---] 34/46 GC 2026-05-26 15:00 UTC: 1800 Kerzen geholt
    [########--] 35/46 GC 2026-05-26 15:30 UTC: 1800 Kerzen geholt
    [########--] 36/46 GC 2026-05-26 16:00 UTC: 1800 Kerzen geholt
    [########--] 37/46 GC 2026-05-26 16:30 UTC: 1800 Kerzen geholt
    [########--] 38/46 GC 2026-05-26 17:00 UTC: 1800 Kerzen geholt
    [########--] 39/46 GC 2026-05-26 17:30 UTC: 1800 Kerzen geholt
    [#########-] 40/46 GC 2026-05-26 18:00 UTC: 1800 Kerzen geholt
    [#########-] 41/46 GC 2026-05-26 18:30 UTC: 1800 Kerzen geholt
    [#########-] 42/46 GC 2026-05-26 19:00 UTC: 1800 Kerzen geholt
    [#########-] 43/46 GC 2026-05-26 19:30 UTC: 1800 Kerzen geholt
    [##########] 44/46 GC 2026-05-26 20:00 UTC: 1800 Kerzen geholt
    [##########] 45/46 GC 2026-05-26 20:30 UTC: 1800 Kerzen geholt
    [##########] 46/46 GC 2026-05-26 21:00 UTC: 1800 Kerzen geholt
[#####-----] 67/131 GC 2026-05-26: geschrieben (82800 Kerzen, 46 Fenster)
    [----------] 1/46 GC 2026-05-27 22:30 UTC: 1800 Kerzen geholt
  ! GC Fenster bis 2026-05-26 23:00:00+00:00: Versuch 1/3 fehlgeschlagen ([(-1, 'Socket disconnect')])
  ! GC Fenster bis 2026-05-26 23:00:00+00:00: Versuch 2/3 fehlgeschlagen ([(-1, 'Not connected')])
  ! GC Fenster bis 2026-05-26 23:00:00+00:00: Versuch 3/3 fehlgeschlagen ([(-1, 'Not connected')])
  ! GC Fenster bis 2026-05-26 23:00:00+00:00: nach 3 Versuchen aufgegeben -- NICHT registriert, wird beim naechsten Lauf erneut versucht
    [----------] 2/46 GC 2026-05-27 23:00 UTC: fehlgeschlagen
  ! GC Fenster bis 2026-05-26 23:30:00+00:00: Versuch 1/3 fehlgeschlagen ([(-1, 'Not connected')])
  ! GC Fenster bis 2026-05-26 23:30:00+00:00: Versuch 2/3 fehlgeschlagen ([(-1, 'Not connected')])
  ! GC Fenster bis 2026-05-26 23:30:00+00:00: Versuch 3/3 fehlgeschlagen ([(-1, 'Not connected')])
  ! GC Fenster bis 2026-05-26 23:30:00+00:00: nach 3 Versuchen aufgegeben -- NICHT registriert, wird beim naechsten Lauf erneut versucht
    [#---------] 3/46 GC 2026-05-27 23:30 UTC: fehlgeschlagen
  ! GC Fenster bis 2026-05-27 00:00:00+00:00: Versuch 1/3 fehlgeschlagen ([(-1, 'Not connected')])
  ! GC Fenster bis 2026-05-27 00:00:00+00:00: Versuch 2/3 fehlgeschlagen ([(-1, 'Not connected')])
  ! GC Fenster bis 2026-05-27 00:00:00+00:00: Versuch 3/3 fehlgeschlagen ([(-1, 'Not connected')])
  ! GC Fenster bis 2026-05-27 00:00:00+00:00: nach 3 Versuchen aufgegeben -- NICHT registriert, wird beim naechsten Lauf erneut versucht
    [#---------] 4/46 GC 2026-05-27 00:00 UTC: fehlgeschlagen
  ! GC Fenster bis 2026-05-27 00:30:00+00:00: Versuch 1/3 fehlgeschlagen ([(-1, 'Not connected')])
  ! GC Fenster bis 2026-05-27 00:30:00+00:00: Versuch 2/3 fehlgeschlagen ([(-1, 'Not connected')])
  ! GC Fenster bis 2026-05-27 00:30:00+00:00: Versuch 3/3 fehlgeschlagen ([(-1, 'Not connected')])
  ! GC Fenster bis 2026-05-27 00:30:00+00:00: nach 3 Versuchen aufgegeben -- NICHT registriert, wird beim naechsten Lauf erneut versucht
    [#---------] 5/46 GC 2026-05-27 00:30 UTC: fehlgeschlagen
  ! GC Fenster bis 2026-05-27 01:00:00+00:00: Versuch 1/3 fehlgeschlagen ([(-1, 'Not connected')])
  ! GC Fenster bis 2026-05-27 01:00:00+00:00: Versuch 2/3 fehlgeschlagen ([(-1, 'Not connected')])
  ! GC Fenster bis 2026-05-27 01:00:00+00:00: Versuch 3/3 fehlgeschlagen ([(-1, 'Not connected')])
  ! GC Fenster bis 2026-05-27 01:00:00+00:00: nach 3 Versuchen aufgegeben -- NICHT registriert, wird beim naechsten Lauf erneut versucht
    [#---------] 6/46 GC 2026-05-27 01:00 UTC: fehlgeschlagen
  ! GC Fenster bis 2026-05-27 01:30:00+00:00: Versuch 1/3 fehlgeschlagen ([(-1, 'Not connected')])
  ! GC Fenster bis 2026-05-27 01:30:00+00:00: Versuch 2/3 fehlgeschlagen ([(-1, 'Not connected')])
  ! GC Fenster bis 2026-05-27 01:30:00+00:00: Versuch 3/3 fehlgeschlagen ([(-1, 'Not connected')])
  ! GC Fenster bis 2026-05-27 01:30:00+00:00: nach 3 Versuchen aufgegeben -- NICHT registriert, wird beim naechsten Lauf erneut versucht
    [##--------] 7/46 GC 2026-05-27 01:30 UTC: fehlgeschlagen
  ! GC Fenster bis 2026-05-27 02:00:00+00:00: Versuch 1/3 fehlgeschlagen ([(-1, 'Not connected')])
  ! GC Fenster bis 2026-05-27 02:00:00+00:00: Versuch 2/3 fehlgeschlagen ([(-1, 'Not connected')])
  ! GC Fenster bis 2026-05-27 02:00:00+00:00: Versuch 3/3 fehlgeschlagen ([(-1, 'Not connected')])
  ! GC Fenster bis 2026-05-27 02:00:00+00:00: nach 3 Versuchen aufgegeben -- NICHT registriert, wird beim naechsten Lauf erneut versucht
    [##--------] 8/46 GC 2026-05-27 02:00 UTC: fehlgeschlagen
  ! GC Fenster bis 2026-05-27 02:30:00+00:00: Versuch 1/3 fehlgeschlagen ([(-1, 'Not connected')])
  ! GC Fenster bis 2026-05-27 02:30:00+00:00: Versuch 2/3 fehlgeschlagen ([(-1, 'Not connected')])
  ! GC Fenster bis 2026-05-27 02:30:00+00:00: Versuch 3/3 fehlgeschlagen ([(-1, 'Not connected')])
  ! GC Fenster bis 2026-05-27 02:30:00+00:00: nach 3 Versuchen aufgegeben -- NICHT registriert, wird beim naechsten Lauf erneut versucht
    [##--------] 9/46 GC 2026-05-27 02:30 UTC: fehlgeschlagen
  ! GC Fenster bis 2026-05-27 03:00:00+00:00: Versuch 1/3 fehlgeschlagen ([(-1, 'Not connected')])
  ! GC Fenster bis 2026-05-27 03:00:00+00:00: Versuch 2/3 fehlgeschlagen ([(-1, 'Not connected')])
  ! GC Fenster bis 2026-05-27 03:00:00+00:00: Versuch 3/3 fehlgeschlagen ([(-1, 'Not connected')])
  ! GC Fenster bis 2026-05-27 03:00:00+00:00: nach 3 Versuchen aufgegeben -- NICHT registriert, wird beim naechsten Lauf erneut versucht
    [##--------] 10/46 GC 2026-05-27 03:00 UTC: fehlgeschlagen
  ! GC Fenster bis 2026-05-27 03:30:00+00:00: Versuch 1/3 fehlgeschlagen ([(-1, 'Not connected')])
  ! GC Fenster bis 2026-05-27 03:30:00+00:00: Versuch 2/3 fehlgeschlagen ([(-1, 'Not connected')])
