time,open,high,low,close
1784584800,1.3427324295043945,1.3427324295043945,1.3427324295043945,1.3427324295043945
1784584860,1.342480182647705,1.342480182647705,1.342480182647705,1.342480182647705
1784584920,1.3425341844558716,1.3425341844558716,1.3425341844558716,1.3425341844558716
1784584980,1.342570185661316,1.342570185661316,1.342570185661316,1.342570185661316
1784585040,1.3424980640411377,1.3424980640411377,1.3424980640411377,1.3424980640411377
1784585100,1.3423539400100708,1.3423539400100708,1.3423539400100708,1.3423539400100708
1784585160,1.342371940612793,1.342371940612793,1.342371940612793,1.342371940612793
1784585220,1.3423900604248047,1.3423900604248047,1.3423900604248047,1.3423900604248047
1784585280,1.3425161838531494,1.3425161838531494,1.3425161838531494,1.3425161838531494
1784585340,1.3425161838531494,1.3425161838531494,1.3425161838531494,1.3425161838531494
1784585400,1.3425341844558716,1.3425341844558716,1.3425341844558716,1.3425341844558716
1784585460,1.3425341844558716,1.3425341844558716,1.3425341844558716,1.3425341844558716
1784585520,1.342570185661316,1.342570185661316,1.342570185661316,1.342570185661316
1784585580,1.3425521850585938,1.3425521850585938,1.3425521850585938,1.3425521850585938
1784585640,1.3425161838531494,1.3425161838531494,1.3425161838531494,1.3425161838531494
1784585700,1.342480182647705,1.342480182647705,1.342480182647705,1.342480182647705
1784585760,1.3424620628356934,1.3424620628356934,1.3424620628356934,1.3424620628356934
1784585820,1.342480182647705,1.342480182647705,1.342480182647705,1.342480182647705
1784585880,1.3425161838531494,1.3425161838531494,1.3425161838531494,1.3425161838531494
1784585940,1.342480182647705,1.342480182647705,1.342480182647705,1.342480182647705
1784586000,1.342480182647705,1.342480182647705,1.342480182647705,1.342480182647705
1784586060,1.3424620628356934,1.3424620628356934,1.3424620628356934,1.3424620628356934
1784586120,1.3424620628356934,1.3424620628356934,1.3424620628356934,1.3424620628356934
1784586180,1.3424980640411377,1.3424980640411377,1.3424980640411377,1.3424980640411377
1784586240,1.3424980640411377,1.3424980640411377,1.3424980640411377,1.3424980640411377
1784586300,1.3424980640411377,1.3424980640411377,1.3424980640411377,1.3424980640411377
1784586360,1.342480182647705,1.342480182647705,1.342480182647705,1.342480182647705
1784586420,1.3424620628356934,1.3424620628356934,1.3424620628356934,1.3424620628356934
1784586480,1.3424620628356934,1.3424620628356934,1.3424620628356934,1.3424620628356934
1784586540,1.342480182647705,1.342480182647705,1.342480182647705,1.342480182647705
1784586600,1.342480182647705,1.342480182647705,1.342480182647705,1.342480182647705
1784586660,1.3424980640411377,1.3424980640411377,1.3424980640411377,1.3424980640411377
1784586720,1.3424980640411377,1.3424980640411377,1.3424980640411377,1.3424980640411377
1784586780,1.342480182647705,1.342480182647705,1.342480182647705,1.342480182647705
1784586840,1.342480182647705,1.342480182647705,1.342480182647705,1.342480182647705
1784586900,1.342480182647705,1.342480182647705,1.342480182647705,1.342480182647705
1784586960,1.342480182647705,1.342480182647705,1.342480182647705,1.342480182647705
1784587020,1.342480182647705,1.342480182647705,1.342480182647705,1.342480182647705
1784587080,1.342480182647705,1.342480182647705,1.342480182647705,1.342480182647705
1784587140,1.342480182647705,1.342480182647705,1.342480182647705,1.342480182647705
1784587200,1.342480182647705,1.342480182647705,1.342480182647705,1.342480182647705
1784587260,1.342480182647705,1.342480182647705,1.342480182647705,1.342480182647705
1784587320,1.342480182647705,1.342480182647705,1.342480182647705,1.342480182647705
1784587380,1.3424620628356934,1.3424620628356934,1.3424620628356934,1.3424620628356934
1784587440,1.342480182647705,1.342480182647705,1.342480182647705,1.342480182647705
1784587500,1.342570185661316,1.342570185661316,1.342570185661316,1.342570185661316
1784587560,1.3426603078842163,1.3426603078842163,1.3426603078842163,1.3426603078842163
1784587620,1.3426063060760498,1.3426063060760498,1.3426063060760498,1.3426063060760498
1784587680,1.3426063060760498,1.3426063060760498,1.3426063060760498,1.3426063060760498
1784587740,1.3426063060760498,1.3426063060760498,1.3426063060760498,1.3426063060760498
1784587800,1.342588186264038,1.342588186264038,1.342588186264038,1.342588186264038
1784587860,1.342588186264038,1.342588186264038,1.342588186264038,1.342588186264038
1784587920,1.3426424264907837,1.3426424264907837,1.3426424264907837,1.3426424264907837
1784587980,1.3426424264907837,1.3426424264907837,1.3426424264907837,1.3426424264907837
1784588040,1.3426424264907837,1.3426424264907837,1.3426424264907837,1.3426424264907837
1784588100,1.3426964282989502,1.3426964282989502,1.3426964282989502,1.3426964282989502
1784588160,1.3426964282989502,1.3426964282989502,1.3426964282989502,1.3426964282989502
1784588220,1.3426964282989502,1.3426964282989502,1.3426964282989502,1.3426964282989502
1784588280,1.3426603078842163,1.3426603078842163,1.3426603078842163,1.3426603078842163
1784588400,1.3426783084869385,1.3426783084869385,1.3426783084869385,1.3426783084869385
1784588460,1.3426424264907837,1.3426424264907837,1.3426424264907837,1.3426424264907837
1784588520,1.3427324295043945,1.3427324295043945,1.3427324295043945,1.3427324295043945
1784588580,1.3427144289016724,1.3427144289016724,1.3427144289016724,1.3427144289016724
1784588640,1.3427685499191284,1.3427685499191284,1.3427685499191284,1.3427685499191284
1784588700,1.3427685499191284,1.3427685499191284,1.3427685499191284,1.3427685499191284
1784588760,1.3427324295043945,1.3427324295043945,1.3427324295043945,1.3427324295043945
1784588820,1.3427685499191284,1.3427685499191284,1.3427685499191284,1.3427685499191284
1784588880,1.3428406715393066,1.3428406715393066,1.3428406715393066,1.3428406715393066
1784588940,1.3428586721420288,1.3428586721420288,1.3428586721420288,1.3428586721420288
1784589000,1.3428406715393066,1.3428406715393066,1.3428406715393066,1.3428406715393066
1784589060,1.3428767919540405,1.3428767919540405,1.3428767919540405,1.3428767919540405
1784589120,1.3428767919540405,1.3428767919540405,1.3428767919540405,1.3428767919540405
1784589180,1.3428767919540405,1.3428767919540405,1.3428767919540405,1.3428767919540405
1784589240,1.3428586721420288,1.3428586721420288,1.3428586721420288,1.3428586721420288
1784589300,1.3428406715393066,1.3428406715393066,1.3428406715393066,1.3428406715393066
1784589360,1.3428586721420288,1.3428586721420288,1.3428586721420288,1.3428586721420288
1784589420,1.342822551727295,1.342822551727295,1.342822551727295,1.342822551727295
1784589480,1.3428406715393066,1.3428406715393066,1.3428406715393066,1.3428406715393066
1784589540,1.3428586721420288,1.3428586721420288,1.3428586721420288,1.3428586721420288
1784589600,1.3428586721420288,1.3428586721420288,1.3428586721420288,1.3428586721420288
1784589660,1.3428767919540405,1.3428767919540405,1.3428767919540405,1.3428767919540405
1784589720,1.3428406715393066,1.3428406715393066,1.3428406715393066,1.3428406715393066
1784589780,1.342822551727295,1.342822551727295,1.342822551727295,1.342822551727295
1784589840,1.342822551727295,1.342822551727295,1.342822551727295,1.342822551727295
1784589900,1.342822551727295,1.342822551727295,1.342822551727295,1.342822551727295
1784589960,1.3428406715393066,1.3428406715393066,1.3428406715393066,1.3428406715393066
1784590020,1.3428406715393066,1.3428406715393066,1.3428406715393066,1.3428406715393066
1784590080,1.3428406715393066,1.3428406715393066,1.3428406715393066,1.3428406715393066
1784590140,1.3428406715393066,1.3428406715393066,1.3428406715393066,1.3428406715393066
1784590200,1.342822551727295,1.342822551727295,1.342822551727295,1.342822551727295
1784590260,1.3428406715393066,1.3428406715393066,1.3428406715393066,1.3428406715393066
1784590320,1.3428767919540405,1.3428767919540405,1.3428767919540405,1.3428767919540405
1784590380,1.3428586721420288,1.3428586721420288,1.3428586721420288,1.3428586721420288
1784590440,1.3429489135742188,1.3429489135742188,1.3429489135742188,1.3429489135742188
1784590500,1.342930793762207,1.342930793762207,1.342930793762207,1.342930793762207
1784590560,1.3429489135742188,1.3429489135742188,1.3429489135742188,1.3429489135742188
1784590620,1.342930793762207,1.342930793762207,1.342930793762207,1.342930793762207
1784590680,1.342930793762207,1.342930793762207,1.342930793762207,1.342930793762207
1784590740,1.342930793762207,1.342930793762207,1.342930793762207,1.342930793762207
1784590800,1.3428946733474731,1.3428946733474731,1.3428946733474731,1.3428946733474731
1784590860,1.3429489135742188,1.3429489135742188,1.3429489135742188,1.3429489135742188
1784590920,1.3428767919540405,1.3428767919540405,1.3428767919540405,1.3428767919540405
1784590980,1.3428586721420288,1.3428586721420288,1.3428586721420288,1.3428586721420288
1784591040,1.3428767919540405,1.3428767919540405,1.3428767919540405,1.3428767919540405
1784591100,1.3428406715393066,1.3428406715393066,1.3428406715393066,1.3428406715393066
1784591160,1.3429489135742188,1.3429489135742188,1.3429489135742188,1.3429489135742188
1784591220,1.3428946733474731,1.3428946733474731,1.3428946733474731,1.3428946733474731
1784591280,1.3429489135742188,1.3429489135742188,1.3429489135742188,1.3429489135742188
1784591340,1.3429489135742188,1.3429489135742188,1.3429489135742188,1.3429489135742188
1784591400,1.3429127931594849,1.3429127931594849,1.3429127931594849,1.3429127931594849
1784591460,1.3429667949676514,1.3429667949676514,1.3429667949676514,1.3429667949676514
1784591520,1.3429489135742188,1.3429489135742188,1.3429489135742188,1.3429489135742188
1784591580,1.3430570363998413,1.3430570363998413,1.3430570363998413,1.3430570363998413
1784591640,1.3430931568145752,1.3430931568145752,1.3430931568145752,1.3430931568145752
1784591700,1.343111276626587,1.343111276626587,1.343111276626587,1.343111276626587
1784591760,1.343075156211853,1.343075156211853,1.343075156211853,1.343075156211853
1784591820,1.3431291580200195,1.3431291580200195,1.3431291580200195,1.3431291580200195
1784591880,1.3431833982467651,1.3431833982467651,1.3431833982467651,1.3431833982467651
1784591940,1.3431291580200195,1.3431291580200195,1.3431291580200195,1.3431291580200195
1784592000,1.3432915210723877,1.3432915210723877,1.3432915210723877,1.3432915210723877
1784592060,1.3433637619018555,1.3433637619018555,1.3433637619018555,1.3433637619018555
1784592120,1.3432915210723877,1.3432915210723877,1.3432915210723877,1.3432915210723877
1784592180,1.3433457612991333,1.3433457612991333,1.3433457612991333,1.3433457612991333
1784592240,1.3432012796401978,1.3432012796401978,1.3432012796401978,1.3432012796401978
1784592300,1.3431652784347534,1.3431652784347534,1.3431652784347534,1.3431652784347534
1784592360,1.3430931568145752,1.3430931568145752,1.3430931568145752,1.3430931568145752
1784592420,1.3431291580200195,1.3431291580200195,1.3431291580200195,1.3431291580200195
1784592480,1.3430931568145752,1.3430931568145752,1.3430931568145752,1.3430931568145752
1784592540,1.343075156211853,1.343075156211853,1.343075156211853,1.343075156211853
1784592600,1.3430931568145752,1.3430931568145752,1.3430931568145752,1.3430931568145752
1784592660,1.3432193994522095,1.3432193994522095,1.3432193994522095,1.3432193994522095
1784592720,1.3431291580200195,1.3431291580200195,1.3431291580200195,1.3431291580200195
1784592780,1.343075156211853,1.343075156211853,1.343075156211853,1.343075156211853
1784592840,1.3431291580200195,1.3431291580200195,1.3431291580200195,1.3431291580200195
1784592900,1.343111276626587,1.343111276626587,1.343111276626587,1.343111276626587
1784592960,1.343111276626587,1.343111276626587,1.343111276626587,1.343111276626587
1784593020,1.3430029153823853,1.3430029153823853,1.3430029153823853,1.3430029153823853
1784593080,1.3430570363998413,1.3430570363998413,1.3430570363998413,1.3430570363998413
1784593140,1.3430390357971191,1.3430390357971191,1.3430390357971191,1.3430390357971191
1784593200,1.3431291580200195,1.3431291580200195,1.3431291580200195,1.3431291580200195
1784593260,1.3430570363998413,1.3430570363998413,1.3430570363998413,1.3430570363998413
1784593320,1.342930793762207,1.342930793762207,1.342930793762207,1.342930793762207
1784593380,1.3428406715393066,1.3428406715393066,1.3428406715393066,1.3428406715393066
1784593440,1.3428586721420288,1.3428586721420288,1.3428586721420288,1.3428586721420288
1784593500,1.3428586721420288,1.3428586721420288,1.3428586721420288,1.3428586721420288
1784593560,1.3428586721420288,1.3428586721420288,1.3428586721420288,1.3428586721420288
1784593620,1.3428767919540405,1.3428767919540405,1.3428767919540405,1.3428767919540405
1784593680,1.3428406715393066,1.3428406715393066,1.3428406715393066,1.3428406715393066
1784593740,1.3428767919540405,1.3428767919540405,1.3428767919540405,1.3428767919540405
1784593800,1.3428767919540405,1.3428767919540405,1.3428767919540405,1.3428767919540405
1784593860,1.3427865505218506,1.3427865505218506,1.3427865505218506,1.3427865505218506
1784593920,1.3427685499191284,1.3427685499191284,1.3427685499191284,1.3427685499191284
1784593980,1.3428586721420288,1.3428586721420288,1.3428586721420288,1.3428586721420288
1784594040,1.3428767919540405,1.3428767919540405,1.3428767919540405,1.3428767919540405
1784594100,1.3428767919540405,1.3428767919540405,1.3428767919540405,1.3428767919540405
1784594160,1.3429667949676514,1.3429667949676514,1.3429667949676514,1.3429667949676514
1784594220,1.3428767919540405,1.3428767919540405,1.3428767919540405,1.3428767919540405
1784594280,1.342930793762207,1.342930793762207,1.342930793762207,1.342930793762207
1784594340,1.3428946733474731,1.3428946733474731,1.3428946733474731,1.3428946733474731
1784594400,1.3430390357971191,1.3430390357971191,1.3430390357971191,1.3430390357971191
1784594460,1.342984914779663,1.342984914779663,1.342984914779663,1.342984914779663
1784594520,1.3431291580200195,1.3431291580200195,1.3431291580200195,1.3431291580200195
1784594580,1.3432193994522095,1.3432193994522095,1.3432193994522095,1.3432193994522095
1784594640,1.3431833982467651,1.3431833982467651,1.3431833982467651,1.3431833982467651
1784594700,1.343273639678955,1.343273639678955,1.343273639678955,1.343273639678955
1784594760,1.3433277606964111,1.3433277606964111,1.3433277606964111,1.3433277606964111
1784594820,1.343418002128601,1.343418002128601,1.343418002128601,1.343418002128601
1784594880,1.3433998823165894,1.3433998823165894,1.3433998823165894,1.3433998823165894
1784594940,1.3434721231460571,1.3434721231460571,1.3434721231460571,1.3434721231460571
1784595000,1.3434721231460571,1.3434721231460571,1.3434721231460571,1.3434721231460571
1784595060,1.3433637619018555,1.3433637619018555,1.3433637619018555,1.3433637619018555
1784595120,1.3433998823165894,1.3433998823165894,1.3433998823165894,1.3433998823165894
1784595180,1.3434901237487793,1.3434901237487793,1.3434901237487793,1.3434901237487793
1784595240,1.3435261249542236,1.3435261249542236,1.3435261249542236,1.3435261249542236
1784595300,1.3433998823165894,1.3433998823165894,1.3433998823165894,1.3433998823165894
1784595360,1.3433637619018555,1.3433637619018555,1.3433637619018555,1.3433637619018555
1784595420,1.3433637619018555,1.3433637619018555,1.3433637619018555,1.3433637619018555
1784595480,1.3433817625045776,1.3433817625045776,1.3433817625045776,1.3433817625045776
1784595540,1.3432193994522095,1.3432193994522095,1.3432193994522095,1.3432193994522095
1784595600,1.3432193994522095,1.3432193994522095,1.3432193994522095,1.3432193994522095
1784595660,1.3431472778320312,1.3431472778320312,1.3431472778320312,1.3431472778320312
1784595720,1.3431291580200195,1.3431291580200195,1.3431291580200195,1.3431291580200195
1784595780,1.3431291580200195,1.3431291580200195,1.3431291580200195,1.3431291580200195
1784595840,1.3432193994522095,1.3432193994522095,1.3432193994522095,1.3432193994522095
1784595900,1.3433637619018555,1.3433637619018555,1.3433637619018555,1.3433637619018555
1784595960,1.3433998823165894,1.3433998823165894,1.3433998823165894,1.3433998823165894
1784596020,1.3433998823165894,1.3433998823165894,1.3433998823165894,1.3433998823165894
1784596080,1.3434901237487793,1.3434901237487793,1.3434901237487793,1.3434901237487793
1784596140,1.3434901237487793,1.3434901237487793,1.3434901237487793,1.3434901237487793
1784596200,1.3434358835220337,1.3434358835220337,1.3434358835220337,1.3434358835220337
1784596260,1.3434901237487793,1.3434901237487793,1.3434901237487793,1.3434901237487793
1784596320,1.3434358835220337,1.3434358835220337,1.3434358835220337,1.3434358835220337
1784596380,1.3433817625045776,1.3433817625045776,1.3433817625045776,1.3433817625045776
1784596440,1.3433457612991333,1.3433457612991333,1.3433457612991333,1.3433457612991333
1784596500,1.3433817625045776,1.3433817625045776,1.3433817625045776,1.3433817625045776
1784596560,1.3434358835220337,1.3434358835220337,1.3434358835220337,1.3434358835220337
1784596620,1.3434721231460571,1.3434721231460571,1.3434721231460571,1.3434721231460571
1784596680,1.3434540033340454,1.3434540033340454,1.3434540033340454,1.3434540033340454
1784596740,1.3434540033340454,1.3434540033340454,1.3434540033340454,1.3434540033340454
1784596800,1.3435442447662354,1.3435442447662354,1.3435442447662354,1.3435442447662354
1784596860,1.343562364578247,1.343562364578247,1.343562364578247,1.343562364578247
1784596920,1.3433817625045776,1.3433817625045776,1.3433817625045776,1.3433817625045776
1784596980,1.3434721231460571,1.3434721231460571,1.3434721231460571,1.3434721231460571
1784597040,1.3433637619018555,1.3433637619018555,1.3433637619018555,1.3433637619018555
1784597100,1.3433637619018555,1.3433637619018555,1.3433637619018555,1.3433637619018555
1784597160,1.3433637619018555,1.3433637619018555,1.3433637619018555,1.3433637619018555
1784597220,1.3433998823165894,1.3433998823165894,1.3433998823165894,1.3433998823165894
1784597280,1.3433637619018555,1.3433637619018555,1.3433637619018555,1.3433637619018555
1784597340,1.3435261249542236,1.3435261249542236,1.3435261249542236,1.3435261249542236
1784597400,1.3435983657836914,1.3435983657836914,1.3435983657836914,1.3435983657836914
1784597460,1.3434540033340454,1.3434540033340454,1.3434540033340454,1.3434540033340454
1784597520,1.3433817625045776,1.3433817625045776,1.3433817625045776,1.3433817625045776
1784597580,1.3435803651809692,1.3435803651809692,1.3435803651809692,1.3435803651809692
1784597640,1.3434540033340454,1.3434540033340454,1.3434540033340454,1.3434540033340454
1784597700,1.343562364578247,1.343562364578247,1.343562364578247,1.343562364578247
1784597760,1.3434721231460571,1.3434721231460571,1.3434721231460571,1.3434721231460571
1784597820,1.3434358835220337,1.3434358835220337,1.3434358835220337,1.3434358835220337
1784597880,1.3433637619018555,1.3433637619018555,1.3433637619018555,1.3433637619018555
1784597940,1.3433637619018555,1.3433637619018555,1.3433637619018555,1.3433637619018555
1784598000,1.3434721231460571,1.3434721231460571,1.3434721231460571,1.3434721231460571
1784598060,1.3435261249542236,1.3435261249542236,1.3435261249542236,1.3435261249542236
1784598120,1.343562364578247,1.343562364578247,1.343562364578247,1.343562364578247
1784598180,1.3436707258224487,1.3436707258224487,1.3436707258224487,1.3436707258224487
1784598240,1.3436886072158813,1.3436886072158813,1.3436886072158813,1.3436886072158813
1784598300,1.3435803651809692,1.3435803651809692,1.3435803651809692,1.3435803651809692
1784598360,1.3436886072158813,1.3436886072158813,1.3436886072158813,1.3436886072158813
1784598420,1.3436886072158813,1.3436886072158813,1.3436886072158813,1.3436886072158813
1784598480,1.343652606010437,1.343652606010437,1.343652606010437,1.343652606010437
1784598540,1.3436707258224487,1.3436707258224487,1.3436707258224487,1.3436707258224487
1784598600,1.343652606010437,1.343652606010437,1.343652606010437,1.343652606010437
1784598660,1.3436707258224487,1.3436707258224487,1.3436707258224487,1.3436707258224487
1784598720,1.3436164855957031,1.3436164855957031,1.3436164855957031,1.3436164855957031
1784598780,1.3435803651809692,1.3435803651809692,1.3435803651809692,1.3435803651809692
1784598840,1.3435983657836914,1.3435983657836914,1.3435983657836914,1.3435983657836914
1784598900,1.3435803651809692,1.3435803651809692,1.3435803651809692,1.3435803651809692
1784598960,1.3436344861984253,1.3436344861984253,1.3436344861984253,1.3436344861984253
1784599020,1.343562364578247,1.343562364578247,1.343562364578247,1.343562364578247
1784599080,1.3435442447662354,1.3435442447662354,1.3435442447662354,1.3435442447662354
1784599140,1.3435442447662354,1.3435442447662354,1.3435442447662354,1.3435442447662354
1784599200,1.3435983657836914,1.3435983657836914,1.3435983657836914,1.3435983657836914
1784599260,1.3436164855957031,1.3436164855957031,1.3436164855957031,1.3436164855957031
1784599320,1.343652606010437,1.343652606010437,1.343652606010437,1.343652606010437
1784599380,1.343706727027893,1.343706727027893,1.343706727027893,1.343706727027893
1784599440,1.3436344861984253,1.3436344861984253,1.3436344861984253,1.3436344861984253
1784599500,1.343652606010437,1.343652606010437,1.343652606010437,1.343652606010437
1784599560,1.3438150882720947,1.3438150882720947,1.3438150882720947,1.3438150882720947
1784599620,1.3437970876693726,1.3437970876693726,1.3437970876693726,1.3437970876693726
1784599680,1.3438692092895508,1.3438692092895508,1.3438692092895508,1.3438692092895508
1784599740,1.3437789678573608,1.3437789678573608,1.3437789678573608,1.3437789678573608
1784599800,1.3437608480453491,1.3437608480453491,1.3437608480453491,1.3437608480453491
1784599860,1.3438512086868286,1.3438512086868286,1.3438512086868286,1.3438512086868286
1784599920,1.3437789678573608,1.3437789678573608,1.3437789678573608,1.3437789678573608
1784599980,1.3437789678573608,1.3437789678573608,1.3437789678573608,1.3437789678573608
1784600040,1.3437248468399048,1.3437248468399048,1.3437248468399048,1.3437248468399048
1784600100,1.3436707258224487,1.3436707258224487,1.3436707258224487,1.3436707258224487
1784600160,1.3436164855957031,1.3436164855957031,1.3436164855957031,1.3436164855957031
1784600220,1.343652606010437,1.343652606010437,1.343652606010437,1.343652606010437
1784600280,1.3436707258224487,1.3436707258224487,1.3436707258224487,1.3436707258224487
1784600340,1.3436344861984253,1.3436344861984253,1.3436344861984253,1.3436344861984253
1784600400,1.3436707258224487,1.3436707258224487,1.3436707258224487,1.3436707258224487
1784600460,1.3436707258224487,1.3436707258224487,1.3436707258224487,1.3436707258224487
1784600520,1.3436886072158813,1.3436886072158813,1.3436886072158813,1.3436886072158813
1784600580,1.3437789678573608,1.3437789678573608,1.3437789678573608,1.3437789678573608
1784600640,1.3438692092895508,1.3438692092895508,1.3438692092895508,1.3438692092895508
1784600700,1.3437970876693726,1.3437970876693726,1.3437970876693726,1.3437970876693726
1784600760,1.3437789678573608,1.3437789678573608,1.3437789678573608,1.3437789678573608
1784600820,1.343652606010437,1.343652606010437,1.343652606010437,1.343652606010437
1784600880,1.3436344861984253,1.3436344861984253,1.3436344861984253,1.3436344861984253
1784600940,1.3435803651809692,1.3435803651809692,1.3435803651809692,1.3435803651809692
1784601000,1.343508243560791,1.343508243560791,1.343508243560791,1.343508243560791
1784601060,1.3435983657836914,1.3435983657836914,1.3435983657836914,1.3435983657836914
1784601120,1.3436344861984253,1.3436344861984253,1.3436344861984253,1.3436344861984253
1784601180,1.343562364578247,1.343562364578247,1.343562364578247,1.343562364578247
1784601240,1.3435983657836914,1.3435983657836914,1.3435983657836914,1.3435983657836914
1784601300,1.3435803651809692,1.3435803651809692,1.3435803651809692,1.3435803651809692
1784601360,1.3437248468399048,1.3437248468399048,1.3437248468399048,1.3437248468399048
1784601420,1.3436886072158813,1.3436886072158813,1.3436886072158813,1.3436886072158813
1784601480,1.3436707258224487,1.3436707258224487,1.3436707258224487,1.3436707258224487
1784601540,1.343652606010437,1.343652606010437,1.343652606010437,1.343652606010437
1784601600,1.3436164855957031,1.3436164855957031,1.3436164855957031,1.3436164855957031
1784601660,1.3435803651809692,1.3435803651809692,1.3435803651809692,1.3435803651809692
1784601720,1.343562364578247,1.343562364578247,1.343562364578247,1.343562364578247
1784601780,1.3435803651809692,1.3435803651809692,1.3435803651809692,1.3435803651809692
1784601840,1.3435442447662354,1.3435442447662354,1.3435442447662354,1.3435442447662354
1784601900,1.3434901237487793,1.3434901237487793,1.3434901237487793,1.3434901237487793
1784601960,1.3434901237487793,1.3434901237487793,1.3434901237487793,1.3434901237487793
1784602020,1.3433998823165894,1.3433998823165894,1.3433998823165894,1.3433998823165894
1784602080,1.343418002128601,1.343418002128601,1.343418002128601,1.343418002128601
1784602140,1.3434901237487793,1.3434901237487793,1.3434901237487793,1.3434901237487793
1784602200,1.3433998823165894,1.3433998823165894,1.3433998823165894,1.3433998823165894
1784602260,1.3433637619018555,1.3433637619018555,1.3433637619018555,1.3433637619018555
1784602320,1.3432555198669434,1.3432555198669434,1.3432555198669434,1.3432555198669434
1784602380,1.3432915210723877,1.3432915210723877,1.3432915210723877,1.3432915210723877
1784602440,1.3431652784347534,1.3431652784347534,1.3431652784347534,1.3431652784347534
1784602500,1.3431833982467651,1.3431833982467651,1.3431833982467651,1.3431833982467651
1784602560,1.3431833982467651,1.3431833982467651,1.3431833982467651,1.3431833982467651
1784602620,1.3432193994522095,1.3432193994522095,1.3432193994522095,1.3432193994522095
1784602680,1.3431652784347534,1.3431652784347534,1.3431652784347534,1.3431652784347534
1784602740,1.3432012796401978,1.3432012796401978,1.3432012796401978,1.3432012796401978
1784602800,1.3433096408843994,1.3433096408843994,1.3433096408843994,1.3433096408843994
1784602860,1.3432555198669434,1.3432555198669434,1.3432555198669434,1.3432555198669434
1784602920,1.3432915210723877,1.3432915210723877,1.3432915210723877,1.3432915210723877
1784602980,1.343075156211853,1.343075156211853,1.343075156211853,1.343075156211853
1784603040,1.343075156211853,1.343075156211853,1.343075156211853,1.343075156211853
1784603100,1.3430931568145752,1.3430931568145752,1.3430931568145752,1.3430931568145752
1784603160,1.343075156211853,1.343075156211853,1.343075156211853,1.343075156211853
1784603220,1.3430931568145752,1.3430931568145752,1.3430931568145752,1.3430931568145752
1784603280,1.3430931568145752,1.3430931568145752,1.3430931568145752,1.3430931568145752
1784603340,1.3431291580200195,1.3431291580200195,1.3431291580200195,1.3431291580200195
1784603400,1.3432193994522095,1.3432193994522095,1.3432193994522095,1.3432193994522095
1784603460,1.3432555198669434,1.3432555198669434,1.3432555198669434,1.3432555198669434
1784603520,1.3432375192642212,1.3432375192642212,1.3432375192642212,1.3432375192642212
1784603580,1.343273639678955,1.343273639678955,1.343273639678955,1.343273639678955
1784603640,1.3431652784347534,1.3431652784347534,1.3431652784347534,1.3431652784347534
1784603700,1.3431652784347534,1.3431652784347534,1.3431652784347534,1.3431652784347534
1784603760,1.3432555198669434,1.3432555198669434,1.3432555198669434,1.3432555198669434
1784603820,1.3432375192642212,1.3432375192642212,1.3432375192642212,1.3432375192642212
1784603880,1.3433096408843994,1.3433096408843994,1.3433096408843994,1.3433096408843994
1784603940,1.3432915210723877,1.3432915210723877,1.3432915210723877,1.3432915210723877
1784604000,1.3433817625045776,1.3433817625045776,1.3433817625045776,1.3433817625045776
1784604060,1.3433817625045776,1.3433817625045776,1.3433817625045776,1.3433817625045776
1784604120,1.3434540033340454,1.3434540033340454,1.3434540033340454,1.3434540033340454
1784604180,1.343418002128601,1.343418002128601,1.343418002128601,1.343418002128601
1784604240,1.3434721231460571,1.3434721231460571,1.3434721231460571,1.3434721231460571
1784604300,1.3433998823165894,1.3433998823165894,1.3433998823165894,1.3433998823165894
1784604360,1.3433998823165894,1.3433998823165894,1.3433998823165894,1.3433998823165894
1784604420,1.343418002128601,1.343418002128601,1.343418002128601,1.343418002128601
1784604480,1.3433998823165894,1.3433998823165894,1.3433998823165894,1.3433998823165894
1784604540,1.3434540033340454,1.3434540033340454,1.3434540033340454,1.3434540033340454
1784604600,1.3434901237487793,1.3434901237487793,1.3434901237487793,1.3434901237487793
1784604660,1.3434901237487793,1.3434901237487793,1.3434901237487793,1.3434901237487793
1784604720,1.343562364578247,1.343562364578247,1.343562364578247,1.343562364578247
1784604780,1.3436164855957031,1.3436164855957031,1.3436164855957031,1.3436164855957031
1784604840,1.3435983657836914,1.3435983657836914,1.3435983657836914,1.3435983657836914
1784604900,1.3436164855957031,1.3436164855957031,1.3436164855957031,1.3436164855957031
1784604960,1.3436344861984253,1.3436344861984253,1.3436344861984253,1.3436344861984253
1784605020,1.343562364578247,1.343562364578247,1.343562364578247,1.343562364578247
1784605080,1.3435803651809692,1.3435803651809692,1.3435803651809692,1.3435803651809692
1784605140,1.343562364578247,1.343562364578247,1.343562364578247,1.343562364578247
1784605200,1.3436707258224487,1.3436707258224487,1.3436707258224487,1.3436707258224487
1784605260,1.3436886072158813,1.3436886072158813,1.3436886072158813,1.3436886072158813
1784605320,1.3436344861984253,1.3436344861984253,1.3436344861984253,1.3436344861984253
1784605380,1.343706727027893,1.343706727027893,1.343706727027893,1.343706727027893
1784605440,1.343706727027893,1.343706727027893,1.343706727027893,1.343706727027893
1784605500,1.343706727027893,1.343706727027893,1.343706727027893,1.343706727027893
1784605560,1.343706727027893,1.343706727027893,1.343706727027893,1.343706727027893
1784605620,1.343833088874817,1.343833088874817,1.343833088874817,1.343833088874817
1784605680,1.3438873291015625,1.3438873291015625,1.3438873291015625,1.3438873291015625
1784605740,1.343977689743042,1.343977689743042,1.343977689743042,1.343977689743042
1784605800,1.3439595699310303,1.3439595699310303,1.3439595699310303,1.3439595699310303
1784605860,1.3439595699310303,1.3439595699310303,1.3439595699310303,1.3439595699310303
1784605920,1.3439054489135742,1.3439054489135742,1.3439054489135742,1.3439054489135742
1784605980,1.3438873291015625,1.3438873291015625,1.3438873291015625,1.3438873291015625
1784606040,1.3438692092895508,1.3438692092895508,1.3438692092895508,1.3438692092895508
1784606100,1.3437608480453491,1.3437608480453491,1.3437608480453491,1.3437608480453491
1784606160,1.3437970876693726,1.3437970876693726,1.3437970876693726,1.3437970876693726
1784606220,1.3437970876693726,1.3437970876693726,1.3437970876693726,1.3437970876693726
1784606280,1.3437608480453491,1.3437608480453491,1.3437608480453491,1.3437608480453491
1784606340,1.343742847442627,1.343742847442627,1.343742847442627,1.343742847442627
1784606400,1.343706727027893,1.343706727027893,1.343706727027893,1.343706727027893
1784606460,1.3437789678573608,1.3437789678573608,1.3437789678573608,1.3437789678573608
1784606520,1.3437789678573608,1.3437789678573608,1.3437789678573608,1.3437789678573608
1784606580,1.343742847442627,1.343742847442627,1.343742847442627,1.343742847442627
1784606640,1.343706727027893,1.343706727027893,1.343706727027893,1.343706727027893
1784606700,1.3437248468399048,1.3437248468399048,1.3437248468399048,1.3437248468399048
1784606760,1.3438512086868286,1.3438512086868286,1.3438512086868286,1.3438512086868286
1784606820,1.3437789678573608,1.3437789678573608,1.3437789678573608,1.3437789678573608
1784606880,1.3437608480453491,1.3437608480453491,1.3437608480453491,1.3437608480453491
1784606940,1.3437789678573608,1.3437789678573608,1.3437789678573608,1.3437789678573608
1784607000,1.3436886072158813,1.3436886072158813,1.3436886072158813,1.3436886072158813
1784607060,1.343706727027893,1.343706727027893,1.343706727027893,1.343706727027893
1784607120,1.3436886072158813,1.3436886072158813,1.3436886072158813,1.3436886072158813
1784607180,1.3437970876693726,1.3437970876693726,1.3437970876693726,1.3437970876693726
1784607240,1.3437608480453491,1.3437608480453491,1.3437608480453491,1.3437608480453491
1784607300,1.343742847442627,1.343742847442627,1.343742847442627,1.343742847442627
1784607360,1.343833088874817,1.343833088874817,1.343833088874817,1.343833088874817
1784607420,1.3437789678573608,1.3437789678573608,1.3437789678573608,1.3437789678573608
1784607480,1.3437789678573608,1.3437789678573608,1.3437789678573608,1.3437789678573608
1784607540,1.3438150882720947,1.3438150882720947,1.3438150882720947,1.3438150882720947
1784607600,1.3438150882720947,1.3438150882720947,1.3438150882720947,1.3438150882720947
1784607660,1.3437789678573608,1.3437789678573608,1.3437789678573608,1.3437789678573608
1784607720,1.343742847442627,1.343742847442627,1.343742847442627,1.343742847442627
1784607780,1.3437970876693726,1.3437970876693726,1.3437970876693726,1.3437970876693726
1784607840,1.3437789678573608,1.3437789678573608,1.3437789678573608,1.3437789678573608
1784607900,1.3437789678573608,1.3437789678573608,1.3437789678573608,1.3437789678573608
1784607960,1.3437970876693726,1.3437970876693726,1.3437970876693726,1.3437970876693726
1784608020,1.3437970876693726,1.3437970876693726,1.3437970876693726,1.3437970876693726
1784608080,1.3437608480453491,1.3437608480453491,1.3437608480453491,1.3437608480453491
1784608140,1.3437970876693726,1.3437970876693726,1.3437970876693726,1.3437970876693726
1784608200,1.343706727027893,1.343706727027893,1.343706727027893,1.343706727027893
1784608260,1.3437970876693726,1.3437970876693726,1.3437970876693726,1.3437970876693726
1784608320,1.3438692092895508,1.3438692092895508,1.3438692092895508,1.3438692092895508
1784608380,1.3438512086868286,1.3438512086868286,1.3438512086868286,1.3438512086868286
1784608440,1.3438873291015625,1.3438873291015625,1.3438873291015625,1.3438873291015625
1784608500,1.3439054489135742,1.3439054489135742,1.3439054489135742,1.3439054489135742
1784608560,1.3439234495162964,1.3439234495162964,1.3439234495162964,1.3439234495162964
1784608620,1.3439414501190186,1.3439414501190186,1.3439414501190186,1.3439414501190186
1784608680,1.3439054489135742,1.3439054489135742,1.3439054489135742,1.3439054489135742
1784608740,1.343977689743042,1.343977689743042,1.343977689743042,1.343977689743042
1784608800,1.3440136909484863,1.3440136909484863,1.3440136909484863,1.3440136909484863
1784608860,1.3438692092895508,1.3438692092895508,1.3438692092895508,1.3438692092895508
1784608920,1.3438873291015625,1.3438873291015625,1.3438873291015625,1.3438873291015625
1784608980,1.3440136909484863,1.3440136909484863,1.3440136909484863,1.3440136909484863
1784609040,1.344031810760498,1.344031810760498,1.344031810760498,1.344031810760498
1784609100,1.3439956903457642,1.3439956903457642,1.3439956903457642,1.3439956903457642
1784609160,1.3439956903457642,1.3439956903457642,1.3439956903457642,1.3439956903457642
1784609220,1.3440499305725098,1.3440499305725098,1.3440499305725098,1.3440499305725098
1784609280,1.3440499305725098,1.3440499305725098,1.3440499305725098,1.3440499305725098
1784609340,1.3440136909484863,1.3440136909484863,1.3440136909484863,1.3440136909484863
1784609400,1.3439956903457642,1.3439956903457642,1.3439956903457642,1.3439956903457642
1784609460,1.3439956903457642,1.3439956903457642,1.3439956903457642,1.3439956903457642
1784609520,1.3439956903457642,1.3439956903457642,1.3439956903457642,1.3439956903457642
1784609580,1.344085931777954,1.344085931777954,1.344085931777954,1.344085931777954
1784609640,1.3441221714019775,1.3441221714019775,1.3441221714019775,1.3441221714019775
1784609700,1.3441221714019775,1.3441221714019775,1.3441221714019775,1.3441221714019775
1784609760,1.3440680503845215,1.3440680503845215,1.3440680503845215,1.3440680503845215
1784609820,1.344085931777954,1.344085931777954,1.344085931777954,1.344085931777954
1784609880,1.3440136909484863,1.3440136909484863,1.3440136909484863,1.3440136909484863
1784609940,1.3440499305725098,1.3440499305725098,1.3440499305725098,1.3440499305725098
1784610000,1.3441040515899658,1.3441040515899658,1.3441040515899658,1.3441040515899658
1784610060,1.344085931777954,1.344085931777954,1.344085931777954,1.344085931777954
1784610120,1.3441582918167114,1.3441582918167114,1.3441582918167114,1.3441582918167114
1784610180,1.3441944122314453,1.3441944122314453,1.3441944122314453,1.3441944122314453
1784610240,1.3441762924194336,1.3441762924194336,1.3441762924194336,1.3441762924194336
1784610300,1.3441040515899658,1.3441040515899658,1.3441040515899658,1.3441040515899658
1784610360,1.3441762924194336,1.3441762924194336,1.3441762924194336,1.3441762924194336
1784610420,1.3441040515899658,1.3441040515899658,1.3441040515899658,1.3441040515899658
1784610480,1.3442305326461792,1.3442305326461792,1.3442305326461792,1.3442305326461792
1784610540,1.344248652458191,1.344248652458191,1.344248652458191,1.344248652458191
1784610600,1.344266653060913,1.344266653060913,1.344266653060913,1.344266653060913
1784610660,1.3441762924194336,1.3441762924194336,1.3441762924194336,1.3441762924194336
1784610720,1.3441582918167114,1.3441582918167114,1.3441582918167114,1.3441582918167114
1784610780,1.3439956903457642,1.3439956903457642,1.3439956903457642,1.3439956903457642
1784610840,1.3439956903457642,1.3439956903457642,1.3439956903457642,1.3439956903457642
1784610900,1.3439956903457642,1.3439956903457642,1.3439956903457642,1.3439956903457642
1784610960,1.3439956903457642,1.3439956903457642,1.3439956903457642,1.3439956903457642
1784611020,1.343977689743042,1.343977689743042,1.343977689743042,1.343977689743042
1784611080,1.343977689743042,1.343977689743042,1.343977689743042,1.343977689743042
1784611140,1.3439414501190186,1.3439414501190186,1.3439414501190186,1.3439414501190186
1784611200,1.3439595699310303,1.3439595699310303,1.3439595699310303,1.3439595699310303
1784611260,1.343977689743042,1.343977689743042,1.343977689743042,1.343977689743042
1784611320,1.343977689743042,1.343977689743042,1.343977689743042,1.343977689743042
1784611380,1.343977689743042,1.343977689743042,1.343977689743042,1.343977689743042
1784611440,1.343977689743042,1.343977689743042,1.343977689743042,1.343977689743042
1784611500,1.3439956903457642,1.3439956903457642,1.3439956903457642,1.3439956903457642
1784611560,1.3440680503845215,1.3440680503845215,1.3440680503845215,1.3440680503845215
1784611620,1.344085931777954,1.344085931777954,1.344085931777954,1.344085931777954
1784611680,1.3440680503845215,1.3440680503845215,1.3440680503845215,1.3440680503845215
1784611740,1.344085931777954,1.344085931777954,1.344085931777954,1.344085931777954
1784611800,1.3441402912139893,1.3441402912139893,1.3441402912139893,1.3441402912139893
1784611860,1.3442847728729248,1.3442847728729248,1.3442847728729248,1.3442847728729248
1784611920,1.344266653060913,1.344266653060913,1.344266653060913,1.344266653060913
1784611980,1.3443208932876587,1.3443208932876587,1.3443208932876587,1.3443208932876587
1784612040,1.3442847728729248,1.3442847728729248,1.3442847728729248,1.3442847728729248
1784612100,1.3442847728729248,1.3442847728729248,1.3442847728729248,1.3442847728729248
1784612160,1.344248652458191,1.344248652458191,1.344248652458191,1.344248652458191
1784612220,1.344266653060913,1.344266653060913,1.344266653060913,1.344266653060913
1784612280,1.3443390130996704,1.3443390130996704,1.3443390130996704,1.3443390130996704
1784612340,1.3443751335144043,1.3443751335144043,1.3443751335144043,1.3443751335144043
1784612400,1.3443751335144043,1.3443751335144043,1.3443751335144043,1.3443751335144043
1784612460,1.3444656133651733,1.3444656133651733,1.3444656133651733,1.3444656133651733
1784612520,1.3444474935531616,1.3444474935531616,1.3444474935531616,1.3444474935531616
1784612580,1.3445920944213867,1.3445920944213867,1.3445920944213867,1.3445920944213867
1784612640,1.3446643352508545,1.3446643352508545,1.3446643352508545,1.3446643352508545
1784612700,1.3445016145706177,1.3445016145706177,1.3445016145706177,1.3445016145706177
1784612760,1.3444656133651733,1.3444656133651733,1.3444656133651733,1.3444656133651733
1784612820,1.3445378541946411,1.3445378541946411,1.3445378541946411,1.3445378541946411
1784612880,1.3445920944213867,1.3445920944213867,1.3445920944213867,1.3445920944213867
1784612940,1.3444656133651733,1.3444656133651733,1.3444656133651733,1.3444656133651733
1784613000,1.3444474935531616,1.3444474935531616,1.3444474935531616,1.3444474935531616
1784613060,1.3443931341171265,1.3443931341171265,1.3443931341171265,1.3443931341171265
1784613120,1.344483494758606,1.344483494758606,1.344483494758606,1.344483494758606
1784613180,1.3444656133651733,1.3444656133651733,1.3444656133651733,1.3444656133651733
1784613240,1.3444474935531616,1.3444474935531616,1.3444474935531616,1.3444474935531616
1784613300,1.3443751335144043,1.3443751335144043,1.3443751335144043,1.3443751335144043
1784613360,1.3443390130996704,1.3443390130996704,1.3443390130996704,1.3443390130996704
1784613420,1.3443571329116821,1.3443571329116821,1.3443571329116821,1.3443571329116821
1784613480,1.3443390130996704,1.3443390130996704,1.3443390130996704,1.3443390130996704
1784613540,1.3443571329116821,1.3443571329116821,1.3443571329116821,1.3443571329116821
1784613600,1.344483494758606,1.344483494758606,1.344483494758606,1.344483494758606
1784613660,1.344573974609375,1.344573974609375,1.344573974609375,1.344573974609375
1784613720,1.3445920944213867,1.3445920944213867,1.3445920944213867,1.3445920944213867
1784613780,1.3447548151016235,1.3447548151016235,1.3447548151016235,1.3447548151016235
1784613840,1.344971776008606,1.344971776008606,1.344971776008606,1.344971776008606
1784613900,1.3448090553283691,1.3448090553283691,1.3448090553283691,1.3448090553283691
1784613960,1.3448452949523926,1.3448452949523926,1.3448452949523926,1.3448452949523926
1784614020,1.3448090553283691,1.3448090553283691,1.3448090553283691,1.3448090553283691
1784614080,1.3447185754776,1.3447185754776,1.3447185754776,1.3447185754776
1784614140,1.3448452949523926,1.3448452949523926,1.3448452949523926,1.3448452949523926
1784614200,1.3448452949523926,1.3448452949523926,1.3448452949523926,1.3448452949523926
1784614260,1.3447909355163574,1.3447909355163574,1.3447909355163574,1.3447909355163574
1784614320,1.3448090553283691,1.3448090553283691,1.3448090553283691,1.3448090553283691
1784614380,1.344881296157837,1.344881296157837,1.344881296157837,1.344881296157837
1784614440,1.344881296157837,1.344881296157837,1.344881296157837,1.344881296157837
1784614500,1.3448452949523926,1.3448452949523926,1.3448452949523926,1.3448452949523926
1784614560,1.3448090553283691,1.3448090553283691,1.3448090553283691,1.3448090553283691
1784614620,1.3448090553283691,1.3448090553283691,1.3448090553283691,1.3448090553283691
1784614680,1.3447909355163574,1.3447909355163574,1.3447909355163574,1.3447909355163574
1784614740,1.3447909355163574,1.3447909355163574,1.3447909355163574,1.3447909355163574
1784614800,1.3447909355163574,1.3447909355163574,1.3447909355163574,1.3447909355163574
1784614860,1.344881296157837,1.344881296157837,1.344881296157837,1.344881296157837
1784614920,1.3448994159698486,1.3448994159698486,1.3448994159698486,1.3448994159698486
1784614980,1.344971776008606,1.344971776008606,1.344971776008606,1.344971776008606
1784615040,1.344971776008606,1.344971776008606,1.344971776008606,1.344971776008606
1784615100,1.3449898958206177,1.3449898958206177,1.3449898958206177,1.3449898958206177
1784615160,1.3448632955551147,1.3448632955551147,1.3448632955551147,1.3448632955551147
1784615220,1.3448090553283691,1.3448090553283691,1.3448090553283691,1.3448090553283691
1784615280,1.344700574874878,1.344700574874878,1.344700574874878,1.344700574874878
1784615340,1.3447909355163574,1.3447909355163574,1.3447909355163574,1.3447909355163574
1784615400,1.3447548151016235,1.3447548151016235,1.3447548151016235,1.3447548151016235
1784615460,1.3447548151016235,1.3447548151016235,1.3447548151016235,1.3447548151016235
1784615520,1.3447729349136353,1.3447729349136353,1.3447729349136353,1.3447729349136353
1784615580,1.3448090553283691,1.3448090553283691,1.3448090553283691,1.3448090553283691
1784615640,1.3447548151016235,1.3447548151016235,1.3447548151016235,1.3447548151016235
1784615700,1.344881296157837,1.344881296157837,1.344881296157837,1.344881296157837
1784615760,1.344971776008606,1.344971776008606,1.344971776008606,1.344971776008606
1784615820,1.3450803756713867,1.3450803756713867,1.3450803756713867,1.3450803756713867
1784615880,1.3448271751403809,1.3448271751403809,1.3448271751403809,1.3448271751403809
1784615940,1.3447909355163574,1.3447909355163574,1.3447909355163574,1.3447909355163574
1784616000,1.3448090553283691,1.3448090553283691,1.3448090553283691,1.3448090553283691
1784616060,1.3448271751403809,1.3448271751403809,1.3448271751403809,1.3448271751403809
1784616120,1.3450803756713867,1.3450803756713867,1.3450803756713867,1.3450803756713867
1784616180,1.3450441360473633,1.3450441360473633,1.3450441360473633,1.3450441360473633
1784616240,1.3451708555221558,1.3451708555221558,1.3451708555221558,1.3451708555221558
1784616300,1.345188856124878,1.345188856124878,1.345188856124878,1.345188856124878
1784616360,1.345152735710144,1.345152735710144,1.345152735710144,1.345152735710144
1784616420,1.3451708555221558,1.3451708555221558,1.3451708555221558,1.3451708555221558
1784616480,1.3452612161636353,1.3452612161636353,1.3452612161636353,1.3452612161636353
1784616540,1.3452974557876587,1.3452974557876587,1.3452974557876587,1.3452974557876587
1784616600,1.3451164960861206,1.3451164960861206,1.3451164960861206,1.3451164960861206
1784616660,1.3450803756713867,1.3450803756713867,1.3450803756713867,1.3450803756713867
1784616720,1.3449536561965942,1.3449536561965942,1.3449536561965942,1.3449536561965942
1784616780,1.3450441360473633,1.3450441360473633,1.3450441360473633,1.3450441360473633
1784616840,1.344971776008606,1.344971776008606,1.344971776008606,1.344971776008606
1784616900,1.3448090553283691,1.3448090553283691,1.3448090553283691,1.3448090553283691
1784616960,1.3448452949523926,1.3448452949523926,1.3448452949523926,1.3448452949523926
1784617020,1.344971776008606,1.344971776008606,1.344971776008606,1.344971776008606
1784617080,1.344935655593872,1.344935655593872,1.344935655593872,1.344935655593872
1784617140,1.3448452949523926,1.3448452949523926,1.3448452949523926,1.3448452949523926
1784617200,1.3448452949523926,1.3448452949523926,1.3448452949523926,1.3448452949523926
1784617260,1.3450441360473633,1.3450441360473633,1.3450441360473633,1.3450441360473633
1784617320,1.3449898958206177,1.3449898958206177,1.3449898958206177,1.3449898958206177
1784617380,1.345152735710144,1.345152735710144,1.345152735710144,1.345152735710144
1784617440,1.3451346158981323,1.3451346158981323,1.3451346158981323,1.3451346158981323
1784617500,1.3451346158981323,1.3451346158981323,1.3451346158981323,1.3451346158981323
1784617560,1.3454241752624512,1.3454241752624512,1.3454241752624512,1.3454241752624512
1784617620,1.3453155755996704,1.3453155755996704,1.3453155755996704,1.3453155755996704
1784617680,1.3456233739852905,1.3456233739852905,1.3456233739852905,1.3456233739852905
1784617740,1.3453880548477173,1.3453880548477173,1.3453880548477173,1.3453880548477173
1784617800,1.3452069759368896,1.3452069759368896,1.3452069759368896,1.3452069759368896
1784617860,1.345062255859375,1.345062255859375,1.345062255859375,1.345062255859375
1784617920,1.3448452949523926,1.3448452949523926,1.3448452949523926,1.3448452949523926
1784617980,1.3448994159698486,1.3448994159698486,1.3448994159698486,1.3448994159698486
1784618040,1.3449536561965942,1.3449536561965942,1.3449536561965942,1.3449536561965942
1784618100,1.3448632955551147,1.3448632955551147,1.3448632955551147,1.3448632955551147
1784618160,1.344935655593872,1.344935655593872,1.344935655593872,1.344935655593872
1784618220,1.3446824550628662,1.3446824550628662,1.3446824550628662,1.3446824550628662
1784618280,1.3446824550628662,1.3446824550628662,1.3446824550628662,1.3446824550628662
1784618340,1.3447548151016235,1.3447548151016235,1.3447548151016235,1.3447548151016235
1784618400,1.3446824550628662,1.3446824550628662,1.3446824550628662,1.3446824550628662
1784618460,1.344700574874878,1.344700574874878,1.344700574874878,1.344700574874878
1784618520,1.3449898958206177,1.3449898958206177,1.3449898958206177,1.3449898958206177
1784618580,1.3447548151016235,1.3447548151016235,1.3447548151016235,1.3447548151016235
1784618640,1.3448090553283691,1.3448090553283691,1.3448090553283691,1.3448090553283691
1784618700,1.3448452949523926,1.3448452949523926,1.3448452949523926,1.3448452949523926
1784618760,1.3447729349136353,1.3447729349136353,1.3447729349136353,1.3447729349136353
1784618820,1.3446824550628662,1.3446824550628662,1.3446824550628662,1.3446824550628662
1784618880,1.3446643352508545,1.3446643352508545,1.3446643352508545,1.3446643352508545
1784618940,1.3446824550628662,1.3446824550628662,1.3446824550628662,1.3446824550628662
1784619000,1.3444112539291382,1.3444112539291382,1.3444112539291382,1.3444112539291382
1784619060,1.344212532043457,1.344212532043457,1.344212532043457,1.344212532043457
1784619120,1.3440499305725098,1.3440499305725098,1.3440499305725098,1.3440499305725098
1784619180,1.344212532043457,1.344212532043457,1.344212532043457,1.344212532043457
1784619240,1.344483494758606,1.344483494758606,1.344483494758606,1.344483494758606
1784619300,1.3443571329116821,1.3443571329116821,1.3443571329116821,1.3443571329116821
1784619360,1.3443390130996704,1.3443390130996704,1.3443390130996704,1.3443390130996704
1784619420,1.344248652458191,1.344248652458191,1.344248652458191,1.344248652458191
1784619480,1.3443390130996704,1.3443390130996704,1.3443390130996704,1.3443390130996704
1784619540,1.3442847728729248,1.3442847728729248,1.3442847728729248,1.3442847728729248
1784619600,1.3441582918167114,1.3441582918167114,1.3441582918167114,1.3441582918167114
1784619660,1.3441402912139893,1.3441402912139893,1.3441402912139893,1.3441402912139893
1784619720,1.3439956903457642,1.3439956903457642,1.3439956903457642,1.3439956903457642
1784619780,1.3439234495162964,1.3439234495162964,1.3439234495162964,1.3439234495162964
1784619840,1.343742847442627,1.343742847442627,1.343742847442627,1.343742847442627
1784619900,1.3437970876693726,1.3437970876693726,1.3437970876693726,1.3437970876693726
1784619960,1.3439595699310303,1.3439595699310303,1.3439595699310303,1.3439595699310303
1784620020,1.3439956903457642,1.3439956903457642,1.3439956903457642,1.3439956903457642
1784620080,1.3439956903457642,1.3439956903457642,1.3439956903457642,1.3439956903457642
1784620140,1.3438692092895508,1.3438692092895508,1.3438692092895508,1.3438692092895508
1784620200,1.3439595699310303,1.3439595699310303,1.3439595699310303,1.3439595699310303
1784620260,1.3439414501190186,1.3439414501190186,1.3439414501190186,1.3439414501190186
1784620320,1.343977689743042,1.343977689743042,1.343977689743042,1.343977689743042
1784620380,1.3439956903457642,1.3439956903457642,1.3439956903457642,1.3439956903457642
1784620440,1.3439956903457642,1.3439956903457642,1.3439956903457642,1.3439956903457642
1784620500,1.3439595699310303,1.3439595699310303,1.3439595699310303,1.3439595699310303
1784620560,1.3441040515899658,1.3441040515899658,1.3441040515899658,1.3441040515899658
1784620620,1.3441221714019775,1.3441221714019775,1.3441221714019775,1.3441221714019775
1784620680,1.3441582918167114,1.3441582918167114,1.3441582918167114,1.3441582918167114
1784620740,1.3441402912139893,1.3441402912139893,1.3441402912139893,1.3441402912139893
1784620800,1.344212532043457,1.344212532043457,1.344212532043457,1.344212532043457
1784620860,1.3442847728729248,1.3442847728729248,1.3442847728729248,1.3442847728729248
1784620920,1.3441762924194336,1.3441762924194336,1.3441762924194336,1.3441762924194336
1784620980,1.3441762924194336,1.3441762924194336,1.3441762924194336,1.3441762924194336
1784621040,1.344085931777954,1.344085931777954,1.344085931777954,1.344085931777954
1784621100,1.3441402912139893,1.3441402912139893,1.3441402912139893,1.3441402912139893
1784621160,1.344085931777954,1.344085931777954,1.344085931777954,1.344085931777954
1784621220,1.3443028926849365,1.3443028926849365,1.3443028926849365,1.3443028926849365
1784621280,1.3442847728729248,1.3442847728729248,1.3442847728729248,1.3442847728729248
1784621340,1.3443931341171265,1.3443931341171265,1.3443931341171265,1.3443931341171265
1784621400,1.3443931341171265,1.3443931341171265,1.3443931341171265,1.3443931341171265
1784621460,1.3445016145706177,1.3445016145706177,1.3445016145706177,1.3445016145706177
1784621520,1.3444656133651733,1.3444656133651733,1.3444656133651733,1.3444656133651733
1784621580,1.344483494758606,1.344483494758606,1.344483494758606,1.344483494758606
1784621640,1.3446643352508545,1.3446643352508545,1.3446643352508545,1.3446643352508545
1784621700,1.3444656133651733,1.3444656133651733,1.3444656133651733,1.3444656133651733
1784621760,1.344266653060913,1.344266653060913,1.344266653060913,1.344266653060913
1784621820,1.344483494758606,1.344483494758606,1.344483494758606,1.344483494758606
1784621880,1.3445197343826294,1.3445197343826294,1.3445197343826294,1.3445197343826294
1784621940,1.3445920944213867,1.3445920944213867,1.3445920944213867,1.3445920944213867
1784622000,1.3447548151016235,1.3447548151016235,1.3447548151016235,1.3447548151016235
1784622060,1.3446824550628662,1.3446824550628662,1.3446824550628662,1.3446824550628662
1784622120,1.3445016145706177,1.3445016145706177,1.3445016145706177,1.3445016145706177
1784622180,1.3443571329116821,1.3443571329116821,1.3443571329116821,1.3443571329116821
1784622240,1.3443208932876587,1.3443208932876587,1.3443208932876587,1.3443208932876587
1784622300,1.344266653060913,1.344266653060913,1.344266653060913,1.344266653060913
1784622360,1.344212532043457,1.344212532043457,1.344212532043457,1.344212532043457
1784622420,1.3441221714019775,1.3441221714019775,1.3441221714019775,1.3441221714019775
1784622480,1.3441582918167114,1.3441582918167114,1.3441582918167114,1.3441582918167114
1784622540,1.3439234495162964,1.3439234495162964,1.3439234495162964,1.3439234495162964
1784622600,1.3434540033340454,1.3434540033340454,1.3434540033340454,1.3434540033340454
1784622660,1.3435803651809692,1.3435803651809692,1.3435803651809692,1.3435803651809692
1784622720,1.343273639678955,1.343273639678955,1.343273639678955,1.343273639678955
1784622780,1.3433096408843994,1.3433096408843994,1.3433096408843994,1.3433096408843994
1784622840,1.3431652784347534,1.3431652784347534,1.3431652784347534,1.3431652784347534
1784622900,1.343021035194397,1.343021035194397,1.343021035194397,1.343021035194397
1784622960,1.342930793762207,1.342930793762207,1.342930793762207,1.342930793762207
1784623020,1.3429489135742188,1.3429489135742188,1.3429489135742188,1.3429489135742188
1784623080,1.343111276626587,1.343111276626587,1.343111276626587,1.343111276626587
1784623140,1.3432555198669434,1.3432555198669434,1.3432555198669434,1.3432555198669434
1784623200,1.3431472778320312,1.3431472778320312,1.3431472778320312,1.3431472778320312
1784623260,1.3431652784347534,1.3431652784347534,1.3431652784347534,1.3431652784347534
1784623320,1.3431472778320312,1.3431472778320312,1.3431472778320312,1.3431472778320312
1784623380,1.3432375192642212,1.3432375192642212,1.3432375192642212,1.3432375192642212
1784623440,1.343273639678955,1.343273639678955,1.343273639678955,1.343273639678955
1784623500,1.3433637619018555,1.3433637619018555,1.3433637619018555,1.3433637619018555
1784623560,1.3433637619018555,1.3433637619018555,1.3433637619018555,1.3433637619018555
1784623620,1.3433637619018555,1.3433637619018555,1.3433637619018555,1.3433637619018555
1784623680,1.343273639678955,1.343273639678955,1.343273639678955,1.343273639678955
1784623740,1.343273639678955,1.343273639678955,1.343273639678955,1.343273639678955
1784623800,1.343273639678955,1.343273639678955,1.343273639678955,1.343273639678955
1784623860,1.3432012796401978,1.3432012796401978,1.3432012796401978,1.3432012796401978
1784623920,1.3433457612991333,1.3433457612991333,1.3433457612991333,1.3433457612991333
1784623980,1.3431472778320312,1.3431472778320312,1.3431472778320312,1.3431472778320312
1784624040,1.3431291580200195,1.3431291580200195,1.3431291580200195,1.3431291580200195
1784624100,1.3430570363998413,1.3430570363998413,1.3430570363998413,1.3430570363998413
1784624160,1.3431291580200195,1.3431291580200195,1.3431291580200195,1.3431291580200195
1784624220,1.343111276626587,1.343111276626587,1.343111276626587,1.343111276626587
1784624280,1.3431472778320312,1.3431472778320312,1.3431472778320312,1.3431472778320312
1784624340,1.3430570363998413,1.3430570363998413,1.3430570363998413,1.3430570363998413
1784624400,1.3429667949676514,1.3429667949676514,1.3429667949676514,1.3429667949676514
1784624460,1.3429489135742188,1.3429489135742188,1.3429489135742188,1.3429489135742188
1784624520,1.3429489135742188,1.3429489135742188,1.3429489135742188,1.3429489135742188
1784624580,1.3428767919540405,1.3428767919540405,1.3428767919540405,1.3428767919540405
1784624640,1.3429489135742188,1.3429489135742188,1.3429489135742188,1.3429489135742188
1784624700,1.3429127931594849,1.3429127931594849,1.3429127931594849,1.3429127931594849
1784624760,1.342930793762207,1.342930793762207,1.342930793762207,1.342930793762207
1784624820,1.3428406715393066,1.3428406715393066,1.3428406715393066,1.3428406715393066
1784624880,1.3426603078842163,1.3426603078842163,1.3426603078842163,1.3426603078842163
1784624940,1.3428406715393066,1.3428406715393066,1.3428406715393066,1.3428406715393066
1784625000,1.342822551727295,1.342822551727295,1.342822551727295,1.342822551727295
1784625060,1.3427504301071167,1.3427504301071167,1.3427504301071167,1.3427504301071167
1784625120,1.3428406715393066,1.3428406715393066,1.3428406715393066,1.3428406715393066
1784625180,1.342822551727295,1.342822551727295,1.342822551727295,1.342822551727295
1784625240,1.3428406715393066,1.3428406715393066,1.3428406715393066,1.3428406715393066
1784625300,1.342822551727295,1.342822551727295,1.342822551727295,1.342822551727295
1784625360,1.3429127931594849,1.3429127931594849,1.3429127931594849,1.3429127931594849
1784625420,1.3429489135742188,1.3429489135742188,1.3429489135742188,1.3429489135742188
1784625480,1.3429667949676514,1.3429667949676514,1.3429667949676514,1.3429667949676514
1784625540,1.3428586721420288,1.3428586721420288,1.3428586721420288,1.3428586721420288
1784625600,1.3428045511245728,1.3428045511245728,1.3428045511245728,1.3428045511245728
1784625660,1.3428406715393066,1.3428406715393066,1.3428406715393066,1.3428406715393066
1784625720,1.3427144289016724,1.3427144289016724,1.3427144289016724,1.3427144289016724
1784625780,1.3428045511245728,1.3428045511245728,1.3428045511245728,1.3428045511245728
1784625840,1.342822551727295,1.342822551727295,1.342822551727295,1.342822551727295
1784625900,1.3427685499191284,1.3427685499191284,1.3427685499191284,1.3427685499191284
1784625960,1.3428406715393066,1.3428406715393066,1.3428406715393066,1.3428406715393066
1784626020,1.3428406715393066,1.3428406715393066,1.3428406715393066,1.3428406715393066
1784626080,1.342822551727295,1.342822551727295,1.342822551727295,1.342822551727295
1784626140,1.3427865505218506,1.3427865505218506,1.3427865505218506,1.3427865505218506
1784626200,1.3425521850585938,1.3425521850585938,1.3425521850585938,1.3425521850585938
1784626260,1.3427324295043945,1.3427324295043945,1.3427324295043945,1.3427324295043945
1784626320,1.3428767919540405,1.3428767919540405,1.3428767919540405,1.3428767919540405
1784626380,1.3428586721420288,1.3428586721420288,1.3428586721420288,1.3428586721420288
1784626440,1.3429127931594849,1.3429127931594849,1.3429127931594849,1.3429127931594849
1784626500,1.3428946733474731,1.3428946733474731,1.3428946733474731,1.3428946733474731
1784626560,1.3429489135742188,1.3429489135742188,1.3429489135742188,1.3429489135742188
1784626620,1.3427685499191284,1.3427685499191284,1.3427685499191284,1.3427685499191284
1784626680,1.3433096408843994,1.3433096408843994,1.3433096408843994,1.3433096408843994
1784626740,1.343075156211853,1.343075156211853,1.343075156211853,1.343075156211853
1784626800,1.3430570363998413,1.3430570363998413,1.3430570363998413,1.3430570363998413
1784626860,1.342930793762207,1.342930793762207,1.342930793762207,1.342930793762207
1784626920,1.3429667949676514,1.3429667949676514,1.3429667949676514,1.3429667949676514
1784626980,1.3428946733474731,1.3428946733474731,1.3428946733474731,1.3428946733474731
1784627040,1.3428586721420288,1.3428586721420288,1.3428586721420288,1.3428586721420288
1784627100,1.3428406715393066,1.3428406715393066,1.3428406715393066,1.3428406715393066
1784627160,1.3429667949676514,1.3429667949676514,1.3429667949676514,1.3429667949676514
1784627220,1.342984914779663,1.342984914779663,1.342984914779663,1.342984914779663
1784627280,1.3431652784347534,1.3431652784347534,1.3431652784347534,1.3431652784347534
1784627340,1.3430570363998413,1.3430570363998413,1.3430570363998413,1.3430570363998413
1784627400,1.3430390357971191,1.3430390357971191,1.3430390357971191,1.3430390357971191
1784627460,1.342930793762207,1.342930793762207,1.342930793762207,1.342930793762207
1784627520,1.3430390357971191,1.3430390357971191,1.3430390357971191,1.3430390357971191
1784627580,1.342984914779663,1.342984914779663,1.342984914779663,1.342984914779663
1784627640,1.3430931568145752,1.3430931568145752,1.3430931568145752,1.3430931568145752
1784627700,1.3429667949676514,1.3429667949676514,1.3429667949676514,1.3429667949676514
1784627760,1.3430390357971191,1.3430390357971191,1.3430390357971191,1.3430390357971191
1784627820,1.3428406715393066,1.3428406715393066,1.3428406715393066,1.3428406715393066
1784627880,1.3427504301071167,1.3427504301071167,1.3427504301071167,1.3427504301071167
1784627940,1.3427324295043945,1.3427324295043945,1.3427324295043945,1.3427324295043945
1784628000,1.3425341844558716,1.3425341844558716,1.3425341844558716,1.3425341844558716
1784628060,1.3427324295043945,1.3427324295043945,1.3427324295043945,1.3427324295043945
1784628120,1.3427685499191284,1.3427685499191284,1.3427685499191284,1.3427685499191284
1784628180,1.3427144289016724,1.3427144289016724,1.3427144289016724,1.3427144289016724
1784628240,1.3426783084869385,1.3426783084869385,1.3426783084869385,1.3426783084869385
1784628300,1.342624306678772,1.342624306678772,1.342624306678772,1.342624306678772
1784628360,1.3426063060760498,1.3426063060760498,1.3426063060760498,1.3426063060760498
1784628420,1.3426783084869385,1.3426783084869385,1.3426783084869385,1.3426783084869385
1784628480,1.3427504301071167,1.3427504301071167,1.3427504301071167,1.3427504301071167
1784628540,1.3428586721420288,1.3428586721420288,1.3428586721420288,1.3428586721420288
1784628600,1.3428946733474731,1.3428946733474731,1.3428946733474731,1.3428946733474731
1784628660,1.3433817625045776,1.3433817625045776,1.3433817625045776,1.3433817625045776
1784628720,1.3432915210723877,1.3432915210723877,1.3432915210723877,1.3432915210723877
1784628780,1.3433637619018555,1.3433637619018555,1.3433637619018555,1.3433637619018555
1784628840,1.3432555198669434,1.3432555198669434,1.3432555198669434,1.3432555198669434
1784628900,1.3431291580200195,1.3431291580200195,1.3431291580200195,1.3431291580200195
1784628960,1.343021035194397,1.343021035194397,1.343021035194397,1.343021035194397
1784629020,1.343111276626587,1.343111276626587,1.343111276626587,1.343111276626587
1784629080,1.3431833982467651,1.3431833982467651,1.3431833982467651,1.3431833982467651
1784629140,1.3428767919540405,1.3428767919540405,1.3428767919540405,1.3428767919540405
1784629200,1.3428767919540405,1.3428767919540405,1.3428767919540405,1.3428767919540405
1784629260,1.3428406715393066,1.3428406715393066,1.3428406715393066,1.3428406715393066
1784629320,1.342930793762207,1.342930793762207,1.342930793762207,1.342930793762207
1784629380,1.3429667949676514,1.3429667949676514,1.3429667949676514,1.3429667949676514
1784629440,1.3428767919540405,1.3428767919540405,1.3428767919540405,1.3428767919540405
1784629500,1.3428767919540405,1.3428767919540405,1.3428767919540405,1.3428767919540405
1784629560,1.3427144289016724,1.3427144289016724,1.3427144289016724,1.3427144289016724
1784629620,1.3427685499191284,1.3427685499191284,1.3427685499191284,1.3427685499191284
1784629680,1.3428767919540405,1.3428767919540405,1.3428767919540405,1.3428767919540405
1784629740,1.3427504301071167,1.3427504301071167,1.3427504301071167,1.3427504301071167
1784629800,1.3428406715393066,1.3428406715393066,1.3428406715393066,1.3428406715393066
1784629860,1.3429667949676514,1.3429667949676514,1.3429667949676514,1.3429667949676514
1784629920,1.3428767919540405,1.3428767919540405,1.3428767919540405,1.3428767919540405
1784629980,1.3430390357971191,1.3430390357971191,1.3430390357971191,1.3430390357971191
1784630040,1.342930793762207,1.342930793762207,1.342930793762207,1.342930793762207
1784630100,1.3428946733474731,1.3428946733474731,1.3428946733474731,1.3428946733474731
1784630160,1.3428946733474731,1.3428946733474731,1.3428946733474731,1.3428946733474731
1784630220,1.3427504301071167,1.3427504301071167,1.3427504301071167,1.3427504301071167
1784630280,1.3427504301071167,1.3427504301071167,1.3427504301071167,1.3427504301071167
1784630340,1.3426964282989502,1.3426964282989502,1.3426964282989502,1.3426964282989502
1784630400,1.3425521850585938,1.3425521850585938,1.3425521850585938,1.3425521850585938
1784630460,1.3423539400100708,1.3423539400100708,1.3423539400100708,1.3423539400100708
1784630520,1.34217369556427,1.34217369556427,1.34217369556427,1.34217369556427
1784630580,1.3421918153762817,1.3421918153762817,1.3421918153762817,1.3421918153762817
1784630640,1.3422459363937378,1.3422459363937378,1.3422459363937378,1.3422459363937378
1784630700,1.3421558141708374,1.3421558141708374,1.3421558141708374,1.3421558141708374
1784630760,1.3419395685195923,1.3419395685195923,1.3419395685195923,1.3419395685195923
1784630820,1.3419216871261597,1.3419216871261597,1.3419216871261597,1.3419216871261597
1784630880,1.3418855667114258,1.3418855667114258,1.3418855667114258,1.3418855667114258
1784630940,1.3419936895370483,1.3419936895370483,1.3419936895370483,1.3419936895370483
1784631000,1.341849684715271,1.341849684715271,1.341849684715271,1.341849684715271
1784631060,1.3417775630950928,1.3417775630950928,1.3417775630950928,1.3417775630950928
1784631120,1.3418315649032593,1.3418315649032593,1.3418315649032593,1.3418315649032593
1784631180,1.341579556465149,1.341579556465149,1.341579556465149,1.341579556465149
1784631240,1.341579556465149,1.341579556465149,1.341579556465149,1.341579556465149
1784631300,1.3416695594787598,1.3416695594787598,1.3416695594787598,1.3416695594787598
1784631360,1.3416156768798828,1.3416156768798828,1.3416156768798828,1.3416156768798828
1784631420,1.3416515588760376,1.3416515588760376,1.3416515588760376,1.3416515588760376
1784631480,1.341525673866272,1.341525673866272,1.341525673866272,1.341525673866272
1784631540,1.3418315649032593,1.3418315649032593,1.3418315649032593,1.3418315649032593
1784631600,1.341849684715271,1.341849684715271,1.341849684715271,1.341849684715271
1784631660,1.3418855667114258,1.3418855667114258,1.3418855667114258,1.3418855667114258
1784631720,1.3419936895370483,1.3419936895370483,1.3419936895370483,1.3419936895370483
1784631780,1.341849684715271,1.341849684715271,1.341849684715271,1.341849684715271
1784631840,1.3418675661087036,1.3418675661087036,1.3418675661087036,1.3418675661087036
1784631900,1.3420838117599487,1.3420838117599487,1.3420838117599487,1.3420838117599487
1784631960,1.342011570930481,1.342011570930481,1.342011570930481,1.342011570930481
1784632020,1.3417775630950928,1.3417775630950928,1.3417775630950928,1.3417775630950928
1784632080,1.341849684715271,1.341849684715271,1.341849684715271,1.341849684715271
1784632140,1.341705560684204,1.341705560684204,1.341705560684204,1.341705560684204
1784632200,1.3411837816238403,1.3411837816238403,1.3411837816238403,1.3411837816238403
1784632260,1.340985894203186,1.340985894203186,1.340985894203186,1.340985894203186
1784632320,1.3408420085906982,1.3408420085906982,1.3408420085906982,1.3408420085906982
1784632380,1.3410757780075073,1.3410757780075073,1.3410757780075073,1.3410757780075073
1784632440,1.3410578966140747,1.3410578966140747,1.3410578966140747,1.3410578966140747
1784632500,1.3409678936004639,1.3409678936004639,1.3409678936004639,1.3409678936004639
1784632560,1.3407881259918213,1.3407881259918213,1.3407881259918213,1.3407881259918213
1784632620,1.3409678936004639,1.3409678936004639,1.3409678936004639,1.3409678936004639
1784632680,1.3411476612091064,1.3411476612091064,1.3411476612091064,1.3411476612091064
1784632740,1.3410038948059082,1.3410038948059082,1.3410038948059082,1.3410038948059082
1784632800,1.3410757780075073,1.3410757780075073,1.3410757780075073,1.3410757780075073
1784632860,1.3408780097961426,1.3408780097961426,1.3408780097961426,1.3408780097961426
1784632920,1.3409318923950195,1.3409318923950195,1.3409318923950195,1.3409318923950195
1784632980,1.3409498929977417,1.3409498929977417,1.3409498929977417,1.3409498929977417
1784633040,1.3410398960113525,1.3410398960113525,1.3410398960113525,1.3410398960113525
1784633100,1.3409498929977417,1.3409498929977417,1.3409498929977417,1.3409498929977417
1784633160,1.3410038948059082,1.3410038948059082,1.3410038948059082,1.3410038948059082
1784633220,1.3410218954086304,1.3410218954086304,1.3410218954086304,1.3410218954086304
1784633280,1.3408960103988647,1.3408960103988647,1.3408960103988647,1.3408960103988647
1784633340,1.3410218954086304,1.3410218954086304,1.3410218954086304,1.3410218954086304
1784633400,1.3410398960113525,1.3410398960113525,1.3410398960113525,1.3410398960113525
1784633460,1.3410757780075073,1.3410757780075073,1.3410757780075073,1.3410757780075073
1784633520,1.3410218954086304,1.3410218954086304,1.3410218954086304,1.3410218954086304
1784633580,1.3408420085906982,1.3408420085906982,1.3408420085906982,1.3408420085906982
1784633640,1.3408420085906982,1.3408420085906982,1.3408420085906982,1.3408420085906982
1784633700,1.3409498929977417,1.3409498929977417,1.3409498929977417,1.3409498929977417
1784633760,1.3411656618118286,1.3411656618118286,1.3411656618118286,1.3411656618118286
1784633820,1.3412017822265625,1.3412017822265625,1.3412017822265625,1.3412017822265625
1784633880,1.3412556648254395,1.3412556648254395,1.3412556648254395,1.3412556648254395
1784633940,1.3412916660308838,1.3412916660308838,1.3412916660308838,1.3412916660308838
1784634000,1.341489553451538,1.341489553451538,1.341489553451538,1.341489553451538
1784634060,1.3412736654281616,1.3412736654281616,1.3412736654281616,1.3412736654281616
1784634120,1.3410578966140747,1.3410578966140747,1.3410578966140747,1.3410578966140747
1784634180,1.3410578966140747,1.3410578966140747,1.3410578966140747,1.3410578966140747
1784634240,1.3410578966140747,1.3410578966140747,1.3410578966140747,1.3410578966140747
1784634300,1.3411476612091064,1.3411476612091064,1.3411476612091064,1.3411476612091064
1784634360,1.3411117792129517,1.3411117792129517,1.3411117792129517,1.3411117792129517
1784634420,1.3411656618118286,1.3411656618118286,1.3411656618118286,1.3411656618118286
1784634480,1.3412916660308838,1.3412916660308838,1.3412916660308838,1.3412916660308838
1784634540,1.3411837816238403,1.3411837816238403,1.3411837816238403,1.3411837816238403
1784634600,1.3412556648254395,1.3412556648254395,1.3412556648254395,1.3412556648254395
1784634660,1.3410578966140747,1.3410578966140747,1.3410578966140747,1.3410578966140747
1784634720,1.3409498929977417,1.3409498929977417,1.3409498929977417,1.3409498929977417
1784634780,1.340644359588623,1.340644359588623,1.340644359588623,1.340644359588623
1784634840,1.3404287099838257,1.3404287099838257,1.3404287099838257,1.3404287099838257
1784634900,1.3404287099838257,1.3404287099838257,1.3404287099838257,1.3404287099838257
1784634960,1.3402310609817505,1.3402310609817505,1.3402310609817505,1.3402310609817505
1784635020,1.3404287099838257,1.3404287099838257,1.3404287099838257,1.3404287099838257
1784635080,1.3405544757843018,1.3405544757843018,1.3405544757843018,1.3405544757843018
1784635140,1.3404645919799805,1.3404645919799805,1.3404645919799805,1.3404645919799805
1784635200,1.340644359588623,1.340644359588623,1.340644359588623,1.340644359588623
1784635260,1.3404287099838257,1.3404287099838257,1.3404287099838257,1.3404287099838257
1784635320,1.3403029441833496,1.3403029441833496,1.3403029441833496,1.3403029441833496
1784635380,1.3403747081756592,1.3403747081756592,1.3403747081756592,1.3403747081756592
1784635440,1.3402670621871948,1.3402670621871948,1.3402670621871948,1.3402670621871948
1784635500,1.3403388261795044,1.3403388261795044,1.3403388261795044,1.3403388261795044
1784635560,1.3403029441833496,1.3403029441833496,1.3403029441833496,1.3403029441833496
1784635620,1.3403208255767822,1.3403208255767822,1.3403208255767822,1.3403208255767822
1784635680,1.3403388261795044,1.3403388261795044,1.3403388261795044,1.3403388261795044
1784635740,1.340356707572937,1.340356707572937,1.340356707572937,1.340356707572937
1784635800,1.340105414390564,1.340105414390564,1.340105414390564,1.340105414390564
1784635860,1.3398360013961792,1.3398360013961792,1.3398360013961792,1.3398360013961792
1784635920,1.3400335311889648,1.3400335311889648,1.3400335311889648,1.3400335311889648
1784635980,1.3399077653884888,1.3399077653884888,1.3399077653884888,1.3399077653884888
1784636040,1.3398540019989014,1.3398540019989014,1.3398540019989014,1.3398540019989014
1784636100,1.3398360013961792,1.3398360013961792,1.3398360013961792,1.3398360013961792
1784636160,1.3396564722061157,1.3396564722061157,1.3396564722061157,1.3396564722061157
1784636220,1.3396564722061157,1.3396564722061157,1.3396564722061157,1.3396564722061157
1784636280,1.339620590209961,1.339620590209961,1.339620590209961,1.339620590209961
1784636340,1.339620590209961,1.339620590209961,1.339620590209961,1.339620590209961
1784636400,1.339620590209961,1.339620590209961,1.339620590209961,1.339620590209961
1784636460,1.339674472808838,1.339674472808838,1.339674472808838,1.339674472808838
1784636520,1.3394770622253418,1.3394770622253418,1.3394770622253418,1.3394770622253418
1784636580,1.3392258882522583,1.3392258882522583,1.3392258882522583,1.3392258882522583
1784636640,1.3392797708511353,1.3392797708511353,1.3392797708511353,1.3392797708511353
1784636700,1.3387418985366821,1.3387418985366821,1.3387418985366821,1.3387418985366821
1784636760,1.3385089635849,1.3385089635849,1.3385089635849,1.3385089635849
1784636820,1.3388135433197021,1.3388135433197021,1.3388135433197021,1.3388135433197021
1784636880,1.33858060836792,1.33858060836792,1.33858060836792,1.33858060836792
1784636940,1.3385984897613525,1.3385984897613525,1.3385984897613525,1.3385984897613525
1784637000,1.3387597799301147,1.3387597799301147,1.3387597799301147,1.3387597799301147
1784637060,1.33872389793396,1.33872389793396,1.33872389793396,1.33872389793396
1784637120,1.3388673067092896,1.3388673067092896,1.3388673067092896,1.3388673067092896
1784637180,1.3391183614730835,1.3391183614730835,1.3391183614730835,1.3391183614730835
1784637240,1.3389928340911865,1.3389928340911865,1.3389928340911865,1.3389928340911865
1784637300,1.3390108346939087,1.3390108346939087,1.3390108346939087,1.3390108346939087
1784637360,1.3389569520950317,1.3389569520950317,1.3389569520950317,1.3389569520950317
1784637420,1.339064598083496,1.339064598083496,1.339064598083496,1.339064598083496
1784637480,1.339064598083496,1.339064598083496,1.339064598083496,1.339064598083496
1784637540,1.339172124862671,1.339172124862671,1.339172124862671,1.339172124862671
1784637600,1.3391542434692383,1.3391542434692383,1.3391542434692383,1.3391542434692383
1784637660,1.3389928340911865,1.3389928340911865,1.3389928340911865,1.3389928340911865
1784637720,1.3388851881027222,1.3388851881027222,1.3388851881027222,1.3388851881027222
1784637780,1.3389569520950317,1.3389569520950317,1.3389569520950317,1.3389569520950317
1784637840,1.3388135433197021,1.3388135433197021,1.3388135433197021,1.3388135433197021
1784637900,1.3388673067092896,1.3388673067092896,1.3388673067092896,1.3388673067092896
1784637960,1.3389748334884644,1.3389748334884644,1.3389748334884644,1.3389748334884644
1784638020,1.339064598083496,1.339064598083496,1.339064598083496,1.339064598083496
1784638080,1.3392080068588257,1.3392080068588257,1.3392080068588257,1.3392080068588257
1784638140,1.3391362428665161,1.3391362428665161,1.3391362428665161,1.3391362428665161
1784638200,1.3388673067092896,1.3388673067092896,1.3388673067092896,1.3388673067092896
1784638260,1.33879554271698,1.33879554271698,1.33879554271698,1.33879554271698
1784638320,1.3386701345443726,1.3386701345443726,1.3386701345443726,1.3386701345443726
1784638380,1.3386701345443726,1.3386701345443726,1.3386701345443726,1.3386701345443726
1784638440,1.33858060836792,1.33858060836792,1.33858060836792,1.33858060836792
1784638500,1.3382760286331177,1.3382760286331177,1.3382760286331177,1.3382760286331177
1784638560,1.3385447263717651,1.3385447263717651,1.3385447263717651,1.3385447263717651
1784638620,1.338849425315857,1.338849425315857,1.338849425315857,1.338849425315857
1784638680,1.339064598083496,1.339064598083496,1.339064598083496,1.339064598083496
1784638740,1.3389748334884644,1.3389748334884644,1.3389748334884644,1.3389748334884644
1784638800,1.3388673067092896,1.3388673067092896,1.3388673067092896,1.3388673067092896
1784638860,1.3387597799301147,1.3387597799301147,1.3387597799301147,1.3387597799301147
1784638920,1.3386342525482178,1.3386342525482178,1.3386342525482178,1.3386342525482178
1784638980,1.3384730815887451,1.3384730815887451,1.3384730815887451,1.3384730815887451
1784639040,1.3386701345443726,1.3386701345443726,1.3386701345443726,1.3386701345443726
1784639100,1.338777780532837,1.338777780532837,1.338777780532837,1.338777780532837
1784639160,1.3387418985366821,1.3387418985366821,1.3387418985366821,1.3387418985366821
1784639220,1.33872389793396,1.33872389793396,1.33872389793396,1.33872389793396
1784639280,1.3387418985366821,1.3387418985366821,1.3387418985366821,1.3387418985366821
1784639340,1.33865225315094,1.33865225315094,1.33865225315094,1.33865225315094
1784639400,1.3385447263717651,1.3385447263717651,1.3385447263717651,1.3385447263717651
1784639460,1.3389389514923096,1.3389389514923096,1.3389389514923096,1.3389389514923096
1784639520,1.3391183614730835,1.3391183614730835,1.3391183614730835,1.3391183614730835
1784639580,1.3391362428665161,1.3391362428665161,1.3391362428665161,1.3391362428665161
1784639640,1.339172124862671,1.339172124862671,1.339172124862671,1.339172124862671
1784639700,1.3395488262176514,1.3395488262176514,1.3395488262176514,1.3395488262176514
1784639760,1.339172124862671,1.339172124862671,1.339172124862671,1.339172124862671
1784639820,1.338849425315857,1.338849425315857,1.338849425315857,1.338849425315857
1784639880,1.3390285968780518,1.3390285968780518,1.3390285968780518,1.3390285968780518
1784639940,1.3387418985366821,1.3387418985366821,1.3387418985366821,1.3387418985366821
1784640000,1.3388673067092896,1.3388673067092896,1.3388673067092896,1.3388673067092896
1784640060,1.3386701345443726,1.3386701345443726,1.3386701345443726,1.3386701345443726
1784640120,1.338777780532837,1.338777780532837,1.338777780532837,1.338777780532837
1784640180,1.3385268449783325,1.3385268449783325,1.3385268449783325,1.3385268449783325
1784640240,1.3380789756774902,1.3380789756774902,1.3380789756774902,1.3380789756774902
1784640300,1.3380969762802124,1.3380969762802124,1.3380969762802124,1.3380969762802124
1784640360,1.338114857673645,1.338114857673645,1.338114857673645,1.338114857673645
1784640420,1.3380612134933472,1.3380612134933472,1.3380612134933472,1.3380612134933472
1784640480,1.3380969762802124,1.3380969762802124,1.3380969762802124,1.3380969762802124
1784640540,1.337882161140442,1.337882161140442,1.337882161140442,1.337882161140442
1784640600,1.3379358053207397,1.3379358053207397,1.3379358053207397,1.3379358053207397
1784640660,1.3376494646072388,1.3376494646072388,1.3376494646072388,1.3376494646072388
1784640720,1.337882161140442,1.337882161140442,1.337882161140442,1.337882161140442
1784640780,1.3376494646072388,1.3376494646072388,1.3376494646072388,1.3376494646072388
1784640840,1.3373453617095947,1.3373453617095947,1.3373453617095947,1.3373453617095947
1784640900,1.3372738361358643,1.3372738361358643,1.3372738361358643,1.3372738361358643
1784640960,1.3370771408081055,1.3370771408081055,1.3370771408081055,1.3370771408081055
1784641020,1.3368090391159058,1.3368090391159058,1.3368090391159058,1.3368090391159058
1784641080,1.3363267183303833,1.3363267183303833,1.3363267183303833,1.3363267183303833
1784641140,1.3361302614212036,1.3361302614212036,1.3361302614212036,1.3361302614212036
1784641200,1.336094617843628,1.336094617843628,1.336094617843628,1.336094617843628
1784641260,1.3361302614212036,1.3361302614212036,1.3361302614212036,1.3361302614212036
1784641320,1.3362553119659424,1.3362553119659424,1.3362553119659424,1.3362553119659424
1784641380,1.3362553119659424,1.3362553119659424,1.3362553119659424,1.3362553119659424
1784641440,1.3362195491790771,1.3362195491790771,1.3362195491790771,1.3362195491790771
1784641500,1.3364516496658325,1.3364516496658325,1.3364516496658325,1.3364516496658325
1784641560,1.336523175239563,1.336523175239563,1.336523175239563,1.336523175239563
1784641620,1.3366303443908691,1.3366303443908691,1.3366303443908691,1.3366303443908691
1784641680,1.3370592594146729,1.3370592594146729,1.3370592594146729,1.3370592594146729
1784641740,1.337363362312317,1.337363362312317,1.337363362312317,1.337363362312317
1784641800,1.337846279144287,1.337846279144287,1.337846279144287,1.337846279144287
1784641860,1.3378641605377197,1.3378641605377197,1.3378641605377197,1.3378641605377197
1784641920,1.3379716873168945,1.3379716873168945,1.3379716873168945,1.3379716873168945
1784641980,1.3382760286331177,1.3382760286331177,1.3382760286331177,1.3382760286331177
1784642040,1.3385089635849,1.3385089635849,1.3385089635849,1.3385089635849
1784642100,1.338329792022705,1.338329792022705,1.338329792022705,1.338329792022705
1784642160,1.3381328582763672,1.3381328582763672,1.3381328582763672,1.3381328582763672
1784642220,1.3381506204605103,1.3381506204605103,1.3381506204605103,1.3381506204605103
1784642280,1.3380612134933472,1.3380612134933472,1.3380612134933472,1.3380612134933472
1784642340,1.3380612134933472,1.3380612134933472,1.3380612134933472,1.3380612134933472
1784642400,1.3384371995925903,1.3384371995925903,1.3384371995925903,1.3384371995925903
1784642460,1.3381328582763672,1.3381328582763672,1.3381328582763672,1.3381328582763672
1784642520,1.3383656740188599,1.3383656740188599,1.3383656740188599,1.3383656740188599
1784642580,1.3382043838500977,1.3382043838500977,1.3382043838500977,1.3382043838500977
1784642640,1.3384730815887451,1.3384730815887451,1.3384730815887451,1.3384730815887451
1784642700,1.3385268449783325,1.3385268449783325,1.3385268449783325,1.3385268449783325
1784642760,1.338849425315857,1.338849425315857,1.338849425315857,1.338849425315857
1784642820,1.33872389793396,1.33872389793396,1.33872389793396,1.33872389793396
1784642880,1.3388135433197021,1.3388135433197021,1.3388135433197021,1.3388135433197021
1784642940,1.3390108346939087,1.3390108346939087,1.3390108346939087,1.3390108346939087
1784643000,1.3391542434692383,1.3391542434692383,1.3391542434692383,1.3391542434692383
1784643060,1.3393514156341553,1.3393514156341553,1.3393514156341553,1.3393514156341553
1784643120,1.339441180229187,1.339441180229187,1.339441180229187,1.339441180229187
1784643180,1.3393514156341553,1.3393514156341553,1.3393514156341553,1.3393514156341553
1784643240,1.3397462368011475,1.3397462368011475,1.3397462368011475,1.3397462368011475
1784643300,1.3397282361984253,1.3397282361984253,1.3397282361984253,1.3397282361984253
1784643360,1.339638590812683,1.339638590812683,1.339638590812683,1.339638590812683
1784643420,1.3396564722061157,1.3396564722061157,1.3396564722061157,1.3396564722061157
1784643480,1.3394591808319092,1.3394591808319092,1.3394591808319092,1.3394591808319092
1784643540,1.339441180229187,1.339441180229187,1.339441180229187,1.339441180229187
1784643600,1.33931565284729,1.33931565284729,1.33931565284729,1.33931565284729
1784643660,1.3394231796264648,1.3394231796264648,1.3394231796264648,1.3394231796264648
1784643720,1.3393335342407227,1.3393335342407227,1.3393335342407227,1.3393335342407227
1784643780,1.3392976522445679,1.3392976522445679,1.3392976522445679,1.3392976522445679
1784643840,1.3391183614730835,1.3391183614730835,1.3391183614730835,1.3391183614730835
1784643900,1.339046597480774,1.339046597480774,1.339046597480774,1.339046597480774
1784643960,1.3392438888549805,1.3392438888549805,1.3392438888549805,1.3392438888549805
1784644020,1.3390285968780518,1.3390285968780518,1.3390285968780518,1.3390285968780518
1784644080,1.3389389514923096,1.3389389514923096,1.3389389514923096,1.3389389514923096
1784644140,1.3386701345443726,1.3386701345443726,1.3386701345443726,1.3386701345443726
1784644200,1.338849425315857,1.338849425315857,1.338849425315857,1.338849425315857
1784644260,1.3387597799301147,1.3387597799301147,1.3387597799301147,1.3387597799301147
1784644320,1.33858060836792,1.33858060836792,1.33858060836792,1.33858060836792
1784644380,1.3381506204605103,1.3381506204605103,1.3381506204605103,1.3381506204605103
1784644440,1.3379536867141724,1.3379536867141724,1.3379536867141724,1.3379536867141724
1784644500,1.3379536867141724,1.3379536867141724,1.3379536867141724,1.3379536867141724
1784644560,1.337846279144287,1.337846279144287,1.337846279144287,1.337846279144287
1784644620,1.3379358053207397,1.3379358053207397,1.3379358053207397,1.3379358053207397
1784644680,1.3377567529678345,1.3377567529678345,1.3377567529678345,1.3377567529678345
1784644740,1.337667465209961,1.337667465209961,1.337667465209961,1.337667465209961
1784644800,1.338043212890625,1.338043212890625,1.338043212890625,1.338043212890625
1784644860,1.3379716873168945,1.3379716873168945,1.3379716873168945,1.3379716873168945
1784644920,1.3380074501037598,1.3380074501037598,1.3380074501037598,1.3380074501037598
1784644980,1.338114857673645,1.338114857673645,1.338114857673645,1.338114857673645
1784645040,1.3380074501037598,1.3380074501037598,1.3380074501037598,1.3380074501037598
1784645100,1.3379179239273071,1.3379179239273071,1.3379179239273071,1.3379179239273071
1784645160,1.3379000425338745,1.3379000425338745,1.3379000425338745,1.3379000425338745
1784645220,1.3377389907836914,1.3377389907836914,1.3377389907836914,1.3377389907836914
1784645280,1.3378641605377197,1.3378641605377197,1.3378641605377197,1.3378641605377197
1784645340,1.337524175643921,1.337524175643921,1.337524175643921,1.337524175643921
1784645400,1.3376315832138062,1.3376315832138062,1.3376315832138062,1.3376315832138062
1784645460,1.337524175643921,1.337524175643921,1.337524175643921,1.337524175643921
1784645520,1.3374885320663452,1.3374885320663452,1.3374885320663452,1.3374885320663452
1784645580,1.337238073348999,1.337238073348999,1.337238073348999,1.337238073348999
1784645640,1.3373453617095947,1.3373453617095947,1.3373453617095947,1.3373453617095947
1784645700,1.3375600576400757,1.3375600576400757,1.3375600576400757,1.3375600576400757
1784645760,1.337005615234375,1.337005615234375,1.337005615234375,1.337005615234375
1784645820,1.3368090391159058,1.3368090391159058,1.3368090391159058,1.3368090391159058
1784645880,1.337095022201538,1.337095022201538,1.337095022201538,1.337095022201538
1784645940,1.3371307849884033,1.3371307849884033,1.3371307849884033,1.3371307849884033
1784646000,1.3371129035949707,1.3371129035949707,1.3371129035949707,1.3371129035949707
1784646060,1.336916208267212,1.336916208267212,1.336916208267212,1.336916208267212
1784646120,1.337148666381836,1.337148666381836,1.337148666381836,1.337148666381836
1784646180,1.3369340896606445,1.3369340896606445,1.3369340896606445,1.3369340896606445
1784646240,1.3370592594146729,1.3370592594146729,1.3370592594146729,1.3370592594146729
1784646300,1.3371307849884033,1.3371307849884033,1.3371307849884033,1.3371307849884033
1784646360,1.3372023105621338,1.3372023105621338,1.3372023105621338,1.3372023105621338
1784646420,1.337238073348999,1.337238073348999,1.337238073348999,1.337238073348999
1784646480,1.3372917175292969,1.3372917175292969,1.3372917175292969,1.3372917175292969
1784646540,1.3373990058898926,1.3373990058898926,1.3373990058898926,1.3373990058898926
1784646600,1.3373990058898926,1.3373990058898926,1.3373990058898926,1.3373990058898926
1784646660,1.3375600576400757,1.3375600576400757,1.3375600576400757,1.3375600576400757
1784646720,1.33738112449646,1.33738112449646,1.33738112449646,1.33738112449646
1784646780,1.3373453617095947,1.3373453617095947,1.3373453617095947,1.3373453617095947
1784646840,1.3373453617095947,1.3373453617095947,1.3373453617095947,1.3373453617095947
1784646900,1.337524175643921,1.337524175643921,1.337524175643921,1.337524175643921
1784646960,1.3376494646072388,1.3376494646072388,1.3376494646072388,1.3376494646072388
1784647020,1.3377567529678345,1.3377567529678345,1.3377567529678345,1.3377567529678345
1784647080,1.3378641605377197,1.3378641605377197,1.3378641605377197,1.3378641605377197
1784647140,1.3377567529678345,1.3377567529678345,1.3377567529678345,1.3377567529678345
1784647200,1.3377389907836914,1.3377389907836914,1.3377389907836914,1.3377389907836914
1784647260,1.337882161140442,1.337882161140442,1.337882161140442,1.337882161140442
1784647320,1.3377211093902588,1.3377211093902588,1.3377211093902588,1.3377211093902588
1784647380,1.3375064134597778,1.3375064134597778,1.3375064134597778,1.3375064134597778
1784647440,1.3376137018203735,1.3376137018203735,1.3376137018203735,1.3376137018203735
1784647500,1.3378105163574219,1.3378105163574219,1.3378105163574219,1.3378105163574219
1784647560,1.3377031087875366,1.3377031087875366,1.3377031087875366,1.3377031087875366
1784647620,1.3377567529678345,1.3377567529678345,1.3377567529678345,1.3377567529678345
1784647680,1.3378641605377197,1.3378641605377197,1.3378641605377197,1.3378641605377197
1784647740,1.3379000425338745,1.3379000425338745,1.3379000425338745,1.3379000425338745
1784647800,1.337595820426941,1.337595820426941,1.337595820426941,1.337595820426941
1784647860,1.337882161140442,1.337882161140442,1.337882161140442,1.337882161140442
1784647920,1.3379358053207397,1.3379358053207397,1.3379358053207397,1.3379358053207397
1784647980,1.3376137018203735,1.3376137018203735,1.3376137018203735,1.3376137018203735
1784648040,1.3379179239273071,1.3379179239273071,1.3379179239273071,1.3379179239273071
1784648100,1.3379536867141724,1.3379536867141724,1.3379536867141724,1.3379536867141724
1784648160,1.337846279144287,1.337846279144287,1.337846279144287,1.337846279144287
1784648220,1.3379536867141724,1.3379536867141724,1.3379536867141724,1.3379536867141724
1784648280,1.3380253314971924,1.3380253314971924,1.3380253314971924,1.3380253314971924
1784648340,1.337846279144287,1.337846279144287,1.337846279144287,1.337846279144287
1784648400,1.3376315832138062,1.3376315832138062,1.3376315832138062,1.3376315832138062
1784648460,1.3377211093902588,1.3377211093902588,1.3377211093902588,1.3377211093902588
1784648520,1.3376494646072388,1.3376494646072388,1.3376494646072388,1.3376494646072388
1784648580,1.3375064134597778,1.3375064134597778,1.3375064134597778,1.3375064134597778
1784648640,1.3375779390335083,1.3375779390335083,1.3375779390335083,1.3375779390335083
1784648700,1.3375779390335083,1.3375779390335083,1.3375779390335083,1.3375779390335083
1784648760,1.3376315832138062,1.3376315832138062,1.3376315832138062,1.3376315832138062
1784648820,1.3375600576400757,1.3375600576400757,1.3375600576400757,1.3375600576400757
1784648880,1.3374526500701904,1.3374526500701904,1.3374526500701904,1.3374526500701904
1784648940,1.33738112449646,1.33738112449646,1.33738112449646,1.33738112449646
1784649000,1.3373453617095947,1.3373453617095947,1.3373453617095947,1.3373453617095947
1784649060,1.3373453617095947,1.3373453617095947,1.3373453617095947,1.3373453617095947
1784649120,1.3373990058898926,1.3373990058898926,1.3373990058898926,1.3373990058898926
1784649180,1.3373095989227295,1.3373095989227295,1.3373095989227295,1.3373095989227295
1784649240,1.3372917175292969,1.3372917175292969,1.3372917175292969,1.3372917175292969
1784649300,1.3373453617095947,1.3373453617095947,1.3373453617095947,1.3373453617095947
1784649360,1.337327480316162,1.337327480316162,1.337327480316162,1.337327480316162
1784649420,1.337238073348999,1.337238073348999,1.337238073348999,1.337238073348999
1784649480,1.337327480316162,1.337327480316162,1.337327480316162,1.337327480316162
1784649540,1.3372201919555664,1.3372201919555664,1.3372201919555664,1.3372201919555664
1784649600,1.3373453617095947,1.3373453617095947,1.3373453617095947,1.3373453617095947
1784649660,1.3374885320663452,1.3374885320663452,1.3374885320663452,1.3374885320663452
1784649720,1.3373990058898926,1.3373990058898926,1.3373990058898926,1.3373990058898926
1784649780,1.3372738361358643,1.3372738361358643,1.3372738361358643,1.3372738361358643
1784649840,1.3372559547424316,1.3372559547424316,1.3372559547424316,1.3372559547424316
1784649900,1.3373095989227295,1.3373095989227295,1.3373095989227295,1.3373095989227295
1784649960,1.337327480316162,1.337327480316162,1.337327480316162,1.337327480316162
1784650020,1.3373095989227295,1.3373095989227295,1.3373095989227295,1.3373095989227295
1784650080,1.3372201919555664,1.3372201919555664,1.3372201919555664,1.3372201919555664
1784650140,1.337238073348999,1.337238073348999,1.337238073348999,1.337238073348999
1784650200,1.337238073348999,1.337238073348999,1.337238073348999,1.337238073348999
1784650260,1.337327480316162,1.337327480316162,1.337327480316162,1.337327480316162
1784650320,1.3371307849884033,1.3371307849884033,1.3371307849884033,1.3371307849884033
1784650380,1.3370592594146729,1.3370592594146729,1.3370592594146729,1.3370592594146729
1784650440,1.3371129035949707,1.3371129035949707,1.3371129035949707,1.3371129035949707
1784650500,1.3371129035949707,1.3371129035949707,1.3371129035949707,1.3371129035949707
1784650560,1.337148666381836,1.337148666381836,1.337148666381836,1.337148666381836
1784650620,1.337095022201538,1.337095022201538,1.337095022201538,1.337095022201538
1784650680,1.3371307849884033,1.3371307849884033,1.3371307849884033,1.3371307849884033
1784650740,1.3371307849884033,1.3371307849884033,1.3371307849884033,1.3371307849884033
1784650800,1.3371307849884033,1.3371307849884033,1.3371307849884033,1.3371307849884033
1784650860,1.3371307849884033,1.3371307849884033,1.3371307849884033,1.3371307849884033
1784650920,1.3374885320663452,1.3374885320663452,1.3374885320663452,1.3374885320663452
1784650980,1.337363362312317,1.337363362312317,1.337363362312317,1.337363362312317
1784651040,1.337363362312317,1.337363362312317,1.337363362312317,1.337363362312317
1784651100,1.337327480316162,1.337327480316162,1.337327480316162,1.337327480316162
1784651160,1.3372559547424316,1.3372559547424316,1.3372559547424316,1.3372559547424316
1784651220,1.337238073348999,1.337238073348999,1.337238073348999,1.337238073348999
1784651280,1.3372917175292969,1.3372917175292969,1.3372917175292969,1.3372917175292969
1784651340,1.337327480316162,1.337327480316162,1.337327480316162,1.337327480316162
1784651400,1.3373095989227295,1.3373095989227295,1.3373095989227295,1.3373095989227295
1784651460,1.3373095989227295,1.3373095989227295,1.3373095989227295,1.3373095989227295
1784651520,1.3373990058898926,1.3373990058898926,1.3373990058898926,1.3373990058898926
1784651580,1.337524175643921,1.337524175643921,1.337524175643921,1.337524175643921
1784651640,1.3376315832138062,1.3376315832138062,1.3376315832138062,1.3376315832138062
1784651700,1.3375420570373535,1.3375420570373535,1.3375420570373535,1.3375420570373535
1784651760,1.3376315832138062,1.3376315832138062,1.3376315832138062,1.3376315832138062
1784651820,1.337685227394104,1.337685227394104,1.337685227394104,1.337685227394104
1784651880,1.337828516960144,1.337828516960144,1.337828516960144,1.337828516960144
1784651940,1.337882161140442,1.337882161140442,1.337882161140442,1.337882161140442
1784652000,1.3379536867141724,1.3379536867141724,1.3379536867141724,1.3379536867141724
1784652060,1.3380612134933472,1.3380612134933472,1.3380612134933472,1.3380612134933472
1784652120,1.3381685018539429,1.3381685018539429,1.3381685018539429,1.3381685018539429
1784652180,1.3382940292358398,1.3382940292358398,1.3382940292358398,1.3382940292358398
1784652240,1.338311791419983,1.338311791419983,1.338311791419983,1.338311791419983
1784652300,1.3382223844528198,1.3382223844528198,1.3382223844528198,1.3382223844528198
1784652360,1.3382760286331177,1.3382760286331177,1.3382760286331177,1.3382760286331177
1784652420,1.338258147239685,1.338258147239685,1.338258147239685,1.338258147239685
1784652480,1.3381685018539429,1.3381685018539429,1.3381685018539429,1.3381685018539429
1784652540,1.338240146636963,1.338240146636963,1.338240146636963,1.338240146636963
1784652600,1.338258147239685,1.338258147239685,1.338258147239685,1.338258147239685
1784652660,1.3382043838500977,1.3382043838500977,1.3382043838500977,1.3382043838500977
1784652720,1.338329792022705,1.338329792022705,1.338329792022705,1.338329792022705
1784652780,1.3383476734161377,1.3383476734161377,1.3383476734161377,1.3383476734161377
1784652840,1.3382760286331177,1.3382760286331177,1.3382760286331177,1.3382760286331177
1784652900,1.3382760286331177,1.3382760286331177,1.3382760286331177,1.3382760286331177
1784652960,1.3383476734161377,1.3383476734161377,1.3383476734161377,1.3383476734161377
1784653020,1.3383476734161377,1.3383476734161377,1.3383476734161377,1.3383476734161377
1784653080,1.3384193181991577,1.3384193181991577,1.3384193181991577,1.3384193181991577
1784653140,1.3383656740188599,1.3383656740188599,1.3383656740188599,1.3383656740188599
1784653200,1.338401436805725,1.338401436805725,1.338401436805725,1.338401436805725
1784653260,1.3384730815887451,1.3384730815887451,1.3384730815887451,1.3384730815887451
1784653320,1.3384193181991577,1.3384193181991577,1.3384193181991577,1.3384193181991577
1784653380,1.3382223844528198,1.3382223844528198,1.3382223844528198,1.3382223844528198
1784653440,1.338258147239685,1.338258147239685,1.338258147239685,1.338258147239685
1784653500,1.3382223844528198,1.3382223844528198,1.3382223844528198,1.3382223844528198
1784653560,1.338311791419983,1.338311791419983,1.338311791419983,1.338311791419983
1784653620,1.338329792022705,1.338329792022705,1.338329792022705,1.338329792022705
1784653680,1.338258147239685,1.338258147239685,1.338258147239685,1.338258147239685
1784653740,1.338258147239685,1.338258147239685,1.338258147239685,1.338258147239685
1784653800,1.338114857673645,1.338114857673645,1.338114857673645,1.338114857673645
1784653860,1.3381506204605103,1.3381506204605103,1.3381506204605103,1.3381506204605103
1784653920,1.338329792022705,1.338329792022705,1.338329792022705,1.338329792022705
1784653980,1.3384371995925903,1.3384371995925903,1.3384371995925903,1.3384371995925903
1784654040,1.3384193181991577,1.3384193181991577,1.3384193181991577,1.3384193181991577
1784654100,1.3383835554122925,1.3383835554122925,1.3383835554122925,1.3383835554122925
1784654160,1.3383835554122925,1.3383835554122925,1.3383835554122925,1.3383835554122925
1784654220,1.338329792022705,1.338329792022705,1.338329792022705,1.338329792022705
1784654280,1.338311791419983,1.338311791419983,1.338311791419983,1.338311791419983
1784654340,1.3384193181991577,1.3384193181991577,1.3384193181991577,1.3384193181991577
1784654400,1.3383656740188599,1.3383656740188599,1.3383656740188599,1.3383656740188599
1784654460,1.338401436805725,1.338401436805725,1.338401436805725,1.338401436805725
1784654520,1.3384193181991577,1.3384193181991577,1.3384193181991577,1.3384193181991577
1784654580,1.3383476734161377,1.3383476734161377,1.3383476734161377,1.3383476734161377
1784654640,1.3383835554122925,1.3383835554122925,1.3383835554122925,1.3383835554122925
1784654700,1.3384730815887451,1.3384730815887451,1.3384730815887451,1.3384730815887451
1784654760,1.3385626077651978,1.3385626077651978,1.3385626077651978,1.3385626077651978
1784654820,1.3385626077651978,1.3385626077651978,1.3385626077651978,1.3385626077651978
1784654880,1.3385447263717651,1.3385447263717651,1.3385447263717651,1.3385447263717651
1784654940,1.3386164903640747,1.3386164903640747,1.3386164903640747,1.3386164903640747
1784655000,1.3386881351470947,1.3386881351470947,1.3386881351470947,1.3386881351470947
1784655060,1.33865225315094,1.33865225315094,1.33865225315094,1.33865225315094
1784655120,1.3386164903640747,1.3386164903640747,1.3386164903640747,1.3386164903640747
1784655240,1.33858060836792,1.33858060836792,1.33858060836792,1.33858060836792
1784655300,1.3385447263717651,1.3385447263717651,1.3385447263717651,1.3385447263717651
1784655360,1.3384909629821777,1.3384909629821777,1.3384909629821777,1.3384909629821777
1784655420,1.3385268449783325,1.3385268449783325,1.3385268449783325,1.3385268449783325
1784655480,1.33858060836792,1.33858060836792,1.33858060836792,1.33858060836792
1784655540,1.3385984897613525,1.3385984897613525,1.3385984897613525,1.3385984897613525
1784655600,1.3385447263717651,1.3385447263717651,1.3385447263717651,1.3385447263717651
1784655660,1.3386164903640747,1.3386164903640747,1.3386164903640747,1.3386164903640747
1784655720,1.3385447263717651,1.3385447263717651,1.3385447263717651,1.3385447263717651
1784655780,1.3385268449783325,1.3385268449783325,1.3385268449783325,1.3385268449783325
1784655840,1.3386701345443726,1.3386701345443726,1.3386701345443726,1.3386701345443726
1784655900,1.33865225315094,1.33865225315094,1.33865225315094,1.33865225315094
1784655960,1.3386164903640747,1.3386164903640747,1.3386164903640747,1.3386164903640747
1784656020,1.3385984897613525,1.3385984897613525,1.3385984897613525,1.3385984897613525
1784656080,1.3386164903640747,1.3386164903640747,1.3386164903640747,1.3386164903640747
1784656140,1.3387060165405273,1.3387060165405273,1.3387060165405273,1.3387060165405273
1784656200,1.3385268449783325,1.3385268449783325,1.3385268449783325,1.3385268449783325
1784656260,1.3386164903640747,1.3386164903640747,1.3386164903640747,1.3386164903640747
1784656320,1.3386164903640747,1.3386164903640747,1.3386164903640747,1.3386164903640747
1784656380,1.338777780532837,1.338777780532837,1.338777780532837,1.338777780532837
1784656440,1.3387418985366821,1.3387418985366821,1.3387418985366821,1.3387418985366821
1784656500,1.33872389793396,1.33872389793396,1.33872389793396,1.33872389793396
1784656560,1.3385984897613525,1.3385984897613525,1.3385984897613525,1.3385984897613525
1784656620,1.33858060836792,1.33858060836792,1.33858060836792,1.33858060836792
1784656680,1.3385447263717651,1.3385447263717651,1.3385447263717651,1.3385447263717651
1784656740,1.3385268449783325,1.3385268449783325,1.3385268449783325,1.3385268449783325
1784656800,1.3384730815887451,1.3384730815887451,1.3384730815887451,1.3384730815887451
1784656860,1.3384552001953125,1.3384552001953125,1.3384552001953125,1.3384552001953125
1784656920,1.3383835554122925,1.3383835554122925,1.3383835554122925,1.3383835554122925
1784656980,1.3382760286331177,1.3382760286331177,1.3382760286331177,1.3382760286331177
1784657040,1.3381328582763672,1.3381328582763672,1.3381328582763672,1.3381328582763672
1784657100,1.3380074501037598,1.3380074501037598,1.3380074501037598,1.3380074501037598
1784657160,1.3377389907836914,1.3377389907836914,1.3377389907836914,1.3377389907836914
1784657220,1.3377389907836914,1.3377389907836914,1.3377389907836914,1.3377389907836914
1784657280,1.3378105163574219,1.3378105163574219,1.3378105163574219,1.3378105163574219
1784657340,1.3378641605377197,1.3378641605377197,1.3378641605377197,1.3378641605377197
1784657400,1.3380612134933472,1.3380612134933472,1.3380612134933472,1.3380612134933472
1784657460,1.3380253314971924,1.3380253314971924,1.3380253314971924,1.3380253314971924
1784657520,1.3380074501037598,1.3380074501037598,1.3380074501037598,1.3380074501037598
1784657580,1.3380253314971924,1.3380253314971924,1.3380253314971924,1.3380253314971924
1784657640,1.3378105163574219,1.3378105163574219,1.3378105163574219,1.3378105163574219
1784657700,1.3377211093902588,1.3377211093902588,1.3377211093902588,1.3377211093902588
1784657760,1.337685227394104,1.337685227394104,1.337685227394104,1.337685227394104
1784657820,1.3377747535705566,1.3377747535705566,1.3377747535705566,1.3377747535705566
1784657880,1.3377747535705566,1.3377747535705566,1.3377747535705566,1.3377747535705566
1784657940,1.3378105163574219,1.3378105163574219,1.3378105163574219,1.3378105163574219
1784658000,1.3376315832138062,1.3376315832138062,1.3376315832138062,1.3376315832138062
1784658060,1.3376315832138062,1.3376315832138062,1.3376315832138062,1.3376315832138062
1784658120,1.3376315832138062,1.3376315832138062,1.3376315832138062,1.3376315832138062
1784658180,1.3376137018203735,1.3376137018203735,1.3376137018203735,1.3376137018203735
1784658240,1.3375600576400757,1.3375600576400757,1.3375600576400757,1.3375600576400757
1784658300,1.3379358053207397,1.3379358053207397,1.3379358053207397,1.3379358053207397
1784658360,1.3380253314971924,1.3380253314971924,1.3380253314971924,1.3380253314971924
1784658420,1.3381328582763672,1.3381328582763672,1.3381328582763672,1.3381328582763672
1784658480,1.3380969762802124,1.3380969762802124,1.3380969762802124,1.3380969762802124
1784658540,1.338043212890625,1.338043212890625,1.338043212890625,1.338043212890625
1784658600,1.3380789756774902,1.3380789756774902,1.3380789756774902,1.3380789756774902
1784658660,1.3379179239273071,1.3379179239273071,1.3379179239273071,1.3379179239273071
1784658720,1.3379358053207397,1.3379358053207397,1.3379358053207397,1.3379358053207397
1784658780,1.3379358053207397,1.3379358053207397,1.3379358053207397,1.3379358053207397
1784658840,1.3378641605377197,1.3378641605377197,1.3378641605377197,1.3378641605377197
1784658900,1.337685227394104,1.337685227394104,1.337685227394104,1.337685227394104
1784658960,1.337595820426941,1.337595820426941,1.337595820426941,1.337595820426941
1784659020,1.3375779390335083,1.3375779390335083,1.3375779390335083,1.3375779390335083
1784659080,1.3376494646072388,1.3376494646072388,1.3376494646072388,1.3376494646072388
1784659140,1.3376494646072388,1.3376494646072388,1.3376494646072388,1.3376494646072388
1784659200,1.3377389907836914,1.3377389907836914,1.3377389907836914,1.3377389907836914
1784659260,1.3377567529678345,1.3377567529678345,1.3377567529678345,1.3377567529678345
1784659320,1.337828516960144,1.337828516960144,1.337828516960144,1.337828516960144
1784659380,1.3379179239273071,1.3379179239273071,1.3379179239273071,1.3379179239273071
1784659440,1.3379536867141724,1.3379536867141724,1.3379536867141724,1.3379536867141724
1784659500,1.3379179239273071,1.3379179239273071,1.3379179239273071,1.3379179239273071
1784659560,1.3379179239273071,1.3379179239273071,1.3379179239273071,1.3379179239273071
1784659620,1.3379536867141724,1.3379536867141724,1.3379536867141724,1.3379536867141724
1784659680,1.3379179239273071,1.3379179239273071,1.3379179239273071,1.3379179239273071
1784659740,1.337882161140442,1.337882161140442,1.337882161140442,1.337882161140442
1784659800,1.3379179239273071,1.3379179239273071,1.3379179239273071,1.3379179239273071
1784659860,1.3379179239273071,1.3379179239273071,1.3379179239273071,1.3379179239273071
1784659920,1.3380074501037598,1.3380074501037598,1.3380074501037598,1.3380074501037598
1784659980,1.338043212890625,1.338043212890625,1.338043212890625,1.338043212890625
1784660040,1.3379895687103271,1.3379895687103271,1.3379895687103271,1.3379895687103271
1784660100,1.3379536867141724,1.3379536867141724,1.3379536867141724,1.3379536867141724
1784660160,1.3380789756774902,1.3380789756774902,1.3380789756774902,1.3380789756774902
1784660220,1.3380253314971924,1.3380253314971924,1.3380253314971924,1.3380253314971924
1784660280,1.3380612134933472,1.3380612134933472,1.3380612134933472,1.3380612134933472
1784660340,1.3381506204605103,1.3381506204605103,1.3381506204605103,1.3381506204605103
1784660400,1.338258147239685,1.338258147239685,1.338258147239685,1.338258147239685
1784660460,1.3381328582763672,1.3381328582763672,1.3381328582763672,1.3381328582763672
1784660520,1.3381328582763672,1.3381328582763672,1.3381328582763672,1.3381328582763672
1784660580,1.3382043838500977,1.3382043838500977,1.3382043838500977,1.3382043838500977
1784660640,1.3380969762802124,1.3380969762802124,1.3380969762802124,1.3380969762802124
1784660700,1.3380789756774902,1.3380789756774902,1.3380789756774902,1.3380789756774902
1784660760,1.3380789756774902,1.3380789756774902,1.3380789756774902,1.3380789756774902
1784660820,1.338114857673645,1.338114857673645,1.338114857673645,1.338114857673645
1784660880,1.3380969762802124,1.3380969762802124,1.3380969762802124,1.3380969762802124
1784660940,1.3381506204605103,1.3381506204605103,1.3381506204605103,1.3381506204605103
1784661000,1.3379895687103271,1.3379895687103271,1.3379895687103271,1.3379895687103271
1784661060,1.338114857673645,1.338114857673645,1.338114857673645,1.338114857673645
1784661120,1.3382223844528198,1.3382223844528198,1.3382223844528198,1.3382223844528198
1784661180,1.3382223844528198,1.3382223844528198,1.3382223844528198,1.3382223844528198
1784661240,1.3380612134933472,1.3380612134933472,1.3380612134933472,1.3380612134933472
1784661300,1.3381506204605103,1.3381506204605103,1.3381506204605103,1.3381506204605103
1784661360,1.3382223844528198,1.3382223844528198,1.3382223844528198,1.3382223844528198
1784661420,1.338258147239685,1.338258147239685,1.338258147239685,1.338258147239685
1784661480,1.338311791419983,1.338311791419983,1.338311791419983,1.338311791419983
1784661540,1.3382223844528198,1.3382223844528198,1.3382223844528198,1.3382223844528198
1784661600,1.338311791419983,1.338311791419983,1.338311791419983,1.338311791419983
1784661660,1.338258147239685,1.338258147239685,1.338258147239685,1.338258147239685
1784661720,1.338329792022705,1.338329792022705,1.338329792022705,1.338329792022705
1784661780,1.3383476734161377,1.3383476734161377,1.3383476734161377,1.3383476734161377
1784661840,1.3383656740188599,1.3383656740188599,1.3383656740188599,1.3383656740188599
1784661900,1.3383656740188599,1.3383656740188599,1.3383656740188599,1.3383656740188599
1784661960,1.3384371995925903,1.3384371995925903,1.3384371995925903,1.3384371995925903
1784662020,1.3384193181991577,1.3384193181991577,1.3384193181991577,1.3384193181991577
1784662080,1.3383835554122925,1.3383835554122925,1.3383835554122925,1.3383835554122925
1784662140,1.3383656740188599,1.3383656740188599,1.3383656740188599,1.3383656740188599
1784662200,1.3383835554122925,1.3383835554122925,1.3383835554122925,1.3383835554122925
1784662260,1.338329792022705,1.338329792022705,1.338329792022705,1.338329792022705
1784662320,1.338311791419983,1.338311791419983,1.338311791419983,1.338311791419983
1784662380,1.3383476734161377,1.3383476734161377,1.3383476734161377,1.3383476734161377
1784662440,1.338311791419983,1.338311791419983,1.338311791419983,1.338311791419983
1784662500,1.338329792022705,1.338329792022705,1.338329792022705,1.338329792022705
1784662560,1.3382760286331177,1.3382760286331177,1.3382760286331177,1.3382760286331177
1784662620,1.338240146636963,1.338240146636963,1.338240146636963,1.338240146636963
1784662680,1.3381328582763672,1.3381328582763672,1.3381328582763672,1.3381328582763672
1784662740,1.3380969762802124,1.3380969762802124,1.3380969762802124,1.3380969762802124
1784662800,1.338240146636963,1.338240146636963,1.338240146636963,1.338240146636963
1784662860,1.338258147239685,1.338258147239685,1.338258147239685,1.338258147239685
1784662920,1.3382043838500977,1.3382043838500977,1.3382043838500977,1.3382043838500977
1784662980,1.338186502456665,1.338186502456665,1.338186502456665,1.338186502456665
1784663040,1.338186502456665,1.338186502456665,1.338186502456665,1.338186502456665
1784663100,1.338240146636963,1.338240146636963,1.338240146636963,1.338240146636963
1784663160,1.3382043838500977,1.3382043838500977,1.3382043838500977,1.3382043838500977
1784663220,1.338186502456665,1.338186502456665,1.338186502456665,1.338186502456665
1784663280,1.338240146636963,1.338240146636963,1.338240146636963,1.338240146636963
1784663340,1.338311791419983,1.338311791419983,1.338311791419983,1.338311791419983
1784663400,1.3383656740188599,1.3383656740188599,1.3383656740188599,1.3383656740188599
1784663460,1.3385089635849,1.3385089635849,1.3385089635849,1.3385089635849
1784663520,1.3384193181991577,1.3384193181991577,1.3384193181991577,1.3384193181991577
1784663580,1.3384371995925903,1.3384371995925903,1.3384371995925903,1.3384371995925903
1784663640,1.3384730815887451,1.3384730815887451,1.3384730815887451,1.3384730815887451
1784663700,1.3382223844528198,1.3382223844528198,1.3382223844528198,1.3382223844528198
1784663760,1.3381685018539429,1.3381685018539429,1.3381685018539429,1.3381685018539429
1784663820,1.338186502456665,1.338186502456665,1.338186502456665,1.338186502456665
1784663880,1.3381685018539429,1.3381685018539429,1.3381685018539429,1.3381685018539429
1784663940,1.3380612134933472,1.3380612134933472,1.3380612134933472,1.3380612134933472
1784664000,1.3379536867141724,1.3379536867141724,1.3379536867141724,1.3379536867141724
1784664060,1.3379716873168945,1.3379716873168945,1.3379716873168945,1.3379716873168945
1784664120,1.3380969762802124,1.3380969762802124,1.3380969762802124,1.3380969762802124
1784664180,1.338043212890625,1.338043212890625,1.338043212890625,1.338043212890625
1784664240,1.3380253314971924,1.3380253314971924,1.3380253314971924,1.3380253314971924
1784664300,1.3380969762802124,1.3380969762802124,1.3380969762802124,1.3380969762802124
1784664360,1.338043212890625,1.338043212890625,1.338043212890625,1.338043212890625
1784664420,1.3380253314971924,1.3380253314971924,1.3380253314971924,1.3380253314971924
1784664480,1.3380789756774902,1.3380789756774902,1.3380789756774902,1.3380789756774902
1784664540,1.3380074501037598,1.3380074501037598,1.3380074501037598,1.3380074501037598
1784664600,1.3379716873168945,1.3379716873168945,1.3379716873168945,1.3379716873168945
1784664660,1.3379358053207397,1.3379358053207397,1.3379358053207397,1.3379358053207397
1784664720,1.3379179239273071,1.3379179239273071,1.3379179239273071,1.3379179239273071
1784664780,1.3379179239273071,1.3379179239273071,1.3379179239273071,1.3379179239273071
1784664840,1.3379358053207397,1.3379358053207397,1.3379358053207397,1.3379358053207397
1784664900,1.3378105163574219,1.3378105163574219,1.3378105163574219,1.3378105163574219
1784664960,1.337828516960144,1.337828516960144,1.337828516960144,1.337828516960144
1784665020,1.3377747535705566,1.3377747535705566,1.3377747535705566,1.3377747535705566
1784665080,1.3377389907836914,1.3377389907836914,1.3377389907836914,1.3377389907836914
1784665140,1.3377926349639893,1.3377926349639893,1.3377926349639893,1.3377926349639893
1784665200,1.3377567529678345,1.3377567529678345,1.3377567529678345,1.3377567529678345
1784665260,1.337685227394104,1.337685227394104,1.337685227394104,1.337685227394104
1784665320,1.3377567529678345,1.3377567529678345,1.3377567529678345,1.3377567529678345
1784665380,1.3378105163574219,1.3378105163574219,1.3378105163574219,1.3378105163574219
1784665440,1.337828516960144,1.337828516960144,1.337828516960144,1.337828516960144
1784665500,1.3379179239273071,1.3379179239273071,1.3379179239273071,1.3379179239273071
1784665560,1.3379358053207397,1.3379358053207397,1.3379358053207397,1.3379358053207397
1784665620,1.3379000425338745,1.3379000425338745,1.3379000425338745,1.3379000425338745
1784665680,1.3379716873168945,1.3379716873168945,1.3379716873168945,1.3379716873168945
1784665740,1.3379716873168945,1.3379716873168945,1.3379716873168945,1.3379716873168945
1784665800,1.3379895687103271,1.3379895687103271,1.3379895687103271,1.3379895687103271
1784665860,1.3379358053207397,1.3379358053207397,1.3379358053207397,1.3379358053207397
1784665920,1.3379895687103271,1.3379895687103271,1.3379895687103271,1.3379895687103271
1784665980,1.3379179239273071,1.3379179239273071,1.3379179239273071,1.3379179239273071
1784666040,1.3379000425338745,1.3379000425338745,1.3379000425338745,1.3379000425338745
1784666100,1.3379000425338745,1.3379000425338745,1.3379000425338745,1.3379000425338745
1784666160,1.3379000425338745,1.3379000425338745,1.3379000425338745,1.3379000425338745
1784666220,1.3379000425338745,1.3379000425338745,1.3379000425338745,1.3379000425338745
1784666280,1.3379000425338745,1.3379000425338745,1.3379000425338745,1.3379000425338745
1784666340,1.3379179239273071,1.3379179239273071,1.3379179239273071,1.3379179239273071
1784666400,1.3379000425338745,1.3379000425338745,1.3379000425338745,1.3379000425338745
1784666460,1.337882161140442,1.337882161140442,1.337882161140442,1.337882161140442
1784666520,1.3379536867141724,1.3379536867141724,1.3379536867141724,1.3379536867141724
1784666580,1.337882161140442,1.337882161140442,1.337882161140442,1.337882161140442
1784666640,1.337828516960144,1.337828516960144,1.337828516960144,1.337828516960144
1784666700,1.3377567529678345,1.3377567529678345,1.3377567529678345,1.3377567529678345
1784666760,1.337828516960144,1.337828516960144,1.337828516960144,1.337828516960144
1784666820,1.3378641605377197,1.3378641605377197,1.3378641605377197,1.3378641605377197
1784666880,1.337846279144287,1.337846279144287,1.337846279144287,1.337846279144287
1784666940,1.3377747535705566,1.3377747535705566,1.3377747535705566,1.3377747535705566
1784667000,1.337828516960144,1.337828516960144,1.337828516960144,1.337828516960144
1784667060,1.337828516960144,1.337828516960144,1.337828516960144,1.337828516960144
1784667120,1.3377747535705566,1.3377747535705566,1.3377747535705566,1.3377747535705566
1784667180,1.3377926349639893,1.3377926349639893,1.3377926349639893,1.3377926349639893
1784667240,1.3378641605377197,1.3378641605377197,1.3378641605377197,1.3378641605377197
1784667300,1.3378105163574219,1.3378105163574219,1.3378105163574219,1.3378105163574219
1784667360,1.337828516960144,1.337828516960144,1.337828516960144,1.337828516960144
1784667420,1.3377031087875366,1.3377031087875366,1.3377031087875366,1.3377031087875366
1784667480,1.3373990058898926,1.3373990058898926,1.3373990058898926,1.3373990058898926
1784667540,1.3375600576400757,1.3375600576400757,1.3375600576400757,1.3375600576400757
1784667600,1.337667465209961,1.337667465209961,1.337667465209961,1.337667465209961
1784667660,1.3374348878860474,1.3374348878860474,1.3374348878860474,1.3374348878860474
1784667720,1.3371665477752686,1.3371665477752686,1.3371665477752686,1.3371665477752686
1784667780,1.3371129035949707,1.3371129035949707,1.3371129035949707,1.3371129035949707
1784667840,1.3374885320663452,1.3374885320663452,1.3374885320663452,1.3374885320663452
1784667900,1.3374526500701904,1.3374526500701904,1.3374526500701904,1.3374526500701904
1784667960,1.3374885320663452,1.3374885320663452,1.3374885320663452,1.3374885320663452
1784668020,1.338114857673645,1.338114857673645,1.338114857673645,1.338114857673645
1784668080,1.3380074501037598,1.3380074501037598,1.3380074501037598,1.3380074501037598
1784668140,1.3380612134933472,1.3380612134933472,1.3380612134933472,1.3380612134933472
1784668200,1.3380253314971924,1.3380253314971924,1.3380253314971924,1.3380253314971924
1784668260,1.3380969762802124,1.3380969762802124,1.3380969762802124,1.3380969762802124
1784668320,1.337882161140442,1.337882161140442,1.337882161140442,1.337882161140442
1784668380,1.3380789756774902,1.3380789756774902,1.3380789756774902,1.3380789756774902
1784668440,1.3378105163574219,1.3378105163574219,1.3378105163574219,1.3378105163574219
1784668500,1.3373453617095947,1.3373453617095947,1.3373453617095947,1.3373453617095947
1784668560,1.3372917175292969,1.3372917175292969,1.3372917175292969,1.3372917175292969
1784668620,1.3376315832138062,1.3376315832138062,1.3376315832138062,1.3376315832138062
1784668680,1.3374885320663452,1.3374885320663452,1.3374885320663452,1.3374885320663452
1784668740,1.3376315832138062,1.3376315832138062,1.3376315832138062,1.3376315832138062
1784668800,1.3376137018203735,1.3376137018203735,1.3376137018203735,1.3376137018203735
1784668860,1.337828516960144,1.337828516960144,1.337828516960144,1.337828516960144
1784668920,1.3377031087875366,1.3377031087875366,1.3377031087875366,1.3377031087875366
1784668980,1.3377211093902588,1.3377211093902588,1.3377211093902588,1.3377211093902588
1784669040,1.3376137018203735,1.3376137018203735,1.3376137018203735,1.3376137018203735
1784669100,1.3376315832138062,1.3376315832138062,1.3376315832138062,1.3376315832138062
1784669160,1.3378105163574219,1.3378105163574219,1.3378105163574219,1.3378105163574219
1784669220,1.3376494646072388,1.3376494646072388,1.3376494646072388,1.3376494646072388
1784669280,1.3377747535705566,1.3377747535705566,1.3377747535705566,1.3377747535705566
1784669340,1.3377389907836914,1.3377389907836914,1.3377389907836914,1.3377389907836914
1784669400,1.337667465209961,1.337667465209961,1.337667465209961,1.337667465209961
1784669460,1.3378105163574219,1.3378105163574219,1.3378105163574219,1.3378105163574219
1784669520,1.337828516960144,1.337828516960144,1.337828516960144,1.337828516960144
1784669580,1.3377926349639893,1.3377926349639893,1.3377926349639893,1.3377926349639893
1784669640,1.3377926349639893,1.3377926349639893,1.3377926349639893,1.3377926349639893
1784669700,1.337846279144287,1.337846279144287,1.337846279144287,1.337846279144287
1784669760,1.337882161140442,1.337882161140442,1.337882161140442,1.337882161140442
1784669820,1.3377211093902588,1.3377211093902588,1.3377211093902588,1.3377211093902588
1784669880,1.3377567529678345,1.3377567529678345,1.3377567529678345,1.3377567529678345
1784669940,1.3377031087875366,1.3377031087875366,1.3377031087875366,1.3377031087875366
1784670000,1.3377747535705566,1.3377747535705566,1.3377747535705566,1.3377747535705566
1784670060,1.337882161140442,1.337882161140442,1.337882161140442,1.337882161140442
1784670120,1.3380074501037598,1.3380074501037598,1.3380074501037598,1.3380074501037598
1784670180,1.3379179239273071,1.3379179239273071,1.3379179239273071,1.3379179239273071
1784670240,1.337828516960144,1.337828516960144,1.337828516960144,1.337828516960144
1784670300,1.3377926349639893,1.3377926349639893,1.3377926349639893,1.3377926349639893
1784670360,1.337828516960144,1.337828516960144,1.337828516960144,1.337828516960144
1784670420,1.3377747535705566,1.3377747535705566,1.3377747535705566,1.3377747535705566
1784670480,1.3377567529678345,1.3377567529678345,1.3377567529678345,1.3377567529678345
1784670540,1.337846279144287,1.337846279144287,1.337846279144287,1.337846279144287
1784670600,1.3378105163574219,1.3378105163574219,1.3378105163574219,1.3378105163574219
1784670660,1.337828516960144,1.337828516960144,1.337828516960144,1.337828516960144
1784670720,1.3379000425338745,1.3379000425338745,1.3379000425338745,1.3379000425338745
1784670780,1.3378641605377197,1.3378641605377197,1.3378641605377197,1.3378641605377197
1784670840,1.3378641605377197,1.3378641605377197,1.3378641605377197,1.3378641605377197
1784670900,1.3378641605377197,1.3378641605377197,1.3378641605377197,1.3378641605377197
1784670960,1.3377747535705566,1.3377747535705566,1.3377747535705566,1.3377747535705566
1784671020,1.3379000425338745,1.3379000425338745,1.3379000425338745,1.3379000425338745
1784671080,1.3377926349639893,1.3377926349639893,1.3377926349639893,1.3377926349639893
1784671140,1.3377567529678345,1.3377567529678345,1.3377567529678345,1.3377567529678345
