time,open,high,low,close
1784584800,0.8099300265312195,0.8102999925613403,0.809909999370575,0.8101300001144409
1784584860,0.810230016708374,0.8102999925613403,0.8100200295448303,0.8102999925613403
1784584920,0.8100799918174744,0.8103500008583069,0.8100799918174744,0.8102999925613403
1784584980,0.8102800250053406,0.8103299736976624,0.8102399706840515,0.8102399706840515
1784585040,0.8102899789810181,0.8103500008583069,0.8100200295448303,0.8102800250053406
1784585100,0.8102800250053406,0.8104000091552734,0.8102499842643738,0.8104000091552734
1784585160,0.8103399872779846,0.8104000091552734,0.8103200197219849,0.8104000091552734
1784585220,0.8103799819946289,0.8104000091552734,0.8102899789810181,0.8102899789810181
1784585280,0.8102899789810181,0.8103399872779846,0.8102700114250183,0.8102999925613403
1784585340,0.8102700114250183,0.8103299736976624,0.810230016708374,0.8102999925613403
1784585400,0.810259997844696,0.8102999925613403,0.8101999759674072,0.8102999925613403
1784585460,0.8102099895477295,0.8103299736976624,0.8102099895477295,0.8102700114250183
1784585520,0.8102999925613403,0.8103299736976624,0.8102700114250183,0.8102700114250183
1784585580,0.810259997844696,0.8103100061416626,0.810230016708374,0.8102499842643738
1784585640,0.8102700114250183,0.8102999925613403,0.8102399706840515,0.8102399706840515
1784585700,0.8102399706840515,0.8103200197219849,0.8102200031280518,0.810259997844696
1784585760,0.810259997844696,0.8103200197219849,0.810259997844696,0.8102899789810181
1784585820,0.8102700114250183,0.8103100061416626,0.810259997844696,0.8102800250053406
1784585880,0.8102700114250183,0.8103200197219849,0.8102499842643738,0.8102499842643738
1784585940,0.8102800250053406,0.8103100061416626,0.8102499842643738,0.8102499842643738
1784586000,0.8102700114250183,0.8102999925613403,0.8102399706840515,0.8102399706840515
1784586060,0.8102399706840515,0.8102999925613403,0.8102200031280518,0.810230016708374
1784586120,0.810230016708374,0.8102999925613403,0.8102099895477295,0.8102099895477295
1784586180,0.810230016708374,0.8102999925613403,0.8101999759674072,0.810230016708374
1784586240,0.8102399706840515,0.8102999925613403,0.8101999759674072,0.8102099895477295
1784586300,0.8102200031280518,0.8102999925613403,0.8102099895477295,0.8102200031280518
1784586360,0.8102399706840515,0.8103600144386292,0.8102200031280518,0.8103399872779846
1784586420,0.8103399872779846,0.8104000091552734,0.8102899789810181,0.8103200197219849
1784586480,0.8102899789810181,0.8103500008583069,0.8102899789810181,0.8102899789810181
1784586540,0.8102899789810181,0.8103500008583069,0.8102899789810181,0.8102999925613403
1784586600,0.8102999925613403,0.8103600144386292,0.8102899789810181,0.8103200197219849
1784586660,0.8103299736976624,0.8104000091552734,0.8102999925613403,0.8103200197219849
1784586720,0.8103700280189514,0.8104000091552734,0.8103100061416626,0.8103100061416626
1784586780,0.8103200197219849,0.8104000091552734,0.8102999925613403,0.8103100061416626
1784586840,0.8103100061416626,0.8104000091552734,0.8102899789810181,0.8103200197219849
1784586900,0.8103200197219849,0.8104000091552734,0.8102999925613403,0.8103100061416626
1784586960,0.8103200197219849,0.8104000091552734,0.8102700114250183,0.8103299736976624
1784587020,0.8104000091552734,0.8104000091552734,0.8102700114250183,0.8102700114250183
1784587080,0.8102700114250183,0.8103200197219849,0.810259997844696,0.8102999925613403
1784587140,0.810259997844696,0.8103100061416626,0.8102399706840515,0.8102499842643738
1784587200,0.810259997844696,0.8103200197219849,0.8102499842643738,0.8102999925613403
1784587260,0.810259997844696,0.8103500008583069,0.8102499842643738,0.8102999925613403
1784587320,0.8102899789810181,0.8104000091552734,0.8102899789810181,0.8104000091552734
1784587380,0.8102999925613403,0.8104000091552734,0.8102999925613403,0.8104000091552734
1784587440,0.8103200197219849,0.8104000091552734,0.8102999925613403,0.8102999925613403
1784587500,0.8102999925613403,0.8103200197219849,0.8101000189781189,0.8101400136947632
1784587560,0.8101300001144409,0.810230016708374,0.8101000189781189,0.8101999759674072
1784587620,0.8101599812507629,0.8102999925613403,0.8101599812507629,0.8102099895477295
1784587680,0.8102399706840515,0.8102999925613403,0.8101900219917297,0.8101999759674072
1784587740,0.8101999759674072,0.810230016708374,0.8101900219917297,0.8101999759674072
1784587800,0.8101999759674072,0.8102999925613403,0.8101999759674072,0.8102999925613403
1784587860,0.8101999759674072,0.8102399706840515,0.8101800084114075,0.8101999759674072
1784587920,0.8101999759674072,0.8102499842643738,0.8101800084114075,0.8101999759674072
1784587980,0.8101999759674072,0.8102499842643738,0.8101599812507629,0.8101999759674072
1784588040,0.8101999759674072,0.8102499842643738,0.8101500272750854,0.8101999759674072
1784588100,0.8101199865341187,0.8101999759674072,0.8101099729537964,0.8101999759674072
1784588160,0.8101500272750854,0.8101999759674072,0.8101199865341187,0.8101300001144409
1784588220,0.8101300001144409,0.8101999759674072,0.8101199865341187,0.8101900219917297
1784588280,0.8101500272750854,0.8102200031280518,0.8101500272750854,0.8101999759674072
1784588400,0.8101500272750854,0.8101999759674072,0.8101500272750854,0.8101800084114075
1784588460,0.8101699948310852,0.8102499842643738,0.8101699948310852,0.8102499842643738
1784588520,0.810230016708374,0.8102499842643738,0.8101900219917297,0.8101999759674072
1784588580,0.8101999759674072,0.8102999925613403,0.8101999759674072,0.8102200031280518
1784588640,0.810230016708374,0.8102999925613403,0.8101999759674072,0.8102099895477295
1784588700,0.810230016708374,0.8102999925613403,0.8101999759674072,0.810230016708374
1784588760,0.8102200031280518,0.8102999925613403,0.8102200031280518,0.810259997844696
1784588820,0.810259997844696,0.8102999925613403,0.8102200031280518,0.8102499842643738
1784588880,0.8102499842643738,0.8102999925613403,0.8101999759674072,0.8102200031280518
1784588940,0.8102200031280518,0.8102999925613403,0.8101999759674072,0.8101999759674072
1784589000,0.8101999759674072,0.8102999925613403,0.8101999759674072,0.8102200031280518
1784589060,0.810230016708374,0.8102999925613403,0.8102200031280518,0.8102200031280518
1784589120,0.8102099895477295,0.8102499842643738,0.8101699948310852,0.8101699948310852
1784589180,0.8101999759674072,0.810230016708374,0.8101599812507629,0.8102200031280518
1784589240,0.8101999759674072,0.8102999925613403,0.8101999759674072,0.8102099895477295
1784589300,0.8101999759674072,0.8102999925613403,0.8101599812507629,0.8101999759674072
1784589360,0.8101699948310852,0.810230016708374,0.8101599812507629,0.8101999759674072
1784589420,0.8101900219917297,0.8102399706840515,0.8101800084114075,0.8101800084114075
1784589480,0.8101999759674072,0.8102200031280518,0.8101300001144409,0.8101300001144409
1784589540,0.8101300001144409,0.8101999759674072,0.8101300001144409,0.8101500272750854
1784589600,0.8101400136947632,0.8101999759674072,0.8101300001144409,0.8101999759674072
1784589660,0.8101400136947632,0.8101999759674072,0.8101300001144409,0.8101999759674072
1784589720,0.8101699948310852,0.8102999925613403,0.8101500272750854,0.8101999759674072
1784589780,0.8101999759674072,0.8102999925613403,0.8101999759674072,0.8102999925613403
1784589840,0.810230016708374,0.8102999925613403,0.8102200031280518,0.8102999925613403
1784589900,0.810230016708374,0.8102999925613403,0.810230016708374,0.8102999925613403
1784589960,0.8102499842643738,0.8102999925613403,0.810230016708374,0.8102700114250183
1784590020,0.810230016708374,0.8102999925613403,0.810230016708374,0.8102999925613403
1784590080,0.8102499842643738,0.8102999925613403,0.810230016708374,0.8102399706840515
1784590140,0.8102499842643738,0.8102999925613403,0.8102399706840515,0.8102999925613403
1784590200,0.8102399706840515,0.8102999925613403,0.810230016708374,0.8102399706840515
1784590260,0.8102399706840515,0.8102999925613403,0.8102200031280518,0.8102999925613403
1784590320,0.810230016708374,0.8102999925613403,0.810230016708374,0.8102999925613403
1784590380,0.8102200031280518,0.8102999925613403,0.8101800084114075,0.8101999759674072
1784590440,0.8101800084114075,0.810230016708374,0.8101699948310852,0.8101800084114075
1784590500,0.8101699948310852,0.8102200031280518,0.8101699948310852,0.8101999759674072
1784590560,0.8101699948310852,0.8102099895477295,0.8101699948310852,0.8101999759674072
1784590620,0.8101800084114075,0.8102999925613403,0.8101699948310852,0.8102999925613403
1784590680,0.8102200031280518,0.8102399706840515,0.8101999759674072,0.8101999759674072
1784590740,0.8102399706840515,0.8102399706840515,0.8101999759674072,0.8102099895477295
1784590800,0.8102200031280518,0.8102499842643738,0.8101999759674072,0.8102099895477295
1784590860,0.8102099895477295,0.8102499842643738,0.8101999759674072,0.8102099895477295
1784590920,0.8102099895477295,0.8102800250053406,0.8101999759674072,0.810230016708374
1784590980,0.810230016708374,0.8102999925613403,0.8102099895477295,0.8102200031280518
1784591040,0.8102200031280518,0.8102999925613403,0.8101999759674072,0.810259997844696
1784591100,0.8102200031280518,0.8102999925613403,0.8102200031280518,0.810230016708374
1784591160,0.8102999925613403,0.8102999925613403,0.8101699948310852,0.8101900219917297
1784591220,0.8101900219917297,0.8102999925613403,0.8101599812507629,0.8101699948310852
1784591280,0.8101999759674072,0.8102099895477295,0.8101599812507629,0.8101699948310852
1784591340,0.8101900219917297,0.8102399706840515,0.8101500272750854,0.8101599812507629
1784591400,0.8101699948310852,0.8101999759674072,0.8101300001144409,0.8101599812507629
1784591460,0.8101699948310852,0.8101999759674072,0.8101199865341187,0.8101900219917297
1784591520,0.8101999759674072,0.8101999759674072,0.8101000189781189,0.8101300001144409
1784591580,0.8101999759674072,0.8101999759674072,0.8101000189781189,0.8101300001144409
1784591640,0.8101300001144409,0.8101999759674072,0.8100500106811523,0.8100500106811523
1784591700,0.8100600242614746,0.8101400136947632,0.8100600242614746,0.8101000189781189
1784591760,0.8101000189781189,0.8101400136947632,0.8100399971008301,0.8100799918174744
1784591820,0.8100399971008301,0.8101000189781189,0.8100100159645081,0.8100699782371521
1784591880,0.8101000189781189,0.8101000189781189,0.8099600076675415,0.8100000023841858
1784591940,0.8099899888038635,0.8100399971008301,0.8099200129508972,0.8099700212478638
1784592000,0.809939980506897,0.8100299835205078,0.8097900152206421,0.809939980506897
1784592060,0.8099300265312195,0.8100100159645081,0.8098999857902527,0.809939980506897
1784592120,0.809939980506897,0.8100500106811523,0.809939980506897,0.8100299835205078
1784592180,0.8100399971008301,0.8100600242614746,0.8099499940872192,0.8100000023841858
1784592240,0.8100100159645081,0.8100799918174744,0.8100000023841858,0.8100500106811523
1784592300,0.8100799918174744,0.8101999759674072,0.8100200295448303,0.8101000189781189
1784592360,0.8101000189781189,0.8101699948310852,0.8100799918174744,0.8100900053977966
1784592420,0.8101000189781189,0.8101400136947632,0.8100600242614746,0.8100900053977966
1784592480,0.8101000189781189,0.8101800084114075,0.8100600242614746,0.8101400136947632
1784592540,0.8101400136947632,0.8101999759674072,0.8100699782371521,0.8101099729537964
1784592600,0.8101400136947632,0.8101999759674072,0.8101000189781189,0.8101000189781189
1784592660,0.8101000189781189,0.8101800084114075,0.8100500106811523,0.8101500272750854
1784592720,0.8101500272750854,0.8102200031280518,0.8101199865341187,0.8101900219917297
1784592780,0.810230016708374,0.8102399706840515,0.8101199865341187,0.8101500272750854
1784592840,0.8101500272750854,0.8102200031280518,0.8101400136947632,0.8101699948310852
1784592900,0.8101500272750854,0.8102099895477295,0.8101300001144409,0.8101699948310852
1784592960,0.8101599812507629,0.8102999925613403,0.8101599812507629,0.8102099895477295
1784593020,0.8101999759674072,0.8102999925613403,0.8101999759674072,0.8102099895477295
1784593080,0.8101999759674072,0.8102899789810181,0.8101800084114075,0.8101900219917297
1784593140,0.8101999759674072,0.8102499842643738,0.8101800084114075,0.8101999759674072
1784593200,0.8101900219917297,0.8102399706840515,0.8101900219917297,0.8101999759674072
1784593260,0.8102099895477295,0.8103799819946289,0.8101999759674072,0.8103299736976624
1784593320,0.8103399872779846,0.8104000091552734,0.8102999925613403,0.8103299736976624
1784593380,0.8104000091552734,0.8104400038719177,0.8103399872779846,0.8104000091552734
1784593440,0.8104199767112732,0.810479998588562,0.8103600144386292,0.8104299902915955
1784593500,0.8104400038719177,0.81045001745224,0.8103500008583069,0.8103500008583069
1784593560,0.8103500008583069,0.8104299902915955,0.8103399872779846,0.8103799819946289
1784593620,0.8103899955749512,0.8104400038719177,0.8103700280189514,0.8104199767112732
1784593680,0.8104100227355957,0.810479998588562,0.8103799819946289,0.8103899955749512
1784593740,0.8103899955749512,0.8104299902915955,0.8103899955749512,0.8104000091552734
1784593800,0.8104000091552734,0.8105000257492065,0.8104000091552734,0.8104400038719177
1784593860,0.8104400038719177,0.8105000257492065,0.8103899955749512,0.8104900121688843
1784593920,0.8104599714279175,0.810509979724884,0.8104400038719177,0.81045001745224
1784593980,0.81045001745224,0.8105000257492065,0.8104299902915955,0.81045001745224
1784594040,0.81045001745224,0.8105000257492065,0.8104000091552734,0.8104400038719177
1784594100,0.8105000257492065,0.8105000257492065,0.8103899955749512,0.8103899955749512
1784594160,0.8103899955749512,0.8104699850082397,0.8103799819946289,0.8104299902915955
1784594220,0.8104299902915955,0.8105000257492065,0.8104199767112732,0.8104299902915955
1784594280,0.8104400038719177,0.8105000257492065,0.8104299902915955,0.8104400038719177
1784594340,0.8105000257492065,0.8105000257492065,0.8104199767112732,0.8104199767112732
1784594400,0.8104299902915955,0.8105000257492065,0.8103899955749512,0.8104000091552734
1784594460,0.8104000091552734,0.8104299902915955,0.8103200197219849,0.8103399872779846
1784594520,0.8103399872779846,0.8104000091552734,0.8102700114250183,0.8103200197219849
1784594580,0.8102899789810181,0.8103299736976624,0.8102700114250183,0.8102899789810181
1784594640,0.8102899789810181,0.8103200197219849,0.8102499842643738,0.810259997844696
1784594700,0.8102499842643738,0.8102999925613403,0.8101900219917297,0.8102499842643738
1784594760,0.8102200031280518,0.8102999925613403,0.8101500272750854,0.8101800084114075
1784594820,0.8101900219917297,0.8102200031280518,0.8101400136947632,0.8101599812507629
1784594880,0.8101599812507629,0.8101999759674072,0.8100799918174744,0.8101099729537964
1784594940,0.8101500272750854,0.8101999759674072,0.8101099729537964,0.8101300001144409
1784595000,0.8101300001144409,0.8101999759674072,0.8101000189781189,0.8101500272750854
1784595060,0.8101800084114075,0.8102399706840515,0.8101500272750854,0.8101999759674072
1784595120,0.8101999759674072,0.8102999925613403,0.8101699948310852,0.8102499842643738
1784595180,0.810259997844696,0.8102999925613403,0.8101300001144409,0.8102099895477295
1784595240,0.8102200031280518,0.8102499842643738,0.8101800084114075,0.810230016708374
1784595300,0.810230016708374,0.8102999925613403,0.8101800084114075,0.8102499842643738
1784595360,0.8102499842643738,0.8102999925613403,0.8101900219917297,0.810259997844696
1784595420,0.8102499842643738,0.8102999925613403,0.8101900219917297,0.810230016708374
1784595480,0.8102099895477295,0.8102999925613403,0.8101999759674072,0.8102499842643738
1784595540,0.810259997844696,0.8104100227355957,0.8102499842643738,0.8103899955749512
1784595600,0.8103700280189514,0.8104299902915955,0.8103399872779846,0.8103600144386292
1784595660,0.8104000091552734,0.8104199767112732,0.8103500008583069,0.8104000091552734
1784595720,0.8103799819946289,0.810479998588562,0.8103600144386292,0.8103600144386292
1784595780,0.8103700280189514,0.8104100227355957,0.8103200197219849,0.8103399872779846
1784595840,0.8103200197219849,0.8104000091552734,0.8103100061416626,0.8103700280189514
1784595900,0.8103399872779846,0.8104000091552734,0.8102200031280518,0.810259997844696
1784595960,0.8102499842643738,0.8102999925613403,0.8101999759674072,0.8102499842643738
1784596020,0.8102499842643738,0.8102999925613403,0.8101800084114075,0.8101800084114075
1784596080,0.8101900219917297,0.810230016708374,0.8101500272750854,0.8101599812507629
1784596140,0.8101800084114075,0.8102899789810181,0.8101500272750854,0.810230016708374
1784596200,0.8102499842643738,0.8102999925613403,0.8101699948310852,0.8101999759674072
1784596260,0.8101999759674072,0.8102099895477295,0.8101500272750854,0.8101900219917297
1784596320,0.8101900219917297,0.8102399706840515,0.8101800084114075,0.8102200031280518
1784596380,0.8101999759674072,0.8102999925613403,0.8101999759674072,0.8102200031280518
1784596440,0.8102200031280518,0.8102999925613403,0.8101999759674072,0.8102499842643738
1784596500,0.8102499842643738,0.8103200197219849,0.8102499842643738,0.8102700114250183
1784596560,0.810259997844696,0.8102999925613403,0.8102099895477295,0.8102099895477295
1784596620,0.8102200031280518,0.8102499842643738,0.8101699948310852,0.8101999759674072
1784596680,0.8101999759674072,0.8102399706840515,0.8101800084114075,0.8101800084114075
1784596740,0.8101800084114075,0.8102099895477295,0.8100100159645081,0.8100500106811523
1784596800,0.8100799918174744,0.8102099895477295,0.8100500106811523,0.8101699948310852
1784596860,0.8101500272750854,0.810230016708374,0.8101500272750854,0.8101999759674072
1784596920,0.8101999759674072,0.8102999925613403,0.8101699948310852,0.8102099895477295
1784596980,0.8102099895477295,0.8102999925613403,0.8101999759674072,0.8102499842643738
1784597040,0.8102499842643738,0.8103299736976624,0.8102200031280518,0.8102499842643738
1784597100,0.8102899789810181,0.8102999925613403,0.8102499842643738,0.8102700114250183
1784597160,0.810259997844696,0.8103299736976624,0.810259997844696,0.8102999925613403
1784597220,0.8102999925613403,0.8103500008583069,0.8102399706840515,0.8103299736976624
1784597280,0.8103100061416626,0.8103399872779846,0.8102099895477295,0.8102399706840515
1784597340,0.8102099895477295,0.8102399706840515,0.8100799918174744,0.8101699948310852
1784597400,0.8101999759674072,0.8103299736976624,0.8100500106811523,0.8102800250053406
1784597460,0.8102999925613403,0.8103399872779846,0.8102099895477295,0.810259997844696
1784597520,0.810259997844696,0.8103299736976624,0.810230016708374,0.8102800250053406
1784597580,0.8102499842643738,0.8102999925613403,0.8101999759674072,0.8102899789810181
1784597640,0.810259997844696,0.8104000091552734,0.810230016708374,0.810230016708374
1784597700,0.810230016708374,0.8103700280189514,0.8101900219917297,0.8103299736976624
1784597760,0.8103299736976624,0.8103799819946289,0.8102800250053406,0.8103500008583069
1784597820,0.8103500008583069,0.8104400038719177,0.8103299736976624,0.8103700280189514
1784597880,0.8103700280189514,0.81045001745224,0.8103500008583069,0.8103799819946289
1784597940,0.8104000091552734,0.8104699850082397,0.8103700280189514,0.8104000091552734
1784598000,0.8103899955749512,0.8104299902915955,0.8102999925613403,0.8103100061416626
1784598060,0.8102999925613403,0.8103600144386292,0.810230016708374,0.8102999925613403
1784598120,0.8103100061416626,0.8103200197219849,0.8101699948310852,0.8101699948310852
1784598180,0.8101999759674072,0.8102200031280518,0.8101599812507629,0.8101900219917297
1784598240,0.8101999759674072,0.810259997844696,0.8101699948310852,0.8102499842643738
1784598300,0.810259997844696,0.8104000091552734,0.810230016708374,0.8102700114250183
1784598360,0.810259997844696,0.8103100061416626,0.810230016708374,0.8102700114250183
1784598420,0.8102700114250183,0.8103299736976624,0.810230016708374,0.8102899789810181
1784598480,0.8102899789810181,0.8103399872779846,0.8102700114250183,0.8103200197219849
1784598540,0.8102999925613403,0.8103299736976624,0.8102399706840515,0.8103200197219849
1784598600,0.8102999925613403,0.8104000091552734,0.8102700114250183,0.8103399872779846
1784598660,0.8103399872779846,0.8104000091552734,0.8102999925613403,0.8103700280189514
1784598720,0.8103500008583069,0.8104000091552734,0.8102999925613403,0.8103299736976624
1784598780,0.8102999925613403,0.8104100227355957,0.8102999925613403,0.8104100227355957
1784598840,0.8103799819946289,0.8104000091552734,0.8103299736976624,0.8103399872779846
1784598900,0.8103399872779846,0.8104199767112732,0.8103200197219849,0.8103700280189514
1784598960,0.8103500008583069,0.8104100227355957,0.8103299736976624,0.8103799819946289
1784599020,0.8103799819946289,0.8104299902915955,0.8103500008583069,0.8104299902915955
1784599080,0.8104000091552734,0.8104400038719177,0.8103700280189514,0.8104000091552734
1784599140,0.8104000091552734,0.8104299902915955,0.8103600144386292,0.8103799819946289
1784599200,0.8103899955749512,0.8104100227355957,0.8102999925613403,0.8103299736976624
1784599260,0.8103200197219849,0.8104000091552734,0.8102999925613403,0.8103399872779846
1784599320,0.8103399872779846,0.8104000091552734,0.8103100061416626,0.8103500008583069
1784599380,0.8103500008583069,0.8104000091552734,0.8102999925613403,0.8103200197219849
1784599440,0.8103399872779846,0.8104199767112732,0.8102999925613403,0.8103899955749512
1784599500,0.8104000091552734,0.8104199767112732,0.810259997844696,0.8102700114250183
1784599560,0.8102700114250183,0.8103100061416626,0.8102399706840515,0.810259997844696
1784599620,0.810259997844696,0.8102999925613403,0.8102499842643738,0.810259997844696
1784599680,0.810259997844696,0.8102999925613403,0.810230016708374,0.810259997844696
1784599740,0.8102700114250183,0.8103500008583069,0.810259997844696,0.8103100061416626
1784599800,0.8103100061416626,0.8103299736976624,0.8102399706840515,0.8102700114250183
1784599860,0.8102499842643738,0.8103200197219849,0.810230016708374,0.8103100061416626
1784599920,0.8102800250053406,0.8103399872779846,0.8102499842643738,0.8103100061416626
1784599980,0.8103100061416626,0.8103200197219849,0.8102499842643738,0.8102700114250183
1784600040,0.8102700114250183,0.8103200197219849,0.8102499842643738,0.8103100061416626
1784600100,0.8102999925613403,0.8103600144386292,0.8102899789810181,0.8103399872779846
1784600160,0.8103299736976624,0.8104000091552734,0.8102700114250183,0.8102999925613403
1784600220,0.8102999925613403,0.8103299736976624,0.810259997844696,0.8102800250053406
1784600280,0.8102700114250183,0.8103299736976624,0.8102499842643738,0.8102999925613403
1784600340,0.8102899789810181,0.8103500008583069,0.8102899789810181,0.8103100061416626
1784600400,0.8102999925613403,0.8103500008583069,0.8102800250053406,0.8102999925613403
1784600460,0.8103100061416626,0.8103299736976624,0.8102800250053406,0.8103200197219849
1784600520,0.8102999925613403,0.8103100061416626,0.8102499842643738,0.810259997844696
1784600580,0.810259997844696,0.8103100061416626,0.8101900219917297,0.8101900219917297
1784600640,0.8101999759674072,0.810259997844696,0.8101699948310852,0.8102099895477295
1784600700,0.8102200031280518,0.8103200197219849,0.8101999759674072,0.8102800250053406
1784600760,0.8102800250053406,0.8104000091552734,0.810259997844696,0.8103399872779846
1784600820,0.8104000091552734,0.8104000091552734,0.8103200197219849,0.8103600144386292
1784600880,0.8103500008583069,0.8104299902915955,0.8103399872779846,0.8104000091552734
1784600940,0.8103899955749512,0.8104699850082397,0.8103899955749512,0.81045001745224
1784601000,0.8104400038719177,0.8105000257492065,0.8103899955749512,0.8104199767112732
1784601060,0.8105000257492065,0.8105000257492065,0.8104000091552734,0.8104199767112732
1784601120,0.8104000091552734,0.8105000257492065,0.8103799819946289,0.8104100227355957
1784601180,0.8104299902915955,0.8105000257492065,0.8103500008583069,0.8103500008583069
1784601240,0.8103700280189514,0.8104299902915955,0.8103500008583069,0.8104000091552734
1784601300,0.8104100227355957,0.8104400038719177,0.8103700280189514,0.8103799819946289
1784601360,0.8104000091552734,0.8104000091552734,0.8102899789810181,0.8103399872779846
1784601420,0.8103200197219849,0.8104000091552734,0.8102999925613403,0.8103500008583069
1784601480,0.8104000091552734,0.8104000091552734,0.8103399872779846,0.8103799819946289
1784601540,0.8103700280189514,0.8104000091552734,0.8103299736976624,0.8103600144386292
1784601600,0.8103500008583069,0.8104199767112732,0.8103399872779846,0.8103500008583069
1784601660,0.8103700280189514,0.8104100227355957,0.8103600144386292,0.8104000091552734
1784601720,0.8104000091552734,0.8104400038719177,0.8103799819946289,0.8104299902915955
1784601780,0.8104299902915955,0.8105000257492065,0.8104000091552734,0.8104199767112732
1784601840,0.8104000091552734,0.8105000257492065,0.8104000091552734,0.81045001745224
1784601900,0.8104400038719177,0.8105199933052063,0.8104299902915955,0.8104900121688843
1784601960,0.8104699850082397,0.8105300068855286,0.81045001745224,0.8104900121688843
1784602020,0.8104699850082397,0.810509979724884,0.81045001745224,0.810479998588562
1784602080,0.8104699850082397,0.810509979724884,0.81045001745224,0.8104599714279175
1784602140,0.8105000257492065,0.8105300068855286,0.81045001745224,0.8105300068855286
1784602200,0.8105000257492065,0.8105300068855286,0.8104900121688843,0.8105000257492065
1784602260,0.8105000257492065,0.8105499744415283,0.8104900121688843,0.8105199933052063
1784602320,0.8105400204658508,0.8105999827384949,0.8104699850082397,0.8105199933052063
1784602380,0.8105000257492065,0.8105700016021729,0.8104599714279175,0.8105499744415283
1784602440,0.8105499744415283,0.8105999827384949,0.8105000257492065,0.8105499744415283
1784602500,0.8105499744415283,0.8105999827384949,0.8104900121688843,0.810509979724884
1784602560,0.8105400204658508,0.8105499744415283,0.8104900121688843,0.810509979724884
1784602620,0.8105499744415283,0.8105999827384949,0.8104900121688843,0.8105499744415283
1784602680,0.8105499744415283,0.8105999827384949,0.8104900121688843,0.8105000257492065
1784602740,0.8105000257492065,0.8105499744415283,0.810479998588562,0.810509979724884
1784602800,0.810509979724884,0.8105300068855286,0.8104299902915955,0.8105000257492065
1784602860,0.8105000257492065,0.8105300068855286,0.8104599714279175,0.8105000257492065
1784602920,0.8105000257492065,0.8106399774551392,0.8104900121688843,0.8105999827384949
1784602980,0.8105999827384949,0.810699999332428,0.8105999827384949,0.8106600046157837
1784603040,0.8106600046157837,0.810699999332428,0.8106399774551392,0.810670018196106
1784603100,0.810699999332428,0.8107100129127502,0.8106300234794617,0.8106600046157837
1784603160,0.8106499910354614,0.810699999332428,0.8106399774551392,0.8106600046157837
1784603220,0.8106499910354614,0.810699999332428,0.8106399774551392,0.8106499910354614
1784603280,0.8106600046157837,0.810699999332428,0.8106300234794617,0.8106499910354614
1784603340,0.8106499910354614,0.810699999332428,0.8106300234794617,0.8106499910354614
1784603400,0.810699999332428,0.810699999332428,0.8106099963188171,0.8106200098991394
1784603460,0.8106300234794617,0.810699999332428,0.8105900287628174,0.8106099963188171
1784603520,0.8105999827384949,0.810699999332428,0.8105999827384949,0.8106799721717834
1784603580,0.8106799721717834,0.81072998046875,0.8105999827384949,0.8106899857521057
1784603640,0.810699999332428,0.8108000159263611,0.8106799721717834,0.8107399940490723
1784603700,0.8107500076293945,0.8108000159263611,0.8106899857521057,0.8106899857521057
1784603760,0.810699999332428,0.8107399940490723,0.8106899857521057,0.810699999332428
1784603820,0.810699999332428,0.8107600212097168,0.8106799721717834,0.810699999332428
1784603880,0.8107100129127502,0.8107500076293945,0.8106499910354614,0.8106499910354614
1784603940,0.810699999332428,0.8107399940490723,0.8106499910354614,0.8106600046157837
1784604000,0.8106499910354614,0.8107200264930725,0.8106300234794617,0.8106600046157837
1784604060,0.8107100129127502,0.8107200264930725,0.8106099963188171,0.810670018196106
1784604120,0.810670018196106,0.8107399940490723,0.8106499910354614,0.8106899857521057
1784604180,0.8106899857521057,0.8107699751853943,0.8106600046157837,0.81072998046875
1784604240,0.8108000159263611,0.8108000159263611,0.810670018196106,0.8106899857521057
1784604300,0.810699999332428,0.8107699751853943,0.8106799721717834,0.8107699751853943
1784604360,0.8107399940490723,0.8108000159263611,0.8106799721717834,0.8107100129127502
1784604420,0.81072998046875,0.8108000159263611,0.8106899857521057,0.8107100129127502
1784604480,0.81072998046875,0.8107500076293945,0.8106899857521057,0.8107100129127502
1784604540,0.8107100129127502,0.8107500076293945,0.8106899857521057,0.810699999332428
1784604600,0.810699999332428,0.81072998046875,0.8106200098991394,0.8106899857521057
1784604660,0.810699999332428,0.810699999332428,0.8106399774551392,0.8106499910354614
1784604720,0.810699999332428,0.810699999332428,0.8105999827384949,0.8106200098991394
1784604780,0.8106300234794617,0.810699999332428,0.8105800151824951,0.8105999827384949
1784604840,0.8105800151824951,0.8106300234794617,0.8105700016021729,0.8105900287628174
1784604900,0.8105900287628174,0.8106499910354614,0.8105700016021729,0.8105999827384949
1784604960,0.8105999827384949,0.8106799721717834,0.8105700016021729,0.8106499910354614
1784605020,0.8106499910354614,0.810699999332428,0.8106200098991394,0.8106399774551392
1784605080,0.8106399774551392,0.810699999332428,0.8106099963188171,0.8106200098991394
1784605140,0.8106200098991394,0.8106600046157837,0.8105700016021729,0.8105800151824951
1784605200,0.8105999827384949,0.8105999827384949,0.8105300068855286,0.8105700016021729
1784605260,0.8105800151824951,0.8106200098991394,0.8105499744415283,0.8106200098991394
1784605320,0.8105999827384949,0.8106300234794617,0.8105700016021729,0.8105700016021729
1784605380,0.8105999827384949,0.8106200098991394,0.8105400204658508,0.8105499744415283
1784605440,0.8105999827384949,0.8106300234794617,0.8105499744415283,0.8105900287628174
1784605500,0.8105900287628174,0.8106099963188171,0.8105400204658508,0.8105800151824951
1784605560,0.8105999827384949,0.8105999827384949,0.8105300068855286,0.8105400204658508
1784605620,0.8105400204658508,0.8105999827384949,0.8105000257492065,0.8105300068855286
1784605680,0.8105800151824951,0.8105999827384949,0.8104000091552734,0.8104000091552734
1784605740,0.8104000091552734,0.8104400038719177,0.8103899955749512,0.8103899955749512
1784605800,0.8104000091552734,0.8104699850082397,0.8103799819946289,0.8104000091552734
1784605860,0.8104100227355957,0.8105000257492065,0.8104000091552734,0.8104299902915955
1784605920,0.8104599714279175,0.8105000257492065,0.8104299902915955,0.81045001745224
1784605980,0.8104599714279175,0.8105000257492065,0.8104299902915955,0.810479998588562
1784606040,0.8104599714279175,0.8105199933052063,0.81045001745224,0.8104900121688843
1784606100,0.8104900121688843,0.8105599880218506,0.8104900121688843,0.810509979724884
1784606160,0.810509979724884,0.8105499744415283,0.8104900121688843,0.8105199933052063
1784606220,0.8105199933052063,0.8105999827384949,0.8105000257492065,0.8105800151824951
1784606280,0.8105499744415283,0.8106099963188171,0.810509979724884,0.8105599880218506
1784606340,0.8105599880218506,0.810670018196106,0.8105599880218506,0.8106399774551392
1784606400,0.8106399774551392,0.810699999332428,0.8105800151824951,0.8105900287628174
1784606460,0.8105999827384949,0.8106200098991394,0.8105400204658508,0.8105499744415283
1784606520,0.8105499744415283,0.8106099963188171,0.8105499744415283,0.8106099963188171
1784606580,0.8105999827384949,0.8106200098991394,0.8105599880218506,0.8105999827384949
1784606640,0.8105800151824951,0.8105999827384949,0.8105499744415283,0.8105599880218506
1784606700,0.8105700016021729,0.8106099963188171,0.8104900121688843,0.810509979724884
1784606760,0.810509979724884,0.8105199933052063,0.8104199767112732,0.8104900121688843
1784606820,0.8105000257492065,0.8105599880218506,0.810479998588562,0.8105499744415283
1784606880,0.810509979724884,0.8105999827384949,0.81045001745224,0.8104599714279175
1784606940,0.8104699850082397,0.8105000257492065,0.81045001745224,0.8104699850082397
1784607000,0.8104599714279175,0.8105000257492065,0.81045001745224,0.81045001745224
1784607060,0.8105000257492065,0.8105000257492065,0.8104299902915955,0.81045001745224
1784607120,0.81045001745224,0.8105000257492065,0.8104199767112732,0.81045001745224
1784607180,0.8104400038719177,0.8105000257492065,0.8104000091552734,0.8104400038719177
1784607240,0.8105000257492065,0.8105000257492065,0.8103799819946289,0.8104299902915955
1784607300,0.8104400038719177,0.8105000257492065,0.8103799819946289,0.8103799819946289
1784607360,0.8104000091552734,0.8104400038719177,0.8103500008583069,0.8104000091552734
1784607420,0.8103700280189514,0.8104299902915955,0.8103700280189514,0.8104199767112732
1784607480,0.8104100227355957,0.8104299902915955,0.8103299736976624,0.8103500008583069
1784607540,0.8103500008583069,0.8104199767112732,0.8103299736976624,0.8103899955749512
1784607600,0.8104000091552734,0.8104199767112732,0.8103700280189514,0.8104000091552734
1784607660,0.8104000091552734,0.8104400038719177,0.8103799819946289,0.8104400038719177
1784607720,0.8104400038719177,0.8105000257492065,0.8104299902915955,0.8104299902915955
1784607780,0.8104299902915955,0.8105000257492065,0.8103799819946289,0.8104000091552734
1784607840,0.8104000091552734,0.8104199767112732,0.8103799819946289,0.8103899955749512
1784607900,0.8104000091552734,0.8104100227355957,0.8103700280189514,0.8103700280189514
1784607960,0.8104000091552734,0.8104100227355957,0.8103600144386292,0.8104000091552734
1784608020,0.8104100227355957,0.8104100227355957,0.8103700280189514,0.8103700280189514
1784608080,0.8103799819946289,0.8104299902915955,0.8103700280189514,0.8104100227355957
1784608140,0.8103799819946289,0.8105000257492065,0.8103700280189514,0.8104599714279175
1784608200,0.8104400038719177,0.81045001745224,0.8103899955749512,0.8104100227355957
1784608260,0.8103899955749512,0.8104400038719177,0.8103399872779846,0.8103799819946289
1784608320,0.8103799819946289,0.8104000091552734,0.8102999925613403,0.8103700280189514
1784608380,0.8103600144386292,0.8104000091552734,0.8103299736976624,0.8103799819946289
1784608440,0.8103399872779846,0.8104000091552734,0.8103299736976624,0.8103600144386292
1784608500,0.8103600144386292,0.8104000091552734,0.8103100061416626,0.8103100061416626
1784608560,0.8103200197219849,0.8104000091552734,0.8103100061416626,0.8103500008583069
1784608620,0.8103399872779846,0.8103700280189514,0.8102899789810181,0.8103299736976624
1784608680,0.8102899789810181,0.8104000091552734,0.8102899789810181,0.8103399872779846
1784608740,0.8103399872779846,0.8103600144386292,0.8102800250053406,0.8102800250053406
1784608800,0.8102899789810181,0.8103299736976624,0.8102399706840515,0.8103299736976624
1784608860,0.8103100061416626,0.8104000091552734,0.8102899789810181,0.8103600144386292
1784608920,0.8103600144386292,0.8104000091552734,0.810230016708374,0.810259997844696
1784608980,0.8102499842643738,0.8102999925613403,0.810230016708374,0.810230016708374
1784609040,0.8102499842643738,0.8102999925613403,0.810230016708374,0.8102399706840515
1784609100,0.8102499842643738,0.8103100061416626,0.8102499842643738,0.8102700114250183
1784609160,0.810259997844696,0.8102999925613403,0.8102499842643738,0.8102999925613403
1784609220,0.810259997844696,0.8102999925613403,0.8101999759674072,0.8101999759674072
1784609280,0.8102099895477295,0.8102999925613403,0.8101999759674072,0.8102800250053406
1784609340,0.8102800250053406,0.8102999925613403,0.810230016708374,0.8102700114250183
1784609400,0.810230016708374,0.8102999925613403,0.810230016708374,0.8102499842643738
1784609460,0.810259997844696,0.8103100061416626,0.8102499842643738,0.8102800250053406
1784609520,0.8102700114250183,0.8102999925613403,0.8101699948310852,0.8101999759674072
1784609580,0.8101999759674072,0.8102499842643738,0.8101800084114075,0.8102200031280518
1784609640,0.8102499842643738,0.8102499842643738,0.8101800084114075,0.8102099895477295
1784609700,0.8101999759674072,0.8102200031280518,0.8101500272750854,0.8102099895477295
1784609760,0.8101599812507629,0.8102099895477295,0.8101599812507629,0.8101699948310852
1784609820,0.8101599812507629,0.8102099895477295,0.8101500272750854,0.8101699948310852
1784609880,0.8101900219917297,0.8102200031280518,0.8101599812507629,0.8101800084114075
1784609940,0.8101599812507629,0.8102099895477295,0.8101400136947632,0.8101800084114075
1784610000,0.8101800084114075,0.8102399706840515,0.8101599812507629,0.8102099895477295
1784610060,0.8102099895477295,0.8102999925613403,0.8101999759674072,0.810259997844696
1784610120,0.810259997844696,0.8102800250053406,0.8101699948310852,0.8101900219917297
1784610180,0.8101900219917297,0.8102999925613403,0.8101800084114075,0.8102099895477295
1784610240,0.8102200031280518,0.8102999925613403,0.8101800084114075,0.8102800250053406
1784610300,0.810259997844696,0.8102999925613403,0.8102399706840515,0.8102700114250183
1784610360,0.8102700114250183,0.8103299736976624,0.8102499842643738,0.810259997844696
1784610420,0.810259997844696,0.8103200197219849,0.8102099895477295,0.8102099895477295
1784610480,0.8102099895477295,0.8102499842643738,0.8101699948310852,0.810230016708374
1784610540,0.8101999759674072,0.810230016708374,0.8100900053977966,0.8101400136947632
1784610600,0.8100900053977966,0.8101999759674072,0.8100900053977966,0.8101300001144409
1784610660,0.8101500272750854,0.8103100061416626,0.8101500272750854,0.8102499842643738
1784610720,0.810259997844696,0.8103200197219849,0.8102499842643738,0.8102700114250183
1784610780,0.8102899789810181,0.8103399872779846,0.8102800250053406,0.8103100061416626
1784610840,0.8102999925613403,0.8104000091552734,0.8102800250053406,0.8102999925613403
1784610900,0.8103100061416626,0.8103500008583069,0.810259997844696,0.8103100061416626
1784610960,0.8102800250053406,0.8103399872779846,0.8102499842643738,0.8102499842643738
1784611020,0.810230016708374,0.8102999925613403,0.8102099895477295,0.810230016708374
1784611080,0.8102499842643738,0.8102999925613403,0.8101999759674072,0.8102200031280518
1784611140,0.8102499842643738,0.8102999925613403,0.810230016708374,0.810259997844696
1784611200,0.810259997844696,0.8102999925613403,0.8102200031280518,0.8102700114250183
1784611260,0.8102800250053406,0.8103299736976624,0.8102700114250183,0.8102999925613403
1784611320,0.8102800250053406,0.8103500008583069,0.8102399706840515,0.8103200197219849
1784611380,0.8102999925613403,0.8103500008583069,0.8102899789810181,0.8102999925613403
1784611440,0.8103100061416626,0.8104100227355957,0.8102899789810181,0.8103600144386292
1784611500,0.8103600144386292,0.8104000091552734,0.8102899789810181,0.8102999925613403
1784611560,0.8103100061416626,0.8103399872779846,0.8102700114250183,0.8103299736976624
1784611620,0.8102999925613403,0.8103500008583069,0.8102999925613403,0.8103200197219849
1784611680,0.8103200197219849,0.8103500008583069,0.8102899789810181,0.8103399872779846
1784611740,0.8103299736976624,0.8103500008583069,0.8102899789810181,0.8102999925613403
1784611800,0.8102899789810181,0.8103299736976624,0.8101699948310852,0.8101900219917297
1784611860,0.8101999759674072,0.8102200031280518,0.8101199865341187,0.8101199865341187
1784611920,0.8101500272750854,0.8101999759674072,0.8100900053977966,0.8101500272750854
1784611980,0.8101400136947632,0.8101500272750854,0.8100699782371521,0.8101099729537964
1784612040,0.8101300001144409,0.8101999759674072,0.8101000189781189,0.8101999759674072
1784612100,0.8101500272750854,0.8101999759674072,0.8101300001144409,0.8101500272750854
1784612160,0.8101300001144409,0.8101999759674072,0.8100799918174744,0.8101099729537964
1784612220,0.8101099729537964,0.8101999759674072,0.8101099729537964,0.8101500272750854
1784612280,0.8101599812507629,0.8101599812507629,0.8100699782371521,0.8100900053977966
1784612340,0.8101000189781189,0.8101300001144409,0.8100299835205078,0.8100600242614746
1784612400,0.8100399971008301,0.8101000189781189,0.8099899888038635,0.8100200295448303
1784612460,0.8100299835205078,0.8100399971008301,0.8099600076675415,0.8100100159645081
1784612520,0.8100100159645081,0.8100600242614746,0.809909999370575,0.8099600076675415
1784612580,0.8099499940872192,0.8099799752235413,0.8098899722099304,0.809939980506897
1784612640,0.809909999370575,0.8099600076675415,0.8098499774932861,0.8098700046539307
1784612700,0.8098700046539307,0.8100200295448303,0.8098700046539307,0.8099799752235413
1784612760,0.8099899888038635,0.8100299835205078,0.8099700212478638,0.8100200295448303
1784612820,0.8100200295448303,0.8101000189781189,0.8100000023841858,0.8100500106811523
1784612880,0.8100500106811523,0.8100600242614746,0.8100000023841858,0.8100100159645081
1784612940,0.8100100159645081,0.8101199865341187,0.8100000023841858,0.8100900053977966
1784613000,0.8100900053977966,0.8101999759674072,0.8100500106811523,0.8101000189781189
1784613060,0.8101099729537964,0.8101400136947632,0.8100500106811523,0.8100900053977966
1784613120,0.8100500106811523,0.8100900053977966,0.8099499940872192,0.8100100159645081
1784613180,0.8099899888038635,0.8101000189781189,0.8099899888038635,0.8100900053977966
1784613240,0.8100500106811523,0.8101500272750854,0.8100299835205078,0.8100900053977966
1784613300,0.8101000189781189,0.8102200031280518,0.8101000189781189,0.8101800084114075
1784613360,0.8101800084114075,0.810259997844696,0.8101699948310852,0.8102499842643738
1784613420,0.8102200031280518,0.8102499842643738,0.8101900219917297,0.8102399706840515
1784613480,0.8102399706840515,0.8102399706840515,0.8101300001144409,0.8101599812507629
1784613540,0.8101599812507629,0.8102499842643738,0.8101400136947632,0.8102499842643738
1784613600,0.8101999759674072,0.8102999925613403,0.8100500106811523,0.8100900053977966
1784613660,0.8100699782371521,0.8101000189781189,0.8099899888038635,0.8100799918174744
1784613720,0.8100600242614746,0.8101000189781189,0.8099499940872192,0.8099899888038635
1784613780,0.8100000023841858,0.8100100159645081,0.8098300099372864,0.8098800182342529
1784613840,0.8098700046539307,0.8098700046539307,0.809719979763031,0.8097699880599976
1784613900,0.8097800016403198,0.8098599910736084,0.809719979763031,0.8098300099372864
1784613960,0.8098499774932861,0.8099200129508972,0.8097699880599976,0.8098899722099304
1784614020,0.8098800182342529,0.8099600076675415,0.8098000288009644,0.8098599910736084
1784614080,0.8098599910736084,0.8098999857902527,0.8098300099372864,0.8098499774932861
1784614140,0.8098599910736084,0.809939980506897,0.8098400235176086,0.8098700046539307
1784614200,0.8098599910736084,0.8099700212478638,0.8098499774932861,0.8099499940872192
1784614260,0.8099499940872192,0.8100299835205078,0.8099300265312195,0.8100000023841858
1784614320,0.8100100159645081,0.8100200295448303,0.8098899722099304,0.809909999370575
1784614380,0.809909999370575,0.8100000023841858,0.8098999857902527,0.809939980506897
1784614440,0.8099300265312195,0.8099499940872192,0.8098999857902527,0.809939980506897
1784614500,0.8099300265312195,0.8100000023841858,0.8098800182342529,0.809909999370575
1784614560,0.809909999370575,0.8099799752235413,0.8098899722099304,0.809909999370575
1784614620,0.8098999857902527,0.809939980506897,0.8098000288009644,0.8098300099372864
1784614680,0.8098499774932861,0.8099799752235413,0.8098000288009644,0.809939980506897
1784614740,0.8099600076675415,0.8099899888038635,0.8098899722099304,0.809909999370575
1784614800,0.8098899722099304,0.8099700212478638,0.8098899722099304,0.8098899722099304
1784614860,0.8099300265312195,0.8099499940872192,0.8098499774932861,0.809909999370575
1784614920,0.8099300265312195,0.8099799752235413,0.8098199963569641,0.8098599910736084
1784614980,0.8098599910736084,0.8099200129508972,0.809719979763031,0.8097599744796753
1784615040,0.809719979763031,0.8098000288009644,0.8097100257873535,0.8097100257873535
1784615100,0.8097299933433533,0.8097400069236755,0.8096500039100647,0.8097100257873535
1784615160,0.8097299933433533,0.8098000288009644,0.8097000122070312,0.8097500205039978
1784615220,0.8097400069236755,0.8098800182342529,0.8097400069236755,0.8098400235176086
1784615280,0.8098400235176086,0.8098599910736084,0.8097699880599976,0.8097699880599976
1784615340,0.8097800016403198,0.8098099827766418,0.8097299933433533,0.8097699880599976
1784615400,0.8097599744796753,0.8098800182342529,0.8097400069236755,0.8098499774932861
1784615460,0.8098599910736084,0.8098599910736084,0.8097599744796753,0.8098199963569641
1784615520,0.8098300099372864,0.8099200129508972,0.8097900152206421,0.8098099827766418
1784615580,0.8098300099372864,0.8098300099372864,0.8097500205039978,0.8097800016403198
1784615640,0.8097800016403198,0.8098700046539307,0.8097699880599976,0.8098599910736084
1784615700,0.8098400235176086,0.8098700046539307,0.8097699880599976,0.8098099827766418
1784615760,0.8098099827766418,0.8098700046539307,0.8097900152206421,0.8098300099372864
1784615820,0.8098300099372864,0.8098400235176086,0.8097299933433533,0.8097900152206421
1784615880,0.8097900152206421,0.8099899888038635,0.8097800016403198,0.8099899888038635
1784615940,0.8099899888038635,0.8100500106811523,0.8099200129508972,0.8099499940872192
1784616000,0.8099600076675415,0.8100399971008301,0.8099600076675415,0.8099899888038635
1784616060,0.8099899888038635,0.8100100159645081,0.8098899722099304,0.8098999857902527
1784616120,0.8098899722099304,0.8099499940872192,0.8098499774932861,0.809909999370575
1784616180,0.809909999370575,0.8099499940872192,0.8097900152206421,0.8098400235176086
1784616240,0.8098499774932861,0.8098999857902527,0.8097800016403198,0.8098099827766418
1784616300,0.8098300099372864,0.8098700046539307,0.8097699880599976,0.8098499774932861
1784616360,0.8098199963569641,0.8098999857902527,0.8097900152206421,0.8098700046539307
1784616420,0.8098400235176086,0.8098999857902527,0.8097000122070312,0.809719979763031
1784616480,0.809719979763031,0.8097400069236755,0.8096799850463867,0.8097000122070312
1784616540,0.8097000122070312,0.8097299933433533,0.8096399903297424,0.809719979763031
1784616600,0.809719979763031,0.8098999857902527,0.8096799850463867,0.8098499774932861
1784616660,0.8098499774932861,0.8098899722099304,0.8097900152206421,0.8098400235176086
1784616720,0.8098300099372864,0.8098999857902527,0.8098199963569641,0.8098400235176086
1784616780,0.8098400235176086,0.8098999857902527,0.8097800016403198,0.8098199963569641
1784616840,0.8098199963569641,0.8098999857902527,0.8097900152206421,0.8098599910736084
1784616900,0.8098400235176086,0.8099499940872192,0.8098199963569641,0.8098400235176086
1784616960,0.8098400235176086,0.8098800182342529,0.8097000122070312,0.809719979763031
1784617020,0.809719979763031,0.8098400235176086,0.8097000122070312,0.8098000288009644
1784617080,0.8098000288009644,0.8098999857902527,0.8097500205039978,0.8098700046539307
1784617140,0.8098700046539307,0.8100000023841858,0.8098400235176086,0.809939980506897
1784617200,0.8099300265312195,0.809939980506897,0.8097699880599976,0.8098300099372864
1784617260,0.8098199963569641,0.8099300265312195,0.8098000288009644,0.8098999857902527
1784617320,0.8098999857902527,0.8098999857902527,0.809689998626709,0.8097500205039978
1784617380,0.8097400069236755,0.8097699880599976,0.8095600008964539,0.8096299767494202
1784617440,0.8096299767494202,0.8097000122070312,0.8094900250434875,0.8095800280570984
1784617500,0.8095800280570984,0.8096100091934204,0.8094900250434875,0.8095499873161316
1784617560,0.8095499873161316,0.8095999956130981,0.8094499707221985,0.8095399737358093
1784617620,0.8095399737358093,0.8097000122070312,0.8095099925994873,0.8096100091934204
1784617680,0.8096100091934204,0.8096699714660645,0.8095700144767761,0.8096100091934204
1784617740,0.8096100091934204,0.8096399903297424,0.8095399737358093,0.8095700144767761
1784617800,0.8095800280570984,0.8096299767494202,0.8095399737358093,0.8095899820327759
1784617860,0.8095999956130981,0.8097000122070312,0.8095499873161316,0.8096299767494202
1784617920,0.8096200227737427,0.8097599744796753,0.8096100091934204,0.809719979763031
1784617980,0.8097500205039978,0.8097500205039978,0.8095899820327759,0.8096200227737427
1784618040,0.8096200227737427,0.809719979763031,0.8095600008964539,0.809689998626709
1784618100,0.809689998626709,0.8097800016403198,0.809660017490387,0.8097500205039978
1784618160,0.8098000288009644,0.8098000288009644,0.8096799850463867,0.8097100257873535
1784618220,0.8097000122070312,0.809719979763031,0.8096100091934204,0.809660017490387
1784618280,0.8096500039100647,0.8097000122070312,0.8090500235557556,0.8092799782752991
1784618340,0.8092799782752991,0.8092899918556213,0.8091800212860107,0.8092300295829773
1784618400,0.8091999888420105,0.8093000054359436,0.8091199994087219,0.8091899752616882
1784618460,0.8091899752616882,0.809220016002655,0.8090699911117554,0.8090800046920776
1784618520,0.8090699911117554,0.8092100024223328,0.8090500235557556,0.8091599941253662
1784618580,0.8091599941253662,0.8093000054359436,0.8091599941253662,0.8092300295829773
1784618640,0.8092300295829773,0.8094099760055542,0.8091999888420105,0.8094099760055542
1784618700,0.8094099760055542,0.8094599843025208,0.8093600273132324,0.8094199895858765
1784618760,0.8094000220298767,0.8095099925994873,0.8093799948692322,0.809440016746521
1784618820,0.8094000220298767,0.809499979019165,0.8094000220298767,0.8094099760055542
1784618880,0.8094099760055542,0.8095300197601318,0.8093799948692322,0.809499979019165
1784618940,0.809469997882843,0.8095999956130981,0.8094099760055542,0.8095700144767761
1784619000,0.8095499873161316,0.809660017490387,0.8095399737358093,0.8095999956130981
1784619060,0.8095999956130981,0.8098099827766418,0.8095800280570984,0.8097800016403198
1784619120,0.8098000288009644,0.8098499774932861,0.8096699714660645,0.8097000122070312
1784619180,0.8097000122070312,0.8097299933433533,0.8095700144767761,0.8095899820327759
1784619240,0.8096100091934204,0.8096399903297424,0.8095099925994873,0.8095300197601318
1784619300,0.8095300197601318,0.8095999956130981,0.8094800114631653,0.8095099925994873
1784619360,0.8094800114631653,0.8095700144767761,0.8094599843025208,0.8095499873161316
1784619420,0.8095499873161316,0.8095999956130981,0.8095300197601318,0.8095800280570984
1784619480,0.8095899820327759,0.8097000122070312,0.8094499707221985,0.809469997882843
1784619540,0.809469997882843,0.809660017490387,0.809469997882843,0.8096200227737427
1784619600,0.8096200227737427,0.809719979763031,0.8096100091934204,0.8096500039100647
1784619660,0.8096500039100647,0.8097000122070312,0.8095499873161316,0.8095899820327759
1784619720,0.8095600008964539,0.8097000122070312,0.8095300197601318,0.8096500039100647
1784619780,0.809660017490387,0.8098000288009644,0.8096399903297424,0.8097299933433533
1784619840,0.8097299933433533,0.8098000288009644,0.809719979763031,0.8097699880599976
1784619900,0.809719979763031,0.8098000288009644,0.809660017490387,0.8097000122070312
1784619960,0.809689998626709,0.8098000288009644,0.8096500039100647,0.8097800016403198
1784620020,0.8097699880599976,0.8098999857902527,0.8097500205039978,0.8097599744796753
1784620080,0.8097599744796753,0.8098400235176086,0.8097500205039978,0.8097800016403198
1784620140,0.8097800016403198,0.8098199963569641,0.8097100257873535,0.8097100257873535
1784620200,0.8097299933433533,0.8098999857902527,0.809719979763031,0.8098300099372864
1784620260,0.8098300099372864,0.809909999370575,0.8097699880599976,0.8098700046539307
1784620320,0.8098700046539307,0.8100000023841858,0.8098700046539307,0.809939980506897
1784620380,0.809939980506897,0.8099899888038635,0.8097699880599976,0.8098099827766418
1784620440,0.8098499774932861,0.8098499774932861,0.8095600008964539,0.8095999956130981
1784620500,0.8095999956130981,0.8097400069236755,0.8095099925994873,0.8097000122070312
1784620560,0.809689998626709,0.8098099827766418,0.8096500039100647,0.8097500205039978
1784620620,0.8097500205039978,0.8098000288009644,0.8096699714660645,0.8097299933433533
1784620680,0.8097100257873535,0.8098000288009644,0.8096500039100647,0.809689998626709
1784620740,0.809689998626709,0.8097900152206421,0.809689998626709,0.8097500205039978
1784620800,0.8097500205039978,0.8098199963569641,0.8097100257873535,0.8097800016403198
1784620860,0.8097400069236755,0.8098199963569641,0.809719979763031,0.8097500205039978
1784620920,0.8097500205039978,0.8098099827766418,0.8097000122070312,0.8097599744796753
1784620980,0.8098099827766418,0.8098999857902527,0.8097000122070312,0.8098400235176086
1784621040,0.8098199963569641,0.8098599910736084,0.8097000122070312,0.8097000122070312
1784621100,0.8097000122070312,0.8097500205039978,0.8095999956130981,0.8097100257873535
1784621160,0.8097100257873535,0.8097100257873535,0.8095999956130981,0.8096500039100647
1784621220,0.809660017490387,0.809660017490387,0.8095099925994873,0.8095899820327759
1784621280,0.8095800280570984,0.8096799850463867,0.8095099925994873,0.8095099925994873
1784621340,0.8095300197601318,0.8095999956130981,0.8095099925994873,0.8095399737358093
1784621400,0.8095300197601318,0.809689998626709,0.8095300197601318,0.8096299767494202
1784621460,0.8095999956130981,0.809660017490387,0.8095600008964539,0.8095700144767761
1784621520,0.8095700144767761,0.8096299767494202,0.8095300197601318,0.8095999956130981
1784621580,0.8095899820327759,0.8096299767494202,0.8095099925994873,0.8095600008964539
1784621640,0.8095200061798096,0.8096399903297424,0.8095200061798096,0.8095800280570984
1784621700,0.8095899820327759,0.8096799850463867,0.8095700144767761,0.8096100091934204
1784621760,0.8095999956130981,0.8097599744796753,0.8095999956130981,0.8096799850463867
1784621820,0.8096799850463867,0.8097400069236755,0.8096200227737427,0.8096200227737427
1784621880,0.8096200227737427,0.8098000288009644,0.8096200227737427,0.8098000288009644
1784621940,0.8097400069236755,0.8098000288009644,0.8096299767494202,0.809719979763031
1784622000,0.8096699714660645,0.8098300099372864,0.8096500039100647,0.8097800016403198
1784622060,0.8097800016403198,0.8098499774932861,0.8096500039100647,0.8097000122070312
1784622120,0.8097000122070312,0.809909999370575,0.8097000122070312,0.8098800182342529
1784622180,0.8098800182342529,0.8099200129508972,0.8098199963569641,0.8098599910736084
1784622240,0.8098599910736084,0.8098999857902527,0.8098000288009644,0.8098099827766418
1784622300,0.8098499774932861,0.8099799752235413,0.8097900152206421,0.8099600076675415
1784622360,0.809939980506897,0.8100000023841858,0.8098499774932861,0.8099300265312195
1784622420,0.8098999857902527,0.8100000023841858,0.8098899722099304,0.8098999857902527
1784622480,0.8098999857902527,0.8100399971008301,0.8098999857902527,0.8099899888038635
1784622540,0.8099899888038635,0.810230016708374,0.8099700212478638,0.8101599812507629
1784622600,0.8101599812507629,0.8103899955749512,0.8101599812507629,0.8103200197219849
1784622660,0.8103399872779846,0.8103799819946289,0.8101900219917297,0.8102499842643738
1784622720,0.8102099895477295,0.8103500008583069,0.8102099895477295,0.8102800250053406
1784622780,0.8102800250053406,0.8104199767112732,0.810259997844696,0.8103899955749512
1784622840,0.8103799819946289,0.8104900121688843,0.8103700280189514,0.8104199767112732
1784622900,0.8104199767112732,0.8105599880218506,0.8103899955749512,0.810509979724884
1784622960,0.810509979724884,0.8107100129127502,0.810479998588562,0.8106799721717834
1784623020,0.8107200264930725,0.81072998046875,0.810479998588562,0.8105400204658508
1784623080,0.8105400204658508,0.8105999827384949,0.8102099895477295,0.8103600144386292
1784623140,0.8103399872779846,0.81045001745224,0.8103399872779846,0.8104100227355957
1784623200,0.8104100227355957,0.8105000257492065,0.8103700280189514,0.8104000091552734
1784623260,0.8103700280189514,0.8104400038719177,0.8103500008583069,0.8103700280189514
1784623320,0.8104100227355957,0.8104100227355957,0.8102899789810181,0.8103299736976624
1784623380,0.8103100061416626,0.8104000091552734,0.810259997844696,0.810259997844696
1784623440,0.8102899789810181,0.8103500008583069,0.8102099895477295,0.8102999925613403
1784623500,0.8103100061416626,0.8103399872779846,0.8102499842643738,0.8103100061416626
1784623560,0.8102999925613403,0.8104000091552734,0.8102899789810181,0.8103600144386292
1784623620,0.8103500008583069,0.8104400038719177,0.8103500008583069,0.8104100227355957
1784623680,0.8104000091552734,0.8104100227355957,0.8103399872779846,0.8103899955749512
1784623740,0.8103799819946289,0.8104199767112732,0.8102899789810181,0.8104000091552734
1784623800,0.8104000091552734,0.8104199767112732,0.8103200197219849,0.8103500008583069
1784623860,0.8103399872779846,0.8104000091552734,0.810230016708374,0.810230016708374
1784623920,0.810230016708374,0.8102999925613403,0.8101800084114075,0.8102700114250183
1784623980,0.8102899789810181,0.8103100061416626,0.8102399706840515,0.8102999925613403
1784624040,0.8102700114250183,0.8104000091552734,0.8102700114250183,0.8103399872779846
1784624100,0.8103399872779846,0.8104000091552734,0.8102499842643738,0.8102899789810181
1784624160,0.8103100061416626,0.8103200197219849,0.810230016708374,0.8102899789810181
1784624220,0.8102899789810181,0.8103700280189514,0.8102700114250183,0.8103500008583069
1784624280,0.8103299736976624,0.8103600144386292,0.8102499842643738,0.8102899789810181
1784624340,0.8102899789810181,0.8103399872779846,0.8101999759674072,0.8102200031280518
1784624400,0.8101999759674072,0.8102999925613403,0.8101999759674072,0.810259997844696
1784624460,0.810259997844696,0.8102999925613403,0.8102200031280518,0.8102399706840515
1784624520,0.810230016708374,0.8103899955749512,0.810230016708374,0.8103600144386292
1784624580,0.8103600144386292,0.8104000091552734,0.8102099895477295,0.8102700114250183
1784624640,0.810259997844696,0.8102999925613403,0.8101099729537964,0.8101599812507629
1784624700,0.8101500272750854,0.8101999759674072,0.8100600242614746,0.8100799918174744
1784624760,0.8100699782371521,0.8101099729537964,0.8100299835205078,0.8100900053977966
1784624820,0.8100500106811523,0.8101099729537964,0.8100200295448303,0.8100399971008301
1784624880,0.8100299835205078,0.8101000189781189,0.809939980506897,0.8099700212478638
1784624940,0.8099799752235413,0.8100699782371521,0.809939980506897,0.8100600242614746
1784625000,0.8100600242614746,0.8101000189781189,0.8100100159645081,0.8100799918174744
1784625060,0.8100699782371521,0.8101300001144409,0.8100399971008301,0.8100500106811523
1784625120,0.8100500106811523,0.8101000189781189,0.8100100159645081,0.8101000189781189
1784625180,0.8100600242614746,0.8101000189781189,0.8099700212478638,0.8100000023841858
1784625240,0.8100000023841858,0.8100399971008301,0.8099700212478638,0.8100000023841858
1784625300,0.8100100159645081,0.8100299835205078,0.809939980506897,0.8099700212478638
1784625360,0.8099700212478638,0.8100000023841858,0.8098400235176086,0.8098999857902527
1784625420,0.8098999857902527,0.8100100159645081,0.8097699880599976,0.8098300099372864
1784625480,0.8098099827766418,0.8098999857902527,0.8098000288009644,0.8098300099372864
1784625540,0.8098300099372864,0.8098999857902527,0.8097900152206421,0.8098400235176086
1784625600,0.8098700046539307,0.809939980506897,0.8097800016403198,0.8098700046539307
1784625660,0.8098800182342529,0.8099300265312195,0.8098400235176086,0.8098999857902527
1784625720,0.8098800182342529,0.8100000023841858,0.8098800182342529,0.8099499940872192
1784625780,0.8098999857902527,0.8100299835205078,0.8098999857902527,0.8099799752235413
1784625840,0.8100299835205078,0.8101000189781189,0.8100000023841858,0.8100399971008301
1784625900,0.8100399971008301,0.8101000189781189,0.8099899888038635,0.8100000023841858
1784625960,0.8100100159645081,0.8101599812507629,0.8099700212478638,0.8101000189781189
1784626020,0.8101000189781189,0.8102499842643738,0.8100900053977966,0.8102099895477295
1784626080,0.8102200031280518,0.8102999925613403,0.8101000189781189,0.8102499842643738
1784626140,0.8102499842643738,0.8103500008583069,0.8102200031280518,0.8103100061416626
1784626200,0.8103200197219849,0.8104000091552734,0.810230016708374,0.8104000091552734
1784626260,0.8103500008583069,0.8104000091552734,0.8101900219917297,0.810230016708374
1784626320,0.8102099895477295,0.8102200031280518,0.8101500272750854,0.8101599812507629
1784626380,0.8101599812507629,0.8102200031280518,0.8100600242614746,0.8101000189781189
1784626440,0.8101000189781189,0.8101199865341187,0.8100299835205078,0.8100699782371521
1784626500,0.8100500106811523,0.8101000189781189,0.8100299835205078,0.8100299835205078
1784626560,0.8100399971008301,0.8100699782371521,0.8100000023841858,0.8100200295448303
1784626620,0.8100100159645081,0.8101099729537964,0.809909999370575,0.8099499940872192
1784626680,0.8099200129508972,0.8099799752235413,0.8097599744796753,0.8098199963569641
1784626740,0.8098499774932861,0.8099600076675415,0.8098199963569641,0.8099200129508972
1784626800,0.8099200129508972,0.8100299835205078,0.8098999857902527,0.8099899888038635
1784626860,0.8099600076675415,0.8101000189781189,0.8099499940872192,0.8100399971008301
1784626920,0.8100399971008301,0.8101000189781189,0.8099899888038635,0.8100100159645081
1784626980,0.8100100159645081,0.8100500106811523,0.8099300265312195,0.8099600076675415
1784627040,0.8099600076675415,0.8100200295448303,0.809909999370575,0.8099600076675415
1784627100,0.8099600076675415,0.8100200295448303,0.8099200129508972,0.809939980506897
1784627160,0.809939980506897,0.809939980506897,0.8098099827766418,0.8098300099372864
1784627220,0.8098300099372864,0.8098999857902527,0.8098000288009644,0.8098300099372864
1784627280,0.8098300099372864,0.8099300265312195,0.8097900152206421,0.8098899722099304
1784627340,0.8098800182342529,0.8098999857902527,0.8097800016403198,0.8098099827766418
1784627400,0.8097900152206421,0.8098499774932861,0.8097500205039978,0.8097699880599976
1784627460,0.8097599744796753,0.8098000288009644,0.8096699714660645,0.8097000122070312
1784627520,0.8097000122070312,0.8098000288009644,0.8096699714660645,0.8097599744796753
1784627580,0.8097599744796753,0.8098000288009644,0.8096500039100647,0.8096699714660645
1784627640,0.8096699714660645,0.8097400069236755,0.809660017490387,0.809719979763031
1784627700,0.809689998626709,0.8097500205039978,0.809660017490387,0.809719979763031
1784627760,0.809719979763031,0.8097800016403198,0.809689998626709,0.8097500205039978
1784627820,0.8097599744796753,0.8098700046539307,0.8097500205039978,0.8098400235176086
1784627880,0.8098999857902527,0.8098999857902527,0.8097900152206421,0.8097900152206421
1784627940,0.8097900152206421,0.809939980506897,0.8097900152206421,0.8098999857902527
1784628000,0.8098999857902527,0.8099499940872192,0.8097900152206421,0.8098700046539307
1784628060,0.8098700046539307,0.8098999857902527,0.8097400069236755,0.8098099827766418
1784628120,0.8097400069236755,0.8098000288009644,0.8096200227737427,0.8096799850463867
1784628180,0.809719979763031,0.8097800016403198,0.8096200227737427,0.8096699714660645
1784628240,0.8096299767494202,0.8098000288009644,0.8096299767494202,0.8097800016403198
1784628300,0.8097400069236755,0.8098400235176086,0.809689998626709,0.8097400069236755
1784628360,0.8097299933433533,0.8098000288009644,0.8096500039100647,0.8097000122070312
1784628420,0.809689998626709,0.8098000288009644,0.809689998626709,0.8097400069236755
1784628480,0.809719979763031,0.8097500205039978,0.8096299767494202,0.8096500039100647
1784628540,0.8096699714660645,0.809689998626709,0.8095600008964539,0.8095700144767761
1784628600,0.8095800280570984,0.8096100091934204,0.8093400001525879,0.8093600273132324
1784628660,0.8093600273132324,0.8094199895858765,0.8091999888420105,0.8093600273132324
1784628720,0.8093500137329102,0.8094199895858765,0.8092700242996216,0.8094000220298767
1784628780,0.8093699812889099,0.8094300031661987,0.8093000054359436,0.8093299865722656
1784628840,0.8093199729919434,0.8094199895858765,0.8093100190162659,0.8094000220298767
1784628900,0.8093699812889099,0.8094300031661987,0.8093000054359436,0.8094000220298767
1784628960,0.8093900084495544,0.809469997882843,0.8093500137329102,0.8094199895858765
1784629020,0.8094000220298767,0.8095399737358093,0.8093900084495544,0.8095200061798096
1784629080,0.8095200061798096,0.8095300197601318,0.8094599843025208,0.8094800114631653
1784629140,0.8094599843025208,0.8095999956130981,0.8094599843025208,0.8095300197601318
1784629200,0.809499979019165,0.8095300197601318,0.8094499707221985,0.809469997882843
1784629260,0.809469997882843,0.8095300197601318,0.809440016746521,0.8094800114631653
1784629320,0.809469997882843,0.8095399737358093,0.8094000220298767,0.8094499707221985
1784629380,0.8094499707221985,0.8095399737358093,0.809440016746521,0.8095099925994873
1784629440,0.8095099925994873,0.8095300197601318,0.8094300031661987,0.8094599843025208
1784629500,0.8094599843025208,0.809499979019165,0.8093500137329102,0.8093699812889099
1784629560,0.8094000220298767,0.8094800114631653,0.8093699812889099,0.8093900084495544
1784629620,0.8093699812889099,0.8094300031661987,0.8093600273132324,0.8094000220298767
1784629680,0.8094000220298767,0.8094300031661987,0.8092899918556213,0.8093400001525879
1784629740,0.8093000054359436,0.8093500137329102,0.8092300295829773,0.8093000054359436
1784629800,0.8092700242996216,0.8093600273132324,0.8092600107192993,0.8093500137329102
1784629860,0.8093299865722656,0.8093500137329102,0.8092399835586548,0.8092899918556213
1784629920,0.809249997138977,0.8093500137329102,0.809249997138977,0.8092899918556213
1784629980,0.8092799782752991,0.8093299865722656,0.809249997138977,0.8092700242996216
1784630040,0.8092700242996216,0.8093199729919434,0.8092300295829773,0.8092600107192993
1784630100,0.8093000054359436,0.8093199729919434,0.8091999888420105,0.8092100024223328
1784630160,0.8092100024223328,0.8093100190162659,0.8091899752616882,0.8092700242996216
1784630220,0.8092700242996216,0.8094099760055542,0.8092700242996216,0.8093199729919434
1784630280,0.8093199729919434,0.809440016746521,0.8092799782752991,0.8094300031661987
1784630340,0.8094300031661987,0.809499979019165,0.8093799948692322,0.809440016746521
1784630400,0.8094499707221985,0.8095300197601318,0.8094300031661987,0.8095099925994873
1784630460,0.8095300197601318,0.8096299767494202,0.809499979019165,0.8095999956130981
1784630520,0.8095999956130981,0.8097000122070312,0.8095099925994873,0.8095399737358093
1784630580,0.8095399737358093,0.8095999956130981,0.809499979019165,0.8095200061798096
1784630640,0.8095200061798096,0.8096100091934204,0.8094900250434875,0.8095600008964539
1784630700,0.8095499873161316,0.8097599744796753,0.8095499873161316,0.809719979763031
1784630760,0.809719979763031,0.8097699880599976,0.809689998626709,0.8097100257873535
1784630820,0.8097100257873535,0.8097500205039978,0.8096699714660645,0.8097100257873535
1784630880,0.8097299933433533,0.8098000288009644,0.809689998626709,0.8097100257873535
1784630940,0.8097100257873535,0.8098099827766418,0.8096799850463867,0.8098099827766418
1784631000,0.8097800016403198,0.8099499940872192,0.8097800016403198,0.8099300265312195
1784631060,0.8099200129508972,0.8100000023841858,0.8098999857902527,0.8099300265312195
1784631120,0.8099499940872192,0.8099600076675415,0.8098000288009644,0.8098300099372864
1784631180,0.8098300099372864,0.8098999857902527,0.8098000288009644,0.8098300099372864
1784631240,0.8098300099372864,0.8098999857902527,0.8098099827766418,0.8098300099372864
1784631300,0.8098300099372864,0.8098999857902527,0.8097900152206421,0.8098400235176086
1784631360,0.8098999857902527,0.809939980506897,0.8098099827766418,0.8098899722099304
1784631420,0.8099300265312195,0.8102200031280518,0.8098700046539307,0.8101900219917297
1784631480,0.8102200031280518,0.8102200031280518,0.8100299835205078,0.8100299835205078
1784631540,0.8100299835205078,0.8101000189781189,0.8100000023841858,0.8100600242614746
1784631600,0.8100600242614746,0.8100799918174744,0.8099600076675415,0.8100699782371521
1784631660,0.8100900053977966,0.8101500272750854,0.8100299835205078,0.8100600242614746
1784631720,0.8100399971008301,0.8101199865341187,0.8099600076675415,0.8100299835205078
1784631780,0.8100299835205078,0.8101099729537964,0.8100000023841858,0.8101000189781189
1784631840,0.8100799918174744,0.8102099895477295,0.8100699782371521,0.8101199865341187
1784631900,0.8101400136947632,0.8102499842643738,0.8101099729537964,0.8101900219917297
1784631960,0.8101999759674072,0.810259997844696,0.8101599812507629,0.8102399706840515
1784632020,0.810230016708374,0.8103299736976624,0.8102099895477295,0.8102899789810181
1784632080,0.8102899789810181,0.810509979724884,0.8102800250053406,0.8104699850082397
1784632140,0.8104699850082397,0.8107100129127502,0.81045001745224,0.8105700016021729
1784632200,0.8105700016021729,0.81072998046875,0.8105700016021729,0.8107100129127502
1784632260,0.8107100129127502,0.8107100129127502,0.8105999827384949,0.8106399774551392
1784632320,0.8106499910354614,0.810699999332428,0.8104599714279175,0.8104599714279175
1784632380,0.810479998588562,0.8105199933052063,0.8104299902915955,0.8105000257492065
1784632440,0.810479998588562,0.8105800151824951,0.8104199767112732,0.8105499744415283
1784632500,0.8105499744415283,0.8105499744415283,0.8104699850082397,0.810509979724884
1784632560,0.810509979724884,0.810509979724884,0.8102999925613403,0.8104699850082397
1784632620,0.8104699850082397,0.810479998588562,0.8103299736976624,0.8104100227355957
1784632680,0.8104100227355957,0.8104199767112732,0.8102700114250183,0.8104000091552734
1784632740,0.8104199767112732,0.8104599714279175,0.8103799819946289,0.81045001745224
1784632800,0.8104699850082397,0.8105700016021729,0.8104299902915955,0.8105499744415283
1784632860,0.8105400204658508,0.8106300234794617,0.8105300068855286,0.8105800151824951
1784632920,0.8105800151824951,0.8106300234794617,0.8105000257492065,0.8105199933052063
1784632980,0.8105199933052063,0.8105999827384949,0.81045001745224,0.8105400204658508
1784633040,0.8105400204658508,0.8105499744415283,0.8104000091552734,0.81045001745224
1784633100,0.81045001745224,0.8105199933052063,0.8104299902915955,0.8104900121688843
1784633160,0.8104699850082397,0.8104900121688843,0.8103700280189514,0.8104299902915955
1784633220,0.8104299902915955,0.8104400038719177,0.8103700280189514,0.8103799819946289
1784633280,0.8103899955749512,0.8104400038719177,0.8103600144386292,0.8104199767112732
1784633340,0.8104199767112732,0.8104299902915955,0.8103700280189514,0.8104199767112732
1784633400,0.8104000091552734,0.8104100227355957,0.8101999759674072,0.8102499842643738
1784633460,0.8102499842643738,0.8103600144386292,0.8102499842643738,0.8103399872779846
1784633520,0.8103399872779846,0.8104100227355957,0.8102499842643738,0.8103899955749512
1784633580,0.8103899955749512,0.8105300068855286,0.8103899955749512,0.8105199933052063
1784633640,0.8105300068855286,0.8105400204658508,0.8104199767112732,0.810509979724884
1784633700,0.810509979724884,0.8105300068855286,0.8103899955749512,0.8103899955749512
1784633760,0.8104000091552734,0.8104199767112732,0.8102999925613403,0.8103200197219849
1784633820,0.8103100061416626,0.8104199767112732,0.8102899789810181,0.8104000091552734
1784633880,0.8103799819946289,0.8104400038719177,0.8103600144386292,0.8103799819946289
1784633940,0.8103799819946289,0.8104000091552734,0.8102099895477295,0.8102200031280518
1784634000,0.810230016708374,0.8103100061416626,0.8101900219917297,0.8102999925613403
1784634060,0.8103100061416626,0.8104000091552734,0.810259997844696,0.8103200197219849
1784634120,0.8103399872779846,0.8104299902915955,0.8103399872779846,0.8104000091552734
1784634180,0.8103899955749512,0.8104400038719177,0.8102999925613403,0.8103700280189514
1784634240,0.8103600144386292,0.8104100227355957,0.8102999925613403,0.8103100061416626
1784634300,0.8103299736976624,0.8104400038719177,0.8102899789810181,0.8104100227355957
1784634360,0.8104100227355957,0.810479998588562,0.8104000091552734,0.8104400038719177
1784634420,0.8104400038719177,0.81045001745224,0.8103799819946289,0.8104199767112732
1784634480,0.8103899955749512,0.8104400038719177,0.8103500008583069,0.8104199767112732
1784634540,0.8104000091552734,0.810479998588562,0.8103700280189514,0.8103899955749512
1784634600,0.8104299902915955,0.8104299902915955,0.8103299736976624,0.8104199767112732
1784634660,0.8103799819946289,0.8105300068855286,0.8103799819946289,0.8104900121688843
1784634720,0.8104900121688843,0.8107200264930725,0.8104699850082397,0.8106899857521057
1784634780,0.810670018196106,0.8107600212097168,0.8106499910354614,0.8107100129127502
1784634840,0.810699999332428,0.8107699751853943,0.8106799721717834,0.8107500076293945
1784634900,0.8107500076293945,0.8108000159263611,0.810670018196106,0.8107200264930725
1784634960,0.8107200264930725,0.8107500076293945,0.8106399774551392,0.810670018196106
1784635020,0.8106600046157837,0.81072998046875,0.8106499910354614,0.8106899857521057
1784635080,0.810670018196106,0.810699999332428,0.8105900287628174,0.8106200098991394
1784635140,0.8106200098991394,0.8106300234794617,0.8105599880218506,0.8105800151824951
1784635200,0.8105800151824951,0.8105999827384949,0.8104299902915955,0.810509979724884
1784635260,0.810509979724884,0.8106499910354614,0.810479998588562,0.8106200098991394
1784635320,0.8106200098991394,0.8106799721717834,0.8105000257492065,0.8105499744415283
1784635380,0.8105199933052063,0.81072998046875,0.8105199933052063,0.810699999332428
1784635440,0.81072998046875,0.8108599781990051,0.810670018196106,0.8107500076293945
1784635500,0.8107699751853943,0.8108000159263611,0.8106799721717834,0.81072998046875
1784635560,0.81072998046875,0.8108400106430054,0.8107100129127502,0.8107600212097168
1784635620,0.8107600212097168,0.8107799887657166,0.8106200098991394,0.8107100129127502
1784635680,0.8107100129127502,0.81072998046875,0.8105900287628174,0.81072998046875
1784635740,0.810699999332428,0.8109400272369385,0.8106600046157837,0.8109300136566162
1784635800,0.8108900189399719,0.8109999895095825,0.8108699917793274,0.8109400272369385
1784635860,0.8109599947929382,0.8109999895095825,0.8108699917793274,0.8109599947929382
1784635920,0.810949981212616,0.8109700083732605,0.8107699751853943,0.8108299970626831
1784635980,0.8108100295066833,0.8109999895095825,0.8108100295066833,0.8109099864959717
1784636040,0.8108800053596497,0.8109099864959717,0.8108400106430054,0.8108599781990051
1784636100,0.8108999729156494,0.8109800219535828,0.8108199834823608,0.8109599947929382
1784636160,0.8109400272369385,0.811020016670227,0.8108000159263611,0.8108000159263611
1784636220,0.8108000159263611,0.8108599781990051,0.8107399940490723,0.8107399940490723
1784636280,0.8107600212097168,0.8108800053596497,0.8106899857521057,0.8108699917793274
1784636340,0.8108699917793274,0.8108900189399719,0.8107900023460388,0.8108100295066833
1784636400,0.8108100295066833,0.8108400106430054,0.8106399774551392,0.8106799721717834
1784636460,0.8106799721717834,0.81072998046875,0.8106099963188171,0.8106600046157837
1784636520,0.8106600046157837,0.810699999332428,0.8105700016021729,0.8106399774551392
1784636580,0.8106600046157837,0.8107100129127502,0.8105999827384949,0.8106799721717834
1784636640,0.8106799721717834,0.8108000159263611,0.8106300234794617,0.8107699751853943
1784636700,0.8107699751853943,0.8111100196838379,0.8107699751853943,0.8110700249671936
1784636760,0.8110799789428711,0.8111199736595154,0.8109400272369385,0.8109599947929382
1784636820,0.8109599947929382,0.8110399842262268,0.810949981212616,0.8109700083732605
1784636880,0.8109700083732605,0.8111299872398376,0.8109599947929382,0.8110899925231934
1784636940,0.8110899925231934,0.8111500144004822,0.8110100030899048,0.8111199736595154
1784637000,0.8110899925231934,0.8111299872398376,0.8108599781990051,0.8108999729156494
1784637060,0.8108900189399719,0.8109800219535828,0.8108699917793274,0.8109099864959717
1784637120,0.8109099864959717,0.8109400272369385,0.8108000159263611,0.8108400106430054
1784637180,0.8108199834823608,0.8108699917793274,0.8107200264930725,0.8108299970626831
1784637240,0.8107799887657166,0.8108299970626831,0.8106499910354614,0.8107200264930725
1784637300,0.8107399940490723,0.8108299970626831,0.8106600046157837,0.8107900023460388
1784637360,0.8108199834823608,0.8108999729156494,0.8107699751853943,0.8108500242233276
1784637420,0.8108699917793274,0.8109300136566162,0.8108100295066833,0.8108299970626831
1784637480,0.8108299970626831,0.8108999729156494,0.8107900023460388,0.8108699917793274
1784637540,0.8108699917793274,0.810949981212616,0.8108299970626831,0.8108900189399719
1784637600,0.8108800053596497,0.8109999895095825,0.8108299970626831,0.8109999895095825
1784637660,0.8109400272369385,0.8110799789428711,0.8109099864959717,0.8110399842262268
1784637720,0.8110399842262268,0.8111400008201599,0.8109800219535828,0.8111100196838379
1784637780,0.8111000061035156,0.8112800121307373,0.8109700083732605,0.8111699819564819
1784637840,0.8111699819564819,0.8112000226974487,0.811020016670227,0.8110600113868713
1784637900,0.8110700249671936,0.8111000061035156,0.8109599947929382,0.8110600113868713
1784637960,0.811020016670227,0.8111000061035156,0.8109800219535828,0.8110100030899048
1784638020,0.8110100030899048,0.8111000061035156,0.8109400272369385,0.8109599947929382
1784638080,0.8109599947929382,0.8109999895095825,0.8108800053596497,0.8109300136566162
1784638140,0.8108999729156494,0.810920000076294,0.8107500076293945,0.8108000159263611
1784638200,0.8108000159263611,0.8108999729156494,0.81072998046875,0.8108500242233276
1784638260,0.8108299970626831,0.8108400106430054,0.8107200264930725,0.8108299970626831
1784638320,0.8108100295066833,0.810920000076294,0.8107699751853943,0.8108100295066833
1784638380,0.8108299970626831,0.8108999729156494,0.8107399940490723,0.8107699751853943
1784638440,0.8107500076293945,0.8108199834823608,0.810699999332428,0.8107600212097168
1784638500,0.8107500076293945,0.810920000076294,0.8107500076293945,0.8108299970626831
1784638560,0.8108299970626831,0.8108999729156494,0.8107600212097168,0.8107900023460388
1784638620,0.8107600212097168,0.8108000159263611,0.8106499910354614,0.81072998046875
1784638680,0.8107100129127502,0.8108100295066833,0.810699999332428,0.8107500076293945
1784638740,0.8107600212097168,0.8108400106430054,0.8107200264930725,0.8107600212097168
1784638800,0.8107100129127502,0.8109400272369385,0.8106899857521057,0.8108999729156494
1784638860,0.8108599781990051,0.8108999729156494,0.8107900023460388,0.8108299970626831
1784638920,0.8108400106430054,0.8110700249671936,0.8108400106430054,0.8110600113868713
1784638980,0.8110399842262268,0.8110799789428711,0.8108500242233276,0.8108800053596497
1784639040,0.8108800053596497,0.8109300136566162,0.8107900023460388,0.8108599781990051
1784639100,0.8108400106430054,0.8108800053596497,0.81072998046875,0.8108000159263611
1784639160,0.8107500076293945,0.8108299970626831,0.8107100129127502,0.8107699751853943
1784639220,0.8107699751853943,0.8108599781990051,0.8107500076293945,0.8108199834823608
1784639280,0.8108500242233276,0.8109400272369385,0.8107799887657166,0.8108100295066833
1784639340,0.8108100295066833,0.8109999895095825,0.8107799887657166,0.810949981212616
1784639400,0.810949981212616,0.8109599947929382,0.8107699751853943,0.8108299970626831
1784639460,0.8107900023460388,0.8108299970626831,0.8107200264930725,0.8108100295066833
1784639520,0.8108000159263611,0.8108999729156494,0.8107900023460388,0.8108100295066833
1784639580,0.8108100295066833,0.8108400106430054,0.8107600212097168,0.8108000159263611
1784639640,0.8108000159263611,0.8108999729156494,0.8107699751853943,0.8108699917793274
1784639700,0.8108699917793274,0.8109999895095825,0.8108400106430054,0.8109700083732605
1784639760,0.8109700083732605,0.8112499713897705,0.8109599947929382,0.8112300038337708
1784639820,0.8112000226974487,0.8112999796867371,0.8111500144004822,0.8112099766731262
1784639880,0.8111799955368042,0.8112800121307373,0.8111299872398376,0.8112499713897705
1784639940,0.8112199902534485,0.8112999796867371,0.8111699819564819,0.8112300038337708
1784640000,0.8112000226974487,0.8113600015640259,0.8111699819564819,0.8113200068473816
1784640060,0.8113099932670593,0.8113600015640259,0.8111600279808044,0.8112300038337708
1784640120,0.8112300038337708,0.8112999796867371,0.8111799955368042,0.8112999796867371
1784640180,0.8112599849700928,0.8114399909973145,0.8112300038337708,0.8113999962806702
1784640240,0.8113999962806702,0.8114399909973145,0.8112900257110596,0.8113099932670593
1784640300,0.8112900257110596,0.8114299774169922,0.8112900257110596,0.8113999962806702
1784640360,0.8114100098609924,0.8114299774169922,0.8113099932670593,0.8113499879837036
1784640420,0.8113600015640259,0.8113999962806702,0.8112900257110596,0.8113099932670593
1784640480,0.8113200068473816,0.8113800287246704,0.811269998550415,0.8113800287246704
1784640540,0.8113899827003479,0.811460018157959,0.8113200068473816,0.8113600015640259
1784640600,0.8113399744033813,0.811460018157959,0.8113099932670593,0.8113899827003479
1784640660,0.8113600015640259,0.8115000128746033,0.8113499879837036,0.8114200234413147
1784640720,0.8114100098609924,0.8114399909973145,0.8111799955368042,0.8112999796867371
1784640780,0.8112499713897705,0.8113600015640259,0.8112000226974487,0.8113200068473816
1784640840,0.811269998550415,0.8113800287246704,0.8112300038337708,0.8113800287246704
1784640900,0.8113499879837036,0.811460018157959,0.8113399744033813,0.8113999962806702
1784640960,0.8113999962806702,0.8116199970245361,0.8113700151443481,0.8116199970245361
1784641020,0.8116000294685364,0.8118799924850464,0.8115599751472473,0.8118399977684021
1784641080,0.8118500113487244,0.8119099736213684,0.8116899728775024,0.8118199706077576
1784641140,0.8118199706077576,0.8118600249290466,0.8117600083351135,0.8118199706077576
1784641200,0.8118199706077576,0.811959981918335,0.8117799758911133,0.811959981918335
1784641260,0.811959981918335,0.8121100068092346,0.8118900060653687,0.8119099736213684
1784641320,0.8119099736213684,0.8119300007820129,0.8118100166320801,0.8118699789047241
1784641380,0.8118699789047241,0.8119999766349792,0.8118600249290466,0.811959981918335
1784641440,0.811959981918335,0.8120499849319458,0.8119099736213684,0.8119500279426575
1784641500,0.811959981918335,0.8119999766349792,0.8118799924850464,0.8119199872016907
1784641560,0.8119300007820129,0.8119400143623352,0.8118199706077576,0.8118500113487244
1784641620,0.8118500113487244,0.8118799924850464,0.8116999864578247,0.8118000030517578
1784641680,0.8117799758911133,0.8118299841880798,0.8115100264549255,0.8115100264549255
1784641740,0.8115400075912476,0.8116199970245361,0.8114100098609924,0.8114500045776367
1784641800,0.8114500045776367,0.8115100264549255,0.8113399744033813,0.8114799857139587
1784641860,0.8114699721336365,0.8118000030517578,0.8114399909973145,0.8117700219154358
1784641920,0.8117700219154358,0.8118000030517578,0.8116300106048584,0.811680018901825
1784641980,0.811680018901825,0.8117200136184692,0.8115900158882141,0.8116099834442139
1784642040,0.8115599751472473,0.8116400241851807,0.8115000128746033,0.8115500211715698
1784642100,0.8115800023078918,0.8116300106048584,0.8114500045776367,0.8116000294685364
1784642160,0.8115900158882141,0.8117200136184692,0.8115299940109253,0.8116199970245361
1784642220,0.8116099834442139,0.8116099834442139,0.811489999294281,0.8115299940109253
1784642280,0.8115599751472473,0.8116000294685364,0.811489999294281,0.8115100264549255
1784642340,0.8115000128746033,0.8115800023078918,0.8113999962806702,0.8115100264549255
1784642400,0.8115100264549255,0.8115299940109253,0.8113800287246704,0.8114699721336365
1784642460,0.811460018157959,0.8115000128746033,0.8113399744033813,0.8113700151443481
1784642520,0.8113700151443481,0.8114299774169922,0.8113099932670593,0.8113700151443481
1784642580,0.8113800287246704,0.8114399909973145,0.8111600279808044,0.8112000226974487
1784642640,0.8111600279808044,0.811240017414093,0.8111199736595154,0.8111699819564819
1784642700,0.8111699819564819,0.8112199902534485,0.8111000061035156,0.8111500144004822
1784642760,0.8111500144004822,0.8111600279808044,0.8109999895095825,0.811020016670227
1784642820,0.811020016670227,0.8111299872398376,0.8110100030899048,0.8110799789428711
1784642880,0.8110799789428711,0.8111500144004822,0.8109999895095825,0.8110700249671936
1784642940,0.8110799789428711,0.8111000061035156,0.8109300136566162,0.811020016670227
1784643000,0.8110899925231934,0.8111400008201599,0.8109300136566162,0.8109599947929382
1784643060,0.8109700083732605,0.8111699819564819,0.8109300136566162,0.8111699819564819
1784643120,0.8110899925231934,0.8111600279808044,0.8109400272369385,0.8109899759292603
1784643180,0.8109899759292603,0.811020016670227,0.8108000159263611,0.8108299970626831
1784643240,0.8108299970626831,0.8109099864959717,0.8107399940490723,0.8108800053596497
1784643300,0.8108999729156494,0.8110700249671936,0.8108900189399719,0.8110499978065491
1784643360,0.8110299706459045,0.8111000061035156,0.8109999895095825,0.8110299706459045
1784643420,0.8110399842262268,0.8110600113868713,0.8109400272369385,0.8109800219535828
1784643480,0.8109800219535828,0.8111199736595154,0.8109700083732605,0.8110799789428711
1784643540,0.8110700249671936,0.8112099766731262,0.8110700249671936,0.8111799955368042
1784643600,0.8111799955368042,0.8113300204277039,0.8111500144004822,0.811269998550415
1784643660,0.8112499713897705,0.811269998550415,0.8111100196838379,0.8112099766731262
1784643720,0.8112000226974487,0.8112999796867371,0.8112000226974487,0.8112199902534485
1784643780,0.8112099766731262,0.8113499879837036,0.8112000226974487,0.8112599849700928
1784643840,0.8112599849700928,0.8114299774169922,0.8112499713897705,0.8113600015640259
1784643900,0.8113600015640259,0.8114399909973145,0.8113099932670593,0.8114399909973145
1784643960,0.8114100098609924,0.8115699887275696,0.8113899827003479,0.8115400075912476
1784644020,0.8115400075912476,0.8117300271987915,0.8115100264549255,0.8116999864578247
1784644080,0.8116999864578247,0.8117799758911133,0.8116000294685364,0.8117300271987915
1784644140,0.8117300271987915,0.8119000196456909,0.8116999864578247,0.8118500113487244
1784644200,0.8118100166320801,0.8119400143623352,0.8117300271987915,0.8118699789047241
1784644260,0.8118600249290466,0.811959981918335,0.8117899894714355,0.8119199872016907
1784644320,0.811959981918335,0.8119900226593018,0.8118399977684021,0.8119400143623352
1784644380,0.8119400143623352,0.8121299743652344,0.8119000196456909,0.8120700120925903
1784644440,0.8120700120925903,0.8122299909591675,0.8120099902153015,0.8121799826622009
1784644500,0.8121799826622009,0.8124399781227112,0.8121299743652344,0.8123499751091003
1784644560,0.8123300075531006,0.8124300241470337,0.8122900128364563,0.8123999834060669
1784644620,0.8124099969863892,0.8125,0.8123400211334229,0.8124099969863892
1784644680,0.8124099969863892,0.8125,0.8123700022697449,0.8124200105667114
1784644740,0.8124200105667114,0.8127300143241882,0.8124099969863892,0.812529981136322
1784644800,0.8125500082969666,0.8125699758529663,0.8124200105667114,0.8125200271606445
1784644860,0.8125399947166443,0.8125500082969666,0.8124099969863892,0.812470018863678
1784644920,0.8124799728393555,0.812529981136322,0.8123400211334229,0.8124300241470337
1784644980,0.8123999834060669,0.8124200105667114,0.8122900128364563,0.8123400211334229
1784645040,0.8123499751091003,0.8124399781227112,0.8122599720954895,0.812309980392456
1784645100,0.8123199939727783,0.8124300241470337,0.812309980392456,0.8123999834060669
1784645160,0.8124099969863892,0.8125600218772888,0.8123800158500671,0.812529981136322
1784645220,0.812529981136322,0.8126299977302551,0.812529981136322,0.8125900030136108
1784645280,0.8125799894332886,0.8126599788665771,0.8123400211334229,0.8126299977302551
1784645340,0.8126299977302551,0.8127999901771545,0.8126000165939331,0.8126299977302551
1784645400,0.8126500248908997,0.8127300143241882,0.8126099705696106,0.8126599788665771
1784645460,0.8126699924468994,0.812720000743866,0.8126400113105774,0.8127099871635437
1784645520,0.8127099871635437,0.8127899765968323,0.8126299977302551,0.8127700090408325
1784645580,0.8127599954605103,0.8128799796104431,0.812690019607544,0.8128399848937988
1784645640,0.8128499984741211,0.8128600120544434,0.8126199841499329,0.8126599788665771
1784645700,0.8126400113105774,0.812720000743866,0.8124399781227112,0.8126800060272217
1784645760,0.8126800060272217,0.8127599954605103,0.8125600218772888,0.8127599954605103
1784645820,0.8127400279045105,0.8128200173377991,0.8125200271606445,0.8126000165939331
1784645880,0.8126000165939331,0.8126800060272217,0.8124899864196777,0.8126500248908997
1784645940,0.8126500248908997,0.8126699924468994,0.8125,0.8125399947166443
1784646000,0.8125399947166443,0.8126199841499329,0.8125100135803223,0.8126199841499329
1784646060,0.8126000165939331,0.8127700090408325,0.8125699758529663,0.8126599788665771
1784646120,0.8126599788665771,0.8127300143241882,0.8125200271606445,0.8126099705696106
1784646180,0.8126000165939331,0.812690019607544,0.812529981136322,0.8126099705696106
1784646240,0.8126099705696106,0.8126400113105774,0.8124499917030334,0.812470018863678
1784646300,0.8124099969863892,0.8124799728393555,0.8122900128364563,0.8124300241470337
1784646360,0.8124300241470337,0.8126400113105774,0.8123999834060669,0.8125600218772888
1784646420,0.8125600218772888,0.8126199841499329,0.8125100135803223,0.8125399947166443
1784646480,0.8125399947166443,0.8126199841499329,0.8124899864196777,0.8126199841499329
1784646540,0.8125900030136108,0.8126000165939331,0.8124899864196777,0.8125399947166443
1784646600,0.8125399947166443,0.8125699758529663,0.8123700022697449,0.8123999834060669
1784646660,0.8123800158500671,0.812470018863678,0.8123800158500671,0.8124200105667114
1784646720,0.8124300241470337,0.8125900030136108,0.8124099969863892,0.8125
1784646780,0.8125200271606445,0.8126000165939331,0.8124899864196777,0.812529981136322
1784646840,0.812529981136322,0.8125799894332886,0.8123800158500671,0.8123999834060669
1784646900,0.8123999834060669,0.8124200105667114,0.8122100234031677,0.8122100234031677
1784646960,0.8122599720954895,0.8122900128364563,0.8121700286865234,0.812250018119812
1784647020,0.8122199773788452,0.8122900128364563,0.8121299743652344,0.8121799826622009
1784647080,0.8121799826622009,0.8122299909591675,0.8121100068092346,0.8121899962425232
1784647140,0.8121500015258789,0.8122000098228455,0.8120999932289124,0.8121399879455566
1784647200,0.8121799826622009,0.8122400045394897,0.8119699954986572,0.8120099902153015
1784647260,0.8120099902153015,0.8121799826622009,0.8119500279426575,0.8121200203895569
1784647320,0.8120999932289124,0.8122199773788452,0.8120499849319458,0.8121200203895569
1784647380,0.8121200203895569,0.8123000264167786,0.8121100068092346,0.8122599720954895
1784647440,0.8122599720954895,0.812279999256134,0.8120499849319458,0.8121100068092346
1784647500,0.8120899796485901,0.8122000098228455,0.8120399713516235,0.8121399879455566
1784647560,0.8121399879455566,0.8121600151062012,0.8120599985122681,0.8121100068092346
1784647620,0.8121200203895569,0.8121200203895569,0.8119699954986572,0.8119900226593018
1784647680,0.8119999766349792,0.8120499849319458,0.8119500279426575,0.8120200037956238
1784647740,0.8120200037956238,0.8120800256729126,0.811959981918335,0.8120599985122681
1784647800,0.8120399713516235,0.8121899962425232,0.8120099902153015,0.8120800256729126
1784647860,0.8120599985122681,0.8121299743652344,0.8120399713516235,0.8120999932289124
1784647920,0.8120999932289124,0.8121600151062012,0.8120200037956238,0.8120399713516235
1784647980,0.8120399713516235,0.812250018119812,0.8119999766349792,0.8121600151062012
1784648040,0.8121600151062012,0.8121600151062012,0.8119999766349792,0.8119999766349792
1784648100,0.8120200037956238,0.8121200203895569,0.8119999766349792,0.8120899796485901
1784648160,0.8120800256729126,0.8121700286865234,0.8119999766349792,0.8120200037956238
1784648220,0.8120200037956238,0.8121100068092346,0.8119999766349792,0.8120200037956238
1784648280,0.8120499849319458,0.8121299743652344,0.8119500279426575,0.8121100068092346
1784648340,0.8120800256729126,0.8122699856758118,0.8120499849319458,0.8122299909591675
1784648400,0.812250018119812,0.8123000264167786,0.8121100068092346,0.8121399879455566
1784648460,0.8121600151062012,0.812250018119812,0.8120399713516235,0.8122299909591675
1784648520,0.8122299909591675,0.812250018119812,0.8121700286865234,0.8122000098228455
1784648580,0.8122100234031677,0.8123199939727783,0.8122100234031677,0.8122299909591675
1784648640,0.8122299909591675,0.8123900294303894,0.8122100234031677,0.8123499751091003
1784648700,0.8123499751091003,0.8123999834060669,0.812279999256134,0.8123800158500671
1784648760,0.8123800158500671,0.8124300241470337,0.8123400211334229,0.8123599886894226
1784648820,0.8123700022697449,0.8124600052833557,0.8123599886894226,0.8124399781227112
1784648880,0.8124300241470337,0.8125100135803223,0.8123999834060669,0.812470018863678
1784648940,0.8124499917030334,0.8125,0.8124099969863892,0.8124399781227112
1784649000,0.812470018863678,0.8124799728393555,0.8123499751091003,0.8123700022697449
1784649060,0.8123499751091003,0.8124099969863892,0.8123499751091003,0.8123800158500671
1784649120,0.8123800158500671,0.8123999834060669,0.8123199939727783,0.8123800158500671
1784649180,0.8123800158500671,0.8124099969863892,0.812309980392456,0.8123599886894226
1784649240,0.8123400211334229,0.8123499751091003,0.8122299909591675,0.8123000264167786
1784649300,0.8123000264167786,0.8123300075531006,0.8122299909591675,0.8122599720954895
1784649360,0.812279999256134,0.8123400211334229,0.8122599720954895,0.8123300075531006
1784649420,0.8123400211334229,0.8123700022697449,0.812279999256134,0.8123400211334229
1784649480,0.8123599886894226,0.8123999834060669,0.8122299909591675,0.812250018119812
1784649540,0.812250018119812,0.8123000264167786,0.8121899962425232,0.8122100234031677
1784649600,0.8121899962425232,0.8123000264167786,0.8121700286865234,0.812250018119812
1784649660,0.812250018119812,0.8123000264167786,0.8121899962425232,0.812250018119812
1784649720,0.8122299909591675,0.8123300075531006,0.8122100234031677,0.8123300075531006
1784649780,0.8123000264167786,0.8123999834060669,0.812279999256134,0.8123300075531006
1784649840,0.8123300075531006,0.8123400211334229,0.8122100234031677,0.8122199773788452
1784649900,0.8122199773788452,0.8122599720954895,0.8121600151062012,0.8122100234031677
1784649960,0.8122100234031677,0.8122299909591675,0.8121500015258789,0.8121799826622009
1784650020,0.8121799826622009,0.8122199773788452,0.8121500015258789,0.8121700286865234
1784650080,0.8121799826622009,0.8122199773788452,0.8121200203895569,0.8121500015258789
1784650140,0.8121500015258789,0.8121500015258789,0.812030017375946,0.8121299743652344
1784650200,0.8121299743652344,0.8121500015258789,0.812030017375946,0.8120399713516235
1784650260,0.8120700120925903,0.8121700286865234,0.8120499849319458,0.8121100068092346
1784650320,0.8121399879455566,0.8122400045394897,0.8121200203895569,0.8122299909591675
1784650380,0.812250018119812,0.8122599720954895,0.8121600151062012,0.8122400045394897
1784650440,0.8122100234031677,0.8122599720954895,0.8121899962425232,0.812250018119812
1784650500,0.8122100234031677,0.8123300075531006,0.8121899962425232,0.8122699856758118
1784650560,0.8122699856758118,0.812309980392456,0.8121100068092346,0.8122299909591675
1784650620,0.8122000098228455,0.8122400045394897,0.8121500015258789,0.8122299909591675
1784650680,0.8122100234031677,0.8123000264167786,0.8121899962425232,0.812250018119812
1784650740,0.812250018119812,0.812279999256134,0.8122000098228455,0.8122100234031677
1784650800,0.8122000098228455,0.8123000264167786,0.8121899962425232,0.8122699856758118
1784650860,0.8122699856758118,0.8123300075531006,0.8122100234031677,0.8122400045394897
1784650920,0.8122400045394897,0.8122400045394897,0.8121500015258789,0.8121799826622009
1784650980,0.8121799826622009,0.8122699856758118,0.8121799826622009,0.8122199773788452
1784651040,0.8122299909591675,0.8122599720954895,0.8121899962425232,0.8122100234031677
1784651100,0.8122100234031677,0.8123000264167786,0.8121899962425232,0.8122699856758118
1784651160,0.8122299909591675,0.8123000264167786,0.8122000098228455,0.8122400045394897
1784651220,0.8122400045394897,0.8123300075531006,0.8122100234031677,0.812279999256134
1784651280,0.8122400045394897,0.8123000264167786,0.8121899962425232,0.8122100234031677
1784651340,0.8122100234031677,0.8122400045394897,0.8121500015258789,0.8122299909591675
1784651400,0.8122000098228455,0.8122900128364563,0.8121899962425232,0.8122900128364563
1784651460,0.812250018119812,0.8123300075531006,0.812250018119812,0.8122699856758118
1784651520,0.8122599720954895,0.812309980392456,0.8121700286865234,0.8121799826622009
1784651580,0.8121799826622009,0.8122299909591675,0.8121200203895569,0.8122000098228455
1784651640,0.8122000098228455,0.812279999256134,0.8121399879455566,0.8122400045394897
1784651700,0.8122400045394897,0.8123300075531006,0.8122100234031677,0.812279999256134
1784651760,0.8122699856758118,0.8123199939727783,0.8122100234031677,0.812250018119812
1784651820,0.8122100234031677,0.8123199939727783,0.8122100234031677,0.8122699856758118
1784651880,0.812309980392456,0.8123199939727783,0.8122199773788452,0.8122400045394897
1784651940,0.8122400045394897,0.8123000264167786,0.8121899962425232,0.812250018119812
1784652000,0.812250018119812,0.8123000264167786,0.8121100068092346,0.8121299743652344
1784652060,0.8121299743652344,0.8121700286865234,0.8120899796485901,0.8120999932289124
1784652120,0.8120999932289124,0.8121399879455566,0.8120499849319458,0.8120899796485901
1784652180,0.8121100068092346,0.8121200203895569,0.8120200037956238,0.8120700120925903
1784652240,0.8121200203895569,0.8121500015258789,0.8120700120925903,0.8121100068092346
1784652300,0.8121100068092346,0.8121700286865234,0.8120899796485901,0.8121100068092346
1784652360,0.8121100068092346,0.8121500015258789,0.8120800256729126,0.8120899796485901
1784652420,0.8120700120925903,0.8121700286865234,0.8120599985122681,0.8121200203895569
1784652480,0.8121100068092346,0.8122000098228455,0.8121100068092346,0.8121600151062012
1784652540,0.8121500015258789,0.8122000098228455,0.8120999932289124,0.8121100068092346
1784652600,0.8121100068092346,0.8122000098228455,0.8121100068092346,0.8121600151062012
1784652660,0.8121200203895569,0.8122400045394897,0.8121100068092346,0.8122299909591675
1784652720,0.8122400045394897,0.812250018119812,0.8121500015258789,0.8122000098228455
1784652780,0.8122100234031677,0.8122599720954895,0.8121700286865234,0.812250018119812
1784652840,0.8122199773788452,0.8122599720954895,0.8121899962425232,0.8122299909591675
1784652900,0.8122000098228455,0.8122400045394897,0.8121200203895569,0.8121500015258789
1784652960,0.8121500015258789,0.8122400045394897,0.8121200203895569,0.8121500015258789
1784653020,0.8121500015258789,0.8122299909591675,0.8121399879455566,0.8122100234031677
1784653080,0.8121899962425232,0.8122299909591675,0.8121600151062012,0.8122000098228455
1784653140,0.8122000098228455,0.8123000264167786,0.8122000098228455,0.8122400045394897
1784653200,0.8122400045394897,0.8123300075531006,0.8121600151062012,0.8121899962425232
1784653260,0.8121799826622009,0.812250018119812,0.8121799826622009,0.8122000098228455
1784653320,0.8121899962425232,0.8123999834060669,0.8121899962425232,0.8123300075531006
1784653380,0.8123800158500671,0.8124300241470337,0.8123300075531006,0.8123700022697449
1784653440,0.8123800158500671,0.8124200105667114,0.8123000264167786,0.8123499751091003
1784653500,0.8123400211334229,0.8125,0.8123400211334229,0.8124300241470337
1784653560,0.8124300241470337,0.812470018863678,0.8123499751091003,0.8124499917030334
1784653620,0.8124300241470337,0.8125100135803223,0.8123999834060669,0.812470018863678
1784653680,0.8124799728393555,0.8125,0.8123999834060669,0.8124099969863892
1784653740,0.8124099969863892,0.8124799728393555,0.8123800158500671,0.8124799728393555
1784653800,0.8124399781227112,0.8125100135803223,0.8123999834060669,0.8124399781227112
1784653860,0.8124399781227112,0.8125399947166443,0.8124200105667114,0.8124399781227112
1784653920,0.8124499917030334,0.8125,0.8123900294303894,0.8124099969863892
1784653980,0.8124099969863892,0.8124600052833557,0.8123700022697449,0.8124200105667114
1784654040,0.8124200105667114,0.8124600052833557,0.8123199939727783,0.8123900294303894
1784654100,0.8123999834060669,0.8124499917030334,0.8123599886894226,0.8123999834060669
1784654160,0.8123999834060669,0.8125,0.8123900294303894,0.8123999834060669
1784654220,0.8123999834060669,0.8124499917030334,0.8123700022697449,0.8124499917030334
1784654280,0.8124399781227112,0.8124399781227112,0.8123199939727783,0.8123700022697449
1784654340,0.8123300075531006,0.8124200105667114,0.8123199939727783,0.8123700022697449
1784654400,0.8123700022697449,0.8124399781227112,0.8123300075531006,0.8123700022697449
1784654460,0.8123499751091003,0.8123999834060669,0.8123300075531006,0.8123499751091003
1784654520,0.8123300075531006,0.8123999834060669,0.812309980392456,0.8123499751091003
1784654580,0.8123499751091003,0.8124200105667114,0.8123499751091003,0.8124099969863892
1784654640,0.8123599886894226,0.8124099969863892,0.8123000264167786,0.8123499751091003
1784654700,0.812309980392456,0.8123499751091003,0.8122699856758118,0.812279999256134
1784654760,0.8122900128364563,0.8123400211334229,0.8122599720954895,0.812279999256134
1784654820,0.812279999256134,0.812309980392456,0.8122299909591675,0.812309980392456
1784654880,0.8122699856758118,0.8123199939727783,0.812250018119812,0.812279999256134
1784654940,0.8122699856758118,0.812309980392456,0.8121899962425232,0.812250018119812
1784655000,0.8122000098228455,0.8122599720954895,0.8121899962425232,0.8122299909591675
1784655060,0.8122299909591675,0.8123199939727783,0.8122299909591675,0.8122900128364563
1784655120,0.8123000264167786,0.8123300075531006,0.812279999256134,0.8123000264167786
1784655180,0.8123000264167786,0.8123400211334229,0.8122900128364563,0.812309980392456
1784655240,0.812309980392456,0.8123999834060669,0.8123000264167786,0.8123499751091003
1784655300,0.8123599886894226,0.8124300241470337,0.8123499751091003,0.8123900294303894
1784655360,0.8124099969863892,0.8125,0.8123800158500671,0.8124099969863892
1784655420,0.8124200105667114,0.8124499917030334,0.8123999834060669,0.8124300241470337
1784655480,0.8124300241470337,0.8124300241470337,0.8123900294303894,0.8124099969863892
1784655540,0.8123999834060669,0.8124399781227112,0.8123900294303894,0.8124300241470337
1784655600,0.8124399781227112,0.8125,0.8124399781227112,0.8124600052833557
1784655660,0.8124600052833557,0.8125399947166443,0.8124600052833557,0.8125399947166443
1784655720,0.8124899864196777,0.8125600218772888,0.8124799728393555,0.8125200271606445
1784655780,0.8125200271606445,0.8126000165939331,0.812470018863678,0.8124799728393555
1784655840,0.8124799728393555,0.8125,0.8124499917030334,0.812470018863678
1784655900,0.812470018863678,0.8125799894332886,0.8124600052833557,0.8125500082969666
1784655960,0.8125500082969666,0.8126000165939331,0.8125200271606445,0.8125600218772888
1784656020,0.8125600218772888,0.8126000165939331,0.8125399947166443,0.8125600218772888
1784656080,0.8125500082969666,0.8126000165939331,0.8125399947166443,0.8125600218772888
1784656140,0.8125600218772888,0.8126000165939331,0.8125,0.812529981136322
1784656200,0.8125500082969666,0.8125600218772888,0.8124899864196777,0.8125100135803223
1784656260,0.8125100135803223,0.8125100135803223,0.8124499917030334,0.812470018863678
1784656320,0.8124499917030334,0.8125200271606445,0.8124399781227112,0.8124600052833557
1784656380,0.8124499917030334,0.8125,0.8124200105667114,0.812470018863678
1784656440,0.8124499917030334,0.8125,0.8124399781227112,0.8124600052833557
1784656500,0.812470018863678,0.812529981136322,0.8124600052833557,0.8125100135803223
1784656560,0.8125100135803223,0.812529981136322,0.8124399781227112,0.8125100135803223
1784656620,0.8125,0.8125799894332886,0.812470018863678,0.8125399947166443
1784656680,0.8125399947166443,0.8126000165939331,0.8125100135803223,0.8125399947166443
1784656740,0.812529981136322,0.8125799894332886,0.8125,0.812529981136322
1784656800,0.812529981136322,0.8126000165939331,0.8125,0.8125699758529663
1784656860,0.8125600218772888,0.8126299977302551,0.8125399947166443,0.8125900030136108
1784656920,0.8126199841499329,0.8126599788665771,0.8125699758529663,0.8126400113105774
1784656980,0.8126400113105774,0.8127400279045105,0.8125900030136108,0.812720000743866
1784657040,0.812720000743866,0.8128700256347656,0.8127099871635437,0.8128399848937988
1784657100,0.8128399848937988,0.8130000233650208,0.8127700090408325,0.812969982624054
1784657160,0.812969982624054,0.8130699992179871,0.8129100203514099,0.8129199743270874
1784657220,0.8129199743270874,0.8130000233650208,0.8129000067710876,0.8129400014877319
1784657280,0.8129400014877319,0.8130000233650208,0.8128600120544434,0.8129299879074097
1784657340,0.8129299879074097,0.8129400014877319,0.8127999901771545,0.8128299713134766
1784657400,0.8128100037574768,0.8128200173377991,0.812749981880188,0.8127899765968323
1784657460,0.8127899765968323,0.8128100037574768,0.812749981880188,0.8127700090408325
1784657520,0.8127999901771545,0.8128299713134766,0.812749981880188,0.8127800226211548
1784657580,0.8127700090408325,0.8128600120544434,0.812749981880188,0.8128499984741211
1784657640,0.8128499984741211,0.8129400014877319,0.8128399848937988,0.8129100203514099
1784657700,0.8129100203514099,0.8130000233650208,0.8129000067710876,0.8129199743270874
1784657760,0.8129199743270874,0.8130000233650208,0.8129199743270874,0.8129400014877319
1784657820,0.8129400014877319,0.8130000233650208,0.8129000067710876,0.8129199743270874
1784657880,0.8129199743270874,0.8129799962043762,0.8129000067710876,0.8129799962043762
1784657940,0.8129500150680542,0.8130599856376648,0.8129500150680542,0.8130099773406982
1784658000,0.8130099773406982,0.8131600022315979,0.8130000233650208,0.813040018081665
1784658060,0.813040018081665,0.8131399750709534,0.8130300045013428,0.8130999803543091
1784658120,0.8131099939346313,0.8132200241088867,0.8130599856376648,0.8131600022315979
1784658180,0.8131600022315979,0.8132500052452087,0.8131099939346313,0.8132100105285645
1784658240,0.8132100105285645,0.8132399916648865,0.8130800127983093,0.8130800127983093
1784658300,0.8131499886512756,0.8131499886512756,0.8129100203514099,0.8129500150680542
1784658360,0.8129500150680542,0.8130000233650208,0.8129199743270874,0.8129500150680542
1784658420,0.8129500150680542,0.812969982624054,0.8128299713134766,0.8129100203514099
1784658480,0.8129199743270874,0.8130000233650208,0.8129000067710876,0.8129400014877319
1784658540,0.8129400014877319,0.8130000233650208,0.8128299713134766,0.8128700256347656
1784658600,0.8128700256347656,0.8129299879074097,0.8128100037574768,0.8129000067710876
1784658660,0.8129000067710876,0.8129400014877319,0.8128600120544434,0.8129000067710876
1784658720,0.8129000067710876,0.8129600286483765,0.8128600120544434,0.8128799796104431
1784658780,0.8128600120544434,0.8129400014877319,0.8128499984741211,0.8129000067710876
1784658840,0.8129000067710876,0.8130699992179871,0.8128799796104431,0.813040018081665
1784658900,0.8130499720573425,0.8130999803543091,0.8130099773406982,0.8130699992179871
1784658960,0.8130699992179871,0.8131200075149536,0.8130300045013428,0.8130699992179871
1784659020,0.8130699992179871,0.8131099939346313,0.8130499720573425,0.8130800127983093
1784659080,0.8130800127983093,0.8130999803543091,0.8130199909210205,0.8130599856376648
1784659140,0.8130599856376648,0.8130900263786316,0.812969982624054,0.8129900097846985
1784659200,0.8130199909210205,0.8130599856376648,0.812969982624054,0.8130099773406982
1784659260,0.8130199909210205,0.8130999803543091,0.8130000233650208,0.8130199909210205
1784659320,0.8130199909210205,0.8130499720573425,0.8129299879074097,0.8129500150680542
1784659380,0.8129600286483765,0.8130000233650208,0.8128899931907654,0.8129400014877319
1784659440,0.8129100203514099,0.812969982624054,0.8128899931907654,0.8129199743270874
1784659500,0.8129199743270874,0.8129400014877319,0.8128700256347656,0.8128899931907654
1784659560,0.8128899931907654,0.8129100203514099,0.8127899765968323,0.8128100037574768
1784659620,0.8128100037574768,0.8129000067710876,0.8127999901771545,0.8128299713134766
1784659680,0.8128299713134766,0.8129100203514099,0.8127999901771545,0.8129000067710876
1784659740,0.8129100203514099,0.8129400014877319,0.8128700256347656,0.8129100203514099
1784659800,0.8129100203514099,0.8130000233650208,0.8128899931907654,0.8129500150680542
1784659860,0.8129600286483765,0.8129900097846985,0.8128700256347656,0.8129100203514099
1784659920,0.8129100203514099,0.8129400014877319,0.8128700256347656,0.8129299879074097
1784659980,0.8129100203514099,0.8129400014877319,0.8128399848937988,0.8129100203514099
1784660040,0.8129100203514099,0.8129400014877319,0.8128799796104431,0.8129400014877319
1784660100,0.8129100203514099,0.8130000233650208,0.8128499984741211,0.8128700256347656
1784660160,0.8128600120544434,0.8129400014877319,0.8128299713134766,0.8129000067710876
1784660220,0.8129100203514099,0.8129400014877319,0.8128799796104431,0.8129100203514099
1784660280,0.8129199743270874,0.8129199743270874,0.8128399848937988,0.8128899931907654
1784660340,0.8128700256347656,0.8129199743270874,0.8128200173377991,0.8128600120544434
1784660400,0.8128399848937988,0.8128700256347656,0.8127300143241882,0.8128299713134766
1784660460,0.8128299713134766,0.8129000067710876,0.8127999901771545,0.8128200173377991
1784660520,0.8128299713134766,0.8128700256347656,0.8127999901771545,0.8128100037574768
1784660580,0.8128200173377991,0.8128700256347656,0.8127899765968323,0.8128399848937988
1784660640,0.8128299713134766,0.8129199743270874,0.8127999901771545,0.8129000067710876
1784660700,0.8129100203514099,0.8129299879074097,0.8128700256347656,0.8129100203514099
1784660760,0.8129100203514099,0.8129500150680542,0.8128499984741211,0.8128799796104431
1784660820,0.8128899931907654,0.8129400014877319,0.8128799796104431,0.8129199743270874
1784660880,0.8129100203514099,0.8129500150680542,0.8128799796104431,0.8129100203514099
1784660940,0.8129100203514099,0.8130000233650208,0.8128700256347656,0.8129600286483765
1784661000,0.8129400014877319,0.8130999803543091,0.8129400014877319,0.8130199909210205
1784661060,0.8130099773406982,0.8130300045013428,0.8129100203514099,0.8129299879074097
1784661120,0.8129299879074097,0.8129400014877319,0.8128700256347656,0.8129000067710876
1784661180,0.8129000067710876,0.8130199909210205,0.8128799796104431,0.8129799962043762
1784661240,0.8129799962043762,0.8130599856376648,0.812969982624054,0.8129900097846985
1784661300,0.812969982624054,0.8130099773406982,0.8129299879074097,0.8129900097846985
1784661360,0.8129900097846985,0.8130000233650208,0.8129299879074097,0.8129500150680542
1784661420,0.8129500150680542,0.8130000233650208,0.8129000067710876,0.8129500150680542
1784661480,0.8129500150680542,0.8129500150680542,0.8128700256347656,0.8129100203514099
1784661540,0.8129100203514099,0.8129299879074097,0.8128700256347656,0.8128899931907654
1784661600,0.8128799796104431,0.8129199743270874,0.8128100037574768,0.8129100203514099
1784661660,0.8128899931907654,0.8130000233650208,0.8128799796104431,0.8129299879074097
1784661720,0.8129400014877319,0.8129400014877319,0.8128799796104431,0.8129199743270874
1784661780,0.8128700256347656,0.812969982624054,0.8128399848937988,0.8128600120544434
1784661840,0.8128499984741211,0.8129000067710876,0.8127999901771545,0.8128600120544434
1784661900,0.8128499984741211,0.8128600120544434,0.8127899765968323,0.8128200173377991
1784661960,0.8128100037574768,0.8128399848937988,0.8127700090408325,0.8127999901771545
1784662020,0.8128100037574768,0.8128600120544434,0.8127700090408325,0.8128499984741211
1784662080,0.8128600120544434,0.8129000067710876,0.8127999901771545,0.8128899931907654
1784662140,0.8128600120544434,0.8129199743270874,0.8128399848937988,0.8128700256347656
1784662200,0.8128700256347656,0.8129199743270874,0.8128299713134766,0.8129000067710876
1784662260,0.8129000067710876,0.8129199743270874,0.8128499984741211,0.8128700256347656
1784662320,0.8128899931907654,0.8129000067710876,0.8128299713134766,0.8128600120544434
1784662380,0.8128600120544434,0.8129000067710876,0.8128299713134766,0.8128700256347656
1784662440,0.8128700256347656,0.8129000067710876,0.8128100037574768,0.8128700256347656
1784662500,0.8128700256347656,0.8129400014877319,0.8128299713134766,0.8129299879074097
1784662560,0.8129299879074097,0.8129900097846985,0.8128899931907654,0.8129600286483765
1784662620,0.8129600286483765,0.8130000233650208,0.8129199743270874,0.8129600286483765
1784662680,0.8129600286483765,0.8130300045013428,0.8129500150680542,0.8130300045013428
1784662740,0.812969982624054,0.8130300045013428,0.8129500150680542,0.812969982624054
1784662800,0.8129500150680542,0.8130000233650208,0.8129000067710876,0.8129199743270874
1784662860,0.8129299879074097,0.812969982624054,0.8129000067710876,0.8129400014877319
1784662920,0.8129199743270874,0.8130099773406982,0.8128899931907654,0.8130000233650208
1784662980,0.8129799962043762,0.8130099773406982,0.8129299879074097,0.8129600286483765
1784663040,0.8129799962043762,0.8130300045013428,0.8129600286483765,0.8130000233650208
1784663100,0.8130000233650208,0.8130300045013428,0.8129500150680542,0.8129900097846985
1784663160,0.812969982624054,0.8130199909210205,0.8129600286483765,0.812969982624054
1784663220,0.8129799962043762,0.813040018081665,0.812969982624054,0.8129799962043762
1784663280,0.8130000233650208,0.8130199909210205,0.8129799962043762,0.8129900097846985
1784663340,0.8129900097846985,0.8130099773406982,0.8129299879074097,0.8129600286483765
1784663400,0.8129400014877319,0.8129900097846985,0.8128299713134766,0.8128600120544434
1784663460,0.8128600120544434,0.8129000067710876,0.8127999901771545,0.8128700256347656
1784663520,0.8128899931907654,0.8129100203514099,0.8128299713134766,0.8128700256347656
1784663580,0.8128499984741211,0.8129000067710876,0.8128399848937988,0.8128600120544434
1784663640,0.8128700256347656,0.8129000067710876,0.8128399848937988,0.8128399848937988
1784663700,0.8128399848937988,0.8128700256347656,0.8126500248908997,0.8126699924468994
1784663760,0.8126800060272217,0.8128100037574768,0.8126800060272217,0.8127899765968323
1784663820,0.8127899765968323,0.8127899765968323,0.8126000165939331,0.8126199841499329
1784663880,0.8126400113105774,0.812720000743866,0.8126000165939331,0.8126400113105774
1784663940,0.8126400113105774,0.8127300143241882,0.8126099705696106,0.8126299977302551
1784664000,0.8126500248908997,0.812690019607544,0.8125799894332886,0.8126500248908997
1784664060,0.8126299977302551,0.8126999735832214,0.8126199841499329,0.8126299977302551
1784664120,0.8126099705696106,0.8127400279045105,0.8125600218772888,0.8127300143241882
1784664180,0.8127300143241882,0.8127400279045105,0.8126699924468994,0.8127099871635437
1784664240,0.812690019607544,0.812720000743866,0.8126000165939331,0.8126400113105774
1784664300,0.8126400113105774,0.8126400113105774,0.8125,0.8125
1784664360,0.8125,0.8125399947166443,0.8124799728393555,0.8125100135803223
1784664420,0.8125100135803223,0.8125399947166443,0.8124899864196777,0.8125
1784664480,0.8125,0.8126000165939331,0.8125,0.8126000165939331
1784664540,0.8125699758529663,0.8126599788665771,0.8125600218772888,0.8126000165939331
1784664600,0.8126000165939331,0.8126599788665771,0.8125900030136108,0.8125900030136108
1784664660,0.8126000165939331,0.8126999735832214,0.8126000165939331,0.8126299977302551
1784664720,0.8126400113105774,0.8126999735832214,0.8126199841499329,0.8126400113105774
1784664780,0.8126299977302551,0.8126999735832214,0.8126199841499329,0.812690019607544
1784664840,0.8126500248908997,0.8127099871635437,0.8126299977302551,0.8126599788665771
1784664900,0.8126699924468994,0.8127999901771545,0.8126599788665771,0.812749981880188
1784664960,0.8127800226211548,0.8128100037574768,0.8127400279045105,0.8127599954605103
1784665020,0.8127700090408325,0.8128499984741211,0.8127400279045105,0.8127999901771545
1784665080,0.8128100037574768,0.8128100037574768,0.812749981880188,0.8127800226211548
1784665140,0.8127599954605103,0.8128100037574768,0.812749981880188,0.8127700090408325
1784665200,0.8127599954605103,0.8129000067710876,0.8127599954605103,0.8129000067710876
1784665260,0.8128299713134766,0.8128499984741211,0.8127300143241882,0.8127999901771545
1784665320,0.8127700090408325,0.8127999901771545,0.8126999735832214,0.812720000743866
1784665380,0.8127300143241882,0.812749981880188,0.8126999735832214,0.8126999735832214
1784665440,0.8127099871635437,0.8127300143241882,0.812690019607544,0.8127300143241882
1784665500,0.812690019607544,0.8127400279045105,0.812690019607544,0.8126999735832214
1784665560,0.8127300143241882,0.8127400279045105,0.812690019607544,0.812690019607544
1784665620,0.8126999735832214,0.812720000743866,0.8126699924468994,0.8126800060272217
1784665680,0.8126800060272217,0.812749981880188,0.8126800060272217,0.812690019607544
1784665740,0.812690019607544,0.8127300143241882,0.8126000165939331,0.8126000165939331
1784665800,0.8126000165939331,0.8126999735832214,0.8125900030136108,0.8126599788665771
1784665860,0.8126599788665771,0.8127599954605103,0.8126500248908997,0.812690019607544
1784665920,0.812690019607544,0.8127400279045105,0.812690019607544,0.812690019607544
1784665980,0.8126999735832214,0.8127999901771545,0.8126999735832214,0.8127099871635437
1784666040,0.8127099871635437,0.8127999901771545,0.8127099871635437,0.8127300143241882
1784666100,0.8127099871635437,0.8127999901771545,0.812690019607544,0.8127099871635437
1784666160,0.8127300143241882,0.8127999901771545,0.8127099871635437,0.8127599954605103
1784666220,0.8127099871635437,0.8127999901771545,0.8126999735832214,0.8127999901771545
1784666280,0.8126999735832214,0.8127999901771545,0.8126999735832214,0.8127400279045105
1784666340,0.8127300143241882,0.8127999901771545,0.8127099871635437,0.812720000743866
1784666400,0.812720000743866,0.8127999901771545,0.8126999735832214,0.8126999735832214
1784666460,0.8126999735832214,0.812749981880188,0.812690019607544,0.8127099871635437
1784666520,0.8126999735832214,0.8127599954605103,0.8126699924468994,0.812720000743866
1784666580,0.8127099871635437,0.8127999901771545,0.8126999735832214,0.8127099871635437
1784666640,0.8127099871635437,0.8127999901771545,0.812690019607544,0.8127999901771545
1784666700,0.8127099871635437,0.8127899765968323,0.8126999735832214,0.8127899765968323
1784666760,0.8127300143241882,0.8127999901771545,0.812720000743866,0.8127999901771545
1784666820,0.812720000743866,0.8127999901771545,0.8126999735832214,0.8127300143241882
1784666880,0.8127099871635437,0.8127999901771545,0.8127099871635437,0.812720000743866
1784666940,0.8127099871635437,0.8127999901771545,0.8126999735832214,0.812749981880188
1784667000,0.8127300143241882,0.8127999901771545,0.8127099871635437,0.8127400279045105
1784667060,0.812749981880188,0.8127999901771545,0.8127099871635437,0.8127300143241882
1784667120,0.812720000743866,0.8127999901771545,0.812720000743866,0.8127400279045105
1784667180,0.8127400279045105,0.8127999901771545,0.8127099871635437,0.812749981880188
1784667240,0.812749981880188,0.8128299713134766,0.8127300143241882,0.8127899765968323
1784667300,0.8127899765968323,0.8127999901771545,0.8127400279045105,0.8127800226211548
1784667360,0.812749981880188,0.8127999901771545,0.8127400279045105,0.812749981880188
1784667420,0.812749981880188,0.8128899931907654,0.8127300143241882,0.8128299713134766
1784667480,0.8128499984741211,0.8129000067710876,0.8126199841499329,0.812749981880188
1784667540,0.812749981880188,0.8127999901771545,0.812309980392456,0.8123300075531006
1784667600,0.8121399879455566,0.8126999735832214,0.8115900158882141,0.8121899962425232
1784667660,0.8126999735832214,0.8126999735832214,0.8120599985122681,0.8123999834060669
1784667720,0.8123999834060669,0.8123999834060669,0.811739981174469,0.8120599985122681
1784667780,0.8123999834060669,0.8123999834060669,0.8123999834060669,0.8123999834060669
1784667840,0.8117200136184692,0.8123999834060669,0.8116999864578247,0.8120599985122681
1784667900,0.8120899796485901,0.8126999735832214,0.811739981174469,0.8124200105667114
1784667960,0.8124200105667114,0.8126999735832214,0.8116999864578247,0.8117700219154358
1784668020,0.8117899894714355,0.8127999901771545,0.8117700219154358,0.8121500015258789
1784668080,0.8117899894714355,0.8127999901771545,0.8117600083351135,0.8127999901771545
1784668140,0.8123999834060669,0.8123999834060669,0.8116999864578247,0.8123000264167786
1784668200,0.8121200203895569,0.8123000264167786,0.8118000030517578,0.8121200203895569
1784668260,0.8120999932289124,0.8123999834060669,0.8120099902153015,0.8121200203895569
1784668320,0.8119900226593018,0.8123999834060669,0.8119800090789795,0.8121200203895569
1784668380,0.8121299743652344,0.8123999834060669,0.8121200203895569,0.8121200203895569
1784668440,0.8121200203895569,0.8123999834060669,0.8117600083351135,0.8117600083351135
1784668500,0.8121200203895569,0.8123800158500671,0.811739981174469,0.8123000264167786
1784668560,0.8121200203895569,0.8123700022697449,0.8117300271987915,0.8123499751091003
1784668620,0.8121200203895569,0.8123700022697449,0.8118500113487244,0.8121200203895569
1784668680,0.8121100068092346,0.8123000264167786,0.8121100068092346,0.8121200203895569
1784668740,0.8123000264167786,0.8123700022697449,0.8121200203895569,0.8123700022697449
1784668800,0.8120899796485901,0.8123000264167786,0.8120599985122681,0.8121200203895569
1784668860,0.8120999932289124,0.8123000264167786,0.811739981174469,0.8117499947547913
1784668920,0.811739981174469,0.8123999834060669,0.8117300271987915,0.8121200203895569
1784668980,0.8122000098228455,0.8123999834060669,0.8117300271987915,0.8119800090789795
1784669040,0.8121200203895569,0.8123999834060669,0.811739981174469,0.8121100068092346
1784669100,0.8120899796485901,0.8123999834060669,0.8117300271987915,0.8121299743652344
1784669160,0.8121399879455566,0.8122000098228455,0.8117600083351135,0.8120999932289124
1784669220,0.8121200203895569,0.8121399879455566,0.8117300271987915,0.8121200203895569
1784669280,0.8121200203895569,0.8122000098228455,0.811739981174469,0.8120899796485901
1784669340,0.8120899796485901,0.8122000098228455,0.8116899728775024,0.8120999932289124
1784669400,0.8121200203895569,0.8122000098228455,0.8116899728775024,0.8116999864578247
1784669460,0.8121200203895569,0.8121200203895569,0.8117200136184692,0.8121200203895569
1784669520,0.8120899796485901,0.8121200203895569,0.8120800256729126,0.8121200203895569
1784669580,0.8117499947547913,0.8121200203895569,0.8117499947547913,0.8117600083351135
1784669640,0.8121200203895569,0.8121200203895569,0.8117499947547913,0.8120800256729126
1784669700,0.8121200203895569,0.8123000264167786,0.8117600083351135,0.8121200203895569
1784669760,0.8120800256729126,0.8123000264167786,0.8117499947547913,0.8121200203895569
1784669820,0.8120800256729126,0.8123999834060669,0.811739981174469,0.8120599985122681
1784669880,0.8120599985122681,0.8125,0.8117799758911133,0.8120599985122681
1784669940,0.8120599985122681,0.8125,0.811739981174469,0.8120399713516235
1784670000,0.8120899796485901,0.8125,0.811739981174469,0.8120899796485901
1784670060,0.8120700120925903,0.8125,0.8119300007820129,0.8120599985122681
1784670120,0.8119300007820129,0.8125,0.8114799857139587,0.8115100264549255
1784670180,0.8120099902153015,0.8125,0.811519980430603,0.8119099736213684
1784670240,0.8115000128746033,0.8125,0.8115000128746033,0.8125
1784670300,0.8119199872016907,0.8127999901771545,0.8113700151443481,0.8124600052833557
1784670360,0.8122699856758118,0.8127999901771545,0.8115500211715698,0.8126099705696106
1784670420,0.8125,0.8127999901771545,0.8115500211715698,0.8127999901771545
1784670480,0.8125699758529663,0.8127999901771545,0.8115800023078918,0.8127999901771545
1784670540,0.8126000165939331,0.8127999901771545,0.8115900158882141,0.8126199841499329
1784670600,0.8123599886894226,0.8127999901771545,0.8116000294685364,0.8125900030136108
1784670660,0.8126000165939331,0.8127999901771545,0.8115599751472473,0.8126000165939331
1784670720,0.8126099705696106,0.8126199841499329,0.8115800023078918,0.8124899864196777
1784670780,0.8126000165939331,0.8127999901771545,0.8115599751472473,0.8126099705696106
1784670840,0.8126000165939331,0.8127999901771545,0.8115699887275696,0.8127999901771545
1784670900,0.8124399781227112,0.8127999901771545,0.8115599751472473,0.8124300241470337
1784670960,0.8123999834060669,0.8127999901771545,0.8116400241851807,0.8126400113105774
1784671020,0.8125100135803223,0.8127999901771545,0.8115800023078918,0.8125100135803223
1784671080,0.8125100135803223,0.8127999901771545,0.8116599917411804,0.8123999834060669
1784671140,0.8118000030517578,0.8126000165939331,0.8117600083351135,0.8126000165939331
