time,open,high,low,close
1784584800,162.4409942626953,162.50900268554688,162.41000366210938,162.46099853515625
1784584860,162.50399780273438,162.50399780273438,162.4669952392578,162.49200439453125
1784584920,162.468994140625,162.5,162.468994140625,162.48300170898438
1784584980,162.48899841308594,162.49899291992188,162.468994140625,162.4720001220703
1784585040,162.4720001220703,162.49899291992188,162.4709930419922,162.47300720214844
1784585100,162.48899841308594,162.50100708007812,162.4720001220703,162.4770050048828
1784585160,162.48899841308594,162.50100708007812,162.4759979248047,162.49899291992188
1784585220,162.4770050048828,162.49899291992188,162.46600341796875,162.46600341796875
1784585280,162.46600341796875,162.49600219726562,162.45799255371094,162.4949951171875
1784585340,162.4709930419922,162.5030059814453,162.468994140625,162.49600219726562
1784585400,162.4980010986328,162.5070037841797,162.47900390625,162.4810028076172
1784585460,162.50399780273438,162.5050048828125,162.47900390625,162.47900390625
1784585520,162.47900390625,162.50599670410156,162.47900390625,162.5050048828125
1784585580,162.48399353027344,162.5050048828125,162.48199462890625,162.4980010986328
1784585640,162.48500061035156,162.50399780273438,162.48300170898438,162.48399353027344
1784585700,162.48399353027344,162.5050048828125,162.48199462890625,162.48699951171875
1784585760,162.48699951171875,162.5050048828125,162.48500061035156,162.48500061035156
1784585820,162.4980010986328,162.50399780273438,162.47900390625,162.49899291992188
1784585880,162.49400329589844,162.49899291992188,162.4709930419922,162.48300170898438
1784585940,162.48699951171875,162.48899841308594,162.47300720214844,162.48399353027344
1784586000,162.47500610351562,162.48899841308594,162.4739990234375,162.48699951171875
1784586060,162.4739990234375,162.49000549316406,162.4739990234375,162.48399353027344
1784586120,162.49000549316406,162.49000549316406,162.47300720214844,162.47500610351562
1784586180,162.47500610351562,162.48800659179688,162.47300720214844,162.4739990234375
1784586240,162.48699951171875,162.4980010986328,162.4720001220703,162.48800659179688
1784586300,162.48800659179688,162.49000549316406,162.4739990234375,162.48599243164062
1784586360,162.47500610351562,162.49200439453125,162.4739990234375,162.48800659179688
1784586420,162.4759979248047,162.49200439453125,162.4739990234375,162.4770050048828
1784586480,162.4759979248047,162.49400329589844,162.4759979248047,162.49400329589844
1784586540,162.48199462890625,162.49400329589844,162.47900390625,162.48800659179688
1784586600,162.4810028076172,162.5019989013672,162.47999572753906,162.4969940185547
1784586660,162.49400329589844,162.50100708007812,162.48300170898438,162.48500061035156
1784586720,162.48500061035156,162.5019989013672,162.48500061035156,162.50100708007812
1784586780,162.5019989013672,162.5030059814453,162.47999572753906,162.50100708007812
1784586840,162.48599243164062,162.50100708007812,162.48500061035156,162.4969940185547
1784586900,162.4969940185547,162.50599670410156,162.48500061035156,162.4929962158203
1784586960,162.49099731445312,162.50900268554688,162.49099731445312,162.5030059814453
1784587020,162.5019989013672,162.50599670410156,162.48500061035156,162.49600219726562
1784587080,162.48500061035156,162.50100708007812,162.48199462890625,162.48199462890625
1784587140,162.48199462890625,162.49899291992188,162.4810028076172,162.48500061035156
1784587200,162.4969940185547,162.49899291992188,162.48300170898438,162.48500061035156
1784587260,162.48599243164062,162.5050048828125,162.48399353027344,162.49000549316406
1784587320,162.49099731445312,162.51699829101562,162.48899841308594,162.50900268554688
1784587380,162.4949951171875,162.51499938964844,162.49400329589844,162.5070037841797
1784587440,162.4969940185547,162.50900268554688,162.49600219726562,162.5070037841797
1784587500,162.49600219726562,162.50599670410156,162.4759979248047,162.47799682617188
1784587560,162.4770050048828,162.5,162.4770050048828,162.49600219726562
1784587620,162.49600219726562,162.49899291992188,162.48300170898438,162.4929962158203
1784587680,162.48500061035156,162.4980010986328,162.47799682617188,162.48199462890625
1784587740,162.49200439453125,162.5019989013672,162.47900390625,162.48500061035156
1784587800,162.48500061035156,162.5019989013672,162.48300170898438,162.49099731445312
1784587860,162.49099731445312,162.5019989013672,162.48399353027344,162.48500061035156
1784587920,162.48500061035156,162.4969940185547,162.48300170898438,162.49600219726562
1784587980,162.48599243164062,162.4980010986328,162.48300170898438,162.49600219726562
1784588040,162.48500061035156,162.49899291992188,162.4810028076172,162.4929962158203
1784588100,162.4810028076172,162.49400329589844,162.47500610351562,162.48899841308594
1784588160,162.4759979248047,162.49000549316406,162.47500610351562,162.4759979248047
1784588220,162.4759979248047,162.49600219726562,162.47500610351562,162.48500061035156
1784588280,162.4929962158203,162.50399780273438,162.48500061035156,162.4980010986328
1784588400,162.49099731445312,162.50900268554688,162.49000549316406,162.5019989013672
1784588460,162.4980010986328,162.50900268554688,162.4929962158203,162.4980010986328
1784588520,162.49400329589844,162.5050048828125,162.48199462890625,162.49400329589844
1784588580,162.48800659179688,162.5030059814453,162.48300170898438,162.4929962158203
1784588640,162.4929962158203,162.50399780273438,162.49200439453125,162.50399780273438
1784588700,162.5030059814453,162.50399780273438,162.49200439453125,162.4969940185547
1784588760,162.49899291992188,162.5030059814453,162.49200439453125,162.4929962158203
1784588820,162.4929962158203,162.5030059814453,162.48899841308594,162.4929962158203
1784588880,162.49400329589844,162.5050048828125,162.49200439453125,162.5030059814453
1784588940,162.4929962158203,162.5030059814453,162.49099731445312,162.49099731445312
1784589000,162.49099731445312,162.5019989013672,162.48899841308594,162.49000549316406
1784589060,162.49099731445312,162.50100708007812,162.48699951171875,162.49000549316406
1784589120,162.49200439453125,162.4969940185547,162.48399353027344,162.49000549316406
1784589180,162.49099731445312,162.4949951171875,162.48500061035156,162.48800659179688
1784589240,162.49000549316406,162.5050048828125,162.48800659179688,162.50399780273438
1784589300,162.49400329589844,162.50399780273438,162.49200439453125,162.50100708007812
1784589360,162.49400329589844,162.5019989013672,162.4929962158203,162.5
1784589420,162.4969940185547,162.50100708007812,162.49000549316406,162.49400329589844
1784589480,162.49200439453125,162.5019989013672,162.48399353027344,162.48500061035156
1784589540,162.48500061035156,162.49600219726562,162.48500061035156,162.49400329589844
1784589600,162.4949951171875,162.49600219726562,162.48599243164062,162.4929962158203
1784589660,162.48800659179688,162.50399780273438,162.48800659179688,162.4929962158203
1784589720,162.4929962158203,162.5070037841797,162.4929962158203,162.50599670410156
1784589780,162.5030059814453,162.50799560546875,162.4969940185547,162.5019989013672
1784589840,162.5030059814453,162.50900268554688,162.4929962158203,162.5019989013672
1784589900,162.4929962158203,162.50399780273438,162.4929962158203,162.49400329589844
1784589960,162.49400329589844,162.50399780273438,162.49000549316406,162.4980010986328
1784590020,162.49600219726562,162.5030059814453,162.49200439453125,162.49200439453125
1784590080,162.49200439453125,162.5030059814453,162.49099731445312,162.5019989013672
1784590140,162.4980010986328,162.5030059814453,162.4929962158203,162.4969940185547
1784590200,162.49400329589844,162.5050048828125,162.49400329589844,162.4980010986328
1784590260,162.4949951171875,162.50799560546875,162.49400329589844,162.4980010986328
1784590320,162.4980010986328,162.50799560546875,162.4980010986328,162.4980010986328
1784590380,162.4980010986328,162.50599670410156,162.4929962158203,162.4929962158203
1784590440,162.4929962158203,162.5019989013672,162.49200439453125,162.4969940185547
1784590500,162.49600219726562,162.5019989013672,162.49200439453125,162.4929962158203
1784590560,162.4949951171875,162.5,162.49200439453125,162.4949951171875
1784590620,162.4929962158203,162.50100708007812,162.4929962158203,162.4969940185547
1784590680,162.49400329589844,162.5019989013672,162.49099731445312,162.5019989013672
1784590740,162.4980010986328,162.5019989013672,162.4929962158203,162.4980010986328
1784590800,162.49400329589844,162.5030059814453,162.4929962158203,162.5019989013672
1784590860,162.49400329589844,162.5030059814453,162.49000549316406,162.4969940185547
1784590920,162.4929962158203,162.50399780273438,162.49200439453125,162.4929962158203
1784590980,162.4929962158203,162.5030059814453,162.49200439453125,162.5030059814453
1784591040,162.5019989013672,162.5030059814453,162.49099731445312,162.4929962158203
1784591100,162.49200439453125,162.5030059814453,162.49099731445312,162.50100708007812
1784591160,162.49099731445312,162.5019989013672,162.49000549316406,162.49400329589844
1784591220,162.4949951171875,162.50599670410156,162.49099731445312,162.49200439453125
1784591280,162.49200439453125,162.5070037841797,162.49099731445312,162.4980010986328
1784591340,162.49400329589844,162.50599670410156,162.4929962158203,162.4949951171875
1784591400,162.4969940185547,162.5070037841797,162.4929962158203,162.5
1784591460,162.4969940185547,162.50599670410156,162.49099731445312,162.49600219726562
1784591520,162.4969940185547,162.5019989013672,162.4810028076172,162.49400329589844
1784591580,162.48699951171875,162.49899291992188,162.48300170898438,162.48399353027344
1784591640,162.48500061035156,162.4949951171875,162.48300170898438,162.49099731445312
1784591700,162.48399353027344,162.4949951171875,162.48300170898438,162.49400329589844
1784591760,162.48599243164062,162.5,162.48599243164062,162.48899841308594
1784591820,162.4929962158203,162.49400329589844,162.47999572753906,162.4810028076172
1784591880,162.4810028076172,162.49200439453125,162.47900390625,162.48300170898438
1784591940,162.48199462890625,162.49099731445312,162.47900390625,162.47999572753906
1784592000,162.47999572753906,162.49400329589844,162.43899536132812,162.44500732421875
1784592060,162.44000244140625,162.46800231933594,162.43800354003906,162.45799255371094
1784592120,162.45799255371094,162.4770050048828,162.45700073242188,162.4669952392578
1784592180,162.46600341796875,162.47799682617188,162.45599365234375,162.4770050048828
1784592240,162.468994140625,162.48199462890625,162.46800231933594,162.47300720214844
1784592300,162.4720001220703,162.49000549316406,162.468994140625,162.47500610351562
1784592360,162.4759979248047,162.49000549316406,162.46600341796875,162.47500610351562
1784592420,162.4669952392578,162.47900390625,162.4669952392578,162.47500610351562
1784592480,162.4669952392578,162.4770050048828,162.45799255371094,162.47500610351562
1784592540,162.4709930419922,162.47999572753906,162.45799255371094,162.47799682617188
1784592600,162.4770050048828,162.4810028076172,162.45899963378906,162.47500610351562
1784592660,162.47000122070312,162.4770050048828,162.45899963378906,162.47000122070312
1784592720,162.46800231933594,162.47999572753906,162.46600341796875,162.47500610351562
1784592780,162.4759979248047,162.49200439453125,162.46800231933594,162.47799682617188
1784592840,162.47500610351562,162.49099731445312,162.47500610351562,162.47900390625
1784592900,162.47900390625,162.49200439453125,162.4759979248047,162.48300170898438
1784592960,162.48300170898438,162.4929962158203,162.4759979248047,162.48399353027344
1784593020,162.48500061035156,162.49899291992188,162.48199462890625,162.4929962158203
1784593080,162.48800659179688,162.49400329589844,162.47799682617188,162.4810028076172
1784593140,162.4810028076172,162.49600219726562,162.47799682617188,162.4949951171875
1784593200,162.49400329589844,162.4969940185547,162.4770050048828,162.48300170898438
1784593260,162.48300170898438,162.49899291992188,162.48199462890625,162.49000549316406
1784593320,162.49000549316406,162.50599670410156,162.48599243164062,162.4980010986328
1784593380,162.50599670410156,162.5070037841797,162.48899841308594,162.4949951171875
1784593440,162.49200439453125,162.51199340820312,162.49099731445312,162.5050048828125
1784593500,162.4969940185547,162.5070037841797,162.49000549316406,162.49099731445312
1784593560,162.4929962158203,162.5019989013672,162.48699951171875,162.49899291992188
1784593620,162.49200439453125,162.50399780273438,162.49000549316406,162.50399780273438
1784593680,162.4949951171875,162.51199340820312,162.49400329589844,162.4949951171875
1784593740,162.49400329589844,162.51199340820312,162.4929962158203,162.5030059814453
1784593800,162.50599670410156,162.51300048828125,162.5019989013672,162.51199340820312
1784593860,162.51300048828125,162.53199768066406,162.50399780273438,162.52999877929688
1784593920,162.53199768066406,162.53199768066406,162.51400756835938,162.52099609375
1784593980,162.51800537109375,162.52699279785156,162.50799560546875,162.50900268554688
1784594040,162.50900268554688,162.5260009765625,162.5070037841797,162.52000427246094
1784594100,162.51699829101562,162.5260009765625,162.51600646972656,162.5189971923828
1784594160,162.51800537109375,162.52999877929688,162.51499938964844,162.52699279785156
1784594220,162.5229949951172,162.52699279785156,162.51499938964844,162.51699829101562
1784594280,162.51699829101562,162.5260009765625,162.50599670410156,162.5240020751953
1784594340,162.51600646972656,162.53599548339844,162.51600646972656,162.52999877929688
1784594400,162.5260009765625,162.531005859375,162.51600646972656,162.52000427246094
1784594460,162.52499389648438,162.5260009765625,162.5070037841797,162.50799560546875
1784594520,162.50799560546875,162.51699829101562,162.50100708007812,162.51300048828125
1784594580,162.5050048828125,162.51499938964844,162.5019989013672,162.50900268554688
1784594640,162.51300048828125,162.52099609375,162.50399780273438,162.50799560546875
1784594700,162.5050048828125,162.51300048828125,162.49600219726562,162.50599670410156
1784594760,162.49600219726562,162.51199340820312,162.49400329589844,162.49600219726562
1784594820,162.49899291992188,162.51300048828125,162.4949951171875,162.50900268554688
1784594880,162.50799560546875,162.51699829101562,162.50599670410156,162.51499938964844
1784594940,162.51499938964844,162.51600646972656,162.5050048828125,162.50799560546875
1784595000,162.50799560546875,162.52499389648438,162.4969940185547,162.51800537109375
1784595060,162.51699829101562,162.531005859375,162.51199340820312,162.5240020751953
1784595120,162.52099609375,162.53199768066406,162.50799560546875,162.52699279785156
1784595180,162.5189971923828,162.52699279785156,162.4770050048828,162.51600646972656
1784595240,162.50799560546875,162.51800537109375,162.48599243164062,162.5
1784595300,162.5189971923828,162.53500366210938,162.4980010986328,162.52200317382812
1784595360,162.51600646972656,162.5260009765625,162.5070037841797,162.52099609375
1784595420,162.51199340820312,162.5240020751953,162.50900268554688,162.51300048828125
1784595480,162.51699829101562,162.52499389648438,162.50999450683594,162.51499938964844
1784595540,162.51699829101562,162.53599548339844,162.50999450683594,162.5290069580078
1784595600,162.5290069580078,162.53700256347656,162.51100158691406,162.51499938964844
1784595660,162.51499938964844,162.52499389648438,162.50599670410156,162.50900268554688
1784595720,162.5070037841797,162.5279998779297,162.50599670410156,162.51600646972656
1784595780,162.51600646972656,162.5260009765625,162.51600646972656,162.5189971923828
1784595840,162.51600646972656,162.5279998779297,162.5070037841797,162.5260009765625
1784595900,162.51800537109375,162.52699279785156,162.5,162.51400756835938
1784595960,162.50799560546875,162.51600646972656,162.49600219726562,162.49899291992188
1784596020,162.5,162.51199340820312,162.4949951171875,162.49899291992188
1784596080,162.4969940185547,162.50999450683594,162.48899841308594,162.4980010986328
1784596140,162.5030059814453,162.50999450683594,162.49400329589844,162.50999450683594
1784596200,162.5030059814453,162.51400756835938,162.4969940185547,162.51300048828125
1784596260,162.51100158691406,162.51499938964844,162.5,162.51499938964844
1784596320,162.51400756835938,162.51699829101562,162.50399780273438,162.50900268554688
1784596380,162.50599670410156,162.51400756835938,162.50399780273438,162.51400756835938
1784596440,162.51300048828125,162.51300048828125,162.5,162.51100158691406
1784596500,162.5030059814453,162.51699829101562,162.5019989013672,162.50900268554688
1784596560,162.50799560546875,162.51800537109375,162.5019989013672,162.51199340820312
1784596620,162.5050048828125,162.51300048828125,162.50100708007812,162.5030059814453
1784596680,162.5030059814453,162.51300048828125,162.50100708007812,162.5030059814453
1784596740,162.50900268554688,162.51400756835938,162.48699951171875,162.4929962158203
1784596800,162.49899291992188,162.50799560546875,162.4929962158203,162.49899291992188
1784596860,162.5019989013672,162.51100158691406,162.4969940185547,162.50100708007812
1784596920,162.50100708007812,162.51699829101562,162.50100708007812,162.51400756835938
1784596980,162.51300048828125,162.51699829101562,162.50100708007812,162.50599670410156
1784597040,162.50599670410156,162.51400756835938,162.5019989013672,162.51199340820312
1784597100,162.51300048828125,162.51600646972656,162.5030059814453,162.50799560546875
1784597160,162.50399780273438,162.51499938964844,162.5030059814453,162.51199340820312
1784597220,162.50799560546875,162.51300048828125,162.50100708007812,162.50599670410156
1784597280,162.5030059814453,162.51199340820312,162.48800659179688,162.5
1784597340,162.49899291992188,162.49899291992188,162.42599487304688,162.47300720214844
1784597400,162.4770050048828,162.49000549316406,162.44900512695312,162.4739990234375
1784597460,162.4739990234375,162.49099731445312,162.46600341796875,162.47000122070312
1784597520,162.47799682617188,162.49000549316406,162.47000122070312,162.47799682617188
1784597580,162.47799682617188,162.48899841308594,162.47300720214844,162.47900390625
1784597640,162.48599243164062,162.5030059814453,162.47900390625,162.49400329589844
1784597700,162.48599243164062,162.51199340820312,162.48300170898438,162.5050048828125
1784597760,162.50599670410156,162.52099609375,162.5,162.52099609375
1784597820,162.52000427246094,162.5260009765625,162.5030059814453,162.50799560546875
1784597880,162.5030059814453,162.51400756835938,162.49899291992188,162.50599670410156
1784597940,162.5050048828125,162.51800537109375,162.49400329589844,162.49400329589844
1784598000,162.49400329589844,162.5030059814453,162.48599243164062,162.49099731445312
1784598060,162.4929962158203,162.5050048828125,162.49000549316406,162.49200439453125
1784598120,162.49400329589844,162.5030059814453,162.48500061035156,162.48899841308594
1784598180,162.4980010986328,162.50399780273438,162.48599243164062,162.4949951171875
1784598240,162.49400329589844,162.5050048828125,162.48899841308594,162.50399780273438
1784598300,162.5050048828125,162.51100158691406,162.49200439453125,162.50100708007812
1784598360,162.4929962158203,162.5030059814453,162.48699951171875,162.50100708007812
1784598420,162.49200439453125,162.50399780273438,162.48899841308594,162.49600219726562
1784598480,162.49899291992188,162.51100158691406,162.4929962158203,162.5019989013672
1784598540,162.50100708007812,162.50799560546875,162.48800659179688,162.5030059814453
1784598600,162.5019989013672,162.51699829101562,162.49200439453125,162.51100158691406
1784598660,162.50100708007812,162.5189971923828,162.50100708007812,162.51600646972656
1784598720,162.51499938964844,162.51699829101562,162.5030059814453,162.50900268554688
1784598780,162.50900268554688,162.5189971923828,162.5070037841797,162.51199340820312
1784598840,162.51199340820312,162.5229949951172,162.50399780273438,162.50999450683594
1784598900,162.50999450683594,162.52099609375,162.50999450683594,162.51699829101562
1784598960,162.51800537109375,162.51800537109375,162.50799560546875,162.51600646972656
1784599020,162.50799560546875,162.52200317382812,162.50799560546875,162.52099609375
1784599080,162.52200317382812,162.52200317382812,162.50599670410156,162.50900268554688
1784599140,162.50799560546875,162.51400756835938,162.49899291992188,162.5019989013672
1784599200,162.50100708007812,162.51100158691406,162.4929962158203,162.5030059814453
1784599260,162.4980010986328,162.51199340820312,162.4980010986328,162.50399780273438
1784599320,162.50599670410156,162.51800537109375,162.5030059814453,162.51800537109375
1784599380,162.5070037841797,162.52499389648438,162.50399780273438,162.51600646972656
1784599440,162.51800537109375,162.5260009765625,162.50999450683594,162.51199340820312
1784599500,162.51499938964844,162.52200317382812,162.5070037841797,162.51400756835938
1784599560,162.52099609375,162.52200317382812,162.50799560546875,162.50799560546875
1784599620,162.5070037841797,162.51600646972656,162.5019989013672,162.50399780273438
1784599680,162.5030059814453,162.51199340820312,162.5019989013672,162.51100158691406
1784599740,162.5070037841797,162.51499938964844,162.5019989013672,162.50999450683594
1784599800,162.50999450683594,162.51300048828125,162.49600219726562,162.49600219726562
1784599860,162.49600219726562,162.50900268554688,162.4949951171875,162.49899291992188
1784599920,162.50799560546875,162.51600646972656,162.4969940185547,162.5
1784599980,162.5,162.50999450683594,162.49600219726562,162.5050048828125
1784600040,162.4980010986328,162.50999450683594,162.4980010986328,162.50999450683594
1784600100,162.5070037841797,162.51400756835938,162.5019989013672,162.50399780273438
1784600160,162.50900268554688,162.51499938964844,162.5019989013672,162.5050048828125
1784600220,162.51300048828125,162.51300048828125,162.5019989013672,162.50999450683594
1784600280,162.50399780273438,162.51100158691406,162.49400329589844,162.5
1784600340,162.4980010986328,162.50900268554688,162.4969940185547,162.5030059814453
1784600400,162.50599670410156,162.51100158691406,162.5019989013672,162.5030059814453
1784600460,162.5030059814453,162.50900268554688,162.49400329589844,162.49899291992188
1784600520,162.5,162.50799560546875,162.4969940185547,162.4980010986328
1784600580,162.5019989013672,162.5070037841797,162.49200439453125,162.4929962158203
1784600640,162.4929962158203,162.5030059814453,162.49200439453125,162.49600219726562
1784600700,162.4980010986328,162.50599670410156,162.49000549316406,162.49000549316406
1784600760,162.49000549316406,162.5030059814453,162.4810028076172,162.4949951171875
1784600820,162.49400329589844,162.5019989013672,162.49200439453125,162.49899291992188
1784600880,162.4969940185547,162.5030059814453,162.4929962158203,162.49400329589844
1784600940,162.49400329589844,162.5030059814453,162.49200439453125,162.49899291992188
1784601000,162.49899291992188,162.5030059814453,162.49099731445312,162.4969940185547
1784601060,162.4969940185547,162.50599670410156,162.49099731445312,162.4980010986328
1784601120,162.5030059814453,162.5030059814453,162.49099731445312,162.49400329589844
1784601180,162.49400329589844,162.5019989013672,162.49200439453125,162.49400329589844
1784601240,162.49400329589844,162.50100708007812,162.49099731445312,162.49099731445312
1784601300,162.49099731445312,162.50100708007812,162.48899841308594,162.48899841308594
1784601360,162.49200439453125,162.4980010986328,162.48199462890625,162.4929962158203
1784601420,162.48899841308594,162.49899291992188,162.48699951171875,162.49600219726562
1784601480,162.48800659179688,162.4980010986328,162.48800659179688,162.49600219726562
1784601540,162.49000549316406,162.5019989013672,162.49000549316406,162.49200439453125
1784601600,162.4949951171875,162.5019989013672,162.49000549316406,162.49099731445312
1784601660,162.49099731445312,162.50100708007812,162.49099731445312,162.49400329589844
1784601720,162.49899291992188,162.5019989013672,162.47999572753906,162.48699951171875
1784601780,162.48699951171875,162.4949951171875,162.48300170898438,162.48699951171875
1784601840,162.48699951171875,162.4980010986328,162.48500061035156,162.49000549316406
1784601900,162.49000549316406,162.50100708007812,162.49000549316406,162.49600219726562
1784601960,162.5,162.5019989013672,162.49099731445312,162.49600219726562
1784602020,162.4929962158203,162.50100708007812,162.49200439453125,162.4929962158203
1784602080,162.4929962158203,162.50100708007812,162.49099731445312,162.4929962158203
1784602140,162.5,162.5019989013672,162.49099731445312,162.49899291992188
1784602200,162.49200439453125,162.50100708007812,162.49200439453125,162.4929962158203
1784602260,162.49899291992188,162.50100708007812,162.48699951171875,162.4929962158203
1784602320,162.49600219726562,162.5,162.48899841308594,162.49099731445312
1784602380,162.49099731445312,162.50100708007812,162.47799682617188,162.49099731445312
1784602440,162.4969940185547,162.4980010986328,162.48699951171875,162.49200439453125
1784602500,162.48800659179688,162.49899291992188,162.48599243164062,162.4980010986328
1784602560,162.48599243164062,162.50100708007812,162.48599243164062,162.49200439453125
1784602620,162.49400329589844,162.4980010986328,162.48899841308594,162.4929962158203
1784602680,162.49099731445312,162.4980010986328,162.47799682617188,162.4810028076172
1784602740,162.47799682617188,162.4949951171875,162.4770050048828,162.48800659179688
1784602800,162.48800659179688,162.4949951171875,162.47900390625,162.4929962158203
1784602860,162.48599243164062,162.4980010986328,162.48599243164062,162.49600219726562
1784602920,162.4969940185547,162.50100708007812,162.48699951171875,162.48899841308594
1784602980,162.4969940185547,162.50599670410156,162.48899841308594,162.5
1784603040,162.5,162.50799560546875,162.49899291992188,162.5019989013672
1784603100,162.50399780273438,162.51499938964844,162.5019989013672,162.50900268554688
1784603160,162.50399780273438,162.50999450683594,162.5019989013672,162.50399780273438
1784603220,162.5030059814453,162.50900268554688,162.5,162.5019989013672
1784603280,162.5019989013672,162.50900268554688,162.50100708007812,162.5030059814453
1784603340,162.50900268554688,162.50900268554688,162.50100708007812,162.50399780273438
1784603400,162.5050048828125,162.50999450683594,162.5,162.50100708007812
1784603460,162.50399780273438,162.50900268554688,162.49899291992188,162.50799560546875
1784603520,162.5019989013672,162.51300048828125,162.49400329589844,162.5030059814453
1784603580,162.49600219726562,162.50900268554688,162.49400329589844,162.5030059814453
1784603640,162.50799560546875,162.51699829101562,162.5030059814453,162.51199340820312
1784603700,162.5050048828125,162.51499938964844,162.4969940185547,162.4969940185547
1784603760,162.4949951171875,162.50799560546875,162.4949951171875,162.50399780273438
1784603820,162.5030059814453,162.50900268554688,162.5019989013672,162.50599670410156
1784603880,162.5030059814453,162.50900268554688,162.5019989013672,162.5070037841797
1784603940,162.5030059814453,162.50900268554688,162.5,162.5
1784604000,162.5,162.5070037841797,162.48899841308594,162.49200439453125
1784604060,162.49000549316406,162.4980010986328,162.48699951171875,162.49099731445312
1784604120,162.4929962158203,162.5019989013672,162.48699951171875,162.49200439453125
1784604180,162.50100708007812,162.50100708007812,162.49099731445312,162.49600219726562
1784604240,162.4929962158203,162.5019989013672,162.49200439453125,162.4980010986328
1784604300,162.4929962158203,162.50799560546875,162.49200439453125,162.4969940185547
1784604360,162.49400329589844,162.4980010986328,162.49000549316406,162.49400329589844
1784604420,162.49200439453125,162.50100708007812,162.49099731445312,162.49400329589844
1784604480,162.49600219726562,162.5,162.49200439453125,162.49200439453125
1784604540,162.4929962158203,162.4969940185547,162.49000549316406,162.49099731445312
1784604600,162.49200439453125,162.4949951171875,162.48699951171875,162.49400329589844
1784604660,162.48899841308594,162.49600219726562,162.48699951171875,162.48800659179688
1784604720,162.48800659179688,162.4949951171875,162.48800659179688,162.48899841308594
1784604780,162.48899841308594,162.4949951171875,162.48800659179688,162.4949951171875
1784604840,162.49400329589844,162.4969940185547,162.48500061035156,162.48699951171875
1784604900,162.48699951171875,162.49899291992188,162.48699951171875,162.4969940185547
1784604960,162.4980010986328,162.49899291992188,162.48800659179688,162.4949951171875
1784605020,162.49400329589844,162.5,162.49200439453125,162.49600219726562
1784605080,162.49200439453125,162.4969940185547,162.49200439453125,162.49200439453125
1784605140,162.49400329589844,162.49600219726562,162.47999572753906,162.48599243164062
1784605200,162.48699951171875,162.49000549316406,162.4770050048828,162.48699951171875
1784605260,162.48199462890625,162.49099731445312,162.48199462890625,162.48300170898438
1784605320,162.48899841308594,162.48899841308594,162.4810028076172,162.48300170898438
1784605380,162.48199462890625,162.48599243164062,162.4759979248047,162.47799682617188
1784605440,162.47900390625,162.4810028076172,162.46499633789062,162.468994140625
1784605500,162.46600341796875,162.4770050048828,162.46400451660156,162.46800231933594
1784605560,162.46800231933594,162.4770050048828,162.46600341796875,162.4669952392578
1784605620,162.4669952392578,162.47500610351562,162.46400451660156,162.468994140625
1784605680,162.46600341796875,162.468994140625,162.4550018310547,162.45899963378906
1784605740,162.45599365234375,162.468994140625,162.45599365234375,162.45899963378906
1784605800,162.45899963378906,162.4600067138672,162.4459991455078,162.4550018310547
1784605860,162.45399475097656,162.47000122070312,162.4499969482422,162.46800231933594
1784605920,162.46600341796875,162.4720001220703,162.45700073242188,162.46400451660156
1784605980,162.46299743652344,162.47500610351562,162.46099853515625,162.47500610351562
1784606040,162.47000122070312,162.4759979248047,162.46600341796875,162.4759979248047
1784606100,162.4669952392578,162.47799682617188,162.46600341796875,162.4770050048828
1784606160,162.468994140625,162.47799682617188,162.4669952392578,162.47500610351562
1784606220,162.4759979248047,162.48199462890625,162.4669952392578,162.4720001220703
1784606280,162.4720001220703,162.48500061035156,162.4709930419922,162.48399353027344
1784606340,162.48300170898438,162.48699951171875,162.4759979248047,162.48599243164062
1784606400,162.48199462890625,162.49099731445312,162.4759979248047,162.48199462890625
1784606460,162.48199462890625,162.48899841308594,162.47799682617188,162.47999572753906
1784606520,162.48199462890625,162.48899841308594,162.47900390625,162.48899841308594
1784606580,162.48199462890625,162.49000549316406,162.4810028076172,162.48800659179688
1784606640,162.48599243164062,162.49000549316406,162.48300170898438,162.48399353027344
1784606700,162.48399353027344,162.49000549316406,162.47999572753906,162.48699951171875
1784606760,162.48199462890625,162.48800659179688,162.46499633789062,162.4669952392578
1784606820,162.4669952392578,162.47799682617188,162.46600341796875,162.47799682617188
1784606880,162.47500610351562,162.47799682617188,162.4669952392578,162.47500610351562
1784606940,162.4669952392578,162.4770050048828,162.46600341796875,162.4770050048828
1784607000,162.468994140625,162.47799682617188,162.46499633789062,162.4709930419922
1784607060,162.47500610351562,162.47799682617188,162.47000122070312,162.4739990234375
1784607120,162.4720001220703,162.48599243164062,162.4709930419922,162.48500061035156
1784607180,162.4810028076172,162.48599243164062,162.4720001220703,162.47999572753906
1784607240,162.48199462890625,162.48500061035156,162.47000122070312,162.4720001220703
1784607300,162.47900390625,162.47900390625,162.4709930419922,162.47300720214844
1784607360,162.4720001220703,162.48399353027344,162.46800231933594,162.47900390625
1784607420,162.47900390625,162.48300170898438,162.4759979248047,162.4810028076172
1784607480,162.47799682617188,162.48199462890625,162.4720001220703,162.47500610351562
1784607540,162.4720001220703,162.48199462890625,162.4720001220703,162.47799682617188
1784607600,162.47799682617188,162.48199462890625,162.4739990234375,162.4739990234375
1784607660,162.4739990234375,162.47900390625,162.47300720214844,162.4739990234375
1784607720,162.47500610351562,162.4770050048828,162.47300720214844,162.4739990234375
1784607780,162.4720001220703,162.47799682617188,162.4709930419922,162.47500610351562
1784607840,162.4739990234375,162.47799682617188,162.47000122070312,162.4720001220703
1784607900,162.47300720214844,162.4770050048828,162.468994140625,162.4720001220703
1784607960,162.47000122070312,162.47999572753906,162.47000122070312,162.4709930419922
1784608020,162.47500610351562,162.47900390625,162.4709930419922,162.4739990234375
1784608080,162.4739990234375,162.48399353027344,162.4720001220703,162.4739990234375
1784608140,162.47500610351562,162.47999572753906,162.46800231933594,162.4759979248047
1784608200,162.4739990234375,162.47900390625,162.46499633789062,162.4669952392578
1784608260,162.46600341796875,162.48699951171875,162.46400451660156,162.47999572753906
1784608320,162.48399353027344,162.48899841308594,162.47500610351562,162.48699951171875
1784608380,162.48399353027344,162.49200439453125,162.47799682617188,162.48199462890625
1784608440,162.48199462890625,162.49600219726562,162.4720001220703,162.47799682617188
1784608500,162.48199462890625,162.48899841308594,162.468994140625,162.47799682617188
1784608560,162.4810028076172,162.49099731445312,162.4770050048828,162.48800659179688
1784608620,162.48300170898438,162.49099731445312,162.47900390625,162.49000549316406
1784608680,162.48199462890625,162.4969940185547,162.48199462890625,162.49400329589844
1784608740,162.4980010986328,162.4980010986328,162.48699951171875,162.4929962158203
1784608800,162.49200439453125,162.4980010986328,162.48199462890625,162.48800659179688
1784608860,162.48899841308594,162.5,162.48699951171875,162.48899841308594
1784608920,162.4949951171875,162.49600219726562,162.47900390625,162.47999572753906
1784608980,162.48399353027344,162.49200439453125,162.4770050048828,162.48300170898438
1784609040,162.48300170898438,162.49000549316406,162.47999572753906,162.48599243164062
1784609100,162.48399353027344,162.49200439453125,162.48199462890625,162.48399353027344
1784609160,162.48399353027344,162.49200439453125,162.4810028076172,162.48199462890625
1784609220,162.48199462890625,162.48899841308594,162.47799682617188,162.47900390625
1784609280,162.47900390625,162.49000549316406,162.47900390625,162.48300170898438
1784609340,162.48300170898438,162.48899841308594,162.4810028076172,162.48899841308594
1784609400,162.48399353027344,162.49099731445312,162.47999572753906,162.48899841308594
1784609460,162.48699951171875,162.49200439453125,162.48199462890625,162.48800659179688
1784609520,162.49000549316406,162.4949951171875,162.48300170898438,162.48899841308594
1784609580,162.48800659179688,162.4929962158203,162.48300170898438,162.48899841308594
1784609640,162.48899841308594,162.49200439453125,162.48800659179688,162.48800659179688
1784609700,162.48800659179688,162.4949951171875,162.48599243164062,162.48800659179688
1784609760,162.49099731445312,162.49200439453125,162.48500061035156,162.48599243164062
1784609820,162.48899841308594,162.49200439453125,162.48399353027344,162.48899841308594
1784609880,162.49200439453125,162.49200439453125,162.48300170898438,162.48300170898438
1784609940,162.48599243164062,162.49000549316406,162.4810028076172,162.48300170898438
1784610000,162.48300170898438,162.49000549316406,162.4810028076172,162.48699951171875
1784610060,162.48699951171875,162.48899841308594,162.48199462890625,162.48699951171875
1784610120,162.48899841308594,162.49000549316406,162.48199462890625,162.48500061035156
1784610180,162.48300170898438,162.49099731445312,162.48300170898438,162.48599243164062
1784610240,162.49000549316406,162.49200439453125,162.48199462890625,162.48599243164062
1784610300,162.49600219726562,162.5030059814453,162.49200439453125,162.5019989013672
1784610360,162.5,162.50599670410156,162.4969940185547,162.4980010986328
1784610420,162.50100708007812,162.5050048828125,162.4969940185547,162.4969940185547
1784610480,162.5019989013672,162.5019989013672,162.48500061035156,162.4980010986328
1784610540,162.49899291992188,162.5,162.48599243164062,162.48899841308594
1784610600,162.49200439453125,162.4980010986328,162.48599243164062,162.49000549316406
1784610660,162.4929962158203,162.5050048828125,162.48899841308594,162.4980010986328
1784610720,162.5019989013672,162.51300048828125,162.4949951171875,162.5019989013672
1784610780,162.50100708007812,162.51600646972656,162.50100708007812,162.50900268554688
1784610840,162.51400756835938,162.51699829101562,162.5070037841797,162.5070037841797
1784610900,162.51100158691406,162.51499938964844,162.5070037841797,162.51300048828125
1784610960,162.50900268554688,162.51499938964844,162.50799560546875,162.50900268554688
1784611020,162.50900268554688,162.51699829101562,162.50900268554688,162.51300048828125
1784611080,162.51400756835938,162.51699829101562,162.50900268554688,162.50900268554688
1784611140,162.50900268554688,162.51699829101562,162.50599670410156,162.51199340820312
1784611200,162.51400756835938,162.52699279785156,162.50799560546875,162.5240020751953
1784611260,162.52200317382812,162.52499389648438,162.51100158691406,162.51400756835938
1784611320,162.51499938964844,162.52099609375,162.5070037841797,162.51699829101562
1784611380,162.51300048828125,162.51699829101562,162.5070037841797,162.51199340820312
1784611440,162.51199340820312,162.51600646972656,162.5050048828125,162.50799560546875
1784611500,162.50799560546875,162.51699829101562,162.5070037841797,162.5070037841797
1784611560,162.50799560546875,162.51499938964844,162.50399780273438,162.5050048828125
1784611620,162.50599670410156,162.51600646972656,162.5030059814453,162.50799560546875
1784611680,162.51199340820312,162.51600646972656,162.5070037841797,162.50900268554688
1784611740,162.51400756835938,162.51699829101562,162.5070037841797,162.50799560546875
1784611800,162.51100158691406,162.51499938964844,162.49400329589844,162.49400329589844
1784611860,162.49899291992188,162.50399780273438,162.49099731445312,162.49899291992188
1784611920,162.4969940185547,162.50100708007812,162.49200439453125,162.49400329589844
1784611980,162.49400329589844,162.5019989013672,162.49200439453125,162.4969940185547
1784612040,162.5019989013672,162.5070037841797,162.4969940185547,162.5050048828125
1784612100,162.49899291992188,162.50599670410156,162.49600219726562,162.4969940185547
1784612160,162.5030059814453,162.50799560546875,162.4969940185547,162.5030059814453
1784612220,162.5019989013672,162.50599670410156,162.4980010986328,162.49899291992188
1784612280,162.5030059814453,162.50399780273438,162.48500061035156,162.49600219726562
1784612340,162.49899291992188,162.49899291992188,162.48800659179688,162.48800659179688
1784612400,162.49400329589844,162.49600219726562,162.47900390625,162.48800659179688
1784612460,162.49400329589844,162.49400329589844,162.47300720214844,162.48199462890625
1784612520,162.4810028076172,162.49200439453125,162.468994140625,162.468994140625
1784612580,162.468994140625,162.47999572753906,162.46600341796875,162.4709930419922
1784612640,162.4739990234375,162.4770050048828,162.46600341796875,162.47300720214844
1784612700,162.4709930419922,162.48500061035156,162.46200561523438,162.4770050048828
1784612760,162.4770050048828,162.48599243164062,162.4720001220703,162.48599243164062
1784612820,162.48500061035156,162.48699951171875,162.4770050048828,162.4770050048828
1784612880,162.4770050048828,162.48699951171875,162.4770050048828,162.48699951171875
1784612940,162.4770050048828,162.49099731445312,162.4759979248047,162.47999572753906
1784613000,162.49099731445312,162.4929962158203,162.47799682617188,162.47900390625
1784613060,162.47900390625,162.50900268554688,162.47900390625,162.48899841308594
1784613120,162.48300170898438,162.4929962158203,162.47900390625,162.48699951171875
1784613180,162.49200439453125,162.51199340820312,162.48699951171875,162.50399780273438
1784613240,162.50100708007812,162.51699829101562,162.49899291992188,162.50900268554688
1784613300,162.5070037841797,162.51800537109375,162.50599670410156,162.51499938964844
1784613360,162.51300048828125,162.51800537109375,162.5070037841797,162.50799560546875
1784613420,162.51400756835938,162.51600646972656,162.50599670410156,162.51499938964844
1784613480,162.51300048828125,162.5189971923828,162.50799560546875,162.50900268554688
1784613540,162.51300048828125,162.51699829101562,162.4969940185547,162.5070037841797
1784613600,162.5030059814453,162.51300048828125,162.49099731445312,162.4969940185547
1784613660,162.4969940185547,162.5,162.48500061035156,162.48800659179688
1784613720,162.49200439453125,162.5030059814453,162.48800659179688,162.49400329589844
1784613780,162.49400329589844,162.5050048828125,162.47999572753906,162.48300170898438
1784613840,162.49099731445312,162.50399780273438,162.4810028076172,162.49600219726562
1784613900,162.50100708007812,162.50599670410156,162.4810028076172,162.49899291992188
1784613960,162.5019989013672,162.5070037841797,162.49600219726562,162.4980010986328
1784614020,162.50399780273438,162.51400756835938,162.4949951171875,162.49899291992188
1784614080,162.49899291992188,162.5050048828125,162.49600219726562,162.50399780273438
1784614140,162.4980010986328,162.51499938964844,162.4969940185547,162.5070037841797
1784614200,162.50599670410156,162.51699829101562,162.5019989013672,162.50799560546875
1784614260,162.51300048828125,162.5229949951172,162.50799560546875,162.51199340820312
1784614320,162.51699829101562,162.51800537109375,162.50399780273438,162.50799560546875
1784614380,162.50799560546875,162.52699279785156,162.50799560546875,162.5189971923828
1784614440,162.52200317382812,162.5240020751953,162.51400756835938,162.52099609375
1784614500,162.51499938964844,162.5229949951172,162.5070037841797,162.52200317382812
1784614560,162.51600646972656,162.5229949951172,162.50900268554688,162.51199340820312
1784614620,162.50900268554688,162.52099609375,162.5050048828125,162.5070037841797
1784614680,162.50900268554688,162.51699829101562,162.50599670410156,162.50999450683594
1784614740,162.51400756835938,162.5229949951172,162.50999450683594,162.51800537109375
1784614800,162.51600646972656,162.5240020751953,162.51499938964844,162.51699829101562
1784614860,162.5189971923828,162.5240020751953,162.5050048828125,162.51400756835938
1784614920,162.51499938964844,162.5279998779297,162.51300048828125,162.5189971923828
1784614980,162.5189971923828,162.5260009765625,162.51100158691406,162.51699829101562
1784615040,162.51800537109375,162.5260009765625,162.51699829101562,162.5229949951172
1784615100,162.52200317382812,162.5279998779297,162.51699829101562,162.52200317382812
1784615160,162.5189971923828,162.52699279785156,162.51699829101562,162.52099609375
1784615220,162.51800537109375,162.5260009765625,162.51600646972656,162.52000427246094
1784615280,162.51800537109375,162.52699279785156,162.51499938964844,162.5240020751953
1784615340,162.51699829101562,162.5290069580078,162.51699829101562,162.51800537109375
1784615400,162.51800537109375,162.53599548339844,162.51699829101562,162.53500366210938
1784615460,162.531005859375,162.5449981689453,162.52200317382812,162.53599548339844
1784615520,162.54200744628906,162.54600524902344,162.52699279785156,162.53399658203125
1784615580,162.5330047607422,162.5330047607422,162.51499938964844,162.51600646972656
1784615640,162.51600646972656,162.53500366210938,162.51300048828125,162.53199768066406
1784615700,162.5330047607422,162.5330047607422,162.51699829101562,162.5290069580078
1784615760,162.52099609375,162.5290069580078,162.51499938964844,162.52000427246094
1784615820,162.5189971923828,162.53900146484375,162.51499938964844,162.53199768066406
1784615880,162.53199768066406,162.5449981689453,162.52699279785156,162.5290069580078
1784615940,162.5290069580078,162.54200744628906,162.5279998779297,162.531005859375
1784616000,162.531005859375,162.5540008544922,162.531005859375,162.54299926757812
1784616060,162.54299926757812,162.552001953125,162.53399658203125,162.53500366210938
1784616120,162.53500366210938,162.5449981689453,162.531005859375,162.53700256347656
1784616180,162.53700256347656,162.5500030517578,162.5330047607422,162.54100036621094
1784616240,162.54100036621094,162.5489959716797,162.53799438476562,162.5399932861328
1784616300,162.54400634765625,162.5590057373047,162.5330047607422,162.54400634765625
1784616360,162.55299377441406,162.5540008544922,162.5330047607422,162.54400634765625
1784616420,162.54299926757812,162.54400634765625,162.52499389648438,162.5279998779297
1784616480,162.5279998779297,162.53399658203125,162.51699829101562,162.5229949951172
1784616540,162.5240020751953,162.5290069580078,162.51400756835938,162.52699279785156
1784616600,162.52099609375,162.53399658203125,162.51600646972656,162.51699829101562
1784616660,162.51699829101562,162.52699279785156,162.50999450683594,162.51600646972656
1784616720,162.52099609375,162.52499389648438,162.51400756835938,162.5229949951172
1784616780,162.51499938964844,162.52499389648438,162.51400756835938,162.5240020751953
1784616840,162.52200317382812,162.52499389648438,162.51400756835938,162.51499938964844
1784616900,162.51499938964844,162.53799438476562,162.51499938964844,162.5279998779297
1784616960,162.53500366210938,162.53900146484375,162.51800537109375,162.5189971923828
1784617020,162.5189971923828,162.5399932861328,162.51600646972656,162.53199768066406
1784617080,162.52999877929688,162.53799438476562,162.51800537109375,162.52000427246094
1784617140,162.52099609375,162.531005859375,162.51499938964844,162.52099609375
1784617200,162.52000427246094,162.53199768066406,162.51600646972656,162.51699829101562
1784617260,162.51699829101562,162.53500366210938,162.51699829101562,162.5279998779297
1784617320,162.5240020751953,162.54200744628906,162.5229949951172,162.53399658203125
1784617380,162.5330047607422,162.54400634765625,162.5330047607422,162.53700256347656
1784617440,162.53700256347656,162.54600524902344,162.5290069580078,162.53599548339844
1784617500,162.53199768066406,162.54100036621094,162.5279998779297,162.5330047607422
1784617560,162.52999877929688,162.53799438476562,162.52099609375,162.53599548339844
1784617620,162.53199768066406,162.5399932861328,162.52699279785156,162.53900146484375
1784617680,162.53799438476562,162.54200744628906,162.52699279785156,162.531005859375
1784617740,162.54100036621094,162.54800415039062,162.531005859375,162.53599548339844
1784617800,162.53900146484375,162.552001953125,162.53799438476562,162.5399932861328
1784617860,162.54100036621094,162.5570068359375,162.53900146484375,162.54800415039062
1784617920,162.54299926757812,162.56500244140625,162.54200744628906,162.54800415039062
1784617980,162.5540008544922,162.56100463867188,162.54400634765625,162.552001953125
1784618040,162.55999755859375,162.56199645996094,162.54299926757812,162.552001953125
1784618100,162.55299377441406,162.5749969482422,162.55299377441406,162.5659942626953
1784618160,162.57400512695312,162.58099365234375,162.56399536132812,162.57400512695312
1784618220,162.572998046875,162.57400512695312,162.55299377441406,162.56199645996094
1784618280,162.55999755859375,162.5659942626953,162.54600524902344,162.55499267578125
1784618340,162.5540008544922,162.56199645996094,162.54299926757812,162.552001953125
1784618400,162.54400634765625,162.5679931640625,162.54400634765625,162.5590057373047
1784618460,162.5590057373047,162.5659942626953,162.5469970703125,162.5500030517578
1784618520,162.5469970703125,162.5590057373047,162.54100036621094,162.5469970703125
1784618580,162.54800415039062,162.56500244140625,162.5469970703125,162.56500244140625
1784618640,162.56100463867188,162.5800018310547,162.5570068359375,162.57200622558594
1784618700,162.57400512695312,162.58299255371094,162.5709991455078,162.57200622558594
1784618760,162.57200622558594,162.58700561523438,162.5709991455078,162.57899475097656
1784618820,162.5800018310547,162.58599853515625,162.57400512695312,162.5780029296875
1784618880,162.5780029296875,162.5850067138672,162.57000732421875,162.57200622558594
1784618940,162.57200622558594,162.58999633789062,162.5709991455078,162.58900451660156
1784619000,162.58399963378906,162.6009979248047,162.58099365234375,162.58599853515625
1784619060,162.58599853515625,162.5989990234375,162.58399963378906,162.58799743652344
1784619120,162.58700561523438,162.593994140625,162.58099365234375,162.58200073242188
1784619180,162.58200073242188,162.58900451660156,162.5659942626953,162.57000732421875
1784619240,162.57000732421875,162.5800018310547,162.56700134277344,162.5679931640625
1784619300,162.5679931640625,162.5760040283203,162.5570068359375,162.55799865722656
1784619360,162.55799865722656,162.5659942626953,162.5489959716797,162.5570068359375
1784619420,162.56100463867188,162.5709991455078,162.55599975585938,162.56300354003906
1784619480,162.5590057373047,162.57200622558594,162.5570068359375,162.56399536132812
1784619540,162.56300354003906,162.5679931640625,162.55799865722656,162.5590057373047
1784619600,162.56399536132812,162.57699584960938,162.5590057373047,162.57200622558594
1784619660,162.57699584960938,162.58099365234375,162.56900024414062,162.57899475097656
1784619720,162.5760040283203,162.58399963378906,162.57200622558594,162.57400512695312
1784619780,162.572998046875,162.58599853515625,162.57200622558594,162.57899475097656
1784619840,162.5850067138672,162.59100341796875,162.57899475097656,162.58200073242188
1784619900,162.58200073242188,162.58900451660156,162.57699584960938,162.58700561523438
1784619960,162.58299255371094,162.58900451660156,162.5800018310547,162.5800018310547
1784620020,162.5800018310547,162.58999633789062,162.5749969482422,162.5749969482422
1784620080,162.5749969482422,162.58700561523438,162.5749969482422,162.5780029296875
1784620140,162.5780029296875,162.59500122070312,162.57699584960938,162.58900451660156
1784620200,162.5850067138672,162.59100341796875,162.58299255371094,162.58999633789062
1784620260,162.58299255371094,162.59300231933594,162.58099365234375,162.58399963378906
1784620320,162.58399963378906,162.61399841308594,162.58299255371094,162.59100341796875
1784620380,162.59100341796875,162.60699462890625,162.58700561523438,162.59800720214844
1784620440,162.60499572753906,162.61199951171875,162.5970001220703,162.6060028076172
1784620500,162.61000061035156,162.6179962158203,162.6060028076172,162.60800170898438
1784620560,162.6020050048828,162.61300659179688,162.5850067138672,162.6009979248047
1784620620,162.60000610351562,162.6060028076172,162.58599853515625,162.60499572753906
1784620680,162.5989990234375,162.61399841308594,162.59800720214844,162.60800170898438
1784620740,162.60800170898438,162.61599731445312,162.59500122070312,162.59500122070312
1784620800,162.5959930419922,162.60499572753906,162.57699584960938,162.59800720214844
1784620860,162.60400390625,162.6060028076172,162.59500122070312,162.5989990234375
1784620920,162.5989990234375,162.60699462890625,162.59100341796875,162.59800720214844
1784620980,162.593994140625,162.61300659179688,162.58399963378906,162.60499572753906
1784621040,162.60499572753906,162.61599731445312,162.5970001220703,162.61399841308594
1784621100,162.61000061035156,162.6230010986328,162.60699462890625,162.60899353027344
1784621160,162.60899353027344,162.6179962158203,162.6060028076172,162.6060028076172
1784621220,162.61500549316406,162.6269989013672,162.6060028076172,162.6179962158203
1784621280,162.61399841308594,162.63299560546875,162.60899353027344,162.62399291992188
1784621340,162.62399291992188,162.63499450683594,162.6219940185547,162.63400268554688
1784621400,162.62399291992188,162.6439971923828,162.62399291992188,162.63800048828125
1784621460,162.63299560546875,162.64599609375,162.6320037841797,162.63299560546875
1784621520,162.63299560546875,162.64599609375,162.6320037841797,162.63800048828125
1784621580,162.63299560546875,162.6439971923828,162.6320037841797,162.63400268554688
1784621640,162.63400268554688,162.64700317382812,162.63299560546875,162.63499450683594
1784621700,162.63499450683594,162.67100524902344,162.63400268554688,162.6510009765625
1784621760,162.6490020751953,162.67100524902344,162.6479949951172,162.66099548339844
1784621820,162.66099548339844,162.66900634765625,162.65899658203125,162.66099548339844
1784621880,162.6649932861328,162.66600036621094,162.6490020751953,162.64999389648438
1784621940,162.6529998779297,162.65499877929688,162.6320037841797,162.64100646972656
1784622000,162.64199829101562,162.65499877929688,162.63499450683594,162.6479949951172
1784622060,162.6529998779297,162.65499877929688,162.63299560546875,162.63800048828125
1784622120,162.63800048828125,162.6540069580078,162.63299560546875,162.6540069580078
1784622180,162.65199279785156,162.6540069580078,162.63900756835938,162.64100646972656
1784622240,162.64100646972656,162.64500427246094,162.63400268554688,162.63600158691406
1784622300,162.63600158691406,162.6529998779297,162.63400268554688,162.65199279785156
1784622360,162.6490020751953,162.6540069580078,162.63999938964844,162.64599609375
1784622420,162.64199829101562,162.6529998779297,162.63699340820312,162.64599609375
1784622480,162.6490020751953,162.65899658203125,162.64599609375,162.6529998779297
1784622540,162.6529998779297,162.67799377441406,162.65199279785156,162.66700744628906
1784622600,162.6739959716797,162.6840057373047,162.66700744628906,162.677001953125
1784622660,162.67599487304688,162.69500732421875,162.67300415039062,162.6840057373047
1784622720,162.68099975585938,162.68699645996094,162.67799377441406,162.6840057373047
1784622780,162.67799377441406,162.68499755859375,162.677001953125,162.67799377441406
1784622840,162.68099975585938,162.68600463867188,162.6739959716797,162.67599487304688
1784622900,162.6790008544922,162.69200134277344,162.6739959716797,162.67799377441406
1784622960,162.67799377441406,162.6959991455078,162.67799377441406,162.68800354003906
1784623020,162.6929931640625,162.6959991455078,162.677001953125,162.68499755859375
1784623080,162.68299865722656,162.6909942626953,162.67300415039062,162.68600463867188
1784623140,162.68099975585938,162.68800354003906,162.6750030517578,162.6820068359375
1784623200,162.68800354003906,162.69000244140625,162.67799377441406,162.67999267578125
1784623260,162.68299865722656,162.68600463867188,162.67799377441406,162.68099975585938
1784623320,162.6790008544922,162.6820068359375,162.6750030517578,162.67599487304688
1784623380,162.6750030517578,162.67999267578125,162.66400146484375,162.6750030517578
1784623440,162.66600036621094,162.68099975585938,162.66600036621094,162.67599487304688
1784623500,162.67999267578125,162.68499755859375,162.6719970703125,162.67599487304688
1784623560,162.68099975585938,162.68899536132812,162.67300415039062,162.68499755859375
1784623620,162.67799377441406,162.6929931640625,162.677001953125,162.68899536132812
1784623680,162.68699645996094,162.69500732421875,162.68699645996094,162.6909942626953
1784623740,162.69000244140625,162.6959991455078,162.68699645996094,162.68899536132812
1784623800,162.68899536132812,162.6999969482422,162.68699645996094,162.68899536132812
1784623860,162.68800354003906,162.69500732421875,162.67799377441406,162.6840057373047
1784623920,162.67799377441406,162.69200134277344,162.67799377441406,162.6820068359375
1784623980,162.68899536132812,162.6929931640625,162.67799377441406,162.68099975585938
1784624040,162.67999267578125,162.68699645996094,162.6739959716797,162.67799377441406
1784624100,162.677001953125,162.68699645996094,162.67599487304688,162.68499755859375
1784624160,162.68299865722656,162.68800354003906,162.677001953125,162.67999267578125
1784624220,162.68600463867188,162.68699645996094,162.6739959716797,162.6790008544922
1784624280,162.6790008544922,162.6840057373047,162.6750030517578,162.6790008544922
1784624340,162.6820068359375,162.68699645996094,162.6750030517578,162.68600463867188
1784624400,162.677001953125,162.6959991455078,162.6750030517578,162.6929931640625
1784624460,162.68699645996094,162.69500732421875,162.67799377441406,162.67799377441406
1784624520,162.68299865722656,162.69000244140625,162.67799377441406,162.68800354003906
1784624580,162.68899536132812,162.68899536132812,162.677001953125,162.67999267578125
1784624640,162.6840057373047,162.68499755859375,162.6750030517578,162.677001953125
1784624700,162.677001953125,162.68299865722656,162.6649932861328,162.6719970703125
1784624760,162.6719970703125,162.67999267578125,162.66799926757812,162.6699981689453
1784624820,162.6750030517578,162.68099975585938,162.67100524902344,162.6719970703125
1784624880,162.6750030517578,162.67799377441406,162.66700744628906,162.66900634765625
1784624940,162.66900634765625,162.68299865722656,162.66799926757812,162.67999267578125
1784625000,162.67999267578125,162.68600463867188,162.67799377441406,162.67999267578125
1784625060,162.67999267578125,162.68800354003906,162.6790008544922,162.68299865722656
1784625120,162.6820068359375,162.68800354003906,162.6790008544922,162.6790008544922
1784625180,162.68299865722656,162.68800354003906,162.67799377441406,162.68699645996094
1784625240,162.68800354003906,162.69500732421875,162.67999267578125,162.69400024414062
1784625300,162.6909942626953,162.6959991455078,162.68299865722656,162.6929931640625
1784625360,162.68600463867188,162.69200134277344,162.67799377441406,162.68499755859375
1784625420,162.67999267578125,162.68899536132812,162.60899353027344,162.6320037841797
1784625480,162.63499450683594,162.6699981689453,162.6269989013672,162.6529998779297
1784625540,162.6529998779297,162.67100524902344,162.6529998779297,162.66299438476562
1784625600,162.6580047607422,162.67300415039062,162.6510009765625,162.66600036621094
1784625660,162.66799926757812,162.67300415039062,162.66200256347656,162.66799926757812
1784625720,162.66700744628906,162.6750030517578,162.65199279785156,162.66299438476562
1784625780,162.6540069580078,162.66600036621094,162.65199279785156,162.6580047607422
1784625840,162.656005859375,162.6719970703125,162.656005859375,162.66600036621094
1784625900,162.66299438476562,162.68299865722656,162.66299438476562,162.67799377441406
1784625960,162.67599487304688,162.6840057373047,162.66200256347656,162.66299438476562
1784626020,162.6699981689453,162.6790008544922,162.66400146484375,162.6739959716797
1784626080,162.6699981689453,162.68299865722656,162.66400146484375,162.66700744628906
1784626140,162.66700744628906,162.68099975585938,162.66000366210938,162.67799377441406
1784626200,162.677001953125,162.6840057373047,162.67300415039062,162.6840057373047
1784626260,162.677001953125,162.6929931640625,162.67300415039062,162.6750030517578
1784626320,162.6750030517578,162.67999267578125,162.66000366210938,162.66099548339844
1784626380,162.66400146484375,162.67100524902344,162.66099548339844,162.66299438476562
1784626440,162.66700744628906,162.66799926757812,162.6529998779297,162.65899658203125
1784626500,162.6580047607422,162.66900634765625,162.65699768066406,162.66799926757812
1784626560,162.66400146484375,162.66900634765625,162.66000366210938,162.66400146484375
1784626620,162.66299438476562,162.6790008544922,162.66000366210938,162.66600036621094
1784626680,162.66099548339844,162.6699981689453,162.64599609375,162.66000366210938
1784626740,162.6649932861328,162.67300415039062,162.66000366210938,162.66400146484375
1784626800,162.66400146484375,162.67100524902344,162.66099548339844,162.66400146484375
1784626860,162.66700744628906,162.67300415039062,162.66299438476562,162.6719970703125
1784626920,162.66799926757812,162.6739959716797,162.6580047607422,162.6719970703125
1784626980,162.66600036621094,162.67100524902344,162.6529998779297,162.65499877929688
1784627040,162.65499877929688,162.66900634765625,162.65499877929688,162.66799926757812
1784627100,162.6649932861328,162.66900634765625,162.66099548339844,162.66799926757812
1784627160,162.66200256347656,162.67100524902344,162.6490020751953,162.64999389648438
1784627220,162.65699768066406,162.66700744628906,162.6490020751953,162.66200256347656
1784627280,162.66600036621094,162.66900634765625,162.656005859375,162.66299438476562
1784627340,162.66299438476562,162.66900634765625,162.66099548339844,162.66099548339844
1784627400,162.66099548339844,162.67599487304688,162.66099548339844,162.67300415039062
1784627460,162.66400146484375,162.6820068359375,162.66099548339844,162.66299438476562
1784627520,162.66299438476562,162.67300415039062,162.64999389648438,162.66400146484375
1784627580,162.66600036621094,162.6739959716797,162.66200256347656,162.66299438476562
1784627640,162.66299438476562,162.6699981689453,162.66200256347656,162.66299438476562
1784627700,162.66200256347656,162.67300415039062,162.66200256347656,162.66400146484375
1784627760,162.66400146484375,162.67599487304688,162.66299438476562,162.66600036621094
1784627820,162.66600036621094,162.6820068359375,162.66600036621094,162.6739959716797
1784627880,162.6739959716797,162.6840057373047,162.67100524902344,162.6790008544922
1784627940,162.677001953125,162.68299865722656,162.66200256347656,162.66200256347656
1784628000,162.66200256347656,162.68099975585938,162.66099548339844,162.67999267578125
1784628060,162.6719970703125,162.68099975585938,162.66799926757812,162.66900634765625
1784628120,162.66900634765625,162.677001953125,162.63499450683594,162.66900634765625
1784628180,162.66400146484375,162.67599487304688,162.66299438476562,162.6699981689453
1784628240,162.66700744628906,162.67799377441406,162.66400146484375,162.677001953125
1784628300,162.6699981689453,162.68699645996094,162.66900634765625,162.67999267578125
1784628360,162.67999267578125,162.68699645996094,162.67599487304688,162.6820068359375
1784628420,162.677001953125,162.68699645996094,162.67599487304688,162.6820068359375
1784628480,162.677001953125,162.68299865722656,162.6739959716797,162.677001953125
1784628540,162.67799377441406,162.6840057373047,162.6750030517578,162.67599487304688
1784628600,162.67599487304688,162.68299865722656,162.64999389648438,162.66299438476562
1784628660,162.64999389648438,162.6649932861328,162.63900756835938,162.656005859375
1784628720,162.6510009765625,162.66700744628906,162.6479949951172,162.6529998779297
1784628780,162.6529998779297,162.6649932861328,162.6510009765625,162.65199279785156
1784628840,162.6540069580078,162.67300415039062,162.6510009765625,162.6649932861328
1784628900,162.6649932861328,162.67799377441406,162.66000366210938,162.6739959716797
1784628960,162.6699981689453,162.67599487304688,162.66400146484375,162.66700744628906
1784629020,162.6649932861328,162.6739959716797,162.66400146484375,162.66900634765625
1784629080,162.6699981689453,162.6739959716797,162.6510009765625,162.65899658203125
1784629140,162.6540069580078,162.6719970703125,162.6540069580078,162.66700744628906
1784629200,162.66200256347656,162.6649932861328,162.63999938964844,162.6490020751953
1784629260,162.65199279785156,162.66299438476562,162.6439971923828,162.66200256347656
1784629320,162.6510009765625,162.6649932861328,162.6510009765625,162.65199279785156
1784629380,162.65699768066406,162.6649932861328,162.65199279785156,162.6580047607422
1784629440,162.65699768066406,162.6649932861328,162.6540069580078,162.6649932861328
1784629500,162.66400146484375,162.66400146484375,162.656005859375,162.6580047607422
1784629560,162.66200256347656,162.66400146484375,162.65699768066406,162.6580047607422
1784629620,162.6580047607422,162.66400146484375,162.65499877929688,162.6580047607422
1784629680,162.65499877929688,162.66299438476562,162.65199279785156,162.6529998779297
1784629740,162.6540069580078,162.65899658203125,162.63900756835938,162.6510009765625
1784629800,162.6479949951172,162.6649932861328,162.64599609375,162.66400146484375
1784629860,162.6649932861328,162.6649932861328,162.6479949951172,162.64999389648438
1784629920,162.65199279785156,162.6699981689453,162.63800048828125,162.65199279785156
1784629980,162.6719970703125,162.6790008544922,162.6510009765625,162.66400146484375
1784630040,162.66400146484375,162.6790008544922,162.66200256347656,162.67799377441406
1784630100,162.66700744628906,162.68299865722656,162.66000366210938,162.6649932861328
1784630160,162.6649932861328,162.6909942626953,162.66400146484375,162.6790008544922
1784630220,162.69000244140625,162.6959991455078,162.6739959716797,162.6929931640625
1784630280,162.6750030517578,162.6959991455078,162.6750030517578,162.677001953125
1784630340,162.67599487304688,162.6959991455078,162.67300415039062,162.677001953125
1784630400,162.67999267578125,162.6959991455078,162.67599487304688,162.6790008544922
1784630460,162.69400024414062,162.6959991455078,162.67799377441406,162.69400024414062
1784630520,162.6820068359375,162.7010040283203,162.677001953125,162.69500732421875
1784630580,162.69400024414062,162.697998046875,162.67799377441406,162.6790008544922
1784630640,162.69500732421875,162.6999969482422,162.6790008544922,162.6820068359375
1784630700,162.6820068359375,162.7050018310547,162.67999267578125,162.68800354003906
1784630760,162.69000244140625,162.70399475097656,162.68299865722656,162.7010040283203
1784630820,162.6999969482422,162.7030029296875,162.68299865722656,162.68499755859375
1784630880,162.68499755859375,162.7030029296875,162.6840057373047,162.6840057373047
1784630940,162.6840057373047,162.7050018310547,162.68299865722656,162.68499755859375
1784631000,162.68499755859375,162.70599365234375,162.68299865722656,162.68499755859375
1784631060,162.69000244140625,162.70399475097656,162.6840057373047,162.6840057373047
1784631120,162.6840057373047,162.7030029296875,162.68299865722656,162.68899536132812
1784631180,162.6840057373047,162.6999969482422,162.67300415039062,162.6790008544922
1784631240,162.6750030517578,162.69400024414062,162.6719970703125,162.68899536132812
1784631300,162.6790008544922,162.6929931640625,162.66099548339844,162.68099975585938
1784631360,162.6699981689453,162.68600463867188,162.65199279785156,162.66400146484375
1784631420,162.66400146484375,162.6909942626953,162.66400146484375,162.67100524902344
1784631480,162.67100524902344,162.68699645996094,162.66000366210938,162.67799377441406
1784631540,162.66200256347656,162.68499755859375,162.6490020751953,162.67100524902344
1784631600,162.66200256347656,162.68099975585938,162.64599609375,162.66000366210938
1784631660,162.67999267578125,162.6959991455078,162.65899658203125,162.66900634765625
1784631720,162.66900634765625,162.69700622558594,162.66700744628906,162.67599487304688
1784631780,162.67599487304688,162.6959991455078,162.67300415039062,162.6820068359375
1784631840,162.67799377441406,162.7030029296875,162.67799377441406,162.68299865722656
1784631900,162.67799377441406,162.69700622558594,162.67599487304688,162.6959991455078
1784631960,162.677001953125,162.7030029296875,162.677001953125,162.68600463867188
1784632020,162.68600463867188,162.71400451660156,162.6840057373047,162.68800354003906
1784632080,162.69000244140625,162.71800231933594,162.6820068359375,162.70399475097656
1784632140,162.6999969482422,162.72799682617188,162.6999969482422,162.7270050048828
1784632200,162.71499633789062,162.7449951171875,162.71099853515625,162.7169952392578
1784632260,162.71800231933594,162.7429962158203,162.71400451660156,162.74000549316406
1784632320,162.74099731445312,162.74200439453125,162.71299743652344,162.7169952392578
1784632380,162.71299743652344,162.74000549316406,162.71299743652344,162.72500610351562
1784632440,162.72500610351562,162.74000549316406,162.71499633789062,162.71800231933594
1784632500,162.72000122070312,162.74000549316406,162.71600341796875,162.71800231933594
1784632560,162.71800231933594,162.7429962158203,162.71499633789062,162.72900390625
1784632620,162.72900390625,162.74200439453125,162.7169952392578,162.7220001220703
1784632680,162.72300720214844,162.74099731445312,162.7169952392578,162.72500610351562
1784632740,162.72500610351562,162.74600219726562,162.7239990234375,162.74600219726562
1784632800,162.72900390625,162.74600219726562,162.7270050048828,162.74600219726562
1784632860,162.72799682617188,162.7530059814453,162.7270050048828,162.73899841308594
1784632920,162.73899841308594,162.75399780273438,162.7310028076172,162.7480010986328
1784632980,162.73399353027344,162.7480010986328,162.73199462890625,162.73599243164062
1784633040,162.73399353027344,162.75,162.73199462890625,162.7449951171875
1784633100,162.73500061035156,162.74899291992188,162.7310028076172,162.73399353027344
1784633160,162.7469940185547,162.75,162.73199462890625,162.73699951171875
1784633220,162.73300170898438,162.7480010986328,162.73199462890625,162.73300170898438
1784633280,162.73300170898438,162.75,162.7310028076172,162.73199462890625
1784633340,162.73199462890625,162.75100708007812,162.73199462890625,162.75
1784633400,162.73500061035156,162.75,162.72300720214844,162.7239990234375
1784633460,162.7259979248047,162.75,162.72300720214844,162.73300170898438
1784633520,162.73300170898438,162.74899291992188,162.7310028076172,162.73699951171875
1784633580,162.72900390625,162.75100708007812,162.72900390625,162.75100708007812
1784633640,162.73300170898438,162.7570037841797,162.7310028076172,162.74000549316406
1784633700,162.74400329589844,162.75799560546875,162.72900390625,162.72999572753906
1784633760,162.7480010986328,162.75,162.72999572753906,162.73199462890625
1784633820,162.73199462890625,162.75,162.7310028076172,162.73300170898438
1784633880,162.74600219726562,162.75,162.73199462890625,162.73300170898438
1784633940,162.73300170898438,162.74600219726562,162.7220001220703,162.74400329589844
1784634000,162.73199462890625,162.74899291992188,162.72799682617188,162.7310028076172
1784634060,162.7310028076172,162.7519989013672,162.72900390625,162.73199462890625
1784634120,162.73800659179688,162.7530059814453,162.73199462890625,162.73399353027344
1784634180,162.73399353027344,162.7519989013672,162.72799682617188,162.73199462890625
1784634240,162.7310028076172,162.7480010986328,162.72999572753906,162.73399353027344
1784634300,162.73300170898438,162.75100708007812,162.7310028076172,162.73500061035156
1784634360,162.73500061035156,162.75100708007812,162.73399353027344,162.73599243164062
1784634420,162.73800659179688,162.74899291992188,162.72799682617188,162.7449951171875
1784634480,162.72999572753906,162.74600219726562,162.72799682617188,162.74600219726562
1784634540,162.72999572753906,162.7469940185547,162.72900390625,162.74200439453125
1784634600,162.72999572753906,162.7449951171875,162.7270050048828,162.7449951171875
1784634660,162.74400329589844,162.75,162.72799682617188,162.74899291992188
1784634720,162.73300170898438,162.75799560546875,162.73199462890625,162.74899291992188
1784634780,162.73300170898438,162.75599670410156,162.73199462890625,162.73899841308594
1784634840,162.74200439453125,162.75599670410156,162.73800659179688,162.74000549316406
1784634900,162.75399780273438,162.75799560546875,162.73800659179688,162.74000549316406
1784634960,162.74000549316406,162.7570037841797,162.73699951171875,162.74400329589844
1784635020,162.74099731445312,162.75799560546875,162.73899841308594,162.74200439453125
1784635080,162.74200439453125,162.7550048828125,162.7310028076172,162.73300170898438
1784635140,162.7310028076172,162.7480010986328,162.7220001220703,162.7259979248047
1784635200,162.7239990234375,162.73800659179688,162.71400451660156,162.72000122070312
1784635260,162.7209930419922,162.74600219726562,162.7169952392578,162.72900390625
1784635320,162.72900390625,162.75100708007812,162.7259979248047,162.72799682617188
1784635380,162.72799682617188,162.7519989013672,162.7270050048828,162.73399353027344
1784635440,162.73399353027344,162.75799560546875,162.72999572753906,162.74200439453125
1784635500,162.74200439453125,162.75599670410156,162.73199462890625,162.73599243164062
1784635560,162.73300170898438,162.75599670410156,162.73199462890625,162.74000549316406
1784635620,162.74000549316406,162.7530059814453,162.72900390625,162.74200439453125
1784635680,162.74000549316406,162.75399780273438,162.72999572753906,162.74899291992188
1784635740,162.75,162.75399780273438,162.7310028076172,162.74200439453125
1784635800,162.74200439453125,162.7570037841797,162.73899841308594,162.74099731445312
1784635860,162.74099731445312,162.7570037841797,162.7310028076172,162.7429962158203
1784635920,162.73800659179688,162.7519989013672,162.72900390625,162.73599243164062
1784635980,162.73699951171875,162.75399780273438,162.72900390625,162.73899841308594
1784636040,162.73899841308594,162.7530059814453,162.73399353027344,162.73599243164062
1784636100,162.73500061035156,162.7570037841797,162.72999572753906,162.74200439453125
1784636160,162.74200439453125,162.75799560546875,162.72999572753906,162.73500061035156
1784636220,162.7310028076172,162.75,162.72900390625,162.73599243164062
1784636280,162.73399353027344,162.75599670410156,162.73300170898438,162.75599670410156
1784636340,162.74400329589844,162.75599670410156,162.73800659179688,162.73800659179688
1784636400,162.74600219726562,162.76600646972656,162.73699951171875,162.76499938964844
1784636460,162.75399780273438,162.7740020751953,162.75399780273438,162.7689971923828
1784636520,162.7689971923828,162.77699279785156,162.75999450683594,162.7689971923828
1784636580,162.7689971923828,162.7760009765625,162.76499938964844,162.7689971923828
1784636640,162.7740020751953,162.77699279785156,162.76499938964844,162.7729949951172
1784636700,162.77200317382812,162.77999877929688,162.76800537109375,162.77499389648438
1784636760,162.77200317382812,162.781005859375,162.76400756835938,162.7760009765625
1784636820,162.76699829101562,162.7969970703125,162.76699829101562,162.7899932861328
1784636880,162.78500366210938,162.79600524902344,162.7790069580078,162.79100036621094
1784636940,162.78599548339844,162.7899932861328,162.781005859375,162.78399658203125
1784637000,162.78599548339844,162.7989959716797,162.77200317382812,162.781005859375
1784637060,162.781005859375,162.78900146484375,162.77699279785156,162.77699279785156
1784637120,162.7830047607422,162.78599548339844,162.7689971923828,162.7790069580078
1784637180,162.77099609375,162.78399658203125,162.77000427246094,162.7740020751953
1784637240,162.7729949951172,162.78599548339844,162.76699829101562,162.7779998779297
1784637300,162.78500366210938,162.79800415039062,162.7779998779297,162.79400634765625
1784637360,162.78700256347656,162.79800415039062,162.78399658203125,162.79299926757812
1784637420,162.79299926757812,162.7949981689453,162.78500366210938,162.78900146484375
1784637480,162.79200744628906,162.7949981689453,162.78700256347656,162.78900146484375
1784637540,162.7899932861328,162.79800415039062,162.78599548339844,162.79299926757812
1784637600,162.78900146484375,162.79800415039062,162.78700256347656,162.79200744628906
1784637660,162.79200744628906,162.8000030517578,162.78700256347656,162.79400634765625
1784637720,162.79400634765625,162.80099487304688,162.7830047607422,162.7830047607422
1784637780,162.78799438476562,162.8000030517578,162.7790069580078,162.7899932861328
1784637840,162.7949981689453,162.7949981689453,162.78199768066406,162.78900146484375
1784637900,162.78799438476562,162.78900146484375,162.76699829101562,162.7729949951172
1784637960,162.7729949951172,162.78199768066406,162.77099609375,162.7790069580078
1784638020,162.7779998779297,162.78500366210938,162.7740020751953,162.77499389648438
1784638080,162.77499389648438,162.781005859375,162.7729949951172,162.77699279785156
1784638140,162.7740020751953,162.7790069580078,162.76800537109375,162.77000427246094
1784638200,162.77499389648438,162.781005859375,162.75999450683594,162.76100158691406
1784638260,162.76100158691406,162.76600646972656,162.69000244140625,162.74000549316406
1784638320,162.73199462890625,162.75399780273438,162.72999572753906,162.74200439453125
1784638380,162.7469940185547,162.74899291992188,162.7270050048828,162.72999572753906
1784638440,162.72999572753906,162.7530059814453,162.71600341796875,162.72999572753906
1784638500,162.7209930419922,162.7429962158203,162.7169952392578,162.72999572753906
1784638560,162.73300170898438,162.7449951171875,162.72900390625,162.73300170898438
1784638620,162.74000549316406,162.74200439453125,162.718994140625,162.72300720214844
1784638680,162.72300720214844,162.74400329589844,162.72000122070312,162.73300170898438
1784638740,162.7270050048828,162.73399353027344,162.71800231933594,162.71800231933594
1784638800,162.7209930419922,162.7570037841797,162.71800231933594,162.75399780273438
1784638860,162.7469940185547,162.75399780273438,162.73300170898438,162.73500061035156
1784638920,162.73800659179688,162.76699829101562,162.73399353027344,162.76100158691406
1784638980,162.76100158691406,162.76600646972656,162.7469940185547,162.74899291992188
1784639040,162.74899291992188,162.75599670410156,162.7469940185547,162.7480010986328
1784639100,162.75599670410156,162.7570037841797,162.73599243164062,162.7550048828125
1784639160,162.7480010986328,162.76199340820312,162.7449951171875,162.75599670410156
1784639220,162.7570037841797,162.76600646972656,162.7480010986328,162.7519989013672
1784639280,162.75900268554688,162.75900268554688,162.7469940185547,162.7519989013672
1784639340,162.74899291992188,162.76699829101562,162.7480010986328,162.76699829101562
1784639400,162.76199340820312,162.76699829101562,162.7429962158203,162.7429962158203
1784639460,162.7429962158203,162.7519989013672,162.7310028076172,162.73899841308594
1784639520,162.73899841308594,162.75599670410156,162.73899841308594,162.7469940185547
1784639580,162.7469940185547,162.75599670410156,162.7469940185547,162.74899291992188
1784639640,162.7530059814453,162.7570037841797,162.7469940185547,162.7519989013672
1784639700,162.75,162.76600646972656,162.74600219726562,162.75999450683594
1784639760,162.76300048828125,162.77999877929688,162.75799560546875,162.7740020751953
1784639820,162.7740020751953,162.781005859375,162.76800537109375,162.77200317382812
1784639880,162.77200317382812,162.77999877929688,162.76699829101562,162.77099609375
1784639940,162.7760009765625,162.79600524902344,162.77099609375,162.79299926757812
1784640000,162.7899932861328,162.79800415039062,162.78399658203125,162.79600524902344
1784640060,162.78799438476562,162.7989959716797,162.7779998779297,162.78799438476562
1784640120,162.79200744628906,162.7969970703125,162.7830047607422,162.79600524902344
1784640180,162.78700256347656,162.79800415039062,162.78599548339844,162.78700256347656
1784640240,162.78799438476562,162.8040008544922,162.78500366210938,162.78500366210938
1784640300,162.78399658203125,162.79200744628906,162.7729949951172,162.78500366210938
1784640360,162.78500366210938,162.79600524902344,162.78399658203125,162.78799438476562
1784640420,162.78900146484375,162.7969970703125,162.78700256347656,162.7899932861328
1784640480,162.78900146484375,162.79600524902344,162.7830047607422,162.78900146484375
1784640540,162.7949981689453,162.80299377441406,162.78599548339844,162.79800415039062
1784640600,162.7949981689453,162.80599975585938,162.79100036621094,162.79400634765625
1784640660,162.79400634765625,162.80599975585938,162.79100036621094,162.80299377441406
1784640720,162.80299377441406,162.8090057373047,162.79100036621094,162.79100036621094
1784640780,162.7899932861328,162.80099487304688,162.78799438476562,162.79200744628906
1784640840,162.78799438476562,162.79600524902344,162.76499938964844,162.78799438476562
1784640900,162.78700256347656,162.79400634765625,162.77699279785156,162.78799438476562
1784640960,162.78599548339844,162.7949981689453,162.7740020751953,162.78900146484375
1784641020,162.78900146484375,162.82400512695312,162.78599548339844,162.81199645996094
1784641080,162.8209991455078,162.82200622558594,162.80299377441406,162.81399536132812
1784641140,162.81199645996094,162.8260040283203,162.81100463867188,162.8249969482422
1784641200,162.82000732421875,162.83700561523438,162.78799438476562,162.802001953125
1784641260,162.80099487304688,162.8280029296875,162.80099487304688,162.81100463867188
1784641320,162.81500244140625,162.8159942626953,162.8000030517578,162.80799865722656
1784641380,162.81399536132812,162.8209991455078,162.8090057373047,162.81300354003906
1784641440,162.82000732421875,162.83099365234375,162.81399536132812,162.82400512695312
1784641500,162.822998046875,162.8350067138672,162.8209991455078,162.83200073242188
1784641560,162.82899475097656,162.83399963378906,162.81900024414062,162.83099365234375
1784641620,162.8350067138672,162.83599853515625,162.8249969482422,162.8280029296875
1784641680,162.83099365234375,162.8419952392578,162.79200744628906,162.81399536132812
1784641740,162.82000732421875,162.83099365234375,162.81199645996094,162.82400512695312
1784641800,162.82400512695312,162.83399963378906,162.81300354003906,162.8280029296875
1784641860,162.8280029296875,162.8939971923828,162.82699584960938,162.87399291992188
1784641920,162.8800048828125,162.89100646972656,162.86700439453125,162.88800048828125
1784641980,162.88400268554688,162.88600158691406,162.86599731445312,162.86700439453125
1784642040,162.86700439453125,162.88299560546875,162.8509979248047,162.86599731445312
1784642100,162.86599731445312,162.88099670410156,162.86599731445312,162.88099670410156
1784642160,162.8800048828125,162.88999938964844,162.8679962158203,162.875
1784642220,162.87600708007812,162.8780059814453,162.85299682617188,162.86199951171875
1784642280,162.85800170898438,162.87600708007812,162.8560028076172,162.86000061035156
1784642340,162.85800170898438,162.87100219726562,162.85800170898438,162.86399841308594
1784642400,162.86500549316406,162.8699951171875,162.85299682617188,162.86399841308594
1784642460,162.86599731445312,162.8730010986328,162.8560028076172,162.86500549316406
1784642520,162.86500549316406,162.88099670410156,162.86300659179688,162.8730010986328
1784642580,162.86900329589844,162.88400268554688,162.85499572753906,162.85699462890625
1784642640,162.86399841308594,162.8699951171875,162.85299682617188,162.85800170898438
1784642700,162.86099243164062,162.8780059814453,162.85400390625,162.87100219726562
1784642760,162.8679962158203,162.88400268554688,162.8679962158203,162.87899780273438
1784642820,162.87899780273438,162.89999389648438,162.8769989013672,162.88800048828125
1784642880,162.89300537109375,162.92799377441406,162.88499450683594,162.90899658203125
1784642940,162.90499877929688,162.9239959716797,162.8939971923828,162.9149932861328
1784643000,162.9149932861328,162.92599487304688,162.9029998779297,162.90499877929688
1784643060,162.9040069580078,162.91200256347656,162.9010009765625,162.9040069580078
1784643120,162.90499877929688,162.91099548339844,162.89100646972656,162.91000366210938
1784643180,162.90699768066406,162.92100524902344,162.9010009765625,162.9040069580078
1784643240,162.9040069580078,162.91200256347656,162.89199829101562,162.89500427246094
1784643300,162.8939971923828,162.91400146484375,162.89199829101562,162.90899658203125
1784643360,162.90699768066406,162.91400146484375,162.9029998779297,162.90699768066406
1784643420,162.9029998779297,162.91299438476562,162.9010009765625,162.90699768066406
1784643480,162.91000366210938,162.92599487304688,162.9040069580078,162.9080047607422
1784643540,162.90899658203125,162.91900634765625,162.9040069580078,162.91400146484375
1784643600,162.9149932861328,162.91900634765625,162.9010009765625,162.90699768066406
1784643660,162.90499877929688,162.91400146484375,162.9010009765625,162.90899658203125
1784643720,162.906005859375,162.91400146484375,162.89999389648438,162.9080047607422
1784643780,162.90699768066406,162.91799926757812,162.89999389648438,162.90499877929688
1784643840,162.9080047607422,162.91099548339844,162.9010009765625,162.90199279785156
1784643900,162.90499877929688,162.91799926757812,162.89999389648438,162.906005859375
1784643960,162.90899658203125,162.92100524902344,162.9040069580078,162.91600036621094
1784644020,162.91700744628906,162.9290008544922,162.9149932861328,162.91600036621094
1784644080,162.91600036621094,162.93299865722656,162.91299438476562,162.92799377441406
1784644140,162.9290008544922,162.9510040283203,162.927001953125,162.94200134277344
1784644200,162.94200134277344,162.95599365234375,162.91799926757812,162.9340057373047
1784644260,162.93299865722656,162.94400024414062,162.92599487304688,162.93899536132812
1784644320,162.93600463867188,162.95199584960938,162.93299865722656,162.94000244140625
1784644380,162.94000244140625,162.98500061035156,162.94000244140625,162.97799682617188
1784644440,162.98399353027344,162.98899841308594,162.96600341796875,162.97799682617188
1784644500,162.97900390625,162.98699951171875,162.968994140625,162.97999572753906
1784644560,162.97999572753906,162.98899841308594,162.97000122070312,162.9770050048828
1784644620,162.98399353027344,162.98500061035156,162.9709930419922,162.97300720214844
1784644680,162.97500610351562,162.97900390625,162.9600067138672,162.9720001220703
1784644740,162.97300720214844,162.98699951171875,162.96800231933594,162.9709930419922
1784644800,162.9720001220703,162.9770050048828,162.95700073242188,162.95799255371094
1784644860,162.95700073242188,162.97000122070312,162.9530029296875,162.97000122070312
1784644920,162.96400451660156,162.9709930419922,162.95700073242188,162.95799255371094
1784644980,162.96099853515625,162.96499633789062,162.9459991455078,162.95599365234375
1784645040,162.9499969482422,162.96600341796875,162.9459991455078,162.96200561523438
1784645100,162.95799255371094,162.9720001220703,162.95700073242188,162.96200561523438
1784645160,162.95700073242188,162.97500610351562,162.95599365234375,162.96499633789062
1784645220,162.968994140625,162.9810028076172,162.9669952392578,162.97000122070312
1784645280,162.97300720214844,162.97999572753906,162.94400024414062,162.9709930419922
1784645340,162.9720001220703,162.98300170898438,162.968994140625,162.97000122070312
1784645400,162.9759979248047,162.98199462890625,162.968994140625,162.9759979248047
1784645460,162.97300720214844,162.98599243164062,162.9720001220703,162.9739990234375
1784645520,162.9759979248047,162.99000549316406,162.9720001220703,162.98800659179688
1784645580,162.9810028076172,162.9929962158203,162.97799682617188,162.98599243164062
1784645640,162.98599243164062,163.04200744628906,162.9530029296875,162.98399353027344
1784645700,162.96400451660156,163.02200317382812,162.88900756835938,163.00999450683594
1784645760,163.0019989013672,163.03599548339844,162.99099731445312,163.0240020751953
1784645820,163.02499389648438,163.04100036621094,162.96600341796875,163.00999450683594
1784645880,163.00799560546875,163.03399658203125,163.0030059814453,163.02699279785156
1784645940,163.0279998779297,163.03199768066406,162.9980010986328,163.01100158691406
1784646000,163.01499938964844,163.02000427246094,162.9969940185547,163.00599670410156
1784646060,163.0019989013672,163.0189971923828,162.98500061035156,163.00399780273438
1784646120,163.00399780273438,163.01699829101562,162.9969940185547,163.00900268554688
1784646180,163.00999450683594,163.0189971923828,163.00100708007812,163.01300048828125
1784646240,163.01199340820312,163.01699829101562,162.98699951171875,162.9929962158203
1784646300,162.99200439453125,162.9969940185547,162.9739990234375,162.98399353027344
1784646360,162.98199462890625,163.00100708007812,162.97300720214844,162.9949951171875
1784646420,162.99000549316406,163.00100708007812,162.98399353027344,162.98699951171875
1784646480,162.98599243164062,162.99400329589844,162.9810028076172,162.99400329589844
1784646540,162.98699951171875,162.9949951171875,162.98300170898438,162.98599243164062
1784646600,162.99200439453125,162.9929962158203,162.95399475097656,162.96400451660156
1784646660,162.95700073242188,162.97799682617188,162.9550018310547,162.97300720214844
1784646720,162.9709930419922,162.98800659179688,162.968994140625,162.9759979248047
1784646780,162.9759979248047,162.98500061035156,162.97500610351562,162.97799682617188
1784646840,162.98199462890625,162.98500061035156,162.95399475097656,162.96299743652344
1784646900,162.95799255371094,162.96299743652344,162.92999267578125,162.9320068359375
1784646960,162.9340057373047,162.9550018310547,162.92999267578125,162.9459991455078
1784647020,162.9459991455078,162.95700073242188,162.93899536132812,162.94700622558594
1784647080,162.947998046875,162.95199584960938,162.9340057373047,162.93699645996094
1784647140,162.93899536132812,162.94500732421875,162.9320068359375,162.93299865722656
1784647200,162.9340057373047,162.9409942626953,162.91700744628906,162.9199981689453
1784647260,162.92100524902344,162.93600463867188,162.9080047607422,162.92300415039062
1784647320,162.91900634765625,162.93899536132812,162.91900634765625,162.9290008544922
1784647380,162.93499755859375,162.9510040283203,162.92999267578125,162.94200134277344
1784647440,162.9429931640625,162.95199584960938,162.93099975585938,162.93499755859375
1784647500,162.94000244140625,162.94900512695312,162.9340057373047,162.94200134277344
1784647560,162.9429931640625,162.9530029296875,162.9409942626953,162.947998046875
1784647620,162.94400024414062,162.9530029296875,162.94000244140625,162.947998046875
1784647680,162.94900512695312,162.9550018310547,162.94200134277344,162.95399475097656
1784647740,162.9550018310547,162.96600341796875,162.9459991455078,162.95899963378906
1784647800,162.9600067138672,162.9709930419922,162.94700622558594,162.947998046875
1784647860,162.9510040283203,162.96600341796875,162.9459991455078,162.9600067138672
1784647920,162.95799255371094,162.97000122070312,162.95700073242188,162.96200561523438
1784647980,162.96200561523438,162.99200439453125,162.9600067138672,162.98699951171875
1784648040,162.9810028076172,162.98599243164062,162.96299743652344,162.96499633789062
1784648100,162.96499633789062,162.97799682617188,162.95899963378906,162.96499633789062
1784648160,162.968994140625,162.9759979248047,162.95700073242188,162.95799255371094
1784648220,162.9600067138672,162.97000122070312,162.95599365234375,162.96200561523438
1784648280,162.95700073242188,162.97799682617188,162.95399475097656,162.97300720214844
1784648340,162.97000122070312,162.98399353027344,162.96499633789062,162.9720001220703
1784648400,162.97500610351562,162.99099731445312,162.97000122070312,162.98699951171875
1784648460,162.98399353027344,162.99600219726562,162.97900390625,162.98899841308594
1784648520,162.98699951171875,163.0030059814453,162.98699951171875,162.98800659179688
1784648580,162.99000549316406,163.01600646972656,162.98699951171875,163.0030059814453
1784648640,163.0019989013672,163.0189971923828,163.00100708007812,163.00900268554688
1784648700,163.01499938964844,163.01699829101562,163.00100708007812,163.01699829101562
1784648760,163.01199340820312,163.0189971923828,163.00999450683594,163.01699829101562
1784648820,163.01300048828125,163.02200317382812,163.01100158691406,163.01800537109375
1784648880,163.01300048828125,163.02999877929688,163.01300048828125,163.02200317382812
1784648940,163.02099609375,163.02999877929688,163.01699829101562,163.02099609375
1784649000,163.02200317382812,163.0290069580078,163.02000427246094,163.02200317382812
1784649060,163.02200317382812,163.0279998779297,163.01400756835938,163.01400756835938
1784649120,163.01400756835938,163.0290069580078,163.01100158691406,163.0229949951172
1784649180,163.0229949951172,163.03799438476562,163.02099609375,163.031005859375
1784649240,163.02999877929688,163.03399658203125,163.02499389648438,163.0330047607422
1784649300,163.0290069580078,163.0330047607422,163.01300048828125,163.01699829101562
1784649360,163.00999450683594,163.0260009765625,163.00900268554688,163.02000427246094
1784649420,163.02000427246094,163.03399658203125,163.01600646972656,163.0279998779297
1784649480,163.02699279785156,163.03399658203125,163.01499938964844,163.01699829101562
1784649540,163.01699829101562,163.02200317382812,163.00999450683594,163.01499938964844
1784649600,163.01199340820312,163.0260009765625,163.00999450683594,163.02000427246094
1784649660,163.02099609375,163.02499389648438,163.01100158691406,163.01699829101562
1784649720,163.02000427246094,163.0240020751953,163.01199340820312,163.02200317382812
1784649780,163.0189971923828,163.0279998779297,163.01100158691406,163.01600646972656
1784649840,163.01600646972656,163.0189971923828,163.0019989013672,163.0019989013672
1784649900,163.00399780273438,163.01499938964844,162.99899291992188,163.00900268554688
1784649960,163.00799560546875,163.01199340820312,162.9980010986328,163.0019989013672
1784650020,163.0030059814453,163.01400756835938,163.0019989013672,163.00900268554688
1784650080,163.00999450683594,163.01600646972656,163.0070037841797,163.00999450683594
1784650140,163.00999450683594,163.01400756835938,163.0,163.01300048828125
1784650200,163.01300048828125,163.01499938964844,162.9969940185547,162.99899291992188
1784650260,163.0050048828125,163.00799560546875,162.9969940185547,163.0050048828125
1784650320,163.0030059814453,163.0189971923828,163.0030059814453,163.01400756835938
1784650380,163.01800537109375,163.0189971923828,163.00900268554688,163.01699829101562
1784650440,163.01300048828125,163.01800537109375,163.00900268554688,163.01600646972656
1784650500,163.01300048828125,163.0189971923828,163.01199340820312,163.01800537109375
1784650560,163.01499938964844,163.0189971923828,163.0019989013672,163.01400756835938
1784650620,163.01699829101562,163.02000427246094,163.01199340820312,163.01600646972656
1784650680,163.01199340820312,163.02099609375,163.01199340820312,163.01400756835938
1784650740,163.01699829101562,163.02200317382812,163.01300048828125,163.01400756835938
1784650800,163.01499938964844,163.02200317382812,163.01300048828125,163.01400756835938
1784650860,163.01400756835938,163.02999877929688,163.01199340820312,163.01400756835938
1784650920,163.01100158691406,163.02000427246094,163.0070037841797,163.01100158691406
1784650980,163.01100158691406,163.01800537109375,163.0019989013672,163.0050048828125
1784651040,163.00399780273438,163.00799560546875,162.99600219726562,163.00100708007812
1784651100,162.99899291992188,163.0050048828125,162.99400329589844,163.0030059814453
1784651160,163.0,163.0050048828125,162.98199462890625,162.98500061035156
1784651220,162.98500061035156,163.00599670410156,162.98300170898438,163.0030059814453
1784651280,163.00100708007812,163.0030059814453,162.99400329589844,162.99899291992188
1784651340,163.0030059814453,163.0030059814453,162.98699951171875,162.99899291992188
1784651400,162.99400329589844,163.0050048828125,162.99400329589844,163.0019989013672
1784651460,162.99899291992188,163.00399780273438,162.99600219726562,162.9980010986328
1784651520,162.99899291992188,163.0030059814453,162.98199462890625,162.98500061035156
1784651580,162.98500061035156,162.98899841308594,162.9709930419922,162.97999572753906
1784651640,162.98399353027344,162.99400329589844,162.97799682617188,162.98699951171875
1784651700,162.98800659179688,162.9949951171875,162.98699951171875,162.99400329589844
1784651760,162.98899841308594,163.0019989013672,162.98599243164062,162.9929962158203
1784651820,162.98599243164062,163.0,162.98399353027344,162.98399353027344
1784651880,162.98399353027344,162.99600219726562,162.98399353027344,162.98899841308594
1784651940,162.98699951171875,162.99600219726562,162.98699951171875,162.98800659179688
1784652000,162.98699951171875,162.99600219726562,162.97900390625,162.97900390625
1784652060,162.9810028076172,162.98599243164062,162.9720001220703,162.9739990234375
1784652120,162.97300720214844,162.98300170898438,162.9669952392578,162.9770050048828
1784652180,162.968994140625,162.97999572753906,162.9499969482422,162.9669952392578
1784652240,162.96600341796875,162.9759979248047,162.9550018310547,162.9669952392578
1784652300,162.9669952392578,162.96800231933594,162.9530029296875,162.95399475097656
1784652360,162.95899963378906,162.96499633789062,162.9530029296875,162.95599365234375
1784652420,162.95599365234375,162.97500610351562,162.95599365234375,162.9709930419922
1784652480,162.97000122070312,162.98800659179688,162.96800231933594,162.98199462890625
1784652540,162.98199462890625,162.9980010986328,162.98199462890625,162.99600219726562
1784652600,162.9969940185547,162.9980010986328,162.98800659179688,162.99200439453125
1784652660,162.99400329589844,163.00799560546875,162.99000549316406,163.00399780273438
1784652720,163.0030059814453,163.00900268554688,163.0,163.00599670410156
1784652780,163.00100708007812,163.00900268554688,162.99899291992188,163.00900268554688
1784652840,163.0030059814453,163.00900268554688,162.99899291992188,163.0
1784652900,163.0019989013672,163.0050048828125,162.98899841308594,162.9929962158203
1784652960,162.9929962158203,163.00399780273438,162.9929962158203,162.9980010986328
1784653020,162.9980010986328,163.00799560546875,162.99600219726562,163.0070037841797
1784653080,163.00599670410156,163.00900268554688,162.9980010986328,163.00100708007812
1784653140,163.00100708007812,163.00799560546875,162.9980010986328,163.00100708007812
1784653200,163.0050048828125,163.00999450683594,162.96800231933594,162.98399353027344
1784653260,162.9810028076172,162.99000549316406,162.9720001220703,162.98899841308594
1784653320,162.97900390625,162.9949951171875,162.97900390625,162.98699951171875
1784653380,162.98699951171875,162.99099731445312,162.98199462890625,162.98699951171875
1784653440,162.98599243164062,162.9980010986328,162.98199462890625,162.99200439453125
1784653500,162.9929962158203,163.00399780273438,162.98899841308594,162.99899291992188
1784653560,163.0019989013672,163.0050048828125,162.99600219726562,162.9969940185547
1784653620,162.99899291992188,163.00900268554688,162.9980010986328,163.00900268554688
1784653680,163.00399780273438,163.00999450683594,162.9969940185547,162.9980010986328
1784653740,162.9980010986328,163.01600646972656,162.9980010986328,163.00999450683594
1784653800,163.00999450683594,163.01499938964844,163.0030059814453,163.0050048828125
1784653860,163.0050048828125,163.01600646972656,163.00399780273438,163.0070037841797
1784653920,163.0070037841797,163.01600646972656,162.99899291992188,163.00999450683594
1784653980,163.00999450683594,163.01800537109375,163.00799560546875,163.01499938964844
1784654040,163.01400756835938,163.01699829101562,163.00799560546875,163.01600646972656
1784654100,163.01199340820312,163.0189971923828,163.00399780273438,163.00599670410156
1784654160,163.00599670410156,163.01400756835938,163.00599670410156,163.0070037841797
1784654220,163.0070037841797,163.01400756835938,162.9969940185547,163.00399780273438
1784654280,163.00799560546875,163.01199340820312,162.9929962158203,163.0
1784654340,163.00100708007812,163.00599670410156,162.99400329589844,163.0050048828125
1784654400,162.99899291992188,163.0070037841797,162.99600219726562,162.9980010986328
1784654460,162.9980010986328,163.0070037841797,162.99200439453125,162.9969940185547
1784654520,162.9929962158203,163.0019989013672,162.98699951171875,162.98800659179688
1784654580,162.98800659179688,162.99899291992188,162.98699951171875,162.9969940185547
1784654640,162.9980010986328,162.9980010986328,162.98599243164062,162.99000549316406
1784654700,162.99099731445312,162.99400329589844,162.98500061035156,162.98899841308594
1784654760,162.98800659179688,162.99400329589844,162.98500061035156,162.99200439453125
1784654820,162.98599243164062,162.99400329589844,162.98199462890625,162.98500061035156
1784654880,162.98899841308594,162.98899841308594,162.9720001220703,162.9720001220703
1784654940,162.9759979248047,162.98199462890625,162.9720001220703,162.97500610351562
1784655000,162.97500610351562,162.9929962158203,162.97500610351562,162.98699951171875
1784655060,162.98899841308594,162.9949951171875,162.98599243164062,162.98899841308594
1784655120,162.9929962158203,162.99600219726562,162.98699951171875,162.99000549316406
1784655180,162.98899841308594,162.9969940185547,162.98800659179688,162.9969940185547
1784655240,162.99000549316406,163.0030059814453,162.99000549316406,162.99600219726562
1784655300,162.99600219726562,163.0070037841797,162.99600219726562,163.00599670410156
1784655360,162.99899291992188,163.0070037841797,162.9949951171875,163.0019989013672
1784655420,163.0030059814453,163.0030059814453,162.99600219726562,163.0019989013672
1784655480,162.9980010986328,163.0030059814453,162.9980010986328,163.0019989013672
1784655540,163.00100708007812,163.00599670410156,162.9980010986328,162.9980010986328
1784655600,162.9980010986328,163.00799560546875,162.9980010986328,163.0
1784655660,163.0019989013672,163.01400756835938,162.9980010986328,163.00900268554688
1784655720,163.00799560546875,163.01600646972656,163.00599670410156,163.00799560546875
1784655780,163.00999450683594,163.01600646972656,162.99600219726562,163.00399780273438
1784655840,163.0,163.00599670410156,162.9969940185547,162.99899291992188
1784655900,163.0019989013672,163.01699829101562,162.9980010986328,163.01699829101562
1784655960,163.01400756835938,163.01699829101562,163.00999450683594,163.01300048828125
1784656020,163.01100158691406,163.01800537109375,163.00999450683594,163.01199340820312
1784656080,163.01199340820312,163.01800537109375,163.00900268554688,163.01800537109375
1784656140,163.01199340820312,163.0189971923828,163.0030059814453,163.01100158691406
1784656200,163.01100158691406,163.01600646972656,163.0070037841797,163.01199340820312
1784656260,163.01600646972656,163.01600646972656,163.0070037841797,163.00799560546875
1784656320,163.01300048828125,163.01600646972656,163.0070037841797,163.01499938964844
1784656380,163.01199340820312,163.01499938964844,163.0070037841797,163.00799560546875
1784656440,163.01400756835938,163.01499938964844,163.00799560546875,163.00900268554688
1784656500,163.00999450683594,163.01600646972656,163.00799560546875,163.01300048828125
1784656560,163.00999450683594,163.02200317382812,163.00999450683594,163.02099609375
1784656620,163.01699829101562,163.0260009765625,163.01199340820312,163.0189971923828
1784656680,163.02099609375,163.02999877929688,163.02099609375,163.0290069580078
1784656740,163.0279998779297,163.0290069580078,163.02099609375,163.0260009765625
1784656800,163.0279998779297,163.0330047607422,163.02099609375,163.0279998779297
1784656860,163.0290069580078,163.03399658203125,163.02099609375,163.02699279785156
1784656920,163.02699279785156,163.0330047607422,163.0260009765625,163.031005859375
1784656980,163.02699279785156,163.03599548339844,163.02699279785156,163.03199768066406
1784657040,163.0330047607422,163.10000610351562,163.02699279785156,163.08900451660156
1784657100,163.0919952392578,163.19200134277344,163.0800018310547,163.1739959716797
1784657160,163.1750030517578,163.2209930419922,163.1439971923828,163.1580047607422
1784657220,163.16000366210938,163.18299865722656,163.1510009765625,163.16600036621094
1784657280,163.1750030517578,163.18600463867188,163.14599609375,163.16400146484375
1784657340,163.1699981689453,163.17599487304688,163.1269989013672,163.13699340820312
1784657400,163.13699340820312,163.14700317382812,163.1269989013672,163.13099670410156
1784657460,163.13600158691406,163.14199829101562,163.1199951171875,163.12899780273438
1784657520,163.13699340820312,163.13999938964844,163.11599731445312,163.1179962158203
1784657580,163.1179962158203,163.14300537109375,163.11500549316406,163.14199829101562
1784657640,163.1320037841797,163.14100646972656,163.1280059814453,163.13099670410156
1784657700,163.13099670410156,163.1510009765625,163.1300048828125,163.14300537109375
1784657760,163.13299560546875,163.1510009765625,163.1300048828125,163.13999938964844
1784657820,163.14100646972656,163.14100646972656,163.12899780273438,163.13400268554688
1784657880,163.13499450683594,163.1510009765625,163.13099670410156,163.1510009765625
1784657940,163.1439971923828,163.15699768066406,163.14100646972656,163.1510009765625
1784658000,163.1540069580078,163.17100524902344,163.1439971923828,163.14599609375
1784658060,163.14500427246094,163.17100524902344,163.1439971923828,163.1649932861328
1784658120,163.1649932861328,163.1750030517578,163.15899658203125,163.16700744628906
1784658180,163.16299438476562,163.1790008544922,163.16099548339844,163.177001953125
1784658240,163.17300415039062,163.17799377441406,163.1580047607422,163.16000366210938
1784658300,163.16700744628906,163.16700744628906,163.14100646972656,163.1490020751953
1784658360,163.1479949951172,163.1529998779297,163.14100646972656,163.14500427246094
1784658420,163.1439971923828,163.14999389648438,163.1230010986328,163.1439971923828
1784658480,163.1439971923828,163.1580047607422,163.14199829101562,163.1580047607422
1784658540,163.15499877929688,163.16200256347656,163.1439971923828,163.1479949951172
1784658600,163.1479949951172,163.16700744628906,163.14100646972656,163.15899658203125
1784658660,163.15899658203125,163.16799926757812,163.14700317382812,163.1540069580078
1784658720,163.14999389648438,163.1649932861328,163.14999389648438,163.15499877929688
1784658780,163.1540069580078,163.16400146484375,163.14599609375,163.1510009765625
1784658840,163.1580047607422,163.17799377441406,163.1510009765625,163.1699981689453
1784658900,163.17100524902344,163.1840057373047,163.1699981689453,163.1790008544922
1784658960,163.1739959716797,163.1909942626953,163.1739959716797,163.18299865722656
1784659020,163.1840057373047,163.1909942626953,163.1790008544922,163.18099975585938
1784659080,163.18299865722656,163.19000244140625,163.17300415039062,163.1820068359375
1784659140,163.17799377441406,163.18299865722656,163.1699981689453,163.17100524902344
1784659200,163.1750030517578,163.21099853515625,163.1699981689453,163.2030029296875
1784659260,163.2030029296875,163.23300170898438,163.20199584960938,163.218994140625
1784659320,163.218994140625,163.22799682617188,163.2030029296875,163.22500610351562
1784659380,163.2259979248047,163.2259979248047,163.20899963378906,163.2169952392578
1784659440,163.21600341796875,163.22999572753906,163.19900512695312,163.22300720214844
1784659500,163.2259979248047,163.2310028076172,163.21600341796875,163.21800231933594
1784659560,163.21800231933594,163.23300170898438,163.2169952392578,163.22000122070312
1784659620,163.2220001220703,163.22999572753906,163.2169952392578,163.218994140625
1784659680,163.22000122070312,163.2310028076172,163.21800231933594,163.2209930419922
1784659740,163.2209930419922,163.23399353027344,163.22000122070312,163.2270050048828
1784659800,163.23399353027344,163.23699951171875,163.2209930419922,163.2310028076172
1784659860,163.22799682617188,163.23300170898438,163.21600341796875,163.21800231933594
1784659920,163.21800231933594,163.22500610351562,163.2100067138672,163.21200561523438
1784659980,163.21499633789062,163.21600341796875,163.19900512695312,163.20599365234375
1784660040,163.20700073242188,163.20700073242188,163.19500732421875,163.2030029296875
1784660100,163.197998046875,163.20799255371094,163.197998046875,163.19900512695312
1784660160,163.197998046875,163.20599365234375,163.1959991455078,163.20399475097656
1784660220,163.197998046875,163.21600341796875,163.197998046875,163.20199584960938
1784660280,163.1999969482422,163.21099853515625,163.19700622558594,163.20199584960938
1784660340,163.2030029296875,163.2030029296875,163.1719970703125,163.18299865722656
1784660400,163.1820068359375,163.19200134277344,163.1580047607422,163.17799377441406
1784660460,163.17999267578125,163.18699645996094,163.17300415039062,163.18099975585938
1784660520,163.18499755859375,163.19500732421875,163.17999267578125,163.1909942626953
1784660580,163.18299865722656,163.197998046875,163.17999267578125,163.18899536132812
1784660640,163.18800354003906,163.20399475097656,163.18600463867188,163.1999969482422
1784660700,163.1999969482422,163.20899963378906,163.19500732421875,163.1999969482422
1784660760,163.1999969482422,163.20899963378906,163.1959991455078,163.197998046875
1784660820,163.19900512695312,163.2050018310547,163.19400024414062,163.19700622558594
1784660880,163.197998046875,163.2030029296875,163.18299865722656,163.18899536132812
1784660940,163.18499755859375,163.20199584960938,163.1820068359375,163.2010040283203
1784661000,163.19900512695312,163.2169952392578,163.19700622558594,163.21200561523438
1784661060,163.21200561523438,163.21499633789062,163.197998046875,163.1999969482422
1784661120,163.2030029296875,163.20899963378906,163.197998046875,163.1999969482422
1784661180,163.1999969482422,163.2169952392578,163.19900512695312,163.21099853515625
1784661240,163.2100067138672,163.2209930419922,163.20799255371094,163.21200561523438
1784661300,163.21400451660156,163.2169952392578,163.20799255371094,163.2100067138672
1784661360,163.21400451660156,163.2169952392578,163.20700073242188,163.20799255371094
1784661420,163.20799255371094,163.21400451660156,163.19700622558594,163.20399475097656
1784661480,163.2010040283203,163.2050018310547,163.19500732421875,163.1999969482422
1784661540,163.1999969482422,163.20399475097656,163.1929931640625,163.1959991455078
1784661600,163.1959991455078,163.1959991455078,163.18099975585938,163.18899536132812
1784661660,163.18299865722656,163.1909942626953,163.18099975585938,163.1820068359375
1784661720,163.1820068359375,163.18899536132812,163.1699981689453,163.177001953125
1784661780,163.1719970703125,163.17799377441406,163.16299438476562,163.16900634765625
1784661840,163.1699981689453,163.17799377441406,163.16799926757812,163.1719970703125
1784661900,163.17599487304688,163.177001953125,163.16400146484375,163.1649932861328
1784661960,163.1649932861328,163.1739959716797,163.1580047607422,163.1699981689453
1784662020,163.16900634765625,163.1750030517578,163.15699768066406,163.16000366210938
1784662080,163.16200256347656,163.17799377441406,163.16000366210938,163.17799377441406
1784662140,163.1739959716797,163.1820068359375,163.16700744628906,163.16799926757812
1784662200,163.16799926757812,163.17599487304688,163.1580047607422,163.16799926757812
1784662260,163.16799926757812,163.1750030517578,163.1580047607422,163.1699981689453
1784662320,163.16900634765625,163.1739959716797,163.1580047607422,163.16900634765625
1784662380,163.16799926757812,163.1739959716797,163.1580047607422,163.1649932861328
1784662440,163.16400146484375,163.17100524902344,163.15699768066406,163.1580047607422
1784662500,163.1580047607422,163.18899536132812,163.15699768066406,163.1840057373047
1784662560,163.18099975585938,163.1929931640625,163.1790008544922,163.19000244140625
1784662620,163.18899536132812,163.1999969482422,163.18299865722656,163.19400024414062
1784662680,163.19500732421875,163.2050018310547,163.19400024414062,163.2030029296875
1784662740,163.197998046875,163.20599365234375,163.1929931640625,163.1929931640625
1784662800,163.1959991455078,163.1959991455078,163.18099975585938,163.18800354003906
1784662860,163.18899536132812,163.19200134277344,163.1820068359375,163.18899536132812
1784662920,163.18499755859375,163.20399475097656,163.1840057373047,163.19700622558594
1784662980,163.19700622558594,163.2010040283203,163.18499755859375,163.19900512695312
1784663040,163.197998046875,163.20199584960938,163.18600463867188,163.2010040283203
1784663100,163.19700622558594,163.20399475097656,163.1929931640625,163.2030029296875
1784663160,163.197998046875,163.2050018310547,163.1909942626953,163.19200134277344
1784663220,163.19200134277344,163.20199584960938,163.1909942626953,163.19400024414062
1784663280,163.19400024414062,163.20199584960938,163.1929931640625,163.1929931640625
1784663340,163.1959991455078,163.2010040283203,163.18299865722656,163.19000244140625
1784663400,163.18899536132812,163.20199584960938,163.1840057373047,163.19000244140625
1784663460,163.1909942626953,163.19900512695312,163.1820068359375,163.1840057373047
1784663520,163.18499755859375,163.1909942626953,163.18099975585938,163.18299865722656
1784663580,163.18299865722656,163.19000244140625,163.18099975585938,163.18499755859375
1784663640,163.1840057373047,163.19200134277344,163.18099975585938,163.18499755859375
1784663700,163.18699645996094,163.20199584960938,163.18099975585938,163.1840057373047
1784663760,163.1840057373047,163.1999969482422,163.18299865722656,163.19400024414062
1784663820,163.19000244140625,163.20599365234375,163.18899536132812,163.197998046875
1784663880,163.2010040283203,163.2100067138672,163.19500732421875,163.19900512695312
1784663940,163.2010040283203,163.21099853515625,163.1959991455078,163.1999969482422
1784664000,163.20199584960938,163.218994140625,163.19200134277344,163.20599365234375
1784664060,163.21400451660156,163.2270050048828,163.20899963378906,163.21800231933594
1784664120,163.21800231933594,163.22999572753906,163.20799255371094,163.22300720214844
1784664180,163.22300720214844,163.22999572753906,163.21400451660156,163.21800231933594
1784664240,163.2169952392578,163.2270050048828,163.20899963378906,163.2209930419922
1784664300,163.21200561523438,163.22500610351562,163.20799255371094,163.20899963378906
1784664360,163.21400451660156,163.2209930419922,163.20700073242188,163.21200561523438
1784664420,163.21200561523438,163.2209930419922,163.2050018310547,163.20899963378906
1784664480,163.21499633789062,163.2239990234375,163.20899963378906,163.21800231933594
1784664540,163.21600341796875,163.2239990234375,163.21499633789062,163.22000122070312
1784664600,163.22000122070312,163.2259979248047,163.20599365234375,163.20799255371094
1784664660,163.20799255371094,163.21600341796875,163.20599365234375,163.21600341796875
1784664720,163.21600341796875,163.2169952392578,163.20799255371094,163.20799255371094
1784664780,163.20899963378906,163.22500610351562,163.20899963378906,163.22300720214844
1784664840,163.2209930419922,163.22799682617188,163.21499633789062,163.2239990234375
1784664900,163.218994140625,163.23300170898438,163.218994140625,163.2270050048828
1784664960,163.22900390625,163.23199462890625,163.2209930419922,163.2259979248047
1784665020,163.2259979248047,163.23399353027344,163.2220001220703,163.22799682617188
1784665080,163.2239990234375,163.22999572753906,163.2220001220703,163.22900390625
1784665140,163.2220001220703,163.22900390625,163.22000122070312,163.22300720214844
1784665200,163.22300720214844,163.23199462890625,163.22300720214844,163.2310028076172
1784665260,163.2239990234375,163.23500061035156,163.22300720214844,163.2259979248047
1784665320,163.22799682617188,163.23899841308594,163.2239990234375,163.23199462890625
1784665380,163.23199462890625,163.23699951171875,163.22799682617188,163.23199462890625
1784665440,163.23199462890625,163.23899841308594,163.22900390625,163.2310028076172
1784665500,163.23399353027344,163.23800659179688,163.2270050048828,163.22799682617188
1784665560,163.22799682617188,163.23500061035156,163.22799682617188,163.22799682617188
1784665620,163.22900390625,163.23500061035156,163.2270050048828,163.22999572753906
1784665680,163.22799682617188,163.23699951171875,163.22799682617188,163.22799682617188
1784665740,163.22799682617188,163.23500061035156,163.218994140625,163.2259979248047
1784665800,163.2259979248047,163.23500061035156,163.2259979248047,163.23399353027344
1784665860,163.22799682617188,163.23500061035156,163.2220001220703,163.22999572753906
1784665920,163.2259979248047,163.23500061035156,163.22300720214844,163.22500610351562
1784665980,163.2270050048828,163.23800659179688,163.2259979248047,163.22799682617188
1784666040,163.22799682617188,163.23699951171875,163.2270050048828,163.22799682617188
1784666100,163.22900390625,163.23599243164062,163.22300720214844,163.22799682617188
1784666160,163.2239990234375,163.23199462890625,163.2209930419922,163.2310028076172
1784666220,163.22500610351562,163.23399353027344,163.2220001220703,163.2259979248047
1784666280,163.22799682617188,163.22999572753906,163.2100067138672,163.21400451660156
1784666340,163.21800231933594,163.22300720214844,163.20700073242188,163.21299743652344
1784666400,163.21800231933594,163.218994140625,163.1959991455078,163.20599365234375
1784666460,163.1999969482422,163.218994140625,163.1959991455078,163.2100067138672
1784666520,163.21099853515625,163.21800231933594,163.19400024414062,163.20799255371094
1784666580,163.19500732421875,163.21200561523438,163.19500732421875,163.20700073242188
1784666640,163.1959991455078,163.21400451660156,163.19000244140625,163.20599365234375
1784666700,163.2100067138672,163.218994140625,163.197998046875,163.20399475097656
1784666760,163.21099853515625,163.21400451660156,163.19400024414062,163.197998046875
1784666820,163.197998046875,163.21200561523438,163.19400024414062,163.20599365234375
1784666880,163.1959991455078,163.20799255371094,163.19400024414062,163.19900512695312
1784666940,163.1999969482422,163.21099853515625,163.1909942626953,163.1909942626953
1784667000,163.19900512695312,163.20199584960938,163.177001953125,163.17999267578125
1784667060,163.1820068359375,163.2030029296875,163.1820068359375,163.18499755859375
1784667120,163.18600463867188,163.19700622558594,163.18099975585938,163.18299865722656
1784667180,163.1909942626953,163.197998046875,163.177001953125,163.18800354003906
1784667240,163.1790008544922,163.2010040283203,163.1790008544922,163.2010040283203
1784667300,163.18299865722656,163.20399475097656,163.16099548339844,163.17599487304688
1784667360,163.17599487304688,163.20599365234375,163.1750030517578,163.2050018310547
1784667420,163.177001953125,163.21800231933594,163.1699981689453,163.17799377441406
1784667480,163.17799377441406,163.21299743652344,163.16099548339844,163.18899536132812
1784667540,163.16299438476562,163.1959991455078,163.1540069580078,163.16900634765625
1784667600,163.14999389648438,163.17999267578125,163.13400268554688,163.16600036621094
1784667660,163.16900634765625,163.16900634765625,163.14599609375,163.14599609375
1784667720,163.16900634765625,163.16900634765625,163.13499450683594,163.13499450683594
1784667780,163.16900634765625,163.17599487304688,163.14300537109375,163.17599487304688
1784667840,163.1580047607422,163.17599487304688,163.1580047607422,163.17599487304688
1784667900,163.1580047607422,163.1750030517578,163.14700317382812,163.1529998779297
1784667960,163.15199279785156,163.17300415039062,163.15199279785156,163.1529998779297
1784668020,163.15199279785156,163.1719970703125,163.15199279785156,163.15199279785156
1784668080,163.15199279785156,163.17100524902344,163.14599609375,163.14599609375
1784668140,163.15199279785156,163.17100524902344,163.15199279785156,163.1529998779297
1784668200,163.15199279785156,163.1719970703125,163.1320037841797,163.1320037841797
1784668260,163.16099548339844,163.17300415039062,163.1320037841797,163.1580047607422
1784668320,163.1580047607422,163.1719970703125,163.1320037841797,163.15699768066406
1784668380,163.16200256347656,163.1699981689453,163.11199951171875,163.11399841308594
1784668440,163.11399841308594,163.156005859375,163.11000061035156,163.13400268554688
1784668500,163.1479949951172,163.1510009765625,163.1060028076172,163.1060028076172
1784668560,163.10699462890625,163.15699768066406,163.10699462890625,163.125
1784668620,163.125,163.16000366210938,163.125,163.14599609375
1784668680,163.1269989013672,163.16400146484375,163.1269989013672,163.1300048828125
1784668740,163.1300048828125,163.16700744628906,163.1300048828125,163.15899658203125
1784668800,163.13099670410156,163.17300415039062,163.13099670410156,163.13499450683594
1784668860,163.1739959716797,163.1739959716797,163.13499450683594,163.16000366210938
1784668920,163.13499450683594,163.17300415039062,163.13499450683594,163.16099548339844
1784668980,163.1750030517578,163.1750030517578,163.13900756835938,163.16099548339844
1784669040,163.16099548339844,163.17599487304688,163.13900756835938,163.16200256347656
1784669100,163.16400146484375,163.17799377441406,163.1439971923828,163.14599609375
1784669160,163.14700317382812,163.17999267578125,163.14700317382812,163.1479949951172
1784669220,163.16600036621094,163.18099975585938,163.1479949951172,163.16799926757812
1784669280,163.1540069580078,163.18099975585938,163.14700317382812,163.1479949951172
1784669340,163.17300415039062,163.1820068359375,163.1479949951172,163.1820068359375
1784669400,163.16799926757812,163.1820068359375,163.14500427246094,163.1490020751953
1784669460,163.1540069580078,163.1820068359375,163.1490020751953,163.1699981689453
1784669520,163.1510009765625,163.1739959716797,163.13999938964844,163.1699981689453
1784669580,163.15199279785156,163.1739959716797,163.15199279785156,163.1529998779297
1784669640,163.1529998779297,163.1739959716797,163.1529998779297,163.1739959716797
1784669700,163.1529998779297,163.1739959716797,163.1479949951172,163.1739959716797
1784669760,163.1479949951172,163.1739959716797,163.14700317382812,163.15499877929688
1784669820,163.16400146484375,163.1739959716797,163.13999938964844,163.1510009765625
1784669880,163.14199829101562,163.1580047607422,163.14199829101562,163.14199829101562
1784669940,163.14199829101562,163.16099548339844,163.14100646972656,163.14300537109375
1784670000,163.14300537109375,163.16099548339844,163.14300537109375,163.14300537109375
1784670060,163.14300537109375,163.16099548339844,163.13800048828125,163.1439971923828
1784670120,163.1439971923828,163.16099548339844,163.125,163.15499877929688
1784670180,163.1439971923828,163.16000366210938,163.1439971923828,163.1510009765625
1784670240,163.14599609375,163.15899658203125,163.13600158691406,163.1439971923828
1784670300,163.14500427246094,163.15499877929688,163.13800048828125,163.14599609375
1784670360,163.13900756835938,163.15499877929688,163.13900756835938,163.1439971923828
1784670420,163.13900756835938,163.1529998779297,163.1320037841797,163.1439971923828
1784670480,163.13600158691406,163.1540069580078,163.13600158691406,163.13800048828125
1784670540,163.14599609375,163.1540069580078,163.1300048828125,163.13600158691406
1784670600,163.13600158691406,163.15499877929688,163.1300048828125,163.13600158691406
1784670660,163.1540069580078,163.1540069580078,163.1320037841797,163.1540069580078
1784670720,163.13600158691406,163.1540069580078,163.1320037841797,163.1529998779297
1784670780,163.1439971923828,163.1529998779297,163.13400268554688,163.1529998779297
1784670840,163.14500427246094,163.1540069580078,163.13400268554688,163.1529998779297
1784670900,163.14500427246094,163.1540069580078,163.13400268554688,163.1540069580078
1784670960,163.13699340820312,163.1540069580078,163.13099670410156,163.1529998779297
1784671020,163.13600158691406,163.1540069580078,163.13600158691406,163.1540069580078
1784671080,163.1540069580078,163.1540069580078,163.13699340820312,163.1490020751953
1784671140,163.1479949951172,163.156005859375,163.13900756835938,163.14100646972656
