time,open,high,low,close
1785967200,1.4008899927139282,1.4012000560760498,1.4005999565124512,1.4007999897003174
1785967260,1.4010000228881836,1.4011399745941162,1.4005000591278076,1.4009000062942505
1785967320,1.4011199474334717,1.401170015335083,1.4007999897003174,1.4011499881744385
1785967380,1.4009000062942505,1.4012000560760498,1.4006999731063843,1.4006999731063843
1785967440,1.4011499881744385,1.401229977607727,1.4006999731063843,1.4012199640274048
1785967500,1.4012199640274048,1.4012500047683716,1.4007999897003174,1.4011800289154053
1785967560,1.4010000228881836,1.4012600183486938,1.4006999731063843,1.4011800289154053
1785967620,1.4011800289154053,1.4012500047683716,1.4006999731063843,1.4011800289154053
1785967680,1.4011800289154053,1.4012199640274048,1.4006999731063843,1.4011900424957275
1785967740,1.4011900424957275,1.401229977607727,1.4006999731063843,1.401170015335083
1785967800,1.4011600017547607,1.4012399911880493,1.4006999731063843,1.4010599851608276
1785967860,1.4010900259017944,1.4011499881744385,1.4006999731063843,1.4011499881744385
1785967920,1.4011000394821167,1.4011600017547607,1.4007999897003174,1.401110053062439
1785967980,1.4009000062942505,1.4011600017547607,1.4006999731063843,1.401110053062439
1785968040,1.4010900259017944,1.4011399745941162,1.4006999731063843,1.4009000062942505
1785968100,1.4011000394821167,1.401129961013794,1.4005999565124512,1.40106999874115
1785968160,1.4010800123214722,1.4011000394821167,1.4005999565124512,1.4010200500488281
1785968220,1.4010299444198608,1.4010900259017944,1.4005000591278076,1.4009499549865723
1785968280,1.40093994140625,1.4010100364685059,1.4005000591278076,1.4010100364685059
1785968340,1.400979995727539,1.4010000228881836,1.4005000591278076,1.4009499549865723
1785968400,1.4009599685668945,1.4010000228881836,1.4005000591278076,1.4005999565124512
1785968460,1.4009499549865723,1.4010000228881836,1.4005000591278076,1.4009499549865723
1785968520,1.4009499549865723,1.4010100364685059,1.4005000591278076,1.4005000591278076
1785968580,1.40093994140625,1.4010499715805054,1.4005000591278076,1.4010200500488281
1785968640,1.4010200500488281,1.401039958000183,1.4005000591278076,1.4005000591278076
1785968700,1.4010299444198608,1.4011000394821167,1.4005999565124512,1.4010200500488281
1785968760,1.4010000228881836,1.4010299444198608,1.4005000591278076,1.40093994140625
1785968820,1.40093994140625,1.4010000228881836,1.4005999565124512,1.40093994140625
1785968880,1.4009300470352173,1.4010000228881836,1.4007999897003174,1.40093994140625
1785968940,1.4009300470352173,1.4010000228881836,1.4005999565124512,1.4009599685668945
1785969000,1.4009300470352173,1.4010100364685059,1.4005999565124512,1.4009499549865723
1785969060,1.400979995727539,1.4010299444198608,1.4005999565124512,1.4010299444198608
1785969120,1.4007999897003174,1.401110053062439,1.4006999731063843,1.4006999731063843
1785969180,1.4010299444198608,1.4010900259017944,1.4006999731063843,1.401039958000183
1785969240,1.4010100364685059,1.4010800123214722,1.4006999731063843,1.4010100364685059
1785969300,1.4010900259017944,1.4010900259017944,1.4006999731063843,1.4010100364685059
1785969360,1.4010200500488281,1.4011000394821167,1.4006999731063843,1.4009000062942505
1785969420,1.401039958000183,1.4011000394821167,1.4006999731063843,1.4006999731063843
1785969480,1.4006999731063843,1.401110053062439,1.4006999731063843,1.4010900259017944
1785969540,1.4010200500488281,1.4011000394821167,1.4006999731063843,1.4006999731063843
1785969600,1.4010200500488281,1.4011000394821167,1.4006999731063843,1.401039958000183
1785969660,1.401039958000183,1.4011000394821167,1.4006999731063843,1.4010200500488281
1785969720,1.4010299444198608,1.4011000394821167,1.4006999731063843,1.4010299444198608
1785969780,1.4010299444198608,1.4011000394821167,1.4006999731063843,1.4010200500488281
1785969840,1.4010200500488281,1.4010900259017944,1.4005999565124512,1.400979995727539
1785969900,1.4009599685668945,1.4010000228881836,1.4005999565124512,1.4009699821472168
1785969960,1.4010100364685059,1.4010100364685059,1.4005999565124512,1.4009599685668945
1785970020,1.40093994140625,1.4010299444198608,1.4005999565124512,1.4010000228881836
1785970080,1.4009699821472168,1.401039958000183,1.4007999897003174,1.4007999897003174
1785970140,1.400979995727539,1.4010499715805054,1.4006999731063843,1.400979995727539
1785970200,1.400979995727539,1.40106999874115,1.4006999731063843,1.4006999731063843
1785970260,1.400979995727539,1.401039958000183,1.4006999731063843,1.4009699821472168
1785970320,1.400979995727539,1.401039958000183,1.4006999731063843,1.4007999897003174
1785970380,1.400979995727539,1.4010599851608276,1.4006999731063843,1.4007999897003174
1785970440,1.4010000228881836,1.40106999874115,1.4006999731063843,1.4006999731063843
1785970500,1.4010000228881836,1.4011000394821167,1.4005999565124512,1.4010299444198608
1785970560,1.4010499715805054,1.4011000394821167,1.4006999731063843,1.4009000062942505
1785970620,1.4010499715805054,1.401110053062439,1.4006999731063843,1.4010499715805054
1785970680,1.4010299444198608,1.4011000394821167,1.4006999731063843,1.4009499549865723
1785970800,1.4010000228881836,1.401110053062439,1.4006999731063843,1.4011000394821167
1785970860,1.4011000394821167,1.4011800289154053,1.4007999897003174,1.4009000062942505
1785970920,1.4011199474334717,1.4011399745941162,1.4006999731063843,1.40106999874115
1785970980,1.40106999874115,1.4011399745941162,1.4009000062942505,1.4011000394821167
1785971040,1.4011000394821167,1.401229977607727,1.4007999897003174,1.4011600017547607
1785971100,1.4011499881744385,1.401229977607727,1.4009000062942505,1.4011900424957275
1785971160,1.4011900424957275,1.4012399911880493,1.4010000228881836,1.4011900424957275
1785971220,1.401170015335083,1.4012800455093384,1.4009000062942505,1.4009000062942505
1785971280,1.4012199640274048,1.4012399911880493,1.4009000062942505,1.4012000560760498
1785971340,1.4011900424957275,1.4012500047683716,1.4009000062942505,1.4011900424957275
1785971400,1.4012099504470825,1.4012399911880493,1.4009000062942505,1.4012000560760498
1785971460,1.4011900424957275,1.401229977607727,1.4007999897003174,1.401110053062439
1785971520,1.401110053062439,1.4011399745941162,1.4006999731063843,1.401039958000183
1785971580,1.4010499715805054,1.401110053062439,1.4006999731063843,1.401110053062439
1785971640,1.4011000394821167,1.401110053062439,1.4006999731063843,1.4009000062942505
1785971700,1.4010599851608276,1.4011000394821167,1.4006999731063843,1.4010599851608276
1785971760,1.4006999731063843,1.401129961013794,1.4006999731063843,1.4011199474334717
1785971820,1.4007999897003174,1.401129961013794,1.4006999731063843,1.4010900259017944
1785971880,1.4011000394821167,1.401129961013794,1.4007999897003174,1.401129961013794
1785971940,1.4010800123214722,1.4011399745941162,1.4007999897003174,1.4011000394821167
1785972000,1.4011000394821167,1.4011499881744385,1.4007999897003174,1.4011000394821167
1785972060,1.4011000394821167,1.4011499881744385,1.4007999897003174,1.4011000394821167
1785972120,1.4011000394821167,1.4011399745941162,1.4007999897003174,1.4010900259017944
1785972180,1.4010900259017944,1.4011199474334717,1.4006999731063843,1.4010800123214722
1785972240,1.4010800123214722,1.401129961013794,1.4006999731063843,1.4010499715805054
1785972300,1.4010499715805054,1.4011199474334717,1.4009000062942505,1.40106999874115
1785972360,1.4010800123214722,1.4011199474334717,1.4007999897003174,1.4010800123214722
1785972420,1.4010800123214722,1.4011399745941162,1.4007999897003174,1.4010900259017944
1785972480,1.4010900259017944,1.4011399745941162,1.4007999897003174,1.4010800123214722
1785972540,1.4010900259017944,1.4011499881744385,1.4007999897003174,1.4011000394821167
1785972600,1.4011000394821167,1.4012000560760498,1.4007999897003174,1.4011600017547607
1785972660,1.4011600017547607,1.4012000560760498,1.4007999897003174,1.4011499881744385
1785972720,1.4011499881744385,1.4012000560760498,1.4007999897003174,1.4011499881744385
1785972780,1.4011399745941162,1.4012099504470825,1.4007999897003174,1.401170015335083
1785972840,1.401170015335083,1.4012399911880493,1.4009000062942505,1.4011900424957275
1785972900,1.4011900424957275,1.4012199640274048,1.4007999897003174,1.401110053062439
1785972960,1.401110053062439,1.4011600017547607,1.4007999897003174,1.4010900259017944
1785973020,1.401110053062439,1.4011499881744385,1.4006999731063843,1.4010000228881836
1785973080,1.4010000228881836,1.4010499715805054,1.4006999731063843,1.4010299444198608
1785973140,1.4010299444198608,1.401039958000183,1.4005999565124512,1.4006999731063843
1785973200,1.4010000228881836,1.4010499715805054,1.4006999731063843,1.4010100364685059
1785973260,1.4010100364685059,1.4011399745941162,1.4006999731063843,1.4010800123214722
1785973320,1.4010800123214722,1.401129961013794,1.4006999731063843,1.4010900259017944
1785973380,1.4010900259017944,1.4011000394821167,1.4005999565124512,1.4009699821472168
1785973440,1.4009699821472168,1.4010200500488281,1.4005999565124512,1.4005999565124512
1785973500,1.400920033454895,1.4009499549865723,1.4005000591278076,1.4009000062942505
1785973560,1.4009000062942505,1.40093994140625,1.4005999565124512,1.4008899927139282
1785973620,1.400920033454895,1.400979995727539,1.4005000591278076,1.4009000062942505
1785973680,1.4009499549865723,1.4009499549865723,1.4005000591278076,1.4008699655532837
1785973740,1.4005999565124512,1.40093994140625,1.4005999565124512,1.4005999565124512
1785973800,1.400879979133606,1.40093994140625,1.4005000591278076,1.4009000062942505
1785973860,1.4009000062942505,1.4010000228881836,1.4005999565124512,1.400920033454895
1785973920,1.400920033454895,1.4009599685668945,1.4005000591278076,1.4006999731063843
1785973980,1.4005999565124512,1.4009599685668945,1.4005999565124512,1.4009000062942505
1785974040,1.4009000062942505,1.4010100364685059,1.4005999565124512,1.4009900093078613
1785974100,1.4009900093078613,1.401039958000183,1.4006999731063843,1.4010100364685059
1785974160,1.4009900093078613,1.4010599851608276,1.4005999565124512,1.4010100364685059
1785974220,1.4010100364685059,1.401129961013794,1.4006999731063843,1.4011000394821167
1785974280,1.4010800123214722,1.4011399745941162,1.4006999731063843,1.40106999874115
1785974340,1.4010299444198608,1.4010900259017944,1.4006999731063843,1.4010200500488281
1785974400,1.4010100364685059,1.4010900259017944,1.4005000591278076,1.40106999874115
1785974460,1.4010499715805054,1.40106999874115,1.4005999565124512,1.4010000228881836
1785974520,1.4009599685668945,1.4010000228881836,1.4004000425338745,1.4008400440216064
1785974580,1.4008500576019287,1.4010000228881836,1.4005000591278076,1.40093994140625
1785974640,1.4005999565124512,1.4009699821472168,1.4004000425338745,1.4004000425338745
1785974700,1.4007699489593506,1.4009100198745728,1.4004000425338745,1.4009000062942505
1785974760,1.4009100198745728,1.400920033454895,1.4005000591278076,1.400879979133606
1785974820,1.4008400440216064,1.400920033454895,1.4005000591278076,1.4008599519729614
1785974880,1.4008599519729614,1.400920033454895,1.4005000591278076,1.4005000591278076
1785974940,1.4008400440216064,1.4009300470352173,1.4005000591278076,1.4008400440216064
1785975000,1.4008400440216064,1.40093994140625,1.4005000591278076,1.400879979133606
1785975060,1.400879979133606,1.4009300470352173,1.4005000591278076,1.400920033454895
1785975120,1.400879979133606,1.40093994140625,1.4004000425338745,1.4008899927139282
1785975180,1.400879979133606,1.4010100364685059,1.4005999565124512,1.4009599685668945
1785975240,1.4006999731063843,1.4010100364685059,1.4005999565124512,1.4009599685668945
1785975300,1.4009599685668945,1.4010200500488281,1.4005000591278076,1.4007999897003174
1785975360,1.4007999897003174,1.400920033454895,1.4005000591278076,1.4009100198745728
1785975420,1.4008699655532837,1.4009300470352173,1.4005000591278076,1.400920033454895
1785975480,1.4008899927139282,1.4009300470352173,1.4005000591278076,1.4005999565124512
1785975540,1.4005999565124512,1.4009000062942505,1.4005000591278076,1.4008899927139282
1785975600,1.4008599519729614,1.4009300470352173,1.4005000591278076,1.4008899927139282
1785975660,1.400920033454895,1.4009300470352173,1.4004000425338745,1.4007799625396729
1785975720,1.4007799625396729,1.400879979133606,1.4004000425338745,1.4008100032806396
1785975780,1.4007799625396729,1.4008300304412842,1.4004000425338745,1.4004000425338745
1785975840,1.4007699489593506,1.400920033454895,1.4004000425338745,1.4008300304412842
1785975900,1.4008500576019287,1.4009000062942505,1.4004000425338745,1.4008300304412842
1785975960,1.400820016860962,1.4009000062942505,1.4005000591278076,1.4005000591278076
1785976020,1.4008400440216064,1.4008500576019287,1.4004000425338745,1.400820016860962
1785976080,1.4008400440216064,1.400920033454895,1.4005000591278076,1.400920033454895
1785976140,1.4005000591278076,1.4010000228881836,1.4005000591278076,1.4009599685668945
1785976200,1.4005999565124512,1.400979995727539,1.4005000591278076,1.4005000591278076
1785976260,1.4005999565124512,1.4009300470352173,1.4005000591278076,1.4009000062942505
1785976320,1.4006999731063843,1.400920033454895,1.4005000591278076,1.4009100198745728
1785976380,1.400879979133606,1.400920033454895,1.4004000425338745,1.4007799625396729
1785976440,1.4007799625396729,1.4008400440216064,1.4004000425338745,1.4007799625396729
1785976500,1.4005000591278076,1.4008300304412842,1.4004000425338745,1.4007699489593506
1785976560,1.4007799625396729,1.4008400440216064,1.4004000425338745,1.400820016860962
1785976620,1.4007999897003174,1.4009100198745728,1.4005000591278076,1.400879979133606
1785976680,1.400879979133606,1.4009100198745728,1.4005000591278076,1.4009000062942505
1785976740,1.4008699655532837,1.4009499549865723,1.4005000591278076,1.4009000062942505
1785976800,1.4008899927139282,1.4009300470352173,1.4005999565124512,1.4008100032806396
1785976860,1.4008300304412842,1.400920033454895,1.4005000591278076,1.400879979133606
1785976920,1.400879979133606,1.4009499549865723,1.4005999565124512,1.4005999565124512
1785976980,1.400920033454895,1.40093994140625,1.4005000591278076,1.4008400440216064
1785977040,1.4008599519729614,1.4009100198745728,1.4005000591278076,1.4008599519729614
1785977100,1.4008599519729614,1.4009000062942505,1.4005000591278076,1.4008599519729614
1785977160,1.4008300304412842,1.4009000062942505,1.4004000425338745,1.4008100032806396
1785977220,1.4007699489593506,1.400820016860962,1.4004000425338745,1.4008100032806396
1785977280,1.4007699489593506,1.4008300304412842,1.4004000425338745,1.4008100032806396
1785977340,1.4008100032806396,1.4008400440216064,1.4005000591278076,1.4007899761199951
1785977400,1.4005000591278076,1.400820016860962,1.4004000425338745,1.4007400274276733
1785977460,1.4007600545883179,1.4007699489593506,1.4003000259399414,1.4003000259399414
1785977520,1.400670051574707,1.4007099866867065,1.4003000259399414,1.4005999565124512
1785977580,1.4005999565124512,1.4006500244140625,1.4003000259399414,1.4005800485610962
1785977640,1.4005800485610962,1.4006999731063843,1.4003000259399414,1.400670051574707
1785977700,1.4003000259399414,1.4007500410079956,1.4003000259399414,1.400670051574707
1785977760,1.400670051574707,1.4007400274276733,1.4003000259399414,1.4007400274276733
1785977820,1.4007400274276733,1.4008500576019287,1.4004000425338745,1.400820016860962
1785977880,1.4005000591278076,1.4008500576019287,1.4005000591278076,1.4008400440216064
1785977940,1.400820016860962,1.4008300304412842,1.4004000425338745,1.4007400274276733
1785978000,1.4007500410079956,1.400820016860962,1.4002000093460083,1.4005800485610962
1785978060,1.4006199836730957,1.400629997253418,1.4000999927520752,1.4005500078201294
1785978120,1.4005399942398071,1.4005999565124512,1.4000999927520752,1.4004700183868408
1785978180,1.400480031967163,1.4006999731063843,1.4000999927520752,1.4004000425338745
1785978240,1.4006500244140625,1.4008699655532837,1.4003000259399414,1.4007400274276733
1785978300,1.4007400274276733,1.4008100032806396,1.4004000425338745,1.4004000425338745
1785978360,1.4008100032806396,1.4008899927139282,1.4004000425338745,1.4008300304412842
1785978420,1.4008300304412842,1.4009000062942505,1.4005000591278076,1.4007999897003174
1785978480,1.4007999897003174,1.4008699655532837,1.4004000425338745,1.4008699655532837
1785978540,1.4008300304412842,1.400879979133606,1.4004000425338745,1.4007899761199951
1785978600,1.400820016860962,1.4008500576019287,1.4004000425338745,1.4007600545883179
1785978660,1.4004000425338745,1.4009000062942505,1.4004000425338745,1.4008100032806396
1785978720,1.4008100032806396,1.4009000062942505,1.4003000259399414,1.4007699489593506
1785978780,1.4007999897003174,1.400820016860962,1.4004000425338745,1.400730013847351
1785978840,1.400730013847351,1.4007699489593506,1.4003000259399414,1.4006600379943848
1785978900,1.4006600379943848,1.4007699489593506,1.4003000259399414,1.4006600379943848
1785978960,1.4006999731063843,1.4007099866867065,1.4003000259399414,1.4006500244140625
1785979020,1.4006600379943848,1.4006600379943848,1.4002000093460083,1.4005500078201294
1785979080,1.4003000259399414,1.400570034980774,1.4002000093460083,1.4005099534988403
1785979140,1.4002000093460083,1.4005999565124512,1.4002000093460083,1.4004000425338745
1785979200,1.4005600214004517,1.4006199836730957,1.4002000093460083,1.4005999565124512
1785979260,1.4005600214004517,1.4005999565124512,1.4002000093460083,1.4005099534988403
1785979320,1.4005099534988403,1.4005999565124512,1.4002000093460083,1.4005299806594849
1785979380,1.4005299806594849,1.400570034980774,1.4000999927520752,1.4005000591278076
1785979440,1.4005000591278076,1.4005299806594849,1.399999976158142,1.4003900289535522
1785979500,1.4004199504852295,1.400439977645874,1.399899959564209,1.399999976158142
1785979560,1.400339961051941,1.4004199504852295,1.399899959564209,1.4003100395202637
1785979620,1.4002900123596191,1.4004499912261963,1.399999976158142,1.4000999927520752
1785979680,1.4004000425338745,1.4005000591278076,1.4000999927520752,1.4000999927520752
1785979740,1.4004900455474854,1.4005500078201294,1.4000999927520752,1.4004900455474854
1785979800,1.4004700183868408,1.4005500078201294,1.4000999927520752,1.4004100561141968
1785979860,1.4003900289535522,1.4004499912261963,1.399899959564209,1.40038001537323
1785979920,1.4003700017929077,1.4005099534988403,1.4000999927520752,1.4000999927520752
1785979980,1.4004700183868408,1.4005099534988403,1.4000999927520752,1.4002000093460083
1785980040,1.4004199504852295,1.4004700183868408,1.399999976158142,1.4003299474716187
1785980100,1.400320053100586,1.4003700017929077,1.399999976158142,1.400320053100586
1785980160,1.4003299474716187,1.4004000425338745,1.399999976158142,1.4002699851989746
1785980220,1.4002799987792969,1.400339961051941,1.399899959564209,1.4002699851989746
1785980280,1.4002699851989746,1.400320053100586,1.399899959564209,1.399999976158142
1785980340,1.4002699851989746,1.4003299474716187,1.399899959564209,1.4002399444580078
1785980400,1.4002200365066528,1.400320053100586,1.399899959564209,1.4002900123596191
1785980460,1.4002799987792969,1.4003100395202637,1.399899959564209,1.4002799987792969
1785980520,1.40024995803833,1.4003299474716187,1.399899959564209,1.4002799987792969
1785980580,1.4003000259399414,1.4004000425338745,1.399999976158142,1.400320053100586
1785980640,1.4003299474716187,1.4004000425338745,1.399999976158142,1.400339961051941
1785980700,1.400339961051941,1.4004499912261963,1.399999976158142,1.400439977645874
1785980760,1.4004000425338745,1.4005199670791626,1.4000999927520752,1.4004600048065186
1785980820,1.4004499912261963,1.4005000591278076,1.4000999927520752,1.4005000591278076
1785980880,1.4004600048065186,1.4005099534988403,1.4000999927520752,1.4004600048065186
1785980940,1.4004499912261963,1.4005000591278076,1.4000999927520752,1.4000999927520752
1785981000,1.4004600048065186,1.4005099534988403,1.4000999927520752,1.400480031967163
1785981060,1.4002000093460083,1.4005000591278076,1.4000999927520752,1.400439977645874
1785981120,1.400480031967163,1.4005399942398071,1.4000999927520752,1.400480031967163
1785981180,1.400480031967163,1.4005199670791626,1.4000999927520752,1.4004499912261963
1785981240,1.4004499912261963,1.4005299806594849,1.4000999927520752,1.400480031967163
1785981300,1.400480031967163,1.4005299806594849,1.4000999927520752,1.4002000093460083
1785981360,1.4004900455474854,1.4005399942398071,1.4000999927520752,1.4005299806594849
1785981420,1.4005099534988403,1.4006500244140625,1.4002000093460083,1.4006500244140625
1785981480,1.4005999565124512,1.4006600379943848,1.4002000093460083,1.4006199836730957
1785981540,1.4006199836730957,1.4006999731063843,1.4002000093460083,1.400589942932129
1785981600,1.400589942932129,1.4007400274276733,1.4003000259399414,1.4005999565124512
1785981660,1.400589942932129,1.4007099866867065,1.4003000259399414,1.4006500244140625
1785981720,1.4006500244140625,1.4007099866867065,1.4003000259399414,1.4006400108337402
1785981780,1.4006500244140625,1.400689959526062,1.4000999927520752,1.4005399942398071
1785981840,1.4005500078201294,1.4005999565124512,1.4000999927520752,1.4005399942398071
1785981900,1.4005099534988403,1.4005399942398071,1.399999976158142,1.4002000093460083
1785981960,1.4004100561141968,1.4004600048065186,1.399999976158142,1.400439977645874
1785982020,1.4004600048065186,1.4005000591278076,1.4000999927520752,1.4004100561141968
1785982080,1.4004000425338745,1.4004900455474854,1.399999976158142,1.4000999927520752
1785982140,1.4004299640655518,1.4005199670791626,1.4000999927520752,1.4004700183868408
1785982200,1.4004700183868408,1.400589942932129,1.4000999927520752,1.4005600214004517
1785982260,1.400589942932129,1.4007200002670288,1.4003000259399414,1.4006799459457397
1785982320,1.4003000259399414,1.400730013847351,1.4003000259399414,1.4006600379943848
1785982380,1.4006999731063843,1.4007099866867065,1.4003000259399414,1.400670051574707
1785982440,1.400670051574707,1.4007999897003174,1.4003000259399414,1.4004000425338745
1785982500,1.4007600545883179,1.4008400440216064,1.4004000425338745,1.4004000425338745
1785982560,1.4007600545883179,1.4007999897003174,1.4004000425338745,1.4007099866867065
1785982620,1.4006999731063843,1.4007799625396729,1.4003000259399414,1.400730013847351
1785982680,1.4005000591278076,1.4007999897003174,1.4004000425338745,1.4004000425338745
1785982740,1.4007500410079956,1.4008100032806396,1.4004000425338745,1.4007899761199951
1785982800,1.4007500410079956,1.4007999897003174,1.4004000425338745,1.400730013847351
1785982860,1.4007500410079956,1.4007600545883179,1.4002000093460083,1.400689959526062
1785982920,1.4006600379943848,1.4007099866867065,1.4003000259399414,1.4006600379943848
1785982980,1.400689959526062,1.4007099866867065,1.4003000259399414,1.4005000591278076
1785983040,1.400689959526062,1.4007600545883179,1.4003000259399414,1.4007500410079956
1785983100,1.4007200002670288,1.4008500576019287,1.4003000259399414,1.400820016860962
1785983160,1.4007999897003174,1.400920033454895,1.4004000425338745,1.400879979133606
1785983220,1.4008699655532837,1.400920033454895,1.4005000591278076,1.400879979133606
1785983280,1.400879979133606,1.4009100198745728,1.4005000591278076,1.4005000591278076
1785983340,1.4007999897003174,1.4008400440216064,1.4003000259399414,1.4007699489593506
1785983400,1.4007999897003174,1.4008500576019287,1.4004000425338745,1.4008100032806396
1785983460,1.4007999897003174,1.4008699655532837,1.4003000259399414,1.4007400274276733
1785983520,1.4007400274276733,1.4008100032806396,1.4004000425338745,1.4007600545883179
1785983580,1.4007600545883179,1.4008100032806396,1.4004000425338745,1.4007600545883179
1785983640,1.4007699489593506,1.400820016860962,1.4004000425338745,1.4007200002670288
1785983700,1.400730013847351,1.4007600545883179,1.4003000259399414,1.4006999731063843
1785983760,1.4006999731063843,1.4007400274276733,1.4003000259399414,1.4003000259399414
1785983820,1.400670051574707,1.4007400274276733,1.4002000093460083,1.400689959526062
1785983880,1.400689959526062,1.400730013847351,1.4003000259399414,1.400670051574707
1785983940,1.4006799459457397,1.4007200002670288,1.4003000259399414,1.4006799459457397
1785984000,1.4007099866867065,1.4007999897003174,1.4003000259399414,1.4007500410079956
1785984060,1.4007400274276733,1.4007999897003174,1.4004000425338745,1.4004000425338745
1785984120,1.4007200002670288,1.4007999897003174,1.4004000425338745,1.400730013847351
1785984180,1.4007500410079956,1.4007799625396729,1.4003000259399414,1.4006799459457397
1785984240,1.4006799459457397,1.4007200002670288,1.4003000259399414,1.4004000425338745
1785984300,1.400670051574707,1.4007400274276733,1.4003000259399414,1.4007099866867065
1785984360,1.4007099866867065,1.4007500410079956,1.4003000259399414,1.4006999731063843
1785984420,1.400730013847351,1.4007500410079956,1.4003000259399414,1.4007200002670288
1785984480,1.4007200002670288,1.4008400440216064,1.4004000425338745,1.4008100032806396
1785984540,1.4008100032806396,1.4008699655532837,1.4004000425338745,1.4007799625396729
1785984600,1.4007999897003174,1.4008500576019287,1.4004000425338745,1.4007799625396729
1785984660,1.4007799625396729,1.4008300304412842,1.4004000425338745,1.4007699489593506
1785984720,1.4007600545883179,1.4008400440216064,1.4004000425338745,1.4004000425338745
1785984780,1.4007799625396729,1.4008300304412842,1.4003000259399414,1.4007500410079956
1785984840,1.4007400274276733,1.4007899761199951,1.4004000425338745,1.4005000591278076
1785984900,1.4007099866867065,1.4008899927139282,1.4004000425338745,1.4007699489593506
1785984960,1.4007699489593506,1.4008500576019287,1.4004000425338745,1.400820016860962
1785985020,1.4008400440216064,1.4008400440216064,1.4004000425338745,1.4004000425338745
1785985080,1.4007699489593506,1.4008100032806396,1.4004000425338745,1.4007400274276733
1785985140,1.4007400274276733,1.4008599519729614,1.4004000425338745,1.4005000591278076
1785985200,1.4008300304412842,1.4009000062942505,1.4005000591278076,1.4007999897003174
1785985260,1.4008100032806396,1.4009300470352173,1.4005000591278076,1.4008699655532837
1785985320,1.4005999565124512,1.40093994140625,1.4005000591278076,1.400879979133606
1785985380,1.4005999565124512,1.400920033454895,1.4004000425338745,1.400879979133606
1785985440,1.400879979133606,1.4009300470352173,1.4005000591278076,1.400879979133606
1785985500,1.400879979133606,1.400920033454895,1.4005000591278076,1.400820016860962
1785985560,1.4008400440216064,1.4009000062942505,1.4005000591278076,1.4005000591278076
1785985620,1.4008400440216064,1.4009000062942505,1.4005000591278076,1.4005000591278076
1785985680,1.4008699655532837,1.4009000062942505,1.4005000591278076,1.4008400440216064
1785985740,1.4008400440216064,1.4009000062942505,1.4005000591278076,1.4008699655532837
1785985800,1.4008699655532837,1.400920033454895,1.4005000591278076,1.4009000062942505
1785985860,1.4008599519729614,1.4009100198745728,1.4005000591278076,1.4005999565124512
1785985920,1.4008899927139282,1.400920033454895,1.4005000591278076,1.4008599519729614
1785985980,1.400879979133606,1.4009100198745728,1.4005000591278076,1.4008699655532837
1785986040,1.4008699655532837,1.40093994140625,1.4005000591278076,1.4009100198745728
1785986100,1.4009100198745728,1.4010000228881836,1.4005000591278076,1.4009599685668945
1785986160,1.4009599685668945,1.4010100364685059,1.4005999565124512,1.4005999565124512
1785986220,1.400979995727539,1.40106999874115,1.4005999565124512,1.4010599851608276
1785986280,1.4010299444198608,1.4011000394821167,1.4005999565124512,1.4010499715805054
1785986340,1.4010800123214722,1.4011000394821167,1.4006999731063843,1.4010100364685059
1785986400,1.4010100364685059,1.4011000394821167,1.4006999731063843,1.4010499715805054
1785986460,1.4010499715805054,1.4011000394821167,1.4006999731063843,1.4010100364685059
1785986520,1.4010100364685059,1.4011000394821167,1.4006999731063843,1.4010599851608276
1785986580,1.4010599851608276,1.4011199474334717,1.4006999731063843,1.401039958000183
1785986640,1.4010599851608276,1.401129961013794,1.4006999731063843,1.4010800123214722
1785986700,1.4010800123214722,1.4011199474334717,1.4005999565124512,1.4010200500488281
1785986760,1.401039958000183,1.401229977607727,1.4005999565124512,1.4011800289154053
1785986820,1.4011800289154053,1.4012099504470825,1.4007999897003174,1.401170015335083
1785986880,1.4012000560760498,1.4012199640274048,1.4007999897003174,1.4012000560760498
1785986940,1.4011800289154053,1.401229977607727,1.4005999565124512,1.4011000394821167
1785987000,1.4011000394821167,1.4011399745941162,1.4006999731063843,1.401039958000183
1785987060,1.4010499715805054,1.4011000394821167,1.4006999731063843,1.4010900259017944
1785987120,1.4010499715805054,1.401110053062439,1.4006999731063843,1.4010599851608276
1785987180,1.4010599851608276,1.4011399745941162,1.4006999731063843,1.4010900259017944
1785987240,1.4007999897003174,1.4011199474334717,1.4005999565124512,1.4010800123214722
1785987300,1.4010900259017944,1.401170015335083,1.4006999731063843,1.401129961013794
1785987360,1.401129961013794,1.4012199640274048,1.4007999897003174,1.4007999897003174
1785987420,1.401170015335083,1.4012999534606934,1.4007999897003174,1.4007999897003174
1785987480,1.4012500047683716,1.4012999534606934,1.4009000062942505,1.4009000062942505
1785987540,1.4012600183486938,1.4012999534606934,1.4009000062942505,1.4012500047683716
1785987600,1.4012900590896606,1.4013099670410156,1.4009000062942505,1.4012900590896606
1785987660,1.4012999534606934,1.4012999534606934,1.4009000062942505,1.4012600183486938
1785987720,1.4012600183486938,1.4013099670410156,1.4009000062942505,1.4012600183486938
1785987840,1.4009000062942505,1.4014099836349487,1.4009000062942505,1.4013899564743042
1785987900,1.4013500213623047,1.4014099836349487,1.4010000228881836,1.401379942893982
1785987960,1.4010000228881836,1.401419997215271,1.4010000228881836,1.401379942893982
1785988020,1.4011000394821167,1.401419997215271,1.4010000228881836,1.4011000394821167
1785988080,1.4013400077819824,1.4013999700546265,1.4010000228881836,1.4011000394821167
1785988140,1.4013400077819824,1.401360034942627,1.4009000062942505,1.4012999534606934
1785988200,1.4013099670410156,1.401360034942627,1.4010000228881836,1.4013099670410156
1785988260,1.4013099670410156,1.4013400077819824,1.4007999897003174,1.4012999534606934
1785988320,1.4013299942016602,1.4013700485229492,1.4009000062942505,1.401319980621338
1785988380,1.4012999534606934,1.4013999700546265,1.4010000228881836,1.4010000228881836
1785988440,1.401319980621338,1.401419997215271,1.4010000228881836,1.4013899564743042
1785988500,1.4013899564743042,1.40146005153656,1.4010000228881836,1.4011000394821167
1785988560,1.4013899564743042,1.4014300107955933,1.4009000062942505,1.4013999700546265
1785988620,1.401360034942627,1.4014500379562378,1.4010000228881836,1.4013999700546265
1785988680,1.401379942893982,1.4014999866485596,1.4010000228881836,1.4014099836349487
1785988740,1.4014099836349487,1.4014400243759155,1.4009000062942505,1.4009000062942505
1785988800,1.4013500213623047,1.4014099836349487,1.4010000228881836,1.4013500213623047
1785988860,1.4013099670410156,1.4013400077819824,1.4009000062942505,1.4012800455093384
1785988920,1.4012800455093384,1.4013299942016602,1.4007999897003174,1.4012800455093384
1785988980,1.4007999897003174,1.4013299942016602,1.4007999897003174,1.4012800455093384
1785989040,1.4012900590896606,1.401319980621338,1.4009000062942505,1.4012700319290161
1785989100,1.4012700319290161,1.4013700485229492,1.4009000062942505,1.4013099670410156
1785989160,1.4012999534606934,1.401360034942627,1.4010000228881836,1.4012999534606934
1785989220,1.4012999534606934,1.4013400077819824,1.4007999897003174,1.4010000228881836
1785989280,1.4012900590896606,1.4013400077819824,1.4009000062942505,1.4012800455093384
1785989340,1.4012999534606934,1.4013400077819824,1.4009000062942505,1.4013099670410156
1785989400,1.4013400077819824,1.4013999700546265,1.4009000062942505,1.4012999534606934
1785989460,1.4013099670410156,1.4013400077819824,1.4009000062942505,1.4012999534606934
1785989520,1.4012999534606934,1.4013400077819824,1.4007999897003174,1.4012600183486938
1785989580,1.4012600183486938,1.4013400077819824,1.4009000062942505,1.4012999534606934
1785989640,1.4012999534606934,1.4013299942016602,1.4009000062942505,1.4013099670410156
1785989700,1.4012800455093384,1.401319980621338,1.4009000062942505,1.4012900590896606
1785989760,1.4012800455093384,1.4013999700546265,1.4009000062942505,1.4013400077819824
1785989820,1.401319980621338,1.4013999700546265,1.4010000228881836,1.401360034942627
1785989880,1.4013700485229492,1.401419997215271,1.4010000228881836,1.401379942893982
1785989940,1.401379942893982,1.4014300107955933,1.4010000228881836,1.401379942893982
1785990000,1.4013899564743042,1.4014300107955933,1.4010000228881836,1.401379942893982
1785990060,1.4013999700546265,1.4014999866485596,1.4010000228881836,1.4014400243759155
1785990120,1.4014500379562378,1.4014999866485596,1.4011000394821167,1.4014999866485596
1785990180,1.4014699459075928,1.401520013809204,1.4011000394821167,1.4012999534606934
1785990240,1.401479959487915,1.4015100002288818,1.4011000394821167,1.4014500379562378
1785990300,1.401479959487915,1.4015100002288818,1.4011000394821167,1.40146005153656
1785990360,1.4011000394821167,1.4014999866485596,1.4011000394821167,1.4014500379562378
1785990420,1.401479959487915,1.4015100002288818,1.4011000394821167,1.40146005153656
1785990480,1.4014899730682373,1.4015300273895264,1.4011000394821167,1.401520013809204
1785990540,1.4014699459075928,1.4015400409698486,1.4011000394821167,1.4014899730682373
1785990600,1.40146005153656,1.4015100002288818,1.4011000394821167,1.401419997215271
1785990660,1.4013899564743042,1.4014400243759155,1.4009000062942505,1.4014300107955933
1785990720,1.4009000062942505,1.4014400243759155,1.4009000062942505,1.401419997215271
1785990780,1.401379942893982,1.4014999866485596,1.4010000228881836,1.4011000394821167
1785990840,1.40146005153656,1.4015100002288818,1.4011000394821167,1.4014699459075928
1785990900,1.4014500379562378,1.4015100002288818,1.4011000394821167,1.4014899730682373
1785990960,1.40146005153656,1.4014999866485596,1.4011000394821167,1.40146005153656
1785991020,1.40146005153656,1.4015100002288818,1.4011000394821167,1.4014899730682373
1785991080,1.40146005153656,1.401520013809204,1.4011000394821167,1.4014699459075928
1785991140,1.4014699459075928,1.401550054550171,1.4011000394821167,1.4015400409698486
1785991200,1.4015400409698486,1.4016000032424927,1.4012000560760498,1.4015300273895264
1785991260,1.4015300273895264,1.4015699625015259,1.4011000394821167,1.4014699459075928
1785991320,1.4014699459075928,1.401520013809204,1.4011000394821167,1.4014999866485596
1785991380,1.4014699459075928,1.401520013809204,1.4011000394821167,1.4014999866485596
1785991440,1.4014999866485596,1.401520013809204,1.4011000394821167,1.4014999866485596
1785991500,1.4014699459075928,1.4015300273895264,1.4011000394821167,1.4015300273895264
1785991560,1.401520013809204,1.401550054550171,1.4010000228881836,1.401479959487915
1785991620,1.401479959487915,1.401520013809204,1.4010000228881836,1.4014699459075928
1785991680,1.4014699459075928,1.4015100002288818,1.4011000394821167,1.40146005153656
1785991740,1.4014500379562378,1.4015100002288818,1.4011000394821167,1.4014500379562378
1785991800,1.40146005153656,1.4014999866485596,1.4011000394821167,1.40146005153656
1785991860,1.4014899730682373,1.4014899730682373,1.4010000228881836,1.401379942893982
1785991920,1.4014099836349487,1.401520013809204,1.4011000394821167,1.4011000394821167
1785991980,1.401479959487915,1.401550054550171,1.4011000394821167,1.4014999866485596
1785992040,1.4014999866485596,1.401520013809204,1.4010000228881836,1.4015100002288818
1785992100,1.401479959487915,1.401520013809204,1.4011000394821167,1.40146005153656
1785992160,1.40146005153656,1.4014899730682373,1.4011000394821167,1.40146005153656
1785992220,1.4011000394821167,1.4014699459075928,1.4011000394821167,1.4011000394821167
1785992280,1.4013999700546265,1.4014400243759155,1.4011000394821167,1.4011000394821167
1785992340,1.401419997215271,1.4014300107955933,1.4009000062942505,1.4012000560760498
1785992400,1.401379942893982,1.4014500379562378,1.4010000228881836,1.4011000394821167
1785992460,1.4014099836349487,1.4014699459075928,1.4011000394821167,1.4014500379562378
1785992520,1.401419997215271,1.4014999866485596,1.4011000394821167,1.4011000394821167
1785992580,1.4014400243759155,1.4014999866485596,1.4011000394821167,1.4014400243759155
1785992640,1.4014699459075928,1.4014999866485596,1.4011000394821167,1.4014400243759155
1785992700,1.4014500379562378,1.4015699625015259,1.4011000394821167,1.401550054550171
1785992760,1.401550054550171,1.4015799760818481,1.4011000394821167,1.4015300273895264
1785992820,1.4012999534606934,1.4015699625015259,1.4012000560760498,1.4014999866485596
1785992880,1.401520013809204,1.4016000032424927,1.4012000560760498,1.4015100002288818
1785992940,1.4015400409698486,1.4016000032424927,1.4012000560760498,1.401520013809204
1785993000,1.4015400409698486,1.4016000032424927,1.4012000560760498,1.4015699625015259
1785993060,1.4015400409698486,1.4016300439834595,1.4012000560760498,1.4015799760818481
1785993120,1.4015899896621704,1.4016599655151367,1.4012999534606934,1.4016499519348145
1785993180,1.4016499519348145,1.401729941368103,1.4012999534606934,1.4016799926757812
1785993240,1.4016799926757812,1.4017200469970703,1.4012999534606934,1.4016799926757812
1785993300,1.4016599655151367,1.4017000198364258,1.4012999534606934,1.4016599655151367
1785993360,1.4016599655151367,1.4017000198364258,1.4012999534606934,1.4016599655151367
1785993420,1.4016599655151367,1.4017000198364258,1.4012999534606934,1.4016900062561035
1785993480,1.4014999866485596,1.4017200469970703,1.4012999534606934,1.401669979095459
1785993540,1.401669979095459,1.4017000198364258,1.4012999534606934,1.4016499519348145
1785993600,1.4012999534606934,1.4017200469970703,1.4012999534606934,1.4016799926757812
1785993660,1.4017200469970703,1.4017800092697144,1.4012999534606934,1.4017200469970703
1785993720,1.4017200469970703,1.401769995689392,1.4013999700546265,1.4016799926757812
1785993780,1.4016799926757812,1.401710033416748,1.4012000560760498,1.4016300439834595
1785993840,1.4016300439834595,1.4017000198364258,1.4012999534606934,1.4016200304031372
1785993900,1.4016200304031372,1.401669979095459,1.4012999534606934,1.4016200304031372
1785993960,1.4016200304031372,1.4016499519348145,1.4011000394821167,1.4012000560760498
1785994020,1.401610016822815,1.401610016822815,1.4011000394821167,1.4015799760818481
1785994080,1.4015599489212036,1.4016200304031372,1.4012000560760498,1.4012000560760498
1785994140,1.4015899896621704,1.401669979095459,1.4012000560760498,1.4012999534606934
1785994200,1.4016300439834595,1.4017200469970703,1.4012999534606934,1.4012999534606934
1785994260,1.4016300439834595,1.4017000198364258,1.4012999534606934,1.4016300439834595
1785994320,1.4015899896621704,1.4016400575637817,1.4012000560760498,1.4015799760818481
1785994380,1.4015899896621704,1.4016400575637817,1.4011000394821167,1.4015599489212036
1785994440,1.4015799760818481,1.401610016822815,1.4011000394821167,1.401479959487915
1785994500,1.4014899730682373,1.401520013809204,1.4011000394821167,1.40146005153656
1785994560,1.40146005153656,1.4014999866485596,1.4010000228881836,1.4014099836349487
1785994620,1.4014099836349487,1.40146005153656,1.4009000062942505,1.4013400077819824
1785994680,1.4009000062942505,1.4013999700546265,1.4009000062942505,1.401319980621338
1785994740,1.401319980621338,1.4014099836349487,1.4010000228881836,1.4012999534606934
1785994800,1.4013099670410156,1.4013400077819824,1.4007999897003174,1.4011000394821167
1785994860,1.4012800455093384,1.401319980621338,1.4009000062942505,1.4011000394821167
1785994920,1.4012800455093384,1.401360034942627,1.4009000062942505,1.4012999534606934
1785994980,1.401319980621338,1.4013999700546265,1.4010000228881836,1.401360034942627
1785995040,1.4013700485229492,1.4013999700546265,1.4009000062942505,1.4012900590896606
1785995100,1.4012900590896606,1.401360034942627,1.4007999897003174,1.4012999534606934
1785995160,1.4013099670410156,1.4013400077819824,1.4009000062942505,1.4012800455093384
1785995220,1.4012700319290161,1.4012999534606934,1.4009000062942505,1.4009000062942505
1785995280,1.4012099504470825,1.4012700319290161,1.4006999731063843,1.4011600017547607
1785995340,1.4011600017547607,1.4012099504470825,1.4007999897003174,1.4011900424957275
1785995400,1.4011600017547607,1.401229977607727,1.4007999897003174,1.4010000228881836
1785995460,1.4011600017547607,1.4012000560760498,1.4007999897003174,1.4011499881744385
1785995520,1.4011499881744385,1.4011900424957275,1.4007999897003174,1.4011399745941162
1785995580,1.4011399745941162,1.4012000560760498,1.4007999897003174,1.4007999897003174
1785995640,1.4011499881744385,1.4012000560760498,1.4007999897003174,1.4011499881744385
1785995700,1.401129961013794,1.4012999534606934,1.4007999897003174,1.401229977607727
1785995760,1.4012399911880493,1.401319980621338,1.4007999897003174,1.4009000062942505
1785995820,1.4012600183486938,1.4013099670410156,1.4009000062942505,1.4011000394821167
1785995880,1.4012600183486938,1.4013099670410156,1.4007999897003174,1.4012199640274048
1785995940,1.4012600183486938,1.4012600183486938,1.4009000062942505,1.4012199640274048
1785996000,1.4012199640274048,1.4012600183486938,1.4005999565124512,1.4010599851608276
1785996060,1.4010499715805054,1.4011199474334717,1.4006999731063843,1.40106999874115
1785996120,1.4010800123214722,1.4011499881744385,1.4005999565124512,1.4009499549865723
1785996180,1.4010100364685059,1.4010200500488281,1.4005999565124512,1.4009699821472168
1785996240,1.400979995727539,1.4010100364685059,1.4005999565124512,1.400979995727539
1785996300,1.4009900093078613,1.4010100364685059,1.4005999565124512,1.400979995727539
1785996360,1.4009599685668945,1.4011000394821167,1.4005999565124512,1.4010599851608276
1785996420,1.4010599851608276,1.4011399745941162,1.4006999731063843,1.401110053062439
1785996480,1.401110053062439,1.4012000560760498,1.4007999897003174,1.4011499881744385
1785996540,1.4011199474334717,1.4011600017547607,1.4006999731063843,1.4011199474334717
1785996600,1.4011199474334717,1.4012199640274048,1.4007999897003174,1.4007999897003174
1785996660,1.4011800289154053,1.4012700319290161,1.4007999897003174,1.4012000560760498
1785996720,1.401229977607727,1.401229977607727,1.4005999565124512,1.4009699821472168
1785996780,1.4005999565124512,1.401110053062439,1.4005999565124512,1.401110053062439
1785996840,1.4011000394821167,1.4011399745941162,1.4005999565124512,1.4009699821472168
1785996900,1.4009599685668945,1.401110053062439,1.4005999565124512,1.4010599851608276
1785996960,1.4010800123214722,1.4012000560760498,1.4006999731063843,1.4007999897003174
1785997020,1.4010800123214722,1.4011499881744385,1.4006999731063843,1.4007999897003174
1785997080,1.4010900259017944,1.401129961013794,1.4005999565124512,1.4010200500488281
1785997140,1.4010499715805054,1.4012700319290161,1.4006999731063843,1.4012399911880493
1785997200,1.4011900424957275,1.4013099670410156,1.4009000062942505,1.4012500047683716
1785997260,1.4012500047683716,1.4013099670410156,1.4009000062942505,1.4009000062942505
1785997320,1.4012399911880493,1.4013299942016602,1.4009000062942505,1.4013099670410156
1785997380,1.4009000062942505,1.401360034942627,1.4009000062942505,1.4013299942016602
1785997440,1.401319980621338,1.4013400077819824,1.4009000062942505,1.4013299942016602
1785997500,1.4012900590896606,1.4014300107955933,1.4010000228881836,1.4013899564743042
1785997560,1.4013999700546265,1.4015100002288818,1.4010000228881836,1.4015100002288818
1785997620,1.4015100002288818,1.4016200304031372,1.4011000394821167,1.401550054550171
1785997680,1.4015599489212036,1.4016200304031372,1.4011000394821167,1.4013999700546265
1785997740,1.4015899896621704,1.4016599655151367,1.4012000560760498,1.4015599489212036
1785997800,1.4015599489212036,1.4016200304031372,1.4012000560760498,1.4014999866485596
1785997860,1.4014999866485596,1.4015699625015259,1.4010000228881836,1.4014699459075928
1785997920,1.4014699459075928,1.4015300273895264,1.4011000394821167,1.401520013809204
1785997980,1.4015100002288818,1.4015799760818481,1.4011000394821167,1.401520013809204
1785998040,1.4015100002288818,1.4016200304031372,1.4011000394821167,1.4016000032424927
1785998100,1.401610016822815,1.4016499519348145,1.4012000560760498,1.4016000032424927
1785998160,1.4016000032424927,1.4016599655151367,1.4011000394821167,1.4016000032424927
1785998220,1.4015699625015259,1.4016000032424927,1.4012000560760498,1.4015300273895264
1785998280,1.4012000560760498,1.4015599489212036,1.4010000228881836,1.4014699459075928
1785998340,1.401479959487915,1.4015300273895264,1.4011000394821167,1.4014899730682373
1785998400,1.4015100002288818,1.4016000032424927,1.4011000394821167,1.4013999700546265
1785998460,1.4015599489212036,1.4016499519348145,1.4012000560760498,1.4015799760818481
1785998520,1.401610016822815,1.401610016822815,1.4011000394821167,1.4014500379562378
1785998580,1.4014899730682373,1.401520013809204,1.4010000228881836,1.4013999700546265
1785998640,1.4013999700546265,1.40146005153656,1.4011000394821167,1.4013899564743042
1785998700,1.4013999700546265,1.4013999700546265,1.4010000228881836,1.4010000228881836
1785998760,1.401319980621338,1.401360034942627,1.4007999897003174,1.4010000228881836
1785998820,1.4012600183486938,1.4012999534606934,1.4009000062942505,1.4012700319290161
1785998880,1.4012700319290161,1.4013299942016602,1.4010000228881836,1.4012999534606934
1785998940,1.4012999534606934,1.4014699459075928,1.4010000228881836,1.4011000394821167
1785999000,1.4014400243759155,1.4014899730682373,1.4011000394821167,1.4012000560760498
1785999060,1.4014400243759155,1.4016200304031372,1.4012000560760498,1.401610016822815
1785999120,1.4015899896621704,1.4016200304031372,1.4012000560760498,1.4014400243759155
1785999180,1.40146005153656,1.4015100002288818,1.4010000228881836,1.4014500379562378
1785999240,1.4014500379562378,1.4015699625015259,1.4011000394821167,1.4015400409698486
1785999300,1.401550054550171,1.401610016822815,1.4012000560760498,1.4015599489212036
1785999360,1.4013999700546265,1.4016000032424927,1.4010000228881836,1.4014400243759155
1785999420,1.4014400243759155,1.40146005153656,1.4011000394821167,1.4014099836349487
1785999480,1.4014099836349487,1.4014300107955933,1.4010000228881836,1.4014099836349487
1785999540,1.401360034942627,1.4014400243759155,1.4010000228881836,1.4011000394821167
1785999600,1.4013500213623047,1.4014400243759155,1.4010000228881836,1.401360034942627
1785999660,1.4013500213623047,1.4014699459075928,1.4010000228881836,1.4014699459075928
1785999720,1.4012000560760498,1.401520013809204,1.4011000394821167,1.4014899730682373
1785999780,1.4014999866485596,1.4014999866485596,1.4010000228881836,1.4012000560760498
1785999840,1.4013700485229492,1.4014699459075928,1.4010000228881836,1.4011000394821167
1785999900,1.4014400243759155,1.4014999866485596,1.4011000394821167,1.4013999700546265
1785999960,1.4012000560760498,1.4014999866485596,1.4010000228881836,1.4014400243759155
1786000020,1.4012999534606934,1.4015100002288818,1.4011000394821167,1.4014400243759155
1786000080,1.4014400243759155,1.4015100002288818,1.4011000394821167,1.4014400243759155
1786000140,1.40146005153656,1.4015100002288818,1.4011000394821167,1.40146005153656
1786000200,1.40146005153656,1.4014999866485596,1.4009000062942505,1.4012399911880493
1786000260,1.4012399911880493,1.4012999534606934,1.4009000062942505,1.4012600183486938
1786000320,1.4010000228881836,1.4012700319290161,1.4009000062942505,1.4012399911880493
1786000380,1.4010000228881836,1.4013700485229492,1.4009000062942505,1.4012999534606934
1786000440,1.4012999534606934,1.401319980621338,1.4007999897003174,1.4012700319290161
1786000500,1.4012999534606934,1.4012999534606934,1.4006999731063843,1.4011199474334717
1786000560,1.4011000394821167,1.4011900424957275,1.4007999897003174,1.4011800289154053
1786000620,1.4011399745941162,1.4012999534606934,1.4009000062942505,1.4012500047683716
1786000680,1.4012500047683716,1.4013099670410156,1.4009000062942505,1.4010000228881836
1786000740,1.4012399911880493,1.4012999534606934,1.4009000062942505,1.4012600183486938
1786000800,1.4012600183486938,1.4012999534606934,1.4009000062942505,1.4012600183486938
1786000860,1.4012600183486938,1.4012999534606934,1.4009000062942505,1.4012600183486938
1786000920,1.4012600183486938,1.4012999534606934,1.4009000062942505,1.401229977607727
1786000980,1.4012000560760498,1.4012700319290161,1.4009000062942505,1.4012000560760498
1786001040,1.401229977607727,1.4014099836349487,1.4009000062942505,1.4012000560760498
1786001100,1.401379942893982,1.4014099836349487,1.4009000062942505,1.4012500047683716
1786001160,1.4012500047683716,1.4012999534606934,1.4009000062942505,1.4012700319290161
1786001220,1.4012500047683716,1.401360034942627,1.4009000062942505,1.4013400077819824
1786001280,1.4010000228881836,1.40146005153656,1.4010000228881836,1.4014300107955933
1786001340,1.4014300107955933,1.4014999866485596,1.4010000228881836,1.401319980621338
1786001400,1.4013400077819824,1.401479959487915,1.4010000228881836,1.4014699459075928
1786001460,1.4011000394821167,1.4014699459075928,1.4009000062942505,1.4013500213623047
1786001520,1.4013500213623047,1.4013999700546265,1.4010000228881836,1.401379942893982
1786001580,1.401360034942627,1.4014999866485596,1.4010000228881836,1.4010000228881836
1786001640,1.4014400243759155,1.401520013809204,1.4010000228881836,1.40146005153656
1786001700,1.4014699459075928,1.4015300273895264,1.4011000394821167,1.40146005153656
1786001760,1.4011000394821167,1.4016000032424927,1.4011000394821167,1.401550054550171
1786001820,1.401550054550171,1.4015899896621704,1.4010000228881836,1.40146005153656
1786001880,1.40146005153656,1.4015100002288818,1.4011000394821167,1.40146005153656
1786001940,1.40146005153656,1.4014899730682373,1.4011000394821167,1.401419997215271
1786002000,1.4014500379562378,1.4014899730682373,1.4009000062942505,1.4013500213623047
1786002060,1.4013400077819824,1.4013999700546265,1.4010000228881836,1.4013500213623047
1786002120,1.4013500213623047,1.4013899564743042,1.4010000228881836,1.4013899564743042
1786002180,1.4014300107955933,1.40146005153656,1.4011000394821167,1.4014500379562378
1786002240,1.4014300107955933,1.4014500379562378,1.4009000062942505,1.4013700485229492
1786002300,1.401360034942627,1.40146005153656,1.4010000228881836,1.4014300107955933
1786002360,1.4014099836349487,1.4014699459075928,1.4010000228881836,1.401419997215271
1786002420,1.4013999700546265,1.4014699459075928,1.4009000062942505,1.401360034942627
1786002480,1.401379942893982,1.4015899896621704,1.4011000394821167,1.4012000560760498
1786002540,1.401520013809204,1.4016000032424927,1.4012000560760498,1.4015400409698486
1786002600,1.4012000560760498,1.4015599489212036,1.4010000228881836,1.4013999700546265
1786002660,1.4011000394821167,1.4014899730682373,1.4011000394821167,1.40146005153656
1786002720,1.40146005153656,1.4014999866485596,1.4011000394821167,1.4014300107955933
1786002780,1.4014300107955933,1.401479959487915,1.4011000394821167,1.4011000394821167
1786002840,1.4013700485229492,1.4014300107955933,1.4009000062942505,1.401379942893982
1786002900,1.401360034942627,1.4013999700546265,1.4010000228881836,1.401360034942627
1786002960,1.4010000228881836,1.4013999700546265,1.4010000228881836,1.401360034942627
1786003020,1.401360034942627,1.4013999700546265,1.4010000228881836,1.4013299942016602
1786003080,1.4013299942016602,1.4013999700546265,1.4010000228881836,1.401360034942627
1786003140,1.4013700485229492,1.4013999700546265,1.4010000228881836,1.4013099670410156
1786003200,1.4012800455093384,1.4013099670410156,1.4009000062942505,1.4012500047683716
1786003260,1.4012000560760498,1.4015300273895264,1.4009000062942505,1.401479959487915
1786003320,1.4014699459075928,1.4014899730682373,1.4007999897003174,1.4010000228881836
1786003380,1.4012900590896606,1.4013400077819824,1.4009000062942505,1.4012999534606934
1786003440,1.4012999534606934,1.4013700485229492,1.4009000062942505,1.4012500047683716
1786003500,1.4012500047683716,1.4012700319290161,1.4009000062942505,1.4012099504470825
1786003560,1.4012099504470825,1.401319980621338,1.4009000062942505,1.4013099670410156
1786003620,1.4012900590896606,1.4012999534606934,1.4009000062942505,1.401229977607727
1786003680,1.4009000062942505,1.4012600183486938,1.4009000062942505,1.4011900424957275
1786003740,1.4011900424957275,1.401229977607727,1.4006999731063843,1.4009900093078613
1786003800,1.4010000228881836,1.4010299444198608,1.4004000425338745,1.4008599519729614
1786003860,1.4008500576019287,1.4009000062942505,1.4005000591278076,1.4008300304412842
1786003920,1.4008599519729614,1.4008599519729614,1.4005000591278076,1.4007699489593506
1786003980,1.4007999897003174,1.4008100032806396,1.4004000425338745,1.4007899761199951
1786004040,1.4007899761199951,1.4008699655532837,1.4004000425338745,1.4008599519729614
1786004100,1.4008300304412842,1.4008500576019287,1.4002000093460083,1.4004000425338745
1786004160,1.4006400108337402,1.4008100032806396,1.4003000259399414,1.4006799459457397
1786004220,1.400689959526062,1.4007600545883179,1.4003000259399414,1.4007200002670288
1786004280,1.4007200002670288,1.4007999897003174,1.4004000425338745,1.4007699489593506
1786004340,1.4007500410079956,1.4007699489593506,1.4002000093460083,1.4007099866867065
1786004400,1.4006799459457397,1.4007999897003174,1.4003000259399414,1.4005999565124512
1786004460,1.4007799625396729,1.4009000062942505,1.4004000425338745,1.4005999565124512
1786004520,1.4008400440216064,1.4008599519729614,1.4003000259399414,1.4007699489593506
1786004580,1.4007899761199951,1.4009000062942505,1.4004000425338745,1.4005999565124512
1786004640,1.4008500576019287,1.4008699655532837,1.4005000591278076,1.4008400440216064
1786004700,1.4008100032806396,1.4009100198745728,1.4005000591278076,1.4009000062942505
1786004760,1.4009000062942505,1.4010000228881836,1.4005000591278076,1.4009699821472168
1786004820,1.4009599685668945,1.4010000228881836,1.4005999565124512,1.4005999565124512
1786004880,1.4009499549865723,1.4011000394821167,1.4005999565124512,1.4010299444198608
1786004940,1.4010299444198608,1.401170015335083,1.4005000591278076,1.4009000062942505
1786005000,1.4011499881744385,1.4011900424957275,1.4006999731063843,1.4011199474334717
1786005060,1.4011399745941162,1.4012000560760498,1.4005999565124512,1.4010100364685059
1786005120,1.4010100364685059,1.401129961013794,1.4006999731063843,1.401110053062439
1786005180,1.4011399745941162,1.4012500047683716,1.4006999731063843,1.4011800289154053
1786005240,1.4011800289154053,1.401229977607727,1.4007999897003174,1.401129961013794
1786005300,1.4011399745941162,1.4012000560760498,1.4007999897003174,1.4011499881744385
1786005360,1.4011600017547607,1.4012800455093384,1.4007999897003174,1.4012199640274048
1786005420,1.4012199640274048,1.4012800455093384,1.4007999897003174,1.4011399745941162
1786005480,1.4007999897003174,1.4012500047683716,1.4007999897003174,1.4012399911880493
1786005540,1.4012199640274048,1.4012399911880493,1.4006999731063843,1.401170015335083
1786005600,1.401170015335083,1.4012099504470825,1.4006999731063843,1.4006999731063843
1786005660,1.4010499715805054,1.4012000560760498,1.4006999731063843,1.4011399745941162
1786005720,1.4011600017547607,1.4012000560760498,1.4007999897003174,1.4011199474334717
1786005780,1.401129961013794,1.4012000560760498,1.4007999897003174,1.4007999897003174
1786005840,1.4011499881744385,1.4012700319290161,1.4007999897003174,1.4009000062942505
1786005900,1.401229977607727,1.4012999534606934,1.4006999731063843,1.4012500047683716
1786005960,1.4012000560760498,1.4012999534606934,1.4007999897003174,1.401229977607727
1786006020,1.401229977607727,1.4014400243759155,1.4009000062942505,1.4013899564743042
1786006080,1.4011000394821167,1.4014300107955933,1.4010000228881836,1.4013400077819824
1786006140,1.4010000228881836,1.4013999700546265,1.4010000228881836,1.4013899564743042
1786006200,1.4013899564743042,1.4013899564743042,1.4007999897003174,1.4012700319290161
1786006260,1.4012700319290161,1.401360034942627,1.4010000228881836,1.401360034942627
1786006320,1.4010000228881836,1.4013899564743042,1.4007999897003174,1.4012600183486938
1786006380,1.4012700319290161,1.4012999534606934,1.4009000062942505,1.4012399911880493
1786006440,1.4012500047683716,1.4012999534606934,1.4006999731063843,1.401170015335083
1786006500,1.4011600017547607,1.4012000560760498,1.4007999897003174,1.4011499881744385
1786006560,1.4011499881744385,1.401229977607727,1.4007999897003174,1.4011399745941162
1786006620,1.4011499881744385,1.4012000560760498,1.4005999565124512,1.4006999731063843
1786006680,1.4010599851608276,1.4011000394821167,1.4006999731063843,1.401039958000183
1786006740,1.4010499715805054,1.4010800123214722,1.4006999731063843,1.4009900093078613
1786006800,1.4009900093078613,1.4011000394821167,1.4006999731063843,1.4010499715805054
1786006860,1.401039958000183,1.4011000394821167,1.4005999565124512,1.40093994140625
1786006920,1.4005999565124512,1.4010000228881836,1.4004000425338745,1.4008899927139282
1786006980,1.4008899927139282,1.4009000062942505,1.4005000591278076,1.4009000062942505
1786007040,1.4008699655532837,1.4009100198745728,1.4005000591278076,1.400879979133606
1786007100,1.4008699655532837,1.4010000228881836,1.4005000591278076,1.400879979133606
1786007160,1.4008400440216064,1.4009100198745728,1.4005000591278076,1.4006999731063843
1786007220,1.4008699655532837,1.40093994140625,1.4005000591278076,1.4008599519729614
1786007280,1.4008400440216064,1.400979995727539,1.4005000591278076,1.40093994140625
1786007340,1.4009499549865723,1.4010200500488281,1.4005999565124512,1.4009699821472168
1786007400,1.4009699821472168,1.4010000228881836,1.4004000425338745,1.4008400440216064
1786007460,1.4008500576019287,1.4009000062942505,1.4005000591278076,1.4008500576019287
1786007520,1.400879979133606,1.4009000062942505,1.4005000591278076,1.4005000591278076
1786007580,1.4007999897003174,1.4008500576019287,1.4004000425338745,1.4008100032806396
1786007640,1.4007799625396729,1.400820016860962,1.4003000259399414,1.4007699489593506
1786007700,1.4007400274276733,1.4008699655532837,1.4004000425338745,1.4005999565124512
1786007760,1.4007400274276733,1.4009000062942505,1.4004000425338745,1.4008599519729614
1786007820,1.4008599519729614,1.4010000228881836,1.4005000591278076,1.4007999897003174
1786007880,1.400979995727539,1.4010100364685059,1.4005000591278076,1.4008899927139282
1786007940,1.4008899927139282,1.4009599685668945,1.4005000591278076,1.4006999731063843
1786008000,1.4008599519729614,1.4010000228881836,1.4005999565124512,1.4009499549865723
1786008060,1.4009499549865723,1.4009699821472168,1.4005000591278076,1.4005000591278076
1786008120,1.4008300304412842,1.4008500576019287,1.4005000591278076,1.4008400440216064
1786008180,1.4005000591278076,1.4008400440216064,1.4005000591278076,1.400820016860962
1786008240,1.4005000591278076,1.4008400440216064,1.4004000425338745,1.4007999897003174
1786008300,1.400820016860962,1.4009000062942505,1.4005000591278076,1.4008500576019287
1786008360,1.4005000591278076,1.4009300470352173,1.4005000591278076,1.400879979133606
1786008420,1.400879979133606,1.4009599685668945,1.4005000591278076,1.4009300470352173
1786008480,1.4009300470352173,1.4009699821472168,1.4005000591278076,1.400879979133606
1786008540,1.4008899927139282,1.4009699821472168,1.4005999565124512,1.4005999565124512
1786008600,1.40093994140625,1.400979995727539,1.4005999565124512,1.40093994140625
1786008660,1.40093994140625,1.4010000228881836,1.4005999565124512,1.40093994140625
1786008720,1.4009599685668945,1.4010100364685059,1.4005999565124512,1.4009699821472168
1786008780,1.400979995727539,1.4010100364685059,1.4005999565124512,1.4009900093078613
1786008840,1.4009699821472168,1.40106999874115,1.4006999731063843,1.4010100364685059
1786008900,1.4010100364685059,1.4011000394821167,1.4005999565124512,1.4009300470352173
1786008960,1.4009300470352173,1.4010299444198608,1.4005999565124512,1.4010100364685059
1786009020,1.400979995727539,1.4010900259017944,1.4005000591278076,1.4010599851608276
1786009080,1.4010599851608276,1.4011199474334717,1.4005999565124512,1.4010499715805054
1786009140,1.4010499715805054,1.4010900259017944,1.4006999731063843,1.4010299444198608
1786009200,1.4010299444198608,1.4012000560760498,1.4006999731063843,1.4011600017547607
1786009260,1.4011600017547607,1.4012000560760498,1.4006999731063843,1.4010000228881836
1786009320,1.4011600017547607,1.4012000560760498,1.4007999897003174,1.4007999897003174
1786009380,1.4011499881744385,1.4012000560760498,1.4007999897003174,1.4010800123214722
1786009440,1.401110053062439,1.4011199474334717,1.4005999565124512,1.4007999897003174
1786009500,1.4010900259017944,1.4011399745941162,1.4006999731063843,1.4010100364685059
1786009560,1.4010100364685059,1.4010599851608276,1.4009699821472168,1.400979995727539
1786009620,1.400979995727539,1.4010200500488281,1.4009699821472168,1.4009900093078613
1786009680,1.4010100364685059,1.4010100364685059,1.400879979133606,1.4009100198745728
1786009740,1.4009499549865723,1.4010000228881836,1.400879979133606,1.4008899927139282
1786009800,1.4008899927139282,1.400920033454895,1.4004000425338745,1.4004000425338745
1786009860,1.4007400274276733,1.4008100032806396,1.4003000259399414,1.4007699489593506
1786009920,1.4007699489593506,1.4008100032806396,1.4004000425338745,1.4008100032806396
1786009980,1.4008100032806396,1.4008300304412842,1.4004000425338745,1.4007999897003174
1786010040,1.4007999897003174,1.4008699655532837,1.4004000425338745,1.4005999565124512
1786010100,1.4008300304412842,1.4009000062942505,1.4005000591278076,1.4005999565124512
1786010160,1.4008899927139282,1.400920033454895,1.4005000591278076,1.4006999731063843
1786010220,1.4008899927139282,1.4010000228881836,1.4005000591278076,1.4009599685668945
1786010280,1.4009900093078613,1.4010599851608276,1.4005000591278076,1.4010299444198608
1786010340,1.4010100364685059,1.401170015335083,1.4005999565124512,1.401110053062439
1786010400,1.4011399745941162,1.4011600017547607,1.4006999731063843,1.401039958000183
1786010460,1.40106999874115,1.4011000394821167,1.4005999565124512,1.4010200500488281
1786010520,1.400979995727539,1.4010299444198608,1.4005999565124512,1.4010100364685059
1786010580,1.4010000228881836,1.4010599851608276,1.4005999565124512,1.4010000228881836
1786010640,1.4010000228881836,1.4010200500488281,1.4005000591278076,1.4005999565124512
1786010700,1.40093994140625,1.4010100364685059,1.4005999565124512,1.400979995727539
1786010760,1.4009699821472168,1.4011000394821167,1.4005999565124512,1.4009900093078613
1786010820,1.400979995727539,1.40106999874115,1.4005999565124512,1.400979995727539
1786010880,1.4010100364685059,1.4010299444198608,1.4005999565124512,1.4009699821472168
1786010940,1.4009599685668945,1.4010100364685059,1.4005000591278076,1.400920033454895
1786011000,1.400920033454895,1.4010000228881836,1.4005000591278076,1.4009000062942505
1786011060,1.4009000062942505,1.4009300470352173,1.4005000591278076,1.4009000062942505
1786011120,1.4009000062942505,1.4010299444198608,1.4005999565124512,1.4010000228881836
1786011180,1.400979995727539,1.4010599851608276,1.4006999731063843,1.401039958000183
1786011240,1.40106999874115,1.401110053062439,1.4005999565124512,1.4010599851608276
1786011300,1.4010599851608276,1.4011000394821167,1.4006999731063843,1.4010599851608276
1786011360,1.4010599851608276,1.4010599851608276,1.4005000591278076,1.4009699821472168
1786011420,1.4009699821472168,1.4010599851608276,1.4006999731063843,1.4010299444198608
1786011480,1.4010299444198608,1.4010599851608276,1.4005999565124512,1.400979995727539
1786011540,1.4010000228881836,1.4010100364685059,1.4005000591278076,1.4009599685668945
1786011600,1.4010000228881836,1.4010000228881836,1.4005000591278076,1.4009100198745728
1786011660,1.400879979133606,1.400920033454895,1.4005000591278076,1.4008699655532837
1786011720,1.4008699655532837,1.400920033454895,1.4005999565124512,1.4009000062942505
1786011780,1.4009000062942505,1.400920033454895,1.4005000591278076,1.400820016860962
1786011840,1.4007899761199951,1.4008100032806396,1.4000999927520752,1.4005500078201294
1786011900,1.4005500078201294,1.400629997253418,1.4000999927520752,1.4005800485610962
1786011960,1.4003000259399414,1.400629997253418,1.4002000093460083,1.4005199670791626
1786012020,1.4005299806594849,1.4005999565124512,1.4002000093460083,1.4005299806594849
1786012080,1.4004900455474854,1.4005299806594849,1.399999976158142,1.4003700017929077
1786012140,1.40038001537323,1.4003900289535522,1.399899959564209,1.4003000259399414
1786012200,1.4003000259399414,1.4004199504852295,1.399899959564209,1.4003000259399414
1786012260,1.4003000259399414,1.400339961051941,1.399899959564209,1.399999976158142
1786012320,1.399899959564209,1.4002900123596191,1.3997999429702759,1.40024995803833
1786012380,1.4002599716186523,1.4003000259399414,1.399899959564209,1.400189995765686
1786012440,1.4002100229263306,1.4002399444580078,1.399899959564209,1.400230050086975
1786012500,1.4002000093460083,1.400230050086975,1.3997999429702759,1.400089979171753
1786012560,1.4000999927520752,1.4001599550247192,1.3997000455856323,1.400130033493042
1786012620,1.4001200199127197,1.4001400470733643,1.3997000455856323,1.4001200199127197
1786012680,1.4000799655914307,1.4002000093460083,1.3997999429702759,1.4001599550247192
1786012740,1.4001699686050415,1.4002399444580078,1.3997999429702759,1.4002200365066528
1786012800,1.399899959564209,1.40024995803833,1.399899959564209,1.4002100229263306
1786012860,1.4002100229263306,1.4002399444580078,1.399899959564209,1.400230050086975
1786012920,1.4002100229263306,1.4003299474716187,1.399899959564209,1.4003100395202637
1786012980,1.4003100395202637,1.400339961051941,1.399999976158142,1.4000999927520752
1786013040,1.4003100395202637,1.40038001537323,1.399999976158142,1.400320053100586
1786013100,1.4003000259399414,1.4003299474716187,1.399899959564209,1.399899959564209
1786013160,1.4002399444580078,1.400320053100586,1.399899959564209,1.4002699851989746
1786013220,1.4002699851989746,1.400339961051941,1.399899959564209,1.400230050086975
1786013280,1.4001799821853638,1.4002900123596191,1.3997999429702759,1.4002000093460083
1786013340,1.400189995765686,1.4002399444580078,1.3997999429702759,1.4001699686050415
1786013400,1.400130033493042,1.4002200365066528,1.3997000455856323,1.4002100229263306
1786013460,1.4001799821853638,1.400230050086975,1.3997999429702759,1.400189995765686
1786013520,1.400189995765686,1.400230050086975,1.3997000455856323,1.400189995765686
1786013580,1.400189995765686,1.400230050086975,1.3997999429702759,1.3997999429702759
1786013640,1.400189995765686,1.4002200365066528,1.3997999429702759,1.4001799821853638
1786013700,1.399999976158142,1.4002200365066528,1.3997999429702759,1.4001799821853638
1786013760,1.4001799821853638,1.4002200365066528,1.399899959564209,1.4001799821853638
1786013820,1.4002100229263306,1.4002100229263306,1.3995000123977661,1.3999799489974976
1786013880,1.3999700546264648,1.4000300168991089,1.399399995803833,1.3998700380325317
1786013940,1.3998899459838867,1.3999500274658203,1.399399995803833,1.3999199867248535
1786014000,1.3999199867248535,1.3999500274658203,1.3990999460220337,1.3996000289916992
1786014060,1.3991999626159668,1.3996299505233765,1.3990999460220337,1.3995599746704102
1786014120,1.3995800018310547,1.3996299505233765,1.3990999460220337,1.3996000289916992
1786014180,1.3995699882507324,1.3997000455856323,1.3991999626159668,1.3992999792099
1786014240,1.3996700048446655,1.3998500108718872,1.3991999626159668,1.3998199701309204
1786014300,1.3998199701309204,1.399899959564209,1.399399995803833,1.3997999429702759
1786014360,1.3998199701309204,1.399839997291565,1.3992999792099,1.3997700214385986
1786014420,1.3997600078582764,1.3998299837112427,1.3991999626159668,1.3997000455856323
1786014480,1.3997299671173096,1.3998099565505981,1.399399995803833,1.3997900485992432
1786014540,1.3998199701309204,1.399839997291565,1.399399995803833,1.3997600078582764
1786014600,1.3997700214385986,1.3998199701309204,1.3991999626159668,1.3997000455856323
1786014660,1.3997199535369873,1.3997999429702759,1.3991999626159668,1.3997000455856323
1786014720,1.39969003200531,1.3997399806976318,1.3991999626159668,1.39969003200531
1786014780,1.3997000455856323,1.3998700380325317,1.3992999792099,1.3998199701309204
1786014840,1.3998199701309204,1.3999600410461426,1.399399995803833,1.3999099731445312
1786014900,1.3999099731445312,1.3999799489974976,1.3992999792099,1.3998099565505981
1786014960,1.3997999429702759,1.3998299837112427,1.3992999792099,1.3997600078582764
1786015020,1.3997299671173096,1.399880051612854,1.3992999792099,1.3998500108718872
1786015080,1.3995000123977661,1.3999099731445312,1.3995000123977661,1.3998700380325317
1786015140,1.3998700380325317,1.3998700380325317,1.3992999792099,1.3992999792099
1786015200,1.3996200561523438,1.3997100591659546,1.3992999792099,1.39969003200531
1786015260,1.3996599912643433,1.3997000455856323,1.3990999460220337,1.3996200561523438
1786015320,1.3996000289916992,1.3996399641036987,1.3990999460220337,1.3995699882507324
1786015380,1.3995599746704102,1.3996299505233765,1.3991999626159668,1.3995800018310547
1786015440,1.3995399475097656,1.3996100425720215,1.3991999626159668,1.3995599746704102
1786015500,1.3995699882507324,1.3996000289916992,1.3990000486373901,1.3994899988174438
1786015560,1.399459958076477,1.3995200395584106,1.3990000486373901,1.3995000123977661
1786015620,1.3994699716567993,1.3996000289916992,1.3990000486373901,1.399530053138733
1786015680,1.399530053138733,1.3996100425720215,1.3991999626159668,1.399549961090088
1786015740,1.399549961090088,1.3996800184249878,1.3992999792099,1.3996399641036987
1786015800,1.3996399641036987,1.3997100591659546,1.3991999626159668,1.3996000289916992
1786015860,1.3996000289916992,1.3997199535369873,1.3992999792099,1.3997000455856323
1786015920,1.3996599912643433,1.3996800184249878,1.3991999626159668,1.399590015411377
1786015980,1.399590015411377,1.3997100591659546,1.3991999626159668,1.399399995803833
1786016040,1.3997000455856323,1.3997999429702759,1.3992999792099,1.399749994277954
1786016100,1.399749994277954,1.3997999429702759,1.399399995803833,1.399780035018921
1786016160,1.3997600078582764,1.399839997291565,1.399399995803833,1.399780035018921
1786016220,1.399780035018921,1.3998299837112427,1.399399995803833,1.3998099565505981
1786016280,1.3996000289916992,1.3999099731445312,1.3995000123977661,1.3997999429702759
1786016340,1.3998099565505981,1.3999099731445312,1.3995000123977661,1.399880051612854
1786016400,1.399899959564209,1.4000799655914307,1.3995000123977661,1.4000500440597534
1786016460,1.4000500440597534,1.400189995765686,1.3996000289916992,1.4001599550247192
1786016520,1.4001799821853638,1.4001799821853638,1.3997000455856323,1.4001200199127197
1786016580,1.4001200199127197,1.4002000093460083,1.3997000455856323,1.4001599550247192
1786016640,1.4001400470733643,1.4002000093460083,1.3997999429702759,1.399999976158142
1786016700,1.4001599550247192,1.4002000093460083,1.3997000455856323,1.400089979171753
1786016760,1.400089979171753,1.4002000093460083,1.3997999429702759,1.4001100063323975
1786016820,1.4001100063323975,1.4001200199127197,1.3997000455856323,1.4001100063323975
1786016880,1.4001200199127197,1.4002000093460083,1.3997000455856323,1.4000500440597534
1786016940,1.4000600576400757,1.4001100063323975,1.3995000123977661,1.3999300003051758
1786017000,1.3999300003051758,1.399999976158142,1.399399995803833,1.399899959564209
1786017060,1.399899959564209,1.3999300003051758,1.3992999792099,1.3992999792099
1786017120,1.3996599912643433,1.3997100591659546,1.3990000486373901,1.3991999626159668
1786017180,1.399440050125122,1.3995399475097656,1.3990000486373901,1.399459958076477
1786017240,1.399459958076477,1.3994799852371216,1.398900032043457,1.3993799686431885
1786017300,1.399399995803833,1.399530053138733,1.3990999460220337,1.3995100259780884
1786017360,1.3994899988174438,1.3995200395584106,1.3990000486373901,1.3992999792099
1786017420,1.3993099927902222,1.399359941482544,1.398800015449524,1.3992600440979004
1786017480,1.3992600440979004,1.399340033531189,1.398900032043457,1.398900032043457
1786017540,1.3992600440979004,1.3992999792099,1.398800015449524,1.3991600275039673
1786017600,1.3990000486373901,1.3993099927902222,1.398800015449524,1.3991700410842896
1786017660,1.398900032043457,1.3991700410842896,1.3985999822616577,1.3990800380706787
1786017720,1.398800015449524,1.3991299867630005,1.3985999822616577,1.3990999460220337
1786017780,1.3990999460220337,1.399109959602356,1.3985999822616577,1.3990800380706787
1786017840,1.3990800380706787,1.3994799852371216,1.398800015449524,1.399459958076477
1786017900,1.399459958076477,1.3995100259780884,1.3990000486373901,1.3994499444961548
1786017960,1.3994499444961548,1.3995100259780884,1.3990999460220337,1.3994899988174438
1786018020,1.3994799852371216,1.3996800184249878,1.3990999460220337,1.3996399641036987
1786018080,1.3996399641036987,1.399780035018921,1.3992999792099,1.3997299671173096
1786018140,1.3997100591659546,1.3997999429702759,1.3991999626159668,1.3997199535369873
1786018200,1.3997199535369873,1.3997999429702759,1.3991999626159668,1.3997600078582764
1786018260,1.3997700214385986,1.3998199701309204,1.399399995803833,1.3997600078582764
1786018320,1.3997700214385986,1.399899959564209,1.399399995803833,1.399880051612854
1786018380,1.3998600244522095,1.3999099731445312,1.3995000123977661,1.3995000123977661
1786018440,1.3998299837112427,1.4002100229263306,1.3995000123977661,1.4001699686050415
1786018500,1.4001699686050415,1.4002000093460083,1.3997000455856323,1.3997999429702759
1786018560,1.4001100063323975,1.400130033493042,1.3997000455856323,1.3997999429702759
1786018620,1.3999799489974976,1.4000200033187866,1.3992999792099,1.399780035018921
1786018680,1.3997600078582764,1.3998700380325317,1.399399995803833,1.3998299837112427
1786018740,1.3998299837112427,1.3998899459838867,1.3997600078582764,1.3998600244522095
1786018800,1.3998899459838867,1.4000200033187866,1.3998500108718872,1.3998700380325317
1786018860,1.3998700380325317,1.399999976158142,1.399839997291565,1.3999500274658203
1786018920,1.3999500274658203,1.4000300168991089,1.399880051612854,1.3998899459838867
1786018980,1.399880051612854,1.3999099731445312,1.3998199701309204,1.3998600244522095
1786019040,1.3998899459838867,1.399999976158142,1.399839997291565,1.3999700546264648
1786019100,1.399940013885498,1.4000799655914307,1.3998600244522095,1.4000699520111084
1786019160,1.4000600576400757,1.4001200199127197,1.4000200033187866,1.4000600576400757
1786019220,1.4000799655914307,1.4000999927520752,1.3999899625778198,1.4000500440597534
1786019280,1.4000500440597534,1.4000699520111084,1.399880051612854,1.3999300003051758
1786019340,1.3999300003051758,1.4001200199127197,1.3999199867248535,1.4000600576400757
1786019400,1.3999300003051758,1.4000799655914307,1.3997100591659546,1.3999600410461426
1786019460,1.3999600410461426,1.3999899625778198,1.399899959564209,1.3999600410461426
1786019520,1.3999500274658203,1.399999976158142,1.3999199867248535,1.399940013885498
1786019580,1.3999500274658203,1.4001100063323975,1.399940013885498,1.3999700546264648
1786019640,1.3999500274658203,1.399999976158142,1.399899959564209,1.3999700546264648
1786019700,1.3999799489974976,1.4000999927520752,1.3999600410461426,1.4000300168991089
1786019760,1.4000300168991089,1.400189995765686,1.399999976158142,1.4001599550247192
1786019820,1.400130033493042,1.4001799821853638,1.3997000455856323,1.3997000455856323
1786019880,1.4000699520111084,1.4000999927520752,1.3996000289916992,1.4000600576400757
1786019940,1.4000500440597534,1.4000999927520752,1.3997000455856323,1.400089979171753
1786020000,1.400089979171753,1.400149941444397,1.3995000123977661,1.4000200033187866
1786020060,1.3997000455856323,1.4000500440597534,1.3995000123977661,1.4000099897384644
1786020120,1.4000099897384644,1.4000500440597534,1.399399995803833,1.3998500108718872
1786020180,1.3998600244522095,1.3999099731445312,1.399399995803833,1.3998500108718872
1786020240,1.3998500108718872,1.3999899625778198,1.3995000123977661,1.3999300003051758
1786020300,1.399940013885498,1.4000099897384644,1.3996000289916992,1.3999099731445312
1786020360,1.3998899459838867,1.4001100063323975,1.3996000289916992,1.4000400304794312
1786020420,1.4000500440597534,1.400189995765686,1.3997000455856323,1.4001599550247192
1786020480,1.4001599550247192,1.4004199504852295,1.3997999429702759,1.4002599716186523
1786020540,1.4002699851989746,1.4005000591278076,1.399899959564209,1.4004199504852295
1786020600,1.4004499912261963,1.4007200002670288,1.4004199504852295,1.4005600214004517
1786020660,1.4005600214004517,1.4005600214004517,1.4004000425338745,1.4004100561141968
1786020720,1.4004199504852295,1.4004700183868408,1.4003299474716187,1.4004199504852295
1786020780,1.4004199504852295,1.4004700183868408,1.400339961051941,1.4004100561141968
1786020840,1.4004199504852295,1.4005000591278076,1.4004000425338745,1.4004499912261963
1786020900,1.400439977645874,1.4005500078201294,1.4004000425338745,1.4005199670791626
1786020960,1.4005099534988403,1.4005600214004517,1.4004199504852295,1.4005299806594849
1786021020,1.4005199670791626,1.400629997253418,1.4005000591278076,1.4005600214004517
1786021080,1.4005600214004517,1.400629997253418,1.4005199670791626,1.4005999565124512
1786021140,1.4005800485610962,1.4006999731063843,1.4005399942398071,1.4006799459457397
1786021200,1.4006500244140625,1.4006799459457397,1.4005199670791626,1.4005399942398071
1786021260,1.400570034980774,1.400670051574707,1.4005199670791626,1.4006600379943848
1786021320,1.400629997253418,1.4007400274276733,1.4005000591278076,1.4007099866867065
1786021380,1.4007400274276733,1.400820016860962,1.4006600379943848,1.4008100032806396
1786021440,1.4007899761199951,1.4008500576019287,1.4007200002670288,1.4007799625396729
1786021500,1.4007400274276733,1.4009499549865723,1.4007400274276733,1.4008599519729614
1786021560,1.4008899927139282,1.4009100198745728,1.4008400440216064,1.4008599519729614
1786021620,1.4008500576019287,1.4008899927139282,1.4006400108337402,1.400879979133606
1786021680,1.4008699655532837,1.4012399911880493,1.4008400440216064,1.4011800289154053
1786021740,1.4011800289154053,1.4012999534606934,1.4011000394821167,1.4012099504470825
1786021800,1.4012099504470825,1.4013999700546265,1.4011199474334717,1.4013299942016602
1786021860,1.4013099670410156,1.401769995689392,1.4012700319290161,1.401710033416748
1786021920,1.4016900062561035,1.4018100500106812,1.401479959487915,1.4016200304031372
1786021980,1.4016300439834595,1.401859998703003,1.4016000032424927,1.4018199443817139
1786022040,1.4018499851226807,1.4020500183105469,1.4016799926757812,1.4017200469970703
1786022100,1.4017200469970703,1.401769995689392,1.4015799760818481,1.401610016822815
1786022160,1.4016499519348145,1.4017599821090698,1.4016000032424927,1.4017399549484253
1786022220,1.4017200469970703,1.401960015296936,1.4017000198364258,1.4018700122833252
1786022280,1.401859998703003,1.4019700288772583,1.4018199443817139,1.401900053024292
1786022340,1.401900053024292,1.4019500017166138,1.4017599821090698,1.4017800092697144
1786022400,1.4017900228500366,1.401900053024292,1.4017599821090698,1.4018399715423584
1786022460,1.4018100500106812,1.4018800258636475,1.4017000198364258,1.4018499851226807
1786022520,1.4018299579620361,1.4019800424575806,1.4017399549484253,1.401769995689392
1786022580,1.4017599821090698,1.4018800258636475,1.4017000198364258,1.4018499851226807
1786022640,1.4018100500106812,1.4018800258636475,1.401520013809204,1.4015400409698486
1786022700,1.4015599489212036,1.401769995689392,1.401520013809204,1.4017499685287476
1786022760,1.4017399549484253,1.4018000364303589,1.4017000198364258,1.4017399549484253
1786022820,1.4017399549484253,1.401769995689392,1.4016000032424927,1.4016300439834595
1786022880,1.4016400575637817,1.4016799926757812,1.401479959487915,1.4016200304031372
1786022940,1.4015799760818481,1.401669979095459,1.4014999866485596,1.4016000032424927
1786023000,1.401610016822815,1.401859998703003,1.4016000032424927,1.4017900228500366
1786023060,1.4017800092697144,1.4019500017166138,1.4017399549484253,1.4019299745559692
1786023120,1.4019299745559692,1.4019700288772583,1.4014999866485596,1.4018399715423584
1786023180,1.4018399715423584,1.4020099639892578,1.4013999700546265,1.4019399881362915
1786023240,1.4019700288772583,1.4020299911499023,1.4014999866485596,1.4016000032424927
1786023300,1.4019099473953247,1.4020400047302246,1.4014999866485596,1.4018000364303589
1786023360,1.4014999866485596,1.4019299745559692,1.4013999700546265,1.4018900394439697
1786023420,1.4018800258636475,1.4019500017166138,1.4012999534606934,1.4018000364303589
1786023480,1.4016000032424927,1.4018399715423584,1.4012000560760498,1.4016000032424927
1786023540,1.4016200304031372,1.4018000364303589,1.4012999534606934,1.4017499685287476
1786023600,1.4013999700546265,1.4018199443817139,1.4012999534606934,1.4016799926757812
1786023660,1.401710033416748,1.401769995689392,1.4012000560760498,1.401769995689392
1786023720,1.4017499685287476,1.4018499851226807,1.4012999534606934,1.4018100500106812
1786023780,1.4018299579620361,1.4018399715423584,1.4013999700546265,1.4017599821090698
1786023840,1.4017800092697144,1.4018499851226807,1.4013999700546265,1.4017200469970703
1786023900,1.4017000198364258,1.4019700288772583,1.4013999700546265,1.401919960975647
1786023960,1.401900053024292,1.4019500017166138,1.4014999866485596,1.401919960975647
1786024020,1.401900053024292,1.4019500017166138,1.4013999700546265,1.401729941368103
1786024080,1.4017000198364258,1.4018399715423584,1.4012999534606934,1.4017800092697144
1786024140,1.4018000364303589,1.40201997756958,1.4013999700546265,1.4019800424575806
1786024200,1.4019999504089355,1.4020700454711914,1.4016000032424927,1.4020400047302246
1786024260,1.40201997756958,1.402109980583191,1.4013999700546265,1.401710033416748
1786024320,1.4017499685287476,1.4018399715423584,1.4012999534606934,1.4016400575637817
1786024380,1.4016200304031372,1.4018199443817139,1.4012999534606934,1.4016799926757812
1786024440,1.4017000198364258,1.4017499685287476,1.4012999534606934,1.4016200304031372
1786024500,1.4016200304031372,1.401669979095459,1.4012000560760498,1.4016200304031372
1786024560,1.4012999534606934,1.4016499519348145,1.4010000228881836,1.4014400243759155
1786024620,1.4014099836349487,1.4015699625015259,1.4011000394821167,1.401479959487915
1786024680,1.4015300273895264,1.4015400409698486,1.4010000228881836,1.4013500213623047
1786024740,1.401360034942627,1.4015799760818481,1.4009000062942505,1.4014999866485596
1786024800,1.4014999866485596,1.4016000032424927,1.4010000228881836,1.401319980621338
1786024860,1.401360034942627,1.401479959487915,1.4009000062942505,1.4014400243759155
1786024920,1.40146005153656,1.4016400575637817,1.4011000394821167,1.401610016822815
1786024980,1.4016200304031372,1.4017499685287476,1.4012000560760498,1.4016000032424927
1786025040,1.401610016822815,1.401669979095459,1.4011000394821167,1.4015699625015259
1786025100,1.4015400409698486,1.4017200469970703,1.4012000560760498,1.4012000560760498
1786025160,1.4016200304031372,1.4018199443817139,1.4012999534606934,1.4016599655151367
1786025220,1.4016599655151367,1.4017499685287476,1.4012000560760498,1.401710033416748
1786025280,1.4017200469970703,1.4017499685287476,1.4012000560760498,1.401610016822815
1786025340,1.4015799760818481,1.4020099639892578,1.4012999534606934,1.401900053024292
1786025400,1.4016000032424927,1.4019700288772583,1.4012999534606934,1.4018299579620361
1786025460,1.4018299579620361,1.402109980583191,1.4014999866485596,1.4019399881362915
1786025520,1.401919960975647,1.4020800590515137,1.4014999866485596,1.4020299911499023
1786025580,1.40201997756958,1.402109980583191,1.4016000032424927,1.4020299911499023
1786025640,1.4017000198364258,1.4022400379180908,1.4017000198364258,1.402209997177124
1786025700,1.401900053024292,1.402400016784668,1.4018000364303589,1.4022200107574463
1786025760,1.402209997177124,1.4023000001907349,1.4018000364303589,1.40215003490448
1786025820,1.4020999670028687,1.4022300243377686,1.4017000198364258,1.4021199941635132
1786025880,1.4021199941635132,1.4022300243377686,1.4018000364303589,1.4021899700164795
1786025940,1.4021899700164795,1.4022200107574463,1.4018000364303589,1.402109980583191
1786026000,1.4021400213241577,1.4024200439453125,1.4018000364303589,1.4023799896240234
1786026060,1.4023799896240234,1.4024399518966675,1.401900053024292,1.4023900032043457
1786026120,1.4023900032043457,1.4024399518966675,1.401900053024292,1.4023000001907349
1786026180,1.4023000001907349,1.4023699760437012,1.4018000364303589,1.4020999670028687
1786026240,1.4020999670028687,1.402169942855835,1.4018000364303589,1.402109980583191
1786026300,1.4021199941635132,1.4021600484848022,1.4017000198364258,1.402109980583191
1786026360,1.4020899534225464,1.4021600484848022,1.4018000364303589,1.4020899534225464
1786026420,1.4020899534225464,1.4021300077438354,1.4017000198364258,1.4020299911499023
1786026480,1.4020299911499023,1.4020500183105469,1.4016000032424927,1.401960015296936
1786026540,1.4019800424575806,1.4019900560379028,1.4013999700546265,1.4019099473953247
1786026600,1.4018900394439697,1.401900053024292,1.4012999534606934,1.401769995689392
1786026660,1.4017599821090698,1.4019500017166138,1.4013999700546265,1.401919960975647
1786026720,1.401919960975647,1.4021199941635132,1.4016000032424927,1.4019900560379028
1786026780,1.4019900560379028,1.4020600318908691,1.4014999866485596,1.401919960975647
1786026840,1.4019299745559692,1.4019500017166138,1.4013999700546265,1.4014999866485596
1786026900,1.4018199443817139,1.4018399715423584,1.4012999534606934,1.401729941368103
1786026960,1.4017499685287476,1.4018499851226807,1.4013999700546265,1.4014999866485596
1786027020,1.4018399715423584,1.4018499851226807,1.4013999700546265,1.401729941368103
1786027080,1.4017399549484253,1.401769995689392,1.4012999534606934,1.401669979095459
1786027140,1.4016900062561035,1.4018100500106812,1.4012000560760498,1.4017599821090698
1786027200,1.4017399549484253,1.4018000364303589,1.4012999534606934,1.4017200469970703
1786027260,1.4017200469970703,1.4017499685287476,1.4012000560760498,1.4013999700546265
1786027320,1.4016599655151367,1.4017499685287476,1.4012999534606934,1.401610016822815
1786027380,1.4013999700546265,1.401610016822815,1.4010000228881836,1.401360034942627
1786027440,1.401379942893982,1.401419997215271,1.4009000062942505,1.4013299942016602
1786027500,1.4013299942016602,1.4017399549484253,1.4010000228881836,1.4017000198364258
1786027560,1.4013999700546265,1.4018000364303589,1.4011000394821167,1.4013999700546265
1786027620,1.4017399549484253,1.401919960975647,1.4013999700546265,1.4018900394439697
1786027680,1.4018800258636475,1.40201997756958,1.4013999700546265,1.4019999504089355
1786027740,1.4019900560379028,1.40215003490448,1.4014999866485596,1.4020999670028687
1786027800,1.4020999670028687,1.4022799730300903,1.4018000364303589,1.4021600484848022
1786027860,1.4021799564361572,1.4022899866104126,1.401900053024292,1.4022200107574463
1786027920,1.4021999835968018,1.4023100137710571,1.401900053024292,1.4021400213241577
1786027980,1.4021999835968018,1.402250051498413,1.4016000032424927,1.401919960975647
1786028040,1.4018700122833252,1.4019999504089355,1.4013999700546265,1.4018199443817139
1786028100,1.4018100500106812,1.4018800258636475,1.4012999534606934,1.4017599821090698
1786028160,1.4018199443817139,1.402269959449768,1.4014999866485596,1.402250051498413
1786028220,1.402250051498413,1.4023100137710571,1.4017000198364258,1.4019299745559692
1786028280,1.4019700288772583,1.40215003490448,1.4016000032424927,1.402109980583191
1786028340,1.402109980583191,1.4021799564361572,1.4014999866485596,1.4020600318908691
1786028400,1.4020899534225464,1.4022200107574463,1.4017000198364258,1.401900053024292
1786028460,1.4021899700164795,1.4023100137710571,1.4016000032424927,1.4022899866104126
1786028520,1.4022899866104126,1.402609944343567,1.401900053024292,1.4023000001907349
1786028580,1.402459979057312,1.402519941329956,1.4019999504089355,1.4024399518966675
1786028640,1.402459979057312,1.4025100469589233,1.4019999504089355,1.4023699760437012
1786028700,1.4023799896240234,1.4024399518966675,1.401900053024292,1.4023000001907349
1786028760,1.4022899866104126,1.4023499488830566,1.4017000198364258,1.4017000198364258
1786028820,1.402169942855835,1.4024300575256348,1.4018000364303589,1.4020999670028687
1786028880,1.4023900032043457,1.4026700258255005,1.4019999504089355,1.4023000001907349
1786028940,1.402609944343567,1.4028899669647217,1.4023000001907349,1.402400016784668
1786029000,1.4027800559997559,1.4027999639511108,1.4021999835968018,1.4026999473571777
1786029060,1.4027199745178223,1.4028300046920776,1.4023000001907349,1.402809977531433
1786029120,1.402809977531433,1.403130054473877,1.402400016784668,1.4031100273132324
1786029180,1.4027999639511108,1.4031699895858765,1.4026000499725342,1.4030799865722656
1786029240,1.4031200408935547,1.4031800031661987,1.4026999473571777,1.4030799865722656
1786029300,1.4031100273132324,1.4031599760055542,1.4026999473571777,1.4030400514602661
1786029360,1.4030499458312988,1.403290033340454,1.4026999473571777,1.4032200574874878
1786029420,1.4032200574874878,1.4033700227737427,1.402899980545044,1.403290033340454
1786029480,1.4032700061798096,1.4034099578857422,1.402899980545044,1.4033399820327759
1786029540,1.4033199548721313,1.403499960899353,1.4027999639511108,1.4034600257873535
1786029600,1.403480052947998,1.403480052947998,1.402999997138977,1.403380036354065
1786029660,1.40339994430542,1.4034199714660645,1.402899980545044,1.4033199548721313
1786029720,1.4033199548721313,1.4033299684524536,1.4027999639511108,1.403249979019165
1786029780,1.4032200574874878,1.4033000469207764,1.4027999639511108,1.4032700061798096
1786029840,1.4032800197601318,1.4033399820327759,1.402899980545044,1.402899980545044
1786029900,1.4032000303268433,1.4032399654388428,1.4026999473571777,1.4030400514602661
1786029960,1.4030300378799438,1.4031000137329102,1.402500033378601,1.4030200242996216
1786030020,1.4030799865722656,1.4032299518585205,1.4026999473571777,1.4032100439071655
1786030080,1.4032299518585205,1.403290033340454,1.4026999473571777,1.4031800031661987
1786030140,1.403190016746521,1.4032800197601318,1.402899980545044,1.4032800197601318
1786030200,1.4032599925994873,1.4034299850463867,1.402899980545044,1.4033900499343872
1786030260,1.403380036354065,1.403439998626709,1.402999997138977,1.4034099578857422
1786030320,1.4031000137329102,1.4034600257873535,1.4031000137329102,1.4034099578857422
1786030380,1.4034099578857422,1.4035799503326416,1.4031000137329102,1.4035600423812866
1786030440,1.4035600423812866,1.4036999940872192,1.4032000303268433,1.4036400318145752
1786030500,1.4036600589752197,1.4037100076675415,1.4032000303268433,1.4035799503326416
1786030560,1.4035500288009644,1.4036799669265747,1.4032000303268433,1.4036200046539307
1786030620,1.4035999774932861,1.4037100076675415,1.4033000469207764,1.4035999774932861
1786030680,1.4035899639129639,1.4037100076675415,1.4033000469207764,1.4037100076675415
1786030740,1.4036799669265747,1.4037699699401855,1.4033000469207764,1.4035899639129639
1786030800,1.4035799503326416,1.403730034828186,1.4033000469207764,1.403689980506897
1786030860,1.403689980506897,1.4037699699401855,1.4033000469207764,1.4033000469207764
1786030920,1.4035700559616089,1.4036400318145752,1.4032000303268433,1.403480052947998
1786030980,1.403480052947998,1.4036200046539307,1.4032000303268433,1.4035600423812866
1786031040,1.4035799503326416,1.4035799503326416,1.4031000137329102,1.4033000469207764
1786031100,1.4034600257873535,1.4035099744796753,1.4031000137329102,1.4031000137329102
1786031160,1.4034500122070312,1.4034700393676758,1.402999997138977,1.4033600091934204
1786031220,1.4033600091934204,1.4033700227737427,1.402899980545044,1.4032700061798096
1786031280,1.4032700061798096,1.403309941291809,1.402899980545044,1.4032100439071655
1786031340,1.4032200574874878,1.4032700061798096,1.4027999639511108,1.4031800031661987
1786031400,1.4031699895858765,1.4033199548721313,1.402899980545044,1.4033199548721313
1786031460,1.4033399820327759,1.4035300016403198,1.402999997138977,1.403480052947998
1786031520,1.403480052947998,1.4035199880599976,1.4031000137329102,1.4033700227737427
1786031580,1.4032000303268433,1.4034899473190308,1.402999997138977,1.4034899473190308
1786031640,1.4034899473190308,1.4036099910736084,1.4032000303268433,1.4034600257873535
1786031700,1.4032000303268433,1.4034600257873535,1.402999997138977,1.4033199548721313
1786031760,1.402999997138977,1.403480052947998,1.402999997138977,1.4033199548721313
1786031820,1.4033199548721313,1.4033600091934204,1.4026000499725342,1.4030699729919434
1786031880,1.4030699729919434,1.403149962425232,1.4026000499725342,1.402999997138977
1786031940,1.4030300378799438,1.4031399488449097,1.4026999473571777,1.4031100273132324
1786032000,1.4030799865722656,1.4032200574874878,1.4026999473571777,1.4031599760055542
1786032060,1.4027999639511108,1.4032299518585205,1.4026999473571777,1.4027999639511108
1786032120,1.4030799865722656,1.4031699895858765,1.4026000499725342,1.402899980545044
1786032180,1.4026000499725342,1.4029899835586548,1.402500033378601,1.4027400016784668
1786032240,1.402400016784668,1.4027999639511108,1.4023000001907349,1.402500033378601
1786032300,1.402500033378601,1.4028700590133667,1.4023000001907349,1.4026700258255005
1786032360,1.4027099609375,1.4027099609375,1.4023000001907349,1.4026399850845337
1786032420,1.4026299715042114,1.4027099609375,1.4023000001907349,1.4026800394058228
1786032480,1.4026800394058228,1.4026999473571777,1.4023000001907349,1.4026600122451782
1786032540,1.4026800394058228,1.4027999639511108,1.402400016784668,1.4027700424194336
1786032600,1.4027899503707886,1.4028500318527222,1.402400016784668,1.4027199745178223
1786032660,1.4027700424194336,1.402809977531433,1.402400016784668,1.402500033378601
1786032720,1.4027400016784668,1.4028600454330444,1.402400016784668,1.4027999639511108
1786032780,1.4027999639511108,1.4029699563980103,1.4023000001907349,1.402959942817688
1786032840,1.4029300212860107,1.4029699563980103,1.402500033378601,1.4026000499725342
1786032900,1.4028600454330444,1.403059959411621,1.402500033378601,1.4030499458312988
1786032960,1.4030300378799438,1.4032100439071655,1.4026999473571777,1.403090000152588
1786033020,1.4030799865722656,1.4031100273132324,1.4026000499725342,1.4029899835586548
1786033080,1.4026000499725342,1.403059959411621,1.4020999670028687,1.4026999473571777
1786033140,1.402400016784668,1.4029200077056885,1.402400016784668,1.402899980545044
1786033200,1.4029200077056885,1.4029300212860107,1.402500033378601,1.402500033378601
1786033260,1.4026000499725342,1.402899980545044,1.402500033378601,1.402500033378601
1786033320,1.4028700590133667,1.4029200077056885,1.402500033378601,1.4028700590133667
1786033380,1.402899980545044,1.4029500484466553,1.402500033378601,1.4029200077056885
1786033440,1.4029200077056885,1.4030300378799438,1.402500033378601,1.4029799699783325
1786033500,1.4029799699783325,1.4030200242996216,1.4026000499725342,1.402940034866333
1786033560,1.4026000499725342,1.402999997138977,1.402500033378601,1.4028899669647217
1786033620,1.4028899669647217,1.402999997138977,1.4026000499725342,1.402899980545044
1786033680,1.4029200077056885,1.4029500484466553,1.4026000499725342,1.4029300212860107
1786033740,1.4029300212860107,1.402999997138977,1.402500033378601,1.402899980545044
1786033800,1.4028799533843994,1.4029300212860107,1.402500033378601,1.4028600454330444
1786033860,1.4028899669647217,1.4028899669647217,1.402500033378601,1.4028700590133667
1786033920,1.4028799533843994,1.4029300212860107,1.402500033378601,1.4028899669647217
1786033980,1.4029099941253662,1.4029300212860107,1.402500033378601,1.4028400182724
1786034040,1.4028400182724,1.402899980545044,1.402500033378601,1.4027999639511108
1786034100,1.4027800559997559,1.4028700590133667,1.402500033378601,1.4028199911117554
1786034160,1.402500033378601,1.4028400182724,1.402500033378601,1.4027999639511108
1786034220,1.4027999639511108,1.4028600454330444,1.4023000001907349,1.4026299715042114
1786034280,1.4023000001907349,1.4026700258255005,1.4020999670028687,1.4025800228118896
1786034340,1.4023000001907349,1.402609944343567,1.4021999835968018,1.4025399684906006
1786034400,1.4021999835968018,1.4026299715042114,1.4020999670028687,1.402609944343567
1786034460,1.4026199579238892,1.402649998664856,1.4023000001907349,1.4026399850845337
1786034520,1.4026399850845337,1.4026999473571777,1.4023000001907349,1.4023000001907349
1786034580,1.4026600122451782,1.4027600288391113,1.4023000001907349,1.4027299880981445
1786034640,1.4027600288391113,1.4027700424194336,1.4023000001907349,1.4026600122451782
1786034700,1.402649998664856,1.4026800394058228,1.4021999835968018,1.4026000499725342
1786034760,1.4025800228118896,1.4026299715042114,1.4021999835968018,1.4025800228118896
1786034820,1.4025800228118896,1.4026199579238892,1.4021999835968018,1.4025599956512451
1786034880,1.4025700092315674,1.4026199579238892,1.4021999835968018,1.4026000499725342
1786034940,1.4026199579238892,1.4026199579238892,1.4021999835968018,1.402590036392212
1786035000,1.4025700092315674,1.402609944343567,1.4021999835968018,1.402590036392212
1786035060,1.4025399684906006,1.4025800228118896,1.4021999835968018,1.4024800062179565
1786035120,1.4024800062179565,1.402519941329956,1.4020999670028687,1.402500033378601
1786035180,1.4024900197982788,1.4024900197982788,1.4019999504089355,1.4020999670028687
1786035240,1.4023799896240234,1.402400016784668,1.4018000364303589,1.4021899700164795
1786035300,1.402209997177124,1.4023200273513794,1.4018000364303589,1.402169942855835
1786035360,1.4021999835968018,1.4023300409317017,1.4018000364303589,1.4022799730300903
1786035420,1.4023100137710571,1.402340054512024,1.401900053024292,1.4022200107574463
1786035480,1.401900053024292,1.4023000001907349,1.401900053024292,1.4021899700164795
1786035540,1.4021999835968018,1.4022300243377686,1.401900053024292,1.402209997177124
1786035600,1.402209997177124,1.4023200273513794,1.401900053024292,1.4022799730300903
1786035660,1.4022799730300903,1.402340054512024,1.401900053024292,1.4023300409317017
1786035720,1.4023000001907349,1.4023300409317017,1.4018000364303589,1.4022899866104126
1786035780,1.4020999670028687,1.4023000001907349,1.401900053024292,1.402209997177124
1786035840,1.4022300243377686,1.4022300243377686,1.4018000364303589,1.401900053024292
1786035900,1.4021799564361572,1.4022599458694458,1.4018000364303589,1.4022200107574463
1786035960,1.4022200107574463,1.4022899866104126,1.401900053024292,1.402209997177124
1786036020,1.4021899700164795,1.4023100137710571,1.401900053024292,1.4023000001907349
1786036080,1.4022799730300903,1.402340054512024,1.401900053024292,1.4021799564361572
1786036140,1.402209997177124,1.4022300243377686,1.4018000364303589,1.4021899700164795
1786036200,1.4021799564361572,1.4021999835968018,1.4017000198364258,1.4020400047302246
1786036260,1.4020400047302246,1.4021400213241577,1.4017000198364258,1.4021199941635132
1786036320,1.4021199941635132,1.4022300243377686,1.4018000364303589,1.4021799564361572
1786036380,1.4021899700164795,1.4022200107574463,1.4018000364303589,1.4021199941635132
1786036440,1.4021400213241577,1.4022200107574463,1.4018000364303589,1.4021899700164795
1786036500,1.4021899700164795,1.4023100137710571,1.401900053024292,1.4022200107574463
1786036560,1.4021899700164795,1.4022400379180908,1.401900053024292,1.4021999835968018
1786036620,1.4022200107574463,1.402250051498413,1.401900053024292,1.4022300243377686
1786036680,1.4022300243377686,1.4023300409317017,1.401900053024292,1.4023200273513794
1786036740,1.4023100137710571,1.4023300409317017,1.401900053024292,1.401900053024292
1786036800,1.4019999504089355,1.402209997177124,1.4018000364303589,1.4021799564361572
1786036860,1.4021799564361572,1.4023200273513794,1.401900053024292,1.4022400379180908
1786036920,1.4022599458694458,1.4023000001907349,1.401900053024292,1.4022200107574463
1786036980,1.4022400379180908,1.4022799730300903,1.401900053024292,1.402269959449768
1786037040,1.4022599458694458,1.4023000001907349,1.401900053024292,1.4021600484848022
1786037100,1.4021799564361572,1.402209997177124,1.4018000364303589,1.4021300077438354
1786037160,1.4021400213241577,1.402209997177124,1.4018000364303589,1.401900053024292
1786037220,1.4021899700164795,1.4022200107574463,1.4018000364303589,1.4018000364303589
1786037280,1.4018000364303589,1.4021899700164795,1.4017000198364258,1.4020400047302246
1786037340,1.4020600318908691,1.4020800590515137,1.4014999866485596,1.4016000032424927
1786037400,1.4018800258636475,1.4020899534225464,1.4016000032424927,1.4019999504089355
1786037460,1.4019999504089355,1.4020999670028687,1.4017000198364258,1.4018000364303589
1786037520,1.4020600318908691,1.4020800590515137,1.4016000032424927,1.4019700288772583
1786037580,1.4019700288772583,1.4019999504089355,1.4016000032424927,1.4019299745559692
1786037640,1.4019299745559692,1.4019299745559692,1.4014999866485596,1.4018399715423584
1786037700,1.4014999866485596,1.4018700122833252,1.4014999866485596,1.4018399715423584
1786037760,1.4018399715423584,1.4019500017166138,1.4013999700546265,1.401900053024292
1786037820,1.4019099473953247,1.4019999504089355,1.4016000032424927,1.4018900394439697
1786037880,1.401859998703003,1.4019500017166138,1.4014999866485596,1.4017800092697144
1786037940,1.4018000364303589,1.4018299579620361,1.4013999700546265,1.4016799926757812
1786038000,1.4017000198364258,1.4018199443817139,1.4013999700546265,1.4014999866485596
1786038060,1.4018000364303589,1.4018199443817139,1.4014999866485596,1.4018100500106812
1786038120,1.4018100500106812,1.4018100500106812,1.4014999866485596,1.4018000364303589
1786038180,1.4018000364303589,1.4018100500106812,1.4013999700546265,1.4013999700546265
1786038240,1.4016900062561035,1.4017599821090698,1.4012999534606934,1.4017200469970703
1786038300,1.401710033416748,1.401729941368103,1.4013999700546265,1.4017000198364258
1786038360,1.401710033416748,1.401710033416748,1.4012999534606934,1.4016799926757812
1786038420,1.401669979095459,1.4016799926757812,1.4012000560760498,1.401520013809204
1786038480,1.4014999866485596,1.4015100002288818,1.4011000394821167,1.4014300107955933
1786038540,1.4013999700546265,1.4016200304031372,1.4011000394821167,1.401550054550171
1786038600,1.4015300273895264,1.4015799760818481,1.4012000560760498,1.4015400409698486
1786038660,1.4015400409698486,1.4016000032424927,1.4012000560760498,1.4015799760818481
1786038720,1.401610016822815,1.401610016822815,1.4012000560760498,1.4014999866485596
1786038780,1.4014999866485596,1.4015300273895264,1.4012000560760498,1.4014999866485596
1786038840,1.4014899730682373,1.401610016822815,1.4012000560760498,1.4016000032424927
1786038900,1.4016000032424927,1.4016300439834595,1.4012000560760498,1.4016000032424927
1786038960,1.401610016822815,1.4018000364303589,1.4012999534606934,1.4017399549484253
1786039020,1.4017599821090698,1.401769995689392,1.4011000394821167,1.4015300273895264
1786039080,1.401520013809204,1.4016000032424927,1.4012000560760498,1.4015899896621704
1786039140,1.4015899896621704,1.4016400575637817,1.4012999534606934,1.4012999534606934
1786039200,1.4016000032424927,1.4016200304031372,1.4011000394821167,1.40146005153656
1786039260,1.4014500379562378,1.4014999866485596,1.4011000394821167,1.4011000394821167
1786039320,1.4011000394821167,1.4014699459075928,1.4009000062942505,1.4013400077819824
1786039380,1.4011000394821167,1.4015100002288818,1.4010000228881836,1.401479959487915
1786039440,1.401479959487915,1.4015599489212036,1.4011000394821167,1.4014500379562378
1786039500,1.4014500379562378,1.4014999866485596,1.4011000394821167,1.4014400243759155
1786039560,1.4014300107955933,1.4015599489212036,1.4011000394821167,1.4015599489212036
1786039620,1.4012999534606934,1.4015599489212036,1.4012000560760498,1.401550054550171
1786039680,1.4015300273895264,1.401550054550171,1.4011000394821167,1.4012000560760498
1786039740,1.4014999866485596,1.401550054550171,1.4011000394821167,1.401479959487915
1786039800,1.4014899730682373,1.4015899896621704,1.4012000560760498,1.4015300273895264
1786039860,1.401550054550171,1.401550054550171,1.4010000228881836,1.401319980621338
1786039920,1.4012999534606934,1.4014099836349487,1.4010000228881836,1.4013700485229492
1786039980,1.4013700485229492,1.4013999700546265,1.4010000228881836,1.4013299942016602
1786040040,1.4013299942016602,1.4013899564743042,1.4010000228881836,1.4013700485229492
1786040100,1.4013400077819824,1.4013700485229492,1.4010000228881836,1.401319980621338
1786040160,1.4013400077819824,1.401360034942627,1.4007999897003174,1.4012000560760498
1786040220,1.4012000560760498,1.4012700319290161,1.4009000062942505,1.4012199640274048
1786040280,1.4012399911880493,1.4012800455093384,1.4009000062942505,1.4012700319290161
1786040340,1.4012500047683716,1.4012999534606934,1.4009000062942505,1.4012099504470825
1786040400,1.4012199640274048,1.4012600183486938,1.4009000062942505,1.401229977607727
1786040460,1.4012399911880493,1.4013299942016602,1.4009000062942505,1.4012399911880493
1786040520,1.4012500047683716,1.4014099836349487,1.4009000062942505,1.4013500213623047
1786040580,1.4011000394821167,1.4014300107955933,1.4010000228881836,1.4014099836349487
1786040640,1.4012000560760498,1.4014500379562378,1.4011000394821167,1.4013999700546265
1786040700,1.4014099836349487,1.401520013809204,1.4011000394821167,1.401520013809204
1786040760,1.401479959487915,1.401520013809204,1.4011000394821167,1.401479959487915
1786040820,1.4015100002288818,1.401520013809204,1.4011000394821167,1.4014400243759155
1786040880,1.4013999700546265,1.4014699459075928,1.4011000394821167,1.4014500379562378
1786040940,1.4014099836349487,1.4014699459075928,1.4011000394821167,1.40146005153656
1786041000,1.4014500379562378,1.4015100002288818,1.4011000394821167,1.40146005153656
1786041060,1.40146005153656,1.401520013809204,1.4011000394821167,1.4014999866485596
1786041120,1.401479959487915,1.4015300273895264,1.4012000560760498,1.401520013809204
1786041180,1.4014999866485596,1.401550054550171,1.4012000560760498,1.40146005153656
1786041240,1.4014500379562378,1.4015300273895264,1.4011000394821167,1.4014300107955933
1786041300,1.4014300107955933,1.4014999866485596,1.4011000394821167,1.4014899730682373
1786041360,1.4014899730682373,1.4014899730682373,1.4011000394821167,1.4014300107955933
1786041420,1.4014300107955933,1.4015100002288818,1.4011000394821167,1.401479959487915
1786041480,1.4014899730682373,1.4015400409698486,1.4012000560760498,1.401520013809204
1786041540,1.4012000560760498,1.4015899896621704,1.4012000560760498,1.401550054550171
1786041600,1.401550054550171,1.4015899896621704,1.4012000560760498,1.401520013809204
1786041660,1.401520013809204,1.4015400409698486,1.4012000560760498,1.4015300273895264
1786041720,1.401520013809204,1.4015799760818481,1.4012000560760498,1.401550054550171
1786041780,1.4015400409698486,1.4015599489212036,1.4011000394821167,1.4011000394821167
1786041840,1.4010000228881836,1.40146005153656,1.4010000228881836,1.4014500379562378
1786041900,1.40146005153656,1.40146005153656,1.4010000228881836,1.4013700485229492
1786041960,1.401379942893982,1.4014300107955933,1.4011000394821167,1.4014099836349487
1786042020,1.4014099836349487,1.4014500379562378,1.4010000228881836,1.4014099836349487
1786042080,1.4011000394821167,1.4014500379562378,1.4011000394821167,1.4014300107955933
1786042140,1.4014300107955933,1.40146005153656,1.4011000394821167,1.4014400243759155
1786042200,1.4014500379562378,1.4014999866485596,1.4011000394821167,1.4014500379562378
1786042260,1.401419997215271,1.4015899896621704,1.4011000394821167,1.4015599489212036
1786042320,1.4015400409698486,1.4016000032424927,1.4012000560760498,1.4015699625015259
1786042380,1.4015699625015259,1.4016000032424927,1.4012000560760498,1.4015599489212036
1786042440,1.401520013809204,1.4016000032424927,1.4012000560760498,1.401550054550171
1786042500,1.401520013809204,1.4015699625015259,1.4012000560760498,1.4015100002288818
1786042560,1.4015100002288818,1.4015300273895264,1.4011000394821167,1.4011000394821167
1786042620,1.40146005153656,1.4014999866485596,1.4011000394821167,1.4011000394821167
1786042680,1.4013400077819824,1.4013999700546265,1.4010000228881836,1.4013500213623047
1786042740,1.4010000228881836,1.401379942893982,1.4010000228881836,1.4012900590896606
1786042800,1.401319980621338,1.4013500213623047,1.4009000062942505,1.4013299942016602
1786042860,1.4012999534606934,1.4013400077819824,1.4009000062942505,1.4012500047683716
1786042920,1.4012500047683716,1.4013500213623047,1.4009000062942505,1.4013500213623047
1786042980,1.4010000228881836,1.401379942893982,1.4010000228881836,1.401360034942627
1786043040,1.4013299942016602,1.4013500213623047,1.4009000062942505,1.4012600183486938
1786043100,1.4009000062942505,1.4012999534606934,1.4009000062942505,1.4009000062942505
1786043160,1.4012399911880493,1.4012700319290161,1.4009000062942505,1.4009000062942505
1786043220,1.401229977607727,1.4012999534606934,1.4009000062942505,1.4012600183486938
1786043280,1.4012399911880493,1.4012700319290161,1.4009000062942505,1.4012399911880493
1786043340,1.4012399911880493,1.4012999534606934,1.4009000062942505,1.401229977607727
1786043400,1.401229977607727,1.401360034942627,1.4009000062942505,1.4012999534606934
1786043460,1.4012999534606934,1.401360034942627,1.4009000062942505,1.401360034942627
1786043520,1.4010000228881836,1.401419997215271,1.4010000228881836,1.4013999700546265
1786043580,1.4013999700546265,1.4014300107955933,1.4010000228881836,1.401379942893982
1786043640,1.401379942893982,1.4014500379562378,1.4010000228881836,1.4011000394821167
1786043700,1.401419997215271,1.4014300107955933,1.4010000228881836,1.401360034942627
1786043760,1.401379942893982,1.40146005153656,1.4011000394821167,1.4014300107955933
1786043820,1.4013999700546265,1.4014400243759155,1.4010000228881836,1.4010000228881836
1786043880,1.4013500213623047,1.401379942893982,1.4010000228881836,1.4010000228881836
1786043940,1.4013500213623047,1.401379942893982,1.4010000228881836,1.4013700485229492
1786044000,1.4013500213623047,1.401479959487915,1.4010000228881836,1.4014500379562378
1786044060,1.4014500379562378,1.4014699459075928,1.4011000394821167,1.4012000560760498
1786044120,1.4014300107955933,1.40146005153656,1.4011000394821167,1.4014400243759155
1786044180,1.401419997215271,1.4014999866485596,1.4011000394821167,1.4014500379562378
1786044240,1.4014699459075928,1.401710033416748,1.4011000394821167,1.401669979095459
1786044300,1.4016599655151367,1.4017800092697144,1.4012000560760498,1.401550054550171
1786044360,1.4015599489212036,1.4017399549484253,1.4012000560760498,1.401669979095459
1786044420,1.4016599655151367,1.4018100500106812,1.4012999534606934,1.4017200469970703
1786044480,1.4017200469970703,1.401769995689392,1.4012999534606934,1.401669979095459
1786044540,1.4016599655151367,1.401729941368103,1.4012999534606934,1.4016300439834595
1786044600,1.4016300439834595,1.401729941368103,1.4012999534606934,1.4014999866485596
1786044660,1.4016599655151367,1.401710033416748,1.4012999534606934,1.4016400575637817
1786044720,1.4016599655151367,1.4017000198364258,1.4012000560760498,1.4016000032424927
1786044780,1.4015799760818481,1.4016599655151367,1.4011000394821167,1.4016000032424927
1786044840,1.401610016822815,1.4016300439834595,1.4012000560760498,1.4012000560760498
1786044900,1.4015599489212036,1.4016300439834595,1.4012999534606934,1.4015899896621704
1786044960,1.401610016822815,1.4017000198364258,1.4012000560760498,1.4015799760818481
1786045020,1.4015899896621704,1.4016599655151367,1.4011000394821167,1.4016200304031372
1786045080,1.401610016822815,1.4017000198364258,1.4012999534606934,1.4013999700546265
1786045140,1.4016799926757812,1.4018000364303589,1.4012999534606934,1.4013999700546265
1786045200,1.4017599821090698,1.4018499851226807,1.4013999700546265,1.4014999866485596
1786045260,1.4018199443817139,1.401900053024292,1.4014999866485596,1.401859998703003
1786045320,1.401859998703003,1.4019999504089355,1.4016000032424927,1.401919960975647
1786045380,1.4019299745559692,1.4019999504089355,1.4016000032424927,1.4016000032424927
1786045440,1.4016000032424927,1.4019900560379028,1.4016000032424927,1.4019500017166138
1786045500,1.4019500017166138,1.4019700288772583,1.4016000032424927,1.4019399881362915
1786045560,1.4019299745559692,1.4019999504089355,1.4016000032424927,1.4019500017166138
1786045620,1.401919960975647,1.4019999504089355,1.4016000032424927,1.401960015296936
1786045680,1.4019500017166138,1.4019999504089355,1.4014999866485596,1.4018700122833252
1786045740,1.4018399715423584,1.401900053024292,1.4014999866485596,1.4018499851226807
1786045800,1.4018199443817139,1.401859998703003,1.4013999700546265,1.4018100500106812
1786045860,1.4014999866485596,1.401859998703003,1.4012000560760498,1.4016300439834595
1786045920,1.4016400575637817,1.4017000198364258,1.4012000560760498,1.4016200304031372
1786045980,1.4016300439834595,1.401669979095459,1.4010000228881836,1.4014099836349487
1786046040,1.4014099836349487,1.40146005153656,1.4010000228881836,1.401419997215271
1786046100,1.401419997215271,1.401550054550171,1.4011000394821167,1.40146005153656
1786046160,1.4014699459075928,1.4015699625015259,1.4012000560760498,1.4015699625015259
1786046220,1.4015400409698486,1.4017000198364258,1.4012000560760498,1.4016200304031372
1786046280,1.4016400575637817,1.4016599655151367,1.4012999534606934,1.4016000032424927
1786046340,1.4016000032424927,1.4016499519348145,1.4011000394821167,1.4014699459075928
1786046400,1.401479959487915,1.4014999866485596,1.4011000394821167,1.4014400243759155
1786046460,1.4014400243759155,1.4016000032424927,1.4011000394821167,1.401550054550171
1786046520,1.4014999866485596,1.4016000032424927,1.4012000560760498,1.4014999866485596
1786046580,1.4015100002288818,1.4015699625015259,1.4012000560760498,1.4014899730682373
1786046640,1.4014999866485596,1.4015300273895264,1.4011000394821167,1.401419997215271
1786046700,1.401419997215271,1.4014300107955933,1.4010000228881836,1.401360034942627
1786046760,1.4013400077819824,1.4015300273895264,1.4010000228881836,1.401379942893982
1786046820,1.401379942893982,1.4014999866485596,1.4011000394821167,1.4011000394821167
1786046880,1.4014400243759155,1.4014999866485596,1.4011000394821167,1.4014899730682373
1786046940,1.40146005153656,1.4016000032424927,1.4012000560760498,1.4015599489212036
1786047000,1.4015599489212036,1.4016400575637817,1.4012000560760498,1.4016300439834595
1786047060,1.4016000032424927,1.4016599655151367,1.4012999534606934,1.4012999534606934
1786047120,1.4016400575637817,1.4017000198364258,1.4012999534606934,1.4012999534606934
1786047180,1.4016200304031372,1.401669979095459,1.4012999534606934,1.4016200304031372
1786047240,1.4016300439834595,1.401669979095459,1.4012999534606934,1.4016400575637817
1786047300,1.4016400575637817,1.4017399549484253,1.4012999534606934,1.401729941368103
1786047360,1.401710033416748,1.4017399549484253,1.4013999700546265,1.4017000198364258
1786047420,1.4017000198364258,1.4017499685287476,1.4013999700546265,1.401710033416748
1786047480,1.4017000198364258,1.4017499685287476,1.4013999700546265,1.4017200469970703
1786047540,1.401710033416748,1.4017399549484253,1.4013999700546265,1.4017000198364258
1786047600,1.4017000198364258,1.4018000364303589,1.4013999700546265,1.4017399549484253
1786047660,1.4017399549484253,1.4018000364303589,1.4013999700546265,1.4017399549484253
1786047720,1.4017399549484253,1.4018000364303589,1.4013999700546265,1.4017599821090698
1786047780,1.401769995689392,1.4018199443817139,1.4013999700546265,1.4017399549484253
1786047840,1.401710033416748,1.4018100500106812,1.4013999700546265,1.4017800092697144
1786047900,1.4017800092697144,1.4018199443817139,1.4013999700546265,1.401729941368103
1786047960,1.4017399549484253,1.4018000364303589,1.4013999700546265,1.4014999866485596
1786048020,1.4017399549484253,1.4018000364303589,1.4013999700546265,1.4017599821090698
1786048080,1.4017200469970703,1.4017499685287476,1.4013999700546265,1.4017000198364258
1786048140,1.4017200469970703,1.4017399549484253,1.4013999700546265,1.4016900062561035
1786048200,1.4016900062561035,1.4017200469970703,1.4012999534606934,1.4016499519348145
1786048260,1.4016300439834595,1.4017000198364258,1.4012000560760498,1.401669979095459
1786048320,1.4016599655151367,1.4017000198364258,1.4012999534606934,1.4016400575637817
1786048380,1.4016200304031372,1.4016599655151367,1.4012999534606934,1.4016400575637817
1786048440,1.4016200304031372,1.401669979095459,1.4012999534606934,1.4016200304031372
1786048500,1.4016200304031372,1.4017000198364258,1.4012999534606934,1.401610016822815
1786048560,1.4016000032424927,1.4016499519348145,1.4012999534606934,1.4016300439834595
1786048620,1.401610016822815,1.4016900062561035,1.4012000560760498,1.4015599489212036
1786048680,1.401550054550171,1.4016599655151367,1.4012000560760498,1.4016200304031372
1786048740,1.4016200304031372,1.4017000198364258,1.4012999534606934,1.4016300439834595
1786048800,1.4016300439834595,1.4016599655151367,1.4012999534606934,1.4016200304031372
1786048860,1.4016300439834595,1.401669979095459,1.4012999534606934,1.4016200304031372
1786048920,1.4016200304031372,1.4016300439834595,1.4011000394821167,1.4016200304031372
1786048980,1.4013999700546265,1.4016000032424927,1.4012000560760498,1.401479959487915
1786049040,1.4014899730682373,1.4015300273895264,1.4012000560760498,1.4014699459075928
1786049100,1.4014699459075928,1.401520013809204,1.4009000062942505,1.4014099836349487
1786049160,1.4014099836349487,1.4014500379562378,1.4009000062942505,1.4013500213623047
1786049220,1.4013500213623047,1.4013700485229492,1.4007999897003174,1.4011000394821167
1786049280,1.4013099670410156,1.4013500213623047,1.4007999897003174,1.4013099670410156
1786049340,1.4013099670410156,1.4013999700546265,1.4007999897003174,1.4013500213623047
1786049400,1.4009000062942505,1.4013700485229492,1.4007999897003174,1.4012900590896606
1786049460,1.4012600183486938,1.4013299942016602,1.4007999897003174,1.4012600183486938
1786049520,1.4012199640274048,1.401360034942627,1.4007999897003174,1.4012500047683716
1786049580,1.401229977607727,1.4012999534606934,1.4007999897003174,1.4012500047683716
1786049640,1.4013099670410156,1.4013099670410156,1.4007999897003174,1.4012800455093384
1786049700,1.4012600183486938,1.4013500213623047,1.4007999897003174,1.4012600183486938
1786049760,1.4012500047683716,1.4014999866485596,1.4007999897003174,1.4013899564743042
1786049820,1.4013899564743042,1.4014400243759155,1.4007999897003174,1.401319980621338
1786049880,1.401360034942627,1.401379942893982,1.4007999897003174,1.4010000228881836
1786049940,1.4012399911880493,1.4013500213623047,1.4007999897003174,1.4011499881744385
1786050000,1.4011499881744385,1.401170015335083,1.4007999897003174,1.401170015335083
1786050060,1.4010000228881836,1.4011900424957275,1.4009000062942505,1.4009000062942505
1786050120,1.4010000228881836,1.401229977607727,1.4009000062942505,1.401229977607727
1786050180,1.4010000228881836,1.401170015335083,1.4010000228881836,1.401170015335083
1786050240,1.4010000228881836,1.4010000228881836,1.4010000228881836,1.4010000228881836
1786050300,1.4009000062942505,1.4010000228881836,1.4009000062942505,1.4010000228881836
1786050360,1.4010000228881836,1.4010200500488281,1.40093994140625,1.4010200500488281
1786050420,1.4011000394821167,1.4011000394821167,1.40093994140625,1.40093994140625
1786050480,1.400920033454895,1.4011399745941162,1.4009000062942505,1.4011000394821167
1786050540,1.4011199474334717,1.4011199474334717,1.4006999731063843,1.400879979133606
1786050600,1.400879979133606,1.4009000062942505,1.4004000425338745,1.4007999897003174
1786050660,1.400879979133606,1.4009000062942505,1.4005000591278076,1.4005999565124512
1786050720,1.4008100032806396,1.4010000228881836,1.4004000425338745,1.4010000228881836
1786050780,1.400879979133606,1.4010000228881836,1.4005000591278076,1.4007999897003174
1786050840,1.4008899927139282,1.4010000228881836,1.4006999731063843,1.4007999897003174
1786050900,1.400879979133606,1.4010000228881836,1.4005999565124512,1.4008899927139282
1786050960,1.4008899927139282,1.4011499881744385,1.4006999731063843,1.4010000228881836
1786051020,1.4009300470352173,1.4010000228881836,1.4007999897003174,1.4008899927139282
1786051080,1.4007999897003174,1.40106999874115,1.4007999897003174,1.4009000062942505
1786051140,1.400879979133606,1.4010000228881836,1.4007999897003174,1.4008400440216064
1786051200,1.400879979133606,1.4010000228881836,1.4005999565124512,1.4005999565124512
1786051260,1.4005999565124512,1.4010000228881836,1.4005999565124512,1.4009499549865723
1786051320,1.4009499549865723,1.4010000228881836,1.4007999897003174,1.4009300470352173
1786051380,1.4009300470352173,1.4010000228881836,1.4007999897003174,1.4009000062942505
1786051440,1.4010000228881836,1.4010000228881836,1.4007999897003174,1.4009300470352173
1786051500,1.4007999897003174,1.4010000228881836,1.4007999897003174,1.4009100198745728
1786051560,1.4009100198745728,1.4010000228881836,1.4005999565124512,1.40093994140625
1786051620,1.40093994140625,1.4010000228881836,1.4009000062942505,1.4009000062942505
1786051680,1.400920033454895,1.4010000228881836,1.4005999565124512,1.4009000062942505
1786051740,1.4009300470352173,1.4010000228881836,1.4005999565124512,1.400920033454895
1786051800,1.400879979133606,1.4011000394821167,1.4005999565124512,1.400979995727539
1786051860,1.400979995727539,1.4010000228881836,1.4006999731063843,1.4009000062942505
1786051920,1.4010100364685059,1.4010499715805054,1.4009000062942505,1.40093994140625
1786051980,1.4009599685668945,1.4010299444198608,1.4005000591278076,1.400979995727539
1786052040,1.4010299444198608,1.4011000394821167,1.4005999565124512,1.4009000062942505
1786052100,1.4011000394821167,1.4011000394821167,1.4009000062942505,1.4010299444198608
1786052160,1.4011000394821167,1.4012000560760498,1.4009000062942505,1.401110053062439
1786052220,1.401110053062439,1.4012000560760498,1.4007999897003174,1.401110053062439
1786052280,1.4010800123214722,1.401229977607727,1.4007999897003174,1.4012099504470825
1786052340,1.4012999534606934,1.4012999534606934,1.4010800123214722,1.4011900424957275
1786052400,1.4011000394821167,1.4012999534606934,1.4007999897003174,1.4010000228881836
1786052460,1.4012000560760498,1.4012199640274048,1.4007999897003174,1.4007999897003174
1786052520,1.4012999534606934,1.4012999534606934,1.4007999897003174,1.4011000394821167
1786052580,1.4012000560760498,1.4012999534606934,1.4011000394821167,1.4012000560760498
1786052640,1.4012000560760498,1.4012999534606934,1.4009000062942505,1.4011800289154053
1786052700,1.4011800289154053,1.4012999534606934,1.4009000062942505,1.4012099504470825
1786052760,1.4012999534606934,1.4012999534606934,1.4007999897003174,1.4012199640274048
1786052820,1.4012999534606934,1.4012999534606934,1.4007999897003174,1.4012500047683716
1786052880,1.401229977607727,1.4013099670410156,1.4011000394821167,1.4012199640274048
1786052940,1.4012999534606934,1.4012999534606934,1.4007999897003174,1.4011000394821167
1786053000,1.4012999534606934,1.4012999534606934,1.4011000394821167,1.4011399745941162
1786053060,1.4011800289154053,1.4012999534606934,1.4007999897003174,1.4011399745941162
1786053120,1.4011800289154053,1.4012999534606934,1.4011000394821167,1.4011900424957275
1786053180,1.4012999534606934,1.4012999534606934,1.4011000394821167,1.4011000394821167
1786053240,1.4011800289154053,1.4013099670410156,1.4011000394821167,1.4012000560760498
1786053300,1.4012999534606934,1.4012999534606934,1.4011000394821167,1.4012000560760498
1786053360,1.401229977607727,1.4012999534606934,1.4011600017547607,1.4012000560760498
1786053420,1.4012600183486938,1.4012999534606934,1.4011000394821167,1.4012000560760498
1786053480,1.4011000394821167,1.4012999534606934,1.4011000394821167,1.4011000394821167
1786053540,1.4012199640274048,1.4012999534606934,1.4006999731063843,1.4011000394821167
