time,open,high,low,close
1785794400,1.151543140411377,1.151543140411377,1.151543140411377,1.151543140411377
1785794460,1.1512778997421265,1.1512778997421265,1.1512778997421265,1.1512778997421265
1785794520,1.151145339012146,1.151145339012146,1.151145339012146,1.151145339012146
1785794580,1.151012897491455,1.151012897491455,1.151012897491455,1.151012897491455
1785794640,1.151145339012146,1.151145339012146,1.151145339012146,1.151145339012146
1785794700,1.151145339012146,1.151145339012146,1.151145339012146,1.151145339012146
1785794760,1.151145339012146,1.151145339012146,1.151145339012146,1.151145339012146
1785794820,1.151145339012146,1.151145339012146,1.151145339012146,1.151145339012146
1785794880,1.151145339012146,1.151145339012146,1.151145339012146,1.151145339012146
1785794940,1.151145339012146,1.151145339012146,1.151145339012146,1.151145339012146
1785795000,1.151012897491455,1.151012897491455,1.151012897491455,1.151012897491455
1785795060,1.151145339012146,1.151145339012146,1.151145339012146,1.151145339012146
1785795120,1.151145339012146,1.151145339012146,1.151145339012146,1.151145339012146
1785795180,1.151012897491455,1.151012897491455,1.151012897491455,1.151012897491455
1785795240,1.151012897491455,1.151012897491455,1.151012897491455,1.151012897491455
1785795300,1.151145339012146,1.151145339012146,1.151145339012146,1.151145339012146
1785795360,1.151145339012146,1.151145339012146,1.151145339012146,1.151145339012146
1785795420,1.151145339012146,1.151145339012146,1.151145339012146,1.151145339012146
1785795480,1.151145339012146,1.151145339012146,1.151145339012146,1.151145339012146
1785795540,1.151145339012146,1.151145339012146,1.151145339012146,1.151145339012146
1785795600,1.151145339012146,1.151145339012146,1.151145339012146,1.151145339012146
1785795660,1.151145339012146,1.151145339012146,1.151145339012146,1.151145339012146
1785795720,1.151145339012146,1.151145339012146,1.151145339012146,1.151145339012146
1785795780,1.151145339012146,1.151145339012146,1.151145339012146,1.151145339012146
1785795840,1.151145339012146,1.151145339012146,1.151145339012146,1.151145339012146
1785795900,1.151145339012146,1.151145339012146,1.151145339012146,1.151145339012146
1785795960,1.151145339012146,1.151145339012146,1.151145339012146,1.151145339012146
1785796020,1.151145339012146,1.151145339012146,1.151145339012146,1.151145339012146
1785796080,1.151145339012146,1.151145339012146,1.151145339012146,1.151145339012146
1785796140,1.151012897491455,1.151012897491455,1.151012897491455,1.151012897491455
1785796200,1.151145339012146,1.151145339012146,1.151145339012146,1.151145339012146
1785796260,1.151145339012146,1.151145339012146,1.151145339012146,1.151145339012146
1785796320,1.151145339012146,1.151145339012146,1.151145339012146,1.151145339012146
1785796380,1.151145339012146,1.151145339012146,1.151145339012146,1.151145339012146
1785796440,1.151145339012146,1.151145339012146,1.151145339012146,1.151145339012146
1785796500,1.151145339012146,1.151145339012146,1.151145339012146,1.151145339012146
1785796560,1.151145339012146,1.151145339012146,1.151145339012146,1.151145339012146
1785796620,1.151012897491455,1.151012897491455,1.151012897491455,1.151012897491455
1785796680,1.151145339012146,1.151145339012146,1.151145339012146,1.151145339012146
1785796740,1.151145339012146,1.151145339012146,1.151145339012146,1.151145339012146
1785796800,1.151145339012146,1.151145339012146,1.151145339012146,1.151145339012146
1785796860,1.151145339012146,1.151145339012146,1.151145339012146,1.151145339012146
1785796920,1.151145339012146,1.151145339012146,1.151145339012146,1.151145339012146
1785796980,1.151145339012146,1.151145339012146,1.151145339012146,1.151145339012146
1785797040,1.151145339012146,1.151145339012146,1.151145339012146,1.151145339012146
1785797100,1.151145339012146,1.151145339012146,1.151145339012146,1.151145339012146
1785797160,1.151145339012146,1.151145339012146,1.151145339012146,1.151145339012146
1785797220,1.151145339012146,1.151145339012146,1.151145339012146,1.151145339012146
1785797280,1.151145339012146,1.151145339012146,1.151145339012146,1.151145339012146
1785797340,1.1512778997421265,1.1512778997421265,1.1512778997421265,1.1512778997421265
1785797400,1.151145339012146,1.151145339012146,1.151145339012146,1.151145339012146
1785797460,1.1512778997421265,1.1512778997421265,1.1512778997421265,1.1512778997421265
1785797520,1.1512778997421265,1.1512778997421265,1.1512778997421265,1.1512778997421265
1785797580,1.1512778997421265,1.1512778997421265,1.1512778997421265,1.1512778997421265
1785797640,1.1512778997421265,1.1512778997421265,1.1512778997421265,1.1512778997421265
1785797700,1.1512778997421265,1.1512778997421265,1.1512778997421265,1.1512778997421265
1785797760,1.151145339012146,1.151145339012146,1.151145339012146,1.151145339012146
1785797820,1.1512778997421265,1.1512778997421265,1.1512778997421265,1.1512778997421265
1785797880,1.151145339012146,1.151145339012146,1.151145339012146,1.151145339012146
1785798000,1.1512778997421265,1.1512778997421265,1.1512778997421265,1.1512778997421265
1785798060,1.151145339012146,1.151145339012146,1.151145339012146,1.151145339012146
1785798120,1.151145339012146,1.151145339012146,1.151145339012146,1.151145339012146
1785798180,1.151145339012146,1.151145339012146,1.151145339012146,1.151145339012146
1785798240,1.151145339012146,1.151145339012146,1.151145339012146,1.151145339012146
1785798300,1.1512778997421265,1.1512778997421265,1.1512778997421265,1.1512778997421265
1785798360,1.1512778997421265,1.1512778997421265,1.1512778997421265,1.1512778997421265
1785798420,1.1512778997421265,1.1512778997421265,1.1512778997421265,1.1512778997421265
1785798480,1.151145339012146,1.151145339012146,1.151145339012146,1.151145339012146
1785798540,1.1512778997421265,1.1512778997421265,1.1512778997421265,1.1512778997421265
1785798600,1.1512778997421265,1.1512778997421265,1.1512778997421265,1.1512778997421265
1785798660,1.1512778997421265,1.1512778997421265,1.1512778997421265,1.1512778997421265
1785798720,1.1512778997421265,1.1512778997421265,1.1512778997421265,1.1512778997421265
1785798780,1.1512778997421265,1.1512778997421265,1.1512778997421265,1.1512778997421265
1785798840,1.1512778997421265,1.1512778997421265,1.1512778997421265,1.1512778997421265
1785798900,1.1512778997421265,1.1512778997421265,1.1512778997421265,1.1512778997421265
1785798960,1.151410460472107,1.151410460472107,1.151410460472107,1.151410460472107
1785799020,1.151410460472107,1.151410460472107,1.151410460472107,1.151410460472107
1785799080,1.1512778997421265,1.1512778997421265,1.1512778997421265,1.1512778997421265
1785799140,1.1512778997421265,1.1512778997421265,1.1512778997421265,1.1512778997421265
1785799200,1.1512778997421265,1.1512778997421265,1.1512778997421265,1.1512778997421265
1785799260,1.1512778997421265,1.1512778997421265,1.1512778997421265,1.1512778997421265
1785799320,1.1512778997421265,1.1512778997421265,1.1512778997421265,1.1512778997421265
1785799380,1.1512778997421265,1.1512778997421265,1.1512778997421265,1.1512778997421265
1785799440,1.1512778997421265,1.1512778997421265,1.1512778997421265,1.1512778997421265
1785799500,1.1512778997421265,1.1512778997421265,1.1512778997421265,1.1512778997421265
1785799560,1.1512778997421265,1.1512778997421265,1.1512778997421265,1.1512778997421265
1785799620,1.1512778997421265,1.1512778997421265,1.1512778997421265,1.1512778997421265
1785799680,1.1512778997421265,1.1512778997421265,1.1512778997421265,1.1512778997421265
1785799740,1.1512778997421265,1.1512778997421265,1.1512778997421265,1.1512778997421265
1785799800,1.1512778997421265,1.1512778997421265,1.1512778997421265,1.1512778997421265
1785799860,1.1512778997421265,1.1512778997421265,1.1512778997421265,1.1512778997421265
1785799920,1.1512778997421265,1.1512778997421265,1.1512778997421265,1.1512778997421265
1785799980,1.1512778997421265,1.1512778997421265,1.1512778997421265,1.1512778997421265
1785800040,1.1512778997421265,1.1512778997421265,1.1512778997421265,1.1512778997421265
1785800100,1.151145339012146,1.151145339012146,1.151145339012146,1.151145339012146
1785800160,1.151145339012146,1.151145339012146,1.151145339012146,1.151145339012146
1785800220,1.151145339012146,1.151145339012146,1.151145339012146,1.151145339012146
1785800280,1.151145339012146,1.151145339012146,1.151145339012146,1.151145339012146
1785800340,1.151145339012146,1.151145339012146,1.151145339012146,1.151145339012146
1785800400,1.151145339012146,1.151145339012146,1.151145339012146,1.151145339012146
1785800460,1.151145339012146,1.151145339012146,1.151145339012146,1.151145339012146
1785800520,1.151012897491455,1.151012897491455,1.151012897491455,1.151012897491455
1785800580,1.151145339012146,1.151145339012146,1.151145339012146,1.151145339012146
1785800640,1.151145339012146,1.151145339012146,1.151145339012146,1.151145339012146
1785800700,1.151145339012146,1.151145339012146,1.151145339012146,1.151145339012146
1785800760,1.151012897491455,1.151012897491455,1.151012897491455,1.151012897491455
1785800820,1.151145339012146,1.151145339012146,1.151145339012146,1.151145339012146
1785800880,1.151012897491455,1.151012897491455,1.151012897491455,1.151012897491455
1785800940,1.151145339012146,1.151145339012146,1.151145339012146,1.151145339012146
1785801000,1.151012897491455,1.151012897491455,1.151012897491455,1.151012897491455
1785801060,1.151012897491455,1.151012897491455,1.151012897491455,1.151012897491455
1785801120,1.151012897491455,1.151012897491455,1.151012897491455,1.151012897491455
1785801180,1.151012897491455,1.151012897491455,1.151012897491455,1.151012897491455
1785801240,1.151012897491455,1.151012897491455,1.151012897491455,1.151012897491455
1785801300,1.151012897491455,1.151012897491455,1.151012897491455,1.151012897491455
1785801360,1.151145339012146,1.151145339012146,1.151145339012146,1.151145339012146
1785801420,1.151012897491455,1.151012897491455,1.151012897491455,1.151012897491455
1785801480,1.151012897491455,1.151012897491455,1.151012897491455,1.151012897491455
1785801540,1.151012897491455,1.151012897491455,1.151012897491455,1.151012897491455
1785801600,1.151145339012146,1.151145339012146,1.151145339012146,1.151145339012146
1785801660,1.1512778997421265,1.1512778997421265,1.1512778997421265,1.1512778997421265
1785801720,1.1512778997421265,1.1512778997421265,1.1512778997421265,1.1512778997421265
1785801780,1.1512778997421265,1.1512778997421265,1.1512778997421265,1.1512778997421265
1785801840,1.151410460472107,1.151410460472107,1.151410460472107,1.151410460472107
1785801900,1.1512778997421265,1.1512778997421265,1.1512778997421265,1.1512778997421265
1785801960,1.1512778997421265,1.1512778997421265,1.1512778997421265,1.1512778997421265
1785802020,1.151410460472107,1.151410460472107,1.151410460472107,1.151410460472107
1785802080,1.151543140411377,1.151543140411377,1.151543140411377,1.151543140411377
1785802140,1.1516757011413574,1.1516757011413574,1.1516757011413574,1.1516757011413574
1785802200,1.151410460472107,1.151410460472107,1.151410460472107,1.151410460472107
1785802260,1.151410460472107,1.151410460472107,1.151410460472107,1.151410460472107
1785802320,1.151410460472107,1.151410460472107,1.151410460472107,1.151410460472107
1785802380,1.151410460472107,1.151410460472107,1.151410460472107,1.151410460472107
1785802440,1.1512778997421265,1.1512778997421265,1.1512778997421265,1.1512778997421265
1785802500,1.1512778997421265,1.1512778997421265,1.1512778997421265,1.1512778997421265
1785802560,1.151410460472107,1.151410460472107,1.151410460472107,1.151410460472107
1785802620,1.1512778997421265,1.1512778997421265,1.1512778997421265,1.1512778997421265
1785802680,1.151410460472107,1.151410460472107,1.151410460472107,1.151410460472107
1785802740,1.151410460472107,1.151410460472107,1.151410460472107,1.151410460472107
1785802800,1.151543140411377,1.151543140411377,1.151543140411377,1.151543140411377
1785802860,1.151543140411377,1.151543140411377,1.151543140411377,1.151543140411377
1785802920,1.151410460472107,1.151410460472107,1.151410460472107,1.151410460472107
1785802980,1.151543140411377,1.151543140411377,1.151543140411377,1.151543140411377
1785803040,1.151543140411377,1.151543140411377,1.151543140411377,1.151543140411377
1785803100,1.151543140411377,1.151543140411377,1.151543140411377,1.151543140411377
1785803160,1.151543140411377,1.151543140411377,1.151543140411377,1.151543140411377
1785803220,1.151543140411377,1.151543140411377,1.151543140411377,1.151543140411377
1785803280,1.151543140411377,1.151543140411377,1.151543140411377,1.151543140411377
1785803340,1.151543140411377,1.151543140411377,1.151543140411377,1.151543140411377
1785803400,1.151410460472107,1.151410460472107,1.151410460472107,1.151410460472107
1785803460,1.151410460472107,1.151410460472107,1.151410460472107,1.151410460472107
1785803520,1.151543140411377,1.151543140411377,1.151543140411377,1.151543140411377
1785803580,1.1516757011413574,1.1516757011413574,1.1516757011413574,1.1516757011413574
1785803640,1.1516757011413574,1.1516757011413574,1.1516757011413574,1.1516757011413574
1785803700,1.1516757011413574,1.1516757011413574,1.1516757011413574,1.1516757011413574
1785803760,1.1516757011413574,1.1516757011413574,1.1516757011413574,1.1516757011413574
1785803820,1.1516757011413574,1.1516757011413574,1.1516757011413574,1.1516757011413574
1785803880,1.1516757011413574,1.1516757011413574,1.1516757011413574,1.1516757011413574
1785803940,1.1518083810806274,1.1518083810806274,1.1518083810806274,1.1518083810806274
1785804000,1.1516757011413574,1.1516757011413574,1.1516757011413574,1.1516757011413574
1785804060,1.1516757011413574,1.1516757011413574,1.1516757011413574,1.1516757011413574
1785804120,1.1516757011413574,1.1516757011413574,1.1516757011413574,1.1516757011413574
1785804180,1.151543140411377,1.151543140411377,1.151543140411377,1.151543140411377
1785804240,1.151543140411377,1.151543140411377,1.151543140411377,1.151543140411377
1785804300,1.151543140411377,1.151543140411377,1.151543140411377,1.151543140411377
1785804360,1.151543140411377,1.151543140411377,1.151543140411377,1.151543140411377
1785804420,1.151410460472107,1.151410460472107,1.151410460472107,1.151410460472107
1785804480,1.1512778997421265,1.1512778997421265,1.1512778997421265,1.1512778997421265
1785804540,1.1512778997421265,1.1512778997421265,1.1512778997421265,1.1512778997421265
1785804600,1.1512778997421265,1.1512778997421265,1.1512778997421265,1.1512778997421265
1785804660,1.1512778997421265,1.1512778997421265,1.1512778997421265,1.1512778997421265
1785804720,1.1512778997421265,1.1512778997421265,1.1512778997421265,1.1512778997421265
1785804780,1.151410460472107,1.151410460472107,1.151410460472107,1.151410460472107
1785804840,1.1512778997421265,1.1512778997421265,1.1512778997421265,1.1512778997421265
1785804900,1.151145339012146,1.151145339012146,1.151145339012146,1.151145339012146
1785804960,1.151012897491455,1.151012897491455,1.151012897491455,1.151012897491455
1785805020,1.1508804559707642,1.1508804559707642,1.1508804559707642,1.1508804559707642
1785805080,1.151012897491455,1.151012897491455,1.151012897491455,1.151012897491455
1785805140,1.1508804559707642,1.1508804559707642,1.1508804559707642,1.1508804559707642
1785805200,1.1507480144500732,1.1507480144500732,1.1507480144500732,1.1507480144500732
1785805260,1.1506155729293823,1.1506155729293823,1.1506155729293823,1.1506155729293823
1785805320,1.1506155729293823,1.1506155729293823,1.1506155729293823,1.1506155729293823
1785805380,1.1506155729293823,1.1506155729293823,1.1506155729293823,1.1506155729293823
1785805440,1.1508804559707642,1.1508804559707642,1.1508804559707642,1.1508804559707642
1785805500,1.1507480144500732,1.1507480144500732,1.1507480144500732,1.1507480144500732
1785805560,1.1506155729293823,1.1506155729293823,1.1506155729293823,1.1506155729293823
1785805620,1.1507480144500732,1.1507480144500732,1.1507480144500732,1.1507480144500732
1785805680,1.1507480144500732,1.1507480144500732,1.1507480144500732,1.1507480144500732
1785805740,1.1507480144500732,1.1507480144500732,1.1507480144500732,1.1507480144500732
1785805800,1.1508804559707642,1.1508804559707642,1.1508804559707642,1.1508804559707642
1785805860,1.1508804559707642,1.1508804559707642,1.1508804559707642,1.1508804559707642
1785805920,1.1508804559707642,1.1508804559707642,1.1508804559707642,1.1508804559707642
1785805980,1.1508804559707642,1.1508804559707642,1.1508804559707642,1.1508804559707642
1785806040,1.1508804559707642,1.1508804559707642,1.1508804559707642,1.1508804559707642
1785806100,1.1508804559707642,1.1508804559707642,1.1508804559707642,1.1508804559707642
1785806160,1.1508804559707642,1.1508804559707642,1.1508804559707642,1.1508804559707642
1785806220,1.151012897491455,1.151012897491455,1.151012897491455,1.151012897491455
1785806280,1.151145339012146,1.151145339012146,1.151145339012146,1.151145339012146
1785806340,1.151145339012146,1.151145339012146,1.151145339012146,1.151145339012146
1785806400,1.1512778997421265,1.1512778997421265,1.1512778997421265,1.1512778997421265
1785806460,1.151145339012146,1.151145339012146,1.151145339012146,1.151145339012146
1785806520,1.151145339012146,1.151145339012146,1.151145339012146,1.151145339012146
1785806580,1.151145339012146,1.151145339012146,1.151145339012146,1.151145339012146
1785806640,1.151145339012146,1.151145339012146,1.151145339012146,1.151145339012146
1785806700,1.1512778997421265,1.1512778997421265,1.1512778997421265,1.1512778997421265
1785806760,1.1512778997421265,1.1512778997421265,1.1512778997421265,1.1512778997421265
1785806820,1.1512778997421265,1.1512778997421265,1.1512778997421265,1.1512778997421265
1785806880,1.1512778997421265,1.1512778997421265,1.1512778997421265,1.1512778997421265
1785806940,1.151145339012146,1.151145339012146,1.151145339012146,1.151145339012146
1785807000,1.151410460472107,1.151410460472107,1.151410460472107,1.151410460472107
1785807060,1.151410460472107,1.151410460472107,1.151410460472107,1.151410460472107
1785807120,1.151410460472107,1.151410460472107,1.151410460472107,1.151410460472107
1785807180,1.151543140411377,1.151543140411377,1.151543140411377,1.151543140411377
1785807240,1.151543140411377,1.151543140411377,1.151543140411377,1.151543140411377
1785807300,1.151410460472107,1.151410460472107,1.151410460472107,1.151410460472107
1785807360,1.151410460472107,1.151410460472107,1.151410460472107,1.151410460472107
1785807420,1.151410460472107,1.151410460472107,1.151410460472107,1.151410460472107
1785807480,1.151410460472107,1.151410460472107,1.151410460472107,1.151410460472107
1785807540,1.151543140411377,1.151543140411377,1.151543140411377,1.151543140411377
1785807600,1.151543140411377,1.151543140411377,1.151543140411377,1.151543140411377
1785807660,1.151543140411377,1.151543140411377,1.151543140411377,1.151543140411377
1785807720,1.1516757011413574,1.1516757011413574,1.1516757011413574,1.1516757011413574
1785807780,1.1516757011413574,1.1516757011413574,1.1516757011413574,1.1516757011413574
1785807840,1.1518083810806274,1.1518083810806274,1.1518083810806274,1.1518083810806274
1785807900,1.1516757011413574,1.1516757011413574,1.1516757011413574,1.1516757011413574
1785807960,1.1516757011413574,1.1516757011413574,1.1516757011413574,1.1516757011413574
1785808020,1.1518083810806274,1.1518083810806274,1.1518083810806274,1.1518083810806274
1785808080,1.1516757011413574,1.1516757011413574,1.1516757011413574,1.1516757011413574
1785808140,1.1516757011413574,1.1516757011413574,1.1516757011413574,1.1516757011413574
1785808200,1.151543140411377,1.151543140411377,1.151543140411377,1.151543140411377
1785808260,1.1516757011413574,1.1516757011413574,1.1516757011413574,1.1516757011413574
1785808320,1.1516757011413574,1.1516757011413574,1.1516757011413574,1.1516757011413574
1785808380,1.1516757011413574,1.1516757011413574,1.1516757011413574,1.1516757011413574
1785808440,1.1516757011413574,1.1516757011413574,1.1516757011413574,1.1516757011413574
1785808500,1.1516757011413574,1.1516757011413574,1.1516757011413574,1.1516757011413574
1785808560,1.1516757011413574,1.1516757011413574,1.1516757011413574,1.1516757011413574
1785808620,1.1516757011413574,1.1516757011413574,1.1516757011413574,1.1516757011413574
1785808680,1.151543140411377,1.151543140411377,1.151543140411377,1.151543140411377
1785808740,1.151543140411377,1.151543140411377,1.151543140411377,1.151543140411377
1785808800,1.1516757011413574,1.1516757011413574,1.1516757011413574,1.1516757011413574
1785808860,1.1516757011413574,1.1516757011413574,1.1516757011413574,1.1516757011413574
1785808920,1.151543140411377,1.151543140411377,1.151543140411377,1.151543140411377
1785808980,1.151410460472107,1.151410460472107,1.151410460472107,1.151410460472107
1785809040,1.151410460472107,1.151410460472107,1.151410460472107,1.151410460472107
1785809100,1.1512778997421265,1.1512778997421265,1.1512778997421265,1.1512778997421265
1785809160,1.151410460472107,1.151410460472107,1.151410460472107,1.151410460472107
1785809220,1.151410460472107,1.151410460472107,1.151410460472107,1.151410460472107
1785809280,1.151543140411377,1.151543140411377,1.151543140411377,1.151543140411377
1785809340,1.151543140411377,1.151543140411377,1.151543140411377,1.151543140411377
1785809400,1.151410460472107,1.151410460472107,1.151410460472107,1.151410460472107
1785809460,1.151543140411377,1.151543140411377,1.151543140411377,1.151543140411377
1785809520,1.1516757011413574,1.1516757011413574,1.1516757011413574,1.1516757011413574
1785809580,1.1516757011413574,1.1516757011413574,1.1516757011413574,1.1516757011413574
1785809640,1.151543140411377,1.151543140411377,1.151543140411377,1.151543140411377
1785809700,1.1516757011413574,1.1516757011413574,1.1516757011413574,1.1516757011413574
1785809760,1.1516757011413574,1.1516757011413574,1.1516757011413574,1.1516757011413574
1785809820,1.1516757011413574,1.1516757011413574,1.1516757011413574,1.1516757011413574
1785809880,1.151543140411377,1.151543140411377,1.151543140411377,1.151543140411377
1785809940,1.151543140411377,1.151543140411377,1.151543140411377,1.151543140411377
1785810000,1.151543140411377,1.151543140411377,1.151543140411377,1.151543140411377
1785810060,1.151543140411377,1.151543140411377,1.151543140411377,1.151543140411377
1785810120,1.151410460472107,1.151410460472107,1.151410460472107,1.151410460472107
1785810180,1.151410460472107,1.151410460472107,1.151410460472107,1.151410460472107
1785810240,1.1512778997421265,1.1512778997421265,1.1512778997421265,1.1512778997421265
1785810300,1.1512778997421265,1.1512778997421265,1.1512778997421265,1.1512778997421265
1785810360,1.1512778997421265,1.1512778997421265,1.1512778997421265,1.1512778997421265
1785810420,1.1512778997421265,1.1512778997421265,1.1512778997421265,1.1512778997421265
1785810480,1.1512778997421265,1.1512778997421265,1.1512778997421265,1.1512778997421265
1785810540,1.1512778997421265,1.1512778997421265,1.1512778997421265,1.1512778997421265
1785810600,1.151410460472107,1.151410460472107,1.151410460472107,1.151410460472107
1785810660,1.1512778997421265,1.1512778997421265,1.1512778997421265,1.1512778997421265
1785810720,1.1512778997421265,1.1512778997421265,1.1512778997421265,1.1512778997421265
1785810780,1.1512778997421265,1.1512778997421265,1.1512778997421265,1.1512778997421265
1785810840,1.1512778997421265,1.1512778997421265,1.1512778997421265,1.1512778997421265
1785810900,1.1512778997421265,1.1512778997421265,1.1512778997421265,1.1512778997421265
1785810960,1.1512778997421265,1.1512778997421265,1.1512778997421265,1.1512778997421265
1785811020,1.151410460472107,1.151410460472107,1.151410460472107,1.151410460472107
1785811080,1.151543140411377,1.151543140411377,1.151543140411377,1.151543140411377
1785811140,1.151410460472107,1.151410460472107,1.151410460472107,1.151410460472107
1785811200,1.151543140411377,1.151543140411377,1.151543140411377,1.151543140411377
1785811260,1.151410460472107,1.151410460472107,1.151410460472107,1.151410460472107
1785811320,1.151410460472107,1.151410460472107,1.151410460472107,1.151410460472107
1785811380,1.151410460472107,1.151410460472107,1.151410460472107,1.151410460472107
1785811440,1.151543140411377,1.151543140411377,1.151543140411377,1.151543140411377
1785811500,1.151410460472107,1.151410460472107,1.151410460472107,1.151410460472107
1785811560,1.151543140411377,1.151543140411377,1.151543140411377,1.151543140411377
1785811620,1.151543140411377,1.151543140411377,1.151543140411377,1.151543140411377
1785811680,1.151543140411377,1.151543140411377,1.151543140411377,1.151543140411377
1785811740,1.151543140411377,1.151543140411377,1.151543140411377,1.151543140411377
1785811800,1.151543140411377,1.151543140411377,1.151543140411377,1.151543140411377
1785811860,1.151410460472107,1.151410460472107,1.151410460472107,1.151410460472107
1785811920,1.151410460472107,1.151410460472107,1.151410460472107,1.151410460472107
1785811980,1.151543140411377,1.151543140411377,1.151543140411377,1.151543140411377
1785812040,1.151410460472107,1.151410460472107,1.151410460472107,1.151410460472107
1785812100,1.151410460472107,1.151410460472107,1.151410460472107,1.151410460472107
1785812160,1.1512778997421265,1.1512778997421265,1.1512778997421265,1.1512778997421265
1785812220,1.1512778997421265,1.1512778997421265,1.1512778997421265,1.1512778997421265
1785812280,1.151145339012146,1.151145339012146,1.151145339012146,1.151145339012146
1785812340,1.151145339012146,1.151145339012146,1.151145339012146,1.151145339012146
1785812400,1.151410460472107,1.151410460472107,1.151410460472107,1.151410460472107
1785812460,1.151410460472107,1.151410460472107,1.151410460472107,1.151410460472107
1785812520,1.151410460472107,1.151410460472107,1.151410460472107,1.151410460472107
1785812580,1.1512778997421265,1.1512778997421265,1.1512778997421265,1.1512778997421265
1785812640,1.151145339012146,1.151145339012146,1.151145339012146,1.151145339012146
1785812700,1.151145339012146,1.151145339012146,1.151145339012146,1.151145339012146
1785812760,1.151145339012146,1.151145339012146,1.151145339012146,1.151145339012146
1785812820,1.1512778997421265,1.1512778997421265,1.1512778997421265,1.1512778997421265
1785812880,1.151145339012146,1.151145339012146,1.151145339012146,1.151145339012146
1785812940,1.1512778997421265,1.1512778997421265,1.1512778997421265,1.1512778997421265
1785813000,1.1512778997421265,1.1512778997421265,1.1512778997421265,1.1512778997421265
1785813060,1.1512778997421265,1.1512778997421265,1.1512778997421265,1.1512778997421265
1785813120,1.1512778997421265,1.1512778997421265,1.1512778997421265,1.1512778997421265
1785813180,1.1512778997421265,1.1512778997421265,1.1512778997421265,1.1512778997421265
1785813240,1.1512778997421265,1.1512778997421265,1.1512778997421265,1.1512778997421265
1785813300,1.151410460472107,1.151410460472107,1.151410460472107,1.151410460472107
1785813360,1.151410460472107,1.151410460472107,1.151410460472107,1.151410460472107
1785813420,1.151410460472107,1.151410460472107,1.151410460472107,1.151410460472107
1785813480,1.151410460472107,1.151410460472107,1.151410460472107,1.151410460472107
1785813540,1.151410460472107,1.151410460472107,1.151410460472107,1.151410460472107
1785813600,1.151410460472107,1.151410460472107,1.151410460472107,1.151410460472107
1785813660,1.151543140411377,1.151543140411377,1.151543140411377,1.151543140411377
1785813720,1.151543140411377,1.151543140411377,1.151543140411377,1.151543140411377
1785813780,1.151543140411377,1.151543140411377,1.151543140411377,1.151543140411377
1785813840,1.151543140411377,1.151543140411377,1.151543140411377,1.151543140411377
1785813900,1.151543140411377,1.151543140411377,1.151543140411377,1.151543140411377
1785813960,1.151543140411377,1.151543140411377,1.151543140411377,1.151543140411377
1785814020,1.151543140411377,1.151543140411377,1.151543140411377,1.151543140411377
1785814080,1.151543140411377,1.151543140411377,1.151543140411377,1.151543140411377
1785814140,1.151543140411377,1.151543140411377,1.151543140411377,1.151543140411377
1785814200,1.151543140411377,1.151543140411377,1.151543140411377,1.151543140411377
1785814260,1.151543140411377,1.151543140411377,1.151543140411377,1.151543140411377
1785814320,1.151543140411377,1.151543140411377,1.151543140411377,1.151543140411377
1785814380,1.151543140411377,1.151543140411377,1.151543140411377,1.151543140411377
1785814440,1.151543140411377,1.151543140411377,1.151543140411377,1.151543140411377
1785814500,1.151543140411377,1.151543140411377,1.151543140411377,1.151543140411377
1785814560,1.151543140411377,1.151543140411377,1.151543140411377,1.151543140411377
1785814620,1.151543140411377,1.151543140411377,1.151543140411377,1.151543140411377
1785814680,1.151410460472107,1.151410460472107,1.151410460472107,1.151410460472107
1785814740,1.1512778997421265,1.1512778997421265,1.1512778997421265,1.1512778997421265
1785814800,1.151145339012146,1.151145339012146,1.151145339012146,1.151145339012146
1785814860,1.151145339012146,1.151145339012146,1.151145339012146,1.151145339012146
1785814920,1.151145339012146,1.151145339012146,1.151145339012146,1.151145339012146
1785814980,1.151145339012146,1.151145339012146,1.151145339012146,1.151145339012146
1785815040,1.151145339012146,1.151145339012146,1.151145339012146,1.151145339012146
1785815100,1.151145339012146,1.151145339012146,1.151145339012146,1.151145339012146
1785815160,1.151145339012146,1.151145339012146,1.151145339012146,1.151145339012146
1785815220,1.151145339012146,1.151145339012146,1.151145339012146,1.151145339012146
1785815280,1.151145339012146,1.151145339012146,1.151145339012146,1.151145339012146
1785815340,1.151145339012146,1.151145339012146,1.151145339012146,1.151145339012146
1785815400,1.1512778997421265,1.1512778997421265,1.1512778997421265,1.1512778997421265
1785815460,1.1512778997421265,1.1512778997421265,1.1512778997421265,1.1512778997421265
1785815520,1.1512778997421265,1.1512778997421265,1.1512778997421265,1.1512778997421265
1785815580,1.1512778997421265,1.1512778997421265,1.1512778997421265,1.1512778997421265
1785815640,1.1512778997421265,1.1512778997421265,1.1512778997421265,1.1512778997421265
1785815700,1.151145339012146,1.151145339012146,1.151145339012146,1.151145339012146
1785815760,1.151145339012146,1.151145339012146,1.151145339012146,1.151145339012146
1785815820,1.151145339012146,1.151145339012146,1.151145339012146,1.151145339012146
1785815880,1.151145339012146,1.151145339012146,1.151145339012146,1.151145339012146
1785815940,1.151145339012146,1.151145339012146,1.151145339012146,1.151145339012146
1785816000,1.1512778997421265,1.1512778997421265,1.1512778997421265,1.1512778997421265
1785816060,1.151145339012146,1.151145339012146,1.151145339012146,1.151145339012146
1785816120,1.151145339012146,1.151145339012146,1.151145339012146,1.151145339012146
1785816180,1.151012897491455,1.151012897491455,1.151012897491455,1.151012897491455
1785816240,1.151145339012146,1.151145339012146,1.151145339012146,1.151145339012146
1785816300,1.151145339012146,1.151145339012146,1.151145339012146,1.151145339012146
1785816360,1.151012897491455,1.151012897491455,1.151012897491455,1.151012897491455
1785816420,1.151012897491455,1.151012897491455,1.151012897491455,1.151012897491455
1785816480,1.151012897491455,1.151012897491455,1.151012897491455,1.151012897491455
1785816540,1.151012897491455,1.151012897491455,1.151012897491455,1.151012897491455
1785816600,1.151012897491455,1.151012897491455,1.151012897491455,1.151012897491455
1785816660,1.151012897491455,1.151012897491455,1.151012897491455,1.151012897491455
1785816720,1.151012897491455,1.151012897491455,1.151012897491455,1.151012897491455
1785816780,1.151012897491455,1.151012897491455,1.151012897491455,1.151012897491455
1785816840,1.151012897491455,1.151012897491455,1.151012897491455,1.151012897491455
1785816900,1.151012897491455,1.151012897491455,1.151012897491455,1.151012897491455
1785816960,1.151012897491455,1.151012897491455,1.151012897491455,1.151012897491455
1785817020,1.151012897491455,1.151012897491455,1.151012897491455,1.151012897491455
1785817080,1.151012897491455,1.151012897491455,1.151012897491455,1.151012897491455
1785817140,1.151145339012146,1.151145339012146,1.151145339012146,1.151145339012146
1785817200,1.151145339012146,1.151145339012146,1.151145339012146,1.151145339012146
1785817260,1.151145339012146,1.151145339012146,1.151145339012146,1.151145339012146
1785817320,1.151145339012146,1.151145339012146,1.151145339012146,1.151145339012146
1785817380,1.151145339012146,1.151145339012146,1.151145339012146,1.151145339012146
1785817440,1.151145339012146,1.151145339012146,1.151145339012146,1.151145339012146
1785817500,1.151145339012146,1.151145339012146,1.151145339012146,1.151145339012146
1785817560,1.151145339012146,1.151145339012146,1.151145339012146,1.151145339012146
1785817620,1.151145339012146,1.151145339012146,1.151145339012146,1.151145339012146
1785817680,1.151145339012146,1.151145339012146,1.151145339012146,1.151145339012146
1785817740,1.151145339012146,1.151145339012146,1.151145339012146,1.151145339012146
1785817800,1.151145339012146,1.151145339012146,1.151145339012146,1.151145339012146
1785817860,1.151145339012146,1.151145339012146,1.151145339012146,1.151145339012146
1785817920,1.1512778997421265,1.1512778997421265,1.1512778997421265,1.1512778997421265
1785817980,1.1512778997421265,1.1512778997421265,1.1512778997421265,1.1512778997421265
1785818040,1.1512778997421265,1.1512778997421265,1.1512778997421265,1.1512778997421265
1785818100,1.151145339012146,1.151145339012146,1.151145339012146,1.151145339012146
1785818160,1.151145339012146,1.151145339012146,1.151145339012146,1.151145339012146
1785818220,1.151145339012146,1.151145339012146,1.151145339012146,1.151145339012146
1785818280,1.1512778997421265,1.1512778997421265,1.1512778997421265,1.1512778997421265
1785818340,1.1512778997421265,1.1512778997421265,1.1512778997421265,1.1512778997421265
1785818400,1.1512778997421265,1.1512778997421265,1.1512778997421265,1.1512778997421265
1785818460,1.1512778997421265,1.1512778997421265,1.1512778997421265,1.1512778997421265
1785818520,1.1512778997421265,1.1512778997421265,1.1512778997421265,1.1512778997421265
1785818580,1.1512778997421265,1.1512778997421265,1.1512778997421265,1.1512778997421265
1785818640,1.1512778997421265,1.1512778997421265,1.1512778997421265,1.1512778997421265
1785818700,1.1512778997421265,1.1512778997421265,1.1512778997421265,1.1512778997421265
1785818760,1.1512778997421265,1.1512778997421265,1.1512778997421265,1.1512778997421265
1785818820,1.1512778997421265,1.1512778997421265,1.1512778997421265,1.1512778997421265
1785818880,1.1512778997421265,1.1512778997421265,1.1512778997421265,1.1512778997421265
1785818940,1.1512778997421265,1.1512778997421265,1.1512778997421265,1.1512778997421265
1785819000,1.1512778997421265,1.1512778997421265,1.1512778997421265,1.1512778997421265
1785819060,1.1512778997421265,1.1512778997421265,1.1512778997421265,1.1512778997421265
1785819120,1.151145339012146,1.151145339012146,1.151145339012146,1.151145339012146
1785819180,1.1512778997421265,1.1512778997421265,1.1512778997421265,1.1512778997421265
1785819240,1.151410460472107,1.151410460472107,1.151410460472107,1.151410460472107
1785819300,1.151410460472107,1.151410460472107,1.151410460472107,1.151410460472107
1785819360,1.151410460472107,1.151410460472107,1.151410460472107,1.151410460472107
1785819420,1.151410460472107,1.151410460472107,1.151410460472107,1.151410460472107
1785819480,1.1512778997421265,1.1512778997421265,1.1512778997421265,1.1512778997421265
1785819540,1.1512778997421265,1.1512778997421265,1.1512778997421265,1.1512778997421265
1785819600,1.1512778997421265,1.1512778997421265,1.1512778997421265,1.1512778997421265
1785819660,1.1512778997421265,1.1512778997421265,1.1512778997421265,1.1512778997421265
1785819720,1.1512778997421265,1.1512778997421265,1.1512778997421265,1.1512778997421265
1785819780,1.1512778997421265,1.1512778997421265,1.1512778997421265,1.1512778997421265
1785819840,1.1512778997421265,1.1512778997421265,1.1512778997421265,1.1512778997421265
1785819900,1.1512778997421265,1.1512778997421265,1.1512778997421265,1.1512778997421265
1785819960,1.151410460472107,1.151410460472107,1.151410460472107,1.151410460472107
1785820020,1.1512778997421265,1.1512778997421265,1.1512778997421265,1.1512778997421265
1785820080,1.1512778997421265,1.1512778997421265,1.1512778997421265,1.1512778997421265
1785820140,1.1512778997421265,1.1512778997421265,1.1512778997421265,1.1512778997421265
1785820200,1.1512778997421265,1.1512778997421265,1.1512778997421265,1.1512778997421265
1785820260,1.151145339012146,1.151145339012146,1.151145339012146,1.151145339012146
1785820320,1.151145339012146,1.151145339012146,1.151145339012146,1.151145339012146
1785820380,1.151145339012146,1.151145339012146,1.151145339012146,1.151145339012146
1785820440,1.151012897491455,1.151012897491455,1.151012897491455,1.151012897491455
1785820500,1.151012897491455,1.151012897491455,1.151012897491455,1.151012897491455
1785820560,1.151012897491455,1.151012897491455,1.151012897491455,1.151012897491455
1785820620,1.151012897491455,1.151012897491455,1.151012897491455,1.151012897491455
1785820680,1.151012897491455,1.151012897491455,1.151012897491455,1.151012897491455
1785820740,1.151145339012146,1.151145339012146,1.151145339012146,1.151145339012146
1785820800,1.151012897491455,1.151012897491455,1.151012897491455,1.151012897491455
1785820860,1.151012897491455,1.151012897491455,1.151012897491455,1.151012897491455
1785820920,1.151145339012146,1.151145339012146,1.151145339012146,1.151145339012146
1785820980,1.151145339012146,1.151145339012146,1.151145339012146,1.151145339012146
1785821040,1.151145339012146,1.151145339012146,1.151145339012146,1.151145339012146
1785821100,1.1512778997421265,1.1512778997421265,1.1512778997421265,1.1512778997421265
1785821160,1.1512778997421265,1.1512778997421265,1.1512778997421265,1.1512778997421265
1785821220,1.1512778997421265,1.1512778997421265,1.1512778997421265,1.1512778997421265
1785821280,1.1512778997421265,1.1512778997421265,1.1512778997421265,1.1512778997421265
1785821340,1.1512778997421265,1.1512778997421265,1.1512778997421265,1.1512778997421265
1785821400,1.1512778997421265,1.1512778997421265,1.1512778997421265,1.1512778997421265
1785821460,1.1512778997421265,1.1512778997421265,1.1512778997421265,1.1512778997421265
1785821520,1.1512778997421265,1.1512778997421265,1.1512778997421265,1.1512778997421265
1785821580,1.151145339012146,1.151145339012146,1.151145339012146,1.151145339012146
1785821640,1.151145339012146,1.151145339012146,1.151145339012146,1.151145339012146
1785821700,1.151012897491455,1.151012897491455,1.151012897491455,1.151012897491455
1785821760,1.151145339012146,1.151145339012146,1.151145339012146,1.151145339012146
1785821820,1.151145339012146,1.151145339012146,1.151145339012146,1.151145339012146
1785821880,1.151012897491455,1.151012897491455,1.151012897491455,1.151012897491455
1785821940,1.151012897491455,1.151012897491455,1.151012897491455,1.151012897491455
1785822000,1.151012897491455,1.151012897491455,1.151012897491455,1.151012897491455
1785822060,1.1508804559707642,1.1508804559707642,1.1508804559707642,1.1508804559707642
1785822120,1.1508804559707642,1.1508804559707642,1.1508804559707642,1.1508804559707642
1785822180,1.151012897491455,1.151012897491455,1.151012897491455,1.151012897491455
1785822240,1.1508804559707642,1.1508804559707642,1.1508804559707642,1.1508804559707642
1785822300,1.1508804559707642,1.1508804559707642,1.1508804559707642,1.1508804559707642
1785822360,1.1507480144500732,1.1507480144500732,1.1507480144500732,1.1507480144500732
1785822420,1.1507480144500732,1.1507480144500732,1.1507480144500732,1.1507480144500732
1785822480,1.1507480144500732,1.1507480144500732,1.1507480144500732,1.1507480144500732
1785822540,1.1508804559707642,1.1508804559707642,1.1508804559707642,1.1508804559707642
1785822600,1.1507480144500732,1.1507480144500732,1.1507480144500732,1.1507480144500732
1785822660,1.1508804559707642,1.1508804559707642,1.1508804559707642,1.1508804559707642
1785822720,1.1508804559707642,1.1508804559707642,1.1508804559707642,1.1508804559707642
1785822780,1.1508804559707642,1.1508804559707642,1.1508804559707642,1.1508804559707642
1785822840,1.1508804559707642,1.1508804559707642,1.1508804559707642,1.1508804559707642
1785822900,1.1508804559707642,1.1508804559707642,1.1508804559707642,1.1508804559707642
1785822960,1.151012897491455,1.151012897491455,1.151012897491455,1.151012897491455
1785823020,1.151012897491455,1.151012897491455,1.151012897491455,1.151012897491455
1785823080,1.151012897491455,1.151012897491455,1.151012897491455,1.151012897491455
1785823140,1.151012897491455,1.151012897491455,1.151012897491455,1.151012897491455
1785823200,1.151012897491455,1.151012897491455,1.151012897491455,1.151012897491455
1785823260,1.1508804559707642,1.1508804559707642,1.1508804559707642,1.1508804559707642
1785823320,1.151012897491455,1.151012897491455,1.151012897491455,1.151012897491455
1785823380,1.1508804559707642,1.1508804559707642,1.1508804559707642,1.1508804559707642
1785823440,1.1508804559707642,1.1508804559707642,1.1508804559707642,1.1508804559707642
1785823500,1.151012897491455,1.151012897491455,1.151012897491455,1.151012897491455
1785823560,1.1508804559707642,1.1508804559707642,1.1508804559707642,1.1508804559707642
1785823620,1.1508804559707642,1.1508804559707642,1.1508804559707642,1.1508804559707642
1785823680,1.1508804559707642,1.1508804559707642,1.1508804559707642,1.1508804559707642
1785823740,1.151012897491455,1.151012897491455,1.151012897491455,1.151012897491455
1785823800,1.151012897491455,1.151012897491455,1.151012897491455,1.151012897491455
1785823860,1.1507480144500732,1.1507480144500732,1.1507480144500732,1.1507480144500732
1785823920,1.1508804559707642,1.1508804559707642,1.1508804559707642,1.1508804559707642
1785823980,1.1508804559707642,1.1508804559707642,1.1508804559707642,1.1508804559707642
1785824040,1.151145339012146,1.151145339012146,1.151145339012146,1.151145339012146
1785824100,1.151145339012146,1.151145339012146,1.151145339012146,1.151145339012146
1785824160,1.151012897491455,1.151012897491455,1.151012897491455,1.151012897491455
1785824220,1.151012897491455,1.151012897491455,1.151012897491455,1.151012897491455
1785824280,1.151012897491455,1.151012897491455,1.151012897491455,1.151012897491455
1785824340,1.151012897491455,1.151012897491455,1.151012897491455,1.151012897491455
1785824400,1.151145339012146,1.151145339012146,1.151145339012146,1.151145339012146
1785824460,1.1512778997421265,1.1512778997421265,1.1512778997421265,1.1512778997421265
1785824520,1.1512778997421265,1.1512778997421265,1.1512778997421265,1.1512778997421265
1785824580,1.1512778997421265,1.1512778997421265,1.1512778997421265,1.1512778997421265
1785824640,1.1512778997421265,1.1512778997421265,1.1512778997421265,1.1512778997421265
1785824700,1.1512778997421265,1.1512778997421265,1.1512778997421265,1.1512778997421265
1785824760,1.151145339012146,1.151145339012146,1.151145339012146,1.151145339012146
1785824820,1.151145339012146,1.151145339012146,1.151145339012146,1.151145339012146
1785824880,1.151145339012146,1.151145339012146,1.151145339012146,1.151145339012146
1785824940,1.151012897491455,1.151012897491455,1.151012897491455,1.151012897491455
1785825000,1.151012897491455,1.151012897491455,1.151012897491455,1.151012897491455
1785825060,1.151012897491455,1.151012897491455,1.151012897491455,1.151012897491455
1785825120,1.151012897491455,1.151012897491455,1.151012897491455,1.151012897491455
1785825180,1.151145339012146,1.151145339012146,1.151145339012146,1.151145339012146
1785825240,1.151145339012146,1.151145339012146,1.151145339012146,1.151145339012146
1785825300,1.151012897491455,1.151012897491455,1.151012897491455,1.151012897491455
1785825360,1.151012897491455,1.151012897491455,1.151012897491455,1.151012897491455
1785825420,1.151012897491455,1.151012897491455,1.151012897491455,1.151012897491455
1785825480,1.151012897491455,1.151012897491455,1.151012897491455,1.151012897491455
1785825540,1.1508804559707642,1.1508804559707642,1.1508804559707642,1.1508804559707642
1785825600,1.1508804559707642,1.1508804559707642,1.1508804559707642,1.1508804559707642
1785825660,1.1508804559707642,1.1508804559707642,1.1508804559707642,1.1508804559707642
1785825720,1.1508804559707642,1.1508804559707642,1.1508804559707642,1.1508804559707642
1785825780,1.1507480144500732,1.1507480144500732,1.1507480144500732,1.1507480144500732
1785825840,1.1507480144500732,1.1507480144500732,1.1507480144500732,1.1507480144500732
1785825900,1.1507480144500732,1.1507480144500732,1.1507480144500732,1.1507480144500732
1785825960,1.151012897491455,1.151012897491455,1.151012897491455,1.151012897491455
1785826020,1.1508804559707642,1.1508804559707642,1.1508804559707642,1.1508804559707642
1785826080,1.1508804559707642,1.1508804559707642,1.1508804559707642,1.1508804559707642
1785826140,1.151012897491455,1.151012897491455,1.151012897491455,1.151012897491455
1785826200,1.151012897491455,1.151012897491455,1.151012897491455,1.151012897491455
1785826260,1.1508804559707642,1.1508804559707642,1.1508804559707642,1.1508804559707642
1785826320,1.1507480144500732,1.1507480144500732,1.1507480144500732,1.1507480144500732
1785826380,1.1508804559707642,1.1508804559707642,1.1508804559707642,1.1508804559707642
1785826440,1.1508804559707642,1.1508804559707642,1.1508804559707642,1.1508804559707642
1785826500,1.151012897491455,1.151012897491455,1.151012897491455,1.151012897491455
1785826560,1.1508804559707642,1.1508804559707642,1.1508804559707642,1.1508804559707642
1785826620,1.151012897491455,1.151012897491455,1.151012897491455,1.151012897491455
1785826680,1.151012897491455,1.151012897491455,1.151012897491455,1.151012897491455
1785826740,1.151012897491455,1.151012897491455,1.151012897491455,1.151012897491455
1785826800,1.151145339012146,1.151145339012146,1.151145339012146,1.151145339012146
1785826860,1.1512778997421265,1.1512778997421265,1.1512778997421265,1.1512778997421265
1785826920,1.1512778997421265,1.1512778997421265,1.1512778997421265,1.1512778997421265
1785826980,1.1512778997421265,1.1512778997421265,1.1512778997421265,1.1512778997421265
1785827040,1.1512778997421265,1.1512778997421265,1.1512778997421265,1.1512778997421265
1785827100,1.151145339012146,1.151145339012146,1.151145339012146,1.151145339012146
1785827160,1.151145339012146,1.151145339012146,1.151145339012146,1.151145339012146
1785827220,1.151145339012146,1.151145339012146,1.151145339012146,1.151145339012146
1785827280,1.151145339012146,1.151145339012146,1.151145339012146,1.151145339012146
1785827340,1.1512778997421265,1.1512778997421265,1.1512778997421265,1.1512778997421265
1785827400,1.1512778997421265,1.1512778997421265,1.1512778997421265,1.1512778997421265
1785827460,1.1512778997421265,1.1512778997421265,1.1512778997421265,1.1512778997421265
1785827520,1.1512778997421265,1.1512778997421265,1.1512778997421265,1.1512778997421265
1785827580,1.1512778997421265,1.1512778997421265,1.1512778997421265,1.1512778997421265
1785827640,1.1512778997421265,1.1512778997421265,1.1512778997421265,1.1512778997421265
1785827700,1.151410460472107,1.151410460472107,1.151410460472107,1.151410460472107
1785827760,1.151543140411377,1.151543140411377,1.151543140411377,1.151543140411377
1785827820,1.151543140411377,1.151543140411377,1.151543140411377,1.151543140411377
1785827880,1.151543140411377,1.151543140411377,1.151543140411377,1.151543140411377
1785827940,1.151543140411377,1.151543140411377,1.151543140411377,1.151543140411377
1785828000,1.1516757011413574,1.1516757011413574,1.1516757011413574,1.1516757011413574
1785828060,1.1516757011413574,1.1516757011413574,1.1516757011413574,1.1516757011413574
1785828120,1.1516757011413574,1.1516757011413574,1.1516757011413574,1.1516757011413574
1785828180,1.1518083810806274,1.1518083810806274,1.1518083810806274,1.1518083810806274
1785828240,1.1519410610198975,1.1519410610198975,1.1519410610198975,1.1519410610198975
1785828300,1.1519410610198975,1.1519410610198975,1.1519410610198975,1.1519410610198975
1785828360,1.1518083810806274,1.1518083810806274,1.1518083810806274,1.1518083810806274
1785828420,1.1516757011413574,1.1516757011413574,1.1516757011413574,1.1516757011413574
1785828480,1.1518083810806274,1.1518083810806274,1.1518083810806274,1.1518083810806274
1785828540,1.151543140411377,1.151543140411377,1.151543140411377,1.151543140411377
1785828600,1.151543140411377,1.151543140411377,1.151543140411377,1.151543140411377
1785828660,1.151410460472107,1.151410460472107,1.151410460472107,1.151410460472107
1785828720,1.151543140411377,1.151543140411377,1.151543140411377,1.151543140411377
1785828780,1.1516757011413574,1.1516757011413574,1.1516757011413574,1.1516757011413574
1785828840,1.1516757011413574,1.1516757011413574,1.1516757011413574,1.1516757011413574
1785828900,1.1516757011413574,1.1516757011413574,1.1516757011413574,1.1516757011413574
1785828960,1.1516757011413574,1.1516757011413574,1.1516757011413574,1.1516757011413574
1785829020,1.151543140411377,1.151543140411377,1.151543140411377,1.151543140411377
1785829080,1.151543140411377,1.151543140411377,1.151543140411377,1.151543140411377
1785829140,1.151543140411377,1.151543140411377,1.151543140411377,1.151543140411377
1785829200,1.151543140411377,1.151543140411377,1.151543140411377,1.151543140411377
1785829260,1.1516757011413574,1.1516757011413574,1.1516757011413574,1.1516757011413574
1785829320,1.151543140411377,1.151543140411377,1.151543140411377,1.151543140411377
1785829380,1.1512778997421265,1.1512778997421265,1.1512778997421265,1.1512778997421265
1785829440,1.1512778997421265,1.1512778997421265,1.1512778997421265,1.1512778997421265
1785829500,1.151410460472107,1.151410460472107,1.151410460472107,1.151410460472107
1785829560,1.1512778997421265,1.1512778997421265,1.1512778997421265,1.1512778997421265
1785829620,1.1512778997421265,1.1512778997421265,1.1512778997421265,1.1512778997421265
1785829680,1.1512778997421265,1.1512778997421265,1.1512778997421265,1.1512778997421265
1785829740,1.1512778997421265,1.1512778997421265,1.1512778997421265,1.1512778997421265
1785829800,1.1512778997421265,1.1512778997421265,1.1512778997421265,1.1512778997421265
1785829860,1.151410460472107,1.151410460472107,1.151410460472107,1.151410460472107
1785829920,1.151543140411377,1.151543140411377,1.151543140411377,1.151543140411377
1785829980,1.151543140411377,1.151543140411377,1.151543140411377,1.151543140411377
1785830040,1.151543140411377,1.151543140411377,1.151543140411377,1.151543140411377
1785830100,1.151543140411377,1.151543140411377,1.151543140411377,1.151543140411377
1785830160,1.151543140411377,1.151543140411377,1.151543140411377,1.151543140411377
1785830220,1.151543140411377,1.151543140411377,1.151543140411377,1.151543140411377
1785830280,1.151410460472107,1.151410460472107,1.151410460472107,1.151410460472107
1785830340,1.151410460472107,1.151410460472107,1.151410460472107,1.151410460472107
1785830400,1.151543140411377,1.151543140411377,1.151543140411377,1.151543140411377
1785830460,1.151543140411377,1.151543140411377,1.151543140411377,1.151543140411377
1785830520,1.151543140411377,1.151543140411377,1.151543140411377,1.151543140411377
1785830580,1.151543140411377,1.151543140411377,1.151543140411377,1.151543140411377
1785830640,1.151543140411377,1.151543140411377,1.151543140411377,1.151543140411377
1785830700,1.151410460472107,1.151410460472107,1.151410460472107,1.151410460472107
1785830760,1.1516757011413574,1.1516757011413574,1.1516757011413574,1.1516757011413574
1785830820,1.1516757011413574,1.1516757011413574,1.1516757011413574,1.1516757011413574
1785830880,1.1516757011413574,1.1516757011413574,1.1516757011413574,1.1516757011413574
1785830940,1.151543140411377,1.151543140411377,1.151543140411377,1.151543140411377
1785831000,1.151410460472107,1.151410460472107,1.151410460472107,1.151410460472107
1785831060,1.151410460472107,1.151410460472107,1.151410460472107,1.151410460472107
1785831120,1.1512778997421265,1.1512778997421265,1.1512778997421265,1.1512778997421265
1785831180,1.1512778997421265,1.1512778997421265,1.1512778997421265,1.1512778997421265
1785831240,1.1512778997421265,1.1512778997421265,1.1512778997421265,1.1512778997421265
1785831300,1.1512778997421265,1.1512778997421265,1.1512778997421265,1.1512778997421265
1785831360,1.151410460472107,1.151410460472107,1.151410460472107,1.151410460472107
1785831420,1.151410460472107,1.151410460472107,1.151410460472107,1.151410460472107
1785831480,1.1512778997421265,1.1512778997421265,1.1512778997421265,1.1512778997421265
1785831540,1.1512778997421265,1.1512778997421265,1.1512778997421265,1.1512778997421265
1785831600,1.1512778997421265,1.1512778997421265,1.1512778997421265,1.1512778997421265
1785831660,1.151410460472107,1.151410460472107,1.151410460472107,1.151410460472107
1785831720,1.151410460472107,1.151410460472107,1.151410460472107,1.151410460472107
1785831780,1.1512778997421265,1.1512778997421265,1.1512778997421265,1.1512778997421265
1785831840,1.1512778997421265,1.1512778997421265,1.1512778997421265,1.1512778997421265
1785831900,1.151145339012146,1.151145339012146,1.151145339012146,1.151145339012146
1785831960,1.1512778997421265,1.1512778997421265,1.1512778997421265,1.1512778997421265
1785832020,1.1512778997421265,1.1512778997421265,1.1512778997421265,1.1512778997421265
1785832080,1.151410460472107,1.151410460472107,1.151410460472107,1.151410460472107
1785832140,1.151543140411377,1.151543140411377,1.151543140411377,1.151543140411377
1785832200,1.151410460472107,1.151410460472107,1.151410460472107,1.151410460472107
1785832260,1.151410460472107,1.151410460472107,1.151410460472107,1.151410460472107
1785832320,1.151145339012146,1.151145339012146,1.151145339012146,1.151145339012146
1785832380,1.151145339012146,1.151145339012146,1.151145339012146,1.151145339012146
1785832440,1.151145339012146,1.151145339012146,1.151145339012146,1.151145339012146
1785832500,1.151145339012146,1.151145339012146,1.151145339012146,1.151145339012146
1785832560,1.151012897491455,1.151012897491455,1.151012897491455,1.151012897491455
1785832620,1.151145339012146,1.151145339012146,1.151145339012146,1.151145339012146
1785832680,1.151145339012146,1.151145339012146,1.151145339012146,1.151145339012146
1785832740,1.151145339012146,1.151145339012146,1.151145339012146,1.151145339012146
1785832800,1.151145339012146,1.151145339012146,1.151145339012146,1.151145339012146
1785832860,1.1512778997421265,1.1512778997421265,1.1512778997421265,1.1512778997421265
1785832920,1.151410460472107,1.151410460472107,1.151410460472107,1.151410460472107
1785832980,1.1512778997421265,1.1512778997421265,1.1512778997421265,1.1512778997421265
1785833040,1.1512778997421265,1.1512778997421265,1.1512778997421265,1.1512778997421265
1785833100,1.151145339012146,1.151145339012146,1.151145339012146,1.151145339012146
1785833160,1.151145339012146,1.151145339012146,1.151145339012146,1.151145339012146
1785833220,1.151145339012146,1.151145339012146,1.151145339012146,1.151145339012146
1785833280,1.1512778997421265,1.1512778997421265,1.1512778997421265,1.1512778997421265
1785833340,1.1512778997421265,1.1512778997421265,1.1512778997421265,1.1512778997421265
1785833400,1.1512778997421265,1.1512778997421265,1.1512778997421265,1.1512778997421265
1785833460,1.151145339012146,1.151145339012146,1.151145339012146,1.151145339012146
1785833520,1.151145339012146,1.151145339012146,1.151145339012146,1.151145339012146
1785833580,1.151145339012146,1.151145339012146,1.151145339012146,1.151145339012146
1785833640,1.151145339012146,1.151145339012146,1.151145339012146,1.151145339012146
1785833700,1.151145339012146,1.151145339012146,1.151145339012146,1.151145339012146
1785833760,1.151145339012146,1.151145339012146,1.151145339012146,1.151145339012146
1785833820,1.151012897491455,1.151012897491455,1.151012897491455,1.151012897491455
1785833880,1.151145339012146,1.151145339012146,1.151145339012146,1.151145339012146
1785833940,1.151145339012146,1.151145339012146,1.151145339012146,1.151145339012146
1785834000,1.151145339012146,1.151145339012146,1.151145339012146,1.151145339012146
1785834060,1.151012897491455,1.151012897491455,1.151012897491455,1.151012897491455
1785834120,1.151012897491455,1.151012897491455,1.151012897491455,1.151012897491455
1785834180,1.151012897491455,1.151012897491455,1.151012897491455,1.151012897491455
1785834240,1.1508804559707642,1.1508804559707642,1.1508804559707642,1.1508804559707642
1785834300,1.1508804559707642,1.1508804559707642,1.1508804559707642,1.1508804559707642
1785834360,1.1507480144500732,1.1507480144500732,1.1507480144500732,1.1507480144500732
1785834420,1.1507480144500732,1.1507480144500732,1.1507480144500732,1.1507480144500732
1785834480,1.1507480144500732,1.1507480144500732,1.1507480144500732,1.1507480144500732
1785834540,1.1508804559707642,1.1508804559707642,1.1508804559707642,1.1508804559707642
1785834600,1.1507480144500732,1.1507480144500732,1.1507480144500732,1.1507480144500732
1785834660,1.1508804559707642,1.1508804559707642,1.1508804559707642,1.1508804559707642
1785834720,1.151012897491455,1.151012897491455,1.151012897491455,1.151012897491455
1785834780,1.151012897491455,1.151012897491455,1.151012897491455,1.151012897491455
1785834840,1.151012897491455,1.151012897491455,1.151012897491455,1.151012897491455
1785834900,1.151012897491455,1.151012897491455,1.151012897491455,1.151012897491455
1785834960,1.151145339012146,1.151145339012146,1.151145339012146,1.151145339012146
1785835020,1.151012897491455,1.151012897491455,1.151012897491455,1.151012897491455
1785835080,1.151012897491455,1.151012897491455,1.151012897491455,1.151012897491455
1785835140,1.151012897491455,1.151012897491455,1.151012897491455,1.151012897491455
1785835200,1.151145339012146,1.151145339012146,1.151145339012146,1.151145339012146
1785835260,1.151145339012146,1.151145339012146,1.151145339012146,1.151145339012146
1785835320,1.151012897491455,1.151012897491455,1.151012897491455,1.151012897491455
1785835380,1.151145339012146,1.151145339012146,1.151145339012146,1.151145339012146
1785835440,1.151145339012146,1.151145339012146,1.151145339012146,1.151145339012146
1785835500,1.1512778997421265,1.1512778997421265,1.1512778997421265,1.1512778997421265
1785835560,1.1512778997421265,1.1512778997421265,1.1512778997421265,1.1512778997421265
1785835620,1.1512778997421265,1.1512778997421265,1.1512778997421265,1.1512778997421265
1785835680,1.151410460472107,1.151410460472107,1.151410460472107,1.151410460472107
1785835740,1.151410460472107,1.151410460472107,1.151410460472107,1.151410460472107
1785835800,1.1512778997421265,1.1512778997421265,1.1512778997421265,1.1512778997421265
1785835860,1.1512778997421265,1.1512778997421265,1.1512778997421265,1.1512778997421265
1785835920,1.1512778997421265,1.1512778997421265,1.1512778997421265,1.1512778997421265
1785835980,1.151410460472107,1.151410460472107,1.151410460472107,1.151410460472107
1785836040,1.151410460472107,1.151410460472107,1.151410460472107,1.151410460472107
1785836100,1.151410460472107,1.151410460472107,1.151410460472107,1.151410460472107
1785836160,1.1512778997421265,1.1512778997421265,1.1512778997421265,1.1512778997421265
1785836220,1.1512778997421265,1.1512778997421265,1.1512778997421265,1.1512778997421265
1785836280,1.151145339012146,1.151145339012146,1.151145339012146,1.151145339012146
1785836340,1.151145339012146,1.151145339012146,1.151145339012146,1.151145339012146
1785836400,1.1512778997421265,1.1512778997421265,1.1512778997421265,1.1512778997421265
1785836460,1.1512778997421265,1.1512778997421265,1.1512778997421265,1.1512778997421265
1785836520,1.151145339012146,1.151145339012146,1.151145339012146,1.151145339012146
1785836580,1.151145339012146,1.151145339012146,1.151145339012146,1.151145339012146
1785836640,1.151145339012146,1.151145339012146,1.151145339012146,1.151145339012146
1785836700,1.151145339012146,1.151145339012146,1.151145339012146,1.151145339012146
1785836760,1.151145339012146,1.151145339012146,1.151145339012146,1.151145339012146
1785836820,1.151145339012146,1.151145339012146,1.151145339012146,1.151145339012146
1785836880,1.151145339012146,1.151145339012146,1.151145339012146,1.151145339012146
1785836940,1.1512778997421265,1.1512778997421265,1.1512778997421265,1.1512778997421265
1785837000,1.151145339012146,1.151145339012146,1.151145339012146,1.151145339012146
1785837060,1.151012897491455,1.151012897491455,1.151012897491455,1.151012897491455
1785837120,1.151145339012146,1.151145339012146,1.151145339012146,1.151145339012146
1785837180,1.1508804559707642,1.1508804559707642,1.1508804559707642,1.1508804559707642
1785837240,1.151012897491455,1.151012897491455,1.151012897491455,1.151012897491455
1785837300,1.151012897491455,1.151012897491455,1.151012897491455,1.151012897491455
1785837360,1.151012897491455,1.151012897491455,1.151012897491455,1.151012897491455
1785837420,1.151012897491455,1.151012897491455,1.151012897491455,1.151012897491455
1785837480,1.151012897491455,1.151012897491455,1.151012897491455,1.151012897491455
1785837540,1.151145339012146,1.151145339012146,1.151145339012146,1.151145339012146
1785837600,1.151145339012146,1.151145339012146,1.151145339012146,1.151145339012146
1785837660,1.151145339012146,1.151145339012146,1.151145339012146,1.151145339012146
1785837720,1.1512778997421265,1.1512778997421265,1.1512778997421265,1.1512778997421265
1785837780,1.1512778997421265,1.1512778997421265,1.1512778997421265,1.1512778997421265
1785837840,1.151145339012146,1.151145339012146,1.151145339012146,1.151145339012146
1785837900,1.1512778997421265,1.1512778997421265,1.1512778997421265,1.1512778997421265
1785837960,1.1512778997421265,1.1512778997421265,1.1512778997421265,1.1512778997421265
1785838020,1.1512778997421265,1.1512778997421265,1.1512778997421265,1.1512778997421265
1785838080,1.1512778997421265,1.1512778997421265,1.1512778997421265,1.1512778997421265
1785838140,1.1512778997421265,1.1512778997421265,1.1512778997421265,1.1512778997421265
1785838200,1.1512778997421265,1.1512778997421265,1.1512778997421265,1.1512778997421265
1785838260,1.151410460472107,1.151410460472107,1.151410460472107,1.151410460472107
1785838320,1.151410460472107,1.151410460472107,1.151410460472107,1.151410460472107
1785838380,1.1512778997421265,1.1512778997421265,1.1512778997421265,1.1512778997421265
1785838440,1.1512778997421265,1.1512778997421265,1.1512778997421265,1.1512778997421265
1785838500,1.1512778997421265,1.1512778997421265,1.1512778997421265,1.1512778997421265
1785838560,1.151145339012146,1.151145339012146,1.151145339012146,1.151145339012146
1785838620,1.151145339012146,1.151145339012146,1.151145339012146,1.151145339012146
1785838680,1.151145339012146,1.151145339012146,1.151145339012146,1.151145339012146
1785838740,1.151145339012146,1.151145339012146,1.151145339012146,1.151145339012146
1785838800,1.151145339012146,1.151145339012146,1.151145339012146,1.151145339012146
1785838860,1.1512778997421265,1.1512778997421265,1.1512778997421265,1.1512778997421265
1785838920,1.1512778997421265,1.1512778997421265,1.1512778997421265,1.1512778997421265
1785838980,1.151145339012146,1.151145339012146,1.151145339012146,1.151145339012146
1785839040,1.1512778997421265,1.1512778997421265,1.1512778997421265,1.1512778997421265
1785839100,1.151145339012146,1.151145339012146,1.151145339012146,1.151145339012146
1785839160,1.1512778997421265,1.1512778997421265,1.1512778997421265,1.1512778997421265
1785839220,1.1512778997421265,1.1512778997421265,1.1512778997421265,1.1512778997421265
1785839280,1.1512778997421265,1.1512778997421265,1.1512778997421265,1.1512778997421265
1785839340,1.1512778997421265,1.1512778997421265,1.1512778997421265,1.1512778997421265
1785839400,1.151410460472107,1.151410460472107,1.151410460472107,1.151410460472107
1785839460,1.151410460472107,1.151410460472107,1.151410460472107,1.151410460472107
1785839520,1.1512778997421265,1.1512778997421265,1.1512778997421265,1.1512778997421265
1785839580,1.1512778997421265,1.1512778997421265,1.1512778997421265,1.1512778997421265
1785839640,1.1512778997421265,1.1512778997421265,1.1512778997421265,1.1512778997421265
1785839700,1.1512778997421265,1.1512778997421265,1.1512778997421265,1.1512778997421265
1785839760,1.151410460472107,1.151410460472107,1.151410460472107,1.151410460472107
1785839820,1.151410460472107,1.151410460472107,1.151410460472107,1.151410460472107
1785839880,1.1512778997421265,1.1512778997421265,1.1512778997421265,1.1512778997421265
1785839940,1.151410460472107,1.151410460472107,1.151410460472107,1.151410460472107
1785840000,1.1512778997421265,1.1512778997421265,1.1512778997421265,1.1512778997421265
1785840060,1.1512778997421265,1.1512778997421265,1.1512778997421265,1.1512778997421265
1785840120,1.151410460472107,1.151410460472107,1.151410460472107,1.151410460472107
1785840180,1.151410460472107,1.151410460472107,1.151410460472107,1.151410460472107
1785840240,1.1516757011413574,1.1516757011413574,1.1516757011413574,1.1516757011413574
1785840300,1.1519410610198975,1.1519410610198975,1.1519410610198975,1.1519410610198975
1785840360,1.1520737409591675,1.1520737409591675,1.1520737409591675,1.1520737409591675
1785840420,1.1522064208984375,1.1522064208984375,1.1522064208984375,1.1522064208984375
1785840480,1.1520737409591675,1.1520737409591675,1.1520737409591675,1.1520737409591675
1785840540,1.1519410610198975,1.1519410610198975,1.1519410610198975,1.1519410610198975
1785840600,1.1518083810806274,1.1518083810806274,1.1518083810806274,1.1518083810806274
1785840660,1.1516757011413574,1.1516757011413574,1.1516757011413574,1.1516757011413574
1785840720,1.1518083810806274,1.1518083810806274,1.1518083810806274,1.1518083810806274
1785840780,1.1516757011413574,1.1516757011413574,1.1516757011413574,1.1516757011413574
1785840840,1.1518083810806274,1.1518083810806274,1.1518083810806274,1.1518083810806274
1785840900,1.1516757011413574,1.1516757011413574,1.1516757011413574,1.1516757011413574
1785840960,1.1516757011413574,1.1516757011413574,1.1516757011413574,1.1516757011413574
1785841020,1.1516757011413574,1.1516757011413574,1.1516757011413574,1.1516757011413574
1785841080,1.1518083810806274,1.1518083810806274,1.1518083810806274,1.1518083810806274
1785841140,1.1516757011413574,1.1516757011413574,1.1516757011413574,1.1516757011413574
1785841200,1.1516757011413574,1.1516757011413574,1.1516757011413574,1.1516757011413574
1785841260,1.151543140411377,1.151543140411377,1.151543140411377,1.151543140411377
1785841320,1.151543140411377,1.151543140411377,1.151543140411377,1.151543140411377
1785841380,1.151543140411377,1.151543140411377,1.151543140411377,1.151543140411377
1785841440,1.151543140411377,1.151543140411377,1.151543140411377,1.151543140411377
1785841500,1.1516757011413574,1.1516757011413574,1.1516757011413574,1.1516757011413574
1785841560,1.1518083810806274,1.1518083810806274,1.1518083810806274,1.1518083810806274
1785841620,1.1518083810806274,1.1518083810806274,1.1518083810806274,1.1518083810806274
1785841680,1.1516757011413574,1.1516757011413574,1.1516757011413574,1.1516757011413574
1785841740,1.1518083810806274,1.1518083810806274,1.1518083810806274,1.1518083810806274
1785841800,1.1519410610198975,1.1519410610198975,1.1519410610198975,1.1519410610198975
1785841860,1.1519410610198975,1.1519410610198975,1.1519410610198975,1.1519410610198975
1785841920,1.1518083810806274,1.1518083810806274,1.1518083810806274,1.1518083810806274
1785841980,1.1519410610198975,1.1519410610198975,1.1519410610198975,1.1519410610198975
1785842040,1.1519410610198975,1.1519410610198975,1.1519410610198975,1.1519410610198975
1785842100,1.1519410610198975,1.1519410610198975,1.1519410610198975,1.1519410610198975
1785842160,1.1520737409591675,1.1520737409591675,1.1520737409591675,1.1520737409591675
1785842220,1.1520737409591675,1.1520737409591675,1.1520737409591675,1.1520737409591675
1785842280,1.1520737409591675,1.1520737409591675,1.1520737409591675,1.1520737409591675
1785842340,1.1520737409591675,1.1520737409591675,1.1520737409591675,1.1520737409591675
1785842400,1.1522064208984375,1.1522064208984375,1.1522064208984375,1.1522064208984375
1785842460,1.1522064208984375,1.1522064208984375,1.1522064208984375,1.1522064208984375
1785842520,1.1522064208984375,1.1522064208984375,1.1522064208984375,1.1522064208984375
1785842580,1.1522064208984375,1.1522064208984375,1.1522064208984375,1.1522064208984375
1785842640,1.1520737409591675,1.1520737409591675,1.1520737409591675,1.1520737409591675
1785842700,1.1522064208984375,1.1522064208984375,1.1522064208984375,1.1522064208984375
1785842760,1.1522064208984375,1.1522064208984375,1.1522064208984375,1.1522064208984375
1785842820,1.1520737409591675,1.1520737409591675,1.1520737409591675,1.1520737409591675
1785842880,1.1522064208984375,1.1522064208984375,1.1522064208984375,1.1522064208984375
1785842940,1.152339220046997,1.152339220046997,1.152339220046997,1.152339220046997
1785843000,1.1522064208984375,1.1522064208984375,1.1522064208984375,1.1522064208984375
1785843060,1.152339220046997,1.152339220046997,1.152339220046997,1.152339220046997
1785843120,1.152339220046997,1.152339220046997,1.152339220046997,1.152339220046997
1785843180,1.152339220046997,1.152339220046997,1.152339220046997,1.152339220046997
1785843240,1.1522064208984375,1.1522064208984375,1.1522064208984375,1.1522064208984375
1785843300,1.152339220046997,1.152339220046997,1.152339220046997,1.152339220046997
1785843360,1.1522064208984375,1.1522064208984375,1.1522064208984375,1.1522064208984375
1785843420,1.152339220046997,1.152339220046997,1.152339220046997,1.152339220046997
1785843480,1.152339220046997,1.152339220046997,1.152339220046997,1.152339220046997
1785843540,1.1524720191955566,1.1524720191955566,1.1524720191955566,1.1524720191955566
1785843600,1.152339220046997,1.152339220046997,1.152339220046997,1.152339220046997
1785843660,1.152339220046997,1.152339220046997,1.152339220046997,1.152339220046997
1785843720,1.1522064208984375,1.1522064208984375,1.1522064208984375,1.1522064208984375
1785843780,1.1524720191955566,1.1524720191955566,1.1524720191955566,1.1524720191955566
1785843840,1.1526048183441162,1.1526048183441162,1.1526048183441162,1.1526048183441162
1785843900,1.1524720191955566,1.1524720191955566,1.1524720191955566,1.1524720191955566
1785843960,1.152339220046997,1.152339220046997,1.152339220046997,1.152339220046997
1785844020,1.1522064208984375,1.1522064208984375,1.1522064208984375,1.1522064208984375
1785844080,1.1522064208984375,1.1522064208984375,1.1522064208984375,1.1522064208984375
1785844140,1.1522064208984375,1.1522064208984375,1.1522064208984375,1.1522064208984375
1785844200,1.1520737409591675,1.1520737409591675,1.1520737409591675,1.1520737409591675
1785844260,1.1522064208984375,1.1522064208984375,1.1522064208984375,1.1522064208984375
1785844320,1.1520737409591675,1.1520737409591675,1.1520737409591675,1.1520737409591675
1785844380,1.1519410610198975,1.1519410610198975,1.1519410610198975,1.1519410610198975
1785844440,1.1519410610198975,1.1519410610198975,1.1519410610198975,1.1519410610198975
1785844500,1.1519410610198975,1.1519410610198975,1.1519410610198975,1.1519410610198975
1785844560,1.1520737409591675,1.1520737409591675,1.1520737409591675,1.1520737409591675
1785844620,1.1522064208984375,1.1522064208984375,1.1522064208984375,1.1522064208984375
1785844680,1.1522064208984375,1.1522064208984375,1.1522064208984375,1.1522064208984375
1785844740,1.1519410610198975,1.1519410610198975,1.1519410610198975,1.1519410610198975
1785844800,1.1520737409591675,1.1520737409591675,1.1520737409591675,1.1520737409591675
1785844860,1.1519410610198975,1.1519410610198975,1.1519410610198975,1.1519410610198975
1785844920,1.1520737409591675,1.1520737409591675,1.1520737409591675,1.1520737409591675
1785844980,1.1520737409591675,1.1520737409591675,1.1520737409591675,1.1520737409591675
1785845040,1.1520737409591675,1.1520737409591675,1.1520737409591675,1.1520737409591675
1785845100,1.1520737409591675,1.1520737409591675,1.1520737409591675,1.1520737409591675
1785845160,1.1520737409591675,1.1520737409591675,1.1520737409591675,1.1520737409591675
1785845220,1.1520737409591675,1.1520737409591675,1.1520737409591675,1.1520737409591675
1785845280,1.1518083810806274,1.1518083810806274,1.1518083810806274,1.1518083810806274
1785845340,1.1518083810806274,1.1518083810806274,1.1518083810806274,1.1518083810806274
1785845400,1.1518083810806274,1.1518083810806274,1.1518083810806274,1.1518083810806274
1785845460,1.1518083810806274,1.1518083810806274,1.1518083810806274,1.1518083810806274
1785845520,1.1518083810806274,1.1518083810806274,1.1518083810806274,1.1518083810806274
1785845580,1.1518083810806274,1.1518083810806274,1.1518083810806274,1.1518083810806274
1785845640,1.1518083810806274,1.1518083810806274,1.1518083810806274,1.1518083810806274
1785845700,1.1516757011413574,1.1516757011413574,1.1516757011413574,1.1516757011413574
1785845760,1.1518083810806274,1.1518083810806274,1.1518083810806274,1.1518083810806274
1785845820,1.1516757011413574,1.1516757011413574,1.1516757011413574,1.1516757011413574
1785845880,1.1518083810806274,1.1518083810806274,1.1518083810806274,1.1518083810806274
1785845940,1.1518083810806274,1.1518083810806274,1.1518083810806274,1.1518083810806274
1785846000,1.1518083810806274,1.1518083810806274,1.1518083810806274,1.1518083810806274
1785846060,1.1516757011413574,1.1516757011413574,1.1516757011413574,1.1516757011413574
1785846120,1.1518083810806274,1.1518083810806274,1.1518083810806274,1.1518083810806274
1785846180,1.1519410610198975,1.1519410610198975,1.1519410610198975,1.1519410610198975
1785846240,1.1519410610198975,1.1519410610198975,1.1519410610198975,1.1519410610198975
1785846300,1.1519410610198975,1.1519410610198975,1.1519410610198975,1.1519410610198975
1785846360,1.1520737409591675,1.1520737409591675,1.1520737409591675,1.1520737409591675
1785846420,1.1519410610198975,1.1519410610198975,1.1519410610198975,1.1519410610198975
1785846480,1.1518083810806274,1.1518083810806274,1.1518083810806274,1.1518083810806274
1785846540,1.1518083810806274,1.1518083810806274,1.1518083810806274,1.1518083810806274
1785846600,1.1519410610198975,1.1519410610198975,1.1519410610198975,1.1519410610198975
1785846660,1.1519410610198975,1.1519410610198975,1.1519410610198975,1.1519410610198975
1785846720,1.1519410610198975,1.1519410610198975,1.1519410610198975,1.1519410610198975
1785846780,1.1520737409591675,1.1520737409591675,1.1520737409591675,1.1520737409591675
1785846840,1.152339220046997,1.152339220046997,1.152339220046997,1.152339220046997
1785846900,1.152339220046997,1.152339220046997,1.152339220046997,1.152339220046997
1785846960,1.152339220046997,1.152339220046997,1.152339220046997,1.152339220046997
1785847020,1.152339220046997,1.152339220046997,1.152339220046997,1.152339220046997
1785847080,1.1524720191955566,1.1524720191955566,1.1524720191955566,1.1524720191955566
1785847140,1.1524720191955566,1.1524720191955566,1.1524720191955566,1.1524720191955566
1785847200,1.1524720191955566,1.1524720191955566,1.1524720191955566,1.1524720191955566
1785847260,1.1526048183441162,1.1526048183441162,1.1526048183441162,1.1526048183441162
1785847320,1.1526048183441162,1.1526048183441162,1.1526048183441162,1.1526048183441162
1785847380,1.1524720191955566,1.1524720191955566,1.1524720191955566,1.1524720191955566
1785847440,1.1524720191955566,1.1524720191955566,1.1524720191955566,1.1524720191955566
1785847500,1.152339220046997,1.152339220046997,1.152339220046997,1.152339220046997
1785847560,1.152339220046997,1.152339220046997,1.152339220046997,1.152339220046997
1785847620,1.152339220046997,1.152339220046997,1.152339220046997,1.152339220046997
1785847680,1.152339220046997,1.152339220046997,1.152339220046997,1.152339220046997
1785847740,1.1522064208984375,1.1522064208984375,1.1522064208984375,1.1522064208984375
1785847800,1.1522064208984375,1.1522064208984375,1.1522064208984375,1.1522064208984375
1785847860,1.1520737409591675,1.1520737409591675,1.1520737409591675,1.1520737409591675
1785847920,1.1520737409591675,1.1520737409591675,1.1520737409591675,1.1520737409591675
1785847980,1.1520737409591675,1.1520737409591675,1.1520737409591675,1.1520737409591675
1785848040,1.1519410610198975,1.1519410610198975,1.1519410610198975,1.1519410610198975
1785848100,1.1519410610198975,1.1519410610198975,1.1519410610198975,1.1519410610198975
1785848160,1.1520737409591675,1.1520737409591675,1.1520737409591675,1.1520737409591675
1785848220,1.1519410610198975,1.1519410610198975,1.1519410610198975,1.1519410610198975
1785848280,1.1518083810806274,1.1518083810806274,1.1518083810806274,1.1518083810806274
1785848340,1.1518083810806274,1.1518083810806274,1.1518083810806274,1.1518083810806274
1785848400,1.1518083810806274,1.1518083810806274,1.1518083810806274,1.1518083810806274
1785848460,1.1516757011413574,1.1516757011413574,1.1516757011413574,1.1516757011413574
1785848520,1.151543140411377,1.151543140411377,1.151543140411377,1.151543140411377
1785848580,1.151543140411377,1.151543140411377,1.151543140411377,1.151543140411377
1785848640,1.151543140411377,1.151543140411377,1.151543140411377,1.151543140411377
1785848700,1.151543140411377,1.151543140411377,1.151543140411377,1.151543140411377
1785848760,1.151543140411377,1.151543140411377,1.151543140411377,1.151543140411377
1785848820,1.151543140411377,1.151543140411377,1.151543140411377,1.151543140411377
1785848880,1.151543140411377,1.151543140411377,1.151543140411377,1.151543140411377
1785848940,1.151543140411377,1.151543140411377,1.151543140411377,1.151543140411377
1785849000,1.1518083810806274,1.1518083810806274,1.1518083810806274,1.1518083810806274
1785849060,1.1516757011413574,1.1516757011413574,1.1516757011413574,1.1516757011413574
1785849120,1.1516757011413574,1.1516757011413574,1.1516757011413574,1.1516757011413574
1785849180,1.1516757011413574,1.1516757011413574,1.1516757011413574,1.1516757011413574
1785849240,1.151543140411377,1.151543140411377,1.151543140411377,1.151543140411377
1785849300,1.1516757011413574,1.1516757011413574,1.1516757011413574,1.1516757011413574
1785849360,1.151543140411377,1.151543140411377,1.151543140411377,1.151543140411377
1785849420,1.151410460472107,1.151410460472107,1.151410460472107,1.151410460472107
1785849480,1.151410460472107,1.151410460472107,1.151410460472107,1.151410460472107
1785849540,1.151410460472107,1.151410460472107,1.151410460472107,1.151410460472107
1785849600,1.1518083810806274,1.1518083810806274,1.1518083810806274,1.1518083810806274
1785849660,1.1516757011413574,1.1516757011413574,1.1516757011413574,1.1516757011413574
1785849720,1.1520737409591675,1.1520737409591675,1.1520737409591675,1.1520737409591675
1785849780,1.1522064208984375,1.1522064208984375,1.1522064208984375,1.1522064208984375
1785849840,1.1519410610198975,1.1519410610198975,1.1519410610198975,1.1519410610198975
1785849900,1.1520737409591675,1.1520737409591675,1.1520737409591675,1.1520737409591675
1785849960,1.1520737409591675,1.1520737409591675,1.1520737409591675,1.1520737409591675
1785850020,1.1522064208984375,1.1522064208984375,1.1522064208984375,1.1522064208984375
1785850080,1.1519410610198975,1.1519410610198975,1.1519410610198975,1.1519410610198975
1785850140,1.1519410610198975,1.1519410610198975,1.1519410610198975,1.1519410610198975
1785850200,1.1519410610198975,1.1519410610198975,1.1519410610198975,1.1519410610198975
1785850260,1.1519410610198975,1.1519410610198975,1.1519410610198975,1.1519410610198975
1785850320,1.1520737409591675,1.1520737409591675,1.1520737409591675,1.1520737409591675
1785850380,1.1520737409591675,1.1520737409591675,1.1520737409591675,1.1520737409591675
1785850440,1.1522064208984375,1.1522064208984375,1.1522064208984375,1.1522064208984375
1785850500,1.152339220046997,1.152339220046997,1.152339220046997,1.152339220046997
1785850560,1.1524720191955566,1.1524720191955566,1.1524720191955566,1.1524720191955566
1785850620,1.1526048183441162,1.1526048183441162,1.1526048183441162,1.1526048183441162
1785850680,1.1524720191955566,1.1524720191955566,1.1524720191955566,1.1524720191955566
1785850740,1.1527377367019653,1.1527377367019653,1.1527377367019653,1.1527377367019653
1785850800,1.1527377367019653,1.1527377367019653,1.1527377367019653,1.1527377367019653
1785850860,1.1528706550598145,1.1528706550598145,1.1528706550598145,1.1528706550598145
1785850920,1.1527377367019653,1.1527377367019653,1.1527377367019653,1.1527377367019653
1785850980,1.1524720191955566,1.1524720191955566,1.1524720191955566,1.1524720191955566
1785851040,1.1527377367019653,1.1527377367019653,1.1527377367019653,1.1527377367019653
1785851100,1.1526048183441162,1.1526048183441162,1.1526048183441162,1.1526048183441162
1785851160,1.1526048183441162,1.1526048183441162,1.1526048183441162,1.1526048183441162
1785851220,1.1527377367019653,1.1527377367019653,1.1527377367019653,1.1527377367019653
1785851280,1.1528706550598145,1.1528706550598145,1.1528706550598145,1.1528706550598145
1785851340,1.1527377367019653,1.1527377367019653,1.1527377367019653,1.1527377367019653
1785851400,1.1527377367019653,1.1527377367019653,1.1527377367019653,1.1527377367019653
1785851460,1.1526048183441162,1.1526048183441162,1.1526048183441162,1.1526048183441162
1785851520,1.1527377367019653,1.1527377367019653,1.1527377367019653,1.1527377367019653
1785851580,1.1527377367019653,1.1527377367019653,1.1527377367019653,1.1527377367019653
1785851640,1.1527377367019653,1.1527377367019653,1.1527377367019653,1.1527377367019653
1785851700,1.1527377367019653,1.1527377367019653,1.1527377367019653,1.1527377367019653
1785851760,1.1526048183441162,1.1526048183441162,1.1526048183441162,1.1526048183441162
1785851820,1.1527377367019653,1.1527377367019653,1.1527377367019653,1.1527377367019653
1785851880,1.1526048183441162,1.1526048183441162,1.1526048183441162,1.1526048183441162
1785851940,1.1527377367019653,1.1527377367019653,1.1527377367019653,1.1527377367019653
1785852000,1.1527377367019653,1.1527377367019653,1.1527377367019653,1.1527377367019653
1785852060,1.1526048183441162,1.1526048183441162,1.1526048183441162,1.1526048183441162
1785852120,1.1528706550598145,1.1528706550598145,1.1528706550598145,1.1528706550598145
1785852180,1.1528706550598145,1.1528706550598145,1.1528706550598145,1.1528706550598145
1785852240,1.1528706550598145,1.1528706550598145,1.1528706550598145,1.1528706550598145
1785852300,1.1527377367019653,1.1527377367019653,1.1527377367019653,1.1527377367019653
1785852360,1.1528706550598145,1.1528706550598145,1.1528706550598145,1.1528706550598145
1785852420,1.1528706550598145,1.1528706550598145,1.1528706550598145,1.1528706550598145
1785852480,1.1531364917755127,1.1531364917755127,1.1531364917755127,1.1531364917755127
1785852540,1.1531364917755127,1.1531364917755127,1.1531364917755127,1.1531364917755127
1785852600,1.1531364917755127,1.1531364917755127,1.1531364917755127,1.1531364917755127
1785852660,1.1531364917755127,1.1531364917755127,1.1531364917755127,1.1531364917755127
1785852720,1.15340256690979,1.15340256690979,1.15340256690979,1.15340256690979
1785852780,1.1532695293426514,1.1532695293426514,1.1532695293426514,1.1532695293426514
1785852840,1.1532695293426514,1.1532695293426514,1.1532695293426514,1.1532695293426514
1785852900,1.1532695293426514,1.1532695293426514,1.1532695293426514,1.1532695293426514
1785852960,1.1532695293426514,1.1532695293426514,1.1532695293426514,1.1532695293426514
1785853020,1.1532695293426514,1.1532695293426514,1.1532695293426514,1.1532695293426514
1785853080,1.1532695293426514,1.1532695293426514,1.1532695293426514,1.1532695293426514
1785853140,1.1531364917755127,1.1531364917755127,1.1531364917755127,1.1531364917755127
1785853200,1.1531364917755127,1.1531364917755127,1.1531364917755127,1.1531364917755127
1785853260,1.1531364917755127,1.1531364917755127,1.1531364917755127,1.1531364917755127
1785853320,1.1531364917755127,1.1531364917755127,1.1531364917755127,1.1531364917755127
1785853380,1.1531364917755127,1.1531364917755127,1.1531364917755127,1.1531364917755127
1785853440,1.1531364917755127,1.1531364917755127,1.1531364917755127,1.1531364917755127
1785853500,1.1530035734176636,1.1530035734176636,1.1530035734176636,1.1530035734176636
1785853560,1.1530035734176636,1.1530035734176636,1.1530035734176636,1.1530035734176636
1785853620,1.1531364917755127,1.1531364917755127,1.1531364917755127,1.1531364917755127
1785853680,1.1531364917755127,1.1531364917755127,1.1531364917755127,1.1531364917755127
1785853740,1.1531364917755127,1.1531364917755127,1.1531364917755127,1.1531364917755127
1785853800,1.1530035734176636,1.1530035734176636,1.1530035734176636,1.1530035734176636
1785853860,1.1531364917755127,1.1531364917755127,1.1531364917755127,1.1531364917755127
1785853920,1.1531364917755127,1.1531364917755127,1.1531364917755127,1.1531364917755127
1785853980,1.1530035734176636,1.1530035734176636,1.1530035734176636,1.1530035734176636
1785854040,1.1530035734176636,1.1530035734176636,1.1530035734176636,1.1530035734176636
1785854100,1.1528706550598145,1.1528706550598145,1.1528706550598145,1.1528706550598145
1785854160,1.1527377367019653,1.1527377367019653,1.1527377367019653,1.1527377367019653
1785854220,1.1527377367019653,1.1527377367019653,1.1527377367019653,1.1527377367019653
1785854280,1.1528706550598145,1.1528706550598145,1.1528706550598145,1.1528706550598145
1785854340,1.1530035734176636,1.1530035734176636,1.1530035734176636,1.1530035734176636
1785854400,1.1530035734176636,1.1530035734176636,1.1530035734176636,1.1530035734176636
1785854460,1.1531364917755127,1.1531364917755127,1.1531364917755127,1.1531364917755127
1785854520,1.1528706550598145,1.1528706550598145,1.1528706550598145,1.1528706550598145
1785854580,1.1527377367019653,1.1527377367019653,1.1527377367019653,1.1527377367019653
1785854640,1.1527377367019653,1.1527377367019653,1.1527377367019653,1.1527377367019653
1785854700,1.1526048183441162,1.1526048183441162,1.1526048183441162,1.1526048183441162
1785854760,1.1524720191955566,1.1524720191955566,1.1524720191955566,1.1524720191955566
1785854820,1.152339220046997,1.152339220046997,1.152339220046997,1.152339220046997
1785854880,1.152339220046997,1.152339220046997,1.152339220046997,1.152339220046997
1785854940,1.1524720191955566,1.1524720191955566,1.1524720191955566,1.1524720191955566
1785855000,1.1524720191955566,1.1524720191955566,1.1524720191955566,1.1524720191955566
1785855060,1.1526048183441162,1.1526048183441162,1.1526048183441162,1.1526048183441162
1785855120,1.1527377367019653,1.1527377367019653,1.1527377367019653,1.1527377367019653
1785855180,1.1526048183441162,1.1526048183441162,1.1526048183441162,1.1526048183441162
1785855240,1.1526048183441162,1.1526048183441162,1.1526048183441162,1.1526048183441162
1785855300,1.1524720191955566,1.1524720191955566,1.1524720191955566,1.1524720191955566
1785855360,1.152339220046997,1.152339220046997,1.152339220046997,1.152339220046997
1785855420,1.1524720191955566,1.1524720191955566,1.1524720191955566,1.1524720191955566
1785855480,1.1527377367019653,1.1527377367019653,1.1527377367019653,1.1527377367019653
1785855540,1.1526048183441162,1.1526048183441162,1.1526048183441162,1.1526048183441162
1785855600,1.1527377367019653,1.1527377367019653,1.1527377367019653,1.1527377367019653
1785855660,1.1527377367019653,1.1527377367019653,1.1527377367019653,1.1527377367019653
1785855720,1.1526048183441162,1.1526048183441162,1.1526048183441162,1.1526048183441162
1785855780,1.1527377367019653,1.1527377367019653,1.1527377367019653,1.1527377367019653
1785855840,1.1528706550598145,1.1528706550598145,1.1528706550598145,1.1528706550598145
1785855900,1.1527377367019653,1.1527377367019653,1.1527377367019653,1.1527377367019653
1785855960,1.1527377367019653,1.1527377367019653,1.1527377367019653,1.1527377367019653
1785856020,1.1527377367019653,1.1527377367019653,1.1527377367019653,1.1527377367019653
1785856080,1.1527377367019653,1.1527377367019653,1.1527377367019653,1.1527377367019653
1785856140,1.1524720191955566,1.1524720191955566,1.1524720191955566,1.1524720191955566
1785856200,1.1524720191955566,1.1524720191955566,1.1524720191955566,1.1524720191955566
1785856260,1.1524720191955566,1.1524720191955566,1.1524720191955566,1.1524720191955566
1785856320,1.152339220046997,1.152339220046997,1.152339220046997,1.152339220046997
1785856380,1.152339220046997,1.152339220046997,1.152339220046997,1.152339220046997
1785856440,1.1522064208984375,1.1522064208984375,1.1522064208984375,1.1522064208984375
1785856500,1.1520737409591675,1.1520737409591675,1.1520737409591675,1.1520737409591675
1785856560,1.1519410610198975,1.1519410610198975,1.1519410610198975,1.1519410610198975
1785856620,1.1519410610198975,1.1519410610198975,1.1519410610198975,1.1519410610198975
1785856680,1.1519410610198975,1.1519410610198975,1.1519410610198975,1.1519410610198975
1785856740,1.1518083810806274,1.1518083810806274,1.1518083810806274,1.1518083810806274
1785856800,1.1518083810806274,1.1518083810806274,1.1518083810806274,1.1518083810806274
1785856860,1.1519410610198975,1.1519410610198975,1.1519410610198975,1.1519410610198975
1785856920,1.1518083810806274,1.1518083810806274,1.1518083810806274,1.1518083810806274
1785856980,1.1519410610198975,1.1519410610198975,1.1519410610198975,1.1519410610198975
1785857040,1.1520737409591675,1.1520737409591675,1.1520737409591675,1.1520737409591675
1785857100,1.1520737409591675,1.1520737409591675,1.1520737409591675,1.1520737409591675
1785857160,1.1520737409591675,1.1520737409591675,1.1520737409591675,1.1520737409591675
1785857220,1.1520737409591675,1.1520737409591675,1.1520737409591675,1.1520737409591675
1785857280,1.1520737409591675,1.1520737409591675,1.1520737409591675,1.1520737409591675
1785857340,1.1520737409591675,1.1520737409591675,1.1520737409591675,1.1520737409591675
1785857400,1.1520737409591675,1.1520737409591675,1.1520737409591675,1.1520737409591675
1785857460,1.1520737409591675,1.1520737409591675,1.1520737409591675,1.1520737409591675
1785857520,1.1520737409591675,1.1520737409591675,1.1520737409591675,1.1520737409591675
1785857580,1.1520737409591675,1.1520737409591675,1.1520737409591675,1.1520737409591675
1785857640,1.1520737409591675,1.1520737409591675,1.1520737409591675,1.1520737409591675
1785857700,1.1519410610198975,1.1519410610198975,1.1519410610198975,1.1519410610198975
1785857760,1.1519410610198975,1.1519410610198975,1.1519410610198975,1.1519410610198975
1785857820,1.1520737409591675,1.1520737409591675,1.1520737409591675,1.1520737409591675
1785857880,1.1524720191955566,1.1524720191955566,1.1524720191955566,1.1524720191955566
1785857940,1.1524720191955566,1.1524720191955566,1.1524720191955566,1.1524720191955566
1785858000,1.152339220046997,1.152339220046997,1.152339220046997,1.152339220046997
1785858060,1.152339220046997,1.152339220046997,1.152339220046997,1.152339220046997
1785858120,1.152339220046997,1.152339220046997,1.152339220046997,1.152339220046997
1785858180,1.152339220046997,1.152339220046997,1.152339220046997,1.152339220046997
1785858240,1.1524720191955566,1.1524720191955566,1.1524720191955566,1.1524720191955566
1785858300,1.1524720191955566,1.1524720191955566,1.1524720191955566,1.1524720191955566
1785858360,1.1524720191955566,1.1524720191955566,1.1524720191955566,1.1524720191955566
1785858420,1.152339220046997,1.152339220046997,1.152339220046997,1.152339220046997
1785858480,1.1524720191955566,1.1524720191955566,1.1524720191955566,1.1524720191955566
1785858540,1.1524720191955566,1.1524720191955566,1.1524720191955566,1.1524720191955566
1785858600,1.1526048183441162,1.1526048183441162,1.1526048183441162,1.1526048183441162
1785858660,1.1527377367019653,1.1527377367019653,1.1527377367019653,1.1527377367019653
1785858720,1.1527377367019653,1.1527377367019653,1.1527377367019653,1.1527377367019653
1785858780,1.1527377367019653,1.1527377367019653,1.1527377367019653,1.1527377367019653
1785858840,1.1528706550598145,1.1528706550598145,1.1528706550598145,1.1528706550598145
1785858900,1.1527377367019653,1.1527377367019653,1.1527377367019653,1.1527377367019653
1785858960,1.1527377367019653,1.1527377367019653,1.1527377367019653,1.1527377367019653
1785859020,1.1528706550598145,1.1528706550598145,1.1528706550598145,1.1528706550598145
1785859080,1.1530035734176636,1.1530035734176636,1.1530035734176636,1.1530035734176636
1785859140,1.1528706550598145,1.1528706550598145,1.1528706550598145,1.1528706550598145
1785859200,1.1528706550598145,1.1528706550598145,1.1528706550598145,1.1528706550598145
1785859260,1.1528706550598145,1.1528706550598145,1.1528706550598145,1.1528706550598145
1785859320,1.1528706550598145,1.1528706550598145,1.1528706550598145,1.1528706550598145
1785859380,1.1527377367019653,1.1527377367019653,1.1527377367019653,1.1527377367019653
1785859440,1.1526048183441162,1.1526048183441162,1.1526048183441162,1.1526048183441162
1785859500,1.1526048183441162,1.1526048183441162,1.1526048183441162,1.1526048183441162
1785859560,1.1524720191955566,1.1524720191955566,1.1524720191955566,1.1524720191955566
1785859620,1.1524720191955566,1.1524720191955566,1.1524720191955566,1.1524720191955566
1785859680,1.1524720191955566,1.1524720191955566,1.1524720191955566,1.1524720191955566
1785859740,1.1526048183441162,1.1526048183441162,1.1526048183441162,1.1526048183441162
1785859800,1.1526048183441162,1.1526048183441162,1.1526048183441162,1.1526048183441162
1785859860,1.1526048183441162,1.1526048183441162,1.1526048183441162,1.1526048183441162
1785859920,1.1527377367019653,1.1527377367019653,1.1527377367019653,1.1527377367019653
1785859980,1.1528706550598145,1.1528706550598145,1.1528706550598145,1.1528706550598145
1785860040,1.1524720191955566,1.1524720191955566,1.1524720191955566,1.1524720191955566
1785860100,1.1524720191955566,1.1524720191955566,1.1524720191955566,1.1524720191955566
1785860160,1.152339220046997,1.152339220046997,1.152339220046997,1.152339220046997
1785860220,1.1524720191955566,1.1524720191955566,1.1524720191955566,1.1524720191955566
1785860280,1.152339220046997,1.152339220046997,1.152339220046997,1.152339220046997
1785860340,1.1524720191955566,1.1524720191955566,1.1524720191955566,1.1524720191955566
1785860400,1.1524720191955566,1.1524720191955566,1.1524720191955566,1.1524720191955566
1785860460,1.1524720191955566,1.1524720191955566,1.1524720191955566,1.1524720191955566
1785860520,1.1524720191955566,1.1524720191955566,1.1524720191955566,1.1524720191955566
1785860580,1.1524720191955566,1.1524720191955566,1.1524720191955566,1.1524720191955566
1785860640,1.1524720191955566,1.1524720191955566,1.1524720191955566,1.1524720191955566
1785860700,1.1524720191955566,1.1524720191955566,1.1524720191955566,1.1524720191955566
1785860760,1.1524720191955566,1.1524720191955566,1.1524720191955566,1.1524720191955566
1785860820,1.1524720191955566,1.1524720191955566,1.1524720191955566,1.1524720191955566
1785860880,1.152339220046997,1.152339220046997,1.152339220046997,1.152339220046997
1785860940,1.152339220046997,1.152339220046997,1.152339220046997,1.152339220046997
1785861000,1.152339220046997,1.152339220046997,1.152339220046997,1.152339220046997
1785861060,1.152339220046997,1.152339220046997,1.152339220046997,1.152339220046997
1785861120,1.1522064208984375,1.1522064208984375,1.1522064208984375,1.1522064208984375
1785861180,1.1522064208984375,1.1522064208984375,1.1522064208984375,1.1522064208984375
1785861240,1.1520737409591675,1.1520737409591675,1.1520737409591675,1.1520737409591675
1785861300,1.1520737409591675,1.1520737409591675,1.1520737409591675,1.1520737409591675
1785861360,1.1520737409591675,1.1520737409591675,1.1520737409591675,1.1520737409591675
1785861420,1.1520737409591675,1.1520737409591675,1.1520737409591675,1.1520737409591675
1785861480,1.1520737409591675,1.1520737409591675,1.1520737409591675,1.1520737409591675
1785861540,1.1520737409591675,1.1520737409591675,1.1520737409591675,1.1520737409591675
1785861600,1.1520737409591675,1.1520737409591675,1.1520737409591675,1.1520737409591675
1785861660,1.1520737409591675,1.1520737409591675,1.1520737409591675,1.1520737409591675
1785861720,1.1520737409591675,1.1520737409591675,1.1520737409591675,1.1520737409591675
1785861780,1.1522064208984375,1.1522064208984375,1.1522064208984375,1.1522064208984375
1785861840,1.1522064208984375,1.1522064208984375,1.1522064208984375,1.1522064208984375
1785861900,1.1522064208984375,1.1522064208984375,1.1522064208984375,1.1522064208984375
1785861960,1.1522064208984375,1.1522064208984375,1.1522064208984375,1.1522064208984375
1785862020,1.1522064208984375,1.1522064208984375,1.1522064208984375,1.1522064208984375
1785862080,1.1520737409591675,1.1520737409591675,1.1520737409591675,1.1520737409591675
1785862140,1.1520737409591675,1.1520737409591675,1.1520737409591675,1.1520737409591675
1785862200,1.1520737409591675,1.1520737409591675,1.1520737409591675,1.1520737409591675
1785862260,1.1522064208984375,1.1522064208984375,1.1522064208984375,1.1522064208984375
1785862320,1.1520737409591675,1.1520737409591675,1.1520737409591675,1.1520737409591675
1785862380,1.1520737409591675,1.1520737409591675,1.1520737409591675,1.1520737409591675
1785862440,1.1520737409591675,1.1520737409591675,1.1520737409591675,1.1520737409591675
1785862500,1.1520737409591675,1.1520737409591675,1.1520737409591675,1.1520737409591675
1785862560,1.1520737409591675,1.1520737409591675,1.1520737409591675,1.1520737409591675
1785862620,1.1522064208984375,1.1522064208984375,1.1522064208984375,1.1522064208984375
1785862680,1.1522064208984375,1.1522064208984375,1.1522064208984375,1.1522064208984375
1785862740,1.1522064208984375,1.1522064208984375,1.1522064208984375,1.1522064208984375
1785862800,1.152339220046997,1.152339220046997,1.152339220046997,1.152339220046997
1785862860,1.1524720191955566,1.1524720191955566,1.1524720191955566,1.1524720191955566
1785862920,1.1524720191955566,1.1524720191955566,1.1524720191955566,1.1524720191955566
1785862980,1.1524720191955566,1.1524720191955566,1.1524720191955566,1.1524720191955566
1785863040,1.1524720191955566,1.1524720191955566,1.1524720191955566,1.1524720191955566
1785863100,1.1524720191955566,1.1524720191955566,1.1524720191955566,1.1524720191955566
1785863160,1.1524720191955566,1.1524720191955566,1.1524720191955566,1.1524720191955566
1785863220,1.1524720191955566,1.1524720191955566,1.1524720191955566,1.1524720191955566
1785863280,1.1524720191955566,1.1524720191955566,1.1524720191955566,1.1524720191955566
1785863340,1.1524720191955566,1.1524720191955566,1.1524720191955566,1.1524720191955566
1785863400,1.1524720191955566,1.1524720191955566,1.1524720191955566,1.1524720191955566
1785863460,1.1524720191955566,1.1524720191955566,1.1524720191955566,1.1524720191955566
1785863520,1.1524720191955566,1.1524720191955566,1.1524720191955566,1.1524720191955566
1785863580,1.1524720191955566,1.1524720191955566,1.1524720191955566,1.1524720191955566
1785863640,1.1526048183441162,1.1526048183441162,1.1526048183441162,1.1526048183441162
1785863700,1.1524720191955566,1.1524720191955566,1.1524720191955566,1.1524720191955566
1785863760,1.152339220046997,1.152339220046997,1.152339220046997,1.152339220046997
1785863820,1.152339220046997,1.152339220046997,1.152339220046997,1.152339220046997
1785863880,1.152339220046997,1.152339220046997,1.152339220046997,1.152339220046997
1785863940,1.1524720191955566,1.1524720191955566,1.1524720191955566,1.1524720191955566
1785864000,1.1526048183441162,1.1526048183441162,1.1526048183441162,1.1526048183441162
1785864060,1.1524720191955566,1.1524720191955566,1.1524720191955566,1.1524720191955566
1785864120,1.1524720191955566,1.1524720191955566,1.1524720191955566,1.1524720191955566
1785864180,1.152339220046997,1.152339220046997,1.152339220046997,1.152339220046997
1785864240,1.152339220046997,1.152339220046997,1.152339220046997,1.152339220046997
1785864300,1.1524720191955566,1.1524720191955566,1.1524720191955566,1.1524720191955566
1785864360,1.1524720191955566,1.1524720191955566,1.1524720191955566,1.1524720191955566
1785864420,1.1524720191955566,1.1524720191955566,1.1524720191955566,1.1524720191955566
1785864480,1.1526048183441162,1.1526048183441162,1.1526048183441162,1.1526048183441162
1785864540,1.1524720191955566,1.1524720191955566,1.1524720191955566,1.1524720191955566
1785864600,1.1524720191955566,1.1524720191955566,1.1524720191955566,1.1524720191955566
1785864660,1.1524720191955566,1.1524720191955566,1.1524720191955566,1.1524720191955566
1785864720,1.1524720191955566,1.1524720191955566,1.1524720191955566,1.1524720191955566
1785864780,1.1524720191955566,1.1524720191955566,1.1524720191955566,1.1524720191955566
1785864840,1.1524720191955566,1.1524720191955566,1.1524720191955566,1.1524720191955566
1785864900,1.1524720191955566,1.1524720191955566,1.1524720191955566,1.1524720191955566
1785864960,1.1524720191955566,1.1524720191955566,1.1524720191955566,1.1524720191955566
1785865020,1.1526048183441162,1.1526048183441162,1.1526048183441162,1.1526048183441162
1785865080,1.1526048183441162,1.1526048183441162,1.1526048183441162,1.1526048183441162
1785865140,1.1526048183441162,1.1526048183441162,1.1526048183441162,1.1526048183441162
1785865200,1.1527377367019653,1.1527377367019653,1.1527377367019653,1.1527377367019653
1785865260,1.1527377367019653,1.1527377367019653,1.1527377367019653,1.1527377367019653
1785865320,1.1528706550598145,1.1528706550598145,1.1528706550598145,1.1528706550598145
1785865380,1.1528706550598145,1.1528706550598145,1.1528706550598145,1.1528706550598145
1785865440,1.1528706550598145,1.1528706550598145,1.1528706550598145,1.1528706550598145
1785865500,1.1528706550598145,1.1528706550598145,1.1528706550598145,1.1528706550598145
1785865560,1.1528706550598145,1.1528706550598145,1.1528706550598145,1.1528706550598145
1785865620,1.1528706550598145,1.1528706550598145,1.1528706550598145,1.1528706550598145
1785865680,1.1528706550598145,1.1528706550598145,1.1528706550598145,1.1528706550598145
1785865740,1.1528706550598145,1.1528706550598145,1.1528706550598145,1.1528706550598145
1785865800,1.1528706550598145,1.1528706550598145,1.1528706550598145,1.1528706550598145
1785865860,1.1528706550598145,1.1528706550598145,1.1528706550598145,1.1528706550598145
1785865920,1.1528706550598145,1.1528706550598145,1.1528706550598145,1.1528706550598145
1785865980,1.1527377367019653,1.1527377367019653,1.1527377367019653,1.1527377367019653
1785866040,1.1528706550598145,1.1528706550598145,1.1528706550598145,1.1528706550598145
1785866100,1.1528706550598145,1.1528706550598145,1.1528706550598145,1.1528706550598145
1785866160,1.1528706550598145,1.1528706550598145,1.1528706550598145,1.1528706550598145
1785866220,1.1528706550598145,1.1528706550598145,1.1528706550598145,1.1528706550598145
1785866280,1.1528706550598145,1.1528706550598145,1.1528706550598145,1.1528706550598145
1785866340,1.1527377367019653,1.1527377367019653,1.1527377367019653,1.1527377367019653
1785866400,1.1527377367019653,1.1527377367019653,1.1527377367019653,1.1527377367019653
1785866460,1.1527377367019653,1.1527377367019653,1.1527377367019653,1.1527377367019653
1785866520,1.1527377367019653,1.1527377367019653,1.1527377367019653,1.1527377367019653
1785866580,1.1527377367019653,1.1527377367019653,1.1527377367019653,1.1527377367019653
1785866640,1.1528706550598145,1.1528706550598145,1.1528706550598145,1.1528706550598145
1785866700,1.1528706550598145,1.1528706550598145,1.1528706550598145,1.1528706550598145
1785866760,1.1528706550598145,1.1528706550598145,1.1528706550598145,1.1528706550598145
1785866820,1.1530035734176636,1.1530035734176636,1.1530035734176636,1.1530035734176636
1785866880,1.1528706550598145,1.1528706550598145,1.1528706550598145,1.1528706550598145
1785866940,1.1528706550598145,1.1528706550598145,1.1528706550598145,1.1528706550598145
1785867000,1.1527377367019653,1.1527377367019653,1.1527377367019653,1.1527377367019653
1785867060,1.1526048183441162,1.1526048183441162,1.1526048183441162,1.1526048183441162
1785867120,1.1527377367019653,1.1527377367019653,1.1527377367019653,1.1527377367019653
1785867180,1.1527377367019653,1.1527377367019653,1.1527377367019653,1.1527377367019653
1785867240,1.1527377367019653,1.1527377367019653,1.1527377367019653,1.1527377367019653
1785867300,1.1527377367019653,1.1527377367019653,1.1527377367019653,1.1527377367019653
1785867360,1.1526048183441162,1.1526048183441162,1.1526048183441162,1.1526048183441162
1785867420,1.1526048183441162,1.1526048183441162,1.1526048183441162,1.1526048183441162
1785867480,1.1527377367019653,1.1527377367019653,1.1527377367019653,1.1527377367019653
1785867540,1.1526048183441162,1.1526048183441162,1.1526048183441162,1.1526048183441162
1785867600,1.1527377367019653,1.1527377367019653,1.1527377367019653,1.1527377367019653
1785867660,1.1527377367019653,1.1527377367019653,1.1527377367019653,1.1527377367019653
1785867720,1.1528706550598145,1.1528706550598145,1.1528706550598145,1.1528706550598145
1785867780,1.1528706550598145,1.1528706550598145,1.1528706550598145,1.1528706550598145
1785867840,1.1528706550598145,1.1528706550598145,1.1528706550598145,1.1528706550598145
1785867900,1.1528706550598145,1.1528706550598145,1.1528706550598145,1.1528706550598145
1785867960,1.1528706550598145,1.1528706550598145,1.1528706550598145,1.1528706550598145
1785868020,1.1528706550598145,1.1528706550598145,1.1528706550598145,1.1528706550598145
1785868080,1.1528706550598145,1.1528706550598145,1.1528706550598145,1.1528706550598145
1785868140,1.1528706550598145,1.1528706550598145,1.1528706550598145,1.1528706550598145
1785868200,1.1528706550598145,1.1528706550598145,1.1528706550598145,1.1528706550598145
1785868260,1.1528706550598145,1.1528706550598145,1.1528706550598145,1.1528706550598145
1785868320,1.1528706550598145,1.1528706550598145,1.1528706550598145,1.1528706550598145
1785868380,1.1528706550598145,1.1528706550598145,1.1528706550598145,1.1528706550598145
1785868440,1.1528706550598145,1.1528706550598145,1.1528706550598145,1.1528706550598145
1785868500,1.1528706550598145,1.1528706550598145,1.1528706550598145,1.1528706550598145
1785868560,1.1528706550598145,1.1528706550598145,1.1528706550598145,1.1528706550598145
1785868620,1.1528706550598145,1.1528706550598145,1.1528706550598145,1.1528706550598145
1785868680,1.1528706550598145,1.1528706550598145,1.1528706550598145,1.1528706550598145
1785868740,1.1530035734176636,1.1530035734176636,1.1530035734176636,1.1530035734176636
1785868800,1.1528706550598145,1.1528706550598145,1.1528706550598145,1.1528706550598145
1785868860,1.1528706550598145,1.1528706550598145,1.1528706550598145,1.1528706550598145
1785868920,1.1530035734176636,1.1530035734176636,1.1530035734176636,1.1530035734176636
1785868980,1.1530035734176636,1.1530035734176636,1.1530035734176636,1.1530035734176636
1785869040,1.1530035734176636,1.1530035734176636,1.1530035734176636,1.1530035734176636
1785869100,1.1531364917755127,1.1531364917755127,1.1531364917755127,1.1531364917755127
1785869160,1.1531364917755127,1.1531364917755127,1.1531364917755127,1.1531364917755127
1785869220,1.1531364917755127,1.1531364917755127,1.1531364917755127,1.1531364917755127
1785869280,1.1530035734176636,1.1530035734176636,1.1530035734176636,1.1530035734176636
1785869340,1.1531364917755127,1.1531364917755127,1.1531364917755127,1.1531364917755127
1785869400,1.1531364917755127,1.1531364917755127,1.1531364917755127,1.1531364917755127
1785869460,1.1532695293426514,1.1532695293426514,1.1532695293426514,1.1532695293426514
1785869520,1.15340256690979,1.15340256690979,1.15340256690979,1.15340256690979
1785869580,1.1535356044769287,1.1535356044769287,1.1535356044769287,1.1535356044769287
1785869640,1.1535356044769287,1.1535356044769287,1.1535356044769287,1.1535356044769287
1785869700,1.1535356044769287,1.1535356044769287,1.1535356044769287,1.1535356044769287
1785869760,1.1536686420440674,1.1536686420440674,1.1536686420440674,1.1536686420440674
1785869820,1.1536686420440674,1.1536686420440674,1.1536686420440674,1.1536686420440674
1785869880,1.1535356044769287,1.1535356044769287,1.1535356044769287,1.1535356044769287
1785869940,1.1535356044769287,1.1535356044769287,1.1535356044769287,1.1535356044769287
1785870000,1.1535356044769287,1.1535356044769287,1.1535356044769287,1.1535356044769287
1785870060,1.1536686420440674,1.1536686420440674,1.1536686420440674,1.1536686420440674
1785870120,1.1536686420440674,1.1536686420440674,1.1536686420440674,1.1536686420440674
1785870180,1.1535356044769287,1.1535356044769287,1.1535356044769287,1.1535356044769287
1785870240,1.1535356044769287,1.1535356044769287,1.1535356044769287,1.1535356044769287
1785870300,1.1535356044769287,1.1535356044769287,1.1535356044769287,1.1535356044769287
1785870360,1.1536686420440674,1.1536686420440674,1.1536686420440674,1.1536686420440674
1785870420,1.1536686420440674,1.1536686420440674,1.1536686420440674,1.1536686420440674
1785870480,1.1536686420440674,1.1536686420440674,1.1536686420440674,1.1536686420440674
1785870540,1.1536686420440674,1.1536686420440674,1.1536686420440674,1.1536686420440674
1785870600,1.1536686420440674,1.1536686420440674,1.1536686420440674,1.1536686420440674
1785870660,1.1535356044769287,1.1535356044769287,1.1535356044769287,1.1535356044769287
1785870720,1.1535356044769287,1.1535356044769287,1.1535356044769287,1.1535356044769287
1785870780,1.1535356044769287,1.1535356044769287,1.1535356044769287,1.1535356044769287
1785870840,1.15340256690979,1.15340256690979,1.15340256690979,1.15340256690979
1785870900,1.1535356044769287,1.1535356044769287,1.1535356044769287,1.1535356044769287
1785870960,1.15340256690979,1.15340256690979,1.15340256690979,1.15340256690979
1785871020,1.15340256690979,1.15340256690979,1.15340256690979,1.15340256690979
1785871080,1.15340256690979,1.15340256690979,1.15340256690979,1.15340256690979
1785871140,1.15340256690979,1.15340256690979,1.15340256690979,1.15340256690979
1785871200,1.1532695293426514,1.1532695293426514,1.1532695293426514,1.1532695293426514
1785871260,1.1532695293426514,1.1532695293426514,1.1532695293426514,1.1532695293426514
1785871320,1.15340256690979,1.15340256690979,1.15340256690979,1.15340256690979
1785871380,1.15340256690979,1.15340256690979,1.15340256690979,1.15340256690979
1785871440,1.15340256690979,1.15340256690979,1.15340256690979,1.15340256690979
1785871500,1.15340256690979,1.15340256690979,1.15340256690979,1.15340256690979
1785871560,1.15340256690979,1.15340256690979,1.15340256690979,1.15340256690979
1785871620,1.1535356044769287,1.1535356044769287,1.1535356044769287,1.1535356044769287
1785871680,1.1535356044769287,1.1535356044769287,1.1535356044769287,1.1535356044769287
1785871740,1.1535356044769287,1.1535356044769287,1.1535356044769287,1.1535356044769287
1785871800,1.1535356044769287,1.1535356044769287,1.1535356044769287,1.1535356044769287
1785871860,1.1535356044769287,1.1535356044769287,1.1535356044769287,1.1535356044769287
1785871920,1.15340256690979,1.15340256690979,1.15340256690979,1.15340256690979
1785871980,1.15340256690979,1.15340256690979,1.15340256690979,1.15340256690979
1785872040,1.15340256690979,1.15340256690979,1.15340256690979,1.15340256690979
1785872100,1.15340256690979,1.15340256690979,1.15340256690979,1.15340256690979
1785872160,1.1535356044769287,1.1535356044769287,1.1535356044769287,1.1535356044769287
1785872220,1.1535356044769287,1.1535356044769287,1.1535356044769287,1.1535356044769287
1785872280,1.1535356044769287,1.1535356044769287,1.1535356044769287,1.1535356044769287
1785872340,1.1535356044769287,1.1535356044769287,1.1535356044769287,1.1535356044769287
1785872400,1.1535356044769287,1.1535356044769287,1.1535356044769287,1.1535356044769287
1785872460,1.1535356044769287,1.1535356044769287,1.1535356044769287,1.1535356044769287
1785872520,1.1535356044769287,1.1535356044769287,1.1535356044769287,1.1535356044769287
1785872580,1.1535356044769287,1.1535356044769287,1.1535356044769287,1.1535356044769287
1785872640,1.1535356044769287,1.1535356044769287,1.1535356044769287,1.1535356044769287
1785872700,1.1535356044769287,1.1535356044769287,1.1535356044769287,1.1535356044769287
1785872760,1.1535356044769287,1.1535356044769287,1.1535356044769287,1.1535356044769287
1785872820,1.15340256690979,1.15340256690979,1.15340256690979,1.15340256690979
1785872880,1.15340256690979,1.15340256690979,1.15340256690979,1.15340256690979
1785872940,1.15340256690979,1.15340256690979,1.15340256690979,1.15340256690979
1785873000,1.15340256690979,1.15340256690979,1.15340256690979,1.15340256690979
1785873060,1.15340256690979,1.15340256690979,1.15340256690979,1.15340256690979
1785873120,1.1532695293426514,1.1532695293426514,1.1532695293426514,1.1532695293426514
1785873180,1.15340256690979,1.15340256690979,1.15340256690979,1.15340256690979
1785873240,1.1532695293426514,1.1532695293426514,1.1532695293426514,1.1532695293426514
1785873300,1.15340256690979,1.15340256690979,1.15340256690979,1.15340256690979
1785873360,1.1532695293426514,1.1532695293426514,1.1532695293426514,1.1532695293426514
1785873420,1.15340256690979,1.15340256690979,1.15340256690979,1.15340256690979
1785873480,1.15340256690979,1.15340256690979,1.15340256690979,1.15340256690979
1785873540,1.15340256690979,1.15340256690979,1.15340256690979,1.15340256690979
1785873600,1.15340256690979,1.15340256690979,1.15340256690979,1.15340256690979
1785873660,1.15340256690979,1.15340256690979,1.15340256690979,1.15340256690979
1785873720,1.1535356044769287,1.1535356044769287,1.1535356044769287,1.1535356044769287
1785873780,1.1535356044769287,1.1535356044769287,1.1535356044769287,1.1535356044769287
1785873840,1.1535356044769287,1.1535356044769287,1.1535356044769287,1.1535356044769287
1785873900,1.1535356044769287,1.1535356044769287,1.1535356044769287,1.1535356044769287
1785873960,1.15340256690979,1.15340256690979,1.15340256690979,1.15340256690979
1785874020,1.1535356044769287,1.1535356044769287,1.1535356044769287,1.1535356044769287
1785874080,1.1535356044769287,1.1535356044769287,1.1535356044769287,1.1535356044769287
1785874140,1.1535356044769287,1.1535356044769287,1.1535356044769287,1.1535356044769287
1785874200,1.1535356044769287,1.1535356044769287,1.1535356044769287,1.1535356044769287
1785874260,1.1535356044769287,1.1535356044769287,1.1535356044769287,1.1535356044769287
1785874320,1.15340256690979,1.15340256690979,1.15340256690979,1.15340256690979
1785874380,1.15340256690979,1.15340256690979,1.15340256690979,1.15340256690979
1785874440,1.1535356044769287,1.1535356044769287,1.1535356044769287,1.1535356044769287
1785874500,1.1535356044769287,1.1535356044769287,1.1535356044769287,1.1535356044769287
1785874560,1.1536686420440674,1.1536686420440674,1.1536686420440674,1.1536686420440674
1785874620,1.1535356044769287,1.1535356044769287,1.1535356044769287,1.1535356044769287
1785874680,1.1535356044769287,1.1535356044769287,1.1535356044769287,1.1535356044769287
1785874740,1.1535356044769287,1.1535356044769287,1.1535356044769287,1.1535356044769287
1785874800,1.1535356044769287,1.1535356044769287,1.1535356044769287,1.1535356044769287
1785874860,1.1536686420440674,1.1536686420440674,1.1536686420440674,1.1536686420440674
1785874920,1.1536686420440674,1.1536686420440674,1.1536686420440674,1.1536686420440674
1785874980,1.1536686420440674,1.1536686420440674,1.1536686420440674,1.1536686420440674
1785875040,1.1536686420440674,1.1536686420440674,1.1536686420440674,1.1536686420440674
1785875100,1.1536686420440674,1.1536686420440674,1.1536686420440674,1.1536686420440674
1785875160,1.1536686420440674,1.1536686420440674,1.1536686420440674,1.1536686420440674
1785875220,1.1536686420440674,1.1536686420440674,1.1536686420440674,1.1536686420440674
1785875280,1.1536686420440674,1.1536686420440674,1.1536686420440674,1.1536686420440674
1785875340,1.1535356044769287,1.1535356044769287,1.1535356044769287,1.1535356044769287
1785875400,1.1535356044769287,1.1535356044769287,1.1535356044769287,1.1535356044769287
1785875460,1.1535356044769287,1.1535356044769287,1.1535356044769287,1.1535356044769287
1785875520,1.1536686420440674,1.1536686420440674,1.1536686420440674,1.1536686420440674
1785875580,1.1535356044769287,1.1535356044769287,1.1535356044769287,1.1535356044769287
1785875640,1.1535356044769287,1.1535356044769287,1.1535356044769287,1.1535356044769287
1785875700,1.1535356044769287,1.1535356044769287,1.1535356044769287,1.1535356044769287
1785875760,1.1535356044769287,1.1535356044769287,1.1535356044769287,1.1535356044769287
1785875820,1.1535356044769287,1.1535356044769287,1.1535356044769287,1.1535356044769287
1785875880,1.1535356044769287,1.1535356044769287,1.1535356044769287,1.1535356044769287
1785875940,1.1535356044769287,1.1535356044769287,1.1535356044769287,1.1535356044769287
1785876000,1.15340256690979,1.15340256690979,1.15340256690979,1.15340256690979
1785876060,1.15340256690979,1.15340256690979,1.15340256690979,1.15340256690979
1785876120,1.15340256690979,1.15340256690979,1.15340256690979,1.15340256690979
1785876180,1.15340256690979,1.15340256690979,1.15340256690979,1.15340256690979
1785876240,1.15340256690979,1.15340256690979,1.15340256690979,1.15340256690979
1785876300,1.15340256690979,1.15340256690979,1.15340256690979,1.15340256690979
1785876360,1.1535356044769287,1.1535356044769287,1.1535356044769287,1.1535356044769287
1785876420,1.15340256690979,1.15340256690979,1.15340256690979,1.15340256690979
1785876480,1.1535356044769287,1.1535356044769287,1.1535356044769287,1.1535356044769287
1785876540,1.1535356044769287,1.1535356044769287,1.1535356044769287,1.1535356044769287
1785876600,1.1535356044769287,1.1535356044769287,1.1535356044769287,1.1535356044769287
1785876660,1.1535356044769287,1.1535356044769287,1.1535356044769287,1.1535356044769287
1785876720,1.1535356044769287,1.1535356044769287,1.1535356044769287,1.1535356044769287
1785876780,1.1535356044769287,1.1535356044769287,1.1535356044769287,1.1535356044769287
1785876840,1.1535356044769287,1.1535356044769287,1.1535356044769287,1.1535356044769287
1785876900,1.15340256690979,1.15340256690979,1.15340256690979,1.15340256690979
1785876960,1.1535356044769287,1.1535356044769287,1.1535356044769287,1.1535356044769287
1785877020,1.1536686420440674,1.1536686420440674,1.1536686420440674,1.1536686420440674
1785877080,1.1535356044769287,1.1535356044769287,1.1535356044769287,1.1535356044769287
1785877140,1.1535356044769287,1.1535356044769287,1.1535356044769287,1.1535356044769287
1785877200,1.1531364917755127,1.1531364917755127,1.1531364917755127,1.1531364917755127
1785877260,1.1531364917755127,1.1531364917755127,1.1531364917755127,1.1531364917755127
1785877320,1.1531364917755127,1.1531364917755127,1.1531364917755127,1.1531364917755127
1785877380,1.1531364917755127,1.1531364917755127,1.1531364917755127,1.1531364917755127
1785877440,1.1531364917755127,1.1531364917755127,1.1531364917755127,1.1531364917755127
1785877500,1.1530035734176636,1.1530035734176636,1.1530035734176636,1.1530035734176636
1785877560,1.1532695293426514,1.1532695293426514,1.1532695293426514,1.1532695293426514
1785877620,1.1532695293426514,1.1532695293426514,1.1532695293426514,1.1532695293426514
1785877680,1.1532695293426514,1.1532695293426514,1.1532695293426514,1.1532695293426514
1785877740,1.1531364917755127,1.1531364917755127,1.1531364917755127,1.1531364917755127
1785877800,1.1532695293426514,1.1532695293426514,1.1532695293426514,1.1532695293426514
1785877860,1.1531364917755127,1.1531364917755127,1.1531364917755127,1.1531364917755127
1785877920,1.1532695293426514,1.1532695293426514,1.1532695293426514,1.1532695293426514
1785877980,1.1532695293426514,1.1532695293426514,1.1532695293426514,1.1532695293426514
1785878040,1.1531364917755127,1.1531364917755127,1.1531364917755127,1.1531364917755127
1785878100,1.1531364917755127,1.1531364917755127,1.1531364917755127,1.1531364917755127
1785878160,1.1531364917755127,1.1531364917755127,1.1531364917755127,1.1531364917755127
1785878220,1.1532695293426514,1.1532695293426514,1.1532695293426514,1.1532695293426514
1785878280,1.1532695293426514,1.1532695293426514,1.1532695293426514,1.1532695293426514
1785878340,1.15340256690979,1.15340256690979,1.15340256690979,1.15340256690979
1785878400,1.1532695293426514,1.1532695293426514,1.1532695293426514,1.1532695293426514
1785878460,1.1532695293426514,1.1532695293426514,1.1532695293426514,1.1532695293426514
1785878520,1.1532695293426514,1.1532695293426514,1.1532695293426514,1.1532695293426514
1785878580,1.1532695293426514,1.1532695293426514,1.1532695293426514,1.1532695293426514
1785878640,1.1532695293426514,1.1532695293426514,1.1532695293426514,1.1532695293426514
1785878700,1.1532695293426514,1.1532695293426514,1.1532695293426514,1.1532695293426514
1785878760,1.1532695293426514,1.1532695293426514,1.1532695293426514,1.1532695293426514
1785878820,1.1532695293426514,1.1532695293426514,1.1532695293426514,1.1532695293426514
1785878880,1.1532695293426514,1.1532695293426514,1.1532695293426514,1.1532695293426514
1785878940,1.1531364917755127,1.1531364917755127,1.1531364917755127,1.1531364917755127
1785879000,1.1532695293426514,1.1532695293426514,1.1532695293426514,1.1532695293426514
1785879060,1.1532695293426514,1.1532695293426514,1.1532695293426514,1.1532695293426514
1785879120,1.15340256690979,1.15340256690979,1.15340256690979,1.15340256690979
1785879180,1.15340256690979,1.15340256690979,1.15340256690979,1.15340256690979
1785879240,1.15340256690979,1.15340256690979,1.15340256690979,1.15340256690979
1785879300,1.1532695293426514,1.1532695293426514,1.1532695293426514,1.1532695293426514
1785879360,1.15340256690979,1.15340256690979,1.15340256690979,1.15340256690979
1785879420,1.15340256690979,1.15340256690979,1.15340256690979,1.15340256690979
1785879480,1.15340256690979,1.15340256690979,1.15340256690979,1.15340256690979
1785879540,1.1532695293426514,1.1532695293426514,1.1532695293426514,1.1532695293426514
1785879600,1.1532695293426514,1.1532695293426514,1.1532695293426514,1.1532695293426514
1785879660,1.1531364917755127,1.1531364917755127,1.1531364917755127,1.1531364917755127
1785879720,1.15340256690979,1.15340256690979,1.15340256690979,1.15340256690979
1785879780,1.1532695293426514,1.1532695293426514,1.1532695293426514,1.1532695293426514
1785879840,1.15340256690979,1.15340256690979,1.15340256690979,1.15340256690979
1785879900,1.1532695293426514,1.1532695293426514,1.1532695293426514,1.1532695293426514
1785879960,1.1532695293426514,1.1532695293426514,1.1532695293426514,1.1532695293426514
1785880020,1.1532695293426514,1.1532695293426514,1.1532695293426514,1.1532695293426514
1785880080,1.1532695293426514,1.1532695293426514,1.1532695293426514,1.1532695293426514
1785880140,1.1532695293426514,1.1532695293426514,1.1532695293426514,1.1532695293426514
1785880200,1.15340256690979,1.15340256690979,1.15340256690979,1.15340256690979
1785880260,1.15340256690979,1.15340256690979,1.15340256690979,1.15340256690979
1785880320,1.15340256690979,1.15340256690979,1.15340256690979,1.15340256690979
1785880380,1.15340256690979,1.15340256690979,1.15340256690979,1.15340256690979
1785880440,1.15340256690979,1.15340256690979,1.15340256690979,1.15340256690979
1785880500,1.15340256690979,1.15340256690979,1.15340256690979,1.15340256690979
1785880560,1.15340256690979,1.15340256690979,1.15340256690979,1.15340256690979
1785880620,1.15340256690979,1.15340256690979,1.15340256690979,1.15340256690979
1785880680,1.1532695293426514,1.1532695293426514,1.1532695293426514,1.1532695293426514
1785880740,1.1532695293426514,1.1532695293426514,1.1532695293426514,1.1532695293426514
