time,open,high,low,close
1782950400,30045.5,30046.25,29953,30001
1782951300,30001.75,30067,29975.75,30062
1782952200,30062.25,30081,30010.75,30013.5
1782953100,30013.75,30118.25,30006,30109.5
1782954000,30109.5,30190.75,30097.5,30187.75
1782954900,30187,30205,30166.75,30194.75
1782955800,30194.5,30227.25,30189.25,30215
1782956700,30215.25,30226.75,30194.5,30202.75
1782957600,30203.25,30231,30190.25,30230
1782958500,30229,30239,30186.75,30192.75
1782959400,30193,30219,30177.75,30207.25
1782960300,30207.25,30228.5,30191.25,30207.25
1782961200,30207,30214,30158.5,30177.75
1782962100,30177.5,30185,30134.25,30151
1782963000,30152,30197.5,30145.25,30158.75
1782963900,30157.75,30185.75,30137.75,30173
1782964800,30173.75,30188.75,30126.5,30128.25
1782965700,30128.25,30141.75,30102.25,30135
1782966600,30135.25,30136,30064,30068.5
1782967500,30068.75,30122,30052,30113.25
1782968400,30113,30155,30093.75,30145.75
1782969300,30144.5,30159.75,30112.25,30115.5
1782970200,30115.75,30117,30045.5,30054.5
1782971100,30054.25,30072.75,30037,30050.25
1782972000,30050.75,30066.5,29954.5,29954.75
1782972900,29955.25,29995.25,29947.5,29954.5
1782973800,29954.5,30007.75,29952,29974
1782974700,29973.25,29978,29894.25,29920.5
1782975600,29920.5,29938,29832.25,29835.75
1782976500,29836.5,29871.75,29826,29863
1782977400,29862.75,29943.5,29858.5,29938.5
1782978300,29938.5,29944.5,29884,29890.75
1782979200,29891,29927,29827,29841.5
1782980100,29840.75,29942,29839.25,29925.75
1782981000,29925.5,30014.25,29915.5,29982.25
1782981900,29981.5,30039,29970.25,30033
1782982800,30033,30034,29960.25,29984
1782983700,29983.5,29986.25,29941.5,29982.5
1782984600,29983.25,30014.75,29977.5,29999.25
1782985500,29998.75,29998.75,29952,29958.75
1782986400,29958.25,29959.75,29919.25,29936
1782987300,29935.25,29961,29924.5,29948.25
1782988200,29948.5,30005,29947.75,29978.75
1782989100,29979.5,30008.5,29971.25,30004
1782990000,30004.5,30022.25,29967.75,30006
1782990900,30006.25,30014.5,29970,30005.75
1782991800,30006,30065,29992.5,30058.25
1782992700,30058.75,30079,30033.5,30034.5
1782993600,30034.75,30141.75,30021.75,30130.75
1782994500,30130.75,30188,30127.75,30180.5
1782995400,30185.25,30319.75,30137,30242
1782996300,30242.25,30266.75,30154.75,30182.5
1782997200,30183,30215.75,30118,30142
1782998100,30142.5,30183.25,30073.75,30076
1782999000,30075.5,30188,30007.25,30126.25
1782999900,30125.75,30261.75,30100.75,30258
1783000800,30259,30293,30131,30216
1783001700,30215.75,30226,29910.25,29934.75
1783002600,29935,30006.5,29776.5,29809.5
1783003500,29809.75,29868,29730.5,29840.5
1783004400,29840.5,29851.75,29628.75,29717
1783005300,29716.25,29747.25,29611,29670.75
1783006200,29670.5,29816.75,29667.25,29711.25
1783007100,29710.75,29749,29636,29676.25
1783008000,29676.25,29688.75,29585,29647.25
1783008900,29647.75,29653.5,29547.75,29559
1783009800,29558.25,29563.5,29454.25,29537.5
1783010700,29537.75,29542.5,29434,29461.5
1783011600,29461,29483.25,29387.5,29455
1783012500,29454.75,29483.5,29421.5,29448
1783013400,29448,29473.5,29361.5,29404.75
1783014300,29405.25,29409,29328.5,29338.5
1783015200,29339.25,29503.5,29330.75,29459.5
1783016100,29459.75,29489.25,29411,29488.25
1783017000,29487.75,29526.25,29463,29481
1783017900,29480.5,29528,29439,29488.25
1783018800,29488,29505,29380.75,29412
1783019700,29412.25,29445.25,29349,29422.75
1783020600,29422.25,29476,29411.5,29455
1783021500,29454.75,29588,29431.25,29538.5
1783022400,29538.5,29553,29514,29545.5
1783023300,29546,29562,29532.5,29548
1783024200,29548.25,29565.25,29537.75,29542.5
1783025100,29542.25,29558.5,29536.75,29551.75
1783029600,29566,29590.25,29558.25,29581.75
1783030500,29581.5,29596.25,29576.5,29577.75
1783031400,29578.75,29623.5,29567.5,29621.25
1783032300,29620.5,29622.5,29608,29616
1783033200,29616,29617.5,29554.5,29559.25
1783034100,29559.5,29608.25,29552.25,29602
1783035000,29602,29620,29569.75,29572.5
1783035900,29572.25,29610.75,29566,29600.75
1783036800,29600.25,29638.5,29540.75,29616.5
1783037700,29615.75,29621,29557.75,29560.75
1783038600,29560.75,29601.75,29533.5,29551.75
1783039500,29552,29572.75,29522.5,29537.75
1783040400,29538.25,29697.5,29534.5,29674
1783041300,29673.25,29681.25,29645.25,29656.25
1783042200,29656.25,29683.5,29642.5,29675
1783043100,29675,29699,29659.25,29682.75
1783044000,29683,29717,29681.25,29694
1783044900,29694.5,29731.5,29693.5,29729.5
1783045800,29728.25,29732.5,29704.25,29723.75
1783046700,29724.25,29755.25,29724.25,29750.5
1783047600,29750,29754.75,29730.5,29746.25
1783048500,29746.5,29761.75,29741.75,29760
1783049400,29760,29774.75,29720.25,29722.75
1783050300,29722.25,29769.75,29718,29768.5
1783051200,29768,29786.5,29760,29784.75
1783052100,29785,29804.25,29781.5,29803.5
1783053000,29803.5,29814,29786.25,29807.5
1783053900,29807.75,29821,29791,29803
1783054800,29803.25,29833,29789.75,29822.5
1783055700,29823,29827,29794,29809.75
1783056600,29808.25,29842,29803.25,29820.25
1783057500,29820.5,29829.25,29807.25,29824
1783058400,29824.75,29887.75,29821,29871.5
1783059300,29871,29877.5,29843.25,29868.75
1783060200,29868.25,29875.75,29851.75,29856
1783061100,29856,29859,29833.25,29840.75
1783062000,29840.5,29854.25,29825.75,29836.75
1783062900,29836.25,29867.5,29834.25,29860.5
1783063800,29860.75,29873.75,29836.75,29838
1783064700,29838.75,29859,29835.25,29845
1783065600,29844.5,29861.75,29832,29839.75
1783066500,29839,29854,29835.75,29845.25
1783067400,29844.25,29873.75,29834,29870
1783068300,29869.75,29870.75,29831.5,29849.75
1783069200,29849.5,29878.75,29827,29877.5
1783070100,29877.5,29893,29866,29888
1783071000,29887.25,29901,29869.75,29895.5
1783071900,29895.25,29899.5,29867.5,29871
1783072800,29870.75,29883.25,29857.75,29878.25
1783073700,29878.25,29880.5,29864.5,29875.25
1783074600,29876.25,29892,29865.25,29892
1783075500,29892,29894,29879,29880.75
1783076400,29880.5,29890,29868.25,29885.5
1783077300,29886.5,29889.75,29865.25,29873.75
1783078200,29873.5,29890.25,29871.5,29876
1783079100,29875.25,29908.25,29873.25,29901
1783080000,29901,29922.5,29880.25,29886.75
1783080900,29887.5,29896,29875.5,29885
1783081800,29884,29895,29877.75,29885.25
1783082700,29885,29904.5,29884.75,29902.5
1783083600,29902.5,29918,29885.75,29890
1783084500,29889.25,29924.75,29888.75,29920.75
1783085400,29921,29956,29903.25,29929
1783086300,29930,29945.5,29913.25,29939.75
1783087200,29939.5,29947,29898.5,29902.5
1783088100,29901.75,29926.25,29889,29907.5
1783089000,29907.25,29928,29898.5,29904.5
1783089900,29904.5,29929.75,29900.25,29918.25
1783090800,29918.75,29922.5,29902.25,29911.5
1783091700,29911.5,29925,29896.75,29899
1783092600,29899.25,29904.75,29880.75,29895.25
1783093500,29895,29916.25,29891.75,29906.25
1783094400,29906.25,29908.25,29894.5,29894.5
1783095300,29895.25,29915.5,29894.75,29901
1783096200,29901,29925,29891.25,29922
1783097100,29921.75,29924,29896.5,29903.75
1783288800,29936.75,29980,29860.5,29899.75
1783289700,29901,29948,29886.25,29935.75
1783290600,29936.5,29975,29934.75,29970.25
1783291500,29970.25,29979,29941.75,29945.5
1783292400,29945.5,30008.5,29925,29990.5
1783293300,29989.75,30003.5,29974.75,29984
1783294200,29984.75,30010,29969.5,29974.75
1783295100,29975.25,30006.25,29963.5,29985
1783296000,29985.25,29988.5,29900.25,29982.75
1783296900,29982.75,30005,29879.25,29882.75
1783297800,29882.5,29944.25,29845,29934.25
1783298700,29934.25,29969.75,29913.25,29925
1783299600,29925.25,29931.75,29866.75,29879.25
1783300500,29879.5,29893,29772.75,29813
1783301400,29812.75,29855.75,29807.25,29816
1783302300,29815.75,29817.25,29750.75,29792.75
1783303200,29793.5,29818.75,29755,29760.5
1783304100,29760.25,29791.75,29734.25,29736.75
1783305000,29736.75,29748.25,29693,29700
1783305900,29700.25,29732.25,29683.25,29725.75
1783306800,29725.25,29784.5,29715.5,29771.5
1783307700,29770.25,29791.75,29747.75,29787.25
1783308600,29787.5,29806.5,29737,29739.25
1783309500,29739.25,29748.5,29693.75,29730.5
1783310400,29730.25,29777.75,29703,29775.25
1783311300,29775.25,29800.5,29768.75,29795.5
1783312200,29794.75,29837,29788,29827.5
1783313100,29827.25,29840.5,29812.75,29828.75
1783314000,29829,29832,29791.5,29808.5
1783314900,29809,29819.25,29768,29770
1783315800,29769.75,29799.25,29752.5,29789
1783316700,29788.25,29807.5,29766,29791
1783317600,29791.75,29808,29754.5,29760
1783318500,29760,29797,29755,29791.25
1783319400,29789,29858.75,29783.75,29854
1783320300,29853.75,29855.5,29832.5,29847.75
1783321200,29847,29863,29828.5,29847.75
1783322100,29847.75,29864.25,29818.25,29821.25
1783323000,29821.5,29875.5,29815.75,29872
1783323900,29872.25,29875.25,29850.5,29851.75
1783324800,29851.75,29885,29802.5,29821
1783325700,29821.25,29833.25,29780,29832.5
1783326600,29831,29854.5,29807.75,29845
1783327500,29845,29871.25,29837.75,29869.75
1783328400,29869.25,29875.75,29844,29852.25
1783329300,29852.75,29870,29848,29864.5
1783330200,29864,29868.25,29838,29850.5
1783331100,29850,29889,29827.25,29877.25
1783332000,29877.75,29891.5,29852.25,29877.75
1783332900,29878,29884.5,29861,29863
1783333800,29863.75,29885,29854.75,29856.5
1783334700,29856.75,29885,29846.75,29885
1783335600,29884.5,29895.75,29841,29858.5
1783336500,29858.75,29892,29852.5,29880
1783337400,29880,29897.75,29870.75,29883.75
1783338300,29883,29915,29876.25,29879
1783339200,29879,29936,29865.5,29931.25
1783340100,29931.75,29936.25,29875.75,29893
1783341000,29893.75,29923.75,29888.5,29899.25
1783341900,29900.5,29935.5,29899,29933.5
1783342800,29933.75,29938.25,29855.5,29859.25
1783343700,29858.75,29866,29820.25,29836.5
1783344600,29836,29937.25,29776,29921.25
1783345500,29921.25,30008.5,29895.75,29935.75
1783346400,29935.5,30027.5,29902,30022.5
1783347300,30021.75,30042.25,29986.5,30012.25
1783348200,30013.5,30057,29988.5,30038
1783349100,30037.5,30068.25,29987,30025.5
1783350000,30025.5,30043.75,29959,29984
1783350900,29983.75,30063,29941.25,30061
1783351800,30061.25,30079.75,30031.5,30069.5
1783352700,30070.25,30085,30049,30074
1783353600,30074.25,30094,30053.5,30071
1783354500,30070.75,30078.75,30024.75,30033
1783355400,30033.5,30044.5,30001.25,30016.75
1783356300,30016.75,30039,29979,29989.25
1783357200,29989.25,30036.5,29974.5,30018.75
1783358100,30018.75,30032.5,29948,29955.25
1783359000,29955.5,29960.5,29881.75,29904.75
1783359900,29905.25,29936.5,29882,29897
1783360800,29896.5,29968,29895,29948.75
1783361700,29949,29999.75,29949,29971.75
1783362600,29971.5,29984.25,29948,29978
1783363500,29978.5,30006,29973.5,29990.75
1783364400,29990.75,30025.5,29980.75,30011.75
1783365300,30011.75,30052,30004.75,30035.75
1783366200,30036,30037.5,29996.75,30024
1783367100,30023.75,30036.25,29931.5,29951.5
1783368000,29951.75,29974.75,29933,29963.5
1783368900,29963.25,29970.75,29950.75,29960
1783369800,29960,29965.75,29952.25,29955.5
1783370700,29956,29960,29931.25,29946.5
1783375200,29960,29969.75,29940,29966
1783376100,29966.25,29974,29950.5,29950.75
1783377000,29951.75,29969.75,29942.5,29950.25
1783377900,29950.5,29951.5,29889,29895
1783378800,29894.5,29929.75,29891,29906.25
1783379700,29906,29907.25,29872,29897.75
1783380600,29897.25,29907.25,29865.25,29875
1783381500,29874,29875.75,29840,29852.25
1783382400,29851.5,29881.5,29825,29828.5
1783383300,29828.75,29916.75,29816.5,29878.5
1783384200,29879.25,29887.75,29808,29832
1783385100,29831.75,29857.25,29808,29817.25
1783386000,29817.5,29834.75,29800,29803.5
1783386900,29804.25,29815.25,29728.25,29739.75
1783387800,29739.5,29789.75,29717,29788.25
1783388700,29789,29821.75,29768.5,29773.25
1783389600,29773,29816.5,29767,29805
1783390500,29805.25,29819.75,29770.25,29772.75
1783391400,29772,29781.25,29738.75,29779
1783392300,29779.5,29780.25,29743.75,29747.25
1783393200,29747.5,29785,29742,29758.25
1783394100,29757.75,29761.25,29680,29684.75
1783395000,29684.5,29708.5,29662,29664.25
1783395900,29664.25,29675.75,29628.5,29668.5
1783396800,29669.25,29680.75,29636.75,29638
1783397700,29638.25,29647,29615.75,29638.5
1783398600,29638.5,29657,29621.5,29633.25
1783399500,29633.75,29639.75,29607,29625
1783400400,29625,29626.75,29585.25,29587.25
1783401300,29586.25,29608.75,29557.5,29590.75
1783402200,29591.5,29665.75,29591.5,29660.25
1783403100,29660.75,29704.25,29645.25,29688.75
1783404000,29688.5,29702,29631.25,29642
1783404900,29642,29674.25,29641.5,29662.5
1783405800,29662.5,29684.5,29645.75,29682.75
1783406700,29683.25,29693.75,29662.75,29690
1783407600,29689.5,29723.75,29667.5,29717.25
1783408500,29717.75,29744,29712,29717.25
1783409400,29717.25,29724,29692.25,29693
1783410300,29692.75,29700,29643.5,29646.75
1783411200,29646.5,29696,29641.25,29687.75
1783412100,29687.25,29709.75,29681.75,29692
1783413000,29692.25,29705,29669.5,29683.5
1783413900,29683.25,29696,29657.75,29660.25
1783414800,29659,29690.75,29642.25,29688.25
1783415700,29687.75,29693.75,29655,29655
1783416600,29656,29661.25,29629.75,29650
1783417500,29650.25,29665.25,29622.25,29662.5
1783418400,29662.75,29689.5,29634,29648.25
1783419300,29648.75,29689,29646,29673.75
1783420200,29673.25,29673.75,29643.75,29646.75
1783421100,29647.5,29660,29625,29658.5
1783422000,29659.25,29661.5,29602,29613
1783422900,29613,29651,29611.5,29631.75
1783423800,29632.5,29632.5,29591.25,29622.25
1783424700,29621.5,29646.5,29600,29641.25
1783425600,29641.75,29716.25,29639.75,29703.75
1783426500,29703.75,29706,29658.25,29688.25
1783427400,29687.75,29708.25,29663.75,29685.5
1783428300,29685.5,29687.5,29622.25,29642.75
1783429200,29642.75,29655.75,29612.5,29641.25
1783430100,29641.75,29652.75,29582,29593
1783431000,29593.75,29686.25,29491,29595.25
1783431900,29594.5,29597,29420.25,29469.75
1783432800,29469,29505.25,29334,29342.5
1783433700,29342.25,29378,29259.5,29303.25
1783434600,29303,29327.75,29209.75,29239.5
1783435500,29239.25,29326.5,29232.75,29302.5
1783436400,29302.5,29357.75,29272,29317.75
1783437300,29317.25,29323,29271,29315
1783438200,29314.5,29330.5,29248,29329.75
1783439100,29329.75,29389.5,29325.25,29387.25
1783440000,29387.75,29470.25,29376.75,29466.25
1783440900,29466.75,29547.75,29450.5,29532
1783441800,29532.25,29558.5,29486,29528
1783442700,29527.25,29558.25,29503,29539.75
1783443600,29539.5,29581,29529,29532.75
1783444500,29533.25,29573.75,29510.25,29533.75
1783445400,29533.5,29569.25,29532.75,29561.25
1783446300,29561.25,29568.5,29528,29567.25
1783447200,29567.25,29574.5,29531,29547.5
1783448100,29547.5,29561,29511.5,29517.5
1783449000,29517.25,29531.5,29453,29472.5
1783449900,29472.75,29486,29384.25,29391
1783450800,29390.75,29410.75,29318.75,29334
1783451700,29334,29335.75,29270.5,29321
1783452600,29321.5,29371.5,29303.75,29310.5
1783453500,29310.25,29400.5,29306.25,29395.25
1783454400,29395.25,29437.25,29388,29417.25
1783455300,29417.25,29424.25,29390.75,29416.25
1783456200,29416.25,29425,29413.25,29416.25
1783457100,29416.5,29422.5,29412.5,29419.5
1783461600,29387,29387,29319,29375.75
1783462500,29375.75,29388.5,29364.5,29372.5
1783463400,29372.25,29402,29363.5,29383.5
1783464300,29383.75,29395.25,29373.25,29382.5
1783465200,29383,29396,29356.25,29377
1783466100,29377,29407,29373.25,29395.75
1783467000,29396,29407,29338.5,29344
1783467900,29344.25,29360.25,29292.75,29300.5
1783468800,29301,29426.5,29266,29415.25
1783469700,29415.5,29478.25,29391.25,29454
1783470600,29453,29516.25,29408,29515.75
1783471500,29516,29546.5,29511.75,29543.25
1783472400,29543.25,29558,29494.5,29550.25
1783473300,29550.5,29554.75,29481,29486
1783474200,29486,29494.75,29426.75,29458
1783475100,29458,29485.75,29426,29436.5
1783476000,29436,29443,29387.5,29397
1783476900,29397,29459,29390.75,29421.5
1783477800,29421.75,29457,29399,29456.5
1783478700,29456.25,29475.5,29445.25,29461.25
1783479600,29461.25,29495.5,29461,29487.25
1783480500,29488.5,29519.25,29475,29516
1783481400,29513.75,29532,29482,29488
1783482300,29488.75,29493.5,29465,29467.5
1783483200,29467.5,29474,29432.75,29443
1783484100,29442.75,29464.25,29428.25,29441.75
1783485000,29442,29446,29391.25,29409.75
1783485900,29409.5,29422.25,29376.25,29415.75
1783486800,29416,29447.25,29399.75,29407.75
1783487700,29408.25,29434.75,29379.5,29384.5
1783488600,29385,29385.5,29346,29352
1783489500,29352.5,29363.5,29312,29347.5
1783490400,29347.5,29364.25,29329.25,29345
1783491300,29344.25,29358.75,29320.25,29321
1783492200,29320.5,29332,29284.5,29289.75
1783493100,29289.25,29352,29282.75,29329.25
1783494000,29328.75,29336.75,29280.5,29303.25
1783494900,29303.25,29355.75,29281,29351.5
1783495800,29351.25,29409.25,29346.5,29395.5
1783496700,29395.25,29404.25,29368.75,29380.5
1783497600,29381.75,29415,29341.25,29409
1783498500,29409,29415.25,29064.75,29080.75
1783499400,29080.5,29104.75,28957.75,29021.25
1783500300,29022,29099.5,29001.75,29010
1783501200,29010,29034.25,28912.75,28914
1783502100,28914.25,28971,28910.25,28961.5
1783503000,28960.5,29011.25,28953.5,28989
1783503900,28989,29005,28948.5,28958.75
1783504800,28959.25,28986,28923.75,28958
1783505700,28958.25,29022.75,28948.25,29020
1783506600,29019.5,29055.5,28995.25,29049.25
1783507500,29048.5,29062.25,29012.5,29018.75
1783508400,29018.75,29028.5,28977.5,29003
1783509300,29002.25,29012.5,28975.25,28987.25
1783510200,28987.25,29125,28973,29085.75
1783511100,29087,29116.25,29054,29089.5
1783512000,29088.25,29183.25,29053.75,29149
1783512900,29149.5,29179.5,29123.5,29177.5
1783513800,29177.5,29193,29146,29183.5
1783514700,29184.25,29239,29151.5,29154.75
1783515600,29154.75,29223.5,29148,29212.25
1783516500,29213,29231,29153.5,29202.75
1783517400,29201.75,29385.5,29201.75,29349
1783518300,29349,29399,29287.75,29365.5
1783519200,29365.75,29389.75,29245.25,29271.75
1783520100,29271.75,29373.5,29235,29292.25
1783521000,29292.5,29336.75,29208.75,29252.75
1783521900,29252.75,29299.75,29151.25,29211.75
1783522800,29211.75,29226.5,29131,29137.5
1783523700,29137.75,29161.75,29034.5,29057.75
1783524600,29057.75,29153,29034,29114.25
1783525500,29114,29131,29051,29096.5
1783526400,29097,29222.5,29094,29215.25
1783527300,29215.75,29303,29194.5,29276.75
1783528200,29276,29349.75,29246.75,29331.5
1783529100,29331.5,29377.25,29309.5,29372.75
1783530000,29372.5,29390,29335,29336.25
1783530900,29336.5,29445.5,29334,29440.75
1783531800,29440.75,29458.5,29383.75,29388
1783532700,29388.5,29391.25,29324,29352.75
1783533600,29352.5,29425.25,29327.5,29406.5
1783534500,29406.75,29418.25,29369.25,29372
1783535400,29372,29417.75,29346.75,29401
1783536300,29401,29424.5,29379.25,29405.25
1783537200,29405.5,29436.75,29376.5,29395.75
1783538100,29395.75,29438.25,29380,29425.25
1783539000,29425.5,29433.25,29388.5,29417.75
1783539900,29417,29500,29382.25,29457.25
1783540800,29457.25,29469,29402,29423.25
1783541700,29424.75,29426.5,29386.25,29395.5
1783542600,29395.5,29399,29352.5,29385.25
1783543500,29386,29409,29373.75,29390
1783548000,29410,29446,29402.75,29433.75
1783548900,29434.25,29449.75,29405,29423
1783549800,29423,29440,29406.25,29409
1783550700,29408.25,29429.75,29405.75,29424.75
1783551600,29425.5,29457,29422.25,29445
1783552500,29444.75,29444.75,29395,29423.75
1783553400,29423.25,29488,29400.25,29480.5
1783554300,29480.75,29504.5,29468,29492
1783555200,29492,29565,29490.75,29564
1783556100,29563,29567.75,29518.75,29560.5
1783557000,29561.5,29582.5,29511.5,29520.25
1783557900,29519.75,29563.25,29488.75,29504
1783558800,29503.75,29542.25,29463,29513.25
1783559700,29512.5,29556.25,29500.5,29530.5
1783560600,29530.5,29542.75,29506.5,29531
1783561500,29530.75,29537.75,29445.25,29449.5
1783562400,29449.5,29530,29426.25,29526.75
1783563300,29525.5,29578.25,29516.75,29534.5
1783564200,29534.5,29544,29462.5,29463
1783565100,29463,29467.75,29418.5,29429.75
1783566000,29429.5,29452.5,29404.75,29422.5
1783566900,29422.5,29481.75,29396,29480.25
1783567800,29480.5,29514.5,29474,29511.5
1783568700,29510.5,29518.75,29495.5,29506.5
1783569600,29506.75,29518,29494.5,29500
1783570500,29500.25,29518.5,29462.25,29472.75
1783571400,29473.5,29539.25,29473,29536.75
1783572300,29536.5,29558.75,29520.75,29552.25
1783573200,29554.5,29597.25,29508.75,29568.75
1783574100,29568.25,29578.25,29512.25,29514.25
1783575000,29514.75,29541.5,29474.25,29537
1783575900,29537.25,29609.25,29533,29606.75
1783576800,29606.5,29616.75,29572,29605.5
1783577700,29605,29643.25,29601.75,29628.75
1783578600,29628.5,29638.5,29598.25,29629.75
1783579500,29629.5,29633,29601.75,29612
1783580400,29613,29656,29603.25,29656
1783581300,29655,29667.5,29639.75,29652
1783582200,29652.5,29684,29638.5,29681.25
1783583100,29681.75,29706.75,29670.75,29684.5
1783584000,29684.75,29734.25,29664,29703.5
1783584900,29704,29736,29694,29699.75
1783585800,29698.75,29706,29659.75,29677.5
1783586700,29678.25,29682,29643.5,29661
1783587600,29662,29670,29629.25,29640.25
1783588500,29640.5,29662.75,29632.5,29650.5
1783589400,29650.5,29662,29611,29621.5
1783590300,29622,29649,29618.5,29645
1783591200,29644.75,29657,29634,29647
1783592100,29646.75,29669.5,29631.75,29651
1783593000,29650,29660.75,29628.5,29640.5
1783593900,29640,29645.25,29564,29601
1783594800,29600.75,29627,29578.5,29611.25
1783595700,29610.5,29643.75,29593.75,29641.25
1783596600,29641.5,29690,29629,29683.75
1783597500,29684.5,29720.75,29674.5,29695.75
1783598400,29696,29732.5,29680.5,29715
1783599300,29715.5,29752.75,29704.25,29749.5
1783600200,29749,29786.5,29739.5,29748.75
1783601100,29748.25,29748.75,29715.5,29735.75
1783602000,29735.5,29759.75,29725,29757
1783602900,29757.5,29759.5,29726.25,29746.25
1783603800,29746.25,29871.25,29671.5,29858.75
1783604700,29858.75,29930.5,29808.5,29911.25
1783605600,29911.25,29923,29785,29803.75
1783606500,29803.25,29803.75,29613.75,29763.5
1783607400,29763.75,29798.75,29696.25,29759.25
1783608300,29759.25,29822.25,29723,29787.25
1783609200,29787.5,29864,29777.5,29854.25
1783610100,29853.75,29886,29830,29873.5
1783611000,29874,29899.5,29855.75,29882
1783611900,29883,29905.25,29877.75,29886.5
1783612800,29886.5,29924.5,29886,29900.25
1783613700,29900.5,29917,29880.5,29890.75
1783614600,29890.5,29919,29864.5,29909
1783615500,29908,29913.25,29885.25,29897.25
1783616400,29897.25,29969.5,29893,29954.75
1783617300,29954.25,29990.75,29954.25,29988.25
1783618200,29988.75,29993.25,29962,29974.5
1783619100,29974.75,29992.5,29950.5,29974.5
1783620000,29974.5,29984.75,29961.25,29975.75
1783620900,29976.25,29980.25,29942,29957
1783621800,29957.5,29968.75,29939,29957.75
1783622700,29957.25,29965,29929,29939
1783623600,29939.75,29941.5,29907.25,29916.25
1783624500,29916.25,29957.75,29904.5,29931.5
1783625400,29931.75,29946,29910,29943.5
1783626300,29943.5,29954.75,29894,29948.25
1783627200,29948,29973.75,29942.75,29966.75
1783628100,29967,29970.25,29932,29939.75
1783629000,29939.75,29949.5,29932,29934.25
1783629900,29934.75,29940.25,29926.75,29930.75
1783634400,29936.5,29962,29924.5,29936.5
1783635300,29937,29945.25,29904,29907.5
1783636200,29908.5,29923.25,29905.25,29921
1783637100,29920.75,29927,29913.25,29922
1783638000,29921.75,29942,29907.25,29938.5
1783638900,29938.5,29964.75,29928.5,29958.25
1783639800,29958.5,29959.5,29938.5,29941.75
1783640700,29941.25,29958,29925.25,29932.75
1783641600,29932.25,29952.5,29858,29894.25
1783642500,29894.75,29903.25,29820.5,29838
1783643400,29837.5,29844.25,29803.5,29828.5
1783644300,29828,29870,29808.5,29866.5
1783645200,29867,29870.75,29816.25,29843.75
1783646100,29843,29877.25,29837,29868.5
1783647000,29868,29902.75,29854.5,29885.5
1783647900,29885.5,29922.75,29880.5,29892
1783648800,29892.25,29902,29865.25,29880
1783649700,29880.75,29884.75,29854.25,29883.25
1783650600,29883.75,29916.75,29874.25,29908.5
1783651500,29907.75,29952.75,29901.5,29951.5
1783652400,29952,29963.75,29941,29947.25
1783653300,29947.5,29951,29921.75,29923.75
1783654200,29923.75,29933,29916.75,29924.75
1783655100,29924.25,29933.75,29911.75,29932.25
1783656000,29933.25,29948.5,29923,29946.5
1783656900,29946.25,29948,29917,29928
1783657800,29927.5,29929.75,29906,29915.5
1783658700,29916.25,29918,29875.75,29882.5
1783659600,29883,29886.25,29865.75,29882.25
1783660500,29883,29897,29869.75,29876.25
1783661400,29876.25,29881.25,29847.5,29875.5
1783662300,29875.5,29875.75,29840,29845.75
1783663200,29846,29857.5,29820,29826.25
1783664100,29826.25,29830.75,29775.5,29789.5
1783665000,29789.5,29831.25,29785,29814.25
1783665900,29814.25,29832.5,29809.75,29819.75
1783666800,29819.75,29825.75,29795.5,29813.25
1783667700,29813,29826,29790.75,29816
1783668600,29815.5,29818.5,29793.75,29796.75
1783669500,29797.5,29799,29763,29773.5
1783670400,29773.75,29799.75,29743.25,29795.25
1783671300,29796.25,29804.25,29755,29768.25
1783672200,29768.5,29785.5,29752.75,29785.5
1783673100,29784.75,29798.5,29771.5,29773
1783674000,29773.75,29800.5,29716.25,29796.25
1783674900,29796.25,29817.5,29796.25,29812.25
1783675800,29811.5,29827.25,29805.25,29817.25
1783676700,29817.5,29828,29800.25,29815.5
1783677600,29815,29841.75,29814.75,29833.25
1783678500,29833.75,29839.5,29805.75,29838.5
1783679400,29838.75,29862.75,29837.75,29862
1783680300,29862,29862.25,29834.5,29851
1783681200,29850.25,29877.75,29849,29875
1783682100,29875.5,29887.75,29850.75,29852.25
1783683000,29851.75,29852,29810.25,29837.25
1783683900,29837,29843.25,29806,29814.75
1783684800,29816.25,29879.75,29771,29846
1783685700,29844.5,29858.25,29825.25,29851.75
1783686600,29851.5,29861,29819,29823.75
1783687500,29824.5,29842,29800,29800
1783688400,29800.25,29826.75,29790,29812.25
1783689300,29811.5,29850.5,29801.75,29835.75
1783690200,29836.25,29937,29796.5,29856.25
1783691100,29856,29968.5,29853,29922.5
1783692000,29922.25,29966.75,29906,29940
1783692900,29940.25,29951.75,29845.5,29907.25
1783693800,29907.25,29957.25,29677.5,29890.25
1783694700,29890.5,29912.75,29808,29817.75
1783695600,29817.75,29886.75,29780,29874
1783696500,29874.5,29987.75,29872.5,29979.75
1783697400,29979.25,29991.5,29833.75,29874.75
1783698300,29874.75,29948,29847.25,29944.5
1783699200,29944.75,29988.5,29944,29981.25
1783700100,29981,30029.25,29981,30013.25
1783701000,30013.5,30034.5,30004.25,30016.5
1783701900,30016.5,30042.75,30012,30026.75
1783702800,30027,30033.5,29996.25,30015.75
1783703700,30015.5,30051,30010.75,30050
1783704600,30050,30071,30038.25,30064.5
1783705500,30064.75,30072.5,30031.5,30038.75
1783706400,30038.75,30070,30034.25,30049.75
1783707300,30049.25,30064,30023,30045.5
1783708200,30045.5,30057.75,30031,30039.25
1783709100,30039.25,30047.75,30028.25,30037.75
1783710000,30038.25,30076.75,30033,30059
1783710900,30058.75,30059.75,30036,30046
1783711800,30047,30067.75,30045,30053.5
1783712700,30053.5,30066.5,30024.75,30037.5
1783713600,30037.25,30062.25,30031.75,30048.25
1783714500,30048,30059.75,30046.5,30055
1783715400,30055,30061.5,30052,30058.25
1783716300,30058.25,30075,30056,30069
1783893600,29956.75,29979.75,29855.75,29866
1783894500,29864.75,29898,29861.25,29885.5
1783895400,29885.75,29905,29866,29894.5
1783896300,29894.5,29914.75,29872.5,29909.5
1783897200,29910,29911.25,29880,29891.25
1783898100,29890.75,29893.25,29869,29889.25
1783899000,29889.25,29900,29874.75,29888.5
1783899900,29889.25,29895.5,29843.75,29893.75
1783900800,29892.25,30042.5,29870.75,30019
1783901700,30018.25,30031.5,29957,29967
1783902600,29967.75,29972.5,29849,29883.5
1783903500,29884,29905.25,29807.5,29835.25
1783904400,29835,29850.75,29788.5,29811.25
1783905300,29811.5,29848,29789,29808.5
1783906200,29808.25,29842.5,29789.75,29813.5
1783907100,29813.5,29813.5,29737.25,29761
1783908000,29762.25,29773,29728.75,29751.75
1783908900,29752.5,29809.75,29744.25,29797.75
1783909800,29798,29800,29746.25,29765.5
1783910700,29765,29773.5,29713.5,29716.75
1783911600,29716.5,29722.75,29684.5,29695.25
1783912500,29695,29718,29682.5,29709.75
1783913400,29709.75,29727.75,29684,29697.75
1783914300,29698,29725.25,29684,29687.75
1783915200,29689,29689.75,29649.25,29668
1783916100,29667.75,29678,29638.5,29651.75
1783917000,29652.25,29656.75,29622,29627.5
1783917900,29627.5,29637.25,29613,29627.25
1783918800,29627.25,29693.5,29606.5,29688.5
1783919700,29688.5,29689.25,29577,29585.25
1783920600,29585.5,29670,29546.5,29637
1783921500,29637.25,29667.5,29613.25,29651.5
1783922400,29650,29666.25,29585.25,29592.5
1783923300,29592.5,29635.25,29588,29630.5
1783924200,29630.5,29650.5,29597.75,29642.5
1783925100,29642.5,29652.5,29611.5,29630.5
1783926000,29630.5,29675,29607,29670.75
1783926900,29671.25,29690,29642.25,29671.5
1783927800,29671.5,29671.5,29636,29660.5
1783928700,29660.25,29663.25,29636.25,29653.5
1783929600,29653.25,29706.75,29646.75,29705.75
1783930500,29705.25,29741.25,29704.5,29725.5
1783931400,29725.75,29735,29700,29727.75
1783932300,29727.75,29754.25,29721.75,29746.5
1783933200,29746.75,29751.5,29717.25,29733.5
1783934100,29733.75,29766.5,29728,29760.75
1783935000,29761.75,29776.75,29753.25,29773.75
1783935900,29774.25,29774.5,29751.75,29771
1783936800,29771,29778.5,29738.5,29747.5
1783937700,29747,29766,29738.75,29741.5
1783938600,29741,29757,29736.25,29738.75
1783939500,29738.5,29764.5,29735.25,29756
1783940400,29756.25,29800,29751,29768.75
1783941300,29768.5,29783.5,29741.5,29773.5
1783942200,29773.5,29793.75,29764.25,29767.5
1783943100,29766.75,29768.5,29729.25,29740
1783944000,29740.75,29758.25,29692.75,29729
1783944900,29730,29736.5,29682.75,29685.5
1783945800,29685,29694.75,29655.25,29688.75
1783946700,29689.25,29724.75,29686,29718.25
1783947600,29718.75,29748.5,29711,29719
1783948500,29718.75,29721,29683,29711
1783949400,29710.5,29737.25,29552,29595.75
1783950300,29596.25,29639.5,29517.75,29631
1783951200,29631,29663,29560.75,29650.75
1783952100,29651,29703,29493.25,29701.5
1783953000,29702,29724,29624,29637.25
1783953900,29638.25,29721.25,29603.5,29717.75
1783954800,29718,29752.25,29671.25,29682.25
1783955700,29681.5,29729.75,29661.75,29708
1783956600,29708.25,29722.25,29648.5,29654.25
1783957500,29654,29657,29596.5,29611.5
1783958400,29611.5,29638.75,29584.25,29613.5
1783959300,29613.25,29616,29534.5,29558.5
1783960200,29557.75,29557.75,29460.25,29537
1783961100,29537.5,29556.25,29463.25,29526.75
1783962000,29526,29581,29516.25,29541.25
1783962900,29541.25,29552.25,29498,29518.25
1783963800,29518.5,29533.5,29485.5,29513.5
1783964700,29513.25,29527,29468.25,29480
1783965600,29479.5,29539.5,29476.25,29515.25
1783966500,29515.25,29522,29467.25,29474.75
1783967400,29474.75,29517,29454,29501
1783968300,29501.5,29521.5,29482.5,29492.75
1783969200,29492.75,29524.75,29451,29463.75
1783970100,29464,29468.75,29404.75,29419.25
1783971000,29419.75,29456,29395,29450.5
1783971900,29450.5,29505,29434.25,29467.25
1783972800,29466.75,29474,29435.75,29454
1783973700,29454.25,29455.25,29386.5,29437
1783974600,29437,29440,29424.25,29434.75
1783975500,29434.75,29444.5,29419.5,29430.75
1783980000,29440,29480,29439.25,29453
1783980900,29452.5,29468.5,29432.5,29433.5
1783981800,29433.75,29444,29427,29442.25
1783982700,29441.75,29460,29394,29399.25
1783983600,29399.75,29404.5,29367.75,29381
1783984500,29381,29399.75,29361.5,29367
1783985400,29367.75,29378.25,29328.5,29333.5
1783986300,29333.5,29423.5,29327.5,29421.25
1783987200,29422,29468.25,29325,29463.25
1783988100,29462.75,29476.25,29370,29419.5
1783989000,29419.5,29489,29398.75,29418.5
1783989900,29418,29534.75,29412,29522.5
1783990800,29521.5,29541,29481.75,29490.5
1783991700,29491,29528.5,29480.75,29504.75
1783992600,29505.5,29516,29440.75,29473.25
1783993500,29475.25,29504.25,29436.5,29448.25
1783994400,29447.5,29489,29423.75,29423.75
1783995300,29425.75,29436,29373,29401.5
1783996200,29401.5,29455.5,29366.25,29445
1783997100,29445,29453.25,29383,29388.75
1783998000,29389,29392,29328.5,29336
1783998900,29336,29378.25,29303.25,29377.5
1783999800,29377.5,29405.5,29334,29359.75
1784000700,29359.25,29428.25,29353.5,29425
1784001600,29425.25,29445.75,29371.75,29390.75
1784002500,29392,29453.75,29380.5,29449.25
1784003400,29449.5,29488.5,29442.25,29474.5
1784004300,29474.75,29517,29472,29509.25
1784005200,29509.5,29550,29489,29545.75
1784006100,29545.25,29610,29535,29603.5
1784007000,29604.75,29632.25,29577.5,29595
1784007900,29596,29606,29582.25,29592.75
1784008800,29592.5,29634.25,29587,29629.5
1784009700,29629,29649.75,29595.5,29606
1784010600,29606.75,29634.75,29593,29597.75
1784011500,29598.25,29598.25,29563,29564.5
1784012400,29564.25,29603,29545.5,29599.75
1784013300,29600,29623.5,29576.75,29606.25
1784014200,29607,29611,29567.5,29576.5
1784015100,29577.25,29609.75,29556.75,29573.75
1784016000,29574,29602,29547.5,29581
1784016900,29581.5,29632,29581.5,29618.75
1784017800,29618.5,29636.25,29607.25,29613.5
1784018700,29614,29614.25,29570.5,29572.5
1784019600,29572,29626.25,29557.75,29624.5
1784020500,29624.5,29629.25,29571.75,29574.25
1784021400,29574.5,29610.5,29573.25,29599.75
1784022300,29600.25,29623.25,29595.75,29602
1784023200,29602.25,29620.75,29593.5,29605.5
1784024100,29606,29609,29585.25,29597
1784025000,29596.25,29633,29578,29604.5
1784025900,29603.5,29620,29588.75,29607.25
1784026800,29607,29621.75,29554,29606.5
1784027700,29606.5,29670.5,29604,29641
1784028600,29641.25,29668.5,29614,29620.25
1784029500,29620,29658.25,29617.25,29633.25
1784030400,29633,29637.75,29570,29590.5
1784031300,29591,29693,29577.25,29687.75
1784032200,29688.5,29922,29668,29822
1784033100,29822.75,29838.5,29753.5,29772.75
1784034000,29773.25,29808.25,29764.75,29782.25
1784034900,29782,29832,29742.5,29810.25
1784035800,29810.75,29815,29685,29754
1784036700,29753.25,29807,29714.25,29780.5
1784037600,29780.5,29804.75,29637.25,29664
1784038500,29664.25,29733.25,29567.25,29684
1784039400,29683.5,29810,29659,29728.25
1784040300,29727.75,29784.5,29660.5,29774
1784041200,29773.75,29866,29753,29848
1784042100,29847.75,29889.25,29825.5,29885.5
1784043000,29884.75,29896,29799,29835.75
1784043900,29835,29852,29760.25,29785.75
1784044800,29786.5,29792,29711.25,29738.75
1784045700,29739.25,29783.75,29704.25,29779
1784046600,29778.75,29824,29751.75,29809.5
1784047500,29809.25,29829.75,29783.25,29826.75
1784048400,29826.75,29850.75,29814.25,29822.25
1784049300,29821.75,29866.5,29806.75,29850
1784050200,29850,29862.25,29819,29845.75
1784051100,29845.75,29865.25,29829,29862.5
1784052000,29863,29872.25,29842.75,29869.25
1784052900,29869.5,29877.75,29847.25,29853.75
1784053800,29853.5,29869.75,29810.75,29825
1784054700,29825.5,29845.25,29812.5,29824.25
1784055600,29824.5,29833,29780.25,29815.75
1784056500,29815.25,29838.25,29796.5,29797.75
1784057400,29797.75,29816.25,29771,29811
1784058300,29811.25,29835.75,29779,29786
1784059200,29785.75,29810.25,29772.75,29788
1784060100,29787.75,29792.25,29764.5,29775
1784061000,29775.25,29799.5,29772.25,29796.5
1784061900,29796.5,29802,29785.75,29794.75
1784066400,29798,29806.75,29745.75,29754.5
1784067300,29754.75,29796.75,29752,29786.5
1784068200,29786.25,29796.5,29775.25,29779.5
1784069100,29779.25,29783.25,29764,29774
1784070000,29773.5,29798.75,29758,29795
1784070900,29795.5,29869.75,29785.25,29866.25
1784071800,29867,29882,29847.25,29849
1784072700,29849,29900,29844.25,29888.75
1784073600,29888.25,29902.75,29837.75,29891
1784074500,29891.25,29933.5,29882.75,29918.75
1784075400,29919.5,29928.5,29840.75,29858.5
1784076300,29859,29930,29848.25,29918.75
1784077200,29918,29928,29860.25,29886.75
1784078100,29885.25,29941.5,29883.75,29923.5
1784079000,29923.75,29944,29891,29894.25
1784079900,29894.25,29959.25,29892.75,29956
1784080800,29956.75,29981.75,29949.25,29966.25
1784081700,29966.5,29983,29958.5,29970
1784082600,29970,29989,29966.25,29983.5
1784083500,29983.25,29987.25,29959.25,29960
1784084400,29960,29968.25,29946.75,29959.5
1784085300,29960,29985,29955.25,29979.25
1784086200,29978.25,30001.75,29977.25,29987.5
1784087100,29987.5,30019.5,29987,30012.5
1784088000,30013,30016.75,29995.75,30001
1784088900,30000.75,30013.25,29989.5,29989.5
1784089800,29989.75,30012,29983,30005.5
1784090700,30005.5,30024.75,30003.5,30021.5
1784091600,30022,30058.5,29991,30000
1784092500,29999.75,30025.25,29976.25,29981.25
1784093400,29981.25,30009.75,29967.25,29992
1784094300,29992.25,30031.5,29984.25,30030.75
1784095200,30031,30050,30027.75,30043.25
1784096100,30040.75,30045,30022.75,30039.75
1784097000,30040.75,30046.25,30009.25,30018.5
1784097900,30019,30036.75,30014.75,30031.25
1784098800,30031.5,30062.5,30007.5,30035.5
1784099700,30035.5,30036,29928.25,29967.75
1784100600,29967.5,29990,29945.5,29979
1784101500,29978.25,30005,29971,29996.75
1784102400,29996.75,29998.75,29908.5,29917.5
1784103300,29918,29926.25,29871.75,29913
1784104200,29913,29926.5,29897.5,29926.5
1784105100,29926,29943.75,29913,29937.5
1784106000,29937.25,29958.25,29936,29953
1784106900,29952.5,29963.5,29942.75,29949.75
1784107800,29949.5,29959.5,29927.75,29950.75
1784108700,29951,29952.5,29915.5,29923.25
1784109600,29924.75,29943.75,29914.75,29942.5
1784110500,29942.75,29947.5,29886,29896.25
1784111400,29896.75,29921.25,29889.5,29902.5
1784112300,29902.5,29934,29900.25,29927.25
1784113200,29926.25,29953.75,29919,29926
1784114100,29925.5,29942.75,29915.75,29921
1784115000,29922.25,29942.5,29911,29929
1784115900,29929,29929.75,29904.5,29912.25
1784116800,29912.25,29918.75,29873.75,29880
1784117700,29880.75,29893.75,29855.5,29878
1784118600,29874.75,29973.75,29850,29951.25
1784119500,29951.25,29995.5,29941,29980.25
1784120400,29980,29999.25,29939,29946.5
1784121300,29946.5,29964.25,29936.5,29955
1784122200,29955.5,29978.25,29830.75,29832.75
1784123100,29833.5,29847.5,29755,29823.75
1784124000,29823.25,29892.25,29805.75,29805.75
1784124900,29806.25,29830.75,29638,29723.5
1784125800,29723.5,29736.5,29536.75,29601
1784126700,29600.75,29646,29561.75,29631.25
1784127600,29631.5,29661.75,29577.5,29591.25
1784128500,29591.25,29642.75,29531.25,29641
1784129400,29641,29656.25,29592,29616.25
1784130300,29617,29618.25,29562,29580.75
1784131200,29581,29600,29472.25,29476
1784132100,29476.25,29497,29430.75,29461.5
1784133000,29461.5,29484,29396.75,29445.5
1784133900,29445.5,29536.75,29433.25,29513
1784134800,29512.25,29561.25,29504.5,29531.75
1784135700,29531.75,29608,29526.5,29603.75
1784136600,29604.5,29636.75,29604.25,29634.25
1784137500,29634.25,29705.75,29625,29686.25
1784138400,29686.5,29730,29681.5,29715.75
1784139300,29716,29743,29684.25,29725
1784140200,29725,29735,29658,29662.5
1784141100,29662.5,29666,29595,29612.5
1784142000,29612.5,29669,29604.75,29644.25
1784142900,29644,29649,29589,29642.75
1784143800,29643,29695.75,29608.25,29684
1784144700,29684,29706.75,29647.25,29700.75
1784145600,29701,29737.5,29663.25,29701.5
1784146500,29702,29720.5,29696.25,29718.75
1784147400,29718.5,29719.25,29705.5,29716.25
1784148300,29716.25,29721.5,29706,29708
1784152800,29707.75,29749,29698,29728.75
1784153700,29728.25,29730.25,29710,29717
1784154600,29717.25,29725,29683.75,29685
1784155500,29684.75,29725,29677.75,29717.5
1784156400,29716.75,29737,29709.25,29719.5
1784157300,29720.25,29726.25,29695,29717
1784158200,29717.75,29733.5,29700,29720.75
1784159100,29721.25,29728,29682.25,29690.5
1784160000,29690.75,29757.25,29683.25,29755.5
1784160900,29755.25,29765.25,29662.25,29670.25
1784161800,29670.25,29696.25,29626.5,29627.5
1784162700,29627.25,29679.75,29622.25,29652
1784163600,29652.25,29669,29615.5,29625.75
1784164500,29626.25,29630.5,29601.75,29605.5
1784165400,29605,29646.75,29593.5,29614.5
1784166300,29614.75,29686.5,29612.25,29650.75
1784167200,29650.75,29653,29620,29639.75
1784168100,29639,29706.25,29633.75,29696.25
1784169000,29696.75,29707.25,29672,29679
1784169900,29679.5,29735.75,29675.25,29727.25
1784170800,29727,29752.5,29721,29749.25
1784171700,29749.5,29751,29710,29716.75
1784172600,29716.5,29746.75,29713.75,29721.25
1784173500,29721,29744,29705.75,29744
1784174400,29743.75,29756,29722.25,29755
1784175300,29754.75,29755.5,29710,29715.75
1784176200,29716.75,29721.25,29695.75,29704
1784177100,29703.5,29717.75,29698,29708.75
1784178000,29708.75,29748,29697.25,29747.5
1784178900,29747.5,29776,29739.25,29766.25
1784179800,29766,29796.5,29667,29703.25
1784180700,29702.75,29712.25,29678,29687
1784181600,29688,29739.25,29646,29730.75
1784182500,29731.5,29748.75,29683,29685.5
1784183400,29685.75,29697.25,29642.25,29673.25
1784184300,29674,29694,29658.5,29685.25
1784185200,29684.75,29686.75,29620.5,29621
1784186100,29622,29649.5,29612,29622.25
1784187000,29622.75,29630.25,29569,29570.25
1784187900,29570.25,29584.5,29548.5,29563.25
1784188800,29562.75,29572.75,29488,29491
1784189700,29491.5,29556,29478,29538.75
1784190600,29538,29577,29528.5,29550
1784191500,29549.5,29595.75,29548.75,29591.25
1784192400,29591.75,29635,29591.75,29625.25
1784193300,29625.25,29644.75,29611,29613.5
1784194200,29614.25,29632.5,29584,29585
1784195100,29584.75,29585.75,29527.5,29531.25
1784196000,29530.5,29562,29514.75,29550.75
1784196900,29550.75,29551.25,29510.75,29540.25
1784197800,29539.25,29555.75,29510,29521.75
1784198700,29521.5,29538.5,29502.75,29529.5
1784199600,29529.25,29531.75,29460,29486.25
1784200500,29487.5,29501.5,29447.25,29472.25
1784201400,29472.5,29473.5,29429,29439
1784202300,29438,29456.5,29353.5,29446.25
1784203200,29446.5,29458.25,29392.75,29423.75
1784204100,29423.25,29441,29378,29405
1784205000,29408.75,29432,29365.5,29374.75
1784205900,29375,29414.75,29363.25,29392
1784206800,29393,29457.75,29387.5,29450.75
1784207700,29450.75,29488.5,29442,29466
1784208600,29466.25,29532,29308.5,29316.75
1784209500,29316.75,29360,29257.75,29346.5
1784210400,29346.75,29495,29315,29469.25
1784211300,29468,29501.25,29398,29482.75
1784212200,29483.25,29509,29425.75,29464.25
1784213100,29463.75,29478,29362.25,29435.5
1784214000,29434.75,29459,29335.75,29358.75
1784214900,29358.75,29451.5,29336.5,29407.25
1784215800,29406.75,29466.25,29369,29397.5
1784216700,29397.25,29435.75,29354,29392.5
1784217600,29391.75,29395.5,29289,29293.25
1784218500,29293.25,29314.5,29263,29299.75
1784219400,29300.5,29340,29285.75,29292.75
1784220300,29293.25,29352.5,29270.75,29338.5
1784221200,29338.75,29342,29284.25,29288
1784222100,29288.25,29343.5,29274.5,29333.25
1784223000,29334,29344.5,29231,29243.75
1784223900,29244,29269.25,29219.25,29243.5
1784224800,29243.75,29278.25,29222.75,29233
1784225700,29232.75,29304.25,29215,29269.5
1784226600,29269.25,29269.5,29197.75,29238
1784227500,29237.5,29253.25,29200,29210.5
1784228400,29210.25,29242.25,29175.25,29183.25
1784229300,29183.25,29186,29119.25,29148
1784230200,29147.75,29170,29117.25,29121.5
1784231100,29122,29235,29079,29217.25
1784232000,29217,29230.75,29165.75,29167.25
1784232900,29167.5,29200,29162,29180
1784233800,29180.25,29190.25,29164,29173.25
1784234700,29173.75,29183.25,29167.75,29178.5
1784239200,29186.75,29220,29171,29185.5
1784240100,29185.75,29187.75,29137,29139.75
1784241000,29139.75,29159.25,29130.5,29148.25
1784241900,29148.75,29151.75,29116,29135.75
1784242800,29135.5,29145.25,29108,29131.5
1784243700,29131.75,29134,29075.25,29091.75
1784244600,29091.75,29128.75,29060.5,29108.5
1784245500,29109.25,29119.5,29082.25,29096.5
1784246400,29096.25,29124,29031,29042.75
1784247300,29042.25,29076.75,29011,29018.75
1784248200,29019.5,29032,28993.5,29026.25
1784249100,29025,29082,29018,29057.75
1784250000,29058,29106.5,29024.5,29030.25
1784250900,29030.5,29046.25,29011.25,29039.75
1784251800,29039.75,29052.25,28964.75,28973.75
1784252700,28974.25,28990.25,28946.25,28971.25
1784253600,28971,28987,28948.5,28958
1784254500,28957.75,28961.75,28917.25,28928.75
1784255400,28928.25,28938.75,28904,28934.75
1784256300,28934.25,28938.5,28893.75,28925.25
1784257200,28925,28960.75,28912.5,28954.75
1784258100,28954.5,29026.5,28954.5,29015
1784259000,29015,29017.75,28942.75,28956.5
1784259900,28956.75,28960.75,28910.25,28911
1784260800,28911.5,28912.75,28841.25,28850.25
1784261700,28850.5,28859.75,28803.25,28808.75
1784262600,28808.25,28823.75,28773.75,28809.5
1784263500,28810,28841.25,28804.5,28805.5
1784264400,28805.5,28820,28787.25,28803
1784265300,28802.25,28822.5,28783.75,28791.25
1784266200,28790.75,28811.5,28726.5,28758.75
1784267100,28758.75,28774.5,28733.25,28755.75
1784268000,28755.5,28775,28722,28756.5
1784268900,28756.25,28825,28748,28815.25
1784269800,28815.75,28825,28761.75,28775
1784270700,28775,28775,28732,28742.75
1784271600,28744.5,28767.75,28716.5,28752.25
1784272500,28752.5,28764.75,28711.5,28747.25
1784273400,28747.5,28759.75,28701.25,28715.5
1784274300,28715,28721.5,28682.75,28686.75
1784275200,28686.25,28735.5,28667,28677.5
1784276100,28676.5,28679,28576.75,28609.5
1784277000,28609.5,28618,28554.75,28585.5
1784277900,28586.25,28660.5,28581.75,28628.75
1784278800,28629.25,28676.25,28618,28672.25
1784279700,28672.25,28690.75,28630,28690
1784280600,28690.25,28715.5,28661.5,28686.25
1784281500,28685.5,28728,28684,28711.25
1784282400,28711.25,28771.75,28693,28767.75
1784283300,28766.75,28787.75,28724.25,28773.75
1784284200,28773,28826,28763.5,28800.5
1784285100,28801,28815.25,28777,28783.5
1784286000,28784,28808.5,28749.5,28758.5
1784286900,28759,28769.25,28728.5,28762.5
1784287800,28763.25,28765.5,28717.5,28729.5
1784288700,28729.25,28761.25,28718,28740.25
1784289600,28739.75,28745.5,28675.5,28684.25
1784290500,28684,28697.75,28661.5,28674.75
1784291400,28674.75,28683.75,28651.25,28674.75
1784292300,28675,28692.25,28645.5,28665.25
1784293200,28665,28665.75,28619.25,28622.5
1784294100,28621.75,28647.25,28581.5,28604.75
1784295000,28606.75,28685.5,28408.25,28419.5
1784295900,28420.25,28682,28411.5,28677
1784296800,28678.25,28863,28665,28803.75
1784297700,28803.5,28887.5,28778.75,28831.5
1784298600,28831.75,28896,28760.25,28825.5
1784299500,28825,28858.5,28721,28726.5
1784300400,28726.5,28755.25,28676.75,28706.5
1784301300,28707,28759.5,28672,28753
1784302200,28753.25,28843.5,28717.25,28798.25
1784303100,28799,28948.5,28781.25,28933.25
1784304000,28933.25,28956,28845.5,28939.5
1784304900,28939.5,28960,28860,28914
1784305800,28914.25,28972.5,28885.25,28971.5
1784306700,28971,29028.75,28961,28974.5
1784307600,28974.75,29047,28966.25,28995.25
1784308500,28995.25,29042.75,28979.25,29035.5
1784309400,29035.25,29042.5,28943.5,28949.75
1784310300,28950,28968.75,28883.25,28896
1784311200,28896.25,28935.75,28856.25,28863.5
1784312100,28863,28870.75,28822,28851.75
1784313000,28851.75,28891.25,28796.75,28808.75
1784313900,28808.25,28886,28797.25,28861.25
1784314800,28861.75,28869.25,28758,28759.75
1784315700,28759.75,28804,28718.5,28795.25
1784316600,28795.5,28844,28753.5,28795.25
1784317500,28794.5,28853.75,28755.75,28764.25
1784318400,28764.5,28768,28712.5,28738.25
1784319300,28738.75,28754.75,28733.5,28750
1784320200,28749.5,28769,28749.25,28767
1784321100,28767.25,28779.25,28754,28768.75
1784498400,28747.5,28813.75,28706.75,28715.75
1784499300,28716.5,28817.25,28714.75,28765.5
1784500200,28764.25,28851.25,28754.5,28839.25
1784501100,28839,28849.25,28809.75,28815.75
1784502000,28815.75,28837.5,28784.5,28812.75
1784502900,28813,28824.75,28777.25,28804.75
1784503800,28804.75,28867,28791.75,28865.25
1784504700,28865.75,28877,28816,28869.5
1784505600,28869.25,28955.75,28804.25,28939.5
1784506500,28939,28964,28926.5,28934.75
1784507400,28934.75,28938.25,28875,28886.5
1784508300,28886.25,28902,28850,28859.5
1784509200,28859.5,28918.5,28844.5,28852.75
1784510100,28852.75,28885.25,28811.25,28816
1784511000,28815.5,28835,28776,28797.25
1784511900,28797.25,28821,28762.75,28796.5
1784512800,28797.25,28888.25,28796.25,28838.25
1784513700,28839,28847.25,28792.75,28812
1784514600,28809.5,28915.75,28808.75,28899.25
1784515500,28899.75,28939.75,28883.5,28886.25
1784516400,28886.25,28913.75,28856,28884.5
1784517300,28884,28914.75,28862,28877.75
1784518200,28878.5,28904,28849.75,28899
1784519100,28899.25,28937.5,28880.75,28898
1784520000,28898,28919.25,28863.25,28867.25
1784520900,28868,28903.5,28842.5,28900.25
1784521800,28899.75,28941,28888.25,28934
1784522700,28934,28942.75,28892,28896.75
1784523600,28897,28903,28812,28863
1784524500,28862,28863,28826.75,28832
1784525400,28832,28839.25,28809.25,28812.5
1784526300,28812.75,28832,28788,28807.75
1784527200,28807.75,28824.75,28782,28784.5
1784528100,28784.75,28816,28768,28784.75
1784529000,28785.75,28814,28765.5,28803.75
1784529900,28804.25,28810.75,28778.5,28804.25
1784530800,28805,28834.5,28805,28821.25
1784531700,28821.25,28885.5,28797.75,28879.5
1784532600,28879,28926.25,28875.5,28905
1784533500,28906,28922.5,28879.25,28909.25
1784534400,28909,28934.5,28889.75,28926.75
1784535300,28926.75,28939.75,28895.25,28900.75
1784536200,28901.5,28906.75,28860,28863.75
1784537100,28864.5,28890.75,28860.5,28881.25
1784538000,28882,28889.25,28854.75,28876.75
1784538900,28877.25,28916.5,28876.75,28905.25
1784539800,28904.75,28941.5,28897.75,28941.25
1784540700,28941.5,28997.75,28940,28952
1784541600,28952.5,28958,28927.5,28932
1784542500,28933,28962.25,28921,28956.5
1784543400,28955.5,28976,28946,28967.25
1784544300,28967.25,28980,28960.75,28969.75
1784545200,28969.75,29025.75,28963.5,29012.25
1784546100,29012,29018.5,28988.25,28999
1784547000,28998,29110.5,28995.5,29088
1784547900,29088.25,29097.75,29048.25,29072.75
1784548800,29073.5,29076.5,28981.5,29003.25
1784549700,29003.25,29037.75,28990,29035.5
1784550600,29035,29046.75,29000.75,29006.25
1784551500,29005.75,29044,29003.5,29024.5
1784552400,29024.75,29058,29016.25,29023.25
1784553300,29024.25,29059.75,29021,29044
1784554200,29043.5,29182,29025.75,29178.25
1784555100,29178.25,29192.5,28979.75,28996.25
1784556000,28996.25,29048.5,28938.25,28973.5
1784556900,28973.25,29031.75,28907.5,29030.5
1784557800,29031,29050,28952,28965
1784558700,28965,29004.5,28874.25,28891.75
1784559600,28891.5,28990.25,28873.25,28945
1784560500,28944.5,29025.5,28928.75,29015.5
1784561400,29015.25,29034.5,28986,29027.75
1784562300,29027.5,29065.5,28974.5,29051
1784563200,29051,29118.5,29029,29107
1784564100,29106.75,29113,29069.25,29084.5
1784565000,29084.5,29101,28959,29004
1784565900,29004.75,29052.25,28955.5,28983
1784566800,28983.5,28999.5,28921.5,28926.5
1784567700,28926.5,28976,28910.5,28957.5
1784568600,28957.5,28973,28900.5,28909.75
1784569500,28910.5,28983,28908.25,28957
1784570400,28956.5,29002.75,28956.5,28993
1784571300,28992.75,29010.5,28931.75,28948
1784572200,28948.5,28949.25,28859,28859.75
1784573100,28860.5,28903.5,28855.25,28870.75
1784574000,28870.5,28896,28807.75,28808.25
1784574900,28808,28869.5,28796.25,28855
1784575800,28855.5,28894.5,28834,28867
1784576700,28867,28880,28767.75,28785.75
1784577600,28785,28832,28766.75,28772.75
1784578500,28773,28774.5,28750,28758.5
1784579400,28759.25,28781.5,28757.25,28771
1784580300,28771.75,28785,28768,28777.75
1784584800,28783.25,28801.75,28704,28720.75
1784585700,28720.25,28732.75,28709.75,28720
1784586600,28720,28734,28700,28724.75
1784587500,28724.75,28734,28705.75,28717.25
1784588400,28717.5,28778.75,28706.5,28768.75
1784589300,28768,28822.5,28765.25,28819.75
1784590200,28818.75,28824.75,28804.5,28811.25
1784591100,28811,28833,28757.5,28779.75
1784592000,28778.25,28778.25,28706.5,28736
1784592900,28737.25,28835,28709,28817.25
1784593800,28817,28879.5,28813.75,28866
1784594700,28866.25,28897,28855,28858.25
1784595600,28858.5,28911.5,28836.5,28903.5
1784596500,28904.5,28912.5,28872,28891
1784597400,28890.25,28921.25,28866.25,28874.5
1784598300,28875,28911.25,28869.75,28884
1784599200,28884.5,28940,28877.25,28885
1784600100,28885.25,28920.5,28859.25,28894
1784601000,28893.75,28956.25,28893.25,28949
1784601900,28948.5,28956.75,28928,28954.75
1784602800,28954.5,28982,28951.25,28975
1784603700,28974.25,28997.75,28971.5,28995.75
1784604600,28995.5,29049.25,28992,29033.25
1784605500,29033.75,29077.75,29033.5,29072.5
1784606400,29072.5,29089.5,29058.5,29066.75
1784607300,29066.25,29077.5,29054.75,29066
1784608200,29065.5,29076,29057,29064.25
1784609100,29064.75,29076.5,29048.5,29055
1784610000,29055.25,29061.25,29033,29034.75
1784610900,29035.25,29070.75,29016.75,29066.25
1784611800,29066.75,29093.75,29037.25,29086.75
1784612700,29086.75,29104.75,29070.25,29098.5
1784613600,29097.5,29141,29095.5,29132.25
1784614500,29132.25,29141.5,29108.25,29112.5
1784615400,29113,29155,29112,29154
1784616300,29154,29155.5,29130.5,29146.5
1784617200,29147.5,29161.5,29117.5,29131.75
1784618100,29130.75,29131.5,29092.5,29103.5
1784619000,29103.75,29127,29087.75,29112.25
1784619900,29112.25,29120.75,29091.75,29117
1784620800,29117,29154.25,29104.25,29152.5
1784621700,29152,29168.75,29140.5,29168.75
1784622600,29168.75,29176.75,29156,29167
1784623500,29167.5,29175,29149.25,29167.25
1784624400,29167.25,29181.25,29162.25,29171.75
1784625300,29172,29196.5,29162.25,29166.25
1784626200,29166.5,29179.25,29150.75,29165.5
1784627100,29165.25,29185.25,29152.75,29154
1784628000,29154.75,29198.75,29154.75,29172
1784628900,29171.5,29187.75,29164.75,29174.5
1784629800,29173.75,29204,29164.5,29171.75
1784630700,29171.25,29188,29155.25,29166.5
1784631600,29167.25,29183.75,29133.25,29157.75
1784632500,29158,29159.5,29117,29128.5
1784633400,29129,29173,29126.5,29166
1784634300,29167.25,29182.75,29144.5,29153.5
1784635200,29153.25,29195.5,29146,29178.25
1784636100,29177.5,29178.75,29133.25,29134.25
1784637000,29134,29143.25,29111,29134.75
1784637900,29135,29187.25,29134,29172.5
1784638800,29172.5,29183.5,29156.5,29162.75
1784639700,29162.75,29224,29156.25,29221.75
1784640600,29222.25,29246.75,29129,29144.25
1784641500,29144.25,29178.5,29092.5,29153.25
1784642400,29153.75,29189.75,29063,29130.5
1784643300,29130,29218.5,29066.5,29207.5
1784644200,29206.75,29235.5,29162.5,29224.75
1784645100,29225,29257.75,29206.25,29237.25
1784646000,29237.25,29297.5,29181.5,29292
1784646900,29292,29319.75,29272,29307.5
1784647800,29307.5,29308.75,29258.25,29261.5
1784648700,29261.25,29301.25,29255.25,29259.25
1784649600,29259,29328,29254.25,29302
1784650500,29302.5,29337.5,29300.75,29312.25
1784651400,29312.75,29335,29302.75,29318.5
1784652300,29319,29352,29311.25,29331.25
1784653200,29331.75,29356.5,29331,29335
1784654100,29335,29348,29322.75,29332.75
1784655000,29333,29351.75,29327.5,29341.25
1784655900,29341.75,29363.5,29332.25,29341.25
1784656800,29341.75,29363,29337.5,29337.5
1784657700,29338.25,29345,29319.5,29325.25
1784658600,29325.25,29350.25,29310.5,29347.25
1784659500,29347.5,29356,29316.5,29328.25
1784660400,29328.25,29336.25,29303,29311
1784661300,29309,29322,29290.5,29293.75
1784662200,29293.25,29341.75,29290.75,29338
1784663100,29337.75,29351.25,29300.25,29310.75
1784664000,29310.5,29317,29284.75,29306.25
1784664900,29306,29306,29283.25,29293
1784665800,29293,29302.5,29290,29293.25
1784666700,29293.25,29294.5,29279.25,29290
1784671200,29309,29311.75,29280,29297.25
1784672100,29297.25,29306,29265.25,29270.25
1784673000,29270.75,29283.75,29257.5,29270.25
1784673900,29270.25,29277.5,29251.75,29274.5
1784674800,29274,29289.75,29261.5,29281.75
1784675700,29281.75,29304.75,29272.5,29296.5
1784676600,29295.75,29304,29271.5,29280.25
1784677500,29280,29304,29266,29298
1784678400,29298.25,29337.25,29286.5,29328.5
1784679300,29328.5,29330.75,29290.5,29299.25
1784680200,29300,29305.75,29272,29284.25
1784681100,29283.25,29292.75,29258.5,29288.25
1784682000,29288.75,29294.25,29232.75,29257
1784682900,29257.25,29271.25,29238.75,29246.75
1784683800,29246.5,29262.25,29231.75,29253.75
1784684700,29255.5,29306.25,29251,29276.5
1784685600,29277,29285.5,29238,29261.25
1784686500,29261.25,29285,29249.75,29276.25
1784687400,29276.5,29277.75,29243.25,29253
1784688300,29253,29264.75,29228.5,29239.25
1784689200,29239.5,29244.5,29210,29215.5
1784690100,29214.25,29262,29212.25,29261.75
1784691000,29261.5,29267.75,29217.5,29223
1784691900,29223,29242.5,29190.25,29198.75
1784692800,29199.25,29224.25,29188,29213.75
1784693700,29213.75,29239,29212.5,29233.25
1784694600,29233,29234,29209,29217.75
1784695500,29217.25,29222.25,29193.5,29221.75
1784696400,29222.25,29226.5,29179.25,29187.25
1784697300,29187,29196.75,29165.25,29165.75
1784698200,29166,29185.75,29145.25,29148
1784699100,29148,29178.25,29140.25,29173.25
1784700000,29172.5,29173,29124.75,29133.25
1784700900,29132.75,29132.75,29060,29079.25
1784701800,29078.75,29116,29067.5,29102.5
1784702700,29102.5,29103,29062.75,29092.75
1784703600,29092.5,29102.5,29050.5,29097.5
1784704500,29098.25,29124.5,29084,29118.5
1784705400,29118.5,29124.25,29026,29065
1784706300,29064.5,29077.75,29040,29056.25
1784707200,29057.75,29107.5,29038.75,29067
1784708100,29067.5,29105.25,29061.5,29101.75
1784709000,29101.25,29116.5,29079.5,29086.5
1784709900,29086.75,29118,29085.75,29110.5
1784710800,29110,29149.75,29106.5,29131.75
1784711700,29131.75,29146.75,29124.25,29125.5
1784712600,29125.25,29126.5,29096.5,29116.5
1784713500,29115.75,29128.5,29089,29127.75
1784714400,29127.75,29159.75,29118,29120.5
1784715300,29120.25,29168.5,29113.5,29161
1784716200,29162.25,29170,29134.5,29135
1784717100,29135.25,29173.5,29133,29154.25
1784718000,29154.25,29166,29122.25,29123.75
1784718900,29123.75,29135.75,29099,29102.25
1784719800,29102,29114,29017.25,29042.25
1784720700,29042.25,29079.25,29035.75,29054.75
1784721600,29055,29072,29025.25,29045.25
1784722500,29045.5,29047.75,28995,29027
1784723400,29027,29068.5,29026.25,29055.75
1784724300,29056.5,29057,28961.25,29016.75
1784725200,29017,29063.25,29017,29057
1784726100,29056.5,29099,29054.5,29090
1784727000,29090.25,29186.25,29089.75,29179
1784727900,29178.5,29278,29152,29277
1784728800,29276.75,29284.25,29217.25,29236.5
1784729700,29236,29273.75,29196,29219.25
1784730600,29219.25,29261,29172.5,29185.25
1784731500,29185.75,29245,29174,29240.5
1784732400,29240.75,29313.75,29240.25,29306.5
1784733300,29306.5,29342.5,29292,29325
1784734200,29324.5,29335.5,29274.25,29289.25
1784735100,29289.25,29332.75,29289,29330.25
1784736000,29330,29334.5,29312.25,29328.5
1784736900,29328.5,29335.25,29300,29311.25
1784737800,29311.25,29328.5,29283.75,29290.75
1784738700,29290.5,29322,29276.5,29311
1784739600,29311,29330.75,29302.5,29310
1784740500,29310,29321.25,29294.75,29305.75
1784741400,29305.75,29320.25,29280.5,29294
1784742300,29294.25,29298.25,29234.25,29244
1784743200,29244.25,29271,29224.25,29224.25
1784744100,29224.25,29254,29222,29239.25
1784745000,29239.25,29240,29207.75,29228
1784745900,29228.25,29258.75,29224,29245.75
1784746800,29245.75,29257.75,29215,29224.25
1784747700,29224.25,29260.75,29217.25,29253.5
1784748600,29253.5,29254.25,29192.5,29212
1784749500,29211.75,29246,29158,29161
1784750400,29161,29250.5,29119,29249.75
1784751300,29249.75,29260.25,29203.75,29217.5
1784752200,29217.25,29224.75,29183.25,29184.75
1784753100,29184.75,29213,29168.75,29169
1784757600,29107.5,29144,29060,29085.25
1784758500,29085.5,29106.75,29070.25,29082.25
1784759400,29082.5,29089,29040,29045.75
1784760300,29046.5,29084.75,29039,29071.75
1784761200,29072.75,29081,29025.75,29063.25
1784762100,29063.25,29067,29035.75,29058.5
1784763000,29058.5,29098.25,29057.75,29097
1784763900,29096.75,29144,29091.25,29142.75
1784764800,29143,29173,29132,29167.75
1784765700,29167,29256.5,29155.25,29228
1784766600,29227.25,29249.75,29218.25,29234.5
1784767500,29234.25,29283,29229,29256
1784768400,29255.5,29272,29235.5,29268.5
1784769300,29269.75,29273.75,29231.75,29241.25
1784770200,29241.25,29260.5,29180.5,29182.25
1784771100,29182.5,29217.25,29175,29177
1784772000,29176.5,29200.5,29147.5,29149.75
1784772900,29148.75,29155.75,29092.5,29105
1784773800,29104.75,29126.25,29058.75,29068.75
1784774700,29069,29097,29062.5,29091.75
1784775600,29091.25,29097,29030,29053.5
1784776500,29053,29084.5,29040,29084.25
1784777400,29083.5,29117,29071.75,29116.5
1784778300,29116.5,29128,29103,29110.75
1784779200,29111.75,29135.75,29067.25,29135.75
1784780100,29135.5,29162.5,29111.5,29150.75
1784781000,29151,29166,29137,29140.75
1784781900,29141.5,29157.5,29112.5,29124.75
1784782800,29125.75,29129,29100.5,29118
1784783700,29117,29170.5,29098.5,29170.5
1784784600,29170.25,29183.75,29135.5,29148
1784785500,29148.75,29149.25,29078.5,29087.25
1784786400,29087.75,29117,29077.25,29098.75
1784787300,29099,29111.5,29079,29108.75
1784788200,29108,29113.75,29081,29082.5
1784789100,29082.25,29119.75,29074.25,29083.75
1784790000,29084.25,29087.5,28953.75,28994.75
1784790900,28996.5,29038.75,28992.25,29016
1784791800,29016,29020,28937.75,28940.25
1784792700,28940.5,28988.75,28922,28987.75
1784793600,28987,29043.75,28958.5,29035.25
1784794500,29035.25,29061,29017.75,29050.75
1784795400,29049.25,29062,29028.75,29037.5
1784796300,29038.25,29111,29034.25,29102.75
1784797200,29103.25,29137.75,29079.75,29081
1784798100,29081,29103,29077.5,29091.25
1784799000,29091.5,29091.75,29067.5,29075.75
1784799900,29075,29087,29044.5,29054.5
1784800800,29054.5,29067.5,29038,29042.25
1784801700,29042.75,29064,29036.75,29053.25
1784802600,29053.25,29122.75,29046.25,29101.5
1784803500,29101.25,29108.5,29094.25,29102.5
1784804400,29102.25,29107.75,29033.25,29058
1784805300,29056.25,29072,28992.5,28994.5
1784806200,28994.75,29002,28913.25,28925.25
1784807100,28925.25,28984.25,28913.25,28964.75
1784808000,28965.25,28967.25,28915.75,28916.75
1784808900,28918.25,28938,28852.75,28865.75
1784809800,28865.25,28875.5,28769,28788.5
1784810700,28789.5,28805.5,28753.25,28787.25
1784811600,28786.75,28804.75,28715.25,28726.75
1784812500,28727,28731.5,28695.75,28718.75
1784813400,28718,28883.75,28656,28856
1784814300,28856,28868.25,28696,28707.5
1784815200,28708.5,28801.75,28678,28704.5
1784816100,28703.75,28780,28686.75,28732.5
1784817000,28732,28773.25,28625,28644.75
1784817900,28644.25,28671,28577.5,28597
1784818800,28597,28605,28482.75,28494.25
1784819700,28493.5,28569,28448.25,28467.25
1784820600,28467.25,28551.5,28432.5,28494.25
1784821500,28494.5,28590,28478.5,28588
1784822400,28588.25,28644,28573,28629.75
1784823300,28629.75,28715.5,28609.5,28707
1784824200,28707,28739,28682.25,28687.75
1784825100,28687.5,28687.75,28609.5,28641.5
1784826000,28641.25,28662.75,28587.75,28642.5
1784826900,28642.25,28677.5,28614.25,28653
1784827800,28652.75,28656.75,28571,28594.5
1784828700,28594.5,28629.75,28565.5,28567.25
1784829600,28568,28583,28542.25,28559.75
1784830500,28559.75,28584.5,28544.75,28574.75
1784831400,28574.5,28603.25,28545,28550.25
1784832300,28550.5,28579,28524.25,28549.75
1784833200,28549.75,28566.75,28501,28505.25
1784834100,28505.75,28594.75,28504.25,28583
1784835000,28583.25,28595.5,28501.75,28502.75
1784835900,28502.25,28633.25,28485.75,28614.25
1784836800,28614.75,28747,28613.25,28727.75
1784837700,28726.75,28777.5,28718,28769
1784838600,28769.25,28782,28727.5,28736.25
1784839500,28736.25,28747,28725.25,28740.75
1784844000,28708,28709.5,28632.5,28642.25
1784844900,28641.5,28676.75,28622,28662.75
1784845800,28664,28692.25,28662.75,28683.75
1784846700,28684,28732.75,28683.5,28730.25
1784847600,28729.75,28734.75,28687.5,28698
1784848500,28698.25,28708.5,28688.25,28700.25
1784849400,28699.5,28702,28658.75,28687.25
1784850300,28687.5,28710.75,28655.5,28679.25
1784851200,28681,28725,28619.25,28643
1784852100,28643.25,28683.75,28615.5,28644.75
1784853000,28644.75,28676.5,28620.5,28656
1784853900,28655.75,28680,28626.5,28671
1784854800,28672,28701.75,28656,28662.5
1784855700,28663.5,28693.25,28641,28656
1784856600,28656.5,28685.25,28645.25,28664.25
1784857500,28663.75,28673.25,28608.5,28614
1784858400,28613.75,28632,28593.75,28618.25
1784859300,28617.5,28625,28586.25,28594.25
1784860200,28594.25,28598.75,28547.5,28548
1784861100,28547.5,28553.25,28516.25,28519.75
1784862000,28520.25,28546.5,28518.25,28538.75
1784862900,28538.5,28561.5,28521.5,28544.75
1784863800,28545.25,28556,28499.5,28504
1784864700,28504.5,28520,28481,28485.5
1784865600,28486.25,28516.25,28466.25,28485.5
1784866500,28485.75,28556.75,28482,28551.25
1784867400,28550.5,28558,28511.75,28528.75
1784868300,28528.5,28571.5,28519.25,28565
1784869200,28564.75,28600.25,28547.75,28592.75
1784870100,28592.75,28603.25,28570.25,28582.75
1784871000,28583,28595,28566,28591
1784871900,28590.5,28607.25,28543.5,28545.25
1784872800,28546,28549.5,28502.75,28509.25
1784873700,28509.75,28576.25,28508.5,28536.25
1784874600,28535.5,28561,28505,28507.75
1784875500,28507,28547.25,28481.5,28544.75
1784876400,28544.25,28638,28540,28635.5
1784877300,28636.5,28663.5,28622,28652.25
1784878200,28653.25,28658.5,28610,28625.75
1784879100,28626.5,28633.75,28612.5,28615.75
1784880000,28616.75,28619.5,28557,28574.25
1784880900,28573.5,28623,28571.5,28622.5
1784881800,28622,28649.5,28614,28629.75
1784882700,28629.5,28634.25,28608.75,28620.5
1784883600,28621.75,28681.5,28610.75,28642.5
1784884500,28642,28677,28632,28672.75
1784885400,28673.5,28701.5,28662.75,28696
1784886300,28695.75,28704.25,28680.75,28699.75
1784887200,28699.75,28705.75,28658.75,28663.5
1784888100,28663.5,28679.25,28653.75,28667.25
1784889000,28668.25,28685.75,28637.5,28647.25
1784889900,28647,28657,28633,28639.25
1784890800,28639.5,28667,28631.75,28656.5
1784891700,28655.75,28663.75,28636.25,28643.5
1784892600,28642.25,28649,28615.75,28616.25
1784893500,28616,28699,28601,28678.5
1784894400,28677.75,28695.25,28625,28689.75
1784895300,28690,28695,28651.5,28686.75
1784896200,28686.25,28689,28623.25,28628.75
1784897100,28629,28635.75,28588,28591.75
1784898000,28591.5,28602.5,28571.75,28591.75
1784898900,28591.5,28616,28538,28539.25
1784899800,28540,28622.25,28458,28485
1784900700,28484.75,28510.25,28313.25,28323
1784901600,28323.25,28451.75,28305.25,28421.25
1784902500,28421,28432.25,28299,28391.75
1784903400,28391.5,28396.25,28262.75,28287.5
1784904300,28287.75,28461.75,28254.25,28449
1784905200,28448.75,28510,28355,28493.5
1784906100,28493.75,28556.75,28456.5,28500.25
1784907000,28500.5,28577,28483.75,28506
1784907900,28505.75,28583.75,28491.75,28576.5
1784908800,28576.75,28631.25,28548.75,28573.75
1784909700,28574.25,28594,28552.5,28566
1784910600,28565.75,28569.25,28495.25,28499.25
1784911500,28499.25,28511,28460.5,28494.75
1784912400,28494.5,28502.5,28427,28458.75
1784913300,28458.75,28522.5,28440.75,28514.75
1784914200,28514.75,28544.25,28463,28464
1784915100,28464.5,28501.5,28452,28466.5
1784916000,28467,28487,28419.75,28428.5
1784916900,28428.75,28430.25,28333.25,28337
1784917800,28337.5,28346.25,28259,28275.75
1784918700,28276,28328,28269.5,28301.5
1784919600,28301.5,28329.75,28218.5,28221.25
1784920500,28221,28266.5,28212.5,28253.25
1784921400,28253.5,28303,28238.25,28274.5
1784922300,28274.25,28294.75,28223.25,28283.25
1784923200,28283.5,28303.5,28260,28291.25
1784924100,28291.5,28329.25,28291.5,28304.75
1784925000,28304.75,28307.75,28284.75,28305.25
1784925900,28305.5,28313,28289.5,28306.75
1785103200,28501.5,28683,28501.5,28614.25
1785104100,28613,28646.75,28595.5,28623.25
1785105000,28623.25,28642.25,28618.75,28625.75
1785105900,28627.25,28636,28604,28609.75
1785106800,28610.25,28640.25,28596.75,28630.75
1785107700,28631.25,28637.5,28610.25,28617.5
1785108600,28617.25,28669.75,28610,28654.5
1785109500,28654,28733.5,28637.5,28728.25
1785110400,28729,28732.5,28616,28661.75
1785111300,28662.75,28664,28581.25,28617
1785112200,28618,28656.75,28597.5,28598.75
1785113100,28599.5,28656,28595,28597.75
1785114000,28598.75,28635,28566,28573.25
1785114900,28574.25,28581.75,28525.25,28538.75
1785115800,28538.75,28621.5,28535.25,28589.75
1785116700,28589.25,28614.5,28572,28614.25
1785117600,28614.5,28628.25,28587,28608.75
1785118500,28609,28653,28605.25,28639
1785119400,28639.5,28656,28606,28647.25
1785120300,28647.5,28658.25,28611,28614.75
1785121200,28614.75,28646,28603.75,28643.25
1785122100,28643.75,28650.75,28617.75,28619.25
1785123000,28619.5,28636.75,28599.75,28618.75
1785123900,28618.75,28627,28593.25,28613.25
1785124800,28614.5,28625,28597.5,28621
1785125700,28620.5,28647.25,28607.25,28620.5
1785126600,28620,28654,28609.25,28648.25
1785127500,28648,28663.5,28637.5,28644.75
1785128400,28644,28675,28636.75,28670.25
1785129300,28669,28684.5,28664.5,28679.25
1785130200,28679.75,28705.5,28673.75,28686.5
1785131100,28686.5,28704,28681.75,28694.75
1785132000,28694.75,28728.5,28693.75,28717.5
1785132900,28717,28723.25,28693.75,28697.5
1785133800,28697.25,28715,28694.25,28696.75
1785134700,28696.25,28703,28680.25,28693.5
1785135600,28693.25,28729.25,28689,28727.5
1785136500,28727.5,28732,28702,28704.75
1785137400,28705.75,28705.75,28672,28696
1785138300,28695.75,28702,28661.25,28662
1785139200,28662.25,28701,28658.75,28693.5
1785140100,28693.25,28724.5,28677,28720.5
1785141000,28720.5,28744,28702.75,28736.25
1785141900,28737,28749,28724.25,28736.5
1785142800,28736.75,28738.75,28719.75,28725.5
1785143700,28725.25,28739.25,28723.25,28726
1785144600,28726,28748,28718,28746.25
1785145500,28746.25,28763.75,28742.25,28744.5
1785146400,28744.25,28754,28726.75,28738.5
1785147300,28738.5,28748,28730.5,28738
1785148200,28737.75,28751.75,28733.25,28746.5
1785149100,28746.5,28758.75,28739.25,28741
1785150000,28741,28744.5,28708.5,28711.5
1785150900,28712.25,28720.75,28649,28652.5
1785151800,28653.25,28685.5,28645.75,28667
1785152700,28667,28677.25,28659,28672.75
1785153600,28672.5,28697.75,28632.5,28635.75
1785154500,28636.75,28653,28628.75,28650
1785155400,28649,28671.75,28631.25,28670.5
1785156300,28669.5,28693,28666,28691
1785157200,28691,28702.75,28648,28662.75
1785158100,28663,28675.5,28588,28590
1785159000,28591.25,28617,28427.5,28455.25
1785159900,28455.25,28503.75,28341.5,28347
1785160800,28347.5,28372.5,28230.75,28251.75
1785161700,28253,28298.75,28075.5,28086.25
1785162600,28086,28105.5,27938.5,27959.25
1785163500,27959.5,28180.5,27957.5,28170.5
1785164400,28170,28198.75,28121.5,28125.25
1785165300,28125.5,28151.75,28044.5,28072.5
1785166200,28072.75,28085.5,27980.25,28039.75
1785167100,28039.75,28073.75,27995,28062.5
1785168000,28062.5,28154,28057.25,28078.25
1785168900,28078.25,28204.5,28044.5,28154.5
1785169800,28154.25,28196.25,28112.5,28133.25
1785170700,28134,28156.5,28025,28047.25
1785171600,28048,28056.25,27993.75,28034.75
1785172500,28035.25,28043,27986.75,27998.25
1785173400,27998.5,28065,27997.25,28035.25
1785174300,28036.5,28106.25,28013.5,28104.5
1785175200,28104.5,28121.5,28085.25,28100.25
1785176100,28100.5,28105.25,28049.25,28082
1785177000,28081.75,28087.75,28018.75,28083
1785177900,28083.25,28191,28069,28188.25
1785178800,28188,28232.25,28164.75,28201.25
1785179700,28200.75,28244.75,28194.75,28243.25
1785180600,28243.25,28255,28171.75,28176.5
1785181500,28176.5,28205.25,28154.25,28193
1785182400,28192.5,28220,28169.25,28190.75
1785183300,28190.5,28194.75,28174,28194.5
1785184200,28194,28231,28189.75,28207.5
1785185100,28208,28211,28186.5,28210.25
1785189600,28210.5,28229,28155.25,28158.25
1785190500,28157.75,28167.5,28125.25,28129.25
1785191400,28129,28157.75,28124.25,28134
1785192300,28134.5,28149.25,28125,28132.75
1785193200,28131.75,28152.25,28105,28130.5
1785194100,28130.5,28163.5,28117.75,28161.25
1785195000,28161,28161.25,28129.75,28131.75
1785195900,28132.5,28178.75,28120.75,28163.25
1785196800,28164.5,28195,28094.5,28111.5
1785197700,28111,28133,28068.25,28105
1785198600,28104.25,28139.75,28060.25,28121
1785199500,28121.5,28121.5,28055,28071
1785200400,28072,28078.75,27969.25,27992.25
1785201300,27992.5,28078.25,27986.75,28058.75
1785202200,28059,28097,28046.5,28079.75
1785203100,28079.5,28094.75,28007.75,28020.25
1785204000,28021,28024.5,27983.75,27995.5
1785204900,27995.25,28030.25,27972.5,27987.25
1785205800,27987,27989,27951.5,27971.25
1785206700,27971.75,28007.25,27955,27992.75
1785207600,27993,27999.5,27932.5,27967.75
1785208500,27968,28046.75,27963.75,27987
1785209400,27986.5,28063.5,27951.5,28056.5
1785210300,28057.25,28071,28025.75,28048.75
1785211200,28048.75,28049,27978.25,27985
1785212100,27985,28016.75,27970,27973.75
1785213000,27973.5,27983.75,27960.5,27975
1785213900,27974,28003.75,27951.25,27956.25
1785214800,27956.5,27984,27942,27946.25
1785215700,27947.75,27956.5,27914.25,27920.25
1785216600,27919.25,27924.25,27876.75,27897.5
1785217500,27897.25,27924.25,27871.25,27881.25
1785218400,27881.25,27901.5,27839.25,27845.25
1785219300,27845,27908.5,27844.5,27902.25
1785220200,27901.75,27937,27892,27918
1785221100,27918.25,27959,27901.5,27945.75
1785222000,27946,27980.75,27934.25,27971.75
1785222900,27972.5,27988.25,27938.25,27943.25
1785223800,27943,27962,27927.25,27939.75
1785224700,27939.75,27955,27907.5,27932.5
1785225600,27933.75,27948,27879.25,27888.75
1785226500,27888.5,28008,27884.25,28002.5
1785227400,28002.75,28046.5,27974,28037.75
1785228300,28036.75,28052.75,27986,27994
1785229200,27993.25,28015,27981.5,27988.5
1785230100,27989.5,28018.5,27984.5,28013
1785231000,28013.25,28013.5,27966.5,27972.75
1785231900,27972.75,27981,27941.75,27956.5
1785232800,27956.5,27966.25,27947,27952
1785233700,27951.25,27969.75,27933.25,27968.5
1785234600,27967.75,27981.25,27904.25,27931.75
1785235500,27932.75,27952.75,27925.25,27944.25
1785236400,27944,27952.75,27864.75,27869.25
1785237300,27869.25,27958.75,27869.25,27883.75
1785238200,27883.25,27928.5,27849,27862.75
1785239100,27862.75,27974,27859.75,27963.5
1785240000,27962.5,28001.5,27949,27963.25
1785240900,27963.5,28019,27946.75,28010.5
1785241800,28010.5,28028,27955.75,28010
1785242700,28009.5,28034,27978.75,27993.75
1785243600,27993,28027.5,27973.75,28001.25
1785244500,28001.25,28028.5,27937.75,27949
1785245400,27949.75,27993,27728.25,27750
1785246300,27749.5,27797.75,27640.25,27666
1785247200,27662.75,27793,27608,27630.75
1785248100,27630.5,27717.75,27603.25,27706.25
1785249000,27706.25,27793,27668.75,27772.25
1785249900,27771,27892.5,27744.75,27802.5
1785250800,27802.75,27883.25,27767.25,27854
1785251700,27853.25,28010.75,27836.25,27964.5
1785252600,27964.5,28035,27948.75,28031.75
1785253500,28031.5,28062.75,28010.25,28048.5
1785254400,28048,28068.75,27997,28008
1785255300,28007.75,28047,27984.5,27994.75
1785256200,27995.25,28043.75,27954,28032
1785257100,28032.25,28079.75,27992.5,28057.75
1785258000,28058,28066.5,27968.75,27988.5
1785258900,27988,28045.75,27973.25,27996
1785259800,27996.75,28042.25,27949.25,27954.5
1785260700,27954.25,27985.75,27924.5,27974
1785261600,27974.5,27999.75,27915,27917.25
1785262500,27917.75,27948,27912,27926.5
1785263400,27926.5,27963.25,27920,27938.25
1785264300,27937.75,27979.5,27928.75,27972.5
1785265200,27972.25,28021.75,27971.75,27987
1785266100,27986.75,28021.25,27964.25,28017.75
1785267000,28017.75,28024,27941,27954.75
1785267900,27954.5,27988.5,27911.25,27919.5
1785268800,27919,27967.75,27884,27919.5
1785269700,27919.5,27991.75,27910.75,27977.75
1785270600,27977,27984,27936.5,27948
1785271500,27948.5,27963,27935.75,27959.75
1785276000,27962.25,28014,27956,27971.75
1785276900,27972.5,27979,27906.5,27939.5
1785277800,27939,27943,27854.5,27862.75
1785278700,27863,27863.75,27756.5,27757
1785279600,27758,27857.75,27731.5,27841.5
1785280500,27842.25,27891.75,27808.75,27889.5
1785281400,27889.75,28025.5,27883.5,28012.5
1785282300,28012.25,28105,27990.5,28102.75
1785283200,28102.75,28177.25,28076.75,28142
1785284100,28139.5,28165.5,28052,28074.75
1785285000,28074.25,28081.25,28018.5,28070.5
1785285900,28069,28085.25,28000.75,28010.25
1785286800,28011.5,28042,27911.75,27920.75
1785287700,27921.5,28002.75,27896.5,27972.75
1785288600,27973,27982.5,27878.5,27878.5
1785289500,27878.75,27892.75,27784,27785.25
1785290400,27785.75,27869.75,27770,27844.25
1785291300,27844.5,27897,27795.75,27894.75
1785292200,27896.5,27912,27858.75,27887.25
1785293100,27886.25,27890,27823.5,27840.5
1785294000,27839.5,27882,27788,27829.75
1785294900,27830,27841.5,27775.5,27777
1785295800,27777.25,27793.25,27742.5,27773
1785296700,27773,27786.25,27701.25,27717
1785297600,27718,27723.25,27677,27693
1785298500,27692.25,27714,27647.75,27684.25
1785299400,27683.5,27720,27647,27650
1785300300,27651.5,27759.75,27640.5,27757
1785301200,27757.75,27834.75,27735.5,27832.75
1785302100,27833.25,27834,27772.25,27815.75
1785303000,27816,27854.75,27785,27827.5
1785303900,27829,27842.75,27789.5,27794.75
1785304800,27794.5,27799,27736.75,27764.5
1785305700,27764.75,27813,27754.5,27809.75
1785306600,27809.75,27913.5,27809,27909
1785307500,27908,27941.75,27894.25,27929.75
1785308400,27929,27946.5,27897.75,27923.25
1785309300,27923.5,27952.5,27905.25,27946.75
1785310200,27947.25,27963.75,27920.5,27921.25
1785311100,27921.25,27923.75,27890.5,27907.25
1785312000,27906.5,27924.5,27857.25,27861
1785312900,27859.75,27885.25,27819.75,27841
1785313800,27841.5,27929.25,27830.25,27923
1785314700,27923.25,27939.75,27895.75,27904
1785315600,27904,27979,27900.25,27977.5
1785316500,27978.5,27987.75,27950.25,27977.25
1785317400,27977.5,28012.75,27957.75,27999.5
1785318300,28000.25,28060,27998.5,28019.5
1785319200,28019,28046,28003.5,28009.25
1785320100,28010.25,28024.25,27985.5,28017.5
1785321000,28016.25,28023.5,27954,27967.75
1785321900,27967,27970.75,27931.5,27949
1785322800,27949.75,28004.25,27928.5,27992.25
1785323700,27991.25,28024,27983.5,27999.75
1785324600,28000,28008,27960.25,27966.25
1785325500,27965.75,28004,27955.5,28002.75
1785326400,28002.25,28007.25,27934,27940.5
1785327300,27941.25,27948,27852.75,27867
1785328200,27867,27918.75,27844.75,27911.75
1785329100,27911.75,27931.75,27903.25,27908.75
1785330000,27908.5,27917.75,27870,27873.75
1785330900,27872.75,27940,27856.25,27915.75
1785331800,27915,27997,27836.5,27917.25
1785332700,27917.5,27949,27667.75,27734.5
1785333600,27734.75,27827,27636.25,27648.25
1785334500,27649,27696.25,27538.5,27572.5
1785335400,27572,27652.25,27510,27537.5
1785336300,27537.5,27615.5,27517.75,27600.25
1785337200,27600.5,27656.25,27565.5,27577
1785338100,27577.5,27624.25,27546,27555.75
1785339000,27555.5,27596,27518.5,27533.75
1785339900,27533.5,27566.75,27464.5,27519
1785340800,27518.25,27540,27418.75,27420
1785341700,27419.75,27556.75,27409,27551
1785342600,27551.75,27586,27484,27504
1785343500,27503.5,27603.5,27490,27603.5
1785344400,27603.25,27737.25,27595,27736
1785345300,27736.5,27749.75,27650,27650.5
1785346200,27651,27695.75,27629.25,27680
1785347100,27681,27728,27655,27721.75
1785348000,27723,27889,27717.75,27799
1785348900,27800.25,27843.5,27727.75,27777
1785349800,27776.75,27987.75,27703.75,27974.5
1785350700,27974.5,28097,27960.25,28057.75
1785351600,28057.25,28099.75,27839.25,27905.5
1785352500,27905.5,27938.75,27641,27711
1785353400,27711.25,27744,27459,27473.75
1785354300,27473.75,27511,27317.5,27336.5
1785355200,27336.25,27361.75,27200,27299.25
1785356100,27300,27339,27208,27242.5
1785357000,27241.75,27333.25,27205.75,27312.5
1785357900,27313.5,27321.75,27259.75,27259.75
1785362400,27208,27489.75,27204.75,27435.5
1785363300,27436.25,27484.5,27395.25,27434
1785364200,27434.5,27465.75,27412.75,27458.5
1785365100,27459.5,27478.5,27420.5,27450.5
1785366000,27450,27524.75,27444,27478
1785366900,27478,27541.5,27468.25,27534
1785367800,27533.5,27559.25,27500.75,27523.25
1785368700,27523.25,27555.5,27496,27522.25
1785369600,27522.5,27607.5,27472.25,27579
1785370500,27579.25,27603,27550,27594
1785371400,27594.25,27611.5,27489,27506.25
1785372300,27506.5,27550.5,27490,27546.5
1785373200,27547.5,27660.5,27533.75,27570
1785374100,27570.5,27648,27563.75,27638.25
1785375000,27638,27694,27635,27677
1785375900,27677,27697,27647.5,27651
1785376800,27651.25,27687.75,27629.5,27637
1785377700,27636.5,27653.25,27603.25,27611.75
1785378600,27612.25,27613.5,27559.25,27610
1785379500,27610,27630.75,27539,27540.75
1785380400,27541.5,27577.25,27486,27498.25
1785381300,27498.75,27524.25,27471.5,27515.5
1785382200,27516,27557.5,27480.5,27532
1785383100,27531.5,27563.5,27517,27529.75
1785384000,27532.25,27545.25,27481.25,27485.25
1785384900,27485.25,27542,27459.25,27535
1785385800,27534,27543.5,27460.5,27471.25
1785386700,27471,27513,27435,27446.75
1785387600,27447.5,27458,27420.5,27456.75
1785388500,27457.5,27499.75,27452.75,27478.25
1785389400,27478.5,27527.5,27465,27521
1785390300,27521.75,27547.25,27463.75,27487.75
1785391200,27487.25,27506.25,27458.75,27468.5
1785392100,27467.75,27498.75,27447,27481
1785393000,27481,27485.25,27433.75,27435.5
1785393900,27435.25,27463.75,27414.5,27434.5
1785394800,27434.75,27521.5,27415,27477.5
1785395700,27478.5,27483.5,27395.25,27409.5
1785396600,27409.75,27448.25,27351.75,27431.5
1785397500,27433,27443.25,27390.5,27395
1785398400,27393.5,27456.75,27337,27437.5
1785399300,27436.75,27522.75,27424,27507.75
1785400200,27508,27527,27488,27494.5
1785401100,27494.25,27511.75,27460.5,27485.25
1785402000,27485.5,27556.25,27470.75,27534.5
1785402900,27536.25,27575,27524.5,27554.25
1785403800,27554.25,27586,27537,27544.5
1785404700,27544.5,27556,27513.5,27517
1785405600,27516.25,27564,27488,27542.25
1785406500,27543,27629.5,27541,27617.25
1785407400,27617,27646.75,27606,27631.75
1785408300,27631,27648,27610.5,27618.25
1785409200,27618.5,27686.5,27612.75,27665.75
1785410100,27665.75,27723.75,27661,27714.5
1785411000,27715.25,27727,27673.5,27700.75
1785411900,27701.5,27745,27700.5,27724.25
1785412800,27724.25,27766,27695.5,27762.5
1785413700,27762.75,27766,27714.25,27741
1785414600,27738.75,27805,27715,27776.75
1785415500,27776.5,27819.75,27762.75,27806.25
1785416400,27806,27876.75,27793.25,27840
1785417300,27839.75,27883.75,27831.25,27876
1785418200,27876.75,27996.25,27813.25,27977
1785419100,27977,28155,27973.25,28151.25
1785420000,28150.5,28183.75,28067,28107.75
1785420900,28107.25,28240,28080,28225.75
1785421800,28226,28245.75,28160.25,28175.25
1785422700,28175.25,28196,28022.75,28070.75
1785423600,28070.75,28138,28012,28024.25
1785424500,28024.5,28099.5,27995.5,28010.25
1785425400,28010.25,28109.25,28001,28089.5
1785426300,28090,28133.75,28048.5,28078.5
1785427200,28079,28189.75,28059.5,28186
1785428100,28186,28192.75,28140.25,28143.5
1785429000,28144.25,28150.25,28055.25,28068.75
1785429900,28068.25,28137,28066,28126.75
1785430800,28126.25,28184.25,28126.25,28158.5
1785431700,28158.75,28208.5,28156,28169
1785432600,28169.25,28198.5,28138.5,28188.25
1785433500,28188.25,28207.5,28165.5,28177.25
1785434400,28177.75,28205.5,28167.5,28200.25
1785435300,28200.5,28203.75,28160,28182.5
1785436200,28183.5,28199.25,28147.75,28167.25
1785437100,28167,28189.75,28154.5,28181.25
1785438000,28181,28295.75,28180,28274.5
1785438900,28273.75,28298,28241.5,28243.75
1785439800,28243.75,28258.25,28219.5,28232.5
1785440700,28232.5,28263,28202.25,28230
1785441600,28229.5,28365.5,28203.75,28325
1785442500,28324,28369,28322.25,28364.75
1785443400,28365.5,28410,28311,28361
1785444300,28361,28363.75,28323.25,28333.5
1785448800,28317.25,28416.5,28304.25,28385
1785449700,28384.25,28407,28350,28354.25
1785450600,28352.75,28406,28332,28402.75
1785451500,28403,28410,28388,28394.25
1785452400,28393.25,28425.5,28377,28384.25
1785453300,28384,28396,28361.25,28378.25
1785454200,28379.25,28422,28357.75,28406
1785455100,28406.25,28445.75,28391.25,28423.5
1785456000,28422,28476.25,28395,28468
1785456900,28467.5,28488.25,28447,28483
1785457800,28481.75,28510,28480.5,28499
1785458700,28499.25,28525,28468.5,28522
1785459600,28522.75,28570,28522.75,28561
1785460500,28560.25,28580,28542.75,28550
1785461400,28549.5,28559.25,28488.5,28497.5
1785462300,28498,28500.25,28455,28476.75
1785463200,28477.75,28499.75,28433,28437.25
1785464100,28437.75,28439,28400.5,28422.5
1785465000,28422,28433.5,28389.75,28420.75
1785465900,28420,28438.5,28397.75,28432.25
1785466800,28431.5,28436.25,28396,28418.5
1785467700,28417.75,28476.5,28416.25,28464.5
1785468600,28464.5,28478.75,28452,28463
1785469500,28462.25,28471,28427.25,28458.75
1785470400,28459,28467.25,28421.75,28462.5
1785471300,28463,28512.25,28451.75,28511
1785472200,28510.75,28553,28507,28551
1785473100,28550.75,28557,28535.5,28549
1785474000,28549.25,28570,28538.25,28557.25
1785474900,28558.25,28582.75,28551.75,28573
1785475800,28572.75,28586.5,28540.25,28551
1785476700,28551.5,28592,28548.75,28586.25
1785477600,28585.75,28612.25,28576.5,28607.25
1785478500,28607.5,28611,28580.5,28590.75
1785479400,28590,28593.5,28457.5,28485
1785480300,28485,28512,28450.25,28486.25
1785481200,28485.5,28543,28455,28536.25
1785482100,28535.5,28574.25,28505,28547.25
1785483000,28546.25,28574.25,28533.75,28565.75
1785483900,28566.5,28584,28542.75,28573.25
1785484800,28573.75,28590.75,28523.75,28578
1785485700,28578.25,28609,28564.5,28598
1785486600,28598.25,28611.25,28560.75,28567.75
1785487500,28568.25,28608,28563,28602.5
1785488400,28602.75,28642,28597.75,28628.5
1785489300,28628.5,28631.25,28584.25,28589.75
1785490200,28589,28592.25,28534,28552.25
1785491100,28552.5,28569.5,28529.25,28532.25
1785492000,28531.5,28565,28519.25,28555.25
1785492900,28555.5,28584,28546.25,28572.25
1785493800,28572.75,28583.5,28561.5,28578.5
1785494700,28578.75,28592,28550.25,28565.25
1785495600,28565,28626,28563,28596.5
1785496500,28595.5,28599.25,28547,28555
1785497400,28555.5,28560.75,28522.25,28537.5
1785498300,28538.75,28561.5,28531.75,28553.5
1785499200,28554.75,28555.75,28476,28480.75
1785500100,28480.25,28507.5,28447.75,28495.25
1785501000,28494.75,28503.5,28432,28452.5
1785501900,28452.75,28491,28437.75,28468
1785502800,28467.75,28530.75,28456.5,28529.75
1785503700,28529.75,28584.25,28528.25,28576.75
1785504600,28576.25,28725.75,28415,28419.25
1785505500,28420,28473.25,28294.75,28359.5
1785506400,28359.75,28392,28100.25,28137.5
1785507300,28136.75,28258.5,28079.75,28250.75
1785508200,28249.5,28295.75,28210.75,28269
1785509100,28268.25,28347.25,28236,28307.75
1785510000,28308.5,28342.5,28214.75,28269.75
1785510900,28270,28339,28121.75,28151.5
1785511800,28151.25,28260.5,28115.5,28214.75
1785512700,28215.25,28295.25,28165.25,28273.75
1785513600,28273.75,28309,28242,28300.5
1785514500,28301,28364,28256,28364
1785515400,28363.75,28389,28313.75,28321.25
1785516300,28321.5,28391,28308,28366.75
1785517200,28367.25,28412,28359.75,28403
1785518100,28403,28477.75,28395.5,28462.25
1785519000,28462.25,28502.75,28443.25,28456.25
1785519900,28456.25,28475.75,28416,28429
1785520800,28428.75,28460,28395.25,28402.25
1785521700,28403,28446.75,28398,28422.25
1785522600,28422.25,28449,28415.25,28432.75
1785523500,28432.75,28461.75,28416.25,28433.75
1785524400,28433.5,28458.75,28405.25,28432.5
1785525300,28433,28498.5,28426.5,28475.25
1785526200,28475,28485,28434.25,28477.25
1785527100,28477.5,28524.5,28383.5,28403
1785528000,28402.5,28436,28340.5,28393.75
1785528900,28393.75,28395.5,28360.25,28371.75
1785529800,28371,28400.5,28355.75,28381.5
1785530700,28381.5,28386.75,28266,28284
1785708000,28567.5,28642,28550,28623.75
1785708900,28623.75,28633,28580.5,28613.5
1785709800,28613.5,28624.25,28595,28599.5
1785710700,28599.25,28605.5,28560,28570.5
1785711600,28570,28591.25,28541.5,28557.5
1785712500,28557.5,28598,28553,28585.25
1785713400,28585.5,28622,28573.75,28604.25
1785714300,28604.25,28637.75,28559,28613.5
1785715200,28611.75,28614.75,28554.25,28610
1785716100,28610,28630.25,28536.5,28555
1785717000,28554.25,28611.25,28542,28582.5
1785717900,28583,28627,28572,28622.25
1785718800,28622.25,28635,28584,28591.75
1785719700,28592.5,28615.75,28564,28608.25
1785720600,28607,28630,28578.25,28629.25
1785721500,28630,28650,28618,28643.75
1785722400,28644.25,28668.75,28631,28663
1785723300,28663,28680.75,28634.5,28640
1785724200,28639,28670,28634.5,28644.75
1785725100,28644.5,28666.25,28638.75,28660.75
1785726000,28661.5,28676,28657.25,28664.25
1785726900,28664,28676.25,28641.25,28646.75
1785727800,28647.25,28674.5,28640.5,28671.75
1785728700,28672.25,28698.25,28664.75,28670.5
1785729600,28670,28673,28652.5,28661.75
1785730500,28661.25,28688.5,28660.75,28682.5
1785731400,28682,28686,28667,28674.5
1785732300,28675,28689.5,28647.25,28651
1785733200,28651,28667.5,28632.5,28639.5
1785734100,28638.75,28649,28622.5,28638
1785735000,28638.25,28652,28628,28634.75
1785735900,28634.75,28647.75,28617.5,28641.75
1785736800,28642,28661.25,28631,28641.75
1785737700,28641.25,28651.75,28617.75,28625.75
1785738600,28625.75,28645.75,28610,28610.5
1785739500,28610.5,28618,28576,28592.75
1785740400,28593.5,28635.25,28562.75,28619
1785741300,28619,28631,28569,28603.25
1785742200,28602.75,28616.25,28560,28563
1785743100,28563.5,28590,28558,28587.5
1785744000,28587.5,28592,28519,28562.25
1785744900,28562,28564.5,28473,28487.5
1785745800,28487.75,28554.75,28472,28536
1785746700,28536,28595.5,28527.25,28593.75
1785747600,28594,28601.5,28543,28558.5
1785748500,28559.25,28582.25,28547.25,28556.5
1785749400,28556,28581,28543,28544.5
1785750300,28545.5,28563.5,28520.5,28558.5
1785751200,28559.25,28566,28525.25,28527.25
1785752100,28526.25,28540.75,28488.5,28509.5
1785753000,28508.75,28532.5,28490,28527
1785753900,28527.75,28547.75,28513.5,28541
1785754800,28542.25,28547.25,28466.5,28488
1785755700,28488,28513,28468.75,28469.75
1785756600,28469,28513.5,28450.5,28475
1785757500,28474.5,28477.5,28403.5,28420
1785758400,28419.5,28435.75,28382.75,28435.5
1785759300,28435.75,28462,28421.5,28449.75
1785760200,28450,28487.75,28437.25,28487.5
1785761100,28487.5,28491.5,28441,28459.25
1785762000,28459.75,28478.25,28439,28460.25
1785762900,28460.75,28496.5,28396,28417
1785763800,28417.5,28540.25,28313,28492.25
1785764700,28494,28629.25,28443.75,28629.25
1785765600,28624.25,28630,28525,28571
1785766500,28570.5,28684.75,28555.5,28678.25
1785767400,28677.75,28735.75,28661,28707.75
1785768300,28707.5,28805,28699.5,28802
1785769200,28801.25,28802.25,28747.25,28757.5
1785770100,28757,28798.75,28723.25,28734.75
1785771000,28734.25,28789.75,28731.5,28782
1785771900,28782,28813,28776,28792
1785772800,28792.25,28827.5,28790.25,28814.25
1785773700,28813.75,28847.5,28812.25,28837
1785774600,28837,28845,28810,28834
1785775500,28834,28843,28819.5,28821.75
1785776400,28823,28863.25,28812.75,28857.5
1785777300,28857.25,28890.5,28855.5,28885.5
1785778200,28885.5,28895,28874,28885.5
1785779100,28885.5,28921.75,28884.75,28917.75
1785780000,28917.5,28965,28917.25,28940.25
1785780900,28940.5,28959.5,28890.25,28892.75
1785781800,28891.75,28914.25,28882.25,28913.25
1785782700,28913.25,28928.75,28892.5,28907.5
1785783600,28907.5,28943.75,28894.25,28900
1785784500,28899.75,28926.75,28898.75,28913.25
1785785400,28912.75,28926,28898.5,28915
1785786300,28915,28935.75,28865.75,28900.75
1785787200,28901.5,28923,28877.75,28911.5
1785788100,28910.75,28942.5,28910,28914.25
1785789000,28913.25,28932.25,28909.5,28929.5
1785789900,28929.25,28933.25,28914.5,28929.25
1785794400,28930,28950.5,28918,28928
1785795300,28928,28948.25,28928,28942.75
1785796200,28942.75,28962.25,28932.25,28957.5
1785797100,28956.75,28957.5,28940.5,28945.75
1785798000,28945.25,28948.25,28929.5,28938.25
1785798900,28937.5,28958.25,28936.5,28948.75
1785799800,28948,28960,28932,28940.5
1785800700,28940.5,28972.25,28939.5,28971.5
1785801600,28971.25,28979,28925.75,28931.5
1785802500,28931.25,28933.5,28900,28906.25
1785803400,28905.5,28906.75,28864,28892
1785804300,28891.75,28909,28868.5,28877.25
1785805200,28876.75,28876.75,28831.5,28860
1785806100,28859.25,28902.5,28851.25,28902
1785807000,28902.75,28943.75,28899,28942.5
1785807900,28942.25,29049.25,28941.5,29041
1785808800,29041.25,29045,28967.5,28971
1785809700,28970.25,28978,28942.75,28949.25
1785810600,28948.75,28994.25,28948,28985.5
1785811500,28987,28992.25,28958.5,28972.75
1785812400,28972.5,28993,28932,28942.5
1785813300,28943,28986.25,28930,28977
1785814200,28977.5,29005,28957.5,28968
1785815100,28967,29008,28958,28995.5
1785816000,28995.75,29006.25,28968.5,28977.25
1785816900,28977.5,29016.75,28974.25,29007
1785817800,29007.75,29015,28995,28999
1785818700,28999,29023.5,28994.25,29015.75
1785819600,29016,29022.25,28978.5,28988
1785820500,28987.5,29030.5,28982.75,29025.75
1785821400,29026.5,29074.75,29024,29058.25
1785822300,29058,29074.5,29043.5,29072.75
1785823200,29073,29094,29067,29089
1785824100,29089,29099,29076.25,29081.75
1785825000,29081.75,29089.5,29042.25,29054.5
1785825900,29055.5,29074.25,29051,29072.75
1785826800,29072,29100.75,29037.25,29069.25
1785827700,29069.75,29109,29062.5,29099
1785828600,29099,29118.25,29074.25,29081.5
1785829500,29081.5,29109.75,29065.75,29070.75
1785830400,29072.25,29124.75,29067,29108.5
1785831300,29108.75,29132.25,29096.75,29111.5
1785832200,29110,29111,29060,29068.75
1785833100,29068.75,29077.75,29037.75,29069.25
1785834000,29069,29069.25,29012,29033.5
1785834900,29033.25,29045.75,29007.5,29045.25
1785835800,29046,29081,29042.25,29077
1785836700,29076.75,29086,29058,29077.75
1785837600,29077.5,29112,29066,29106
1785838500,29106.25,29115.75,29086.5,29095.5
1785839400,29096,29131.5,29073.5,29121.5
1785840300,29120.5,29145.5,29103.75,29116.5
1785841200,29116.75,29149.5,29114,29143.75
1785842100,29144.5,29171.5,29139.5,29170.5
1785843000,29170.75,29212.5,29151,29204.25
1785843900,29204.75,29246,29189.75,29237.75
1785844800,29237.25,29238.5,29199.75,29206
1785845700,29205.75,29234.25,29204.5,29222
1785846600,29222,29230.25,29197.75,29219.25
1785847500,29219.5,29222.5,29186.5,29202.75
1785848400,29203,29235.75,29185,29230.75
1785849300,29230.5,29284,29218,29233.75
1785850200,29234.25,29452.5,29208,29411.5
1785851100,29411.25,29504.5,29410.25,29469
1785852000,29466.75,29544,29432.5,29540.25
1785852900,29540.5,29564.25,29482.25,29559
1785853800,29558.75,29579.25,29515,29557
1785854700,29557.5,29562.75,29523.25,29549.5
1785855600,29549.5,29624.75,29544,29619
1785856500,29619.25,29664.5,29613.25,29639.75
1785857400,29639.5,29681.75,29621.75,29676.75
1785858300,29676.5,29697,29667.25,29671.25
1785859200,29671.25,29699.5,29660.75,29675.25
1785860100,29674.5,29720,29673.75,29706.5
1785861000,29706.5,29731.5,29695,29726.25
1785861900,29726.25,29746.25,29726.25,29743
1785862800,29742.75,29799.75,29739,29796.5
1785863700,29797,29826,29780.25,29818.75
1785864600,29819,29865.75,29800.25,29865.25
1785865500,29865.5,29898.25,29832,29834.5
1785866400,29835,29860.25,29809.5,29859.25
1785867300,29859,29884.25,29855.25,29879.75
1785868200,29879.75,29893,29840,29853.75
1785869100,29854.75,29895.75,29854.25,29881
1785870000,29881.5,29936.5,29878.25,29926.75
1785870900,29926.25,29945.75,29888.5,29900.5
1785871800,29900.5,29951.75,29889,29950
1785872700,29950,29956.5,29847.5,29874.75
1785873600,29875.25,29949.5,29851.25,29915.5
1785874500,29877.5,29879.75,29757.75,29792.25
1785875400,29792.5,29817.5,29764.5,29797.25
1785876300,29797,29827,29785.25,29819
1785880800,29781.25,29837.25,29775.5,29835.25
1785881700,29835,29844.25,29810.25,29833.25
1785882600,29833.25,29841.75,29794.25,29800
1785883500,29800.5,29828.5,29793,29826
1785884400,29826.25,29849.25,29809.25,29837.75
1785885300,29838.5,29846,29816.25,29825
1785886200,29825,29845,29802.75,29842.75
1785887100,29843,29857.25,29825.25,29835.5
1785888000,29835.25,29863.5,29818.75,29857
1785888900,29857.25,29864,29834.25,29862.5
1785889800,29862.5,29877.5,29837.75,29838.75
1785890700,29838,29862.25,29812.5,29848.5
1785891600,29848.75,29861,29816.5,29840.5
1785892500,29840.25,29842.75,29796.75,29819.75
1785893400,29819.5,29845,29810.75,29833.75
1785894300,29833.75,29887,29833.5,29869.75
1785895200,29869.5,29889,29862.5,29871.25
1785896100,29871,29876.25,29850,29853.75
1785897000,29854.25,29862.5,29842.25,29859
1785897900,29859.25,29875,29855,29860.25
1785898800,29860,29890.75,29853.5,29883.75
1785899700,29883.75,29892.75,29863.5,29864
1785900600,29864.75,29891.25,29858.5,29885.5
1785901500,29885.5,29894.25,29867.75,29889.75
1785902400,29889.25,29898.25,29882,29884
1785903300,29883.25,29884.25,29859.25,29871
1785904200,29870.75,29909.5,29869,29904.75
1785905100,29905,29916.75,29883,29903.25
1785906000,29902.5,29940.5,29894.5,29936.5
1785906900,29937,29949,29934,29936.75
1785907800,29937,29945,29920.25,29941.75
1785908700,29941.5,29986.75,29940.75,29980.25
1785909600,29980.25,29990.75,29961,29980.75
1785910500,29980.5,29983.25,29925.25,29929.5
1785911400,29929.25,29964.75,29925.25,29939.25
1785912300,29939.75,29972,29936,29970
1785913200,29969.75,29987.25,29936.5,29951
1785914100,29951,29954.75,29901.25,29907.5
1785915000,29907.5,29920,29884,29886.75
1785915900,29886.5,29913.25,29885,29903.5
1785916800,29903,29926,29853.75,29864.25
1785917700,29864.75,29873.75,29820,29834.75
1785918600,29835,29844,29798.25,29812.75
1785919500,29813.25,29843.75,29796.75,29837.5
1785920400,29837.25,29854.5,29820.25,29833.25
1785921300,29833.75,29864,29814.5,29862
1785922200,29862,29889,29860,29883.25
1785923100,29882.75,29894.5,29852.5,29858.25
1785924000,29857.5,29871.75,29833,29840
1785924900,29840,29866.5,29836,29857.25
1785925800,29858,29872,29849.25,29857.5
1785926700,29857.5,29870.5,29833.75,29864.25
1785927600,29863.75,29921.25,29863.75,29904.25
1785928500,29904.25,29923.25,29896.75,29900.25
1785929400,29901,29931.75,29890.5,29915.75
1785930300,29915.5,29943.75,29903,29919.5
1785931200,29920,29926,29892.25,29918.75
1785932100,29919,29939.75,29900,29934.75
1785933000,29935,29947,29888.5,29942.5
1785933900,29942.5,29946.5,29908,29915.5
1785934800,29915,29950,29915,29929.5
1785935700,29929.75,29978.25,29895.75,29975.25
1785936600,29974.75,30059,29909.5,30050.25
1785937500,30052.25,30073.25,29966.75,30049.5
1785938400,30048.25,30048.25,29918,29998.5
1785939300,29998,30026.5,29901,29915.25
1785940200,29915.25,29918.75,29824.75,29862.25
1785941100,29862,29907.5,29787.75,29848
1785942000,29848.75,29891,29825,29839
1785942900,29839,29850.75,29762.25,29809.75
1785943800,29808.75,29861.75,29805.25,29819.75
1785944700,29819.5,29820,29712.75,29738
1785945600,29737.75,29765.75,29701.75,29731.75
1785946500,29731.25,29833.5,29719.5,29829.25
1785947400,29829.25,29840,29769.75,29788.25
1785948300,29789,29825.75,29778,29809
1785949200,29809.25,29819.75,29743.75,29766.75
1785950100,29766.25,29781.75,29740,29754.5
1785951000,29754.5,29778.75,29735,29757.25
1785951900,29756.25,29774.5,29734.25,29757
1785952800,29756.25,29786.25,29752.5,29762
1785953700,29762,29782,29755.5,29776.5
1785954600,29776,29776.75,29727,29742.25
1785955500,29742,29766.25,29722.75,29726.25
1785956400,29727.25,29778.5,29718,29773.75
1785957300,29774.25,29780,29753.5,29756.5
1785958200,29756.25,29763.5,29706,29711.75
1785959100,29710.75,29733,29593,29606.75
1785960000,29607.25,29618.5,29530.75,29604.5
1785960900,29605,29618,29560,29569.75
1785961800,29571,29603.5,29566.25,29598.5
1785962700,29598.75,29607,29576.25,29594.75
1785967200,29576,29597,29560,29572.25
1785968100,29571.25,29638.5,29570.75,29627.75
1785969000,29627.25,29670.75,29623,29655
1785969900,29654.5,29678.75,29617,29621.75
1785970800,29622.5,29636.25,29611.75,29630.75
1785971700,29630.75,29650.5,29616.5,29628.25
1785972600,29628.25,29636.75,29575.75,29587.5
1785973500,29587.5,29589.75,29566.5,29583.75
1785974400,29584.25,29601.25,29546.25,29581.25
1785975300,29580.75,29608.75,29553.5,29561
1785976200,29561,29587.25,29548,29560
1785977100,29560,29580.75,29535.25,29539
1785978000,29538.5,29541.25,29501.75,29521.75
1785978900,29522.5,29523,29454.25,29473.5
1785979800,29473.5,29509.75,29469,29474.75
1785980700,29475,29519,29472.75,29498
1785981600,29497.75,29556.75,29487.75,29541.75
1785982500,29542,29578.5,29535.5,29548.25
1785983400,29548.5,29618.75,29529.25,29616.75
1785984300,29617,29621,29585.25,29594
1785985200,29593.75,29608.75,29571.25,29578.25
1785986100,29579,29585.75,29535,29543.5
1785987000,29543,29563.75,29522.75,29553
1785987900,29552.25,29584.75,29539.75,29581.75
1785988800,29581.75,29584,29535.25,29556.5
1785989700,29556.25,29597.75,29556.25,29586
1785990600,29585.5,29600.5,29544.75,29555.5
1785991500,29556,29577.25,29543.5,29575
1785992400,29575,29596,29557.75,29582
1785993300,29581.25,29594,29565,29579.5
1785994200,29578.5,29583.75,29548.75,29583.25
1785995100,29583,29584.25,29544.25,29580.25
1785996000,29580.25,29581.5,29499,29506
1785996900,29506.5,29549,29484,29547
1785997800,29546.5,29548.75,29494,29504.75
1785998700,29504.25,29528.5,29486.25,29521.5
1785999600,29520.75,29564,29506,29551.5
1786000500,29552,29562.75,29525.25,29536.75
1786001400,29537.75,29542.25,29501.75,29517.25
1786002300,29517.5,29538,29500,29506.25
1786003200,29506.75,29525.5,29444.25,29460
1786004100,29460.25,29514,29446.75,29508
1786005000,29509.25,29532.75,29500.5,29503.75
1786005900,29503,29524.5,29489.75,29517.25
1786006800,29518,29518.5,29437.75,29449.25
1786007700,29448.5,29494,29446.5,29482.5
1786008600,29483.25,29499,29475.25,29489
1786009500,29489,29531,29489,29526.75
1786010400,29526.25,29537.5,29495,29503.75
1786011300,29503.75,29526.5,29492.75,29517.5
1786012200,29517.5,29519.5,29474.75,29480
1786013100,29480.5,29493.25,29466.25,29485.5
1786014000,29484.5,29488.25,29364.75,29419.25
1786014900,29419.5,29474.5,29417.5,29469
1786015800,29469.25,29516,29468.5,29493.5
1786016700,29494,29512,29439.25,29466.25
1786017600,29465.75,29476.25,29409,29412
1786018500,29413,29451.75,29388.25,29432
1786019400,29432,29462.75,29413,29432
1786020300,29432.25,29440,29389,29399
1786021200,29399.5,29404,29350,29351.25
1786022100,29352,29367.25,29327.5,29334.75
1786023000,29335.25,29473.25,29241,29457.75
1786023900,29457.75,29551,29447.25,29528
1786024800,29528.25,29619.25,29487.75,29608.5
1786025700,29608.25,29666.5,29563.5,29587
1786026600,29587.5,29651.25,29545.5,29583.5
1786027500,29583.5,29658.75,29532.75,29657.25
1786028400,29656.5,29686.25,29598.75,29645.5
1786029300,29646,29663.25,29564,29607.75
1786030200,29607.5,29627.75,29533.25,29534.75
1786031100,29534.5,29625.5,29505.75,29516.25
1786032000,29516.5,29542.75,29478.5,29488
1786032900,29488.75,29505,29448.75,29471.25
1786033800,29471.75,29527.75,29461,29478.75
1786034700,29478,29558.25,29468,29556.75
1786035600,29556.75,29574.25,29515.5,29523.75
1786036500,29524.25,29552.75,29512.25,29528
1786037400,29527.75,29543,29493.25,29509.5
1786038300,29509.75,29533.75,29494.5,29529.25
1786039200,29528.75,29547.25,29505.75,29543.25
1786040100,29543,29576,29498.5,29557.25
1786041000,29557,29560.75,29500.75,29520.5
1786041900,29521,29537,29506,29515.75
1786042800,29515.75,29570.75,29510,29535.75
1786043700,29536,29551.25,29496,29508.5
1786044600,29507.75,29546,29488.75,29503.75
1786045500,29503.75,29536.25,29475,29497.25
1786046400,29496.75,29551.5,29496.25,29536
1786047300,29536,29549,29482.75,29493.5
1786048200,29493.5,29504.75,29480,29494
1786049100,29494,29507,29487.25,29504.5
1786053600,29515,29580,29494,29572
1786054500,29572.75,29581,29542.5,29549.5
1786055400,29549.5,29562.75,29529.25,29554
1786056300,29554,29568,29546.75,29564.75
1786057200,29564.75,29571,29553.75,29557.75
1786058100,29558.5,29597.5,29558.5,29573.25
1786059000,29574,29589,29562.25,29582.75
1786059900,29582.5,29604,29574.5,29595.25
1786060800,29594.5,29619.25,29562.5,29574.75
1786061700,29575,29575.5,29496.25,29513.75
1786062600,29514,29574.75,29500.5,29539.5
1786063500,29539.75,29573.75,29503.25,29561.75
1786064400,29562,29582.5,29515,29525
1786065300,29525.75,29536,29482.75,29529.25
1786066200,29529.25,29581.5,29493.75,29522.75
1786067100,29521.75,29539.75,29501.75,29526.5
1786068000,29526.75,29548.5,29489.25,29531.25
1786068900,29531,29542.25,29514.75,29526
1786069800,29525.5,29527.5,29476,29499
1786070700,29498.75,29535.75,29493,29525.75
1786071600,29526.25,29549.25,29525.25,29530.25
1786072500,29530.25,29534,29490,29503.75
1786073400,29504,29522.75,29496.5,29506
1786074300,29506.5,29513,29485.5,29487.75
1786075200,29488.75,29501.5,29463.75,29478.5
1786076100,29478.75,29517.25,29455,29508
1786077000,29508.75,29525.75,29492.25,29494.75
1786077900,29494.25,29513.25,29488.75,29509.5
1786078800,29508.75,29557,29505.5,29538.25
1786079700,29538.25,29555,29536.5,29547.5
1786080600,29547.25,29551,29519.25,29533.5
1786081500,29533.75,29538.75,29522,29522.75
1786082400,29523.25,29564.5,29520.5,29559.75
1786083300,29559.25,29584.75,29543.75,29581
1786084200,29580.5,29582.5,29539.25,29545.75
1786085100,29545,29555,29536.75,29552.75
1786086000,29552.25,29592.75,29531.75,29592.75
1786086900,29592.25,29593,29574.5,29588
1786087800,29588,29591.5,29570,29582.75
1786088700,29583.25,29588.75,29562.25,29583.25
1786089600,29584,29627.75,29583.25,29624.25
1786090500,29624.75,29630,29599,29624
1786091400,29624,29647.5,29609,29625.75
1786092300,29626,29639.25,29615,29633.25
1786093200,29633,29648.75,29625.75,29641.5
1786094100,29641.5,29650.5,29623.75,29634.5
1786095000,29634.25,29647.25,29621,29628.75
1786095900,29628.75,29636.25,29615.75,29617.25
1786096800,29618.25,29629.75,29608.75,29609
1786097700,29609.5,29621.5,29592.25,29621.25
1786098600,29621,29625.75,29609.75,29622.25
1786099500,29621.25,29624.5,29600.5,29607.25
1786100400,29606.75,29648.5,29606.25,29638
1786101300,29637.25,29662,29635.75,29653
1786102200,29653.25,29669.75,29646.75,29665.5
1786103100,29666.25,29666.5,29612,29613.75
1786104000,29614,29673,29604.75,29658.75
1786104900,29658.5,29685.5,29596,29674.5
1786105800,29667.25,29814,29647.5,29802
1786106700,29802,29867.25,29801.75,29843.5
1786107600,29843.75,29851.25,29734,29741
1786108500,29742,29745.5,29686,29714.75
1786109400,29714.5,29813,29683,29787.25
1786110300,29787.5,29821.75,29644.25,29678.75
1786111200,29679,29713,29564.25,29584.75
1786112100,29585.5,29779,29568.25,29761
1786113000,29760.75,29774.75,29660,29676
1786113900,29676,29733.5,29666.25,29720.25
1786114800,29721,29783,29708.75,29759.75
1786115700,29760,29828.75,29746.75,29826.75
1786116600,29826.25,29855,29793.75,29811.75
1786117500,29812.25,29843.25,29796.25,29814.25
1786118400,29814.5,29830.25,29794.25,29799.75
1786119300,29800,29821.5,29689,29714.25
1786120200,29714.25,29761.25,29669,29754.25
1786121100,29754.75,29780.75,29738,29739.75
1786122000,29740.25,29768.5,29726.25,29735.5
1786122900,29735.5,29765,29725.5,29747.75
1786123800,29747.75,29764.5,29727,29745.25
1786124700,29745.5,29759.25,29735,29743.25
1786125600,29743.5,29754.75,29712.75,29721
1786126500,29721.25,29734.25,29702.75,29706
1786127400,29706,29724.5,29678.75,29681
1786128300,29681.5,29731,29676.75,29725.25
1786129200,29724.75,29810,29722.75,29799.75
1786130100,29800.5,29823.25,29791.75,29811
1786131000,29811.25,29812,29772,29779.75
1786131900,29779.5,29860.5,29778,29833.5
1786132800,29833.5,29850.5,29805,29820
1786133700,29820.75,29829.5,29803.75,29804.5
1786134600,29805.5,29826,29802.5,29814.25
1786135500,29814.25,29844,29812.75,29841
1786312800,29851.5,29897,29820,29828
1786313700,29828,29855,29805,29838.5
1786314600,29838.5,29853.25,29814,29836
1786315500,29837,29852.25,29830.5,29844.25
1786316400,29845,29876.5,29833,29861.75
1786317300,29861.75,29881.75,29855,29863.5
1786318200,29864,29865.75,29834.25,29862.25
1786319100,29863,29873.5,29827.75,29829.75
1786320000,29829.25,29906.5,29797.75,29892.25
1786320900,29892.25,29899.75,29839,29847
1786321800,29846.25,29865.5,29800,29806.75
1786322700,29806.75,29831.25,29788,29803
1786323600,29802.5,29855,29791.5,29853
1786324500,29852.5,29884.5,29846,29864.25
1786325400,29864.5,29881.25,29841.25,29875.5
1786326300,29875.25,29895,29871.5,29884.5
1786327200,29885.75,29895.25,29869,29872.25
1786328100,29873.5,29874,29852.25,29870
1786329000,29869.75,29891.25,29848.5,29890
1786329900,29889.5,29899.25,29880.5,29881
1786330800,29881,29892,29868.5,29876.5
1786331700,29876.75,29891.5,29871,29880.5
1786332600,29880.5,29897.75,29873,29897.25
1786333500,29897.25,29899,29870.5,29878.5
1786334400,29878.25,29898,29872,29894.75
1786335300,29895.25,29904,29890.25,29899.25
1786336200,29899.5,29900,29863.75,29886.75
1786337100,29887.5,29902,29872.25,29882.25
1786338000,29881.75,29919.25,29880.75,29917.25
1786338900,29917,29924.25,29909,29910.25
1786339800,29910,29919.5,29903,29905.25
1786340700,29905,29930.5,29899.25,29929.5
1786341600,29929.75,29962,29926.5,29956.5
1786342500,29956.5,29963.75,29907.75,29914.25
1786343400,29913.75,29925,29907,29917.75
1786344300,29918,29924,29904.25,29908.75
1786345200,29908.5,29923.25,29886.75,29913.25
1786346100,29913.75,29953.25,29911,29952
1786347000,29951.5,29969.5,29947.5,29965.75
1786347900,29966,29985,29935.75,29952.75
1786348800,29953,29981.25,29946.5,29962.5
1786349700,29962.5,29973.5,29939,29952.25
1786350600,29953,29972.25,29943.75,29956
1786351500,29955.25,29975.75,29949,29971.75
1786352400,29972,29984.25,29965.5,29976
1786353300,29976,29982.25,29963,29968.5
1786354200,29968.25,29971.75,29936,29944.75
1786355100,29944.75,29952.25,29936,29938.25
1786356000,29939,29959.25,29916,29918
1786356900,29918.25,29952,29915.25,29945.5
1786357800,29945.25,29945.75,29909.25,29919.25
1786358700,29918.5,29938.25,29909.25,29912.75
1786359600,29912.5,29926.25,29851.75,29876.5
1786360500,29876.5,29913,29864.25,29909.25
1786361400,29909,29915,29872.5,29875
1786362300,29874.5,29885.25,29845.25,29871
1786363200,29871.5,29884.25,29843,29846
1786364100,29846,29847.75,29810.25,29822.75
1786365000,29822.25,29829.25,29780.25,29804
1786365900,29804.25,29809.75,29771,29777.75
1786366800,29777.75,29816.25,29771.75,29804.5
1786367700,29804.75,29823.5,29789,29805.5
1786368600,29805.5,29841.25,29719,29775.5
1786369500,29775.25,29832.75,29754.25,29806.75
1786370400,29806.5,29894,29788.25,29881.25
1786371300,29881.75,29900,29801.25,29857.75
1786372200,29857.75,29893,29838.75,29866.25
1786373100,29866.5,29886.25,29776.75,29779.5
1786374000,29779.75,29823.5,29764.75,29793
1786374900,29793.5,29817.5,29753.5,29777.75
1786375800,29777,29809,29741.25,29808
1786376700,29808,29855,29786.5,29844
1786377600,29844.25,29858.75,29811.5,29822
1786378500,29822,29844,29803.75,29810
1786379400,29809.5,29817.25,29730.25,29742.5
1786380300,29742.25,29781,29732.5,29779.75
1786381200,29780,29808.75,29760.25,29800.75
1786382100,29800.5,29811.5,29776,29786.75
1786383000,29786.5,29797.5,29756,29759.75
1786383900,29759.5,29767.5,29744.25,29759.25
1786384800,29759.5,29772.25,29748.25,29751.25
1786385700,29751.5,29756.5,29742.25,29746.75
1786386600,29747.75,29774.5,29742.25,29772
1786387500,29772.5,29784.75,29759.5,29782
1786388400,29782.75,29794.75,29775.5,29789.5
1786389300,29789.75,29796.5,29779.25,29781.75
1786390200,29782.25,29793.5,29770.25,29775.75
1786391100,29776.25,29784.5,29722.75,29744
1786392000,29744.25,29755,29739.5,29744.75
1786392900,29745,29755,29737,29751.25
1786393800,29751.5,29759.5,29743,29757.5
1786394700,29757.75,29770,29755.75,29763.75
1786399200,29764.25,29788.5,29752.25,29761
1786400100,29761.5,29763.75,29732.75,29745.5
1786401000,29746.75,29747.5,29720.25,29724.75
1786401900,29725,29736.75,29724,29732.5
1786402800,29732.5,29734.75,29719.25,29731
1786403700,29731.25,29732,29702.5,29708.25
1786404600,29708.75,29715.75,29701.75,29714.25
1786405500,29713.75,29726.5,29677.75,29703.5
1786406400,29703,29753.75,29666,29748.5
1786407300,29748.5,29765,29724.75,29762.75
1786408200,29762.75,29782.75,29755.75,29779
1786409100,29780,29794.25,29777,29784.75
1786410000,29784.75,29826.25,29764.25,29826
1786410900,29826,29839.75,29809.75,29820
1786411800,29819.75,29828,29810,29822.25
1786412700,29822.25,29842.75,29817,29818.5
1786413600,29818,29830.75,29812,29820.75
1786414500,29820.75,29827.75,29812.75,29823.5
1786415400,29824,29839.75,29823.5,29839.5
1786416300,29839,29846.25,29815,29818.75
1786417200,29818.5,29832.25,29814.75,29821.75
1786418100,29822,29847.5,29817.75,29841.5
1786419000,29841.5,29843.25,29826.25,29832.5
1786419900,29832.75,29843.25,29828.25,29831.75
1786420800,29832.25,29850.75,29832.25,29848
1786421700,29848.5,29854.75,29838.5,29853.5
1786422600,29852.75,29862,29834.75,29838.5
1786423500,29838.75,29847.25,29833.75,29839.25
1786424400,29839.25,29855,29830.25,29852
1786425300,29851.75,29853.5,29813,29814.5
1786426200,29814.75,29829.5,29798.75,29815
1786427100,29815,29817.75,29788.25,29792.75
1786428000,29793.25,29827.5,29787,29819.75
1786428900,29820,29822,29765.75,29771
1786429800,29771,29789.5,29732.25,29783.5
1786430700,29784,29787,29738.25,29754.75
1786431600,29755.25,29770.5,29733.5,29759
1786432500,29758.25,29765,29726,29743.75
1786433400,29744.25,29780,29742.5,29768.75
1786434300,29768.5,29779.5,29752.75,29775.25
1786435200,29774.75,29805.5,29730,29731.5
1786436100,29732.25,29748.5,29718,29733
1786437000,29733,29755,29717.5,29754
1786437900,29753,29763.75,29742,29749
1786438800,29748,29756.25,29718.5,29732.75
1786439700,29732.5,29765.75,29731.25,29759.25
1786440600,29759,29784.25,29755,29768
1786441500,29768,29781.25,29764.25,29769.5
1786442400,29769.5,29774.75,29751.25,29755.75
1786443300,29756,29833.25,29749.5,29821.5
1786444200,29822,29823.75,29801.75,29815
1786445100,29814.25,29828,29811,29817.75
1786446000,29817.25,29887,29817.25,29872.25
1786446900,29871.25,29873.5,29828.5,29834.5
1786447800,29834,29836.75,29810.5,29825
1786448700,29824.75,29835.5,29812,29832.5
1786449600,29832,29864.75,29819,29861.75
1786450500,29862,29871.5,29820.5,29829
1786451400,29829.25,29857.5,29819.75,29846.25
1786452300,29846.25,29853.75,29827.75,29832.25
1786453200,29833,29852,29820.25,29828
1786454100,29828,29846,29813,29839.75
1786455000,29839.25,29842.75,29678.75,29723.5
1786455900,29723.25,29735,29636,29732.5
1786456800,29733,29793,29718.25,29762.25
1786457700,29762.25,29791,29736.75,29777.75
1786458600,29777.25,29785,29723.25,29742.25
1786459500,29742.25,29805,29739.75,29776.25
1786460400,29777.25,29793,29703.25,29712
1786461300,29711.75,29735.5,29697.25,29703
1786462200,29702.75,29719.5,29664,29693.5
1786463100,29693.25,29693.75,29658.25,29663
1786464000,29663,29682,29647,29652.5
1786464900,29652.5,29669.75,29622,29646
1786465800,29646.25,29665.5,29631.5,29636.75
1786466700,29636.75,29643.25,29616,29625.75
1786467600,29626.5,29634.75,29577.25,29578.25
1786468500,29578.25,29618.5,29573,29606.5
1786469400,29606.5,29638.25,29599,29634.75
1786470300,29634.25,29641,29622.5,29629
1786471200,29629,29635.75,29601.25,29607.75
1786472100,29607.75,29614.25,29533.5,29544.25
1786473000,29544.75,29576.75,29540.75,29548.5
1786473900,29548.5,29599.5,29548.25,29582.5
1786474800,29582.5,29614.75,29571.5,29607.75
1786475700,29607.75,29627.25,29601.75,29624.25
1786476600,29624.5,29660.25,29620,29639.75
1786477500,29640,29650,29606.75,29635.5
1786478400,29635.75,29652,29615,29640.25
1786479300,29640.5,29677,29639.25,29674.5
1786480200,29674.25,29677.5,29665,29670.75
1786481100,29670.5,29671.5,29643.5,29647.25
1786485600,29663,29664,29628.5,29658.75
1786486500,29659,29661.5,29650.25,29654.25
1786487400,29654,29667.25,29636.75,29639
1786488300,29639.25,29654,29633.75,29649.75
1786489200,29649.75,29655,29638,29643
1786490100,29642.75,29654.75,29640.5,29652.5
1786491000,29652.25,29653,29636,29640.5
1786491900,29641.25,29665.25,29634,29662.5
1786492800,29662,29671.5,29625,29650
1786493700,29649.75,29676,29638.25,29664.75
1786494600,29665.25,29681.5,29652.5,29661.5
1786495500,29661,29672,29655.5,29667.5
1786496400,29666.25,29681,29659.75,29674
1786497300,29674,29675.5,29639,29663
1786498200,29663,29678.75,29645.25,29678.25
1786499100,29677.25,29684.75,29646,29658.5
1786500000,29658.5,29671,29649.5,29657.75
1786500900,29657.75,29678.5,29654,29677
1786501800,29677.25,29694.5,29675.25,29688
1786502700,29688,29703.75,29687.75,29702.25
1786503600,29702.25,29710.5,29695,29706
1786504500,29705.5,29708.5,29694,29702.75
1786505400,29702.5,29705,29688.5,29691.75
1786506300,29692.25,29701.25,29684,29694.5
1786507200,29694.5,29704,29689,29697
1786508100,29697,29702.75,29689.75,29697.5
1786509000,29697.5,29699.5,29683,29697.25
1786509900,29696.75,29716.75,29691.5,29713.5
1786510800,29714,29714.5,29684.75,29684.75
1786511700,29684.5,29691.25,29668,29688.25
1786512600,29688.75,29708.75,29686.5,29700
1786513500,29699.5,29718.5,29697,29715.5
1786514400,29715,29724.5,29707,29713.75
1786515300,29713.25,29721,29697.75,29709.75
1786516200,29709.5,29730.5,29705.25,29718.5
1786517100,29718.5,29737.5,29717.75,29736.25
1786518000,29736.5,29754.75,29735,29741
1786518900,29741,29748.25,29728,29738.75
1786519800,29738,29744.25,29729.75,29741
1786520700,29741,29751,29730.25,29750.75
1786521600,29751.25,29781.25,29748,29771
1786522500,29771.5,29792.75,29763.5,29785.75
1786523400,29785.5,29787,29762.5,29774
1786524300,29773.5,29799.5,29771,29793.5
1786525200,29794,29812,29793,29808
1786526100,29808.25,29849,29804.25,29823.5
1786527000,29823.5,29839,29822.75,29829
1786527900,29830,29834.75,29802.5,29815.75
1786528800,29815.75,29842.5,29814.5,29838.25
1786529700,29838.25,29845.25,29833.5,29839
1786530600,29839.25,29844,29832.25,29841.25
1786531500,29840.75,29841.5,29782.25,29815.5
1786532400,29815.25,29837.75,29813.75,29821.25
1786533300,29821.25,29822,29805.5,29810.5
1786534200,29810,29832,29806,29825.5
1786535100,29825.5,29847.75,29819,29845.5
1786536000,29846,29858,29829,29829.5
1786536900,29829.5,29917.5,29820.75,29909.5
1786537800,29904.25,29950,29745,29917.5
1786538700,29917,29922.25,29900,29919.75
1786539600,29919.25,29941.5,29916.25,29940
1786540500,29939,29992.25,29935.75,29991.75
1786541400,29991.25,30001.5,29853.25,29899.75
1786542300,29900,29970,29860,29907.25
1786543200,29907.5,29937,29848.25,29893.5
1786544100,29893,29946.25,29864.25,29916.5
1786545000,29916.25,29928.75,29835.75,29924.75
1786545900,29924.5,29931.75,29848.5,29867.25
1786546800,29867.5,29891.25,29838.75,29879.5
1786547700,29880.25,29887.5,29843.5,29874.5
1786548600,29874.5,29880,29818.75,29828.5
1786549500,29828.5,29854,29819,29831.75
1786550400,29832.25,29878.25,29829,29873.25
1786551300,29873.5,29888,29858,29873.5
1786552200,29873.5,29894.75,29850.75,29885
1786553100,29885.25,29917.5,29879.25,29905.5
1786554000,29905.75,29924.5,29896.75,29911.25
1786554900,29911,29920,29888.25,29910
1786555800,29909.75,29922.25,29900.75,29915.25
1786556700,29915.5,29924,29901.5,29909.75
1786557600,29910.25,29918.75,29891,29907.5
1786558500,29907,29914,29889.75,29894.25
1786559400,29894.25,29928.75,29893.5,29919
1786560300,29919.5,29923.25,29884.75,29890.25
1786561200,29890.25,29905,29877.5,29884.25
1786562100,29884.25,29898.5,29856,29867.5
1786563000,29867.25,29868.25,29831.75,29849.75
1786563900,29849,29870,29825.5,29853
1786564800,29853,29906,29831.25,29847
1786565700,29846.75,29851.5,29814,29819.5
1786566600,29819.75,29823.5,29809.5,29820.5
1786567500,29820.75,29823,29802,29807.25
1786572000,29820.25,29832.75,29800.5,29805.5
1786572900,29805.25,29809,29784,29793.75
1786573800,29793.75,29796,29780.5,29792.25
1786574700,29792.25,29804,29788.25,29797.25
1786575600,29797.75,29817.25,29796.25,29809.25
1786576500,29809.25,29812.75,29801.75,29805.5
1786577400,29805.25,29816.25,29792.5,29811
1786578300,29810.75,29812.75,29793,29805.25
1786579200,29805,29864.25,29796.5,29847
1786580100,29847.75,29866.5,29838,29838.75
1786581000,29839.75,29852.75,29826.75,29841.75
1786581900,29841.5,29850,29829,29845.75
1786582800,29845.25,29852.25,29821.25,29830.5
1786583700,29830.75,29838.25,29808.25,29817.75
1786584600,29817.5,29843.75,29813.75,29836.75
1786585500,29837,29865.75,29828,29857.5
1786586400,29857.5,29872,29853.75,29862
1786587300,29862,29869.5,29857,29861.75
1786588200,29861.5,29877.75,29831,29873.75
1786589100,29873.25,29875,29865,29868.75
1786590000,29868.5,29876,29865.5,29874
1786590900,29874,29879.5,29871.25,29874
1786591800,29874.75,29880.25,29865.5,29875.75
1786592700,29876.75,29881,29875,29878.25
1786593600,29878.25,29892.25,29869,29870
1786594500,29870,29884,29854,29876.75
1786595400,29876.75,29895.75,29876,29879
1786596300,29879,29895,29873,29878.5
1786597200,29879.75,29916.75,29874,29915
1786598100,29915.25,29922.5,29908,29920.75
1786599000,29921,29924.25,29896.75,29903
1786599900,29903,29908.5,29882.5,29883.75
1786600800,29884.25,29896.5,29868.5,29893
1786601700,29894,29905.75,29885.25,29897.5
1786602600,29897.75,29905.5,29860.75,29862.75
1786603500,29862.5,29890.5,29858.5,29888.25
1786604400,29887.75,29893.5,29843.75,29853
1786605300,29853.25,29873.5,29847.5,29871
1786606200,29869.75,29882,29861,29879.5
1786607100,29879.75,29881,29858,29860
1786608000,29860,29872,29828.75,29838.25
1786608900,29838.5,29864.75,29827.5,29858.5
1786609800,29859,29865.75,29846,29862.75
1786610700,29863,29875.25,29854.5,29861.5
1786611600,29861.5,29868.5,29832.5,29832.5
1786612500,29832.25,29849.75,29821.25,29837.5
1786613400,29837,29861.75,29836.25,29860.75
1786614300,29860.5,29879.75,29857.5,29877.5
1786615200,29876.5,29878.25,29863,29875
1786616100,29875.5,29884.5,29864,29872.5
1786617000,29873.75,29881.25,29868.25,29877.75
1786617900,29878,29886.25,29874.75,29880.5
1786618800,29881,29892.25,29870,29872.5
1786619700,29873,29876,29855.25,29862.25
1786620600,29863,29888.75,29856.75,29888
1786621500,29887.75,29895,29867,29869
1786622400,29868.25,29872,29831.5,29841
1786623300,29841,29868.25,29813,29836.75
1786624200,29853.25,29894,29820,29846
1786625100,29845.5,29881.5,29839.5,29880.75
1786626000,29880.5,29921,29878.75,29908.5
1786626900,29908.25,29920,29899.75,29910.25
1786627800,29911.25,30053.75,29862.75,30013
1786628700,30012.75,30181,30005.5,30175.75
1786629600,30175.75,30214.5,30155.75,30205.5
1786630500,30205.5,30237.75,30185,30233.5
1786631400,30233,30267,30227.5,30236
1786632300,30236,30241.5,30197.75,30199.5
1786633200,30199.25,30233.5,30194,30217.5
1786634100,30217.75,30240.25,30179.25,30188.5
1786635000,30188.25,30198.25,30128.5,30156.75
1786635900,30156.75,30156.75,30104,30115.25
1786636800,30115.5,30173.25,30114,30141.5
1786637700,30141,30189.25,30133.25,30187
1786638600,30186.75,30199.75,30168,30183.5
1786639500,30183.25,30203.5,30176.25,30193.5
1786640400,30194,30233,30192.75,30226
1786641300,30226.25,30250.25,30224.25,30237.5
1786642200,30237.75,30244.5,30212.25,30214.5
1786643100,30214.5,30228.25,30203.5,30204.25
1786644000,30205,30215.5,30189.25,30201.25
1786644900,30201.5,30208,30181,30192
1786645800,30192.25,30236.75,30191.5,30228.5
1786646700,30229,30246,30228.25,30244
1786647600,30244.25,30273.25,30231.75,30238.75
1786648500,30238.5,30245.75,30214.75,30222.75
1786649400,30223,30227.75,30202.75,30204.75
1786650300,30204.75,30207.5,30173.5,30194.75
1786651200,30194.5,30219.5,30141,30208.75
1786652100,30208.25,30214.25,30191.25,30198.5
1786653000,30197.5,30215.5,30194.5,30209.75
1786653900,30209.5,30219.5,30206.5,30216.25
1786658400,30213,30218,30186.75,30196.5
1786659300,30196.25,30206.5,30189.75,30198.25
1786660200,30198.25,30210,30197.5,30207.25
1786661100,30206.75,30207.5,30199.75,30204.5
1786662000,30203,30225.75,30199.25,30224.75
1786662900,30224.75,30227.25,30192.25,30199
1786663800,30199,30204.25,30193,30196.5
1786664700,30196.5,30205.25,30188.75,30203.25
1786665600,30203.25,30232.5,30196,30200.5
1786666500,30200.75,30204.5,30177,30185
1786667400,30184.5,30191.75,30173.75,30178.5
1786668300,30179.25,30186.75,30165.25,30169.75
1786669200,30169.5,30169.75,30124.25,30128.75
1786670100,30129,30154.75,30124.25,30152.5
1786671000,30152.75,30164.75,30140.5,30160.25
1786671900,30159.75,30168.5,30149.5,30151.75
1786672800,30152,30173.25,30149,30167.5
1786673700,30167.25,30170.25,30156.25,30168
1786674600,30168,30181,30167,30174.5
1786675500,30174.5,30179.5,30149,30154.25
1786676400,30154.5,30165.25,30150.75,30162.5
1786677300,30162.25,30180.75,30161,30180
1786678200,30180.5,30188.25,30155.5,30158.25
1786679100,30157.5,30162.75,30151.75,30152.25
1786680000,30152.75,30161,30144.25,30155.5
1786680900,30155,30165.5,30150.25,30157.75
1786681800,30158,30164,30136.5,30154.5
1786682700,30154.75,30155.25,30145,30147.25
1786683600,30147.5,30152.25,30128,30143
1786684500,30144,30153.75,30138,30149.75
1786685400,30149.75,30168,30140,30166.75
1786686300,30166.75,30184,30164.75,30174
1786687200,30174.5,30178.5,30149.5,30152.5
1786688100,30153,30164.75,30145.75,30162.5
1786689000,30162.25,30165.5,30149.25,30160
1786689900,30160,30177.5,30160,30172.5
1786690800,30173,30194.5,30171,30175.25
1786691700,30175.25,30181.75,30171,30176.75
1786692600,30177.5,30203.75,30173,30203.25
1786693500,30203,30203.25,30191,30194.5
1786694400,30194.5,30235,30187,30214
1786695300,30213.5,30231.75,30200.25,30225.25
1786696200,30225.5,30241,30221.5,30228
1786697100,30228.25,30244.5,30220.5,30221.75
1786698000,30221.25,30222,30210.25,30218.75
1786698900,30218.5,30232.75,30214.5,30226.5
1786699800,30226,30226.75,30206,30210.5
1786700700,30210.5,30236.5,30207.25,30235
1786701600,30234.25,30250,30233.25,30240.75
1786702500,30241,30241.5,30222.5,30229
1786703400,30229,30238.5,30223.5,30236.75
1786704300,30236.75,30252.5,30233,30251.75
1786705200,30251.5,30262.25,30246.75,30254.25
1786706100,30254,30254.75,30241.75,30247.5
1786707000,30247.75,30259.25,30237.25,30251.25
1786707900,30251.5,30268,30249.75,30264
1786708800,30264.5,30280.25,30206.75,30237
1786709700,30237,30257,30226.25,30248.75
1786710600,30251,30279.5,30246.75,30266
1786711500,30266.25,30279.5,30254,30268.5
1786712400,30268.25,30287.25,30252.5,30253.5
1786713300,30253.5,30262,30235.25,30241.5
1786714200,30241.5,30269.5,30170,30260.5
1786715100,30260.5,30280.75,30205,30226.5
1786716000,30226.25,30272.25,30203,30221.25
1786716900,30221.75,30229.5,30134.25,30159.5
1786717800,30159.5,30176.25,30129,30155.5
1786718700,30155.75,30166,30122.75,30122.75
1786719600,30123,30145,30087.5,30090.25
1786720500,30090.75,30111,30032.5,30072.75
1786721400,30072.5,30074.5,30028.5,30049.25
1786722300,30049.25,30073,30025,30066
1786723200,30066.5,30084.5,30049.75,30080
1786724100,30080.25,30107.5,30075.5,30101.5
1786725000,30101,30102.25,30062.25,30067.25
1786725900,30067,30076.75,30054.25,30059
1786726800,30059.25,30079.75,30052.25,30069.25
1786727700,30069.25,30076.5,30047,30059.75
1786728600,30059.25,30072.25,30051,30058.25
1786729500,30058.25,30084.5,30050,30081.25
1786730400,30081.25,30091.75,30072.5,30079.25
1786731300,30078.5,30093.5,30065,30067.25
1786732200,30067.25,30090.25,30062.5,30087.25
1786733100,30087.25,30104,30078,30088.25
1786734000,30088.5,30094.75,30073,30083.25
1786734900,30083,30103.75,30075,30096.25
1786735800,30096.25,30115.5,30091.25,30108.75
1786736700,30109,30148,30101,30144.5
1786737600,30144.75,30153,30130,30133
1786738500,30133.5,30135.25,30126.5,30131.25
1786739400,30130.75,30144.5,30128.25,30142.25
1786740300,30142.25,30154.75,30138.5,30154.75