time,open,high,low,close
1786582800,29845.25,29849.75,29828.75,29829.5
1786582860,29829,29833.75,29823.5,29828.5
1786582920,29828.75,29830.25,29821.25,29822.75
1786582980,29822.75,29828.5,29822.75,29826.75
1786583040,29827.25,29832.25,29826.75,29830.5
1786583100,29830.25,29840.75,29829,29838.25
1786583160,29838,29839.5,29830.5,29836
1786583220,29837.75,29840.5,29833.5,29838.5
1786583280,29838.75,29840.75,29836.25,29837.5
1786583340,29838.25,29844.25,29837,29841.75
1786583400,29841.75,29852.25,29839.5,29848.25
1786583460,29848.25,29851.75,29839.75,29842
1786583520,29842.5,29843.25,29831.25,29831.25
1786583580,29831.25,29836.25,29828.75,29832.25
1786583640,29831.75,29834.25,29826.25,29830.5
1786583700,29830.75,29832,29823.75,29824.5
1786583760,29824.5,29837.5,29824,29835
1786583820,29834.25,29835.75,29830.75,29832.75
1786583880,29832.5,29838.25,29829.5,29836.25
1786583940,29837,29837.25,29833,29834.25
1786584000,29834.75,29835.5,29829.25,29829.25
1786584060,29829.5,29832.75,29822,29822.75
1786584120,29823,29830.25,29821.75,29827.5
1786584180,29827.25,29829.5,29825.5,29828.25
1786584240,29828.25,29830.25,29825.25,29828
1786584300,29828.5,29828.5,29818,29820.25
1786584360,29820.75,29824.75,29818,29824.25
1786584420,29824.25,29826.75,29818.5,29820.5
1786584480,29820.25,29822.75,29817.5,29817.5
1786584540,29817.5,29821.5,29808.25,29817.75
1786584600,29817.5,29824.75,29815.5,29821.5
1786584660,29821.5,29825.5,29813.75,29815.5
1786584720,29814.75,29825.5,29814.25,29824
1786584780,29823.75,29834.25,29823.5,29833.25
1786584840,29832.25,29837.75,29830.5,29835.75
1786584900,29836,29843.75,29835.5,29837.25
1786584960,29838,29841,29836.5,29839.75
1786585020,29840.5,29843.25,29835.5,29835.5
1786585080,29835.75,29838.5,29835.25,29838
1786585140,29838,29840,29834,29840
1786585200,29840,29841.25,29835,29837.25
1786585260,29837.5,29841.5,29829.75,29830.5
1786585320,29831,29839,29828.5,29838
1786585380,29837.25,29841.5,29833.75,29840
1786585440,29840.25,29843.25,29836.75,29836.75
1786585500,29837,29841.5,29836,29837.25
1786585560,29837.5,29840.5,29833.25,29839.25
1786585620,29838.5,29839.25,29829.75,29831.75
1786585680,29831,29833.25,29828,29832.5
1786585740,29832.25,29833.75,29828,29830.25
1786585800,29830,29839,29829.5,29838.5
1786585860,29838,29843.25,29835.5,29840.25
1786585920,29839.25,29844.25,29837.5,29843.75
1786585980,29843.75,29851.5,29843.75,29849.75
1786586040,29850,29856.75,29849,29855
1786586100,29855,29865.5,29853.5,29862.25
1786586160,29862.25,29864.25,29858,29862
1786586220,29862.25,29865.75,29859.5,29860.75
1786586280,29860,29860.5,29856,29858.75
1786586340,29859,29859,29853.25,29857.5
1786586400,29857.5,29864,29853.75,29857
1786586460,29856.5,29858.75,29855,29857.5
1786586520,29857.25,29859.75,29854.75,29857
1786586580,29856.75,29872,29855,29865.75
1786586640,29865.25,29867,29857.25,29859.75
1786586700,29860.5,29871.75,29860.25,29868
1786586760,29867.75,29868,29859.25,29860.5
1786586820,29860.25,29862,29858.25,29859.5
1786586880,29859.5,29862.25,29857.25,29861.5
1786586940,29862,29863.5,29857.5,29862.75
1786587000,29862.5,29863.5,29859.5,29861.5
1786587060,29862,29863.25,29861,29862.5
1786587120,29862.25,29865.75,29861.5,29865.5
1786587180,29865,29865.5,29860.5,29861.75
1786587240,29862.25,29863.75,29860.5,29862
1786587300,29862,29868,29860,29860.5
1786587360,29860.25,29861.5,29858.5,29859
1786587420,29859.5,29864,29859.5,29862.75
1786587480,29863.25,29865.5,29862.75,29864.75
1786587540,29864.5,29866,29861.75,29861.75
1786587600,29861.75,29862.5,29857,29858.25
1786587660,29859,29861.5,29857.5,29858.75
1786587720,29858.25,29869.25,29858,29864.5
1786587780,29864,29867.5,29864,29867
1786587840,29867.5,29869.5,29863.5,29863.75
1786587900,29864.25,29868,29864,29865.5
1786587960,29865.75,29869,29864.5,29868.25
1786588020,29868.25,29868.75,29863.75,29863.75
1786588080,29864,29865.75,29860.25,29862
1786588140,29862.5,29863.25,29858.75,29861.75
1786588200,29861.5,29862.75,29849.5,29853
1786588260,29853.25,29856.75,29850.75,29855
1786588320,29854.75,29856.25,29842.25,29844.75
1786588380,29844.75,29846,29831,29837.5
1786588440,29837.75,29839.75,29833.75,29834.25
1786588500,29835,29839.25,29833.75,29837.5
1786588560,29836.75,29839.75,29834,29837.75
1786588620,29838,29848,29834,29848
1786588680,29848,29854.5,29845.25,29846.25
1786588740,29845.25,29856.75,29844.75,29854.75
1786588800,29855,29860.75,29854,29860.25
1786588860,29860.5,29870.25,29860.25,29868.5
1786588920,29869.25,29875.25,29867.75,29873
1786588980,29872.75,29874.75,29871,29873.75
1786589040,29873.75,29877.75,29872,29873.75
1786589100,29873.25,29874.75,29866.75,29867.75
1786589160,29867.5,29870.75,29866,29867.5
1786589220,29867,29870,29866.75,29869.25
1786589280,29869,29871.25,29867.5,29869
1786589340,29869.5,29870,29866.5,29870
1786589400,29870.5,29872,29870,29872
1786589460,29872,29872,29866.75,29868.25
1786589520,29867,29870.25,29865,29869.25
1786589580,29868.75,29870.25,29868.25,29869
1786589640,29870,29871,29868.75,29869.75
1786589700,29870.25,29875,29869.75,29873
1786589760,29873.25,29873.25,29867.75,29869
1786589820,29868.5,29870.75,29866.5,29870.75
1786589880,29870.5,29870.5,29868.5,29869
1786589940,29869.25,29870.75,29868.75,29868.75
1786590000,29868.5,29870.5,29865.5,29868.5
1786590060,29869.25,29871,29867,29869
1786590120,29869,29873.75,29867.75,29871.75
1786590180,29872.25,29873.75,29870.5,29872
1786590240,29872,29873,29868.25,29868.75
1786590300,29869.25,29872.25,29868.5,29871.5
1786590360,29872.25,29873.5,29868,29871.75
1786590420,29871.25,29875,29868.5,29873.75
1786590480,29874.5,29876,29872,29872
1786590540,29872,29872.5,29868.75,29870.75
1786590600,29870.5,29874.5,29869.75,29874.5
1786590660,29874,29874,29869.25,29870.25
1786590720,29870.5,29870.75,29868,29869
1786590780,29870,29873.25,29869,29872.75
1786590840,29872.25,29875.5,29870.75,29874
1786590900,29874,29876.5,29871.75,29873.25
1786590960,29873.25,29877,29872.75,29872.75
1786591020,29873.5,29874.25,29871.5,29872.75
1786591080,29872.75,29879.5,29872,29876.75
1786591140,29877.5,29878,29874.75,29876.5
1786591200,29877,29878.75,29874,29874.25
1786591260,29874.5,29875,29871.25,29872.75
1786591320,29873.75,29877,29872.75,29876.25
1786591380,29877,29877,29875.75,29877
1786591440,29876.25,29878,29874.25,29874.25
1786591500,29873.75,29876.25,29872.5,29872.5
1786591560,29872.75,29874.25,29871.25,29873.25
1786591620,29874,29875.75,29872.25,29875.25
1786591680,29875.25,29877.25,29875,29876.75
1786591740,29877,29877.5,29873.75,29874
1786591800,29874.75,29877,29873.75,29874.75
1786591860,29875.5,29876,29868.75,29871
1786591920,29871,29873.75,29870.5,29873.75
1786591980,29873,29874,29865.5,29868.5
1786592040,29868.75,29872.5,29868,29870
1786592100,29870,29871.75,29868.75,29870.5
1786592160,29870.5,29873,29869,29873
1786592220,29871.75,29875,29871.25,29873
1786592280,29873.5,29879.5,29873,29879.5
1786592340,29879.5,29880.25,29875,29875.25
1786592400,29876,29876.5,29872.5,29876.25
1786592460,29876,29876.75,29873.75,29875.75
1786592520,29876.25,29876.75,29873,29874.5
1786592580,29874.25,29875.25,29873.75,29874.25
1786592640,29874,29876.5,29873.75,29875.75
1786592700,29876.75,29881,29875.25,29878.25
1786592760,29878.5,29878.75,29877.25,29877.25
1786592820,29877.25,29878.5,29876.75,29877
1786592880,29877.75,29879,29876,29877
1786592940,29877,29878,29875.25,29876.25
1786593000,29876.5,29880.25,29876,29879.5
1786593060,29879,29880.25,29878,29879.75
1786593120,29880,29880,29878.75,29879
1786593180,29879.25,29880,29878.75,29879.25
1786593240,29878.75,29879.25,29877.25,29878.75
1786593300,29878,29878.75,29876.25,29877.25
1786593360,29877.75,29878.75,29875.75,29878.25
1786593420,29878,29878.25,29875,29878
1786593480,29877.75,29879.25,29876.75,29878.5
1786593540,29878.5,29880,29878,29878.25
1786593600,29878.25,29878.75,29876.25,29877.25
1786593660,29877.25,29878,29876.5,29877
1786593720,29877.75,29879.5,29876.75,29879.25
1786593780,29879.25,29886.25,29879,29881.5
1786593840,29881.75,29883.5,29880,29882.25
1786593900,29882.25,29885.75,29881,29885.75
1786593960,29885,29889.5,29885,29888.5
1786594020,29888,29889.25,29887.25,29887.25
1786594080,29887.25,29887.25,29884.25,29885.25
1786594140,29885.5,29889.25,29885.25,29889
1786594200,29889.5,29892.25,29887.75,29889.5
1786594260,29890.5,29890.75,29887.5,29888.25
1786594320,29888,29890,29887.5,29887.5
1786594380,29887.25,29887.25,29876.75,29877.5
1786594440,29878,29879.5,29869,29870
1786594500,29870,29872.5,29868.75,29872.25
1786594560,29872.25,29873.5,29869.5,29870.5
1786594620,29871.75,29873.75,29869,29869
1786594680,29869.5,29872.75,29868,29871.75
1786594740,29872.25,29872.5,29870.25,29871.5
1786594800,29871,29871,29862.5,29870.5
1786594860,29870.5,29871.25,29859,29859
1786594920,29859,29862.25,29854,29855.25
1786594980,29855.5,29865.25,29855.5,29865
1786595040,29864.25,29869.75,29864,29867.25
1786595100,29867.75,29879,29867.5,29874.5
1786595160,29874.5,29879.25,29873.75,29876.25
1786595220,29876,29876,29867.75,29873.5
1786595280,29873.75,29884,29873.5,29880.25
1786595340,29880.75,29881.25,29876,29876.75
1786595400,29876.75,29880.5,29876,29879
1786595460,29879.5,29882.75,29879.25,29882.25
1786595520,29882,29886,29881,29882.5
1786595580,29882.5,29887.25,29881.75,29886
1786595640,29886,29888.75,29885.75,29886.75
1786595700,29886.5,29891.75,29884.75,29889.75
1786595760,29890.25,29895.75,29888.75,29889.75
1786595820,29890,29891.25,29886.75,29890
1786595880,29890.25,29890.25,29884.75,29886.25
1786595940,29886.25,29886.75,29880.75,29881.75
1786596000,29881.75,29882,29876.75,29880.25
1786596060,29879.75,29880.75,29878.75,29878.75
1786596120,29879.25,29882.5,29878.5,29881.5
1786596180,29881,29885,29880.25,29885
1786596240,29884.5,29886,29876.5,29879
1786596300,29879,29887.25,29873,29884.5
1786596360,29884.25,29888,29879.75,29887.25
1786596420,29887.25,29890.75,29885.25,29887.75
1786596480,29887.5,29889.25,29884.5,29888.5
1786596540,29888.75,29894,29888.75,29889.5
1786596600,29889.25,29894,29888.75,29891.5
1786596660,29891.25,29895,29889.75,29893.75
1786596720,29893.5,29894.75,29887.75,29890
1786596780,29890.25,29892.25,29889,29889
1786596840,29889,29891.5,29888,29890.5
1786596900,29889.75,29891.5,29889,29890
1786596960,29890,29892,29888.5,29890.75
1786597020,29890.25,29890.75,29886.25,29887
1786597080,29886.5,29890.5,29886,29888
1786597140,29887.75,29888.25,29877.5,29878.5
1786597200,29879.75,29881.25,29874.5,29876.75
1786597260,29875.5,29891.25,29874,29890
1786597320,29889.5,29890.75,29887.75,29889.25
1786597380,29889.5,29896.25,29888.5,29895.25
1786597440,29895.25,29897.5,29892,29894.5
1786597500,29893.75,29897.5,29892,29895.5
1786597560,29895.75,29898,29894.75,29894.75
1786597620,29894.5,29897,29894.5,29896
1786597680,29896.5,29900.75,29895.75,29900
1786597740,29899.25,29902.25,29898.75,29901.25
1786597800,29901,29903.25,29899.5,29902.5
1786597860,29902.5,29903.25,29901,29901
1786597920,29901.25,29905.75,29901,29904.75
1786597980,29905.25,29911.5,29905,29909.75
1786598040,29909.5,29916.75,29909.25,29915
1786598100,29915.25,29917.25,29912.75,29916.75
1786598160,29917,29921.5,29915,29916.25
1786598220,29916.5,29917.25,29914.75,29915.5
1786598280,29915.25,29917,29914.25,29915.75
1786598340,29915.5,29915.5,29909.25,29910.75
1786598400,29910,29917.5,29909.75,29916.75
1786598460,29916.75,29919.75,29916,29917
1786598520,29916.5,29919.75,29914.25,29914.25
1786598580,29914,29914,29908.75,29909.25
1786598640,29909.25,29911.25,29908,29911
1786598700,29911.25,29921.75,29910.5,29921.25
1786598760,29921,29922.5,29913.75,29915.5
1786598820,29916.25,29920,29915.25,29919.75
1786598880,29919.75,29922,29918.5,29920
1786598940,29920.5,29921.25,29919.25,29920.75
1786599000,29921,29924,29918.5,29919
1786599060,29918.75,29924.25,29918.5,29921.5
1786599120,29922,29922.25,29908.25,29910.5
1786599180,29910,29912,29906.75,29907.75
1786599240,29908,29914.5,29902.25,29912.5
1786599300,29911.75,29915.25,29911,29913.75
1786599360,29913.25,29913.5,29910,29910.25
1786599420,29910.5,29910.5,29905.25,29907.75
1786599480,29907.25,29907.75,29902.75,29902.75
1786599540,29903,29907.75,29896.75,29907.25
1786599600,29907.25,29912.5,29906.25,29907
1786599660,29906.25,29908,29904,29905
1786599720,29904.5,29909.75,29900,29901.5
1786599780,29901.25,29904.75,29898.5,29899.25
1786599840,29898.75,29906,29898.75,29903
1786599900,29903,29905.75,29899,29900.5
1786599960,29900,29907.5,29899.5,29904.75
1786600020,29903.75,29905.5,29902.75,29903.75
1786600080,29903.25,29908.5,29902,29907.5
1786600140,29907.25,29907.25,29902,29904.75
1786600200,29904.75,29906.25,29901.75,29903.75
1786600260,29904.25,29907.25,29902.25,29907.25
1786600320,29906.75,29908.5,29904.5,29908.25
1786600380,29908.25,29908.5,29903,29903.5
1786600440,29903.5,29903.5,29895.25,29898
1786600500,29897.25,29902.5,29896.5,29900.75
1786600560,29900.75,29903,29897,29897.75
1786600620,29897.75,29900.25,29897,29897
1786600680,29898,29899.25,29896.25,29897
1786600740,29897,29897.75,29882.5,29883.75
1786600800,29884.25,29887.5,29880,29880.75
1786600860,29880,29883.5,29868.5,29873.5
1786600920,29873,29879.5,29873,29875.25
1786600980,29875,29881.75,29874.25,29876.5
1786601040,29877.25,29881.25,29874.5,29880.5
1786601100,29880.25,29882.25,29878.75,29881.5
1786601160,29881.5,29886,29879.75,29885
1786601220,29885.25,29885.5,29879,29880.25
1786601280,29880,29885.25,29877.5,29879.5
1786601340,29878.5,29887.5,29878.25,29886.5
1786601400,29886.75,29892,29885.25,29887.5
1786601460,29887.25,29890.75,29880.25,29882.5
1786601520,29883.25,29892.5,29883,29892.5
1786601580,29892.25,29896.5,29892.25,29894.5
1786601640,29895,29896.25,29890,29893
1786601700,29894,29894.75,29885.25,29888.5
1786601760,29888.75,29892.25,29887.5,29892
1786601820,29893,29895,29890.25,29891
1786601880,29891.75,29896.25,29891.25,29893.75
1786601940,29892.75,29897.5,29891.75,29894.25
1786602000,29893.75,29897,29891.5,29896.75
1786602060,29896.75,29903.75,29896.75,29900.5
1786602120,29900.5,29901.75,29896.25,29899.75
1786602180,29899.25,29902,29899.25,29900.75
1786602240,29901.5,29905.25,29900,29904.5
1786602300,29905,29905.75,29900.5,29902.5
1786602360,29902,29904,29895.75,29897.5
1786602420,29897,29899.5,29892.75,29894.75
1786602480,29895,29896.75,29892.25,29893.75
1786602540,29894,29899,29893.75,29897.5
1786602600,29897.75,29901.25,29885.75,29888.5
1786602660,29888.75,29901.25,29887,29895.75
1786602720,29896.5,29905.5,29896.5,29901.25
1786602780,29901,29903,29894.75,29894.75
1786602840,29894.5,29894.75,29886.25,29889.5
1786602900,29888.5,29894.25,29882.25,29883.5
1786602960,29884,29884,29878.5,29880.25
1786603020,29880.25,29881,29877.25,29878.75
1786603080,29879,29881.75,29876,29879.75
1786603140,29879.75,29880.5,29874.25,29876.25
1786603200,29876.5,29878,29873.25,29875.5
1786603260,29875,29875,29868.75,29870.25
1786603320,29871,29871.25,29862,29864
1786603380,29863.5,29865.25,29861.5,29863.75
1786603440,29864.5,29865,29860.75,29862.75
1786603500,29862.5,29865,29860.75,29861.5
1786603560,29861.5,29864.75,29860.75,29861.25
1786603620,29861,29863.75,29858.5,29860.25
1786603680,29860.25,29868.25,29859.75,29866
1786603740,29865,29865.5,29858.5,29862
1786603800,29862.75,29868,29862,29863.25
1786603860,29863.5,29865.25,29862,29863.25
1786603920,29863.75,29868,29862,29865
1786603980,29864.75,29873,29864.75,29871.5
1786604040,29870.75,29871,29866,29869.25
1786604100,29869.25,29872.25,29867.5,29871.5
1786604160,29870.5,29875.5,29870.25,29875.5
1786604220,29875.25,29876.5,29871.25,29871.25
1786604280,29871,29875.5,29869.75,29874.5
1786604340,29874.25,29890.5,29874,29888.25
1786604400,29887.75,29893.5,29884.5,29889.75
1786604460,29890,29890.5,29880.25,29887
1786604520,29886.5,29887.75,29870,29870.75
1786604580,29871.25,29875.5,29860.75,29861.75
1786604640,29862.5,29863.5,29852.25,29856.5
1786604700,29856.75,29858,29852,29852.25
1786604760,29852.75,29857,29850,29851.75
1786604820,29852,29853,29845.5,29849.75
1786604880,29849.25,29853,29848,29851.5
1786604940,29851.75,29853.75,29849.5,29851.5
1786605000,29851.25,29852.5,29845.75,29849.75
1786605060,29849.5,29849.5,29843.75,29845.75
1786605120,29847,29852.5,29845.75,29848.75
1786605180,29848.75,29852.5,29848.25,29851.5
1786605240,29852,29855,29850,29853
1786605300,29853.25,29859,29852.25,29854.75
1786605360,29854,29861.75,29847.5,29860.5
1786605420,29860,29863.25,29856.75,29857.5
1786605480,29857.5,29859.5,29853.75,29858.75
1786605540,29857.75,29858.25,29851,29855.75
1786605600,29856,29858.5,29852.5,29853.25
1786605660,29853.25,29855.75,29851,29855
1786605720,29855.5,29864,29853.5,29862.75
1786605780,29862.5,29869.75,29861.5,29869.75
1786605840,29869.25,29872.75,29868.75,29870.25
1786605900,29870,29872.5,29869.5,29872
1786605960,29872.25,29872.5,29867.25,29868.75
1786606020,29869,29871.75,29867.25,29871
1786606080,29870.75,29873.5,29868.5,29872.5
1786606140,29872.25,29873.25,29865,29871
1786606200,29869.75,29871,29866,29868.5
1786606260,29868.25,29872.5,29866.25,29871.5
1786606320,29871.25,29872.5,29867.5,29868.5
1786606380,29867,29871,29866,29869
1786606440,29868,29868.5,29863.25,29863.25
1786606500,29863.5,29865.75,29861,29865.25
1786606560,29865.25,29868.75,29862.5,29867.25
1786606620,29868.25,29875,29867.75,29871.25
1786606680,29871.75,29872.75,29868.75,29871
1786606740,29871,29876,29870.75,29874.25
1786606800,29875,29877,29873.25,29876.25
1786606860,29876.5,29877.5,29869.5,29877
1786606920,29877.5,29882,29874,29876.25
1786606980,29876,29877.75,29874,29876.25
1786607040,29875.75,29880.75,29874.5,29879.5
1786607100,29879.75,29880.75,29873,29874.75
1786607160,29875.5,29881,29873.75,29877.75
1786607220,29876.75,29878,29866,29868
1786607280,29867,29879.5,29867,29874.5
1786607340,29874,29875.5,29871.25,29873.25
1786607400,29874.75,29875.75,29865.25,29866.5
1786607460,29866.5,29873.25,29865,29867.25
1786607520,29867.75,29869.25,29866,29867
1786607580,29866.75,29870,29864,29866
1786607640,29866,29867,29863.5,29864.75
1786607700,29865,29868,29863.75,29865.75
1786607760,29865.25,29866.5,29861,29863
1786607820,29862.5,29864.75,29861.5,29862.25
1786607880,29861.5,29863.5,29860,29860.25
1786607940,29861,29862.75,29858,29860
1786608000,29860,29865.75,29854.5,29865
1786608060,29865.25,29872,29863,29866.75
1786608120,29866,29867.75,29841.25,29852
1786608180,29851.75,29852.75,29828.75,29829.75
1786608240,29830.25,29836.75,29828.75,29833.5
1786608300,29833.5,29840,29833,29838
1786608360,29838.5,29859.5,29836.75,29859.25
1786608420,29859.5,29866.5,29853.25,29855.5
1786608480,29855.5,29857,29833.5,29835.75
1786608540,29835,29848.5,29834.75,29847.5
1786608600,29847.75,29848,29841.5,29844.5
1786608660,29845.5,29846.25,29830.75,29832
1786608720,29830.75,29845.75,29829.75,29834.25
1786608780,29834.75,29839.25,29830,29834.25
1786608840,29835,29841.25,29834,29838.25
1786608900,29838.5,29841.25,29834.25,29839
1786608960,29839,29842.5,29832,29842
1786609020,29842.5,29844.75,29827.5,29839
1786609080,29838.5,29840,29830,29830.25
1786609140,29830.75,29848.75,29828.25,29848.25
1786609200,29847.75,29848.5,29838.75,29841
1786609260,29841,29852.75,29840.75,29851.75
1786609320,29851.75,29852.5,29845.75,29847.25
1786609380,29847.75,29849.5,29842.5,29847
1786609440,29847.5,29853.5,29847.5,29852.75
1786609500,29853.5,29860.5,29851.75,29857.75
1786609560,29858.25,29864.75,29857.75,29862.5
1786609620,29862.25,29862.75,29856,29857
1786609680,29857.5,29860.25,29855.25,29857
1786609740,29858,29860.75,29854.25,29858.5
1786609800,29859,29859.25,29851.75,29856
1786609860,29856.5,29859.75,29854.75,29856.5
1786609920,29856.5,29860.75,29855.5,29855.5
1786609980,29856,29860.25,29851.75,29854.5
1786610040,29854.75,29861.75,29854.5,29858.25
1786610100,29858.25,29860.25,29848.75,29854
1786610160,29854,29854.25,29846.5,29848.75
1786610220,29848.75,29851,29846,29848
1786610280,29848.25,29854.75,29847.5,29854
1786610340,29854,29858.5,29853,29858
1786610400,29857.5,29858.75,29850.25,29852.25
1786610460,29851.75,29860.75,29851.5,29860
1786610520,29860.75,29865.75,29859,29863.75
1786610580,29863.25,29865.5,29861.25,29862.5
1786610640,29862.75,29865,29862.25,29862.75
1786610700,29863,29865,29861.25,29862.5
1786610760,29862.75,29864,29858.5,29859.75
1786610820,29859.5,29860.25,29855.25,29856.5
1786610880,29856.5,29859,29854.5,29856.25
1786610940,29856.25,29860,29855.25,29857
1786611000,29857.25,29863.75,29855.75,29863.75
1786611060,29863.5,29873.5,29861.5,29873.5
1786611120,29873.5,29875.25,29866.25,29866.75
1786611180,29866.5,29866.5,29859.25,29861.75
1786611240,29862.25,29864.75,29860.25,29861.75
1786611300,29861.75,29871.25,29861.75,29869.75
1786611360,29869.5,29869.75,29866,29867.25
1786611420,29867.25,29868.5,29865.25,29867
1786611480,29866.25,29866.5,29862.5,29864.5
1786611540,29862.75,29863.5,29859.25,29861.5
1786611600,29861.5,29868.25,29860.5,29867.5
1786611660,29867,29868.5,29858,29860
1786611720,29860.25,29864.75,29858.25,29860.5
1786611780,29860.75,29863.5,29854.5,29856.25
1786611840,29856.25,29857.75,29851.75,29856.75
1786611900,29856.75,29858,29847,29848.5
1786611960,29848,29851.25,29845.5,29849.25
1786612020,29850,29852.25,29847.5,29849.5
1786612080,29848.5,29853.5,29848.5,29849.25
1786612140,29848.5,29850.75,29846.75,29847.5
1786612200,29847.25,29854.25,29847.25,29851.25
1786612260,29850.75,29851.5,29843.75,29847
1786612320,29847.5,29851.5,29841.75,29842.25
1786612380,29842,29845.75,29841.5,29844
1786612440,29843.25,29845.5,29832.5,29832.5
1786612500,29832.25,29834.5,29821.25,29828.5
1786612560,29828.5,29834.5,29827,29833.5
1786612620,29833.25,29837.5,29830.5,29834.25
1786612680,29833.5,29838.25,29831,29837.25
1786612740,29836.25,29840.75,29833.75,29840
1786612800,29840,29843.25,29838.5,29842
1786612860,29841.25,29843.5,29837.5,29838.5
1786612920,29838.5,29843.25,29837.75,29840.25
1786612980,29840,29844.5,29838.75,29843.75
1786613040,29844,29849.75,29844,29847.25
1786613100,29847.75,29848.75,29842.75,29842.75
1786613160,29844.5,29849,29839.25,29841
1786613220,29841,29844,29837.25,29838.5
1786613280,29838,29838.25,29835,29837.75
1786613340,29837.5,29840,29837.25,29837.5
1786613400,29837,29844.5,29836.25,29844
1786613460,29844.5,29845.75,29841,29841.5
1786613520,29841,29844.75,29840.75,29842.75
1786613580,29842,29856.25,29842,29855
1786613640,29854.75,29855,29851,29854.25
1786613700,29855,29857,29854.25,29857
1786613760,29856,29857.5,29852,29855
1786613820,29854.75,29855.5,29852,29852.75
1786613880,29852,29852.75,29850.75,29852.25
1786613940,29852.25,29853,29849,29851.5
1786614000,29851.75,29854.25,29851,29852.25
1786614060,29851.75,29853,29851.25,29852.75
1786614120,29853,29859,29852,29856.75
1786614180,29856.5,29860,29856.5,29859.25
1786614240,29859.75,29861.75,29858.25,29860.75
1786614300,29860.5,29863.25,29858.75,29861.5
1786614360,29862,29865.5,29861.5,29863.25
1786614420,29863.75,29863.75,29858.5,29858.75
1786614480,29858.75,29859.75,29857.75,29858.5
1786614540,29858.5,29863.75,29857.5,29863.75
1786614600,29863.5,29866.5,29862.75,29864.5
1786614660,29864.75,29872.25,29864.75,29869.5
1786614720,29870.25,29872,29867.25,29869.25
1786614780,29870,29873.75,29868,29869.5
1786614840,29870.25,29872.75,29869.5,29871.5
1786614900,29872,29874.25,29871,29873.75
1786614960,29874.5,29875,29872.5,29873.25
1786615020,29873.25,29879,29869.75,29877.5
1786615080,29876.75,29877.5,29874,29876.75
1786615140,29877.25,29879.75,29875,29877.5
1786615200,29876.5,29877.75,29871.5,29874.5
1786615260,29874.5,29874.5,29867,29870.75
1786615320,29870,29871.5,29864.5,29866.25
1786615380,29866.75,29868.5,29863.75,29865.25
1786615440,29865.5,29870.25,29863.75,29866
1786615500,29866.25,29868.5,29863,29865.25
1786615560,29865,29877,29864.75,29875.75
1786615620,29875,29876.75,29871.25,29871.5
1786615680,29871.5,29874.25,29870,29872
1786615740,29872,29874,29870,29871
1786615800,29871.75,29873.5,29869,29870.5
1786615860,29871,29876.5,29870.75,29872.75
1786615920,29873.25,29876,29872.25,29874.5
1786615980,29874,29878.25,29873.75,29875.25
1786616040,29875.25,29878.25,29874.5,29875
1786616100,29875.5,29878.75,29873.25,29877
1786616160,29876.75,29878.75,29874.75,29876.25
1786616220,29876,29880.75,29876,29880.75
1786616280,29881,29881.5,29878.5,29879
1786616340,29879.5,29880.5,29877,29878.25
1786616400,29878.25,29879.25,29875,29876
1786616460,29875.75,29880.25,29875.75,29879.25
1786616520,29879.25,29884.5,29879.25,29883.75
1786616580,29883.5,29883.75,29876.25,29876.75
1786616640,29877,29879,29871.75,29871.75
1786616700,29872.25,29872.5,29864,29870.5
1786616760,29869.5,29870.75,29864.25,29870.5
1786616820,29869.75,29878.25,29869.75,29877.5
1786616880,29877.5,29877.5,29870.25,29871.25
1786616940,29870.75,29873.25,29868.5,29872.5
1786617000,29873.75,29881.25,29871,29878.25
1786617060,29877.75,29879.25,29870.25,29873.5
1786617120,29873.75,29874.5,29869.75,29870.5
1786617180,29871.25,29873.75,29870.75,29871.5
1786617240,29872,29873,29870.5,29871
1786617300,29871.25,29872.25,29869.25,29871.25
1786617360,29871.25,29872.75,29868.25,29871
1786617420,29871,29874.25,29869.75,29872.75
1786617480,29872.75,29877.5,29872.5,29876
1786617540,29876.5,29877.75,29874.5,29874.5
1786617600,29874.25,29876.5,29873,29873.5
1786617660,29872.75,29875.25,29872.5,29874
1786617720,29874.5,29876.5,29871.75,29875.75
1786617780,29875.75,29876.75,29874.25,29875.25
1786617840,29876,29878,29874.5,29877.75
1786617900,29878,29879.25,29874.75,29875.5
1786617960,29876,29878,29875.5,29876.25
1786618020,29876.5,29882,29875.75,29881.25
1786618080,29881,29882,29879,29880.75
1786618140,29880.25,29885,29879.75,29882.75
1786618200,29883.25,29884.75,29875.25,29876.75
1786618260,29876,29885,29875.5,29883.5
1786618320,29883.25,29886.25,29882.75,29884.25
1786618380,29884,29884.75,29882.5,29883
1786618440,29883.25,29885,29881.75,29884.5
1786618500,29884.5,29884.5,29880.5,29882.25
1786618560,29882,29885,29882,29883.5
1786618620,29883.5,29884.5,29881.25,29883
1786618680,29882.5,29883.5,29881,29881.75
1786618740,29882.25,29884.75,29880.5,29880.5
1786618800,29881,29891.25,29877.75,29889.5
1786618860,29888.75,29892.25,29881.5,29883.5
1786618920,29884,29885.5,29877.25,29882.75
1786618980,29883.25,29883.5,29879.25,29880.75
1786619040,29880,29882,29878.5,29879.75
1786619100,29880.25,29881.75,29875.5,29877
1786619160,29877.25,29887,29875.75,29886.5
1786619220,29886.5,29886.5,29879,29880
1786619280,29880.5,29882.75,29879.75,29881.75
1786619340,29882.5,29883.5,29876,29877.75
1786619400,29877.25,29880,29874.25,29875.25
1786619460,29875,29879.25,29875,29877.75
1786619520,29878,29878.75,29876.25,29876.5
1786619580,29876,29877,29870,29871.25
1786619640,29871.25,29874.25,29870.5,29872.5
1786619700,29873,29876,29871,29873.25
1786619760,29872.25,29874,29865.5,29871
1786619820,29870.75,29870.75,29863.25,29867
1786619880,29866.75,29866.75,29862,29863
1786619940,29862.5,29863,29856.75,29861.5
1786620000,29862.5,29865.5,29862,29864.5
1786620060,29864,29864.25,29861,29862.75
1786620120,29862.5,29866.25,29861.25,29861.75
1786620180,29861.5,29865.75,29861.25,29865.25
1786620240,29865.25,29865.5,29859.25,29863.5
1786620300,29863,29864.25,29855.25,29856.75
1786620360,29857.5,29860.25,29856.75,29858.5
1786620420,29858.5,29862.25,29856.75,29861.5
1786620480,29861.25,29862.5,29859.75,29862.5
1786620540,29862,29864.5,29861,29862.25
1786620600,29863,29863,29859.25,29861.5
1786620660,29861.75,29863.75,29857.5,29862.75
1786620720,29863.25,29867.75,29862.75,29863.25
1786620780,29863.25,29869.75,29862.75,29867.75
1786620840,29868.5,29873.75,29856.75,29871.75
1786620900,29871.75,29878,29867.5,29876.25
1786620960,29876.75,29879.75,29875.5,29878.5
1786621020,29878.5,29882.25,29876.5,29881.75
1786621080,29882,29885,29881.5,29882.5
1786621140,29882.75,29884.75,29880.75,29883.75
1786621200,29883.75,29884.25,29881,29882.5
1786621260,29882.75,29883.5,29879.5,29882.25
1786621320,29882.5,29884.25,29876,29876.25
1786621380,29877,29882.75,29877,29882.25
1786621440,29882.25,29888.75,29882.25,29888
1786621500,29887.75,29895,29887,29894
1786621560,29893.5,29894.5,29890.25,29893.5
1786621620,29893,29894,29889.25,29891
1786621680,29891,29891.25,29885.75,29885.75
1786621740,29886.25,29892.75,29885.25,29888
1786621800,29888.5,29889,29867,29872.75
1786621860,29872,29880,29872,29877.75
1786621920,29878.25,29881.75,29877.5,29879
1786621980,29879.75,29883.5,29879,29879.5
1786622040,29879.5,29885.25,29878.75,29884.25
1786622100,29883.25,29884.75,29881,29884.75
1786622160,29884.5,29886.25,29881.75,29883
1786622220,29883,29886.25,29881,29885.5
1786622280,29885,29885,29876.5,29877.25
1786622340,29877,29878.5,29867.75,29869
1786622400,29868.25,29872,29856.5,29856.75
1786622460,29856.5,29857.5,29849,29850.5
1786622520,29850.25,29853.75,29846.75,29849.75
1786622580,29850,29850.75,29840.5,29841.75
1786622640,29841.75,29844.5,29839.25,29840.25
1786622700,29840.25,29845,29838.25,29844.25
1786622760,29844.75,29848,29841.75,29847
1786622820,29845.75,29849.5,29841.75,29846.75
1786622880,29847.75,29852.25,29846,29847.25
1786622940,29846.75,29854.25,29842.75,29847.25
1786623000,29847,29847,29834,29838.25
1786623060,29838.25,29850.75,29838,29849.25
1786623120,29849.25,29849.25,29831.5,29835.5
1786623180,29835,29839.5,29833.75,29837.75
1786623240,29838,29844.75,29836.75,29841
1786623300,29841,29841,29833.75,29836.75
1786623360,29836,29836,29830,29833.75
1786623420,29833.5,29838,29830.5,29833.75
1786623480,29833.25,29833.25,29818,29819.25
1786623540,29818.75,29820.25,29813,29816.5
1786623600,29817.25,29823.5,29816.75,29823
1786623660,29823,29827.75,29821,29824
1786623720,29824,29828,29820,29825.75
1786623780,29826.25,29830,29826,29827.25
1786623840,29826.75,29829.75,29825.75,29826
1786623900,29825.25,29828.75,29818,29821.25
1786623960,29821.25,29835.75,29820.25,29833.5
1786624020,29833.75,29835.75,29830.75,29835.5
1786624080,29835.5,29845,29835,29844
1786624140,29843.5,29868.25,29814.75,29836.75
1786624200,29853.25,29894,29837.75,29851.75
1786624260,29850.5,29852.5,29822.75,29827
1786624320,29828.25,29833.25,29820,29832
1786624380,29833,29838.5,29829.25,29838.5
1786624440,29837.75,29849.75,29832.25,29846.5
1786624500,29846.75,29854.25,29845.25,29851
1786624560,29851.25,29853.5,29843.25,29851.75
1786624620,29852.25,29852.25,29841,29844.5
1786624680,29844.5,29850.25,29841.5,29842.5
1786624740,29842.25,29856.25,29840,29853.25
1786624800,29853.25,29853.25,29843.75,29846
1786624860,29845.25,29859,29842,29853.5
1786624920,29854.75,29872,29854,29857.5
1786624980,29857.5,29858.75,29836.25,29841.5
1786625040,29841,29851,29840,29846
1786625100,29845.5,29849,29842.75,29846.5
1786625160,29847.25,29850,29843.75,29848.75
1786625220,29848.25,29856.75,29845.25,29854.25
1786625280,29854.5,29863,29839.5,29844.5
1786625340,29844,29864.75,29843.5,29858.25
1786625400,29858.25,29860.25,29854.25,29855.5
1786625460,29855.5,29871,29854.75,29870.25
1786625520,29870.25,29877,29868,29871.5
1786625580,29871.25,29873,29865.5,29866.5
1786625640,29866.5,29873.5,29866.5,29872.75
1786625700,29872.5,29879.75,29870.5,29876
1786625760,29876.25,29877.75,29871.75,29872.5
1786625820,29872.25,29877.5,29870.75,29876.25
1786625880,29877,29878,29870,29871.25
1786625940,29871.75,29881.5,29868.75,29880.75
1786626000,29880.5,29892.25,29878.75,29889.5
1786626060,29889.5,29891.5,29882.5,29887.25
1786626120,29887.5,29898.5,29887,29896.75
1786626180,29897.25,29904,29896,29902.25
1786626240,29902.5,29910.75,29901.75,29909
1786626300,29909,29914.75,29907,29912.25
1786626360,29912.5,29913.5,29908,29913.25
1786626420,29913,29914.5,29906.25,29911
1786626480,29911,29914.5,29905.25,29909.75
1786626540,29909.5,29921,29909.5,29918
1786626600,29917.75,29918.5,29910,29911.25
1786626660,29911.75,29914.25,29908.5,29912.25
1786626720,29912.75,29913,29905,29907.75
1786626780,29908,29909,29902.5,29904.25
1786626840,29904.75,29910.75,29903,29908.5
1786626900,29908.25,29909.5,29903,29904.75
1786626960,29905,29906.25,29899.75,29903.5
1786627020,29903.5,29906.5,29902.25,29902.75
1786627080,29903,29906.75,29900,29905
1786627140,29905.5,29910.5,29904,29907.5
1786627200,29907,29915.5,29905.5,29914.25
1786627260,29914.25,29915.25,29905.75,29908.5
1786627320,29908.75,29911.25,29903,29907.75
1786627380,29907.25,29910.5,29906,29906.75
1786627440,29906.75,29911.75,29906.25,29907.75
1786627500,29907,29917.25,29904.25,29911.75
1786627560,29912,29920,29912,29915.75
1786627620,29916,29918,29910.25,29912.75
1786627680,29912.75,29918.5,29908.5,29912.5
1786627740,29912.25,29914.25,29909,29910.25
1786627800,29911.25,29912.75,29880,29892.25
1786627860,29892.75,29906,29866.5,29872
1786627920,29872,29887.5,29862.75,29880.25
1786627980,29880,29914.5,29879.5,29900.5
1786628040,29900.75,29947,29900.75,29945.75
1786628100,29945.5,29980,29940,29979.75
1786628160,29979.75,30025.75,29978,30024.75
1786628220,30024.5,30037.25,30019.5,30031
1786628280,30031,30031.75,30019.25,30027.75
1786628340,30027.5,30040,30020.25,30038.5
1786628400,30037.75,30049,30033,30045.5
1786628460,30045.5,30053.75,30011.25,30011.5
1786628520,30011,30038,30009.25,30031.25
1786628580,30031.75,30037,30006,30007.5
1786628640,30007.5,30018,29995.5,30013
1786628700,30012.75,30065,30005.5,30063.75
1786628760,30063.25,30096.75,30062.75,30095
1786628820,30095.25,30113.5,30090.75,30108.25
1786628880,30108,30125.25,30103.75,30122.75
1786628940,30123,30145.5,30121.75,30135
1786629000,30135.25,30155.5,30119,30152.75
1786629060,30153,30154.5,30140.25,30148.75
1786629120,30149,30153.5,30131.25,30139
1786629180,30138.5,30139.5,30122.5,30124.5
1786629240,30124.5,30151.25,30123,30145.75
1786629300,30146.25,30150,30130,30132
1786629360,30132,30149,30120,30148.25
1786629420,30148,30154.5,30142.25,30153
1786629480,30152.5,30181,30150.5,30178
1786629540,30178,30180.75,30172.75,30175.75
1786629600,30175.75,30184.5,30155.75,30182.25
1786629660,30181.75,30181.75,30159.5,30168.5
1786629720,30168.25,30186.25,30167,30181.5
1786629780,30181.25,30181.5,30164.5,30168.75
1786629840,30169,30179.5,30160,30176.5
1786629900,30177.25,30190.25,30173.5,30181.75
1786629960,30181.5,30183.75,30170,30173
1786630020,30173.25,30177,30160.5,30172.75
1786630080,30171.75,30175.75,30164.5,30174.5
1786630140,30173.75,30184.75,30173.25,30179.5
1786630200,30178.75,30198.5,30178.25,30197.75
1786630260,30197.75,30211.25,30192,30208.75
1786630320,30208.75,30210.75,30202.75,30206.75
1786630380,30207,30214.5,30203,30206.25
1786630440,30206.5,30210.25,30196.5,30205.5
1786630500,30205.5,30208.75,30198.75,30204.25
1786630560,30204.5,30216,30198.5,30207
1786630620,30207,30208.75,30194.25,30205.5
1786630680,30205,30219,30199.25,30209.5
1786630740,30209.75,30215,30196,30197.75
1786630800,30197.75,30198,30185,30193.75
1786630860,30193.75,30208,30190.75,30206.25
1786630920,30206.25,30209.5,30198.75,30207.5
1786630980,30207.25,30216.75,30205,30210.5
1786631040,30210.5,30216,30204.5,30205.5
1786631100,30206,30214.75,30198,30213
1786631160,30212.25,30213.5,30204.5,30208.75
1786631220,30208.5,30214,30203.75,30211.75
1786631280,30211.5,30234,30207.5,30231.25
1786631340,30231.25,30237.75,30226.75,30233.5
1786631400,30233,30239,30227.5,30236
1786631460,30236,30249.25,30234.25,30249
1786631520,30249,30260.5,30246.25,30254.5
1786631580,30254.5,30256.5,30247.75,30251.75
1786631640,30251.5,30266.75,30251.25,30263
1786631700,30263.25,30267,30258.5,30262.25
1786631760,30262.25,30264.75,30254,30261
1786631820,30260.75,30263.75,30255.5,30256.75
1786631880,30256.5,30256.75,30240.25,30247.25
1786631940,30247.25,30256,30246,30251.5
1786632000,30252,30260.75,30249.5,30257.75
1786632060,30257.75,30257.75,30240,30241.25
1786632120,30241,30246.75,30237,30244
1786632180,30244,30249,30232.5,30243
1786632240,30243,30244.25,30235.75,30236
1786632300,30236,30237,30218.25,30220
1786632360,30219.75,30241.25,30216.5,30236
1786632420,30236,30241.5,30230.75,30234.5
1786632480,30234.25,30236.75,30218,30224.25
1786632540,30224.5,30226,30212,30218.5
1786632600,30218.75,30224.75,30208,30210
1786632660,30210,30225.25,30210,30219.5
1786632720,30219,30228.75,30213.25,30223
1786632780,30222.75,30223.75,30212,30219.25
1786632840,30219,30228.25,30214.75,30227
1786632900,30226.25,30227.5,30200.75,30204.25
1786632960,30204.5,30210,30199.5,30206.75
1786633020,30206.5,30216,30203.5,30215.25
1786633080,30214.75,30218.25,30202,30216
1786633140,30215.75,30216.5,30197.75,30199.5
1786633200,30199.25,30221.75,30194,30218.75
1786633260,30218.75,30229,30218.75,30226.5
1786633320,30226.25,30233.5,30214.25,30216
1786633380,30216.25,30219,30196.5,30198.5
1786633440,30198.5,30204.25,30195,30198.5
1786633500,30199,30220,30198,30219.5
1786633560,30219,30224,30209,30214.75
1786633620,30214.75,30219,30205,30205
1786633680,30205,30215.5,30198.5,30204.25
1786633740,30204.25,30216.5,30201.25,30214.25
1786633800,30214.25,30222.75,30206,30221.75
1786633860,30221.25,30228.5,30220,30224.25
1786633920,30223.75,30227,30211,30211.75
1786633980,30212,30229.75,30210.25,30226
1786634040,30226.75,30228,30212.75,30217.5
1786634100,30217.75,30222.5,30211.5,30219.5
1786634160,30220,30223.25,30211,30212.75
1786634220,30214,30225.25,30208.75,30215.25
1786634280,30214.75,30218.5,30202.25,30210.5
1786634340,30210.75,30226.75,30208,30226.25
1786634400,30226,30240.25,30220.5,30225
1786634460,30224.75,30236,30221.5,30235.5
1786634520,30235.5,30236,30224,30233.5
1786634580,30233.75,30233.75,30225.5,30233.5
1786634640,30233.5,30238.75,30229.25,30230.75
1786634700,30231.25,30236,30216.25,30216.75
1786634760,30217,30223.75,30208.5,30222.75
1786634820,30222.75,30230.5,30195.5,30208.5
1786634880,30208.25,30211.5,30180.5,30183.5
1786634940,30184,30195.25,30179.25,30188.5
1786635000,30188.25,30195.25,30180.25,30184.75
1786635060,30184.75,30198.25,30177.75,30178.75
1786635120,30179.5,30185.25,30168.75,30169
1786635180,30169,30182.25,30167.5,30173.25
1786635240,30173.25,30177,30143.5,30146
1786635300,30146.25,30166,30144,30155.75
1786635360,30156,30158.5,30133,30141.25
1786635420,30141,30144.75,30128.5,30143.75
1786635480,30143.25,30146.25,30130.75,30145.25
1786635540,30145.25,30153.25,30140,30151.75
1786635600,30150.75,30152,30131.25,30141.5
1786635660,30141.5,30159.25,30141.5,30157.75
1786635720,30157.25,30176.25,30157,30175.5
1786635780,30176,30177,30165.5,30166.5
1786635840,30167,30169.25,30156.25,30156.75
1786635900,30156.75,30156.75,30138.5,30141.25
1786635960,30141.75,30151,30141,30146
1786636020,30145.5,30146.5,30133.25,30139.75
1786636080,30139.75,30142.5,30133,30134.25
1786636140,30134.5,30141.5,30125.5,30140.5
1786636200,30140.5,30142.5,30131.5,30135
1786636260,30135.5,30135.5,30115,30120
1786636320,30119.5,30120.75,30104,30116.25
1786636380,30115.75,30127,30111.5,30125.25
1786636440,30125.5,30128,30116.5,30119.75
1786636500,30120,30128.75,30115.25,30123.25
1786636560,30123.25,30133,30120.5,30131.5
1786636620,30132,30137.25,30116.5,30118.75
1786636680,30118.5,30118.75,30106.75,30110
1786636740,30110,30116.75,30104.75,30115.25
1786636800,30115.5,30130.5,30114,30129.5
1786636860,30130,30144.5,30129,30144
1786636920,30144.5,30159.25,30140.25,30156.75
1786636980,30157,30165.75,30150.75,30164.75
1786637040,30164.75,30165.25,30147.75,30150.25
1786637100,30150.25,30168.75,30150.25,30167.25
1786637160,30167.5,30172.25,30161.5,30163.25
1786637220,30163.25,30168.5,30157.5,30161.75
1786637280,30161.75,30172,30160.75,30170.25
1786637340,30170.75,30173.25,30161.25,30164.5
1786637400,30164.25,30170.75,30162.75,30165.25
1786637460,30165.75,30172.5,30159.25,30160
1786637520,30160,30166,30154.5,30155
1786637580,30155,30158.5,30144.5,30146.75
1786637640,30146.25,30149.25,30138.5,30141.5
1786637700,30141,30152,30140.25,30147.75
1786637760,30147.75,30150,30135.25,30137.25
1786637820,30137.5,30146,30133.25,30139.5
1786637880,30140,30146.75,30138,30141.25
1786637940,30141.25,30148.5,30138.25,30143.75
1786638000,30144,30151.25,30136.75,30150
1786638060,30150,30154.5,30144.25,30151.75
1786638120,30151.5,30163,30148.5,30162.25
1786638180,30162.5,30164.25,30158.25,30163.5
1786638240,30163.75,30169.25,30162.75,30165.25
1786638300,30165.5,30185.5,30163.75,30184
1786638360,30184.5,30185.75,30180,30180.5
1786638420,30180.75,30189.25,30179,30183
1786638480,30182.75,30184.75,30179,30183
1786638540,30182.75,30187,30179,30187
1786638600,30186.75,30196.75,30184,30196.5
1786638660,30196.25,30199.75,30185,30193
1786638720,30192.5,30195.5,30186,30187
1786638780,30187,30197.75,30187,30195.5
1786638840,30196,30198,30187.25,30187.5
1786638900,30187.25,30194.75,30185,30191.75
1786638960,30192.25,30193.5,30185.75,30187.75
1786639020,30187.25,30192,30181.25,30184.5
1786639080,30184.25,30190,30179.25,30186.25
1786639140,30186.5,30189.75,30168,30176
1786639200,30176.5,30178.5,30170.25,30173
1786639260,30172.75,30179.5,30170,30178.5
1786639320,30178.75,30187.75,30174,30186.5
1786639380,30186.5,30187.5,30182.75,30186.25
1786639440,30186.5,30187.75,30183,30183.5
1786639500,30183.25,30191.5,30182.5,30188
1786639560,30188,30190,30184,30187.25
1786639620,30187.25,30192.5,30185.5,30191
1786639680,30191.25,30196,30190.25,30194.25
1786639740,30194.5,30195.5,30190.5,30192.25
1786639800,30192.25,30198.25,30191.25,30197.5
1786639860,30197.75,30203.5,30194.75,30196
1786639920,30195.75,30197.25,30187.25,30187.5
1786639980,30187.75,30190.75,30185.75,30186
1786640040,30186.25,30189.25,30181.25,30181.5
1786640100,30181.75,30188,30176.25,30185.5
1786640160,30185.75,30186.5,30179.75,30182.75
1786640220,30182.75,30187,30180.75,30184
1786640280,30184.5,30188.5,30184.25,30187.75
1786640340,30187.75,30194,30187.25,30193.5
1786640400,30194,30210.25,30192.75,30208.5
1786640460,30208.75,30218,30207,30213
1786640520,30213.5,30215.25,30210.75,30212.5
1786640580,30212,30219,30208.25,30218.5
1786640640,30218.75,30219.75,30214.75,30218.25
1786640700,30218,30227.75,30216.5,30226.5
1786640760,30226.5,30228.25,30217.5,30219
1786640820,30219,30223,30217,30220.5
1786640880,30220.5,30232.25,30220.25,30224.75
1786640940,30224.5,30228.25,30220,30227
1786641000,30227.25,30231.25,30223.75,30229.5
1786641060,30229.5,30233,30227.25,30232.25
1786641120,30231.75,30232.75,30227.25,30228.5
1786641180,30228.25,30229.25,30224.25,30227.25
1786641240,30227.5,30229,30225.75,30226
1786641300,30226.25,30230.25,30224.25,30225.5
1786641360,30225.75,30234,30225.5,30232.25
1786641420,30232,30235.75,30230.25,30232
1786641480,30232,30239.5,30230,30235.5
1786641540,30236,30243.5,30233.5,30243
1786641600,30243,30250.25,30239.75,30240.5
1786641660,30240,30245.25,30237,30242.5
1786641720,30242.5,30242.5,30235.5,30240
1786641780,30240,30242.75,30236,30238.5
1786641840,30238.25,30242.25,30237,30240.75
1786641900,30241.25,30244.25,30237.75,30240.25
1786641960,30240.25,30242.75,30236.25,30239.5
1786642020,30239.75,30244.75,30239.25,30242.75
1786642080,30242.25,30246.25,30241.75,30243
1786642140,30243,30245,30235.75,30237.5
1786642200,30237.75,30244.5,30235.5,30241.25
1786642260,30241.25,30243.5,30236.25,30238.5
1786642320,30238.5,30240.75,30236,30238
1786642380,30238.25,30239,30230,30231.5
1786642440,30231.25,30235.5,30230,30234
1786642500,30234,30237,30231.25,30233
1786642560,30233.25,30235.5,30231.5,30233.5
1786642620,30233,30234.5,30224,30224.5
1786642680,30224.75,30228.5,30222.5,30225.5
1786642740,30225.25,30225.75,30221,30225.25
1786642800,30225,30231.5,30222,30231
1786642860,30231,30231,30220.5,30221.25
1786642920,30221.75,30222.75,30216.25,30221
1786642980,30221,30224.25,30219,30221
1786643040,30221.75,30222.5,30212.25,30214.5
1786643100,30214.5,30228.25,30213.75,30223.5
1786643160,30224,30225,30218,30220
1786643220,30219.75,30221.25,30216.75,30219.25
1786643280,30219.25,30223.5,30217.75,30221
1786643340,30220.5,30220.75,30214.5,30217.25
1786643400,30217.5,30222.25,30217.25,30219.5
1786643460,30219.5,30222.25,30210.25,30214
1786643520,30214,30214.75,30210.5,30212
1786643580,30212,30213,30207.5,30212.75
1786643640,30213,30214,30205,30207
1786643700,30206.75,30210.75,30205,30209
1786643760,30209.25,30211,30204.25,30204.75
1786643820,30204.75,30216.75,30204.5,30216.25
1786643880,30216.5,30219.5,30212.25,30216
1786643940,30216,30217,30203.5,30204.25
1786644000,30205,30212,30204.25,30204.75
1786644060,30204.75,30209.25,30203,30206
1786644120,30206,30211,30202,30203.75
1786644180,30203.25,30208.75,30202.75,30208.75
1786644240,30208.75,30209.5,30201,30207.5
1786644300,30207.5,30215.5,30206.5,30213
1786644360,30213,30213.5,30200,30200.25
1786644420,30200.5,30205.75,30196.25,30199
1786644480,30199,30200.5,30194.25,30195.5
1786644540,30195.75,30199.25,30194.5,30197.25
1786644600,30197.5,30203.75,30189.25,30201.75
1786644660,30201.5,30202.75,30198.25,30201
1786644720,30200.5,30204.75,30197.5,30199
1786644780,30199,30203,30196.25,30199
1786644840,30199.25,30202.75,30196.75,30201.25
1786644900,30201.5,30208,30201,30203.75
1786644960,30203.75,30206,30195.25,30196.5
1786645020,30197,30203,30192.75,30201
1786645080,30201,30202.5,30195.75,30196.5
1786645140,30196.5,30198.5,30193.25,30195
1786645200,30194.75,30199.25,30186,30198.25
1786645260,30198.5,30198.5,30193,30197.25
1786645320,30197.25,30201,30195.25,30199.25
1786645380,30199.75,30201,30188,30189.75
1786645440,30189.25,30191,30181,30184
1786645500,30183.5,30195.25,30183.25,30189.75
1786645560,30190.25,30194.25,30188.5,30192.75
1786645620,30192.5,30193,30184.5,30186.25
1786645680,30186,30195.75,30184.75,30194.75
1786645740,30195,30195.25,30190.5,30192
1786645800,30192.25,30205.5,30191.5,30202.75
1786645860,30202.75,30207,30201.5,30205.75
1786645920,30205.5,30209.75,30203.5,30207.5
1786645980,30207.75,30219.25,30207.25,30218.5
1786646040,30218,30220.5,30212.25,30215.75
1786646100,30215.5,30219.5,30212.25,30218.75
1786646160,30218.75,30221.75,30213.25,30214
1786646220,30214.5,30223,30214.5,30219
1786646280,30218.75,30222.5,30217.5,30222.25
1786646340,30221.75,30222.5,30215.5,30220.25
1786646400,30220.5,30225,30216.25,30217.75
1786646460,30218.25,30232.75,30216.75,30231.75
1786646520,30231.5,30236.75,30229,30231.5
1786646580,30231.5,30232,30225.75,30229.25
1786646640,30229,30234,30227.5,30228.5
1786646700,30229,30236.5,30228.25,30234
1786646760,30234,30241.5,30232.5,30241
1786646820,30241.25,30243,30237,30239.5
1786646880,30239.5,30240.25,30236.5,30238.75
1786646940,30238.75,30241,30237.25,30239.75
1786647000,30240,30241.5,30235.25,30237
1786647060,30237,30241.25,30235.25,30236.75
1786647120,30237.5,30242.75,30231.25,30242.5
1786647180,30242.75,30244,30239,30241.25
1786647240,30241.5,30244,30238.25,30239.25
1786647300,30239,30242.5,30236,30240.25
1786647360,30240.5,30245.75,30239.75,30241.5
1786647420,30241.75,30244.5,30238.25,30239.5
1786647480,30240,30243.75,30236.25,30243.25
1786647540,30243.25,30246,30242.75,30244
1786647600,30244.25,30255,30241.5,30253.25
1786647660,30253.25,30255,30249,30251.25
1786647720,30251.5,30254.5,30249.75,30249.75
1786647780,30250.25,30251.75,30247.5,30251.25
1786647840,30251.5,30252,30242.25,30246.25
1786647900,30246.25,30255,30239.5,30254.75
1786647960,30254.75,30264.75,30254.5,30260.75
1786648020,30261,30264,30256.25,30260
1786648080,30260,30269.75,30258.25,30268.5
1786648140,30268.5,30273.25,30262.5,30266.75
1786648200,30267,30267.5,30260.75,30261.5
1786648260,30261.75,30262.75,30258,30260
1786648320,30260.5,30260.5,30244.5,30245
1786648380,30245.5,30248.25,30231.75,30234.5
1786648440,30234.5,30239.25,30232.5,30238.75
1786648500,30238.5,30240,30228.5,30240
1786648560,30240.25,30241,30223.5,30227.5
1786648620,30227.5,30230.75,30221.25,30229.5
1786648680,30229.25,30235.5,30226.5,30234.25
1786648740,30233.75,30241,30232.25,30240.5
1786648800,30240.5,30245.5,30238,30244
1786648860,30244.25,30245.75,30235.25,30236.75
1786648920,30236.25,30239.75,30233.75,30238.5
1786648980,30238.5,30240.25,30235.25,30238.5
1786649040,30239,30239,30232.25,30233
1786649100,30233.25,30235.25,30223,30223.25
1786649160,30223.25,30225.5,30214.75,30221.25
1786649220,30220.75,30225.75,30218.75,30224.75
1786649280,30224.5,30232.5,30224,30229.5
1786649340,30229.75,30230.25,30217.75,30222.75
1786649400,30223,30227.5,30210.75,30225
1786649460,30224.75,30227.5,30223.5,30224.25
1786649520,30224.25,30227.75,30219.25,30220.25
1786649580,30219.75,30225,30216.25,30216.5
1786649640,30216.5,30216.75,30210.75,30216.25
1786649700,30216.25,30224,30213.25,30214.75
1786649760,30215,30222,30213,30218.25
1786649820,30218.5,30220,30214.75,30218.25
1786649880,30218.5,30222,30212,30213.75
1786649940,30213.25,30220,30213,30219.75
1786650000,30220,30223.25,30217.25,30221
1786650060,30221,30222.25,30207.75,30222
1786650120,30222.25,30222.75,30211.75,30212
1786650180,30212.5,30214.75,30208.5,30212.5
1786650240,30213,30215.75,30202.75,30204.75
1786650300,30204.75,30205.25,30197.25,30198.5
1786650360,30198.75,30207.5,30198.25,30203.75
1786650420,30203.5,30203.75,30196,30196.75
1786650480,30196.5,30204.25,30194.75,30202
1786650540,30202,30205.25,30196,30201.75
1786650600,30201.5,30202.75,30186.5,30189.75
1786650660,30189.75,30194.5,30182.75,30192.5
1786650720,30192.5,30198.25,30188,30189
1786650780,30189,30194,30184.25,30193.25
1786650840,30193.25,30205.25,30190,30191.75
1786650900,30193,30197.75,30173.5,30180.5
1786650960,30180.5,30183.75,30174.75,30180.5
1786651020,30180.25,30189.75,30177.75,30184.5
1786651080,30184.5,30190.75,30178.75,30184.25
1786651140,30184,30197.25,30180.75,30194.75
1786651200,30194.5,30207.25,30190.75,30206
1786651260,30206,30206,30141,30197
1786651320,30197.25,30218,30188.25,30213
1786651380,30212.25,30213.75,30198,30208.75
1786651440,30209.25,30212.25,30201.5,30204
1786651500,30204.5,30219.5,30202.75,30217.75
1786651560,30218,30219.25,30207.75,30209.75
1786651620,30208.75,30211.25,30200,30207.75
1786651680,30208.5,30209.5,30193.25,30196.25
1786651740,30197.25,30200.5,30193,30200.5
1786651800,30200.5,30203.5,30196,30197.25
1786651860,30196.75,30207.75,30195,30207.5
1786651920,30207.5,30210,30203,30208.25
1786651980,30209,30214.75,30206.75,30208
1786652040,30208.25,30210.25,30205,30208.75
1786652100,30208.25,30211.75,30207.25,30207.75
1786652160,30207.5,30214.25,30207.5,30211.25
1786652220,30211,30211.75,30205.5,30207.5
1786652280,30206.5,30210.25,30204.5,30208.25
1786652340,30208.5,30210.25,30202,30204
1786652400,30204.75,30204.75,30201,30202.5
1786652460,30202.25,30204.5,30196.25,30200
1786652520,30199.75,30200.25,30191.25,30193.5
1786652580,30193,30199.75,30192,30197.75
1786652640,30197,30199,30194.25,30197
1786652700,30197.25,30201.25,30193.75,30200.75
1786652760,30200.5,30204,30199.25,30203
1786652820,30203,30205,30201.5,30203
1786652880,30203,30204.75,30202.25,30203.5
1786652940,30203.75,30206.5,30195.75,30198.5
1786653000,30197.5,30199.75,30194.5,30199.5
1786653060,30199.5,30205.75,30196.75,30204.5
1786653120,30205,30208.75,30200,30200.75
1786653180,30200.25,30203.25,30200,30200.5
1786653240,30200.5,30202.75,30197.5,30202.75
1786653300,30202.25,30203.5,30200.5,30202.75
1786653360,30203,30206.5,30202.5,30205.5
1786653420,30205.5,30211.75,30203.25,30210.25
1786653480,30210.5,30212.5,30209,30210.25
1786653540,30211,30212.75,30209.75,30212.25
1786653600,30212,30213.25,30210.25,30211.5
1786653660,30211.25,30215.5,30209.75,30211.25
1786653720,30210.5,30212,30209.25,30210.75
1786653780,30210.5,30212.75,30209.25,30210.5
1786653840,30210,30210.75,30207,30209.75
1786653900,30209.5,30211.75,30206.5,30210
1786653960,30209.75,30212.75,30208.25,30210
1786654020,30209.75,30214.25,30208.75,30211.5
1786654080,30211.25,30212,30210,30211
1786654140,30210.5,30212.75,30208.5,30210
1786654200,30209.75,30213.5,30209,30212.75
1786654260,30213.5,30215.5,30208.5,30210.25
1786654320,30209.75,30212,30209,30210.75
1786654380,30210.75,30214.25,30210.75,30213
1786654440,30212.75,30213.75,30212,30213.25
1786654500,30212.75,30215.25,30209.5,30210.75
1786654560,30210.75,30214.25,30210.75,30212.75
1786654620,30213,30214.5,30212.5,30212.75
1786654680,30213.25,30216,30212.75,30215.5
1786654740,30215.5,30219.5,30213.25,30216.25
1786658400,30213,30218,30186.75,30196.25
1786658460,30196,30211,30194.75,30208.75
1786658520,30207.5,30212,30205.5,30208.75
1786658580,30208.5,30209.75,30202.5,30206
1786658640,30205.5,30206,30198.75,30200.75
1786658700,30200.5,30216.5,30199,30210.5
1786658760,30210.5,30211,30200,30201.75
1786658820,30200.75,30202.25,30195.5,30200.75
1786658880,30200.75,30208.75,30198,30199.75
1786658940,30200,30201,30197.75,30199.75
1786659000,30199,30203.5,30192,30192.5
1786659060,30193.5,30198.75,30192.75,30198
1786659120,30198,30199.75,30194.75,30198.5
1786659180,30199.25,30199.5,30195,30198
1786659240,30198.5,30199.25,30196.25,30196.5
1786659300,30196.25,30196.75,30189.75,30191.25
1786659360,30191,30195.75,30190.75,30195
1786659420,30194.25,30204.25,30193.25,30199.75
1786659480,30200.25,30206.5,30198.5,30202.5
1786659540,30201.75,30204.5,30201.5,30203.25
1786659600,30202.75,30204.5,30198.75,30200.5
1786659660,30201,30202,30190.25,30195.5
1786659720,30196,30198,30195,30197.75
1786659780,30197.75,30198.25,30194.5,30195.5
1786659840,30196,30199.5,30195.5,30197.5
1786659900,30197.25,30198,30195.75,30198
1786659960,30196.75,30198.25,30196,30198
1786660020,30197.75,30199,30196.5,30197.25
1786660080,30197.25,30199.5,30196.75,30199
1786660140,30199,30200,30196.75,30198.25
1786660200,30198.25,30203.75,30197.5,30202
1786660260,30201.75,30204,30200.5,30203.75
1786660320,30203.25,30205,30202.5,30203.75
1786660380,30203,30206.25,30201.5,30204.5
1786660440,30203.75,30206.75,30203,30205.5
1786660500,30205.75,30209.25,30205.75,30206.75
1786660560,30206.25,30208,30204.25,30206.5
1786660620,30206.5,30207,30205,30205.5
1786660680,30205,30205.75,30202.5,30203.5
1786660740,30203.5,30204.25,30201.5,30202
1786660800,30202.75,30205,30202.25,30203.5
1786660860,30204.25,30204.5,30201.5,30204.25
1786660920,30204,30206.5,30203.25,30205
1786660980,30205.75,30206,30202.5,30203.25
1786661040,30203.75,30210,30202.5,30207.25
1786661100,30206.75,30207.5,30205.5,30206
1786661160,30205.5,30205.5,30199.75,30202.75
1786661220,30202.25,30203.25,30200.75,30201.75
1786661280,30202.5,30203.75,30200.75,30201.75
1786661340,30202.75,30203,30201,30201
1786661400,30201.25,30205.25,30200.75,30203.75
1786661460,30203.5,30204,30200,30202.25
1786661520,30202.25,30204.75,30201,30202.5
1786661580,30203.5,30203.75,30200.5,30201.75
1786661640,30202.5,30207,30201.75,30203.25
1786661700,30203.25,30204.75,30200.5,30204
1786661760,30203.5,30203.75,30201,30201.5
1786661820,30202.5,30204.75,30201.5,30203.75
1786661880,30203,30203,30200.5,30202.75
1786661940,30201.75,30204.5,30201.25,30204.5
1786662000,30203,30204.5,30202.5,30203.5
1786662060,30204.25,30205,30202,30203.25
1786662120,30203.5,30203.5,30199.25,30202
1786662180,30202,30203.75,30202,30202.75
1786662240,30202.75,30205.75,30202.75,30204.25
1786662300,30205,30206.75,30204,30204.5
1786662360,30205,30207.25,30204.75,30205.5
1786662420,30205.75,30214.25,30204.75,30213.75
1786662480,30213,30213.75,30206.5,30210
1786662540,30210.25,30213.5,30210,30212.75
1786662600,30213,30218,30212.75,30216.5
1786662660,30216.75,30217,30214.75,30216.75
1786662720,30217,30218,30213,30217
1786662780,30216.5,30219,30215.25,30218
1786662840,30217.75,30225.75,30216.75,30224.75
1786662900,30224.75,30227.25,30215.75,30218
1786662960,30217.25,30219.5,30215.75,30219
1786663020,30219,30222,30217,30218.5
1786663080,30217.75,30219,30207,30208.25
1786663140,30208,30214.75,30207,30213.25
1786663200,30214.25,30214.25,30211.5,30212.25
1786663260,30212.5,30213.25,30210.5,30212
1786663320,30211.75,30213,30205,30209
1786663380,30208.25,30209,30195.75,30197.5
1786663440,30197.25,30201,30192.25,30198.75
1786663500,30199.5,30203.75,30197.5,30202
1786663560,30201.25,30203,30199.75,30203
1786663620,30202.75,30202.75,30200.5,30202.75
1786663680,30202.25,30203.5,30198,30198.75
1786663740,30199.5,30201.25,30197.75,30199
1786663800,30199,30202.25,30195.25,30200.5
1786663860,30201.25,30203.25,30197.75,30200.5
1786663920,30201,30202.75,30197.75,30199.5
1786663980,30199.5,30201.5,30199.25,30200
1786664040,30200.5,30204.25,30199.75,30201.5
1786664100,30201.5,30203,30200.5,30201
1786664160,30201.75,30202.25,30199.75,30201
1786664220,30200.75,30203.5,30200,30202
1786664280,30202.5,30202.5,30195.75,30196
1786664340,30196.75,30198.5,30195,30197.5
1786664400,30198,30198,30193.75,30194.5
1786664460,30194.75,30198,30193,30196.5
1786664520,30196.25,30199.25,30196.25,30197.5
1786664580,30198,30201.75,30196,30199
1786664640,30200,30200.25,30195.5,30196.5
1786664700,30196.5,30203.25,30188.75,30199.75
1786664760,30199,30202,30194,30196.25
1786664820,30196.25,30198.75,30195.25,30197.25
1786664880,30197.25,30199.25,30197,30198.75
1786664940,30198.5,30198.5,30193.5,30195.75
1786665000,30196.5,30197,30192.5,30196.75
1786665060,30196.75,30199,30195.25,30198
1786665120,30198.25,30198.75,30195.5,30196.25
1786665180,30196.75,30198.5,30195.5,30198.5
1786665240,30197.5,30199.25,30196.25,30197.75
1786665300,30197.25,30200.25,30196,30200
1786665360,30199.75,30202.75,30199.25,30201.25
1786665420,30200.75,30202.5,30199.25,30200.75
1786665480,30201.25,30201.75,30197.75,30198.5
1786665540,30198.5,30205.25,30197.25,30203.25
1786665600,30203.25,30217.5,30198.75,30214
1786665660,30214.25,30222,30210.5,30217.75
1786665720,30218,30232.5,30217.25,30226.75
1786665780,30227,30230,30223.25,30227
1786665840,30226.5,30230.25,30224.5,30228.25
1786665900,30228.25,30232,30216.5,30217.75
1786665960,30217.75,30221.5,30202.5,30206.75
1786666020,30207,30211.5,30198.25,30199.5
1786666080,30200,30208,30196,30207.5
1786666140,30207,30214,30205.25,30211
1786666200,30212,30213.5,30205.5,30211.25
1786666260,30211.25,30211.5,30201.25,30208.75
1786666320,30209.5,30212.75,30198.75,30203.5
1786666380,30203.25,30206.5,30202,30204
1786666440,30204,30204,30199.5,30200.5
1786666500,30200.75,30204.5,30192,30198.5
1786666560,30198.5,30201,30178,30180.75
1786666620,30180.75,30188.5,30178,30186.5
1786666680,30186,30186.25,30181,30184.75
1786666740,30183.25,30189,30178.5,30184.25
1786666800,30185.25,30187.25,30181.5,30184.25
1786666860,30184,30190,30182.25,30187
1786666920,30185.75,30187,30180.75,30182.25
1786666980,30181.5,30189,30179.75,30184.75
1786667040,30184.5,30186.5,30181.25,30181.75
1786667100,30181.75,30182.5,30178.5,30182
1786667160,30181.25,30188,30177,30187.25
1786667220,30186.75,30190.25,30184.25,30187.75
1786667280,30187.5,30192,30186.5,30188.75
1786667340,30189,30190.25,30184.5,30185
1786667400,30184.5,30191.75,30180.25,30182.75
1786667460,30182.75,30182.75,30173.75,30178.75
1786667520,30178.5,30184.5,30178,30181.25
1786667580,30181.25,30184.25,30180.25,30182.75
1786667640,30183.25,30185,30181.5,30182.75
1786667700,30182.5,30185.75,30181.75,30183.5
1786667760,30184.5,30184.5,30180,30180.5
1786667820,30181.75,30186.25,30180,30185.5
1786667880,30185.25,30186.25,30183.25,30185.25
1786667940,30185.25,30189,30184.75,30186
1786668000,30186,30186,30182,30184
1786668060,30184,30189.75,30183.75,30187.25
1786668120,30188.5,30190,30181,30182.5
1786668180,30181.5,30183.5,30176.25,30178.25
1786668240,30179,30181.25,30175.75,30178.5
1786668300,30179.25,30186.75,30178.75,30181.5
1786668360,30180.75,30183,30176.75,30181.75
1786668420,30182.5,30184.5,30179,30179.5
1786668480,30179.75,30181,30171.5,30175.25
1786668540,30174.75,30177.5,30172.5,30173.5
1786668600,30173.25,30181,30169.5,30180
1786668660,30180.5,30181,30169.75,30172.5
1786668720,30173,30174.25,30169.5,30169.5
1786668780,30169.5,30172.5,30167.75,30170.5
1786668840,30170,30173,30169.5,30171.75
1786668900,30172,30173.5,30168.25,30170.5
1786668960,30171.25,30172.25,30165.25,30167.5
1786669020,30167.25,30171.25,30166.25,30170.25
1786669080,30171.25,30174.75,30168,30169.25
1786669140,30168.75,30173.75,30168.75,30169.75
1786669200,30169.5,30169.75,30157,30157.25
1786669260,30157.75,30158.5,30146.25,30147
1786669320,30148,30152,30138.5,30141.5
1786669380,30140.75,30145.25,30133.25,30134.75
1786669440,30135.75,30139.75,30128.25,30136.5
1786669500,30136.25,30148.25,30135.75,30146
1786669560,30146,30148.75,30142,30148.75
1786669620,30149,30152,30145.5,30147
1786669680,30146.75,30149.75,30142.5,30146
1786669740,30146.75,30150.5,30142.75,30144.25
1786669800,30144,30145.25,30137.75,30143
1786669860,30142.75,30142.75,30131.5,30131.5
1786669920,30131.5,30135.25,30125.25,30127.75
1786669980,30127.5,30129.25,30124.25,30128
1786670040,30128,30130,30124.5,30128.75
1786670100,30129,30133,30124.25,30130
1786670160,30130,30131.5,30125,30131.25
1786670220,30131.5,30137.5,30130.5,30132.75
1786670280,30132,30134.75,30127.5,30133.25
1786670340,30133.75,30136.25,30130,30134.75
1786670400,30133.25,30144.5,30128.75,30143
1786670460,30143.5,30149.5,30140.75,30148.25
1786670520,30147.5,30150.75,30145,30146.5
1786670580,30147,30153.75,30145.75,30148.25
1786670640,30147,30147.5,30143.25,30143.75
1786670700,30144,30144.5,30138,30139
1786670760,30139.5,30146.25,30133.25,30146
1786670820,30146.25,30147.75,30142.5,30146.75
1786670880,30146.5,30153,30145.75,30151.75
1786670940,30152.75,30154.75,30150.25,30152.5
1786671000,30152.75,30155.25,30143.25,30149
1786671060,30148,30149.75,30143.75,30145.75
1786671120,30145.75,30147.25,30140.5,30144.5
1786671180,30144.75,30147.5,30143.5,30146.5
1786671240,30146.75,30149.75,30140.75,30149.25
1786671300,30148.25,30154.75,30146,30153.75
1786671360,30153,30154,30148.25,30149.75
1786671420,30150,30154.75,30149,30151.5
1786671480,30151.75,30157.75,30150.25,30155.75
1786671540,30156,30160.25,30155.25,30157
1786671600,30157.25,30159.75,30153.75,30154.25
1786671660,30154.75,30159.5,30152.5,30158.5
1786671720,30158,30159.75,30156.25,30158.75
1786671780,30158.5,30164.75,30158,30158.25
1786671840,30158,30161.5,30155,30160.25
1786671900,30159.75,30164.25,30159.25,30162
1786671960,30162.5,30166.5,30159,30165
1786672020,30165.75,30166.25,30162.75,30165.75
1786672080,30165.5,30166.25,30161.25,30161.75
1786672140,30161.75,30168.25,30161.5,30164.25
1786672200,30165.75,30167.25,30157,30157.25
1786672260,30157.75,30168.5,30157,30165.25
1786672320,30165.5,30165.5,30152.25,30161.5
1786672380,30160.75,30161.25,30157,30159
1786672440,30158.75,30158.75,30151.25,30154.25
1786672500,30154.75,30158.25,30153,30155.25
1786672560,30155.25,30158.25,30153.75,30156.5
1786672620,30156,30158,30151.5,30153.75
1786672680,30154,30157.25,30150.75,30151.25
1786672740,30151.25,30152.25,30149.5,30151.75
1786672800,30152,30155.25,30149,30150.5
1786672860,30151,30157.75,30151,30155.75
1786672920,30156.25,30163.75,30155.75,30163.75
1786672980,30163.75,30173.25,30163.25,30169.5
1786673040,30169,30170.5,30165.25,30168
1786673100,30168,30170.25,30162.75,30168.5
1786673160,30167.75,30170,30166.75,30168.25
1786673220,30168,30169.5,30166,30168.25
1786673280,30168.5,30169.75,30162.25,30162.75
1786673340,30162.5,30166.5,30160.5,30164.75
1786673400,30164,30167.75,30163,30166.25
1786673460,30166.25,30172,30165,30166.25
1786673520,30166.25,30169,30166.25,30166.75
1786673580,30166.5,30167,30162.5,30165.25
1786673640,30164.75,30169.75,30164,30167.5
1786673700,30167.25,30169.25,30164.75,30169
1786673760,30169.25,30170.25,30164.5,30167
1786673820,30167,30167.5,30160.75,30161
1786673880,30161,30163.75,30158.75,30159
1786673940,30158.75,30159.25,30156.25,30158.5
1786674000,30157.25,30165.75,30156.25,30163
1786674060,30163,30166,30162.5,30165.5
1786674120,30165.75,30170,30164.5,30167.5
1786674180,30166.75,30167.75,30163,30166
1786674240,30166,30168,30163.25,30164.75
1786674300,30164.5,30168,30161.5,30166.75
1786674360,30166.5,30168,30163.75,30163.75
1786674420,30164.25,30165.5,30159.5,30159.5
1786674480,30159.5,30166,30159.25,30165.5
1786674540,30165.25,30168.75,30163.5,30168
1786674600,30168,30172.5,30167,30170.5
1786674660,30170.75,30172,30168.5,30169.75
1786674720,30168.75,30177,30167.25,30172
1786674780,30173,30174.75,30171.25,30172.75
1786674840,30173.25,30176.5,30172.5,30175
1786674900,30175.5,30178,30173.5,30177.25
1786674960,30177,30181,30175.5,30179.5
1786675020,30179.5,30181,30177.75,30180.75
1786675080,30180.5,30181,30173.5,30175
1786675140,30175.25,30177.5,30173,30173
1786675200,30173.5,30180.25,30171.25,30177.5
1786675260,30178,30178.75,30176.25,30176.25
1786675320,30176,30177,30168.5,30169.75
1786675380,30169.75,30172,30169.75,30170.75
1786675440,30171,30175.5,30169.25,30174.5
1786675500,30174.5,30178,30174.25,30177.25
1786675560,30177.25,30179.5,30163.75,30163.75
1786675620,30164.25,30165.75,30159.5,30164.5
1786675680,30164.75,30166.75,30162.75,30165.75
1786675740,30165.75,30166.75,30161.75,30161.75
1786675800,30162,30165.75,30161.5,30164.25
1786675860,30163.75,30164.5,30161.5,30162.75
1786675920,30162.5,30163,30160,30162.25
1786675980,30161.75,30165,30157.75,30160.5
1786676040,30160,30162.25,30158.5,30159.75
1786676100,30159.75,30160.75,30155.25,30157.5
1786676160,30156.75,30158.25,30152.75,30153
1786676220,30153.5,30156,30149,30153.25
1786676280,30152.75,30156.75,30152,30155
1786676340,30155.5,30156,30152.75,30154.25
1786676400,30154.5,30157,30153,30155.25
1786676460,30155,30158,30152.75,30155.25
1786676520,30153.75,30156,30151,30155
1786676580,30155,30155.5,30152.25,30153.25
1786676640,30152.25,30157,30150.75,30151
1786676700,30151.5,30154.25,30151,30151.5
1786676760,30151.5,30158,30151,30157.75
1786676820,30158.25,30160.5,30156.5,30159.5
1786676880,30159,30159.75,30156.25,30158.5
1786676940,30159,30160.25,30156.5,30159.75
1786677000,30159,30160.25,30157,30159
1786677060,30158.5,30164.75,30157,30162.75
1786677120,30162.5,30163.5,30160.5,30161.75
1786677180,30161.25,30165.25,30161.25,30164.25
1786677240,30163.75,30164.25,30159.25,30162.5
1786677300,30162.25,30167,30161,30166.5
1786677360,30166.75,30169.75,30166,30167.5
1786677420,30167.5,30169.25,30167.25,30168.75
1786677480,30168.5,30169.5,30164,30165
1786677540,30164.75,30168.25,30164.5,30167.25
1786677600,30167.5,30168.25,30165.75,30168
1786677660,30168.25,30171.5,30167.5,30170.75
1786677720,30170.75,30174,30170.75,30171.75
1786677780,30172,30175,30170.5,30172.25
1786677840,30172,30175.75,30171,30175.25
1786677900,30175.25,30176.5,30174,30175.5
1786677960,30175.5,30178.25,30174,30177.5
1786678020,30177.75,30178.25,30175.25,30177
1786678080,30176,30180,30175.75,30178.25
1786678140,30178.75,30180.75,30177.5,30180
1786678200,30180.5,30188.25,30168.5,30176
1786678260,30175.75,30177,30166,30168.5
1786678320,30168.5,30169,30166,30166.5
1786678380,30166.25,30170.75,30166,30169
1786678440,30168.75,30170.5,30166.25,30166.5
1786678500,30166.25,30167.5,30162.5,30164.25
1786678560,30164.5,30166.5,30164.25,30165.75
1786678620,30165.75,30166,30160.5,30164
1786678680,30163.5,30166.25,30161.75,30162
1786678740,30161.5,30165,30160.25,30161.5
1786678800,30162,30163.5,30158.25,30160.25
1786678860,30160,30160.5,30157.25,30158.25
1786678920,30158.75,30161.25,30157.25,30159
1786678980,30158.75,30160.25,30157.25,30159
1786679040,30158.5,30161,30155.5,30158.25
1786679100,30157.5,30160.5,30157,30160.25
1786679160,30160,30162.75,30158.5,30159
1786679220,30159,30161,30157.75,30160.5
1786679280,30160,30160.75,30154.25,30159.5
1786679340,30159.5,30159.5,30156,30158
1786679400,30157.75,30160.75,30157.25,30160
1786679460,30159.75,30162,30157.75,30158.5
1786679520,30158.75,30159.5,30156,30158.5
1786679580,30158.5,30158.5,30154.75,30156.25
1786679640,30156.25,30158.25,30155.5,30157
1786679700,30157,30158.75,30154.5,30157.25
1786679760,30157.5,30158.5,30157.25,30157.75
1786679820,30158.25,30160.5,30157.25,30159.75
1786679880,30159.5,30159.75,30152.75,30153.75
1786679940,30153.75,30155.5,30151.75,30152.25
1786680000,30152.75,30153.5,30150,30151.25
1786680060,30151.25,30151.25,30144.25,30146.75
1786680120,30145.75,30154.25,30144.75,30148.75
1786680180,30151,30156.25,30148.75,30152.25
1786680240,30152.25,30154.5,30148,30151.5
1786680300,30152.5,30157,30149.5,30154
1786680360,30153.5,30154.5,30150.5,30152.5
1786680420,30152,30158,30151.5,30153.75
1786680480,30154.25,30160,30153.75,30157.75
1786680540,30157.75,30161,30152,30153.25
1786680600,30153.5,30156.75,30151.25,30151.25
1786680660,30151.5,30152.75,30147.5,30152.75
1786680720,30153,30153.75,30151,30152
1786680780,30151.75,30158,30151.75,30157.5
1786680840,30157.75,30160.75,30155,30155.5
1786680900,30155,30163,30154.5,30160
1786680960,30159.75,30163.5,30158.75,30161
1786681020,30161.25,30162.75,30159.5,30162.5
1786681080,30162.75,30164,30159.25,30159.25
1786681140,30160.5,30161,30156.5,30158.75
1786681200,30159,30160.75,30156,30158.5
1786681260,30159.25,30159.25,30156.5,30157
1786681320,30157.5,30158.5,30153,30154.5
1786681380,30154,30156.5,30150.25,30156
1786681440,30156,30157.5,30155,30157.5
1786681500,30156.5,30159,30155,30159
1786681560,30159,30165.5,30158.25,30165
1786681620,30164.25,30165.25,30158.5,30161
1786681680,30160.5,30162.5,30155,30158.25
1786681740,30157.75,30159.75,30156,30157.75
1786681800,30158,30159.5,30155.75,30158
1786681860,30158.5,30158.5,30153,30154
1786681920,30153.5,30154,30149.25,30150
1786681980,30150,30152,30147.25,30149.5
1786682040,30150.25,30152.25,30147.25,30148.25
1786682100,30147.5,30148.5,30139,30143.75
1786682160,30143.25,30146.5,30136.5,30138.5
1786682220,30139,30152.5,30138.25,30152.25
1786682280,30153,30154.75,30151.25,30152.75
1786682340,30152.25,30154.5,30152.25,30153.5
1786682400,30153.5,30155.5,30148.75,30154.75
1786682460,30153.75,30161.5,30153.75,30160.25
1786682520,30160.75,30164,30160.25,30162.75
1786682580,30162.5,30163,30156.75,30158.5
1786682640,30158.75,30159.5,30152.5,30154.5
1786682700,30154.75,30155.25,30151.25,30152.25
1786682760,30152.25,30153.75,30147.5,30148.25
1786682820,30147.75,30150.75,30147,30150.5
1786682880,30150.25,30153.25,30149,30149.25
1786682940,30149.75,30152.5,30148.75,30150.25
1786683000,30149,30150,30146.25,30147.5
1786683060,30147.5,30149,30145,30147.25
1786683120,30147.75,30148.75,30145.5,30145.75
1786683180,30145.75,30148.5,30145.75,30147.25
1786683240,30148.5,30150,30146.25,30148.25
1786683300,30148,30148.5,30145,30147.5
1786683360,30148,30150.75,30147.75,30149
1786683420,30148.75,30150,30147.25,30149.5
1786683480,30148.5,30149,30146.5,30147
1786683540,30147.75,30148.25,30146.75,30147.25
1786683600,30147.5,30152.25,30144.75,30148
1786683660,30148,30151,30147.25,30148.75
1786683720,30148.75,30149.5,30140.75,30142
1786683780,30142,30145.75,30141.5,30144.5
1786683840,30145,30145,30136.25,30136.25
1786683900,30136.25,30139.75,30134.75,30138.5
1786683960,30139,30139,30136,30138.5
1786684020,30137.25,30138.25,30133,30134
1786684080,30134.75,30135.25,30128.25,30130.5
1786684140,30130.5,30135,30130.25,30133.25
1786684200,30134,30137,30128,30137
1786684260,30136.5,30137.75,30134,30136
1786684320,30136.25,30143,30135.5,30138.5
1786684380,30139,30144.25,30139,30143.75
1786684440,30143.5,30145.5,30141.75,30143
1786684500,30144,30144.75,30141.25,30141.75
1786684560,30141.5,30143.5,30141,30141.75
1786684620,30142,30150,30142,30149.5
1786684680,30149.75,30153.75,30143.5,30144.5
1786684740,30144.25,30144.25,30138,30143.25
1786684800,30142.75,30146.25,30141.25,30145.25
1786684860,30145.5,30147.5,30143.25,30145
1786684920,30145,30150.5,30145,30147.5
1786684980,30147.5,30150.5,30144.75,30150.5
1786685040,30150.25,30151.25,30148.25,30150.25
1786685100,30149.75,30152,30146.75,30147.75
1786685160,30147.75,30148.5,30144,30146.25
1786685220,30146.5,30151,30146,30148.25
1786685280,30149,30151.75,30149,30151
1786685340,30151,30151.75,30149,30149.75
1786685400,30149.75,30150,30140,30147.75
1786685460,30148.25,30150.5,30147,30147.75
1786685520,30148.5,30152.5,30146.75,30150.25
1786685580,30150.25,30152,30148.75,30151
1786685640,30151.75,30155.75,30150.5,30153
1786685700,30152.75,30164.5,30151.75,30161.5
1786685760,30161.5,30164.25,30160.75,30162.5
1786685820,30161.75,30162.75,30159.5,30161
1786685880,30160.75,30164.25,30160.25,30163.5
1786685940,30163.5,30163.5,30160.5,30161.25
1786686000,30161.25,30161.25,30152.25,30157.5
1786686060,30157.25,30158.25,30152.75,30157.75
1786686120,30157.75,30163.5,30156.5,30163
1786686180,30162.25,30163,30160.25,30161.25
1786686240,30162,30168,30161.25,30166.75
1786686300,30166.75,30168,30164.75,30167.5
1786686360,30167.25,30168,30165.25,30165.5
1786686420,30166,30170.5,30165.25,30170
1786686480,30169.5,30170.5,30167.5,30169
1786686540,30169.25,30175,30169,30172.75
1786686600,30173,30173.75,30170.5,30171.25
1786686660,30171.25,30177,30170.75,30176.5
1786686720,30176.5,30178,30174.75,30175.75
1786686780,30176.25,30177.5,30174.5,30177.5
1786686840,30177.75,30178.25,30175.25,30178
1786686900,30177,30184,30176.5,30179
1786686960,30179,30182,30177,30179
1786687020,30179.75,30181.75,30178.25,30180.25
1786687080,30180,30180.75,30174,30174.75
1786687140,30174.75,30176.25,30172.75,30174
1786687200,30174.5,30178.5,30173.25,30174.75
1786687260,30175.25,30176,30167.25,30167.75
1786687320,30167.75,30167.75,30160.75,30162.75
1786687380,30162.5,30164.5,30155.75,30160
1786687440,30160,30160.5,30149.5,30152.5
1786687500,30152.25,30162.75,30152.25,30159
1786687560,30158.75,30162.5,30157.25,30157.5
1786687620,30157,30159,30155.25,30156.25
1786687680,30156.5,30156.5,30152.75,30155
1786687740,30155,30157.75,30153,30156.5
1786687800,30157,30159.25,30151,30152.5
1786687860,30152,30155.75,30152,30153.5
1786687920,30153.25,30156.5,30151.75,30156.5
1786687980,30155.75,30156.5,30153.5,30154.5
1786688040,30155.75,30156.5,30152.5,30152.5
1786688100,30153,30153.75,30145.75,30149.75
1786688160,30149.75,30153,30149,30151.5
1786688220,30151,30152.5,30149.25,30151.25
1786688280,30152,30152.25,30148.25,30149.25
1786688340,30149.25,30161,30149.25,30159.5
1786688400,30159,30159.75,30151.25,30153.75
1786688460,30153.75,30155.25,30152.75,30153.75
1786688520,30153.75,30156.5,30150.25,30151.25
1786688580,30151.5,30157.75,30151,30157.75
1786688640,30157.75,30160.25,30156.75,30159
1786688700,30159,30159.5,30154.75,30157.5
1786688760,30158,30161.25,30157,30158.5
1786688820,30158.25,30158.25,30153.75,30154.5
1786688880,30155,30158.5,30154,30158.5
1786688940,30158.5,30164.75,30157.25,30162.5
1786689000,30162.25,30165.5,30157.25,30160.5
1786689060,30160.75,30162.75,30159.25,30161.75
1786689120,30162.25,30162.5,30153.5,30155.75
1786689180,30154.5,30157,30154.5,30155.5
1786689240,30155.5,30156.5,30154,30155
1786689300,30154.75,30156.25,30152.5,30154
1786689360,30153.75,30154.5,30149.25,30152.75
1786689420,30152.25,30161,30152.25,30156.25
1786689480,30155.5,30157.75,30154.5,30157
1786689540,30157,30157,30154.5,30155
1786689600,30155.25,30157.75,30154.25,30156.5
1786689660,30156.75,30157.25,30152.5,30154.5
1786689720,30154.25,30156.5,30153.75,30156.25
1786689780,30156,30157.5,30155,30156.25
1786689840,30155.75,30160.75,30155.5,30160
1786689900,30160,30163.25,30160,30162
1786689960,30162,30166.5,30161.75,30165
1786690020,30165.5,30166,30163.75,30164.75
1786690080,30165,30167.75,30163.75,30167.5
1786690140,30167.5,30169,30166.25,30167
1786690200,30167.25,30172.75,30167,30171.25
1786690260,30171.75,30172.75,30168.75,30171.5
1786690320,30171.5,30175.75,30170.75,30172.5
1786690380,30172.25,30173,30170.75,30171.5
1786690440,30171.25,30172.75,30170.25,30171.5
1786690500,30171.25,30171.75,30168.75,30171.75
1786690560,30172.25,30175,30171.5,30174.25
1786690620,30174.25,30176.75,30173.25,30174.5
1786690680,30174.5,30176.75,30174.5,30175
1786690740,30174.5,30177.5,30172.25,30172.5
1786690800,30173,30187.25,30171.25,30183.75
1786690860,30183.25,30186.5,30181.5,30184.75
1786690920,30185,30187.75,30182.25,30182.25
1786690980,30182.5,30193,30182,30192.75
1786691040,30192.25,30193.5,30186.75,30190.5
1786691100,30190.5,30191.75,30178.25,30179.25
1786691160,30178.75,30185,30178.75,30185
1786691220,30185.25,30188.25,30181.5,30182.5
1786691280,30182.75,30193,30182.75,30192.75
1786691340,30192.25,30194.5,30187.5,30190
1786691400,30190.25,30192,30185.25,30187.5
1786691460,30187.75,30188.25,30180.25,30183.75
1786691520,30184.75,30184.75,30172.5,30173.25
1786691580,30173.25,30179.5,30171,30177.25
1786691640,30177.25,30178.5,30172.75,30175.25
1786691700,30175.25,30181.75,30174.75,30177.5
1786691760,30177.75,30181,30176.5,30180
1786691820,30179.5,30179.5,30174,30178.25
1786691880,30178.75,30178.75,30175.5,30177.5
1786691940,30177.75,30181,30177,30179.75
1786692000,30179.75,30180,30177,30178.25
1786692060,30178.5,30181.25,30176,30176.25
1786692120,30175.75,30178.5,30175.5,30176
1786692180,30176.25,30177,30172.25,30173
1786692240,30173,30179.5,30171,30177.75
1786692300,30177.5,30180.5,30175,30176
1786692360,30176.25,30177,30174,30174.5
1786692420,30175,30177.5,30173.25,30176.25
1786692480,30176.5,30177.75,30172,30174.25
1786692540,30173.75,30177.75,30173.75,30176.75
1786692600,30177.5,30179.25,30173,30175.5
1786692660,30176,30181,30174.25,30179.5
1786692720,30179.25,30185,30179.25,30184.75
1786692780,30184.75,30188,30183.25,30187.5
1786692840,30187.25,30187.25,30184,30185.75
1786692900,30185.75,30185.75,30182.75,30184.75
1786692960,30184.75,30186,30183.5,30185.5
1786693020,30185.5,30189,30185,30187.75
1786693080,30188.5,30189,30186.5,30187
1786693140,30187.25,30191.5,30186.5,30190.5
1786693200,30190.25,30193,30190.25,30192.25
1786693260,30192.25,30193.75,30191.25,30193.5
1786693320,30193,30193.75,30190,30190.5
1786693380,30190.25,30193,30188.5,30192.5
1786693440,30193,30203.75,30192,30203.25
1786693500,30203,30203.25,30199.25,30199.5
1786693560,30199,30201.25,30196.25,30196.75
1786693620,30196.25,30197.75,30192.75,30194.25
1786693680,30194.75,30200.75,30194.25,30199
1786693740,30199.5,30200,30194.75,30196.75
1786693800,30196.75,30202,30196.25,30200.75
1786693860,30200.75,30201.25,30195.75,30196.75
1786693920,30196.75,30198.25,30195.75,30196.25
1786693980,30196.25,30200.5,30194.25,30199.75
1786694040,30200,30200.5,30196.25,30197.5
1786694100,30198,30200,30195.25,30196.25
1786694160,30196,30200.5,30194.75,30200.5
1786694220,30200.25,30201.75,30199,30199.75
1786694280,30199,30200.25,30196.5,30199.75
1786694340,30199.75,30201.25,30191,30194.5
1786694400,30194.5,30210,30191,30209.25
1786694460,30209.25,30209.75,30198,30204.25
1786694520,30203,30203,30187,30193
1786694580,30192,30211.25,30189.75,30209.5
1786694640,30209.5,30210.75,30206,30206.5
1786694700,30206.5,30235,30204.75,30221.25
1786694760,30221.25,30228.5,30220.75,30224.5
1786694820,30224.5,30230,30222,30226.25
1786694880,30226.5,30232,30225.75,30228.75
1786694940,30229,30234.75,30226.75,30227.25
1786695000,30227.25,30232.75,30221,30221.5
1786695060,30221,30227.5,30218.75,30221.5
1786695120,30221.5,30224.5,30214,30216
1786695180,30215,30221.25,30215,30220
1786695240,30220,30220.5,30208.25,30214
1786695300,30213.5,30231.75,30212.75,30231
1786695360,30230.75,30231,30222,30222.75
1786695420,30223.25,30223.75,30210.5,30215
1786695480,30214.75,30214.75,30206.5,30210.25
1786695540,30210.75,30213.5,30208.25,30211.25
1786695600,30211.25,30214.5,30208.25,30214.5
1786695660,30213.75,30215,30210.75,30213.5
1786695720,30213.25,30215.75,30200.25,30206.5
1786695780,30206.25,30215.5,30206,30215
1786695840,30214,30215.5,30208.75,30211.75
1786695900,30212,30213.25,30209,30212.5
1786695960,30213.5,30214.5,30206.75,30211
1786696020,30211.25,30217.75,30209.5,30217
1786696080,30216.75,30222,30214.75,30218.25
1786696140,30218.75,30225.25,30216.75,30225.25
1786696200,30225.5,30238,30221.5,30232.5
1786696260,30232.75,30233.5,30223.5,30226.25
1786696320,30226.75,30229,30222.25,30223.75
1786696380,30223.5,30226.5,30222,30225.25
1786696440,30225.25,30232.25,30223.75,30232
1786696500,30231,30237,30230.75,30235
1786696560,30234.75,30238,30232.5,30234
1786696620,30233.75,30239,30233.75,30237
1786696680,30237,30239,30234.25,30237.5
1786696740,30237.25,30238,30235,30236.75
1786696800,30237.5,30240,30234.5,30237.75
1786696860,30238,30241,30236.5,30237
1786696920,30237.25,30239.5,30235.25,30237.5
1786696980,30237.25,30238.75,30231.75,30231.75
1786697040,30232,30232.25,30227.25,30228
1786697100,30228.25,30232,30227.75,30231
1786697160,30230.5,30234,30228.5,30232.25
1786697220,30232.5,30236,30230.75,30235
1786697280,30235.25,30238.5,30234,30237
1786697340,30237,30244.5,30234.75,30235.25
1786697400,30236.25,30236.25,30229.25,30231.75
1786697460,30231.5,30234,30231,30232
1786697520,30232.25,30233.5,30228.5,30230
1786697580,30229.5,30236.75,30229,30235
1786697640,30235.5,30236,30227.5,30227.75
1786697700,30228,30229,30226,30226
1786697760,30226.5,30226.5,30223,30224
1786697820,30224.25,30224.5,30221.25,30224
1786697880,30224.25,30225.5,30223,30223.25
1786697940,30222.75,30224.5,30220.5,30221.75
1786698000,30221.25,30222,30210.25,30221.25
1786698060,30220.5,30220.75,30217,30217.75
1786698120,30218.25,30222,30216.5,30219.5
1786698180,30220.25,30221.75,30217.5,30218.25
1786698240,30217.75,30219.75,30215.75,30216.5
1786698300,30216.5,30218.25,30212.25,30215.25
1786698360,30215,30217.25,30214,30216.75
1786698420,30216.25,30218.25,30212.75,30217.5
1786698480,30217.75,30221.5,30217.25,30219.5
1786698540,30219.75,30220.5,30213,30214.75
1786698600,30214.75,30216.5,30210.75,30213.25
1786698660,30213.75,30217.5,30212.75,30212.75
1786698720,30213,30217,30212,30216.25
1786698780,30216.25,30218,30213,30217
1786698840,30217.5,30220.25,30215,30218.75
1786698900,30218.5,30219.5,30216,30219.25
1786698960,30219,30224.5,30214.5,30218.25
1786699020,30218.75,30221,30214.75,30220.5
1786699080,30220.5,30221.75,30218,30221.75
1786699140,30221.75,30224.25,30220,30222.25
1786699200,30223.25,30224.75,30217,30220
1786699260,30220.25,30223.25,30219.5,30220.5
1786699320,30219,30221.25,30216.5,30218.25
1786699380,30218.25,30224,30217.75,30223
1786699440,30224,30231.75,30221.75,30231.5
1786699500,30231.75,30232.75,30228.75,30230
1786699560,30229.75,30231.5,30227.25,30230
1786699620,30230.5,30231,30227.25,30227.5
1786699680,30227.5,30227.75,30224.5,30226
1786699740,30226.5,30227.75,30224.5,30226.5
1786699800,30226,30226.25,30218,30223.5
1786699860,30224,30226.75,30216,30216
1786699920,30216.75,30223,30216,30218.5
1786699980,30218.25,30218.25,30212.75,30214
1786700040,30214.5,30214.75,30211.5,30214.5
1786700100,30215,30217,30211.5,30211.75
1786700160,30211.75,30215.25,30211.5,30212.25
1786700220,30211.75,30214.75,30206,30212.5
1786700280,30211.5,30213.25,30210.5,30212.25
1786700340,30212.25,30217.75,30211.75,30216.75
1786700400,30216.5,30216.5,30212.25,30212.5
1786700460,30212.5,30215.25,30212.25,30212.75
1786700520,30214,30214.5,30207.75,30207.75
1786700580,30207.75,30210.5,30207,30209.25
1786700640,30209,30212.25,30207.75,30210.5
1786700700,30210.5,30213.5,30207.5,30208.25
1786700760,30208.25,30214,30207.25,30213.25
1786700820,30213.5,30215.5,30213.25,30215
1786700880,30214.75,30225.5,30214,30225.25
1786700940,30225.75,30226.25,30221.5,30222.75
1786701000,30222.5,30224.25,30220,30223.25
1786701060,30222.75,30229.5,30220.75,30227.25
1786701120,30227.25,30232,30225.5,30226.75
1786701180,30226.75,30227.25,30221.75,30224
1786701240,30223.75,30227,30223.25,30226.5
1786701300,30226.25,30227.25,30224.75,30226.25
1786701360,30226.25,30227,30223.25,30226
1786701420,30226.75,30228.75,30226.5,30226.5
1786701480,30226.25,30230.5,30225,30230.5
1786701540,30230,30236.5,30229.5,30235
1786701600,30234.25,30238.5,30233.25,30237.5
1786701660,30237.5,30242,30236.75,30241
1786701720,30240.75,30242.5,30238.5,30241
1786701780,30241,30243.25,30239.5,30241.5
1786701840,30242.5,30245.5,30239.75,30245.25
1786701900,30245.25,30249.5,30244.75,30244.75
1786701960,30245.5,30246.75,30241.75,30242.75
1786702020,30242.75,30245.75,30241.25,30243
1786702080,30243.25,30245,30241.75,30243.25
1786702140,30244,30246.5,30242.5,30243.5
1786702200,30243.25,30246,30243.25,30245.5
1786702260,30245.75,30250,30244.75,30248.25
1786702320,30248.5,30249,30243,30244.5
1786702380,30243.75,30243.75,30239,30240.5
1786702440,30240.5,30242,30239.25,30240.75
1786702500,30241,30241.5,30237.75,30239.25
1786702560,30239.25,30240.5,30235.5,30238
1786702620,30238,30239.75,30235.5,30236.25
1786702680,30236.25,30237.5,30235.25,30235.5
1786702740,30235.75,30237.25,30233.25,30234.5
1786702800,30234.5,30234.75,30228.25,30229.25
1786702860,30229.5,30233.75,30229.5,30231.75
1786702920,30232.5,30233.75,30229,30231.25
1786702980,30231.5,30236.5,30231.5,30235
1786703040,30235.5,30239.25,30235.5,30237.25
1786703100,30237.75,30238,30234,30237
1786703160,30236.5,30237.25,30232.75,30233.25
1786703220,30233.5,30233.5,30228.25,30228.75
1786703280,30229,30229.75,30222.5,30225.75
1786703340,30225.5,30229.25,30225.25,30229
1786703400,30229,30231.5,30228.5,30230.5
1786703460,30230.75,30231.75,30227.5,30229.5
1786703520,30229.25,30231.5,30225.5,30230.5
1786703580,30230.75,30236,30228.25,30235
1786703640,30235.5,30238.5,30233.75,30234.5
1786703700,30234.75,30235.75,30228,30228.25
1786703760,30228,30231,30226.25,30229.75
1786703820,30230.5,30230.75,30226,30228.75
1786703880,30228.75,30230.25,30227,30228.75
1786703940,30228.5,30233.5,30228.5,30232.25
1786704000,30231.25,30231.5,30229.5,30230
1786704060,30229.75,30235,30226.25,30226.75
1786704120,30227.25,30227.5,30223.5,30225.25
1786704180,30225.75,30229,30225.25,30229
1786704240,30228.5,30237.75,30227,30236.75
1786704300,30236.75,30241.5,30235.5,30240.25
1786704360,30239.5,30241,30233,30234.75
1786704420,30234.5,30237,30233,30235
1786704480,30234.75,30236,30233,30233.5
1786704540,30234,30235,30233,30233.5
1786704600,30233.5,30238.25,30233.25,30238.25
1786704660,30237.75,30237.75,30233.75,30236.75
1786704720,30237,30244.75,30237,30243.75
1786704780,30244.5,30248.25,30243.75,30246.25
1786704840,30245.75,30247.5,30243,30246.75
1786704900,30246.25,30247,30240.5,30243
1786704960,30242.75,30244.5,30240,30243.25
1786705020,30243.5,30244.75,30240,30240.75
1786705080,30240.75,30242.75,30238.75,30242.25
1786705140,30242.5,30252.5,30242.5,30251.75
1786705200,30251.5,30260,30251,30259
1786705260,30258.25,30260,30254.25,30255.25
1786705320,30255.5,30260.5,30249.5,30251
1786705380,30251,30256.75,30247.75,30253.5
1786705440,30253.5,30254.25,30246.75,30248.5
1786705500,30248.25,30260,30248.25,30259.25
1786705560,30259.5,30262.25,30257.5,30260
1786705620,30260,30260,30255,30257.75
1786705680,30258,30258,30252,30252.5
1786705740,30253,30257.5,30252.25,30256
1786705800,30255.75,30256.25,30252.75,30254.5
1786705860,30255.25,30257.75,30253.75,30254.75
1786705920,30254.5,30258.5,30254.5,30255
1786705980,30255,30258.25,30254.75,30256.5
1786706040,30256,30257.25,30250.75,30254.25
1786706100,30254,30254.75,30247.5,30249
1786706160,30248.5,30253,30245.25,30252
1786706220,30251.5,30252,30247.75,30248.75
1786706280,30247.5,30251.25,30247.25,30250
1786706340,30250,30251,30247.5,30248.25
1786706400,30248.5,30254.75,30244.75,30245
1786706460,30245.5,30248.25,30242.5,30246.75
1786706520,30248,30248,30241.75,30245.5
1786706580,30245.75,30246.25,30243.25,30246.25
1786706640,30246.5,30250,30246.25,30249.5
1786706700,30249.25,30250,30245,30249.5
1786706760,30249.25,30254.5,30249.25,30254
1786706820,30254.25,30254.5,30246.5,30248
1786706880,30247.5,30253,30247,30249.5
1786706940,30249.75,30251,30247.25,30247.5
1786707000,30247.75,30249.25,30246,30247.5
1786707060,30247.5,30247.5,30238.25,30241.5
1786707120,30242,30253,30240.75,30252.5
1786707180,30252.75,30253,30247,30249.25
1786707240,30250,30255,30249.75,30252.25
1786707300,30251.5,30256.25,30251,30254.75
1786707360,30255.5,30259.25,30253.25,30258.25
1786707420,30258.25,30258.75,30250.75,30255.5
1786707480,30255.75,30258,30254,30255.25
1786707540,30254.75,30255.25,30248.25,30249
1786707600,30248.75,30248.75,30237.25,30244.75
1786707660,30245,30247.5,30242,30246.5
1786707720,30246.25,30248.75,30245.25,30245.5
1786707780,30245.75,30251,30245.75,30248.75
1786707840,30249.5,30252.5,30248.75,30251.25
1786707900,30251.5,30260,30249.75,30258.5
1786707960,30258.5,30261,30256.25,30258.25
1786708020,30258,30259.75,30254.75,30259.75
1786708080,30259.25,30264.75,30259.25,30261.25
1786708140,30261.75,30265,30261,30262.75
1786708200,30262.75,30264.5,30260.75,30262.75
1786708260,30262.75,30267,30262.75,30265.25
1786708320,30266,30268,30261.5,30262.5
1786708380,30262.25,30264.25,30259.25,30259.5
1786708440,30259.5,30262.25,30258,30259.25
1786708500,30260,30260.5,30256,30258.75
1786708560,30258.25,30264,30257.75,30263.75
1786708620,30263.75,30264.75,30260.25,30263.75
1786708680,30264.25,30267.75,30262.75,30262.75
1786708740,30262.75,30264.75,30258,30264
1786708800,30264.5,30268.75,30262.25,30264.5
1786708860,30264.25,30269,30260.25,30268.25
1786708920,30268.25,30270.25,30265.25,30268.5
1786708980,30268.5,30280.25,30268.25,30279.5
1786709040,30279.75,30280.25,30261.5,30262.5
1786709100,30263,30265.75,30261.25,30264.25
1786709160,30264.25,30264.75,30257.5,30258.5
1786709220,30258,30263.25,30255.25,30262
1786709280,30261.75,30268,30258.25,30263.5
1786709340,30264.25,30265.75,30261.5,30265.25
1786709400,30265.5,30265.75,30261,30263.5
1786709460,30263,30264.75,30249.75,30250
1786709520,30250.25,30250.25,30240.25,30240.75
1786709580,30240.25,30241.5,30206.75,30236.5
1786709640,30236.25,30245.25,30235.75,30237
1786709700,30237,30238.25,30231,30233.5
1786709760,30234,30234.25,30226.25,30230
1786709820,30230,30234.25,30228,30231
1786709880,30231,30236.5,30227.75,30232.5
1786709940,30231.75,30236.25,30229.5,30235.5
1786710000,30235.75,30244,30234.75,30243.5
1786710060,30243.5,30243.5,30230.75,30234
1786710120,30234,30237.25,30233.5,30236.5
1786710180,30236.75,30241.5,30235.25,30239
1786710240,30239,30241,30232.5,30232.75
1786710300,30232.25,30236,30228.75,30233.25
1786710360,30233.25,30236.75,30230,30234
1786710420,30235.25,30247.5,30233.75,30241
1786710480,30240.25,30257,30238.75,30251.5
1786710540,30250.25,30256,30241.25,30248.75
1786710600,30251,30267.25,30246.75,30262.5
1786710660,30263.5,30273.75,30254,30273.5
1786710720,30273,30276.5,30264,30274
1786710780,30274.25,30279.5,30270.5,30277
1786710840,30277.25,30278.25,30266,30272.5
1786710900,30271.75,30279,30268.25,30275
1786710960,30274.75,30277,30270,30273.5
1786711020,30272.75,30274.5,30267.5,30267.5
1786711080,30267.5,30268.75,30257.5,30261.75
1786711140,30262,30267.25,30259.5,30264
1786711200,30263.5,30266.25,30261.5,30262.5
1786711260,30262,30266.25,30260.5,30264.25
1786711320,30264,30265,30260.75,30262
1786711380,30262.75,30264.75,30259.25,30261
1786711440,30261.5,30266,30258,30266
1786711500,30266.25,30270.25,30264,30267
1786711560,30267.25,30274.25,30262.75,30265.5
1786711620,30265,30268.5,30254,30260.75
1786711680,30261,30267.25,30261,30266
1786711740,30266,30271,30264.25,30270.25
1786711800,30270.25,30277.75,30268.75,30269.5
1786711860,30270,30272,30267.75,30268.75
1786711920,30269.25,30269.5,30265.25,30265.5
1786711980,30266,30272.5,30265.5,30271.25
1786712040,30271.25,30278.75,30270.5,30275.25
1786712100,30275.5,30279.5,30275.5,30277
1786712160,30277,30277.5,30271.75,30272
1786712220,30272.25,30274.5,30270,30274.5
1786712280,30274.5,30274.75,30267.25,30268.5
1786712340,30269,30269.25,30266.25,30268.5
1786712400,30268.25,30270.25,30263.5,30267.25
1786712460,30266.75,30267.75,30261.25,30266.75
1786712520,30266.5,30269,30265,30266.5
1786712580,30266.75,30276.5,30266.5,30276
1786712640,30276,30276.5,30269.75,30270.25
1786712700,30270.5,30287.25,30269,30277.25
1786712760,30277.75,30278.75,30268.75,30273.25
1786712820,30273.5,30275.25,30270.25,30271
1786712880,30271.25,30278.25,30269.5,30276.5
1786712940,30277,30277.5,30265,30265.5
1786713000,30265.5,30266.5,30262.25,30262.5
1786713060,30262.75,30265.5,30260,30264.75
1786713120,30264.5,30266.25,30258.5,30259.25
1786713180,30259.25,30262.25,30258.25,30260.25
1786713240,30260.75,30262.75,30252.5,30253.5
1786713300,30253.5,30258,30252,30255.25
1786713360,30255.25,30256.75,30249.25,30251
1786713420,30251.25,30259.75,30250,30257.5
1786713480,30257,30257.25,30247,30247
1786713540,30247,30259.25,30245.25,30246.75
1786713600,30247.25,30254.25,30246.75,30249.5
1786713660,30249.25,30256.25,30246.75,30256.25
1786713720,30256.25,30257,30252,30254.75
1786713780,30255.25,30255.75,30244.75,30246.25
1786713840,30246.25,30254,30245.75,30254
1786713900,30253,30262,30244,30249
1786713960,30249,30250.25,30244.25,30245.5
1786714020,30246.25,30250.75,30240,30240.25
1786714080,30240,30246.5,30235.25,30242.75
1786714140,30242,30248.5,30240.5,30241.5
1786714200,30241.5,30269.5,30224.25,30248.5
1786714260,30248.5,30268.75,30227.5,30245
1786714320,30245,30259.25,30231.25,30238
1786714380,30237.5,30239,30211.5,30214
1786714440,30214.25,30224.25,30205.75,30206.25
1786714500,30206,30219.5,30196,30200
1786714560,30200.25,30209.75,30176.5,30178.5
1786714620,30178.25,30194.75,30170,30193.5
1786714680,30193.5,30215,30191.25,30201.25
1786714740,30201.75,30222.75,30196.5,30221
1786714800,30221,30230,30200.5,30207.25
1786714860,30208,30233.5,30193,30219
1786714920,30219,30240.75,30214.5,30238
1786714980,30238.25,30249,30233.25,30246.75
1786715040,30246.75,30262.75,30245,30260.5
1786715100,30260.5,30275.5,30254.5,30265.75
1786715160,30266,30268.5,30235.5,30241.5
1786715220,30241.5,30264.5,30225,30262.75
1786715280,30263.5,30280.75,30252.25,30270.5
1786715340,30270.75,30274.75,30238,30239.25
1786715400,30239,30249.25,30226.75,30242.75
1786715460,30242.75,30265.5,30217.5,30258
1786715520,30258,30264.5,30243,30250.5
1786715580,30250.25,30250.25,30230,30243.75
1786715640,30244.25,30254,30238.25,30238.5
1786715700,30239,30243.5,30229,30239
1786715760,30239,30251,30233.5,30245.75
1786715820,30245.25,30245.25,30205,30219
1786715880,30219.5,30229,30211.25,30225.5
1786715940,30225.75,30232.5,30217,30226.5
1786716000,30226.25,30234.75,30203,30231.25
1786716060,30231.5,30234,30220.5,30223
1786716120,30223,30244,30220,30242
1786716180,30241.75,30244.75,30230,30242.75
1786716240,30243,30257.75,30238.25,30254.25
1786716300,30254.5,30268.75,30250,30262
1786716360,30261.75,30272.25,30260,30263.25
1786716420,30263,30269.5,30256.5,30262
1786716480,30261.5,30262.5,30238.75,30242
1786716540,30241.5,30254,30226.5,30234
1786716600,30233.75,30244.5,30223.25,30225.5
1786716660,30225.5,30238.75,30215,30236.5
1786716720,30236,30243.75,30228.5,30238
1786716780,30237.75,30243.75,30231.25,30237.5
1786716840,30236.5,30241.5,30221,30221.25
1786716900,30221.75,30229.5,30211.25,30226.5
1786716960,30225.75,30228.75,30196.75,30208.25
1786717020,30207.5,30213,30196.5,30199.5
1786717080,30200,30200.5,30178,30185.75
1786717140,30186,30189.5,30166,30173
1786717200,30173,30193.25,30166.5,30187.25
1786717260,30187,30191,30168,30184
1786717320,30184,30184,30160.25,30161.75
1786717380,30162,30177.75,30157,30162
1786717440,30162.25,30165.5,30149.25,30160
1786717500,30160.75,30169.25,30153.25,30160.25
1786717560,30160.5,30170,30151.75,30157.5
1786717620,30157.5,30163,30143,30147.25
1786717680,30148.25,30149.5,30134.25,30143.75
1786717740,30144,30161.25,30136.25,30159.5
1786717800,30159.5,30163.75,30130.25,30132.25
1786717860,30131.75,30150.75,30129,30146.75
1786717920,30146,30156.25,30130,30143
1786717980,30143.25,30143.75,30130.5,30135.75
1786718040,30135,30147,30131.5,30138.5
1786718100,30138.75,30155.75,30136,30150
1786718160,30149.25,30167.75,30147.5,30166.75
1786718220,30166.75,30172.25,30158.5,30159
1786718280,30159.25,30169.5,30157.5,30161.75
1786718340,30162,30176.25,30154.75,30168.75
1786718400,30168.25,30169,30144,30146
1786718460,30146,30156.5,30141.75,30155.75
1786718520,30155.5,30165,30152,30163.75
1786718580,30163.25,30167.75,30153,30157.25
1786718640,30157,30164,30154.25,30155.5
1786718700,30155.75,30159.75,30142.5,30147.25
1786718760,30148.5,30165,30145.75,30159
1786718820,30159,30163.75,30154,30155.75
1786718880,30155.5,30166,30154.75,30161
1786718940,30160.5,30161,30146.25,30149.75
1786719000,30150,30157,30146.5,30156.25
1786719060,30155.75,30161.75,30150.75,30154.75
1786719120,30154.75,30165.75,30148.5,30164
1786719180,30164,30166,30143,30144.75
1786719240,30144.5,30154.25,30143.5,30144
1786719300,30144,30150.25,30139.75,30147.5
1786719360,30148,30149,30135.25,30141.75
1786719420,30141.5,30148.5,30139,30143.25
1786719480,30143,30144.5,30133.75,30137.75
1786719540,30137.75,30138.5,30122.75,30122.75
1786719600,30123,30140,30120.5,30139.25
1786719660,30139.5,30145,30123.75,30136.75
1786719720,30137.5,30138.75,30116.75,30120.75
1786719780,30120.75,30124.25,30110.25,30114.5
1786719840,30114.5,30123.25,30109.25,30123
1786719900,30123.25,30126.25,30116.75,30122.75
1786719960,30123,30131.25,30114.25,30124
1786720020,30123.5,30130.25,30114.5,30117.5
1786720080,30117.25,30118.25,30107,30108.5
1786720140,30108.25,30111.75,30101,30106.75
1786720200,30106.5,30111.5,30101.5,30110.5
1786720260,30110.75,30116.75,30102.5,30106
1786720320,30106,30108.25,30096,30106.25
1786720380,30106.25,30110,30098,30101.75
1786720440,30101.5,30101.75,30087.5,30090.25
1786720500,30090.75,30107.75,30089.75,30098.5
1786720560,30098.5,30104.25,30094.75,30103.5
1786720620,30103,30106.25,30095,30103.75
1786720680,30103.5,30111,30097.5,30104
1786720740,30103.75,30105,30095.5,30104.25
1786720800,30103.75,30110,30099,30099.75
1786720860,30100,30101.5,30081.75,30081.75
1786720920,30082,30084.5,30061.75,30062
1786720980,30062.25,30068.25,30058,30066
1786721040,30066,30066,30044.5,30047
1786721100,30047.25,30056.75,30044.25,30047.5
1786721160,30047.25,30052,30032.5,30044.5
1786721220,30044,30054.25,30041.75,30049
1786721280,30049,30059.5,30046.25,30056.25
1786721340,30055.75,30074.75,30055.75,30072.75
1786721400,30072.5,30074.5,30055.75,30059.5
1786721460,30059.5,30062.75,30044,30052.25
1786721520,30052.75,30063.25,30048,30056
1786721580,30056,30057.5,30046,30046.25
1786721640,30046.25,30050.25,30040.25,30048.25
1786721700,30048.75,30059.25,30047.25,30055.75
1786721760,30055.75,30065.25,30048.5,30050.75
1786721820,30050.5,30051.5,30038.5,30048.75
1786721880,30048.25,30059,30043,30053.5
1786721940,30053.5,30055.25,30039.25,30042.5
1786722000,30042.25,30044.25,30028.5,30035.25
1786722060,30035.75,30040.75,30033.5,30038.25
1786722120,30038.5,30039.5,30030,30035.25
1786722180,30036,30045.5,30032,30038.25
1786722240,30039.75,30049.75,30038.75,30049.25
1786722300,30049.25,30069,30046,30064
1786722360,30064,30066,30060.5,30061.5
1786722420,30061.25,30062,30046.75,30048
1786722480,30048,30054.5,30030.75,30035.25
1786722540,30035.25,30041.5,30032.5,30037.75
1786722600,30038.25,30044.5,30034.25,30039
1786722660,30038.5,30043.75,30025,30043
1786722720,30042.75,30059,30040,30058
1786722780,30058,30058.5,30050.5,30055.5
1786722840,30055.5,30063.75,30055.25,30056.5
1786722900,30056.5,30061.75,30055,30056.25
1786722960,30055.75,30060.25,30052,30059.25
1786723020,30059.25,30065.75,30053,30065
1786723080,30065,30073,30064.25,30065.75
1786723140,30065.75,30072,30064.5,30066
1786723200,30066.5,30083.75,30065.5,30083.75
1786723260,30083.75,30084.5,30075.25,30076.5
1786723320,30076,30079,30069,30071.75
1786723380,30071.75,30075.5,30066.25,30074.75
1786723440,30075.25,30081.5,30072,30073.5
1786723500,30073.5,30077.5,30066.25,30072
1786723560,30071.75,30072.5,30061.25,30066
1786723620,30066.25,30075.75,30065,30065.75
1786723680,30065.75,30068.25,30056.25,30056.5
1786723740,30056.5,30061,30049.75,30059.5
1786723800,30059.75,30071.25,30057,30070.5
1786723860,30070.5,30077.25,30065.25,30075.5
1786723920,30075,30080.5,30069.75,30079.75
1786723980,30080,30082.5,30071.5,30081.25
1786724040,30081,30082.25,30077.25,30080
1786724100,30080.25,30087.25,30079.75,30084.25
1786724160,30084.25,30088.25,30082.5,30087.75
1786724220,30087.75,30088.25,30081.75,30084
1786724280,30084.25,30085.75,30080.75,30082.5
1786724340,30082.5,30084.5,30076.25,30082
1786724400,30081.5,30083.75,30075.5,30081.75
1786724460,30081.75,30093.75,30079.75,30092.5
1786724520,30092.5,30092.75,30086.5,30087
1786724580,30087,30090,30085,30089.5
1786724640,30088.75,30094.5,30088.5,30093
1786724700,30092.75,30097.25,30091.5,30096.5
1786724760,30096.75,30105.25,30095.75,30103.5
1786724820,30103,30107.5,30100.5,30102.5
1786724880,30102.5,30104.5,30098,30100.5
1786724940,30100.5,30103.75,30097.75,30101.5
1786725000,30101,30102.25,30089.25,30094.5
1786725060,30094.5,30096,30082,30086
1786725120,30086.25,30086.5,30071,30071.75
1786725180,30071.5,30074,30065.75,30073
1786725240,30073.25,30075.75,30067.25,30073.25
1786725300,30073.25,30085.5,30071,30083.5
1786725360,30083.5,30091.75,30079.25,30091.25
1786725420,30091,30097.75,30089.5,30092.75
1786725480,30092.5,30093.5,30082.25,30085.5
1786725540,30085,30085.75,30078.25,30081.5
1786725600,30081,30082.5,30075.5,30078.5
1786725660,30078,30078.25,30062.25,30072
1786725720,30071.75,30072.5,30068,30070
1786725780,30070,30078,30069.5,30072
1786725840,30072.5,30074.25,30066.5,30067.25
1786725900,30067,30075,30060.75,30070.25
1786725960,30070.5,30070.75,30061.25,30065.5
1786726020,30066.5,30072,30064,30066
1786726080,30066,30074.25,30065.75,30071.5
1786726140,30071.5,30076.75,30070.25,30074.25
1786726200,30073.75,30074,30060.75,30065.5
1786726260,30064.75,30069,30061,30063.75
1786726320,30063.75,30065.75,30058,30059
1786726380,30059.5,30072.5,30058.5,30060.25
1786726440,30060,30064.25,30055.5,30062.25
1786726500,30062.5,30067.25,30060.25,30066
1786726560,30065.5,30069.75,30059.5,30066.75
1786726620,30067,30067.75,30062.75,30064.75
1786726680,30064.25,30065.75,30054.25,30058
1786726740,30058,30060.5,30055.75,30059
1786726800,30059.25,30065.5,30056,30059.25
1786726860,30059.75,30064,30057,30061.25
1786726920,30061,30061.75,30052.25,30053.75
1786726980,30054.5,30065.75,30053.5,30064.5
1786727040,30064.5,30066.75,30060.25,30060.75
1786727100,30060.75,30068,30059,30060.5
1786727160,30060.5,30067.25,30059.5,30064.5
1786727220,30065,30073.25,30065,30071.25
1786727280,30071,30074.5,30064.25,30073.25
1786727340,30073.25,30073.5,30063,30067.25
1786727400,30067,30069.75,30063.5,30067
1786727460,30066.25,30079.75,30064,30076.25
1786727520,30076.25,30078,30065,30071.75
1786727580,30072.25,30074,30063.5,30066
1786727640,30065.75,30070,30065,30069.25
1786727700,30069.25,30073.5,30068.5,30070
1786727760,30070.5,30070.75,30057.25,30059.5
1786727820,30059.25,30068,30058.25,30067.75
1786727880,30068,30072,30065.5,30069.75
1786727940,30069.75,30074.25,30066.5,30068.5
1786728000,30068.5,30071.5,30063.75,30069.75
1786728060,30070,30072,30064,30065.75
1786728120,30065.25,30076.5,30064.5,30070.75
1786728180,30070.75,30072.5,30063.25,30065.25
1786728240,30065.25,30066,30050.75,30054.25
1786728300,30053.5,30059.5,30047,30058.75
1786728360,30059,30059.5,30052.25,30058.25
1786728420,30059,30064.25,30056.75,30063.5
1786728480,30063.5,30066.25,30060.75,30062.5
1786728540,30062,30063,30056,30059.75
1786728600,30059.25,30064.75,30057,30059.25
1786728660,30059.75,30069.5,30057.25,30067.75
1786728720,30068,30071.75,30064.25,30069.25
1786728780,30069,30072.25,30066.25,30068.5
1786728840,30068,30069.75,30063.25,30068.5
1786728900,30068.5,30069.25,30062.5,30068.75
1786728960,30069,30072,30064.75,30066
1786729020,30066.25,30067,30051.25,30057
1786729080,30057,30058.75,30051.25,30053.75
1786729140,30053.5,30059.5,30051,30057
1786729200,30056.75,30066,30052.5,30063.5
1786729260,30063,30064.25,30055,30059
1786729320,30059.25,30062.5,30053.5,30054.5
1786729380,30054.25,30057.5,30052,30054.25
1786729440,30054.25,30058.75,30053.5,30058.25
1786729500,30058.25,30064.75,30057.75,30060.5
1786729560,30061,30064.25,30059,30062
1786729620,30062.25,30064,30058.25,30062.5
1786729680,30062.25,30064.25,30057.5,30060.25
1786729740,30059.5,30062,30054.5,30058.25
1786729800,30058,30058.25,30050,30053.25
1786729860,30053.5,30059,30051.5,30058
1786729920,30057.5,30068,30057.5,30065.25
1786729980,30065.25,30075.5,30065,30074.25
1786730040,30074,30077.5,30072,30073.5
1786730100,30073.75,30074,30066.25,30069
1786730160,30069,30078,30068.75,30074
1786730220,30074.25,30084.25,30073.25,30079.25
1786730280,30079,30082.75,30077,30077.5
1786730340,30077.75,30084.5,30077.5,30081.25
1786730400,30081.25,30083.5,30075.75,30077
1786730460,30077,30081.75,30072.5,30075.75
1786730520,30076.25,30089.25,30074.25,30087
1786730580,30087.25,30091,30083.5,30084.75
1786730640,30085.25,30091.75,30083.75,30089
1786730700,30088.75,30089.5,30083,30087.25
1786730760,30086.75,30091,30079.5,30079.75
1786730820,30079.5,30086.25,30078.75,30081.5
1786730880,30081.75,30088.75,30081.5,30085.5
1786730940,30085.5,30090,30082,30088
1786731000,30089,30090.75,30083.25,30087.75
1786731060,30087.5,30089.75,30082.5,30082.5
1786731120,30082.5,30087,30080.5,30085.25
1786731180,30085,30086.75,30082.5,30083.75
1786731240,30084,30084.5,30076.75,30079.25
1786731300,30078.5,30089,30078.25,30088
1786731360,30087.75,30089.75,30085.25,30088.5
1786731420,30089,30090.75,30087,30088.25
1786731480,30088.5,30090.25,30085.75,30087.75
1786731540,30088,30088.5,30081.5,30084.5
1786731600,30084.25,30084.75,30078.5,30083.5
1786731660,30083.5,30090,30083,30088.5
1786731720,30088.5,30093.5,30086,30087.25
1786731780,30087.25,30088.25,30081.75,30085
1786731840,30085,30086.5,30079.5,30081
1786731900,30080.75,30085,30080.5,30084.75
1786731960,30084.75,30087.5,30080,30081.75
1786732020,30081.5,30083.75,30075.25,30077
1786732080,30077,30077,30065,30068
1786732140,30067.75,30071.75,30066.5,30067.25
1786732200,30067.25,30076,30065.25,30070.5
1786732260,30071,30072.5,30066,30067.25
1786732320,30067.25,30067.75,30062.5,30067.25
1786732380,30067.25,30070.5,30065.75,30069.75
1786732440,30069.75,30073,30067.25,30072.75
1786732500,30072.5,30072.75,30066,30067.5
1786732560,30067.75,30073.75,30067,30070
1786732620,30070,30073.5,30068.5,30072.75
1786732680,30073,30079.25,30070.25,30075
1786732740,30074.75,30078.25,30074.75,30076
1786732800,30076,30082,30073.5,30080.75
1786732860,30080.75,30086.75,30080.5,30084.75
1786732920,30084.75,30086,30081,30085.75
1786732980,30086,30088,30084.5,30086
1786733040,30086.25,30090.25,30085.5,30087.25
1786733100,30087.25,30089,30083.5,30084.75
1786733160,30085,30085,30078,30079.5
1786733220,30079,30088,30078.75,30084.75
1786733280,30084.75,30086.5,30083.25,30085.5
1786733340,30085.5,30088.25,30084.25,30087
1786733400,30087.5,30099,30087,30098.25
1786733460,30098,30101.75,30097,30100.75
1786733520,30100.5,30104,30094.75,30095.75
1786733580,30095.25,30097.25,30090.5,30095.5
1786733640,30095.75,30097.5,30093.25,30096.75
1786733700,30096.75,30097.5,30091.75,30092.5
1786733760,30093,30094.75,30090.75,30092.5
1786733820,30092,30094,30091,30093
1786733880,30092.25,30093.25,30085.25,30088.75
1786733940,30089,30090.5,30086,30088.25
1786734000,30088.5,30091,30073,30078.25
1786734060,30078.5,30085.5,30077.25,30083.25
1786734120,30083.25,30087,30082.25,30082.5
1786734180,30082.75,30088.25,30082.25,30086.5
1786734240,30086.25,30087,30078.5,30082.75
1786734300,30082.5,30087,30082.25,30085
1786734360,30084.75,30084.75,30077.75,30079.75
1786734420,30079.75,30082,30076.75,30079.25
1786734480,30079,30087,30077.75,30085.5
1786734540,30086,30094.75,30085.25,30092
1786734600,30091.75,30093.25,30085.75,30087.5
1786734660,30087.75,30088.75,30084.5,30085.5
1786734720,30085.5,30089.25,30081,30081.75
1786734780,30082.25,30086.5,30081.5,30083.75
1786734840,30084.25,30087.5,30081.5,30083.25
1786734900,30083,30088,30082,30086.25
1786734960,30086.25,30086.75,30082.5,30083.5
1786735020,30083.25,30087,30080.75,30084.25
1786735080,30084.25,30092.25,30075,30091
1786735140,30090.5,30092,30087.5,30088
1786735200,30088.5,30089.5,30083.5,30086.75
1786735260,30086.5,30088.25,30080.5,30081.25
1786735320,30081.75,30087,30080.5,30085.5
1786735380,30085.25,30087.75,30084,30087
1786735440,30087.25,30089,30083.25,30087
1786735500,30087.25,30092,30085.25,30091.25
1786735560,30091.25,30095.75,30090,30094.75
1786735620,30094.75,30096.5,30090.5,30090.75
1786735680,30091,30103.75,30090.75,30101.25
1786735740,30101,30101.5,30096,30096.25
1786735800,30096.25,30100.25,30093.5,30097.75
1786735860,30097,30099.25,30091.25,30095
1786735920,30095,30102,30094.25,30099.25
1786735980,30099.25,30103.75,30098.5,30099.25
1786736040,30099.25,30104,30099,30102
1786736100,30101.75,30106.25,30100.5,30104.5
1786736160,30104.25,30109,30103.75,30104
1786736220,30103.75,30106.25,30098,30099
1786736280,30099,30105,30096.25,30104.75
1786736340,30104.75,30109.5,30104.5,30105.5
1786736400,30105.75,30113.5,30103.5,30109.25
1786736460,30108.75,30109.5,30103.5,30107.25
1786736520,30107.75,30112.75,30107.25,30112
1786736580,30111.5,30115.5,30110,30115
1786736640,30115,30115.5,30105.25,30108.75
1786736700,30109,30110.5,30102,30106.25
1786736760,30106,30109.25,30101,30102.25
1786736820,30102.25,30109.25,30102,30108.25
1786736880,30107.75,30112.25,30107.5,30111
1786736940,30111,30119.75,30110,30119.5
1786737000,30119.5,30129.75,30114.25,30123.5
1786737060,30123.25,30127.75,30121.5,30125.5
1786737120,30125.25,30126,30116.75,30119.25
1786737180,30119,30126.5,30118.75,30124.5
1786737240,30124.5,30129.5,30117.25,30126.5
1786737300,30126,30130,30115.5,30118.25
1786737360,30118,30120.75,30113.75,30117.5
1786737420,30117.75,30122,30114,30120.75
1786737480,30120.5,30125.75,30118,30122.75
1786737540,30122.75,30148,30122,30144.5
1786737600,30144.75,30153,30138.75,30150.25
1786737660,30149.75,30152,30142,30145
1786737720,30145.75,30147.25,30138.25,30141.25
1786737780,30141,30146.25,30137.5,30145.5
1786737840,30146,30148.5,30144,30146
1786737900,30146,30146.25,30138.25,30139.75
1786737960,30139.5,30142.75,30136.25,30139.75
1786738020,30139.25,30140.5,30134,30134.5
1786738080,30134.5,30136,30132.25,30133.5
1786738140,30133.5,30135,30130,30133.5
1786738200,30133.75,30142.75,30132,30134.25
1786738260,30134.25,30136.25,30130.75,30135.5
1786738320,30136,30137.75,30134.75,30137.75
1786738380,30138,30138.75,30135,30136.25
1786738440,30136.75,30138.75,30132,30133
1786738500,30133.5,30135.25,30131.75,30133.5
1786738560,30133.5,30133.75,30130.25,30132.25
1786738620,30131.75,30132,30128.25,30130.5
1786738680,30130.25,30131.25,30128.25,30130.75
1786738740,30130.25,30133.25,30130,30131.5
1786738800,30131.25,30133,30131,30132
1786738860,30132.25,30132.5,30130,30131.25
1786738920,30130.75,30131.5,30129,30130.25
1786738980,30130.25,30131,30127.25,30129.25
1786739040,30129.25,30130.75,30128.5,30129.5
1786739100,30129.5,30131.25,30128.25,30129
1786739160,30129.25,30129.5,30128.25,30129.25
1786739220,30129.25,30131,30128.75,30129.25
1786739280,30129.5,30130.5,30126.5,30129.75
1786739340,30129.5,30133.25,30129.5,30131.25
1786739400,30130.75,30131.25,30128.25,30128.5
1786739460,30128.25,30138.25,30128.25,30136.5
1786739520,30136.25,30140.75,30135.5,30140.75
1786739580,30140.75,30143.25,30139.5,30141.5
1786739640,30141.5,30143.25,30140.5,30140.75
1786739700,30140.5,30143.25,30137.75,30139.5
1786739760,30139.75,30140.25,30137.5,30138.75
1786739820,30139,30141.75,30138.25,30138.75
1786739880,30138.75,30139,30136.75,30137.75
1786739940,30137.5,30139,30137,30137.5
1786740000,30137.5,30139.75,30137.5,30138.5
1786740060,30138.75,30142.75,30138.75,30141.25
1786740120,30141.75,30142,30139.75,30141.75
1786740180,30141.25,30142.75,30141,30142.75
1786740240,30142.25,30144.5,30141.25,30142.25
1786740300,30142.25,30143.25,30140.75,30142.5
1786740360,30142,30142.75,30141,30141.75
1786740420,30142,30147,30138.75,30139.25
1786740480,30139.5,30142,30138.5,30140.5
1786740540,30140.25,30143,30139.75,30141.25
1786740600,30142.25,30147.25,30142.25,30145.25
1786740660,30144.75,30146.75,30143.75,30144.75
1786740720,30144.25,30144.75,30143.25,30143.5
1786740780,30143.75,30147.25,30143.75,30147.25
1786740840,30147,30147,30144,30145.75
1786740900,30144.75,30147.25,30143.75,30145.75
1786740960,30146,30146.25,30143.75,30145.25
1786741020,30145.25,30146,30144.25,30145.5
1786741080,30145.75,30148.75,30144.75,30148.75
1786741140,30147.75,30154.75,30144,30154.75