time,open,high,low,close
1786582080,7770,7770,7769.5,7770
1786582140,7770,7770.25,7769.5,7770.25
1786582200,7770.25,7770.5,7769.5,7770.25
1786582260,7770.25,7770.25,7769.25,7769.5
1786582320,7769.75,7770.25,7769.5,7770.25
1786582380,7770.25,7770.5,7769.75,7769.75
1786582440,7769.75,7769.75,7768.5,7768.75
1786582500,7769,7769,7768,7768.5
1786582560,7768.5,7769,7768.25,7768.5
1786582620,7768.5,7769,7768.25,7769
1786582680,7769,7769.75,7769,7769.75
1786582740,7769.75,7770.5,7769.5,7770.5
1786582800,7770.25,7770.75,7768.5,7768.5
1786582860,7768.5,7768.75,7767.25,7768
1786582920,7768,7768.5,7767.5,7768
1786582980,7768,7768.5,7768,7768.25
1786583040,7768.5,7768.75,7768.25,7768.5
1786583100,7768.25,7769,7768,7769
1786583160,7769,7769,7768,7768.5
1786583220,7768.5,7768.5,7768.25,7768.5
1786583280,7768.75,7768.75,7768,7768
1786583340,7768,7769,7768,7768.75
1786583400,7768.75,7769.25,7768.25,7769
1786583460,7769,7769.25,7767.75,7767.75
1786583520,7767.75,7767.75,7766.5,7766.5
1786583580,7766.75,7767,7766.25,7766.75
1786583640,7766.5,7766.5,7766,7766.25
1786583700,7766.25,7766.25,7765.25,7765.25
1786583760,7765.25,7766.75,7765.25,7766.5
1786583820,7766.25,7766.5,7766.25,7766.25
1786583880,7766.25,7767,7766.25,7766.75
1786583940,7766.5,7766.75,7766.25,7766.5
1786584000,7766.5,7766.5,7765.5,7765.75
1786584060,7765.75,7766,7765.25,7765.25
1786584120,7765.5,7766,7765.25,7765.75
1786584180,7766,7766.25,7765.5,7766.25
1786584240,7766.25,7766.5,7766,7766.25
1786584300,7766.25,7766.25,7765.25,7765.5
1786584360,7765.75,7766,7765.25,7765.75
1786584420,7765.75,7766,7765.25,7765.25
1786584480,7765.5,7765.75,7764.75,7765
1786584540,7765,7765.75,7764.25,7765.25
1786584600,7765.25,7766.75,7765.25,7766
1786584660,7766.25,7766.5,7765.75,7765.75
1786584720,7765.75,7767,7765.75,7767
1786584780,7767,7767.75,7767,7767.5
1786584840,7767.5,7767.5,7767,7767.25
1786584900,7767.5,7768,7767.25,7767.5
1786584960,7767.5,7767.75,7767.25,7767.5
1786585020,7767.75,7768,7767.25,7767.25
1786585080,7767.25,7767.5,7767,7767.5
1786585140,7767.5,7767.5,7767,7767.5
1786585200,7767.25,7767.5,7767,7767.25
1786585260,7767.25,7767.5,7766.5,7766.5
1786585320,7766.5,7767.25,7766.5,7767.25
1786585380,7767,7767.25,7766.5,7767.25
1786585440,7767.25,7767.5,7767,7767
1786585500,7767,7767.75,7767,7767.5
1786585560,7767.25,7767.75,7767,7767.5
1786585620,7767.25,7767.25,7766.5,7767
1786585680,7766.75,7767.25,7766.5,7767.25
1786585740,7767.25,7767.25,7766.5,7767
1786585800,7767,7768.25,7767,7768.25
1786585860,7768.25,7768.5,7768,7768.25
1786585920,7768,7768.5,7768,7768.5
1786585980,7768.5,7769.75,7768.5,7769.5
1786586040,7769.5,7770.5,7769.5,7770.25
1786586100,7770.25,7771.25,7770.25,7770.75
1786586160,7770.75,7771,7770.25,7770.5
1786586220,7770.5,7771,7770.5,7770.5
1786586280,7770.25,7770.25,7769.75,7770.25
1786586340,7770.25,7770.5,7770,7770
1786586400,7770.25,7770.75,7770,7770.5
1786586460,7770.25,7770.5,7770,7770.5
1786586520,7770.5,7770.75,7770.25,7770.75
1786586580,7770.5,7771.75,7770.5,7771.5
1786586640,7771.5,7771.75,7770.5,7770.75
1786586700,7771,7772,7771,7771.75
1786586760,7771.5,7771.5,7770.75,7771
1786586820,7771,7771.25,7771,7771.25
1786586880,7771,7771.5,7770.75,7771.5
1786586940,7771.5,7771.5,7771,7771.5
1786587000,7771.5,7771.5,7771.25,7771.25
1786587060,7771.5,7771.5,7771.25,7771.5
1786587120,7771.75,7772,7771.5,7772
1786587180,7772,7772,7771.75,7771.75
1786587240,7771.75,7772,7771.5,7771.75
1786587300,7771.75,7772.5,7771.75,7771.75
1786587360,7771.75,7771.75,7771.5,7771.75
1786587420,7772,7772.25,7772,7772
1786587480,7772.25,7772.5,7772,7772.5
1786587540,7772.25,7772.25,7772.25,7772.25
1786587600,7772,7772.25,7771.75,7771.75
1786587660,7772,7772,7771.25,7771.5
1786587720,7771.5,7773,7771.5,7772.75
1786587780,7772.5,7772.75,7771.75,7772.5
1786587840,7772.5,7772.75,7772,7772
1786587900,7772,7772.25,7771.75,7772.25
1786587960,7772,7772.5,7771.75,7772.5
1786588020,7772.25,7772.5,7771.5,7771.5
1786588080,7771.5,7771.75,7770.75,7771.25
1786588140,7771,7771,7770.5,7771
1786588200,7770.75,7770.75,7769.5,7769.75
1786588260,7769.5,7770.5,7769.5,7770
1786588320,7770.25,7770.5,7769,7769.25
1786588380,7769.25,7769.5,7768.25,7768.5
1786588440,7768.75,7768.75,7768,7768.25
1786588500,7768.25,7769,7768.25,7768.5
1786588560,7768.5,7768.75,7768.25,7768.75
1786588620,7768.5,7769.5,7768.5,7769.5
1786588680,7769.75,7770.25,7769.25,7769.25
1786588740,7769.5,7770.25,7769.25,7770
1786588800,7770.25,7770.75,7770.25,7770.75
1786588860,7770.75,7771.75,7770.75,7771.75
1786588920,7771.75,7772.75,7771.75,7772.5
1786588980,7772.5,7773,7772.25,7772.75
1786589040,7773,7774.5,7773,7773.25
1786589100,7773.25,7773.5,7772.75,7773
1786589160,7773.25,7773.5,7773,7773
1786589220,7773.25,7773.25,7772.75,7773
1786589280,7773,7773.5,7773,7773.25
1786589340,7773.5,7773.5,7773,7773.25
1786589400,7773.25,7773.5,7773,7773.5
1786589460,7773.25,7773.25,7772.5,7772.75
1786589520,7772.5,7773,7772.5,7773
1786589580,7772.75,7772.75,7772.5,7772.75
1786589640,7773,7773.25,7772.75,7773
1786589700,7773,7773.25,7772.75,7773.25
1786589760,7773.25,7773.25,7772.75,7772.75
1786589820,7772.75,7773.25,7772.75,7773
1786589880,7773.25,7773.25,7772.75,7773
1786589940,7773,7773,7772.75,7773
1786590000,7772.75,7772.75,7772.25,7772.5
1786590060,7772.5,7772.5,7772,7772.25
1786590120,7772.5,7772.75,7772.25,7772.5
1786590180,7772.5,7772.75,7772.5,7772.5
1786590240,7772.5,7772.5,7772,7772.25
1786590300,7772.5,7772.75,7772.25,7772.75
1786590360,7772.75,7772.75,7772.25,7772.75
1786590420,7772.5,7772.5,7772.25,7772.5
1786590480,7772.75,7772.75,7772.5,7772.5
1786590540,7772.25,7772.25,7772.25,7772.25
1786590600,7772.5,7772.5,7772.25,7772.5
1786590660,7772.5,7772.5,7772,7772.25
1786590720,7772.25,7772.25,7772,7772.25
1786590780,7772.25,7772.5,7772.25,7772.5
1786590840,7772.5,7773.25,7772.5,7773.25
1786590900,7773,7773.5,7773,7773
1786590960,7773.25,7773.5,7773,7773.25
1786591020,7773.25,7773.25,7773.25,7773.25
1786591080,7773.25,7773.75,7773.25,7773.75
1786591140,7773.5,7773.5,7773.25,7773.5
1786591200,7773.5,7773.5,7773,7773.25
1786591260,7773,7773,7772.75,7773
1786591320,7773,7773.25,7773,7773.25
1786591380,7773.5,7773.75,7773.25,7773.5
1786591440,7773.5,7773.75,7773.25,7773.25
1786591500,7773.25,7773.5,7773.25,7773.25
1786591560,7773.25,7773.25,7773.25,7773.25
1786591620,7773.5,7773.75,7773.25,7773.5
1786591680,7773.75,7774,7773.5,7774
1786591740,7774,7774,7773.5,7773.5
1786591800,7773.5,7773.75,7773.5,7773.5
1786591860,7773.5,7773.5,7772.75,7773
1786591920,7773,7773.25,7773,7773.25
1786591980,7773.25,7773.25,7772.5,7772.75
1786592040,7772.75,7773,7772.75,7773
1786592100,7773,7773.25,7773,7773
1786592160,7773.25,7773.5,7772.75,7773.25
1786592220,7773.5,7773.75,7773.25,7773.75
1786592280,7773.75,7774,7773.75,7774
1786592340,7774,7774.25,7774,7774
1786592400,7773.75,7774,7773.25,7774
1786592460,7774,7774.25,7773.75,7774.25
1786592520,7774.25,7774.25,7774,7774
1786592580,7774,7774.5,7774,7774.25
1786592640,7774.25,7774.75,7774.25,7774.5
1786592700,7774.5,7775,7774.25,7774.75
1786592760,7774.75,7774.75,7774.75,7774.75
1786592820,7775,7775.25,7774.75,7775
1786592880,7775,7775.25,7775,7775
1786592940,7775,7775,7774.75,7774.75
1786593000,7774.75,7775,7774.75,7775
1786593060,7775,7775.25,7775,7775.25
1786593120,7775.5,7775.5,7775.25,7775.25
1786593180,7775.25,7775.5,7775,7775.25
1786593240,7775,7775.25,7775,7775.25
1786593300,7775,7775,7774.75,7775
1786593360,7775,7775.25,7775,7775.25
1786593420,7775,7775,7774.75,7774.75
1786593480,7774.75,7775,7774.75,7775
1786593540,7774.75,7775,7774.75,7774.75
1786593600,7775,7775,7774.5,7774.75
1786593660,7774.5,7774.75,7774.25,7774.75
1786593720,7774.75,7775.25,7774.75,7775.25
1786593780,7775.25,7775.75,7775.25,7775.25
1786593840,7775,7775.25,7775,7775
1786593900,7775.25,7775.5,7775,7775.5
1786593960,7775.5,7776,7775.5,7775.75
1786594020,7776,7776,7775.5,7776
1786594080,7776,7776,7775.5,7775.5
1786594140,7775.75,7776.25,7775.75,7776.25
1786594200,7776.5,7777.25,7776,7776
1786594260,7776,7776,7775.5,7775.5
1786594320,7775.75,7776,7775.75,7775.75
1786594380,7775.75,7775.75,7774.75,7774.75
1786594440,7774.75,7775,7773.5,7773.75
1786594500,7773.5,7773.75,7773.5,7773.5
1786594560,7773.75,7774,7773.5,7773.5
1786594620,7773.5,7773.75,7773.25,7773.25
1786594680,7773.25,7773.75,7773.25,7773.75
1786594740,7773.75,7773.75,7773.75,7773.75
1786594800,7773.5,7773.5,7773.25,7773.5
1786594860,7773.5,7773.5,7772.5,7772.5
1786594920,7772.5,7772.5,7772,7772
1786594980,7772,7773.5,7772,7773.5
1786595040,7773.25,7773.75,7773.25,7773.75
1786595100,7773.75,7774.5,7773.75,7774
1786595160,7774.25,7774.75,7774.25,7774.75
1786595220,7774.75,7774.75,7774,7774.5
1786595280,7774.5,7775.25,7774.5,7775.25
1786595340,7775.25,7775.25,7774.75,7774.75
1786595400,7774.5,7775,7774.5,7774.75
1786595460,7774.75,7775.25,7774.75,7775.25
1786595520,7775.25,7775.75,7775.25,7775.5
1786595580,7775.25,7775.5,7775.25,7775.5
1786595640,7775.5,7775.75,7775.5,7775.75
1786595700,7775.5,7776,7775.5,7775.75
1786595760,7775.75,7776.25,7775.75,7775.75
1786595820,7775.75,7775.75,7775.5,7775.75
1786595880,7775.75,7775.75,7775.5,7775.5
1786595940,7775.5,7775.5,7775,7775
1786596000,7775,7775,7774.5,7774.75
1786596060,7774.75,7775,7774.75,7774.75
1786596120,7774.75,7775.25,7774.75,7775.25
1786596180,7775.5,7775.5,7775.25,7775.5
1786596240,7775.5,7775.5,7774.75,7775
1786596300,7775,7776,7774.5,7775.75
1786596360,7776,7776,7775.25,7776
1786596420,7776,7777,7776,7776.5
1786596480,7776.5,7776.75,7776.25,7776.75
1786596540,7776.75,7777.25,7776.75,7776.75
1786596600,7777,7777.5,7777,7777.5
1786596660,7777.25,7777.25,7777,7777.25
1786596720,7777.25,7777.5,7777,7777.25
1786596780,7777.25,7777.25,7777,7777
1786596840,7776.75,7777,7776.75,7776.75
1786596900,7776.75,7777,7776.75,7777
1786596960,7776.75,7777,7776.75,7776.75
1786597020,7776.75,7776.75,7776.5,7776.5
1786597080,7776.25,7777,7776.25,7776.5
1786597140,7776.25,7776.75,7775.5,7775.75
1786597200,7775.75,7776,7775,7775.5
1786597260,7775.5,7777,7775.5,7777
1786597320,7777,7777.25,7777,7777
1786597380,7777.25,7777.75,7777.25,7777.75
1786597440,7777.75,7778.5,7777.25,7777.25
1786597500,7777.25,7777.75,7777,7777.25
1786597560,7777.5,7777.75,7777.5,7777.5
1786597620,7777.25,7777.5,7777.25,7777.25
1786597680,7777.5,7777.5,7777.25,7777.5
1786597740,7777.75,7778,7777.5,7778
1786597800,7778,7778.5,7777.75,7778.25
1786597860,7778.5,7778.5,7778.25,7778.25
1786597920,7778.5,7778.75,7778.5,7778.5
1786597980,7778.75,7779.25,7778.75,7779
1786598040,7779.25,7779.75,7779,7779.5
1786598100,7779.5,7779.5,7779.25,7779.5
1786598160,7779.5,7780,7779.25,7779.5
1786598220,7779.5,7779.5,7779.25,7779.5
1786598280,7779.5,7779.5,7779.25,7779.25
1786598340,7779.25,7779.25,7778.5,7778.75
1786598400,7779,7779.5,7778.75,7779.25
1786598460,7779.25,7779.75,7779.25,7779.5
1786598520,7779.5,7779.75,7779,7779
1786598580,7779,7779,7778.75,7778.75
1786598640,7778.75,7778.75,7778.5,7778.75
1786598700,7778.75,7779.75,7778.75,7779.75
1786598760,7780,7780,7779,7779
1786598820,7779,7779,7778.5,7779
1786598880,7779,7779.25,7779,7779
1786598940,7779,7779.75,7779,7779.5
1786599000,7779.75,7780.25,7779.75,7779.75
1786599060,7779.75,7780.5,7779.75,7780.25
1786599120,7780.25,7780.25,7778.5,7778.75
1786599180,7778.75,7778.75,7778.25,7778.5
1786599240,7778.5,7779.5,7778.25,7779.5
1786599300,7779.75,7779.75,7779.25,7779.5
1786599360,7779.5,7779.75,7779.5,7779.5
1786599420,7779.25,7779.25,7778.75,7779
1786599480,7778.75,7778.75,7778.5,7778.5
1786599540,7778.5,7779,7778.25,7779
1786599600,7779,7779.5,7778.75,7778.75
1786599660,7778.75,7778.75,7778.75,7778.75
1786599720,7778.75,7779,7778.25,7778.25
1786599780,7778.5,7779,7778.25,7778.25
1786599840,7778.25,7778.5,7778.25,7778.5
1786599900,7778.5,7778.75,7778,7778
1786599960,7778.25,7778.5,7778.25,7778.5
1786600020,7778.5,7778.5,7778.25,7778.25
1786600080,7778.25,7778.5,7778,7778.5
1786600140,7778.75,7778.75,7778.5,7778.5
1786600200,7778.5,7778.75,7778.25,7778.5
1786600260,7778.25,7778.5,7778,7778.5
1786600320,7778.5,7778.5,7778.5,7778.5
1786600380,7778.5,7778.75,7778,7778.25
1786600440,7778.25,7778.5,7777.5,7777.75
1786600500,7777.75,7778,7777.75,7778
1786600560,7778.25,7778.25,7777.25,7777.25
1786600620,7777.5,7777.75,7777.5,7777.75
1786600680,7777.75,7778,7777.5,7777.5
1786600740,7777.5,7777.5,7776.25,7776.25
1786600800,7776.5,7777,7776.25,7776.5
1786600860,7776.5,7776.75,7775.75,7776
1786600920,7776.25,7776.25,7775.75,7776
1786600980,7776,7776.5,7776,7776.25
1786601040,7776.25,7777,7776.25,7777
1786601100,7776.75,7777,7776.5,7776.75
1786601160,7777,7777.5,7777,7777.5
1786601220,7777.5,7777.5,7777.25,7777.25
1786601280,7777.25,7777.5,7777,7777
1786601340,7777,7778,7777,7778
1786601400,7778,7778.5,7777.75,7778.25
1786601460,7778.25,7778.75,7777.75,7777.75
1786601520,7778,7778.5,7777.75,7778.5
1786601580,7778.75,7778.75,7778.5,7778.75
1786601640,7778.5,7778.5,7778.25,7778.25
1786601700,7778.25,7778.25,7777.75,7778
1786601760,7778,7778.25,7778,7778.25
1786601820,7778.75,7779,7778.5,7778.75
1786601880,7778.75,7779.5,7778.75,7778.75
1786601940,7779,7779,7778.5,7779
1786602000,7778.75,7779,7778.25,7779
1786602060,7779,7779.25,7779,7779.25
1786602120,7779,7779.25,7778.75,7779
1786602180,7779.25,7779.25,7779,7779
1786602240,7779.25,7779.75,7779,7779.5
1786602300,7779.5,7779.5,7779.25,7779.25
1786602360,7779.25,7779.25,7778.5,7778.5
1786602420,7778.75,7778.75,7778.25,7778.25
1786602480,7778.25,7778.25,7777.75,7778
1786602540,7778,7778.25,7777.75,7778.25
1786602600,7778.5,7778.75,7777.25,7777.25
1786602660,7777.5,7778.25,7777.25,7777.75
1786602720,7777.75,7779,7777.75,7778.75
1786602780,7778.5,7778.5,7777.75,7777.75
1786602840,7777.75,7778,7777,7777.75
1786602900,7777.5,7778,7776.75,7776.75
1786602960,7777,7777,7776.25,7776.5
1786603020,7776.5,7776.75,7776.5,7776.5
1786603080,7776.25,7777,7776.25,7776.75
1786603140,7776.75,7776.75,7776.25,7776.5
1786603200,7776.5,7776.5,7776,7776
1786603260,7776,7776,7775,7775.75
1786603320,7775.75,7775.75,7774.5,7774.5
1786603380,7774.5,7775,7774.5,7775
1786603440,7775,7775,7774.75,7775
1786603500,7775,7775,7774.5,7774.75
1786603560,7774.5,7774.75,7774.5,7774.5
1786603620,7774.25,7774.25,7774.25,7774.25
1786603680,7774.25,7774.75,7774.25,7774.5
1786603740,7774.25,7774.5,7773.75,7774.5
1786603800,7774.5,7775,7774.25,7774.5
1786603860,7774.5,7775,7774.25,7774.25
1786603920,7774.5,7775.25,7774.5,7775.25
1786603980,7775.25,7776.25,7775.25,7776.25
1786604040,7776,7776,7775.75,7776
1786604100,7775.75,7776.25,7775.75,7776.25
1786604160,7776.25,7776.75,7776.25,7776.75
1786604220,7776.75,7777,7776.25,7776.25
1786604280,7776,7776.5,7776,7776.5
1786604340,7776.5,7778.25,7776.5,7777.75
1786604400,7778,7778.75,7777.75,7778.25
1786604460,7778.25,7778.25,7776.75,7777.5
1786604520,7777.75,7777.75,7775.5,7775.5
1786604580,7775.75,7776.25,7774.25,7774.25
1786604640,7774.25,7774.75,7774,7774.5
1786604700,7774.75,7774.75,7774.25,7774.25
1786604760,7774.5,7775,7774.25,7774.5
1786604820,7774.25,7774.75,7774.25,7774.5
1786604880,7774.5,7774.75,7774.25,7774.75
1786604940,7774.5,7775.25,7774.5,7775
1786605000,7775,7775.25,7774.5,7774.75
1786605060,7774.75,7774.75,7774.25,7774.5
1786605120,7774.75,7775,7774.5,7774.75
1786605180,7774.75,7775.25,7774.75,7775
1786605240,7775,7775,7774.75,7775
1786605300,7775,7775.5,7774.75,7774.75
1786605360,7774.75,7775.5,7774,7775.5
1786605420,7775.5,7775.5,7774.75,7774.75
1786605480,7774.75,7775.5,7774.75,7775.25
1786605540,7775.25,7775.5,7775,7775
1786605600,7775.25,7775.75,7775,7775
1786605660,7775,7775.25,7775,7775.25
1786605720,7775.25,7776.25,7775.25,7776.25
1786605780,7776.25,7776.75,7776.25,7776.5
1786605840,7776.75,7777.25,7776.75,7777
1786605900,7776.75,7777.25,7776.5,7777
1786605960,7777,7777,7776.25,7776.5
1786606020,7776.5,7776.5,7776,7776.5
1786606080,7776.75,7777.25,7776.5,7777.25
1786606140,7777,7777.75,7776.75,7777.5
1786606200,7777.5,7777.5,7777,7777.25
1786606260,7777.25,7778,7776.75,7778
1786606320,7777.75,7778.25,7777.5,7777.5
1786606380,7777.5,7778,7777.5,7777.75
1786606440,7777.5,7777.5,7777.25,7777.5
1786606500,7777.25,7777.5,7776.75,7777.25
1786606560,7777,7777.5,7777,7777.5
1786606620,7777.25,7778.25,7777.25,7778
1786606680,7778.25,7778.25,7777.75,7777.75
1786606740,7777.75,7778.5,7777.75,7778.25
1786606800,7778.25,7778.5,7778,7778.5
1786606860,7778.25,7778.75,7777.75,7778.75
1786606920,7778.75,7779.25,7778.75,7778.75
1786606980,7778.75,7779,7778.25,7778.5
1786607040,7778.5,7779.5,7778.25,7779.5
1786607100,7779.5,7779.75,7778.5,7779
1786607160,7778.75,7779.5,7778.75,7779.5
1786607220,7779.5,7779.5,7778.5,7778.5
1786607280,7778.25,7779.5,7778.25,7779.25
1786607340,7779.25,7779.5,7779,7779.5
1786607400,7779.5,7780,7779.25,7779.25
1786607460,7779,7779.5,7779,7779.5
1786607520,7779.5,7779.5,7779,7779
1786607580,7779,7779.25,7778.75,7779
1786607640,7779,7779.25,7778.75,7778.75
1786607700,7778.75,7779.5,7778.75,7779
1786607760,7778.75,7779,7778.5,7778.75
1786607820,7778.5,7778.75,7778.25,7778.25
1786607880,7778.25,7778.5,7778,7778
1786607940,7778.25,7778.5,7777.5,7777.75
1786608000,7777.75,7778,7777,7777.5
1786608060,7777.75,7778.5,7777.5,7777.5
1786608120,7777.5,7777.75,7776,7777.25
1786608180,7777,7777.5,7775.25,7775.25
1786608240,7775.25,7776.5,7775.25,7775.75
1786608300,7776,7776.75,7775.75,7776.75
1786608360,7776.5,7779.25,7776.5,7779.25
1786608420,7779.25,7780.25,7779,7779
1786608480,7779,7779,7777.75,7777.75
1786608540,7777.75,7779.5,7777.75,7779
1786608600,7779,7779,7778.5,7778.5
1786608660,7778.5,7778.75,7777.75,7777.75
1786608720,7777.75,7779.25,7777.5,7778.75
1786608780,7778.5,7779.5,7778.5,7779.25
1786608840,7779.5,7779.75,7779.25,7779.5
1786608900,7779.75,7780,7779.5,7780
1786608960,7779.75,7779.75,7779.25,7779.25
1786609020,7779.5,7779.75,7777.75,7778.25
1786609080,7778.5,7778.5,7777.75,7777.75
1786609140,7777.5,7778.75,7777.25,7778.75
1786609200,7779,7779,7778,7778
1786609260,7778.25,7779.75,7778.25,7779.75
1786609320,7779.75,7780,7779.25,7779.75
1786609380,7779.75,7781.5,7779.5,7780.75
1786609440,7781,7781.25,7780.25,7780.75
1786609500,7781,7782,7781,7781.5
1786609560,7781.75,7782,7781.5,7781.75
1786609620,7781.75,7782,7781.25,7781.25
1786609680,7781.5,7781.75,7781.25,7781.5
1786609740,7781.5,7781.75,7781.25,7781.5
1786609800,7781.5,7781.75,7781.25,7781.5
1786609860,7781.5,7781.75,7781,7781
1786609920,7781,7781.75,7781,7781
1786609980,7781,7781.5,7780.5,7780.5
1786610040,7780.5,7781.75,7780.5,7781.5
1786610100,7781.5,7781.5,7780.5,7781
1786610160,7781.25,7781.25,7780.25,7780.5
1786610220,7780.5,7780.5,7780.5,7780.5
1786610280,7780.5,7781,7780.25,7781
1786610340,7781,7781.5,7780.75,7781.25
1786610400,7781,7781.25,7780.75,7780.75
1786610460,7780.75,7781.75,7780.75,7781.5
1786610520,7781.75,7782.25,7781.5,7781.75
1786610580,7781.75,7781.75,7781.5,7781.5
1786610640,7781.5,7781.75,7781.5,7781.75
1786610700,7781.5,7781.75,7781.25,7781.5
1786610760,7781.5,7781.5,7781.25,7781.25
1786610820,7781.25,7781.25,7780.75,7780.75
1786610880,7781,7781.25,7780.75,7780.75
1786610940,7781,7781.25,7781,7781
1786611000,7781.25,7782.25,7781,7782
1786611060,7782,7783,7781.75,7782.75
1786611120,7782.75,7783,7781.75,7781.75
1786611180,7781.75,7781.75,7781.25,7781.25
1786611240,7781.25,7781.5,7781,7781
1786611300,7781,7782,7781,7782
1786611360,7782,7782,7781.5,7782
1786611420,7781.75,7782,7781.75,7782
1786611480,7781.75,7782,7781.5,7781.5
1786611540,7781.5,7781.5,7781.25,7781.5
1786611600,7781.5,7782,7781.5,7781.75
1786611660,7782,7782.25,7781.5,7781.75
1786611720,7781.75,7782,7781.25,7781.25
1786611780,7781.5,7781.5,7780.5,7781
1786611840,7780.75,7781,7780.25,7780.75
1786611900,7780.75,7781.25,7779.5,7780
1786611960,7779.75,7780.75,7779.5,7780.25
1786612020,7780.25,7780.5,7779.5,7780.25
1786612080,7780.25,7781,7780.25,7780.75
1786612140,7780.75,7780.75,7780,7780
1786612200,7780.25,7780.75,7780.25,7780.75
1786612260,7780.75,7781.25,7780.5,7780.75
1786612320,7780.75,7781.25,7780.5,7780.5
1786612380,7780.5,7780.5,7780.25,7780.5
1786612440,7780.5,7780.75,7779.5,7779.5
1786612500,7779.25,7779.5,7778,7778.75
1786612560,7778.75,7779.25,7778.5,7779.25
1786612620,7779.25,7780.25,7779.25,7779.75
1786612680,7779.75,7780.5,7779.75,7780.5
1786612740,7780.5,7780.75,7780,7780.5
1786612800,7780.75,7781,7780.75,7781
1786612860,7781.25,7781.25,7780.25,7780.75
1786612920,7780.75,7781,7780.5,7780.5
1786612980,7780.5,7781,7780.5,7780.75
1786613040,7781,7781.5,7781,7781.5
1786613100,7781.75,7781.75,7781,7781
1786613160,7781,7781.75,7780.5,7780.75
1786613220,7780.75,7780.75,7780.25,7780.5
1786613280,7780.25,7780.25,7780,7780.25
1786613340,7780.5,7780.5,7780.5,7780.5
1786613400,7780.25,7781.25,7780.25,7781.25
1786613460,7781.25,7781.25,7780.75,7780.75
1786613520,7780.75,7781,7780.75,7781
1786613580,7781,7783,7781,7782.25
1786613640,7782.5,7782.5,7782.25,7782.5
1786613700,7782.75,7782.75,7782.25,7782.75
1786613760,7782.5,7782.5,7782,7782
1786613820,7782.25,7782.25,7782,7782
1786613880,7782,7782,7781.75,7781.75
1786613940,7782,7782,7781.75,7782
1786614000,7782.25,7782.75,7782,7782.5
1786614060,7782.5,7782.5,7782.5,7782.5
1786614120,7782.25,7783,7782.25,7782.75
1786614180,7782.75,7783,7782.75,7783
1786614240,7783,7783.75,7783,7783.5
1786614300,7783.25,7783.75,7783.25,7783.5
1786614360,7783.5,7784,7783.5,7783.75
1786614420,7783.5,7783.5,7782.75,7783
1786614480,7782.75,7783,7782.5,7782.75
1786614540,7782.75,7783.25,7782.75,7783
1786614600,7783.5,7783.5,7783.25,7783.5
1786614660,7783.75,7784.5,7783.75,7784
1786614720,7784,7784,7783.5,7783.75
1786614780,7783.75,7784.25,7783.75,7784
1786614840,7784,7784.25,7784,7784.25
1786614900,7784.25,7784.25,7784.25,7784.25
1786614960,7784.5,7784.5,7784.25,7784.5
1786615020,7784.25,7784.75,7784.25,7784.75
1786615080,7784.75,7784.75,7784.25,7784.5
1786615140,7784.5,7784.75,7784.25,7784.25
1786615200,7784.25,7784.5,7784,7784.25
1786615260,7784.25,7784.25,7783.5,7783.75
1786615320,7784,7784,7783.25,7783.25
1786615380,7783.25,7783.5,7783,7783.25
1786615440,7783,7783.5,7783,7783
1786615500,7783.25,7783.25,7783.25,7783.25
1786615560,7783.25,7784,7783.25,7784
1786615620,7784,7784,7783.5,7783.5
1786615680,7783.5,7783.75,7783.25,7783.25
1786615740,7783.5,7783.5,7783.25,7783.25
1786615800,7783.5,7783.5,7783.25,7783.5
1786615860,7783.25,7783.75,7783.25,7783.75
1786615920,7783.75,7783.75,7783.25,7783.5
1786615980,7783.5,7783.75,7783.5,7783.5
1786616040,7783.75,7783.75,7783.25,7783.5
1786616100,7783.5,7783.75,7783.5,7783.75
1786616160,7783.5,7783.75,7783.5,7783.5
1786616220,7783.5,7784.25,7783.5,7784.25
1786616280,7784.5,7784.75,7784.5,7784.5
1786616340,7784.25,7784.5,7784.25,7784.25
1786616400,7784.25,7784.25,7783.75,7783.75
1786616460,7783.75,7784,7783.75,7784
1786616520,7784.25,7784.75,7784.25,7784.75
1786616580,7784.5,7784.5,7784.25,7784.25
1786616640,7784.25,7784.25,7783.75,7784
1786616700,7783.75,7783.75,7783,7783.75
1786616760,7783.5,7783.5,7783,7783.5
1786616820,7783.5,7784.75,7783.5,7784.5
1786616880,7784.5,7784.5,7783.5,7783.5
1786616940,7783.5,7783.5,7783,7783.5
1786617000,7783.75,7784.25,7783.5,7784.25
1786617060,7784.25,7784.5,7783.75,7784
1786617120,7784,7784,7783.75,7784
1786617180,7784,7784,7783.75,7783.75
1786617240,7783.75,7784.25,7783.5,7783.75
1786617300,7783.75,7783.75,7783.5,7783.5
1786617360,7783.5,7783.75,7783.5,7783.75
1786617420,7784,7784.25,7783.5,7783.75
1786617480,7784,7784.25,7783.75,7784
1786617540,7784.25,7784.5,7784,7784
1786617600,7784,7784.5,7784,7784.25
1786617660,7784.25,7784.75,7784.25,7784.5
1786617720,7784.25,7784.25,7784,7784.25
1786617780,7784.25,7784.75,7784.25,7784.5
1786617840,7784.5,7784.5,7784.25,7784.5
1786617900,7784.5,7784.5,7784,7784.25
1786617960,7784.25,7784.25,7784,7784.25
1786618020,7784.25,7784.5,7784.25,7784.5
1786618080,7784.75,7784.75,7784.5,7784.75
1786618140,7784.75,7785.5,7784.75,7785.25
1786618200,7785.5,7785.5,7784.5,7784.75
1786618260,7784.5,7785.5,7784.5,7785.5
1786618320,7785.25,7785.5,7785.25,7785.5
1786618380,7785.25,7785.25,7785,7785.25
1786618440,7785.25,7785.5,7785.25,7785.5
1786618500,7785.25,7785.25,7784.5,7784.75
1786618560,7784.75,7785.25,7784.75,7785
1786618620,7785,7785,7784.25,7784.5
1786618680,7784.25,7784.5,7784.25,7784.5
1786618740,7784.5,7785,7784.5,7785
1786618800,7785,7785.75,7784.75,7785.5
1786618860,7785.5,7785.75,7785,7785
1786618920,7785,7785.25,7784.5,7784.5
1786618980,7784.5,7784.75,7784.5,7784.5
1786619040,7784.5,7784.75,7784.25,7784.5
1786619100,7784.5,7784.5,7783.75,7784.25
1786619160,7784.25,7785.25,7784.25,7785.25
1786619220,7785,7785,7784.5,7784.5
1786619280,7784.5,7784.75,7784.5,7784.5
1786619340,7784.5,7785,7784.5,7784.5
1786619400,7784.5,7784.5,7784.25,7784.5
1786619460,7784.25,7785.25,7784.25,7784.75
1786619520,7784.75,7785,7784.75,7784.75
1786619580,7784.75,7785,7784.25,7784.25
1786619640,7784.5,7785,7784.5,7784.75
1786619700,7784.75,7785,7784.5,7784.5
1786619760,7784.5,7784.5,7784,7784.25
1786619820,7784.25,7784.25,7783.75,7783.75
1786619880,7783.75,7784,7783.5,7783.75
1786619940,7783.5,7783.5,7783,7783
1786620000,7783,7783.5,7783,7783.5
1786620060,7783.25,7783.25,7783,7783
1786620120,7783,7783.75,7783,7783.25
1786620180,7783.25,7783.75,7783,7783.5
1786620240,7783.75,7784,7783.25,7783.75
1786620300,7783.75,7783.75,7783.5,7783.5
1786620360,7783.5,7783.5,7783,7783
1786620420,7783,7783.75,7782.75,7783.75
1786620480,7783.75,7783.75,7783.25,7783.5
1786620540,7783.5,7784,7783.5,7783.75
1786620600,7783.75,7784.25,7783.5,7784
1786620660,7784.25,7784.75,7784,7784.25
1786620720,7784.5,7784.75,7784.5,7784.75
1786620780,7784.75,7785.25,7784.75,7785
1786620840,7785,7785.75,7784.25,7785.75
1786620900,7786,7786.75,7785.25,7786.75
1786620960,7786.75,7786.75,7786.5,7786.75
1786621020,7786.5,7787,7786.25,7786.75
1786621080,7787,7787.25,7787,7787
1786621140,7787.25,7787.5,7787,7787.25
1786621200,7787.5,7788,7787,7787.25
1786621260,7787.25,7787.25,7787,7787.25
1786621320,7787.25,7787.5,7786.25,7786.25
1786621380,7786.5,7787.75,7786.5,7787.5
1786621440,7787.5,7788.5,7787.5,7788.5
1786621500,7788.5,7789,7788,7789
1786621560,7788.75,7789,7788.25,7788.5
1786621620,7788.5,7788.5,7788,7788
1786621680,7787.75,7787.75,7787,7787
1786621740,7787,7787.5,7786.5,7786.75
1786621800,7786.5,7786.75,7785,7785.5
1786621860,7785.5,7786.25,7785.5,7786
1786621920,7786,7786.25,7785.75,7785.75
1786621980,7786,7787,7786,7786.5
1786622040,7786.5,7786.75,7786.5,7786.75
1786622100,7786.5,7786.5,7786.25,7786.5
1786622160,7786.5,7786.75,7786.25,7786.25
1786622220,7786.25,7786.75,7786,7786.75
1786622280,7786.5,7786.5,7785.5,7785.75
1786622340,7785.75,7785.75,7783.75,7784
1786622400,7784,7784.5,7782.75,7783
1786622460,7782.75,7783.25,7782.25,7782.75
1786622520,7782.75,7783,7782.25,7782.5
1786622580,7782.5,7783,7781.5,7781.5
1786622640,7781.75,7782.5,7781.5,7782
1786622700,7781.75,7782.75,7781.75,7782.5
1786622760,7782.5,7783.5,7782.25,7783
1786622820,7783,7783.25,7782.25,7783
1786622880,7783,7783.25,7782.75,7783
1786622940,7782.75,7784,7782.75,7783
1786623000,7783,7783.5,7781.75,7782.5
1786623060,7782.5,7784,7782.5,7783.5
1786623120,7783.5,7783.5,7781.5,7781.5
1786623180,7781.75,7781.75,7780.75,7781.5
1786623240,7781.5,7783,7781.5,7782.5
1786623300,7782.5,7782.5,7781.75,7782
1786623360,7781.75,7781.75,7781,7781.75
1786623420,7781.75,7782.25,7781.25,7781.25
1786623480,7781.25,7781.25,7779.5,7779.5
1786623540,7779.5,7779.5,7778.5,7779
1786623600,7779.25,7779.75,7779.25,7779.5
1786623660,7779.75,7780,7779.5,7779.5
1786623720,7779.25,7780,7779,7779.5
1786623780,7779.5,7780,7779.5,7779.75
1786623840,7779.5,7780,7779.5,7779.75
1786623900,7779.75,7780.5,7779.25,7779.5
1786623960,7779.5,7780.75,7779.5,7780.5
1786624020,7780.75,7781,7780.5,7780.75
1786624080,7780.75,7782.25,7780.5,7782.25
1786624140,7782.5,7783.5,7782,7783.5
1786624200,7783.5,7790.25,7781.5,7782.75
1786624260,7782.75,7783,7778,7779
1786624320,7779.25,7780,7778.25,7779.5
1786624380,7779.75,7780.5,7779.5,7780.25
1786624440,7780.25,7782.5,7779.5,7782.25
1786624500,7782,7782.75,7782,7782.25
1786624560,7782.25,7782.75,7781.5,7782.75
1786624620,7782.75,7783,7781.75,7782.25
1786624680,7782.25,7783.5,7782,7783
1786624740,7782.75,7785.25,7782.5,7784.75
1786624800,7784.75,7785,7783.25,7783.5
1786624860,7783.25,7785,7783.25,7784.5
1786624920,7784.5,7786.75,7784.25,7785
1786624980,7785.25,7785.25,7782.25,7783
1786625040,7783,7784.5,7782.75,7784.25
1786625100,7784,7784.5,7783.75,7784.5
1786625160,7784.25,7784.5,7784,7784.25
1786625220,7784,7784.75,7783.75,7784.75
1786625280,7784.75,7786.5,7784,7784.5
1786625340,7784.5,7786,7784.25,7785
1786625400,7785,7785.5,7784.75,7785
1786625460,7785,7786.75,7785,7786.75
1786625520,7786.5,7787.5,7786.25,7786.75
1786625580,7786.75,7786.75,7786.25,7786.25
1786625640,7786.25,7787.25,7786,7787
1786625700,7787,7788.25,7787,7787.75
1786625760,7787.75,7788,7787,7787.25
1786625820,7787.25,7788,7787,7788
1786625880,7788,7788,7787,7787.25
1786625940,7787.25,7788.5,7787,7788.5
1786626000,7788.5,7789.75,7788,7789.5
1786626060,7789.5,7790,7788.25,7789
1786626120,7789,7789.5,7788.5,7789.5
1786626180,7789.5,7789.5,7788.75,7788.75
1786626240,7788.75,7790,7788.75,7789.75
1786626300,7789.5,7791,7789.5,7791
1786626360,7791,7791.5,7790.25,7791.25
1786626420,7791.25,7791.75,7790.25,7791
1786626480,7790.75,7791,7789.75,7790.5
1786626540,7790.5,7791.5,7790.25,7791
1786626600,7791,7791.75,7790.5,7790.75
1786626660,7790.75,7791.25,7790.25,7791.25
1786626720,7791,7791.25,7790,7790.75
1786626780,7791,7791,7790.25,7790.5
1786626840,7790.5,7790.75,7790.25,7790.75
1786626900,7790.75,7791,7790.25,7791
1786626960,7791,7791,7790,7790.75
1786627020,7790.75,7792.75,7790.75,7792.25
1786627080,7792.25,7792.75,7791.5,7792.75
1786627140,7792.5,7792.75,7791.75,7792
1786627200,7792,7793.25,7791.75,7793
1786627260,7793,7793,7791.75,7792.25
1786627320,7792.25,7792.75,7791.75,7792.5
1786627380,7792.5,7793,7792.25,7792.25
1786627440,7792.25,7792.25,7791,7791
1786627500,7791,7792.5,7790.5,7792.25
1786627560,7792,7792.5,7791.5,7792
1786627620,7791.75,7792.25,7791.25,7791.5
1786627680,7791.5,7792.75,7791.25,7792.75
1786627740,7792.5,7793.5,7792.25,7793.25
1786627800,7793.25,7794,7785.5,7787.75
1786627860,7787.75,7791.75,7787.25,7789
1786627920,7789,7792.25,7788.75,7791
1786627980,7791.25,7795.5,7791.25,7794.75
1786628040,7794.5,7799.5,7794,7798.25
1786628100,7798.25,7802.75,7798,7802
1786628160,7801.75,7805.25,7801.75,7805.25
1786628220,7805.5,7807,7805,7806.25
1786628280,7806.5,7806.75,7805,7806.25
1786628340,7806,7809.25,7805.5,7809
1786628400,7809,7809,7806.75,7806.75
1786628460,7806.75,7808.5,7805.5,7805.5
1786628520,7805.5,7806.75,7805,7805.5
1786628580,7805.75,7806.25,7801.75,7802
1786628640,7801.75,7802.75,7800,7801.5
1786628700,7801.5,7807.25,7800.5,7806.75
1786628760,7806.5,7810.75,7806.25,7810.5
1786628820,7810.25,7813.25,7809.5,7813
1786628880,7813,7814,7812,7812.25
1786628940,7812.25,7814.25,7811.5,7812.75
1786629000,7813,7814.25,7810.75,7813.25
1786629060,7813.25,7814.75,7812.25,7814.75
1786629120,7814.75,7815.25,7812,7814
1786629180,7814.25,7814.25,7812.75,7813.25
1786629240,7813.5,7816.25,7813.25,7816
1786629300,7816,7816,7813.5,7814.75
1786629360,7814.5,7818.25,7813.75,7818
1786629420,7818,7819,7817.5,7818.75
1786629480,7818.5,7821.5,7818,7821
1786629540,7821,7821.5,7820.25,7820.75
1786629600,7820.75,7824.5,7819.75,7824.25
1786629660,7824.25,7824.75,7823,7824.75
1786629720,7824.75,7827.25,7824.75,7827.25
1786629780,7827.25,7827.25,7824.25,7825
1786629840,7825,7827.5,7824.25,7826.75
1786629900,7827,7828.75,7826.5,7827
1786629960,7827,7827,7825,7825.75
1786630020,7825.75,7826.5,7823.75,7825.25
1786630080,7825.5,7825.5,7823.75,7825.5
1786630140,7825.5,7827,7825.5,7826
1786630200,7826,7826.75,7825.75,7826.25
1786630260,7826.25,7829.75,7825.75,7829.25
1786630320,7829.25,7830.25,7828.25,7829.25
1786630380,7829,7830,7828.5,7829.25
1786630440,7829.25,7830,7828.25,7829.75
1786630500,7829.75,7830,7828.25,7829
1786630560,7829,7829,7826.5,7827
1786630620,7827,7828,7824.5,7828
1786630680,7828,7830.75,7827.75,7830.5
1786630740,7830.25,7831.25,7829.25,7830
1786630800,7830,7830.25,7828.25,7830.25
1786630860,7830.25,7833.25,7829.75,7833
1786630920,7832.75,7834.5,7832.5,7834.25
1786630980,7834,7836.75,7834,7835.75
1786631040,7835.5,7836.25,7834.5,7835
1786631100,7834.75,7836,7834,7836
1786631160,7835.75,7836,7834.25,7835.25
1786631220,7835.25,7836.25,7833.5,7835
1786631280,7834.75,7837,7834.5,7836.75
1786631340,7836.75,7837,7835.75,7836.5
1786631400,7836.5,7836.75,7834.25,7834.5
1786631460,7834.5,7837,7834.25,7837
1786631520,7836.75,7838.25,7836.75,7837.5
1786631580,7837.25,7837.5,7835,7835.5
1786631640,7835.75,7837.25,7835.5,7836.75
1786631700,7836.75,7838.5,7835.75,7837.75
1786631760,7837.75,7837.75,7836.5,7837
1786631820,7837.25,7837.25,7835.25,7835.75
1786631880,7835.75,7835.75,7832.5,7833.75
1786631940,7833.75,7835.75,7833.25,7835
1786632000,7835,7835.75,7834,7835
1786632060,7835,7835,7832.5,7832.5
1786632120,7832.5,7833.5,7831.75,7833
1786632180,7833,7833.25,7830.25,7831.75
1786632240,7831.5,7832.5,7830.25,7830.25
1786632300,7830.25,7830.5,7826.25,7826.25
1786632360,7826.25,7828.5,7825.5,7828
1786632420,7828,7828.5,7825.5,7826.25
1786632480,7826,7826.5,7822.75,7823.5
1786632540,7823.25,7823.5,7819.5,7821.25
1786632600,7821,7823.75,7820,7820.25
1786632660,7820.25,7823.25,7820,7822.75
1786632720,7822.5,7823.25,7820.75,7822.25
1786632780,7822.5,7822.5,7820.25,7821.75
1786632840,7821.75,7823,7820.5,7823
1786632900,7822.75,7822.75,7818,7818.5
1786632960,7818.5,7821.25,7818.25,7820
1786633020,7820,7822.75,7820,7822.5
1786633080,7822.5,7824.25,7821.75,7824
1786633140,7824,7824,7821.5,7822.25
1786633200,7822,7826.25,7821.5,7825.75
1786633260,7825.75,7826.75,7825.5,7826.25
1786633320,7826.25,7826.5,7822.75,7823
1786633380,7823.25,7823.5,7819.25,7820
1786633440,7819.75,7820,7817.5,7818
1786633500,7818.25,7820.5,7817.75,7820
1786633560,7820.25,7820.25,7817,7817.5
1786633620,7817.5,7818.5,7815,7815.25
1786633680,7815,7816.5,7813.75,7814.5
1786633740,7814.25,7816.75,7814,7816.75
1786633800,7816.75,7818,7815.25,7817
1786633860,7816.75,7817.75,7816,7816.75
1786633920,7817,7817.75,7814.75,7814.75
1786633980,7814.5,7816.5,7814.5,7816.25
1786634040,7816.25,7816.75,7814.75,7815.5
1786634100,7815.75,7816.25,7814.5,7815.75
1786634160,7815.75,7815.75,7814,7814.75
1786634220,7814.75,7816.75,7814,7814.75
1786634280,7814.5,7814.75,7811.25,7812.5
1786634340,7812.75,7816.25,7812.25,7816.25
1786634400,7816,7816.5,7815,7816
1786634460,7815.75,7817,7814.25,7816
1786634520,7816,7816.25,7812.75,7814.25
1786634580,7814,7814,7812.5,7814
1786634640,7814,7814.25,7813.25,7813.5
1786634700,7813.5,7813.5,7810.25,7810.5
1786634760,7810.25,7811.5,7809.25,7811.25
1786634820,7811,7812.25,7806.5,7808.75
1786634880,7808.75,7809.25,7803.5,7803.75
1786634940,7804,7806.75,7803.5,7806
1786635000,7806,7807.25,7804.25,7805.5
1786635060,7805.5,7807.5,7805.25,7805.5
1786635120,7805.5,7806.75,7804.5,7804.75
1786635180,7804.75,7805.75,7804,7804
1786635240,7804,7805.25,7801.25,7801.5
1786635300,7801.5,7805.75,7801.5,7804.75
1786635360,7804.5,7805,7801.75,7804
1786635420,7804,7804.25,7801.75,7802.75
1786635480,7802.5,7802.5,7800,7802.25
1786635540,7802,7804.25,7801.25,7803.75
1786635600,7803.5,7803.75,7801,7801.75
1786635660,7802,7805.75,7802,7805.5
1786635720,7805.5,7808,7805.5,7807
1786635780,7807.25,7807.25,7805.5,7805.5
1786635840,7805.5,7806,7803.5,7803.75
1786635900,7803.5,7803.5,7802.25,7803.25
1786635960,7803.25,7805.25,7803,7805
1786636020,7805.25,7805.5,7803.5,7804.25
1786636080,7804.25,7804.5,7802.5,7802.75
1786636140,7802.75,7803.5,7801,7803.25
1786636200,7803.25,7803.5,7801.75,7803.25
1786636260,7803,7803,7800.5,7801.75
1786636320,7801.5,7801.75,7799.25,7801.25
1786636380,7801.25,7802.25,7800.25,7802.25
1786636440,7802.25,7802.5,7800.25,7800.75
1786636500,7800.75,7802.25,7800,7801.25
1786636560,7801,7802.5,7800.75,7802.5
1786636620,7802.25,7803.75,7800.5,7800.75
1786636680,7800.75,7801,7798.5,7799
1786636740,7799,7799.25,7797.75,7799
1786636800,7798.75,7801.5,7798.5,7801.5
1786636860,7801.5,7802.25,7800,7802
1786636920,7802,7804.5,7801.75,7804.25
1786636980,7804,7804.75,7802.5,7804.5
1786637040,7804.5,7804.5,7802.5,7803
1786637100,7803.25,7806,7802.75,7806
1786637160,7806,7807,7805,7805.25
1786637220,7805.25,7806,7804,7804.5
1786637280,7804.5,7805.25,7804.25,7805
1786637340,7805,7805,7803.25,7803.75
1786637400,7803.5,7804.75,7803.25,7804
1786637460,7804,7805.25,7803.25,7803.5
1786637520,7803.5,7804.75,7802.25,7802.5
1786637580,7802.25,7803,7801.25,7801.5
1786637640,7801.5,7802,7800.75,7801
1786637700,7801,7802.75,7800.75,7801
1786637760,7801,7801.75,7800.25,7800.25
1786637820,7800.25,7801.75,7800,7801.25
1786637880,7801.5,7802.25,7800.75,7801.25
1786637940,7801.25,7803,7800.75,7802.5
1786638000,7802.5,7804,7801.5,7803.75
1786638060,7803.75,7804,7802.5,7803.75
1786638120,7803.75,7805,7803.25,7804
1786638180,7804,7804.25,7803.25,7804
1786638240,7804,7805,7803.75,7804.5
1786638300,7804.5,7808,7804.25,7807.5
1786638360,7807.75,7808,7806.75,7807.25
1786638420,7807.25,7809,7807.25,7807.5
1786638480,7807.5,7808.5,7807.25,7808
1786638540,7808.25,7809.5,7807.75,7809.5
1786638600,7809.5,7810.5,7808.75,7810.25
1786638660,7810.5,7810.75,7808.5,7809.25
1786638720,7809,7810.5,7808,7809
1786638780,7809,7811.25,7809,7810.75
1786638840,7811,7811.25,7810.5,7810.5
1786638900,7810.5,7811.25,7810,7810.25
1786638960,7810.25,7810.5,7808.5,7809
1786639020,7809.25,7809.75,7808.5,7808.75
1786639080,7808.75,7810,7808.25,7809.5
1786639140,7809.75,7810.5,7806,7807
1786639200,7807,7807.25,7806,7806.5
1786639260,7806.5,7808,7806.25,7807.75
1786639320,7808,7809.25,7807.25,7809
1786639380,7809,7809,7808,7808.5
1786639440,7808.5,7808.75,7808.25,7808.25
1786639500,7808.5,7809.75,7808.5,7809
1786639560,7809.25,7809.5,7808.25,7809.25
1786639620,7809.25,7810.5,7809,7810.5
1786639680,7810.25,7811,7810.25,7810.5
1786639740,7810.5,7810.75,7809.5,7810
1786639800,7810,7811.25,7810,7811.25
1786639860,7811.25,7812.25,7811,7811.25
1786639920,7811.25,7812.25,7811,7811
1786639980,7811.25,7811.75,7811,7811
1786640040,7810.75,7811.5,7810.25,7811
1786640100,7811,7811.75,7810,7811.25
1786640160,7811.5,7811.5,7810,7810.25
1786640220,7810.25,7811.5,7810.25,7811
1786640280,7811,7811.5,7810.75,7811
1786640340,7811,7811.75,7810.75,7811.5
1786640400,7811.5,7814,7811.5,7813.5
1786640460,7813.5,7814.75,7813.25,7814
1786640520,7814.25,7814.25,7813.25,7813.5
1786640580,7813.5,7814.5,7812.5,7814.5
1786640640,7814.5,7814.5,7813.75,7814
1786640700,7814.25,7816,7813.5,7815.5
1786640760,7815.25,7816,7814.75,7815
1786640820,7815,7816.25,7815,7815.75
1786640880,7815.5,7818.25,7815.5,7816.75
1786640940,7816.75,7816.75,7815.5,7816.75
1786641000,7816.75,7817,7816,7816.75
1786641060,7816.75,7817.5,7816.5,7817
1786641120,7817,7817,7815.5,7815.75
1786641180,7815.5,7816.25,7815,7816.25
1786641240,7816,7816.25,7815.5,7816
1786641300,7816.25,7817.5,7816,7816.5
1786641360,7816.75,7817.75,7816.5,7817.5
1786641420,7817.5,7817.75,7816.5,7816.5
1786641480,7816.5,7817.75,7816,7817
1786641540,7817.25,7818.5,7816.75,7818.5
1786641600,7818.5,7819.25,7817.5,7817.5
1786641660,7817.5,7818.5,7817.25,7818
1786641720,7818,7818,7816.5,7817
1786641780,7817,7817.25,7816,7816
1786641840,7816,7817.25,7816,7817
1786641900,7817.25,7817.5,7816.5,7817
1786641960,7817,7817,7815.25,7815.5
1786642020,7815.5,7816.75,7815.25,7816.25
1786642080,7816.25,7817,7816.25,7816.5
1786642140,7816.5,7816.5,7815,7815.5
1786642200,7815.5,7816.75,7815,7816
1786642260,7816,7816.25,7815,7815.25
1786642320,7815.25,7815.5,7814.5,7814.75
1786642380,7815,7815.25,7812.5,7813
1786642440,7812.75,7814,7812.75,7813.5
1786642500,7813.5,7813.75,7812.5,7813.25
1786642560,7813,7813.5,7812.25,7812.75
1786642620,7812.5,7813,7811.25,7811.25
1786642680,7811,7812.25,7811,7812.25
1786642740,7812,7812.5,7811,7812.25
1786642800,7812.5,7813.5,7811.75,7813.25
1786642860,7813,7813,7811.75,7812.5
1786642920,7812.25,7812.75,7811.5,7811.75
1786642980,7811.75,7812.75,7811.5,7812
1786643040,7812.25,7812.25,7810.5,7810.5
1786643100,7810.5,7813.5,7810.5,7812.5
1786643160,7812.75,7813,7812.25,7812.5
1786643220,7812.5,7812.75,7812,7812.5
1786643280,7812.75,7813.5,7812.25,7812.75
1786643340,7813,7813,7811.75,7812.5
1786643400,7812.5,7813.5,7812.5,7813.25
1786643460,7813,7813.75,7811.75,7812.25
1786643520,7812.5,7812.75,7811.75,7812.5
1786643580,7812.5,7813.25,7812,7813.25
1786643640,7813.25,7813.5,7811.75,7812
1786643700,7812,7812.5,7811.25,7812
1786643760,7812,7812.25,7810.75,7810.75
1786643820,7811,7813,7811,7813
1786643880,7813,7813.75,7812.5,7813.25
1786643940,7813,7813,7811.5,7811.75
1786644000,7811.75,7813.75,7811.75,7812.75
1786644060,7812.75,7813.25,7812.25,7812.25
1786644120,7812.25,7813.25,7812,7812
1786644180,7812,7813.25,7812,7813.25
1786644240,7813.5,7813.75,7812.5,7813.5
1786644300,7813.75,7815,7813.5,7814.75
1786644360,7814.75,7815,7812.75,7813
1786644420,7813,7813.75,7812.5,7813
1786644480,7813,7813.25,7812.25,7812.75
1786644540,7812.75,7813,7812.5,7812.5
1786644600,7812.75,7813.75,7811,7813.25
1786644660,7813.5,7814.25,7812.75,7814.25
1786644720,7814.25,7815.75,7814,7814.75
1786644780,7814.75,7815.5,7814.5,7815.25
1786644840,7815,7815.5,7814.5,7815.25
1786644900,7815.5,7816.25,7815.25,7815.25
1786644960,7815.25,7815.25,7814,7814.25
1786645020,7814.25,7815,7813.75,7814.5
1786645080,7814.5,7814.75,7813.75,7814
1786645140,7813.75,7814,7813.25,7813.75
1786645200,7813.75,7814.25,7812.75,7814.25
1786645260,7814,7814,7813,7813.75
1786645320,7813.75,7814,7813.25,7814
1786645380,7813.75,7814.25,7812,7812.5
1786645440,7812.5,7812.5,7811,7811.5
1786645500,7811.75,7813.5,7811.5,7812.25
1786645560,7812.25,7813.5,7812.25,7813.25
1786645620,7813.5,7813.5,7812.75,7813
1786645680,7813.25,7814.75,7813,7814.75
1786645740,7814.5,7814.5,7814,7814.5
1786645800,7814.5,7816.25,7814.5,7815.75
1786645860,7815.75,7816.5,7815.5,7815.75
1786645920,7815.75,7816,7815.25,7815.5
1786645980,7815.5,7817,7815.5,7817
1786646040,7817,7817,7816,7816.75
1786646100,7816.75,7817.75,7816.25,7817.75
1786646160,7817.5,7818.25,7817,7817
1786646220,7817,7818,7817,7817.5
1786646280,7817.5,7818.25,7817.25,7818.25
1786646340,7818.5,7818.5,7817.5,7818.25
1786646400,7818.5,7819,7818,7818.25
1786646460,7818.25,7821.25,7818.25,7821
1786646520,7821,7821.5,7820.5,7820.75
1786646580,7820.75,7820.75,7820,7820.5
1786646640,7820.5,7821.25,7820.25,7820.5
1786646700,7820.5,7821.75,7820.5,7821
1786646760,7821,7821.5,7820.25,7821.5
1786646820,7821.75,7822,7821.25,7821.75
1786646880,7821.75,7822,7820.75,7821
1786646940,7821,7822,7820.75,7822
1786647000,7822,7822.75,7821.25,7822
1786647060,7822,7822.5,7821.5,7821.75
1786647120,7821.75,7822.25,7820.5,7822.25
1786647180,7822.25,7823.25,7822,7823
1786647240,7823,7823.75,7823,7823
1786647300,7823.25,7823.75,7822.75,7823
1786647360,7823,7823.75,7822.75,7822.75
1786647420,7822.75,7823.25,7821.75,7822
1786647480,7821.75,7822.25,7821.25,7821.5
1786647540,7821.5,7822,7821.25,7822
1786647600,7822,7823.25,7821.75,7823
1786647660,7823,7823.75,7822.75,7823.5
1786647720,7823.5,7823.75,7823,7823.5
1786647780,7823.5,7824,7823,7824
1786647840,7824,7824,7823,7823.5
1786647900,7823.5,7824.25,7822.5,7823.75
1786647960,7824,7826.25,7823.75,7826
1786648020,7826.25,7827,7826,7826.25
1786648080,7826.5,7828.25,7826.25,7827.75
1786648140,7827.5,7828.75,7827.25,7828.25
1786648200,7828.25,7828.25,7826.75,7826.75
1786648260,7826.75,7827.25,7826.25,7827
1786648320,7827,7827,7825,7825
1786648380,7825,7825.25,7822.75,7822.75
1786648440,7823,7824.25,7823,7824
1786648500,7824,7824.5,7822.5,7824.5
1786648560,7824.5,7824.75,7822.5,7823
1786648620,7823.25,7824.5,7822.75,7824.25
1786648680,7824.25,7825.5,7824,7825.25
1786648740,7825.25,7826.25,7824.75,7826
1786648800,7826.25,7827.5,7826,7827.25
1786648860,7827.25,7827.5,7826,7826.5
1786648920,7826.75,7827.75,7826.75,7827.5
1786648980,7827.75,7827.75,7827,7827.25
1786649040,7827.25,7828.25,7826.75,7827.75
1786649100,7827.75,7828.5,7826.25,7826.25
1786649160,7826.25,7826.5,7825,7825.5
1786649220,7825.25,7826.25,7824.5,7826.25
1786649280,7826.25,7826.75,7826,7826
1786649340,7826,7826.25,7824.5,7825
1786649400,7825,7827.25,7824.25,7827.25
1786649460,7827.25,7827.25,7825.75,7825.75
1786649520,7825.75,7826.75,7825.25,7825.25
1786649580,7825.25,7826.5,7825,7825
1786649640,7825,7825.75,7824.75,7825.25
1786649700,7825.25,7825.5,7823,7823
1786649760,7823.25,7823.75,7822.75,7822.75
1786649820,7823,7823.75,7822,7823.25
1786649880,7823,7824.25,7823,7823.25
1786649940,7823.5,7824.5,7823,7824.25
1786650000,7824.5,7825.25,7823.75,7824
1786650060,7824.25,7824.5,7823.25,7824.5
1786650120,7824.5,7825.25,7823.5,7823.5
1786650180,7823.5,7823.75,7822.5,7823.25
1786650240,7823.5,7823.75,7821.75,7821.75
1786650300,7821.75,7822.75,7821.5,7821.75
1786650360,7822,7823,7821.75,7823
1786650420,7823,7823,7821.5,7821.5
1786650480,7821.5,7822,7820.75,7822
1786650540,7822,7822.5,7821,7822.25
1786650600,7822,7822,7819,7819.25
1786650660,7819.5,7819.75,7818,7819
1786650720,7819,7820.25,7818.75,7819.25
1786650780,7819.5,7820.5,7819,7820.5
1786650840,7820.5,7822.25,7819.75,7820.25
1786650900,7820.25,7821,7818.5,7820.25
1786650960,7820.5,7820.75,7819.75,7820.5
1786651020,7820.5,7822.5,7820.25,7821.25
1786651080,7821.25,7822,7820.5,7821.75
1786651140,7821.5,7824.75,7820.5,7823.25
1786651200,7823.25,7824.5,7821.75,7823
1786651260,7823,7824,7818.5,7823.75
1786651320,7823.5,7824.75,7823,7824
1786651380,7824,7824.75,7823.25,7824.5
1786651440,7824.75,7825.25,7823.5,7824
1786651500,7824,7825,7824,7824.25
1786651560,7824.5,7824.5,7823.5,7823.75
1786651620,7823.5,7824,7823,7823
1786651680,7823,7823.25,7822.75,7823
1786651740,7822.75,7823,7822,7822.75
1786651800,7822.75,7823.25,7822,7822.25
1786651860,7822.25,7822.5,7821.75,7822.5
1786651920,7822.25,7822.75,7822,7822.5
1786651980,7822.75,7823.25,7822.75,7822.75
1786652040,7822.75,7823,7821.5,7822.5
1786652100,7822.25,7823,7822,7822.25
1786652160,7822,7822.75,7821.75,7822
1786652220,7821.75,7822,7820,7820.25
1786652280,7820.25,7821,7820,7821
1786652340,7821,7821.25,7820.5,7821.25
1786652400,7821.25,7821.25,7820.75,7821
1786652460,7820.75,7821.25,7820.5,7820.5
1786652520,7820.5,7820.5,7820,7820
1786652580,7820.25,7820.5,7820,7820.5
1786652640,7820.5,7821,7820.5,7820.75
1786652700,7820.5,7820.75,7820,7820.75
1786652760,7820.75,7821.25,7820.5,7821.25
1786652820,7821.25,7821.75,7821,7821.5
1786652880,7821.25,7821.5,7821.25,7821.5
1786652940,7821.5,7821.5,7819.75,7820.5
1786653000,7820.5,7820.75,7820.25,7820.75
1786653060,7820.75,7822.25,7820.5,7822.25
1786653120,7822.5,7823,7821.5,7821.5
1786653180,7821.75,7821.75,7820.75,7820.75
1786653240,7820.75,7822,7820.75,7822
1786653300,7822,7822.25,7821.5,7822
1786653360,7822,7822.25,7821.75,7822.25
1786653420,7822.25,7823,7822.25,7823
1786653480,7823,7823,7822.75,7823
1786653540,7822.75,7823.5,7822.75,7823.25
1786653600,7823.25,7823.5,7823.25,7823.5
1786653660,7823.25,7823.5,7823,7823
1786653720,7823.25,7823.5,7823,7823.25
1786653780,7823.25,7823.75,7823.25,7823.5
1786653840,7823.5,7823.75,7823.25,7823.5
1786653900,7823.75,7824,7823.5,7824
1786653960,7823.75,7824.25,7823.75,7823.75
1786654020,7824,7824.25,7824,7824.25
1786654080,7824.25,7824.25,7824,7824.25
1786654140,7824,7824.5,7823.75,7823.75
1786654200,7823.75,7824.75,7823.75,7824.75
1786654260,7824.5,7824.75,7824.25,7824.25
1786654320,7824.5,7824.5,7824.25,7824.25
1786654380,7824.5,7825.25,7824.5,7825
1786654440,7825,7825.25,7824.75,7825
1786654500,7825.25,7825.25,7824.75,7825
1786654560,7825,7825.5,7824.75,7825
1786654620,7825,7825.25,7824.75,7825
1786654680,7825.25,7825.5,7825,7825
1786654740,7825,7825.5,7825,7825.25
1786658400,7825,7826,7823.75,7824.75
1786658460,7825,7827,7825,7826.75
1786658520,7826.75,7827,7826.5,7826.5
1786658580,7826.5,7826.75,7825.75,7826.5
1786658640,7826.5,7826.75,7826,7826
1786658700,7826,7827,7825.75,7826
1786658760,7826,7826.25,7825.5,7825.75
1786658820,7825.5,7825.5,7824.75,7825.25
1786658880,7825.25,7826,7825.25,7825.5
1786658940,7825.75,7826,7825.5,7825.75
1786659000,7825.5,7825.75,7824,7824.25
1786659060,7824.25,7824.75,7824,7824.5
1786659120,7824.25,7824.5,7824,7824.5
1786659180,7824.5,7824.5,7824.25,7824.25
1786659240,7824.25,7824.75,7824,7824
1786659300,7824,7824,7823.5,7823.75
1786659360,7823.75,7824.5,7823.5,7824.5
1786659420,7824.25,7825,7824.25,7825
1786659480,7825,7825.75,7824.75,7825.5
1786659540,7825.5,7826,7825.5,7826
1786659600,7826,7826,7824.75,7825
1786659660,7825,7825.25,7822.75,7823.5
1786659720,7823.75,7824.25,7823.75,7824
1786659780,7824,7824,7823.75,7824
1786659840,7824,7824.5,7824,7824.5
1786659900,7824.5,7824.75,7824.5,7824.5
1786659960,7824.5,7824.75,7824.25,7824.5
1786660020,7824.75,7824.75,7824.25,7824.25
1786660080,7824.5,7824.5,7824.5,7824.5
1786660140,7824.5,7824.5,7824.25,7824.25
1786660200,7824.5,7824.5,7824.25,7824.25
1786660260,7824.5,7824.75,7824.5,7824.5
1786660320,7824.75,7824.75,7824.5,7824.5
1786660380,7824.5,7824.75,7824.5,7824.75
1786660440,7824.5,7824.75,7824.25,7824.5
1786660500,7824.5,7824.75,7824.5,7824.5
1786660560,7824.25,7824.5,7824.25,7824.5
1786660620,7824.25,7824.5,7824.25,7824.5
1786660680,7824.25,7824.25,7824,7824.25
1786660740,7824.25,7824.25,7824.25,7824.25
1786660800,7824.25,7824.25,7824,7824.25
1786660860,7824,7824.25,7824,7824.25
1786660920,7824.5,7824.5,7824.5,7824.5
1786660980,7824.5,7824.5,7824.25,7824.25
1786661040,7824.25,7824.75,7824.25,7824.75
1786661100,7824.5,7824.75,7824.25,7824.25
1786661160,7824.25,7824.25,7823.5,7823.75
1786661220,7823.5,7823.75,7823.25,7823.75
1786661280,7824,7824,7823.75,7824
1786661340,7824,7824,7824,7824
1786661400,7824.25,7824.5,7824,7824.25
1786661460,7824.25,7824.25,7824,7824
1786661520,7824.25,7824.25,7824.25,7824.25
1786661580,7824.25,7824.25,7823.75,7823.75
1786661640,7824,7824.25,7824,7824
1786661700,7824,7824,7824,7824
1786661760,7824,7824,7824,7824
1786661820,7824,7824,7824,7824
1786661880,7823.75,7824,7823.75,7824
1786661940,7823.75,7824,7823.75,7824
1786662000,7824,7824,7824,7824
1786662060,7824.25,7824.25,7824,7824
1786662120,7823.75,7824,7823.75,7824
1786662180,7824,7824,7824,7824
1786662240,7824,7824.5,7824,7824.25
1786662300,7824.25,7824.5,7824.25,7824.25
1786662360,7824.5,7824.75,7824.5,7824.5
1786662420,7824.5,7825.5,7824.5,7825.5
1786662480,7825.5,7825.5,7825.25,7825.5
1786662540,7825.75,7826.25,7825.75,7826.25
1786662600,7826.25,7826.5,7826.25,7826.25
1786662660,7826.5,7826.5,7826.25,7826.5
1786662720,7826.25,7826.75,7826.25,7826.75
1786662780,7826.5,7827.25,7826.5,7827.25
1786662840,7827,7827.5,7827,7827.25
1786662900,7827.5,7827.5,7826.25,7826.5
1786662960,7826.5,7826.5,7826.25,7826.25
1786663020,7826.5,7827.25,7826.5,7827
1786663080,7827,7827,7826,7826.25
1786663140,7826.25,7827,7826,7827
1786663200,7827,7827.25,7826.75,7826.75
1786663260,7826.75,7827,7826.75,7827
1786663320,7827,7827.25,7826.75,7826.75
1786663380,7826.75,7826.75,7825,7825.5
1786663440,7825.5,7825.5,7825,7825.5
1786663500,7825.5,7826,7825.5,7826
1786663560,7825.75,7826.25,7825.75,7826
1786663620,7826.25,7826.25,7826.25,7826.25
1786663680,7826.25,7826.25,7825.5,7825.75
1786663740,7825.75,7826,7825.5,7825.75
1786663800,7825.75,7826.25,7825,7826
1786663860,7826,7826,7825.5,7825.5
1786663920,7825.75,7825.75,7825.5,7825.75
1786663980,7825.75,7826,7825.75,7825.75
1786664040,7826,7826.5,7826,7826.5
1786664100,7826.5,7826.5,7826.25,7826.5
1786664160,7826.5,7826.5,7826.25,7826.25
1786664220,7826.25,7826.5,7826.25,7826.25
1786664280,7826.5,7826.75,7825.75,7825.75
1786664340,7825.75,7825.75,7825.5,7825.75
1786664400,7825.75,7825.75,7825.25,7825.5
1786664460,7825.25,7826,7825.25,7826
1786664520,7826,7826,7825.75,7826
1786664580,7826,7826.75,7826,7826.25
1786664640,7826.25,7826.75,7826,7826
1786664700,7826,7826.75,7825.25,7826
1786664760,7826.25,7826.75,7825.75,7826
1786664820,7826,7826.25,7826,7826.25
1786664880,7826.25,7826.25,7826,7826.25
1786664940,7826.25,7826.25,7825.75,7826
1786665000,7826.25,7826.25,7825.75,7826
1786665060,7826.25,7826.5,7826,7826.5
1786665120,7826.25,7826.25,7825.75,7825.75
1786665180,7825.75,7826,7825.75,7825.75
1786665240,7825.75,7825.75,7825.5,7825.5
1786665300,7825.75,7826,7825.5,7826
1786665360,7826,7826,7825.75,7826
1786665420,7826,7826,7825.75,7825.75
1786665480,7826,7826,7825.5,7825.5
1786665540,7825.25,7826,7825,7825.75
1786665600,7825.75,7827,7825.75,7827
1786665660,7826.75,7827.5,7826.5,7827
1786665720,7827.25,7828.75,7827.25,7828.25
1786665780,7828.25,7828.5,7827.5,7827.75
1786665840,7827.75,7828.25,7827.75,7827.75
1786665900,7828,7828.25,7826.75,7827
1786665960,7827.25,7827.5,7826,7826.25
1786666020,7826.25,7827.25,7825.75,7825.75
1786666080,7826,7826.5,7825.75,7826.5
1786666140,7826.5,7826.75,7826.5,7826.75
1786666200,7826.75,7827,7826.25,7826.75
1786666260,7826.75,7826.75,7826,7826.5
1786666320,7826.5,7826.5,7825,7825.5
1786666380,7825.5,7826,7825.25,7825.5
1786666440,7825.75,7825.75,7825.5,7825.5
1786666500,7825.5,7826.25,7825.25,7825.75
1786666560,7826,7826.25,7824.25,7824.25
1786666620,7824.25,7825,7824.25,7824.75
1786666680,7824.75,7825,7824.5,7824.75
1786666740,7824.75,7825.25,7824.5,7824.75
1786666800,7825,7825.25,7824.75,7825
1786666860,7825,7825.25,7824.75,7825
1786666920,7825,7825.25,7824.5,7824.5
1786666980,7824.5,7825.25,7824.25,7824.75
1786667040,7825,7825,7824.5,7824.5
1786667100,7824.75,7824.75,7824,7824.5
1786667160,7824.5,7824.75,7824.25,7824.75
1786667220,7824.75,7825,7824.5,7824.75
1786667280,7824.75,7825,7824.5,7825
1786667340,7824.75,7824.75,7824.25,7824.25
1786667400,7824,7824.75,7823.75,7824.25
1786667460,7824.25,7824.25,7823.75,7824
1786667520,7824.25,7824.5,7824.25,7824.25
1786667580,7824.25,7824.5,7824.25,7824.25
1786667640,7824.5,7824.5,7824.25,7824.25
1786667700,7824.5,7824.75,7824.25,7824.5
1786667760,7824.5,7824.75,7824,7824
1786667820,7824.25,7824.75,7824.25,7824.5
1786667880,7824.5,7824.75,7824.25,7824.75
1786667940,7824.5,7825,7824.5,7824.75
1786668000,7824.75,7824.75,7824.25,7824.25
1786668060,7824.5,7825,7824.5,7824.75
1786668120,7824.75,7824.75,7824,7824
1786668180,7824,7824.25,7823.5,7823.5
1786668240,7823.75,7824,7823.5,7823.75
1786668300,7823.75,7824.25,7823.75,7823.75
1786668360,7824,7824,7823.75,7823.75
1786668420,7823.75,7824,7823.5,7823.75
1786668480,7823.5,7823.5,7823.25,7823.25
1786668540,7823.25,7823.75,7823.25,7823.25
1786668600,7823.5,7824,7823,7824
1786668660,7824,7824,7823.25,7823.5
1786668720,7823.75,7823.75,7823.25,7823.5
1786668780,7823.5,7823.5,7823.25,7823.5
1786668840,7823.5,7824.25,7823.5,7824
1786668900,7824.25,7824.5,7824.25,7824.25
1786668960,7824.25,7824.5,7824,7824
1786669020,7824.25,7824.25,7824,7824.25
1786669080,7824.25,7824.5,7823.75,7823.75
1786669140,7824,7824.5,7824,7824.25
1786669200,7824,7824.25,7823,7823
1786669260,7823.25,7823.25,7822.5,7822.5
1786669320,7822.5,7822.75,7821.5,7821.5
1786669380,7821.75,7822,7820.75,7821
1786669440,7821.25,7821.5,7820.5,7821
1786669500,7821.25,7822.5,7821,7822.5
1786669560,7822.5,7822.5,7822,7822.25
1786669620,7822.5,7822.75,7822.25,7822.25
1786669680,7822.25,7822.75,7822,7822.25
1786669740,7822.5,7822.75,7822.5,7822.5
1786669800,7822.5,7822.5,7822,7822.25
1786669860,7822.25,7822.25,7821.25,7821.5
1786669920,7821.5,7821.5,7820.75,7820.75
1786669980,7821,7821,7820.25,7820.25
1786670040,7820.5,7820.5,7820.25,7820.5
1786670100,7820.5,7821,7820.5,7820.75
1786670160,7820.75,7820.75,7820.25,7820.75
1786670220,7821,7821.5,7821,7821
1786670280,7821,7821.25,7820.5,7821
1786670340,7821.25,7821.25,7820.75,7821
1786670400,7821.25,7821.75,7820.25,7821.75
1786670460,7821.75,7822.25,7821.5,7822.25
1786670520,7822,7822.5,7822,7822
1786670580,7822.25,7822.75,7822,7822.25
1786670640,7822.25,7822.25,7821.75,7822
1786670700,7821.75,7822,7821.25,7821.5
1786670760,7821.25,7821.75,7820.75,7821.75
1786670820,7821.5,7822,7821.5,7822
1786670880,7822,7822.25,7821.75,7822.25
1786670940,7822.25,7822.5,7822.25,7822.25
1786671000,7822.5,7822.5,7821.75,7822
1786671060,7822.25,7822.25,7821.75,7822
1786671120,7822,7822.5,7822,7822.5
1786671180,7822.5,7822.5,7822.25,7822.5
1786671240,7822.5,7822.75,7822.25,7822.75
1786671300,7822.75,7823,7822.25,7823
1786671360,7823,7823.25,7822.75,7823.25
1786671420,7823.25,7823.75,7823,7823.5
1786671480,7823.5,7824,7823.25,7824
1786671540,7823.75,7824.25,7823.75,7823.75
1786671600,7824,7824.25,7823.5,7823.5
1786671660,7823.5,7824,7823.25,7823.75
1786671720,7823.75,7823.75,7823.5,7823.75
1786671780,7823.5,7823.75,7823.5,7823.5
1786671840,7823.5,7823.75,7823.25,7823.75
1786671900,7823.75,7824.25,7823.75,7824
1786671960,7824.25,7824.5,7823.75,7824.5
1786672020,7824.5,7824.5,7824.25,7824.5
1786672080,7824.5,7824.5,7824.25,7824.25
1786672140,7824.25,7825,7824.25,7824.75
1786672200,7824.75,7824.75,7823.75,7824
1786672260,7824,7824.5,7823.75,7824.25
1786672320,7824.5,7824.5,7823.25,7823.75
1786672380,7823.75,7823.75,7823.5,7823.5
1786672440,7823.5,7823.5,7823,7823
1786672500,7823.25,7823.25,7823,7823
1786672560,7823,7823.5,7823,7823
1786672620,7823.25,7823.5,7823,7823.25
1786672680,7823.25,7823.5,7823.25,7823.25
1786672740,7823.5,7823.75,7823.25,7823.5
1786672800,7823.5,7824,7823.5,7823.75
1786672860,7823.5,7824.25,7823.5,7824
1786672920,7824,7824.25,7824,7824.25
1786672980,7824.25,7825,7824,7824.75
1786673040,7824.75,7825.25,7824.5,7825
1786673100,7825,7825.5,7824.75,7825.25
1786673160,7825.25,7825.25,7825,7825
1786673220,7825,7825.25,7825,7825.25
1786673280,7825.25,7825.25,7824.5,7824.5
1786673340,7824.25,7824.75,7824,7824.75
1786673400,7824.75,7825.5,7824.75,7825.5
1786673460,7825.5,7826,7825.25,7825.75
1786673520,7826,7826,7825.75,7826
1786673580,7825.75,7825.75,7825.5,7825.75
1786673640,7825.75,7826.25,7825.75,7826
1786673700,7826,7826.25,7826,7826.25
1786673760,7826.5,7826.5,7826,7826
1786673820,7826,7826,7825.25,7825.25
1786673880,7825.5,7825.5,7825.25,7825.5
1786673940,7825.25,7825.25,7825,7825
1786674000,7825,7825.75,7825,7825.75
1786674060,7825.75,7826,7825.5,7826
1786674120,7825.75,7826.25,7825.75,7826.25
1786674180,7826,7826.25,7825.75,7826.25
1786674240,7826.25,7826.5,7825.75,7826
1786674300,7825.75,7826.25,7825.75,7826
1786674360,7826,7826,7825.5,7825.75
1786674420,7825.75,7825.75,7825.5,7825.5
1786674480,7825.75,7826,7825.5,7826
1786674540,7826,7826.25,7825.75,7826.25
1786674600,7826,7826.5,7826,7826.5
1786674660,7826.5,7826.5,7826.25,7826.25
1786674720,7826.25,7827,7826.25,7826.75
1786674780,7826.75,7827,7826.5,7826.75
1786674840,7826.5,7827,7826.5,7826.75
1786674900,7826.5,7826.75,7826.5,7826.75
1786674960,7826.75,7826.75,7826.25,7826.5
1786675020,7826.5,7826.75,7826.25,7826.5
1786675080,7826.5,7826.75,7826.25,7826.25
1786675140,7826.25,7826.5,7826.25,7826.25
1786675200,7826,7826.5,7825.75,7826.5
1786675260,7826.5,7826.75,7826.25,7826.5
1786675320,7826.25,7826.25,7826,7826.25
1786675380,7826.25,7826.25,7826,7826.25
1786675440,7826,7826.25,7826,7826.25
1786675500,7826.5,7827,7826.5,7827
1786675560,7827,7827,7826,7826
1786675620,7826,7826.25,7825.5,7826
1786675680,7826,7826,7825.75,7825.75
1786675740,7826,7826,7825.5,7825.5
1786675800,7825.75,7825.75,7825.5,7825.5
1786675860,7825.75,7825.75,7825.5,7825.5
1786675920,7825.25,7825.5,7825.25,7825.25
1786675980,7825.5,7825.75,7825.25,7825.25
1786676040,7825.5,7825.5,7825,7825.25
1786676100,7825.25,7825.25,7825,7825
1786676160,7825,7825,7824.75,7824.75
1786676220,7824.5,7824.75,7824.25,7824.5
1786676280,7824.5,7824.75,7824.5,7824.75
1786676340,7824.75,7825,7824.75,7825
1786676400,7825,7825,7824.5,7824.75
1786676460,7824.75,7825,7824.75,7824.75
1786676520,7824.75,7825,7824.5,7825
1786676580,7825,7825,7824.75,7825
1786676640,7824.75,7825.5,7824.75,7825
1786676700,7825,7825.25,7825,7825
1786676760,7825.25,7825.75,7825,7825.75
1786676820,7825.5,7825.75,7825.5,7825.5
1786676880,7825.75,7825.75,7825.25,7825.5
1786676940,7825.5,7825.5,7825.25,7825.5
1786677000,7825.75,7825.75,7825.5,7825.75
1786677060,7825.75,7826,7825.5,7826
1786677120,7826,7826,7825.75,7825.75
1786677180,7826,7826,7825.75,7826
1786677240,7825.75,7826,7825.5,7826
1786677300,7825.75,7826,7825.75,7826
1786677360,7826.25,7826.25,7826,7826.25
1786677420,7826.25,7826.5,7826.25,7826.5
1786677480,7826.5,7826.5,7826.25,7826.5
1786677540,7826.5,7826.5,7826.5,7826.5
1786677600,7826.75,7826.75,7826.5,7826.75
1786677660,7827,7827,7826.75,7826.75
1786677720,7827,7827.25,7827,7827
1786677780,7827.25,7827.5,7827,7827.25
1786677840,7827.25,7827.5,7827.25,7827.5
1786677900,7827.5,7827.75,7827.25,7827.25
1786677960,7827.25,7827.5,7827.25,7827.5
1786678020,7827.5,7827.5,7827.25,7827.25
1786678080,7827.25,7827.5,7827.25,7827.5
1786678140,7827.25,7827.5,7827.25,7827.25
1786678200,7827.5,7827.5,7826.75,7827.25
1786678260,7827.25,7827.25,7826.5,7826.75
1786678320,7826.75,7827,7826.75,7827
1786678380,7826.75,7827,7826.75,7827
1786678440,7826.75,7827,7826.75,7826.75
1786678500,7826.75,7826.75,7826,7826.25
1786678560,7826.25,7826.5,7826.25,7826.25
1786678620,7826.5,7826.5,7825.75,7826
1786678680,7826,7826.25,7825.5,7825.75
1786678740,7825.5,7825.75,7825.5,7825.5
1786678800,7825.75,7825.75,7825.25,7825.5
1786678860,7825.5,7825.5,7825.25,7825.5
1786678920,7825.5,7826,7825.5,7825.5
1786678980,7825.75,7825.75,7825.5,7825.75
1786679040,7825.75,7825.75,7825,7825.25
1786679100,7825.25,7825.75,7825.25,7825.5
1786679160,7825.5,7825.75,7825.25,7825.25
1786679220,7825.25,7825.5,7825.25,7825.25
1786679280,7825.25,7825.25,7824.75,7825
1786679340,7825,7825.25,7824.75,7824.75
1786679400,7825,7825,7824.75,7825
1786679460,7825,7825.5,7824.75,7825
1786679520,7825.25,7825.25,7824.75,7825.25
1786679580,7825,7825.25,7824.75,7825
1786679640,7824.75,7825,7824.75,7825
1786679700,7824.75,7825,7824.75,7825
1786679760,7824.75,7825,7824.5,7824.5
1786679820,7824.75,7824.75,7824.5,7824.75
1786679880,7824.75,7825,7824.25,7824.25
1786679940,7824.25,7824.5,7824.25,7824.25
1786680000,7824.25,7824.5,7823.75,7824.5
1786680060,7824.5,7824.75,7824,7824
1786680120,7824.25,7824.75,7824,7824.25
1786680180,7824.25,7824.5,7824,7824.25
1786680240,7824.25,7824.25,7824,7824.25
1786680300,7824.25,7825,7824,7824.5
1786680360,7824.75,7824.75,7824.5,7824.75
1786680420,7824.75,7825.25,7824.5,7824.75
1786680480,7824.75,7825.25,7824.75,7825.25
1786680540,7825.25,7825.25,7824.75,7824.75
1786680600,7825,7825,7824.75,7824.75
1786680660,7824.75,7824.75,7824.5,7824.75
1786680720,7825,7825,7824.75,7824.75
1786680780,7824.75,7825.25,7824.75,7825.25
1786680840,7825.25,7825.5,7825,7825.25
1786680900,7825,7825.25,7825,7825.25
1786680960,7825,7825.5,7824.75,7825.25
1786681020,7825.25,7825.5,7825,7825
1786681080,7825.25,7825.25,7824.75,7825
1786681140,7825,7825,7824.75,7825
1786681200,7824.75,7824.75,7824.75,7824.75
1786681260,7824.75,7825,7824.75,7824.75
1786681320,7824.75,7825,7824.75,7824.75
1786681380,7824.5,7824.75,7824.25,7824.75
1786681440,7824.5,7824.75,7824.5,7824.5
1786681500,7824.5,7824.75,7824.5,7824.75
1786681560,7824.75,7825.25,7824.75,7825.25
1786681620,7825.25,7825.5,7824.75,7824.75
1786681680,7825,7825,7824.25,7824.25
1786681740,7824.5,7824.75,7824.25,7824.5
1786681800,7824.5,7825,7824.5,7824.75
1786681860,7824.75,7824.75,7824.5,7824.5
1786681920,7824.25,7824.5,7824,7824.25
1786681980,7824.25,7824.25,7823.75,7823.75
1786682040,7823.75,7823.75,7823.25,7823.25
1786682100,7823.25,7823.5,7822.75,7823
1786682160,7822.75,7823,7822.5,7822.75
1786682220,7822.75,7823.5,7822.75,7823.5
1786682280,7823.5,7824,7823.5,7824
1786682340,7824,7824.25,7824,7824
1786682400,7824,7824.25,7823.75,7824.25
1786682460,7824.5,7824.75,7824.25,7824.75
1786682520,7824.75,7825,7824.5,7825
1786682580,7824.75,7825,7824,7824
1786682640,7824.25,7824.25,7823.75,7823.75
1786682700,7823.75,7824,7823.25,7823.75
1786682760,7823.75,7823.75,7823,7823
1786682820,7823,7823.25,7823,7823
1786682880,7823.25,7823.25,7823.25,7823.25
1786682940,7823.5,7823.75,7823.25,7823.5
1786683000,7823.25,7823.5,7823.25,7823.25
1786683060,7823.25,7823.25,7823,7823.25
1786683120,7823.25,7823.25,7823.25,7823.25
1786683180,7823.25,7823.25,7823.25,7823.25
1786683240,7823.25,7823.25,7823.25,7823.25
1786683300,7823.25,7823.25,7823.25,7823.25
1786683360,7823.25,7823.5,7823.25,7823.5
1786683420,7823.25,7823.5,7823.25,7823.25
1786683480,7823.25,7823.5,7823,7823.25
1786683540,7823,7823,7823,7823
1786683600,7823.25,7823.75,7823.25,7823.25
1786683660,7823.25,7823.5,7823,7823.25
1786683720,7823.25,7823.25,7822.5,7822.5
1786683780,7822.5,7823,7822.5,7822.75
1786683840,7822.75,7823,7822.25,7822.5
1786683900,7822.5,7822.75,7822.5,7822.5
1786683960,7822.5,7822.5,7822,7822.25
1786684020,7822.25,7822.5,7822,7822.25
1786684080,7822.25,7822.25,7821.75,7821.75
1786684140,7821.75,7822.25,7821.5,7822
1786684200,7822,7822.25,7821.5,7822.25
1786684260,7822.25,7822.5,7821.75,7822.25
1786684320,7822.5,7823,7822.25,7822.5
1786684380,7822.75,7823,7822.75,7823
1786684440,7823,7823.25,7823,7823
1786684500,7823.25,7823.25,7822.75,7822.75
1786684560,7822.75,7823,7822.75,7822.75
1786684620,7822.75,7823,7822.75,7823
1786684680,7823.25,7823.25,7822.25,7822.25
1786684740,7822.25,7822.5,7822.25,7822.5
1786684800,7822.5,7823,7822.25,7823
1786684860,7822.75,7823,7822.5,7822.75
1786684920,7822.5,7823.25,7822.5,7822.75
1786684980,7822.75,7823,7822.5,7823
1786685040,7823,7823.25,7823,7823
1786685100,7823,7823.25,7823,7823
1786685160,7823,7823.25,7822.75,7823
1786685220,7822.75,7823.5,7822.75,7823.25
1786685280,7823.25,7823.5,7823.25,7823.5
1786685340,7823.25,7823.75,7823.25,7823.75
1786685400,7823.5,7823.5,7822.5,7823.25
1786685460,7823.25,7823.75,7823.25,7823.5
1786685520,7823.5,7823.5,7823.5,7823.5
1786685580,7823.5,7823.75,7823.5,7823.5
1786685640,7823.5,7823.75,7823.5,7823.5
1786685700,7823.75,7824.5,7823.5,7824.25
1786685760,7824.25,7824.25,7824.25,7824.25
1786685820,7824.25,7824.25,7824,7824.25
1786685880,7824.25,7824.5,7824.25,7824.25
1786685940,7824.25,7824.25,7824,7824
1786686000,7823.75,7823.75,7823.25,7823.25
1786686060,7823.75,7824,7823.5,7824
1786686120,7824,7824.25,7823.75,7824
1786686180,7824.25,7824.25,7823.75,7823.75
1786686240,7824,7824.25,7824,7824.25
1786686300,7824.25,7824.5,7824.25,7824.25
1786686360,7824.25,7824.5,7824,7824.25
1786686420,7824.25,7824.75,7824,7824.5
1786686480,7824.75,7824.75,7824.25,7824.75
1786686540,7824.75,7825.25,7824.75,7825
1786686600,7825,7825.25,7824.75,7824.75
1786686660,7825,7825.25,7824.75,7825.25
1786686720,7825.5,7825.75,7825.25,7825.5
1786686780,7825.75,7825.75,7825.5,7825.75
1786686840,7825.75,7825.75,7825.5,7825.5
1786686900,7825.75,7826,7825.5,7825.75
1786686960,7825.5,7825.75,7825.25,7825.25
1786687020,7825.5,7825.5,7825.25,7825.25
1786687080,7825.25,7825.5,7824.5,7824.75
1786687140,7824.75,7824.75,7824.5,7824.75
1786687200,7824.75,7824.75,7824,7824.25
1786687260,7824.25,7824.25,7823.75,7823.75
1786687320,7823.75,7823.75,7822.75,7823
1786687380,7823.25,7823.25,7822.75,7823
1786687440,7823,7823,7822,7822.25
1786687500,7822.5,7823,7822.25,7823
1786687560,7822.75,7823.25,7822.5,7822.5
1786687620,7822.5,7822.5,7822.25,7822.25
1786687680,7822,7822,7821.5,7821.5
1786687740,7821.75,7822.25,7821.75,7822
1786687800,7822,7822,7821.5,7821.75
1786687860,7821.5,7821.75,7821.25,7821.5
1786687920,7821.5,7822,7821.25,7822
1786687980,7822,7822,7821.25,7821.75
1786688040,7821.75,7821.75,7821.5,7821.5
1786688100,7821.5,7821.75,7821.25,7821.5
1786688160,7821.5,7821.75,7821.5,7821.5
1786688220,7821.75,7821.75,7821.25,7821.5
1786688280,7821.75,7821.75,7821.25,7821.25
1786688340,7821.5,7822,7821.25,7821.75
1786688400,7821.75,7821.75,7821.5,7821.5
1786688460,7821.5,7821.75,7821.25,7821.75
1786688520,7821.75,7821.75,7821.25,7821.5
1786688580,7821.75,7821.75,7821.5,7821.75
1786688640,7822,7822.25,7821.75,7821.75
1786688700,7822,7822,7821.75,7821.75
1786688760,7821.75,7822,7821.75,7821.75
1786688820,7822,7822,7821.5,7821.75
1786688880,7821.5,7821.75,7821.5,7821.5
1786688940,7821.75,7822.25,7821.75,7822
1786689000,7822,7822.25,7821.5,7821.75
1786689060,7822,7822,7822,7822
1786689120,7822,7822.25,7821.75,7821.75
1786689180,7821.75,7821.75,7821.5,7821.5
1786689240,7821.5,7821.75,7821.5,7821.75
1786689300,7821.75,7821.75,7821.25,7821.25
1786689360,7821,7821.25,7820.75,7821.25
1786689420,7821.25,7821.5,7821,7821.25
1786689480,7821.25,7821.25,7821,7821
1786689540,7821,7821,7820.75,7821
1786689600,7821,7821,7820.75,7820.75
1786689660,7821,7821,7820.75,7820.75
1786689720,7820.5,7821,7820.5,7820.75
1786689780,7821,7821,7820.75,7821
1786689840,7820.75,7821.5,7820.75,7821.5
1786689900,7821.5,7821.75,7821.5,7821.5
1786689960,7821.5,7821.75,7821.5,7821.75
1786690020,7822,7822,7821.75,7821.75
1786690080,7821.75,7821.75,7821.5,7821.75
1786690140,7821.75,7821.75,7821.75,7821.75
1786690200,7821.75,7822,7821.75,7822
1786690260,7822,7822,7821.75,7822
1786690320,7822,7822.25,7821.75,7822
1786690380,7821.75,7822,7821.75,7821.75
1786690440,7821.75,7821.75,7821.75,7821.75
1786690500,7821.75,7821.75,7821.25,7821.5
1786690560,7821.75,7822,7821.75,7822
1786690620,7822,7822.25,7822,7822.25
1786690680,7822.25,7822.25,7822,7822
1786690740,7822,7822.25,7821.5,7821.75
1786690800,7821.75,7823,7821.75,7822.75
1786690860,7822.5,7823,7822.25,7822.5
1786690920,7822.75,7822.75,7821.75,7821.75
1786690980,7821.75,7823,7821.75,7822.75
1786691040,7822.75,7822.75,7822.5,7822.75
1786691100,7822.75,7823,7822,7822
1786691160,7822,7822.25,7821.75,7822
1786691220,7822.25,7822.25,7821.75,7821.75
1786691280,7822,7822.5,7822,7822.5
1786691340,7822.5,7822.75,7822,7822.75
1786691400,7822.75,7822.75,7822.25,7822.25
1786691460,7822.25,7822.5,7821.5,7822
1786691520,7822.25,7822.25,7820.5,7820.5
1786691580,7820.75,7821.5,7820.5,7820.75
1786691640,7821,7821.25,7820,7820.25
1786691700,7820.25,7821.5,7820.25,7821
1786691760,7821.25,7821.5,7820.75,7821.25
1786691820,7821.5,7821.5,7821,7821.5
1786691880,7821.75,7821.75,7821.25,7821.25
1786691940,7821.25,7821.5,7821,7821.5
1786692000,7821.5,7821.5,7821,7821.25
1786692060,7821.5,7821.5,7821,7821.25
1786692120,7821.25,7821.5,7821,7821.25
1786692180,7821.25,7821.25,7821,7821
1786692240,7820.75,7821.75,7820.75,7821.75
1786692300,7821.5,7822,7821.5,7821.5
1786692360,7821.5,7822,7821.25,7821.25
1786692420,7821.25,7821.5,7821.25,7821.25
1786692480,7821.5,7821.75,7821,7821
1786692540,7821.25,7821.5,7821,7821.5
1786692600,7821.5,7821.75,7821,7821.25
1786692660,7821.5,7822,7821.25,7822
1786692720,7822,7822.5,7822,7822.5
1786692780,7822.25,7822.5,7822.25,7822.5
1786692840,7822.5,7822.5,7822.25,7822.25
1786692900,7822.25,7822.25,7821.5,7821.75
1786692960,7821.75,7822,7821.75,7821.75
1786693020,7821.5,7821.75,7821.5,7821.75
1786693080,7821.75,7822,7821.75,7822
1786693140,7822,7822.5,7821.75,7822.5
1786693200,7822.5,7822.5,7822.25,7822.5
1786693260,7822.5,7822.75,7822.5,7822.75
1786693320,7822.75,7822.75,7822.25,7822.25
1786693380,7822.25,7822.75,7822,7822.75
1786693440,7822.75,7824,7822.75,7824
1786693500,7823.75,7824,7823.5,7823.5
1786693560,7823.5,7823.5,7823,7823
1786693620,7823,7823.25,7822.75,7823
1786693680,7823.25,7824.25,7823.25,7824
1786693740,7824,7824.25,7823.75,7824.25
1786693800,7824.25,7824.75,7824.25,7824.5
1786693860,7824.5,7824.5,7823.75,7824
1786693920,7823.75,7824,7823.75,7823.75
1786693980,7824,7824.5,7823.75,7824.5
1786694040,7824.25,7824.5,7824,7824.25
1786694100,7824.25,7824.25,7823.75,7824
1786694160,7824.25,7824.5,7824,7824.5
1786694220,7824.75,7824.75,7824.25,7824.25
1786694280,7824.25,7824.75,7824,7824.75
1786694340,7824.75,7824.75,7823.5,7823.5
1786694400,7823.5,7824.75,7822.75,7824.5
1786694460,7824.75,7825,7823.5,7823.75
1786694520,7823.5,7823.75,7822,7822.75
1786694580,7822.75,7824.5,7822.5,7824.25
1786694640,7824.25,7824.5,7823.75,7823.75
1786694700,7823.75,7826,7823.75,7824.75
1786694760,7825,7825.5,7824.75,7824.75
1786694820,7824.75,7825,7823.75,7824.5
1786694880,7824.5,7824.75,7824.5,7824.5
1786694940,7824.75,7825,7824.75,7824.75
1786695000,7825,7825.25,7824,7824
1786695060,7824,7824.75,7824,7824.25
1786695120,7824.25,7824.25,7823.25,7823.5
1786695180,7823.5,7824.25,7823.5,7824
1786695240,7824,7824.25,7823,7823.5
1786695300,7823.5,7825.25,7823.5,7824.75
1786695360,7825,7825.5,7824.75,7824.75
1786695420,7824.5,7824.75,7823.75,7824
1786695480,7824,7824,7823.5,7823.75
1786695540,7823.75,7824,7823.5,7823.75
1786695600,7823.75,7824,7823.5,7824
1786695660,7824,7824.25,7823.75,7823.75
1786695720,7823.5,7823.75,7822.75,7822.75
1786695780,7823,7823.75,7823,7823.75
1786695840,7824,7824.25,7823.75,7824
1786695900,7824.25,7824.75,7824,7824.5
1786695960,7824.75,7824.75,7824.25,7824.5
1786696020,7824.5,7824.75,7824.25,7824.75
1786696080,7825,7825.75,7824.75,7825.75
1786696140,7825.75,7825.75,7825.5,7825.75
1786696200,7825.75,7827,7825.5,7827
1786696260,7826.75,7827,7826,7826
1786696320,7826,7826.5,7826,7826
1786696380,7825.75,7826,7825.5,7826
1786696440,7825.75,7826.25,7825.75,7826.25
1786696500,7826.5,7827.5,7826.5,7827.25
1786696560,7827.5,7827.75,7827.25,7827.5
1786696620,7827.75,7828,7827.25,7828
1786696680,7828,7828,7827.5,7827.75
1786696740,7827.75,7827.75,7827.75,7827.75
1786696800,7827.75,7828.25,7827.75,7828
1786696860,7828,7828.25,7828,7828
1786696920,7827.75,7828,7827.75,7827.75
1786696980,7827.75,7827.75,7827.25,7827.25
1786697040,7827,7827.25,7826.75,7826.75
1786697100,7826.75,7827,7826.75,7827
1786697160,7827.25,7828.25,7827.25,7828
1786697220,7828,7828.75,7828,7828.5
1786697280,7828.25,7828.5,7828.25,7828.5
1786697340,7828.25,7828.5,7828,7828.25
1786697400,7828.25,7828.25,7827.5,7828
1786697460,7828,7828.25,7828,7828
1786697520,7828,7828.25,7827.5,7827.75
1786697580,7827.75,7828.25,7827.75,7828.25
1786697640,7828.25,7828.25,7827.25,7827.25
1786697700,7827,7827.5,7827,7827.25
1786697760,7827,7827.5,7826.75,7827
1786697820,7826.75,7827,7826.5,7826.75
1786697880,7826.75,7826.75,7826.75,7826.75
1786697940,7826.75,7826.75,7826.25,7826.25
1786698000,7826.25,7826.25,7824.5,7826
1786698060,7825.75,7826,7825.5,7825.5
1786698120,7825.25,7826.25,7825.25,7826
1786698180,7826,7826.25,7825.5,7825.5
1786698240,7825.5,7825.5,7825,7825
1786698300,7825,7825,7824.5,7825
1786698360,7825,7825.25,7825,7825.25
1786698420,7825.25,7825.5,7824.75,7825.25
1786698480,7825.5,7826,7825.25,7825.75
1786698540,7825.75,7825.75,7825.5,7825.5
1786698600,7825.75,7825.75,7825.5,7825.75
1786698660,7825.75,7826,7825.75,7825.75
1786698720,7825.5,7825.75,7825.5,7825.75
1786698780,7825.5,7825.75,7825.25,7825.75
1786698840,7826,7826,7825.75,7825.75
1786698900,7825.75,7826,7825.75,7826
1786698960,7826,7826.25,7825,7825.5
1786699020,7825.75,7826,7825.5,7826
1786699080,7826,7826.25,7826,7826
1786699140,7826,7826,7825.75,7826
1786699200,7826,7826.5,7826,7826.5
1786699260,7826.5,7827,7826.5,7826.5
1786699320,7826.5,7826.75,7826.25,7826.75
1786699380,7826.5,7826.75,7826.25,7826.75
1786699440,7827,7827.5,7827,7827.5
1786699500,7827.5,7827.5,7827.5,7827.5
1786699560,7827.5,7827.5,7826.75,7827
1786699620,7827,7827.25,7826.5,7826.5
1786699680,7826.5,7826.5,7826,7826.25
1786699740,7826.25,7826.25,7826,7826.25
1786699800,7826,7826,7825.5,7825.75
1786699860,7825.75,7826,7825.5,7825.5
1786699920,7825.5,7826,7825,7825.25
1786699980,7825,7825.25,7824.75,7824.75
1786700040,7824.75,7825,7824.5,7824.75
1786700100,7824.75,7825,7824.5,7824.5
1786700160,7824.5,7825,7824.5,7824.5
1786700220,7824.25,7824.5,7824,7824.5
1786700280,7824.25,7824.5,7824,7824.25
1786700340,7824.25,7824.5,7824.25,7824.5
1786700400,7824.5,7824.75,7824.25,7824.25
1786700460,7824.5,7824.75,7824.25,7824.75
1786700520,7825,7825,7824.5,7824.5
1786700580,7824.5,7824.75,7824.5,7824.75
1786700640,7824.75,7825,7824.5,7824.75
1786700700,7825,7825.5,7824.75,7825
1786700760,7825,7825.5,7825,7825.5
1786700820,7825.75,7825.75,7825.5,7825.75
1786700880,7825.75,7826.5,7825.75,7826.5
1786700940,7826.75,7826.75,7826,7826.25
1786701000,7826.25,7826.5,7826,7826.5
1786701060,7826.25,7826.75,7826.25,7826.5
1786701120,7826.5,7826.5,7826.5,7826.5
1786701180,7826.25,7826.5,7826,7826.25
1786701240,7826.25,7826.5,7826.25,7826.5
1786701300,7826.75,7826.75,7826.25,7826.5
1786701360,7826.5,7826.5,7826.5,7826.5
1786701420,7826.75,7826.75,7826.5,7826.5
1786701480,7826.5,7827,7826.5,7827
1786701540,7827,7827.75,7827,7827.75
1786701600,7827.5,7827.75,7827,7827.25
1786701660,7827.5,7827.75,7827.25,7827.5
1786701720,7827.75,7828,7827.5,7827.75
1786701780,7827.75,7828,7827.75,7828
1786701840,7828.25,7828.5,7827.75,7828.5
1786701900,7828.75,7829.5,7828.5,7828.75
1786701960,7828.5,7829,7828.25,7828.5
1786702020,7828.25,7828.5,7828.25,7828.5
1786702080,7828.5,7828.5,7828.25,7828.25
1786702140,7828.5,7828.75,7828.25,7828.5
1786702200,7828.5,7828.75,7828.25,7828.75
1786702260,7828.75,7829.25,7828.75,7829
1786702320,7829.25,7829.25,7828.5,7828.75
1786702380,7828.75,7828.75,7828.25,7828.25
1786702440,7828.25,7828.5,7828,7828.25
1786702500,7828.25,7828.25,7828,7828.25
1786702560,7828,7828.25,7827.75,7828
1786702620,7828.25,7828.25,7827.75,7827.75
1786702680,7827.75,7827.75,7827.25,7827.5
1786702740,7827.5,7827.75,7827.25,7827.75
1786702800,7827.75,7827.75,7827.25,7827.25
1786702860,7827.25,7827.25,7827,7827
1786702920,7827.25,7827.25,7827,7827
1786702980,7827.25,7827.75,7827.25,7827.25
1786703040,7827.5,7827.75,7827.5,7827.75
1786703100,7827.75,7828,7827.75,7828
1786703160,7827.75,7827.75,7827,7827
1786703220,7827,7827,7826.75,7827
1786703280,7826.75,7826.75,7826.25,7826.5
1786703340,7826.5,7827,7826.5,7826.75
1786703400,7827,7827.25,7826.75,7827
1786703460,7827,7827,7826.75,7827
1786703520,7827,7827.25,7827,7827.25
1786703580,7827.25,7827.5,7827,7827.5
1786703640,7827.75,7828,7827.75,7828
1786703700,7827.75,7828,7827.25,7827.25
1786703760,7827.5,7827.5,7827,7827.25
1786703820,7827.25,7827.25,7827,7827.25
1786703880,7827.25,7827.5,7827,7827.25
1786703940,7827.5,7827.5,7827.25,7827.5
1786704000,7827.5,7827.5,7827.25,7827.5
1786704060,7827.5,7827.75,7826.5,7826.75
1786704120,7826.75,7826.75,7825.5,7826.25
1786704180,7826.25,7826.5,7826.25,7826.5
1786704240,7826.25,7827.25,7826.25,7827.25
1786704300,7827.25,7827.25,7827,7827
1786704360,7827,7827.25,7826.75,7826.75
1786704420,7826.5,7826.75,7826.5,7826.5
1786704480,7826.75,7826.75,7826.5,7826.5
1786704540,7826.5,7826.5,7826.5,7826.5
1786704600,7826.75,7827.25,7826.75,7827
1786704660,7827.25,7827.25,7827,7827
1786704720,7827.25,7828,7827.25,7828
1786704780,7828,7828.5,7828,7828.25
1786704840,7828,7828.25,7827.75,7827.75
1786704900,7827.75,7827.75,7826.5,7826.5
1786704960,7826.75,7827,7826.75,7827
1786705020,7826.75,7827.25,7826.75,7827.25
1786705080,7827.25,7827.25,7827,7827.25
1786705140,7827.5,7828.75,7827.5,7828.75
1786705200,7828.75,7829.25,7828.5,7829.25
1786705260,7829.25,7829.5,7829,7829.5
1786705320,7829.5,7829.5,7828.25,7828.5
1786705380,7828.5,7828.5,7827.75,7828
1786705440,7827.75,7827.75,7827.5,7827.5
1786705500,7827.5,7828.25,7827.5,7828.25
1786705560,7828.25,7828.75,7828,7828
1786705620,7828,7828.25,7827.75,7828.25
1786705680,7828,7828,7827.75,7827.75
1786705740,7827.75,7828,7827.5,7827.75
1786705800,7828,7828,7827.5,7827.75
1786705860,7828,7828.5,7828,7828
1786705920,7828,7828.25,7828,7828
1786705980,7828,7828.25,7828,7828
1786706040,7827.75,7827.75,7826.75,7827
1786706100,7827,7827.5,7827,7827.25
1786706160,7827,7827.25,7826.5,7827.25
1786706220,7827,7827,7826.5,7826.5
1786706280,7826.25,7826.75,7826.25,7826.75
1786706340,7827,7827.25,7827,7827
1786706400,7826.75,7827.5,7826.75,7826.75
1786706460,7826.75,7827.5,7826.75,7827.5
1786706520,7827.25,7827.5,7827,7827
1786706580,7826.75,7826.75,7826.5,7826.75
1786706640,7826.75,7827.5,7826.75,7827.5
1786706700,7827.5,7827.5,7827.25,7827.25
1786706760,7827.5,7827.75,7827.5,7827.5
1786706820,7827.75,7827.75,7827,7827
1786706880,7827,7827,7826.5,7826.5
1786706940,7826.75,7827,7826.75,7827
1786707000,7827,7827.25,7827,7827.25
1786707060,7827.5,7827.5,7827,7827
1786707120,7827.25,7828,7827,7828
1786707180,7827.75,7827.75,7827.5,7827.75
1786707240,7828,7828.25,7827.75,7828.25
1786707300,7828.25,7829.25,7828.25,7828.5
1786707360,7828.5,7829.75,7828.25,7829.75
1786707420,7829.75,7829.75,7828.25,7828.75
1786707480,7828.75,7829,7828.75,7828.75
1786707540,7828.75,7829,7828.25,7828.25
1786707600,7828.25,7828.25,7827.5,7828
1786707660,7828.25,7828.25,7828,7828.25
1786707720,7828.25,7828.5,7828,7828
1786707780,7828,7828.75,7828,7828.25
1786707840,7828.5,7828.75,7828.25,7828.75
1786707900,7828.75,7829.25,7828.25,7829
1786707960,7829,7829.75,7829,7829.5
1786708020,7829.25,7829.5,7829,7829.5
1786708080,7829.5,7829.75,7829.5,7829.75
1786708140,7829.75,7830,7829.5,7830
1786708200,7830,7830,7829.5,7829.75
1786708260,7830,7830.75,7829.75,7830.25
1786708320,7830.25,7830.5,7829.75,7829.75
1786708380,7829.75,7830,7829.25,7829.25
1786708440,7829,7829.25,7828.5,7828.75
1786708500,7828.5,7828.75,7828,7828.25
1786708560,7828.5,7828.75,7828.25,7828.75
1786708620,7828.5,7829.25,7828.5,7829
1786708680,7829,7829.5,7829,7829.25
1786708740,7829,7829.25,7829,7829.25
1786708800,7829.25,7829.75,7829.25,7829.5
1786708860,7829.5,7829.75,7829,7829.5
1786708920,7829.5,7829.5,7829,7829.25
1786708980,7829.5,7829.75,7829,7829.75
1786709040,7830,7830,7828.75,7828.75
1786709100,7828.75,7829.25,7828.75,7828.75
1786709160,7829,7829,7828.5,7828.5
1786709220,7828.5,7829,7828.25,7829
1786709280,7829,7829.5,7829,7829.5
1786709340,7829.25,7829.25,7829,7829.25
1786709400,7829.25,7829.25,7828.75,7829
1786709460,7829.25,7829.25,7828,7828
1786709520,7827.75,7827.75,7826.75,7827
1786709580,7826.75,7826.75,7821,7825.5
1786709640,7825.5,7827.25,7825.5,7826.75
1786709700,7826.5,7827,7825.25,7825.75
1786709760,7825.75,7826,7825,7825.5
1786709820,7825.75,7826,7825.5,7825.5
1786709880,7825.5,7826,7825.5,7825.75
1786709940,7825.75,7825.75,7825.25,7825.75
1786710000,7825.75,7827,7825.5,7827
1786710060,7827.25,7827.25,7826,7826.25
1786710120,7826.25,7826.5,7825.75,7826
1786710180,7826,7826.25,7826,7826
1786710240,7826,7826,7825,7825.25
1786710300,7825.25,7825.75,7825,7825.25
1786710360,7825.25,7826,7825.25,7825.75
1786710420,7825.75,7826.75,7825.5,7826.25
1786710480,7826,7827.5,7825.75,7827.5
1786710540,7827.25,7828.5,7826.75,7828
1786710600,7828,7830.5,7828,7830
1786710660,7829.75,7831,7828.75,7831
1786710720,7831,7831.25,7829.25,7830.5
1786710780,7830.75,7831.5,7830.5,7831.5
1786710840,7831.5,7831.75,7829.75,7830.25
1786710900,7830.5,7830.75,7829.75,7830.25
1786710960,7830.25,7830.25,7830,7830.25
1786711020,7830,7830,7829,7829
1786711080,7829,7829.25,7828.5,7829
1786711140,7829.25,7829.25,7828.25,7828.75
1786711200,7828.5,7829,7828,7828.25
1786711260,7828.25,7828.25,7827.75,7828.25
1786711320,7828.25,7828.5,7828,7828.25
1786711380,7828.25,7828.5,7828,7828.25
1786711440,7828.5,7829,7828,7829
1786711500,7828.75,7829.5,7828.75,7829.5
1786711560,7829.25,7830.25,7829.25,7829.5
1786711620,7829.5,7830,7828.5,7829.25
1786711680,7829.5,7829.75,7829.25,7829.75
1786711740,7830,7830.5,7830,7830
1786711800,7830,7830.5,7830,7830.5
1786711860,7830.5,7830.5,7830,7830.5
1786711920,7830.5,7830.5,7829.5,7829.5
1786711980,7829.75,7830.25,7829.75,7830
1786712040,7830.25,7831,7830,7830.75
1786712100,7831,7831.25,7830.75,7831
1786712160,7831,7831,7830.5,7830.75
1786712220,7830.75,7831,7830.5,7831
1786712280,7831,7831.25,7830.5,7830.75
1786712340,7830.5,7830.5,7830.25,7830.5
1786712400,7830.25,7831,7829.5,7829.5
1786712460,7829.75,7829.75,7829.25,7829.25
1786712520,7829.5,7829.5,7828.25,7828.75
1786712580,7828.75,7829.75,7828.75,7829
1786712640,7829,7829,7828.25,7828.25
1786712700,7828.25,7829.75,7828.25,7829.25
1786712760,7829.25,7829.25,7828.75,7829
1786712820,7829.25,7829.5,7828.5,7828.75
1786712880,7828.5,7829.25,7828.25,7828.75
1786712940,7828.75,7829.25,7828.5,7828.75
1786713000,7828.5,7828.75,7828.25,7828.25
1786713060,7828.25,7828.25,7827.75,7828
1786713120,7828,7828,7827.25,7827.25
1786713180,7827.25,7827.75,7827,7827
1786713240,7827.25,7827.25,7826,7826.25
1786713300,7826,7826.75,7826,7826.75
1786713360,7826.5,7827.5,7826.25,7827
1786713420,7826.75,7829.5,7826.75,7829.25
1786713480,7829.25,7829.25,7827.5,7827.5
1786713540,7827.25,7828,7827,7827
1786713600,7827,7828.25,7827,7828
1786713660,7827.75,7829.25,7827.75,7829
1786713720,7829,7829.25,7828.25,7828.25
1786713780,7828.5,7828.5,7827.5,7828
1786713840,7828,7828.75,7828,7828.5
1786713900,7828.5,7829.5,7828,7828.5
1786713960,7828.25,7829,7828,7828.75
1786714020,7828.75,7829.5,7828,7828.5
1786714080,7828.25,7828.25,7825.75,7827.25
1786714140,7827.25,7829.25,7827.25,7827.75
1786714200,7827.75,7828,7821.25,7822.5
1786714260,7822.25,7826.75,7821.5,7826.25
1786714320,7826,7827.75,7824.25,7825.5
1786714380,7825.25,7825.5,7822.5,7823.5
1786714440,7823.75,7825,7822.75,7824
1786714500,7824.25,7825.25,7823.25,7824
1786714560,7824,7824.5,7820,7820.25
1786714620,7820.5,7821.5,7819.25,7820.75
1786714680,7821,7822.5,7820.5,7821.25
1786714740,7821.5,7822.75,7820.5,7822.5
1786714800,7822.75,7823,7820.75,7822
1786714860,7822,7824.5,7821,7823.25
1786714920,7823.25,7826.25,7822.75,7825.75
1786714980,7826,7827,7825.25,7826.25
1786715040,7826.25,7827.5,7825.75,7826.25
1786715100,7826.5,7828.5,7825.5,7827.25
1786715160,7827.25,7827.5,7822.5,7823
1786715220,7823,7823.75,7821.25,7823.5
1786715280,7823.5,7824.75,7822.25,7823.5
1786715340,7823.5,7824,7821.75,7821.75
1786715400,7822,7823.25,7821.25,7823
1786715460,7823.25,7827.25,7820.25,7826.5
1786715520,7826.75,7828.5,7826.5,7827
1786715580,7827,7827.25,7825.25,7827
1786715640,7827.25,7828.5,7826.75,7827
1786715700,7827.25,7827.25,7825,7826.5
1786715760,7826.25,7826.5,7825,7826.25
1786715820,7826.5,7826.75,7823.75,7824.5
1786715880,7824.5,7825.5,7823.25,7825.25
1786715940,7825.5,7828.75,7824.5,7826.25
1786716000,7825.75,7827.75,7823.25,7826.25
1786716060,7826.25,7827,7825.25,7825.25
1786716120,7825.25,7827.25,7824.75,7827
1786716180,7826.75,7827.25,7825.25,7826.5
1786716240,7826.5,7828.5,7825.75,7828.25
1786716300,7828.25,7830.5,7827.5,7830
1786716360,7830,7830.25,7829,7829.5
1786716420,7829.25,7829.75,7828.75,7829.75
1786716480,7829.75,7830.75,7828.25,7828.25
1786716540,7828.25,7830,7827.25,7828
1786716600,7828,7829.25,7826.5,7826.5
1786716660,7826.75,7827.75,7825.75,7827.75
1786716720,7827.5,7829,7827,7828.5
1786716780,7828.5,7829.5,7827.25,7827.5
1786716840,7827.75,7828.5,7825.25,7825.25
1786716900,7825.5,7826,7823.5,7825
1786716960,7824.75,7825.25,7822.5,7824.5
1786717020,7824.25,7825.5,7823.75,7824
1786717080,7824,7824.25,7821.25,7822.5
1786717140,7822.75,7823.25,7820.25,7820.5
1786717200,7820.5,7821.75,7818.75,7820.75
1786717260,7820.5,7821,7816.25,7819
1786717320,7819,7819,7816.75,7818.25
1786717380,7818.25,7819.75,7817.25,7817.5
1786717440,7817.5,7819,7816.5,7817.75
1786717500,7817.75,7818.75,7816.75,7817.5
1786717560,7817.5,7818,7815.5,7816
1786717620,7816,7817.25,7815,7815.5
1786717680,7815.75,7816,7813.75,7815
1786717740,7815.25,7817,7814,7816.75
1786717800,7816.75,7817.5,7812,7812
1786717860,7812,7814,7811,7813.5
1786717920,7813.25,7814,7810.75,7812.25
1786717980,7812.25,7812.5,7810.5,7811.25
1786718040,7811,7812.5,7810.5,7811.25
1786718100,7811,7813.25,7810.5,7812.75
1786718160,7812.5,7815.5,7812.25,7815.5
1786718220,7815.5,7816.5,7813.5,7813.5
1786718280,7813.25,7815.25,7813,7814.5
1786718340,7814.75,7817,7814.25,7816.5
1786718400,7816.5,7816.5,7812.75,7813.25
1786718460,7813.5,7813.75,7812.5,7813.5
1786718520,7813.75,7814.75,7812.75,7814
1786718580,7814.25,7815,7813,7813.25
1786718640,7813.5,7814.25,7812.75,7813.75
1786718700,7813.75,7814.75,7812.75,7813.75
1786718760,7813.75,7816,7813.5,7815.5
1786718820,7815.5,7816.75,7815,7815.5
1786718880,7815.5,7816.5,7815,7815.75
1786718940,7815.75,7815.75,7814.25,7815
1786719000,7815,7815.5,7813.75,7814.75
1786719060,7814.75,7815.5,7814,7815
1786719120,7814.75,7815.75,7814,7815.5
1786719180,7815.5,7816.75,7812.75,7812.75
1786719240,7812.75,7814,7812,7812.5
1786719300,7812.25,7814,7812.25,7813.25
1786719360,7813.5,7813.75,7811.75,7811.75
1786719420,7811.75,7813.5,7811.5,7812.25
1786719480,7812,7812.5,7811.25,7811.75
1786719540,7811.75,7811.75,7809.5,7809.5
1786719600,7809.75,7813,7809.5,7813
1786719660,7812.75,7813.75,7810.75,7812.5
1786719720,7812.75,7813,7810.5,7811
1786719780,7811,7812,7810.5,7811.5
1786719840,7811.25,7812.75,7810.5,7812
1786719900,7812,7813,7811.75,7812.75
1786719960,7812.5,7813,7811,7811.25
1786720020,7811.25,7812.25,7810.25,7810.5
1786720080,7810.75,7810.75,7808.5,7808.75
1786720140,7808.75,7809.75,7808,7809
1786720200,7809,7809.75,7808.25,7809
1786720260,7808.75,7810,7808.5,7809
1786720320,7809,7810,7808.25,7810
1786720380,7810.25,7810.5,7808.5,7809
1786720440,7808.75,7809,7806.5,7806.75
1786720500,7806.75,7808.5,7806.75,7807.25
1786720560,7807.25,7807.75,7806.5,7807.75
1786720620,7807.75,7808.75,7807.25,7808.25
1786720680,7808.25,7809.5,7808,7809
1786720740,7809,7809,7807.25,7808.25
1786720800,7808.25,7808.75,7807.5,7807.75
1786720860,7807.75,7808,7805.25,7805.25
1786720920,7805.25,7806,7803.75,7804
1786720980,7803.75,7805,7803.75,7804.5
1786721040,7804.5,7804.5,7802.25,7802.5
1786721100,7802.5,7803.75,7802.25,7802.75
1786721160,7802.5,7803,7801,7802.75
1786721220,7802.75,7803.75,7802.25,7803
1786721280,7803,7804,7802.25,7802.5
1786721340,7802.75,7805.25,7802.5,7805
1786721400,7805,7806.5,7803.75,7804.25
1786721460,7804.5,7804.75,7802.25,7802.75
1786721520,7802.75,7804.5,7802.25,7803.75
1786721580,7803.5,7804.75,7802.75,7803.25
1786721640,7803.25,7804.25,7803.25,7804.25
1786721700,7804.25,7805.5,7804,7805.25
1786721760,7805.5,7807,7804.5,7804.5
1786721820,7804.5,7804.5,7802.75,7803.5
1786721880,7803.5,7805.25,7803,7805
1786721940,7805,7805.75,7802.75,7803.25
1786722000,7803.25,7803.5,7801.5,7801.75
1786722060,7801.75,7802.25,7800.75,7801.25
1786722120,7801.25,7802,7800.5,7801
1786722180,7801.25,7801.75,7800.75,7801
1786722240,7801,7803.25,7801,7802.5
1786722300,7802.5,7805.25,7802.5,7805
1786722360,7805.25,7805.75,7804.75,7805.5
1786722420,7805.5,7805.5,7802.75,7802.75
1786722480,7802.75,7803.75,7800.5,7801
1786722540,7801,7801.5,7800.5,7801
1786722600,7801,7801.75,7800.25,7801.5
1786722660,7801.5,7802,7800,7801.75
1786722720,7801.75,7803.75,7801.5,7803.5
1786722780,7803.5,7803.75,7802.25,7803.5
1786722840,7803.5,7804.25,7803.25,7803.25
1786722900,7803.5,7804.5,7803.25,7803.5
1786722960,7803.75,7804,7802.5,7803.25
1786723020,7803.25,7804.5,7802.25,7804.5
1786723080,7804.5,7805.75,7804,7804
1786723140,7804,7804.75,7804,7804.25
1786723200,7804.5,7807.5,7804.5,7807.5
1786723260,7807.5,7807.75,7806.25,7806.5
1786723320,7806.5,7806.75,7805.25,7805.5
1786723380,7805.5,7807.25,7804.75,7807
1786723440,7807.25,7808,7806.25,7806.5
1786723500,7806.5,7807.25,7805.75,7806.75
1786723560,7806.5,7806.5,7805.25,7806
1786723620,7806,7807.25,7805.75,7806
1786723680,7806,7806.5,7805,7805
1786723740,7805,7805.5,7803,7804.25
1786723800,7804.25,7805.5,7803.75,7805.25
1786723860,7805.25,7805.25,7803.75,7805
1786723920,7804.75,7806.25,7804.25,7806.25
1786723980,7806.25,7806.75,7805,7806.5
1786724040,7806.5,7807.5,7806.25,7807.5
1786724100,7807.5,7808.75,7807.25,7807.75
1786724160,7808,7808.5,7807.5,7808.5
1786724220,7808.5,7809.25,7807.25,7809
1786724280,7809.25,7809.5,7808.5,7808.75
1786724340,7809,7809.5,7807.25,7807.75
1786724400,7808,7808,7806.5,7807.25
1786724460,7807.25,7809.25,7807.25,7808.75
1786724520,7808.75,7808.75,7807.75,7807.75
1786724580,7807.75,7808.25,7807.25,7807.5
1786724640,7807.75,7808.75,7807.5,7808.5
1786724700,7808.75,7808.75,7808.25,7808.75
1786724760,7809,7810.25,7808.75,7809.25
1786724820,7809.5,7809.75,7808.5,7809
1786724880,7809,7809.25,7808,7808.5
1786724940,7808.5,7809.75,7808.5,7808.75
1786725000,7808.75,7809.5,7808,7809
1786725060,7809,7809,7806.75,7806.75
1786725120,7806.75,7807,7805.5,7805.5
1786725180,7805.75,7806,7805,7805.75
1786725240,7806,7806.25,7805,7805.75
1786725300,7805.75,7806.75,7805.25,7806.25
1786725360,7806.25,7807.75,7805.75,7807.5
1786725420,7807.75,7808.25,7807.25,7808
1786725480,7808.25,7808.25,7806.5,7807.25
1786725540,7807.25,7807.25,7806.25,7806.75
1786725600,7806.75,7806.75,7806,7806.25
1786725660,7806.25,7806.25,7804.25,7805.75
1786725720,7805.5,7805.75,7804.75,7805.25
1786725780,7805.25,7806.25,7805.25,7805.25
1786725840,7805.25,7805.5,7803.25,7803.25
1786725900,7803.25,7804,7802.5,7803
1786725960,7803,7803,7802,7802.5
1786726020,7802.5,7803.25,7802.25,7802.5
1786726080,7802.5,7803.75,7802.25,7803.5
1786726140,7803.5,7804.25,7803.25,7803.25
1786726200,7803.25,7803.5,7800.5,7801
1786726260,7801,7801.75,7800.5,7801
1786726320,7801,7801.75,7800.5,7800.75
1786726380,7800.75,7802.25,7800.25,7800.25
1786726440,7800.25,7801.5,7800.25,7801.5
1786726500,7801.25,7802,7801.25,7801.75
1786726560,7801.5,7802.25,7800.75,7802
1786726620,7802,7802,7800.75,7801
1786726680,7800.75,7801,7798.5,7799
1786726740,7799,7799.75,7798.75,7799.25
1786726800,7799.25,7800.75,7799,7800.25
1786726860,7800.25,7800.75,7799.5,7800.25
1786726920,7800.25,7800.25,7798.25,7798.75
1786726980,7799,7800.5,7798.75,7800.5
1786727040,7800.5,7801,7800,7800.25
1786727100,7800,7801.75,7800,7800.25
1786727160,7800.25,7801.25,7800.25,7800.25
1786727220,7800.5,7802,7800.5,7801.5
1786727280,7801.5,7801.5,7800.25,7801.5
1786727340,7801.5,7801.5,7800.5,7801
1786727400,7801.25,7801.75,7800.75,7801.25
1786727460,7801,7803.5,7800.5,7802.5
1786727520,7802.25,7803,7800.5,7802.5
1786727580,7802.75,7803.25,7801.75,7802
1786727640,7801.75,7802.75,7801.75,7802.75
1786727700,7802.75,7803.25,7802.5,7802.5
1786727760,7802.5,7803,7800,7800.25
1786727820,7800.25,7801.5,7800.25,7801.5
1786727880,7801.75,7802.5,7801.5,7802
1786727940,7802,7802.5,7801.25,7802
1786728000,7802,7802.5,7801.25,7802.25
1786728060,7802.5,7802.75,7801.25,7801.75
1786728120,7801.75,7803.75,7801.75,7802.75
1786728180,7802.5,7803,7802,7802
1786728240,7802,7802.5,7799.75,7800.75
1786728300,7800.5,7800.5,7799,7799.75
1786728360,7799.75,7800.25,7798.75,7800
1786728420,7800.25,7800.25,7799.5,7800.25
1786728480,7800.25,7800.75,7799.75,7800.25
1786728540,7800.25,7800.5,7799.25,7799.75
1786728600,7800,7801,7799.75,7799.75
1786728660,7800,7800.75,7799.5,7800.75
1786728720,7800.5,7802,7800.25,7801.5
1786728780,7801.5,7801.5,7800.25,7800.5
1786728840,7800.25,7800.75,7799.5,7800.5
1786728900,7800.25,7800.5,7799.5,7800.25
1786728960,7800.25,7800.5,7798.75,7799.25
1786729020,7799.25,7799.25,7796.5,7797.25
1786729080,7797,7797.5,7796.5,7797.25
1786729140,7797,7798.25,7796.5,7797.75
1786729200,7797.5,7798.75,7796.75,7798.25
1786729260,7798.5,7798.75,7797,7797.75
1786729320,7797.5,7798,7797,7797.25
1786729380,7797.25,7798,7797,7797.25
1786729440,7797.25,7798.5,7797.25,7798.25
1786729500,7798.25,7799.5,7797.75,7798.25
1786729560,7798,7799.5,7798,7799.25
1786729620,7799.25,7799.5,7798.5,7799.5
1786729680,7799.25,7799.25,7798.25,7798.5
1786729740,7798.5,7798.75,7797.5,7798.25
1786729800,7798.25,7798.5,7796.75,7797.5
1786729860,7797.5,7798.75,7797.25,7798.5
1786729920,7798.5,7799.5,7798.25,7799
1786729980,7799,7800.25,7799,7800.25
1786730040,7800.25,7800.5,7799.5,7800
1786730100,7799.75,7800,7798.75,7799.25
1786730160,7799.25,7800.5,7799.25,7800.25
1786730220,7800.5,7801.5,7800,7800.75
1786730280,7800.75,7801.25,7800.5,7800.5
1786730340,7800.5,7801,7800.25,7800.5
1786730400,7800.5,7801,7799.5,7800
1786730460,7800,7801,7800,7800.5
1786730520,7800.5,7803.25,7800.5,7802.75
1786730580,7803,7803.5,7802.25,7802.5
1786730640,7802.5,7803,7802.25,7802.5
1786730700,7802.5,7803,7802,7802.75
1786730760,7802.5,7803.75,7801.75,7801.75
1786730820,7801.75,7803,7801.75,7802.25
1786730880,7802.5,7804.25,7802.5,7803
1786730940,7803,7804.25,7802.75,7804
1786731000,7804,7805,7803.25,7804.5
1786731060,7804.5,7805,7803.75,7804.25
1786731120,7804.25,7804.75,7803.75,7804.75
1786731180,7804.75,7805.5,7804.5,7805.25
1786731240,7805,7805.25,7803.75,7804
1786731300,7804.25,7805.5,7804,7805.25
1786731360,7805.5,7805.75,7805,7805.5
1786731420,7805.75,7805.75,7804.75,7805
1786731480,7805,7805.75,7804.75,7805.25
1786731540,7805.25,7805.25,7803.75,7804.5
1786731600,7804.75,7804.75,7803.25,7804
1786731660,7804.25,7805.75,7804.25,7805.25
1786731720,7805.25,7805.75,7804.5,7805
1786731780,7805.25,7805.25,7804.25,7804.5
1786731840,7804.5,7805.25,7804.25,7804.5
1786731900,7804.25,7805,7804.25,7804.75
1786731960,7804.75,7805.5,7804,7804
1786732020,7804,7804.25,7803.25,7803.25
1786732080,7803.25,7803.25,7801.5,7801.5
1786732140,7801.5,7802.75,7801.5,7801.75
1786732200,7801.75,7803.75,7801.75,7802.5
1786732260,7802.5,7802.75,7802,7802
1786732320,7802,7802,7801,7801.75
1786732380,7801.75,7802.25,7801.25,7801.5
1786732440,7801.5,7801.75,7800.5,7801.5
1786732500,7801.5,7801.75,7800.75,7800.75
1786732560,7800.75,7801.75,7800.75,7801
1786732620,7801,7802,7801,7802
1786732680,7802.25,7802.75,7801.25,7802.25
1786732740,7802.25,7802.75,7802.25,7802.25
1786732800,7802.5,7803.75,7802,7803.5
1786732860,7803.5,7804.5,7803.5,7804
1786732920,7804,7804.5,7803.5,7804.5
1786732980,7804.5,7804.75,7804.25,7804.25
1786733040,7804.25,7805.25,7804.25,7804.5
1786733100,7804.75,7804.75,7803.75,7804
1786733160,7803.75,7803.75,7802.75,7803.5
1786733220,7803.5,7805,7803.25,7804
1786733280,7804.25,7804.5,7803.75,7804
1786733340,7804,7805.25,7804,7805.25
1786733400,7805.25,7807.25,7805,7807
1786733460,7806.75,7807.5,7806.5,7807
1786733520,7807,7807.5,7806,7806.25
1786733580,7806.25,7806.5,7805.75,7806.5
1786733640,7806.5,7806.75,7805.75,7806.25
1786733700,7806.25,7806.25,7804.75,7804.75
1786733760,7805,7805.5,7804.5,7805.25
1786733820,7805,7805.5,7805,7805
1786733880,7805,7805,7804,7804.25
1786733940,7804.25,7804.75,7803.75,7804.25
1786734000,7804.5,7804.75,7802.5,7802.75
1786734060,7803,7804.75,7802.5,7804.25
1786734120,7804,7804.5,7803.25,7803.25
1786734180,7803.5,7804,7803.25,7803.25
1786734240,7803.25,7803.25,7801.5,7802.5
1786734300,7802.25,7803.25,7802.25,7803.25
1786734360,7803,7803.25,7801.75,7802.5
1786734420,7802.75,7802.75,7802,7802.5
1786734480,7802.25,7803.5,7802.25,7803.5
1786734540,7803.5,7804.5,7803.25,7804.25
1786734600,7804.25,7804.5,7803,7803.75
1786734660,7803.5,7803.75,7803,7803
1786734720,7803.25,7804,7803,7803.75
1786734780,7803.75,7804.5,7803.25,7804
1786734840,7803.75,7804.5,7803,7803.25
1786734900,7803,7804,7803,7803.5
1786734960,7803.75,7803.75,7801.75,7802
1786735020,7802,7802.5,7801.25,7802.25
1786735080,7802,7803.5,7800.75,7803.5
1786735140,7803.25,7803.25,7802.5,7802.75
1786735200,7802.5,7803,7801.75,7802.75
1786735260,7802.5,7803,7801.75,7801.75
1786735320,7802,7802.25,7801.25,7802
1786735380,7802.25,7803,7801.75,7802.75
1786735440,7803,7804,7802.75,7803.75
1786735500,7804,7805,7803.75,7805
1786735560,7805,7805.25,7804.5,7805
1786735620,7805,7805.5,7804,7804
1786735680,7804.25,7806,7804.25,7805.5
1786735740,7805.5,7805.75,7803.75,7804.25
1786735800,7804,7804.5,7803.5,7804
1786735860,7804,7804.75,7803.5,7804
1786735920,7804.25,7805,7804,7804.5
1786735980,7804.25,7805,7804,7804.5
1786736040,7804.5,7805.75,7804.25,7805.25
1786736100,7805,7805.75,7804.25,7804.25
1786736160,7804.25,7805,7803.5,7803.75
1786736220,7803.5,7804,7803,7803.25
1786736280,7803,7804,7802.5,7804
1786736340,7804,7804.25,7803.75,7804
1786736400,7804.25,7805.75,7804,7805.5
1786736460,7805.25,7805.25,7804,7804.5
1786736520,7804.5,7805,7804.25,7804.75
1786736580,7804.5,7805,7804.25,7805
1786736640,7805,7805,7803.75,7804.25
1786736700,7804.25,7804.75,7803.25,7803.25
1786736760,7803.5,7803.75,7802.25,7802.5
1786736820,7802.5,7803.25,7802.25,7803.25
1786736880,7803.25,7803.75,7802.75,7803.5
1786736940,7803.5,7804.75,7803,7804.5
1786737000,7804.25,7806.25,7804,7805.5
1786737060,7805.5,7806.5,7805.25,7806
1786737120,7806,7806,7804,7804.5
1786737180,7804.75,7805.5,7803.75,7804.5
1786737240,7804.25,7805.5,7803.25,7804.5
1786737300,7804.25,7805,7802.75,7803.25
1786737360,7803.5,7803.5,7802,7802.75
1786737420,7803,7803.25,7802.25,7803
1786737480,7803.25,7803.75,7802.25,7803
1786737540,7802.75,7806.5,7801.25,7805.5
1786737600,7805.5,7806.25,7802,7803.5
1786737660,7803.5,7804.25,7802.25,7803.75
1786737720,7804,7804,7802.25,7802.5
1786737780,7802.75,7803.5,7802.25,7803.5
1786737840,7803.5,7803.75,7802.5,7802.5
1786737900,7802.75,7802.75,7800.5,7801.75
1786737960,7802,7802,7800.25,7801.5
1786738020,7801.25,7801.5,7800.25,7800.5
1786738080,7800.5,7800.75,7800,7800.25
1786738140,7800.5,7801,7800.25,7801
1786738200,7800.75,7801.75,7800.5,7800.75
1786738260,7800.75,7801,7800.25,7800.75
1786738320,7800.5,7801,7800.5,7801
1786738380,7801,7801.75,7800.75,7801.5
1786738440,7801.25,7802.5,7800.75,7800.75
1786738500,7801,7801.75,7801,7801.25
1786738560,7801.25,7801.5,7801,7801.25
1786738620,7801,7801,7800,7800.25
1786738680,7800.25,7800.5,7799.75,7800.25
1786738740,7800.25,7800.5,7800,7800.25
1786738800,7800.25,7800.5,7800.25,7800.5
1786738860,7800.5,7800.75,7800.25,7800.25
1786738920,7800.25,7800.5,7800,7800.5
1786738980,7800.5,7800.5,7799.75,7800
1786739040,7800,7800.75,7800,7800.5
1786739100,7800.5,7800.75,7800,7800.25
1786739160,7800.25,7800.5,7800.25,7800.25
1786739220,7800.25,7800.75,7800.25,7800.5
1786739280,7800.25,7800.5,7800.25,7800.5
1786739340,7800.5,7800.75,7800.5,7800.75
1786739400,7800.75,7801,7800.25,7800.25
1786739460,7800.5,7801.75,7800.5,7801.75
1786739520,7801.75,7802.5,7801.75,7802.5
1786739580,7802.25,7802.75,7802.25,7802.75
1786739640,7802.75,7803,7802.5,7802.75
1786739700,7802.75,7803.25,7802.75,7802.75
1786739760,7802.5,7802.75,7802.5,7802.5
1786739820,7802.75,7803.25,7802.5,7802.75
1786739880,7802.75,7802.75,7802.5,7802.5
1786739940,7802.5,7802.75,7802.5,7802.75
1786740000,7802.5,7803,7802.5,7802.75
1786740060,7802.75,7803,7802.75,7803
1786740120,7803,7803,7802.25,7802.75
1786740180,7802.75,7803,7802.5,7802.5
1786740240,7802.75,7803,7802.5,7802.5
1786740300,7802.75,7802.75,7802.5,7802.5
1786740360,7802.5,7802.75,7802.25,7802.25
1786740420,7802.5,7802.5,7801.75,7802
1786740480,7802,7802.25,7801.75,7802
1786740540,7802.25,7802.5,7802,7802.5
1786740600,7802.5,7803,7802.25,7802.5
1786740660,7802.75,7803,7802.75,7803
1786740720,7803,7803,7802.25,7802.5
1786740780,7802.25,7802.75,7802.25,7802.5
1786740840,7802.5,7802.5,7801.75,7801.75
1786740900,7802,7802.75,7801.75,7802.5
1786740960,7802.25,7802.5,7801.75,7802
1786741020,7802,7802,7801.75,7802
1786741080,7802.25,7802.75,7802,7802.75
1786741140,7802.5,7803,7801.5,7802.5