time,open,high,low,close
1785106800,186.42599487304688,186.44900512695312,186.4250030517578,186.42999267578125
1785106860,186.43600463867188,186.44200134277344,186.4199981689453,186.42799377441406
1785106920,186.42300415039062,186.43600463867188,186.42100524902344,186.42599487304688
1785106980,186.43600463867188,186.43699645996094,186.41900634765625,186.43600463867188
1785107040,186.43499755859375,186.43600463867188,186.4199981689453,186.4219970703125
1785107100,186.42100524902344,186.44500732421875,186.42100524902344,186.43099975585938
1785107160,186.44000244140625,186.44900512695312,186.42999267578125,186.44400024414062
1785107220,186.43600463867188,186.447998046875,186.4239959716797,186.4250030517578
1785107280,186.4250030517578,186.4429931640625,186.4239959716797,186.42799377441406
1785107340,186.42799377441406,186.4429931640625,186.427001953125,186.427001953125
1785107400,186.427001953125,186.44400024414062,186.427001953125,186.43800354003906
1785107460,186.4290008544922,186.4409942626953,186.42100524902344,186.4239959716797
1785107520,186.4250030517578,186.43899536132812,186.41400146484375,186.4149932861328
1785107580,186.4239959716797,186.4290008544922,186.41299438476562,186.41299438476562
1785107640,186.41799926757812,186.42999267578125,186.41000366210938,186.4239959716797
1785107700,186.41799926757812,186.4250030517578,186.40699768066406,186.41600036621094
1785107760,186.4149932861328,186.4250030517578,186.40699768066406,186.41299438476562
1785107820,186.41400146484375,186.4219970703125,186.4080047607422,186.41400146484375
1785107880,186.42100524902344,186.4219970703125,186.40699768066406,186.4199981689453
1785107940,186.41000366210938,186.4219970703125,186.40499877929688,186.41400146484375
1785108000,186.41600036621094,186.4290008544922,186.4080047607422,186.41600036621094
1785108060,186.4239959716797,186.4290008544922,186.41600036621094,186.427001953125
1785108120,186.4239959716797,186.42799377441406,186.41099548339844,186.42300415039062
1785108180,186.41299438476562,186.4219970703125,186.406005859375,186.41099548339844
1785108240,186.41099548339844,186.42100524902344,186.4040069580078,186.41600036621094
1785108300,186.41200256347656,186.41799926757812,186.39999389648438,186.4040069580078
1785108360,186.41200256347656,186.41700744628906,186.4029998779297,186.40699768066406
1785108420,186.4080047607422,186.4239959716797,186.406005859375,186.41099548339844
1785108480,186.41099548339844,186.4199981689453,186.40499877929688,186.41200256347656
1785108540,186.41600036621094,186.4219970703125,186.41099548339844,186.41600036621094
1785108600,186.41000366210938,186.4199981689453,186.39999389648438,186.4010009765625
1785108660,186.39999389648438,186.41400146484375,186.3939971923828,186.4040069580078
1785108720,186.41000366210938,186.41400146484375,186.3979949951172,186.4080047607422
1785108780,186.41000366210938,186.4219970703125,186.4010009765625,186.41299438476562
1785108840,186.4199981689453,186.4340057373047,186.40699768066406,186.4340057373047
1785108900,186.42799377441406,186.44000244140625,186.4219970703125,186.43600463867188
1785108960,186.4290008544922,186.44500732421875,186.4219970703125,186.42999267578125
1785109020,186.42300415039062,186.43899536132812,186.41900634765625,186.41900634765625
1785109080,186.42100524902344,186.4320068359375,186.41299438476562,186.41400146484375
1785109140,186.41299438476562,186.43099975585938,186.41299438476562,186.42599487304688
1785109200,186.42100524902344,186.43699645996094,186.4199981689453,186.4290008544922
1785109260,186.4290008544922,186.44400024414062,186.42799377441406,186.4340057373047
1785109320,186.42999267578125,186.4510040283203,186.4250030517578,186.44000244140625
1785109380,186.44700622558594,186.4530029296875,186.4340057373047,186.4429931640625
1785109440,186.4429931640625,186.45799255371094,186.43800354003906,186.44500732421875
1785109500,186.4459991455078,186.4530029296875,186.43299865722656,186.44700622558594
1785109560,186.4429931640625,186.45899963378906,186.4340057373047,186.447998046875
1785109620,186.44700622558594,186.45799255371094,186.44200134277344,186.44900512695312
1785109680,186.44900512695312,186.45399475097656,186.44200134277344,186.44500732421875
1785109740,186.44700622558594,186.4510040283203,186.42999267578125,186.4320068359375
1785109800,186.4320068359375,186.44000244140625,186.4219970703125,186.4320068359375
1785109860,186.4290008544922,186.44400024414062,186.42599487304688,186.4340057373047
1785109920,186.4340057373047,186.4429931640625,186.4290008544922,186.4340057373047
1785109980,186.43299865722656,186.447998046875,186.4250030517578,186.4250030517578
1785110040,186.4250030517578,186.4340057373047,186.41799926757812,186.42999267578125
1785110100,186.4239959716797,186.4409942626953,186.42300415039062,186.43499755859375
1785110160,186.4340057373047,186.447998046875,186.4340057373047,186.43800354003906
1785110220,186.43800354003906,186.4409942626953,186.41700744628906,186.42599487304688
1785110280,186.42599487304688,186.43899536132812,186.42599487304688,186.4340057373047
1785110340,186.4340057373047,186.44700622558594,186.42999267578125,186.4320068359375
1785110400,186.43299865722656,186.46099853515625,186.427001953125,186.44900512695312
1785110460,186.45700073242188,186.45799255371094,186.41200256347656,186.4199981689453
1785110520,186.4290008544922,186.43899536132812,186.41200256347656,186.41799926757812
1785110580,186.41299438476562,186.42799377441406,186.4040069580078,186.41400146484375
1785110640,186.41400146484375,186.4239959716797,186.4040069580078,186.4040069580078
1785110700,186.4040069580078,186.43099975585938,186.4040069580078,186.42799377441406
1785110760,186.42300415039062,186.44900512695312,186.4219970703125,186.4409942626953
1785110820,186.43800354003906,186.4499969482422,186.41700744628906,186.42300415039062
1785110880,186.427001953125,186.44000244140625,186.41299438476562,186.43800354003906
1785110940,186.43299865722656,186.4499969482422,186.43299865722656,186.44500732421875
1785111000,186.4459991455078,186.46600341796875,186.44400024414062,186.45599365234375
1785111060,186.45599365234375,186.4739990234375,186.45399475097656,186.46800231933594
1785111120,186.46800231933594,186.47799682617188,186.447998046875,186.45599365234375
1785111180,186.45700073242188,186.47900390625,186.4550018310547,186.45700073242188
1785111240,186.45799255371094,186.49099731445312,186.45700073242188,186.48199462890625
1785111300,186.48899841308594,186.49600219726562,186.4550018310547,186.4759979248047
1785111360,186.4770050048828,186.47999572753906,186.46200561523438,186.46800231933594
1785111420,186.46499633789062,186.50799560546875,186.46299743652344,186.4969940185547
1785111480,186.50399780273438,186.51300048828125,186.49200439453125,186.51300048828125
1785111540,186.50999450683594,186.51400756835938,186.49400329589844,186.5070037841797
1785111600,186.5019989013672,186.5469970703125,186.49899291992188,186.54200744628906
1785111660,186.54299926757812,186.55999755859375,186.53500366210938,186.552001953125
1785111720,186.54800415039062,186.57200622558594,186.5449981689453,186.55799865722656
1785111780,186.56399536132812,186.5800018310547,186.5489959716797,186.5679931640625
1785111840,186.56900024414062,186.57400512695312,186.5570068359375,186.57200622558594
1785111900,186.57400512695312,186.57899475097656,186.552001953125,186.5709991455078
1785111960,186.5709991455078,186.59500122070312,186.56500244140625,186.58799743652344
1785112020,186.58700561523438,186.5959930419922,186.5709991455078,186.5760040283203
1785112080,186.5760040283203,186.6060028076172,186.5749969482422,186.6009979248047
1785112140,186.60000610351562,186.62100219726562,186.58399963378906,186.60499572753906
1785112200,186.6060028076172,186.61000061035156,186.5800018310547,186.5800018310547
1785112260,186.5800018310547,186.5970001220703,186.5709991455078,186.5959930419922
1785112320,186.5919952392578,186.61300659179688,186.59100341796875,186.60400390625
1785112380,186.61300659179688,186.63400268554688,186.60299682617188,186.60400390625
1785112440,186.60400390625,186.61700439453125,186.6009979248047,186.6009979248047
1785112500,186.6060028076172,186.60800170898438,186.58700561523438,186.6020050048828
1785112560,186.60499572753906,186.6219940185547,186.59800720214844,186.60899353027344
1785112620,186.60800170898438,186.61599731445312,186.58399963378906,186.58999633789062
1785112680,186.59100341796875,186.5919952392578,186.5800018310547,186.58599853515625
1785112740,186.58599853515625,186.593994140625,186.55299377441406,186.56199645996094
1785112800,186.56199645996094,186.5850067138672,186.5590057373047,186.5659942626953
1785112860,186.5659942626953,186.57699584960938,186.5500030517578,186.5500030517578
1785112920,186.5489959716797,186.56399536132812,186.54400634765625,186.55599975585938
1785112980,186.55499267578125,186.55999755859375,186.5399932861328,186.54299926757812
1785113040,186.54299926757812,186.5489959716797,186.53199768066406,186.53599548339844
1785113100,186.53500366210938,186.56399536132812,186.5290069580078,186.56399536132812
1785113160,186.56300354003906,186.5780029296875,186.55799865722656,186.56700134277344
1785113220,186.56900024414062,186.57200622558594,186.55499267578125,186.56700134277344
1785113280,186.56100463867188,186.5709991455078,186.54800415039062,186.5590057373047
1785113340,186.5590057373047,186.56900024414062,186.5489959716797,186.55299377441406
1785113400,186.55999755859375,186.55999755859375,186.53399658203125,186.5489959716797
1785113460,186.55099487304688,186.55499267578125,186.52200317382812,186.53700256347656
1785113520,186.54100036621094,186.5679931640625,186.5330047607422,186.56300354003906
1785113580,186.56399536132812,186.5850067138672,186.55599975585938,186.57699584960938
1785113640,186.57699584960938,186.5800018310547,186.54600524902344,186.55599975585938
1785113700,186.55999755859375,186.56399536132812,186.5279998779297,186.55499267578125
1785113760,186.55499267578125,186.5780029296875,186.55299377441406,186.57400512695312
1785113820,186.56900024414062,186.57400512695312,186.55999755859375,186.56199645996094
1785113880,186.56199645996094,186.57400512695312,186.55999755859375,186.56700134277344
1785113940,186.56500244140625,186.5679931640625,186.5540008544922,186.56100463867188
1785114000,186.56199645996094,186.60800170898438,186.5590057373047,186.59500122070312
1785114060,186.59800720214844,186.6009979248047,186.58700561523438,186.5959930419922
1785114120,186.593994140625,186.6060028076172,186.58900451660156,186.60000610351562
1785114180,186.59800720214844,186.61300659179688,186.58099365234375,186.5850067138672
1785114240,186.5850067138672,186.59800720214844,186.57000732421875,186.57000732421875
1785114300,186.57000732421875,186.5850067138672,186.56399536132812,186.5800018310547
1785114360,186.57899475097656,186.593994140625,186.57200622558594,186.58700561523438
1785114420,186.58700561523438,186.60800170898438,186.5760040283203,186.5780029296875
1785114480,186.5780029296875,186.58700561523438,186.55999755859375,186.56100463867188
1785114540,186.56100463867188,186.58599853515625,186.5590057373047,186.5800018310547
1785114600,186.5800018310547,186.5919952392578,186.56300354003906,186.5659942626953
1785114660,186.5659942626953,186.58200073242188,186.55599975585938,186.56700134277344
1785114720,186.56199645996094,186.5760040283203,186.5590057373047,186.56700134277344
1785114780,186.56300354003906,186.57699584960938,186.5540008544922,186.56399536132812
1785114840,186.55799865722656,186.56500244140625,186.54200744628906,186.5489959716797
1785114900,186.54200744628906,186.5540008544922,186.52999877929688,186.531005859375
1785114960,186.52999877929688,186.552001953125,186.52499389648438,186.53599548339844
1785115020,186.53500366210938,186.5570068359375,186.53500366210938,186.54299926757812
1785115080,186.54600524902344,186.55799865722656,186.5399932861328,186.552001953125
1785115140,186.552001953125,186.5780029296875,186.5500030517578,186.57200622558594
1785115200,186.57200622558594,186.5800018310547,186.56700134277344,186.5709991455078
1785115260,186.57000732421875,186.5780029296875,186.56399536132812,186.57000732421875
1785115320,186.57000732421875,186.57699584960938,186.55999755859375,186.57400512695312
1785115380,186.5749969482422,186.5989990234375,186.56700134277344,186.57200622558594
1785115440,186.57200622558594,186.5780029296875,186.54400634765625,186.55099487304688
1785115500,186.54800415039062,186.56399536132812,186.54400634765625,186.55599975585938
1785115560,186.5540008544922,186.5570068359375,186.5399932861328,186.55299377441406
1785115620,186.5489959716797,186.56700134277344,186.5449981689453,186.55499267578125
1785115680,186.55499267578125,186.56300354003906,186.5489959716797,186.5570068359375
1785115740,186.55499267578125,186.56399536132812,186.54800415039062,186.5590057373047
1785115800,186.5590057373047,186.572998046875,186.53599548339844,186.54400634765625
1785115860,186.5449981689453,186.5679931640625,186.54400634765625,186.56199645996094
1785115920,186.56100463867188,186.5760040283203,186.5540008544922,186.5570068359375
1785115980,186.56300354003906,186.5679931640625,186.54200744628906,186.5590057373047
1785116040,186.55499267578125,186.55999755859375,186.5449981689453,186.5449981689453
1785116100,186.5449981689453,186.552001953125,186.5189971923828,186.52000427246094
1785116160,186.5290069580078,186.52999877929688,186.51699829101562,186.52699279785156
1785116220,186.5260009765625,186.53799438476562,186.52099609375,186.53599548339844
1785116280,186.53199768066406,186.54299926757812,186.5279998779297,186.53900146484375
1785116340,186.54200744628906,186.5469970703125,186.53399658203125,186.54200744628906
1785116400,186.54299926757812,186.56399536132812,186.54100036621094,186.55999755859375
1785116460,186.55599975585938,186.56300354003906,186.552001953125,186.55599975585938
1785116520,186.55599975585938,186.57699584960938,186.55499267578125,186.56900024414062
1785116580,186.56900024414062,186.57400512695312,186.5590057373047,186.56100463867188
1785116640,186.56100463867188,186.5760040283203,186.55999755859375,186.5659942626953
1785116700,186.5659942626953,186.59100341796875,186.56300354003906,186.58399963378906
1785116760,186.58399963378906,186.6060028076172,186.58200073242188,186.59500122070312
1785116820,186.59500122070312,186.60800170898438,186.58900451660156,186.5919952392578
1785116880,186.593994140625,186.59800720214844,186.58299255371094,186.58999633789062
1785116940,186.58799743652344,186.5989990234375,186.58799743652344,186.59500122070312
1785117000,186.59300231933594,186.60000610351562,186.57200622558594,186.57200622558594
1785117060,186.5709991455078,186.5970001220703,186.56900024414062,186.5919952392578
1785117120,186.5850067138672,186.5919952392578,186.57200622558594,186.58200073242188
1785117180,186.58399963378906,186.5919952392578,186.57699584960938,186.57899475097656
1785117240,186.5800018310547,186.58999633789062,186.5780029296875,186.58700561523438
1785117300,186.58299255371094,186.5959930419922,186.58200073242188,186.58900451660156
1785117360,186.58599853515625,186.60800170898438,186.5850067138672,186.6009979248047
1785117420,186.5970001220703,186.61199951171875,186.5800018310547,186.58200073242188
1785117480,186.58900451660156,186.59300231933594,186.56399536132812,186.58999633789062
1785117540,186.58999633789062,186.6020050048828,186.5850067138672,186.593994140625
1785117600,186.59500122070312,186.59800720214844,186.57200622558594,186.57699584960938
1785117660,186.5749969482422,186.58700561523438,186.552001953125,186.5590057373047
1785117720,186.55999755859375,186.57699584960938,186.5540008544922,186.5659942626953
1785117780,186.5659942626953,186.58700561523438,186.5590057373047,186.5760040283203
1785117840,186.58200073242188,186.60000610351562,186.5760040283203,186.5919952392578
1785117900,186.5919952392578,186.60800170898438,186.58799743652344,186.6020050048828
1785117960,186.6020050048828,186.60499572753906,186.59100341796875,186.60400390625
1785118020,186.60499572753906,186.61500549316406,186.6009979248047,186.61099243164062
1785118080,186.60899353027344,186.61099243164062,186.5959930419922,186.6009979248047
1785118140,186.6009979248047,186.60699462890625,186.58399963378906,186.58399963378906
1785118200,186.58700561523438,186.5959930419922,186.5780029296875,186.58599853515625
1785118260,186.58399963378906,186.5989990234375,186.58200073242188,186.58999633789062
1785118320,186.58900451660156,186.593994140625,186.5800018310547,186.58799743652344
1785118380,186.58700561523438,186.61300659179688,186.58700561523438,186.60699462890625
1785118440,186.60499572753906,186.61000061035156,186.59500122070312,186.60299682617188
1785118500,186.60299682617188,186.61399841308594,186.60000610351562,186.6060028076172
1785118560,186.60400390625,186.60800170898438,186.5970001220703,186.5989990234375
1785118620,186.5970001220703,186.6009979248047,186.5780029296875,186.58399963378906
1785118680,186.58200073242188,186.593994140625,186.56100463867188,186.5659942626953
1785118740,186.56199645996094,186.572998046875,186.55499267578125,186.5679931640625
1785118800,186.5679931640625,186.5780029296875,186.56399536132812,186.57000732421875
1785118860,186.56700134277344,186.5780029296875,186.56700134277344,186.5760040283203
1785118920,186.57200622558594,186.5760040283203,186.55799865722656,186.57000732421875
1785118980,186.57400512695312,186.5760040283203,186.5679931640625,186.5709991455078
1785119040,186.56900024414062,186.57699584960938,186.56500244140625,186.56900024414062
1785119100,186.56900024414062,186.57899475097656,186.56399536132812,186.5709991455078
1785119160,186.5709991455078,186.57899475097656,186.56900024414062,186.57400512695312
1785119220,186.572998046875,186.5800018310547,186.56700134277344,186.57400512695312
1785119280,186.57200622558594,186.58299255371094,186.5709991455078,186.5780029296875
1785119340,186.57899475097656,186.58299255371094,186.5709991455078,186.572998046875
1785119400,186.57899475097656,186.57899475097656,186.5540008544922,186.56500244140625
1785119460,186.56399536132812,186.58200073242188,186.56300354003906,186.57200622558594
1785119520,186.57200622558594,186.5749969482422,186.55999755859375,186.5659942626953
1785119580,186.56700134277344,186.5760040283203,186.5590057373047,186.57200622558594
1785119640,186.5679931640625,186.5749969482422,186.56199645996094,186.57400512695312
1785119700,186.5749969482422,186.5760040283203,186.55799865722656,186.56300354003906
1785119760,186.56300354003906,186.57000732421875,186.55599975585938,186.55999755859375
1785119820,186.5679931640625,186.56900024414062,186.54800415039062,186.5489959716797
1785119880,186.5489959716797,186.55999755859375,186.5449981689453,186.552001953125
1785119940,186.55799865722656,186.55799865722656,186.53399658203125,186.53700256347656
1785120000,186.53700256347656,186.55999755859375,186.53700256347656,186.552001953125
1785120060,186.552001953125,186.5659942626953,186.5500030517578,186.56100463867188
1785120120,186.55799865722656,186.57000732421875,186.5570068359375,186.56300354003906
1785120180,186.56199645996094,186.56700134277344,186.55799865722656,186.55999755859375
1785120240,186.55999755859375,186.56399536132812,186.5540008544922,186.55999755859375
1785120300,186.55999755859375,186.57200622558594,186.5540008544922,186.56100463867188
1785120360,186.5570068359375,186.56199645996094,186.5469970703125,186.5540008544922
1785120420,186.5469970703125,186.56199645996094,186.54600524902344,186.55999755859375
1785120480,186.5570068359375,186.57699584960938,186.55599975585938,186.5709991455078
1785120540,186.57000732421875,186.57400512695312,186.55999755859375,186.5659942626953
1785120600,186.56700134277344,186.56700134277344,186.5570068359375,186.5590057373047
1785120660,186.5590057373047,186.5749969482422,186.5590057373047,186.56900024414062
1785120720,186.56900024414062,186.58900451660156,186.5679931640625,186.58299255371094
1785120780,186.58399963378906,186.58799743652344,186.57200622558594,186.5749969482422
1785120840,186.5749969482422,186.58599853515625,186.57400512695312,186.58299255371094
1785120900,186.57899475097656,186.58399963378906,186.5590057373047,186.56500244140625
1785120960,186.5659942626953,186.57200622558594,186.56300354003906,186.56300354003906
1785121020,186.5659942626953,186.57400512695312,186.5590057373047,186.56700134277344
1785121080,186.56399536132812,186.56900024414062,186.55499267578125,186.56300354003906
1785121140,186.55599975585938,186.57400512695312,186.55499267578125,186.56100463867188
1785121200,186.56100463867188,186.5800018310547,186.56100463867188,186.5709991455078
1785121260,186.57000732421875,186.57899475097656,186.55999755859375,186.5709991455078
1785121320,186.57000732421875,186.57400512695312,186.5469970703125,186.54800415039062
1785121380,186.54800415039062,186.55599975585938,186.53700256347656,186.53900146484375
1785121440,186.53900146484375,186.54600524902344,186.52999877929688,186.53599548339844
1785121500,186.53599548339844,186.5500030517578,186.5330047607422,186.53599548339844
1785121560,186.54200744628906,186.5500030517578,186.53199768066406,186.54200744628906
1785121620,186.54400634765625,186.5590057373047,186.5399932861328,186.5500030517578
1785121680,186.5500030517578,186.5540008544922,186.53900146484375,186.53900146484375
1785121740,186.53799438476562,186.552001953125,186.53399658203125,186.53500366210938
1785121800,186.53900146484375,186.54600524902344,186.53399658203125,186.53599548339844
1785121860,186.53599548339844,186.5469970703125,186.53500366210938,186.54200744628906
1785121920,186.53799438476562,186.54400634765625,186.53399658203125,186.5399932861328
1785121980,186.54100036621094,186.54200744628906,186.52499389648438,186.53799438476562
1785122040,186.53399658203125,186.55099487304688,186.53399658203125,186.5449981689453
1785122100,186.5449981689453,186.5500030517578,186.53599548339844,186.54100036621094
1785122160,186.54200744628906,186.5500030517578,186.5399932861328,186.5469970703125
1785122220,186.54100036621094,186.55599975585938,186.53900146484375,186.55499267578125
1785122280,186.5489959716797,186.5540008544922,186.53799438476562,186.54400634765625
1785122340,186.53599548339844,186.5540008544922,186.53599548339844,186.54800415039062
1785122400,186.552001953125,186.552001953125,186.54200744628906,186.5449981689453
1785122460,186.54400634765625,186.55599975585938,186.54400634765625,186.55299377441406
1785122520,186.5469970703125,186.55599975585938,186.54100036621094,186.552001953125
1785122580,186.5469970703125,186.5659942626953,186.5469970703125,186.55999755859375
1785122640,186.5570068359375,186.56399536132812,186.55499267578125,186.55999755859375
1785122700,186.56199645996094,186.56300354003906,186.5469970703125,186.5489959716797
1785122760,186.54800415039062,186.5540008544922,186.5449981689453,186.5500030517578
1785122820,186.552001953125,186.552001953125,186.54200744628906,186.54800415039062
1785122880,186.54100036621094,186.55799865722656,186.5399932861328,186.5489959716797
1785122940,186.5489959716797,186.55599975585938,186.54100036621094,186.54200744628906
1785123000,186.5469970703125,186.54800415039062,186.5290069580078,186.53500366210938
1785123060,186.531005859375,186.53900146484375,186.52499389648438,186.52999877929688
1785123120,186.53399658203125,186.53799438476562,186.5229949951172,186.5290069580078
1785123180,186.52699279785156,186.5449981689453,186.52499389648438,186.5399932861328
1785123240,186.5399932861328,186.54600524902344,186.5330047607422,186.53399658203125
1785123300,186.53399658203125,186.54200744628906,186.531005859375,186.531005859375
1785123360,186.53199768066406,186.53399658203125,186.5240020751953,186.5260009765625
1785123420,186.5260009765625,186.54600524902344,186.5260009765625,186.53500366210938
1785123480,186.53599548339844,186.53799438476562,186.5290069580078,186.53500366210938
1785123540,186.53500366210938,186.5489959716797,186.5330047607422,186.53399658203125
1785123600,186.5399932861328,186.5469970703125,186.52999877929688,186.54100036621094
1785123660,186.54100036621094,186.55099487304688,186.53599548339844,186.53900146484375
1785123720,186.53900146484375,186.552001953125,186.53700256347656,186.5399932861328
1785123780,186.54100036621094,186.552001953125,186.5399932861328,186.54800415039062
1785123840,186.54800415039062,186.55799865722656,186.54800415039062,186.5500030517578
1785123900,186.55299377441406,186.56500244140625,186.54400634765625,186.5469970703125
1785123960,186.5469970703125,186.5540008544922,186.5449981689453,186.5469970703125
1785124020,186.552001953125,186.5570068359375,186.53900146484375,186.5449981689453
1785124080,186.5449981689453,186.552001953125,186.5399932861328,186.5489959716797
1785124140,186.5500030517578,186.5500030517578,186.53900146484375,186.54299926757812
1785124200,186.54200744628906,186.55099487304688,186.5399932861328,186.54800415039062
1785124260,186.54800415039062,186.55599975585938,186.5449981689453,186.5469970703125
1785124320,186.5469970703125,186.55099487304688,186.53900146484375,186.5399932861328
1785124380,186.5399932861328,186.5449981689453,186.5290069580078,186.5290069580078
1785124440,186.53199768066406,186.53500366210938,186.5240020751953,186.5279998779297
1785124500,186.5290069580078,186.53799438476562,186.5279998779297,186.5330047607422
1785124560,186.53199768066406,186.5399932861328,186.5290069580078,186.5330047607422
1785124620,186.5290069580078,186.53700256347656,186.5260009765625,186.5330047607422
1785124680,186.5330047607422,186.53799438476562,186.531005859375,186.53199768066406
1785124740,186.531005859375,186.53500366210938,186.52000427246094,186.53199768066406
1785124800,186.5229949951172,186.53399658203125,186.51499938964844,186.52200317382812
1785124860,186.52200317382812,186.52999877929688,186.52000427246094,186.52699279785156
1785124920,186.52499389648438,186.53199768066406,186.51699829101562,186.5229949951172
1785124980,186.5229949951172,186.531005859375,186.52200317382812,186.5240020751953
1785125040,186.5260009765625,186.5279998779297,186.52099609375,186.5229949951172
1785125100,186.5229949951172,186.5290069580078,186.5189971923828,186.5189971923828
1785125160,186.5189971923828,186.5240020751953,186.51300048828125,186.52200317382812
1785125220,186.51800537109375,186.52499389648438,186.51400756835938,186.52000427246094
1785125280,186.51699829101562,186.5229949951172,186.51600646972656,186.51800537109375
1785125340,186.51800537109375,186.52699279785156,186.51499938964844,186.52000427246094
1785125400,186.52000427246094,186.52499389648438,186.51199340820312,186.52200317382812
1785125460,186.51699829101562,186.52499389648438,186.51400756835938,186.51499938964844
1785125520,186.52000427246094,186.5290069580078,186.51499938964844,186.52200317382812
1785125580,186.52099609375,186.5240020751953,186.5070037841797,186.51400756835938
1785125640,186.51100158691406,186.531005859375,186.51100158691406,186.5260009765625
1785125700,186.52699279785156,186.5330047607422,186.51600646972656,186.51600646972656
1785125760,186.51600646972656,186.52999877929688,186.51499938964844,186.5229949951172
1785125820,186.5260009765625,186.5279998779297,186.51600646972656,186.52000427246094
1785125880,186.5240020751953,186.53199768066406,186.51800537109375,186.52699279785156
1785125940,186.52699279785156,186.53599548339844,186.5229949951172,186.531005859375
1785126000,186.52999877929688,186.531005859375,186.51499938964844,186.5240020751953
1785126060,186.52000427246094,186.5260009765625,186.51699829101562,186.51800537109375
1785126120,186.51800537109375,186.52499389648438,186.51499938964844,186.52200317382812
1785126180,186.5189971923828,186.5240020751953,186.51699829101562,186.51699829101562
1785126240,186.51699829101562,186.52200317382812,186.50599670410156,186.5070037841797
1785126300,186.5070037841797,186.52200317382812,186.5070037841797,186.52099609375
1785126360,186.52000427246094,186.5260009765625,186.51400756835938,186.51699829101562
1785126420,186.51699829101562,186.5240020751953,186.51300048828125,186.51600646972656
1785126480,186.51800537109375,186.5260009765625,186.51600646972656,186.51699829101562
1785126540,186.51699829101562,186.5260009765625,186.51699829101562,186.5229949951172
1785126600,186.5240020751953,186.53799438476562,186.5240020751953,186.53599548339844
1785126660,186.53599548339844,186.5399932861328,186.53399658203125,186.53599548339844
1785126720,186.53599548339844,186.54400634765625,186.53500366210938,186.54200744628906
1785126780,186.53700256347656,186.54299926757812,186.531005859375,186.5330047607422
1785126840,186.5330047607422,186.54100036621094,186.5260009765625,186.5260009765625
1785126900,186.53399658203125,186.53700256347656,186.5229949951172,186.52999877929688
1785126960,186.52999877929688,186.54200744628906,186.5290069580078,186.53500366210938
1785127020,186.53500366210938,186.54200744628906,186.53500366210938,186.53599548339844
1785127080,186.53500366210938,186.54299926757812,186.53399658203125,186.53599548339844
1785127140,186.53500366210938,186.54600524902344,186.5330047607422,186.54400634765625
1785127200,186.54400634765625,186.5469970703125,186.5399932861328,186.5449981689453
1785127260,186.54200744628906,186.55299377441406,186.5399932861328,186.54200744628906
1785127320,186.54200744628906,186.5540008544922,186.54200744628906,186.55099487304688
1785127380,186.55099487304688,186.5540008544922,186.53599548339844,186.5399932861328
1785127440,186.5399932861328,186.54600524902344,186.53599548339844,186.54100036621094
1785127500,186.54100036621094,186.54600524902344,186.53199768066406,186.53799438476562
1785127560,186.53799438476562,186.54800415039062,186.53199768066406,186.53799438476562
1785127620,186.53599548339844,186.5399932861328,186.5229949951172,186.53500366210938
1785127680,186.52999877929688,186.54299926757812,186.5279998779297,186.53900146484375
1785127740,186.53700256347656,186.5449981689453,186.53399658203125,186.53500366210938
1785127800,186.53500366210938,186.54100036621094,186.5279998779297,186.5290069580078
1785127860,186.5290069580078,186.54600524902344,186.5290069580078,186.53399658203125
1785127920,186.52999877929688,186.53799438476562,186.52499389648438,186.5260009765625
1785127980,186.5260009765625,186.52999877929688,186.52499389648438,186.5279998779297
1785128040,186.5279998779297,186.52999877929688,186.51699829101562,186.5240020751953
1785128100,186.5260009765625,186.5330047607422,186.51800537109375,186.52000427246094
1785128160,186.5189971923828,186.5330047607422,186.51400756835938,186.5290069580078
1785128220,186.5260009765625,186.53900146484375,186.52499389648438,186.53399658203125
1785128280,186.53399658203125,186.5399932861328,186.5260009765625,186.53500366210938
1785128340,186.53599548339844,186.5469970703125,186.531005859375,186.53199768066406
1785128400,186.53199768066406,186.5399932861328,186.51600646972656,186.53500366210938
1785128460,186.53500366210938,186.54600524902344,186.5330047607422,186.5399932861328
1785128520,186.53900146484375,186.5449981689453,186.52699279785156,186.52999877929688
1785128580,186.52999877929688,186.54200744628906,186.5240020751953,186.52499389648438
1785128640,186.5290069580078,186.53799438476562,186.5229949951172,186.5279998779297
1785128700,186.52999877929688,186.53900146484375,186.52699279785156,186.53599548339844
1785128760,186.53599548339844,186.54400634765625,186.5330047607422,186.53900146484375
1785128820,186.54100036621094,186.54800415039062,186.53599548339844,186.54100036621094
1785128880,186.5399932861328,186.5469970703125,186.53900146484375,186.54299926757812
1785128940,186.54299926757812,186.5500030517578,186.53500366210938,186.54100036621094
1785129000,186.54100036621094,186.5449981689453,186.53599548339844,186.54200744628906
1785129060,186.53900146484375,186.5489959716797,186.5290069580078,186.5489959716797
1785129120,186.54800415039062,186.5570068359375,186.54299926757812,186.55299377441406
1785129180,186.5540008544922,186.56100463867188,186.55299377441406,186.55799865722656
1785129240,186.55599975585938,186.57400512695312,186.55599975585938,186.57200622558594
1785129300,186.57200622558594,186.58399963378906,186.56700134277344,186.5800018310547
1785129360,186.58099365234375,186.58599853515625,186.5760040283203,186.58399963378906
1785129420,186.58399963378906,186.593994140625,186.5749969482422,186.5919952392578
1785129480,186.5919952392578,186.59800720214844,186.58700561523438,186.58999633789062
1785129540,186.58999633789062,186.59100341796875,186.57699584960938,186.57899475097656
1785129600,186.57899475097656,186.58799743652344,186.5780029296875,186.58700561523438
1785129660,186.58299255371094,186.58900451660156,186.5749969482422,186.5780029296875
1785129720,186.5760040283203,186.58399963378906,186.5749969482422,186.58299255371094
1785129780,186.57699584960938,186.58299255371094,186.57000732421875,186.57200622558594
1785129840,186.57200622558594,186.5760040283203,186.5570068359375,186.55799865722656
1785129900,186.55799865722656,186.5709991455078,186.5570068359375,186.56399536132812
1785129960,186.56300354003906,186.56900024414062,186.54800415039062,186.55299377441406
1785130020,186.55299377441406,186.56700134277344,186.552001953125,186.5659942626953
1785130080,186.56199645996094,186.56700134277344,186.55499267578125,186.55599975585938
1785130140,186.55999755859375,186.56500244140625,186.55499267578125,186.55999755859375
1785130200,186.55999755859375,186.57000732421875,186.55799865722656,186.55799865722656
1785130260,186.5570068359375,186.5659942626953,186.55499267578125,186.55499267578125
1785130320,186.55499267578125,186.5679931640625,186.5489959716797,186.56500244140625
1785130380,186.56300354003906,186.5679931640625,186.54400634765625,186.5449981689453
1785130440,186.5500030517578,186.5500030517578,186.52000427246094,186.52999877929688
1785130500,186.52999877929688,186.53900146484375,186.5260009765625,186.531005859375
1785130560,186.531005859375,186.55099487304688,186.531005859375,186.53799438476562
1785130620,186.53799438476562,186.54800415039062,186.53799438476562,186.54200744628906
1785130680,186.54100036621094,186.5500030517578,186.54100036621094,186.54400634765625
1785130740,186.5449981689453,186.54800415039062,186.53900146484375,186.54200744628906
1785130800,186.54299926757812,186.54600524902344,186.53700256347656,186.54299926757812
1785130860,186.54299926757812,186.5540008544922,186.53599548339844,186.552001953125
1785130920,186.552001953125,186.5679931640625,186.552001953125,186.5659942626953
1785130980,186.56700134277344,186.57200622558594,186.55799865722656,186.56300354003906
1785131040,186.55799865722656,186.57000732421875,186.55799865722656,186.56700134277344
1785131100,186.56700134277344,186.572998046875,186.5500030517578,186.5500030517578
1785131160,186.55099487304688,186.57400512695312,186.5500030517578,186.56900024414062
1785131220,186.56900024414062,186.58299255371094,186.56700134277344,186.5800018310547
1785131280,186.5780029296875,186.58799743652344,186.57699584960938,186.58200073242188
1785131340,186.58200073242188,186.5919952392578,186.57400512695312,186.58099365234375
1785131400,186.58099365234375,186.58799743652344,186.57699584960938,186.58399963378906
1785131460,186.58399963378906,186.59100341796875,186.58200073242188,186.58799743652344
1785131520,186.58999633789062,186.5919952392578,186.5800018310547,186.5850067138672
1785131580,186.5850067138672,186.59100341796875,186.58099365234375,186.5850067138672
1785131640,186.58599853515625,186.6020050048828,186.58200073242188,186.60000610351562
1785131700,186.5989990234375,186.60800170898438,186.58399963378906,186.58999633789062
1785131760,186.58999633789062,186.59800720214844,186.58900451660156,186.5919952392578
1785131820,186.59300231933594,186.59500122070312,186.58399963378906,186.58799743652344
1785131880,186.58700561523438,186.58999633789062,186.57699584960938,186.58700561523438
1785131940,186.58700561523438,186.59100341796875,186.5780029296875,186.58999633789062
1785132000,186.58700561523438,186.6179962158203,186.5780029296875,186.61000061035156
1785132060,186.60899353027344,186.62100219726562,186.59800720214844,186.6199951171875
1785132120,186.6199951171875,186.6269989013672,186.61199951171875,186.6219940185547
1785132180,186.6219940185547,186.64199829101562,186.61500549316406,186.63600158691406
1785132240,186.63699340820312,186.64199829101562,186.62899780273438,186.63800048828125
1785132300,186.63900756835938,186.64199829101562,186.6230010986328,186.6269989013672
1785132360,186.62600708007812,186.63999938964844,186.61900329589844,186.63600158691406
1785132420,186.63499450683594,186.63999938964844,186.6280059814453,186.63800048828125
1785132480,186.63499450683594,186.63699340820312,186.61099243164062,186.6219940185547
1785132540,186.6179962158203,186.63099670410156,186.61399841308594,186.62399291992188
1785132600,186.62399291992188,186.64199829101562,186.6179962158203,186.63999938964844
1785132660,186.63600158691406,186.66000366210938,186.63600158691406,186.65899658203125
1785132720,186.6580047607422,186.66799926757812,186.6510009765625,186.6580047607422
1785132780,186.6529998779297,186.65899658203125,186.63600158691406,186.63600158691406
1785132840,186.63699340820312,186.64700317382812,186.61900329589844,186.6199951171875
1785132900,186.6269989013672,186.6269989013672,186.61099243164062,186.61900329589844
1785132960,186.61700439453125,186.64700317382812,186.61700439453125,186.63900756835938
1785133020,186.63800048828125,186.64700317382812,186.6280059814453,186.62899780273438
1785133080,186.62899780273438,186.63600158691406,186.6060028076172,186.60800170898438
1785133140,186.60800170898438,186.61199951171875,186.58799743652344,186.59500122070312
1785133200,186.59500122070312,186.60000610351562,186.5780029296875,186.58999633789062
1785133260,186.58700561523438,186.58999633789062,186.5749969482422,186.58399963378906
1785133320,186.58200073242188,186.5919952392578,186.57200622558594,186.5760040283203
1785133380,186.57699584960938,186.593994140625,186.57000732421875,186.593994140625
1785133440,186.58799743652344,186.63699340820312,186.58799743652344,186.63099670410156
1785133500,186.63299560546875,186.63999938964844,186.6179962158203,186.62100219726562
1785133560,186.6199951171875,186.6490020751953,186.6199951171875,186.64500427246094
1785133620,186.6479949951172,186.65499877929688,186.63299560546875,186.64500427246094
1785133680,186.64500427246094,186.66200256347656,186.64300537109375,186.65199279785156
1785133740,186.6580047607422,186.67100524902344,186.64599609375,186.66299438476562
1785133800,186.66200256347656,186.66900634765625,186.6490020751953,186.656005859375
1785133860,186.6510009765625,186.656005859375,186.625,186.63400268554688
1785133920,186.63600158691406,186.6540069580078,186.6230010986328,186.64999389648438
1785133980,186.64999389648438,186.65699768066406,186.64100646972656,186.6490020751953
1785134040,186.6490020751953,186.677001953125,186.6490020751953,186.6739959716797
1785134100,186.6739959716797,186.6820068359375,186.6510009765625,186.67999267578125
1785134160,186.67799377441406,186.6820068359375,186.6649932861328,186.67799377441406
1785134220,186.677001953125,186.69200134277344,186.66799926757812,186.68299865722656
1785134280,186.68299865722656,186.69000244140625,186.67300415039062,186.677001953125
1785134340,186.677001953125,186.69000244140625,186.6750030517578,186.68800354003906
1785134400,186.68499755859375,186.70199584960938,186.68099975585938,186.69400024414062
1785134460,186.68699645996094,186.73300170898438,186.68499755859375,186.71400451660156
1785134520,186.71499633789062,186.71600341796875,186.6649932861328,186.67300415039062
1785134580,186.6649932861328,186.6739959716797,186.64999389648438,186.656005859375
1785134640,186.656005859375,186.6739959716797,186.6529998779297,186.66299438476562
1785134700,186.66299438476562,186.67599487304688,186.656005859375,186.65699768066406
1785134760,186.65699768066406,186.66600036621094,186.64300537109375,186.65199279785156
1785134820,186.65199279785156,186.65899658203125,186.6280059814453,186.64199829101562
1785134880,186.63299560546875,186.64500427246094,186.61599731445312,186.61900329589844
1785134940,186.6179962158203,186.63099670410156,186.5970001220703,186.6060028076172
1785135000,186.59800720214844,186.60899353027344,186.57899475097656,186.58700561523438
1785135060,186.58700561523438,186.60000610351562,186.58399963378906,186.58599853515625
1785135120,186.59100341796875,186.5959930419922,186.5749969482422,186.58099365234375
1785135180,186.58099365234375,186.6009979248047,186.57899475097656,186.58200073242188
1785135240,186.58399963378906,186.5919952392578,186.56500244140625,186.5749969482422
1785135300,186.56900024414062,186.57699584960938,186.5449981689453,186.5570068359375
1785135360,186.55299377441406,186.572998046875,186.55099487304688,186.55099487304688
1785135420,186.55099487304688,186.58200073242188,186.55099487304688,186.55799865722656
1785135480,186.5570068359375,186.57400512695312,186.55299377441406,186.56100463867188
1785135540,186.55999755859375,186.5659942626953,186.53799438476562,186.54400634765625
1785135600,186.5449981689453,186.5449981689453,186.52200317382812,186.52999877929688
1785135660,186.53399658203125,186.53799438476562,186.50599670410156,186.51199340820312
1785135720,186.51199340820312,186.5240020751953,186.47900390625,186.5030059814453
1785135780,186.5019989013672,186.51100158691406,186.48599243164062,186.49600219726562
1785135840,186.49600219726562,186.50999450683594,186.49400329589844,186.50599670410156
1785135900,186.50399780273438,186.52499389648438,186.5030059814453,186.51100158691406
1785135960,186.51100158691406,186.51699829101562,186.4969940185547,186.5050048828125
1785136020,186.5050048828125,186.51699829101562,186.49000549316406,186.51300048828125
1785136080,186.51600646972656,186.5229949951172,186.4980010986328,186.5019989013672
1785136140,186.50399780273438,186.51300048828125,186.48599243164062,186.49899291992188
1785136200,186.49400329589844,186.5050048828125,186.47300720214844,186.47799682617188
1785136260,186.4770050048828,186.5019989013672,186.4739990234375,186.5
1785136320,186.5,186.51300048828125,186.4929962158203,186.4969940185547
1785136380,186.5,186.52699279785156,186.4980010986328,186.5
1785136440,186.50900268554688,186.5229949951172,186.4949951171875,186.51699829101562
1785136500,186.50999450683594,186.51800537109375,186.4739990234375,186.47999572753906
1785136560,186.48500061035156,186.50599670410156,186.4739990234375,186.49000549316406
1785136620,186.48699951171875,186.4949951171875,186.4669952392578,186.48199462890625
1785136680,186.48199462890625,186.48800659179688,186.46600341796875,186.4669952392578
1785136740,186.4669952392578,186.48199462890625,186.46200561523438,186.4759979248047
1785136800,186.47500610351562,186.48300170898438,186.43800354003906,186.43800354003906
1785136860,186.43699645996094,186.4459991455078,186.3820037841797,186.40199279785156
1785136920,186.40499877929688,186.43499755859375,186.4010009765625,186.41799926757812
1785136980,186.41799926757812,186.42799377441406,186.375,186.38999938964844
1785137040,186.38900756835938,186.41099548339844,186.38499450683594,186.39999389648438
1785137100,186.4029998779297,186.4149932861328,186.34800720214844,186.34800720214844
1785137160,186.35400390625,186.39100646972656,186.3459930419922,186.36399841308594
1785137220,186.3489990234375,186.37399291992188,186.343994140625,186.3679962158203
1785137280,186.35899353027344,186.38400268554688,186.35699462890625,186.36099243164062
1785137340,186.36099243164062,186.3679962158203,186.30099487304688,186.31100463867188
1785137400,186.3070068359375,186.3280029296875,186.2989959716797,186.3090057373047
1785137460,186.30499267578125,186.34100341796875,186.28500366210938,186.31399536132812
1785137520,186.32200622558594,186.3560028076172,186.31100463867188,186.3520050048828
1785137580,186.34100341796875,186.36700439453125,186.33900451660156,186.3509979248047
1785137640,186.35800170898438,186.3719940185547,186.35000610351562,186.3560028076172
1785137700,186.3560028076172,186.37899780273438,186.35400390625,186.35499572753906
1785137760,186.35899353027344,186.36399841308594,186.33299255371094,186.35800170898438
1785137820,186.35400390625,186.36700439453125,186.3459930419922,186.3520050048828
1785137880,186.35400390625,186.36900329589844,186.33399963378906,186.35499572753906
1785137940,186.35499572753906,186.37600708007812,186.34500122070312,186.3730010986328
1785138000,186.37100219726562,186.375,186.35699462890625,186.3679962158203
1785138060,186.3679962158203,186.39199829101562,186.36700439453125,186.38699340820312
1785138120,186.38699340820312,186.3939971923828,186.37899780273438,186.38800048828125
1785138180,186.38400268554688,186.3939971923828,186.35800170898438,186.3679962158203
1785138240,186.3699951171875,186.38800048828125,186.36500549316406,186.3769989013672
1785138300,186.38099670410156,186.38800048828125,186.3719940185547,186.375
1785138360,186.37600708007812,186.3800048828125,186.3520050048828,186.35699462890625
1785138420,186.3560028076172,186.36399841308594,186.33399963378906,186.3350067138672
1785138480,186.33399963378906,186.34800720214844,186.3280029296875,186.34100341796875
1785138540,186.34100341796875,186.35000610351562,186.3300018310547,186.33799743652344
1785138600,186.33299255371094,186.3470001220703,186.32899475097656,186.33799743652344
1785138660,186.33799743652344,186.3470001220703,186.322998046875,186.3280029296875
1785138720,186.32899475097656,186.34800720214844,186.3280029296875,186.33799743652344
1785138780,186.33900451660156,186.35800170898438,186.33299255371094,186.3489990234375
1785138840,186.3489990234375,186.39100646972656,186.3489990234375,186.38099670410156
1785138900,186.3800048828125,186.41200256347656,186.3800048828125,186.4040069580078
1785138960,186.40199279785156,186.40199279785156,186.3800048828125,186.38400268554688
1785139020,186.38499450683594,186.3979949951172,186.37399291992188,186.3820037841797
1785139080,186.38699340820312,186.38699340820312,186.35499572753906,186.3699951171875
1785139140,186.37100219726562,186.38299560546875,186.3470001220703,186.3489990234375
1785139200,186.3489990234375,186.375,186.3300018310547,186.36599731445312
1785139260,186.36700439453125,186.3719940185547,186.3459930419922,186.3470001220703
1785139320,186.3470001220703,186.36399841308594,186.34500122070312,186.35800170898438
1785139380,186.35800170898438,186.36500549316406,186.34300231933594,186.35400390625
1785139440,186.35000610351562,186.36599731445312,186.3489990234375,186.35299682617188
1785139500,186.35000610351562,186.37600708007812,186.3459930419922,186.36700439453125
1785139560,186.3679962158203,186.37100219726562,186.33900451660156,186.34500122070312
1785139620,186.34500122070312,186.36000061035156,186.33200073242188,186.35299682617188
1785139680,186.3489990234375,186.3719940185547,186.343994140625,186.3509979248047
1785139740,186.34500122070312,186.35400390625,186.32899475097656,186.33299255371094
1785139800,186.33399963378906,186.3560028076172,186.3280029296875,186.3470001220703
1785139860,186.3470001220703,186.36099243164062,186.34300231933594,186.35499572753906
1785139920,186.35499572753906,186.36300659179688,186.3419952392578,186.3509979248047
1785139980,186.35400390625,186.36199951171875,186.34300231933594,186.35299682617188
1785140040,186.3509979248047,186.36399841308594,186.34100341796875,186.3509979248047
1785140100,186.3509979248047,186.35800170898438,186.33299255371094,186.3350067138672
1785140160,186.3350067138672,186.3560028076172,186.3350067138672,186.3560028076172
1785140220,186.3509979248047,186.36900329589844,186.3489990234375,186.35899353027344
1785140280,186.35899353027344,186.36700439453125,186.3489990234375,186.36000061035156
1785140340,186.35899353027344,186.38600158691406,186.3560028076172,186.37600708007812
1785140400,186.38099670410156,186.38600158691406,186.35699462890625,186.35800170898438
1785140460,186.36399841308594,186.3719940185547,186.35400390625,186.35400390625
1785140520,186.3520050048828,186.36399841308594,186.34100341796875,186.35499572753906
1785140580,186.35499572753906,186.3800048828125,186.35499572753906,186.36000061035156
1785140640,186.36000061035156,186.37399291992188,186.35899353027344,186.36700439453125
1785140700,186.3719940185547,186.3769989013672,186.3560028076172,186.35699462890625
1785140760,186.35699462890625,186.3719940185547,186.35499572753906,186.3699951171875
1785140820,186.36500549316406,186.37399291992188,186.36099243164062,186.3730010986328
1785140880,186.36700439453125,186.38299560546875,186.35299682617188,186.35699462890625
1785140940,186.36099243164062,186.37600708007812,186.35400390625,186.35400390625
1785141000,186.35499572753906,186.3719940185547,186.35499572753906,186.36399841308594
1785141060,186.36000061035156,186.375,186.36000061035156,186.36900329589844
1785141120,186.36900329589844,186.375,186.35899353027344,186.36300659179688
1785141180,186.36300659179688,186.39199829101562,186.36300659179688,186.38499450683594
1785141240,186.38800048828125,186.39100646972656,186.375,186.3820037841797
1785141300,186.3800048828125,186.38999938964844,186.3699951171875,186.38600158691406
1785141360,186.38299560546875,186.39599609375,186.3820037841797,186.38800048828125
1785141420,186.38499450683594,186.40699768066406,186.38499450683594,186.4010009765625
1785141480,186.406005859375,186.4199981689453,186.4010009765625,186.4080047607422
1785141540,186.40899658203125,186.41799926757812,186.3979949951172,186.4080047607422
1785141600,186.4080047607422,186.4199981689453,186.40499877929688,186.41299438476562
1785141660,186.41299438476562,186.41799926757812,186.40199279785156,186.41400146484375
1785141720,186.41400146484375,186.41799926757812,186.40199279785156,186.406005859375
1785141780,186.40199279785156,186.41000366210938,186.38499450683594,186.38900756835938
1785141840,186.38900756835938,186.3979949951172,186.3800048828125,186.38999938964844
1785141900,186.38900756835938,186.42100524902344,186.38900756835938,186.41400146484375
1785141960,186.41400146484375,186.4290008544922,186.41200256347656,186.41200256347656
1785142020,186.41200256347656,186.43099975585938,186.4040069580078,186.41700744628906
1785142080,186.41700744628906,186.4239959716797,186.39199829101562,186.3979949951172
1785142140,186.39300537109375,186.4040069580078,186.38499450683594,186.38800048828125
1785142200,186.38900756835938,186.39500427246094,186.38400268554688,186.38900756835938
1785142260,186.38400268554688,186.39199829101562,186.36500549316406,186.38699340820312
1785142320,186.38699340820312,186.3939971923828,186.37899780273438,186.39199829101562
1785142380,186.38999938964844,186.4029998779297,186.38400268554688,186.3939971923828
1785142440,186.39999389648438,186.427001953125,186.3939971923828,186.4239959716797
1785142500,186.4239959716797,186.44400024414062,186.42300415039062,186.4290008544922
1785142560,186.4290008544922,186.43800354003906,186.4239959716797,186.43499755859375
1785142620,186.43899536132812,186.45599365234375,186.43299865722656,186.44000244140625
1785142680,186.44500732421875,186.4530029296875,186.43600463867188,186.44400024414062
1785142740,186.44400024414062,186.45599365234375,186.43899536132812,186.44000244140625
1785142800,186.4409942626953,186.44900512695312,186.43600463867188,186.43600463867188
1785142860,186.43699645996094,186.447998046875,186.42999267578125,186.43099975585938
1785142920,186.43099975585938,186.447998046875,186.43099975585938,186.43800354003906
1785142980,186.43699645996094,186.4530029296875,186.4290008544922,186.4499969482422
1785143040,186.447998046875,186.45399475097656,186.43800354003906,186.43800354003906
1785143100,186.4409942626953,186.4499969482422,186.4340057373047,186.44200134277344
1785143160,186.44200134277344,186.45399475097656,186.4320068359375,186.44900512695312
1785143220,186.44700622558594,186.46099853515625,186.44200134277344,186.44200134277344
1785143280,186.44200134277344,186.45199584960938,186.4409942626953,186.4459991455078
1785143340,186.4459991455078,186.4530029296875,186.41099548339844,186.41600036621094
1785143400,186.41299438476562,186.41600036621094,186.39500427246094,186.3979949951172
1785143460,186.3979949951172,186.4320068359375,186.3979949951172,186.42999267578125
1785143520,186.42999267578125,186.44000244140625,186.4219970703125,186.42999267578125
1785143580,186.42799377441406,186.43699645996094,186.42300415039062,186.4320068359375
1785143640,186.427001953125,186.44400024414062,186.427001953125,186.43600463867188
1785143700,186.4340057373047,186.44400024414062,186.42100524902344,186.43299865722656
1785143760,186.4320068359375,186.46800231933594,186.42999267578125,186.46400451660156
1785143820,186.46400451660156,186.4709930419922,186.4530029296875,186.46200561523438
1785143880,186.46099853515625,186.46600341796875,186.4429931640625,186.45899963378906
1785143940,186.45799255371094,186.4720001220703,186.44900512695312,186.4600067138672
1785144000,186.4600067138672,186.48800659179688,186.4499969482422,186.4550018310547
1785144060,186.4550018310547,186.4600067138672,186.4409942626953,186.4409942626953
1785144120,186.44400024414062,186.45199584960938,186.42999267578125,186.4459991455078
1785144180,186.45199584960938,186.45199584960938,186.4340057373047,186.43699645996094
1785144240,186.44200134277344,186.44200134277344,186.42599487304688,186.4290008544922
1785144300,186.427001953125,186.43800354003906,186.41700744628906,186.41700744628906
1785144360,186.41799926757812,186.42599487304688,186.40899658203125,186.41000366210938
1785144420,186.41099548339844,186.4219970703125,186.39700317382812,186.41400146484375
1785144480,186.41400146484375,186.42799377441406,186.41099548339844,186.41400146484375
1785144540,186.41299438476562,186.41799926757812,186.38999938964844,186.3979949951172
1785144600,186.38999938964844,186.4199981689453,186.38800048828125,186.4149932861328
1785144660,186.40699768066406,186.43800354003906,186.40699768066406,186.43299865722656
1785144720,186.4340057373047,186.44200134277344,186.42100524902344,186.4250030517578
1785144780,186.4250030517578,186.427001953125,186.39700317382812,186.406005859375
1785144840,186.40699768066406,186.427001953125,186.4040069580078,186.42100524902344
1785144900,186.42100524902344,186.4239959716797,186.4080047607422,186.41299438476562
1785144960,186.41299438476562,186.42599487304688,186.41099548339844,186.41600036621094
1785145020,186.41700744628906,186.4250030517578,186.4040069580078,186.40899658203125
1785145080,186.40899658203125,186.4250030517578,186.40699768066406,186.41799926757812
1785145140,186.41700744628906,186.4429931640625,186.41600036621094,186.43499755859375
1785145200,186.43499755859375,186.44400024414062,186.41400146484375,186.42100524902344
1785145260,186.42100524902344,186.42999267578125,186.41200256347656,186.41900634765625
1785145320,186.4290008544922,186.43099975585938,186.40499877929688,186.41299438476562
1785145380,186.40699768066406,186.42300415039062,186.40499877929688,186.4149932861328
1785145440,186.4219970703125,186.4239959716797,186.39599609375,186.39599609375
1785145500,186.39599609375,186.42599487304688,186.3939971923828,186.41299438476562
1785145560,186.41299438476562,186.42799377441406,186.41299438476562,186.4250030517578
1785145620,186.4219970703125,186.43600463867188,186.41799926757812,186.41900634765625
1785145680,186.42300415039062,186.42799377441406,186.41099548339844,186.4250030517578
1785145740,186.42599487304688,186.42799377441406,186.39199829101562,186.39300537109375
1785145800,186.3939971923828,186.39999389648438,186.38400268554688,186.39500427246094
1785145860,186.3990020751953,186.39999389648438,186.3800048828125,186.38999938964844
1785145920,186.38699340820312,186.39300537109375,186.36700439453125,186.3699951171875
1785145980,186.36700439453125,186.3769989013672,186.36500549316406,186.37100219726562
1785146040,186.37100219726562,186.37600708007812,186.36000061035156,186.3730010986328
1785146100,186.3699951171875,186.37399291992188,186.3560028076172,186.36399841308594
1785146160,186.36700439453125,186.3699951171875,186.3470001220703,186.34800720214844
1785146220,186.3520050048828,186.36599731445312,186.34300231933594,186.35400390625
1785146280,186.35499572753906,186.36399841308594,186.3509979248047,186.3560028076172
1785146340,186.36199951171875,186.37100219726562,186.35400390625,186.36000061035156
1785146400,186.36000061035156,186.3780059814453,186.35400390625,186.36700439453125
1785146460,186.36700439453125,186.40199279785156,186.36599731445312,186.3979949951172
1785146520,186.39700317382812,186.427001953125,186.39700317382812,186.41600036621094
1785146580,186.41600036621094,186.44400024414062,186.41600036621094,186.43600463867188
1785146640,186.4340057373047,186.44400024414062,186.43099975585938,186.43699645996094
1785146700,186.43699645996094,186.44400024414062,186.42300415039062,186.427001953125
1785146760,186.4320068359375,186.43600463867188,186.4250030517578,186.4320068359375
1785146820,186.4320068359375,186.44500732421875,186.42799377441406,186.4340057373047
1785146880,186.43499755859375,186.43499755859375,186.4199981689453,186.42100524902344
1785146940,186.4239959716797,186.43699645996094,186.42100524902344,186.42799377441406
1785147000,186.4250030517578,186.43699645996094,186.4040069580078,186.40499877929688
1785147060,186.40499877929688,186.41299438476562,186.37600708007812,186.37899780273438
1785147120,186.3800048828125,186.38699340820312,186.37399291992188,186.37399291992188
1785147180,186.3780059814453,186.4040069580078,186.3730010986328,186.3800048828125
1785147240,186.3769989013672,186.38999938964844,186.37399291992188,186.3780059814453
1785147300,186.3820037841797,186.406005859375,186.3780059814453,186.3979949951172
1785147360,186.39500427246094,186.40699768066406,186.38800048828125,186.39100646972656
1785147420,186.39100646972656,186.4080047607422,186.38800048828125,186.3939971923828
1785147480,186.39500427246094,186.41200256347656,186.3939971923828,186.4040069580078
1785147540,186.40199279785156,186.41000366210938,186.39500427246094,186.39700317382812
1785147600,186.39999389648438,186.4029998779297,186.3820037841797,186.38900756835938
1785147660,186.39300537109375,186.41200256347656,186.38600158691406,186.41000366210938
1785147720,186.40899658203125,186.4340057373047,186.4029998779297,186.42999267578125
1785147780,186.42999267578125,186.43699645996094,186.41000366210938,186.41700744628906
1785147840,186.41200256347656,186.41900634765625,186.4080047607422,186.41099548339844
1785147900,186.41400146484375,186.4250030517578,186.40499877929688,186.40899658203125
1785147960,186.4149932861328,186.4199981689453,186.4010009765625,186.4080047607422
1785148020,186.40699768066406,186.41200256347656,186.39300537109375,186.39500427246094
1785148080,186.39500427246094,186.406005859375,186.38999938964844,186.40499877929688
1785148140,186.4010009765625,186.40899658203125,186.3979949951172,186.3979949951172
1785148200,186.4040069580078,186.43699645996094,186.39599609375,186.4320068359375
1785148260,186.43499755859375,186.43800354003906,186.41799926757812,186.42799377441406
1785148320,186.42100524902344,186.43600463867188,186.41700744628906,186.42799377441406
1785148380,186.42599487304688,186.43699645996094,186.4199981689453,186.4320068359375
1785148440,186.42599487304688,186.43499755859375,186.41700744628906,186.4239959716797
1785148500,186.41799926757812,186.42799377441406,186.41299438476562,186.4219970703125
1785148560,186.41799926757812,186.4320068359375,186.41400146484375,186.41600036621094
1785148620,186.41600036621094,186.42799377441406,186.406005859375,186.41600036621094
1785148680,186.41000366210938,186.42100524902344,186.40699768066406,186.41400146484375
1785148740,186.41400146484375,186.4239959716797,186.40899658203125,186.4239959716797
1785148800,186.41900634765625,186.43600463867188,186.41700744628906,186.43299865722656
1785148860,186.42599487304688,186.447998046875,186.42599487304688,186.4429931640625
1785148920,186.4429931640625,186.46400451660156,186.4429931640625,186.4600067138672
1785148980,186.46400451660156,186.4720001220703,186.44500732421875,186.447998046875
1785149040,186.44700622558594,186.46400451660156,186.4429931640625,186.45899963378906
1785149100,186.45899963378906,186.4669952392578,186.43800354003906,186.43899536132812
1785149160,186.43800354003906,186.44500732421875,186.42599487304688,186.43800354003906
1785149220,186.43699645996094,186.45199584960938,186.43099975585938,186.45199584960938
1785149280,186.4530029296875,186.45599365234375,186.44400024414062,186.45199584960938
1785149340,186.4550018310547,186.4550018310547,186.43299865722656,186.44200134277344
1785149400,186.44200134277344,186.45700073242188,186.43899536132812,186.4530029296875
1785149460,186.4530029296875,186.45799255371094,186.43299865722656,186.43800354003906
1785149520,186.44200134277344,186.44200134277344,186.4250030517578,186.4340057373047
1785149580,186.427001953125,186.44400024414062,186.427001953125,186.4320068359375
1785149640,186.43600463867188,186.46099853515625,186.427001953125,186.45799255371094
1785149700,186.4550018310547,186.46400451660156,186.4409942626953,186.44200134277344
1785149760,186.44900512695312,186.4499969482422,186.40699768066406,186.4080047607422
1785149820,186.4080047607422,186.43299865722656,186.40699768066406,186.41000366210938
1785149880,186.41000366210938,186.427001953125,186.4080047607422,186.41700744628906
1785149940,186.41600036621094,186.42100524902344,186.4040069580078,186.40499877929688
1785150000,186.40499877929688,186.4250030517578,186.4040069580078,186.4199981689453
1785150060,186.4219970703125,186.427001953125,186.41299438476562,186.41799926757812
1785150120,186.41799926757812,186.4320068359375,186.4010009765625,186.41299438476562
1785150180,186.41099548339844,186.4239959716797,186.40499877929688,186.41400146484375
1785150240,186.41299438476562,186.427001953125,186.3979949951172,186.4010009765625
1785150300,186.4010009765625,186.41600036621094,186.39999389648438,186.406005859375
1785150360,186.406005859375,186.4250030517578,186.40199279785156,186.4219970703125
1785150420,186.41700744628906,186.42599487304688,186.40499877929688,186.41700744628906
1785150480,186.41000366210938,186.41799926757812,186.3939971923828,186.39599609375
1785150540,186.39599609375,186.41200256347656,186.38999938964844,186.4040069580078
1785150600,186.40499877929688,186.41700744628906,186.3990020751953,186.4010009765625
1785150660,186.4010009765625,186.41000366210938,186.39300537109375,186.4010009765625
1785150720,186.4010009765625,186.42100524902344,186.4010009765625,186.4149932861328
1785150780,186.41600036621094,186.4199981689453,186.4040069580078,186.41799926757812
1785150840,186.41900634765625,186.4219970703125,186.3979949951172,186.3990020751953
1785150900,186.3990020751953,186.41600036621094,186.39199829101562,186.40699768066406
1785150960,186.40699768066406,186.41400146484375,186.39999389648438,186.4080047607422
1785151020,186.4080047607422,186.427001953125,186.4080047607422,186.42599487304688
1785151080,186.42100524902344,186.43099975585938,186.41200256347656,186.41299438476562
1785151140,186.41200256347656,186.42100524902344,186.4040069580078,186.42100524902344
1785151200,186.4199981689453,186.42799377441406,186.41000366210938,186.41000366210938
1785151260,186.41000366210938,186.41799926757812,186.4029998779297,186.40499877929688
1785151320,186.41000366210938,186.4149932861328,186.3990020751953,186.39999389648438
1785151380,186.39999389648438,186.41000366210938,186.39599609375,186.4010009765625
1785151440,186.4010009765625,186.41400146484375,186.39300537109375,186.39700317382812
1785151500,186.39700317382812,186.41299438476562,186.39500427246094,186.40899658203125
1785151560,186.40699768066406,186.41000366210938,186.3939971923828,186.40199279785156
1785151620,186.39700317382812,186.40499877929688,186.38800048828125,186.39700317382812
1785151680,186.3979949951172,186.41400146484375,186.39599609375,186.40699768066406
1785151740,186.40699768066406,186.42300415039062,186.40199279785156,186.40499877929688
1785151800,186.4029998779297,186.4239959716797,186.4010009765625,186.41799926757812
1785151860,186.41600036621094,186.43299865722656,186.41600036621094,186.42799377441406
1785151920,186.4320068359375,186.4340057373047,186.40699768066406,186.41299438476562
1785151980,186.41600036621094,186.42100524902344,186.3939971923828,186.4010009765625
1785152040,186.40199279785156,186.4149932861328,186.3990020751953,186.4029998779297
1785152100,186.4080047607422,186.427001953125,186.40199279785156,186.42100524902344
1785152160,186.4199981689453,186.4340057373047,186.41799926757812,186.43299865722656
1785152220,186.43099975585938,186.43899536132812,186.41099548339844,186.41200256347656
1785152280,186.41200256347656,186.4219970703125,186.39999389648438,186.41200256347656
1785152340,186.40699768066406,186.41400146484375,186.3820037841797,186.3820037841797
1785152400,186.3820037841797,186.41600036621094,186.38099670410156,186.406005859375
1785152460,186.4010009765625,186.41600036621094,186.4010009765625,186.40199279785156
1785152520,186.41200256347656,186.41200256347656,186.38600158691406,186.3979949951172
1785152580,186.3979949951172,186.4010009765625,186.37899780273438,186.39100646972656
1785152640,186.38999938964844,186.38999938964844,186.35899353027344,186.36099243164062
1785152700,186.36000061035156,186.37399291992188,186.34500122070312,186.3470001220703
1785152760,186.3470001220703,186.36199951171875,186.3470001220703,186.35899353027344
1785152820,186.35800170898438,186.36500549316406,186.35299682617188,186.35400390625
1785152880,186.35400390625,186.36500549316406,186.33299255371094,186.3459930419922
1785152940,186.3419952392578,186.36599731445312,186.33999633789062,186.35000610351562
1785153000,186.35400390625,186.35800170898438,186.33799743652344,186.3419952392578
1785153060,186.33799743652344,186.34500122070312,186.33299255371094,186.34100341796875
1785153120,186.34100341796875,186.35000610351562,186.33200073242188,186.33900451660156
1785153180,186.33799743652344,186.3470001220703,186.3350067138672,186.33799743652344
1785153240,186.33799743652344,186.3560028076172,186.33599853515625,186.3419952392578
1785153300,186.34300231933594,186.3459930419922,186.31500244140625,186.3179931640625
1785153360,186.3179931640625,186.32699584960938,186.30299377441406,186.3090057373047
1785153420,186.3090057373047,186.3159942626953,186.2969970703125,186.31100463867188
1785153480,186.30999755859375,186.34500122070312,186.3040008544922,186.33799743652344
1785153540,186.34300231933594,186.35000610351562,186.32699584960938,186.32699584960938
1785153600,186.33399963378906,186.35400390625,186.3300018310547,186.35000610351562
1785153660,186.34300231933594,186.36199951171875,186.33999633789062,186.3509979248047
1785153720,186.3509979248047,186.37600708007812,186.3509979248047,186.36399841308594
1785153780,186.3699951171875,186.38499450683594,186.36099243164062,186.38299560546875
1785153840,186.3820037841797,186.38800048828125,186.3719940185547,186.3800048828125
1785153900,186.37899780273438,186.38400268554688,186.36599731445312,186.3730010986328
1785153960,186.3730010986328,186.3780059814453,186.36300659179688,186.37399291992188
1785154020,186.36900329589844,186.3820037841797,186.36599731445312,186.37399291992188
1785154080,186.36599731445312,186.38099670410156,186.36000061035156,186.37399291992188
1785154140,186.37399291992188,186.3820037841797,186.35400390625,186.36199951171875
1785154200,186.35499572753906,186.36199951171875,186.34300231933594,186.35699462890625
1785154260,186.35499572753906,186.36399841308594,186.33399963378906,186.33900451660156
1785154320,186.33700561523438,186.343994140625,186.322998046875,186.33700561523438
1785154380,186.33799743652344,186.3470001220703,186.32200622558594,186.33099365234375
1785154440,186.33099365234375,186.343994140625,186.3209991455078,186.3249969482422
1785154500,186.32400512695312,186.34300231933594,186.3209991455078,186.32400512695312
1785154560,186.3300018310547,186.35800170898438,186.322998046875,186.35699462890625
1785154620,186.35400390625,186.35800170898438,186.32899475097656,186.33099365234375
1785154680,186.33999633789062,186.3419952392578,186.3300018310547,186.33299255371094
1785154740,186.33200073242188,186.3470001220703,186.33099365234375,186.33200073242188
1785154800,186.33200073242188,186.3459930419922,186.3249969482422,186.3350067138672
1785154860,186.33399963378906,186.33999633789062,186.3159942626953,186.3280029296875
1785154920,186.3280029296875,186.33099365234375,186.3209991455078,186.322998046875
1785154980,186.322998046875,186.34300231933594,186.3209991455078,186.3249969482422
1785155040,186.32400512695312,186.3300018310547,186.30499267578125,186.30499267578125
1785155100,186.30499267578125,186.3179931640625,186.29200744628906,186.29400634765625
1785155160,186.29400634765625,186.3040008544922,186.28399658203125,186.29200744628906
1785155220,186.29299926757812,186.3179931640625,186.29200744628906,186.3070068359375
1785155280,186.3070068359375,186.31700134277344,186.29299926757812,186.29400634765625
1785155340,186.29400634765625,186.3070068359375,186.29200744628906,186.30099487304688
1785155400,186.30099487304688,186.30499267578125,186.28700256347656,186.29600524902344
1785155460,186.29600524902344,186.30299377441406,186.28599548339844,186.302001953125
1785155520,186.29600524902344,186.3040008544922,186.28900146484375,186.29100036621094
1785155580,186.29100036621094,186.29800415039062,186.26499938964844,186.26499938964844
1785155640,186.26499938964844,186.30099487304688,186.26400756835938,186.29200744628906
1785155700,186.29200744628906,186.30799865722656,186.2760009765625,186.27699279785156
1785155760,186.2760009765625,186.28700256347656,186.2740020751953,186.28399658203125
1785155820,186.2790069580078,186.29800415039062,186.27699279785156,186.28399658203125
1785155880,186.2779998779297,186.28900146484375,186.2760009765625,186.28599548339844
1785155940,186.281005859375,186.28599548339844,186.23899841308594,186.2519989013672
1785156000,186.24899291992188,186.27000427246094,186.23699951171875,186.23699951171875
1785156060,186.2429962158203,186.2429962158203,186.2270050048828,186.23500061035156
1785156120,186.23500061035156,186.23800659179688,186.2169952392578,186.23699951171875
1785156180,186.23199462890625,186.28799438476562,186.2310028076172,186.28199768066406
1785156240,186.2830047607422,186.29100036621094,186.27200317382812,186.2790069580078
1785156300,186.2790069580078,186.29100036621094,186.2729949951172,186.27999877929688
1785156360,186.28199768066406,186.3040008544922,186.27200317382812,186.29800415039062
1785156420,186.302001953125,186.31199645996094,186.29200744628906,186.2989959716797
1785156480,186.3000030517578,186.30999755859375,186.27699279785156,186.28799438476562
1785156540,186.27699279785156,186.29400634765625,186.26800537109375,186.2899932861328
1785156600,186.28900146484375,186.29600524902344,186.27499389648438,186.28700256347656
1785156660,186.28199768066406,186.30499267578125,186.2760009765625,186.302001953125
1785156720,186.302001953125,186.32400512695312,186.2989959716797,186.3179931640625
1785156780,186.3179931640625,186.33299255371094,186.3159942626953,186.3159942626953
1785156840,186.31700134277344,186.33200073242188,186.30599975585938,186.3280029296875
1785156900,186.3280029296875,186.33999633789062,186.3209991455078,186.33099365234375
1785156960,186.33099365234375,186.343994140625,186.32899475097656,186.32899475097656
1785157020,186.32899475097656,186.35400390625,186.32699584960938,186.35299682617188
1785157080,186.35299682617188,186.35400390625,186.3419952392578,186.35000610351562
1785157140,186.34800720214844,186.35400390625,186.3260040283203,186.33099365234375
1785157200,186.3280029296875,186.33399963378906,186.28799438476562,186.30499267578125
1785157260,186.30499267578125,186.31700134277344,186.29200744628906,186.31300354003906
1785157320,186.31199645996094,186.31700134277344,186.30299377441406,186.3090057373047
1785157380,186.31199645996094,186.3159942626953,186.27000427246094,186.27499389648438
1785157440,186.27000427246094,186.28700256347656,186.26800537109375,186.27200317382812
1785157500,186.27200317382812,186.28399658203125,186.26499938964844,186.28399658203125
1785157560,186.28399658203125,186.302001953125,186.2729949951172,186.2740020751953
1785157620,186.2740020751953,186.3000030517578,186.2729949951172,186.29400634765625
1785157680,186.28900146484375,186.3179931640625,186.28700256347656,186.30999755859375
1785157740,186.30999755859375,186.35400390625,186.302001953125,186.34500122070312
1785157800,186.34300231933594,186.35400390625,186.3350067138672,186.34100341796875
1785157860,186.3419952392578,186.36300659179688,186.34100341796875,186.3509979248047
1785157920,186.3520050048828,186.36199951171875,186.33099365234375,186.33200073242188
1785157980,186.3350067138672,186.3419952392578,186.31100463867188,186.3249969482422
1785158040,186.3249969482422,186.33099365234375,186.30599975585938,186.31900024414062
1785158100,186.31700134277344,186.31700134277344,186.29100036621094,186.29200744628906
1785158160,186.29200744628906,186.29800415039062,186.2779998779297,186.29200744628906
1785158220,186.28399658203125,186.3070068359375,186.27200317382812,186.28799438476562
1785158280,186.2989959716797,186.31199645996094,186.28799438476562,186.30599975585938
1785158340,186.30099487304688,186.31199645996094,186.28199768066406,186.28399658203125
1785158400,186.2830047607422,186.30299377441406,186.27699279785156,186.2969970703125
1785158460,186.2969970703125,186.30099487304688,186.28399658203125,186.29100036621094
1785158520,186.28599548339844,186.2949981689453,186.27499389648438,186.28500366210938
1785158580,186.28500366210938,186.2989959716797,186.27699279785156,186.27999877929688
1785158640,186.2790069580078,186.2949981689453,186.26199340820312,186.27200317382812
1785158700,186.26300048828125,186.2790069580078,186.25399780273438,186.26699829101562
1785158760,186.2740020751953,186.2779998779297,186.25,186.26199340820312
1785158820,186.26600646972656,186.2689971923828,186.24899291992188,186.25599670410156
1785158880,186.2550048828125,186.26699829101562,186.24400329589844,186.25
1785158940,186.2550048828125,186.2830047607422,186.25,186.281005859375
1785159000,186.2830047607422,186.322998046875,186.28199768066406,186.3159942626953
1785159060,186.3159942626953,186.32699584960938,186.2949981689453,186.2949981689453
1785159120,186.29600524902344,186.31399536132812,186.2790069580078,186.3070068359375
1785159180,186.30999755859375,186.31399536132812,186.28799438476562,186.2969970703125
1785159240,186.29600524902344,186.30999755859375,186.2899932861328,186.2989959716797
1785159300,186.3000030517578,186.3070068359375,186.28700256347656,186.2969970703125
1785159360,186.29600524902344,186.30999755859375,186.29100036621094,186.3000030517578
1785159420,186.3070068359375,186.31199645996094,186.28900146484375,186.2949981689453
1785159480,186.29100036621094,186.31399536132812,186.28199768066406,186.30799865722656
1785159540,186.30799865722656,186.3159942626953,186.2989959716797,186.3040008544922
1785159600,186.3000030517578,186.31399536132812,186.29200744628906,186.3070068359375
1785159660,186.30999755859375,186.31500244140625,186.3040008544922,186.30599975585938
1785159720,186.30599975585938,186.31399536132812,186.28900146484375,186.29400634765625
1785159780,186.29200744628906,186.30299377441406,186.2729949951172,186.2740020751953
1785159840,186.2729949951172,186.3000030517578,186.27099609375,186.28799438476562
1785159900,186.28900146484375,186.29800415039062,186.2729949951172,186.27699279785156
1785159960,186.2760009765625,186.28399658203125,186.26499938964844,186.2689971923828
1785160020,186.2689971923828,186.29100036621094,186.26499938964844,186.28799438476562
1785160080,186.28399658203125,186.30499267578125,186.28199768066406,186.2949981689453
1785160140,186.302001953125,186.302001953125,186.2779998779297,186.28500366210938
1785160200,186.2790069580078,186.29400634765625,186.2779998779297,186.28500366210938
1785160260,186.29200744628906,186.302001953125,186.28399658203125,186.29400634765625
1785160320,186.29600524902344,186.30499267578125,186.2790069580078,186.2830047607422
1785160380,186.2830047607422,186.2899932861328,186.26499938964844,186.26800537109375
1785160440,186.26699829101562,186.27999877929688,186.24600219726562,186.24600219726562
1785160500,186.24600219726562,186.2570037841797,186.2310028076172,186.25599670410156
1785160560,186.25100708007812,186.2570037841797,186.23500061035156,186.24200439453125
1785160620,186.24200439453125,186.25,186.2239990234375,186.22799682617188
1785160680,186.2259979248047,186.23500061035156,186.22000122070312,186.2209930419922
1785160740,186.2239990234375,186.25,186.218994140625,186.2449951171875
1785160800,186.2449951171875,186.2519989013672,186.2100067138672,186.21499633789062
1785160860,186.21499633789062,186.23399353027344,186.20899963378906,186.22000122070312
1785160920,186.22000122070312,186.2530059814453,186.21499633789062,186.24200439453125
1785160980,186.24200439453125,186.25399780273438,186.23399353027344,186.24099731445312
1785161040,186.24099731445312,186.25999450683594,186.23599243164062,186.24600219726562
1785161100,186.2519989013672,186.25799560546875,186.23500061035156,186.24400329589844
1785161160,186.2429962158203,186.2519989013672,186.2310028076172,186.24200439453125
1785161220,186.24200439453125,186.26199340820312,186.23500061035156,186.23500061035156
1785161280,186.23500061035156,186.2570037841797,186.23399353027344,186.24000549316406
1785161340,186.24000549316406,186.2519989013672,186.22500610351562,186.23300170898438
1785161400,186.22500610351562,186.2530059814453,186.22500610351562,186.24600219726562
1785161460,186.24099731445312,186.24600219726562,186.2209930419922,186.22500610351562
1785161520,186.22500610351562,186.23199462890625,186.21200561523438,186.22000122070312
1785161580,186.2220001220703,186.24600219726562,186.2169952392578,186.23699951171875
1785161640,186.24099731445312,186.25599670410156,186.23599243164062,186.2480010986328
1785161700,186.2519989013672,186.25999450683594,186.23699951171875,186.23699951171875
1785161760,186.23800659179688,186.23800659179688,186.20799255371094,186.22799682617188
1785161820,186.23300170898438,186.25399780273438,186.2270050048828,186.2469940185547
1785161880,186.2519989013672,186.25399780273438,186.22999572753906,186.22999572753906
1785161940,186.24200439453125,186.2469940185547,186.22799682617188,186.22900390625
1785162000,186.22999572753906,186.2449951171875,186.22500610351562,186.22900390625
1785162060,186.22999572753906,186.23599243164062,186.22300720214844,186.22999572753906
1785162120,186.22999572753906,186.23800659179688,186.2209930419922,186.22900390625
1785162180,186.22799682617188,186.23399353027344,186.20899963378906,186.21600341796875
1785162240,186.2169952392578,186.23699951171875,186.21299743652344,186.23599243164062
1785162300,186.23399353027344,186.23899841308594,186.20899963378906,186.2220001220703
1785162360,186.2220001220703,186.22799682617188,186.21499633789062,186.2259979248047
1785162420,186.2259979248047,186.23399353027344,186.2209930419922,186.22300720214844
1785162480,186.2239990234375,186.22799682617188,186.20899963378906,186.2100067138672
1785162540,186.20899963378906,186.21600341796875,186.19400024414062,186.19400024414062
1785162600,186.19400024414062,186.21800231933594,186.19400024414062,186.2050018310547
1785162660,186.2030029296875,186.2100067138672,186.19400024414062,186.20799255371094
1785162720,186.20399475097656,186.2100067138672,186.18800354003906,186.18800354003906
1785162780,186.18800354003906,186.19700622558594,186.17599487304688,186.18600463867188
1785162840,186.18600463867188,186.19200134277344,186.1750030517578,186.1840057373047
1785162900,186.1840057373047,186.2050018310547,186.18299865722656,186.1959991455078
1785162960,186.1959991455078,186.2220001220703,186.19400024414062,186.21499633789062
1785163020,186.21600341796875,186.23399353027344,186.2050018310547,186.23300170898438
1785163080,186.23199462890625,186.23599243164062,186.20199584960938,186.20899963378906
1785163140,186.20399475097656,186.21400451660156,186.1820068359375,186.19700622558594
1785163200,186.19700622558594,186.23399353027344,186.1909942626953,186.2270050048828
1785163260,186.23300170898438,186.23399353027344,186.20799255371094,186.2100067138672
1785163320,186.21600341796875,186.2220001220703,186.20799255371094,186.20899963378906
1785163380,186.20899963378906,186.21400451660156,186.1790008544922,186.19700622558594
1785163440,186.18899536132812,186.2050018310547,186.18499755859375,186.2010040283203
1785163500,186.2010040283203,186.21200561523438,186.1959991455078,186.19900512695312
1785163560,186.19900512695312,186.2310028076172,186.197998046875,186.21800231933594
1785163620,186.218994140625,186.23599243164062,186.20599365234375,186.2209930419922
1785163680,186.218994140625,186.22999572753906,186.20399475097656,186.2220001220703
1785163740,186.2220001220703,186.23800659179688,186.21299743652344,186.22799682617188
1785163800,186.22500610351562,186.2469940185547,186.20799255371094,186.21600341796875
1785163860,186.21299743652344,186.2239990234375,186.2050018310547,186.21200561523438
1785163920,186.20799255371094,186.21499633789062,186.177001953125,186.19200134277344
1785163980,186.19200134277344,186.1959991455078,186.17300415039062,186.17599487304688
1785164040,186.17300415039062,186.18899536132812,186.16700744628906,186.1750030517578
1785164100,186.17999267578125,186.18899536132812,186.16700744628906,186.18499755859375
1785164160,186.1820068359375,186.18899536132812,186.1719970703125,186.1840057373047
1785164220,186.18299865722656,186.19500732421875,186.15499877929688,186.18299865722656
1785164280,186.18600463867188,186.1929931640625,186.16799926757812,186.1739959716797
1785164340,186.1820068359375,186.1840057373047,186.15899658203125,186.16799926757812
1785164400,186.16600036621094,186.18099975585938,186.15899658203125,186.16200256347656
1785164460,186.16200256347656,186.16700744628906,186.14100646972656,186.14999389648438
1785164520,186.14999389648438,186.16400146484375,186.14199829101562,186.156005859375
1785164580,186.15499877929688,186.16200256347656,186.14599609375,186.156005859375
1785164640,186.15499877929688,186.17999267578125,186.1529998779297,186.17100524902344
1785164700,186.16700744628906,186.17999267578125,186.14500427246094,186.15199279785156
1785164760,186.156005859375,186.16900634765625,186.14599609375,186.16299438476562
1785164820,186.15499877929688,186.1840057373047,186.1540069580078,186.17100524902344
1785164880,186.17100524902344,186.17999267578125,186.16099548339844,186.16700744628906
1785164940,186.16900634765625,186.17599487304688,186.13999938964844,186.14100646972656
1785165000,186.13999938964844,186.1580047607422,186.13699340820312,186.13900756835938
1785165060,186.13699340820312,186.1479949951172,186.13099670410156,186.13400268554688
1785165120,186.13299560546875,186.14100646972656,186.11900329589844,186.1230010986328
1785165180,186.1230010986328,186.14700317382812,186.1230010986328,186.13600158691406
1785165240,186.13600158691406,186.156005859375,186.13600158691406,186.1529998779297
1785165300,186.1529998779297,186.156005859375,186.14199829101562,186.1540069580078
1785165360,186.14999389648438,186.1540069580078,186.13800048828125,186.1490020751953
1785165420,186.14599609375,186.15699768066406,186.13999938964844,186.14599609375
1785165480,186.14100646972656,186.16799926757812,186.14100646972656,186.15899658203125
1785165540,186.15899658203125,186.1719970703125,186.1540069580078,186.16799926757812
1785165600,186.16900634765625,186.17799377441406,186.16000366210938,186.16000366210938
1785165660,186.16200256347656,186.18699645996094,186.15899658203125,186.16900634765625
1785165720,186.16900634765625,186.1840057373047,186.16700744628906,186.18299865722656
1785165780,186.1719970703125,186.1840057373047,186.1540069580078,186.1580047607422
1785165840,186.15699768066406,186.1719970703125,186.15699768066406,186.16900634765625
1785165900,186.16600036621094,186.17799377441406,186.1490020751953,186.15699768066406
1785165960,186.15699768066406,186.1750030517578,186.1540069580078,186.1719970703125
1785166020,186.17300415039062,186.18800354003906,186.1719970703125,186.18499755859375
1785166080,186.1840057373047,186.18699645996094,186.16600036621094,186.16900634765625
1785166140,186.16799926757812,186.19400024414062,186.16799926757812,186.1840057373047
1785166200,186.1840057373047,186.1959991455078,186.17300415039062,186.18800354003906
1785166260,186.18499755859375,186.2050018310547,186.1790008544922,186.1909942626953
1785166320,186.1909942626953,186.197998046875,186.16600036621094,186.1840057373047
1785166380,186.18499755859375,186.197998046875,186.1739959716797,186.18699645996094
1785166440,186.1959991455078,186.20399475097656,186.17599487304688,186.1820068359375
1785166500,186.17999267578125,186.19700622558594,186.16700744628906,186.19400024414062
1785166560,186.18899536132812,186.20399475097656,186.18600463867188,186.19000244140625
1785166620,186.19500732421875,186.197998046875,186.1840057373047,186.18699645996094
1785166680,186.18699645996094,186.197998046875,186.1820068359375,186.18699645996094
1785166740,186.1909942626953,186.20599365234375,186.18600463867188,186.19000244140625
1785166800,186.19500732421875,186.19500732421875,186.17100524902344,186.177001953125
1785166860,186.177001953125,186.1909942626953,186.1719970703125,186.18699645996094
1785166920,186.18699645996094,186.19700622558594,186.1750030517578,186.18499755859375
1785166980,186.1959991455078,186.19900512695312,186.1820068359375,186.19000244140625
1785167040,186.18499755859375,186.1999969482422,186.17599487304688,186.17799377441406
1785167100,186.17599487304688,186.18899536132812,186.1719970703125,186.17999267578125
1785167160,186.1820068359375,186.18699645996094,186.1750030517578,186.17799377441406
1785167220,186.1820068359375,186.18299865722656,186.16200256347656,186.1699981689453
1785167280,186.16200256347656,186.1739959716797,186.16200256347656,186.16799926757812
1785167340,186.16799926757812,186.1750030517578,186.15899658203125,186.1719970703125
1785167400,186.1699981689453,186.19400024414062,186.16799926757812,186.18600463867188
1785167460,186.18699645996094,186.20199584960938,186.18499755859375,186.19700622558594
1785167520,186.19700622558594,186.21499633789062,186.1959991455078,186.197998046875
1785167580,186.20199584960938,186.2270050048828,186.1959991455078,186.22000122070312
1785167640,186.22000122070312,186.2209930419922,186.20199584960938,186.2030029296875
1785167700,186.20399475097656,186.21499633789062,186.20199584960938,186.21400451660156
1785167760,186.2100067138672,186.24400329589844,186.2100067138672,186.2310028076172
1785167820,186.23399353027344,186.23500061035156,186.218994140625,186.22300720214844
1785167880,186.2220001220703,186.2310028076172,186.20899963378906,186.2239990234375
1785167940,186.2239990234375,186.22799682617188,186.20899963378906,186.218994140625
1785168000,186.22000122070312,186.22500610351562,186.1999969482422,186.20399475097656
1785168060,186.20799255371094,186.21499633789062,186.19700622558594,186.2050018310547
1785168120,186.2050018310547,186.21600341796875,186.1929931640625,186.1999969482422
1785168180,186.19900512695312,186.22000122070312,186.19400024414062,186.21600341796875
1785168240,186.21499633789062,186.24400329589844,186.21499633789062,186.2310028076172
1785168300,186.22799682617188,186.24400329589844,186.2209930419922,186.22999572753906
1785168360,186.23399353027344,186.23500061035156,186.21099853515625,186.21499633789062
1785168420,186.21600341796875,186.22999572753906,186.20799255371094,186.21800231933594
1785168480,186.218994140625,186.22999572753906,186.21499633789062,186.2169952392578
1785168540,186.22000122070312,186.23399353027344,186.2169952392578,186.23199462890625
1785168600,186.2310028076172,186.23199462890625,186.2169952392578,186.22799682617188
1785168660,186.2259979248047,186.22999572753906,186.22300720214844,186.2239990234375
1785168720,186.22300720214844,186.23800659179688,186.21600341796875,186.23199462890625
1785168780,186.23599243164062,186.23599243164062,186.21600341796875,186.2209930419922
1785168840,186.2220001220703,186.22799682617188,186.21499633789062,186.2209930419922
1785168900,186.2209930419922,186.2270050048828,186.21400451660156,186.218994140625
1785168960,186.218994140625,186.22500610351562,186.21099853515625,186.21600341796875
1785169020,186.21800231933594,186.24200439453125,186.21299743652344,186.23399353027344
1785169080,186.23399353027344,186.2480010986328,186.23199462890625,186.23500061035156
1785169140,186.23500061035156,186.2570037841797,186.23399353027344,186.24899291992188
1785169200,186.24899291992188,186.26499938964844,186.24400329589844,186.25900268554688
1785169260,186.26100158691406,186.27699279785156,186.2530059814453,186.26100158691406
1785169320,186.25999450683594,186.26499938964844,186.24899291992188,186.2530059814453
1785169380,186.2519989013672,186.26100158691406,186.25,186.25900268554688
1785169440,186.25599670410156,186.2689971923828,186.2550048828125,186.26400756835938
1785169500,186.26400756835938,186.2790069580078,186.2310028076172,186.24200439453125
1785169560,186.24099731445312,186.2449951171875,186.22500610351562,186.24000549316406
1785169620,186.24000549316406,186.25599670410156,186.24000549316406,186.24899291992188
1785169680,186.2480010986328,186.2530059814453,186.2310028076172,186.24200439453125
1785169740,186.24099731445312,186.24400329589844,186.22799682617188,186.23699951171875
1785169800,186.24099731445312,186.24400329589844,186.22900390625,186.23699951171875
1785169860,186.23699951171875,186.2530059814453,186.23300170898438,186.24400329589844
1785169920,186.2429962158203,186.24899291992188,186.23199462890625,186.24000549316406
1785169980,186.24000549316406,186.2469940185547,186.2310028076172,186.2429962158203
1785170040,186.2449951171875,186.25399780273438,186.23599243164062,186.24400329589844
1785170100,186.2469940185547,186.25399780273438,186.23800659179688,186.24200439453125
1785170160,186.24200439453125,186.25,186.2310028076172,186.24400329589844
1785170220,186.23899841308594,186.2480010986328,186.23399353027344,186.24200439453125
1785170280,186.24200439453125,186.25399780273438,186.23699951171875,186.2480010986328
1785170340,186.2469940185547,186.25,186.2310028076172,186.23800659179688
1785170400,186.24000549316406,186.25100708007812,186.23300170898438,186.24600219726562
1785170460,186.24099731445312,186.25,186.23199462890625,186.24400329589844
1785170520,186.2429962158203,186.24400329589844,186.22999572753906,186.23599243164062
1785170580,186.23399353027344,186.24000549316406,186.22799682617188,186.23699951171875
1785170640,186.23300170898438,186.24899291992188,186.22900390625,186.24000549316406
1785170700,186.2469940185547,186.2530059814453,186.23899841308594,186.24400329589844
1785170760,186.24400329589844,186.2519989013672,186.23300170898438,186.24000549316406
1785170820,186.2480010986328,186.25399780273438,186.23899841308594,186.24000549316406
1785170880,186.24400329589844,186.25399780273438,186.23699951171875,186.2519989013672
1785170940,186.25,186.2550048828125,186.23500061035156,186.2429962158203
1785171000,186.24400329589844,186.24400329589844,186.22900390625,186.23199462890625
1785171060,186.23199462890625,186.24099731445312,186.22300720214844,186.22500610351562
1785171120,186.2239990234375,186.23399353027344,186.2239990234375,186.23300170898438
1785171180,186.23199462890625,186.23599243164062,186.2220001220703,186.2310028076172
1785171240,186.2270050048828,186.23399353027344,186.2220001220703,186.22799682617188
1785171300,186.22500610351562,186.22999572753906,186.21200561523438,186.2239990234375
1785171360,186.2220001220703,186.23399353027344,186.2209930419922,186.23300170898438
1785171420,186.23399353027344,186.23399353027344,186.21600341796875,186.21600341796875
1785171480,186.21600341796875,186.22999572753906,186.21499633789062,186.22999572753906
1785171540,186.2270050048828,186.22999572753906,186.2169952392578,186.22799682617188
1785171600,186.22799682617188,186.23300170898438,186.218994140625,186.23300170898438
1785171660,186.22500610351562,186.23399353027344,186.21800231933594,186.21800231933594
1785171720,186.2220001220703,186.2270050048828,186.20199584960938,186.20899963378906
1785171780,186.2100067138672,186.21299743652344,186.1929931640625,186.1929931640625
1785171840,186.1929931640625,186.197998046875,186.16000366210938,186.1719970703125
1785171900,186.16700744628906,186.18800354003906,186.15699768066406,186.17599487304688
1785171960,186.17599487304688,186.1929931640625,186.1699981689453,186.1699981689453
1785172020,186.1739959716797,186.2010040283203,186.1699981689453,186.19200134277344
1785172080,186.19400024414062,186.20199584960938,186.18499755859375,186.18699645996094
1785172140,186.18600463867188,186.19000244140625,186.17300415039062,186.18299865722656
1785172200,186.1820068359375,186.18899536132812,186.1750030517578,186.1820068359375
1785172260,186.1790008544922,186.19200134277344,186.17300415039062,186.19200134277344
1785172320,186.1909942626953,186.20199584960938,186.1820068359375,186.18899536132812
1785172380,186.19200134277344,186.1999969482422,186.18099975585938,186.18699645996094
1785172440,186.18600463867188,186.18899536132812,186.1739959716797,186.1739959716797
1785172500,186.1750030517578,186.18099975585938,186.1649932861328,186.16700744628906
1785172560,186.1649932861328,186.17799377441406,186.1649932861328,186.177001953125
1785172620,186.1739959716797,186.17999267578125,186.1699981689453,186.17300415039062
1785172680,186.17599487304688,186.17999267578125,186.16600036621094,186.17100524902344
1785172740,186.16799926757812,186.17300415039062,186.15499877929688,186.16200256347656
1785172800,186.16099548339844,186.1719970703125,186.15699768066406,186.1719970703125
1785172860,186.16700744628906,186.1750030517578,186.16400146484375,186.16700744628906
1785172920,186.17300415039062,186.1750030517578,186.1580047607422,186.16700744628906
1785172980,186.16200256347656,186.1719970703125,186.15699768066406,186.15899658203125
1785173040,186.15899658203125,186.16400146484375,186.13900756835938,186.13999938964844
1785173100,186.13900756835938,186.14700317382812,186.12899780273438,186.13600158691406
1785173160,186.13800048828125,186.14599609375,186.1269989013672,186.1300048828125
1785173220,186.1269989013672,186.13999938964844,186.125,186.1269989013672
1785173280,186.1269989013672,186.13999938964844,186.125,186.13600158691406
1785173340,186.1280059814453,186.14500427246094,186.1280059814453,186.13499450683594
1785173400,186.13800048828125,186.13900756835938,186.1230010986328,186.12600708007812
1785173460,186.1320037841797,186.13299560546875,186.11900329589844,186.1320037841797
1785173520,186.1300048828125,186.1540069580078,186.125,186.1510009765625
1785173580,186.1529998779297,186.16400146484375,186.14999389648438,186.16400146484375
1785173640,186.16299438476562,186.16700744628906,186.14599609375,186.14999389648438
1785173700,186.15199279785156,186.1540069580078,186.13299560546875,186.13900756835938
1785173760,186.13299560546875,186.14199829101562,186.13099670410156,186.13800048828125
1785173820,186.13099670410156,186.1439971923828,186.13099670410156,186.13999938964844
1785173880,186.13900756835938,186.1439971923828,186.13299560546875,186.13299560546875
1785173940,186.13400268554688,186.13900756835938,186.125,186.125
1785174000,186.1300048828125,186.13099670410156,186.1179962158203,186.1269989013672
1785174060,186.1230010986328,186.14700317382812,186.1230010986328,186.13400268554688
1785174120,186.12899780273438,186.14700317382812,186.1280059814453,186.13600158691406
1785174180,186.13600158691406,186.13999938964844,186.125,186.1320037841797
1785174240,186.1300048828125,186.14199829101562,186.125,186.13999938964844
1785174300,186.13299560546875,186.14199829101562,186.13099670410156,186.13800048828125
1785174360,186.13999938964844,186.1540069580078,186.13600158691406,186.1439971923828
1785174420,186.1439971923828,186.14999389648438,186.13600158691406,186.14199829101562
1785174480,186.13800048828125,186.14999389648438,186.1320037841797,186.14199829101562
1785174540,186.14199829101562,186.15899658203125,186.13900756835938,186.14999389648438
1785174600,186.1490020751953,186.16799926757812,186.14599609375,186.16600036621094
1785174660,186.1649932861328,186.17100524902344,186.16299438476562,186.16600036621094
1785174720,186.16400146484375,186.1739959716797,186.15699768066406,186.16799926757812
1785174780,186.16799926757812,186.177001953125,186.16200256347656,186.1699981689453
1785174840,186.17300415039062,186.18800354003906,186.16900634765625,186.18699645996094
1785174900,186.18699645996094,186.19200134277344,186.18099975585938,186.1820068359375
1785174960,186.18600463867188,186.18899536132812,186.1739959716797,186.1840057373047
1785175020,186.1840057373047,186.18800354003906,186.17100524902344,186.17300415039062
1785175080,186.1750030517578,186.18899536132812,186.1719970703125,186.18800354003906
1785175140,186.1840057373047,186.19700622558594,186.18299865722656,186.19200134277344
1785175200,186.19000244140625,186.19400024414062,186.16799926757812,186.17599487304688
1785175260,186.177001953125,186.18800354003906,186.1739959716797,186.18099975585938
1785175320,186.18499755859375,186.18699645996094,186.16099548339844,186.1719970703125
1785175380,186.16799926757812,186.1840057373047,186.16600036621094,186.18099975585938
1785175440,186.18099975585938,186.18699645996094,186.1790008544922,186.1820068359375
1785175500,186.18099975585938,186.1929931640625,186.1790008544922,186.18800354003906
1785175560,186.18699645996094,186.19200134277344,186.1820068359375,186.18299865722656
1785175620,186.18299865722656,186.18699645996094,186.1719970703125,186.17999267578125
1785175680,186.18099975585938,186.18299865722656,186.17100524902344,186.17799377441406
1785175740,186.177001953125,186.18499755859375,186.17100524902344,186.1840057373047
1785175800,186.1840057373047,186.18499755859375,186.1739959716797,186.1739959716797
1785175860,186.1739959716797,186.1790008544922,186.16799926757812,186.16900634765625
1785175920,186.16900634765625,186.17999267578125,186.16799926757812,186.1790008544922
1785175980,186.17799377441406,186.18499755859375,186.16799926757812,186.1750030517578
1785176040,186.1750030517578,186.1840057373047,186.1699981689453,186.1750030517578
1785176100,186.1739959716797,186.1790008544922,186.16299438476562,186.16600036621094
1785176160,186.16600036621094,186.1750030517578,186.156005859375,186.1580047607422
1785176220,186.15699768066406,186.16299438476562,186.1490020751953,186.16000366210938
1785176280,186.16000366210938,186.17599487304688,186.15899658203125,186.17100524902344
1785176340,186.17100524902344,186.18299865722656,186.156005859375,186.16600036621094
1785176400,186.16600036621094,186.16700744628906,186.1580047607422,186.16700744628906
1785176460,186.16700744628906,186.1820068359375,186.16600036621094,186.17100524902344
1785176520,186.1719970703125,186.1739959716797,186.16099548339844,186.16299438476562
1785176580,186.16400146484375,186.1699981689453,186.1540069580078,186.15499877929688
1785176640,186.15499877929688,186.1649932861328,186.1540069580078,186.16099548339844
1785176700,186.16000366210938,186.1719970703125,186.15499877929688,186.15699768066406
1785176760,186.15699768066406,186.16299438476562,186.15699768066406,186.1580047607422
1785176820,186.16000366210938,186.16600036621094,186.15499877929688,186.15499877929688
1785176880,186.16400146484375,186.1649932861328,186.1490020751953,186.156005859375
1785176940,186.156005859375,186.1699981689453,186.1540069580078,186.16700744628906
1785177000,186.1649932861328,186.17300415039062,186.14999389648438,186.16000366210938
1785177060,186.15899658203125,186.15899658203125,186.14599609375,186.1490020751953
1785177120,186.1490020751953,186.16600036621094,186.1479949951172,186.16299438476562
1785177180,186.16299438476562,186.16799926757812,186.1540069580078,186.15499877929688
1785177240,186.156005859375,186.15899658203125,186.1439971923828,186.14700317382812
1785177300,186.1479949951172,186.14999389648438,186.14100646972656,186.14300537109375
1785177360,186.14500427246094,186.15199279785156,186.1439971923828,186.14599609375
1785177420,186.14599609375,186.16299438476562,186.14500427246094,186.1540069580078
1785177480,186.1540069580078,186.16000366210938,186.13900756835938,186.1479949951172
1785177540,186.1479949951172,186.14999389648438,186.13400268554688,186.13699340820312
1785177600,186.13699340820312,186.14700317382812,186.1300048828125,186.14599609375
1785177660,186.14599609375,186.16600036621094,186.14300537109375,186.16299438476562
1785177720,186.16400146484375,186.16600036621094,186.1490020751953,186.1510009765625
1785177780,186.15199279785156,186.16600036621094,186.14700317382812,186.1649932861328
1785177840,186.1649932861328,186.16700744628906,186.1540069580078,186.156005859375
1785177900,186.15699768066406,186.1649932861328,186.1490020751953,186.15899658203125
1785177960,186.16099548339844,186.16400146484375,186.15499877929688,186.16299438476562
1785178020,186.16200256347656,186.16299438476562,186.1490020751953,186.15199279785156
1785178080,186.1540069580078,186.16600036621094,186.1510009765625,186.1649932861328
1785178140,186.16299438476562,186.16400146484375,186.14300537109375,186.14300537109375
1785178200,186.14300537109375,186.16200256347656,186.14199829101562,186.16000366210938
1785178260,186.16000366210938,186.16900634765625,186.15199279785156,186.156005859375
1785178320,186.156005859375,186.16900634765625,186.1510009765625,186.16600036621094
1785178380,186.16600036621094,186.177001953125,186.16200256347656,186.16600036621094
1785178440,186.16600036621094,186.17300415039062,186.1649932861328,186.16900634765625
1785178500,186.16700744628906,186.177001953125,186.1580047607422,186.177001953125
1785178560,186.177001953125,186.1790008544922,186.16799926757812,186.1719970703125
1785178620,186.1699981689453,186.17999267578125,186.16299438476562,186.16400146484375
1785178680,186.16400146484375,186.177001953125,186.16000366210938,186.1719970703125
1785178740,186.1719970703125,186.19400024414062,186.16900634765625,186.18600463867188
1785178800,186.18800354003906,186.19400024414062,186.177001953125,186.1840057373047
1785178860,186.1840057373047,186.1840057373047,186.16799926757812,186.1739959716797
1785178920,186.1739959716797,186.17599487304688,186.16799926757812,186.17300415039062
1785178980,186.1739959716797,186.1820068359375,186.17100524902344,186.1719970703125
1785179040,186.1719970703125,186.177001953125,186.16600036621094,186.16700744628906
1785179100,186.16700744628906,186.1739959716797,186.16200256347656,186.1649932861328
1785179160,186.1649932861328,186.16900634765625,186.16400146484375,186.16600036621094
1785179220,186.1649932861328,186.1840057373047,186.1649932861328,186.16799926757812
1785179280,186.16799926757812,186.17300415039062,186.16299438476562,186.1649932861328
1785179340,186.1649932861328,186.1719970703125,186.16400146484375,186.16400146484375
1785179400,186.1649932861328,186.17300415039062,186.16400146484375,186.16700744628906
1785179460,186.16700744628906,186.1699981689453,186.14500427246094,186.1490020751953
1785179520,186.14999389648438,186.15499877929688,186.14300537109375,186.1439971923828
1785179580,186.1439971923828,186.15199279785156,186.14100646972656,186.14199829101562
1785179640,186.14199829101562,186.1490020751953,186.14199829101562,186.14500427246094
1785179700,186.14700317382812,186.15899658203125,186.14199829101562,186.14999389648438
1785179760,186.14999389648438,186.1529998779297,186.14500427246094,186.14599609375
1785179820,186.14500427246094,186.1529998779297,186.13699340820312,186.14100646972656
1785179880,186.13999938964844,186.14500427246094,186.13800048828125,186.14199829101562
1785179940,186.14199829101562,186.1490020751953,186.14100646972656,186.14300537109375
1785180000,186.14300537109375,186.156005859375,186.14300537109375,186.1479949951172
1785180060,186.1490020751953,186.15699768066406,186.1439971923828,186.14999389648438
1785180120,186.14999389648438,186.1580047607422,186.1490020751953,186.1529998779297
1785180180,186.1529998779297,186.15699768066406,186.15199279785156,186.1540069580078
1785180240,186.1540069580078,186.16400146484375,186.15199279785156,186.15699768066406
1785180300,186.156005859375,186.1649932861328,186.156005859375,186.16200256347656
1785180360,186.16099548339844,186.16400146484375,186.1529998779297,186.15899658203125
1785180420,186.15899658203125,186.16799926757812,186.15499877929688,186.16099548339844
1785180480,186.16099548339844,186.16900634765625,186.156005859375,186.1649932861328
1785180540,186.16400146484375,186.16799926757812,186.16200256347656,186.16400146484375
1785180600,186.1649932861328,186.16600036621094,186.1490020751953,186.156005859375
1785180660,186.156005859375,186.1649932861328,186.1540069580078,186.1540069580078
1785180720,186.15499877929688,186.16400146484375,186.14599609375,186.1479949951172
1785180780,186.1479949951172,186.16400146484375,186.14500427246094,186.1510009765625
1785180840,186.1510009765625,186.16299438476562,186.14700317382812,186.1540069580078
1785180900,186.1529998779297,186.1649932861328,186.1529998779297,186.156005859375
1785180960,186.156005859375,186.16600036621094,186.15499877929688,186.1580047607422
1785181020,186.1580047607422,186.16799926757812,186.156005859375,186.16299438476562
1785181080,186.16400146484375,186.1649932861328,186.1540069580078,186.1580047607422
1785181140,186.16000366210938,186.17599487304688,186.1540069580078,186.1739959716797
1785181200,186.1739959716797,186.1750030517578,186.16200256347656,186.16900634765625
1785181260,186.16600036621094,186.17300415039062,186.15499877929688,186.156005859375
1785181320,186.156005859375,186.16900634765625,186.15499877929688,186.16700744628906
1785181380,186.1649932861328,186.177001953125,186.16000366210938,186.16200256347656
1785181440,186.16299438476562,186.16799926757812,186.1580047607422,186.16400146484375
1785181500,186.16400146484375,186.17799377441406,186.16200256347656,186.1699981689453
1785181560,186.1699981689453,186.1750030517578,186.1580047607422,186.16099548339844
1785181620,186.16099548339844,186.17100524902344,186.15499877929688,186.156005859375
1785181680,186.156005859375,186.1649932861328,186.1529998779297,186.15499877929688
1785181740,186.15499877929688,186.16099548339844,186.14700317382812,186.14700317382812
1785181800,186.14700317382812,186.16000366210938,186.14700317382812,186.156005859375
1785181860,186.15499877929688,186.16099548339844,186.1540069580078,186.15499877929688
1785181920,186.15499877929688,186.15699768066406,186.15199279785156,186.1529998779297
1785181980,186.1529998779297,186.15699768066406,186.13800048828125,186.14199829101562
1785182040,186.14100646972656,186.16600036621094,186.14100646972656,186.16400146484375
1785182100,186.16400146484375,186.17100524902344,186.15199279785156,186.15899658203125
1785182160,186.15899658203125,186.16299438476562,186.15499877929688,186.156005859375
1785182220,186.15499877929688,186.16200256347656,186.15499877929688,186.15899658203125
1785182280,186.16000366210938,186.16600036621094,186.15499877929688,186.16000366210938
1785182340,186.15899658203125,186.1649932861328,186.15699768066406,186.16299438476562
1785182400,186.16400146484375,186.17799377441406,186.16099548339844,186.1750030517578
1785182460,186.1739959716797,186.18099975585938,186.17300415039062,186.1750030517578
1785182520,186.17599487304688,186.18299865722656,186.16799926757812,186.17799377441406
1785182580,186.17799377441406,186.18299865722656,186.1649932861328,186.1649932861328
1785182640,186.1649932861328,186.17100524902344,186.1649932861328,186.16700744628906
1785182700,186.16700744628906,186.17999267578125,186.16299438476562,186.17999267578125
1785182760,186.1790008544922,186.17999267578125,186.1739959716797,186.17799377441406
1785182820,186.17799377441406,186.1929931640625,186.177001953125,186.18099975585938
1785182880,186.1820068359375,186.18699645996094,186.17999267578125,186.18499755859375
1785182940,186.1840057373047,186.1909942626953,186.18299865722656,186.18699645996094
1785183000,186.18699645996094,186.197998046875,186.18499755859375,186.19200134277344
1785183060,186.1909942626953,186.1999969482422,186.1909942626953,186.1959991455078
1785183120,186.19700622558594,186.2050018310547,186.19500732421875,186.20199584960938
1785183180,186.20199584960938,186.20799255371094,186.1999969482422,186.20199584960938
1785183240,186.20199584960938,186.20599365234375,186.1999969482422,186.2010040283203
1785183300,186.2030029296875,186.20799255371094,186.2010040283203,186.2010040283203
1785183360,186.2010040283203,186.20399475097656,186.18699645996094,186.18800354003906
1785183420,186.18800354003906,186.19400024414062,186.18699645996094,186.18800354003906
1785183480,186.18800354003906,186.19200134277344,186.18600463867188,186.18600463867188
1785183540,186.18600463867188,186.18600463867188,186.17300415039062,186.17300415039062
1785183600,186.17300415039062,186.17799377441406,186.1719970703125,186.1739959716797
1785183660,186.1739959716797,186.1840057373047,186.1739959716797,186.1739959716797
1785183720,186.1750030517578,186.17999267578125,186.1739959716797,186.1739959716797
1785183780,186.1739959716797,186.1820068359375,186.17300415039062,186.1739959716797
1785183840,186.17300415039062,186.1750030517578,186.16799926757812,186.16900634765625
1785183900,186.16600036621094,186.17799377441406,186.16600036621094,186.17599487304688
1785183960,186.1699981689453,186.17300415039062,186.16299438476562,186.16900634765625
1785184020,186.16799926757812,186.17999267578125,186.16799926757812,186.1750030517578
1785184080,186.1750030517578,186.17999267578125,186.1719970703125,186.1739959716797
1785184140,186.1739959716797,186.18499755859375,186.17100524902344,186.17799377441406
1785184200,186.17799377441406,186.17799377441406,186.17100524902344,186.1750030517578
1785184260,186.1750030517578,186.18299865722656,186.1739959716797,186.1750030517578
1785184320,186.1750030517578,186.1790008544922,186.17300415039062,186.1739959716797
1785184380,186.1739959716797,186.17999267578125,186.1699981689453,186.1699981689453
1785184440,186.17100524902344,186.17100524902344,186.14999389648438,186.156005859375
1785184500,186.156005859375,186.16400146484375,186.15199279785156,186.15499877929688
1785184560,186.15499877929688,186.16400146484375,186.1529998779297,186.15499877929688
1785184620,186.1540069580078,186.16400146484375,186.1529998779297,186.1540069580078
1785184680,186.1540069580078,186.1649932861328,186.14999389648438,186.15499877929688
1785184740,186.156005859375,186.16200256347656,186.1540069580078,186.15499877929688
1785184800,186.15499877929688,186.16200256347656,186.1529998779297,186.1540069580078
1785184860,186.1529998779297,186.16099548339844,186.1510009765625,186.16099548339844
1785184920,186.15499877929688,186.15899658203125,186.15199279785156,186.15199279785156
1785184980,186.15199279785156,186.1580047607422,186.14700317382812,186.14700317382812
1785185040,186.14700317382812,186.1540069580078,186.14700317382812,186.1510009765625
1785185100,186.1510009765625,186.156005859375,186.14199829101562,186.14500427246094
1785185160,186.14500427246094,186.1529998779297,186.14199829101562,186.14999389648438
1785185220,186.1479949951172,186.1580047607422,186.14300537109375,186.1540069580078
1785185280,186.15199279785156,186.156005859375,186.13999938964844,186.14199829101562
1785185340,186.14100646972656,186.1529998779297,186.13600158691406,186.13699340820312
1785185400,186.13600158691406,186.14700317382812,186.13099670410156,186.13400268554688
1785185460,186.1320037841797,186.13900756835938,186.1269989013672,186.13299560546875
1785185520,186.13299560546875,186.13800048828125,186.13099670410156,186.1320037841797
1785185580,186.1320037841797,186.1439971923828,186.1320037841797,186.13800048828125
1785185640,186.13699340820312,186.14300537109375,186.13299560546875,186.13400268554688
1785185700,186.13600158691406,186.13699340820312,186.11199951171875,186.11900329589844
1785185760,186.11900329589844,186.13800048828125,186.11700439453125,186.12100219726562
1785185820,186.12100219726562,186.14500427246094,186.1179962158203,186.1230010986328
1785185880,186.1230010986328,186.14199829101562,186.11399841308594,186.11599731445312
1785185940,186.11599731445312,186.1439971923828,186.11599731445312,186.13400268554688
1785186060,186.0469970703125,186.17300415039062,186.0469970703125,186.0469970703125
1785186120,186.0,186.03799438476562,186.0,186.03799438476562
1785186180,186.17300415039062,186.17300415039062,186.0469970703125,186.0570068359375
1785186240,186.03399658203125,186.03399658203125,186.0330047607422,186.0330047607422
1785186300,186.12399291992188,186.12399291992188,186.05099487304688,186.07400512695312
1785186360,186.06900024414062,186.0709991455078,186.06900024414062,186.0709991455078
1785186420,186.1929931640625,186.1929931640625,186.10699462890625,186.11500549316406
1785186480,186.11599731445312,186.11599731445312,186.11599731445312,186.11599731445312
1785186540,186.18099975585938,186.18099975585938,186.13499450683594,186.13600158691406
1785186600,186.11300659179688,186.125,186.11300659179688,186.12399291992188
1785186660,186.18899536132812,186.18899536132812,186.11700439453125,186.11700439453125
1785186720,186.1199951171875,186.1199951171875,186.1199951171875,186.1199951171875
1785186780,186.1719970703125,186.19900512695312,186.1219940185547,186.14199829101562
1785186840,186.1439971923828,186.1790008544922,186.11099243164062,186.14300537109375
1785186900,186.1439971923828,186.20199584960938,186.12100219726562,186.15499877929688
1785186960,186.1540069580078,186.16600036621094,186.12899780273438,186.1540069580078
1785187020,186.1269989013672,186.20799255371094,186.1269989013672,186.1439971923828
1785187080,186.13699340820312,186.17100524902344,186.1300048828125,186.16000366210938
1785187140,186.1580047607422,186.22900390625,186.1529998779297,186.15499877929688
1785187200,186.15199279785156,186.15499877929688,186.13499450683594,186.14599609375
1785187260,186.14100646972656,186.1999969482422,186.13600158691406,186.13699340820312
1785187320,186.13600158691406,186.13699340820312,186.1320037841797,186.13499450683594
1785187380,186.1479949951172,186.16799926757812,186.1300048828125,186.1300048828125
1785187440,186.1510009765625,186.15199279785156,186.12600708007812,186.1269989013672
1785187500,186.1490020751953,186.16600036621094,186.1230010986328,186.14100646972656
1785187560,186.1320037841797,186.1490020751953,186.12600708007812,186.1280059814453
1785187620,186.1490020751953,186.17999267578125,186.1199951171875,186.13299560546875
1785187680,186.13400268554688,186.14999389648438,186.1230010986328,186.1439971923828
1785187740,186.14100646972656,186.22999572753906,186.1219940185547,186.13600158691406
1785187800,186.13299560546875,186.1479949951172,186.11500549316406,186.11500549316406
1785187860,186.12100219726562,186.2310028076172,186.11500549316406,186.11900329589844
1785187920,186.13800048828125,186.14300537109375,186.11199951171875,186.11199951171875
1785187980,186.11900329589844,186.19700622558594,186.11399841308594,186.11399841308594
1785188040,186.11599731445312,186.14500427246094,186.11300659179688,186.14500427246094
1785188100,186.1230010986328,186.197998046875,186.11199951171875,186.12100219726562
1785188160,186.1300048828125,186.14500427246094,186.1199951171875,186.1320037841797
1785188220,186.1300048828125,186.1840057373047,186.1199951171875,186.12600708007812
1785188280,186.13999938964844,186.19000244140625,186.1009979248047,186.18800354003906
1785188340,186.19000244140625,186.1959991455078,186.13999938964844,186.1719970703125
1785188400,186.1719970703125,186.18600463867188,186.11099243164062,186.1300048828125
1785188460,186.13499450683594,186.19500732421875,186.10699462890625,186.11900329589844
1785188520,186.11399841308594,186.12399291992188,186.0970001220703,186.11000061035156
1785188580,186.11500549316406,186.1750030517578,186.1020050048828,186.12399291992188
1785188640,186.1199951171875,186.12899780273438,186.1020050048828,186.1219940185547
1785188700,186.1179962158203,186.18800354003906,186.10800170898438,186.11599731445312
1785188760,186.11599731445312,186.13999938964844,186.10499572753906,186.1179962158203
1785188820,186.13999938964844,186.18899536132812,186.1009979248047,186.14700317382812
1785188880,186.1479949951172,186.14999389648438,186.09800720214844,186.1020050048828
1785188940,186.11000061035156,186.18600463867188,186.10400390625,186.11599731445312
1785189000,186.15199279785156,186.15199279785156,186.1009979248047,186.15199279785156
1785189060,186.14999389648438,186.1790008544922,186.11599731445312,186.1179962158203
1785189120,186.15699768066406,186.1580047607422,186.0959930419922,186.11700439453125
1785189180,186.14999389648438,186.18099975585938,186.11599731445312,186.1179962158203
1785189240,186.1179962158203,186.14999389648438,186.11399841308594,186.11399841308594
1785189300,186.12399291992188,186.1959991455078,186.11500549316406,186.14999389648438
1785189360,186.14599609375,186.14999389648438,186.1280059814453,186.1280059814453
1785189420,186.1300048828125,186.1959991455078,186.11900329589844,186.12899780273438
1785189480,186.1300048828125,186.15199279785156,186.1280059814453,186.13600158691406
1785189540,186.1300048828125,186.1959991455078,186.1280059814453,186.14300537109375
