time,open,high,low,close
1785106800,218.4010009765625,218.42300415039062,218.38699340820312,218.39100646972656
1785106860,218.39999389648438,218.4080047607422,218.38600158691406,218.40199279785156
1785106920,218.39700317382812,218.41600036621094,218.39100646972656,218.4080047607422
1785106980,218.4149932861328,218.43099975585938,218.40499877929688,218.41900634765625
1785107040,218.4290008544922,218.43099975585938,218.406005859375,218.41799926757812
1785107100,218.4080047607422,218.43499755859375,218.40699768066406,218.43099975585938
1785107160,218.4340057373047,218.44000244140625,218.4219970703125,218.4219970703125
1785107220,218.4250030517578,218.43800354003906,218.41200256347656,218.427001953125
1785107280,218.4149932861328,218.42799377441406,218.40899658203125,218.41799926757812
1785107340,218.41200256347656,218.4239959716797,218.39599609375,218.41400146484375
1785107400,218.39700317382812,218.42100524902344,218.39700317382812,218.4080047607422
1785107460,218.4080047607422,218.4219970703125,218.4040069580078,218.4219970703125
1785107520,218.4219970703125,218.42599487304688,218.406005859375,218.4199981689453
1785107580,218.41700744628906,218.42100524902344,218.4029998779297,218.41799926757812
1785107640,218.40499877929688,218.42599487304688,218.40499877929688,218.42100524902344
1785107700,218.41200256347656,218.4250030517578,218.406005859375,218.4239959716797
1785107760,218.42300415039062,218.42799377441406,218.40699768066406,218.4149932861328
1785107820,218.41600036621094,218.4239959716797,218.4040069580078,218.4040069580078
1785107880,218.41900634765625,218.41900634765625,218.3939971923828,218.40199279785156
1785107940,218.3990020751953,218.41299438476562,218.39700317382812,218.40199279785156
1785108000,218.406005859375,218.41700744628906,218.39999389648438,218.40199279785156
1785108060,218.4029998779297,218.41700744628906,218.39999389648438,218.40899658203125
1785108120,218.40199279785156,218.41400146484375,218.4010009765625,218.41000366210938
1785108180,218.41000366210938,218.41000366210938,218.38699340820312,218.4040069580078
1785108240,218.39100646972656,218.4029998779297,218.38999938964844,218.3990020751953
1785108300,218.38999938964844,218.40699768066406,218.38600158691406,218.4040069580078
1785108360,218.39100646972656,218.4080047607422,218.38600158691406,218.3939971923828
1785108420,218.39999389648438,218.41900634765625,218.3939971923828,218.40699768066406
1785108480,218.40199279785156,218.4219970703125,218.3990020751953,218.41799926757812
1785108540,218.40899658203125,218.41900634765625,218.406005859375,218.4149932861328
1785108600,218.41200256347656,218.41900634765625,218.39700317382812,218.4010009765625
1785108660,218.39700317382812,218.41000366210938,218.38400268554688,218.40899658203125
1785108720,218.41000366210938,218.41099548339844,218.39700317382812,218.40899658203125
1785108780,218.41000366210938,218.4239959716797,218.39700317382812,218.42300415039062
1785108840,218.427001953125,218.43499755859375,218.40499877929688,218.4250030517578
1785108900,218.42799377441406,218.43499755859375,218.4219970703125,218.42999267578125
1785108960,218.4290008544922,218.44900512695312,218.41700744628906,218.4340057373047
1785109020,218.41799926757812,218.43800354003906,218.4149932861328,218.43099975585938
1785109080,218.43099975585938,218.4320068359375,218.40699768066406,218.4219970703125
1785109140,218.40699768066406,218.4320068359375,218.406005859375,218.41900634765625
1785109200,218.42100524902344,218.44000244140625,218.41900634765625,218.4250030517578
1785109260,218.43499755859375,218.44500732421875,218.4239959716797,218.44400024414062
1785109320,218.43699645996094,218.4530029296875,218.427001953125,218.45199584960938
1785109380,218.4429931640625,218.4530029296875,218.43899536132812,218.4499969482422
1785109440,218.44900512695312,218.46200561523438,218.43800354003906,218.44700622558594
1785109500,218.44700622558594,218.45799255371094,218.4290008544922,218.447998046875
1785109560,218.4530029296875,218.4720001220703,218.43800354003906,218.45899963378906
1785109620,218.46200561523438,218.4720001220703,218.4459991455078,218.46200561523438
1785109680,218.45899963378906,218.46600341796875,218.44700622558594,218.45599365234375
1785109740,218.45599365234375,218.46499633789062,218.4429931640625,218.45199584960938
1785109800,218.44900512695312,218.46200561523438,218.4340057373047,218.4499969482422
1785109860,218.44000244140625,218.4510040283203,218.427001953125,218.43899536132812
1785109920,218.4409942626953,218.4499969482422,218.43499755859375,218.44700622558594
1785109980,218.44400024414062,218.44900512695312,218.42599487304688,218.42599487304688
1785110040,218.43800354003906,218.44000244140625,218.4199981689453,218.43299865722656
1785110100,218.43299865722656,218.4530029296875,218.42100524902344,218.44000244140625
1785110160,218.4459991455078,218.4530029296875,218.43899536132812,218.4459991455078
1785110220,218.4459991455078,218.4459991455078,218.42300415039062,218.4320068359375
1785110280,218.4409942626953,218.44900512695312,218.4290008544922,218.44000244140625
1785110340,218.44700622558594,218.45700073242188,218.4320068359375,218.44200134277344
1785110400,218.43499755859375,218.46200561523438,218.38800048828125,218.43800354003906
1785110460,218.44400024414062,218.44500732421875,218.37600708007812,218.38699340820312
1785110520,218.39999389648438,218.41299438476562,218.37100219726562,218.3730010986328
1785110580,218.3730010986328,218.39300537109375,218.36399841308594,218.38400268554688
1785110640,218.38400268554688,218.3990020751953,218.36099243164062,218.36300659179688
1785110700,218.36700439453125,218.41200256347656,218.35299682617188,218.3979949951172
1785110760,218.4040069580078,218.4250030517578,218.38800048828125,218.4040069580078
1785110820,218.3979949951172,218.41400146484375,218.37600708007812,218.3820037841797
1785110880,218.37600708007812,218.38800048828125,218.3470001220703,218.375
1785110940,218.36700439453125,218.39100646972656,218.36700439453125,218.38800048828125
1785111000,218.38299560546875,218.41099548339844,218.38299560546875,218.3979949951172
1785111060,218.406005859375,218.4250030517578,218.38800048828125,218.4239959716797
1785111120,218.41299438476562,218.447998046875,218.40899658203125,218.41600036621094
1785111180,218.4250030517578,218.4499969482422,218.41299438476562,218.42599487304688
1785111240,218.43499755859375,218.4600067138672,218.42300415039062,218.45599365234375
1785111300,218.44500732421875,218.46299743652344,218.41700744628906,218.44200134277344
1785111360,218.44400024414062,218.4459991455078,218.41099548339844,218.41600036621094
1785111420,218.42999267578125,218.4550018310547,218.41400146484375,218.4340057373047
1785111480,218.44900512695312,218.45199584960938,218.41299438476562,218.447998046875
1785111540,218.43600463867188,218.45199584960938,218.41799926757812,218.4459991455078
1785111600,218.43800354003906,218.4759979248047,218.43800354003906,218.4669952392578
1785111660,218.4759979248047,218.49899291992188,218.46499633789062,218.48500061035156
1785111720,218.48500061035156,218.5050048828125,218.47999572753906,218.48599243164062
1785111780,218.4929962158203,218.5050048828125,218.47799682617188,218.49099731445312
1785111840,218.49899291992188,218.50100708007812,218.4720001220703,218.49200439453125
1785111900,218.4810028076172,218.49400329589844,218.45399475097656,218.47300720214844
1785111960,218.47300720214844,218.50100708007812,218.46600341796875,218.49400329589844
1785112020,218.48500061035156,218.50100708007812,218.46499633789062,218.4739990234375
1785112080,218.48300170898438,218.50799560546875,218.47000122070312,218.4949951171875
1785112140,218.49600219726562,218.5050048828125,218.47900390625,218.4969940185547
1785112200,218.4980010986328,218.50900268554688,218.4720001220703,218.48300170898438
1785112260,218.4720001220703,218.49200439453125,218.4550018310547,218.48300170898438
1785112320,218.48399353027344,218.51300048828125,218.47799682617188,218.49200439453125
1785112380,218.5019989013672,218.51400756835938,218.48399353027344,218.49200439453125
1785112440,218.48399353027344,218.4969940185547,218.4759979248047,218.4929962158203
1785112500,218.48500061035156,218.49400329589844,218.4709930419922,218.49000549316406
1785112560,218.4929962158203,218.51100158691406,218.4810028076172,218.5030059814453
1785112620,218.4969940185547,218.51400756835938,218.48399353027344,218.48699951171875
1785112680,218.48699951171875,218.51400756835938,218.48300170898438,218.51199340820312
1785112740,218.50399780273438,218.51400756835938,218.48500061035156,218.4969940185547
1785112800,218.50900268554688,218.5189971923828,218.49200439453125,218.49200439453125
1785112860,218.49200439453125,218.51199340820312,218.48599243164062,218.49000549316406
1785112920,218.49000549316406,218.50399780273438,218.48300170898438,218.49000549316406
1785112980,218.49000549316406,218.4969940185547,218.4720001220703,218.48399353027344
1785113040,218.4810028076172,218.49200439453125,218.47300720214844,218.48899841308594
1785113100,218.48199462890625,218.49400329589844,218.46200561523438,218.49200439453125
1785113160,218.4929962158203,218.50100708007812,218.46800231933594,218.47999572753906
1785113220,218.48800659179688,218.49600219726562,218.47300720214844,218.49200439453125
1785113280,218.48199462890625,218.49200439453125,218.46200561523438,218.4759979248047
1785113340,218.4759979248047,218.48199462890625,218.46099853515625,218.4709930419922
1785113400,218.46099853515625,218.4720001220703,218.44000244140625,218.46200561523438
1785113460,218.4550018310547,218.46299743652344,218.427001953125,218.44200134277344
1785113520,218.44200134277344,218.47000122070312,218.43699645996094,218.4550018310547
1785113580,218.45799255371094,218.4949951171875,218.4499969482422,218.49200439453125
1785113640,218.48500061035156,218.49400329589844,218.45799255371094,218.47300720214844
1785113700,218.4810028076172,218.4810028076172,218.4290008544922,218.46200561523438
1785113760,218.4530029296875,218.4810028076172,218.45199584960938,218.47000122070312
1785113820,218.46499633789062,218.47900390625,218.45700073242188,218.45799255371094
1785113880,218.45799255371094,218.48199462890625,218.45799255371094,218.46099853515625
1785113940,218.46299743652344,218.47000122070312,218.4499969482422,218.45700073242188
1785114000,218.45799255371094,218.5070037841797,218.45599365234375,218.49099731445312
1785114060,218.49200439453125,218.5019989013672,218.47000122070312,218.47300720214844
1785114120,218.47799682617188,218.5019989013672,218.47000122070312,218.4929962158203
1785114180,218.48399353027344,218.5050048828125,218.47000122070312,218.48300170898438
1785114240,218.48300170898438,218.4929962158203,218.46299743652344,218.46400451660156
1785114300,218.46299743652344,218.49400329589844,218.4600067138672,218.48599243164062
1785114360,218.48500061035156,218.49899291992188,218.4720001220703,218.48599243164062
1785114420,218.47900390625,218.50100708007812,218.46299743652344,218.4739990234375
1785114480,218.46499633789062,218.4770050048828,218.4409942626953,218.44500732421875
1785114540,218.44900512695312,218.4720001220703,218.4409942626953,218.46299743652344
1785114600,218.46099853515625,218.47799682617188,218.44500732421875,218.4459991455078
1785114660,218.4459991455078,218.46299743652344,218.44000244140625,218.4409942626953
1785114720,218.44000244140625,218.46099853515625,218.43800354003906,218.44400024414062
1785114780,218.44400024414062,218.45700073242188,218.43099975585938,218.447998046875
1785114840,218.44000244140625,218.44900512695312,218.41700744628906,218.4250030517578
1785114900,218.4239959716797,218.42799377441406,218.3979949951172,218.4010009765625
1785114960,218.4010009765625,218.427001953125,218.3939971923828,218.41799926757812
1785115020,218.42100524902344,218.4320068359375,218.40699768066406,218.41200256347656
1785115080,218.41200256347656,218.4459991455078,218.4080047607422,218.43899536132812
1785115140,218.43899536132812,218.46400451660156,218.43099975585938,218.45799255371094
1785115200,218.4499969482422,218.46499633789062,218.4459991455078,218.46299743652344
1785115260,218.4600067138672,218.46400451660156,218.43899536132812,218.4459991455078
1785115320,218.4550018310547,218.45599365234375,218.42599487304688,218.44200134277344
1785115380,218.43099975585938,218.46400451660156,218.4290008544922,218.44200134277344
1785115440,218.43299865722656,218.44400024414062,218.41700744628906,218.42999267578125
1785115500,218.4199981689453,218.43800354003906,218.41299438476562,218.4239959716797
1785115560,218.4219970703125,218.43099975585938,218.406005859375,218.41299438476562
1785115620,218.4199981689453,218.44200134277344,218.41299438476562,218.4290008544922
1785115680,218.4320068359375,218.4340057373047,218.41799926757812,218.42300415039062
1785115740,218.43299865722656,218.43299865722656,218.41099548339844,218.41600036621094
1785115800,218.41600036621094,218.4320068359375,218.38900756835938,218.41600036621094
1785115860,218.4080047607422,218.43600463867188,218.40499877929688,218.42100524902344
1785115920,218.42300415039062,218.4429931640625,218.42300415039062,218.427001953125
1785115980,218.43499755859375,218.44200134277344,218.41400146484375,218.42599487304688
1785116040,218.43499755859375,218.43800354003906,218.4149932861328,218.41600036621094
1785116100,218.41400146484375,218.42300415039062,218.38699340820312,218.38800048828125
1785116160,218.40199279785156,218.4040069580078,218.38600158691406,218.4010009765625
1785116220,218.39300537109375,218.41099548339844,218.39300537109375,218.4040069580078
1785116280,218.40899658203125,218.4219970703125,218.39700317382812,218.4219970703125
1785116340,218.41600036621094,218.42300415039062,218.40499877929688,218.4219970703125
1785116400,218.41600036621094,218.44200134277344,218.41200256347656,218.42799377441406
1785116460,218.42799377441406,218.4409942626953,218.4250030517578,218.43299865722656
1785116520,218.4320068359375,218.4510040283203,218.42100524902344,218.4409942626953
1785116580,218.4409942626953,218.4499969482422,218.42599487304688,218.427001953125
1785116640,218.43299865722656,218.4409942626953,218.41600036621094,218.41799926757812
1785116700,218.42999267578125,218.4510040283203,218.41799926757812,218.44400024414062
1785116760,218.44400024414062,218.47000122070312,218.44000244140625,218.4550018310547
1785116820,218.45399475097656,218.48199462890625,218.45399475097656,218.46400451660156
1785116880,218.46200561523438,218.4709930419922,218.4510040283203,218.46400451660156
1785116940,218.45799255371094,218.4759979248047,218.45599365234375,218.4720001220703
1785117000,218.46299743652344,218.4739990234375,218.43899536132812,218.45199584960938
1785117060,218.44000244140625,218.46400451660156,218.43299865722656,218.46299743652344
1785117120,218.45599365234375,218.46400451660156,218.43499755859375,218.44900512695312
1785117180,218.4600067138672,218.4600067138672,218.43600463867188,218.45399475097656
1785117240,218.447998046875,218.45799255371094,218.44400024414062,218.45599365234375
1785117300,218.44700622558594,218.4600067138672,218.4409942626953,218.4510040283203
1785117360,218.4409942626953,218.46099853515625,218.4409942626953,218.45799255371094
1785117420,218.4459991455078,218.4669952392578,218.44000244140625,218.46099853515625
1785117480,218.4600067138672,218.46099853515625,218.42599487304688,218.45599365234375
1785117540,218.45199584960938,218.46800231933594,218.4429931640625,218.4530029296875
1785117600,218.4600067138672,218.4709930419922,218.43299865722656,218.4459991455078
1785117660,218.43899536132812,218.4499969482422,218.41200256347656,218.41900634765625
1785117720,218.42300415039062,218.4409942626953,218.4149932861328,218.4340057373047
1785117780,218.43299865722656,218.44900512695312,218.4199981689453,218.43499755859375
1785117840,218.43499755859375,218.46099853515625,218.43499755859375,218.45199584960938
1785117900,218.4499969482422,218.4709930419922,218.447998046875,218.46200561523438
1785117960,218.45599365234375,218.4739990234375,218.4510040283203,218.4709930419922
1785118020,218.4709930419922,218.48800659179688,218.46400451660156,218.47500610351562
1785118080,218.47500610351562,218.48399353027344,218.468994140625,218.48199462890625
1785118140,218.4810028076172,218.48300170898438,218.46400451660156,218.46400451660156
1785118200,218.46400451660156,218.47300720214844,218.45199584960938,218.46800231933594
1785118260,218.45799255371094,218.47999572753906,218.45199584960938,218.47300720214844
1785118320,218.468994140625,218.47799682617188,218.45599365234375,218.46099853515625
1785118380,218.46299743652344,218.4969940185547,218.46200561523438,218.49099731445312
1785118440,218.48599243164062,218.49200439453125,218.47300720214844,218.47900390625
1785118500,218.47900390625,218.49400329589844,218.4759979248047,218.4770050048828
1785118560,218.47900390625,218.49000549316406,218.4669952392578,218.468994140625
1785118620,218.46800231933594,218.4759979248047,218.4499969482422,218.45599365234375
1785118680,218.44700622558594,218.468994140625,218.43099975585938,218.43699645996094
1785118740,218.4409942626953,218.45199584960938,218.42300415039062,218.45199584960938
1785118800,218.45199584960938,218.45599365234375,218.43699645996094,218.4429931640625
1785118860,218.4409942626953,218.4530029296875,218.44000244140625,218.4499969482422
1785118920,218.44400024414062,218.45899963378906,218.42799377441406,218.4530029296875
1785118980,218.4510040283203,218.46200561523438,218.4459991455078,218.44700622558594
1785119040,218.44700622558594,218.4600067138672,218.43800354003906,218.45399475097656
1785119100,218.45199584960938,218.46200561523438,218.44400024414062,218.44900512695312
1785119160,218.44900512695312,218.46099853515625,218.44700622558594,218.4530029296875
1785119220,218.4499969482422,218.4600067138672,218.43800354003906,218.44000244140625
1785119280,218.44000244140625,218.45799255371094,218.43899536132812,218.45700073242188
1785119340,218.44900512695312,218.45899963378906,218.44400024414062,218.44500732421875
1785119400,218.44500732421875,218.45700073242188,218.4250030517578,218.44200134277344
1785119460,218.44500732421875,218.45399475097656,218.43499755859375,218.4499969482422
1785119520,218.44900512695312,218.4499969482422,218.42999267578125,218.4320068359375
1785119580,218.4320068359375,218.45199584960938,218.4290008544922,218.44200134277344
1785119640,218.44200134277344,218.4499969482422,218.4340057373047,218.4499969482422
1785119700,218.4510040283203,218.45199584960938,218.4250030517578,218.43699645996094
1785119760,218.4340057373047,218.44200134277344,218.42300415039062,218.43699645996094
1785119820,218.42999267578125,218.44200134277344,218.4199981689453,218.4199981689453
1785119880,218.4340057373047,218.4340057373047,218.40199279785156,218.4250030517578
1785119940,218.41700744628906,218.4290008544922,218.38800048828125,218.39100646972656
1785120000,218.39100646972656,218.42799377441406,218.39100646972656,218.41900634765625
1785120060,218.4250030517578,218.43699645996094,218.41799926757812,218.4320068359375
1785120120,218.43099975585938,218.4409942626953,218.42300415039062,218.43899536132812
1785120180,218.4290008544922,218.43800354003906,218.42100524902344,218.42799377441406
1785120240,218.4219970703125,218.43099975585938,218.41600036621094,218.41900634765625
1785120300,218.41900634765625,218.43499755859375,218.41799926757812,218.4239959716797
1785120360,218.4199981689453,218.4290008544922,218.40499877929688,218.40499877929688
1785120420,218.41000366210938,218.4219970703125,218.4040069580078,218.42100524902344
1785120480,218.41299438476562,218.44000244140625,218.41000366210938,218.43600463867188
1785120540,218.43800354003906,218.44000244140625,218.4239959716797,218.4340057373047
1785120600,218.43800354003906,218.44000244140625,218.42300415039062,218.42799377441406
1785120660,218.4239959716797,218.44000244140625,218.4239959716797,218.4320068359375
1785120720,218.4340057373047,218.4550018310547,218.43099975585938,218.4429931640625
1785120780,218.44500732421875,218.45399475097656,218.4340057373047,218.43600463867188
1785120840,218.43600463867188,218.4510040283203,218.4340057373047,218.44700622558594
1785120900,218.4409942626953,218.44900512695312,218.4290008544922,218.44200134277344
1785120960,218.43499755859375,218.45199584960938,218.43099975585938,218.44400024414062
1785121020,218.43899536132812,218.45899963378906,218.43600463867188,218.44700622558594
1785121080,218.4429931640625,218.45599365234375,218.43099975585938,218.4499969482422
1785121140,218.4409942626953,218.46099853515625,218.44000244140625,218.44700622558594
1785121200,218.44500732421875,218.46400451660156,218.44200134277344,218.44500732421875
1785121260,218.45199584960938,218.46299743652344,218.44500732421875,218.4510040283203
1785121320,218.4530029296875,218.46200561523438,218.42999267578125,218.42999267578125
1785121380,218.43899536132812,218.4409942626953,218.41700744628906,218.42300415039062
1785121440,218.41799926757812,218.43099975585938,218.41000366210938,218.42599487304688
1785121500,218.427001953125,218.4340057373047,218.40499877929688,218.40499877929688
1785121560,218.40499877929688,218.43099975585938,218.3939971923828,218.41400146484375
1785121620,218.4219970703125,218.4429931640625,218.41299438476562,218.43099975585938
1785121680,218.43099975585938,218.4530029296875,218.427001953125,218.44000244140625
1785121740,218.43800354003906,218.4600067138672,218.43299865722656,218.44200134277344
1785121800,218.4340057373047,218.4510040283203,218.43299865722656,218.44000244140625
1785121860,218.43299865722656,218.44700622558594,218.43099975585938,218.44200134277344
1785121920,218.44000244140625,218.4459991455078,218.42799377441406,218.4429931640625
1785121980,218.43800354003906,218.4429931640625,218.4219970703125,218.43600463867188
1785122040,218.4250030517578,218.447998046875,218.4250030517578,218.43600463867188
1785122100,218.43600463867188,218.4459991455078,218.427001953125,218.43499755859375
1785122160,218.43499755859375,218.44400024414062,218.4290008544922,218.42999267578125
1785122220,218.42999267578125,218.4499969482422,218.4290008544922,218.4409942626953
1785122280,218.44900512695312,218.4499969482422,218.4290008544922,218.4290008544922
1785122340,218.4290008544922,218.45199584960938,218.4290008544922,218.4459991455078
1785122400,218.44400024414062,218.45199584960938,218.43899536132812,218.44500732421875
1785122460,218.4510040283203,218.4600067138672,218.44400024414062,218.4510040283203
1785122520,218.4550018310547,218.4600067138672,218.43699645996094,218.45700073242188
1785122580,218.4499969482422,218.468994140625,218.4499969482422,218.46099853515625
1785122640,218.4550018310547,218.46600341796875,218.45199584960938,218.45700073242188
1785122700,218.45700073242188,218.46499633789062,218.44200134277344,218.45599365234375
1785122760,218.4459991455078,218.45599365234375,218.4409942626953,218.45199584960938
1785122820,218.447998046875,218.45199584960938,218.43299865722656,218.44000244140625
1785122880,218.44200134277344,218.45399475097656,218.4290008544922,218.42999267578125
1785122940,218.4290008544922,218.4429931640625,218.42100524902344,218.42799377441406
1785123000,218.42300415039062,218.4340057373047,218.4080047607422,218.41000366210938
1785123060,218.41000366210938,218.42599487304688,218.4029998779297,218.40899658203125
1785123120,218.41700744628906,218.42300415039062,218.4040069580078,218.41000366210938
1785123180,218.41000366210938,218.43099975585938,218.41000366210938,218.4219970703125
1785123240,218.42799377441406,218.4320068359375,218.41400146484375,218.41400146484375
1785123300,218.4149932861328,218.42300415039062,218.4080047607422,218.4149932861328
1785123360,218.41600036621094,218.41600036621094,218.3990020751953,218.406005859375
1785123420,218.4010009765625,218.41799926757812,218.4010009765625,218.4149932861328
1785123480,218.41600036621094,218.41600036621094,218.39999389648438,218.40699768066406
1785123540,218.40699768066406,218.42100524902344,218.40199279785156,218.41200256347656
1785123600,218.40199279785156,218.4219970703125,218.39999389648438,218.41000366210938
1785123660,218.41000366210938,218.42100524902344,218.39999389648438,218.4029998779297
1785123720,218.41400146484375,218.4219970703125,218.40199279785156,218.41799926757812
1785123780,218.406005859375,218.42599487304688,218.406005859375,218.42300415039062
1785123840,218.41900634765625,218.4320068359375,218.41900634765625,218.42799377441406
1785123900,218.42100524902344,218.44000244140625,218.42100524902344,218.42300415039062
1785123960,218.42300415039062,218.43600463867188,218.4219970703125,218.4219970703125
1785124020,218.42799377441406,218.4340057373047,218.41200256347656,218.42599487304688
1785124080,218.42799377441406,218.4320068359375,218.40499877929688,218.4149932861328
1785124140,218.42100524902344,218.4219970703125,218.39999389648438,218.41200256347656
1785124200,218.406005859375,218.41700744628906,218.39100646972656,218.3990020751953
1785124260,218.3990020751953,218.41400146484375,218.3990020751953,218.39999389648438
1785124320,218.4080047607422,218.41200256347656,218.39300537109375,218.39700317382812
1785124380,218.39700317382812,218.4080047607422,218.38600158691406,218.38600158691406
1785124440,218.38099670410156,218.3979949951172,218.38099670410156,218.38800048828125
1785124500,218.3990020751953,218.4029998779297,218.38800048828125,218.39300537109375
1785124560,218.39300537109375,218.406005859375,218.38999938964844,218.38999938964844
1785124620,218.3979949951172,218.4080047607422,218.38800048828125,218.40699768066406
1785124680,218.3979949951172,218.40899658203125,218.39300537109375,218.3939971923828
1785124740,218.3939971923828,218.41700744628906,218.39300537109375,218.40899658203125
1785124800,218.41000366210938,218.4199981689453,218.39999389648438,218.4040069580078
1785124860,218.4040069580078,218.42599487304688,218.4010009765625,218.41799926757812
1785124920,218.4219970703125,218.42300415039062,218.406005859375,218.41700744628906
1785124980,218.41000366210938,218.4219970703125,218.41000366210938,218.41200256347656
1785125040,218.41600036621094,218.42300415039062,218.41000366210938,218.41200256347656
1785125100,218.41400146484375,218.4219970703125,218.3979949951172,218.41000366210938
1785125160,218.4029998779297,218.41000366210938,218.39199829101562,218.3979949951172
1785125220,218.3979949951172,218.41099548339844,218.39300537109375,218.406005859375
1785125280,218.3979949951172,218.4080047607422,218.39700317382812,218.4029998779297
1785125340,218.4010009765625,218.41000366210938,218.39300537109375,218.40199279785156
1785125400,218.4029998779297,218.40899658203125,218.39199829101562,218.3990020751953
1785125460,218.4040069580078,218.40699768066406,218.39300537109375,218.3939971923828
1785125520,218.39700317382812,218.4149932861328,218.3939971923828,218.40499877929688
1785125580,218.40499877929688,218.41000366210938,218.38900756835938,218.39199829101562
1785125640,218.39199829101562,218.41400146484375,218.38999938964844,218.40699768066406
1785125700,218.4080047607422,218.41600036621094,218.3979949951172,218.3990020751953
1785125760,218.3990020751953,218.4219970703125,218.3990020751953,218.41799926757812
1785125820,218.41600036621094,218.41900634765625,218.3979949951172,218.39999389648438
1785125880,218.406005859375,218.41400146484375,218.39700317382812,218.41200256347656
1785125940,218.41000366210938,218.41900634765625,218.40199279785156,218.40899658203125
1785126000,218.40899658203125,218.41700744628906,218.3939971923828,218.4010009765625
1785126060,218.40199279785156,218.41099548339844,218.39599609375,218.40499877929688
1785126120,218.3979949951172,218.4080047607422,218.3939971923828,218.40699768066406
1785126180,218.3990020751953,218.40699768066406,218.38600158691406,218.39100646972656
1785126240,218.38600158691406,218.3979949951172,218.3699951171875,218.3730010986328
1785126300,218.37399291992188,218.3939971923828,218.37399291992188,218.38699340820312
1785126360,218.38900756835938,218.3939971923828,218.375,218.38999938964844
1785126420,218.38099670410156,218.39199829101562,218.36300659179688,218.36599731445312
1785126480,218.37399291992188,218.39100646972656,218.3679962158203,218.3780059814453
1785126540,218.3780059814453,218.38999938964844,218.3769989013672,218.38699340820312
1785126600,218.38400268554688,218.4080047607422,218.3780059814453,218.3979949951172
1785126660,218.3939971923828,218.40499877929688,218.39100646972656,218.39500427246094
1785126720,218.40199279785156,218.40499877929688,218.39100646972656,218.39999389648438
1785126780,218.39599609375,218.40899658203125,218.3939971923828,218.4080047607422
1785126840,218.4029998779297,218.41299438476562,218.39999389648438,218.4010009765625
1785126900,218.4010009765625,218.41299438476562,218.39700317382812,218.40699768066406
1785126960,218.40499877929688,218.4239959716797,218.39999389648438,218.42300415039062
1785127020,218.42300415039062,218.42799377441406,218.4149932861328,218.42599487304688
1785127080,218.41700744628906,218.42799377441406,218.41400146484375,218.42300415039062
1785127140,218.41400146484375,218.42999267578125,218.41099548339844,218.42300415039062
1785127200,218.42100524902344,218.4290008544922,218.4080047607422,218.4219970703125
1785127260,218.41600036621094,218.4320068359375,218.41400146484375,218.4149932861328
1785127320,218.4149932861328,218.44500732421875,218.41400146484375,218.44200134277344
1785127380,218.43600463867188,218.4409942626953,218.41200256347656,218.4149932861328
1785127440,218.4219970703125,218.42599487304688,218.41400146484375,218.42300415039062
1785127500,218.41799926757812,218.42300415039062,218.41000366210938,218.41400146484375
1785127560,218.41400146484375,218.42300415039062,218.40899658203125,218.41299438476562
1785127620,218.41299438476562,218.41900634765625,218.39999389648438,218.41099548339844
1785127680,218.4010009765625,218.41799926757812,218.39999389648438,218.41400146484375
1785127740,218.41600036621094,218.42100524902344,218.40899658203125,218.41799926757812
1785127800,218.41000366210938,218.41900634765625,218.39999389648438,218.39999389648438
1785127860,218.3979949951172,218.41299438476562,218.39599609375,218.3979949951172
1785127920,218.40899658203125,218.41099548339844,218.39599609375,218.39999389648438
1785127980,218.39999389648438,218.4080047607422,218.3979949951172,218.39999389648438
1785128040,218.39999389648438,218.40899658203125,218.38999938964844,218.39999389648438
1785128100,218.3979949951172,218.4040069580078,218.38900756835938,218.3979949951172
1785128160,218.39199829101562,218.40899658203125,218.38699340820312,218.3979949951172
1785128220,218.3979949951172,218.41400146484375,218.39700317382812,218.40899658203125
1785128280,218.406005859375,218.41799926757812,218.39999389648438,218.41099548339844
1785128340,218.41200256347656,218.41700744628906,218.3820037841797,218.38800048828125
1785128400,218.38800048828125,218.39599609375,218.3719940185547,218.38999938964844
1785128460,218.38999938964844,218.41000366210938,218.38900756835938,218.39700317382812
1785128520,218.4010009765625,218.40499877929688,218.38099670410156,218.38800048828125
1785128580,218.38400268554688,218.40199279785156,218.3780059814453,218.3800048828125
1785128640,218.3800048828125,218.406005859375,218.3780059814453,218.39100646972656
1785128700,218.38999938964844,218.406005859375,218.38699340820312,218.4040069580078
1785128760,218.39599609375,218.41700744628906,218.39599609375,218.41099548339844
1785128820,218.41099548339844,218.42300415039062,218.40199279785156,218.41600036621094
1785128880,218.4199981689453,218.42799377441406,218.41200256347656,218.42300415039062
1785128940,218.4239959716797,218.4250030517578,218.39999389648438,218.406005859375
1785129000,218.41299438476562,218.41700744628906,218.4040069580078,218.41299438476562
1785129060,218.41600036621094,218.4239959716797,218.39999389648438,218.41900634765625
1785129120,218.4219970703125,218.43600463867188,218.41799926757812,218.4290008544922
1785129180,218.42999267578125,218.44200134277344,218.4239959716797,218.4290008544922
1785129240,218.4290008544922,218.45199584960938,218.4290008544922,218.4459991455078
1785129300,218.4429931640625,218.46200561523438,218.4409942626953,218.45399475097656
1785129360,218.4600067138672,218.46299743652344,218.4459991455078,218.46200561523438
1785129420,218.4550018310547,218.46200561523438,218.43499755859375,218.4600067138672
1785129480,218.4530029296875,218.46600341796875,218.4499969482422,218.45199584960938
1785129540,218.46200561523438,218.46200561523438,218.43899536132812,218.447998046875
1785129600,218.4409942626953,218.4550018310547,218.43899536132812,218.4530029296875
1785129660,218.45399475097656,218.45399475097656,218.42799377441406,218.4340057373047
1785129720,218.43899536132812,218.4510040283203,218.427001953125,218.4429931640625
1785129780,218.43699645996094,218.44900512695312,218.42599487304688,218.43600463867188
1785129840,218.4340057373047,218.43699645996094,218.4149932861328,218.4239959716797
1785129900,218.4199981689453,218.4320068359375,218.4149932861328,218.4199981689453
1785129960,218.4219970703125,218.4340057373047,218.4010009765625,218.40699768066406
1785130020,218.41799926757812,218.42599487304688,218.40199279785156,218.41700744628906
1785130080,218.41700744628906,218.4250030517578,218.41200256347656,218.41600036621094
1785130140,218.4149932861328,218.42799377441406,218.41099548339844,218.41600036621094
1785130200,218.427001953125,218.44000244140625,218.4149932861328,218.42300415039062
1785130260,218.42799377441406,218.4320068359375,218.41600036621094,218.42100524902344
1785130320,218.427001953125,218.4320068359375,218.40699768066406,218.4290008544922
1785130380,218.42999267578125,218.42999267578125,218.40899658203125,218.40899658203125
1785130440,218.4219970703125,218.4219970703125,218.38900756835938,218.3990020751953
1785130500,218.40899658203125,218.41000366210938,218.39199829101562,218.4040069580078
1785130560,218.3979949951172,218.42300415039062,218.3979949951172,218.41900634765625
1785130620,218.40899658203125,218.4219970703125,218.4080047607422,218.41600036621094
1785130680,218.41400146484375,218.4250030517578,218.41299438476562,218.4199981689453
1785130740,218.42300415039062,218.4239959716797,218.40499877929688,218.41299438476562
1785130800,218.41299438476562,218.4239959716797,218.40899658203125,218.4219970703125
1785130860,218.4149932861328,218.427001953125,218.4080047607422,218.427001953125
1785130920,218.4239959716797,218.44000244140625,218.41600036621094,218.43299865722656
1785130980,218.43800354003906,218.4459991455078,218.4250030517578,218.4250030517578
1785131040,218.4320068359375,218.44200134277344,218.42300415039062,218.43699645996094
1785131100,218.43800354003906,218.44400024414062,218.42300415039062,218.43099975585938
1785131160,218.4320068359375,218.4530029296875,218.42100524902344,218.44400024414062
1785131220,218.44400024414062,218.46400451660156,218.44200134277344,218.45399475097656
1785131280,218.45899963378906,218.46499633789062,218.4510040283203,218.45700073242188
1785131340,218.45700073242188,218.4709930419922,218.447998046875,218.45700073242188
1785131400,218.45599365234375,218.4720001220703,218.4530029296875,218.46499633789062
1785131460,218.46099853515625,218.4770050048828,218.45899963378906,218.468994140625
1785131520,218.468994140625,218.4770050048828,218.4550018310547,218.45799255371094
1785131580,218.45799255371094,218.47000122070312,218.4550018310547,218.45899963378906
1785131640,218.46499633789062,218.48300170898438,218.45700073242188,218.47300720214844
1785131700,218.4739990234375,218.48699951171875,218.4600067138672,218.47000122070312
1785131760,218.46299743652344,218.47500610351562,218.4499969482422,218.46499633789062
1785131820,218.46499633789062,218.46600341796875,218.4409942626953,218.4429931640625
1785131880,218.44200134277344,218.4499969482422,218.42799377441406,218.43099975585938
1785131940,218.4409942626953,218.44400024414062,218.427001953125,218.4320068359375
1785132000,218.4290008544922,218.45599365234375,218.41299438476562,218.4409942626953
1785132060,218.4499969482422,218.45399475097656,218.42999267578125,218.44500732421875
1785132120,218.44500732421875,218.46499633789062,218.43800354003906,218.4600067138672
1785132180,218.45700073242188,218.48699951171875,218.44900512695312,218.4720001220703
1785132240,218.47900390625,218.4810028076172,218.44700622558594,218.4530029296875
1785132300,218.45399475097656,218.4669952392578,218.4459991455078,218.45799255371094
1785132360,218.45700073242188,218.4669952392578,218.4290008544922,218.46099853515625
1785132420,218.4600067138672,218.46099853515625,218.44200134277344,218.4510040283203
1785132480,218.45199584960938,218.45199584960938,218.42799377441406,218.44200134277344
1785132540,218.43600463867188,218.45899963378906,218.42799377441406,218.45599365234375
1785132600,218.4600067138672,218.4720001220703,218.4459991455078,218.45799255371094
1785132660,218.46299743652344,218.47300720214844,218.4499969482422,218.46400451660156
1785132720,218.46400451660156,218.4720001220703,218.45599365234375,218.46400451660156
1785132780,218.45799255371094,218.468994140625,218.4290008544922,218.43800354003906
1785132840,218.43099975585938,218.4409942626953,218.41299438476562,218.41299438476562
1785132900,218.41400146484375,218.4199981689453,218.39100646972656,218.39100646972656
1785132960,218.39500427246094,218.4320068359375,218.38999938964844,218.42599487304688
1785133020,218.42599487304688,218.4290008544922,218.4040069580078,218.41000366210938
1785133080,218.41400146484375,218.4239959716797,218.3990020751953,218.40499877929688
1785133140,218.39999389648438,218.41000366210938,218.36900329589844,218.39199829101562
1785133200,218.3820037841797,218.39300537109375,218.36399841308594,218.38499450683594
1785133260,218.3780059814453,218.38499450683594,218.35899353027344,218.3780059814453
1785133320,218.37600708007812,218.38999938964844,218.3679962158203,218.3820037841797
1785133380,218.3820037841797,218.4010009765625,218.36700439453125,218.39599609375
1785133440,218.4010009765625,218.43299865722656,218.39199829101562,218.42799377441406
1785133500,218.42999267578125,218.44400024414062,218.4239959716797,218.43800354003906
1785133560,218.4320068359375,218.45899963378906,218.4320068359375,218.4510040283203
1785133620,218.4510040283203,218.46299743652344,218.4409942626953,218.4499969482422
1785133680,218.45899963378906,218.4810028076172,218.44700622558594,218.46400451660156
1785133740,218.4709930419922,218.49099731445312,218.45799255371094,218.47500610351562
1785133800,218.48399353027344,218.49200439453125,218.44700622558594,218.45199584960938
1785133860,218.45599365234375,218.46200561523438,218.4340057373047,218.45399475097656
1785133920,218.447998046875,218.48300170898438,218.43499755859375,218.47900390625
1785133980,218.468994140625,218.48500061035156,218.45799255371094,218.46499633789062
1785134040,218.46499633789062,218.47900390625,218.45399475097656,218.4669952392578
1785134100,218.4739990234375,218.47500610351562,218.4459991455078,218.46499633789062
1785134160,218.46499633789062,218.4720001220703,218.4499969482422,218.46400451660156
1785134220,218.4669952392578,218.49099731445312,218.46099853515625,218.47300720214844
1785134280,218.47999572753906,218.49099731445312,218.46400451660156,218.47900390625
1785134340,218.47900390625,218.49000549316406,218.4669952392578,218.48300170898438
1785134400,218.47799682617188,218.4969940185547,218.46499633789062,218.468994140625
1785134460,218.4739990234375,218.50100708007812,218.46400451660156,218.4739990234375
1785134520,218.46499633789062,218.4770050048828,218.427001953125,218.427001953125
1785134580,218.427001953125,218.4409942626953,218.41900634765625,218.42599487304688
1785134640,218.42599487304688,218.45199584960938,218.4239959716797,218.4340057373047
1785134700,218.4340057373047,218.46800231933594,218.4340057373047,218.46299743652344
1785134760,218.46299743652344,218.46299743652344,218.43099975585938,218.4499969482422
1785134820,218.43899536132812,218.4530029296875,218.41000366210938,218.41200256347656
1785134880,218.41200256347656,218.43299865722656,218.39599609375,218.406005859375
1785134940,218.40499877929688,218.42100524902344,218.38499450683594,218.3979949951172
1785135000,218.3979949951172,218.40499877929688,218.36900329589844,218.38099670410156
1785135060,218.38099670410156,218.39700317382812,218.37600708007812,218.38299560546875
1785135120,218.39300537109375,218.39500427246094,218.375,218.37899780273438
1785135180,218.37899780273438,218.40199279785156,218.36300659179688,218.36300659179688
1785135240,218.37399291992188,218.3769989013672,218.3350067138672,218.34300231933594
1785135300,218.34500122070312,218.3470001220703,218.2830047607422,218.29600524902344
1785135360,218.29600524902344,218.322998046875,218.281005859375,218.3000030517578
1785135420,218.3000030517578,218.33399963378906,218.29800415039062,218.302001953125
1785135480,218.302001953125,218.31900024414062,218.28900146484375,218.302001953125
1785135540,218.29400634765625,218.302001953125,218.27699279785156,218.2830047607422
1785135600,218.28500366210938,218.29200744628906,218.2689971923828,218.28900146484375
1785135660,218.2899932861328,218.2949981689453,218.24400329589844,218.24899291992188
1785135720,218.25599670410156,218.26199340820312,218.2100067138672,218.25
1785135780,218.24400329589844,218.2519989013672,218.18699645996094,218.18699645996094
1785135840,218.18800354003906,218.2169952392578,218.18699645996094,218.2030029296875
1785135900,218.20700073242188,218.23399353027344,218.20399475097656,218.2259979248047
1785135960,218.22300720214844,218.22500610351562,218.17999267578125,218.2010040283203
1785136020,218.1999969482422,218.21200561523438,218.18299865722656,218.20599365234375
1785136080,218.20599365234375,218.22000122070312,218.16900634765625,218.18099975585938
1785136140,218.18299865722656,218.2030029296875,218.16400146484375,218.17300415039062
1785136200,218.16400146484375,218.18299865722656,218.15699768066406,218.15699768066406
1785136260,218.16200256347656,218.1750030517578,218.1479949951172,218.16000366210938
1785136320,218.16000366210938,218.17999267578125,218.1479949951172,218.1479949951172
1785136380,218.1529998779297,218.19200134277344,218.14700317382812,218.16799926757812
1785136440,218.1750030517578,218.20199584960938,218.16299438476562,218.1929931640625
1785136500,218.1929931640625,218.2030029296875,218.16700744628906,218.17799377441406
1785136560,218.18600463867188,218.21400451660156,218.1790008544922,218.18899536132812
1785136620,218.19000244140625,218.2010040283203,218.16799926757812,218.1790008544922
1785136680,218.1790008544922,218.1909942626953,218.13699340820312,218.13699340820312
1785136740,218.13800048828125,218.1540069580078,218.1269989013672,218.13499450683594
1785136800,218.13400268554688,218.14300537109375,218.10400390625,218.10499572753906
1785136860,218.11500549316406,218.11500549316406,218.04400634765625,218.08299255371094
1785136920,218.09100341796875,218.11000061035156,218.0709991455078,218.09100341796875
1785136980,218.0850067138672,218.10299682617188,217.99600219726562,218.01600646972656
1785137040,218.00900268554688,218.07200622558594,218.0019989013672,218.06399536132812
1785137100,218.0679931640625,218.08399963378906,218.0260009765625,218.06500244140625
1785137160,218.0570068359375,218.09500122070312,218.05499267578125,218.06399536132812
1785137220,218.0540008544922,218.072998046875,218.0469970703125,218.06199645996094
1785137280,218.06199645996094,218.08999633789062,218.0489959716797,218.07200622558594
1785137340,218.08399963378906,218.08399963378906,217.98800659179688,218.00399780273438
1785137400,217.99400329589844,218.01499938964844,217.9810028076172,217.98199462890625
1785137460,217.99000549316406,218.03599548339844,217.97000122070312,218.02000427246094
1785137520,218.01199340820312,218.04200744628906,218.0030059814453,218.0189971923828
1785137580,218.0189971923828,218.0540008544922,218.01800537109375,218.0399932861328
1785137640,218.04600524902344,218.06100463867188,218.031005859375,218.05299377441406
1785137700,218.05299377441406,218.0709991455078,218.0469970703125,218.06100463867188
1785137760,218.06199645996094,218.07200622558594,218.03500366210938,218.0590057373047
1785137820,218.0590057373047,218.0709991455078,218.05299377441406,218.05999755859375
1785137880,218.05499267578125,218.07699584960938,218.0399932861328,218.06199645996094
1785137940,218.0590057373047,218.08299255371094,218.04400634765625,218.08200073242188
1785138000,218.08099365234375,218.08200073242188,218.03900146484375,218.05599975585938
1785138060,218.05999755859375,218.11599731445312,218.05599975585938,218.0989990234375
1785138120,218.10499572753906,218.11099243164062,218.09100341796875,218.10699462890625
1785138180,218.1009979248047,218.11399841308594,218.05599975585938,218.06399536132812
1785138240,218.0709991455078,218.08700561523438,218.0570068359375,218.0760040283203
1785138300,218.0760040283203,218.09100341796875,218.0679931640625,218.0749969482422
1785138360,218.0760040283203,218.0760040283203,218.052001953125,218.05599975585938
1785138420,218.06700134277344,218.06900024414062,218.02499389648438,218.0279998779297
1785138480,218.0279998779297,218.05299377441406,218.0260009765625,218.05099487304688
1785138540,218.052001953125,218.06100463867188,218.03900146484375,218.0449981689453
1785138600,218.05299377441406,218.0709991455078,218.0449981689453,218.0590057373047
1785138660,218.05499267578125,218.0780029296875,218.04800415039062,218.06500244140625
1785138720,218.0570068359375,218.0800018310547,218.05499267578125,218.0780029296875
1785138780,218.0760040283203,218.0919952392578,218.05299377441406,218.07200622558594
1785138840,218.07200622558594,218.08200073242188,218.0449981689453,218.06300354003906
1785138900,218.06300354003906,218.08399963378906,218.05499267578125,218.08099365234375
1785138960,218.08200073242188,218.08900451660156,218.06700134277344,218.0760040283203
1785139020,218.0679931640625,218.09500122070312,218.04800415039062,218.08700561523438
1785139080,218.08299255371094,218.09100341796875,218.0659942626953,218.0780029296875
1785139140,218.0780029296875,218.08999633789062,218.03399658203125,218.0449981689453
1785139200,218.052001953125,218.08999633789062,217.97500610351562,218.08399963378906
1785139260,218.08399963378906,218.09100341796875,218.0540008544922,218.06900024414062
1785139320,218.06700134277344,218.072998046875,218.04800415039062,218.0659942626953
1785139380,218.0679931640625,218.08700561523438,218.05499267578125,218.07000732421875
1785139440,218.07000732421875,218.0850067138672,218.06100463867188,218.06399536132812
1785139500,218.06100463867188,218.0780029296875,218.031005859375,218.04100036621094
1785139560,218.0399932861328,218.04100036621094,218.0030059814453,218.01199340820312
1785139620,218.01199340820312,218.03900146484375,217.9929962158203,218.0260009765625
1785139680,218.0260009765625,218.04100036621094,218.0019989013672,218.02099609375
1785139740,218.01300048828125,218.0279998779297,217.99200439453125,217.9949951171875
1785139800,218.0019989013672,218.04100036621094,217.98500061035156,218.0399932861328
1785139860,218.03500366210938,218.04800415039062,218.02200317382812,218.03399658203125
1785139920,218.03500366210938,218.0469970703125,218.02699279785156,218.04200744628906
1785139980,218.04200744628906,218.0570068359375,218.0260009765625,218.04600524902344
1785140040,218.0469970703125,218.0469970703125,218.01800537109375,218.0290069580078
1785140100,218.02000427246094,218.02999877929688,217.98500061035156,217.99000549316406
1785140160,217.98500061035156,218.0279998779297,217.98500061035156,218.02200317382812
1785140220,218.0260009765625,218.04400634765625,218.0189971923828,218.0290069580078
1785140280,218.031005859375,218.04800415039062,218.0240020751953,218.04299926757812
1785140340,218.03700256347656,218.06100463867188,218.0279998779297,218.04400634765625
1785140400,218.0469970703125,218.05299377441406,218.01600646972656,218.0279998779297
1785140460,218.0260009765625,218.0330047607422,218.0030059814453,218.0030059814453
1785140520,218.00999450683594,218.01699829101562,217.99899291992188,218.0019989013672
1785140580,218.0019989013672,218.03900146484375,218.0019989013672,218.01699829101562
1785140640,218.01699829101562,218.0399932861328,218.01600646972656,218.03799438476562
1785140700,218.03199768066406,218.0469970703125,218.0260009765625,218.0279998779297
1785140760,218.0260009765625,218.04400634765625,218.0260009765625,218.03500366210938
1785140820,218.03500366210938,218.05999755859375,218.0330047607422,218.04600524902344
1785140880,218.0500030517578,218.07000732421875,218.0399932861328,218.0469970703125
1785140940,218.0469970703125,218.0679931640625,218.0469970703125,218.05799865722656
1785141000,218.0469970703125,218.06399536132812,218.03399658203125,218.04200744628906
1785141060,218.03500366210938,218.0489959716797,218.03399658203125,218.03700256347656
1785141120,218.03599548339844,218.05799865722656,218.02000427246094,218.04800415039062
1785141180,218.04800415039062,218.07699584960938,218.04800415039062,218.0749969482422
1785141240,218.06900024414062,218.0800018310547,218.05799865722656,218.0709991455078
1785141300,218.0709991455078,218.08299255371094,218.0540008544922,218.07699584960938
1785141360,218.07699584960938,218.0850067138672,218.06300354003906,218.0760040283203
1785141420,218.06500244140625,218.09500122070312,218.06500244140625,218.08700561523438
1785141480,218.08999633789062,218.1020050048828,218.08700561523438,218.08799743652344
1785141540,218.08799743652344,218.10400390625,218.08599853515625,218.09800720214844
1785141600,218.09800720214844,218.1060028076172,218.08299255371094,218.0959930419922
1785141660,218.09500122070312,218.0970001220703,218.07899475097656,218.08999633789062
1785141720,218.08999633789062,218.10400390625,218.07400512695312,218.09100341796875
1785141780,218.08099365234375,218.09100341796875,218.06500244140625,218.08099365234375
1785141840,218.08099365234375,218.08700561523438,218.04800415039062,218.06300354003906
1785141900,218.06500244140625,218.10000610351562,218.0590057373047,218.093994140625
1785141960,218.10000610351562,218.10800170898438,218.0850067138672,218.0970001220703
1785142020,218.093994140625,218.10899353027344,218.08299255371094,218.10000610351562
1785142080,218.09300231933594,218.0989990234375,218.06900024414062,218.08799743652344
1785142140,218.072998046875,218.0970001220703,218.07000732421875,218.07000732421875
1785142200,218.07000732421875,218.08900451660156,218.06700134277344,218.0800018310547
1785142260,218.0800018310547,218.08799743652344,218.05499267578125,218.0709991455078
1785142320,218.0709991455078,218.08200073242188,218.06100463867188,218.07400512695312
1785142380,218.0749969482422,218.0780029296875,218.05299377441406,218.06300354003906
1785142440,218.06300354003906,218.0970001220703,218.06300354003906,218.07899475097656
1785142500,218.07899475097656,218.10499572753906,218.07899475097656,218.0919952392578
1785142560,218.1009979248047,218.10400390625,218.07699584960938,218.08799743652344
1785142620,218.08900451660156,218.12899780273438,218.08599853515625,218.12100219726562
1785142680,218.11399841308594,218.12899780273438,218.11099243164062,218.11900329589844
1785142740,218.11900329589844,218.1280059814453,218.0919952392578,218.0919952392578
1785142800,218.0919952392578,218.1009979248047,218.07400512695312,218.07400512695312
1785142860,218.07400512695312,218.10800170898438,218.07400512695312,218.08799743652344
1785142920,218.08599853515625,218.0989990234375,218.0800018310547,218.08599853515625
1785142980,218.08599853515625,218.10400390625,218.06900024414062,218.09800720214844
1785143040,218.09800720214844,218.10899353027344,218.08700561523438,218.1009979248047
1785143100,218.1009979248047,218.11900329589844,218.09300231933594,218.10800170898438
1785143160,218.10699462890625,218.12899780273438,218.1020050048828,218.1199951171875
1785143220,218.1199951171875,218.1529998779297,218.11900329589844,218.1269989013672
1785143280,218.1300048828125,218.13800048828125,218.1179962158203,218.13600158691406
1785143340,218.13499450683594,218.13999938964844,218.0760040283203,218.0800018310547
1785143400,218.0800018310547,218.0959930419922,218.05999755859375,218.06199645996094
1785143460,218.07000732421875,218.0989990234375,218.06199645996094,218.09800720214844
1785143520,218.09500122070312,218.10699462890625,218.07699584960938,218.07699584960938
1785143580,218.08599853515625,218.0959930419922,218.072998046875,218.0760040283203
1785143640,218.0760040283203,218.08999633789062,218.06500244140625,218.08700561523438
1785143700,218.0780029296875,218.10299682617188,218.0780029296875,218.10299682617188
1785143760,218.1009979248047,218.13600158691406,218.09500122070312,218.13600158691406
1785143820,218.13600158691406,218.13699340820312,218.1060028076172,218.12399291992188
1785143880,218.11500549316406,218.125,218.09300231933594,218.11000061035156
1785143940,218.11000061035156,218.125,218.0989990234375,218.11399841308594
1785144000,218.11399841308594,218.13800048828125,218.09500122070312,218.0970001220703
1785144060,218.0970001220703,218.10699462890625,218.0780029296875,218.08599853515625
1785144120,218.0850067138672,218.093994140625,218.072998046875,218.08399963378906
1785144180,218.08399963378906,218.08999633789062,218.06500244140625,218.06700134277344
1785144240,218.06700134277344,218.07699584960938,218.0500030517578,218.0570068359375
1785144300,218.0500030517578,218.0780029296875,218.0500030517578,218.0590057373047
1785144360,218.0590057373047,218.07200622558594,218.04600524902344,218.04600524902344
1785144420,218.05299377441406,218.0709991455078,218.03500366210938,218.06700134277344
1785144480,218.06199645996094,218.08799743652344,218.05999755859375,218.0659942626953
1785144540,218.06500244140625,218.07699584960938,218.04200744628906,218.0540008544922
1785144600,218.0540008544922,218.07899475097656,218.05299377441406,218.06500244140625
1785144660,218.06500244140625,218.08900451660156,218.0570068359375,218.0780029296875
1785144720,218.0780029296875,218.09500122070312,218.072998046875,218.07699584960938
1785144780,218.07699584960938,218.08599853515625,218.0540008544922,218.0679931640625
1785144840,218.06500244140625,218.0780029296875,218.05599975585938,218.06500244140625
1785144900,218.06500244140625,218.07200622558594,218.0469970703125,218.0590057373047
1785144960,218.0489959716797,218.06199645996094,218.04400634765625,218.0489959716797
1785145020,218.0489959716797,218.05799865722656,218.04299926757812,218.052001953125
1785145080,218.04800415039062,218.09100341796875,218.04800415039062,218.0780029296875
1785145140,218.08299255371094,218.1060028076172,218.0749969482422,218.09500122070312
1785145200,218.09500122070312,218.11500549316406,218.0760040283203,218.0780029296875
1785145260,218.08399963378906,218.1060028076172,218.0780029296875,218.1009979248047
1785145320,218.1009979248047,218.11300659179688,218.0850067138672,218.08799743652344
1785145380,218.08700561523438,218.1020050048828,218.08299255371094,218.0959930419922
1785145440,218.0959930419922,218.1020050048828,218.06500244140625,218.0659942626953
1785145500,218.0659942626953,218.0959930419922,218.06500244140625,218.08399963378906
1785145560,218.08999633789062,218.09100341796875,218.06900024414062,218.0800018310547
1785145620,218.0800018310547,218.08799743652344,218.06700134277344,218.06700134277344
1785145680,218.06700134277344,218.08799743652344,218.06700134277344,218.08099365234375
1785145740,218.08099365234375,218.08999633789062,218.0469970703125,218.0469970703125
1785145800,218.0500030517578,218.05499267578125,218.03900146484375,218.0489959716797
1785145860,218.0489959716797,218.0500030517578,218.00399780273438,218.01699829101562
1785145920,218.01400756835938,218.0229949951172,217.99400329589844,217.99600219726562
1785145980,217.99600219726562,218.0260009765625,217.99600219726562,218.01699829101562
1785146040,218.02499389648438,218.02699279785156,217.9980010986328,217.99899291992188
1785146100,217.99899291992188,218.02499389648438,217.99099731445312,218.0240020751953
1785146160,218.0189971923828,218.02699279785156,217.99400329589844,217.9969940185547
1785146220,218.0030059814453,218.01699829101562,217.99000549316406,218.0
1785146280,218.0,218.00999450683594,217.99099731445312,217.9980010986328
1785146340,218.0070037841797,218.01800537109375,217.9969940185547,217.9980010986328
1785146400,217.9980010986328,218.02200317382812,217.98500061035156,218.0189971923828
1785146460,218.01300048828125,218.0570068359375,218.01100158691406,218.05299377441406
1785146520,218.04800415039062,218.0780029296875,218.04400634765625,218.0749969482422
1785146580,218.06399536132812,218.09500122070312,218.06300354003906,218.0850067138672
1785146640,218.08099365234375,218.08900451660156,218.0760040283203,218.08099365234375
1785146700,218.08099365234375,218.08700561523438,218.06100463867188,218.06399536132812
1785146760,218.07200622558594,218.07400512695312,218.052001953125,218.0679931640625
1785146820,218.06399536132812,218.0780029296875,218.06300354003906,218.0709991455078
1785146880,218.0709991455078,218.0709991455078,218.04800415039062,218.05499267578125
1785146940,218.05499267578125,218.07899475097656,218.0540008544922,218.0709991455078
1785147000,218.0760040283203,218.08099365234375,218.0449981689453,218.0469970703125
1785147060,218.05299377441406,218.05499267578125,218.0189971923828,218.0279998779297
1785147120,218.02000427246094,218.03700256347656,218.00399780273438,218.01600646972656
1785147180,218.00799560546875,218.03700256347656,217.98899841308594,217.99400329589844
1785147240,217.99400329589844,218.02699279785156,217.99400329589844,218.0260009765625
1785147300,218.0189971923828,218.04800415039062,218.01600646972656,218.02999877929688
1785147360,218.03599548339844,218.0449981689453,218.0279998779297,218.03199768066406
1785147420,218.03199768066406,218.04600524902344,218.0070037841797,218.01300048828125
1785147480,218.02099609375,218.0279998779297,217.99200439453125,217.99200439453125
1785147540,218.0050048828125,218.02099609375,217.98699951171875,217.9929962158203
1785147600,217.9929962158203,218.02499389648438,217.9929962158203,218.00799560546875
1785147660,218.01499938964844,218.03700256347656,218.00999450683594,218.0279998779297
1785147720,218.0279998779297,218.0489959716797,218.01300048828125,218.04200744628906
1785147780,218.04400634765625,218.04800415039062,218.02499389648438,218.02699279785156
1785147840,218.02699279785156,218.04200744628906,218.02099609375,218.0229949951172
1785147900,218.0229949951172,218.03799438476562,218.01400756835938,218.0240020751953
1785147960,218.0189971923828,218.03399658203125,218.01199340820312,218.01199340820312
1785148020,218.01199340820312,218.02499389648438,218.0050048828125,218.00599670410156
1785148080,218.00599670410156,218.01699829101562,217.9810028076172,217.9810028076172
1785148140,217.9810028076172,217.9949951171875,217.9810028076172,217.9929962158203
1785148200,217.9810028076172,217.99600219726562,217.9669952392578,217.98500061035156
1785148260,217.99400329589844,218.00100708007812,217.97999572753906,217.9969940185547
1785148320,217.98899841308594,218.00599670410156,217.98300170898438,217.98500061035156
1785148380,217.98399353027344,218.01100158691406,217.98199462890625,217.99899291992188
1785148440,218.00399780273438,218.0070037841797,217.98599243164062,217.9949951171875
1785148500,217.99000549316406,218.00100708007812,217.98199462890625,217.99099731445312
1785148560,217.99099731445312,218.00399780273438,217.98699951171875,217.9949951171875
1785148620,217.9949951171875,218.00799560546875,217.98199462890625,217.98800659179688
1785148680,217.98500061035156,218.00799560546875,217.9810028076172,218.00100708007812
1785148740,218.0070037841797,218.0260009765625,218.0,218.01199340820312
1785148800,218.01199340820312,218.03700256347656,218.01199340820312,218.0290069580078
1785148860,218.02099609375,218.0449981689453,218.0189971923828,218.0330047607422
1785148920,218.0330047607422,218.0500030517578,218.0290069580078,218.0449981689453
1785148980,218.0489959716797,218.05799865722656,218.02000427246094,218.02999877929688
1785149040,218.0229949951172,218.04600524902344,218.01600646972656,218.0260009765625
1785149100,218.02699279785156,218.03500366210938,218.0050048828125,218.01300048828125
1785149160,218.00599670410156,218.01499938964844,217.99000549316406,218.0030059814453
1785149220,218.00599670410156,218.02699279785156,218.0,218.02000427246094
1785149280,218.02000427246094,218.03399658203125,218.01600646972656,218.0290069580078
1785149340,218.02499389648438,218.0290069580078,218.00100708007812,218.00799560546875
1785149400,218.01600646972656,218.0240020751953,218.0030059814453,218.01699829101562
1785149460,218.01499938964844,218.01800537109375,217.97900390625,217.98699951171875
1785149520,217.9810028076172,217.9980010986328,217.9669952392578,217.97799682617188
1785149580,217.9709930419922,217.99099731445312,217.968994140625,217.968994140625
1785149640,217.968994140625,217.9770050048828,217.95199584960938,217.9720001220703
1785149700,217.9720001220703,217.9810028076172,217.94900512695312,217.9499969482422
1785149760,217.9499969482422,217.95899963378906,217.87899780273438,217.88800048828125
1785149820,217.88900756835938,217.90899658203125,217.86199951171875,217.87899780273438
1785149880,217.8719940185547,217.88499450683594,217.85899353027344,217.86000061035156
1785149940,217.86000061035156,217.88999938964844,217.843994140625,217.87399291992188
1785150000,217.87100219726562,217.92100524902344,217.85899353027344,217.91900634765625
1785150060,217.91200256347656,217.92599487304688,217.8780059814453,217.8780059814453
1785150120,217.88099670410156,217.90899658203125,217.8699951171875,217.88900756835938
1785150180,217.88099670410156,217.8979949951172,217.86099243164062,217.86599731445312
1785150240,217.86599731445312,217.88600158691406,217.86099243164062,217.8730010986328
1785150300,217.87600708007812,217.8769989013672,217.83399963378906,217.8470001220703
1785150360,217.8470001220703,217.86199951171875,217.8300018310547,217.8419952392578
1785150420,217.85699462890625,217.85699462890625,217.80799865722656,217.80799865722656
1785150480,217.8209991455078,217.8249969482422,217.79400634765625,217.80099487304688
1785150540,217.80099487304688,217.83900451660156,217.79200744628906,217.7969970703125
1785150600,217.7969970703125,217.81900024414062,217.79100036621094,217.8040008544922
1785150660,217.81399536132812,217.82000732421875,217.7969970703125,217.81900024414062
1785150720,217.81399536132812,217.83599853515625,217.78399658203125,217.802001953125
1785150780,217.80099487304688,217.81500244140625,217.78900146484375,217.81100463867188
1785150840,217.81100463867188,217.84800720214844,217.79600524902344,217.83399963378906
1785150900,217.83399963378906,217.85499572753906,217.8249969482422,217.84300231933594
1785150960,217.84300231933594,217.86500549316406,217.83700561523438,217.85400390625
1785151020,217.85400390625,217.88699340820312,217.85400390625,217.8800048828125
1785151080,217.8800048828125,217.90499877929688,217.86900329589844,217.87899780273438
1785151140,217.8730010986328,217.89599609375,217.86900329589844,217.88699340820312
1785151200,217.88699340820312,217.8979949951172,217.88600158691406,217.89100646972656
1785151260,217.89199829101562,217.89999389648438,217.8769989013672,217.88499450683594
1785151320,217.88999938964844,217.91600036621094,217.88299560546875,217.88800048828125
1785151380,217.88499450683594,217.9040069580078,217.88400268554688,217.8939971923828
1785151440,217.89199829101562,217.89700317382812,217.85899353027344,217.86300659179688
1785151500,217.86300659179688,217.88800048828125,217.86099243164062,217.8730010986328
1785151560,217.8730010986328,217.8800048828125,217.8489990234375,217.8560028076172
1785151620,217.8560028076172,217.86700439453125,217.84300231933594,217.85899353027344
1785151680,217.85899353027344,217.88600158691406,217.85699462890625,217.87600708007812
1785151740,217.88299560546875,217.89599609375,217.86599731445312,217.8679962158203
1785151800,217.86399841308594,217.9040069580078,217.86199951171875,217.89700317382812
1785151860,217.89599609375,217.927001953125,217.89599609375,217.9219970703125
1785151920,217.927001953125,217.9290008544922,217.8939971923828,217.89700317382812
1785151980,217.89700317382812,217.9040069580078,217.76100158691406,217.81500244140625
1785152040,217.81500244140625,217.86399841308594,217.81300354003906,217.8300018310547
1785152100,217.8300018310547,217.8560028076172,217.82899475097656,217.8470001220703
1785152160,217.8470001220703,217.86399841308594,217.83299255371094,217.85499572753906
1785152220,217.8509979248047,217.86300659179688,217.83999633789062,217.85400390625
1785152280,217.85000610351562,217.86399841308594,217.84800720214844,217.85299682617188
1785152340,217.85299682617188,217.86399841308594,217.822998046875,217.8260040283203
1785152400,217.8249969482422,217.84500122070312,217.82200622558594,217.843994140625
1785152460,217.83700561523438,217.8470001220703,217.83299255371094,217.843994140625
1785152520,217.8560028076172,217.86399841308594,217.83299255371094,217.8509979248047
1785152580,217.8459930419922,217.87600708007812,217.8350067138672,217.86700439453125
1785152640,217.86099243164062,217.8769989013672,217.83700561523438,217.8470001220703
1785152700,217.8459930419922,217.8560028076172,217.8280029296875,217.84300231933594
1785152760,217.85299682617188,217.86900329589844,217.84300231933594,217.8560028076172
1785152820,217.8560028076172,217.8769989013672,217.8560028076172,217.86900329589844
1785152880,217.8679962158203,217.87600708007812,217.83200073242188,217.8470001220703
1785152940,217.8470001220703,217.87600708007812,217.84100341796875,217.84800720214844
1785153000,217.84800720214844,217.875,217.84300231933594,217.8459930419922
1785153060,217.8489990234375,217.85400390625,217.8280029296875,217.84100341796875
1785153120,217.84100341796875,217.8560028076172,217.81900024414062,217.8419952392578
1785153180,217.84300231933594,217.85699462890625,217.8280029296875,217.8419952392578
1785153240,217.83999633789062,217.86000061035156,217.8300018310547,217.8560028076172
1785153300,217.8509979248047,217.85699462890625,217.82400512695312,217.8280029296875
1785153360,217.8280029296875,217.84500122070312,217.822998046875,217.8350067138672
1785153420,217.84500122070312,217.8520050048828,217.8260040283203,217.8419952392578
1785153480,217.8419952392578,217.87600708007812,217.83700561523438,217.86199951171875
1785153540,217.87399291992188,217.88999938964844,217.86099243164062,217.8679962158203
1785153600,217.8679962158203,217.89500427246094,217.8679962158203,217.8800048828125
1785153660,217.8820037841797,217.9010009765625,217.8719940185547,217.87600708007812
1785153720,217.87600708007812,217.8990020751953,217.87100219726562,217.88999938964844
1785153780,217.90199279785156,217.9199981689453,217.88900756835938,217.90699768066406
1785153840,217.90699768066406,217.91600036621094,217.89599609375,217.8979949951172
1785153900,217.8979949951172,217.91600036621094,217.89300537109375,217.90499877929688
1785153960,217.91400146484375,217.91400146484375,217.8939971923828,217.89999389648438
1785154020,217.89999389648438,217.92599487304688,217.89700317382812,217.91400146484375
1785154080,217.90899658203125,217.9219970703125,217.88099670410156,217.9040069580078
1785154140,217.9040069580078,217.91600036621094,217.88999938964844,217.89500427246094
1785154200,217.89500427246094,217.9040069580078,217.85699462890625,217.8719940185547
1785154260,217.87600708007812,217.88600158691406,217.85699462890625,217.85699462890625
1785154320,217.85800170898438,217.8679962158203,217.843994140625,217.86000061035156
1785154380,217.85400390625,217.86700439453125,217.8419952392578,217.8470001220703
1785154440,217.8470001220703,217.8699951171875,217.81900024414062,217.83299255371094
1785154500,217.822998046875,217.83900451660156,217.80599975585938,217.81700134277344
1785154560,217.8159942626953,217.8459930419922,217.80999755859375,217.83200073242188
1785154620,217.83200073242188,217.84500122070312,217.81199645996094,217.83399963378906
1785154680,217.82699584960938,217.843994140625,217.822998046875,217.83399963378906
1785154740,217.82899475097656,217.85800170898438,217.8249969482422,217.84800720214844
1785154800,217.84800720214844,217.88400268554688,217.8470001220703,217.87399291992188
1785154860,217.8730010986328,217.88600158691406,217.8489990234375,217.88499450683594
1785154920,217.88299560546875,217.88800048828125,217.86500549316406,217.88699340820312
1785154980,217.87600708007812,217.89100646972656,217.86199951171875,217.88499450683594
1785155040,217.87899780273438,217.88699340820312,217.86300659179688,217.86399841308594
1785155100,217.86399841308594,217.88699340820312,217.85899353027344,217.86900329589844
1785155160,217.86199951171875,217.8699951171875,217.85400390625,217.85800170898438
1785155220,217.8560028076172,217.9040069580078,217.85400390625,217.89999389648438
1785155280,217.89100646972656,217.89999389648438,217.86399841308594,217.86700439453125
1785155340,217.86700439453125,217.88400268554688,217.85299682617188,217.8820037841797
1785155400,217.85299682617188,217.88400268554688,217.82200622558594,217.8419952392578
1785155460,217.8419952392578,217.84800720214844,217.82200622558594,217.8280029296875
1785155520,217.83399963378906,217.85499572753906,217.8280029296875,217.8470001220703
1785155580,217.8470001220703,217.85299682617188,217.81199645996094,217.81199645996094
1785155640,217.82200622558594,217.85699462890625,217.81100463867188,217.85000610351562
1785155700,217.85699462890625,217.85899353027344,217.82400512695312,217.83399963378906
1785155760,217.83099365234375,217.83999633789062,217.81900024414062,217.82899475097656
1785155820,217.82899475097656,217.8560028076172,217.82699584960938,217.83799743652344
1785155880,217.83200073242188,217.84100341796875,217.82000732421875,217.8260040283203
1785155940,217.8260040283203,217.8350067138672,217.7830047607422,217.7989959716797
1785156000,217.7989959716797,217.82899475097656,217.7949981689453,217.7969970703125
1785156060,217.80799865722656,217.80799865722656,217.781005859375,217.79400634765625
1785156120,217.79400634765625,217.8040008544922,217.77699279785156,217.8040008544922
1785156180,217.802001953125,217.85499572753906,217.79100036621094,217.84800720214844
1785156240,217.84800720214844,217.86700439453125,217.8419952392578,217.86099243164062
1785156300,217.8520050048828,217.86500549316406,217.8419952392578,217.85299682617188
1785156360,217.86000061035156,217.8780059814453,217.8509979248047,217.86599731445312
1785156420,217.86599731445312,217.9010009765625,217.86199951171875,217.8800048828125
1785156480,217.8800048828125,217.89500427246094,217.86700439453125,217.8780059814453
1785156540,217.86399841308594,217.89300537109375,217.86199951171875,217.88600158691406
1785156600,217.88600158691406,217.9029998779297,217.8699951171875,217.8979949951172
1785156660,217.8939971923828,217.9199981689453,217.88400268554688,217.91400146484375
1785156720,217.9149932861328,217.95399475097656,217.91299438476562,217.94000244140625
1785156780,217.9429931640625,217.9429931640625,217.9010009765625,217.90899658203125
1785156840,217.90899658203125,217.90899658203125,217.8509979248047,217.87899780273438
1785156900,217.8800048828125,217.92999267578125,217.8560028076172,217.92300415039062
1785156960,217.9149932861328,217.93499755859375,217.91200256347656,217.91299438476562
1785157020,217.91799926757812,217.9759979248047,217.91299438476562,217.97000122070312
1785157080,217.97500610351562,217.97999572753906,217.95199584960938,217.96400451660156
1785157140,217.968994140625,217.9709930419922,217.9250030517578,217.927001953125
1785157200,217.92799377441406,217.9320068359375,217.88600158691406,217.9029998779297
1785157260,217.89599609375,217.91400146484375,217.875,217.9029998779297
1785157320,217.8939971923828,217.9010009765625,217.86900329589844,217.88900756835938
1785157380,217.89199829101562,217.9029998779297,217.86599731445312,217.8719940185547
1785157440,217.86700439453125,217.89100646972656,217.86500549316406,217.86500549316406
1785157500,217.86599731445312,217.88499450683594,217.86399841308594,217.88499450683594
1785157560,217.87899780273438,217.89500427246094,217.85000610351562,217.85899353027344
1785157620,217.85899353027344,217.88499450683594,217.85000610351562,217.86900329589844
1785157680,217.86900329589844,217.89599609375,217.86500549316406,217.89199829101562
1785157740,217.89199829101562,217.9010009765625,217.86900329589844,217.88999938964844
1785157800,217.88800048828125,217.89599609375,217.86599731445312,217.88600158691406
1785157860,217.88099670410156,217.9040069580078,217.88099670410156,217.8939971923828
1785157920,217.8939971923828,217.9250030517578,217.89300537109375,217.91200256347656
1785157980,217.89999389648438,217.927001953125,217.89599609375,217.92300415039062
1785158040,217.92599487304688,217.94700622558594,217.91200256347656,217.927001953125
1785158100,217.92300415039062,217.9250030517578,217.88900756835938,217.89700317382812
1785158160,217.89700317382812,217.89999389648438,217.87399291992188,217.87899780273438
1785158220,217.88800048828125,217.90199279785156,217.86500549316406,217.88499450683594
1785158280,217.8979949951172,217.91400146484375,217.88499450683594,217.8990020751953
1785158340,217.8990020751953,217.91200256347656,217.88699340820312,217.89300537109375
1785158400,217.89300537109375,217.91700744628906,217.88099670410156,217.91099548339844
1785158460,217.91099548339844,217.92100524902344,217.8939971923828,217.9010009765625
1785158520,217.9010009765625,217.9199981689453,217.89999389648438,217.91700744628906
1785158580,217.91600036621094,217.93800354003906,217.91600036621094,217.91900634765625
1785158640,217.91900634765625,217.93499755859375,217.9029998779297,217.9239959716797
1785158700,217.92100524902344,217.92599487304688,217.89100646972656,217.91799926757812
1785158760,217.91799926757812,217.92999267578125,217.9010009765625,217.92599487304688
1785158820,217.91900634765625,217.9340057373047,217.90899658203125,217.91900634765625
1785158880,217.91600036621094,217.93299865722656,217.91299438476562,217.91700744628906
1785158940,217.9250030517578,217.9530029296875,217.91799926757812,217.94500732421875
1785159000,217.9499969482422,218.0290069580078,217.94400024414062,218.01699829101562
1785159060,218.0279998779297,218.03900146484375,217.99200439453125,217.99400329589844
1785159120,218.00399780273438,218.0240020751953,217.9770050048828,218.0070037841797
1785159180,218.01400756835938,218.0189971923828,217.98300170898438,217.99899291992188
1785159240,217.99899291992188,218.02200317382812,217.99099731445312,218.00100708007812
1785159300,218.00100708007812,218.02099609375,217.98699951171875,218.0030059814453
1785159360,218.0030059814453,218.01699829101562,217.9949951171875,218.00399780273438
1785159420,218.00799560546875,218.01800537109375,217.99000549316406,218.0030059814453
1785159480,217.9980010986328,218.0279998779297,217.99000549316406,218.02000427246094
1785159540,218.02000427246094,218.03399658203125,218.00399780273438,218.01600646972656
1785159600,218.01699829101562,218.03700256347656,217.99600219726562,218.0260009765625
1785159660,218.02200317382812,218.03700256347656,218.01499938964844,218.02699279785156
1785159720,218.02699279785156,218.03599548339844,217.9739990234375,217.98399353027344
1785159780,217.9770050048828,217.99400329589844,217.9550018310547,217.95599365234375
1785159840,217.9550018310547,218.00599670410156,217.9550018310547,217.99400329589844
1785159900,217.98899841308594,218.00399780273438,217.97799682617188,217.99000549316406
1785159960,217.98699951171875,217.9980010986328,217.9720001220703,217.9810028076172
1785160020,217.9810028076172,218.01499938964844,217.97500610351562,217.9980010986328
1785160080,217.9980010986328,218.0070037841797,217.98399353027344,217.9969940185547
1785160140,217.9969940185547,218.02000427246094,217.98399353027344,218.00100708007812
1785160200,218.0030059814453,218.01199340820312,217.98300170898438,218.0
1785160260,218.0,218.0229949951172,218.0,218.01699829101562
1785160320,218.01699829101562,218.03500366210938,218.0030059814453,218.01100158691406
1785160380,218.00999450683594,218.01400756835938,217.97500610351562,217.98800659179688
1785160440,217.98699951171875,217.9929962158203,217.9320068359375,217.93299865722656
1785160500,217.93499755859375,217.94200134277344,217.9149932861328,217.94000244140625
1785160560,217.9340057373047,217.94400024414062,217.91700744628906,217.92999267578125
1785160620,217.92999267578125,217.95399475097656,217.9239959716797,217.9320068359375
1785160680,217.93299865722656,217.9459991455078,217.92100524902344,217.9290008544922
1785160740,217.92599487304688,217.95799255371094,217.92599487304688,217.95700073242188
1785160800,217.9510040283203,217.95899963378906,217.89300537109375,217.9149932861328
1785160860,217.91099548339844,217.94200134277344,217.906005859375,217.9290008544922
1785160920,217.9290008544922,217.97799682617188,217.9250030517578,217.968994140625
1785160980,217.968994140625,217.98599243164062,217.96200561523438,217.96499633789062
1785161040,217.96499633789062,217.98599243164062,217.9550018310547,217.98500061035156
1785161100,217.9759979248047,217.9929962158203,217.95899963378906,217.97000122070312
1785161160,217.96400451660156,217.97500610351562,217.94900512695312,217.96299743652344
1785161220,217.96200561523438,217.9709930419922,217.9340057373047,217.94400024414062
1785161280,217.9340057373047,217.9720001220703,217.9340057373047,217.9669952392578
1785161340,217.9709930419922,217.97799682617188,217.947998046875,217.947998046875
1785161400,217.95399475097656,217.97799682617188,217.9429931640625,217.96400451660156
1785161460,217.96400451660156,217.99099731445312,217.94500732421875,217.98599243164062
1785161520,217.98899841308594,217.99600219726562,217.96800231933594,217.98800659179688
1785161580,217.99600219726562,218.01600646972656,217.9759979248047,218.00599670410156
1785161640,218.00999450683594,218.03399658203125,218.00100708007812,218.01699829101562
1785161700,218.02699279785156,218.03599548339844,217.99899291992188,217.99899291992188
1785161760,218.0019989013672,218.01499938964844,217.98599243164062,217.9980010986328
1785161820,217.9980010986328,218.02000427246094,217.99099731445312,218.0050048828125
1785161880,218.0070037841797,218.02499389648438,217.98800659179688,218.0050048828125
1785161940,218.01400756835938,218.01499938964844,217.97799682617188,217.97799682617188
1785162000,217.97799682617188,217.99200439453125,217.9550018310547,217.9739990234375
1785162060,217.96499633789062,217.98899841308594,217.95700073242188,217.97500610351562
1785162120,217.97500610351562,217.99200439453125,217.968994140625,217.98899841308594
1785162180,217.97799682617188,217.98899841308594,217.93600463867188,217.93899536132812
1785162240,217.9459991455078,217.97999572753906,217.93899536132812,217.9759979248047
1785162300,217.9759979248047,217.97900390625,217.9290008544922,217.94500732421875
1785162360,217.94500732421875,217.94900512695312,217.927001953125,217.94000244140625
1785162420,217.9409942626953,217.95899963378906,217.92599487304688,217.94000244140625
1785162480,217.94400024414062,217.94500732421875,217.9239959716797,217.92999267578125
1785162540,217.9320068359375,217.93499755859375,217.8820037841797,217.88999938964844
1785162600,217.88999938964844,217.91200256347656,217.88400268554688,217.8979949951172
1785162660,217.9010009765625,217.93800354003906,217.88699340820312,217.93699645996094
1785162720,217.93800354003906,217.95599365234375,217.9199981689453,217.93600463867188
1785162780,217.927001953125,217.93699645996094,217.91099548339844,217.92100524902344
1785162840,217.92100524902344,217.9320068359375,217.90499877929688,217.91900634765625
1785162900,217.91799926757812,217.95599365234375,217.91700744628906,217.9340057373047
1785162960,217.93899536132812,217.947998046875,217.91400146484375,217.93600463867188
1785163020,217.93600463867188,217.94000244140625,217.89500427246094,217.9149932861328
1785163080,217.91000366210938,217.927001953125,217.89300537109375,217.90899658203125
1785163140,217.9029998779297,217.91900634765625,217.89700317382812,217.90499877929688
1785163200,217.9040069580078,217.94000244140625,217.88600158691406,217.9149932861328
1785163260,217.91700744628906,217.92999267578125,217.88999938964844,217.89999389648438
1785163320,217.91200256347656,217.91799926757812,217.8990020751953,217.8990020751953
1785163380,217.8990020751953,217.91700744628906,217.87399291992188,217.88999938964844
1785163440,217.88999938964844,217.9029998779297,217.86000061035156,217.86300659179688
1785163500,217.86500549316406,217.88299560546875,217.85699462890625,217.86500549316406
1785163560,217.86500549316406,217.90699768066406,217.85899353027344,217.89500427246094
1785163620,217.88400268554688,217.90199279785156,217.85499572753906,217.86599731445312
1785163680,217.86099243164062,217.89500427246094,217.8419952392578,217.88800048828125
1785163740,217.8820037841797,217.91200256347656,217.8699951171875,217.9010009765625
1785163800,217.9010009765625,217.91900634765625,217.85400390625,217.85400390625
1785163860,217.85400390625,217.88699340820312,217.8489990234375,217.87600708007812
1785163920,217.87100219726562,217.88499450683594,217.85800170898438,217.86199951171875
1785163980,217.86199951171875,217.8780059814453,217.8520050048828,217.86000061035156
1785164040,217.8560028076172,217.87899780273438,217.83200073242188,217.84300231933594
1785164100,217.84100341796875,217.8489990234375,217.82899475097656,217.8350067138672
1785164160,217.8350067138672,217.8419952392578,217.8040008544922,217.8070068359375
1785164220,217.8070068359375,217.8179931640625,217.7449951171875,217.78900146484375
1785164280,217.781005859375,217.7969970703125,217.76499938964844,217.79299926757812
1785164340,217.78799438476562,217.79800415039062,217.76199340820312,217.76300048828125
1785164400,217.76199340820312,217.80599975585938,217.75799560546875,217.76600646972656
1785164460,217.76800537109375,217.7729949951172,217.71800231933594,217.72300720214844
1785164520,217.72300720214844,217.76800537109375,217.72300720214844,217.73800659179688
1785164580,217.74600219726562,217.76499938964844,217.73599243164062,217.7449951171875
1785164640,217.7429962158203,217.80799865722656,217.74200439453125,217.79299926757812
1785164700,217.7969970703125,217.80799865722656,217.7729949951172,217.7949981689453
1785164760,217.79400634765625,217.80999755859375,217.7740020751953,217.78700256347656
1785164820,217.78900146484375,217.81399536132812,217.78599548339844,217.7949981689453
1785164880,217.7949981689453,217.80999755859375,217.78500366210938,217.80999755859375
1785164940,217.80999755859375,217.81399536132812,217.75900268554688,217.75999450683594
1785165000,217.76100158691406,217.781005859375,217.7480010986328,217.75
1785165060,217.7480010986328,217.78500366210938,217.74099731445312,217.76300048828125
1785165120,217.7689971923828,217.7689971923828,217.73199462890625,217.73899841308594
1785165180,217.74099731445312,217.76800537109375,217.74000549316406,217.76499938964844
1785165240,217.75599670410156,217.78199768066406,217.75599670410156,217.77699279785156
1785165300,217.7779998779297,217.78500366210938,217.75399780273438,217.7550048828125
1785165360,217.75599670410156,217.7790069580078,217.7530059814453,217.77499389648438
1785165420,217.77000427246094,217.77699279785156,217.7519989013672,217.76400756835938
1785165480,217.75599670410156,217.78399658203125,217.7530059814453,217.7760009765625
1785165540,217.7760009765625,217.78199768066406,217.75599670410156,217.77999877929688
1785165600,217.781005859375,217.78599548339844,217.76300048828125,217.7760009765625
1785165660,217.77000427246094,217.781005859375,217.7530059814453,217.75399780273438
1785165720,217.75900268554688,217.78399658203125,217.7530059814453,217.76600646972656
1785165780,217.76699829101562,217.78199768066406,217.7469940185547,217.76100158691406
1785165840,217.7469940185547,217.78599548339844,217.74400329589844,217.7729949951172
1785165900,217.76199340820312,217.77499389648438,217.73300170898438,217.75599670410156
1785165960,217.7480010986328,217.76400756835938,217.74200439453125,217.75999450683594
1785166020,217.75999450683594,217.77499389648438,217.73800659179688,217.75
1785166080,217.75,217.75799560546875,217.7310028076172,217.74099731445312
1785166140,217.73699951171875,217.76600646972656,217.73399353027344,217.76499938964844
1785166200,217.76100158691406,217.781005859375,217.73800659179688,217.74400329589844
1785166260,217.75399780273438,217.7760009765625,217.74200439453125,217.77200317382812
1785166320,217.77099609375,217.7740020751953,217.74200439453125,217.75799560546875
1785166380,217.7570037841797,217.77499389648438,217.7480010986328,217.76100158691406
1785166440,217.76100158691406,217.77200317382812,217.72900390625,217.76499938964844
1785166500,217.76499938964844,217.76499938964844,217.73399353027344,217.7530059814453
1785166560,217.74400329589844,217.76499938964844,217.73399353027344,217.74099731445312
1785166620,217.74099731445312,217.7570037841797,217.72999572753906,217.72999572753906
1785166680,217.74000549316406,217.7570037841797,217.72999572753906,217.7480010986328
1785166740,217.74899291992188,217.78199768066406,217.7469940185547,217.76199340820312
1785166800,217.76199340820312,217.7760009765625,217.75399780273438,217.7729949951172
1785166860,217.76499938964844,217.7830047607422,217.75599670410156,217.7689971923828
1785166920,217.7729949951172,217.79299926757812,217.75999450683594,217.7779998779297
1785166980,217.7779998779297,217.79299926757812,217.7689971923828,217.77000427246094
1785167040,217.77999877929688,217.78799438476562,217.73899841308594,217.74200439453125
1785167100,217.74200439453125,217.75599670410156,217.73500061035156,217.7519989013672
1785167160,217.75,217.75,217.7209930419922,217.73500061035156
1785167220,217.7209930419922,217.73800659179688,217.6999969482422,217.70700073242188
1785167280,217.7030029296875,217.7169952392578,217.7010040283203,217.7010040283203
1785167340,217.70199584960938,217.71800231933594,217.69400024414062,217.71200561523438
1785167400,217.6999969482422,217.76400756835938,217.6999969482422,217.76199340820312
1785167460,217.7530059814453,217.7729949951172,217.74000549316406,217.76400756835938
1785167520,217.7729949951172,217.79299926757812,217.75599670410156,217.7729949951172
1785167580,217.77200317382812,217.7969970703125,217.76100158691406,217.78500366210938
1785167640,217.77699279785156,217.78399658203125,217.75399780273438,217.7570037841797
1785167700,217.7550048828125,217.77099609375,217.75,217.7689971923828
1785167760,217.77000427246094,217.79400634765625,217.76199340820312,217.78799438476562
1785167820,217.79200744628906,217.79600524902344,217.77000427246094,217.781005859375
1785167880,217.78500366210938,217.7899932861328,217.76600646972656,217.77099609375
1785167940,217.77000427246094,217.7760009765625,217.74600219726562,217.76100158691406
1785168000,217.75999450683594,217.7830047607422,217.75399780273438,217.76499938964844
1785168060,217.76699829101562,217.78500366210938,217.74099731445312,217.74600219726562
1785168120,217.74899291992188,217.75999450683594,217.7259979248047,217.74600219726562
1785168180,217.74600219726562,217.75900268554688,217.73300170898438,217.74899291992188
1785168240,217.7469940185547,217.7790069580078,217.7469940185547,217.77000427246094
1785168300,217.76199340820312,217.7729949951172,217.7449951171875,217.7570037841797
1785168360,217.7570037841797,217.7689971923828,217.71800231933594,217.7239990234375
1785168420,217.72300720214844,217.7519989013672,217.71299743652344,217.73199462890625
1785168480,217.73199462890625,217.75999450683594,217.7310028076172,217.7429962158203
1785168540,217.7449951171875,217.7550048828125,217.73500061035156,217.73500061035156
1785168600,217.73500061035156,217.74400329589844,217.7259979248047,217.73300170898438
1785168660,217.74099731445312,217.7449951171875,217.72999572753906,217.73300170898438
1785168720,217.7429962158203,217.75,217.73199462890625,217.7449951171875
1785168780,217.7449951171875,217.74899291992188,217.71800231933594,217.7209930419922
1785168840,217.72799682617188,217.74000549316406,217.7169952392578,217.73199462890625
1785168900,217.73199462890625,217.74000549316406,217.71400451660156,217.7259979248047
1785168960,217.718994140625,217.72900390625,217.7030029296875,217.7100067138672
1785169020,217.7050018310547,217.73599243164062,217.70199584960938,217.718994140625
1785169080,217.71800231933594,217.75999450683594,217.71600341796875,217.74000549316406
1785169140,217.74200439453125,217.77000427246094,217.74099731445312,217.75999450683594
1785169200,217.75799560546875,217.7830047607422,217.74099731445312,217.7760009765625
1785169260,217.77200317382812,217.7899932861328,217.76100158691406,217.76300048828125
1785169320,217.77000427246094,217.7740020751953,217.74899291992188,217.75900268554688
1785169380,217.75100708007812,217.76400756835938,217.74200439453125,217.7570037841797
1785169440,217.75399780273438,217.79100036621094,217.75399780273438,217.78799438476562
1785169500,217.78500366210938,217.83700561523438,217.77999877929688,217.80999755859375
1785169560,217.79299926757812,217.83900451660156,217.78199768066406,217.802001953125
1785169620,217.81300354003906,217.8260040283203,217.78700256347656,217.8040008544922
1785169680,217.80599975585938,217.80999755859375,217.77099609375,217.7779998779297
1785169740,217.7740020751953,217.7969970703125,217.7689971923828,217.78500366210938
1785169800,217.78500366210938,217.79600524902344,217.76199340820312,217.7779998779297
1785169860,217.7779998779297,217.77999877929688,217.75599670410156,217.75999450683594
1785169920,217.75999450683594,217.7760009765625,217.7480010986328,217.76400756835938
1785169980,217.7550048828125,217.76600646972656,217.74000549316406,217.74600219726562
1785170040,217.7469940185547,217.76199340820312,217.74000549316406,217.75100708007812
1785170100,217.75100708007812,217.76199340820312,217.73899841308594,217.7429962158203
1785170160,217.7449951171875,217.7570037841797,217.73699951171875,217.74600219726562
1785170220,217.7469940185547,217.75399780273438,217.71299743652344,217.71400451660156
1785170280,217.72000122070312,217.7429962158203,217.71299743652344,217.73399353027344
1785170340,217.7429962158203,217.7429962158203,217.71099853515625,217.7259979248047
1785170400,217.7259979248047,217.74600219726562,217.71499633789062,217.74400329589844
1785170460,217.73300170898438,217.74600219726562,217.7259979248047,217.73599243164062
1785170520,217.73199462890625,217.7429962158203,217.7220001220703,217.73699951171875
1785170580,217.73399353027344,217.73699951171875,217.7100067138672,217.71600341796875
1785170640,217.71600341796875,217.73399353027344,217.71400451660156,217.71800231933594
1785170700,217.718994140625,217.73399353027344,217.718994140625,217.7259979248047
1785170760,217.73300170898438,217.73500061035156,217.70799255371094,217.71499633789062
1785170820,217.71499633789062,217.72900390625,217.70599365234375,217.71499633789062
1785170880,217.71499633789062,217.73399353027344,217.70199584960938,217.73399353027344
1785170940,217.7270050048828,217.73300170898438,217.70399475097656,217.70399475097656
1785171000,217.70399475097656,217.7169952392578,217.69500732421875,217.70399475097656
1785171060,217.70899963378906,217.71200561523438,217.69200134277344,217.69900512695312
1785171120,217.69200134277344,217.71499633789062,217.68800354003906,217.70700073242188
1785171180,217.70700073242188,217.7169952392578,217.69500732421875,217.70199584960938
1785171240,217.70199584960938,217.71499633789062,217.69900512695312,217.6999969482422
1785171300,217.7010040283203,217.71200561523438,217.67999267578125,217.68099975585938
1785171360,217.68299865722656,217.7050018310547,217.67999267578125,217.70399475097656
1785171420,217.6999969482422,217.7259979248047,217.6840057373047,217.71400451660156
1785171480,217.71400451660156,217.73300170898438,217.70399475097656,217.71400451660156
1785171540,217.70799255371094,217.71499633789062,217.69200134277344,217.7030029296875
1785171600,217.7050018310547,217.718994140625,217.697998046875,217.71499633789062
1785171660,217.70799255371094,217.71800231933594,217.6909942626953,217.70199584960938
1785171720,217.70199584960938,217.70599365234375,217.6649932861328,217.66900634765625
1785171780,217.677001953125,217.6790008544922,217.60299682617188,217.61199951171875
1785171840,217.6020050048828,217.61399841308594,217.48599243164062,217.53399658203125
1785171900,217.52999877929688,217.56399536132812,217.4669952392578,217.552001953125
1785171960,217.53900146484375,217.55999755859375,217.5019989013672,217.51699829101562
1785172020,217.5019989013672,217.56300354003906,217.5019989013672,217.5489959716797
1785172080,217.5500030517578,217.56300354003906,217.53900146484375,217.5570068359375
1785172140,217.5489959716797,217.56199645996094,217.53500366210938,217.55499267578125
1785172200,217.5540008544922,217.5659942626953,217.54200744628906,217.55299377441406
1785172260,217.56399536132812,217.58799743652344,217.54400634765625,217.58399963378906
1785172320,217.58700561523438,217.5959930419922,217.5709991455078,217.58299255371094
1785172380,217.59300231933594,217.60400390625,217.56700134277344,217.5760040283203
1785172440,217.56700134277344,217.5850067138672,217.56300354003906,217.57000732421875
1785172500,217.57400512695312,217.5780029296875,217.5500030517578,217.5570068359375
1785172560,217.55799865722656,217.5659942626953,217.53199768066406,217.53799438476562
1785172620,217.5469970703125,217.5540008544922,217.53500366210938,217.54800415039062
1785172680,217.54299926757812,217.55599975585938,217.5290069580078,217.53900146484375
1785172740,217.5399932861328,217.54200744628906,217.51800537109375,217.5229949951172
1785172800,217.531005859375,217.53500366210938,217.50599670410156,217.5260009765625
1785172860,217.5260009765625,217.54800415039062,217.52099609375,217.53500366210938
1785172920,217.54400634765625,217.5469970703125,217.52699279785156,217.5279998779297
1785172980,217.5279998779297,217.53799438476562,217.51699829101562,217.51699829101562
1785173040,217.51699829101562,217.52699279785156,217.48399353027344,217.48800659179688
1785173100,217.49600219726562,217.5070037841797,217.4739990234375,217.48599243164062
1785173160,217.49400329589844,217.50399780273438,217.47999572753906,217.47999572753906
1785173220,217.48800659179688,217.5030059814453,217.47799682617188,217.4810028076172
1785173280,217.49000549316406,217.51100158691406,217.47799682617188,217.49200439453125
1785173340,217.50399780273438,217.50799560546875,217.48500061035156,217.48500061035156
1785173400,217.48699951171875,217.49899291992188,217.4759979248047,217.48699951171875
1785173460,217.48699951171875,217.4969940185547,217.4669952392578,217.48399353027344
1785173520,217.48399353027344,217.53500366210938,217.47799682617188,217.5240020751953
1785173580,217.53399658203125,217.54200744628906,217.52099609375,217.53900146484375
1785173640,217.53799438476562,217.54600524902344,217.52000427246094,217.52699279785156
1785173700,217.5240020751953,217.5330047607422,217.47300720214844,217.48599243164062
1785173760,217.48399353027344,217.4969940185547,217.47500610351562,217.49200439453125
1785173820,217.48699951171875,217.50900268554688,217.48500061035156,217.48599243164062
1785173880,217.48699951171875,217.52200317382812,217.48599243164062,217.51199340820312
1785173940,217.50399780273438,217.51600646972656,217.48899841308594,217.5019989013672
1785174000,217.48899841308594,217.5019989013672,217.46800231933594,217.4720001220703
1785174060,217.48599243164062,217.5070037841797,217.47300720214844,217.5019989013672
1785174120,217.5,217.52099609375,217.49200439453125,217.51300048828125
1785174180,217.51199340820312,217.51300048828125,217.49099731445312,217.4969940185547
1785174240,217.5,217.51600646972656,217.5,217.51499938964844
1785174300,217.51600646972656,217.5189971923828,217.5,217.51600646972656
1785174360,217.5050048828125,217.5469970703125,217.5050048828125,217.54100036621094
1785174420,217.53599548339844,217.54400634765625,217.51800537109375,217.5290069580078
1785174480,217.5279998779297,217.552001953125,217.52499389648438,217.5399932861328
1785174540,217.5449981689453,217.55299377441406,217.5279998779297,217.54600524902344
1785174600,217.53799438476562,217.56199645996094,217.53799438476562,217.5590057373047
1785174660,217.55999755859375,217.56900024414062,217.5540008544922,217.5540008544922
1785174720,217.5540008544922,217.572998046875,217.5540008544922,217.55999755859375
1785174780,217.5590057373047,217.57699584960938,217.55599975585938,217.57400512695312
1785174840,217.57400512695312,217.59300231933594,217.56300354003906,217.58999633789062
1785174900,217.58999633789062,217.593994140625,217.58099365234375,217.59100341796875
1785174960,217.5850067138672,217.59500122070312,217.5800018310547,217.58299255371094
1785175020,217.58299255371094,217.59300231933594,217.56300354003906,217.56700134277344
1785175080,217.56700134277344,217.5970001220703,217.56700134277344,217.58999633789062
1785175140,217.5959930419922,217.61300659179688,217.58599853515625,217.5989990234375
1785175200,217.60699462890625,217.61199951171875,217.57699584960938,217.58599853515625
1785175260,217.58200073242188,217.6009979248047,217.57699584960938,217.58700561523438
1785175320,217.593994140625,217.6009979248047,217.5709991455078,217.5850067138672
1785175380,217.58799743652344,217.6060028076172,217.5800018310547,217.6020050048828
1785175440,217.59300231933594,217.60899353027344,217.58799743652344,217.59500122070312
1785175500,217.5919952392578,217.6060028076172,217.58900451660156,217.593994140625
1785175560,217.5919952392578,217.60299682617188,217.58299255371094,217.59300231933594
1785175620,217.58999633789062,217.593994140625,217.57200622558594,217.5760040283203
1785175680,217.5760040283203,217.5800018310547,217.5659942626953,217.56900024414062
1785175740,217.56900024414062,217.58599853515625,217.5659942626953,217.58299255371094
1785175800,217.58399963378906,217.58799743652344,217.5780029296875,217.57899475097656
1785175860,217.57899475097656,217.58099365234375,217.57000732421875,217.57400512695312
1785175920,217.57200622558594,217.58299255371094,217.57200622558594,217.5749969482422
1785175980,217.5760040283203,217.58200073242188,217.572998046875,217.5749969482422
1785176040,217.5749969482422,217.58900451660156,217.57200622558594,217.58299255371094
1785176100,217.58299255371094,217.58599853515625,217.5659942626953,217.57000732421875
1785176160,217.57000732421875,217.58099365234375,217.56500244140625,217.57000732421875
1785176220,217.56900024414062,217.57400512695312,217.55499267578125,217.57200622558594
1785176280,217.57400512695312,217.59300231933594,217.5709991455078,217.58599853515625
1785176340,217.5850067138672,217.5919952392578,217.56500244140625,217.56700134277344
1785176400,217.5659942626953,217.57899475097656,217.5659942626953,217.5780029296875
1785176460,217.57699584960938,217.58999633789062,217.572998046875,217.5780029296875
1785176520,217.5780029296875,217.58399963378906,217.56900024414062,217.5709991455078
1785176580,217.5709991455078,217.57400512695312,217.56100463867188,217.56100463867188
1785176640,217.56100463867188,217.57899475097656,217.56100463867188,217.5780029296875
1785176700,217.5780029296875,217.58799743652344,217.572998046875,217.5780029296875
1785176760,217.5760040283203,217.58799743652344,217.5760040283203,217.5850067138672
1785176820,217.5850067138672,217.59100341796875,217.572998046875,217.572998046875
1785176880,217.58799743652344,217.58799743652344,217.5679931640625,217.5760040283203
1785176940,217.5760040283203,217.5919952392578,217.57200622558594,217.58999633789062
1785177000,217.58799743652344,217.59500122070312,217.57200622558594,217.5800018310547
1785177060,217.5800018310547,217.5850067138672,217.56900024414062,217.57200622558594
1785177120,217.57200622558594,217.58399963378906,217.56700134277344,217.58399963378906
1785177180,217.58399963378906,217.5919952392578,217.57699584960938,217.58399963378906
1785177240,217.58399963378906,217.58599853515625,217.57000732421875,217.57200622558594
1785177300,217.57200622558594,217.57200622558594,217.56300354003906,217.56700134277344
1785177360,217.56700134277344,217.5780029296875,217.56700134277344,217.57200622558594
1785177420,217.57200622558594,217.593994140625,217.57200622558594,217.58299255371094
1785177480,217.58299255371094,217.5850067138672,217.56900024414062,217.58299255371094
1785177540,217.58200073242188,217.58599853515625,217.56900024414062,217.57000732421875
1785177600,217.57000732421875,217.58200073242188,217.56500244140625,217.57400512695312
1785177660,217.58200073242188,217.61700439453125,217.57899475097656,217.61700439453125
1785177720,217.61500549316406,217.61700439453125,217.60000610351562,217.60499572753906
1785177780,217.60299682617188,217.60899353027344,217.58399963378906,217.60499572753906
1785177840,217.60499572753906,217.6060028076172,217.5850067138672,217.58900451660156
1785177900,217.58999633789062,217.61099243164062,217.58900451660156,217.60800170898438
1785177960,217.61700439453125,217.6230010986328,217.60899353027344,217.6230010986328
1785178020,217.6230010986328,217.62399291992188,217.5959930419922,217.60000610351562
1785178080,217.5989990234375,217.6060028076172,217.59100341796875,217.6060028076172
1785178140,217.60000610351562,217.60000610351562,217.5800018310547,217.58700561523438
1785178200,217.58599853515625,217.60299682617188,217.58399963378906,217.60000610351562
1785178260,217.60000610351562,217.61099243164062,217.59500122070312,217.6009979248047
1785178320,217.6009979248047,217.62899780273438,217.60000610351562,217.6219940185547
1785178380,217.6219940185547,217.63400268554688,217.6219940185547,217.62600708007812
1785178440,217.62600708007812,217.6280059814453,217.61900329589844,217.62399291992188
1785178500,217.62399291992188,217.63600158691406,217.61000061035156,217.625
1785178560,217.6280059814453,217.6280059814453,217.61199951171875,217.6199951171875
1785178620,217.61900329589844,217.62899780273438,217.60800170898438,217.60800170898438
1785178680,217.60800170898438,217.6199951171875,217.60000610351562,217.60800170898438
1785178740,217.60899353027344,217.63099670410156,217.60000610351562,217.625
1785178800,217.63499450683594,217.66299438476562,217.63099670410156,217.64300537109375
1785178860,217.64300537109375,217.64300537109375,217.62399291992188,217.6269989013672
1785178920,217.62600708007812,217.63600158691406,217.62399291992188,217.63499450683594
1785178980,217.63499450683594,217.64300537109375,217.63299560546875,217.63299560546875
1785179040,217.63299560546875,217.63499450683594,217.6179962158203,217.625
1785179100,217.625,217.62600708007812,217.61700439453125,217.62100219726562
1785179160,217.6199951171875,217.63499450683594,217.6199951171875,217.6320037841797
1785179220,217.63099670410156,217.63299560546875,217.62100219726562,217.6219940185547
1785179280,217.6219940185547,217.62399291992188,217.6199951171875,217.6219940185547
1785179340,217.6230010986328,217.63099670410156,217.6219940185547,217.6269989013672
1785179400,217.6269989013672,217.6439971923828,217.6269989013672,217.63800048828125
1785179460,217.63800048828125,217.63800048828125,217.62100219726562,217.625
1785179520,217.625,217.63099670410156,217.60699462890625,217.60699462890625
1785179580,217.60699462890625,217.61500549316406,217.60499572753906,217.60699462890625
1785179640,217.60699462890625,217.61000061035156,217.60499572753906,217.60699462890625
1785179700,217.61000061035156,217.6230010986328,217.6060028076172,217.6230010986328
1785179760,217.6230010986328,217.6300048828125,217.6179962158203,217.6230010986328
1785179820,217.62100219726562,217.625,217.61099243164062,217.61099243164062
1785179880,217.61199951171875,217.6199951171875,217.60899353027344,217.61300659179688
1785179940,217.61099243164062,217.62100219726562,217.61000061035156,217.61500549316406
1785180000,217.61399841308594,217.63299560546875,217.61199951171875,217.625
1785180060,217.625,217.62899780273438,217.61199951171875,217.6199951171875
1785180120,217.6199951171875,217.63999938964844,217.61900329589844,217.63400268554688
1785180180,217.63400268554688,217.63600158691406,217.63099670410156,217.63099670410156
1785180240,217.63099670410156,217.64100646972656,217.6300048828125,217.63600158691406
1785180300,217.63499450683594,217.6439971923828,217.63400268554688,217.63999938964844
1785180360,217.63999938964844,217.63999938964844,217.63699340820312,217.63900756835938
1785180420,217.63800048828125,217.65199279785156,217.63699340820312,217.6439971923828
1785180480,217.6439971923828,217.64599609375,217.6320037841797,217.63699340820312
1785180540,217.63699340820312,217.63999938964844,217.63400268554688,217.63800048828125
1785180600,217.63800048828125,217.63999938964844,217.61700439453125,217.63400268554688
1785180660,217.6320037841797,217.64999389648438,217.6269989013672,217.63099670410156
1785180720,217.63099670410156,217.64599609375,217.62100219726562,217.6230010986328
1785180780,217.6230010986328,217.64300537109375,217.6219940185547,217.63699340820312
1785180840,217.63699340820312,217.64100646972656,217.6269989013672,217.6269989013672
1785180900,217.6269989013672,217.63299560546875,217.62399291992188,217.6320037841797
1785180960,217.6320037841797,217.63999938964844,217.63099670410156,217.63099670410156
1785181020,217.63099670410156,217.64300537109375,217.6269989013672,217.63400268554688
1785181080,217.63400268554688,217.63400268554688,217.6230010986328,217.6269989013672
1785181140,217.6269989013672,217.64700317382812,217.6269989013672,217.64300537109375
1785181200,217.64700317382812,217.65699768066406,217.63900756835938,217.6490020751953
1785181260,217.6490020751953,217.6529998779297,217.64500427246094,217.64599609375
1785181320,217.64599609375,217.6580047607422,217.63999938964844,217.64700317382812
1785181380,217.64700317382812,217.6529998779297,217.64100646972656,217.64100646972656
1785181440,217.64100646972656,217.64700317382812,217.63600158691406,217.63699340820312
1785181500,217.63699340820312,217.6540069580078,217.63299560546875,217.64199829101562
1785181560,217.64100646972656,217.64599609375,217.625,217.62899780273438
1785181620,217.62899780273438,217.63600158691406,217.61700439453125,217.6230010986328
1785181680,217.61900329589844,217.6300048828125,217.61500549316406,217.61500549316406
1785181740,217.6179962158203,217.6280059814453,217.60400390625,217.61599731445312
1785181800,217.61700439453125,217.61900329589844,217.61099243164062,217.61300659179688
1785181860,217.61199951171875,217.62899780273438,217.60699462890625,217.61900329589844
1785181920,217.6199951171875,217.6230010986328,217.61500549316406,217.61700439453125
1785181980,217.61700439453125,217.6179962158203,217.6009979248047,217.61500549316406
1785182040,217.61399841308594,217.63699340820312,217.61300659179688,217.63699340820312
1785182100,217.63699340820312,217.63699340820312,217.61099243164062,217.61599731445312
1785182160,217.61599731445312,217.6269989013672,217.61500549316406,217.61599731445312
1785182220,217.61500549316406,217.6280059814453,217.60899353027344,217.61000061035156
1785182280,217.61300659179688,217.62600708007812,217.60800170898438,217.61599731445312
1785182340,217.61599731445312,217.6280059814453,217.61300659179688,217.6269989013672
1785182400,217.6269989013672,217.63999938964844,217.625,217.63999938964844
1785182460,217.63900756835938,217.64700317382812,217.63400268554688,217.63900756835938
1785182520,217.63900756835938,217.64300537109375,217.6280059814453,217.63400268554688
1785182580,217.63699340820312,217.63699340820312,217.61500549316406,217.61500549316406
1785182640,217.61500549316406,217.6230010986328,217.61500549316406,217.61599731445312
1785182700,217.61599731445312,217.62600708007812,217.60800170898438,217.62600708007812
1785182760,217.6230010986328,217.6230010986328,217.60400390625,217.6060028076172
1785182820,217.6060028076172,217.6199951171875,217.6060028076172,217.60899353027344
1785182880,217.60899353027344,217.61599731445312,217.6060028076172,217.61500549316406
1785182940,217.61399841308594,217.62100219726562,217.61099243164062,217.61599731445312
1785183000,217.61500549316406,217.6199951171875,217.61000061035156,217.61399841308594
1785183060,217.61399841308594,217.6199951171875,217.61300659179688,217.6199951171875
1785183120,217.6199951171875,217.62100219726562,217.6179962158203,217.6199951171875
1785183180,217.6230010986328,217.63900756835938,217.6219940185547,217.63299560546875
1785183240,217.63299560546875,217.63499450683594,217.63099670410156,217.6320037841797
1785183300,217.6320037841797,217.6439971923828,217.6320037841797,217.6320037841797
1785183360,217.6320037841797,217.6320037841797,217.6199951171875,217.6199951171875
1785183420,217.62100219726562,217.62100219726562,217.61399841308594,217.61700439453125
1785183480,217.61700439453125,217.6219940185547,217.61599731445312,217.61700439453125
1785183540,217.61599731445312,217.61599731445312,217.60499572753906,217.60499572753906
1785183600,217.60499572753906,217.60499572753906,217.6020050048828,217.6020050048828
1785183660,217.6020050048828,217.61300659179688,217.5989990234375,217.60000610351562
1785183720,217.60000610351562,217.60800170898438,217.59800720214844,217.59800720214844
1785183780,217.59800720214844,217.5989990234375,217.59800720214844,217.5989990234375
1785183840,217.5989990234375,217.5989990234375,217.59100341796875,217.59100341796875
1785183900,217.5919952392578,217.61099243164062,217.5919952392578,217.61099243164062
1785183960,217.6020050048828,217.6020050048828,217.5959930419922,217.60000610351562
1785184020,217.60000610351562,217.60800170898438,217.60000610351562,217.6009979248047
1785184080,217.60000610351562,217.61099243164062,217.60000610351562,217.60299682617188
1785184140,217.60299682617188,217.61000061035156,217.5989990234375,217.60499572753906
1785184200,217.60499572753906,217.60499572753906,217.5919952392578,217.593994140625
1785184260,217.593994140625,217.6060028076172,217.59100341796875,217.60000610351562
1785184320,217.59800720214844,217.60000610351562,217.5970001220703,217.60000610351562
1785184380,217.60000610351562,217.61199951171875,217.5989990234375,217.5989990234375
1785184440,217.5989990234375,217.60000610351562,217.57400512695312,217.5760040283203
1785184500,217.5760040283203,217.57899475097656,217.57400512695312,217.5749969482422
1785184560,217.5749969482422,217.5850067138672,217.5749969482422,217.5760040283203
1785184620,217.5760040283203,217.58799743652344,217.5760040283203,217.5780029296875
1785184680,217.5780029296875,217.5780029296875,217.57200622558594,217.57200622558594
1785184740,217.57400512695312,217.59300231933594,217.57400512695312,217.57899475097656
1785184800,217.57899475097656,217.59300231933594,217.5760040283203,217.58299255371094
1785184860,217.58299255371094,217.58599853515625,217.5780029296875,217.58599853515625
1785184920,217.58599853515625,217.6020050048828,217.5850067138672,217.58999633789062
1785184980,217.58999633789062,217.5919952392578,217.58200073242188,217.58200073242188
1785185040,217.58200073242188,217.58900451660156,217.5780029296875,217.58200073242188
1785185100,217.58200073242188,217.58200073242188,217.56500244140625,217.56700134277344
1785185160,217.56700134277344,217.5780029296875,217.56399536132812,217.56700134277344
1785185220,217.56700134277344,217.58900451660156,217.5659942626953,217.58599853515625
1785185280,217.58599853515625,217.5919952392578,217.572998046875,217.57699584960938
1785185340,217.57699584960938,217.58399963378906,217.56900024414062,217.572998046875
1785185400,217.5749969482422,217.58099365234375,217.55799865722656,217.55799865722656
1785185460,217.55799865722656,217.56300354003906,217.552001953125,217.5540008544922
1785185520,217.5540008544922,217.56399536132812,217.55099487304688,217.5540008544922
1785185580,217.55499267578125,217.56500244140625,217.552001953125,217.56300354003906
1785185640,217.56199645996094,217.56500244140625,217.55299377441406,217.55799865722656
1785185700,217.55799865722656,217.57899475097656,217.5330047607422,217.53900146484375
1785185760,217.53900146484375,217.54600524902344,217.53900146484375,217.54400634765625
1785185820,217.54400634765625,217.58299255371094,217.53599548339844,217.53599548339844
1785185880,217.53599548339844,217.58799743652344,217.53599548339844,217.53900146484375
1785185940,217.53900146484375,217.53900146484375,217.53900146484375,217.53900146484375
1785186000,217.57400512695312,217.57400512695312,217.57400512695312,217.57400512695312
1785186060,217.57400512695312,217.57400512695312,217.57400512695312,217.57400512695312
1785186180,217.57400512695312,217.57400512695312,217.57400512695312,217.57400512695312
1785186240,217.52200317382812,217.52200317382812,217.52200317382812,217.52200317382812
1785186360,217.53599548339844,217.53599548339844,217.53599548339844,217.53599548339844
1785186420,217.53700256347656,217.53700256347656,217.53700256347656,217.53700256347656
1785186540,217.531005859375,217.531005859375,217.531005859375,217.531005859375
1785186600,217.5469970703125,217.5469970703125,217.5469970703125,217.5469970703125
1785186720,217.53599548339844,217.53599548339844,217.53599548339844,217.53599548339844
1785186780,217.58099365234375,217.6999969482422,217.4980010986328,217.53700256347656
1785186840,217.53900146484375,217.61900329589844,217.5070037841797,217.54400634765625
1785186900,217.54800415039062,217.72999572753906,217.50399780273438,217.51499938964844
1785186960,217.64599609375,217.74000549316406,217.51499938964844,217.74000549316406
1785187020,217.54100036621094,217.66400146484375,217.54100036621094,217.62899780273438
1785187080,217.63099670410156,217.72900390625,217.54800415039062,217.66200256347656
1785187140,217.66099548339844,217.7310028076172,217.55099487304688,217.7310028076172
1785187200,217.5570068359375,217.75799560546875,217.5540008544922,217.70199584960938
1785187260,217.62899780273438,217.71800231933594,217.6269989013672,217.70599365234375
1785187320,217.72000122070312,217.72900390625,217.5919952392578,217.6929931640625
1785187380,217.71099853515625,217.7239990234375,217.6230010986328,217.72300720214844
1785187440,217.70899963378906,217.7209930419922,217.58900451660156,217.61900329589844
1785187500,217.59500122070312,217.7169952392578,217.58900451660156,217.6009979248047
1785187560,217.60000610351562,217.70399475097656,217.5959930419922,217.70399475097656
1785187620,217.60699462890625,217.7239990234375,217.5970001220703,217.60000610351562
1785187680,217.6009979248047,217.72500610351562,217.593994140625,217.7010040283203
1785187740,217.69900512695312,217.7010040283203,217.60499572753906,217.69900512695312
1785187800,217.6999969482422,217.77499389648438,217.54800415039062,217.60899353027344
1785187860,217.54800415039062,217.71600341796875,217.52999877929688,217.64100646972656
1785187920,217.54800415039062,217.64700317382812,217.53700256347656,217.54800415039062
1785187980,217.63499450683594,217.6999969482422,217.51100158691406,217.53199768066406
1785188040,217.53900146484375,217.697998046875,217.51699829101562,217.55099487304688
1785188100,217.552001953125,217.66600036621094,217.5229949951172,217.65499877929688
1785188160,217.54600524902344,217.656005859375,217.54600524902344,217.62899780273438
1785188220,217.6300048828125,217.64599609375,217.54600524902344,217.6269989013672
1785188280,217.552001953125,217.64700317382812,217.5469970703125,217.6269989013672
1785188340,217.56300354003906,217.66400146484375,217.55099487304688,217.552001953125
1785188400,217.63600158691406,217.66000366210938,217.552001953125,217.64100646972656
1785188460,217.62899780273438,217.68299865722656,217.55599975585938,217.6510009765625
1785188520,217.6479949951172,217.69200134277344,217.55499267578125,217.58999633789062
1785188580,217.58099365234375,217.70899963378906,217.55799865722656,217.5709991455078
1785188640,217.5709991455078,217.68800354003906,217.56700134277344,217.60800170898438
1785188700,217.60499572753906,217.70399475097656,217.54600524902344,217.6540069580078
1785188760,217.5590057373047,217.72500610351562,217.54400634765625,217.65199279785156
1785188820,217.5570068359375,217.6529998779297,217.54600524902344,217.55099487304688
1785188880,217.55099487304688,217.71800231933594,217.5449981689453,217.54600524902344
1785188940,217.63299560546875,217.63499450683594,217.5229949951172,217.63099670410156
1785189000,217.54600524902344,217.63400268554688,217.5449981689453,217.58200073242188
1785189060,217.58599853515625,217.68600463867188,217.54400634765625,217.56399536132812
1785189120,217.56900024414062,217.65199279785156,217.54600524902344,217.6219940185547
1785189180,217.625,217.62600708007812,217.5449981689453,217.55599975585938
1785189240,217.6230010986328,217.66700744628906,217.53500366210938,217.55999755859375
1785189300,217.6479949951172,217.70700073242188,217.5570068359375,217.58399963378906
1785189360,217.6510009765625,217.68899536132812,217.53900146484375,217.67300415039062
1785189420,217.66799926757812,217.73300170898438,217.5489959716797,217.656005859375
1785189480,217.6540069580078,217.66200256347656,217.53599548339844,217.56199645996094
1785189540,217.65499877929688,217.656005859375,217.55499267578125,217.63699340820312
