time,open,high,low,close
1786312800,7776.75,7779.25,7773.5,7774.75
1786312860,7775,7777,7774.25,7774.25
1786312920,7774,7775.75,7773.75,7774.5
1786312980,7775,7775,7772.5,7772.5
1786313040,7772.75,7773.25,7770.5,7772.25
1786313100,7772.5,7772.5,7769.5,7771.25
1786313160,7771.25,7771.25,7769.5,7770.25
1786313220,7770.25,7772,7769.5,7771.75
1786313280,7771.5,7772.75,7771.5,7771.75
1786313340,7771.5,7772.25,7771.25,7771.75
1786313400,7772,7773.5,7771.75,7773.25
1786313460,7773.25,7773.25,7770.25,7770.25
1786313520,7770.5,7771.5,7769.5,7771.5
1786313580,7771.5,7772,7771.25,7771.5
1786313640,7771.75,7771.75,7767,7768.25
1786313700,7768.5,7768.5,7766,7766.25
1786313760,7766.5,7767,7765.5,7766.25
1786313820,7766.5,7767,7763,7763.75
1786313880,7763.5,7765.25,7763.5,7764.75
1786313940,7764.75,7765.5,7764.5,7765.25
1786314000,7765.25,7767.75,7765,7767.25
1786314060,7767.25,7767.5,7766,7767
1786314120,7767.25,7767.75,7767.25,7767.5
1786314180,7767.25,7767.25,7766.5,7766.75
1786314240,7767,7768.25,7767,7768.25
1786314300,7768.25,7768.75,7767.75,7768.75
1786314360,7768.75,7769.75,7768.5,7769.5
1786314420,7769.75,7769.75,7769.25,7769.75
1786314480,7769.75,7770.25,7768,7768.25
1786314540,7768.5,7769.75,7767.5,7769.25
1786314600,7769.25,7770.5,7768.75,7769.5
1786314660,7769.75,7769.75,7768.5,7768.75
1786314720,7768.75,7769.5,7768.75,7768.75
1786314780,7768.75,7768.75,7767.25,7767.5
1786314840,7767.75,7767.75,7766.5,7766.5
1786314900,7767,7767,7766.75,7766.75
1786314960,7766.75,7767.5,7766.5,7766.75
1786315020,7766.75,7767.75,7766.75,7767.75
1786315080,7767.75,7768.75,7767.5,7768.25
1786315140,7768.25,7768.25,7768,7768
1786315200,7768.25,7769.5,7768.25,7768.75
1786315260,7768.75,7769.75,7768.75,7769.25
1786315320,7769,7769.5,7769,7769
1786315380,7769,7769.25,7768.75,7769.25
1786315440,7769.25,7769.25,7768.5,7768.75
1786315500,7768.75,7768.75,7767.75,7768.5
1786315560,7768.25,7768.5,7768,7768.25
1786315620,7768.5,7769,7767.75,7769
1786315680,7769,7769,7768.5,7769
1786315740,7769.25,7769.25,7768.25,7768.25
1786315800,7768.5,7769,7768.5,7769
1786315860,7769.25,7769.5,7769,7769
1786315920,7769,7769.25,7768.75,7769.25
1786315980,7769,7769,7768.5,7769
1786316040,7769.25,7769.5,7769,7769.25
1786316100,7769.25,7769.25,7768.75,7768.75
1786316160,7768.75,7769.25,7768.75,7769
1786316220,7768.75,7769,7768.75,7768.75
1786316280,7768.5,7769,7768.5,7769
1786316340,7768.75,7768.75,7768.5,7768.5
1786316400,7769,7769.5,7768.75,7769.25
1786316460,7768.75,7768.75,7767.25,7768.25
1786316520,7768.5,7769,7768.5,7769
1786316580,7769,7769.75,7769,7769.5
1786316640,7769.75,7770,7769.5,7770
1786316700,7769.75,7770.25,7769.75,7770
1786316760,7770,7770.25,7770,7770
1786316820,7770,7772,7770,7772
1786316880,7772,7772.25,7771.5,7772
1786316940,7771.75,7771.75,7771.5,7771.75
1786317000,7771.5,7772.25,7771.5,7772
1786317060,7772,7772,7771.5,7771.75
1786317120,7771.75,7771.75,7771.5,7771.75
1786317180,7771.75,7771.75,7771.5,7771.5
1786317240,7771.5,7772,7771.5,7771.75
1786317300,7771.5,7772,7771.5,7772
1786317360,7771.5,7772.5,7771.5,7772.25
1786317420,7772.25,7772.25,7771.75,7772
1786317480,7771.75,7772,7771.5,7771.5
1786317540,7772,7772.25,7771.5,7771.75
1786317600,7771.75,7772,7771.75,7772
1786317660,7772,7772.25,7771.75,7772
1786317720,7772,7772,7771.75,7772
1786317780,7772,7772.5,7772,7772.5
1786317840,7772.5,7773.25,7772,7772
1786317900,7772,7772.25,7772,7772.25
1786317960,7772,7772.75,7771.75,7772.25
1786318020,7772.25,7772.5,7772,7772.25
1786318080,7772.25,7772.75,7772.25,7772.25
1786318140,7772.25,7772.25,7771.25,7771.75
1786318200,7771.75,7772,7769.75,7769.75
1786318260,7769.75,7770,7767.75,7768
1786318320,7768,7768.75,7768,7768.75
1786318380,7768.5,7768.75,7768,7768
1786318440,7768,7768.5,7767.75,7768.5
1786318500,7768.75,7768.75,7768,7768
1786318560,7768.25,7770.25,7768,7770
1786318620,7770,7770,7769.5,7769.5
1786318680,7769.25,7769.5,7769,7769.5
1786318740,7769.5,7770.5,7769.5,7770
1786318800,7770,7770.5,7770,7770
1786318860,7770,7770,7769.5,7770
1786318920,7769.5,7770.75,7769.5,7770.5
1786318980,7770.25,7771.5,7770.25,7771.5
1786319040,7771.5,7771.5,7770.75,7771.25
1786319100,7771.25,7772.5,7771.25,7771.5
1786319160,7771.5,7772.25,7771.5,7771.75
1786319220,7771.5,7772,7770.75,7772
1786319280,7772,7772.25,7771.75,7772.25
1786319340,7772,7772,7771.75,7772
1786319400,7771.75,7771.75,7770.75,7771.5
1786319460,7771.25,7771.25,7770,7770.25
1786319520,7770.5,7770.5,7770,7770.25
1786319580,7770.25,7771.25,7770.25,7771
1786319640,7771,7771,7769.75,7770.25
1786319700,7770,7770,7769.25,7769.75
1786319760,7769.25,7769.5,7768.75,7769
1786319820,7768.75,7768.75,7766.75,7767
1786319880,7767.25,7767.75,7766.75,7767
1786319940,7767,7767.5,7766.75,7767
1786320000,7767,7767,7765.75,7766.75
1786320060,7767,7767.25,7765.75,7766
1786320120,7766,7768.25,7765.25,7768.25
1786320180,7768.25,7769.25,7767.75,7768.5
1786320240,7768.5,7769,7767.75,7768.5
1786320300,7768.5,7771.25,7768,7771
1786320360,7771,7772.5,7770.5,7772.25
1786320420,7772,7773.25,7771.5,7773.25
1786320480,7773.5,7775.75,7773.5,7775.75
1786320540,7775.75,7776.25,7774.75,7775.25
1786320600,7775.25,7777.75,7774.75,7777.25
1786320660,7777.25,7777.75,7776,7776.25
1786320720,7776.5,7777.25,7776.25,7777.25
1786320780,7777.25,7778,7776.5,7777
1786320840,7777.25,7777.5,7776.25,7776.25
1786320900,7776.25,7776.25,7774.5,7775
1786320960,7775,7775.75,7774.75,7775.75
1786321020,7775.75,7775.75,7775,7775
1786321080,7775,7776,7774.5,7774.5
1786321140,7774.5,7775,7774,7774
1786321200,7774,7775.5,7774,7774.5
1786321260,7774.25,7774.25,7773.25,7773.25
1786321320,7773.25,7774.5,7773.25,7774.25
1786321380,7774.5,7774.5,7772.75,7772.75
1786321440,7773,7773,7771.5,7772
1786321500,7772,7772.25,7771,7771
1786321560,7771,7772.5,7770.5,7772
1786321620,7772,7773,7771.25,7772.75
1786321680,7772.5,7772.5,7771.5,7771.75
1786321740,7771.75,7771.75,7770.75,7771
1786321800,7771,7772.25,7770.75,7772.25
1786321860,7772.5,7773,7772,7772.25
1786321920,7772,7772.5,7771.75,7772.25
1786321980,7772,7772.75,7771.75,7772.5
1786322040,7772.5,7773,7772.25,7772.25
1786322100,7772.5,7773,7771,7771
1786322160,7771.25,7772.25,7770,7770.25
1786322220,7770,7771.25,7769.25,7770.5
1786322280,7770.5,7770.75,7769.75,7770.5
1786322340,7770.5,7770.75,7769.75,7770.25
1786322400,7770,7771.75,7769.75,7771
1786322460,7770.75,7771,7770.25,7770.75
1786322520,7770.5,7771,7769.5,7769.5
1786322580,7769.5,7769.5,7768.75,7769
1786322640,7769.25,7769.75,7769,7769.75
1786322700,7770,7770.5,7769.75,7770.25
1786322760,7770.25,7771,7770.25,7770.75
1786322820,7770.75,7771.75,7770.5,7771
1786322880,7771.25,7772,7771,7771.25
1786322940,7771.25,7772.25,7771,7772.25
1786323000,7772.25,7773,7771.75,7772.25
1786323060,7772.25,7772.25,7770.5,7771.75
1786323120,7772,7772.5,7771.25,7771.5
1786323180,7771.5,7772.25,7771.25,7772
1786323240,7772.25,7772.5,7771,7771
1786323300,7771.25,7771.5,7770.75,7771.25
1786323360,7771.25,7771.25,7769,7770
1786323420,7769.75,7771.5,7769.75,7770.75
1786323480,7770.75,7771,7770.5,7770.5
1786323540,7770.5,7771,7770.25,7770.75
1786323600,7770.75,7770.75,7769.75,7770.25
1786323660,7770.5,7773.25,7770.5,7773.25
1786323720,7773.25,7774,7772.75,7773.5
1786323780,7773,7774,7773,7773.25
1786323840,7773,7773.5,7772.25,7773
1786323900,7773,7774.75,7773,7773.5
1786323960,7773.5,7774.25,7772.75,7774.25
1786324020,7774,7775,7774,7774.5
1786324080,7775,7775.75,7774,7774.25
1786324140,7774.25,7774.75,7774,7774.5
1786324200,7774.5,7775.25,7774.25,7775.25
1786324260,7775,7775.5,7774.75,7775.5
1786324320,7775.25,7776,7775,7775.75
1786324380,7775.75,7776.25,7775.5,7776
1786324440,7776,7777.25,7775.75,7776.75
1786324500,7777,7778,7776.5,7777.75
1786324560,7777.75,7778.5,7777.25,7778.5
1786324620,7778.25,7778.25,7777.5,7777.5
1786324680,7778,7778,7777,7777
1786324740,7777.25,7778.25,7777.25,7778.25
1786324800,7778.5,7779,7777.5,7778
1786324860,7777.75,7778.5,7777.25,7778.5
1786324920,7778.75,7779.25,7778,7778.5
1786324980,7778.5,7779.25,7778.5,7779
1786325040,7779,7780,7778.75,7780
1786325100,7780,7780,7779,7780
1786325160,7780,7780,7779.75,7779.75
1786325220,7779.5,7780.25,7779.5,7780
1786325280,7780,7780.5,7779.5,7780.5
1786325340,7780.25,7780.25,7779.25,7779.25
1786325400,7779.25,7779.25,7778,7778.75
1786325460,7778.5,7778.75,7776,7776.5
1786325520,7776.75,7777.75,7776.25,7777
1786325580,7777,7777.5,7776.5,7777
1786325640,7777.25,7777.5,7777,7777.5
1786325700,7777.5,7777.75,7776.5,7777.75
1786325760,7777.5,7779,7777.5,7778.75
1786325820,7778.75,7779.5,7778.25,7779.5
1786325880,7779.5,7779.5,7778.5,7778.75
1786325940,7779,7780.25,7778.75,7779.75
1786326000,7780,7780,7778,7778.75
1786326060,7778.5,7779.25,7778,7779.25
1786326120,7779,7779,7778,7778
1786326180,7778.25,7779,7778,7778.75
1786326240,7779,7780,7778.75,7780
1786326300,7780,7780,7779.25,7779.5
1786326360,7779.75,7780,7779.25,7780
1786326420,7780,7780.25,7780,7780.25
1786326480,7780.25,7780.5,7779.5,7780.5
1786326540,7780.5,7781,7780,7780.75
1786326600,7780.75,7781,7780.75,7781
1786326660,7781,7781.25,7780.75,7781.25
1786326720,7781.25,7781.5,7780.5,7781.25
1786326780,7781,7781.25,7780.75,7780.75
1786326840,7780.75,7780.75,7780.25,7780.75
1786326900,7780.75,7780.75,7780.25,7780.25
1786326960,7780.5,7780.5,7780.25,7780.25
1786327020,7780.25,7780.75,7780.25,7780.5
1786327080,7780.25,7780.75,7780.25,7780.25
1786327140,7780.5,7780.75,7780.25,7780.5
1786327200,7780.5,7780.75,7780,7780.25
1786327260,7780.25,7780.25,7779.5,7779.75
1786327320,7779.75,7780.5,7779.75,7780.5
1786327380,7780.75,7781.25,7780.25,7781.25
1786327440,7781.25,7781.5,7780.5,7781.25
1786327500,7781.25,7781.25,7780.5,7781
1786327560,7781,7781.5,7781,7781.5
1786327620,7781.5,7781.5,7781,7781.25
1786327680,7781.5,7781.5,7780.75,7780.75
1786327740,7780.5,7780.75,7780.25,7780.25
1786327800,7780.25,7781.25,7780.25,7781
1786327860,7781,7781.25,7780.75,7781
1786327920,7781,7781.25,7781,7781
1786327980,7780.75,7781,7779.5,7779.5
1786328040,7779.75,7780,7779.5,7779.5
1786328100,7779.75,7779.75,7778.5,7778.5
1786328160,7778.5,7778.75,7778.25,7778.5
1786328220,7778.25,7778.25,7777.5,7777.75
1786328280,7777.75,7779,7777.5,7778.75
1786328340,7778.75,7778.75,7778.25,7778.25
1786328400,7778.25,7778.75,7778,7778.75
1786328460,7778.5,7779.25,7778.25,7778.25
1786328520,7778.25,7779,7778.25,7779
1786328580,7779,7779.25,7778.5,7778.5
1786328640,7778.5,7778.75,7778.5,7778.5
1786328700,7778.5,7779,7778.5,7778.75
1786328760,7778.75,7779.25,7778.5,7778.75
1786328820,7778.75,7779,7778.75,7779
1786328880,7779,7780,7779,7780
1786328940,7779.75,7779.75,7779.5,7779.75
1786329000,7779.75,7780.25,7779.25,7779.75
1786329060,7780,7780.25,7779.5,7780
1786329120,7779.75,7780.25,7779.75,7780.25
1786329180,7780,7780,7779,7779
1786329240,7779.25,7779.75,7779.25,7779.25
1786329300,7779.25,7779.25,7778.75,7779.25
1786329360,7779.25,7779.75,7779.25,7779.75
1786329420,7780,7780.25,7780,7780.25
1786329480,7780,7780.5,7780,7780.5
1786329540,7780.75,7782,7780.5,7782
1786329600,7782,7782,7781.75,7782
1786329660,7782.25,7782.25,7781.5,7782
1786329720,7782.25,7782.5,7781.75,7782.25
1786329780,7782.5,7782.75,7782.5,7782.5
1786329840,7782.5,7782.75,7782.5,7782.75
1786329900,7782.75,7783,7782.5,7782.5
1786329960,7782.75,7783,7782.5,7782.5
1786330020,7782.75,7783,7782.75,7783
1786330080,7782.75,7782.75,7782.25,7782.25
1786330140,7782.5,7782.5,7781.75,7781.75
1786330200,7781.75,7782.5,7781.75,7782.5
1786330260,7782.5,7782.75,7782.25,7782.75
1786330320,7783,7783.25,7782.25,7782.75
1786330380,7782.5,7782.5,7782.25,7782.5
1786330440,7782.5,7782.75,7782.25,7782.75
1786330500,7782.5,7782.5,7782,7782.25
1786330560,7782.5,7782.5,7782,7782
1786330620,7782,7782.75,7782,7782.5
1786330680,7782.5,7782.5,7782,7782.25
1786330740,7782.25,7782.75,7782,7782.25
1786330800,7782,7782.5,7781.5,7781.5
1786330860,7781.75,7782.5,7781.75,7782.5
1786330920,7782.75,7783,7782.5,7782.5
1786330980,7782.5,7782.75,7782.25,7782.25
1786331040,7782,7782,7781.5,7781.75
1786331100,7781.75,7781.75,7781.5,7781.5
1786331160,7781.75,7781.75,7780.75,7781.25
1786331220,7781.25,7781.75,7781.25,7781.75
1786331280,7781.5,7781.5,7781,7781
1786331340,7781.25,7781.5,7781.25,7781.25
1786331400,7781.25,7781.5,7781.25,7781.5
1786331460,7781.5,7781.5,7781.25,7781.5
1786331520,7781.75,7781.75,7781.25,7781.5
1786331580,7781.5,7781.5,7781.25,7781.25
1786331640,7781.25,7781.5,7780.5,7781
1786331700,7781,7781.75,7780.75,7781.5
1786331760,7781.25,7781.25,7781.25,7781.25
1786331820,7781.25,7782,7781.25,7781.5
1786331880,7781.75,7782.75,7781.75,7782.75
1786331940,7782.75,7783.25,7782.75,7783
1786332000,7782.75,7783,7782.5,7783
1786332060,7783,7783,7782.5,7782.5
1786332120,7782.5,7783,7782.5,7783
1786332180,7782.75,7783,7782.75,7782.75
1786332240,7783,7783.25,7782.75,7782.75
1786332300,7782.75,7783,7782.75,7783
1786332360,7782.75,7782.75,7781.75,7781.75
1786332420,7782,7782.5,7782,7782.25
1786332480,7782.25,7782.75,7782,7782.75
1786332540,7782.75,7783.25,7782.75,7782.75
1786332600,7782.75,7783.25,7782.25,7782.5
1786332660,7782.5,7783,7782.5,7783
1786332720,7783,7783.25,7782.75,7782.75
1786332780,7782.75,7783.5,7782.75,7783.5
1786332840,7783.75,7784.25,7783.5,7784.25
1786332900,7784.25,7784.5,7783.75,7784.5
1786332960,7784.5,7784.5,7784,7784
1786333020,7784,7785.5,7784,7785.5
1786333080,7785.5,7785.5,7784.75,7784.75
1786333140,7785,7785.25,7784.75,7784.75
1786333200,7784.75,7785,7784.5,7784.5
1786333260,7784.75,7785.25,7784.5,7785.25
1786333320,7785.25,7785.25,7784.75,7785.25
1786333380,7785.25,7785.75,7785.25,7785.25
1786333440,7785.25,7785.75,7784.75,7785.75
1786333500,7785.75,7786,7785.5,7786
1786333560,7786,7786.25,7785.75,7786
1786333620,7785.75,7786,7785.5,7785.75
1786333680,7785.75,7785.75,7785,7785.5
1786333740,7785.5,7785.75,7785.25,7785.25
1786333800,7785.5,7786,7785.5,7785.5
1786333860,7785.75,7785.75,7785.75,7785.75
1786333920,7785.75,7785.75,7785,7785
1786333980,7785.25,7785.25,7784.5,7784.5
1786334040,7784.5,7784.75,7784,7784
1786334100,7784.25,7784.25,7783,7783
1786334160,7783,7783.75,7783,7783.25
1786334220,7783.5,7784,7783.5,7783.75
1786334280,7783.75,7784.25,7783.75,7783.75
1786334340,7783.75,7783.75,7783.5,7783.75
1786334400,7783.5,7784.5,7783.5,7784.5
1786334460,7784.5,7784.75,7783.5,7783.75
1786334520,7784,7784,7783,7783.5
1786334580,7783.75,7784.5,7783.75,7784
1786334640,7784.25,7784.5,7784,7784
1786334700,7784,7784.25,7782.25,7782.25
1786334760,7782.5,7783.25,7782.25,7783
1786334820,7783,7783.5,7783,7783.5
1786334880,7783.5,7785,7783.5,7785
1786334940,7784.75,7785.75,7784.75,7785.5
1786335000,7785.75,7786,7785.25,7785.5
1786335060,7785.25,7785.25,7784.5,7785
1786335120,7785,7785.25,7784.75,7785
1786335180,7785,7785.25,7785,7785
1786335240,7785,7786,7785,7786
1786335300,7786,7786.25,7785.75,7785.75
1786335360,7785.75,7786.5,7785.75,7786.5
1786335420,7786.5,7786.75,7786.5,7786.75
1786335480,7786.75,7787.25,7786.75,7786.75
1786335540,7786.75,7787,7786.5,7786.75
1786335600,7786.5,7786.75,7786.5,7786.75
1786335660,7786.5,7786.75,7786.25,7786.5
1786335720,7786.75,7786.75,7786.75,7786.75
1786335780,7787,7787,7786.5,7786.75
1786335840,7787,7787,7786.75,7787
1786335900,7787,7787.5,7787,7787.25
1786335960,7787.5,7788.75,7786.5,7786.5
1786336020,7786.75,7787.25,7786.25,7787.25
1786336080,7787,7787.25,7786.75,7787
1786336140,7786.75,7787.5,7786.75,7787.25
1786336200,7787.25,7787.25,7786.5,7786.5
1786336260,7786.5,7786.75,7786.25,7786.75
1786336320,7786.5,7786.75,7786.5,7786.75
1786336380,7786.5,7786.5,7786,7786.25
1786336440,7786.25,7786.25,7786,7786.25
1786336500,7786.25,7786.25,7786,7786.25
1786336560,7786.25,7786.5,7786,7786
1786336620,7785.75,7786.75,7785.75,7786.5
1786336680,7786.75,7786.75,7786.25,7786.25
1786336740,7786.25,7786.25,7786,7786
1786336800,7785.75,7786,7783.5,7784
1786336860,7784,7784.25,7783.75,7783.75
1786336920,7783.75,7785,7783.75,7784.75
1786336980,7785,7786.25,7784.75,7786
1786337040,7786.25,7786.25,7785.75,7786.25
1786337100,7786.25,7787.5,7786.25,7787.25
1786337160,7787.25,7787.25,7787,7787
1786337220,7787.25,7787.5,7787.25,7787.25
1786337280,7787.25,7787.5,7787.25,7787.25
1786337340,7787,7787,7786.25,7787
1786337400,7787,7788,7787,7788
1786337460,7788,7788.75,7787.5,7788.25
1786337520,7788.25,7788.25,7787.5,7787.5
1786337580,7788,7788,7787.25,7787.25
1786337640,7787.5,7788,7787.5,7787.75
1786337700,7787,7787.25,7786.75,7787
1786337760,7786.75,7787,7785.75,7786
1786337820,7786,7786.75,7786,7786.25
1786337880,7786.5,7787,7786.25,7787
1786337940,7787,7787.5,7786.75,7787.25
1786338000,7787.5,7788,7787.25,7787.5
1786338060,7787.5,7788,7787.25,7788
1786338120,7788,7788.25,7787.75,7787.75
1786338180,7787.75,7788.5,7787.75,7788.5
1786338240,7788.5,7789.5,7788.5,7788.75
1786338300,7789,7790,7789,7789.5
1786338360,7789.5,7790.75,7789.25,7790.5
1786338420,7790.75,7790.75,7790,7790.25
1786338480,7790.25,7790.75,7790,7790.25
1786338540,7790.5,7790.5,7789.75,7789.75
1786338600,7789.75,7790,7789.75,7790
1786338660,7790,7790,7789.5,7789.75
1786338720,7789.75,7790,7789.5,7790
1786338780,7790,7790.5,7789.75,7790.25
1786338840,7790.5,7790.5,7790,7790.25
1786338900,7790.25,7790.5,7790.25,7790.5
1786338960,7790.5,7790.5,7790,7790.25
1786339020,7790.25,7790.5,7790,7790.25
1786339080,7790.5,7790.5,7789.5,7790
1786339140,7789.75,7790,7789.5,7789.75
1786339200,7790,7790.25,7789.5,7789.5
1786339260,7789.75,7790,7789,7789
1786339320,7789,7789.75,7789,7789.5
1786339380,7789.75,7790.25,7789.5,7790
1786339440,7790.25,7790.25,7790,7790.25
1786339500,7790.25,7790.25,7789.75,7790
1786339560,7790,7790,7789.5,7789.5
1786339620,7789.5,7789.5,7789.25,7789.25
1786339680,7789,7789.25,7788.75,7789
1786339740,7789,7789.25,7789,7789
1786339800,7789,7789.25,7788.75,7788.75
1786339860,7789,7789.25,7788.5,7789
1786339920,7788.75,7789,7788.75,7788.75
1786339980,7789,7789,7788.5,7788.75
1786340040,7788.5,7789.25,7788.5,7789.25
1786340100,7789.25,7789.75,7789.25,7789.5
1786340160,7789.75,7790.25,7789.5,7789.75
1786340220,7789.75,7790.25,7789.5,7789.5
1786340280,7789.75,7790,7789.5,7789.75
1786340340,7789.75,7790.25,7789.5,7789.75
1786340400,7789.5,7789.5,7789,7789.25
1786340460,7789.5,7789.75,7789.5,7789.5
1786340520,7789.25,7789.75,7789.25,7789.5
1786340580,7789.5,7789.75,7789,7789
1786340640,7789,7789.25,7789,7789
1786340700,7789,7789.5,7789,7789
1786340760,7789.5,7789.5,7788.75,7789
1786340820,7789.25,7789.5,7789,7789
1786340880,7789.25,7790,7788.75,7789.5
1786340940,7789.5,7790,7789.25,7789.25
1786341000,7789,7790,7788.75,7790
1786341060,7790.25,7790.75,7790.25,7790.5
1786341120,7790.25,7790.25,7790,7790
1786341180,7790.25,7790.75,7790.25,7790.75
1786341240,7790.75,7790.75,7790.5,7790.75
1786341300,7790.75,7791,7790.5,7790.75
1786341360,7790.75,7791.25,7790.75,7790.75
1786341420,7791,7791,7790.5,7791
1786341480,7790.75,7790.75,7790.25,7790.25
1786341540,7790.5,7790.75,7790.5,7790.75
1786341600,7790.75,7791,7790.25,7791
1786341660,7791,7791.75,7790.75,7791.5
1786341720,7791.5,7791.5,7790.5,7790.75
1786341780,7790.75,7791,7790.5,7790.75
1786341840,7791,7791,7790.75,7790.75
1786341900,7790.75,7791,7790.75,7790.75
1786341960,7791,7791,7790.75,7791
1786342020,7790.75,7791.25,7790.75,7791.25
1786342080,7791,7791.75,7791,7791.75
1786342140,7791.5,7791.75,7791.25,7791.75
1786342200,7791.5,7792.75,7791.5,7792.5
1786342260,7792.75,7792.75,7791.75,7791.75
1786342320,7791.75,7792.5,7791.75,7792.25
1786342380,7792.25,7792.5,7791.75,7791.75
1786342440,7792,7792,7791.25,7791.75
1786342500,7791.5,7791.75,7791.5,7791.75
1786342560,7791.75,7791.75,7791.5,7791.75
1786342620,7792,7792,7791.25,7791.5
1786342680,7791.5,7792,7791.25,7791.75
1786342740,7791.5,7792,7791.5,7791.75
1786342800,7791.75,7791.75,7789.75,7790
1786342860,7790,7791,7789,7789.5
1786342920,7789.5,7789.5,7788.5,7788.75
1786342980,7789,7789,7787.75,7788.25
1786343040,7788.25,7788.25,7787,7787.25
1786343100,7787.25,7787.75,7786.5,7787
1786343160,7787,7787.5,7786.5,7786.5
1786343220,7786.5,7786.5,7785.25,7785.5
1786343280,7785.5,7785.75,7784.75,7785
1786343340,7785,7785.5,7784.75,7785.25
1786343400,7785.25,7786.25,7784.5,7784.5
1786343460,7784.5,7786,7784.5,7785.25
1786343520,7785.25,7787,7785,7786.25
1786343580,7786.25,7787,7786.25,7787
1786343640,7786.75,7786.75,7786,7786.5
1786343700,7786.25,7786.5,7785.75,7786.25
1786343760,7786.5,7786.5,7785.25,7785.25
1786343820,7785.5,7786,7785.5,7785.75
1786343880,7786,7786,7785.25,7785.25
1786343940,7785,7785.5,7784.75,7784.75
1786344000,7785,7785.25,7784.5,7785.25
1786344060,7785,7785.75,7785,7785.75
1786344120,7785.5,7785.5,7785,7785.25
1786344180,7785.25,7785.75,7785.25,7785.75
1786344240,7785.75,7785.75,7785.25,7785.5
1786344300,7785.75,7786,7785.5,7785.75
1786344360,7785.75,7786.25,7785.75,7786.25
1786344420,7786.5,7786.5,7786,7786.5
1786344480,7786.5,7786.5,7786.25,7786.25
1786344540,7786.25,7786.25,7786,7786
1786344600,7786.25,7787.25,7786,7787.25
1786344660,7787.25,7787.25,7787,7787.25
1786344720,7787.25,7787.25,7787,7787.25
1786344780,7787.25,7787.25,7787,7787
1786344840,7787,7787.25,7786.5,7786.5
1786344900,7786.5,7787.25,7786,7787.25
1786344960,7787,7787.5,7786.5,7787.25
1786345020,7787.25,7787.5,7787,7787.5
1786345080,7787.5,7788.25,7787.5,7787.75
1786345140,7787.5,7787.75,7787,7787
1786345200,7787,7788.75,7786.75,7788.75
1786345260,7788.75,7788.75,7786.5,7787.5
1786345320,7787.5,7787.5,7786.75,7787.5
1786345380,7787.5,7787.75,7787,7787
1786345440,7787,7787,7786.25,7787
1786345500,7787.25,7787.5,7786.25,7786.5
1786345560,7786.5,7787,7785.5,7785.5
1786345620,7785.75,7787,7785.5,7786.25
1786345680,7786.25,7786.25,7786,7786
1786345740,7786.25,7786.75,7786,7786
1786345800,7786,7786.25,7784.5,7784.5
1786345860,7784.5,7784.75,7783.5,7784.25
1786345920,7784.5,7784.75,7783.75,7784.5
1786345980,7784.5,7785.25,7784.25,7785.25
1786346040,7785.25,7786,7785,7785.25
1786346100,7785.5,7785.5,7785.25,7785.25
1786346160,7785.5,7786.25,7785.25,7786
1786346220,7786.25,7786.75,7786.25,7786.75
1786346280,7786.75,7787.25,7786.5,7787
1786346340,7786.75,7787.5,7786.25,7787.5
1786346400,7787.5,7788,7787.25,7788
1786346460,7788.25,7789,7787.5,7788.75
1786346520,7788.75,7790,7788.5,7789.5
1786346580,7789.5,7790.5,7788.75,7790.25
1786346640,7790.25,7792,7790.25,7791.75
1786346700,7791.75,7792,7791.25,7791.25
1786346760,7791.25,7791.5,7790.25,7790.25
1786346820,7790,7790.75,7789.75,7790.5
1786346880,7790.75,7792.5,7790.75,7792
1786346940,7792.25,7792.25,7792,7792.25
1786347000,7792.25,7792.25,7791.5,7791.5
1786347060,7791.75,7792,7791.25,7791.25
1786347120,7791.5,7792,7791.5,7791.5
1786347180,7791.75,7793,7791.75,7792
1786347240,7792.25,7792.25,7791.75,7792
1786347300,7792,7792.5,7792,7792.25
1786347360,7792.5,7793.75,7792.5,7793.25
1786347420,7793,7793.5,7793,7793.25
1786347480,7793.5,7793.75,7793.25,7793.5
1786347540,7793.75,7794,7793.25,7793.75
1786347600,7793.5,7794.25,7793.5,7794
1786347660,7794,7794,7793.5,7793.5
1786347720,7793.75,7793.75,7793.25,7793.75
1786347780,7793.5,7793.5,7792.75,7793.25
1786347840,7793.5,7794,7793.25,7794
1786347900,7794,7796.25,7794,7794.25
1786347960,7794.5,7795.5,7792.75,7793.25
1786348020,7793.25,7793.5,7793,7793
1786348080,7792.75,7793,7790.75,7791
1786348140,7791,7791,7790,7790.25
1786348200,7790.25,7790.5,7789.5,7790
1786348260,7790.25,7791,7790,7791
1786348320,7791,7791.75,7791,7791.25
1786348380,7791.5,7791.75,7791.25,7791.5
1786348440,7791.5,7791.75,7791,7791
1786348500,7791.25,7792.5,7791.25,7792.5
1786348560,7792.5,7792.5,7792,7792
1786348620,7792.25,7792.25,7791.75,7792
1786348680,7792.25,7792.75,7792,7792.5
1786348740,7792.75,7792.75,7791.75,7792.25
1786348800,7792.25,7793,7791,7791.25
1786348860,7791.5,7792.25,7790.75,7791.75
1786348920,7791.75,7793.5,7791.75,7793.25
1786348980,7793,7793.25,7792.75,7793
1786349040,7793,7793.75,7793,7793.25
1786349100,7793.25,7793.75,7792.5,7792.75
1786349160,7793,7793,7791.25,7791.75
1786349220,7792,7792,7791.25,7791.5
1786349280,7791.75,7792,7791.25,7792
1786349340,7792.25,7792.25,7791.25,7791.75
1786349400,7791.5,7791.5,7790.5,7790.75
1786349460,7790.75,7790.75,7789.75,7790
1786349520,7790,7791,7789.5,7790.75
1786349580,7790.75,7790.75,7790.25,7790.75
1786349640,7791,7791.25,7791,7791.25
1786349700,7791.25,7791.75,7791,7791.25
1786349760,7791,7792.5,7791,7792.25
1786349820,7792.25,7792.5,7792,7792
1786349880,7792.25,7792.5,7792,7792.5
1786349940,7792.5,7792.75,7791.5,7792.25
1786350000,7792,7792,7789.75,7789.75
1786350060,7789.75,7790,7789.25,7789.75
1786350120,7789.75,7791,7789,7790.75
1786350180,7790.5,7791,7790.25,7791
1786350240,7791.25,7791.75,7791,7791.25
1786350300,7791.5,7791.75,7790.75,7791.5
1786350360,7791.5,7791.5,7791.25,7791.25
1786350420,7791.25,7791.75,7791,7791
1786350480,7791.25,7791.5,7790.5,7790.5
1786350540,7790.5,7791,7790.5,7790.75
1786350600,7791,7791.5,7790.5,7790.75
1786350660,7790.75,7790.75,7790.25,7790.5
1786350720,7790.75,7791,7790.25,7790.5
1786350780,7790.25,7790.75,7790.25,7790.25
1786350840,7790.25,7791.5,7790,7791
1786350900,7791.25,7792.75,7791.25,7792.5
1786350960,7792.25,7792.75,7792.25,7792.5
1786351020,7792.75,7793.25,7792.5,7793
1786351080,7792.75,7793,7792.5,7793
1786351140,7792.75,7793,7792.75,7792.75
1786351200,7792.5,7793,7791.75,7792
1786351260,7792,7792,7791.75,7792
1786351320,7792,7792,7791.5,7791.75
1786351380,7791.5,7791.5,7790.75,7791
1786351440,7791,7791.5,7791,7791.25
1786351500,7791.25,7791.25,7790.75,7790.75
1786351560,7790.75,7791,7790.5,7790.75
1786351620,7791,7791,7790.75,7791
1786351680,7791,7791,7790.5,7790.75
1786351740,7790.75,7790.75,7790.25,7790.5
1786351800,7790.25,7790.25,7789.5,7789.75
1786351860,7789.75,7790.5,7789.5,7790.5
1786351920,7790.5,7791,7790.25,7790.5
1786351980,7790.5,7790.75,7790.25,7790.25
1786352040,7790.25,7790.5,7790.25,7790.5
1786352100,7790.5,7791.5,7790.25,7791.25
1786352160,7791.25,7792,7791,7791.75
1786352220,7791.5,7792,7791.25,7792
1786352280,7791.75,7792.25,7791.75,7791.75
1786352340,7791.75,7792,7791.5,7791.75
1786352400,7791.75,7792.5,7791.5,7791.75
1786352460,7791.75,7792,7791.25,7791.75
1786352520,7791.75,7791.75,7791,7791.5
1786352580,7791.75,7792,7791.5,7791.75
1786352640,7791.5,7792,7791.5,7792
1786352700,7792,7792,7791.75,7792
1786352760,7792,7792.25,7791.5,7791.75
1786352820,7791.75,7791.75,7791.5,7791.75
1786352880,7791.5,7792,7791.25,7791.5
1786352940,7791.5,7791.5,7791.25,7791.25
1786353000,7791,7791,7790.5,7791
1786353060,7791.25,7791.75,7791,7791.5
1786353120,7791.5,7792.25,7791.5,7792.25
1786353180,7792.25,7792.25,7791.5,7791.5
1786353240,7791.5,7792.5,7791.5,7792
1786353300,7792,7792.25,7791.5,7792.25
1786353360,7792.25,7792.5,7792,7792
1786353420,7792.25,7792.75,7792,7792.5
1786353480,7792.5,7792.5,7791.5,7791.75
1786353540,7791.75,7791.75,7790.5,7790.5
1786353600,7790.75,7791.25,7790.75,7791
1786353660,7790.75,7791,7790.5,7790.5
1786353720,7790.75,7791.25,7790.5,7791.25
1786353780,7791.5,7792,7791.25,7792
1786353840,7792,7792.75,7792,7792.75
1786353900,7792.75,7793,7792.5,7792.75
1786353960,7793,7793.25,7792.75,7792.75
1786354020,7792.5,7792.75,7792.25,7792.75
1786354080,7792.5,7792.5,7791.75,7792
1786354140,7792,7792.5,7792,7792.25
1786354200,7792.25,7792.5,7791.75,7792.5
1786354260,7792.5,7793,7792.5,7793
1786354320,7793,7793.25,7792.25,7792.25
1786354380,7792.5,7793.25,7792.25,7793
1786354440,7793,7793.25,7792.5,7792.75
1786354500,7792.5,7792.5,7791.25,7791.5
1786354560,7791.5,7791.5,7790.25,7790.75
1786354620,7791,7791,7790.5,7790.75
1786354680,7790.75,7790.75,7790,7790
1786354740,7790,7790.25,7789.75,7790
1786354800,7790.25,7790.25,7789.75,7790.25
1786354860,7790.25,7790.25,7789.25,7789.75
1786354920,7790,7790,7789.5,7789.5
1786354980,7789.25,7789.25,7788.5,7788.75
1786355040,7788.5,7790,7788.5,7789.75
1786355100,7789.75,7790,7789.25,7789.25
1786355160,7789.25,7790,7789,7789.5
1786355220,7789.5,7789.75,7789.5,7789.5
1786355280,7789.75,7789.75,7789.5,7789.75
1786355340,7789.5,7789.75,7789,7789.25
1786355400,7789.25,7789.25,7789,7789.25
1786355460,7789,7789.75,7788.75,7789.75
1786355520,7789.75,7790,7789.5,7789.75
1786355580,7789.5,7789.5,7789.25,7789.25
1786355640,7789.5,7789.5,7789.5,7789.5
1786355700,7789.5,7789.5,7789.25,7789.5
1786355760,7789.75,7789.75,7789.25,7789.25
1786355820,7789.25,7789.75,7789.25,7789.75
1786355880,7789.75,7789.75,7789.75,7789.75
1786355940,7789.5,7789.5,7789,7789
1786356000,7789,7790.5,7788.5,7789
1786356060,7789,7789,7788.25,7789
1786356120,7788.75,7789.25,7788.75,7789
1786356180,7789,7790.75,7789,7790.75
1786356240,7790.5,7791,7790.25,7790.75
1786356300,7790.75,7791,7790,7790.75
1786356360,7790.75,7790.75,7790,7790
1786356420,7790,7790.5,7790,7790
1786356480,7790,7790,7789.5,7789.5
1786356540,7789.5,7789.75,7789.25,7789.25
1786356600,7789.25,7789.25,7788.75,7789
1786356660,7789,7789,7787.75,7787.75
1786356720,7787.75,7787.75,7787.25,7787.75
1786356780,7787.5,7787.75,7787,7787
1786356840,7787.25,7787.25,7786.5,7787
1786356900,7786.75,7787,7786.5,7787
1786356960,7787.25,7787.25,7787,7787.25
1786357020,7787.25,7788,7787,7787.75
1786357080,7787.75,7788.5,7787.75,7788.5
1786357140,7788.75,7788.75,7788.25,7788.5
1786357200,7788.5,7789.75,7788.5,7789.5
1786357260,7789.5,7790.5,7789.5,7790
1786357320,7790.25,7791,7790,7790.75
1786357380,7790.5,7790.75,7790.5,7790.75
1786357440,7790.75,7791,7790.5,7790.75
1786357500,7790.75,7791,7790.25,7790.5
1786357560,7790.5,7790.75,7790.25,7790.25
1786357620,7790.5,7790.75,7790.25,7790.25
1786357680,7790.25,7790.25,7790,7790
1786357740,7790,7790.25,7789.75,7790.25
1786357800,7790.25,7790.25,7789.5,7789.75
1786357860,7789.75,7790,7789.5,7789.5
1786357920,7789.25,7789.75,7789,7789
1786357980,7788.75,7789.25,7788.5,7788.75
1786358040,7789,7789.25,7788.75,7789.25
1786358100,7789.25,7789.25,7788,7788.25
1786358160,7788,7788.75,7787.25,7787.75
1786358220,7787.75,7787.75,7786.5,7786.75
1786358280,7786.75,7787,7786.5,7786.5
1786358340,7786.5,7786.75,7785.75,7786
1786358400,7786,7786,7784.75,7785
1786358460,7785,7785.5,7784.75,7784.75
1786358520,7784.75,7785.5,7784.75,7785.25
1786358580,7785.25,7785.5,7784.75,7785.25
1786358640,7785.25,7786,7785.25,7786
1786358700,7785.75,7786.25,7785.75,7785.75
1786358760,7785.75,7786.25,7785.75,7786.25
1786358820,7786,7786.25,7786,7786.25
1786358880,7786.5,7786.5,7786,7786.25
1786358940,7786.25,7786.5,7786,7786.25
1786359000,7786.25,7786.75,7786.25,7786.5
1786359060,7786.5,7786.75,7786.5,7786.75
1786359120,7787,7788,7786.75,7787
1786359180,7787,7787.5,7786.75,7786.75
1786359240,7787,7787,7786.25,7786.25
1786359300,7786.25,7786.25,7785.25,7785.5
1786359360,7785.5,7786.25,7785.5,7785.75
1786359420,7785.75,7786.25,7785,7785
1786359480,7784.75,7785.25,7784,7785.25
1786359540,7785.5,7785.75,7784.75,7785.5
1786359600,7785.5,7786.25,7783.25,7783.5
1786359660,7783.75,7784.5,7782.75,7784.5
1786359720,7784.5,7784.5,7783.25,7783.25
1786359780,7783.25,7783.25,7781,7781
1786359840,7781.25,7781.5,7780.5,7781
1786359900,7780.75,7781.25,7780,7781.25
1786359960,7781.25,7782.25,7781.25,7781.75
1786360020,7781.5,7781.5,7780.75,7781.25
1786360080,7781.25,7781.25,7780.5,7780.75
1786360140,7780.5,7781,7780.5,7780.75
1786360200,7780.75,7781.25,7780.5,7781.25
1786360260,7781,7781.75,7780.75,7780.75
1786360320,7780.75,7781,7778.5,7779
1786360380,7779,7779.25,7778.5,7778.75
1786360440,7779,7780.5,7779,7780.5
1786360500,7780.5,7781.25,7780,7781.25
1786360560,7781,7781.5,7780.5,7781
1786360620,7781,7781.5,7780.75,7781.5
1786360680,7781.5,7781.5,7780.75,7780.75
1786360740,7781,7781.75,7780.5,7780.75
1786360800,7780.75,7781.5,7780.5,7781.5
1786360860,7781.5,7783.25,7781.5,7783
1786360920,7783,7783.5,7782.75,7782.75
1786360980,7782.75,7783.25,7782.25,7782.25
1786361040,7782.5,7782.75,7782.25,7782.5
1786361100,7782.25,7783.25,7781.75,7783.25
1786361160,7783.25,7783.5,7782.75,7783.5
1786361220,7783.25,7784.75,7783,7784.5
1786361280,7784.25,7785,7784.25,7784.75
1786361340,7784.75,7786,7784.75,7785.5
1786361400,7785.75,7786.5,7785.5,7785.75
1786361460,7786,7786.75,7785.75,7785.75
1786361520,7785.75,7787.25,7785.75,7787
1786361580,7787,7787.25,7786.75,7786.75
1786361640,7787,7787,7786.5,7786.75
1786361700,7787,7787,7786,7786.5
1786361760,7786.5,7786.75,7786.25,7786.25
1786361820,7786.5,7786.75,7785,7785.25
1786361880,7785.25,7785.25,7784.25,7784.75
1786361940,7785,7785.5,7784.75,7785
1786362000,7784.75,7786.75,7784.5,7785.5
1786362060,7785.5,7785.75,7784.5,7784.75
1786362120,7784.5,7785,7784.5,7784.75
1786362180,7784.75,7785.25,7784.5,7784.75
1786362240,7784.75,7785,7784,7784
1786362300,7783.75,7784.25,7783.5,7784.25
1786362360,7784.25,7784.75,7784.25,7784.5
1786362420,7784.5,7785.25,7783.25,7783.75
1786362480,7783.75,7783.75,7780.75,7782.25
1786362540,7782.25,7782.25,7781,7781.25
1786362600,7781.25,7782.5,7781,7782.5
1786362660,7782.5,7783.25,7781.75,7782.5
1786362720,7782.5,7783.25,7782,7782.5
1786362780,7782.5,7782.75,7782.25,7782.75
1786362840,7782.75,7783.25,7782.5,7782.5
1786362900,7782.5,7782.75,7782.25,7782.75
1786362960,7783,7783,7782,7782.5
1786363020,7782.5,7783,7782.25,7782.5
1786363080,7782.5,7782.75,7781.5,7781.5
1786363140,7781.5,7782.5,7781.5,7782.5
1786363200,7782.25,7783,7782,7782.5
1786363260,7782.5,7782.5,7781,7781.75
1786363320,7781.75,7783.25,7781.75,7782.5
1786363380,7782.5,7784.25,7782.25,7784.25
1786363440,7784,7784.25,7783.5,7783.75
1786363500,7784,7784,7782.25,7782.25
1786363560,7782,7782.75,7781.75,7782.75
1786363620,7782.75,7783.75,7782.75,7783.25
1786363680,7783.25,7784.25,7783.25,7784
1786363740,7784.25,7785.25,7784.25,7785.25
1786363800,7785.25,7785.75,7785,7785.25
1786363860,7785,7785.25,7784,7784.25
1786363920,7784.25,7784.25,7783.25,7783.5
1786363980,7783.5,7783.5,7781.5,7781.5
1786364040,7781.5,7782,7781,7781.25
1786364100,7781.5,7781.5,7780.25,7780.75
1786364160,7780.5,7780.5,7779.75,7780
1786364220,7779.75,7780.5,7779,7780.5
1786364280,7780.75,7781.5,7779.75,7780
1786364340,7780,7780.5,7779.25,7779.75
1786364400,7779.75,7780,7779.25,7779.75
1786364460,7780,7780.25,7779,7779.5
1786364520,7779.5,7779.5,7778,7778.5
1786364580,7778.75,7779,7777,7777.25
1786364640,7777.5,7777.75,7776.5,7777.5
1786364700,7777.25,7778,7777,7777.75
1786364760,7777.5,7778,7777.25,7777.5
1786364820,7777.25,7778.25,7777.25,7777.75
1786364880,7777.75,7779,7777.75,7778.75
1786364940,7778.75,7779,7778.75,7778.75
1786365000,7778.75,7779.25,7777,7777.25
1786365060,7777.25,7777.5,7776.5,7776.75
1786365120,7776.5,7777,7775.75,7776
1786365180,7776,7776.5,7775.25,7775.5
1786365240,7775.5,7775.5,7774,7774
1786365300,7774.25,7775,7773.75,7774.5
1786365360,7774.75,7775.75,7773.5,7775.75
1786365420,7776,7776,7775.25,7775.25
1786365480,7775.25,7776,7774.25,7774.5
1786365540,7774.25,7774.25,7772.75,7773.5
1786365600,7773.5,7773.75,7773.25,7773.5
1786365660,7773.5,7774.5,7773.5,7774.25
1786365720,7774.25,7774.5,7773.25,7774
1786365780,7774,7774.75,7773,7773.5
1786365840,7773.75,7774.75,7773.75,7774.5
1786365900,7774.25,7775.25,7774,7774.5
1786365960,7774.75,7775,7774.25,7775
1786366020,7775,7775.25,7774.25,7775.25
1786366080,7775.25,7775.5,7774,7774.25
1786366140,7774.5,7774.75,7774,7774.25
1786366200,7774,7774,7772.25,7773
1786366260,7773,7773,7772.25,7772.5
1786366320,7772.5,7772.5,7771.75,7771.75
1786366380,7772,7772.5,7772,7772.25
1786366440,7772.25,7772.5,7771.75,7772
1786366500,7772,7773,7771.75,7772.75
1786366560,7772.5,7773,7772.5,7772.75
1786366620,7772.5,7774,7772.5,7772.75
1786366680,7772.75,7773.75,7771.5,7773.75
1786366740,7773.75,7774,7773.25,7773.75
1786366800,7773.75,7775.5,7773.25,7774
1786366860,7774,7775,7772.75,7775
1786366920,7774.75,7775.75,7774.5,7775.25
1786366980,7775.25,7775.75,7774.75,7775
1786367040,7775.25,7776.25,7775,7775.5
1786367100,7775.5,7776.5,7775.25,7776
1786367160,7775.75,7776.5,7775.25,7775.75
1786367220,7776,7776.5,7776,7776
1786367280,7776,7776.25,7775.25,7775.75
1786367340,7775.75,7776.25,7775.5,7776.25
1786367400,7776,7777.25,7776,7777.25
1786367460,7777.25,7777.25,7776,7776.75
1786367520,7776.75,7776.75,7775.75,7776.25
1786367580,7776,7776.25,7775.25,7776.25
1786367640,7776.25,7777,7775.75,7776.5
1786367700,7776.25,7776.25,7774.5,7774.75
1786367760,7774.5,7775.5,7773.75,7775.5
1786367820,7775.5,7777.75,7775.5,7776.75
1786367880,7776.5,7776.5,7775.5,7775.75
1786367940,7775.75,7775.75,7775,7775.75
1786368000,7775.75,7776,7774.5,7775.25
1786368060,7775.25,7775.75,7775,7775.25
1786368120,7775.5,7775.5,7771.5,7771.75
1786368180,7771.75,7775,7771.5,7774.75
1786368240,7774.75,7775,7773.5,7773.75
1786368300,7773.5,7774.25,7771.75,7772.5
1786368360,7772.75,7772.75,7771,7772
1786368420,7771.75,7772,7770.25,7770.5
1786368480,7770.25,7771.5,7769.75,7770.75
1786368540,7770.75,7773,7770.75,7773
1786368600,7773,7780.75,7772.25,7780.25
1786368660,7780,7782,7778,7781.25
1786368720,7781,7782.75,7779.75,7781
1786368780,7780.75,7783.5,7779.5,7779.5
1786368840,7779.5,7779.5,7772,7772.75
1786368900,7772.75,7775.75,7771.25,7774.75
1786368960,7774.75,7777.75,7773.75,7774.5
1786369020,7774.5,7776.75,7773.25,7774.25
1786369080,7774.5,7775,7772,7774
1786369140,7773.75,7774.75,7771.25,7774.5
1786369200,7774.75,7775.25,7771.75,7773.25
1786369260,7773.25,7776.75,7771.5,7776.25
1786369320,7776.5,7777.5,7775,7775.75
1786369380,7776,7777,7773.25,7776.5
1786369440,7776.5,7776.5,7772.75,7773
1786369500,7773,7777.5,7772.5,7774.75
1786369560,7774.5,7776.25,7773.75,7776
1786369620,7775.75,7776.5,7774,7776.5
1786369680,7776.75,7777,7774.25,7776.5
1786369740,7776.5,7779.25,7776.25,7777.5
1786369800,7777.75,7781,7774.75,7775.5
1786369860,7775.75,7776.75,7773.25,7774
1786369920,7774,7776.5,7771.25,7776.25
1786369980,7776.25,7778.5,7774.25,7778.5
1786370040,7778.5,7778.75,7776.5,7777.75
1786370100,7777.75,7779.75,7776.5,7777
1786370160,7776.75,7778.25,7776.5,7778.25
1786370220,7778.25,7781,7778,7779.75
1786370280,7779.75,7781.25,7779.25,7780.75
1786370340,7780.5,7781.75,7779,7780.75
1786370400,7780.75,7784,7780.25,7781.5
1786370460,7781.5,7783.75,7780.25,7783.75
1786370520,7783.75,7784.25,7782.75,7783.5
1786370580,7783.5,7783.75,7782,7782.25
1786370640,7782.25,7785,7782,7783.25
1786370700,7783.5,7784.25,7782.25,7783.5
1786370760,7783.5,7785.25,7783.25,7784.25
1786370820,7784.25,7785.75,7783.5,7785
1786370880,7784.75,7785.75,7784.25,7784.75
1786370940,7784.75,7787,7784.25,7787
1786371000,7787,7788.75,7786.5,7788
1786371060,7788,7788.5,7785.5,7786
1786371120,7786,7788.25,7785.75,7787.75
1786371180,7787.75,7789.5,7787.5,7788.5
1786371240,7788.75,7789,7787.5,7789
1786371300,7788.75,7790.25,7787.75,7788.75
1786371360,7788.75,7789.25,7787.75,7789
1786371420,7788.75,7788.75,7787.75,7788
1786371480,7788,7788.25,7786.25,7787.25
1786371540,7787.5,7790,7787,7789.5
1786371600,7789.5,7790.5,7789.25,7789.75
1786371660,7789.75,7791,7789,7789.75
1786371720,7789.75,7789.75,7787.25,7787.75
1786371780,7787.75,7788.5,7786,7786.75
1786371840,7786.5,7787,7784.75,7786.25
1786371900,7786,7789,7784,7788.75
1786371960,7788.75,7789.5,7787,7788.25
1786372020,7788,7789.5,7787.25,7788.5
1786372080,7788.25,7789.25,7787.75,7789.25
1786372140,7789.25,7791.25,7788.5,7790.25
1786372200,7790,7791.5,7789.25,7791
1786372260,7791.25,7793.5,7791,7792.5
1786372320,7792.5,7793,7791.75,7792.75
1786372380,7792.75,7792.75,7790.5,7791.25
1786372440,7791.25,7791.25,7789.5,7790
1786372500,7790,7792.75,7790,7791.25
1786372560,7791.5,7792,7790.5,7790.75
1786372620,7790.75,7792.75,7790.5,7792.5
1786372680,7792.5,7792.75,7789.75,7789.75
1786372740,7790,7790.75,7788.25,7790
1786372800,7789.75,7792,7789.5,7791
1786372860,7791.25,7792,7790.25,7790.75
1786372920,7791,7792.75,7790,7792.5
1786372980,7792.25,7792.75,7791.25,7792.25
1786373040,7792.5,7793,7791.25,7792.5
1786373100,7792.5,7796,7792.5,7796
1786373160,7796,7796,7794.25,7795.25
1786373220,7795.25,7798,7795.25,7796
1786373280,7796.25,7797,7795.25,7795.75
1786373340,7795.75,7796.75,7795.5,7795.5
1786373400,7795.75,7796.25,7794.5,7794.75
1786373460,7794.5,7795,7792.25,7792.5
1786373520,7792.75,7793,7789.5,7789.75
1786373580,7790,7790,7785.5,7785.5
1786373640,7785.75,7786.75,7784.5,7785.25
1786373700,7785,7786.5,7784,7785.25
1786373760,7785.25,7787.5,7785.25,7786.5
1786373820,7786.5,7786.5,7784.25,7785.25
1786373880,7785.25,7786,7784,7784.5
1786373940,7784.5,7785,7781.25,7781.5
1786374000,7781.75,7783,7779.25,7779.75
1786374060,7779.75,7784,7779.5,7783.5
1786374120,7783.5,7784.75,7781.75,7783.25
1786374180,7783,7786,7782.75,7784.75
1786374240,7784.75,7786,7783,7783.75
1786374300,7783.5,7786.25,7783.5,7786
1786374360,7786,7786.5,7784,7785.25
1786374420,7785.5,7786.75,7785,7785.75
1786374480,7785.75,7786.5,7783.75,7783.75
1786374540,7784,7784,7782,7782
1786374600,7782,7783.25,7780.75,7782.75
1786374660,7782.75,7785.75,7782.5,7783.25
1786374720,7783.25,7784,7781.5,7781.75
1786374780,7781.75,7784.75,7781.5,7784.25
1786374840,7784.25,7785,7783.5,7784.75
1786374900,7784.75,7788.25,7784.25,7788.25
1786374960,7788.25,7788.5,7786,7786.5
1786375020,7786.5,7787,7784.25,7786
1786375080,7786,7786.5,7784.75,7785.25
1786375140,7785.25,7786.75,7784.75,7785.75
1786375200,7786,7787.5,7786,7786.75
1786375260,7786.75,7787,7785.25,7786.5
1786375320,7786.5,7786.75,7784.75,7785.75
1786375380,7785.5,7787.25,7784.5,7786.5
1786375440,7786.25,7786.25,7784.75,7785.75
1786375500,7785.75,7786,7781.75,7782.25
1786375560,7782.25,7783,7780.75,7782
1786375620,7782,7784.5,7781.5,7784
1786375680,7783.75,7784.75,7782.75,7783.75
1786375740,7783.75,7785,7783.5,7784.25
1786375800,7784.25,7785.5,7783.25,7784.25
1786375860,7784.25,7784.5,7781.75,7783
1786375920,7782.75,7782.75,7780.75,7782.5
1786375980,7782.5,7782.75,7781.5,7782
1786376040,7782,7782.25,7780,7780.75
1786376100,7780.75,7782.5,7778.5,7781.25
1786376160,7781,7781.75,7779,7779.25
1786376220,7779,7780,7778.5,7780
1786376280,7780,7780.5,7779,7780
1786376340,7779.75,7780.5,7779,7779
1786376400,7779.25,7782,7778,7781.25
1786376460,7781.5,7782.5,7780.75,7782.25
1786376520,7782.5,7783,7780.75,7780.75
1786376580,7780.75,7783,7780.25,7783
1786376640,7783,7784.75,7782.5,7784.5
1786376700,7784.5,7785.25,7783.75,7784.25
1786376760,7784.25,7784.25,7782.75,7782.75
1786376820,7782.75,7784,7782,7782.25
1786376880,7782.5,7783,7781.5,7782.25
1786376940,7782.25,7783.75,7781.75,7782
1786377000,7782,7784.25,7781.5,7783.5
1786377060,7783.75,7786.75,7783.5,7786.75
1786377120,7786.75,7788,7786.5,7788
1786377180,7788,7788.5,7787.5,7788
1786377240,7788.25,7790.25,7787.75,7788.5
1786377300,7788.75,7788.75,7787.25,7788
1786377360,7788,7788.5,7787,7788.25
1786377420,7788.25,7789.75,7788,7789.5
1786377480,7789.5,7790,7789.25,7790
1786377540,7790,7790.75,7789.5,7790
1786377600,7790,7791.25,7789.25,7790.5
1786377660,7790.5,7790.5,7788.75,7789
1786377720,7789.25,7790,7789,7789.25
1786377780,7789.25,7789.25,7788,7788.25
1786377840,7788.25,7788.75,7787,7788.25
1786377900,7788.25,7788.75,7787.25,7787.5
1786377960,7787.5,7787.75,7786.5,7786.5
1786378020,7786.75,7788,7786.75,7787.25
1786378080,7787,7788,7785.75,7785.75
1786378140,7785.75,7787,7785.25,7786.5
1786378200,7786.5,7787,7785.75,7786.5
1786378260,7786.5,7788,7786,7786
1786378320,7786.25,7786.5,7784.5,7785
1786378380,7785.25,7785.75,7784.75,7785.75
1786378440,7785.75,7786,7784.25,7784.5
1786378500,7784.25,7784.5,7781,7781.75
1786378560,7781.75,7784,7781.75,7783.25
1786378620,7783.25,7783.75,7782.75,7783
1786378680,7783,7784.25,7782.75,7783
1786378740,7783.25,7784,7782.75,7783.25
1786378800,7783.25,7785.25,7783,7783.75
1786378860,7783.75,7783.75,7781.5,7781.75
1786378920,7781.75,7782.75,7781.25,7782.25
1786378980,7782.25,7783.5,7782.25,7783
1786379040,7783.25,7784.25,7782.5,7784
1786379100,7784,7785.75,7783,7784.5
1786379160,7784.75,7784.75,7782,7782
1786379220,7782.25,7782.75,7780.5,7780.5
1786379280,7780.5,7782.25,7780,7782
1786379340,7782,7782.25,7780,7780.25
1786379400,7780.25,7781,7779.5,7779.5
1786379460,7779.5,7781.25,7764.5,7765
1786379520,7765.25,7775.75,7765,7775.5
1786379580,7775.25,7775.25,7772.5,7774.25
1786379640,7774,7774.75,7772.5,7773.75
1786379700,7773.75,7776,7773.25,7775.25
1786379760,7775.5,7777.25,7774.5,7775.25
1786379820,7775.5,7775.75,7773.5,7773.75
1786379880,7773.75,7774,7771,7772.5
1786379940,7772.25,7773.25,7771.75,7772
1786380000,7772,7773,7771.25,7772.5
1786380060,7772.25,7772.25,7768.5,7769.75
1786380120,7769.75,7771.5,7769.25,7769.75
1786380180,7769.75,7770,7767.25,7767.25
1786380240,7767.25,7768,7766,7767.75
1786380300,7768,7768.25,7765.75,7767.25
1786380360,7767.5,7770.5,7766.75,7770.25
1786380420,7770.25,7771.5,7769.25,7771.25
1786380480,7771,7771.5,7770.25,7770.5
1786380540,7770.75,7772.75,7770.5,7772.75
1786380600,7772.75,7773,7770.75,7771.25
1786380660,7771,7771.5,7770,7770.75
1786380720,7770.75,7771.25,7770,7771
1786380780,7771,7771,7769.25,7769.75
1786380840,7769.75,7771.75,7769.75,7771.75
1786380900,7772,7774.25,7771.75,7772.75
1786380960,7772.5,7774.25,7772,7774
1786381020,7774,7774.75,7773.75,7774.5
1786381080,7774.5,7775.75,7773.75,7774
1786381140,7774.25,7776.25,7774,7776.25
1786381200,7776,7776.75,7775,7776.5
1786381260,7776.25,7777,7773.75,7773.75
1786381320,7774,7775,7773.75,7774
1786381380,7774.25,7774.25,7772,7772
1786381440,7772,7773.5,7771.5,7773.5
1786381500,7773.5,7773.75,7772.5,7772.75
1786381560,7773,7774.5,7772.75,7773
1786381620,7773,7775,7772.5,7774.75
1786381680,7774.75,7777,7774.5,7776
1786381740,7776,7777.75,7776,7777.25
1786381800,7777.5,7779,7776.75,7777
1786381860,7777,7777,7775.75,7776.5
1786381920,7776.5,7776.75,7775.75,7776
1786381980,7776,7777.75,7776,7777.5
1786382040,7777.5,7778,7777.25,7777.5
1786382100,7777.5,7779,7777.5,7778.5
1786382160,7778.5,7779.5,7777.75,7778.75
1786382220,7778.75,7779.25,7778,7779
1786382280,7779,7779.25,7776.5,7776.75
1786382340,7776.75,7778,7776.75,7777.75
1786382400,7778,7778.75,7777.75,7777.75
1786382460,7778,7778.25,7776.75,7776.75
1786382520,7776.5,7778,7776.5,7777.5
1786382580,7777.5,7778.5,7777.25,7777.5
1786382640,7777.5,7778.25,7777.25,7778
1786382700,7778,7778.5,7776.75,7776.75
1786382760,7776.75,7777.25,7776.25,7776.25
1786382820,7776.5,7777.5,7775.75,7775.75
1786382880,7775.75,7777,7775,7776.5
1786382940,7776.75,7778.25,7776.75,7777.5
1786383000,7777.5,7779,7777.5,7778.5
1786383060,7778.5,7779.25,7778.25,7778.5
1786383120,7778.5,7779.25,7778.25,7778.75
1786383180,7778.75,7779.25,7777.5,7777.5
1786383240,7777.5,7778,7777.25,7777.75
1786383300,7777.75,7778.25,7776.75,7776.75
1786383360,7777,7777.75,7776.75,7776.75
1786383420,7776.5,7776.5,7774.25,7774.25
1786383480,7774.25,7775.25,7774,7775
1786383540,7775,7775.25,7774.5,7774.75
1786383600,7775,7775.75,7774.25,7775
1786383660,7775,7775.5,7774.5,7775.25
1786383720,7775.5,7776.25,7774.5,7774.5
1786383780,7774.75,7774.75,7773.75,7774.25
1786383840,7774.25,7775,7772.5,7773
1786383900,7773,7773.5,7772,7772.75
1786383960,7773,7773.5,7772,7773.5
1786384020,7773.25,7774.25,7773,7773.25
1786384080,7773.25,7774,7772.75,7774
1786384140,7774,7774.25,7773.25,7773.25
1786384200,7773.5,7774,7772,7772.5
1786384260,7772.25,7772.5,7771.25,7771.75
1786384320,7772,7773.25,7771.5,7773.25
1786384380,7773.25,7773.25,7772,7772.5
1786384440,7772.25,7773.25,7772,7772.75
1786384500,7772.75,7774.5,7772,7772.75
1786384560,7772.75,7772.75,7771.75,7772.5
1786384620,7772.5,7774,7772,7774
1786384680,7774,7774.75,7773.75,7774.75
1786384740,7774.5,7774.75,7773.75,7773.75
1786384800,7773.75,7775.25,7773.75,7774.75
1786384860,7775,7775.25,7773.25,7773.25
1786384920,7773.25,7774.25,7773,7773.75
1786384980,7773.75,7774.25,7773,7774
1786385040,7774,7774.25,7773.5,7773.75
1786385100,7774,7774.75,7773,7774.25
1786385160,7774.5,7775,7773.75,7774.75
1786385220,7774.5,7775.25,7774.5,7774.75
1786385280,7774.75,7776.75,7774.75,7776
1786385340,7776.25,7776.25,7775.5,7776
1786385400,7775.75,7777.25,7775.5,7776.75
1786385460,7777,7777.25,7775.75,7776.25
1786385520,7776.25,7776.5,7774.75,7774.75
1786385580,7774.75,7775,7773.5,7774
1786385640,7774.25,7774.25,7772.75,7773.25
1786385700,7773.5,7773.75,7772.5,7773
1786385760,7773,7773.75,7772.75,7773.5
1786385820,7773.5,7774,7773,7773.5
1786385880,7773.5,7773.75,7772.25,7772.25
1786385940,7772.25,7772.75,7771.75,7772.25
1786386000,7772.25,7772.75,7771.25,7772
1786386060,7772,7772.75,7772,7772.75
1786386120,7773,7774,7772.5,7773
1786386180,7773,7773,7772.25,7772.5
1786386240,7772.5,7772.75,7772,7772
1786386300,7772,7773.25,7772,7773
1786386360,7773,7773.5,7772,7772.25
1786386420,7772,7772.25,7771.5,7772
1786386480,7772,7772.5,7771.75,7772.25
1786386540,7772.5,7772.5,7771.5,7771.5
1786386600,7771.5,7771.75,7769.25,7771
1786386660,7770.75,7772.5,7770.75,7772.5
1786386720,7772.25,7773.25,7771.75,7772.75
1786386780,7773,7773,7771.25,7772.25
1786386840,7772.25,7772.25,7771.5,7771.75
1786386900,7772,7773.5,7772,7772.25
1786386960,7772.5,7772.75,7771,7771
1786387020,7771.25,7771.25,7769.5,7769.75
1786387080,7770,7770.75,7769.75,7770.5
1786387140,7770.5,7772.25,7770.25,7772
1786387200,7772,7773.25,7772,7773
1786387260,7773,7774.25,7773,7774
1786387320,7774.25,7775.75,7773.5,7775.5
1786387380,7775.75,7775.75,7774,7774
1786387440,7774,7775.5,7774,7775.25
1786387500,7775.25,7775.75,7774.5,7775.5
1786387560,7775.5,7775.75,7774.75,7775
1786387620,7775,7775.75,7775,7775.75
1786387680,7775.5,7776,7774.75,7775.75
1786387740,7775.5,7775.75,7774,7775.25
1786387800,7775,7776.25,7775,7776.25
1786387860,7776.25,7777.5,7775.75,7776
1786387920,7776.25,7777,7776.25,7777
1786387980,7777,7777.75,7776.5,7777.25
1786388040,7777.25,7778.25,7777.25,7777.75
1786388100,7777.75,7777.75,7776.5,7776.5
1786388160,7776.75,7778,7776.5,7777.75
1786388220,7778,7779.5,7778,7779
1786388280,7779.25,7779.75,7778.25,7778.5
1786388340,7778.5,7779.25,7778.25,7778.5
1786388400,7778.75,7779,7777.25,7777.25
1786388460,7777.25,7778.75,7777.25,7778
1786388520,7778,7779.25,7777.75,7778.5
1786388580,7778.25,7780,7778,7779.5
1786388640,7779.5,7779.75,7778.5,7778.5
1786388700,7778.75,7779.25,7777.75,7778.5
1786388760,7778.75,7779.75,7778,7779
1786388820,7779,7779.75,7779,7779.5
1786388880,7779.75,7780.5,7779.5,7780.5
1786388940,7780.5,7780.75,7779.75,7780.75
1786389000,7780.75,7780.75,7779.5,7780
1786389060,7780,7780.5,7779.25,7779.5
1786389120,7779.25,7780,7778.75,7779.75
1786389180,7779.75,7780.75,7779.75,7780
1786389240,7780,7780,7779.25,7779.75
1786389300,7779.75,7780.25,7779.25,7779.5
1786389360,7779.5,7779.75,7778.75,7779
1786389420,7779.25,7780.5,7779,7780.5
1786389480,7780.5,7781.25,7780,7780.5
1786389540,7780.5,7780.5,7779.5,7779.75
1786389600,7779.75,7780.5,7779,7779
1786389660,7779.25,7779.75,7778.5,7779.25
1786389720,7779.25,7779.75,7778.75,7778.75
1786389780,7779,7780,7778.75,7779.75
1786389840,7780,7780.75,7779,7780.5
1786389900,7780.5,7780.5,7778,7778.25
1786389960,7778.25,7779.25,7777.75,7778.25
1786390020,7778,7778,7776.5,7776.75
1786390080,7777,7777.5,7776.25,7776.5
1786390140,7776.75,7776.75,7775.25,7775.75
1786390200,7776,7776.75,7775,7775.25
1786390260,7775.25,7776.25,7775,7775.5
1786390320,7775.5,7776,7773.75,7774.5
1786390380,7774.5,7775.25,7774.25,7775
1786390440,7774.75,7776.25,7774.5,7775.25
1786390500,7775.25,7776.25,7774.5,7774.75
1786390560,7775,7776.5,7774.75,7776.25
1786390620,7776.25,7777,7776,7776.75
1786390680,7776.75,7777.5,7776.25,7777.5
1786390740,7777.5,7779.5,7777.25,7778.5
1786390800,7778.5,7778.75,7777.5,7777.5
1786390860,7777.5,7778,7776.25,7776.5
1786390920,7776.75,7778.5,7776,7778
1786390980,7778,7778.5,7777.5,7778
1786391040,7778.25,7778.25,7777.5,7777.5
1786391100,7777.5,7778.5,7775.25,7776
1786391160,7776,7776.75,7775.75,7775.75
1786391220,7776,7777.5,7775.75,7777
1786391280,7777.25,7777.5,7776,7776.5
1786391340,7776.25,7778.75,7776.25,7778.25
1786391400,7778,7778,7772,7772.25
1786391460,7772.5,7773.5,7771.25,7771.75
1786391520,7771.75,7773,7771,7771.5
1786391580,7771.5,7772.75,7770.5,7771.75
1786391640,7772,7774.25,7771,7771.25
1786391700,7771.25,7775.25,7771.25,7772.75
1786391760,7772.75,7772.75,7771.25,7771.5
1786391820,7771.5,7772,7770.25,7770.75
1786391880,7770.75,7774.25,7770.25,7774
1786391940,7774,7779,7772.75,7778
1786392000,7777.75,7778.25,7775,7777.5
1786392060,7777.25,7777.75,7775.25,7775.5
1786392120,7775.5,7776.5,7775,7776.25
1786392180,7776.25,7776.25,7775.25,7775.25
1786392240,7775.25,7776.75,7775.25,7775.75
1786392300,7775.5,7776.25,7775.25,7776.25
1786392360,7776.25,7776.25,7775.25,7775.75
1786392420,7776,7776.5,7776,7776.25
1786392480,7776,7776,7775.25,7775.5
1786392540,7775.25,7776,7775,7775.75
1786392600,7775.75,7776,7775.5,7775.5
1786392660,7775.75,7775.75,7775,7775.25
1786392720,7775.25,7776,7775,7775.5
1786392780,7775.75,7776,7775.5,7776
1786392840,7775.75,7776,7775,7775.5
1786392900,7775.25,7776,7775,7776
1786392960,7776,7776.75,7776,7776.25
1786393020,7776,7776,7773.5,7773.75
1786393080,7773.5,7775,7773.25,7774.25
1786393140,7774.25,7774.25,7773,7773.25
1786393200,7773.5,7774.75,7773.25,7774.5
1786393260,7774.25,7775,7773.5,7774
1786393320,7774,7774.25,7773.75,7773.75
1786393380,7773.75,7774.25,7773.5,7773.75
1786393440,7774,7774.75,7774,7774.75
1786393500,7774.75,7775.25,7774.25,7775.25
1786393560,7775.25,7775.5,7775,7775.25
1786393620,7775.25,7776,7775.25,7775.75
1786393680,7775.75,7776.75,7775.75,7776.75
1786393740,7776.5,7776.5,7775.75,7776.25
1786393800,7776,7776.25,7775.75,7776
1786393860,7776,7776.25,7775.5,7775.75
1786393920,7775.75,7776,7775.5,7775.75
1786393980,7775.75,7775.75,7775,7775.25
1786394040,7775,7775.75,7775,7775.75
1786394100,7775.5,7775.75,7775.25,7775.5
1786394160,7775.25,7775.75,7775.25,7775.5
1786394220,7775.5,7776,7775.5,7776
1786394280,7775.75,7775.75,7775.25,7775.5
1786394340,7775.75,7775.75,7775.25,7775.5
1786394400,7775.5,7775.5,7775.25,7775.5
1786394460,7775.5,7775.75,7775.25,7775.75
1786394520,7775.75,7776,7775.5,7775.75
1786394580,7776,7776.5,7776,7776.25
1786394640,7776.25,7776.5,7776,7776.25
1786394700,7776.5,7776.75,7776,7776.5
1786394760,7776.75,7777.25,7776.75,7777.25
1786394820,7777,7777.25,7776.5,7777
1786394880,7776.75,7777.25,7776.75,7777
1786394940,7777.25,7777.25,7776.75,7777.25
1786395000,7777,7777.5,7776.75,7776.75
1786395060,7777,7778.25,7777,7778
1786395120,7777.75,7778,7777.75,7778
1786395180,7778,7778,7777.75,7777.75
1786395240,7778,7778.5,7777.75,7778.25
1786395300,7778.25,7778.25,7777.75,7777.75
1786395360,7778,7778,7777,7777.75
1786395420,7778,7778,7777.5,7777.5
1786395480,7777.5,7777.5,7777.25,7777.5
1786395540,7777.25,7777.5,7777,7777.25
1786399200,7778.25,7781.25,7777.25,7780.5
1786399260,7780.75,7781,7779.25,7780
1786399320,7780,7780,7779.25,7779.25
1786399380,7779.75,7780.25,7779,7779
1786399440,7779.25,7779.5,7778.75,7778.75
1786399500,7778.75,7779,7778.25,7778.75
1786399560,7778.5,7778.75,7777.75,7778.5
1786399620,7778.75,7779,7778.25,7778.75
1786399680,7778.75,7779.5,7778.75,7779.5
1786399740,7779.25,7779.75,7777.25,7777.5
1786399800,7777.5,7778,7776.75,7777.5
1786399860,7777.5,7778,7777,7777.25
1786399920,7777.25,7777.75,7777.25,7777.75
1786399980,7777.75,7777.75,7777.5,7777.5
1786400040,7777.75,7777.75,7777.5,7777.5
1786400100,7777.75,7778,7777.25,7777.75
1786400160,7777.75,7778,7776.75,7777.25
1786400220,7777.25,7777.25,7776.75,7777
1786400280,7777,7777.5,7776.75,7776.75
1786400340,7776.75,7776.75,7775.75,7776
1786400400,7776,7776.5,7775.5,7776
1786400460,7776,7776,7773.5,7773.75
1786400520,7773.75,7774.25,7773.5,7774.25
1786400580,7774.25,7774.5,7773.75,7774
1786400640,7774,7774,7773.75,7774
1786400700,7774,7774.25,7774,7774
1786400760,7774,7775,7774,7775
1786400820,7775,7775,7774.5,7774.5
1786400880,7774.5,7774.75,7774.25,7774.75
1786400940,7775,7775,7774.5,7774.5
1786401000,7774.5,7774.5,7773.5,7773.75
1786401060,7774,7774,7772.5,7773
1786401120,7773,7773,7772,7772.25
1786401180,7772.25,7772.25,7771.75,7772
1786401240,7772.25,7772.25,7771.5,7772.25
1786401300,7772.25,7772.25,7771.5,7771.75
1786401360,7771.75,7771.75,7771.25,7771.5
1786401420,7771.25,7772.5,7771.25,7772.5
1786401480,7772.5,7772.75,7772.5,7772.75
1786401540,7772.75,7772.75,7772.25,7772.25
1786401600,7772.25,7772.5,7772.25,7772.5
1786401660,7772.5,7772.75,7772.5,7772.5
1786401720,7772.75,7772.75,7772.25,7772.5
1786401780,7772.25,7772.25,7772,7772
1786401840,7772.25,7772.25,7772,7772.25
1786401900,7772.25,7772.25,7772,7772
1786401960,7772.25,7772.25,7772,7772
1786402020,7772.25,7772.25,7772.25,7772.25
1786402080,7772.25,7772.25,7772,7772.25
1786402140,7772.25,7772.25,7772,7772.25
1786402200,7772.25,7772.25,7772,7772
1786402260,7772.25,7772.25,7772.25,7772.25
1786402320,7772.25,7773,7772.25,7772.75
1786402380,7772.75,7772.75,7772,7772
1786402440,7772,7772.75,7772,7772.5
1786402500,7772.5,7772.5,7772.25,7772.5
1786402560,7772.75,7773,7772.75,7773
1786402620,7773,7773.75,7773,7773.25
1786402680,7773.5,7773.5,7773,7773.25
1786402740,7773.25,7773.5,7773.25,7773.5
1786402800,7773.5,7774,7773.25,7773.5
1786402860,7773.25,7773.25,7771.75,7772.5
1786402920,7772.5,7773.5,7772.5,7772.75
1786402980,7772.75,7773.25,7772.5,7772.5
1786403040,7772.5,7772.5,7772.5,7772.5
1786403100,7772.5,7772.75,7772.5,7772.5
1786403160,7772.5,7772.5,7772.5,7772.5
1786403220,7772.75,7773,7772.5,7772.5
1786403280,7772.75,7773,7772.75,7773
1786403340,7773,7773,7772.75,7772.75
1786403400,7772.5,7772.75,7772.5,7772.5
1786403460,7772.75,7773,7772.5,7772.5
1786403520,7772.5,7772.75,7772.5,7772.75
1786403580,7772.75,7772.75,7772.25,7772.25
1786403640,7772.5,7772.75,7772.5,7772.75
1786403700,7772.75,7772.75,7772.75,7772.75
1786403760,7772.75,7772.75,7772.5,7772.5
1786403820,7772.5,7772.75,7772,7772
1786403880,7772,7772.25,7772,7772
1786403940,7772,7772,7771.25,7771.5
1786404000,7771.5,7771.75,7770.25,7770.75
1786404060,7771,7771.75,7771,7771.25
1786404120,7771.5,7771.5,7771,7771
1786404180,7770.75,7770.75,7769.25,7769.75
1786404240,7769.75,7770.5,7769.75,7770.25
1786404300,7770.5,7770.75,7770,7770.75
1786404360,7770.75,7770.75,7770.5,7770.5
1786404420,7770.25,7770.25,7769.5,7769.5
1786404480,7769.75,7769.75,7769.25,7769.5
1786404540,7769.25,7770,7769.25,7770
1786404600,7770,7770.25,7770,7770
1786404660,7769.75,7770.25,7769.75,7770
1786404720,7770,7770,7769.5,7769.5
1786404780,7769.5,7769.5,7768.5,7769.25
1786404840,7769.25,7769.75,7769.25,7769.75
1786404900,7770,7770.5,7769.75,7770.5
1786404960,7770.75,7770.75,7770,7770.5
1786405020,7770.5,7770.75,7770.5,7770.5
1786405080,7770.5,7770.75,7770.5,7770.5
1786405140,7770.75,7770.75,7770.5,7770.5
1786405200,7770.5,7770.75,7770.5,7770.75
1786405260,7770.5,7771,7770.5,7771
1786405320,7771,7771.25,7770.75,7771
1786405380,7771,7771.75,7770.75,7771.5
1786405440,7771.75,7772,7771.5,7771.5
1786405500,7771.5,7772,7770.5,7771.5
1786405560,7771.5,7771.75,7771.25,7771.75
1786405620,7772,7773,7771.5,7771.75
1786405680,7771.75,7772.25,7771.75,7771.75
1786405740,7772.25,7772.25,7771.75,7772
1786405800,7772,7772,7771,7771.25
1786405860,7771.5,7771.5,7770.75,7770.75
1786405920,7770.75,7770.75,7769.5,7770.5
1786405980,7770.25,7770.5,7770,7770
1786406040,7770,7770,7769,7769.5
1786406100,7769.5,7769.5,7767.5,7767.5
1786406160,7767.5,7768,7767.25,7767.75
1786406220,7767.75,7768,7766.75,7767
1786406280,7766.75,7769.25,7766.5,7769.25
1786406340,7769.25,7771.25,7769,7770.75
1786406400,7770.75,7770.75,7769,7769.5
1786406460,7769,7770.25,7768.25,7768.5
1786406520,7768.5,7769,7767.75,7768.25
1786406580,7768.25,7769,7767.75,7768.5
1786406640,7768.75,7769.75,7768.5,7769.5
1786406700,7769.5,7770.25,7769,7769.5
1786406760,7769.5,7770,7769,7769
1786406820,7769,7769.5,7769,7769.25
1786406880,7769.25,7772,7769.25,7772
1786406940,7772,7773,7771.25,7771.25
1786407000,7771,7773.25,7771,7772.75
1786407060,7773,7774.5,7772.25,7774.5
1786407120,7774.5,7776.75,7774.25,7776
1786407180,7776.25,7777,7775.75,7776
1786407240,7776,7776.75,7776,7776.25
1786407300,7776.25,7776.25,7773.75,7774.5
1786407360,7774.5,7775.5,7774.25,7775.5
1786407420,7775,7775.75,7774,7774
1786407480,7774,7775,7774,7775
1786407540,7775,7775.25,7774.75,7774.75
1786407600,7775,7775.25,7773.25,7773.5
1786407660,7773.5,7776.5,7773.5,7776.25
1786407720,7776,7776.25,7774.75,7775
1786407780,7775,7775.5,7775,7775
1786407840,7775,7776.25,7775,7776
1786407900,7776,7777.5,7775.75,7777.25
1786407960,7777.5,7777.75,7776.75,7777
1786408020,7777.25,7778.25,7777.25,7777.5
1786408080,7777.5,7777.75,7777,7777.25
1786408140,7777.25,7778,7777.25,7778
1786408200,7778,7778.25,7776.75,7777.5
1786408260,7777.5,7778.25,7777,7777
1786408320,7777,7777.5,7777,7777.5
1786408380,7777.5,7777.75,7777.25,7777.5
1786408440,7777.5,7777.75,7777.5,7777.75
1786408500,7777.75,7779,7777.5,7779
1786408560,7778.75,7779,7777.75,7777.75
1786408620,7777.75,7778,7777.75,7777.75
1786408680,7777.75,7778,7777.5,7777.5
1786408740,7777.5,7777.5,7776.75,7777.25
1786408800,7777.25,7777.75,7777.25,7777.5
1786408860,7777.5,7778.25,7777.5,7778
1786408920,7778,7778.75,7777.25,7778.75
1786408980,7778.75,7779,7778.25,7778.25
1786409040,7778.25,7780.25,7778.25,7779.5
1786409100,7779.75,7781.25,7779.5,7781
1786409160,7780.75,7781,7779.75,7780.5
1786409220,7780.25,7780.25,7779.75,7779.75
1786409280,7779.75,7780,7779,7779.25
1786409340,7779.25,7779.5,7779,7779.25
1786409400,7779.25,7780.5,7779.25,7780.25
1786409460,7780.25,7780.5,7779.75,7779.75
1786409520,7779.75,7780.25,7779.75,7780.25
1786409580,7780.25,7780.5,7780,7780.25
1786409640,7780.5,7780.5,7779.75,7780
1786409700,7780,7780,7779.75,7779.75
1786409760,7779.75,7780,7779.25,7780
1786409820,7780,7780,7779.75,7779.75
1786409880,7779.75,7780.25,7779.75,7780.25
1786409940,7780.25,7780.25,7779.75,7779.75
1786410000,7779.5,7780.5,7779.25,7780.5
1786410060,7780.5,7780.5,7779.25,7779.75
1786410120,7780,7780.25,7778,7778.75
1786410180,7778.75,7779.5,7778,7779.25
1786410240,7779.25,7779.5,7779,7779.25
1786410300,7779.25,7779.75,7779,7779.75
1786410360,7779.5,7779.75,7779,7779.25
1786410420,7779.5,7779.75,7779,7779
1786410480,7779.25,7779.25,7778.5,7778.75
1786410540,7778.75,7781,7778.5,7780.75
1786410600,7781,7782.5,7780.75,7781.5
1786410660,7781.75,7782.5,7781.75,7782.25
1786410720,7782,7784.25,7782,7782.75
1786410780,7782.5,7785.25,7782.5,7785
1786410840,7784.75,7785.25,7784,7784.75
1786410900,7784.75,7785,7784.25,7784.75
1786410960,7784.75,7785.25,7784.5,7784.75
1786411020,7784.75,7785.25,7784.75,7784.75
1786411080,7784.75,7784.75,7783,7783
1786411140,7783.25,7783.5,7782.5,7783
1786411200,7783.25,7784.75,7783,7784.75
1786411260,7784.5,7784.5,7784.25,7784.25
1786411320,7784.5,7786,7784.5,7785.5
1786411380,7785.5,7786.25,7785.5,7786.25
1786411440,7786.25,7786.25,7785.5,7785.75
1786411500,7785.75,7785.75,7784.5,7784.5
1786411560,7784.5,7784.75,7783.5,7784.25
1786411620,7784.5,7784.75,7784.25,7784.5
1786411680,7784.75,7785,7784.25,7784.75
1786411740,7784.75,7785.25,7784.75,7784.75
1786411800,7784.75,7785.75,7784.25,7784.75
1786411860,7785,7785,7783.75,7784.75
1786411920,7784.75,7784.75,7784.25,7784.5
1786411980,7784.75,7785.25,7784.5,7785
1786412040,7784.75,7784.75,7784.5,7784.75
1786412100,7784.5,7784.75,7784.25,7784.75
1786412160,7784.5,7784.5,7784,7784
1786412220,7784,7784.25,7783.5,7784
1786412280,7784,7784.25,7783.75,7784.25
1786412340,7784.25,7784.25,7783.75,7784.25
1786412400,7783.75,7784.25,7783.75,7784.25
1786412460,7784.25,7784.25,7783.5,7783.75
1786412520,7783.75,7784.25,7783.75,7784
1786412580,7784,7784.75,7784,7784.25
1786412640,7784.25,7784.5,7784,7784
1786412700,7784,7784.75,7783.25,7784.75
1786412760,7784.5,7785,7784,7784.25
1786412820,7784.25,7785.25,7784,7785
1786412880,7785.25,7785.75,7784.75,7785.75
1786412940,7785.75,7786.5,7785.5,7786
1786413000,7786,7786.25,7785.75,7785.75
1786413060,7785.75,7786,7785.5,7785.75
1786413120,7785.75,7786,7785.25,7785.25
1786413180,7785.5,7785.5,7785,7785.25
1786413240,7785,7785.75,7785,7785.75
1786413300,7785.5,7786,7784,7784
1786413360,7784,7784.25,7783.5,7784.25
1786413420,7784.25,7784.5,7783.75,7784
1786413480,7784,7784.25,7783.75,7784.25
1786413540,7784.25,7784.25,7783.25,7783.25
1786413600,7783,7783.25,7782.75,7782.75
1786413660,7782.75,7783,7782.75,7783
1786413720,7783,7783.5,7783,7783
1786413780,7783,7783.25,7782.75,7783
1786413840,7782.75,7784.25,7782.75,7784
1786413900,7784,7784,7783.75,7784
1786413960,7784,7784,7783.25,7783.25
1786414020,7783,7783.25,7782.5,7782.75
1786414080,7782.75,7783.25,7782.75,7783.25
1786414140,7783,7783.5,7782.75,7783
1786414200,7783,7783.25,7783,7783.25
1786414260,7783.25,7783.75,7783.25,7783.75
1786414320,7783.5,7783.75,7783,7783.25
1786414380,7783.25,7783.75,7783.25,7783.5
1786414440,7783.5,7784,7783.5,7783.75
1786414500,7783.75,7784.75,7783.75,7783.75
1786414560,7783.5,7783.75,7783.25,7783.5
1786414620,7783.25,7783.5,7783,7783.25
1786414680,7783.25,7784,7783.25,7783.5
1786414740,7783.5,7783.75,7783.5,7783.5
1786414800,7783.75,7783.75,7783.25,7783.5
1786414860,7783.25,7783.5,7783,7783
1786414920,7783,7783.5,7783,7783.25
1786414980,7783.25,7783.75,7783.25,7783.5
1786415040,7783.5,7784,7783.5,7783.75
1786415100,7783.75,7783.75,7783.25,7783.5
1786415160,7783.75,7783.75,7783.5,7783.75
1786415220,7784,7784.5,7784,7784.5
1786415280,7784.25,7784.75,7784.25,7784.5
1786415340,7784.5,7785,7784.5,7784.75
1786415400,7784.75,7785.75,7784.75,7785.5
1786415460,7785.25,7785.5,7784.75,7785.25
1786415520,7785.25,7786,7785.25,7785.75
1786415580,7785.75,7785.75,7785.5,7785.75
1786415640,7786,7786.25,7785.75,7786
1786415700,7785.75,7786,7785.25,7786
1786415760,7785.5,7785.75,7785.5,7785.5
1786415820,7785.5,7785.75,7785,7785.5
1786415880,7785.5,7785.5,7785.25,7785.5
1786415940,7785.5,7785.75,7784.75,7785
1786416000,7785.25,7785.5,7785.25,7785.5
1786416060,7785.5,7786.25,7785.5,7785.75
1786416120,7786,7786,7785.75,7786
1786416180,7786,7786,7785.75,7786
1786416240,7786,7786.5,7786,7786.5
1786416300,7786.25,7786.5,7786.25,7786.25
1786416360,7786,7786.75,7786,7786.5
1786416420,7786.25,7786.25,7786,7786
1786416480,7786.25,7786.5,7786,7786
1786416540,7786,7786.25,7785.5,7785.75
1786416600,7785.5,7785.5,7785,7785.25
1786416660,7785.25,7785.25,7784.75,7784.75
1786416720,7784.75,7785,7784.5,7785
1786416780,7785,7785,7784.5,7784.75
1786416840,7784.75,7785,7784.5,7785
1786416900,7785.25,7785.25,7784.75,7784.75
1786416960,7784.75,7785,7784.25,7784.25
1786417020,7784.5,7784.5,7784,7784
1786417080,7784.25,7784.5,7784.25,7784.5
1786417140,7784.5,7784.5,7784.25,7784.5
1786417200,7784.25,7784.75,7784.25,7784.5
1786417260,7784.5,7785.25,7784.5,7785.25
1786417320,7785,7785.5,7784.75,7785.5
1786417380,7785.5,7785.75,7785.25,7785.75
1786417440,7785.75,7786.5,7785.5,7786.5
1786417500,7786.25,7786.5,7786,7786
1786417560,7785.75,7786,7785.75,7785.75
1786417620,7785.75,7785.75,7785.25,7785.5
1786417680,7785.5,7785.75,7785.5,7785.75
1786417740,7785.75,7786.25,7785.75,7786.25
1786417800,7786.25,7786.25,7786,7786.25
1786417860,7786.25,7786.25,7786,7786
1786417920,7786,7786.25,7786,7786.25
1786417980,7786,7786.25,7786,7786.25
1786418040,7786,7786.25,7785.5,7785.75
1786418100,7786,7786,7785.75,7785.75
1786418160,7786,7786,7785.5,7785.5
1786418220,7785.5,7786,7785.5,7786
1786418280,7785.75,7786.5,7785.75,7786.25
1786418340,7786,7786.25,7786,7786.25
1786418400,7786,7786,7785.75,7786
1786418460,7786,7787.25,7786,7787
1786418520,7786.75,7787,7786.75,7787
1786418580,7787,7788.25,7787,7787.75
1786418640,7787.75,7788.25,7787.5,7788.25
1786418700,7788.25,7788.5,7788,7788.25
1786418760,7788.25,7788.25,7788,7788.25
1786418820,7788.25,7789.25,7788.25,7789.25
1786418880,7789,7789,7788.5,7788.75
1786418940,7788.5,7788.75,7788.5,7788.5
1786419000,7788.75,7789,7788.75,7789
1786419060,7788.75,7788.75,7788.25,7788.25
1786419120,7788.25,7788.25,7788,7788
1786419180,7788,7788,7787.25,7787.25
1786419240,7787.25,7787.25,7786.75,7787
1786419300,7787.25,7787.5,7787.25,7787.5
1786419360,7787.25,7787.75,7787.25,7787.75
1786419420,7787.75,7788,7787.75,7787.75
1786419480,7787.75,7788.5,7787.5,7788.5
1786419540,7788.25,7788.25,7788,7788
1786419600,7788,7788.5,7788,7788.5
1786419660,7788.5,7788.75,7788.25,7788.75
1786419720,7788.5,7789,7788.5,7788.75
1786419780,7788.5,7788.5,7788.25,7788.5
1786419840,7788.25,7788.25,7787.25,7787.25
1786419900,7787.5,7787.5,7786.75,7787
1786419960,7786.75,7787,7786.5,7786.75
1786420020,7786.75,7787.25,7786.5,7787
1786420080,7787,7787.25,7786.75,7786.75
1786420140,7787,7787.25,7786.75,7787.25
1786420200,7787,7787.25,7787,7787.25
1786420260,7787.25,7787.25,7787.25,7787.25
1786420320,7787.25,7787.25,7787.25,7787.25
1786420380,7787.25,7787.75,7787.25,7787.5
1786420440,7787.5,7788,7787.5,7788
1786420500,7787.75,7787.75,7787.5,7787.5
1786420560,7787.5,7787.5,7787,7787
1786420620,7786.75,7787,7786.25,7786.5
1786420680,7786.5,7787,7786.5,7787
1786420740,7787,7787,7786.75,7786.75
1786420800,7786.75,7787.25,7786.75,7787
1786420860,7786.75,7787.5,7786.75,7787.25
1786420920,7787,7787,7786.75,7787
1786420980,7786.75,7787,7786.75,7786.75
1786421040,7786.75,7787.25,7786.75,7786.75
1786421100,7786.75,7787,7786.75,7787
1786421160,7787.25,7787.25,7786.75,7786.75
1786421220,7786.75,7787,7786.75,7787
1786421280,7787,7787.25,7787,7787
1786421340,7787,7787.25,7787,7787
1786421400,7787,7787.75,7787,7787.75
1786421460,7787.75,7788.25,7787.5,7787.75
1786421520,7787.5,7787.75,7787.5,7787.5
1786421580,7787.5,7788,7787.5,7788
1786421640,7788.25,7788.25,7787.75,7787.75
1786421700,7788,7788,7787.75,7787.75
1786421760,7787.5,7787.5,7787.25,7787.5
1786421820,7787.5,7787.5,7787.5,7787.5
1786421880,7787.75,7787.75,7787.5,7787.5
1786421940,7787.25,7787.5,7787.25,7787.5
1786422000,7787.25,7787.25,7787,7787
1786422060,7787,7787,7786.75,7787
1786422120,7787,7787.25,7787,7787
1786422180,7787.25,7787.25,7786.75,7786.75
1786422240,7786.75,7787,7786.75,7787
1786422300,7786.75,7787,7786.75,7787
1786422360,7787,7787.5,7787,7787
1786422420,7787,7787.5,7787,7787.5
1786422480,7787.75,7788,7787.5,7787.75
1786422540,7788,7788,7787.75,7788
1786422600,7788,7788.25,7787.75,7788.25
1786422660,7788.25,7789.5,7788,7789.5
1786422720,7789.25,7789.5,7789.25,7789.5
1786422780,7789.5,7789.5,7789,7789
1786422840,7789,7789.25,7787.75,7787.75
1786422900,7787.75,7787.75,7787.25,7787.5
1786422960,7787.5,7788.25,7787.25,7788
1786423020,7787.75,7788,7787.5,7787.5
1786423080,7787.75,7787.75,7787.75,7787.75
1786423140,7787.75,7788.25,7787.75,7788.25
1786423200,7788.25,7788.25,7787.75,7787.75
1786423260,7787.75,7788,7787.75,7787.75
1786423320,7787.75,7787.75,7787.25,7787.25
1786423380,7787.25,7787.5,7787,7787.25
1786423440,7787.25,7787.5,7787,7787.25
1786423500,7787.25,7787.5,7787.25,7787.5
1786423560,7787.75,7788,7787.5,7787.5
1786423620,7787.5,7788,7787.5,7787.75
1786423680,7787.75,7788,7787.75,7788
1786423740,7787.75,7787.75,7787.5,7787.5
1786423800,7787.5,7787.5,7787.25,7787.5
1786423860,7787.25,7787.5,7787,7787.25
1786423920,7787.25,7787.25,7787.25,7787.25
1786423980,7787,7787.25,7787,7787.25
1786424040,7787.25,7787.25,7786.75,7787
1786424100,7787,7787.25,7787,7787.25
1786424160,7787.5,7787.5,7787.25,7787.5
1786424220,7787.5,7787.5,7787.25,7787.25
1786424280,7787,7787,7787,7787
1786424340,7787,7787.25,7787,7787
1786424400,7787,7787.5,7786.75,7787
1786424460,7787,7787.25,7787,7787
1786424520,7787,7787,7786.5,7787
1786424580,7787,7787.5,7787,7787
1786424640,7787.25,7787.25,7787,7787
1786424700,7786.75,7786.75,7786.25,7786.5
1786424760,7786.5,7786.75,7786.25,7786.75
1786424820,7786.75,7787,7786.5,7787
1786424880,7787.25,7787.75,7787,7787.75
1786424940,7787.75,7788,7787.5,7787.5
1786425000,7787.75,7787.75,7787.5,7787.5
1786425060,7787.5,7787.5,7787.5,7787.5
1786425120,7787.5,7788,7787.5,7787.75
1786425180,7787.75,7788,7787.75,7788
1786425240,7788,7788.75,7787.75,7788.75
1786425300,7788.75,7788.75,7788.5,7788.5
1786425360,7788.5,7788.5,7788,7788.25
1786425420,7788.25,7788.25,7787.75,7788.25
1786425480,7788.25,7788.25,7787,7787
1786425540,7787,7787,7786.5,7786.5
1786425600,7786.25,7786.25,7785.25,7785.25
1786425660,7785.25,7785.5,7785.25,7785.25
1786425720,7785.5,7785.75,7785,7785.25
1786425780,7785.25,7786,7785.25,7785.5
1786425840,7785.25,7785.75,7785.25,7785.25
1786425900,7785.25,7785.5,7784.75,7785.25
1786425960,7785.25,7785.5,7785,7785.5
1786426020,7785.25,7785.5,7785.25,7785.5
1786426080,7785.5,7785.5,7785,7785
1786426140,7785,7785.25,7784.75,7785
1786426200,7785.25,7785.25,7784.5,7784.75
1786426260,7784.75,7784.75,7783,7783.5
1786426320,7783.5,7783.75,7783.25,7783.25
1786426380,7783.25,7784,7783.25,7784
1786426440,7784,7785.25,7784,7785.25
1786426500,7785.25,7786.25,7785,7786.25
1786426560,7786.25,7786.25,7785.75,7786.25
1786426620,7785.75,7786.25,7785.75,7785.75
1786426680,7785.75,7786,7784.75,7785.75
1786426740,7785.5,7785.75,7785,7785.5
1786426800,7785.5,7785.5,7785.25,7785.25
1786426860,7785.5,7786,7785.5,7786
1786426920,7785.75,7786,7785.75,7785.75
1786426980,7785.75,7785.75,7785,7785.25
1786427040,7785.25,7785.5,7785.25,7785.5
1786427100,7785.25,7785.5,7785.25,7785.5
1786427160,7785.5,7785.5,7785.25,7785.25
1786427220,7785.25,7785.5,7784,7784.25
1786427280,7784,7784,7782.5,7782.75
1786427340,7782.75,7783,7781.75,7781.75
1786427400,7782,7782.75,7781.5,7781.75
1786427460,7781.75,7782.5,7781,7781
1786427520,7780.75,7781.5,7780.75,7781.25
1786427580,7781.25,7781.75,7781,7781.5
1786427640,7781.75,7781.75,7780.5,7781.25
1786427700,7781,7781.75,7780.5,7781.5
1786427760,7781.25,7781.75,7781.25,7781.25
1786427820,7781,7781.5,7781,7781
1786427880,7781,7781.25,7781,7781
1786427940,7781,7781.25,7780.5,7780.5
1786428000,7780.75,7781.25,7780.25,7780.75
1786428060,7780.5,7782.75,7780.5,7782.5
1786428120,7782.5,7783,7782.5,7782.75
1786428180,7783,7783.5,7782.5,7783.25
1786428240,7783.5,7783.5,7783,7783.25
1786428300,7783,7783.25,7782.75,7783.25
1786428360,7783.25,7783.5,7783,7783
1786428420,7783,7783.25,7783,7783
1786428480,7783,7783.5,7783,7783.25
1786428540,7783,7783.25,7783,7783
1786428600,7783,7783.75,7783,7783.75
1786428660,7783.75,7784.25,7783.25,7783.75
1786428720,7783.75,7784,7783.5,7784
1786428780,7784.25,7784.5,7783.75,7784
1786428840,7784,7784,7783.5,7783.5
1786428900,7783.5,7783.75,7783.25,7783.25
1786428960,7783.25,7783.25,7783,7783
1786429020,7783,7783,7781.5,7782
1786429080,7782,7782.25,7780.5,7781
1786429140,7781,7781,7778.75,7778.75
1786429200,7779,7779.25,7778,7778.25
1786429260,7778.25,7778.5,7777.25,7777.5
1786429320,7777.5,7778.25,7777.5,7778
1786429380,7778,7778.5,7778,7778.25
1786429440,7778,7778,7777.5,7777.5
1786429500,7777.75,7777.75,7776.75,7777
1786429560,7776.75,7777.25,7776.25,7776.75
1786429620,7776.75,7776.75,7776,7776
1786429680,7776,7776.25,7775.75,7776
1786429740,7775.75,7776.25,7775,7775.5
1786429800,7775.25,7776.75,7775,7776
1786429860,7776,7777,7775.25,7775.75
1786429920,7775.5,7775.75,7773,7773
1786429980,7772.75,7772.75,7771.25,7771.25
1786430040,7771.25,7772.75,7770.5,7772.75
1786430100,7772.5,7773.75,7771.75,7772.25
1786430160,7772.25,7773.5,7772.25,7773.5
1786430220,7773.5,7774.75,7773.25,7774.5
1786430280,7774.75,7775.25,7774,7775
1786430340,7775,7777.75,7775,7777.5
1786430400,7777.5,7778.5,7777.25,7777.5
1786430460,7777.5,7777.75,7777.25,7777.25
1786430520,7777.25,7777.75,7777,7777.75
1786430580,7777.5,7778,7777.25,7777.5
1786430640,7777.5,7778,7777,7777
1786430700,7777.25,7777.5,7777.25,7777.5
1786430760,7777.5,7777.5,7776.5,7776.75
1786430820,7776.75,7777,7776,7776.5
1786430880,7776.5,7776.75,7776,7776.25
1786430940,7776.25,7776.25,7775.25,7775.5
1786431000,7775.25,7775.5,7774.25,7775.25
1786431060,7775.25,7776,7775.25,7775.5
1786431120,7775.25,7775.5,7774,7774.5
1786431180,7774.5,7774.5,7773.25,7774.25
1786431240,7774,7774,7773,7773
1786431300,7773.25,7773.25,7773,7773
1786431360,7773,7773.5,7773,7773
1786431420,7773,7773.5,7773,7773.5
1786431480,7773.5,7774,7773.25,7773.25
1786431540,7773.5,7774.75,7773.25,7774.75
1786431600,7775,7776.5,7774.25,7776.25
1786431660,7776,7777,7775.5,7777
1786431720,7776.75,7776.75,7773.75,7774
1786431780,7774,7774.25,7773.5,7774
1786431840,7774,7775.25,7774,7775
1786431900,7775.25,7775.25,7773.25,7773.5
1786431960,7773.5,7773.75,7771.75,7772.75
1786432020,7772.75,7773.5,7772.5,7773
1786432080,7773,7773.5,7772.5,7773
1786432140,7773,7773.75,7772.5,7773.5
1786432200,7773.5,7774,7773.25,7773.75
1786432260,7773.5,7773.5,7773,7773.25
1786432320,7773.25,7774.75,7773.25,7774.75
1786432380,7774.5,7775.25,7774.25,7774.75
1786432440,7774.75,7775,7774.25,7774.25
1786432500,7774,7774.5,7773.25,7774.5
1786432560,7774.25,7774.75,7774.25,7774.75
1786432620,7775,7775,7772.75,7772.75
1786432680,7772.75,7773.5,7772.25,7772.25
1786432740,7772.5,7773,7772.5,7772.75
1786432800,7772.75,7773,7772.25,7772.75
1786432860,7772.75,7773,7772.75,7772.75
1786432920,7772.75,7773,7771,7771.25
1786432980,7771.5,7771.5,7770.75,7771.5
1786433040,7771.5,7772.75,7771.5,7771.75
1786433100,7771.75,7773.25,7771.5,7772.75
1786433160,7772.5,7774.5,7772.5,7774
1786433220,7774,7774.25,7773.5,7774
1786433280,7774,7774,7773.25,7773.5
1786433340,7773.5,7773.5,7772.75,7772.75
1786433400,7773,7774.5,7773,7773.75
1786433460,7774,7774.25,7773.5,7774
1786433520,7774,7774.5,7773.5,7773.5
1786433580,7773.75,7776,7773.75,7775.5
1786433640,7775.5,7776,7775.25,7776
1786433700,7776,7777,7776,7777
1786433760,7777,7777.5,7777,7777.25
1786433820,7777.25,7777.5,7776.5,7776.5
1786433880,7776.75,7777,7776,7776
1786433940,7775.75,7776.25,7775.75,7775.75
1786434000,7775.75,7776.75,7775.5,7776.5
1786434060,7776.25,7776.25,7775.75,7775.75
1786434120,7776,7776,7774.75,7775.75
1786434180,7775.75,7775.75,7774.75,7774.75
1786434240,7774.75,7776,7774.25,7776
1786434300,7775.75,7776.25,7775.25,7776.25
1786434360,7776.25,7776.25,7775,7775.5
1786434420,7775.5,7776.5,7775.25,7775.25
1786434480,7775.25,7775.5,7775,7775.5
1786434540,7775.5,7775.5,7774.25,7774.75
1786434600,7774.75,7775.25,7774.5,7775
1786434660,7775,7776.25,7774.75,7776.25
1786434720,7776.25,7776.25,7775.25,7775.25
1786434780,7775.25,7775.25,7774,7774.25
1786434840,7774,7774.25,7773.75,7773.75
1786434900,7773.75,7774.25,7773.5,7774.25
1786434960,7774.25,7775.5,7774.25,7775.5
1786435020,7775.5,7776.5,7775.25,7776.5
1786435080,7776.5,7776.75,7776.25,7776.75
1786435140,7776.5,7776.75,7775.75,7776
1786435200,7776,7777.25,7775.75,7777.25
1786435260,7777.5,7778,7776.75,7776.75
1786435320,7776.75,7778.5,7776.5,7778.25
1786435380,7778.25,7780.5,7778.25,7780.5
1786435440,7780.25,7780.25,7777.25,7777.25
1786435500,7777.25,7777.5,7775.75,7776.25
1786435560,7776,7776.5,7775.25,7776.25
1786435620,7776.25,7776.5,7775.25,7775.75
1786435680,7775.75,7776.5,7775.5,7776
1786435740,7776.25,7776.25,7773.25,7773.5
1786435800,7773.75,7774.5,7773.75,7774.25
1786435860,7774.25,7774.75,7773.25,7773.75
1786435920,7773.5,7773.5,7771,7771
1786435980,7771,7771.75,7771,7771.25
1786436040,7771.25,7771.75,7771.25,7771.25
1786436100,7771.25,7772,7771,7771.25
1786436160,7771.5,7772.25,7771.25,7772.25
1786436220,7772.5,7772.75,7771.25,7771.5
1786436280,7771.75,7771.75,7771,7771.25
1786436340,7771.25,7771.5,7770.75,7771.25
1786436400,7771.25,7771.5,7770.75,7770.75
1786436460,7770.75,7771.75,7770.75,7770.75
1786436520,7770.5,7771.5,7770.25,7771.5
1786436580,7771.25,7772,7770,7771.5
1786436640,7771.5,7773.25,7771.5,7772.75
1786436700,7772.75,7773.5,7772.5,7773.25
1786436760,7773.25,7773.75,7773.25,7773.5
1786436820,7773.5,7774.75,7773.5,7774.25
1786436880,7774.25,7774.25,7773.5,7774
1786436940,7773.75,7773.75,7772.75,7772.75
1786437000,7772.75,7774.25,7772.5,7772.5
1786437060,7772.25,7772.25,7771.25,7772
1786437120,7772.25,7772.5,7771.5,7771.75
1786437180,7771.75,7772.5,7771.25,7772.25
1786437240,7772.25,7772.5,7771.75,7772.25
1786437300,7772.5,7772.75,7771.75,7772
1786437360,7772.25,7772.75,7772,7772.25
1786437420,7772.25,7773,7772.25,7772.75
1786437480,7772.75,7772.75,7771,7771.5
1786437540,7771.5,7772.75,7771.25,7772.75
1786437600,7772.75,7774,7772.5,7773.75
1786437660,7773.5,7775.25,7773,7775
1786437720,7775,7776,7774.75,7775.75
1786437780,7775.75,7775.75,7775.25,7775.75
1786437840,7775.75,7776.25,7775.75,7776
1786437900,7776,7776.25,7775.25,7775.25
1786437960,7775.25,7776.25,7775.25,7776.25
1786438020,7776,7776,7775.75,7776
1786438080,7776,7777.5,7776,7777
1786438140,7776.75,7776.75,7776.25,7776.5
1786438200,7776.25,7776.75,7776,7776.75
1786438260,7776.5,7776.5,7775.5,7775.75
1786438320,7775.75,7776.25,7775.25,7775.25
1786438380,7775.5,7776,7775.25,7776
1786438440,7776,7776.25,7776,7776.25
1786438500,7776.25,7776.25,7775.25,7775.75
1786438560,7775.5,7775.75,7775.25,7775.5
1786438620,7775.5,7775.5,7775.25,7775.25
1786438680,7775.5,7775.5,7774.75,7775.25
1786438740,7775,7775.25,7774.25,7775
1786438800,7775,7775.5,7774.5,7775
1786438860,7774.75,7775,7774.25,7774.5
1786438920,7774.25,7775.25,7774.25,7775
1786438980,7774.75,7775,7773,7773
1786439040,7773.25,7774,7773,7774
1786439100,7774.25,7774.75,7773.75,7774.25
1786439160,7774,7776,7773.75,7775.75
1786439220,7775.75,7776,7774.75,7775
1786439280,7774.75,7775.25,7774.25,7774.25
1786439340,7774.25,7774.5,7771.5,7771.5
1786439400,7771.75,7772.75,7771.75,7772.5
1786439460,7772.5,7773.25,7772,7772.75
1786439520,7772.75,7773.5,7772.5,7773.5
1786439580,7773.5,7774,7773.25,7773.75
1786439640,7773.75,7774,7773.25,7774
1786439700,7774,7776.25,7773.25,7776.25
1786439760,7776,7776.25,7775.5,7775.75
1786439820,7775.75,7777,7775.75,7776.75
1786439880,7777,7777.5,7776.75,7777.5
1786439940,7777.5,7777.75,7777,7777
1786440000,7777,7777.5,7776.75,7777.25
1786440060,7777.5,7778.25,7776.75,7776.75
1786440120,7776.75,7776.75,7775.75,7775.75
1786440180,7776,7777.25,7776,7777
1786440240,7777,7777,7776.25,7776.5
1786440300,7776.25,7776.5,7775,7775.25
1786440360,7775.25,7776,7775,7776
1786440420,7775.75,7776.75,7775.5,7776
1786440480,7776.25,7776.5,7775,7775.25
1786440540,7775.25,7777,7775.25,7776.75
1786440600,7776.5,7778.25,7776.5,7778
1786440660,7778.25,7778.5,7777.75,7778
1786440720,7778.25,7779.25,7776.5,7778.5
1786440780,7778.5,7778.75,7778.25,7778.5
1786440840,7778.25,7778.5,7777.75,7777.75
1786440900,7778,7779,7777.5,7778.25
1786440960,7778.25,7778.25,7777.75,7778
1786441020,7778,7778.25,7778,7778.25
1786441080,7778.25,7778.75,7778.25,7778.5
1786441140,7778.5,7778.75,7778.25,7778.75
1786441200,7778.75,7779.75,7778.75,7779.5
1786441260,7779.25,7780.5,7779.25,7779.75
1786441320,7779.75,7780.25,7779.75,7780
1786441380,7779.75,7780,7779.75,7779.75
1786441440,7779.75,7779.75,7778.25,7778.25
1786441500,7778.25,7778.75,7778.25,7778.5
1786441560,7778.5,7778.75,7778.5,7778.75
1786441620,7778.75,7779.75,7778.75,7779.75
1786441680,7779.5,7779.5,7779,7779.25
1786441740,7779.25,7779.25,7779,7779
1786441800,7778.75,7778.75,7777.75,7778
1786441860,7777.75,7778.25,7777.5,7777.75
1786441920,7778,7778.25,7778,7778
1786441980,7778,7778.25,7777.75,7778
1786442040,7778,7778.5,7777.75,7777.75
1786442100,7778,7778.75,7778,7778
1786442160,7778,7778.25,7777.75,7778.25
1786442220,7778.25,7778.75,7777.75,7778
1786442280,7778.25,7778.5,7777.5,7777.5
1786442340,7777.5,7778,7777.25,7778
1786442400,7778,7778.5,7777.75,7777.75
1786442460,7778,7778.25,7777.25,7777.25
1786442520,7777.5,7777.5,7776.75,7777
1786442580,7777,7777.5,7777,7777.25
1786442640,7777.25,7777.5,7776.75,7776.75
1786442700,7776.5,7777,7775.75,7777
1786442760,7777,7777,7776,7776.25
1786442820,7776.25,7776.5,7776.25,7776.5
1786442880,7776.5,7777.25,7776.5,7777
1786442940,7776.75,7777.25,7776.75,7777.25
1786443000,7777.25,7777.5,7776.25,7776.5
1786443060,7776.5,7776.75,7776.25,7776.25
1786443120,7776.25,7776.5,7776.25,7776.5
1786443180,7776.5,7777,7776,7776
1786443240,7776.25,7776.75,7776,7776
1786443300,7776,7776.25,7775.5,7775.5
1786443360,7775.5,7776.5,7775,7776.5
1786443420,7776.25,7777.75,7776.25,7777.75
1786443480,7777.75,7777.75,7777.5,7777.5
1786443540,7777.75,7778,7777.5,7778
1786443600,7778,7778.75,7777.75,7778.5
1786443660,7778.5,7779.5,7778.25,7779.5
1786443720,7779.75,7781.75,7778.75,7781.25
1786443780,7781.25,7782.5,7781,7782.25
1786443840,7782.25,7783,7781.5,7782
1786443900,7782.25,7784.25,7781.5,7783.25
1786443960,7783.25,7785.5,7783.25,7785.25
1786444020,7785,7786,7784.5,7785.5
1786444080,7785.5,7787.75,7785.25,7786
1786444140,7786.25,7786.25,7785.5,7786
1786444200,7786,7786,7783.75,7783.75
1786444260,7783.75,7784.5,7783.5,7784
1786444320,7784,7784,7782.5,7783.25
1786444380,7783.25,7783.5,7782.5,7783
1786444440,7783,7784.5,7783,7783.5
1786444500,7783.5,7783.75,7782.75,7783.25
1786444560,7783.5,7784,7783.5,7784
1786444620,7784,7784,7783.25,7783.25
1786444680,7783.25,7783.75,7783.25,7783.5
1786444740,7783.25,7783.5,7782.5,7782.5
1786444800,7782.5,7783.25,7782.5,7782.75
1786444860,7782.75,7783.5,7782.75,7783
1786444920,7783.25,7783.5,7783,7783.5
1786444980,7783.25,7784.25,7783.25,7784.25
1786445040,7784.25,7785,7784,7784.75
1786445100,7784.5,7785.5,7784.25,7785
1786445160,7785,7785.5,7784.75,7785
1786445220,7785.25,7785.5,7784.75,7785
1786445280,7785.25,7785.5,7785,7785.25
1786445340,7785.5,7786.25,7785,7786
1786445400,7786,7786.25,7785.5,7786
1786445460,7786,7786,7785.75,7786
1786445520,7786,7786.25,7786,7786
1786445580,7785.75,7786,7785.5,7785.75
1786445640,7785.5,7785.5,7785,7785
1786445700,7785,7785,7784.75,7784.75
1786445760,7784.75,7785.25,7784.5,7784.5
1786445820,7784.5,7784.5,7784.25,7784.5
1786445880,7784.25,7784.5,7784.25,7784.25
1786445940,7784.25,7785.25,7784.25,7785.25
1786446000,7785.25,7786.25,7784.75,7785.5
1786446060,7785.5,7794.75,7785.5,7793.75
1786446120,7793.75,7795.5,7791.25,7793.75
1786446180,7793.75,7795.75,7790,7795.25
1786446240,7795.25,7796,7793.25,7794.25
1786446300,7794.25,7795,7793,7794.5
1786446360,7794.25,7794.5,7792,7792
1786446420,7792,7793.25,7792,7792.75
1786446480,7792.75,7794,7792.5,7793
1786446540,7793,7793.25,7791.5,7792.5
1786446600,7792.75,7793.5,7792.25,7792.5
1786446660,7792.75,7793.25,7792.5,7793
1786446720,7793,7794.5,7792.25,7794.5
1786446780,7794,7794.75,7793.5,7794.25
1786446840,7794,7794.5,7793.25,7793.5
1786446900,7793.5,7794,7792.75,7794
1786446960,7794,7794.25,7793.25,7793.5
1786447020,7793.25,7793.25,7790.5,7790.5
1786447080,7790.5,7790.75,7788.25,7788.75
1786447140,7788.5,7788.75,7787.75,7788
1786447200,7788,7789,7788,7788.25
1786447260,7788.25,7789,7788,7788.5
1786447320,7788.5,7788.75,7787.5,7787.75
1786447380,7788,7788.5,7787.25,7787.25
1786447440,7787.25,7787.75,7787.25,7787.25
1786447500,7787.25,7787.5,7787,7787.25
1786447560,7787.5,7788.5,7787.5,7788.25
1786447620,7788,7788.75,7788,7788.75
1786447680,7788.75,7789,7788.5,7788.5
1786447740,7788.75,7788.75,7787.75,7788.25
1786447800,7788.25,7788.75,7788,7788.25
1786447860,7788.5,7789.25,7787.75,7788
1786447920,7788,7788,7786,7786.75
1786447980,7787,7787.25,7786.75,7786.75
1786448040,7786.5,7787.75,7786.5,7787
1786448100,7787,7787.5,7786.75,7787.5
1786448160,7787.5,7787.75,7786.5,7787
1786448220,7787,7787.25,7786.5,7786.75
1786448280,7786.5,7786.5,7786,7786.25
1786448340,7786,7786.5,7785.75,7786.5
1786448400,7786.5,7787.5,7786.25,7787.5
1786448460,7787.25,7787.5,7787,7787.25
1786448520,7787.25,7788.5,7787.25,7788.25
1786448580,7788,7788.5,7786.25,7788
1786448640,7788.25,7788.5,7787.5,7788.25
1786448700,7788.25,7788.75,7788.25,7788.5
1786448760,7788.25,7788.75,7788.25,7788.25
1786448820,7788.25,7788.5,7787.25,7787.5
1786448880,7787.5,7787.5,7787,7787.25
1786448940,7787.25,7787.75,7787,7787.75
1786449000,7788,7788.5,7788,7788.25
1786449060,7788.25,7788.75,7787.75,7788.5
1786449120,7788.5,7789.5,7788.5,7789.5
1786449180,7789.5,7790,7789.5,7789.75
1786449240,7789.75,7790.5,7789.5,7790.25
1786449300,7790,7790.25,7789.25,7789.75
1786449360,7789.75,7789.75,7788.25,7788.5
1786449420,7788.75,7789,7788.75,7789
1786449480,7789.25,7789.25,7788.25,7789
1786449540,7788.75,7789.25,7788.5,7789.25
1786449600,7789.25,7789.5,7788.5,7788.5
1786449660,7788.75,7788.75,7788,7788.25
1786449720,7788.25,7789.75,7788.25,7789.25
1786449780,7789.5,7790.25,7789.5,7789.75
1786449840,7789.5,7789.75,7789,7789.25
1786449900,7789.25,7790.75,7789.25,7790.5
1786449960,7790.5,7791,7790,7791
1786450020,7790.75,7791,7790,7790.25
1786450080,7790.5,7791.25,7790.25,7791
1786450140,7791,7791.75,7790.75,7791.5
1786450200,7791.5,7792.5,7791,7792
1786450260,7792,7792.25,7791,7791.5
1786450320,7791.5,7791.75,7791.25,7791.5
1786450380,7791.75,7792,7791.5,7791.5
1786450440,7791.5,7792.75,7791.5,7792.75
1786450500,7793,7793.75,7792,7792.5
1786450560,7792.5,7794.25,7792,7794
1786450620,7794,7794.5,7793.5,7794
1786450680,7794,7794.75,7794,7794.75
1786450740,7794.75,7795.25,7793,7793
1786450800,7793,7793.5,7792.25,7793.5
1786450860,7793.25,7794,7792.75,7792.75
1786450920,7792.75,7792.75,7786.75,7789.75
1786450980,7789.75,7789.75,7785.25,7785.75
1786451040,7785.75,7787.25,7785.5,7786.25
1786451100,7786.25,7787.25,7786.25,7787
1786451160,7787,7788,7786.5,7787.5
1786451220,7787.75,7788.5,7787.5,7788
1786451280,7788,7788.75,7787.5,7788.25
1786451340,7788,7788.75,7788,7788.25
1786451400,7788,7788,7786.5,7787.25
1786451460,7787.5,7787.75,7786.75,7787.75
1786451520,7787.75,7788.5,7787.5,7788.25
1786451580,7788.25,7788.5,7787.75,7787.75
1786451640,7787.75,7788.75,7787.25,7788.25
1786451700,7788,7789.5,7787.75,7789.25
1786451760,7789.25,7790.5,7789,7790.25
1786451820,7790.25,7791,7790,7790.75
1786451880,7790.5,7791.25,7790.25,7790.75
1786451940,7790.5,7791.25,7790.25,7790.75
1786452000,7790.5,7790.75,7789.75,7790.25
1786452060,7790.25,7790.5,7790,7790.25
1786452120,7790.25,7790.5,7789,7789
1786452180,7789.25,7789.75,7789,7789.75
1786452240,7790,7790,7789.75,7789.75
1786452300,7789.75,7789.75,7789.5,7789.75
1786452360,7789.5,7789.75,7788.75,7789
1786452420,7789.25,7790,7789,7789.5
1786452480,7789.5,7789.75,7788,7788.5
1786452540,7788.5,7788.75,7788,7788.25
1786452600,7788.25,7788.75,7788.25,7788.5
1786452660,7788.5,7788.5,7787.5,7788
1786452720,7788,7788,7786.75,7787.25
1786452780,7787.25,7788,7787.25,7787.75
1786452840,7787.75,7788,7787.5,7787.75
1786452900,7788,7788.25,7787.75,7788
1786452960,7788,7788.5,7788,7788.5
1786453020,7788.25,7789,7788.25,7788.5
1786453080,7788.5,7788.75,7788.25,7788.5
1786453140,7788.5,7788.5,7787.5,7787.5
1786453200,7787.75,7789.75,7787.5,7789.75
1786453260,7789.75,7789.75,7788.5,7788.5
1786453320,7788.5,7789,7788.25,7789
1786453380,7789,7790.25,7789,7789.5
1786453440,7789.5,7789.5,7788.5,7788.5
1786453500,7788.5,7790,7788.5,7790
1786453560,7790,7791.5,7790,7791.25
1786453620,7791,7791.5,7791,7791.5
1786453680,7791.5,7791.75,7790.75,7791.25
1786453740,7791,7791.25,7790.5,7791
1786453800,7791,7791,7790.5,7790.75
1786453860,7790.75,7790.75,7789.25,7790
1786453920,7789.75,7790,7787.5,7787.75
1786453980,7787.75,7788.25,7787,7788
1786454040,7788.25,7788.5,7787.5,7787.75
1786454100,7787.75,7788,7786.25,7787
1786454160,7787.25,7788.25,7787.25,7788.25
1786454220,7788.25,7792,7788.25,7791.25
1786454280,7791.25,7792,7790.75,7791
1786454340,7791.25,7792,7790.75,7791.25
1786454400,7791,7791.25,7790.5,7791.25
1786454460,7791.25,7791.25,7791,7791.25
1786454520,7791.5,7792,7791,7791.5
1786454580,7791.5,7792,7791,7791
1786454640,7791,7791.25,7790.5,7791.25
1786454700,7791.5,7792.25,7790.75,7791.75
1786454760,7791.5,7791.75,7790,7790.75
1786454820,7790.75,7793.5,7790.75,7793.5
1786454880,7793.5,7793.5,7792.25,7793
1786454940,7792.75,7792.75,7791.25,7791.75
1786455000,7791.75,7792.5,7785,7785.75
1786455060,7785.75,7786.5,7781.5,7782
1786455120,7782,7783,7779.5,7781.25
1786455180,7781.25,7782.75,7778.5,7779.25
1786455240,7779.25,7781.5,7779.25,7780.75
1786455300,7780.75,7780.75,7776.25,7776.5
1786455360,7776.5,7780,7775.5,7778.5
1786455420,7778.5,7781.75,7778,7779
1786455480,7779.25,7779.25,7774.75,7776.5
1786455540,7776.5,7777.5,7774.75,7777.5
1786455600,7777.5,7780.5,7777,7780.5
1786455660,7780.5,7782.75,7779.25,7782.25
1786455720,7782,7783.5,7779.25,7782
1786455780,7782,7782.25,7779.5,7780
1786455840,7780,7781,7778.25,7778.75
1786455900,7779,7781,7775.5,7775.75
1786455960,7775.75,7777,7771.75,7775
1786456020,7775.25,7776,7772.25,7773.75
1786456080,7773.75,7775,7771.75,7774.25
1786456140,7774,7776.25,7772.5,7774.5
1786456200,7774.5,7776.5,7772,7772
1786456260,7772.25,7773.75,7771.75,7773.75
1786456320,7773.5,7776.75,7772.75,7776.75
1786456380,7776.75,7777.5,7774.5,7776.25
1786456440,7776.5,7776.75,7774.5,7775
1786456500,7775,7777,7774,7776.5
1786456560,7776.5,7779.25,7776,7779.25
1786456620,7779.25,7780.5,7778.25,7779.75
1786456680,7779.75,7780.5,7777.5,7779
1786456740,7778.75,7782.5,7778.75,7782
1786456800,7782.25,7786.5,7780.75,7786.25
1786456860,7786,7787,7784.5,7786
1786456920,7786,7786.25,7784.25,7785
1786456980,7785.25,7786,7783.25,7784.75
1786457040,7785,7785.75,7784,7785
1786457100,7784.75,7785.75,7782.75,7785.5
1786457160,7785.5,7786,7784.25,7784.5
1786457220,7784.5,7784.5,7781.5,7783.25
1786457280,7783.25,7784,7781.25,7783
1786457340,7783.25,7784.5,7782.25,7784
1786457400,7784,7785.75,7783.75,7784.25
1786457460,7784.25,7784.5,7782.75,7783.25
1786457520,7783.25,7783.75,7782.5,7783
1786457580,7783,7783.75,7781.75,7782.75
1786457640,7782.75,7784,7782,7784
1786457700,7784,7785.25,7782,7785
1786457760,7785,7785.75,7783.75,7784
1786457820,7784.25,7784.5,7780.5,7780.75
1786457880,7780.5,7782.25,7779.75,7781.25
1786457940,7781.25,7783.5,7781,7782.25
1786458000,7782.5,7784.75,7782.25,7784
1786458060,7784,7784,7781.75,7783
1786458120,7783,7783.75,7780.75,7780.75
1786458180,7781,7783,7781,7781.25
1786458240,7781.25,7782,7779.75,7780
1786458300,7780,7781.75,7779.25,7781.75
1786458360,7781.5,7782.25,7780.25,7781.5
1786458420,7781.25,7782.75,7780,7781
1786458480,7781,7784,7780.5,7784
1786458540,7784,7785.5,7782.75,7784.75
1786458600,7784.75,7785.25,7781.25,7781.25
1786458660,7781.25,7782.75,7780.5,7781.5
1786458720,7781.5,7782.5,7781.25,7782
1786458780,7781.75,7783,7781.75,7782
1786458840,7782,7782.75,7780.75,7782.75
1786458900,7782.75,7783.75,7781.75,7783
1786458960,7783,7783.25,7782.25,7783
1786459020,7782.75,7783.25,7779.75,7780.25
1786459080,7780,7780.25,7778,7779.5
1786459140,7779.25,7780.75,7779.25,7779.5
1786459200,7779.5,7781.5,7779.25,7781
1786459260,7781,7782,7780.25,7782
1786459320,7782,7782.25,7778.75,7781.25
1786459380,7781.5,7782.75,7779.5,7780
1786459440,7780.25,7780.25,7778.75,7779.5
1786459500,7779.75,7781.75,7779.5,7781.5
1786459560,7781.75,7784.25,7781.75,7783.25
1786459620,7783.5,7783.75,7782.25,7783.75
1786459680,7783.5,7785.5,7783.5,7784.75
1786459740,7785,7785.25,7783.75,7784.75
1786459800,7784.75,7785,7780.75,7781.25
1786459860,7781.25,7785,7780.25,7784.5
1786459920,7784.5,7786.25,7783.75,7785.75
1786459980,7785.5,7785.75,7782.5,7782.75
1786460040,7782.5,7785.5,7782.5,7784.75
1786460100,7784.75,7786.25,7783.5,7783.5
1786460160,7783.75,7784.75,7782.5,7783
1786460220,7783,7783.5,7782.5,7783
1786460280,7783,7784.25,7782.5,7783
1786460340,7783.25,7783.25,7781.25,7782
1786460400,7782,7784,7782,7783.5
1786460460,7783.25,7784,7782.75,7783.5
1786460520,7783.75,7783.75,7780.75,7781
1786460580,7781,7781.75,7780.25,7780.75
1786460640,7780.75,7781.25,7779.5,7780.75
1786460700,7780.75,7780.75,7778,7778.25
1786460760,7778.5,7778.75,7776,7776.75
1786460820,7776.75,7777.5,7775.75,7776
1786460880,7776,7776.5,7773.25,7774.5
1786460940,7774.5,7774.75,7772.75,7773.5
1786461000,7773.5,7774.25,7773,7773.5
1786461060,7773.5,7773.75,7771,7773.25
1786461120,7773,7775,7772.5,7773.75
1786461180,7773.75,7774.75,7771.5,7771.75
1786461240,7771.5,7773.25,7771.5,7772.25
1786461300,7772,7772.25,7770.75,7771.75
1786461360,7772,7772.25,7770.75,7771
1786461420,7771,7772.25,7770.25,7770.5
1786461480,7770.25,7770.25,7767.5,7767.75
1786461540,7767.5,7770.5,7767.5,7769.75
1786461600,7769.75,7771.25,7769.25,7770.75
1786461660,7770.75,7773.5,7770.75,7773.5
1786461720,7773.25,7774,7772.5,7773
1786461780,7772.75,7773,7771.75,7772
1786461840,7771.75,7772.25,7770.25,7771
1786461900,7770.75,7771.75,7769.5,7771.75
1786461960,7771.5,7772.5,7771.25,7771.75
1786462020,7771.75,7771.75,7770,7770
1786462080,7770,7770.75,7769.75,7769.75
1786462140,7770,7770.75,7769.5,7769.5
1786462200,7769.75,7770.75,7769.5,7770.75
1786462260,7770.75,7771.25,7769,7769.5
1786462320,7769.5,7770.5,7768,7770.5
1786462380,7770.5,7771.25,7769,7769.25
1786462440,7769.25,7769.5,7763.25,7765
1786462500,7764.75,7766.75,7764,7765.5
1786462560,7765.5,7766.5,7764.75,7766
1786462620,7766,7766.75,7764.25,7765.25
1786462680,7765.25,7766,7764.25,7765.25
1786462740,7765.5,7766.75,7762.25,7764.25
1786462800,7764,7766,7763.25,7765.5
1786462860,7765.5,7766.25,7764.25,7765.25
1786462920,7765.5,7766.75,7764.25,7766.5
1786462980,7766.75,7767.5,7766.25,7767.25
1786463040,7767.25,7767.25,7765.5,7767.25
1786463100,7767.25,7767.25,7765.5,7766.25
1786463160,7766.25,7766.75,7765,7765
1786463220,7765.25,7766,7764.5,7764.5
1786463280,7764.5,7765.75,7764.25,7765.5
1786463340,7765.5,7766.75,7764.5,7765.5
1786463400,7765.25,7768,7765.25,7767.75
1786463460,7767.75,7768,7764.5,7764.5
1786463520,7764.5,7765,7763.75,7763.75
1786463580,7764,7764.5,7763,7763.25
1786463640,7763.25,7764.25,7763,7763.75
1786463700,7763.75,7765,7763.25,7763.5
1786463760,7763.5,7764.75,7763.25,7764.5
1786463820,7764.25,7765,7763.75,7763.75
1786463880,7763.75,7765.5,7763.75,7765.25
1786463940,7765.5,7767,7765.25,7765.5
1786464000,7765.5,7768.75,7765.5,7768.5
1786464060,7768.25,7768.5,7765.75,7766.25
1786464120,7766.5,7767.25,7766.25,7767
1786464180,7767.25,7767.25,7765.5,7765.5
1786464240,7765.5,7766.75,7765.5,7765.75
1786464300,7765.75,7769,7765,7768.75
1786464360,7768.75,7769.5,7768.5,7768.75
1786464420,7768.75,7769.25,7767.75,7768
1786464480,7767.75,7768.75,7767,7768.25
1786464540,7768.25,7768.75,7767.5,7768.5
1786464600,7768.5,7768.75,7767.5,7768.25
1786464660,7768.25,7768.5,7765.75,7766.5
1786464720,7766.5,7767.25,7765.75,7767
1786464780,7766.75,7766.75,7766,7766.25
1786464840,7766.5,7767.75,7764.75,7765.25
1786464900,7765.25,7767,7765,7767
1786464960,7766.75,7769,7766.25,7769
1786465020,7769,7769.75,7768.5,7769
1786465080,7768.75,7769,7767,7767.75
1786465140,7767.5,7768,7765.75,7766.25
1786465200,7766,7767,7765.5,7765.75
1786465260,7765.75,7766.75,7765.5,7766.5
1786465320,7766.75,7767.5,7766.25,7767
1786465380,7767,7767.25,7765.5,7765.75
1786465440,7765.75,7766,7761.5,7762.5
1786465500,7762.25,7762.5,7759.25,7761.5
1786465560,7761.5,7762.75,7760.25,7762
1786465620,7762,7764.25,7761.75,7764.25
1786465680,7764.25,7764.25,7760.75,7762
1786465740,7762.25,7763.5,7761.75,7763.5
1786465800,7763.25,7764.5,7762.75,7763.75
1786465860,7763.5,7763.5,7760.5,7760.75
1786465920,7760.75,7761.75,7760,7760.25
1786465980,7760.25,7761.25,7760.25,7761
1786466040,7760.75,7761.75,7760.75,7761
1786466100,7760.75,7763,7760.5,7762.5
1786466160,7762.75,7764.25,7762.5,7763.5
1786466220,7763.5,7765.25,7763.5,7764.5
1786466280,7764.25,7764.5,7763,7764
1786466340,7763.75,7764.5,7763.5,7764
1786466400,7764,7764,7761.5,7762.75
1786466460,7762.75,7763.75,7762.5,7762.75
1786466520,7762.5,7763,7762.25,7762.25
1786466580,7762.5,7762.75,7761.25,7761.25
1786466640,7761.25,7762,7760.75,7761.5
1786466700,7761.25,7761.5,7759.75,7760
1786466760,7760,7760.5,7758.25,7759
1786466820,7758.75,7759.5,7758.25,7758.75
1786466880,7758.75,7759.25,7758,7759
1786466940,7759,7760.25,7758.5,7759.75
1786467000,7759.5,7761,7758.75,7759
1786467060,7759,7760.25,7758.75,7759.75
1786467120,7759.5,7760.25,7759,7759
1786467180,7759,7759.5,7758.25,7758.5
1786467240,7758.5,7759.5,7758.5,7759
1786467300,7759.25,7759.25,7758,7758
1786467360,7758.25,7758.25,7756.25,7757
1786467420,7757,7757.5,7756.25,7756.75
1786467480,7756.75,7757.25,7755.75,7756
1786467540,7755.75,7757.5,7755.75,7756.75
1786467600,7756.75,7758,7754.75,7755.5
1786467660,7755.5,7756,7755,7755.75
1786467720,7755.75,7755.75,7753.5,7753.75
1786467780,7753.75,7755.25,7753.5,7755
1786467840,7755,7755.75,7753,7753
1786467900,7753,7754.75,7753,7753.5
1786467960,7753.5,7756.25,7753.5,7755.75
1786468020,7755.5,7755.75,7754.75,7755
1786468080,7755,7755.75,7754,7754.25
1786468140,7754.5,7754.75,7753.75,7754.25
1786468200,7754,7754,7752.5,7753
1786468260,7753.25,7753.25,7750.25,7750.75
1786468320,7750.75,7751,7749.25,7750
1786468380,7749.75,7750.25,7748.5,7750
1786468440,7750,7750.75,7748.25,7748.5
1786468500,7748.5,7750,7747.75,7749.5
1786468560,7749.5,7750,7748.5,7749
1786468620,7749.25,7751.75,7749.25,7751.5
1786468680,7751.5,7753,7751.25,7751.75
1786468740,7751.75,7753.75,7751.5,7752.75
1786468800,7753,7753.75,7751.75,7752.75
1786468860,7752.75,7755.5,7751.25,7754.5
1786468920,7754.75,7755,7752.25,7752.75
1786468980,7752.5,7753.75,7751.75,7752.75
1786469040,7752.75,7754.25,7752.5,7754.25
1786469100,7754.25,7755.5,7752.5,7753
1786469160,7753,7753.5,7752.25,7753
1786469220,7753.25,7753.25,7752,7752.75
1786469280,7752.5,7754.75,7752.25,7754
1786469340,7754,7755.25,7753.5,7753.5
1786469400,7753.75,7754.25,7752.5,7753.25
1786469460,7753.5,7753.75,7752.5,7753
1786469520,7753,7753.25,7752.5,7752.5
1786469580,7752.75,7754.25,7752.5,7753.25
1786469640,7753.25,7754.75,7752.5,7754.75
1786469700,7754.5,7756.75,7754.5,7755.5
1786469760,7755.75,7756,7755,7755.25
1786469820,7755.5,7755.5,7754.25,7754.5
1786469880,7754.5,7754.75,7753,7753.25
1786469940,7753,7754.5,7753,7754.25
1786470000,7754,7755.5,7753.75,7755.25
1786470060,7755.5,7757,7754.5,7756.5
1786470120,7756.75,7758.25,7756.5,7757.75
1786470180,7758,7758.5,7757.25,7757.25
1786470240,7757.5,7758.25,7757.25,7757.75
1786470300,7758,7758,7756.5,7757.5
1786470360,7757.25,7758,7756.75,7757.75
1786470420,7757.5,7758,7756.75,7757.75
1786470480,7757.75,7759,7757.5,7758.25
1786470540,7758.5,7758.5,7756.75,7757
1786470600,7757.25,7758.5,7757.25,7757.75
1786470660,7757.75,7758.25,7756.75,7757.25
1786470720,7757.25,7758,7757,7757.75
1786470780,7757.75,7757.75,7756.75,7757.5
1786470840,7757.5,7758.5,7757.5,7758
1786470900,7758.25,7758.25,7757,7757.5
1786470960,7757.5,7758,7756.5,7756.75
1786471020,7756.75,7757.75,7756.5,7756.5
1786471080,7756.5,7758.25,7756.25,7757.75
1786471140,7758,7758.25,7757.25,7757.5
1786471200,7757.75,7757.75,7756.25,7756.75
1786471260,7756.75,7757.25,7755.75,7755.75
1786471320,7755.75,7755.75,7754.5,7755.5
1786471380,7755.5,7757,7755.25,7756.75
1786471440,7756.5,7757,7755.25,7756.25
1786471500,7756,7757,7755,7755.5
1786471560,7755.5,7756.25,7753,7753.25
1786471620,7753.25,7754.25,7752.5,7754
1786471680,7754,7754.5,7752.75,7752.75
1786471740,7753,7753.75,7752,7752.5
1786471800,7752.5,7753.5,7752,7753.25
1786471860,7753,7754.5,7753,7754
1786471920,7754,7754.5,7753,7753.25
1786471980,7753.5,7754.75,7753,7753.5
1786472040,7753.25,7754,7753.25,7753.75
1786472100,7753.75,7755,7753.25,7753.5
1786472160,7753.75,7754,7752.75,7752.75
1786472220,7752.75,7753.25,7752.25,7752.25
1786472280,7752.25,7753.25,7752,7752.75
1786472340,7753,7754,7752.75,7753
1786472400,7753,7753,7750.5,7750.75
1786472460,7750.75,7751,7748.75,7749.5
1786472520,7749.5,7750,7749,7749.5
1786472580,7749.75,7750,7748,7748.75
1786472640,7748.75,7750.75,7748.75,7750.25
1786472700,7750.25,7751,7750.25,7750.75
1786472760,7751,7751,7749.25,7749.25
1786472820,7749.5,7749.75,7746,7746.5
1786472880,7746.5,7746.75,7744.25,7744.25
1786472940,7744.5,7744.75,7738,7740.25
1786473000,7740.5,7744,7740.5,7743.25
1786473060,7743.25,7745.25,7743,7745
1786473120,7745.25,7746,7743.5,7745.5
1786473180,7745.5,7746,7744,7744.25
1786473240,7744.25,7745.75,7744.25,7745.25
1786473300,7745.5,7747.25,7744.75,7746.25
1786473360,7746.5,7747,7746,7746.5
1786473420,7746.5,7747.75,7745.25,7745.5
1786473480,7745.5,7746,7744.75,7745.25
1786473540,7745.25,7745.75,7744.75,7745.5
1786473600,7745.5,7745.5,7743.75,7743.75
1786473660,7743.75,7744.5,7742.25,7742.25
1786473720,7742.5,7744,7742,7743.75
1786473780,7744,7744,7742.75,7743.5
1786473840,7743.75,7744.75,7743.25,7743.25
1786473900,7743.25,7745.25,7743.25,7744.75
1786473960,7744.75,7745.75,7744.5,7745.25
1786474020,7745.25,7746.25,7744.75,7745.5
1786474080,7745.5,7747.25,7745.25,7747.25
1786474140,7747.25,7749,7746.75,7748.75
1786474200,7748.75,7749.25,7747.75,7747.75
1786474260,7748,7748.25,7747,7748.25
1786474320,7748.25,7749.25,7748,7749
1786474380,7749.25,7750.25,7748,7748.75
1786474440,7748.5,7749.75,7748.5,7749
1786474500,7749,7749.25,7748.25,7748.25
1786474560,7748.25,7748.5,7747.25,7747.5
1786474620,7747.25,7749.25,7747,7748.75
1786474680,7748.5,7748.75,7746.25,7746.5
1786474740,7746.75,7747,7746,7746.25
1786474800,7746,7747.5,7744,7745.25
1786474860,7745,7747,7745,7745.5
1786474920,7745.5,7746.5,7745.5,7746
1786474980,7746.25,7747,7745.75,7746.5
1786475040,7746.25,7747,7745.5,7746.5
1786475100,7746.25,7746.5,7745.5,7746
1786475160,7746,7746.75,7745.25,7745.5
1786475220,7745.5,7745.5,7743.75,7744
1786475280,7744,7745.5,7744,7745
1786475340,7745,7746.25,7744,7746.25
1786475400,7746.25,7748.25,7745.5,7747.25
1786475460,7747.25,7748,7747.25,7747.75
1786475520,7747.75,7748,7747,7747.25
1786475580,7747.25,7749,7747,7749
1786475640,7749,7749,7747.25,7747.75
1786475700,7747.75,7748.5,7747.25,7747.75
1786475760,7747.5,7748.75,7747,7748.75
1786475820,7748.5,7749.25,7747.75,7748
1786475880,7748,7749.5,7748,7749.25
1786475940,7749.25,7750.5,7749,7749.75
1786476000,7750,7750.25,7749.25,7749.75
1786476060,7749.75,7751,7749.5,7750.5
1786476120,7750.5,7750.75,7749.5,7750.5
1786476180,7750.25,7751.5,7750.25,7750.75
1786476240,7750.5,7752,7750.5,7751.75
1786476300,7751.75,7751.75,7750.75,7751.5
1786476360,7751.5,7751.75,7750.75,7751.25
1786476420,7751,7751.25,7749.75,7750.5
1786476480,7750.5,7752,7750,7752
1786476540,7752,7752.25,7751.25,7751.75
1786476600,7751.75,7753.75,7751.25,7752.25
1786476660,7752.5,7753.75,7752.25,7753.25
1786476720,7753.25,7753.5,7751.5,7751.5
1786476780,7751.5,7752.75,7751.25,7752.5
1786476840,7752.5,7753.75,7752.25,7753.5
1786476900,7753.5,7754.25,7753.25,7753.5
1786476960,7753.5,7755.25,7752.5,7755.25
1786477020,7755,7756,7754.75,7755
1786477080,7754.75,7756.5,7754.75,7756.5
1786477140,7756.5,7756.5,7755.25,7756.25
1786477200,7756.5,7756.5,7754.25,7755
1786477260,7755,7755.5,7754,7754.5
1786477320,7754.75,7755,7753.25,7753.5
1786477380,7753.5,7754.5,7753,7753.75
1786477440,7753.75,7754,7752.5,7752.75
1786477500,7752.75,7753,7749.75,7750.25
1786477560,7750.5,7751.5,7750,7750.75
1786477620,7750.75,7751.25,7749.75,7750.5
1786477680,7750.5,7750.5,7748.5,7748.75
1786477740,7748.75,7750.25,7748.5,7749.25
1786477800,7749.25,7750,7745,7746
1786477860,7746,7748,7745.75,7747
1786477920,7747,7747.25,7744.25,7744.5
1786477980,7744.5,7745.5,7743.5,7745.25
1786478040,7745.25,7749.75,7744,7749.5
1786478100,7749.5,7750.5,7746.75,7747.75
1786478160,7747.75,7748.75,7746,7747
1786478220,7747,7747.25,7745.75,7746.25
1786478280,7746.25,7748.5,7745,7748.5
1786478340,7748.5,7750.75,7743.25,7749.75
1786478400,7749.75,7752.5,7749,7749.5
1786478460,7749.5,7749.75,7748.5,7749.5
1786478520,7749.25,7749.5,7747.5,7748.25
1786478580,7748,7750,7746.75,7747.75
1786478640,7747.5,7748.5,7747.5,7748
1786478700,7748.25,7750.25,7748,7749.5
1786478760,7749.5,7749.5,7748.5,7749.5
1786478820,7749.5,7750.5,7749.25,7750
1786478880,7749.75,7750.75,7749.5,7750.75
1786478940,7750.5,7752,7750.5,7752
1786479000,7751.75,7752,7750.25,7751.25
1786479060,7751.5,7751.75,7750.75,7751.5
1786479120,7751.5,7751.75,7750.75,7751.75
1786479180,7752,7752.25,7751.25,7752.25
1786479240,7752,7753,7751.75,7752.25
1786479300,7752,7752.75,7751.5,7752.75
1786479360,7752.75,7753.5,7752.25,7753
1786479420,7752.75,7753,7752.25,7752.5
1786479480,7752.25,7753.5,7752.25,7753.25
1786479540,7753,7753.5,7752.75,7752.75
1786479600,7752.75,7753.5,7752.75,7753.25
1786479660,7753.25,7753.75,7753,7753.5
1786479720,7753.25,7755,7753.25,7755
1786479780,7755,7755,7754.75,7754.75
1786479840,7754.75,7755.75,7754.5,7755.75
1786479900,7755.5,7755.75,7755.25,7755.5
1786479960,7755.25,7755.5,7754.75,7755.5
1786480020,7755.5,7756,7755.25,7755.75
1786480080,7755.75,7756,7755.5,7755.5
1786480140,7755.5,7757,7755.5,7756.5
1786480200,7756.75,7757.25,7756.5,7757
1786480260,7757,7757.25,7756.5,7756.75
1786480320,7756.75,7757.75,7756.75,7757
1786480380,7756.75,7757,7756.5,7756.5
1786480440,7756.5,7757.25,7756.5,7757.25
1786480500,7757,7757.5,7756.75,7756.75
1786480560,7756.5,7756.5,7756.25,7756.25
1786480620,7756.5,7756.75,7756.25,7756.75
1786480680,7756.75,7756.75,7756.5,7756.5
1786480740,7756.5,7756.75,7756.25,7756.5
1786480800,7756.75,7756.75,7756.25,7756.5
1786480860,7756.5,7756.5,7755.75,7756
1786480920,7755.75,7756.5,7755.75,7756.25
1786480980,7756.25,7756.5,7756,7756
1786481040,7756,7756.75,7756,7756.5
1786481100,7756.5,7756.5,7755.75,7756
1786481160,7755.75,7756,7755.5,7755.75
1786481220,7755.5,7756,7755,7755.25
1786481280,7755.25,7755.5,7754.5,7755.25
1786481340,7755.25,7755.5,7754.25,7754.25
1786481400,7754.25,7754.5,7753.75,7754
1786481460,7753.75,7753.75,7753.5,7753.5
1786481520,7753.5,7754,7753.5,7754
1786481580,7754,7754.25,7753,7753
1786481640,7753.25,7753.75,7753,7753.5
1786481700,7753.5,7754.25,7752.75,7753.25
1786481760,7753.25,7753.25,7752.5,7752.75
1786481820,7753,7753.25,7752.5,7753
1786481880,7752.75,7753.5,7752.5,7753
1786481940,7753.25,7753.75,7753,7753.25
1786485600,7756,7756.5,7753.25,7753.5
1786485660,7753.5,7754.25,7753,7753.75
1786485720,7753.75,7753.75,7753.25,7753.5
1786485780,7753.25,7753.25,7752.25,7752.5
1786485840,7752.75,7752.75,7751.5,7752.75
1786485900,7752.5,7752.5,7751.75,7752
1786485960,7751.75,7753.25,7751.75,7752.75
1786486020,7752.5,7752.5,7752,7752.25
1786486080,7752,7753.5,7752,7753.25
1786486140,7753.5,7754,7753,7753.25
1786486200,7753,7753.25,7751.75,7752
1786486260,7752.25,7753.25,7752.25,7753
1786486320,7752.75,7754.25,7752.75,7754.25
1786486380,7754.25,7754.75,7754.25,7754.5
1786486440,7754.75,7755.5,7754.75,7755.25
1786486500,7755.75,7755.75,7755.25,7755.75
1786486560,7755.5,7755.5,7755,7755.25
1786486620,7755,7755.5,7754.75,7755
1786486680,7755,7755,7755,7755
1786486740,7755,7755.25,7754.75,7754.75
1786486800,7755,7755.75,7755,7755.25
1786486860,7755.5,7755.5,7755.25,7755.5
1786486920,7755.5,7755.5,7755.25,7755.25
1786486980,7755.25,7755.25,7755,7755
1786487040,7755.25,7755.5,7755.25,7755.25
1786487100,7755.25,7755.25,7754.5,7754.5
1786487160,7754.5,7755,7754.25,7754.5
1786487220,7754.75,7754.75,7754.75,7754.75
1786487280,7754.5,7754.75,7754.5,7754.75
1786487340,7754.75,7754.75,7754,7754.5
1786487400,7754.25,7755.25,7754.25,7754.5
1786487460,7754.75,7754.75,7752.5,7752.5
1786487520,7753,7753.75,7753,7753.5
1786487580,7753.5,7754.5,7753.5,7754.5
1786487640,7754.5,7754.5,7754,7754
1786487700,7754.25,7754.5,7754.25,7754.25
1786487760,7754.5,7755,7754.25,7755
1786487820,7755,7755,7754.25,7754.5
1786487880,7754.5,7754.5,7754,7754.25
1786487940,7754.25,7754.25,7753.25,7753.25
1786488000,7753.5,7754,7753.5,7753.75
1786488060,7753.75,7754,7753,7753.25
1786488120,7753.25,7753.25,7752,7752.5
1786488180,7752.25,7752.75,7751.75,7751.75
1786488240,7752,7752.25,7751.75,7752
1786488300,7751.75,7752,7751,7751.25
1786488360,7751.5,7752,7750.5,7751
1786488420,7751.25,7752.75,7751.25,7752.75
1786488480,7752.5,7752.75,7752.5,7752.75
1786488540,7752.25,7752.25,7752,7752.25
1786488600,7752.25,7752.25,7752,7752.25
1786488660,7752,7752.25,7752,7752
1786488720,7751.75,7752.25,7751.75,7752
1786488780,7752.25,7753.25,7752.25,7753
1786488840,7753,7753,7752.75,7752.75
1786488900,7753,7753.5,7753,7753.25
1786488960,7753.25,7753.5,7753.25,7753.25
1786489020,7753.25,7753.25,7753.25,7753.25
1786489080,7753.5,7753.75,7753.25,7753.25
1786489140,7753,7753,7752.5,7752.75
1786489200,7753,7753,7752.25,7752.25
1786489260,7752.75,7753.75,7752.75,7753.25
1786489320,7753.25,7753.5,7753.25,7753.25
1786489380,7753,7753,7752.5,7752.5
1786489440,7752.75,7753,7752.75,7752.75
1786489500,7753,7753,7752,7752
1786489560,7752,7752.5,7751.75,7752.25
1786489620,7752.25,7753,7752.25,7753
1786489680,7753.25,7753.25,7752.5,7752.5
1786489740,7752.75,7753.25,7752.75,7753.25
1786489800,7753,7753,7752.75,7753
1786489860,7752.75,7753,7752.75,7752.75
1786489920,7753.25,7753.25,7752.5,7752.75
1786489980,7752.75,7752.75,7752.25,7752.25
1786490040,7752.25,7752.5,7752,7752.5
1786490100,7752.5,7752.5,7752.5,7752.5
1786490160,7752.5,7753,7752.5,7753
1786490220,7753,7753,7752.75,7752.75
1786490280,7752.5,7753,7752.5,7752.75
1786490340,7752.75,7753,7752.75,7753
1786490400,7753,7753.25,7752.75,7753
1786490520,7753,7753,7752.75,7753
1786490580,7753,7753,7753,7753
1786490640,7753.25,7753.25,7753,7753
1786490700,7753,7753,7753,7753
1786490760,7753,7753,7753,7753
1786490820,7753.25,7753.75,7753.25,7753.5
1786490880,7753.5,7753.5,7753.5,7753.5
1786490940,7753.75,7754.25,7753.75,7754
1786491000,7753.75,7753.75,7753,7753
1786491060,7752.75,7753.25,7752.25,7753.25
1786491120,7753.5,7753.5,7752.5,7752.75
1786491180,7752.75,7752.75,7752,7752
1786491240,7752,7752.5,7752,7752.5
1786491300,7752.5,7752.5,7752,7752.25
1786491360,7752.25,7752.25,7752.25,7752.25
1786491420,7752.5,7752.75,7752.5,7752.75
1786491480,7752.75,7752.75,7752.5,7752.5
1786491540,7752.5,7752.5,7752,7752.25
1786491600,7752.25,7752.5,7752.25,7752.5
1786491660,7752.5,7752.5,7752.5,7752.5
1786491720,7752.5,7752.75,7752.5,7752.75
1786491780,7752.75,7752.75,7752.5,7752.5
1786491840,7752.75,7753.25,7752.75,7753
1786491900,7753,7753,7752.75,7752.75
1786491960,7753,7753,7752.5,7752.75
1786492020,7752.5,7752.75,7752.25,7752.5
1786492080,7752.25,7752.5,7752,7752.25
1786492140,7752.25,7752.75,7752.25,7752.5
1786492200,7752.75,7755.5,7752.75,7755.25
1786492260,7755,7755.25,7754.5,7755
1786492320,7754.75,7755.25,7754.25,7755
1786492380,7754.75,7754.75,7754.5,7754.75
1786492440,7755,7755.5,7754.75,7755.25
1786492500,7755,7755.75,7755,7755.5
1786492560,7755.5,7755.5,7755.25,7755.5
1786492620,7755.5,7755.5,7755,7755
1786492680,7755,7755.5,7755,7755.25
1786492740,7755,7755.5,7755,7755.25
1786492800,7755.25,7755.5,7752.5,7753.25
1786492860,7753.25,7753.5,7750,7751.25
1786492920,7751.25,7752.75,7751.25,7751.5
1786492980,7751.75,7753.25,7751.5,7752.5
1786493040,7752.75,7752.75,7751,7751.25
1786493100,7751.5,7752,7751.25,7751.25
1786493160,7751.5,7751.75,7750.5,7751.25
1786493220,7751.5,7751.5,7749.75,7749.75
1786493280,7750,7750.5,7749.25,7749.5
1786493340,7749.5,7750.25,7749,7750.25
1786493400,7750,7750.75,7749.75,7750.25
1786493460,7750,7750.5,7749.25,7749.25
1786493520,7749.5,7749.75,7749.25,7749.75
1786493580,7749.75,7750,7749.5,7750
1786493640,7750,7752.25,7749.75,7752.25
1786493700,7752,7752.25,7750.25,7751.75
1786493760,7752,7754.25,7751.75,7753
1786493820,7752.75,7753.25,7752.25,7752.75
1786493880,7753,7753.5,7752.5,7753
1786493940,7753.25,7754.25,7753.25,7754
1786494000,7754,7754.25,7753.5,7753.5
1786494060,7753.5,7754.25,7752.75,7754
1786494120,7754,7754,7752.75,7753.25
1786494180,7753.5,7754.75,7753.25,7754.5
1786494240,7754.5,7754.5,7754,7754
1786494300,7754.25,7754.25,7753.5,7753.75
1786494360,7754,7754,7752.25,7752.25
1786494420,7752.25,7753.5,7751.75,7753
1786494480,7753.5,7754,7753.25,7753.75
1786494540,7753.75,7753.75,7752.5,7752.5
1786494600,7752.75,7752.75,7751.25,7752.25
1786494660,7752.25,7753.25,7752,7752.5
1786494720,7752.5,7753,7752.25,7752.75
1786494780,7752.75,7753.25,7752.5,7752.5
1786494840,7752.5,7752.75,7752.5,7752.75
1786494900,7752.5,7754,7752.5,7753.75
1786494960,7753.75,7753.75,7753,7753
1786495020,7753,7753.5,7753,7753
1786495080,7753,7753.25,7752.75,7752.75
1786495140,7753,7753.25,7752,7752
1786495200,7752,7752.25,7752,7752
1786495260,7752.25,7752.25,7751.5,7752.25
1786495320,7752.25,7752.75,7751.75,7752
1786495380,7752.25,7752.5,7751.75,7752.25
1786495440,7752.25,7752.5,7752.25,7752.5
1786495500,7752.5,7752.75,7751.5,7752.5
1786495560,7752.5,7752.5,7752.25,7752.25
1786495620,7752.5,7752.5,7751.75,7751.75
1786495680,7751.5,7753.25,7751.5,7752.75
1786495740,7752.75,7752.75,7752,7752
1786495800,7752,7752.25,7751.25,7751.25
1786495860,7751.25,7751.75,7751,7751.75
1786495920,7751.75,7751.75,7751,7751
1786495980,7751,7751.75,7751,7751.25
1786496040,7751.5,7752,7751,7751.25
1786496100,7751.25,7752.25,7751.25,7752
1786496160,7752,7752,7751.5,7752
1786496220,7752,7752.75,7752,7752.5
1786496280,7752.25,7752.25,7751.75,7752
1786496340,7752.25,7752.75,7752.25,7752.5
1786496400,7752.5,7752.75,7751.5,7752.75
1786496460,7752.75,7753.5,7752.75,7753.25
1786496520,7753,7753.25,7752.75,7752.75
1786496580,7752.5,7753,7752,7753
1786496640,7753,7753.25,7753,7753.25
1786496700,7753.5,7754,7753.25,7753.5
1786496760,7753.5,7753.75,7753,7753
1786496820,7753.25,7753.25,7751.5,7751.5
1786496880,7751.5,7752.75,7751.25,7752.25
1786496940,7752.5,7753.25,7752.25,7753.25
1786497000,7753.25,7753.5,7752.75,7753.5
1786497060,7753.25,7753.25,7752.75,7753
1786497120,7753,7753,7752.5,7752.5
1786497180,7752.5,7752.75,7752.25,7752.5
1786497240,7752.25,7752.5,7751.75,7752.25
1786497300,7752.5,7752.5,7751.5,7751.75
1786497360,7752,7752,7750.5,7750.5
1786497420,7750.5,7750.75,7750,7750
1786497480,7750.25,7750.5,7749.75,7749.75
1786497540,7750,7750.75,7749.75,7750.75
1786497600,7750.75,7751.25,7750.75,7751
1786497660,7751,7751,7749.5,7749.75
1786497720,7750,7750,7749.25,7749.25
1786497780,7749.5,7749.5,7748.5,7749.25
1786497840,7749.25,7749.75,7749,7749.5
1786497900,7749.5,7750,7749.25,7749.5
1786497960,7749.5,7749.5,7749,7749.25
1786498020,7749.25,7750.75,7749.25,7750.75
1786498080,7750.5,7751.5,7750.5,7750.5
1786498140,7750.25,7751,7750.25,7751
1786498200,7750.75,7750.75,7750,7750
1786498260,7750,7750,7749.5,7750
1786498320,7750,7750,7749.75,7750
1786498380,7750,7750.5,7749.75,7750
1786498440,7749.75,7750,7749.5,7749.5
1786498500,7749.75,7749.75,7749.25,7749.5
1786498560,7749.5,7750.25,7749.5,7750
1786498620,7750.25,7750.5,7750,7750.25
1786498680,7750,7750.5,7750,7750.25
1786498740,7750.25,7750.5,7749.75,7750
1786498800,7750,7750.5,7750,7750.25
1786498860,7750.25,7751.5,7750.25,7751.5
1786498920,7751.25,7751.75,7750.75,7751.25
1786498980,7751.25,7752,7751,7752
1786499040,7752,7752.5,7752,7752.25
1786499100,7752.25,7752.75,7751.5,7751.75
1786499160,7751.75,7752,7751,7751.25
1786499220,7751.25,7752,7751.25,7751.5
1786499280,7751.25,7752,7751.25,7752
1786499340,7752.25,7752.25,7751.75,7752
1786499400,7751.75,7752.5,7751.75,7752.25
1786499460,7752.5,7752.5,7750.5,7750.5
1786499520,7750.5,7751,7750,7750
1786499580,7750,7750.5,7749.75,7750.25
1786499640,7750.25,7750.75,7750.25,7750.75
1786499700,7750.75,7750.75,7749.75,7749.75
1786499760,7749.75,7750,7749,7749
1786499820,7749.25,7749.75,7749,7749.25
1786499880,7749,7749.75,7748.75,7749.25
1786499940,7749.5,7749.75,7749.25,7749.75
1786500000,7749.75,7750.75,7749.75,7750.75
1786500060,7750.75,7751.25,7750.75,7751.25
1786500120,7751.5,7751.5,7751,7751.25
1786500180,7751.5,7751.5,7751,7751
1786500240,7751.25,7751.25,7750.25,7750.5
1786500300,7750.5,7750.75,7750.25,7750.5
1786500360,7750.75,7751,7750.5,7750.5
1786500420,7750.75,7751,7750.5,7750.5
1786500480,7750.25,7751,7750,7751
1786500540,7751,7751.25,7750.75,7751
1786500600,7751.25,7751.5,7750.75,7751.5
1786500660,7751.25,7751.5,7750.5,7750.5
1786500720,7750.5,7750.5,7750.25,7750.5
1786500780,7750.75,7751,7750.75,7751
1786500840,7751.25,7751.5,7751.25,7751.5
1786500900,7751.5,7751.5,7751,7751
1786500960,7751.25,7752,7751.25,7751.75
1786501020,7751.75,7752,7751.5,7751.5
1786501080,7751.75,7752.25,7751.75,7751.75
1786501140,7751.5,7752,7751.25,7751.75
1786501200,7752,7752.25,7752,7752.25
1786501260,7752.25,7752.25,7751.75,7752
1786501320,7752,7752.25,7751.75,7752
1786501380,7752,7752,7751.25,7751.25
1786501440,7751.5,7751.75,7751.25,7751.25
1786501500,7751.25,7752.75,7751.25,7752.5
1786501560,7752.5,7753,7752.5,7752.5
1786501620,7752.5,7752.75,7752.25,7752.75
1786501680,7752.75,7752.75,7752.5,7752.5
1786501740,7752.5,7752.75,7752.25,7752.75
1786501800,7752.75,7754,7752.75,7753.5
1786501860,7753.5,7753.75,7753.25,7753.75
1786501920,7753.75,7753.75,7753.5,7753.5
1786501980,7753.5,7753.5,7753.25,7753.5
1786502040,7753.75,7754,7753.5,7753.5
1786502100,7753.5,7753.5,7753.25,7753.5
1786502160,7753.5,7753.75,7753.25,7753.25
1786502220,7753.5,7753.75,7753.25,7753.5
1786502280,7753.5,7753.75,7753.5,7753.75
1786502340,7753.75,7753.75,7753.25,7753.25
1786502400,7753.25,7753.75,7753.25,7753.75
1786502460,7753.5,7754,7753.5,7753.75
1786502520,7753.75,7754,7753.75,7754
1786502580,7754,7754.5,7753.75,7753.75
1786502640,7754,7754,7753.75,7753.75
1786502700,7753.75,7754,7753.75,7753.75
1786502760,7754,7754.25,7753.75,7754
1786502820,7754,7754.5,7754,7754.5
1786502880,7754.25,7754.5,7754.25,7754.5
1786502940,7754.5,7754.5,7754.25,7754.5
1786503000,7754.5,7754.75,7754.5,7754.75
1786503060,7754.5,7754.75,7754.5,7754.5
1786503120,7754.5,7754.75,7754.5,7754.75
1786503180,7754.75,7754.75,7754.75,7754.75
1786503240,7754.75,7755.25,7754.5,7755
1786503300,7755.25,7755.25,7755,7755.25
1786503360,7755.25,7755.5,7755.25,7755.25
1786503420,7755.5,7755.5,7755.25,7755.25
1786503480,7755.25,7755.5,7755,7755.25
1786503540,7755,7755.5,7755,7755.5
1786503600,7755.5,7756.5,7755.5,7756
1786503660,7756,7756.5,7755.75,7756.5
1786503720,7756.25,7756.5,7756.25,7756.25
1786503780,7756.5,7756.5,7756,7756
1786503840,7756,7756.25,7755.75,7755.75
1786503900,7755.5,7756,7755.5,7755.75
1786503960,7756,7756,7755.75,7755.75
1786504020,7755.75,7755.75,7755.5,7755.75
1786504080,7755.5,7755.5,7755.5,7755.5
1786504140,7755.75,7755.75,7755.25,7755.25
1786504200,7755.5,7755.75,7755.5,7755.75
1786504260,7755.75,7756,7755.75,7756
1786504320,7755.75,7755.75,7755.5,7755.5
1786504380,7755.5,7755.5,7755.5,7755.5
1786504440,7755.75,7756.5,7755.75,7756.25
1786504500,7756.25,7756.5,7755.5,7755.5
1786504560,7755.5,7755.5,7755,7755
1786504620,7754.75,7754.75,7754.5,7754.75
1786504680,7754.75,7755.25,7754.75,7755
1786504740,7755.25,7755.5,7755,7755.25
1786504800,7755.25,7755.5,7755,7755.5
1786504860,7755.75,7755.75,7755.5,7755.75
1786504920,7755.75,7755.75,7755.5,7755.5
1786504980,7755.75,7755.75,7755.5,7755.5
1786505040,7755.5,7755.5,7755,7755.25
1786505100,7755,7755.75,7755,7755.75
1786505160,7755.75,7756,7755.75,7756
1786505220,7756,7756.5,7755.75,7756
1786505280,7756,7756.25,7756,7756.25
1786505340,7756.5,7756.5,7755.75,7756
1786505400,7755.75,7756,7755,7755.5
1786505460,7755.5,7756,7755.25,7755.25
1786505520,7755.25,7755.75,7755,7755
1786505580,7754.75,7755,7754.5,7755
1786505640,7754.75,7755,7754.75,7754.75
1786505700,7754.75,7755.5,7754.75,7755.25
1786505760,7755.5,7755.5,7755,7755.25
1786505820,7755.5,7755.5,7754.75,7754.75
1786505880,7754.75,7754.75,7754.25,7754.25
1786505940,7754.25,7754.25,7754,7754.25
1786506000,7754.25,7754.25,7754,7754.25
1786506060,7754.25,7754.5,7754,7754.25
1786506120,7754.25,7754.5,7754.25,7754.5
1786506180,7754.25,7754.5,7754,7754.25
1786506240,7754.25,7754.5,7753.75,7754
1786506300,7754.25,7754.5,7754.25,7754.5
1786506360,7754.5,7754.75,7754.5,7754.75
1786506420,7754.75,7755,7754.5,7754.75
1786506480,7755,7755,7754.5,7754.5
1786506540,7754.75,7755.25,7754.5,7755.25
1786506600,7755.25,7755.5,7754.75,7755.25
1786506660,7755.25,7755.25,7755,7755.25
1786506720,7755.25,7755.25,7754.75,7755
1786506780,7755,7755,7754.25,7754.25
1786506840,7754.5,7754.5,7754.25,7754.5
1786506900,7754.5,7755,7754.5,7755
1786506960,7755,7755,7754.75,7754.75
1786507020,7754.75,7755.25,7754.75,7755.25
1786507080,7755.25,7755.5,7755.25,7755.5
1786507140,7755.5,7755.5,7755.25,7755.25
1786507200,7755.5,7756,7755.5,7755.5
1786507260,7755.25,7755.5,7755,7755
1786507320,7755.25,7756,7755.25,7756
1786507380,7756,7756,7755.75,7756
1786507440,7756,7756,7755.75,7756
1786507500,7756,7756.25,7755.75,7755.75
1786507560,7756,7756,7755.75,7756
1786507620,7756,7756,7755.75,7755.75
1786507680,7755.75,7755.75,7754.25,7754.5
1786507740,7754.5,7755,7754.5,7755
1786507800,7755,7755,7754.75,7754.75
1786507860,7755,7755.25,7755,7755.25
1786507920,7755.25,7755.25,7755,7755
1786507980,7755.25,7755.5,7755.25,7755.5
1786508040,7755.5,7755.75,7755.5,7755.5
1786508100,7755.5,7755.5,7755.25,7755.25
1786508160,7755.25,7755.5,7755.25,7755.25
1786508220,7755.5,7755.5,7755.25,7755.5
1786508280,7755.5,7755.5,7755,7755
1786508340,7754.75,7755.25,7754.5,7755
1786508400,7755,7755.25,7755,7755.25
1786508460,7755.25,7755.5,7755.25,7755.5
1786508520,7755.75,7756,7755.75,7755.75
1786508580,7755.5,7755.5,7755.5,7755.5
1786508640,7755.75,7756,7755.5,7756
1786508700,7756.25,7756.5,7756,7756.25
1786508760,7756.25,7756.25,7755.75,7756
1786508820,7756,7756.25,7756,7756.25
1786508880,7756.25,7756.25,7756,7756.25
1786508940,7756.25,7756.25,7756,7756
1786509000,7756.25,7756.25,7755.5,7755.5
1786509060,7755.75,7755.75,7755.25,7755.75
1786509120,7755.5,7755.5,7754.75,7755
1786509180,7755,7755,7754.5,7754.75
1786509240,7754.75,7754.75,7754.5,7754.75
1786509300,7755,7755.5,7755,7755.5
1786509360,7755.75,7755.75,7755.5,7755.75
1786509420,7755.75,7755.75,7755.75,7755.75
1786509480,7755.75,7755.75,7755.75,7755.75
1786509540,7755.75,7755.75,7755.5,7755.5
1786509600,7755.75,7755.75,7755.25,7755.25
1786509660,7755.25,7755.25,7755,7755
1786509720,7755,7755.25,7755,7755
1786509780,7755,7755.25,7755,7755.25
1786509840,7755.25,7755.25,7755.25,7755.25
1786509900,7755.25,7755.25,7754.75,7754.75
1786509960,7754.75,7755.5,7754.75,7755.5
1786510020,7755.75,7756.25,7755.75,7756.25
1786510080,7756.25,7757.25,7756.25,7757.25
1786510140,7757.25,7757.75,7757,7757.75
1786510200,7757.5,7758,7757.25,7757.75
1786510260,7757.5,7757.75,7757.5,7757.75
1786510320,7757.5,7757.5,7757.25,7757.5
1786510380,7757.5,7757.75,7757.25,7757.25
1786510440,7757.5,7757.5,7757.25,7757.5
1786510500,7757.5,7757.5,7757.25,7757.5
1786510560,7757.5,7757.5,7757.25,7757.5
1786510620,7757.75,7757.75,7757.5,7757.5
1786510680,7757.75,7757.75,7757.25,7757.25
1786510740,7757.5,7757.5,7757,7757.25
1786510800,7757.5,7757.5,7757.25,7757.25
1786510860,7757.25,7757.5,7757.25,7757.25
1786510920,7757.5,7757.5,7756.75,7756.75
1786510980,7756.75,7757,7756.75,7757
1786511040,7757,7757,7756.5,7756.75
1786511100,7756.75,7757,7756.5,7756.5
1786511160,7756.5,7756.5,7755.5,7755.75
1786511220,7755.75,7756,7755.75,7756
1786511280,7755.75,7756,7755,7755.75
1786511340,7755.75,7755.75,7755.5,7755.75
1786511400,7756,7756,7755.75,7755.75
1786511460,7755.75,7756,7755.75,7755.75
1786511520,7755.75,7756,7755.5,7756
1786511580,7756,7756,7755.75,7756
1786511640,7755.75,7755.75,7755,7755
1786511700,7754.75,7755,7754.5,7754.75
1786511760,7754.75,7755.5,7754.75,7754.75
1786511820,7754.75,7755,7754.75,7754.75
1786511880,7754.75,7755,7754.5,7754.75
1786511940,7754.75,7755,7754.75,7755
1786512000,7754.75,7754.75,7753.5,7753.5
1786512060,7753.75,7753.75,7753.5,7753.75
1786512120,7753.75,7753.75,7752.75,7753
1786512180,7753,7753.5,7753,7753.25
1786512240,7753.25,7754.25,7753.25,7754.25
1786512300,7754.25,7755.5,7754.25,7755.5
1786512360,7755.25,7755.25,7754.75,7755.25
1786512420,7755.25,7755.25,7755,7755
1786512480,7755,7755.25,7754.75,7754.75
1786512540,7755,7755.5,7754.75,7755.5
1786512600,7755.5,7756.5,7755.25,7756.25
1786512660,7756.5,7757.5,7756.25,7757.25
1786512720,7757.25,7757.25,7756.5,7756.75
1786512780,7756.75,7756.75,7756.5,7756.5
1786512840,7756.25,7756.5,7756,7756.5
1786512900,7756.25,7756.5,7756.25,7756.5
1786512960,7756.75,7756.75,7756,7756
1786513020,7756.25,7756.5,7756,7756.25
1786513080,7756.25,7756.25,7756.25,7756.25
1786513140,7756.25,7756.75,7756.25,7756.5
1786513200,7756.5,7756.5,7756.5,7756.5
1786513260,7756.25,7756.25,7756.25,7756.25
1786513320,7756.25,7756.5,7756.25,7756.5
1786513380,7756.5,7756.5,7755.75,7755.75
1786513440,7755.5,7755.75,7755.5,7755.5
1786513500,7755.5,7756,7755.5,7756
1786513560,7756,7756.5,7755.75,7756.25
1786513620,7756.25,7756.25,7756.25,7756.25
1786513680,7756.25,7756.25,7756,7756
1786513740,7756.25,7756.25,7755.75,7756
1786513800,7756,7756,7755.5,7755.75
1786513860,7755.75,7756.25,7755.75,7756.25
1786513920,7756.5,7757,7756.5,7756.75
1786513980,7756.75,7757,7756.5,7757
1786514040,7757,7757.25,7756.75,7757
1786514100,7757.25,7757.5,7757,7757
1786514160,7757.25,7757.25,7756.75,7757.25
1786514220,7757,7757,7756.75,7756.75
1786514280,7756.75,7756.75,7756.75,7756.75
1786514340,7756.75,7757.25,7756.5,7756.75
1786514400,7756.75,7757.75,7756.75,7757.75
1786514460,7757.5,7757.75,7757,7757.25
1786514520,7757.25,7757.25,7756.75,7757.25
1786514580,7757.25,7757.5,7757,7757
1786514640,7757,7757.75,7757,7757.75
1786514700,7757.5,7757.75,7757.25,7757.5
1786514760,7757.25,7757.5,7757,7757.5
1786514820,7757.75,7757.75,7757.25,7757.25
1786514880,7757.5,7757.5,7757,7757
1786514940,7757.25,7757.25,7757,7757
1786515000,7757,7757,7756,7756
1786515060,7756.25,7756.5,7756,7756
1786515120,7756,7756.25,7755.25,7755.25
1786515180,7755.5,7755.5,7754.5,7754.5
1786515240,7754.5,7755.25,7754.25,7755.25
1786515300,7755.25,7755.25,7754.5,7754.5
1786515360,7754.25,7754.5,7754.25,7754.5
1786515420,7754.5,7755.75,7754.5,7755.25
1786515480,7755.25,7755.5,7755.25,7755.5
1786515540,7755.5,7756,7755.5,7755.75
1786515600,7755.75,7755.75,7754.5,7754.5
1786515660,7754.75,7755,7754.25,7754.5
1786515720,7754.75,7755,7754.5,7754.5
1786515780,7754.5,7754.75,7754.5,7754.5
1786515840,7754.5,7754.75,7754.5,7754.75
1786515900,7754.75,7755,7754.5,7754.75
1786515960,7754.75,7755.25,7754.75,7755.25
1786516020,7755.25,7756.25,7755.25,7756
1786516080,7755.75,7755.75,7755.25,7755.5
1786516140,7755.25,7756.5,7755.25,7756
1786516200,7756,7756.75,7755.5,7756
1786516260,7756.25,7756.75,7756.25,7756.75
1786516320,7756.5,7757,7756.25,7757
1786516380,7757,7757.25,7757,7757.25
1786516440,7757.25,7757.5,7757,7757
1786516500,7756.75,7757.25,7756.75,7757
1786516560,7757,7757,7756.75,7757
1786516620,7757,7757.5,7757,7757.5
1786516680,7757.5,7758.75,7757.5,7758.25
1786516740,7758.25,7758.5,7758,7758.25
1786516800,7758.25,7758.5,7757,7757
1786516860,7757,7757.25,7756.5,7756.5
1786516920,7756.25,7756.75,7756.25,7756.5
1786516980,7756.5,7756.5,7755.75,7756.25
1786517040,7756.25,7756.5,7756,7756.5
1786517100,7756.75,7757.75,7756.75,7757.75
1786517160,7757.5,7758,7757.5,7757.75
1786517220,7757.75,7758.25,7757.5,7757.75
1786517280,7757.75,7758,7757.5,7758
1786517340,7758,7758,7757.75,7758
1786517400,7758,7759,7758,7759
1786517460,7758.75,7759,7758.5,7759
1786517520,7758.75,7759.25,7758.75,7759
1786517580,7759,7759.25,7758.75,7758.75
1786517640,7758.75,7758.75,7758.5,7758.5
1786517700,7758.5,7759,7758.5,7759
1786517760,7759,7759,7758.5,7758.5
1786517820,7758.75,7758.75,7758.75,7758.75
1786517880,7758.75,7759,7758.75,7759
1786517940,7759.25,7759.75,7758.75,7759.75
1786518000,7759.5,7760.25,7759,7760
1786518060,7760.25,7760.25,7759.25,7760
1786518120,7760.25,7760.5,7759.75,7760.25
1786518180,7760.25,7760.75,7759.75,7760
1786518240,7760,7760.5,7759.75,7760.25
1786518300,7760.25,7761.25,7760.25,7760.5
1786518360,7760.5,7761,7760.5,7761
1786518420,7760.75,7761.25,7760.25,7761
1786518480,7761,7761.25,7759.75,7760
1786518540,7760.25,7760.75,7760.25,7760.5
1786518600,7760.5,7760.75,7760.25,7760.25
1786518660,7760.25,7761.25,7760.25,7761.25
1786518720,7761,7761.5,7761,7761
1786518780,7761,7761,7760.25,7760.25
1786518840,7760.5,7760.5,7760,7760
1786518900,7760,7760.5,7760,7760.25
1786518960,7760.25,7760.25,7760,7760.25
1786519020,7760.5,7760.75,7760.5,7760.75
1786519080,7761,7761,7760.75,7760.75
1786519140,7760.75,7760.75,7760.25,7760.25
1786519200,7760.25,7760.25,7759.25,7759.75
1786519260,7759.75,7759.75,7759,7759.25
1786519320,7759.5,7759.5,7758.75,7759
1786519380,7759,7759.25,7758.5,7758.75
1786519440,7758.5,7758.75,7757.75,7758
1786519500,7758.25,7758.25,7757.25,7757.5
1786519560,7757.75,7758,7757.5,7757.75
1786519620,7757.75,7759,7757.75,7758.75
1786519680,7759,7759,7758,7758
1786519740,7758.25,7759,7758.25,7758.75
1786519800,7758.5,7758.5,7758,7758.25
1786519860,7758.25,7758.25,7758,7758.25
1786519920,7758.25,7759,7758.25,7758.5
1786519980,7758.5,7758.75,7758.5,7758.5