time,open,high,low,close
1786053600,182.53599548339844,182.61000061035156,182.49400329589844,182.6020050048828
1786053660,182.58799743652344,182.60800170898438,182.55999755859375,182.5780029296875
1786053720,182.5850067138672,182.60000610351562,182.55999755859375,182.5659942626953
1786053780,182.5679931640625,182.61399841308594,182.56399536132812,182.60499572753906
1786053840,182.593994140625,182.6199951171875,182.5919952392578,182.61099243164062
1786053900,182.61099243164062,182.62399291992188,182.59800720214844,182.60899353027344
1786053960,182.61000061035156,182.61700439453125,182.60000610351562,182.6009979248047
1786054020,182.6009979248047,182.62100219726562,182.6009979248047,182.61300659179688
1786054080,182.61399841308594,182.61700439453125,182.60299682617188,182.60800170898438
1786054140,182.60299682617188,182.62100219726562,182.60299682617188,182.60400390625
1786054200,182.60400390625,182.6179962158203,182.6009979248047,182.6009979248047
1786054260,182.61599731445312,182.61599731445312,182.5970001220703,182.6009979248047
1786054320,182.61199951171875,182.61199951171875,182.58999633789062,182.58999633789062
1786054380,182.58999633789062,182.60800170898438,182.58599853515625,182.58999633789062
1786054440,182.58999633789062,182.61599731445312,182.58999633789062,182.61000061035156
1786054500,182.61099243164062,182.61300659179688,182.5970001220703,182.60899353027344
1786054560,182.5970001220703,182.61199951171875,182.5970001220703,182.61099243164062
1786054620,182.5970001220703,182.61199951171875,182.59100341796875,182.60800170898438
1786054680,182.593994140625,182.60800170898438,182.58700561523438,182.58700561523438
1786054740,182.58700561523438,182.60499572753906,182.58700561523438,182.58700561523438
1786054800,182.6020050048828,182.60400390625,182.58399963378906,182.58700561523438
1786054860,182.58700561523438,182.61300659179688,182.58700561523438,182.61300659179688
1786054920,182.5989990234375,182.61199951171875,182.59300231933594,182.60800170898438
1786054980,182.593994140625,182.61000061035156,182.58900451660156,182.5970001220703
1786055040,182.593994140625,182.60800170898438,182.58999633789062,182.60299682617188
1786055100,182.59500122070312,182.61000061035156,182.58200073242188,182.58399963378906
1786055160,182.58399963378906,182.6020050048828,182.58299255371094,182.58299255371094
1786055220,182.58299255371094,182.60699462890625,182.58200073242188,182.59500122070312
1786055280,182.60400390625,182.60800170898438,182.58599853515625,182.58999633789062
1786055340,182.59800720214844,182.6009979248047,182.5800018310547,182.5800018310547
1786055400,182.5800018310547,182.5989990234375,182.5760040283203,182.59100341796875
1786055460,182.57699584960938,182.58999633789062,182.5659942626953,182.57000732421875
1786055520,182.57000732421875,182.58399963378906,182.5659942626953,182.56900024414062
1786055580,182.56900024414062,182.58099365234375,182.56399536132812,182.56900024414062
1786055640,182.56900024414062,182.58299255371094,182.5679931640625,182.5780029296875
1786055700,182.57000732421875,182.58399963378906,182.57000732421875,182.5800018310547
1786055760,182.572998046875,182.58399963378906,182.5679931640625,182.5800018310547
1786055820,182.57200622558594,182.5850067138672,182.5679931640625,182.58200073242188
1786055880,182.5679931640625,182.58999633789062,182.55999755859375,182.55999755859375
1786055940,182.55999755859375,182.58399963378906,182.55499267578125,182.5679931640625
1786056000,182.5679931640625,182.58299255371094,182.5679931640625,182.57000732421875
1786056060,182.58200073242188,182.58200073242188,182.56500244140625,182.5780029296875
1786056120,182.57400512695312,182.58399963378906,182.56300354003906,182.57000732421875
1786056180,182.5800018310547,182.58099365234375,182.55799865722656,182.56100463867188
1786056240,182.57699584960938,182.58599853515625,182.5570068359375,182.57200622558594
1786056300,182.5570068359375,182.57899475097656,182.5570068359375,182.5709991455078
1786056360,182.55799865722656,182.572998046875,182.5540008544922,182.56700134277344
1786056420,182.5570068359375,182.572998046875,182.55299377441406,182.55299377441406
1786056480,182.55299377441406,182.57899475097656,182.55299377441406,182.55299377441406
1786056540,182.55299377441406,182.5749969482422,182.55299377441406,182.5590057373047
1786056600,182.56700134277344,182.57200622558594,182.5540008544922,182.5590057373047
1786056660,182.5590057373047,182.5800018310547,182.552001953125,182.5679931640625
1786056720,182.5679931640625,182.59300231933594,182.56500244140625,182.572998046875
1786056780,182.5800018310547,182.58799743652344,182.572998046875,182.5760040283203
1786056840,182.5760040283203,182.5919952392578,182.57400512695312,182.57899475097656
1786056900,182.58799743652344,182.59100341796875,182.57899475097656,182.58799743652344
1786056960,182.5800018310547,182.59100341796875,182.5800018310547,182.58799743652344
1786057020,182.58799743652344,182.59300231933594,182.5800018310547,182.58799743652344
1786057080,182.59100341796875,182.593994140625,182.5749969482422,182.5919952392578
1786057200,182.5780029296875,182.5919952392578,182.5780029296875,182.5800018310547
1786057260,182.58999633789062,182.5959930419922,182.5780029296875,182.58399963378906
1786057320,182.58399963378906,182.593994140625,182.5780029296875,182.58700561523438
1786057380,182.5800018310547,182.58900451660156,182.5709991455078,182.58299255371094
1786057440,182.5709991455078,182.58399963378906,182.57000732421875,182.5749969482422
1786057500,182.58200073242188,182.5850067138672,182.5659942626953,182.57400512695312
1786057560,182.5659942626953,182.5800018310547,182.54400634765625,182.54800415039062
1786057620,182.55799865722656,182.56300354003906,182.54200744628906,182.54800415039062
1786057680,182.55799865722656,182.5590057373047,182.5449981689453,182.55799865722656
1786057740,182.5570068359375,182.56300354003906,182.54800415039062,182.56199645996094
1786057800,182.55499267578125,182.56300354003906,182.54200744628906,182.54800415039062
1786057860,182.54200744628906,182.55599975585938,182.5399932861328,182.552001953125
1786057920,182.55099487304688,182.55299377441406,182.53500366210938,182.54600524902344
1786057980,182.54600524902344,182.552001953125,182.54100036621094,182.54100036621094
1786058040,182.54100036621094,182.5500030517578,182.52999877929688,182.53399658203125
1786058100,182.53399658203125,182.5469970703125,182.53399658203125,182.54200744628906
1786058160,182.54200744628906,182.54600524902344,182.50999450683594,182.52499389648438
1786058220,182.52999877929688,182.53199768066406,182.51800537109375,182.5240020751953
1786058280,182.5229949951172,182.52999877929688,182.5229949951172,182.52999877929688
1786058340,182.5290069580078,182.52999877929688,182.52200317382812,182.5229949951172
1786058400,182.5229949951172,182.52999877929688,182.5229949951172,182.5290069580078
1786058460,182.5229949951172,182.53199768066406,182.5229949951172,182.5260009765625
1786058520,182.52999877929688,182.53199768066406,182.5229949951172,182.52699279785156
1786058580,182.5229949951172,182.53900146484375,182.5229949951172,182.53700256347656
1786058640,182.53799438476562,182.5399932861328,182.52999877929688,182.5330047607422
1786058700,182.53500366210938,182.55599975585938,182.53500366210938,182.5449981689453
1786058760,182.552001953125,182.55799865722656,182.5449981689453,182.5540008544922
1786058820,182.54800415039062,182.55599975585938,182.5469970703125,182.55499267578125
1786058880,182.5489959716797,182.55599975585938,182.5469970703125,182.5469970703125
1786058940,182.5469970703125,182.55599975585938,182.5469970703125,182.5540008544922
1786059000,182.54600524902344,182.55299377441406,182.53199768066406,182.5330047607422
1786059060,182.5330047607422,182.54400634765625,182.5330047607422,182.53799438476562
1786059120,182.53500366210938,182.5449981689453,182.5279998779297,182.53399658203125
1786059180,182.53199768066406,182.54299926757812,182.5279998779297,182.5290069580078
1786059240,182.5290069580078,182.54600524902344,182.5290069580078,182.53399658203125
1786059300,182.53399658203125,182.54600524902344,182.53399658203125,182.54200744628906
1786059360,182.53700256347656,182.54800415039062,182.53500366210938,182.54200744628906
1786059420,182.54400634765625,182.54800415039062,182.53399658203125,182.5399932861328
1786059480,182.53500366210938,182.54800415039062,182.53399658203125,182.53900146484375
1786059540,182.53900146484375,182.54800415039062,182.53799438476562,182.54299926757812
1786059600,182.53799438476562,182.54800415039062,182.53799438476562,182.54100036621094
1786059660,182.54100036621094,182.5540008544922,182.53500366210938,182.53799438476562
1786059720,182.53799438476562,182.54600524902344,182.5229949951172,182.531005859375
1786059780,182.52999877929688,182.5330047607422,182.5189971923828,182.5229949951172
1786059840,182.5229949951172,182.55099487304688,182.5229949951172,182.5449981689453
1786059900,182.5469970703125,182.5540008544922,182.5399932861328,182.54200744628906
1786059960,182.54100036621094,182.57000732421875,182.53900146484375,182.54200744628906
1786060020,182.5399932861328,182.54400634765625,182.5330047607422,182.53599548339844
1786060080,182.53599548339844,182.54400634765625,182.53500366210938,182.53500366210938
1786060140,182.53500366210938,182.54400634765625,182.53399658203125,182.54200744628906
1786060200,182.53599548339844,182.5449981689453,182.52499389648438,182.52999877929688
1786060260,182.53599548339844,182.5469970703125,182.52699279785156,182.54200744628906
1786060320,182.5399932861328,182.5500030517578,182.53399658203125,182.5399932861328
1786060380,182.53799438476562,182.55099487304688,182.53599548339844,182.54600524902344
1786060440,182.54100036621094,182.55099487304688,182.53799438476562,182.54200744628906
1786060500,182.54299926757812,182.552001953125,182.5399932861328,182.54600524902344
1786060560,182.54800415039062,182.5540008544922,182.5399932861328,182.5449981689453
1786060620,182.5449981689453,182.552001953125,182.54200744628906,182.5489959716797
1786060680,182.5489959716797,182.5570068359375,182.5449981689453,182.55599975585938
1786060740,182.55099487304688,182.57000732421875,182.55099487304688,182.56300354003906
1786060800,182.55999755859375,182.5959930419922,182.55499267578125,182.58599853515625
1786060860,182.58999633789062,182.6020050048828,182.57200622558594,182.5780029296875
1786060920,182.5780029296875,182.58200073242188,182.5540008544922,182.57200622558594
1786060980,182.572998046875,182.5780029296875,182.56399536132812,182.5679931640625
1786061040,182.5679931640625,182.58999633789062,182.5679931640625,182.5850067138672
1786061100,182.58599853515625,182.59300231933594,182.572998046875,182.572998046875
1786061160,182.57899475097656,182.58299255371094,182.55799865722656,182.56399536132812
1786061220,182.55999755859375,182.56700134277344,182.5570068359375,182.55799865722656
1786061280,182.55799865722656,182.5760040283203,182.5570068359375,182.5679931640625
1786061340,182.5679931640625,182.57699584960938,182.5679931640625,182.57000732421875
1786061400,182.5679931640625,182.57400512695312,182.56199645996094,182.56500244140625
1786061460,182.56500244140625,182.58399963378906,182.55799865722656,182.5749969482422
1786061520,182.5800018310547,182.61599731445312,182.57200622558594,182.60299682617188
1786061580,182.60299682617188,182.61300659179688,182.5919952392578,182.60400390625
1786061640,182.6009979248047,182.6300048828125,182.5989990234375,182.6300048828125
1786061700,182.6269989013672,182.63800048828125,182.6020050048828,182.61300659179688
1786061760,182.61300659179688,182.63499450683594,182.61199951171875,182.6300048828125
1786061820,182.63400268554688,182.63600158691406,182.60299682617188,182.60699462890625
1786061880,182.60299682617188,182.62100219726562,182.60299682617188,182.6179962158203
1786061940,182.6199951171875,182.63299560546875,182.61300659179688,182.62399291992188
1786062000,182.625,182.64599609375,182.6230010986328,182.63400268554688
1786062060,182.63400268554688,182.63900756835938,182.6219940185547,182.6320037841797
1786062120,182.6280059814453,182.63600158691406,182.6199951171875,182.6269989013672
1786062180,182.6230010986328,182.6280059814453,182.60000610351562,182.60499572753906
1786062240,182.60699462890625,182.6219940185547,182.6009979248047,182.61599731445312
1786062300,182.61300659179688,182.63099670410156,182.61300659179688,182.62399291992188
1786062360,182.62399291992188,182.63099670410156,182.60800170898438,182.6230010986328
1786062420,182.6230010986328,182.63499450683594,182.6179962158203,182.62600708007812
1786062480,182.62600708007812,182.63699340820312,182.6199951171875,182.6230010986328
1786062540,182.6230010986328,182.6280059814453,182.61300659179688,182.6199951171875
1786062600,182.6199951171875,182.63699340820312,182.6199951171875,182.63099670410156
1786062660,182.63099670410156,182.64999389648438,182.63099670410156,182.64100646972656
1786062720,182.63699340820312,182.64700317382812,182.63299560546875,182.63800048828125
1786062780,182.63800048828125,182.64700317382812,182.63499450683594,182.63800048828125
1786062840,182.63800048828125,182.64999389648438,182.6300048828125,182.6300048828125
1786062900,182.6300048828125,182.63699340820312,182.61300659179688,182.62399291992188
1786062960,182.6230010986328,182.6320037841797,182.61900329589844,182.6269989013672
1786063020,182.6280059814453,182.6320037841797,182.61700439453125,182.6199951171875
1786063080,182.6199951171875,182.62899780273438,182.61300659179688,182.61300659179688
1786063140,182.61300659179688,182.62399291992188,182.61099243164062,182.6179962158203
1786063200,182.6179962158203,182.63400268554688,182.6179962158203,182.6230010986328
1786063260,182.6230010986328,182.63099670410156,182.6179962158203,182.6219940185547
1786063320,182.6179962158203,182.6269989013672,182.60299682617188,182.61500549316406
1786063380,182.61500549316406,182.63299560546875,182.61500549316406,182.6179962158203
1786063440,182.6199951171875,182.63900756835938,182.6179962158203,182.63099670410156
1786063500,182.6300048828125,182.64100646972656,182.62899780273438,182.62899780273438
1786063560,182.63400268554688,182.63600158691406,182.61500549316406,182.61599731445312
1786063620,182.61599731445312,182.63299560546875,182.61099243164062,182.61500549316406
1786063680,182.61500549316406,182.6179962158203,182.60699462890625,182.61099243164062
1786063740,182.61099243164062,182.61599731445312,182.59500122070312,182.60800170898438
1786063800,182.60299682617188,182.61500549316406,182.58599853515625,182.59100341796875
1786063860,182.59100341796875,182.61599731445312,182.59100341796875,182.61099243164062
1786063920,182.61099243164062,182.65899658203125,182.60800170898438,182.6540069580078
1786063980,182.65199279785156,182.6820068359375,182.63299560546875,182.66700744628906
1786064040,182.66700744628906,182.68800354003906,182.6510009765625,182.66700744628906
1786064100,182.66000366210938,182.66400146484375,182.59500122070312,182.6020050048828
1786064160,182.5959930419922,182.6020050048828,182.58299255371094,182.58700561523438
1786064220,182.58599853515625,182.6060028076172,182.5850067138672,182.5989990234375
1786064280,182.5989990234375,182.61099243164062,182.59300231933594,182.60400390625
1786064340,182.6009979248047,182.61599731445312,182.59800720214844,182.60800170898438
1786064400,182.60800170898438,182.63400268554688,182.60800170898438,182.6300048828125
1786064460,182.6269989013672,182.6320037841797,182.60699462890625,182.61099243164062
1786064520,182.61000061035156,182.61399841308594,182.59300231933594,182.60000610351562
1786064580,182.59800720214844,182.61199951171875,182.59800720214844,182.60800170898438
1786064640,182.60800170898438,182.61399841308594,182.5970001220703,182.5989990234375
1786064700,182.6020050048828,182.60499572753906,182.58599853515625,182.59300231933594
1786064760,182.5919952392578,182.5959930419922,182.5760040283203,182.5760040283203
1786064820,182.57000732421875,182.58399963378906,182.53599548339844,182.56300354003906
1786064880,182.5679931640625,182.58999633789062,182.56300354003906,182.5800018310547
1786064940,182.57899475097656,182.58900451660156,182.572998046875,182.572998046875
1786065000,182.5780029296875,182.58599853515625,182.572998046875,182.572998046875
1786065060,182.5749969482422,182.58099365234375,182.56300354003906,182.57000732421875
1786065120,182.57000732421875,182.5850067138672,182.5449981689453,182.55999755859375
1786065180,182.55799865722656,182.56100463867188,182.5279998779297,182.53199768066406
1786065240,182.53500366210938,182.5500030517578,182.5050048828125,182.5399932861328
1786065300,182.5399932861328,182.5489959716797,182.52000427246094,182.5229949951172
1786065360,182.5229949951172,182.54800415039062,182.52000427246094,182.5279998779297
1786065420,182.5279998779297,182.54100036621094,182.51800537109375,182.5330047607422
1786065480,182.53599548339844,182.54100036621094,182.51699829101562,182.52099609375
1786065540,182.52999877929688,182.53900146484375,182.52099609375,182.5260009765625
1786065600,182.5279998779297,182.53599548339844,182.47999572753906,182.48800659179688
1786065660,182.4929962158203,182.51600646972656,182.48899841308594,182.50100708007812
1786065720,182.49600219726562,182.50100708007812,182.46600341796875,182.47500610351562
1786065780,182.47500610351562,182.49400329589844,182.47500610351562,182.48199462890625
1786065840,182.47999572753906,182.49200439453125,182.47300720214844,182.47500610351562
1786065900,182.47500610351562,182.49600219726562,182.4739990234375,182.48800659179688
1786065960,182.48800659179688,182.51300048828125,182.48800659179688,182.5050048828125
1786066020,182.51300048828125,182.52099609375,182.5030059814453,182.51400756835938
1786066080,182.51199340820312,182.5279998779297,182.50799560546875,182.50799560546875
1786066140,182.50799560546875,182.5229949951172,182.5050048828125,182.5189971923828
1786066200,182.51800537109375,182.52200317382812,182.48699951171875,182.48699951171875
1786066260,182.48699951171875,182.5,182.48300170898438,182.48800659179688
1786066320,182.48800659179688,182.50399780273438,182.47999572753906,182.49099731445312
1786066380,182.49099731445312,182.5030059814453,182.48800659179688,182.4949951171875
1786066440,182.4949951171875,182.50100708007812,182.46299743652344,182.47000122070312
1786066500,182.4739990234375,182.47999572753906,182.46200561523438,182.46200561523438
1786066560,182.46499633789062,182.4709930419922,182.42100524902344,182.44000244140625
1786066620,182.4320068359375,182.4409942626953,182.41000366210938,182.427001953125
1786066680,182.427001953125,182.4340057373047,182.41200256347656,182.4320068359375
1786066740,182.4250030517578,182.4320068359375,182.3939971923828,182.39500427246094
1786066800,182.39500427246094,182.406005859375,182.35800170898438,182.3679962158203
1786066860,182.3679962158203,182.38299560546875,182.3459930419922,182.35800170898438
1786066920,182.35800170898438,182.37399291992188,182.32200622558594,182.36500549316406
1786066980,182.36000061035156,182.38800048828125,182.35699462890625,182.3769989013672
1786067040,182.3769989013672,182.40199279785156,182.3699951171875,182.38999938964844
1786067100,182.3990020751953,182.427001953125,182.38999938964844,182.4199981689453
1786067160,182.4199981689453,182.43800354003906,182.4199981689453,182.427001953125
1786067220,182.43099975585938,182.43299865722656,182.4080047607422,182.41700744628906
1786067280,182.41200256347656,182.4239959716797,182.4029998779297,182.4029998779297
1786067340,182.406005859375,182.4239959716797,182.4029998779297,182.41700744628906
1786067400,182.4149932861328,182.4320068359375,182.41400146484375,182.4250030517578
1786067460,182.4250030517578,182.4340057373047,182.41900634765625,182.41900634765625
1786067520,182.42300415039062,182.42599487304688,182.41000366210938,182.42100524902344
1786067580,182.42300415039062,182.43499755859375,182.4080047607422,182.4080047607422
1786067640,182.4080047607422,182.4219970703125,182.4080047607422,182.41299438476562
1786067700,182.41400146484375,182.4219970703125,182.406005859375,182.41099548339844
1786067760,182.406005859375,182.41299438476562,182.4010009765625,182.4080047607422
1786067820,182.40199279785156,182.4219970703125,182.40199279785156,182.41700744628906
1786067880,182.41700744628906,182.42799377441406,182.41299438476562,182.4219970703125
1786067940,182.42300415039062,182.427001953125,182.41299438476562,182.42100524902344
1786068000,182.42300415039062,182.43600463867188,182.4199981689453,182.4219970703125
1786068060,182.4239959716797,182.4409942626953,182.41799926757812,182.43499755859375
1786068120,182.43600463867188,182.46099853515625,182.4340057373047,182.4510040283203
1786068180,182.4510040283203,182.46800231933594,182.44900512695312,182.4600067138672
1786068240,182.4550018310547,182.4739990234375,182.4550018310547,182.4669952392578
1786068300,182.4600067138672,182.48300170898438,182.4530029296875,182.46499633789062
1786068360,182.46400451660156,182.47000122070312,182.4530029296875,182.45599365234375
1786068420,182.4530029296875,182.4720001220703,182.4530029296875,182.45799255371094
1786068480,182.46200561523438,182.4739990234375,182.45700073242188,182.47000122070312
1786068540,182.4739990234375,182.4810028076172,182.46499633789062,182.4759979248047
1786068600,182.47300720214844,182.48599243164062,182.46800231933594,182.4739990234375
1786068660,182.4739990234375,182.47999572753906,182.46200561523438,182.46200561523438
1786068720,182.46200561523438,182.4720001220703,182.447998046875,182.45399475097656
1786068780,182.447998046875,182.4550018310547,182.4290008544922,182.4290008544922
1786068840,182.4320068359375,182.4340057373047,182.4239959716797,182.42799377441406
1786068900,182.43099975585938,182.4429931640625,182.4250030517578,182.4429931640625
1786068960,182.43800354003906,182.4499969482422,182.42999267578125,182.43800354003906
1786069020,182.447998046875,182.45700073242188,182.44000244140625,182.447998046875
1786069080,182.447998046875,182.4530029296875,182.4429931640625,182.44500732421875
1786069140,182.4499969482422,182.46400451660156,182.447998046875,182.46200561523438
1786069200,182.45799255371094,182.46499633789062,182.447998046875,182.447998046875
1786069260,182.45199584960938,182.46200561523438,182.447998046875,182.45899963378906
1786069320,182.45799255371094,182.46200561523438,182.447998046875,182.45399475097656
1786069380,182.447998046875,182.4550018310547,182.43699645996094,182.43699645996094
1786069440,182.43699645996094,182.447998046875,182.4320068359375,182.4409942626953
1786069500,182.4409942626953,182.447998046875,182.43499755859375,182.44400024414062
1786069560,182.4429931640625,182.4530029296875,182.4429931640625,182.447998046875
1786069620,182.447998046875,182.45599365234375,182.447998046875,182.447998046875
1786069680,182.4499969482422,182.4550018310547,182.4429931640625,182.447998046875
1786069740,182.45199584960938,182.4550018310547,182.44500732421875,182.447998046875
1786069800,182.447998046875,182.45399475097656,182.42300415039062,182.4250030517578
1786069860,182.4250030517578,182.43299865722656,182.42300415039062,182.42799377441406
1786069920,182.4250030517578,182.4409942626953,182.42300415039062,182.43800354003906
1786069980,182.43800354003906,182.44000244140625,182.43299865722656,182.43299865722656
1786070040,182.43299865722656,182.44400024414062,182.43299865722656,182.43499755859375
1786070100,182.4409942626953,182.4429931640625,182.4250030517578,182.42799377441406
1786070160,182.42799377441406,182.43899536132812,182.42799377441406,182.43299865722656
1786070220,182.43299865722656,182.45199584960938,182.43299865722656,182.44500732421875
1786070280,182.44500732421875,182.45399475097656,182.43600463867188,182.4429931640625
1786070340,182.4429931640625,182.44900512695312,182.43899536132812,182.4429931640625
1786070400,182.4429931640625,182.4510040283203,182.43899536132812,182.447998046875
1786070460,182.4409942626953,182.45399475097656,182.43899536132812,182.44000244140625
1786070520,182.44000244140625,182.447998046875,182.43899536132812,182.43899536132812
1786070580,182.43899536132812,182.44400024414062,182.42799377441406,182.4320068359375
1786070640,182.42799377441406,182.44000244140625,182.42300415039062,182.43299865722656
1786070700,182.4320068359375,182.43600463867188,182.4239959716797,182.42999267578125
1786070760,182.42999267578125,182.44700622558594,182.42999267578125,182.44200134277344
1786070820,182.44200134277344,182.4600067138672,182.44200134277344,182.4550018310547
1786070880,182.4550018310547,182.468994140625,182.4550018310547,182.46800231933594
1786070940,182.46299743652344,182.47500610351562,182.46299743652344,182.4739990234375
1786071000,182.46800231933594,182.4739990234375,182.46299743652344,182.46800231933594
1786071060,182.46800231933594,182.48399353027344,182.46800231933594,182.47500610351562
1786071120,182.47500610351562,182.48300170898438,182.47000122070312,182.4720001220703
1786071180,182.4720001220703,182.47900390625,182.4669952392578,182.46800231933594
1786071240,182.4720001220703,182.4739990234375,182.46499633789062,182.46499633789062
1786071300,182.46499633789062,182.4720001220703,182.44900512695312,182.45199584960938
1786071360,182.45199584960938,182.45700073242188,182.44500732421875,182.44500732421875
1786071420,182.44500732421875,182.47000122070312,182.44500732421875,182.46200561523438
1786071480,182.46200561523438,182.48599243164062,182.46200561523438,182.47799682617188
1786071540,182.47300720214844,182.48500061035156,182.4669952392578,182.47000122070312
1786071600,182.46800231933594,182.47999572753906,182.4669952392578,182.4720001220703
1786071660,182.47000122070312,182.47900390625,182.46099853515625,182.47500610351562
1786071720,182.4770050048828,182.48199462890625,182.47000122070312,182.47900390625
1786071780,182.47900390625,182.48699951171875,182.47799682617188,182.47999572753906
1786071840,182.4810028076172,182.48599243164062,182.4720001220703,182.4720001220703
1786071900,182.4720001220703,182.4759979248047,182.46800231933594,182.47000122070312
1786071960,182.47000122070312,182.47799682617188,182.46800231933594,182.47300720214844
1786072020,182.4759979248047,182.48199462890625,182.47300720214844,182.4770050048828
1786072080,182.47300720214844,182.48399353027344,182.4720001220703,182.47900390625
1786072140,182.48199462890625,182.48500061035156,182.47500610351562,182.4759979248047
1786072200,182.47799682617188,182.48399353027344,182.4739990234375,182.4759979248047
1786072260,182.4770050048828,182.49899291992188,182.4759979248047,182.49099731445312
1786072320,182.49099731445312,182.50399780273438,182.49000549316406,182.5019989013672
1786072380,182.5019989013672,182.51499938964844,182.4980010986328,182.5050048828125
1786072440,182.5050048828125,182.51300048828125,182.5050048828125,182.50999450683594
1786072500,182.5050048828125,182.51400756835938,182.5030059814453,182.50599670410156
1786072560,182.50799560546875,182.51300048828125,182.5030059814453,182.51199340820312
1786072620,182.50599670410156,182.51499938964844,182.50599670410156,182.51199340820312
1786072680,182.51199340820312,182.51199340820312,182.50399780273438,182.50599670410156
1786072740,182.50599670410156,182.50799560546875,182.4980010986328,182.50599670410156
1786072800,182.50100708007812,182.50999450683594,182.5,182.5050048828125
1786072860,182.5050048828125,182.51699829101562,182.5050048828125,182.51199340820312
1786072920,182.51199340820312,182.51600646972656,182.5050048828125,182.5070037841797
1786072980,182.51199340820312,182.51600646972656,182.5019989013672,182.51400756835938
1786073040,182.51199340820312,182.51600646972656,182.50100708007812,182.50599670410156
1786073100,182.50100708007812,182.51199340820312,182.50100708007812,182.5030059814453
1786073160,182.5030059814453,182.50900268554688,182.50100708007812,182.5050048828125
1786073220,182.5050048828125,182.51100158691406,182.4929962158203,182.49600219726562
1786073280,182.4929962158203,182.50799560546875,182.4929962158203,182.5030059814453
1786073340,182.50399780273438,182.50900268554688,182.5019989013672,182.5030059814453
1786073400,182.5030059814453,182.51199340820312,182.5,182.5050048828125
1786073460,182.50399780273438,182.5050048828125,182.49600219726562,182.49899291992188
1786073520,182.49899291992188,182.50599670410156,182.49200439453125,182.49899291992188
1786073580,182.49899291992188,182.50900268554688,182.49899291992188,182.5019989013672
1786073640,182.5019989013672,182.50799560546875,182.49600219726562,182.5
1786073700,182.4980010986328,182.50399780273438,182.49400329589844,182.49600219726562
1786073760,182.4980010986328,182.51400756835938,182.4969940185547,182.50599670410156
1786073820,182.50399780273438,182.50999450683594,182.5030059814453,182.5050048828125
1786073880,182.50799560546875,182.50900268554688,182.49899291992188,182.5
1786073940,182.5,182.51800537109375,182.5,182.51400756835938
1786074000,182.51100158691406,182.5330047607422,182.51100158691406,182.53199768066406
1786074060,182.52999877929688,182.53700256347656,182.5229949951172,182.52499389648438
1786074120,182.5229949951172,182.53599548339844,182.52200317382812,182.52999877929688
1786074180,182.53399658203125,182.54800415039062,182.5279998779297,182.54299926757812
1786074240,182.54299926757812,182.5489959716797,182.53500366210938,182.54100036621094
1786074300,182.5449981689453,182.55299377441406,182.53700256347656,182.55299377441406
1786074360,182.5500030517578,182.55499267578125,182.54600524902344,182.552001953125
1786074420,182.54800415039062,182.5570068359375,182.54800415039062,182.552001953125
1786074480,182.552001953125,182.55499267578125,182.54800415039062,182.5500030517578
1786074540,182.5489959716797,182.5659942626953,182.54800415039062,182.55999755859375
1786074600,182.55799865722656,182.56900024414062,182.55799865722656,182.56399536132812
1786074660,182.56199645996094,182.5679931640625,182.5570068359375,182.55799865722656
1786074720,182.55799865722656,182.56300354003906,182.5449981689453,182.5500030517578
1786074780,182.54600524902344,182.5540008544922,182.5449981689453,182.54800415039062
1786074840,182.54800415039062,182.56199645996094,182.54800415039062,182.55599975585938
1786074900,182.552001953125,182.56199645996094,182.5500030517578,182.5540008544922
1786074960,182.5500030517578,182.55599975585938,182.51800537109375,182.52499389648438
1786075020,182.52200317382812,182.53599548339844,182.4969940185547,182.50999450683594
1786075080,182.5050048828125,182.55499267578125,182.5050048828125,182.54400634765625
1786075140,182.5399932861328,182.54800415039062,182.53199768066406,182.53399658203125
1786075200,182.53399658203125,182.53799438476562,182.51800537109375,182.52999877929688
1786075260,182.531005859375,182.54400634765625,182.531005859375,182.54400634765625
1786075320,182.54299926757812,182.54299926757812,182.531005859375,182.5330047607422
1786075380,182.5330047607422,182.53900146484375,182.49600219726562,182.50799560546875
1786075440,182.51100158691406,182.52699279785156,182.5,182.5240020751953
1786075500,182.52200317382812,182.52999877929688,182.51600646972656,182.52499389648438
1786075560,182.52499389648438,182.53599548339844,182.52000427246094,182.52999877929688
1786075620,182.52699279785156,182.53399658203125,182.52499389648438,182.52699279785156
1786075680,182.52699279785156,182.53599548339844,182.5240020751953,182.52999877929688
1786075740,182.52999877929688,182.53399658203125,182.5229949951172,182.5279998779297
1786075800,182.5279998779297,182.53500366210938,182.52499389648438,182.5279998779297
1786075860,182.5279998779297,182.5399932861328,182.52699279785156,182.53199768066406
1786075920,182.53199768066406,182.53900146484375,182.5260009765625,182.5330047607422
1786075980,182.5330047607422,182.54400634765625,182.52499389648438,182.5279998779297
1786076040,182.5279998779297,182.5330047607422,182.52499389648438,182.5279998779297
1786076100,182.5279998779297,182.53500366210938,182.5260009765625,182.5260009765625
1786076160,182.52699279785156,182.53599548339844,182.52699279785156,182.5279998779297
1786076220,182.5279998779297,182.53900146484375,182.5279998779297,182.53599548339844
1786076280,182.52999877929688,182.5449981689453,182.51600646972656,182.52000427246094
1786076340,182.52000427246094,182.5330047607422,182.51800537109375,182.52499389648438
1786076400,182.52499389648438,182.53199768066406,182.51600646972656,182.52999877929688
1786076460,182.52499389648438,182.53199768066406,182.52000427246094,182.52499389648438
1786076520,182.52499389648438,182.54200744628906,182.5240020751953,182.53799438476562
1786076580,182.53799438476562,182.54299926757812,182.5240020751953,182.53399658203125
1786076640,182.5279998779297,182.54299926757812,182.52699279785156,182.53799438476562
1786076700,182.53799438476562,182.54200744628906,182.52699279785156,182.5399932861328
1786076760,182.52999877929688,182.5399932861328,182.5229949951172,182.5229949951172
1786076820,182.5229949951172,182.5330047607422,182.5229949951172,182.5279998779297
1786076880,182.5279998779297,182.531005859375,182.51499938964844,182.5229949951172
1786076940,182.5229949951172,182.53199768066406,182.51300048828125,182.5290069580078
1786077000,182.5260009765625,182.53399658203125,182.51400756835938,182.5279998779297
1786077060,182.52499389648438,182.53199768066406,182.50799560546875,182.51300048828125
1786077120,182.51300048828125,182.52099609375,182.50999450683594,182.51300048828125
1786077180,182.51300048828125,182.5229949951172,182.5,182.50799560546875
1786077240,182.50799560546875,182.5189971923828,182.5030059814453,182.50999450683594
1786077300,182.5050048828125,182.5189971923828,182.5030059814453,182.51199340820312
1786077360,182.51300048828125,182.5330047607422,182.50900268554688,182.5279998779297
1786077420,182.5279998779297,182.53700256347656,182.5240020751953,182.52499389648438
1786077480,182.52499389648438,182.52999877929688,182.5229949951172,182.52499389648438
1786077540,182.5229949951172,182.54400634765625,182.5229949951172,182.53799438476562
1786077600,182.54299926757812,182.552001953125,182.53500366210938,182.54299926757812
1786077660,182.54800415039062,182.5489959716797,182.53799438476562,182.5399932861328
1786077720,182.5399932861328,182.5500030517578,182.53799438476562,182.53900146484375
1786077780,182.53799438476562,182.54600524902344,182.53700256347656,182.5399932861328
1786077840,182.5399932861328,182.54800415039062,182.53500366210938,182.54200744628906
1786077900,182.54400634765625,182.56399536132812,182.54200744628906,182.5540008544922
1786077960,182.55299377441406,182.55999755859375,182.54299926757812,182.54299926757812
1786078020,182.54600524902344,182.5469970703125,182.5279998779297,182.53199768066406
1786078080,182.5279998779297,182.53500366210938,182.5229949951172,182.53500366210938
1786078140,182.5279998779297,182.53700256347656,182.52000427246094,182.52499389648438
1786078200,182.5229949951172,182.5279998779297,182.5050048828125,182.51699829101562
1786078260,182.51699829101562,182.52699279785156,182.51199340820312,182.52099609375
1786078320,182.52000427246094,182.5260009765625,182.51199340820312,182.51699829101562
1786078380,182.51800537109375,182.53700256347656,182.51499938964844,182.53399658203125
1786078440,182.53199768066406,182.53799438476562,182.52499389648438,182.53199768066406
1786078500,182.531005859375,182.5469970703125,182.52999877929688,182.54299926757812
1786078560,182.54100036621094,182.5449981689453,182.52699279785156,182.52699279785156
1786078620,182.52699279785156,182.53199768066406,182.5189971923828,182.5240020751953
1786078680,182.52099609375,182.52999877929688,182.51300048828125,182.52000427246094
1786078740,182.51300048828125,182.52000427246094,182.5070037841797,182.5070037841797
1786078800,182.5070037841797,182.5229949951172,182.50399780273438,182.51800537109375
1786078860,182.51800537109375,182.5229949951172,182.50599670410156,182.50999450683594
1786078920,182.51400756835938,182.5189971923828,182.51100158691406,182.51300048828125
1786078980,182.51300048828125,182.51699829101562,182.51100158691406,182.51400756835938
1786079040,182.51600646972656,182.51800537109375,182.4980010986328,182.4980010986328
1786079100,182.4980010986328,182.50399780273438,182.49200439453125,182.49200439453125
1786079160,182.49200439453125,182.5030059814453,182.48199462890625,182.4969940185547
1786079220,182.4969940185547,182.51300048828125,182.4969940185547,182.5070037841797
1786079280,182.5030059814453,182.51100158691406,182.5030059814453,182.5050048828125
1786079340,182.5030059814453,182.51100158691406,182.5030059814453,182.50999450683594
1786079400,182.50799560546875,182.51699829101562,182.5050048828125,182.50999450683594
1786079460,182.50799560546875,182.51699829101562,182.50799560546875,182.51300048828125
1786079520,182.51300048828125,182.52200317382812,182.49899291992188,182.5050048828125
1786079580,182.50100708007812,182.51199340820312,182.50100708007812,182.50799560546875
1786079640,182.50599670410156,182.51699829101562,182.50100708007812,182.51300048828125
1786079700,182.51499938964844,182.52499389648438,182.51300048828125,182.51600646972656
1786079760,182.51699829101562,182.52699279785156,182.51699829101562,182.51800537109375
1786079820,182.52200317382812,182.53599548339844,182.51600646972656,182.52099609375
1786079880,182.52099609375,182.52699279785156,182.52000427246094,182.5240020751953
1786079940,182.5240020751953,182.52699279785156,182.52099609375,182.5260009765625
1786080000,182.5240020751953,182.52699279785156,182.50999450683594,182.50999450683594
1786080060,182.50999450683594,182.51499938964844,182.4949951171875,182.4980010986328
1786080120,182.4949951171875,182.50100708007812,182.4929962158203,182.4949951171875
1786080180,182.4949951171875,182.5019989013672,182.48800659179688,182.49000549316406
1786080240,182.49099731445312,182.4949951171875,182.48699951171875,182.49000549316406
1786080300,182.49000549316406,182.5050048828125,182.48800659179688,182.49600219726562
1786080360,182.49600219726562,182.50100708007812,182.48699951171875,182.48699951171875
1786080420,182.48699951171875,182.49400329589844,182.48699951171875,182.49200439453125
1786080480,182.48899841308594,182.4929962158203,182.48500061035156,182.48599243164062
1786080540,182.48599243164062,182.48899841308594,182.47300720214844,182.4739990234375
1786080600,182.47799682617188,182.4810028076172,182.46400451660156,182.4720001220703
1786080660,182.4720001220703,182.49099731445312,182.468994140625,182.47300720214844
1786080720,182.468994140625,182.4770050048828,182.4669952392578,182.4720001220703
1786080780,182.468994140625,182.47999572753906,182.46200561523438,182.4759979248047
1786080840,182.4759979248047,182.48300170898438,182.47300720214844,182.48300170898438
1786080900,182.47999572753906,182.49099731445312,182.47999572753906,182.48399353027344
1786080960,182.48399353027344,182.49400329589844,182.4810028076172,182.48699951171875
1786081020,182.49000549316406,182.49400329589844,182.47999572753906,182.48899841308594
1786081080,182.48899841308594,182.50100708007812,182.48800659179688,182.4929962158203
1786081140,182.49600219726562,182.50100708007812,182.49200439453125,182.4949951171875
1786081200,182.4949951171875,182.5030059814453,182.49000549316406,182.5019989013672
1786081260,182.4980010986328,182.5030059814453,182.4810028076172,182.48199462890625
1786081320,182.48199462890625,182.4980010986328,182.47900390625,182.4969940185547
1786081380,182.4980010986328,182.5,182.48599243164062,182.48800659179688
1786081440,182.48800659179688,182.4929962158203,182.48800659179688,182.48800659179688
1786081500,182.48800659179688,182.49099731445312,182.47799682617188,182.47900390625
1786081560,182.47900390625,182.48399353027344,182.47000122070312,182.47000122070312
1786081620,182.47000122070312,182.47799682617188,182.4669952392578,182.4759979248047
1786081680,182.47300720214844,182.47999572753906,182.46499633789062,182.4739990234375
1786081740,182.4739990234375,182.49099731445312,182.47300720214844,182.49000549316406
1786081800,182.48699951171875,182.4980010986328,182.48199462890625,182.48199462890625
1786081860,182.48300170898438,182.48899841308594,182.4759979248047,182.4759979248047
1786081920,182.4770050048828,182.48399353027344,182.47500610351562,182.48300170898438
1786081980,182.47900390625,182.48899841308594,182.47799682617188,182.4810028076172
1786082040,182.4810028076172,182.4949951171875,182.4759979248047,182.49200439453125
1786082100,182.49000549316406,182.4929962158203,182.46499633789062,182.46499633789062
1786082160,182.46499633789062,182.47300720214844,182.46499633789062,182.47000122070312
1786082220,182.46800231933594,182.4739990234375,182.4550018310547,182.45799255371094
1786082280,182.4600067138672,182.46200561523438,182.4429931640625,182.44700622558594
1786082340,182.44700622558594,182.44700622558594,182.42799377441406,182.42999267578125
1786082400,182.43800354003906,182.45899963378906,182.41700744628906,182.45399475097656
1786082460,182.45199584960938,182.45599365234375,182.4290008544922,182.4290008544922
1786082520,182.4290008544922,182.43499755859375,182.41799926757812,182.41900634765625
1786082580,182.41900634765625,182.42999267578125,182.41299438476562,182.42100524902344
1786082640,182.4199981689453,182.4290008544922,182.40699768066406,182.40899658203125
1786082700,182.40899658203125,182.41600036621094,182.40199279785156,182.41000366210938
1786082760,182.41400146484375,182.45599365234375,182.41000366210938,182.45399475097656
1786082820,182.45399475097656,182.4720001220703,182.44900512695312,182.45599365234375
1786082880,182.4510040283203,182.45799255371094,182.44200134277344,182.4459991455078
1786082940,182.44700622558594,182.4530029296875,182.43899536132812,182.44900512695312
1786083000,182.4499969482422,182.46400451660156,182.44900512695312,182.45799255371094
1786083060,182.45799255371094,182.46600341796875,182.45599365234375,182.46200561523438
1786083120,182.45899963378906,182.46200561523438,182.44500732421875,182.44500732421875
1786083180,182.44700622558594,182.447998046875,182.4340057373047,182.44500732421875
1786083240,182.44500732421875,182.44500732421875,182.42799377441406,182.4340057373047
1786083300,182.4340057373047,182.43899536132812,182.41700744628906,182.43499755859375
1786083360,182.4340057373047,182.43600463867188,182.41700744628906,182.41799926757812
1786083420,182.41799926757812,182.4219970703125,182.41600036621094,182.42100524902344
1786083480,182.41799926757812,182.42300415039062,182.40899658203125,182.41200256347656
1786083540,182.41000366210938,182.43299865722656,182.41000366210938,182.4290008544922
1786083600,182.4290008544922,182.42999267578125,182.41600036621094,182.4219970703125
1786083660,182.4219970703125,182.4429931640625,182.4219970703125,182.44000244140625
1786083720,182.44000244140625,182.4409942626953,182.42300415039062,182.43099975585938
1786083780,182.43099975585938,182.44900512695312,182.43099975585938,182.44000244140625
1786083840,182.44000244140625,182.45599365234375,182.44000244140625,182.4499969482422
1786083900,182.4499969482422,182.45399475097656,182.43499755859375,182.45199584960938
1786083960,182.45599365234375,182.45599365234375,182.43800354003906,182.43899536132812
1786084020,182.43899536132812,182.4530029296875,182.43800354003906,182.447998046875
1786084080,182.4459991455078,182.44900512695312,182.43099975585938,182.43600463867188
1786084140,182.4340057373047,182.44700622558594,182.43099975585938,182.43099975585938
1786084200,182.43099975585938,182.44200134277344,182.4239959716797,182.42799377441406
1786084260,182.42799377441406,182.43099975585938,182.41200256347656,182.41900634765625
1786084320,182.4219970703125,182.42599487304688,182.41000366210938,182.41799926757812
1786084380,182.41400146484375,182.42300415039062,182.4040069580078,182.41000366210938
1786084440,182.41400146484375,182.43699645996094,182.40699768066406,182.41799926757812
1786084500,182.41799926757812,182.43800354003906,182.41799926757812,182.43499755859375
1786084560,182.43499755859375,182.46299743652344,182.4340057373047,182.4510040283203
1786084620,182.4510040283203,182.46099853515625,182.44200134277344,182.4550018310547
1786084680,182.4550018310547,182.46400451660156,182.45199584960938,182.46200561523438
1786084740,182.4550018310547,182.46299743652344,182.4499969482422,182.4600067138672
1786084800,182.45799255371094,182.46600341796875,182.45199584960938,182.4550018310547
1786084860,182.4550018310547,182.4600067138672,182.4290008544922,182.4290008544922
1786084920,182.42999267578125,182.43699645996094,182.41000366210938,182.41700744628906
1786084980,182.41200256347656,182.42100524902344,182.40499877929688,182.41600036621094
1786085040,182.4149932861328,182.4239959716797,182.40499877929688,182.4080047607422
1786085100,182.41200256347656,182.44400024414062,182.40699768066406,182.44200134277344
1786085160,182.43800354003906,182.44700622558594,182.42799377441406,182.43299865722656
1786085220,182.4320068359375,182.45399475097656,182.42799377441406,182.4510040283203
1786085280,182.4510040283203,182.47000122070312,182.4499969482422,182.4669952392578
1786085340,182.4669952392578,182.47300720214844,182.45399475097656,182.46600341796875
1786085400,182.46600341796875,182.47300720214844,182.45599365234375,182.46800231933594
1786085460,182.46800231933594,182.4759979248047,182.45799255371094,182.46400451660156
1786085520,182.46600341796875,182.47900390625,182.46200561523438,182.4770050048828
1786085580,182.4759979248047,182.47900390625,182.46299743652344,182.47000122070312
1786085640,182.4669952392578,182.4770050048828,182.45599365234375,182.46200561523438
1786085700,182.45799255371094,182.47500610351562,182.4550018310547,182.45599365234375
1786085760,182.45599365234375,182.46299743652344,182.44700622558594,182.4530029296875
1786085820,182.4499969482422,182.45199584960938,182.43099975585938,182.43099975585938
1786085880,182.43099975585938,182.4459991455078,182.4239959716797,182.43899536132812
1786085940,182.43899536132812,182.48199462890625,182.43499755859375,182.47000122070312
1786086000,182.468994140625,182.4759979248047,182.44400024414062,182.4550018310547
1786086060,182.4550018310547,182.46200561523438,182.4250030517578,182.42999267578125
1786086120,182.42999267578125,182.44200134277344,182.427001953125,182.44000244140625
1786086180,182.43899536132812,182.44400024414062,182.4199981689453,182.4290008544922
1786086240,182.4290008544922,182.4340057373047,182.41000366210938,182.41000366210938
1786086300,182.41000366210938,182.41299438476562,182.39700317382812,182.39999389648438
1786086360,182.39999389648438,182.41700744628906,182.3939971923828,182.40699768066406
1786086420,182.41000366210938,182.4429931640625,182.40699768066406,182.43699645996094
1786086480,182.43699645996094,182.4459991455078,182.43099975585938,182.43800354003906
1786086540,182.4340057373047,182.4429931640625,182.41299438476562,182.41600036621094
1786086600,182.41700744628906,182.46400451660156,182.41700744628906,182.46299743652344
1786086660,182.4550018310547,182.4739990234375,182.4550018310547,182.4669952392578
1786086720,182.4739990234375,182.4770050048828,182.45599365234375,182.46200561523438
1786086780,182.45799255371094,182.46400451660156,182.4320068359375,182.44500732421875
1786086840,182.4459991455078,182.45599365234375,182.43800354003906,182.44200134277344
1786086900,182.44200134277344,182.46800231933594,182.4409942626953,182.46200561523438
1786086960,182.4600067138672,182.4669952392578,182.44200134277344,182.46099853515625
1786087020,182.46099853515625,182.47300720214844,182.45799255371094,182.46200561523438
1786087080,182.4669952392578,182.468994140625,182.4530029296875,182.4550018310547
1786087140,182.45799255371094,182.4669952392578,182.4459991455078,182.46200561523438
1786087200,182.46200561523438,182.46600341796875,182.45199584960938,182.46200561523438
1786087260,182.46400451660156,182.468994140625,182.4550018310547,182.46600341796875
1786087320,182.46600341796875,182.49600219726562,182.46499633789062,182.48500061035156
1786087380,182.48500061035156,182.5,182.48199462890625,182.4929962158203
1786087440,182.49400329589844,182.4969940185547,182.48500061035156,182.49600219726562
1786087500,182.49400329589844,182.51300048828125,182.4929962158203,182.5070037841797
1786087560,182.5070037841797,182.51499938964844,182.5,182.50100708007812
1786087620,182.5019989013672,182.5070037841797,182.49000549316406,182.5
1786087680,182.49899291992188,182.51499938964844,182.49600219726562,182.50599670410156
1786087740,182.50599670410156,182.51400756835938,182.48899841308594,182.49400329589844
1786087800,182.49400329589844,182.50900268554688,182.49200439453125,182.5030059814453
1786087860,182.5030059814453,182.51600646972656,182.49600219726562,182.51199340820312
1786087920,182.50999450683594,182.53599548339844,182.50599670410156,182.531005859375
1786087980,182.52999877929688,182.5330047607422,182.51300048828125,182.52099609375
1786088040,182.52000427246094,182.5260009765625,182.50900268554688,182.51300048828125
1786088100,182.51400756835938,182.51800537109375,182.5,182.50599670410156
1786088160,182.5019989013672,182.52200317382812,182.50100708007812,182.51800537109375
1786088220,182.51800537109375,182.5279998779297,182.50999450683594,182.51600646972656
1786088280,182.51600646972656,182.52000427246094,182.4929962158203,182.4949951171875
1786088340,182.4949951171875,182.5,182.48500061035156,182.48800659179688
1786088400,182.48800659179688,182.4929962158203,182.47999572753906,182.48699951171875
1786088460,182.48699951171875,182.4949951171875,182.4759979248047,182.48500061035156
1786088520,182.47799682617188,182.4980010986328,182.468994140625,182.4949951171875
1786088580,182.4949951171875,182.5,182.4709930419922,182.47500610351562
1786088640,182.47500610351562,182.49400329589844,182.47500610351562,182.48699951171875
1786088700,182.48699951171875,182.50999450683594,182.47999572753906,182.4949951171875
1786088760,182.4949951171875,182.51499938964844,182.48699951171875,182.5019989013672
1786088820,182.5019989013672,182.52200317382812,182.5019989013672,182.51800537109375
1786088880,182.51800537109375,182.5240020751953,182.5,182.50100708007812
1786088940,182.50100708007812,182.51600646972656,182.50100708007812,182.51199340820312
1786089000,182.51199340820312,182.5330047607422,182.51199340820312,182.52999877929688
1786089060,182.52499389648438,182.53799438476562,182.52499389648438,182.53199768066406
1786089120,182.53700256347656,182.5709991455078,182.52999877929688,182.56300354003906
1786089180,182.56399536132812,182.5780029296875,182.55799865722656,182.572998046875
1786089240,182.5709991455078,182.57400512695312,182.5570068359375,182.5679931640625
1786089300,182.5709991455078,182.5850067138672,182.56500244140625,182.57200622558594
1786089360,182.57000732421875,182.58299255371094,182.56399536132812,182.56900024414062
1786089420,182.5679931640625,182.58200073242188,182.56500244140625,182.57000732421875
1786089480,182.5749969482422,182.57699584960938,182.55499267578125,182.55499267578125
1786089540,182.55799865722656,182.5590057373047,182.52499389648438,182.52499389648438
1786089600,182.5330047607422,182.5330047607422,182.51300048828125,182.52499389648438
1786089660,182.52499389648438,182.53399658203125,182.51400756835938,182.5260009765625
1786089720,182.52499389648438,182.5399932861328,182.51800537109375,182.53399658203125
1786089780,182.5279998779297,182.53799438476562,182.51300048828125,182.51499938964844
1786089840,182.52000427246094,182.53399658203125,182.51499938964844,182.52499389648438
1786089900,182.52999877929688,182.53900146484375,182.52000427246094,182.52699279785156
1786089960,182.52699279785156,182.54400634765625,182.52499389648438,182.53799438476562
1786090020,182.53799438476562,182.54200744628906,182.5279998779297,182.53199768066406
1786090080,182.53199768066406,182.53900146484375,182.5229949951172,182.52699279785156
1786090140,182.5290069580078,182.53500366210938,182.52200317382812,182.5229949951172
1786090200,182.5229949951172,182.53199768066406,182.52099609375,182.52200317382812
1786090260,182.52499389648438,182.52999877929688,182.51600646972656,182.52000427246094
1786090320,182.52000427246094,182.52200317382812,182.50999450683594,182.51300048828125
1786090380,182.51499938964844,182.52999877929688,182.51300048828125,182.5240020751953
1786090440,182.52000427246094,182.54200744628906,182.51800537109375,182.5399932861328
1786090500,182.53700256347656,182.56199645996094,182.53700256347656,182.55799865722656
1786090560,182.55799865722656,182.56500244140625,182.5500030517578,182.55499267578125
1786090620,182.55299377441406,182.5540008544922,182.53500366210938,182.54200744628906
1786090680,182.54200744628906,182.56199645996094,182.54100036621094,182.55799865722656
1786090740,182.55799865722656,182.57000732421875,182.55799865722656,182.56300354003906
1786090800,182.56300354003906,182.56900024414062,182.5489959716797,182.55299377441406
1786090860,182.55299377441406,182.56300354003906,182.5449981689453,182.55299377441406
1786090920,182.55299377441406,182.56100463867188,182.5399932861328,182.54600524902344
1786090980,182.54299926757812,182.55099487304688,182.53900146484375,182.54400634765625
1786091040,182.54299926757812,182.552001953125,182.53500366210938,182.5399932861328
1786091100,182.5399932861328,182.5489959716797,182.53599548339844,182.54200744628906
1786091160,182.53799438476562,182.54299926757812,182.51800537109375,182.5279998779297
1786091220,182.52499389648438,182.53500366210938,182.52499389648438,182.531005859375
1786091280,182.53199768066406,182.5449981689453,182.52499389648438,182.53700256347656
1786091340,182.53500366210938,182.54299926757812,182.5279998779297,182.5279998779297
1786091400,182.52499389648438,182.5290069580078,182.52000427246094,182.5229949951172
1786091460,182.5229949951172,182.5330047607422,182.52000427246094,182.5260009765625
1786091520,182.5260009765625,182.55099487304688,182.5229949951172,182.54800415039062
1786091580,182.54800415039062,182.5540008544922,182.5399932861328,182.5449981689453
1786091640,182.5449981689453,182.55299377441406,182.53700256347656,182.54200744628906
1786091700,182.5399932861328,182.5489959716797,182.52999877929688,182.53199768066406
1786091760,182.53199768066406,182.54400634765625,182.5240020751953,182.5279998779297
1786091820,182.5279998779297,182.53599548339844,182.51600646972656,182.52200317382812
1786091880,182.52200317382812,182.52699279785156,182.49000549316406,182.50999450683594
1786091940,182.51199340820312,182.5189971923828,182.4980010986328,182.50399780273438
1786092000,182.5019989013672,182.51199340820312,182.48399353027344,182.50599670410156
1786092060,182.50599670410156,182.5189971923828,182.5030059814453,182.51100158691406
1786092120,182.5070037841797,182.5189971923828,182.5070037841797,182.51499938964844
1786092180,182.50999450683594,182.5189971923828,182.5050048828125,182.51300048828125
1786092240,182.51600646972656,182.531005859375,182.51300048828125,182.52200317382812
1786092300,182.52200317382812,182.53900146484375,182.51100158691406,182.51600646972656
1786092360,182.51199340820312,182.5229949951172,182.51199340820312,182.51499938964844
1786092420,182.51600646972656,182.52699279785156,182.50999450683594,182.52099609375
1786092480,182.51699829101562,182.52000427246094,182.48399353027344,182.4929962158203
1786092540,182.49000549316406,182.5019989013672,182.48899841308594,182.49899291992188
1786092600,182.49600219726562,182.51499938964844,182.4949951171875,182.50799560546875
1786092660,182.50799560546875,182.53500366210938,182.50799560546875,182.52200317382812
1786092720,182.52200317382812,182.5399932861328,182.52000427246094,182.5290069580078
1786092780,182.5290069580078,182.54400634765625,182.5279998779297,182.5330047607422
1786092840,182.5330047607422,182.53599548339844,182.4929962158203,182.4929962158203
1786092900,182.49400329589844,182.5019989013672,182.47999572753906,182.5019989013672
1786092960,182.49600219726562,182.51800537109375,182.4949951171875,182.5050048828125
1786093020,182.50799560546875,182.53399658203125,182.5030059814453,182.51800537109375
1786093080,182.51199340820312,182.531005859375,182.51199340820312,182.5279998779297
1786093140,182.52499389648438,182.531005859375,182.5,182.5070037841797
1786093200,182.5050048828125,182.5189971923828,182.4969940185547,182.50999450683594
1786093260,182.50900268554688,182.51600646972656,182.5019989013672,182.50900268554688
1786093320,182.5070037841797,182.531005859375,182.5070037841797,182.5229949951172
1786093380,182.5229949951172,182.5330047607422,182.50799560546875,182.52000427246094
1786093440,182.51499938964844,182.54299926757812,182.51499938964844,182.52699279785156
1786093500,182.52699279785156,182.54400634765625,182.5240020751953,182.52699279785156
1786093560,182.52699279785156,182.53799438476562,182.52699279785156,182.531005859375
1786093620,182.531005859375,182.53599548339844,182.49600219726562,182.5030059814453
1786093680,182.50399780273438,182.5290069580078,182.50399780273438,182.52200317382812
1786093740,182.52099609375,182.54299926757812,182.51800537109375,182.52999877929688
1786093800,182.53399658203125,182.5449981689453,182.52099609375,182.5290069580078
1786093860,182.5240020751953,182.5489959716797,182.5229949951172,182.5449981689453
1786093920,182.54299926757812,182.56199645996094,182.53799438476562,182.55599975585938
1786093980,182.5500030517578,182.56300354003906,182.5500030517578,182.55499267578125
1786094040,182.55499267578125,182.5800018310547,182.55499267578125,182.5749969482422
1786094100,182.5749969482422,182.58900451660156,182.57200622558594,182.57699584960938
1786094160,182.57699584960938,182.58399963378906,182.5659942626953,182.57699584960938
1786094220,182.57699584960938,182.58700561523438,182.57400512695312,182.5800018310547
1786094280,182.57699584960938,182.58299255371094,182.57000732421875,182.5760040283203
1786094340,182.5760040283203,182.58299255371094,182.57000732421875,182.57200622558594
1786094400,182.57200622558594,182.58299255371094,182.57200622558594,182.5760040283203
1786094460,182.5760040283203,182.58599853515625,182.57400512695312,182.5850067138672
1786094520,182.58399963378906,182.5850067138672,182.56300354003906,182.56500244140625
1786094580,182.5659942626953,182.58700561523438,182.56300354003906,182.58299255371094
1786094640,182.58399963378906,182.5919952392578,182.57899475097656,182.58099365234375
1786094700,182.58099365234375,182.59300231933594,182.572998046875,182.58200073242188
1786094760,182.5800018310547,182.58700561523438,182.572998046875,182.57699584960938
1786094820,182.57699584960938,182.58099365234375,182.5590057373047,182.56100463867188
1786094880,182.5659942626953,182.56700134277344,182.54400634765625,182.5449981689453
1786094940,182.5500030517578,182.55999755859375,182.5449981689453,182.54800415039062
1786095000,182.54800415039062,182.552001953125,182.52999877929688,182.53500366210938
1786095060,182.53500366210938,182.53799438476562,182.52099609375,182.52499389648438
1786095120,182.52499389648438,182.5330047607422,182.52200317382812,182.5330047607422
1786095180,182.52699279785156,182.53700256347656,182.52499389648438,182.53399658203125
1786095240,182.5279998779297,182.53500366210938,182.51499938964844,182.5279998779297
1786095300,182.5229949951172,182.5330047607422,182.52000427246094,182.5229949951172
1786095360,182.5279998779297,182.53700256347656,182.52000427246094,182.5279998779297
1786095420,182.52999877929688,182.5330047607422,182.51300048828125,182.51800537109375
1786095480,182.51800537109375,182.5229949951172,182.51600646972656,182.51699829101562
1786095540,182.51600646972656,182.5260009765625,182.51600646972656,182.52200317382812
1786095600,182.5189971923828,182.52699279785156,182.51499938964844,182.51699829101562
1786095660,182.51699829101562,182.5279998779297,182.50799560546875,182.52000427246094
1786095720,182.52000427246094,182.53500366210938,182.52000427246094,182.53399658203125
1786095780,182.52999877929688,182.54600524902344,182.52699279785156,182.53500366210938
1786095840,182.53500366210938,182.552001953125,182.5290069580078,182.53799438476562
1786095900,182.53799438476562,182.55099487304688,182.53500366210938,182.53500366210938
1786095960,182.53500366210938,182.5570068359375,182.53500366210938,182.5449981689453
1786096020,182.552001953125,182.55599975585938,182.53900146484375,182.54299926757812
1786096080,182.54299926757812,182.55799865722656,182.54299926757812,182.5449981689453
1786096140,182.5449981689453,182.57200622558594,182.5449981689453,182.56500244140625
1786096200,182.56500244140625,182.58099365234375,182.55999755859375,182.5800018310547
1786096260,182.572998046875,182.58200073242188,182.5659942626953,182.57200622558594
1786096320,182.5709991455078,182.58900451660156,182.56900024414062,182.58099365234375
1786096380,182.58200073242188,182.59500122070312,182.57400512695312,182.57899475097656
1786096440,182.5780029296875,182.58599853515625,182.5749969482422,182.5850067138672
1786096500,182.58399963378906,182.58999633789062,182.572998046875,182.57699584960938
1786096560,182.57699584960938,182.58399963378906,182.56900024414062,182.57200622558594
1786096620,182.57000732421875,182.57200622558594,182.5570068359375,182.5590057373047
1786096680,182.5590057373047,182.5919952392578,182.55799865722656,182.58299255371094
1786096740,182.5850067138672,182.58799743652344,182.56500244140625,182.5709991455078
1786096800,182.57200622558594,182.58700561523438,182.5679931640625,182.5800018310547
1786096860,182.58200073242188,182.5850067138672,182.56900024414062,182.57000732421875
1786096920,182.57000732421875,182.58799743652344,182.57000732421875,182.58599853515625
1786096980,182.5850067138672,182.58700561523438,182.57000732421875,182.5709991455078
1786097040,182.5709991455078,182.593994140625,182.5709991455078,182.58700561523438
1786097100,182.58799743652344,182.59300231933594,182.5749969482422,182.58599853515625
1786097160,182.58200073242188,182.58999633789062,182.5780029296875,182.5780029296875
1786097220,182.5780029296875,182.58700561523438,182.56700134277344,182.56700134277344
1786097280,182.56700134277344,182.5760040283203,182.56100463867188,182.5659942626953
1786097340,182.5659942626953,182.58200073242188,182.56199645996094,182.57699584960938
1786097400,182.5800018310547,182.58399963378906,182.56500244140625,182.5760040283203
1786097460,182.5760040283203,182.58200073242188,182.56199645996094,182.56300354003906
1786097520,182.56300354003906,182.572998046875,182.56300354003906,182.56300354003906
1786097580,182.56300354003906,182.5760040283203,182.55999755859375,182.56500244140625
1786097640,182.56500244140625,182.57000732421875,182.5540008544922,182.56500244140625
1786097700,182.55999755859375,182.59300231933594,182.5570068359375,182.59300231933594
1786097760,182.59300231933594,182.593994140625,182.58399963378906,182.58799743652344
1786097820,182.58999633789062,182.59100341796875,182.57400512695312,182.5749969482422
1786097880,182.5749969482422,182.58200073242188,182.56300354003906,182.56300354003906
1786097940,182.56300354003906,182.58200073242188,182.56300354003906,182.58200073242188
1786098000,182.5749969482422,182.5959930419922,182.5749969482422,182.5959930419922
1786098060,182.5919952392578,182.5959930419922,182.58900451660156,182.5959930419922
1786098120,182.59500122070312,182.60299682617188,182.58999633789062,182.593994140625
1786098180,182.58999633789062,182.60800170898438,182.58999633789062,182.60800170898438
1786098240,182.6020050048828,182.61500549316406,182.59800720214844,182.60800170898438
1786098300,182.60800170898438,182.61700439453125,182.5989990234375,182.60699462890625
1786098360,182.60299682617188,182.6060028076172,182.58900451660156,182.5970001220703
1786098420,182.59300231933594,182.60000610351562,182.58299255371094,182.58700561523438
1786098480,182.58599853515625,182.5959930419922,182.5850067138672,182.58799743652344
1786098540,182.58799743652344,182.60699462890625,182.58399963378906,182.60400390625
1786098600,182.60400390625,182.61000061035156,182.59300231933594,182.59800720214844
1786098660,182.59500122070312,182.6009979248047,182.5749969482422,182.5919952392578
1786098720,182.5919952392578,182.60299682617188,182.58299255371094,182.59300231933594
1786098780,182.58700561523438,182.60800170898438,182.58700561523438,182.5989990234375
1786098840,182.60000610351562,182.61099243164062,182.593994140625,182.59500122070312
1786098900,182.5970001220703,182.59800720214844,182.56500244140625,182.57000732421875
1786098960,182.57000732421875,182.58099365234375,182.53799438476562,182.54800415039062
1786099020,182.552001953125,182.56500244140625,182.54200744628906,182.5590057373047
1786099080,182.5590057373047,182.56700134277344,182.5540008544922,182.55499267578125
1786099140,182.55999755859375,182.5659942626953,182.48300170898438,182.51400756835938
1786099200,182.51400756835938,182.51400756835938,182.46099853515625,182.46800231933594
1786099260,182.46200561523438,182.46600341796875,182.41200256347656,182.41299438476562
1786099320,182.41299438476562,182.4499969482422,182.41299438476562,182.4429931640625
1786099380,182.44200134277344,182.45599365234375,182.4250030517578,182.4459991455078
1786099440,182.44400024414062,182.46800231933594,182.4429931640625,182.4600067138672
1786099500,182.4600067138672,182.46400451660156,182.45399475097656,182.4550018310547
1786099560,182.45599365234375,182.46299743652344,182.44400024414062,182.45399475097656
1786099620,182.45700073242188,182.4770050048828,182.45399475097656,182.468994140625
1786099680,182.4669952392578,182.4720001220703,182.45599365234375,182.46600341796875
1786099740,182.46299743652344,182.48399353027344,182.46299743652344,182.47300720214844
1786099800,182.47300720214844,182.4929962158203,182.4720001220703,182.48399353027344
1786099860,182.48599243164062,182.50999450683594,182.47799682617188,182.48800659179688
1786099920,182.47999572753906,182.50399780273438,182.47999572753906,182.4949951171875
1786099980,182.4949951171875,182.51600646972656,182.4929962158203,182.50799560546875
1786100040,182.5070037841797,182.51400756835938,182.49200439453125,182.5070037841797
1786100100,182.5019989013672,182.51300048828125,182.50100708007812,182.51300048828125
1786100160,182.51400756835938,182.5189971923828,182.5019989013672,182.5030059814453
1786100220,182.50399780273438,182.51199340820312,182.48800659179688,182.48800659179688
1786100280,182.48800659179688,182.5019989013672,182.47999572753906,182.48300170898438
1786100340,182.48300170898438,182.48500061035156,182.47000122070312,182.48300170898438
1786100400,182.4810028076172,182.50900268554688,182.47999572753906,182.50900268554688
1786100460,182.5070037841797,182.51600646972656,182.49899291992188,182.51400756835938
1786100520,182.50599670410156,182.51400756835938,182.4969940185547,182.50100708007812
1786100580,182.50100708007812,182.51400756835938,182.4980010986328,182.50799560546875
1786100640,182.5050048828125,182.51400756835938,182.4720001220703,182.4739990234375
1786100700,182.47500610351562,182.49000549316406,182.46299743652344,182.4759979248047
1786100760,182.4770050048828,182.48199462890625,182.46200561523438,182.4739990234375
1786100820,182.47500610351562,182.47999572753906,182.46600341796875,182.47799682617188
1786100880,182.47799682617188,182.48300170898438,182.47500610351562,182.4770050048828
1786100940,182.47799682617188,182.49899291992188,182.4759979248047,182.49600219726562
1786101000,182.4949951171875,182.51100158691406,182.49000549316406,182.50799560546875
1786101060,182.5070037841797,182.51400756835938,182.48699951171875,182.48800659179688
1786101120,182.4929962158203,182.50799560546875,182.48300170898438,182.49899291992188
1786101180,182.5,182.5189971923828,182.4980010986328,182.5050048828125
1786101240,182.50399780273438,182.52699279785156,182.5,182.51199340820312
1786101300,182.51400756835938,182.53700256347656,182.51400756835938,182.52099609375
1786101360,182.52200317382812,182.53399658203125,182.51699829101562,182.5290069580078
1786101420,182.52999877929688,182.54100036621094,182.5279998779297,182.5330047607422
1786101480,182.5330047607422,182.53700256347656,182.5279998779297,182.53199768066406
1786101540,182.5290069580078,182.5449981689453,182.5279998779297,182.53799438476562
1786101600,182.54200744628906,182.5540008544922,182.53799438476562,182.54200744628906
1786101660,182.5449981689453,182.55299377441406,182.53900146484375,182.5399932861328
1786101720,182.5399932861328,182.55099487304688,182.53399658203125,182.54400634765625
1786101780,182.54400634765625,182.552001953125,182.53799438476562,182.54400634765625
1786101840,182.54299926757812,182.5469970703125,182.52999877929688,182.53799438476562
1786101900,182.53799438476562,182.55499267578125,182.53799438476562,182.54600524902344
1786101960,182.54600524902344,182.552001953125,182.53199768066406,182.53599548339844
1786102020,182.53599548339844,182.5449981689453,182.52999877929688,182.53500366210938
1786102080,182.53500366210938,182.54800415039062,182.53399658203125,182.5449981689453
1786102140,182.54100036621094,182.5540008544922,182.53399658203125,182.55299377441406
1786102200,182.54800415039062,182.5540008544922,182.54299926757812,182.5489959716797
1786102260,182.5489959716797,182.55599975585938,182.54299926757812,182.55599975585938
1786102320,182.552001953125,182.56199645996094,182.53799438476562,182.53799438476562
1786102380,182.54299926757812,182.57000732421875,182.53799438476562,182.5659942626953
1786102440,182.56500244140625,182.56900024414062,182.552001953125,182.5570068359375
1786102500,182.5570068359375,182.5590057373047,182.5449981689453,182.5500030517578
1786102560,182.5500030517578,182.5540008544922,182.54299926757812,182.54800415039062
1786102620,182.54800415039062,182.55599975585938,182.53799438476562,182.5489959716797
1786102680,182.5489959716797,182.5760040283203,182.5469970703125,182.57000732421875
1786102740,182.57000732421875,182.57899475097656,182.56700134277344,182.57899475097656
1786102800,182.57000732421875,182.5850067138672,182.57000732421875,182.58200073242188
1786102860,182.58299255371094,182.58700561523438,182.5279998779297,182.55799865722656
1786102920,182.55599975585938,182.57200622558594,182.54400634765625,182.5679931640625
1786102980,182.56900024414062,182.58799743652344,182.56300354003906,182.5709991455078
1786103040,182.5709991455078,182.59300231933594,182.5709991455078,182.58999633789062
1786103100,182.58599853515625,182.5989990234375,182.58599853515625,182.58799743652344
1786103160,182.58799743652344,182.5970001220703,182.58799743652344,182.59500122070312
1786103220,182.59500122070312,182.60000610351562,182.58200073242188,182.58200073242188
1786103280,182.58099365234375,182.58999633789062,182.57000732421875,182.58700561523438
1786103340,182.58700561523438,182.6009979248047,182.58200073242188,182.593994140625
1786103400,182.593994140625,182.5970001220703,182.5780029296875,182.58299255371094
1786103460,182.58299255371094,182.5970001220703,182.5800018310547,182.58200073242188
1786103520,182.58299255371094,182.6020050048828,182.58200073242188,182.58299255371094
1786103580,182.58799743652344,182.59300231933594,182.55599975585938,182.56199645996094
1786103640,182.56199645996094,182.57000732421875,182.55799865722656,182.55799865722656
1786103700,182.56300354003906,182.5800018310547,182.5500030517578,182.5760040283203
1786103760,182.5760040283203,182.593994140625,182.5709991455078,182.5919952392578
1786103820,182.593994140625,182.60000610351562,182.58799743652344,182.5989990234375
1786103880,182.59300231933594,182.60400390625,182.58900451660156,182.58900451660156
1786103940,182.58999633789062,182.60699462890625,182.58999633789062,182.6060028076172
1786104000,182.6060028076172,182.6320037841797,182.58999633789062,182.62600708007812
1786104060,182.62600708007812,182.656005859375,182.6219940185547,182.6529998779297
1786104120,182.6510009765625,182.66400146484375,182.6479949951172,182.65899658203125
1786104180,182.65899658203125,182.66600036621094,182.656005859375,182.66000366210938
1786104240,182.6479949951172,182.6580047607422,182.6230010986328,182.63499450683594
1786104300,182.6320037841797,182.64599609375,182.63099670410156,182.63299560546875
1786104360,182.63299560546875,182.65499877929688,182.63299560546875,182.64599609375
1786104420,182.6510009765625,182.656005859375,182.64500427246094,182.64599609375
1786104480,182.64700317382812,182.66000366210938,182.6230010986328,182.63099670410156
1786104540,182.63400268554688,182.63699340820312,182.62399291992188,182.63400268554688
1786104600,182.63299560546875,182.65699768066406,182.6230010986328,182.6490020751953
1786104660,182.6479949951172,182.656005859375,182.63999938964844,182.64100646972656
1786104720,182.6439971923828,182.66000366210938,182.63800048828125,182.64700317382812
1786104780,182.65199279785156,182.656005859375,182.63900756835938,182.64100646972656
1786104840,182.64100646972656,182.64999389648438,182.63400268554688,182.63400268554688
1786104900,182.63400268554688,182.65199279785156,182.6280059814453,182.64100646972656
1786104960,182.64100646972656,182.6750030517578,182.63999938964844,182.6719970703125
1786105020,182.6699981689453,182.6739959716797,182.64700317382812,182.6580047607422
1786105080,182.66299438476562,182.66900634765625,182.6300048828125,182.63400268554688
1786105140,182.6300048828125,182.6439971923828,182.6280059814453,182.63499450683594
1786105200,182.63800048828125,182.6580047607422,182.6300048828125,182.6510009765625
1786105260,182.6540069580078,182.6750030517578,182.6479949951172,182.6719970703125
1786105320,182.67100524902344,182.67799377441406,182.6580047607422,182.6750030517578
1786105380,182.6719970703125,182.68800354003906,182.61399841308594,182.62399291992188
1786105440,182.6230010986328,182.62899780273438,182.5659942626953,182.5850067138672
1786105500,182.5850067138672,182.59500122070312,182.55999755859375,182.58799743652344
1786105560,182.58799743652344,182.5970001220703,182.5540008544922,182.56500244140625
1786105620,182.57000732421875,182.57400512695312,182.54800415039062,182.5659942626953
1786105680,182.56700134277344,182.58099365234375,182.53599548339844,182.55499267578125
1786105740,182.55499267578125,182.56900024414062,182.49200439453125,182.5469970703125
1786105800,182.552001953125,182.5760040283203,182.10400390625,182.41299438476562
1786105860,182.41400146484375,182.44000244140625,182.32400512695312,182.3780059814453
1786105920,182.37399291992188,182.38099670410156,182.26699829101562,182.32200622558594
1786105980,182.31700134277344,182.32699584960938,182.1699981689453,182.18299865722656
1786106040,182.1840057373047,182.19500732421875,181.28900146484375,181.46499633789062
1786106100,181.49899291992188,181.73199462890625,181.39100646972656,181.6199951171875
1786106160,181.6280059814453,181.81300354003906,181.61399841308594,181.64700317382812
1786106220,181.63099670410156,181.80599975585938,181.63099670410156,181.71099853515625
1786106280,181.71099853515625,181.76400756835938,181.6750030517578,181.74899291992188
1786106340,181.72799682617188,181.802001953125,181.70399475097656,181.7899932861328
1786106400,181.7969970703125,181.85400390625,181.75799560546875,181.76300048828125
1786106460,181.76499938964844,181.90199279785156,181.76300048828125,181.87600708007812
1786106520,181.88099670410156,181.91400146484375,181.86500549316406,181.8780059814453
1786106580,181.88400268554688,181.93699645996094,181.86399841308594,181.9290008544922
1786106640,181.93600463867188,182.02000427246094,181.90699768066406,182.0019989013672
1786106700,182.01199340820312,182.0780029296875,181.98199462890625,182.01199340820312
1786106760,182.01199340820312,182.05799865722656,181.9499969482422,181.9770050048828
1786106820,181.9759979248047,182.03199768066406,181.96600341796875,181.9720001220703
1786106880,181.968994140625,182.06100463867188,181.96400451660156,182.04400634765625
1786106940,182.04400634765625,182.0489959716797,181.96200561523438,181.97000122070312
1786107000,181.97999572753906,182.0260009765625,181.96400451660156,181.9709930419922
1786107060,181.97000122070312,181.98800659179688,181.9199981689453,181.9499969482422
1786107120,181.94200134277344,181.9759979248047,181.93299865722656,181.95799255371094
1786107180,181.95599365234375,181.96400451660156,181.91799926757812,181.93800354003906
1786107240,181.93099975585938,181.95599365234375,181.88999938964844,181.9429931640625
1786107300,181.947998046875,182.0030059814453,181.93299865722656,181.97000122070312
1786107360,181.96499633789062,182.03500366210938,181.96299743652344,182.02200317382812
1786107420,182.01800537109375,182.08200073242188,181.99600219726562,182.07699584960938
1786107480,182.08299255371094,182.13099670410156,182.03900146484375,182.12399291992188
1786107540,182.12600708007812,182.14599609375,182.0989990234375,182.14199829101562
1786107600,182.14100646972656,182.1490020751953,182.08799743652344,182.08799743652344
1786107660,182.093994140625,182.11399841308594,182.08299255371094,182.093994140625
1786107720,182.0919952392578,182.15899658203125,182.08900451660156,182.1510009765625
1786107780,182.1479949951172,182.1790008544922,182.13999938964844,182.177001953125
1786107840,182.1699981689453,182.1959991455078,182.16099548339844,182.17799377441406
1786107900,182.17599487304688,182.1840057373047,182.125,182.14599609375
1786107960,182.1529998779297,182.1699981689453,182.0959930419922,182.0959930419922
1786108020,182.09800720214844,182.13299560546875,182.09300231933594,182.11700439453125
1786108080,182.11099243164062,182.13699340820312,182.08799743652344,182.09800720214844
1786108140,182.09500122070312,182.10000610351562,182.06700134277344,182.08200073242188
1786108200,182.0780029296875,182.09800720214844,182.0659942626953,182.07699584960938
1786108260,182.07699584960938,182.10000610351562,182.07400512695312,182.0919952392578
1786108320,182.0919952392578,182.0959930419922,182.04600524902344,182.0659942626953
1786108380,182.07200622558594,182.0760040283203,182.00900268554688,182.02499389648438
1786108440,182.0189971923828,182.04800415039062,182.0019989013672,182.02200317382812
1786108500,182.02499389648438,182.08399963378906,182.01300048828125,182.0749969482422
1786108560,182.0749969482422,182.08599853515625,182.05299377441406,182.0540008544922
1786108620,182.05299377441406,182.06500244140625,182.03900146484375,182.05799865722656
1786108680,182.05799865722656,182.12100219726562,182.0540008544922,182.10800170898438
1786108740,182.10899353027344,182.11000061035156,182.06900024414062,182.0760040283203
1786108800,182.0760040283203,182.08399963378906,182.05999755859375,182.0659942626953
1786108860,182.0659942626953,182.08700561523438,182.0500030517578,182.08599853515625
1786108920,182.0850067138672,182.11599731445312,182.0780029296875,182.08799743652344
1786108980,182.09100341796875,182.093994140625,182.07000732421875,182.09300231933594
1786109040,182.09100341796875,182.1219940185547,182.08200073242188,182.11199951171875
1786109100,182.11599731445312,182.13900756835938,182.10800170898438,182.1179962158203
1786109160,182.11500549316406,182.14700317382812,182.09300231933594,182.09300231933594
1786109220,182.1179962158203,182.12899780273438,182.0919952392578,182.1060028076172
1786109280,182.10800170898438,182.12899780273438,182.0959930419922,182.11099243164062
1786109340,182.10699462890625,182.1269989013672,182.1060028076172,182.11900329589844
1786109400,182.12100219726562,182.17799377441406,182.11399841308594,182.17799377441406
1786109460,182.1739959716797,182.18899536132812,182.16299438476562,182.16700744628906
1786109520,182.16900634765625,182.1909942626953,182.1529998779297,182.1719970703125
1786109580,182.16900634765625,182.28399658203125,182.1649932861328,182.21200561523438
1786109640,182.21200561523438,182.2469940185547,182.21200561523438,182.23599243164062
1786109700,182.23899841308594,182.25399780273438,182.21400451660156,182.25100708007812
1786109760,182.25,182.2689971923828,182.2209930419922,182.2259979248047
1786109820,182.22999572753906,182.2469940185547,182.21099853515625,182.23699951171875
1786109880,182.23599243164062,182.23800659179688,182.2100067138672,182.23699951171875
1786109940,182.22999572753906,182.2729949951172,182.22799682617188,182.25599670410156
1786110000,182.25,182.3040008544922,182.2469940185547,182.3000030517578
1786110060,182.2949981689453,182.31399536132812,182.28900146484375,182.29200744628906
1786110120,182.29400634765625,182.31399536132812,182.2779998779297,182.31300354003906
1786110180,182.31199645996094,182.33099365234375,182.2899932861328,182.2949981689453
1786110240,182.3000030517578,182.31199645996094,182.2830047607422,182.302001953125
1786110300,182.30299377441406,182.31700134277344,182.2830047607422,182.30999755859375
1786110360,182.30999755859375,182.35800170898438,182.2969970703125,182.33399963378906
1786110420,182.33599853515625,182.3459930419922,182.30099487304688,182.3070068359375
1786110480,182.30299377441406,182.3090057373047,182.2729949951172,182.2969970703125
1786110540,182.2969970703125,182.3179931640625,182.27499389648438,182.27699279785156
1786110600,182.2779998779297,182.30599975585938,182.2729949951172,182.29800415039062
1786110660,182.29200744628906,182.33700561523438,182.27999877929688,182.32400512695312
1786110720,182.3280029296875,182.3419952392578,182.31300354003906,182.31900024414062
1786110780,182.31700134277344,182.322998046875,182.302001953125,182.3070068359375
1786110840,182.3070068359375,182.33299255371094,182.30599975585938,182.32699584960938
1786110900,182.33099365234375,182.3520050048828,182.2779998779297,182.28399658203125
1786110960,182.281005859375,182.30099487304688,182.281005859375,182.28599548339844
1786111020,182.29100036621094,182.3300018310547,182.28500366210938,182.32200622558594
1786111080,182.32400512695312,182.343994140625,182.28799438476562,182.29400634765625
1786111140,182.2969970703125,182.32000732421875,182.29299926757812,182.31399536132812
1786111200,182.31399536132812,182.33200073242188,182.2989959716797,182.30799865722656
1786111260,182.30799865722656,182.3159942626953,182.28199768066406,182.2989959716797
1786111320,182.2989959716797,182.35000610351562,182.2989959716797,182.33599853515625
1786111380,182.33700561523438,182.35400390625,182.31900024414062,182.32699584960938
1786111440,182.33299255371094,182.33299255371094,182.28799438476562,182.302001953125
1786111500,182.2989959716797,182.30299377441406,182.2779998779297,182.2899932861328
1786111560,182.2899932861328,182.29400634765625,182.2270050048828,182.24000549316406
1786111620,182.24000549316406,182.2830047607422,182.23899841308594,182.27000427246094
1786111680,182.27000427246094,182.302001953125,182.26600646972656,182.2969970703125
1786111740,182.29600524902344,182.33099365234375,182.2949981689453,182.2989959716797
1786111800,182.29600524902344,182.31199645996094,182.27000427246094,182.28900146484375
1786111860,182.28900146484375,182.3090057373047,182.27499389648438,182.2760009765625
1786111920,182.28199768066406,182.29600524902344,182.2740020751953,182.27499389648438
1786111980,182.27499389648438,182.3090057373047,182.2729949951172,182.2949981689453
1786112040,182.2949981689453,182.30799865722656,182.2830047607422,182.29800415039062
1786112100,182.3040008544922,182.3300018310547,182.29600524902344,182.3159942626953
1786112160,182.3159942626953,182.32899475097656,182.2899932861328,182.31399536132812
1786112220,182.3179931640625,182.3300018310547,182.28799438476562,182.31300354003906
1786112280,182.3070068359375,182.343994140625,182.2989959716797,182.33099365234375
1786112340,182.33099365234375,182.3459930419922,182.32200622558594,182.32200622558594
1786112400,182.322998046875,182.34500122070312,182.31100463867188,182.33599853515625
1786112460,182.33599853515625,182.3459930419922,182.3249969482422,182.33599853515625
1786112520,182.33200073242188,182.3459930419922,182.322998046875,182.3300018310547
1786112580,182.32899475097656,182.35499572753906,182.31300354003906,182.35499572753906
1786112640,182.35699462890625,182.35699462890625,182.32400512695312,182.35000610351562
1786112700,182.34800720214844,182.36000061035156,182.3249969482422,182.33700561523438
1786112760,182.33700561523438,182.3780059814453,182.33700561523438,182.37600708007812
1786112820,182.3780059814453,182.38099670410156,182.36300659179688,182.3769989013672
1786112880,182.37600708007812,182.3780059814453,182.3459930419922,182.35499572753906
1786112940,182.35499572753906,182.3719940185547,182.33200073242188,182.3419952392578
1786113000,182.34100341796875,182.34500122070312,182.2989959716797,182.302001953125
1786113060,182.2989959716797,182.32400512695312,182.29600524902344,182.31900024414062
1786113120,182.32000732421875,182.34500122070312,182.3179931640625,182.34500122070312
1786113180,182.34100341796875,182.3560028076172,182.33900451660156,182.3520050048828
1786113240,182.3489990234375,182.36500549316406,182.33799743652344,182.33999633789062
1786113300,182.33900451660156,182.35000610351562,182.32899475097656,182.33999633789062
1786113360,182.33999633789062,182.34300231933594,182.32000732421875,182.3350067138672
1786113420,182.3350067138672,182.33900451660156,182.2949981689453,182.30999755859375
1786113480,182.30999755859375,182.35499572753906,182.3090057373047,182.35499572753906
1786113540,182.35000610351562,182.36399841308594,182.34300231933594,182.35800170898438
1786113600,182.35800170898438,182.3699951171875,182.34800720214844,182.35499572753906
1786113660,182.35699462890625,182.35699462890625,182.32000732421875,182.32200622558594
1786113720,182.32200622558594,182.3280029296875,182.30999755859375,182.30999755859375
1786113780,182.30999755859375,182.35699462890625,182.2969970703125,182.33599853515625
1786113840,182.33599853515625,182.36399841308594,182.322998046875,182.3489990234375
1786113900,182.3489990234375,182.3560028076172,182.33799743652344,182.34800720214844
1786113960,182.34800720214844,182.38299560546875,182.34100341796875,182.36500549316406
1786114020,182.36500549316406,182.3939971923828,182.36500549316406,182.36599731445312
1786114080,182.36599731445312,182.3820037841797,182.36000061035156,182.3769989013672
1786114140,182.3820037841797,182.3979949951172,182.3719940185547,182.38900756835938
1786114200,182.39100646972656,182.4199981689453,182.38299560546875,182.406005859375
1786114260,182.4040069580078,182.40899658203125,182.38499450683594,182.3939971923828
1786114320,182.39300537109375,182.4040069580078,182.3800048828125,182.4029998779297
1786114380,182.4029998779297,182.4219970703125,182.3979949951172,182.41600036621094
1786114440,182.4149932861328,182.4199981689453,182.3769989013672,182.38900756835938
1786114500,182.39300537109375,182.48300170898438,182.38999938964844,182.45399475097656
1786114560,182.4510040283203,182.4669952392578,182.44000244140625,182.46499633789062
1786114620,182.46499633789062,182.50100708007812,182.43899536132812,182.4669952392578
1786114680,182.46800231933594,182.47000122070312,182.44200134277344,182.4429931640625
1786114740,182.4409942626953,182.46400451660156,182.43600463867188,182.45700073242188
1786114800,182.46099853515625,182.48899841308594,182.4530029296875,182.48699951171875
1786114860,182.48599243164062,182.49400329589844,182.46099853515625,182.47799682617188
1786114920,182.47799682617188,182.49200439453125,182.46499633789062,182.47000122070312
1786114980,182.4739990234375,182.4739990234375,182.45199584960938,182.4600067138672
1786115040,182.46099853515625,182.4739990234375,182.43800354003906,182.44500732421875
1786115100,182.44900512695312,182.4600067138672,182.4290008544922,182.4600067138672
1786115160,182.4600067138672,182.4739990234375,182.4499969482422,182.4669952392578
1786115220,182.46800231933594,182.4949951171875,182.4600067138672,182.46299743652344
1786115280,182.46200561523438,182.47300720214844,182.447998046875,182.46400451660156
1786115340,182.46400451660156,182.4720001220703,182.44500732421875,182.4510040283203
1786115400,182.4510040283203,182.4550018310547,182.42100524902344,182.42799377441406
1786115460,182.42799377441406,182.45399475097656,182.4250030517578,182.4320068359375
1786115520,182.4320068359375,182.48800659179688,182.42300415039062,182.48399353027344
1786115580,182.48399353027344,182.49000549316406,182.46200561523438,182.46800231933594
1786115640,182.46400451660156,182.48199462890625,182.4459991455078,182.4459991455078
1786115700,182.44500732421875,182.45599365234375,182.4219970703125,182.45399475097656
1786115760,182.45399475097656,182.46400451660156,182.4199981689453,182.4250030517578
1786115820,182.42799377441406,182.43099975585938,182.38900756835938,182.3990020751953
1786115880,182.39500427246094,182.42599487304688,182.39500427246094,182.4080047607422
1786115940,182.40899658203125,182.44000244140625,182.4080047607422,182.4080047607422
1786116000,182.41200256347656,182.4199981689453,182.38999938964844,182.39300537109375
1786116060,182.39700317382812,182.40199279785156,182.3679962158203,182.3699951171875
1786116120,182.3699951171875,182.38999938964844,182.36399841308594,182.3719940185547
1786116180,182.3719940185547,182.38299560546875,182.33799743652344,182.33799743652344
1786116240,182.33799743652344,182.3769989013672,182.33799743652344,182.37100219726562
1786116300,182.3699951171875,182.37600708007812,182.3249969482422,182.32899475097656
1786116360,182.3300018310547,182.343994140625,182.28399658203125,182.29200744628906
1786116420,182.29299926757812,182.30499267578125,182.27499389648438,182.2830047607422
1786116480,182.28799438476562,182.28799438476562,182.2469940185547,182.25
1786116540,182.25100708007812,182.27999877929688,182.2480010986328,182.25900268554688
1786116600,182.25900268554688,182.26300048828125,182.21099853515625,182.22799682617188
1786116660,182.22500610351562,182.2519989013672,182.21600341796875,182.24200439453125
1786116720,182.23800659179688,182.27999877929688,182.23800659179688,182.2530059814453
1786116780,182.2530059814453,182.25799560546875,182.2259979248047,182.22799682617188
1786116840,182.2259979248047,182.23399353027344,182.19900512695312,182.19900512695312
1786116900,182.1929931640625,182.20599365234375,182.156005859375,182.20199584960938
1786116960,182.2030029296875,182.22999572753906,182.1929931640625,182.19500732421875
1786117020,182.197998046875,182.19900512695312,182.1750030517578,182.17799377441406
1786117080,182.17999267578125,182.18899536132812,182.1269989013672,182.13699340820312
1786117140,182.13699340820312,182.14199829101562,182.10800170898438,182.12899780273438
1786117200,182.13400268554688,182.13999938964844,182.0659942626953,182.08399963378906
1786117260,182.0780029296875,182.11199951171875,182.0570068359375,182.08299255371094
1786117320,182.08599853515625,182.08799743652344,182.02200317382812,182.04299926757812
1786117380,182.03799438476562,182.09100341796875,182.02499389648438,182.08700561523438
1786117440,182.08299255371094,182.1439971923828,182.08299255371094,182.11000061035156
1786117500,182.11099243164062,182.14500427246094,182.07699584960938,182.12399291992188
1786117560,182.125,182.156005859375,182.1230010986328,182.14500427246094
1786117620,182.14500427246094,182.19500732421875,182.14100646972656,182.18800354003906
1786117680,182.18899536132812,182.1959991455078,182.15199279785156,182.16000366210938
1786117740,182.16000366210938,182.16799926757812,182.1269989013672,182.1320037841797
1786117800,182.13600158691406,182.14700317382812,182.11099243164062,182.1320037841797
1786117860,182.12899780273438,182.15199279785156,182.125,182.1479949951172
1786117920,182.14300537109375,182.14300537109375,182.11300659179688,182.12600708007812
1786117980,182.12100219726562,182.12600708007812,182.0399932861328,182.05999755859375
1786118040,182.0659942626953,182.06900024414062,182.0260009765625,182.0290069580078
1786118100,182.02699279785156,182.0760040283203,182.02699279785156,182.0679931640625
1786118160,182.06900024414062,182.093994140625,182.06300354003906,182.08700561523438
1786118220,182.08700561523438,182.10800170898438,182.06900024414062,182.10699462890625
1786118280,182.1060028076172,182.14700317382812,182.1009979248047,182.1300048828125
1786118340,182.12899780273438,182.1320037841797,182.1009979248047,182.10699462890625
1786118400,182.10499572753906,182.10800170898438,182.03799438476562,182.04200744628906
1786118460,182.0399932861328,182.0850067138672,182.03700256347656,182.0659942626953
1786118520,182.06199645996094,182.06900024414062,182.04299926757812,182.0500030517578
1786118580,182.04800415039062,182.06199645996094,182.02999877929688,182.03500366210938
1786118640,182.03199768066406,182.0449981689453,182.01300048828125,182.01600646972656
1786118700,182.02000427246094,182.052001953125,182.0,182.04200744628906
1786118760,182.04200744628906,182.08200073242188,182.04200744628906,182.05799865722656
1786118820,182.0590057373047,182.08099365234375,182.04800415039062,182.0679931640625
1786118880,182.06900024414062,182.08299255371094,182.052001953125,182.0800018310547
1786118940,182.0800018310547,182.125,182.0800018310547,182.093994140625
1786119000,182.093994140625,182.10899353027344,182.0679931640625,182.08299255371094
1786119060,182.08399963378906,182.08700561523438,182.06500244140625,182.0800018310547
1786119120,182.0800018310547,182.0959930419922,182.06500244140625,182.0800018310547
1786119180,182.0800018310547,182.08900451660156,182.0540008544922,182.07000732421875
1786119240,182.06500244140625,182.08900451660156,182.06300354003906,182.06900024414062
1786119300,182.06700134277344,182.07899475097656,182.05099487304688,182.06500244140625
1786119360,182.06199645996094,182.08399963378906,182.05799865722656,182.07899475097656
1786119420,182.07899475097656,182.11099243164062,182.0679931640625,182.07200622558594
1786119480,182.06900024414062,182.08099365234375,182.06100463867188,182.072998046875
1786119540,182.0800018310547,182.0919952392578,182.06199645996094,182.0659942626953
1786119600,182.0659942626953,182.08599853515625,182.04100036621094,182.07400512695312
1786119660,182.06900024414062,182.09300231933594,182.04299926757812,182.052001953125
1786119720,182.05599975585938,182.0590057373047,182.01499938964844,182.0229949951172
1786119780,182.02499389648438,182.0260009765625,181.98500061035156,181.98800659179688
1786119840,181.98500061035156,182.01400756835938,181.96800231933594,181.9810028076172
1786119900,181.97799682617188,181.98199462890625,181.92999267578125,181.94400024414062
1786119960,181.94200134277344,181.9499969482422,181.89500427246094,181.89500427246094
1786120020,181.89999389648438,181.94500732421875,181.89500427246094,181.92300415039062
1786120080,181.92300415039062,181.94500732421875,181.9080047607422,181.91299438476562
1786120140,181.9199981689453,181.98800659179688,181.91299438476562,181.95599365234375
1786120200,181.9600067138672,181.96299743652344,181.93800354003906,181.947998046875
1786120260,181.947998046875,181.97799682617188,181.94500732421875,181.9669952392578
1786120320,181.9669952392578,181.97999572753906,181.91799926757812,181.947998046875
1786120380,181.9429931640625,181.98199462890625,181.9429931640625,181.97999572753906
1786120440,181.97999572753906,182.0019989013672,181.96400451660156,181.9929962158203
1786120500,181.9929962158203,181.9980010986328,181.95899963378906,181.95899963378906
1786120560,181.95899963378906,181.98500061035156,181.95799255371094,181.97799682617188
1786120620,181.9810028076172,181.98699951171875,181.94700622558594,181.9499969482422
1786120680,181.9499969482422,181.9739990234375,181.9459991455078,181.96499633789062
1786120740,181.96499633789062,181.98300170898438,181.96299743652344,181.9739990234375
1786120800,181.9759979248047,181.98800659179688,181.9669952392578,181.98300170898438
1786120860,181.97999572753906,182.00100708007812,181.96800231933594,181.97300720214844
1786120920,181.97799682617188,182.00799560546875,181.97300720214844,182.00799560546875
1786120980,182.0,182.00799560546875,181.98199462890625,181.9929962158203
1786121040,181.98500061035156,182.00900268554688,181.98500061035156,182.0050048828125
1786121100,182.00100708007812,182.02200317382812,181.98899841308594,181.9929962158203
1786121160,181.99099731445312,182.00999450683594,181.99099731445312,182.0050048828125
1786121220,182.0030059814453,182.01199340820312,181.96800231933594,181.97799682617188
1786121280,181.98300170898438,182.0030059814453,181.97300720214844,181.9969940185547
1786121340,181.9969940185547,182.01300048828125,181.98599243164062,181.99099731445312
1786121400,181.99600219726562,182.0,181.98199462890625,181.9949951171875
1786121460,181.99400329589844,182.01400756835938,181.97799682617188,182.0070037841797
1786121520,182.0070037841797,182.0189971923828,181.99899291992188,182.00100708007812
1786121580,182.00599670410156,182.0240020751953,182.00100708007812,182.01499938964844
1786121640,182.02000427246094,182.03599548339844,181.99200439453125,181.99200439453125
1786121700,181.9969940185547,182.01400756835938,181.99200439453125,182.00999450683594
1786121760,182.00599670410156,182.01800537109375,181.98199462890625,182.0019989013672
1786121820,182.0019989013672,182.01800537109375,181.9810028076172,182.0019989013672
1786121880,182.00100708007812,182.02000427246094,181.99600219726562,182.01499938964844
1786121940,182.02000427246094,182.02099609375,181.9969940185547,181.9980010986328
1786122000,181.9980010986328,182.0070037841797,181.99000549316406,181.9929962158203
1786122060,181.99200439453125,182.0070037841797,181.99200439453125,182.00100708007812
1786122120,182.0019989013672,182.0070037841797,181.98699951171875,181.9980010986328
1786122180,181.9969940185547,182.02699279785156,181.9929962158203,182.02200317382812
1786122240,182.02200317382812,182.04400634765625,182.00900268554688,182.0279998779297
1786122300,182.0279998779297,182.06399536132812,182.02699279785156,182.05599975585938
1786122360,182.05599975585938,182.06100463867188,182.0330047607422,182.03500366210938
1786122420,182.03500366210938,182.03900146484375,182.02699279785156,182.03799438476562
1786122480,182.0330047607422,182.0449981689453,182.02999877929688,182.04400634765625
1786122540,182.04400634765625,182.05799865722656,182.01699829101562,182.0260009765625
1786122600,182.02499389648438,182.0260009765625,182.01300048828125,182.02200317382812
1786122660,182.01699829101562,182.0229949951172,182.0070037841797,182.01100158691406
1786122720,182.00999450683594,182.01600646972656,182.00799560546875,182.00999450683594
1786122780,182.00999450683594,182.01800537109375,181.9949951171875,182.0019989013672
1786122840,182.0,182.00999450683594,181.9980010986328,182.0
1786122900,182.0,182.00399780273438,181.98300170898438,181.9980010986328
1786122960,181.9980010986328,182.0030059814453,181.9929962158203,181.9929962158203
1786123020,181.9949951171875,182.00999450683594,181.99099731445312,182.0030059814453
1786123080,181.9980010986328,182.0050048828125,181.9969940185547,181.9969940185547
1786123140,181.9969940185547,181.99899291992188,181.97799682617188,181.98500061035156
1786123200,181.98300170898438,182.00399780273438,181.97900390625,182.0019989013672
1786123260,182.0019989013672,182.00599670410156,181.9929962158203,181.9969940185547
1786123320,181.9969940185547,182.00100708007812,181.9929962158203,181.99400329589844
1786123380,181.99400329589844,182.01100158691406,181.99400329589844,182.0070037841797
1786123440,182.00799560546875,182.02000427246094,181.9810028076172,181.98399353027344
1786123500,181.98199462890625,181.99200439453125,181.96600341796875,181.97000122070312
1786123560,181.9669952392578,181.98699951171875,181.9669952392578,181.98300170898438
1786123620,181.98199462890625,181.9949951171875,181.9709930419922,181.9770050048828
1786123680,181.9770050048828,181.98800659179688,181.97300720214844,181.98399353027344
1786123740,181.98399353027344,181.99000549316406,181.9759979248047,181.9770050048828
1786123800,181.97999572753906,181.99200439453125,181.97300720214844,181.98699951171875
1786123860,181.98300170898438,181.98599243164062,181.9720001220703,181.97500610351562
1786123920,181.9770050048828,181.99099731445312,181.97300720214844,181.98399353027344
1786123980,181.98399353027344,181.98800659179688,181.97000122070312,181.97300720214844
1786124040,181.97300720214844,181.98899841308594,181.97300720214844,181.98300170898438
1786124100,181.98899841308594,182.0,181.98300170898438,181.9929962158203
1786124160,181.9929962158203,182.00999450683594,181.99200439453125,182.0070037841797
1786124220,182.0030059814453,182.01600646972656,181.9980010986328,182.0070037841797
1786124280,182.0070037841797,182.03199768066406,182.0070037841797,182.0229949951172
1786124340,182.0229949951172,182.04200744628906,182.0229949951172,182.03799438476562
1786124400,182.03900146484375,182.03900146484375,182.0229949951172,182.02499389648438
1786124460,182.031005859375,182.03599548339844,182.0229949951172,182.031005859375
1786124520,182.03399658203125,182.052001953125,182.02999877929688,182.04299926757812
1786124580,182.04800415039062,182.0540008544922,182.04200744628906,182.0449981689453
1786124640,182.0449981689453,182.05599975585938,182.04299926757812,182.0500030517578
1786124700,182.0449981689453,182.0540008544922,182.03799438476562,182.0469970703125
1786124760,182.04800415039062,182.052001953125,182.03799438476562,182.0399932861328
1786124820,182.0449981689453,182.0469970703125,182.0330047607422,182.0469970703125
1786124880,182.0399932861328,182.05299377441406,182.0399932861328,182.04200744628906
1786124940,182.0469970703125,182.05099487304688,182.0399932861328,182.0449981689453
1786125000,182.04400634765625,182.06399536132812,182.03500366210938,182.03799438476562
1786125060,182.03799438476562,182.04600524902344,182.03399658203125,182.03500366210938
1786125120,182.03900146484375,182.06100463867188,182.03500366210938,182.05999755859375
1786125180,182.0570068359375,182.0679931640625,182.0540008544922,182.0590057373047
1786125240,182.06199645996094,182.07200622558594,182.0570068359375,182.06300354003906
1786125300,182.06300354003906,182.0679931640625,182.0469970703125,182.05499267578125
1786125360,182.05499267578125,182.072998046875,182.05499267578125,182.06500244140625
1786125420,182.06500244140625,182.07200622558594,182.06300354003906,182.0679931640625
1786125480,182.06300354003906,182.072998046875,182.06100463867188,182.06500244140625
1786125540,182.06300354003906,182.08399963378906,182.06300354003906,182.0749969482422
1786125600,182.0749969482422,182.08200073242188,182.0679931640625,182.072998046875
1786125660,182.0709991455078,182.08200073242188,182.06700134277344,182.07899475097656
1786125720,182.0780029296875,182.0970001220703,182.072998046875,182.0850067138672
1786125780,182.0850067138672,182.093994140625,182.08299255371094,182.09100341796875
1786125840,182.08799743652344,182.0919952392578,182.07699584960938,182.08799743652344
1786125900,182.0850067138672,182.093994140625,182.0749969482422,182.0749969482422
1786125960,182.0780029296875,182.08700561523438,182.072998046875,182.08399963378906
1786126020,182.0780029296875,182.10400390625,182.0780029296875,182.09500122070312
1786126080,182.09500122070312,182.11599731445312,182.09500122070312,182.11000061035156
1786126140,182.11000061035156,182.13400268554688,182.10299682617188,182.13299560546875
1786126200,182.1280059814453,182.1529998779297,182.125,182.14300537109375
1786126260,182.1479949951172,182.16099548339844,182.14199829101562,182.15499877929688
1786126320,182.15499877929688,182.17999267578125,182.14599609375,182.1699981689453
1786126380,182.1699981689453,182.20700073242188,182.1699981689453,182.20599365234375
1786126440,182.2010040283203,182.21299743652344,182.18899536132812,182.1929931640625
1786126500,182.1909942626953,182.19700622558594,182.177001953125,182.177001953125
1786126560,182.17999267578125,182.1840057373047,182.1719970703125,182.177001953125
1786126620,182.177001953125,182.2030029296875,182.1719970703125,182.2010040283203
1786126680,182.20199584960938,182.2030029296875,182.1909942626953,182.19400024414062
1786126740,182.1909942626953,182.20199584960938,182.17799377441406,182.17999267578125
1786126800,182.17799377441406,182.18699645996094,182.1699981689453,182.1750030517578
1786126860,182.1699981689453,182.20199584960938,182.1699981689453,182.1929931640625
1786126920,182.1929931640625,182.20799255371094,182.19000244140625,182.19200134277344
1786126980,182.19000244140625,182.19200134277344,182.1649932861328,182.17599487304688
1786127040,182.17599487304688,182.1840057373047,182.16200256347656,182.16900634765625
1786127100,182.16600036621094,182.18800354003906,182.1580047607422,182.1750030517578
1786127160,182.1750030517578,182.22999572753906,182.1750030517578,182.22799682617188
1786127220,182.22300720214844,182.23699951171875,182.2100067138672,182.21400451660156
1786127280,182.21400451660156,182.2310028076172,182.20599365234375,182.2220001220703
1786127340,182.22300720214844,182.2449951171875,182.20700073242188,182.21200561523438
1786127400,182.20700073242188,182.22999572753906,182.20199584960938,182.20799255371094
1786127460,182.20700073242188,182.21099853515625,182.1750030517578,182.19000244140625
1786127520,182.18800354003906,182.20399475097656,182.18499755859375,182.19000244140625
1786127580,182.19000244140625,182.20700073242188,182.19000244140625,182.197998046875
1786127640,182.20399475097656,182.21600341796875,182.19500732421875,182.2050018310547
1786127700,182.2050018310547,182.21299743652344,182.18800354003906,182.19500732421875
1786127760,182.19500732421875,182.20599365234375,182.17999267578125,182.19700622558594
1786127820,182.19700622558594,182.20599365234375,182.17799377441406,182.18499755859375
1786127880,182.17999267578125,182.2169952392578,182.1790008544922,182.20599365234375
1786127940,182.20899963378906,182.21299743652344,182.1929931640625,182.2050018310547
1786128000,182.2100067138672,182.21400451660156,182.20399475097656,182.2100067138672
1786128060,182.20700073242188,182.21299743652344,182.17999267578125,182.18299865722656
1786128120,182.18299865722656,182.20700073242188,182.17799377441406,182.19500732421875
1786128180,182.19900512695312,182.1999969482422,182.18299865722656,182.19200134277344
1786128240,182.1909942626953,182.21400451660156,182.19000244140625,182.20899963378906
1786128300,182.20799255371094,182.20899963378906,182.1959991455078,182.19700622558594
1786128360,182.197998046875,182.2030029296875,182.1820068359375,182.18299865722656
1786128420,182.18800354003906,182.1999969482422,182.17999267578125,182.18800354003906
1786128480,182.18800354003906,182.19700622558594,182.18499755859375,182.18899536132812
1786128540,182.18499755859375,182.1959991455078,182.18099975585938,182.1909942626953
1786128600,182.1909942626953,182.197998046875,182.18499755859375,182.19500732421875
1786128660,182.19400024414062,182.19500732421875,182.18499755859375,182.1929931640625
1786128720,182.19000244140625,182.21099853515625,182.18800354003906,182.19900512695312
1786128780,182.19500732421875,182.20199584960938,182.18299865722656,182.19000244140625
1786128840,182.19000244140625,182.2030029296875,182.1840057373047,182.1999969482422
1786128900,182.1929931640625,182.2030029296875,182.18499755859375,182.19000244140625
1786128960,182.19200134277344,182.197998046875,182.17599487304688,182.177001953125
1786129020,182.177001953125,182.18299865722656,182.17300415039062,182.177001953125
1786129080,182.177001953125,182.1840057373047,182.16799926757812,182.16799926757812
1786129140,182.16799926757812,182.1959991455078,182.16700744628906,182.1929931640625
1786129200,182.18800354003906,182.2100067138672,182.1840057373047,182.2030029296875
1786129260,182.2030029296875,182.20700073242188,182.17599487304688,182.1999969482422
1786129320,182.19900512695312,182.22000122070312,182.1959991455078,182.21499633789062
1786129380,182.21800231933594,182.23199462890625,182.21200561523438,182.23199462890625
1786129440,182.2310028076172,182.2310028076172,182.21099853515625,182.21400451660156
1786129500,182.21299743652344,182.22799682617188,182.21299743652344,182.2259979248047
1786129560,182.22799682617188,182.23899841308594,182.22300720214844,182.23300170898438
1786129620,182.22999572753906,182.24200439453125,182.21800231933594,182.23899841308594
1786129680,182.23899841308594,182.24200439453125,182.22000122070312,182.2239990234375
1786129740,182.22500610351562,182.2519989013672,182.2239990234375,182.2429962158203
1786129800,182.24200439453125,182.24600219726562,182.23500061035156,182.24400329589844
1786129860,182.2449951171875,182.2449951171875,182.2259979248047,182.22900390625
1786129920,182.22900390625,182.25399780273438,182.2270050048828,182.2480010986328
1786129980,182.2469940185547,182.26400756835938,182.2469940185547,182.25599670410156
1786130040,182.2550048828125,182.2729949951172,182.25,182.27000427246094
1786130100,182.26699829101562,182.2779998779297,182.25999450683594,182.26699829101562
1786130160,182.26300048828125,182.2760009765625,182.22500610351562,182.22500610351562
1786130220,182.22799682617188,182.25,182.21800231933594,182.2469940185547
1786130280,182.24600219726562,182.25399780273438,182.2310028076172,182.2469940185547
1786130340,182.2480010986328,182.26300048828125,182.24600219726562,182.25900268554688
1786130400,182.25799560546875,182.26100158691406,182.2469940185547,182.2519989013672
1786130460,182.2530059814453,182.25900268554688,182.24600219726562,182.25100708007812
1786130520,182.25100708007812,182.26300048828125,182.22999572753906,182.26199340820312
1786130580,182.2519989013672,182.26300048828125,182.2480010986328,182.2519989013672
1786130640,182.2519989013672,182.26300048828125,182.24899291992188,182.26199340820312
1786130700,182.2530059814453,182.26499938964844,182.24600219726562,182.2519989013672
1786130760,182.2469940185547,182.25999450683594,182.24099731445312,182.25799560546875
1786130820,182.2530059814453,182.25900268554688,182.22500610351562,182.22999572753906
1786130880,182.23500061035156,182.25100708007812,182.22999572753906,182.22999572753906
1786130940,182.22999572753906,182.23699951171875,182.22500610351562,182.22900390625
1786131000,182.22300720214844,182.23500061035156,182.19000244140625,182.2050018310547
1786131060,182.20799255371094,182.21499633789062,182.18299865722656,182.19000244140625
1786131120,182.18800354003906,182.20199584960938,182.17300415039062,182.17799377441406
1786131180,182.17300415039062,182.19000244140625,182.1719970703125,182.17999267578125
1786131240,182.1790008544922,182.2030029296875,182.17300415039062,182.19000244140625
1786131300,182.18800354003906,182.20199584960938,182.1750030517578,182.18699645996094
1786131360,182.18800354003906,182.19400024414062,182.17300415039062,182.18299865722656
1786131420,182.17799377441406,182.19700622558594,182.1750030517578,182.1929931640625
1786131480,182.19200134277344,182.197998046875,182.17300415039062,182.18899536132812
1786131540,182.19400024414062,182.19400024414062,182.17799377441406,182.17799377441406
1786131600,182.17799377441406,182.1840057373047,182.16600036621094,182.17300415039062
1786131660,182.17300415039062,182.1909942626953,182.16700744628906,182.18800354003906
1786131720,182.18499755859375,182.19700622558594,182.18499755859375,182.18800354003906
1786131780,182.19400024414062,182.2030029296875,182.18600463867188,182.19700622558594
1786131840,182.19700622558594,182.20799255371094,182.17300415039062,182.17799377441406
1786131900,182.17799377441406,182.18299865722656,182.16299438476562,182.16299438476562
1786131960,182.1649932861328,182.1719970703125,182.15499877929688,182.16299438476562
1786132020,182.16000366210938,182.17100524902344,182.1529998779297,182.1529998779297
1786132080,182.156005859375,182.15899658203125,182.14500427246094,182.14500427246094
1786132140,182.1479949951172,182.15199279785156,182.1280059814453,182.14599609375
1786132200,182.14599609375,182.15899658203125,182.14300537109375,182.1490020751953
1786132260,182.14700317382812,182.16200256347656,182.14700317382812,182.15899658203125
1786132320,182.15199279785156,182.1719970703125,182.15199279785156,182.1529998779297
1786132380,182.1529998779297,182.17300415039062,182.1490020751953,182.15699768066406
1786132440,182.156005859375,182.16600036621094,182.1320037841797,182.13900756835938
1786132500,182.13800048828125,182.14999389648438,182.1020050048828,182.14300537109375
1786132560,182.14199829101562,182.1490020751953,182.13299560546875,182.13299560546875
1786132620,182.13600158691406,182.16600036621094,182.12899780273438,182.156005859375
1786132680,182.15699768066406,182.16600036621094,182.1479949951172,182.15499877929688
1786132740,182.1580047607422,182.17300415039062,182.1529998779297,182.16299438476562
1786132800,182.1699981689453,182.18099975585938,182.14599609375,182.1490020751953
1786132860,182.1580047607422,182.16900634765625,182.14599609375,182.1529998779297
1786132920,182.15899658203125,182.1719970703125,182.13999938964844,182.17100524902344
1786132980,182.1699981689453,182.19200134277344,182.16200256347656,182.18600463867188
1786133040,182.18600463867188,182.2010040283203,182.17799377441406,182.1999969482422
1786133100,182.2010040283203,182.22799682617188,182.1929931640625,182.21600341796875
1786133160,182.218994140625,182.23199462890625,182.20899963378906,182.22500610351562
1786133220,182.22500610351562,182.23699951171875,182.2030029296875,182.22999572753906
1786133280,182.2209930419922,182.2469940185547,182.21800231933594,182.2270050048828
1786133340,182.22900390625,182.2449951171875,182.21400451660156,182.22999572753906
1786133400,182.2209930419922,182.24200439453125,182.218994140625,182.2270050048828
1786133460,182.2270050048828,182.24099731445312,182.21600341796875,182.23399353027344
1786133520,182.2169952392578,182.2530059814453,182.2169952392578,182.23399353027344
1786133580,182.23399353027344,182.25599670410156,182.23399353027344,182.23800659179688
1786133640,182.2480010986328,182.2729949951172,182.23500061035156,182.26100158691406
1786133700,182.26100158691406,182.3090057373047,182.25999450683594,182.30599975585938
1786133760,182.28799438476562,182.35699462890625,182.28799438476562,182.34800720214844
1786133820,182.33700561523438,182.3489990234375,182.3090057373047,182.3260040283203
1786133880,182.3260040283203,182.3350067138672,182.29200744628906,182.29200744628906
1786133940,182.29200744628906,182.31199645996094,182.2830047607422,182.30499267578125
1786134000,182.30499267578125,182.3070068359375,182.27699279785156,182.2989959716797
1786134060,182.2989959716797,182.30999755859375,182.28199768066406,182.2969970703125
1786134120,182.29800415039062,182.3159942626953,182.27699279785156,182.30099487304688
1786134180,182.30099487304688,182.3159942626953,182.28700256347656,182.2989959716797
1786134240,182.3000030517578,182.33700561523438,182.3000030517578,182.3260040283203
1786134300,182.3260040283203,182.33200073242188,182.30299377441406,182.3179931640625
1786134360,182.3040008544922,182.32000732421875,182.3000030517578,182.31199645996094
1786134420,182.30299377441406,182.3179931640625,182.2899932861328,182.30299377441406
1786134480,182.30299377441406,182.3209991455078,182.3000030517578,182.31199645996094
1786134540,182.30599975585938,182.3159942626953,182.26600646972656,182.28199768066406
1786134600,182.28399658203125,182.31300354003906,182.28399658203125,182.3040008544922
1786134660,182.3040008544922,182.3090057373047,182.28399658203125,182.28399658203125
1786134720,182.28799438476562,182.30499267578125,182.2830047607422,182.28500366210938
1786134780,182.29800415039062,182.3159942626953,182.27999877929688,182.31500244140625
1786134840,182.2899932861328,182.33099365234375,182.28900146484375,182.31199645996094
1786134900,182.31199645996094,182.38699340820312,182.31199645996094,182.37399291992188
1786134960,182.37399291992188,182.39300537109375,182.35299682617188,182.37899780273438
1786135020,182.3780059814453,182.4290008544922,182.375,182.4199981689453
1786135080,182.41099548339844,182.46400451660156,182.4040069580078,182.4409942626953
1786135140,182.4409942626953,182.4600067138672,182.4199981689453,182.4459991455078
1786135200,182.44700622558594,182.4759979248047,182.41600036621094,182.4600067138672
1786135260,182.45399475097656,182.4720001220703,182.4010009765625,182.40199279785156
1786135320,182.41900634765625,182.41900634765625,182.37100219726562,182.38999938964844
1786135380,182.3719940185547,182.40499877929688,182.3679962158203,182.36900329589844
1786135440,182.36900329589844,182.39199829101562,182.343994140625,182.3470001220703
1786135500,182.3470001220703,182.37600708007812,182.33099365234375,182.3419952392578
1786135560,182.3350067138672,182.39599609375,182.3350067138672,182.38999938964844
1786135620,182.40199279785156,182.40199279785156,182.36099243164062,182.37399291992188
1786135680,182.37899780273438,182.39599609375,182.3489990234375,182.36599731445312
1786135740,182.36399841308594,182.40699768066406,182.34800720214844,182.38400268554688
1786135800,182.38400268554688,182.4290008544922,182.2220001220703,182.3489990234375
1786135860,182.3489990234375,182.38099670410156,182.26499938964844,182.33900451660156
1786135920,182.33900451660156,182.3780059814453,182.33700561523438,182.36700439453125
1786135980,182.34100341796875,182.39199829101562,182.33999633789062,182.36500549316406
1786136040,182.36599731445312,182.38800048828125,182.27099609375,182.3719940185547
1786136100,182.35000610351562,182.38699340820312,182.33200073242188,182.35899353027344
1786136160,182.35899353027344,182.41799926757812,182.29299926757812,182.29299926757812
1786136220,182.3780059814453,182.39599609375,182.27499389648438,182.3800048828125
1786136280,182.3800048828125,182.39599609375,182.28199768066406,182.28199768066406
1786136340,182.28199768066406,182.38499450683594,182.28199768066406,182.38499450683594
1786136460,182.3780059814453,182.3780059814453,182.3780059814453,182.3780059814453
1786136580,182.3780059814453,182.3780059814453,182.3780059814453,182.3780059814453
1786136700,182.3780059814453,182.3780059814453,182.3780059814453,182.3780059814453
1786136820,182.3780059814453,182.3780059814453,182.3780059814453,182.3780059814453
1786136940,182.3780059814453,182.3780059814453,182.3780059814453,182.3780059814453
1786137060,182.3780059814453,182.3780059814453,182.3780059814453,182.3780059814453
1786137180,182.3780059814453,182.3780059814453,182.3780059814453,182.3780059814453
1786137300,182.3780059814453,182.3780059814453,182.3780059814453,182.3780059814453
1786137420,182.3780059814453,182.3780059814453,182.3780059814453,182.3780059814453
1786137540,182.3780059814453,182.3780059814453,182.3780059814453,182.3780059814453
1786137660,182.3780059814453,182.3780059814453,182.3780059814453,182.3780059814453
1786137780,182.3780059814453,182.3780059814453,182.3780059814453,182.3780059814453
1786137900,182.3780059814453,182.3780059814453,182.3780059814453,182.3780059814453
1786138020,182.3780059814453,182.3780059814453,182.3780059814453,182.3780059814453
1786138140,182.3780059814453,182.3780059814453,182.3780059814453,182.3780059814453
