time,open,high,low,close
1786053600,1.4010800123214722,1.4014300107955933,1.4007999897003174,1.401379942893982
1786053660,1.4014099836349487,1.401520013809204,1.4010000228881836,1.4012999534606934
1786053720,1.4014500379562378,1.4014500379562378,1.4010000228881836,1.4011000394821167
1786053780,1.4012999534606934,1.401479959487915,1.4011000394821167,1.4012999534606934
1786053840,1.4012000560760498,1.4014999866485596,1.4012000560760498,1.4012999534606934
1786053900,1.4013999700546265,1.4015799760818481,1.4011000394821167,1.401479959487915
1786053960,1.4015799760818481,1.4016000032424927,1.4012000560760498,1.4015100002288818
1786054020,1.401520013809204,1.4015799760818481,1.4012000560760498,1.4014999866485596
1786054080,1.4014999866485596,1.4015799760818481,1.4012000560760498,1.4013999700546265
1786054140,1.4014999866485596,1.4015799760818481,1.4012999534606934,1.401520013809204
1786054200,1.4015400409698486,1.4016000032424927,1.4012000560760498,1.4015699625015259
1786054260,1.401520013809204,1.4016300439834595,1.4011000394821167,1.401479959487915
1786054320,1.401479959487915,1.401550054550171,1.4011000394821167,1.4014500379562378
1786054380,1.401479959487915,1.401520013809204,1.4011000394821167,1.4014699459075928
1786054440,1.4014400243759155,1.4015699625015259,1.4011000394821167,1.4014999866485596
1786054500,1.4014999866485596,1.4015799760818481,1.4012000560760498,1.4014999866485596
1786054560,1.4015400409698486,1.4016000032424927,1.4012000560760498,1.4016000032424927
1786054620,1.4015100002288818,1.4015799760818481,1.4012000560760498,1.4014999866485596
1786054680,1.4015799760818481,1.4015799760818481,1.4012000560760498,1.4012999534606934
1786054740,1.4015100002288818,1.4015799760818481,1.4012000560760498,1.4015799760818481
1786054800,1.401520013809204,1.4016000032424927,1.4012000560760498,1.4015400409698486
1786054860,1.4015100002288818,1.4016000032424927,1.4012999534606934,1.401520013809204
1786054920,1.401520013809204,1.4016000032424927,1.4012000560760498,1.401520013809204
1786054980,1.401520013809204,1.401610016822815,1.4012000560760498,1.4015400409698486
1786055040,1.401550054550171,1.4016000032424927,1.4012000560760498,1.4015899896621704
1786055100,1.4015300273895264,1.4016000032424927,1.4012000560760498,1.4012999534606934
1786055160,1.401550054550171,1.4015799760818481,1.4012000560760498,1.4012000560760498
1786055220,1.4015100002288818,1.4015799760818481,1.4012000560760498,1.401479959487915
1786055280,1.401520013809204,1.4015599489212036,1.4011000394821167,1.401479959487915
1786055340,1.401479959487915,1.401520013809204,1.4011000394821167,1.4014500379562378
1786055400,1.4014500379562378,1.4015799760818481,1.4011000394821167,1.4012000560760498
1786055460,1.4014999866485596,1.4015400409698486,1.4011000394821167,1.401419997215271
1786055520,1.401419997215271,1.4014999866485596,1.4011000394821167,1.4011000394821167
1786055580,1.4014300107955933,1.4015100002288818,1.4011000394821167,1.4014400243759155
1786055640,1.4014999866485596,1.4015100002288818,1.4011000394821167,1.4012000560760498
1786055700,1.4013999700546265,1.4014400243759155,1.4010000228881836,1.4010000228881836
1786055760,1.4014099836349487,1.4014099836349487,1.4010000228881836,1.401379942893982
1786055820,1.401360034942627,1.4013999700546265,1.4010000228881836,1.4013500213623047
1786055880,1.401360034942627,1.401419997215271,1.4010000228881836,1.4013500213623047
1786055940,1.4013500213623047,1.4014300107955933,1.4010000228881836,1.401419997215271
1786056000,1.4011000394821167,1.4014300107955933,1.4010000228881836,1.401379942893982
1786056060,1.4013999700546265,1.4014099836349487,1.4010000228881836,1.4013400077819824
1786056120,1.4013700485229492,1.4014099836349487,1.4010000228881836,1.4014099836349487
1786056180,1.401379942893982,1.4014099836349487,1.4010000228881836,1.4013299942016602
1786056240,1.4010000228881836,1.4014099836349487,1.4010000228881836,1.4013500213623047
1786056300,1.401379942893982,1.4013999700546265,1.4010000228881836,1.4013700485229492
1786056360,1.4012000560760498,1.4013999700546265,1.4010000228881836,1.4013700485229492
1786056420,1.4013999700546265,1.401419997215271,1.4010000228881836,1.401360034942627
1786056480,1.4011000394821167,1.4014300107955933,1.4011000394821167,1.4014300107955933
1786056540,1.4014300107955933,1.4014699459075928,1.4011000394821167,1.4013999700546265
1786056600,1.4013999700546265,1.4014699459075928,1.4012000560760498,1.401419997215271
1786056660,1.401379942893982,1.4014999866485596,1.4012000560760498,1.4014300107955933
1786056720,1.401419997215271,1.4014999866485596,1.4011000394821167,1.401419997215271
1786056780,1.4014099836349487,1.4014999866485596,1.4011000394821167,1.4014400243759155
1786056840,1.4014099836349487,1.4014999866485596,1.4011000394821167,1.4011000394821167
1786056900,1.401419997215271,1.4014999866485596,1.4011000394821167,1.4014899730682373
1786056960,1.4014300107955933,1.4015100002288818,1.4011000394821167,1.40146005153656
1786057020,1.40146005153656,1.401520013809204,1.4011000394821167,1.401479959487915
1786057080,1.4014500379562378,1.4015100002288818,1.4011000394821167,1.4011000394821167
1786057200,1.4014999866485596,1.4014999866485596,1.4011000394821167,1.4014400243759155
1786057260,1.4014999866485596,1.4014999866485596,1.4011000394821167,1.4014400243759155
1786057320,1.4014999866485596,1.4014999866485596,1.4011000394821167,1.4013999700546265
1786057380,1.4013999700546265,1.4014699459075928,1.4011000394821167,1.4014300107955933
1786057440,1.4013999700546265,1.4014699459075928,1.4011000394821167,1.4014300107955933
1786057500,1.4014099836349487,1.4014300107955933,1.4011000394821167,1.401379942893982
1786057560,1.4013899564743042,1.4014099836349487,1.4010000228881836,1.401379942893982
1786057620,1.4013500213623047,1.4013999700546265,1.4010000228881836,1.4011000394821167
1786057680,1.4013500213623047,1.4013999700546265,1.4010000228881836,1.4011000394821167
1786057740,1.4013400077819824,1.4013999700546265,1.4010000228881836,1.4013700485229492
1786057800,1.4013700485229492,1.4013700485229492,1.4009000062942505,1.4013400077819824
1786057860,1.4013700485229492,1.4013999700546265,1.4010000228881836,1.4013700485229492
1786057920,1.4013299942016602,1.4013299942016602,1.4010000228881836,1.401319980621338
1786057980,1.4012900590896606,1.4013299942016602,1.4010000228881836,1.4013299942016602
1786058040,1.4012999534606934,1.4013400077819824,1.4010000228881836,1.4013099670410156
1786058100,1.4012800455093384,1.4013099670410156,1.4009000062942505,1.4013099670410156
1786058160,1.4011000394821167,1.401319980621338,1.4010000228881836,1.401319980621338
1786058220,1.4012900590896606,1.4013400077819824,1.4010000228881836,1.4013099670410156
1786058280,1.401319980621338,1.4013400077819824,1.4010000228881836,1.4012999534606934
1786058340,1.4013099670410156,1.4013400077819824,1.4010000228881836,1.4013400077819824
1786058400,1.4012999534606934,1.4013400077819824,1.4010000228881836,1.4013099670410156
1786058460,1.4012999534606934,1.4013400077819824,1.4010000228881836,1.4012999534606934
1786058520,1.4013099670410156,1.4013700485229492,1.4010000228881836,1.4012900590896606
1786058580,1.4012900590896606,1.4013400077819824,1.4010000228881836,1.4010000228881836
1786058640,1.4013299942016602,1.4013299942016602,1.4010000228881836,1.4013099670410156
1786058700,1.4012999534606934,1.4013500213623047,1.4009000062942505,1.4012700319290161
1786058760,1.4012999534606934,1.4013099670410156,1.4009000062942505,1.4012999534606934
1786058820,1.4011000394821167,1.4012999534606934,1.4009000062942505,1.4011000394821167
1786058880,1.4012999534606934,1.4013099670410156,1.4009000062942505,1.4012700319290161
1786058940,1.4012700319290161,1.401379942893982,1.4010000228881836,1.4010000228881836
1786059000,1.4013500213623047,1.4014300107955933,1.4010000228881836,1.4014099836349487
1786059060,1.4013999700546265,1.4014099836349487,1.4010000228881836,1.4013700485229492
1786059120,1.4013700485229492,1.4014500379562378,1.4010000228881836,1.4011000394821167
1786059180,1.4014099836349487,1.401479959487915,1.4011000394821167,1.4014400243759155
1786059240,1.4014400243759155,1.4014999866485596,1.4011000394821167,1.4012000560760498
1786059300,1.4014500379562378,1.4014999866485596,1.4011000394821167,1.40146005153656
1786059360,1.401419997215271,1.4014999866485596,1.4011000394821167,1.40146005153656
1786059420,1.4012000560760498,1.4014300107955933,1.4011000394821167,1.401419997215271
1786059480,1.4011000394821167,1.4014999866485596,1.4011000394821167,1.4014300107955933
1786059540,1.4012000560760498,1.4014999866485596,1.4011000394821167,1.4014400243759155
1786059600,1.401419997215271,1.4014999866485596,1.4012000560760498,1.401419997215271
1786059660,1.4014300107955933,1.4014300107955933,1.4010000228881836,1.4013500213623047
1786059720,1.401379942893982,1.4013999700546265,1.4010000228881836,1.4013400077819824
1786059780,1.4013400077819824,1.4013999700546265,1.4010000228881836,1.4013299942016602
1786059840,1.4010000228881836,1.4013999700546265,1.4010000228881836,1.4013700485229492
1786059900,1.4013500213623047,1.4013999700546265,1.4010000228881836,1.4010000228881836
1786059960,1.4013299942016602,1.4013999700546265,1.4009000062942505,1.4010000228881836
1786060020,1.4012800455093384,1.4013099670410156,1.4009000062942505,1.4010000228881836
1786060080,1.4012399911880493,1.4012999534606934,1.4009000062942505,1.4010000228881836
1786060140,1.4012399911880493,1.4012999534606934,1.4009000062942505,1.4010000228881836
1786060200,1.4012399911880493,1.4013099670410156,1.4009000062942505,1.4012800455093384
1786060260,1.4012700319290161,1.401360034942627,1.4010000228881836,1.4013400077819824
1786060320,1.4013299942016602,1.4013999700546265,1.4010000228881836,1.4013700485229492
1786060380,1.401360034942627,1.4013999700546265,1.4010000228881836,1.4013700485229492
1786060440,1.4013400077819824,1.4013999700546265,1.4010000228881836,1.401360034942627
1786060500,1.401360034942627,1.4013999700546265,1.4009000062942505,1.4013299942016602
1786060560,1.4013299942016602,1.4014099836349487,1.4010000228881836,1.4013999700546265
1786060620,1.4013700485229492,1.4014099836349487,1.4010000228881836,1.401319980621338
1786060680,1.4013099670410156,1.4013999700546265,1.4010000228881836,1.4013400077819824
1786060740,1.4013400077819824,1.4013999700546265,1.4010000228881836,1.4013999700546265
1786060800,1.4013700485229492,1.4014999866485596,1.4010000228881836,1.4014400243759155
1786060860,1.40146005153656,1.4014999866485596,1.4010000228881836,1.4013899564743042
1786060920,1.4013899564743042,1.4014099836349487,1.4009000062942505,1.4009000062942505
1786060980,1.4012700319290161,1.4013700485229492,1.4009000062942505,1.4013700485229492
1786061040,1.4013299942016602,1.40146005153656,1.4010000228881836,1.4014500379562378
1786061100,1.4014099836349487,1.40146005153656,1.4010000228881836,1.4014300107955933
1786061160,1.4014300107955933,1.4014400243759155,1.4010000228881836,1.4012000560760498
1786061220,1.401360034942627,1.40146005153656,1.4010000228881836,1.4014300107955933
1786061280,1.4014699459075928,1.4014699459075928,1.4010000228881836,1.4013999700546265
1786061340,1.4013999700546265,1.4014400243759155,1.4010000228881836,1.4013899564743042
1786061400,1.401419997215271,1.40146005153656,1.4010000228881836,1.4014099836349487
1786061460,1.4014099836349487,1.401479959487915,1.4011000394821167,1.4014300107955933
1786061520,1.4014300107955933,1.4015100002288818,1.4011000394821167,1.40146005153656
1786061580,1.401479959487915,1.401520013809204,1.4011000394821167,1.4014500379562378
1786061640,1.4014899730682373,1.4014999866485596,1.4011000394821167,1.40146005153656
1786061700,1.4014699459075928,1.4015799760818481,1.4011000394821167,1.4012999534606934
1786061760,1.4015699625015259,1.4015799760818481,1.4011000394821167,1.4012000560760498
1786061820,1.4011000394821167,1.4014899730682373,1.4011000394821167,1.4014699459075928
1786061880,1.4011000394821167,1.4014999866485596,1.4011000394821167,1.401479959487915
1786061940,1.4014500379562378,1.4015300273895264,1.4011000394821167,1.4014999866485596
1786062000,1.4014999866485596,1.4015599489212036,1.4011000394821167,1.4015400409698486
1786062060,1.4015100002288818,1.4015599489212036,1.4011000394821167,1.4014999866485596
1786062120,1.401520013809204,1.4016000032424927,1.4011000394821167,1.4012000560760498
1786062180,1.4014999866485596,1.401550054550171,1.4011000394821167,1.4015300273895264
1786062240,1.4012999534606934,1.401550054550171,1.4011000394821167,1.4012000560760498
1786062300,1.4012999534606934,1.4015599489212036,1.4011000394821167,1.4014500379562378
1786062360,1.4014500379562378,1.401479959487915,1.4011000394821167,1.401479959487915
1786062420,1.4014400243759155,1.4014899730682373,1.4011000394821167,1.4014699459075928
1786062480,1.401479959487915,1.4014999866485596,1.4011000394821167,1.40146005153656
1786062540,1.40146005153656,1.4015100002288818,1.4011000394821167,1.401479959487915
1786062600,1.401479959487915,1.401550054550171,1.4011000394821167,1.401479959487915
1786062660,1.4014400243759155,1.4015100002288818,1.4010000228881836,1.4012000560760498
1786062720,1.4010000228881836,1.4014999866485596,1.4010000228881836,1.401419997215271
1786062780,1.4014500379562378,1.401479959487915,1.4011000394821167,1.4014400243759155
1786062840,1.4014400243759155,1.4014999866485596,1.4011000394821167,1.4014400243759155
1786062900,1.4012000560760498,1.4014999866485596,1.4011000394821167,1.4014500379562378
1786062960,1.4014500379562378,1.4014999866485596,1.4011000394821167,1.4014500379562378
1786063020,1.4014099836349487,1.4015100002288818,1.4011000394821167,1.4014400243759155
1786063080,1.4014500379562378,1.4015599489212036,1.4011000394821167,1.401520013809204
1786063140,1.4014999866485596,1.4015599489212036,1.4012000560760498,1.401550054550171
1786063200,1.4015400409698486,1.4016000032424927,1.4012000560760498,1.4015400409698486
1786063260,1.401550054550171,1.4016000032424927,1.4012000560760498,1.4015400409698486
1786063320,1.4015699625015259,1.4016000032424927,1.4012000560760498,1.4012999534606934
1786063380,1.4015400409698486,1.4016499519348145,1.4012000560760498,1.401610016822815
1786063440,1.401610016822815,1.4016400575637817,1.4012999534606934,1.4016000032424927
1786063500,1.4016000032424927,1.4016300439834595,1.4012000560760498,1.4015699625015259
1786063560,1.4015799760818481,1.4016599655151367,1.4012999534606934,1.4016200304031372
1786063620,1.4016200304031372,1.4016900062561035,1.4012999534606934,1.4016900062561035
1786063680,1.4014999866485596,1.401729941368103,1.4012999534606934,1.401729941368103
1786063740,1.401729941368103,1.4017499685287476,1.4012999534606934,1.4017499685287476
1786063800,1.4017200469970703,1.4017599821090698,1.4012999534606934,1.4016799926757812
1786063860,1.4016799926757812,1.401769995689392,1.4012999534606934,1.4017399549484253
1786063920,1.4017399549484253,1.401900053024292,1.4013999700546265,1.4018800258636475
1786063980,1.4018800258636475,1.401919960975647,1.4014999866485596,1.4018499851226807
1786064040,1.4018499851226807,1.4019099473953247,1.4014999866485596,1.4018499851226807
1786064100,1.4018800258636475,1.4019500017166138,1.4013999700546265,1.4019099473953247
1786064160,1.401900053024292,1.4019999504089355,1.4016000032424927,1.4019299745559692
1786064220,1.4019299745559692,1.4019999504089355,1.4014999866485596,1.401900053024292
1786064280,1.4018800258636475,1.4019299745559692,1.4014999866485596,1.4018499851226807
1786064340,1.4014999866485596,1.401900053024292,1.4014999866485596,1.4018299579620361
1786064400,1.4018499851226807,1.401859998703003,1.4012999534606934,1.4017499685287476
1786064460,1.4017499685287476,1.4018000364303589,1.4013999700546265,1.4017800092697144
1786064520,1.4017599821090698,1.401859998703003,1.4013999700546265,1.4018199443817139
1786064580,1.4018199443817139,1.401900053024292,1.4014999866485596,1.4016000032424927
1786064640,1.4018299579620361,1.4018700122833252,1.4013999700546265,1.4018100500106812
1786064700,1.4018100500106812,1.4018399715423584,1.4014999866485596,1.4017800092697144
1786064760,1.4017900228500366,1.4018499851226807,1.4014999866485596,1.4018000364303589
1786064820,1.4017800092697144,1.4018199443817139,1.4013999700546265,1.4013999700546265
1786064880,1.4013999700546265,1.4016900062561035,1.4012999534606934,1.4016400575637817
1786064940,1.4016200304031372,1.4016599655151367,1.4012999534606934,1.4016400575637817
1786065000,1.4016400575637817,1.4016900062561035,1.4012000560760498,1.401610016822815
1786065060,1.4016000032424927,1.4016400575637817,1.4012000560760498,1.4015400409698486
1786065120,1.4015400409698486,1.4015899896621704,1.4011000394821167,1.401520013809204
1786065180,1.401520013809204,1.4015799760818481,1.4012000560760498,1.4014999866485596
1786065240,1.4015100002288818,1.4015699625015259,1.4010000228881836,1.4012000560760498
1786065300,1.4015300273895264,1.4016000032424927,1.4012000560760498,1.401520013809204
1786065360,1.4015699625015259,1.4015699625015259,1.4011000394821167,1.4014699459075928
1786065420,1.4014699459075928,1.4014999866485596,1.4011000394821167,1.4014699459075928
1786065480,1.4014699459075928,1.401550054550171,1.4011000394821167,1.4015100002288818
1786065540,1.4015400409698486,1.4015899896621704,1.4012000560760498,1.4015400409698486
1786065600,1.401550054550171,1.4016000032424927,1.4012000560760498,1.4015599489212036
1786065660,1.4015699625015259,1.4015799760818481,1.4012000560760498,1.4014999866485596
1786065720,1.4014999866485596,1.4015599489212036,1.4011000394821167,1.4015300273895264
1786065780,1.401520013809204,1.4015799760818481,1.4012000560760498,1.4015100002288818
1786065840,1.4014999866485596,1.4015699625015259,1.4012000560760498,1.401520013809204
1786065900,1.4015400409698486,1.4015599489212036,1.4012000560760498,1.401520013809204
1786065960,1.4012000560760498,1.4015599489212036,1.4012000560760498,1.4012000560760498
1786066020,1.4014999866485596,1.4015400409698486,1.4011000394821167,1.4014999866485596
1786066080,1.4014999866485596,1.4015599489212036,1.4011000394821167,1.401550054550171
1786066140,1.401520013809204,1.4015799760818481,1.4012000560760498,1.4014999866485596
1786066200,1.401520013809204,1.4016799926757812,1.4011000394821167,1.4012999534606934
1786066260,1.4016599655151367,1.4017000198364258,1.4012999534606934,1.4016599655151367
1786066320,1.4016499519348145,1.401710033416748,1.4012999534606934,1.401669979095459
1786066380,1.4012999534606934,1.401669979095459,1.4012999534606934,1.4016200304031372
1786066440,1.4016200304031372,1.4016499519348145,1.4012000560760498,1.4016200304031372
1786066500,1.4015899896621704,1.4016599655151367,1.4012999534606934,1.4016000032424927
1786066560,1.401610016822815,1.4016499519348145,1.4012999534606934,1.4016200304031372
1786066620,1.4016200304031372,1.4016400575637817,1.4012000560760498,1.401520013809204
1786066680,1.4014999866485596,1.4016000032424927,1.4012000560760498,1.4015799760818481
1786066740,1.4015799760818481,1.401610016822815,1.4012000560760498,1.4015400409698486
1786066800,1.4013999700546265,1.4016000032424927,1.4011000394821167,1.4014400243759155
1786066860,1.4014400243759155,1.4014999866485596,1.4010000228881836,1.40146005153656
1786066920,1.4014699459075928,1.4014999866485596,1.4009000062942505,1.401360034942627
1786066980,1.401360034942627,1.4013999700546265,1.4010000228881836,1.4010000228881836
1786067040,1.401360034942627,1.4013999700546265,1.4009000062942505,1.401379942893982
1786067100,1.4013500213623047,1.4014099836349487,1.4010000228881836,1.4010000228881836
1786067160,1.4013700485229492,1.4014500379562378,1.4010000228881836,1.4014099836349487
1786067220,1.401419997215271,1.40146005153656,1.4011000394821167,1.401419997215271
1786067280,1.401419997215271,1.40146005153656,1.4011000394821167,1.4014500379562378
1786067340,1.401419997215271,1.4014999866485596,1.4010000228881836,1.4014400243759155
1786067400,1.4011000394821167,1.4015100002288818,1.4011000394821167,1.401479959487915
1786067460,1.4014899730682373,1.4015100002288818,1.4011000394821167,1.4012000560760498
1786067520,1.4014899730682373,1.4016000032424927,1.4011000394821167,1.4015599489212036
1786067580,1.4015599489212036,1.4016000032424927,1.4011000394821167,1.4015599489212036
1786067640,1.401520013809204,1.4015699625015259,1.4012000560760498,1.401550054550171
1786067700,1.4015300273895264,1.4015799760818481,1.4012000560760498,1.4015799760818481
1786067760,1.4015400409698486,1.4016000032424927,1.4010000228881836,1.4010000228881836
1786067820,1.4014899730682373,1.4015400409698486,1.4011000394821167,1.4015100002288818
1786067880,1.4015100002288818,1.4015599489212036,1.4010000228881836,1.4010000228881836
1786067940,1.4014699459075928,1.4016000032424927,1.4010000228881836,1.4015400409698486
1786068000,1.4015300273895264,1.4015699625015259,1.4010000228881836,1.4014500379562378
1786068060,1.4014500379562378,1.4015400409698486,1.4011000394821167,1.401520013809204
1786068120,1.4011000394821167,1.4015599489212036,1.4011000394821167,1.401550054550171
1786068180,1.401550054550171,1.4016000032424927,1.4012000560760498,1.4015599489212036
1786068240,1.4015599489212036,1.401610016822815,1.4012000560760498,1.4012000560760498
1786068300,1.401550054550171,1.4016000032424927,1.4012000560760498,1.401520013809204
1786068360,1.4015400409698486,1.4016000032424927,1.4012000560760498,1.4012000560760498
1786068420,1.401550054550171,1.4017000198364258,1.4012000560760498,1.4016799926757812
1786068480,1.4016900062561035,1.4017000198364258,1.4012000560760498,1.4016499519348145
1786068540,1.4016499519348145,1.4017000198364258,1.4012999534606934,1.4016400575637817
1786068600,1.4016400575637817,1.401669979095459,1.4012999534606934,1.4016599655151367
1786068660,1.4016200304031372,1.401669979095459,1.4011000394821167,1.4016000032424927
1786068720,1.401610016822815,1.4016400575637817,1.4012999534606934,1.4015799760818481
1786068780,1.4016000032424927,1.401669979095459,1.4012999534606934,1.4012999534606934
1786068840,1.4016300439834595,1.401710033416748,1.4012999534606934,1.401669979095459
1786068900,1.4017000198364258,1.4018000364303589,1.4012999534606934,1.401769995689392
1786068960,1.4017399549484253,1.4018000364303589,1.4013999700546265,1.401729941368103
1786069020,1.4017399549484253,1.4018000364303589,1.4013999700546265,1.4017499685287476
1786069080,1.4017499685287476,1.4018100500106812,1.4013999700546265,1.4014999866485596
1786069140,1.4017599821090698,1.4018100500106812,1.4013999700546265,1.4016000032424927
1786069200,1.4017599821090698,1.4018000364303589,1.4013999700546265,1.4017900228500366
1786069260,1.4017599821090698,1.4017900228500366,1.4013999700546265,1.4017200469970703
1786069320,1.401729941368103,1.4017800092697144,1.4013999700546265,1.4017499685287476
1786069380,1.4017200469970703,1.4018000364303589,1.4013999700546265,1.4014999866485596
1786069440,1.4017000198364258,1.4017399549484253,1.4012000560760498,1.4014999866485596
1786069500,1.4016599655151367,1.4017000198364258,1.4012999534606934,1.4016200304031372
1786069560,1.4013999700546265,1.4017000198364258,1.4012999534606934,1.401669979095459
1786069620,1.4016400575637817,1.401710033416748,1.4012999534606934,1.4016799926757812
1786069680,1.401669979095459,1.401729941368103,1.4012999534606934,1.401710033416748
1786069740,1.4017200469970703,1.4017200469970703,1.4012999534606934,1.401669979095459
1786069800,1.401669979095459,1.4018000364303589,1.4012999534606934,1.4017599821090698
1786069860,1.4017599821090698,1.4018000364303589,1.4013999700546265,1.4017499685287476
1786069920,1.4017499685287476,1.4018000364303589,1.4012000560760498,1.4012000560760498
1786069980,1.4016799926757812,1.401729941368103,1.4012999534606934,1.4016799926757812
1786070040,1.4016799926757812,1.4018199443817139,1.4012999534606934,1.4017599821090698
1786070100,1.4017599821090698,1.4018100500106812,1.4013999700546265,1.4017499685287476
1786070160,1.4017499685287476,1.4018000364303589,1.4013999700546265,1.4017499685287476
1786070220,1.4016000032424927,1.4018700122833252,1.4013999700546265,1.4013999700546265
1786070280,1.4018199443817139,1.401859998703003,1.4012999534606934,1.4012999534606934
1786070340,1.4017900228500366,1.4018700122833252,1.4012999534606934,1.4018399715423584
1786070400,1.4018100500106812,1.401859998703003,1.4013999700546265,1.4018499851226807
1786070460,1.4018199443817139,1.4018800258636475,1.4012999534606934,1.4018000364303589
1786070520,1.4018299579620361,1.4018800258636475,1.4013999700546265,1.4018399715423584
1786070580,1.4018399715423584,1.401900053024292,1.4014999866485596,1.4018499851226807
1786070640,1.401859998703003,1.401919960975647,1.4014999866485596,1.4018800258636475
1786070700,1.4018800258636475,1.401960015296936,1.4014999866485596,1.401919960975647
1786070760,1.401919960975647,1.4019500017166138,1.4013999700546265,1.4018900394439697
1786070820,1.401900053024292,1.4019299745559692,1.4013999700546265,1.4017000198364258
1786070880,1.401859998703003,1.401900053024292,1.4014999866485596,1.4018700122833252
1786070940,1.401859998703003,1.401900053024292,1.4014999866485596,1.4014999866485596
1786071000,1.4017900228500366,1.401900053024292,1.4014999866485596,1.4018800258636475
1786071060,1.4018399715423584,1.401900053024292,1.4014999866485596,1.4018199443817139
1786071120,1.4018199443817139,1.401900053024292,1.4014999866485596,1.401859998703003
1786071180,1.401859998703003,1.4019099473953247,1.4014999866485596,1.4014999866485596
1786071240,1.4018700122833252,1.4019299745559692,1.4014999866485596,1.4018700122833252
1786071300,1.401859998703003,1.4019800424575806,1.4014999866485596,1.401960015296936
1786071360,1.401960015296936,1.4019999504089355,1.4014999866485596,1.4019900560379028
1786071420,1.4019500017166138,1.4019999504089355,1.4016000032424927,1.4019700288772583
1786071480,1.4019900560379028,1.4020600318908691,1.4016000032424927,1.4020099639892578
1786071540,1.4020099639892578,1.4020400047302246,1.4016000032424927,1.4019800424575806
1786071600,1.4019700288772583,1.4020899534225464,1.4016000032424927,1.4020500183105469
1786071660,1.4020500183105469,1.4020999670028687,1.4016000032424927,1.4017000198364258
1786071720,1.4019900560379028,1.4020400047302246,1.4014999866485596,1.4014999866485596
1786071780,1.401919960975647,1.4019700288772583,1.4014999866485596,1.4017000198364258
1786071840,1.4019299745559692,1.4020099639892578,1.4016000032424927,1.4018000364303589
1786071900,1.4019700288772583,1.4019999504089355,1.4016000032424927,1.401960015296936
1786071960,1.4019399881362915,1.4020700454711914,1.4016000032424927,1.4019999504089355
1786072020,1.4017000198364258,1.40201997756958,1.4014999866485596,1.401960015296936
1786072080,1.4019700288772583,1.40201997756958,1.4014999866485596,1.4019800424575806
1786072140,1.4019900560379028,1.4020999670028687,1.4016000032424927,1.4016000032424927
1786072200,1.4020700454711914,1.4020999670028687,1.4017000198364258,1.4020600318908691
1786072260,1.4020600318908691,1.402109980583191,1.4017000198364258,1.4020600318908691
1786072320,1.4020600318908691,1.4020999670028687,1.4017000198364258,1.4020800590515137
1786072380,1.4020500183105469,1.4020899534225464,1.4017000198364258,1.40201997756958
1786072440,1.4020299911499023,1.4020800590515137,1.4017000198364258,1.4020700454711914
1786072500,1.4020400047302246,1.4020999670028687,1.4017000198364258,1.4020500183105469
1786072560,1.4020500183105469,1.402109980583191,1.4017000198364258,1.4017000198364258
1786072620,1.4020400047302246,1.4020999670028687,1.4016000032424927,1.4016000032424927
1786072680,1.4019900560379028,1.40201997756958,1.4014999866485596,1.4019800424575806
1786072740,1.401960015296936,1.4020600318908691,1.4016000032424927,1.40201997756958
1786072800,1.4020299911499023,1.4020700454711914,1.4017000198364258,1.4020299911499023
1786072860,1.40201997756958,1.4020700454711914,1.4014999866485596,1.4019800424575806
1786072920,1.4019800424575806,1.4020299911499023,1.4014999866485596,1.4019500017166138
1786072980,1.4019500017166138,1.4020299911499023,1.4016000032424927,1.4019900560379028
1786073040,1.4019500017166138,1.4019999504089355,1.4016000032424927,1.4019500017166138
1786073100,1.4019500017166138,1.4020099639892578,1.4016000032424927,1.4020099639892578
1786073160,1.401960015296936,1.4020099639892578,1.4016000032424927,1.401960015296936
1786073220,1.401960015296936,1.4019999504089355,1.4016000032424927,1.4016000032424927
1786073280,1.4019500017166138,1.4019999504089355,1.4016000032424927,1.4019700288772583
1786073340,1.4016000032424927,1.40201997756958,1.4016000032424927,1.4020099639892578
1786073400,1.4019800424575806,1.4020800590515137,1.4016000032424927,1.40201997756958
1786073460,1.4020600318908691,1.4020700454711914,1.4014999866485596,1.4014999866485596
1786073520,1.401960015296936,1.4020099639892578,1.4014999866485596,1.401900053024292
1786073580,1.401919960975647,1.4019700288772583,1.4016000032424927,1.4019299745559692
1786073640,1.4019299745559692,1.4019999504089355,1.4016000032424927,1.4019700288772583
1786073700,1.4019700288772583,1.4019999504089355,1.4016000032424927,1.4019399881362915
1786073760,1.401919960975647,1.4019999504089355,1.4016000032424927,1.401900053024292
1786073820,1.401900053024292,1.4019700288772583,1.4016000032424927,1.401919960975647
1786073880,1.401900053024292,1.4019700288772583,1.4016000032424927,1.4019099473953247
1786073940,1.4019099473953247,1.4019700288772583,1.4014999866485596,1.4019700288772583
1786074000,1.4019299745559692,1.4019999504089355,1.4016000032424927,1.401960015296936
1786074060,1.4018000364303589,1.4019999504089355,1.4016000032424927,1.4019900560379028
1786074120,1.4019500017166138,1.4020099639892578,1.4016000032424927,1.4020099639892578
1786074180,1.4019900560379028,1.4020099639892578,1.4016000032424927,1.401960015296936
1786074240,1.4019700288772583,1.4020099639892578,1.4016000032424927,1.4019399881362915
1786074300,1.4019399881362915,1.4019999504089355,1.4016000032424927,1.401960015296936
1786074360,1.401919960975647,1.4019800424575806,1.4016000032424927,1.4019399881362915
1786074420,1.4019399881362915,1.4019800424575806,1.4016000032424927,1.4016000032424927
1786074480,1.4019399881362915,1.4019999504089355,1.4016000032424927,1.401960015296936
1786074540,1.4019900560379028,1.4019999504089355,1.4016000032424927,1.4016000032424927
1786074600,1.4019399881362915,1.4019800424575806,1.4016000032424927,1.4019800424575806
1786074660,1.4019500017166138,1.4019800424575806,1.4016000032424927,1.4017000198364258
1786074720,1.4018900394439697,1.4019999504089355,1.4016000032424927,1.4016000032424927
1786074780,1.4019399881362915,1.40201997756958,1.4017000198364258,1.401960015296936
1786074840,1.401960015296936,1.4020099639892578,1.4013999700546265,1.4018299579620361
1786074900,1.4018299579620361,1.401859998703003,1.4014999866485596,1.4018499851226807
1786074960,1.4018199443817139,1.4018700122833252,1.4014999866485596,1.4018199443817139
1786075020,1.4018199443817139,1.4018700122833252,1.4014999866485596,1.4018100500106812
1786075080,1.4018000364303589,1.401900053024292,1.4014999866485596,1.4018900394439697
1786075140,1.4018499851226807,1.401900053024292,1.4014999866485596,1.4018199443817139
1786075200,1.4018199443817139,1.4018700122833252,1.4012999534606934,1.4017399549484253
1786075260,1.4017800092697144,1.4018199443817139,1.4012999534606934,1.4014999866485596
1786075320,1.4017599821090698,1.4018700122833252,1.4013999700546265,1.4013999700546265
1786075380,1.4018299579620361,1.4019099473953247,1.4013999700546265,1.4018700122833252
1786075440,1.401859998703003,1.401919960975647,1.4014999866485596,1.4019099473953247
1786075500,1.4018800258636475,1.4019099473953247,1.4014999866485596,1.4017000198364258
1786075560,1.401859998703003,1.401900053024292,1.4014999866485596,1.401900053024292
1786075620,1.4018700122833252,1.401900053024292,1.4014999866485596,1.4016000032424927
1786075680,1.4018499851226807,1.401900053024292,1.4014999866485596,1.4018399715423584
1786075740,1.4018299579620361,1.4019099473953247,1.4014999866485596,1.401900053024292
1786075800,1.401900053024292,1.4019299745559692,1.4014999866485596,1.4018700122833252
1786075860,1.4018800258636475,1.401919960975647,1.4014999866485596,1.4016000032424927
1786075920,1.4019099473953247,1.401919960975647,1.4014999866485596,1.4018499851226807
1786075980,1.4018900394439697,1.401900053024292,1.4014999866485596,1.4018499851226807
1786076040,1.4018399715423584,1.401900053024292,1.4014999866485596,1.4018399715423584
1786076100,1.4018299579620361,1.401900053024292,1.4014999866485596,1.4014999866485596
1786076160,1.4018499851226807,1.401900053024292,1.4014999866485596,1.4014999866485596
1786076220,1.4018700122833252,1.401919960975647,1.4014999866485596,1.401900053024292
1786076280,1.4018700122833252,1.4019099473953247,1.4014999866485596,1.4018900394439697
1786076340,1.4018800258636475,1.401919960975647,1.4014999866485596,1.401900053024292
1786076400,1.4018700122833252,1.4019099473953247,1.4014999866485596,1.4018499851226807
1786076460,1.4018499851226807,1.4018499851226807,1.4012999534606934,1.4017800092697144
1786076520,1.4013999700546265,1.4018000364303589,1.4013999700546265,1.4017599821090698
1786076580,1.4017599821090698,1.4018000364303589,1.4013999700546265,1.4017599821090698
1786076640,1.4017499685287476,1.4018199443817139,1.4013999700546265,1.4014999866485596
1786076700,1.4017800092697144,1.401859998703003,1.4013999700546265,1.4018299579620361
1786076760,1.4018199443817139,1.4018900394439697,1.4014999866485596,1.4018700122833252
1786076820,1.401859998703003,1.4019099473953247,1.4014999866485596,1.4018199443817139
1786076880,1.4018399715423584,1.4018700122833252,1.4014999866485596,1.4014999866485596
1786076940,1.4017800092697144,1.401859998703003,1.4012999534606934,1.4018199443817139
1786077000,1.4018499851226807,1.4018700122833252,1.4013999700546265,1.4017200469970703
1786077060,1.4017200469970703,1.4017599821090698,1.4013999700546265,1.4017200469970703
1786077120,1.4017200469970703,1.401769995689392,1.4012000560760498,1.4012000560760498
1786077180,1.4016799926757812,1.401769995689392,1.4012999534606934,1.401729941368103
1786077240,1.401729941368103,1.4018000364303589,1.4013999700546265,1.4014999866485596
1786077300,1.4017399549484253,1.4018000364303589,1.4013999700546265,1.4018000364303589
1786077360,1.4017800092697144,1.4019099473953247,1.4013999700546265,1.4018700122833252
1786077420,1.4018700122833252,1.401919960975647,1.4014999866485596,1.4019099473953247
1786077480,1.4016000032424927,1.401919960975647,1.4014999866485596,1.4018800258636475
1786077540,1.4018800258636475,1.401919960975647,1.4014999866485596,1.401919960975647
1786077600,1.401900053024292,1.4020099639892578,1.4014999866485596,1.4019800424575806
1786077660,1.4019900560379028,1.40201997756958,1.4016000032424927,1.4016000032424927
1786077720,1.4019700288772583,1.40201997756958,1.4016000032424927,1.401960015296936
1786077780,1.4019700288772583,1.4020099639892578,1.4016000032424927,1.4017000198364258
1786077840,1.4019399881362915,1.4019700288772583,1.4014999866485596,1.4014999866485596
1786077900,1.4018499851226807,1.401900053024292,1.4014999866485596,1.4018399715423584
1786077960,1.4018499851226807,1.4019099473953247,1.4014999866485596,1.4014999866485596
1786078020,1.4018499851226807,1.4019999504089355,1.4014999866485596,1.401960015296936
1786078080,1.401960015296936,1.4019999504089355,1.4014999866485596,1.4017000198364258
1786078140,1.4019099473953247,1.4019700288772583,1.4016000032424927,1.4019700288772583
1786078200,1.401919960975647,1.4019700288772583,1.4013999700546265,1.4019099473953247
1786078260,1.4018700122833252,1.4019099473953247,1.4014999866485596,1.4016000032424927
1786078320,1.4019099473953247,1.4019099473953247,1.4014999866485596,1.4018800258636475
1786078380,1.4018800258636475,1.401919960975647,1.4014999866485596,1.4018900394439697
1786078440,1.4018800258636475,1.401919960975647,1.4014999866485596,1.4018499851226807
1786078500,1.401859998703003,1.401919960975647,1.4014999866485596,1.401900053024292
1786078560,1.4019099473953247,1.4019099473953247,1.4014999866485596,1.4018700122833252
1786078620,1.401859998703003,1.4019099473953247,1.4014999866485596,1.4014999866485596
1786078680,1.401900053024292,1.4019099473953247,1.4014999866485596,1.4018700122833252
1786078740,1.4018700122833252,1.4019299745559692,1.4014999866485596,1.4018800258636475
1786078800,1.4018800258636475,1.401919960975647,1.4014999866485596,1.4019099473953247
1786078860,1.4018800258636475,1.4019299745559692,1.4016000032424927,1.4018800258636475
1786078920,1.4018900394439697,1.401919960975647,1.4014999866485596,1.4019099473953247
1786078980,1.401900053024292,1.401900053024292,1.4014999866485596,1.4018800258636475
1786079040,1.4018900394439697,1.4019099473953247,1.4014999866485596,1.401900053024292
1786079100,1.4018399715423584,1.4019700288772583,1.4014999866485596,1.401960015296936
1786079160,1.4019700288772583,1.4019999504089355,1.4016000032424927,1.4019399881362915
1786079220,1.4019500017166138,1.4019999504089355,1.4016000032424927,1.4019999504089355
1786079280,1.4019900560379028,1.4020099639892578,1.4016000032424927,1.4019800424575806
1786079340,1.4019700288772583,1.4020099639892578,1.4016000032424927,1.4019700288772583
1786079400,1.4019900560379028,1.40201997756958,1.4016000032424927,1.4016000032424927
1786079460,1.4016000032424927,1.4019999504089355,1.4016000032424927,1.401960015296936
1786079520,1.401960015296936,1.4020099639892578,1.4016000032424927,1.4018000364303589
1786079580,1.401960015296936,1.4019999504089355,1.4016000032424927,1.401960015296936
1786079640,1.4019900560379028,1.4020099639892578,1.4016000032424927,1.4017000198364258
1786079700,1.4019900560379028,1.4020999670028687,1.4016000032424927,1.4018000364303589
1786079760,1.4020800590515137,1.4020899534225464,1.4017000198364258,1.4017000198364258
1786079820,1.4018000364303589,1.402109980583191,1.4017000198364258,1.402109980583191
1786079880,1.4020700454711914,1.402109980583191,1.4017000198364258,1.4018000364303589
1786079940,1.402109980583191,1.402109980583191,1.4017000198364258,1.4020999670028687
1786080000,1.4020600318908691,1.402209997177124,1.4017000198364258,1.4021600484848022
1786080060,1.4018000364303589,1.4022200107574463,1.4018000364303589,1.402209997177124
1786080120,1.401900053024292,1.4022599458694458,1.401900053024292,1.4021999835968018
1786080180,1.402209997177124,1.4023000001907349,1.4018000364303589,1.4022899866104126
1786080240,1.402250051498413,1.4023000001907349,1.401900053024292,1.4022899866104126
1786080300,1.402250051498413,1.4022899866104126,1.401900053024292,1.402269959449768
1786080360,1.401900053024292,1.4023000001907349,1.401900053024292,1.4022799730300903
1786080420,1.4022200107574463,1.4023000001907349,1.401900053024292,1.4022599458694458
1786080480,1.4022599458694458,1.4023200273513794,1.401900053024292,1.402269959449768
1786080540,1.401900053024292,1.402359962463379,1.401900053024292,1.4023300409317017
1786080600,1.401900053024292,1.402500033378601,1.401900053024292,1.4024399518966675
1786080660,1.4024399518966675,1.4024800062179565,1.401900053024292,1.402400016784668
1786080720,1.4019999504089355,1.402400016784668,1.4019999504089355,1.4023499488830566
1786080780,1.402359962463379,1.402400016784668,1.4018000364303589,1.4018000364303589
1786080840,1.4022599458694458,1.4022799730300903,1.4018000364303589,1.401900053024292
1786080900,1.401900053024292,1.4022799730300903,1.4017000198364258,1.4017000198364258
1786080960,1.4019999504089355,1.4022200107574463,1.4018000364303589,1.4021300077438354
1786081020,1.4021300077438354,1.402209997177124,1.4018000364303589,1.4018000364303589
1786081080,1.4021600484848022,1.4021999835968018,1.4018000364303589,1.402169942855835
1786081140,1.4021600484848022,1.4022899866104126,1.4018000364303589,1.4022799730300903
1786081200,1.4022899866104126,1.4023200273513794,1.401900053024292,1.4022799730300903
1786081260,1.4022400379180908,1.4023000001907349,1.401900053024292,1.4022599458694458
1786081320,1.4022599458694458,1.4023100137710571,1.401900053024292,1.401900053024292
1786081380,1.4022599458694458,1.4023100137710571,1.401900053024292,1.4020999670028687
1786081440,1.402269959449768,1.4023000001907349,1.4020999670028687,1.4020999670028687
1786081500,1.402269959449768,1.4023000001907349,1.4017000198364258,1.4018000364303589
1786081560,1.402169942855835,1.402269959449768,1.4018000364303589,1.402209997177124
1786081620,1.401900053024292,1.402250051498413,1.4017000198364258,1.4020700454711914
1786081680,1.4017000198364258,1.4021300077438354,1.4016000032424927,1.4016000032424927
1786081740,1.4018000364303589,1.4020999670028687,1.4017000198364258,1.4019999504089355
1786081800,1.4018000364303589,1.4020700454711914,1.4014999866485596,1.401960015296936
1786081860,1.4019999504089355,1.4020099639892578,1.4016000032424927,1.4019399881362915
1786081920,1.401960015296936,1.4021199941635132,1.4016000032424927,1.401900053024292
1786081980,1.4020700454711914,1.4021199941635132,1.4017000198364258,1.4020800590515137
1786082040,1.4020899534225464,1.4021799564361572,1.4018000364303589,1.402169942855835
1786082100,1.4021300077438354,1.4023300409317017,1.4017000198364258,1.4022599458694458
1786082160,1.402269959449768,1.402359962463379,1.401900053024292,1.4023000001907349
1786082220,1.4023200273513794,1.4023799896240234,1.401900053024292,1.4019999504089355
1786082280,1.4022799730300903,1.4024100303649902,1.4019999504089355,1.4019999504089355
1786082340,1.4023699760437012,1.4024499654769897,1.4019999504089355,1.4024100303649902
1786082400,1.4024499654769897,1.402500033378601,1.401900053024292,1.401900053024292
1786082460,1.402359962463379,1.4024200439453125,1.401900053024292,1.4023799896240234
1786082520,1.4023900032043457,1.4025599956512451,1.4020999670028687,1.402519941329956
1786082580,1.4024900197982788,1.402609944343567,1.4021999835968018,1.4026000499725342
1786082640,1.4025700092315674,1.4026999473571777,1.4021999835968018,1.4026800394058228
1786082700,1.4026399850845337,1.4027999639511108,1.4023000001907349,1.4023000001907349
1786082760,1.4027800559997559,1.4027899503707886,1.4021999835968018,1.4026999473571777
1786082820,1.4026700258255005,1.402809977531433,1.4023000001907349,1.4027700424194336
1786082880,1.4027600288391113,1.402809977531433,1.402400016784668,1.4027999639511108
1786082940,1.4027600288391113,1.4027999639511108,1.4023000001907349,1.402400016784668
1786083000,1.402500033378601,1.4027099609375,1.4023000001907349,1.4026199579238892
1786083060,1.4026199579238892,1.4026800394058228,1.4021999835968018,1.4026199579238892
1786083120,1.4026299715042114,1.4026700258255005,1.4023000001907349,1.4026700258255005
1786083180,1.4026399850845337,1.402690052986145,1.4023000001907349,1.4026299715042114
1786083240,1.4026700258255005,1.4026800394058228,1.4021999835968018,1.402649998664856
1786083300,1.4026199579238892,1.4026600122451782,1.4020999670028687,1.4025599956512451
1786083360,1.4025700092315674,1.4026999473571777,1.4020999670028687,1.402609944343567
1786083420,1.402609944343567,1.4026600122451782,1.4021999835968018,1.4025800228118896
1786083480,1.402590036392212,1.4026199579238892,1.4021999835968018,1.4025700092315674
1786083540,1.4025700092315674,1.402609944343567,1.4020999670028687,1.402590036392212
1786083600,1.4025599956512451,1.402609944343567,1.4021999835968018,1.402590036392212
1786083660,1.4025499820709229,1.4026000499725342,1.4020999670028687,1.402459979057312
1786083720,1.402459979057312,1.4025599956512451,1.4019999504089355,1.4021999835968018
1786083780,1.402500033378601,1.4025299549102783,1.4020999670028687,1.4024800062179565
1786083840,1.4024800062179565,1.402519941329956,1.4019999504089355,1.4023499488830566
1786083900,1.4023499488830566,1.4024200439453125,1.4019999504089355,1.402340054512024
1786083960,1.402359962463379,1.4025100469589233,1.4019999504089355,1.402459979057312
1786084020,1.402459979057312,1.402500033378601,1.4019999504089355,1.4024499654769897
1786084080,1.4024399518966675,1.4025499820709229,1.4020999670028687,1.4025100469589233
1786084140,1.4025100469589233,1.4025700092315674,1.4020999670028687,1.4024900197982788
1786084200,1.4024800062179565,1.4025599956512451,1.4020999670028687,1.4024699926376343
1786084260,1.402500033378601,1.4025599956512451,1.4021999835968018,1.4025100469589233
1786084320,1.4025100469589233,1.4025700092315674,1.4020999670028687,1.402519941329956
1786084380,1.4024900197982788,1.402519941329956,1.4020999670028687,1.4020999670028687
1786084440,1.4024499654769897,1.402500033378601,1.4020999670028687,1.4021999835968018
1786084500,1.4020999670028687,1.402500033378601,1.4020999670028687,1.4024300575256348
1786084560,1.4024200439453125,1.402459979057312,1.401900053024292,1.4022899866104126
1786084620,1.4022899866104126,1.402400016784668,1.401900053024292,1.4023200273513794
1786084680,1.4023200273513794,1.4024100303649902,1.4019999504089355,1.4023699760437012
1786084740,1.4023699760437012,1.4024200439453125,1.4019999504089355,1.402359962463379
1786084800,1.4023699760437012,1.4024200439453125,1.4019999504089355,1.4024100303649902
1786084860,1.4023900032043457,1.4024200439453125,1.4019999504089355,1.4019999504089355
1786084920,1.402340054512024,1.402400016784668,1.401900053024292,1.402269959449768
1786084980,1.4019999504089355,1.402400016784668,1.4018000364303589,1.4019999504089355
1786085040,1.4023200273513794,1.4024100303649902,1.401900053024292,1.4023200273513794
1786085100,1.4023000001907349,1.4023300409317017,1.4019999504089355,1.4023000001907349
1786085160,1.402269959449768,1.4023100137710571,1.4018000364303589,1.402269959449768
1786085220,1.4022400379180908,1.4022799730300903,1.401900053024292,1.401900053024292
1786085280,1.4021600484848022,1.4022599458694458,1.4017000198364258,1.4022300243377686
1786085340,1.4022300243377686,1.4023000001907349,1.401900053024292,1.4023000001907349
1786085400,1.402269959449768,1.402400016784668,1.4019999504089355,1.4023300409317017
1786085460,1.4023000001907349,1.4023300409317017,1.401900053024292,1.4022599458694458
1786085520,1.4019999504089355,1.4023000001907349,1.4018000364303589,1.402169942855835
1786085580,1.4021999835968018,1.402209997177124,1.4018000364303589,1.4018000364303589
1786085640,1.4021600484848022,1.402209997177124,1.4018000364303589,1.4018000364303589
1786085700,1.402169942855835,1.402209997177124,1.4018000364303589,1.4021600484848022
1786085760,1.4021600484848022,1.4021999835968018,1.4018000364303589,1.4020999670028687
1786085820,1.4020999670028687,1.4023200273513794,1.4018000364303589,1.4022899866104126
1786085880,1.401900053024292,1.4023200273513794,1.401900053024292,1.402269959449768
1786085940,1.402269959449768,1.402359962463379,1.4018000364303589,1.4023200273513794
1786086000,1.4019999504089355,1.402400016784668,1.401900053024292,1.402359962463379
1786086060,1.402359962463379,1.402359962463379,1.4018000364303589,1.4022300243377686
1786086120,1.4022300243377686,1.4022899866104126,1.4018000364303589,1.4021899700164795
1786086180,1.4021799564361572,1.402209997177124,1.4018000364303589,1.4020700454711914
1786086240,1.4020700454711914,1.4021899700164795,1.4016000032424927,1.4021600484848022
1786086300,1.4021600484848022,1.4023000001907349,1.4017000198364258,1.402269959449768
1786086360,1.4022400379180908,1.4023000001907349,1.401900053024292,1.4022400379180908
1786086420,1.402269959449768,1.4023000001907349,1.401900053024292,1.402169942855835
1786086480,1.402169942855835,1.402209997177124,1.4017000198364258,1.4021999835968018
1786086540,1.402169942855835,1.4021999835968018,1.4018000364303589,1.401900053024292
1786086600,1.402169942855835,1.4021999835968018,1.4017000198364258,1.4020800590515137
1786086660,1.4020800590515137,1.402109980583191,1.4016000032424927,1.4020299911499023
1786086720,1.4020500183105469,1.4020999670028687,1.4017000198364258,1.4020500183105469
1786086780,1.4020700454711914,1.4021999835968018,1.4017000198364258,1.4020999670028687
1786086840,1.4020800590515137,1.4022799730300903,1.4018000364303589,1.401900053024292
1786086900,1.402250051498413,1.4022799730300903,1.4018000364303589,1.4021600484848022
1786086960,1.4021600484848022,1.4022200107574463,1.4017000198364258,1.4021600484848022
1786087020,1.4021600484848022,1.4021999835968018,1.4017000198364258,1.4020999670028687
1786087080,1.4020800590515137,1.402169942855835,1.4017000198364258,1.4021400213241577
1786087140,1.4021400213241577,1.402209997177124,1.4018000364303589,1.4021799564361572
1786087200,1.40215003490448,1.402250051498413,1.4018000364303589,1.401900053024292
1786087260,1.4021400213241577,1.4021999835968018,1.4018000364303589,1.4020899534225464
1786087320,1.4020999670028687,1.4021999835968018,1.4018000364303589,1.4021600484848022
1786087380,1.4021600484848022,1.402269959449768,1.401900053024292,1.402169942855835
1786087440,1.4021799564361572,1.4022599458694458,1.401900053024292,1.402209997177124
1786087500,1.402209997177124,1.402269959449768,1.4018000364303589,1.402109980583191
1786087560,1.4021199941635132,1.402209997177124,1.4017000198364258,1.402169942855835
1786087620,1.402169942855835,1.4022200107574463,1.4018000364303589,1.4020899534225464
1786087680,1.4020800590515137,1.4021999835968018,1.4016000032424927,1.4021400213241577
1786087740,1.4021400213241577,1.4023000001907349,1.4017000198364258,1.402269959449768
1786087800,1.4022300243377686,1.4022899866104126,1.401900053024292,1.4022200107574463
1786087860,1.402209997177124,1.4023499488830566,1.401900053024292,1.4022799730300903
1786087920,1.402250051498413,1.4023000001907349,1.401900053024292,1.4022400379180908
1786087980,1.402250051498413,1.402400016784668,1.401900053024292,1.402340054512024
1786088040,1.4023499488830566,1.402400016784668,1.401900053024292,1.4020999670028687
1786088100,1.4023799896240234,1.402519941329956,1.4020999670028687,1.402400016784668
1786088160,1.4024100303649902,1.402500033378601,1.4019999504089355,1.4019999504089355
1786088220,1.4023100137710571,1.4023799896240234,1.4019999504089355,1.4022799730300903
1786088280,1.4022799730300903,1.402359962463379,1.4018000364303589,1.4023100137710571
1786088340,1.4023100137710571,1.4024900197982788,1.4019999504089355,1.402459979057312
1786088400,1.4024499654769897,1.402500033378601,1.4019999504089355,1.4024200439453125
1786088460,1.4024200439453125,1.402500033378601,1.401900053024292,1.402459979057312
1786088520,1.402459979057312,1.402519941329956,1.4019999504089355,1.4024499654769897
1786088580,1.4024399518966675,1.4025599956512451,1.4020999670028687,1.4025299549102783
1786088640,1.4025299549102783,1.4025499820709229,1.4020999670028687,1.4024900197982788
1786088700,1.402459979057312,1.402500033378601,1.4020999670028687,1.4021999835968018
1786088760,1.4024499654769897,1.4026000499725342,1.4020999670028687,1.4025499820709229
1786088820,1.4025499820709229,1.402590036392212,1.4020999670028687,1.4024499654769897
1786088880,1.402459979057312,1.4024900197982788,1.4020999670028687,1.4024499654769897
1786088940,1.4024399518966675,1.4024900197982788,1.4020999670028687,1.402459979057312
1786089000,1.4024399518966675,1.402500033378601,1.4020999670028687,1.4024900197982788
1786089060,1.402459979057312,1.4024900197982788,1.4020999670028687,1.4024300575256348
1786089120,1.4024300575256348,1.4024800062179565,1.4020999670028687,1.4024699926376343
1786089180,1.4024499654769897,1.4024499654769897,1.4020999670028687,1.402400016784668
1786089240,1.402400016784668,1.4024900197982788,1.4019999504089355,1.4023499488830566
1786089300,1.4023900032043457,1.402400016784668,1.4018000364303589,1.4022599458694458
1786089360,1.402269959449768,1.4023699760437012,1.401900053024292,1.402340054512024
1786089420,1.4023699760437012,1.4024100303649902,1.4019999504089355,1.402340054512024
1786089480,1.402340054512024,1.4024100303649902,1.4019999504089355,1.402359962463379
1786089540,1.402359962463379,1.402400016784668,1.4019999504089355,1.402359962463379
1786089600,1.402340054512024,1.4024100303649902,1.4019999504089355,1.4020999670028687
1786089660,1.4020999670028687,1.4025700092315674,1.4019999504089355,1.4025399684906006
1786089720,1.4025399684906006,1.4026000499725342,1.4020999670028687,1.4025399684906006
1786089780,1.4025499820709229,1.4026000499725342,1.4021999835968018,1.4023000001907349
1786089840,1.4025399684906006,1.4026000499725342,1.4021999835968018,1.4025299549102783
1786089900,1.4021999835968018,1.4026000499725342,1.4021999835968018,1.4025499820709229
1786089960,1.4023000001907349,1.4026000499725342,1.4021999835968018,1.4025399684906006
1786090020,1.4025399684906006,1.4026700258255005,1.4021999835968018,1.402649998664856
1786090080,1.4026299715042114,1.4027099609375,1.4021999835968018,1.4026399850845337
1786090140,1.4026700258255005,1.4026999473571777,1.4020999670028687,1.4025399684906006
1786090200,1.4025499820709229,1.4026800394058228,1.4021999835968018,1.402649998664856
1786090260,1.402649998664856,1.4027099609375,1.4023000001907349,1.4026700258255005
1786090320,1.402400016784668,1.4027700424194336,1.402400016784668,1.402649998664856
1786090380,1.402690052986145,1.4026999473571777,1.4023000001907349,1.4026700258255005
1786090440,1.402690052986145,1.4027099609375,1.4023000001907349,1.402400016784668
1786090500,1.4026399850845337,1.4026800394058228,1.4019999504089355,1.4024399518966675
1786090560,1.4024800062179565,1.402500033378601,1.4020999670028687,1.4024699926376343
1786090620,1.4024699926376343,1.4025499820709229,1.4020999670028687,1.4024699926376343
1786090680,1.4024699926376343,1.4025100469589233,1.4020999670028687,1.4024100303649902
1786090740,1.4024100303649902,1.4026000499725342,1.4020999670028687,1.4025700092315674
1786090800,1.4025599956512451,1.4026000499725342,1.4020999670028687,1.4025399684906006
1786090860,1.4025299549102783,1.4026000499725342,1.4021999835968018,1.4025599956512451
1786090920,1.4025399684906006,1.4026600122451782,1.4021999835968018,1.402649998664856
1786090980,1.4026299715042114,1.4026600122451782,1.4021999835968018,1.4026399850845337
1786091040,1.402400016784668,1.4026999473571777,1.4020999670028687,1.402649998664856
1786091100,1.402649998664856,1.4026999473571777,1.4021999835968018,1.402500033378601
1786091160,1.4026600122451782,1.4027999639511108,1.4023000001907349,1.4027700424194336
1786091220,1.4027400016784668,1.4028700590133667,1.402400016784668,1.4028400182724
1786091280,1.4028600454330444,1.402899980545044,1.402500033378601,1.4028600454330444
1786091340,1.4028600454330444,1.4029200077056885,1.402500033378601,1.4028600454330444
1786091400,1.4028600454330444,1.4029099941253662,1.402500033378601,1.4028400182724
1786091460,1.4028500318527222,1.4029099941253662,1.402500033378601,1.4028600454330444
1786091520,1.4028500318527222,1.402899980545044,1.402400016784668,1.4027400016784668
1786091580,1.4027400016784668,1.4027700424194336,1.4021999835968018,1.4026600122451782
1786091640,1.4026399850845337,1.4027400016784668,1.4023000001907349,1.4026999473571777
1786091700,1.402690052986145,1.402750015258789,1.4023000001907349,1.4027299880981445
1786091760,1.402400016784668,1.4028300046920776,1.402400016784668,1.402750015258789
1786091820,1.402500033378601,1.402809977531433,1.4023000001907349,1.4026800394058228
1786091880,1.4023000001907349,1.4026999473571777,1.4021999835968018,1.4025399684906006
1786091940,1.4025299549102783,1.402609944343567,1.4020999670028687,1.4021999835968018
1786092000,1.4025599956512451,1.4026000499725342,1.4021999835968018,1.402519941329956
1786092060,1.402519941329956,1.4025499820709229,1.4020999670028687,1.4025399684906006
1786092120,1.4025100469589233,1.4025499820709229,1.4019999504089355,1.4024800062179565
1786092180,1.4024399518966675,1.402519941329956,1.4020999670028687,1.4024499654769897
1786092240,1.402459979057312,1.402500033378601,1.4020999670028687,1.402359962463379
1786092300,1.4023799896240234,1.402400016784668,1.4018000364303589,1.4023200273513794
1786092360,1.4023200273513794,1.402359962463379,1.4018000364303589,1.4021600484848022
1786092420,1.40215003490448,1.4022400379180908,1.4018000364303589,1.4021799564361572
1786092480,1.4021799564361572,1.4023100137710571,1.4018000364303589,1.4022799730300903
1786092540,1.401900053024292,1.4023000001907349,1.401900053024292,1.4022799730300903
1786092600,1.401900053024292,1.4022799730300903,1.401900053024292,1.4022200107574463
1786092660,1.4022799730300903,1.4022799730300903,1.4017000198364258,1.4021199941635132
1786092720,1.4021899700164795,1.4021899700164795,1.4016000032424927,1.4020700454711914
1786092780,1.4020899534225464,1.402250051498413,1.4017000198364258,1.4022300243377686
1786092840,1.4022599458694458,1.402269959449768,1.4018000364303589,1.4022200107574463
1786092900,1.4022300243377686,1.4022599458694458,1.4018000364303589,1.4021400213241577
1786092960,1.4021400213241577,1.4023200273513794,1.4018000364303589,1.4023200273513794
1786093020,1.4022899866104126,1.4023200273513794,1.401900053024292,1.4023100137710571
1786093080,1.4022799730300903,1.4023100137710571,1.401900053024292,1.4022599458694458
1786093140,1.4022300243377686,1.4023100137710571,1.401900053024292,1.4022899866104126
1786093200,1.4022599458694458,1.4023499488830566,1.401900053024292,1.4022599458694458
1786093260,1.4022599458694458,1.4023000001907349,1.4018000364303589,1.4022799730300903
1786093320,1.4022200107574463,1.4023000001907349,1.401900053024292,1.401900053024292
1786093380,1.40215003490448,1.402209997177124,1.4017000198364258,1.40201997756958
1786093440,1.4020600318908691,1.4020899534225464,1.4014999866485596,1.4019800424575806
1786093500,1.40201997756958,1.40201997756958,1.4016000032424927,1.401960015296936
1786093560,1.4019900560379028,1.4019999504089355,1.4016000032424927,1.4019700288772583
1786093620,1.4019399881362915,1.4019800424575806,1.4014999866485596,1.4018700122833252
1786093680,1.4018199443817139,1.401900053024292,1.4013999700546265,1.401859998703003
1786093740,1.401859998703003,1.4019700288772583,1.4014999866485596,1.4019299745559692
1786093800,1.4019299745559692,1.4019900560379028,1.4014999866485596,1.4019500017166138
1786093860,1.4019500017166138,1.4019900560379028,1.4016000032424927,1.401919960975647
1786093920,1.401919960975647,1.4019500017166138,1.4013999700546265,1.4017399549484253
1786093980,1.4017399549484253,1.401769995689392,1.4012000560760498,1.4016900062561035
1786094040,1.4017000198364258,1.4017599821090698,1.4013999700546265,1.4017000198364258
1786094100,1.4017000198364258,1.401769995689392,1.4012999534606934,1.4017000198364258
1786094160,1.4017200469970703,1.4017499685287476,1.4012999534606934,1.4017000198364258
1786094220,1.4016799926757812,1.401729941368103,1.4012000560760498,1.4012999534606934
1786094280,1.401550054550171,1.4016599655151367,1.4012000560760498,1.401610016822815
1786094340,1.4016200304031372,1.4016599655151367,1.4012999534606934,1.4012999534606934
1786094400,1.4016000032424927,1.4017000198364258,1.4012999534606934,1.4012999534606934
1786094460,1.4015799760818481,1.4016400575637817,1.4012000560760498,1.4015400409698486
1786094520,1.4015400409698486,1.4016000032424927,1.4012000560760498,1.4014899730682373
1786094580,1.401479959487915,1.4015699625015259,1.4011000394821167,1.4012000560760498
1786094640,1.4014500379562378,1.4015100002288818,1.4010000228881836,1.4013999700546265
1786094700,1.4013999700546265,1.4014300107955933,1.4010000228881836,1.401379942893982
1786094760,1.401419997215271,1.4015300273895264,1.4011000394821167,1.401479959487915
1786094820,1.4014899730682373,1.401520013809204,1.4011000394821167,1.40146005153656
1786094880,1.4014899730682373,1.4015599489212036,1.4011000394821167,1.4014500379562378
1786094940,1.4014500379562378,1.4015300273895264,1.4011000394821167,1.4014400243759155
1786095000,1.4011000394821167,1.401520013809204,1.4011000394821167,1.4015100002288818
1786095060,1.401479959487915,1.4015899896621704,1.4011000394821167,1.4015599489212036
1786095120,1.4014999866485596,1.4015899896621704,1.4012000560760498,1.4012999534606934
1786095180,1.4012000560760498,1.4016300439834595,1.4012000560760498,1.4015899896621704
1786095240,1.4012000560760498,1.4016300439834595,1.4012000560760498,1.4015599489212036
1786095300,1.4012000560760498,1.4016200304031372,1.4011000394821167,1.401550054550171
1786095360,1.4015599489212036,1.401669979095459,1.4012000560760498,1.4016499519348145
1786095420,1.4015799760818481,1.4016599655151367,1.4012000560760498,1.4015899896621704
1786095480,1.4015899896621704,1.401610016822815,1.4012000560760498,1.4013999700546265
1786095540,1.4015599489212036,1.401710033416748,1.4012000560760498,1.401669979095459
1786095600,1.4016400575637817,1.4017000198364258,1.4012999534606934,1.4016200304031372
1786095660,1.4016200304031372,1.4017000198364258,1.4012000560760498,1.4016599655151367
1786095720,1.4016000032424927,1.4017000198364258,1.4012999534606934,1.4016799926757812
1786095780,1.4016799926757812,1.4017000198364258,1.4012999534606934,1.4016300439834595
1786095840,1.4016300439834595,1.401669979095459,1.4012999534606934,1.4012999534606934
1786095900,1.4016599655151367,1.4016599655151367,1.4011000394821167,1.401550054550171
1786095960,1.401550054550171,1.4015799760818481,1.4010000228881836,1.4014400243759155
1786096020,1.401419997215271,1.4016000032424927,1.4011000394821167,1.4012999534606934
1786096080,1.401550054550171,1.4017000198364258,1.4012000560760498,1.4016400575637817
1786096140,1.4016599655151367,1.4016799926757812,1.4012999534606934,1.4016300439834595
1786096200,1.4016000032424927,1.4016900062561035,1.4012999534606934,1.4016400575637817
1786096260,1.4016400575637817,1.401669979095459,1.4011000394821167,1.4015799760818481
1786096320,1.4015799760818481,1.4016000032424927,1.4012000560760498,1.401550054550171
1786096380,1.4015400409698486,1.4016000032424927,1.4012000560760498,1.4012999534606934
1786096440,1.4015400409698486,1.4016000032424927,1.4011000394821167,1.4012999534606934
1786096500,1.4015400409698486,1.4016000032424927,1.4010000228881836,1.4012999534606934
1786096560,1.40146005153656,1.401550054550171,1.4012000560760498,1.4015400409698486
1786096620,1.4012999534606934,1.401610016822815,1.4012000560760498,1.4015400409698486
1786096680,1.4012999534606934,1.4015899896621704,1.4010000228881836,1.4014899730682373
1786096740,1.4012999534606934,1.4016000032424927,1.4011000394821167,1.4012999534606934
1786096800,1.4015400409698486,1.4018299579620361,1.4012999534606934,1.401769995689392
1786096860,1.4017800092697144,1.4018800258636475,1.4013999700546265,1.4018499851226807
1786096920,1.4018499851226807,1.401919960975647,1.4014999866485596,1.401859998703003
1786096980,1.4018499851226807,1.401960015296936,1.4014999866485596,1.4019099473953247
1786097040,1.4019399881362915,1.4019500017166138,1.4014999866485596,1.4018199443817139
1786097100,1.4018299579620361,1.401900053024292,1.4014999866485596,1.4014999866485596
1786097160,1.4014999866485596,1.4018800258636475,1.4012999534606934,1.4017599821090698
1786097220,1.4017599821090698,1.4018499851226807,1.4013999700546265,1.4017800092697144
1786097280,1.4017800092697144,1.4019099473953247,1.4014999866485596,1.4018700122833252
1786097340,1.4018700122833252,1.401919960975647,1.4012999534606934,1.4017900228500366
1786097400,1.4017900228500366,1.4018800258636475,1.4012999534606934,1.4014999866485596
1786097460,1.4018399715423584,1.4019700288772583,1.4014999866485596,1.4016000032424927
1786097520,1.4019399881362915,1.4019700288772583,1.4016000032424927,1.4019399881362915
1786097580,1.401960015296936,1.40201997756958,1.4016000032424927,1.4019999504089355
1786097640,1.4017000198364258,1.4021400213241577,1.4016000032424927,1.4020500183105469
1786097700,1.4020500183105469,1.4020899534225464,1.4014999866485596,1.4019099473953247
1786097760,1.4019099473953247,1.4020099639892578,1.4016000032424927,1.4019399881362915
1786097820,1.4019399881362915,1.4020600318908691,1.4016000032424927,1.4020600318908691
1786097880,1.4020299911499023,1.402109980583191,1.4017000198364258,1.4020700454711914
1786097940,1.4020700454711914,1.4020999670028687,1.4017000198364258,1.4020500183105469
1786098000,1.40201997756958,1.4020999670028687,1.4017000198364258,1.4020600318908691
1786098060,1.4020600318908691,1.402109980583191,1.4017000198364258,1.4020400047302246
1786098120,1.4020400047302246,1.4020999670028687,1.4017000198364258,1.4020500183105469
1786098180,1.4020400047302246,1.4020999670028687,1.4017000198364258,1.4020800590515137
1786098240,1.4020800590515137,1.4021199941635132,1.4017000198364258,1.4020500183105469
1786098300,1.4020500183105469,1.4021199941635132,1.4017000198364258,1.4020500183105469
1786098360,1.4020500183105469,1.4021199941635132,1.4017000198364258,1.4020700454711914
1786098420,1.4020999670028687,1.4021199941635132,1.4017000198364258,1.402109980583191
1786098480,1.4020800590515137,1.4021199941635132,1.4017000198364258,1.4020500183105469
1786098540,1.4020600318908691,1.402109980583191,1.4017000198364258,1.4020099639892578
1786098600,1.4020099639892578,1.4020600318908691,1.4017000198364258,1.4020099639892578
1786098660,1.4019999504089355,1.4020400047302246,1.4014999866485596,1.4019399881362915
1786098720,1.4019399881362915,1.4020999670028687,1.4016000032424927,1.4020600318908691
1786098780,1.4020600318908691,1.4020800590515137,1.4017000198364258,1.4020299911499023
1786098840,1.4019999504089355,1.4020999670028687,1.4017000198364258,1.4017000198364258
1786098900,1.4020400047302246,1.402169942855835,1.4017000198364258,1.4021300077438354
1786098960,1.4021300077438354,1.402269959449768,1.4018000364303589,1.401900053024292
1786099020,1.4022200107574463,1.4023000001907349,1.4018000364303589,1.4022300243377686
1786099080,1.4021799564361572,1.4022300243377686,1.4017000198364258,1.4021899700164795
1786099140,1.4021600484848022,1.402209997177124,1.4017000198364258,1.4021600484848022
1786099200,1.4021600484848022,1.4022200107574463,1.4016000032424927,1.4017000198364258
1786099260,1.4020500183105469,1.4021799564361572,1.4017000198364258,1.4020800590515137
1786099320,1.4020500183105469,1.4022200107574463,1.4017000198364258,1.402209997177124
1786099380,1.4022200107574463,1.402269959449768,1.4018000364303589,1.4021999835968018
1786099440,1.4021600484848022,1.402269959449768,1.4018000364303589,1.402209997177124
1786099500,1.402169942855835,1.4022200107574463,1.4017000198364258,1.4021400213241577
1786099560,1.40215003490448,1.4021899700164795,1.4018000364303589,1.4021400213241577
1786099620,1.402109980583191,1.40215003490448,1.4016000032424927,1.4016000032424927
1786099680,1.4018000364303589,1.4021600484848022,1.4018000364303589,1.4021400213241577
1786099740,1.4018000364303589,1.40215003490448,1.4018000364303589,1.4020999670028687
1786099800,1.4020899534225464,1.4021600484848022,1.4017000198364258,1.402109980583191
1786099860,1.4020800590515137,1.4021199941635132,1.4016000032424927,1.4020299911499023
1786099920,1.4020299911499023,1.4022300243377686,1.4017000198364258,1.4021600484848022
1786099980,1.4021600484848022,1.4021999835968018,1.4018000364303589,1.4020800590515137
1786100040,1.4020600318908691,1.402169942855835,1.4017000198364258,1.402169942855835
1786100100,1.4021400213241577,1.402169942855835,1.4017000198364258,1.4020400047302246
1786100160,1.4020700454711914,1.4020999670028687,1.4017000198364258,1.4020800590515137
1786100220,1.4020800590515137,1.4020999670028687,1.4017000198364258,1.4017000198364258
1786100280,1.40201997756958,1.4020600318908691,1.4014999866485596,1.4019700288772583
1786100340,1.4019700288772583,1.4021300077438354,1.4017000198364258,1.402109980583191
1786100400,1.4020700454711914,1.40215003490448,1.4016000032424927,1.4019999504089355
1786100460,1.4019299745559692,1.4019700288772583,1.4012999534606934,1.4018199443817139
1786100520,1.4017900228500366,1.4018800258636475,1.4013999700546265,1.4018199443817139
1786100580,1.4014999866485596,1.4018499851226807,1.4012999534606934,1.4018100500106812
1786100640,1.4018199443817139,1.4018499851226807,1.4013999700546265,1.4017599821090698
1786100700,1.401769995689392,1.4018100500106812,1.4013999700546265,1.4017599821090698
1786100760,1.4017499685287476,1.4018399715423584,1.4013999700546265,1.4017499685287476
1786100820,1.401729941368103,1.4018499851226807,1.4013999700546265,1.4018199443817139
1786100880,1.4018199443817139,1.401900053024292,1.4013999700546265,1.4018700122833252
1786100940,1.4018299579620361,1.4018700122833252,1.4012999534606934,1.4014999866485596
1786101000,1.4018000364303589,1.401900053024292,1.4013999700546265,1.4018399715423584
1786101060,1.4018399715423584,1.401900053024292,1.4014999866485596,1.4018199443817139
1786101120,1.4014999866485596,1.401900053024292,1.4012999534606934,1.4013999700546265
1786101180,1.401729941368103,1.4018499851226807,1.4013999700546265,1.4018499851226807
1786101240,1.4018499851226807,1.4018700122833252,1.4014999866485596,1.4018199443817139
1786101300,1.4018399715423584,1.4018900394439697,1.4014999866485596,1.4018800258636475
1786101360,1.4014999866485596,1.4018800258636475,1.4013999700546265,1.401729941368103
1786101420,1.4017599821090698,1.401769995689392,1.4012000560760498,1.4016900062561035
1786101480,1.401669979095459,1.4018000364303589,1.4012999534606934,1.401729941368103
1786101540,1.4013999700546265,1.4017800092697144,1.4013999700546265,1.4017200469970703
1786101600,1.4017499685287476,1.4017599821090698,1.4012999534606934,1.4014999866485596
1786101660,1.4016799926757812,1.4017599821090698,1.4012000560760498,1.4013999700546265
1786101720,1.401729941368103,1.4017900228500366,1.4012999534606934,1.4017800092697144
1786101780,1.4017800092697144,1.401859998703003,1.4013999700546265,1.4014999866485596
1786101840,1.4018499851226807,1.4018700122833252,1.4014999866485596,1.4018000364303589
1786101900,1.4018199443817139,1.401900053024292,1.4013999700546265,1.4017499685287476
1786101960,1.401769995689392,1.4018000364303589,1.4012999534606934,1.4017499685287476
1786102020,1.4014999866485596,1.4018199443817139,1.4013999700546265,1.4017599821090698
1786102080,1.4017800092697144,1.4018000364303589,1.4013999700546265,1.401769995689392
1786102140,1.4017499685287476,1.4018399715423584,1.4013999700546265,1.4017499685287476
1786102200,1.4017499685287476,1.4017900228500366,1.4013999700546265,1.4017599821090698
1786102260,1.4017399549484253,1.4017900228500366,1.4012999534606934,1.401710033416748
1786102320,1.4016799926757812,1.401710033416748,1.4012000560760498,1.4016000032424927
1786102380,1.4016200304031372,1.4016499519348145,1.4011000394821167,1.4012999534606934
1786102440,1.4015400409698486,1.4016000032424927,1.4012000560760498,1.4015699625015259
1786102500,1.4015400409698486,1.401669979095459,1.4012000560760498,1.4016300439834595
1786102560,1.4016300439834595,1.4017000198364258,1.4012999534606934,1.401669979095459
1786102620,1.4016799926757812,1.4018299579620361,1.4012999534606934,1.401710033416748
1786102680,1.401710033416748,1.401769995689392,1.4012000560760498,1.4015799760818481
1786102740,1.4015799760818481,1.4015899896621704,1.4011000394821167,1.4015400409698486
1786102800,1.401520013809204,1.4015599489212036,1.4010000228881836,1.4014300107955933
1786102860,1.4014300107955933,1.4014500379562378,1.4010000228881836,1.4014500379562378
1786102920,1.4011000394821167,1.4015100002288818,1.4007999897003174,1.4013299942016602
1786102980,1.4010000228881836,1.4013400077819824,1.4009000062942505,1.4012500047683716
1786103040,1.4009000062942505,1.4012700319290161,1.4007999897003174,1.4012399911880493
1786103100,1.4012199640274048,1.4012500047683716,1.4006999731063843,1.4011800289154053
1786103160,1.4011900424957275,1.4012500047683716,1.4007999897003174,1.401229977607727
1786103220,1.401229977607727,1.4012900590896606,1.4009000062942505,1.4012800455093384
1786103280,1.4012600183486938,1.4013299942016602,1.4009000062942505,1.4012600183486938
1786103340,1.4012900590896606,1.4013099670410156,1.4009000062942505,1.4012399911880493
1786103400,1.4012399911880493,1.4012999534606934,1.4009000062942505,1.4012800455093384
1786103460,1.4012600183486938,1.40146005153656,1.4009000062942505,1.40146005153656
1786103520,1.4014500379562378,1.4014999866485596,1.4009000062942505,1.4013400077819824
1786103580,1.4013400077819824,1.4013999700546265,1.4010000228881836,1.4010000228881836
1786103640,1.4012999534606934,1.401319980621338,1.4007999897003174,1.4012600183486938
1786103700,1.4012700319290161,1.4014400243759155,1.4009000062942505,1.4013999700546265
1786103760,1.4013700485229492,1.4014300107955933,1.4007999897003174,1.4012900590896606
1786103820,1.4012600183486938,1.401319980621338,1.4009000062942505,1.4012600183486938
1786103880,1.4012600183486938,1.4012999534606934,1.4006999731063843,1.4011199474334717
1786103940,1.4007999897003174,1.4011800289154053,1.4006999731063843,1.4011499881744385
1786104000,1.4009000062942505,1.4012199640274048,1.4007999897003174,1.401110053062439
1786104060,1.401110053062439,1.4012600183486938,1.4007999897003174,1.4011199474334717
1786104120,1.4011199474334717,1.4011399745941162,1.4005999565124512,1.4006999731063843
1786104180,1.401039958000183,1.4010800123214722,1.4005999565124512,1.4010200500488281
1786104240,1.4010000228881836,1.4011399745941162,1.4006999731063843,1.4011199474334717
1786104300,1.4011199474334717,1.4011600017547607,1.4006999731063843,1.4007999897003174
1786104360,1.4010800123214722,1.4011600017547607,1.4006999731063843,1.4010000228881836
1786104420,1.4010100364685059,1.4010299444198608,1.4005999565124512,1.4006999731063843
1786104480,1.4010100364685059,1.4011000394821167,1.4005999565124512,1.4010499715805054
1786104540,1.401039958000183,1.4010499715805054,1.4005999565124512,1.400920033454895
1786104600,1.4009000062942505,1.40093994140625,1.4003000259399414,1.4006999731063843
1786104660,1.4006999731063843,1.4007500410079956,1.4002000093460083,1.4006500244140625
1786104720,1.400670051574707,1.4007099866867065,1.4003000259399414,1.400629997253418
1786104780,1.4005999565124512,1.4006400108337402,1.4002000093460083,1.4005199670791626
1786104840,1.400480031967163,1.4005800485610962,1.4000999927520752,1.4002000093460083
1786104900,1.4005199670791626,1.4005399942398071,1.399899959564209,1.400339961051941
1786104960,1.4003299474716187,1.4004000425338745,1.3997999429702759,1.400189995765686
1786105020,1.400189995765686,1.4002399444580078,1.3996000289916992,1.4000600576400757
1786105080,1.4000500440597534,1.4001100063323975,1.3995000123977661,1.4000999927520752
1786105140,1.4000799655914307,1.4003000259399414,1.3997999429702759,1.4002900123596191
1786105200,1.4002699851989746,1.4003900289535522,1.3996000289916992,1.400089979171753
1786105260,1.400089979171753,1.4001100063323975,1.3995000123977661,1.3999899625778198
1786105320,1.3999700546264648,1.4000999927520752,1.399399995803833,1.3999199867248535
1786105380,1.3999600410461426,1.4002000093460083,1.3996000289916992,1.4002000093460083
1786105440,1.4001799821853638,1.4003599882125854,1.3997999429702759,1.40024995803833
1786105500,1.4002699851989746,1.4003299474716187,1.3997000455856323,1.4001699686050415
1786105560,1.4001599550247192,1.4002699851989746,1.3997999429702759,1.4001799821853638
1786105620,1.4002100229263306,1.4002599716186523,1.3997999429702759,1.399899959564209
1786105680,1.400130033493042,1.4002100229263306,1.3997999429702759,1.4002000093460083
1786105740,1.4001699686050415,1.400339961051941,1.3997999429702759,1.399839997291565
1786105800,1.400130033493042,1.400130033493042,1.395900011062622,1.396090030670166
1786105860,1.3960599899291992,1.39683997631073,1.395300030708313,1.3967700004577637
1786105920,1.3967700004577637,1.3968600034713745,1.3960000276565552,1.3963199853897095
1786105980,1.3963899612426758,1.3966599702835083,1.3949999809265137,1.395490050315857
1786106040,1.3954700231552124,1.3956899642944336,1.3944000005722046,1.394919991493225
1786106100,1.3948999643325806,1.395400047302246,1.3945000171661377,1.3951499462127686
1786106160,1.395110011100769,1.395609974861145,1.394700050354004,1.395419955253601
1786106220,1.3954999446868896,1.3959100246429443,1.3950999975204468,1.395609974861145
1786106280,1.3955600261688232,1.3958100080490112,1.3949999809265137,1.3950999975204468
1786106340,1.3954800367355347,1.3955700397491455,1.3947999477386475,1.3952499628067017
1786106400,1.3952800035476685,1.3953200578689575,1.3941999673843384,1.3946900367736816
1786106460,1.3946900367736816,1.3951200246810913,1.3942999839782715,1.3949700593948364
1786106520,1.394700050354004,1.3956999778747559,1.394700050354004,1.3953399658203125
1786106580,1.3953399658203125,1.3954999446868896,1.394700050354004,1.395110011100769
1786106640,1.3950799703598022,1.3957300186157227,1.394700050354004,1.3956400156021118
1786106700,1.3956899642944336,1.3956899642944336,1.3944000005722046,1.3948500156402588
1786106760,1.3949099779129028,1.3950300216674805,1.3940000534057617,1.3945499658584595
1786106820,1.3944799900054932,1.3946199417114258,1.3940000534057617,1.3944499492645264
1786106880,1.3944400548934937,1.3947199583053589,1.3939000368118286,1.3946499824523926
1786106940,1.3946399688720703,1.3948099613189697,1.3940999507904053,1.3940999507904053
1786107000,1.3944300413131714,1.3947999477386475,1.3940999507904053,1.3942999839782715
1786107060,1.3947199583053589,1.3949099779129028,1.3941999673843384,1.3942999839782715
1786107120,1.3946499824523926,1.3948800563812256,1.3941999673843384,1.3948700428009033
1786107180,1.3944000005722046,1.3951599597930908,1.3944000005722046,1.3948299884796143
1786107240,1.3944000005722046,1.395169973373413,1.3944000005722046,1.3949600458145142
1786107300,1.3949700593948364,1.3950799703598022,1.3945000171661377,1.3950200080871582
1786107360,1.3946000337600708,1.3956600427627563,1.3946000337600708,1.395550012588501
1786107420,1.395550012588501,1.3955999612808228,1.3946000337600708,1.3953299522399902
1786107480,1.3953399658203125,1.3954499959945679,1.3946000337600708,1.3948299884796143
1786107540,1.3946000337600708,1.3949300050735474,1.3944000005722046,1.3947700262069702
1786107600,1.3947999477386475,1.3948899507522583,1.3941999673843384,1.394610047340393
1786107660,1.3945900201797485,1.395009994506836,1.3942999839782715,1.3949899673461914
1786107720,1.3949600458145142,1.395169973373413,1.3945000171661377,1.3950599431991577
1786107780,1.395050048828125,1.3950799703598022,1.3944000005722046,1.394919991493225
1786107840,1.394919991493225,1.3953900337219238,1.3945000171661377,1.395300030708313
1786107900,1.3953399658203125,1.3953399658203125,1.3946000337600708,1.3950300216674805
1786107960,1.395050048828125,1.3951799869537354,1.3945000171661377,1.394919991493225
1786108020,1.3949099779129028,1.3949999809265137,1.3944000005722046,1.3949400186538696
1786108080,1.394950032234192,1.3950799703598022,1.3942999839782715,1.3947399854660034
1786108140,1.394760012626648,1.394950032234192,1.3944000005722046,1.3948299884796143
1786108200,1.394860029220581,1.3950400352478027,1.3945000171661377,1.3946000337600708
1786108260,1.394919991493225,1.3951200246810913,1.3946000337600708,1.394700050354004
1786108320,1.394950032234192,1.3949899673461914,1.3942999839782715,1.394670009613037
1786108380,1.3947099447250366,1.3947099447250366,1.3940999507904053,1.3945800065994263
1786108440,1.3945900201797485,1.394610047340393,1.3939000368118286,1.3940000534057617
1786108500,1.3942999839782715,1.394670009613037,1.3940000534057617,1.3946399688720703
1786108560,1.3946399688720703,1.3949999809265137,1.3942999839782715,1.3946000337600708
1786108620,1.394919991493225,1.395259976387024,1.3946000337600708,1.3952399492263794
1786108680,1.3948999643325806,1.3954600095748901,1.394700050354004,1.3951599597930908
1786108740,1.3952300548553467,1.3953700065612793,1.3944000005722046,1.3948299884796143
1786108800,1.3948299884796143,1.3950999975204468,1.3944000005722046,1.395050048828125
1786108860,1.395050048828125,1.3952800035476685,1.3946000337600708,1.3952000141143799
1786108920,1.3948999643325806,1.395259976387024,1.3944000005722046,1.3947299718856812
1786108980,1.3947299718856812,1.3947900533676147,1.3940999507904053,1.3945599794387817
1786109040,1.394569993019104,1.3946499824523926,1.3939000368118286,1.3945399522781372
1786109100,1.394569993019104,1.394610047340393,1.3940000534057617,1.394469976425171
1786109160,1.3944499492645264,1.3945300579071045,1.3940999507904053,1.3944599628448486
1786109220,1.3944599628448486,1.3946199417114258,1.3939000368118286,1.3946000337600708
1786109280,1.3946000337600708,1.3947999477386475,1.3941999673843384,1.3945800065994263
1786109340,1.3945900201797485,1.3949700593948364,1.3942999839782715,1.394950032234192
1786109400,1.3949400186538696,1.3952900171279907,1.3946000337600708,1.3951200246810913
1786109460,1.3951300382614136,1.395359992980957,1.3947999477386475,1.3953399658203125
1786109520,1.3953399658203125,1.3955399990081787,1.3948999643325806,1.395419955253601
1786109580,1.3954299688339233,1.395859956741333,1.3949999809265137,1.395400047302246
1786109640,1.3956999778747559,1.3958300352096558,1.3950999975204468,1.395650029182434
1786109700,1.3956300020217896,1.3957600593566895,1.395300030708313,1.3955299854278564
1786109760,1.395300030708313,1.3957200050354004,1.3952000141143799,1.395490050315857
1786109820,1.395490050315857,1.3955800533294678,1.3948999643325806,1.3953499794006348
1786109880,1.395359992980957,1.3954099416732788,1.3947999477386475,1.3952699899673462
1786109940,1.3952499628067017,1.395300030708313,1.3946000337600708,1.3951300382614136
1786110000,1.3951300382614136,1.3952000141143799,1.394700050354004,1.395050048828125
1786110060,1.395050048828125,1.3951400518417358,1.3946000337600708,1.3948400020599365
1786110120,1.3947999477386475,1.3949899673461914,1.3942999839782715,1.3948899507522583
1786110180,1.3948800563812256,1.3949799537658691,1.3944000005722046,1.3946000337600708
1786110240,1.394860029220581,1.3952100276947021,1.3945000171661377,1.395169973373413
1786110300,1.3952000141143799,1.3952499628067017,1.3945000171661377,1.394950032234192
1786110360,1.394950032234192,1.3950400352478027,1.3946000337600708,1.3949600458145142
1786110420,1.3949899673461914,1.3949999809265137,1.3944000005722046,1.3947900533676147
1786110480,1.3947800397872925,1.3948899507522583,1.3942999839782715,1.3948500156402588
1786110540,1.3948500156402588,1.395259976387024,1.3945000171661377,1.3950799703598022
1786110600,1.3950999975204468,1.395169973373413,1.3945000171661377,1.39506995677948
1786110660,1.39506995677948,1.3952499628067017,1.394700050354004,1.3951799869537354
1786110720,1.3951900005340576,1.3952900171279907,1.3945000171661377,1.3948299884796143
1786110780,1.3948500156402588,1.3949999809265137,1.3944000005722046,1.3948500156402588
1786110840,1.3948400020599365,1.3948999643325806,1.3940999507904053,1.3947700262069702
1786110900,1.3947700262069702,1.3949700593948364,1.3944000005722046,1.3947499990463257
1786110960,1.3947499990463257,1.3950999975204468,1.3942999839782715,1.3950400352478027
1786111020,1.3950999975204468,1.3950999975204468,1.3944000005722046,1.394819974899292
1786111080,1.3947999477386475,1.3951200246810913,1.3945000171661377,1.3947999477386475
1786111140,1.395050048828125,1.3950599431991577,1.3945000171661377,1.3949700593948364
1786111200,1.3949700593948364,1.3949700593948364,1.3941999673843384,1.394629955291748
1786111260,1.3946399688720703,1.3946900367736816,1.3940999507904053,1.3945499658584595
1786111320,1.3945800065994263,1.3947399854660034,1.3940000534057617,1.3943899869918823
1786111380,1.3943699598312378,1.3944499492645264,1.3939000368118286,1.3939000368118286
1786111440,1.394260048866272,1.3945200443267822,1.3938000202178955,1.394469976425171
1786111500,1.3940999507904053,1.3945000171661377,1.3937000036239624,1.3941700458526611
1786111560,1.3938000202178955,1.3944000005722046,1.3937000036239624,1.394320011138916
1786111620,1.394320011138916,1.3945200443267822,1.3934999704360962,1.3941099643707275
1786111680,1.3938000202178955,1.3941800594329834,1.3934999704360962,1.3940999507904053
1786111740,1.3940099477767944,1.394129991531372,1.3934999704360962,1.3940800428390503
1786111800,1.3940199613571167,1.3940800428390503,1.393399953842163,1.3938900232315063
1786111860,1.3938699960708618,1.3941600322723389,1.3934999704360962,1.3941400051116943
1786111920,1.3938000202178955,1.3944799900054932,1.3937000036239624,1.3942699432373047
1786111980,1.3942699432373047,1.3945399522781372,1.3938000202178955,1.3943400382995605
1786112040,1.3943500518798828,1.3944100141525269,1.3939000368118286,1.3942400217056274
1786112100,1.3942400217056274,1.3945000171661377,1.3939000368118286,1.39437997341156
1786112160,1.39437997341156,1.3944499492645264,1.3938000202178955,1.3941600322723389
1786112220,1.3941400051116943,1.3941999673843384,1.3931000232696533,1.3936200141906738
1786112280,1.3936200141906738,1.3936400413513184,1.3930000066757202,1.3936100006103516
1786112340,1.3936100006103516,1.3937400579452515,1.3931000232696533,1.3934999704360962
1786112400,1.393530011177063,1.3937300443649292,1.3931000232696533,1.3935999870300293
1786112460,1.3936100006103516,1.393630027770996,1.3930000066757202,1.3935099840164185
1786112520,1.3935099840164185,1.3936100006103516,1.392899990081787,1.3935400247573853
1786112580,1.3935099840164185,1.393630027770996,1.3930000066757202,1.3935999870300293
1786112640,1.3935999870300293,1.3936400413513184,1.392899990081787,1.3933099508285522
1786112700,1.393339991569519,1.3935099840164185,1.392799973487854,1.3934099674224854
1786112760,1.3934199810028076,1.3935500383377075,1.392899990081787,1.3935500383377075
1786112820,1.3935199975967407,1.3935500383377075,1.3930000066757202,1.393470048904419
1786112880,1.3934999704360962,1.3935799598693848,1.3930000066757202,1.3935099840164185
1786112940,1.393530011177063,1.3938100337982178,1.3932000398635864,1.3937100172042847
1786113000,1.3936899900436401,1.3941099643707275,1.3932000398635864,1.3941099643707275
1786113060,1.3940900564193726,1.3942099809646606,1.3934999704360962,1.393970012664795
1786113120,1.393970012664795,1.3941199779510498,1.3935999870300293,1.3939499855041504
1786113180,1.3939499855041504,1.3940099477767944,1.3935999870300293,1.3939000368118286
1786113240,1.3939800262451172,1.394029974937439,1.3935999870300293,1.3938900232315063
1786113300,1.3938699960708618,1.3941500186920166,1.3937000036239624,1.3940999507904053
1786113360,1.3938000202178955,1.3941199779510498,1.3934999704360962,1.3939599990844727
1786113420,1.3939900398254395,1.3941099643707275,1.3935999870300293,1.394070029258728
1786113480,1.3940900564193726,1.3942899703979492,1.3935999870300293,1.394279956817627
1786113540,1.3940000534057617,1.3942899703979492,1.3937000036239624,1.3940800428390503
1786113600,1.3938000202178955,1.3941099643707275,1.3933000564575195,1.3939399719238281
1786113660,1.3939199447631836,1.3941199779510498,1.3935999870300293,1.3940600156784058
1786113720,1.3940600156784058,1.3942099809646606,1.3934999704360962,1.3941999673843384
1786113780,1.394219994544983,1.3943099975585938,1.3937000036239624,1.3941800594329834
1786113840,1.3941700458526611,1.3945000171661377,1.3939000368118286,1.3943500518798828
1786113900,1.3943400382995605,1.3944100141525269,1.3937000036239624,1.3941700458526611
1786113960,1.3941600322723389,1.3943500518798828,1.3938000202178955,1.3941899538040161
1786114020,1.3941700458526611,1.3941899538040161,1.3934999704360962,1.3940800428390503
1786114080,1.3940800428390503,1.394260048866272,1.3938000202178955,1.394219994544983
1786114140,1.3942500352859497,1.394320011138916,1.3938000202178955,1.3941800594329834
1786114200,1.3942099809646606,1.394320011138916,1.393399953842163,1.3939499855041504
1786114260,1.3939499855041504,1.3941600322723389,1.3934999704360962,1.3941099643707275
1786114320,1.3940999507904053,1.3942400217056274,1.3937000036239624,1.3941899538040161
1786114380,1.3941700458526611,1.3942300081253052,1.3935999870300293,1.3940399885177612
1786114440,1.3939900398254395,1.3940900564193726,1.393399953842163,1.39382004737854
1786114500,1.3937900066375732,1.3940000534057617,1.3933000564575195,1.3937699794769287
1786114560,1.3937499523162842,1.39382004737854,1.393399953842163,1.393779993057251
1786114620,1.393779993057251,1.3941099643707275,1.3934999704360962,1.3941099643707275
1786114680,1.3940800428390503,1.3941600322723389,1.3935999870300293,1.3941199779510498
1786114740,1.3941199779510498,1.3943099975585938,1.3937000036239624,1.394279956817627
1786114800,1.394279956817627,1.394320011138916,1.3937000036239624,1.3941700458526611
1786114860,1.3941500186920166,1.394320011138916,1.3935999870300293,1.394320011138916
1786114920,1.3943099975585938,1.39451003074646,1.3938000202178955,1.3943599462509155
1786114980,1.3944000005722046,1.394670009613037,1.3938000202178955,1.394610047340393
1786115040,1.3942999839782715,1.3947099447250366,1.3940000534057617,1.3946199417114258
1786115100,1.3946199417114258,1.3946800231933594,1.3940000534057617,1.39451003074646
1786115160,1.3944799900054932,1.3945300579071045,1.3939000368118286,1.3942500352859497
1786115220,1.394279956817627,1.394320011138916,1.3935999870300293,1.394070029258728
1786115280,1.3940500020980835,1.3942099809646606,1.3937000036239624,1.3940199613571167
1786115340,1.3940199613571167,1.3941500186920166,1.3935999870300293,1.3939199447631836
1786115400,1.3939199447631836,1.3939399719238281,1.3932000398635864,1.3937100172042847
1786115460,1.3936899900436401,1.3938100337982178,1.3932000398635864,1.393720030784607
1786115520,1.393720030784607,1.3939499855041504,1.3932000398635864,1.3939299583435059
1786115580,1.393880009651184,1.3939199447631836,1.3932000398635864,1.3935099840164185
1786115640,1.3935099840164185,1.3937000036239624,1.392699956893921,1.3932000398635864
1786115700,1.3932000398635864,1.3933500051498413,1.392699956893921,1.3932299613952637
1786115760,1.3932299613952637,1.3934099674224854,1.392899990081787,1.3932700157165527
1786115820,1.3933000564575195,1.393339991569519,1.392799973487854,1.3933099508285522
1786115880,1.3933099508285522,1.3933700323104858,1.392699956893921,1.3931100368499756
1786115940,1.3931299448013306,1.3931599855422974,1.392300009727478,1.39274001121521
1786116000,1.3927600383758545,1.3928300142288208,1.3920999765396118,1.3926500082015991
1786116060,1.392680048942566,1.3928300142288208,1.3920999765396118,1.3927899599075317
1786116120,1.3927899599075317,1.3932700157165527,1.3924000263214111,1.3932199478149414
1786116180,1.3932199478149414,1.3934400081634521,1.3926000595092773,1.393339991569519
1786116240,1.3933600187301636,1.393630027770996,1.392899990081787,1.3936100006103516
1786116300,1.3935999870300293,1.3936599493026733,1.392899990081787,1.3933199644088745
1786116360,1.3933000564575195,1.3934600353240967,1.392899990081787,1.393380045890808
1786116420,1.393380045890808,1.3935999870300293,1.3931000232696533,1.3935400247573853
1786116480,1.3935400247573853,1.3938000202178955,1.3932000398635864,1.3937900066375732
1786116540,1.3937699794769287,1.3938000202178955,1.3932000398635864,1.393720030784607
1786116600,1.393720030784607,1.3939299583435059,1.3932000398635864,1.3939000368118286
1786116660,1.3939100503921509,1.3940000534057617,1.393399953842163,1.3938599824905396
1786116720,1.3938699960708618,1.3939499855041504,1.393399953842163,1.3939000368118286
1786116780,1.3938699960708618,1.3939399719238281,1.3933000564575195,1.3937499523162842
1786116840,1.3937400579452515,1.3939199447631836,1.3933000564575195,1.3937900066375732
1786116900,1.3937699794769287,1.393779993057251,1.3930000066757202,1.3932900428771973
1786116960,1.3933199644088745,1.3935999870300293,1.392899990081787,1.3933299779891968
1786117020,1.3933199644088745,1.3934199810028076,1.392899990081787,1.3933700323104858
1786117080,1.3933500051498413,1.393399953842163,1.3930000066757202,1.3930000066757202
1786117140,1.3933500051498413,1.3934299945831299,1.3930000066757202,1.3931000232696533
1786117200,1.393339991569519,1.3933700323104858,1.392799973487854,1.393339991569519
1786117260,1.393339991569519,1.3934500217437744,1.392899990081787,1.3933700323104858
1786117320,1.3933700323104858,1.3935400247573853,1.3930000066757202,1.3933500051498413
1786117380,1.393339991569519,1.3935500383377075,1.3930000066757202,1.3932000398635864
1786117440,1.3935099840164185,1.393630027770996,1.3931000232696533,1.3935799598693848
1786117500,1.3935999870300293,1.3936100006103516,1.3931000232696533,1.3934500217437744
1786117560,1.3934199810028076,1.3935199975967407,1.392899990081787,1.393489956855774
1786117620,1.3932000398635864,1.393630027770996,1.3930000066757202,1.3935099840164185
1786117680,1.3935099840164185,1.3936100006103516,1.3932000398635864,1.3934999704360962
1786117740,1.3935099840164185,1.393530011177063,1.392899990081787,1.393239974975586
1786117800,1.3932000398635864,1.3932299613952637,1.3926000595092773,1.393049955368042
1786117860,1.393030047416687,1.3932299613952637,1.3926000595092773,1.3931599855422974
1786117920,1.393149971961975,1.3932199478149414,1.3926000595092773,1.3930699825286865
1786117980,1.393049955368042,1.3931100368499756,1.392300009727478,1.3928099870681763
1786118040,1.392840027809143,1.3929400444030762,1.392300009727478,1.3928600549697876
1786118100,1.3928500413894653,1.3928899765014648,1.392300009727478,1.392699956893921
1786118160,1.392699956893921,1.3931000232696533,1.392300009727478,1.3930399417877197
1786118220,1.393049955368042,1.3933099508285522,1.392699956893921,1.3932199478149414
1786118280,1.3932499885559082,1.3933600187301636,1.392799973487854,1.3933600187301636
1786118340,1.3933500051498413,1.3934299945831299,1.392899990081787,1.393380045890808
1786118400,1.393399953842163,1.3935099840164185,1.3931000232696533,1.3933000564575195
1786118460,1.3934500217437744,1.3937599658966064,1.3931000232696533,1.3937100172042847
1786118520,1.3937100172042847,1.3937100172042847,1.3933000564575195,1.3933000564575195
1786118580,1.3936400413513184,1.3937499523162842,1.3932000398635864,1.3937100172042847
1786118640,1.3937300443649292,1.3937499523162842,1.3932000398635864,1.3933000564575195
1786118700,1.3935600519180298,1.3935799598693848,1.3930000066757202,1.3933099508285522
1786118760,1.3932900428771973,1.3933900594711304,1.392799973487854,1.392799973487854
1786118820,1.3931399583816528,1.3932900428771973,1.392799973487854,1.3931200504302979
1786118880,1.3931000232696533,1.393149971961975,1.3926000595092773,1.3931000232696533
1786118940,1.3931000232696533,1.3932600021362305,1.392699956893921,1.3932000398635864
1786119000,1.3932100534439087,1.3932499885559082,1.392699956893921,1.3930000066757202
1786119060,1.393180012702942,1.3932199478149414,1.392799973487854,1.393149971961975
1786119120,1.3931399583816528,1.3933500051498413,1.392699956893921,1.3931900262832642
1786119180,1.392899990081787,1.3932000398635864,1.3926000595092773,1.3931100368499756
1786119240,1.392799973487854,1.393149971961975,1.3926000595092773,1.3930100202560425
1786119300,1.3929799795150757,1.3932499885559082,1.3925000429153442,1.3932100534439087
1786119360,1.3932199478149414,1.3933600187301636,1.392799973487854,1.3932000398635864
1786119420,1.3932199478149414,1.3933099508285522,1.392699956893921,1.3932700157165527
1786119480,1.393239974975586,1.3933700323104858,1.392899990081787,1.3932499885559082
1786119540,1.392899990081787,1.3933600187301636,1.392899990081787,1.3933299779891968
1786119600,1.3933199644088745,1.3935400247573853,1.3926000595092773,1.393530011177063
1786119660,1.3935099840164185,1.3936100006103516,1.3930000066757202,1.3935400247573853
1786119720,1.3935699462890625,1.3937300443649292,1.3930000066757202,1.393720030784607
1786119780,1.3937000036239624,1.393720030784607,1.3931000232696533,1.3936599493026733
1786119840,1.3936400413513184,1.3936599493026733,1.3931000232696533,1.3935699462890625
1786119900,1.393589973449707,1.3935999870300293,1.3930000066757202,1.3934099674224854
1786119960,1.3934099674224854,1.3935400247573853,1.392899990081787,1.393530011177063
1786120020,1.393489956855774,1.393630027770996,1.3930000066757202,1.3934999704360962
1786120080,1.3935400247573853,1.3935999870300293,1.3930000066757202,1.3930000066757202
1786120140,1.3934999704360962,1.3935799598693848,1.3930000066757202,1.3935099840164185
1786120200,1.393489956855774,1.3936100006103516,1.3930000066757202,1.3933000564575195
1786120260,1.3936200141906738,1.3937900066375732,1.3932000398635864,1.3936699628829956
1786120320,1.3936599493026733,1.3937100172042847,1.392899990081787,1.3933900594711304
1786120380,1.393399953842163,1.393630027770996,1.392899990081787,1.393399953842163
1786120440,1.3935699462890625,1.393630027770996,1.3932000398635864,1.3935400247573853
1786120500,1.3935500383377075,1.3936200141906738,1.3932000398635864,1.3935999870300293
1786120560,1.393399953842163,1.3937100172042847,1.3933000564575195,1.3936200141906738
1786120620,1.393630027770996,1.3936599493026733,1.3930000066757202,1.393339991569519
1786120680,1.3930000066757202,1.3934999704360962,1.392899990081787,1.3934299945831299
1786120740,1.3934099674224854,1.393530011177063,1.392899990081787,1.3934600353240967
1786120800,1.3934799432754517,1.3935600519180298,1.3930000066757202,1.3935099840164185
1786120860,1.3935199975967407,1.3936400413513184,1.3931000232696533,1.393489956855774
1786120920,1.3935199975967407,1.3935600519180298,1.3930000066757202,1.3935199975967407
1786120980,1.393530011177063,1.3935500383377075,1.3931000232696533,1.3932000398635864
1786121040,1.3934600353240967,1.393630027770996,1.3931000232696533,1.3936100006103516
1786121100,1.3935799598693848,1.3936699628829956,1.3931000232696533,1.3934199810028076
1786121160,1.393399953842163,1.3935099840164185,1.3931000232696533,1.3934400081634521
1786121220,1.3934099674224854,1.3934600353240967,1.392899990081787,1.3930000066757202
1786121280,1.3933099508285522,1.3933600187301636,1.392899990081787,1.3931000232696533
1786121340,1.393280029296875,1.3933500051498413,1.392799973487854,1.3931299448013306
1786121400,1.393149971961975,1.3931900262832642,1.3926000595092773,1.3931599855422974
1786121460,1.3931599855422974,1.3932100534439087,1.392799973487854,1.392899990081787
1786121520,1.3931900262832642,1.3933500051498413,1.392799973487854,1.3933299779891968
1786121580,1.3933000564575195,1.3934400081634521,1.392899990081787,1.393399953842163
1786121640,1.3932000398635864,1.393530011177063,1.392899990081787,1.393489956855774
1786121700,1.393489956855774,1.3935799598693848,1.3930000066757202,1.3935500383377075
1786121760,1.3933000564575195,1.3936100006103516,1.3932000398635864,1.3935600519180298
1786121820,1.3935799598693848,1.3937400579452515,1.3932000398635864,1.3937100172042847
1786121880,1.393399953842163,1.3938000202178955,1.3933000564575195,1.393589973449707
1786121940,1.393589973449707,1.3936200141906738,1.3930000066757202,1.3934999704360962
1786122000,1.3934600353240967,1.3936799764633179,1.3930000066757202,1.3936500549316406
1786122060,1.393399953842163,1.3936799764633179,1.3932000398635864,1.3935199975967407
1786122120,1.3935400247573853,1.3935600519180298,1.392899990081787,1.393339991569519
1786122180,1.3933600187301636,1.3934799432754517,1.3930000066757202,1.3934500217437744
1786122240,1.3932000398635864,1.3934799432754517,1.392799973487854,1.393380045890808
1786122300,1.393380045890808,1.393380045890808,1.392699956893921,1.392899990081787
1786122360,1.3930000066757202,1.3932900428771973,1.392699956893921,1.393239974975586
1786122420,1.3932299613952637,1.3933299779891968,1.392899990081787,1.3932700157165527
1786122480,1.3932900428771973,1.3933600187301636,1.392799973487854,1.3930000066757202
1786122540,1.3930000066757202,1.393339991569519,1.392899990081787,1.3932700157165527
1786122600,1.3932900428771973,1.3933099508285522,1.392799973487854,1.3931900262832642
1786122660,1.3931900262832642,1.393470048904419,1.392899990081787,1.3934400081634521
1786122720,1.3934799432754517,1.3935500383377075,1.3931000232696533,1.3934600353240967
1786122780,1.3934600353240967,1.393530011177063,1.3931000232696533,1.3934799432754517
1786122840,1.393530011177063,1.3936699628829956,1.3932000398635864,1.3933000564575195
1786122900,1.3935600519180298,1.3935799598693848,1.3930000066757202,1.3932000398635864
1786122960,1.3935400247573853,1.3937100172042847,1.3931000232696533,1.393589973449707
1786123020,1.393399953842163,1.3937000036239624,1.3933000564575195,1.3936699628829956
1786123080,1.3936500549316406,1.3937000036239624,1.3933000564575195,1.3936699628829956
1786123140,1.3936699628829956,1.3937000036239624,1.3933000564575195,1.3936699628829956
1786123200,1.3936699628829956,1.3937499523162842,1.3931000232696533,1.3935999870300293
1786123260,1.3935999870300293,1.3936799764633179,1.3931000232696533,1.3935799598693848
1786123320,1.3935600519180298,1.3937100172042847,1.3932000398635864,1.3937000036239624
1786123380,1.3936799764633179,1.3937000036239624,1.3932000398635864,1.3935400247573853
1786123440,1.3935400247573853,1.3936599493026733,1.3931000232696533,1.3933000564575195
1786123500,1.3936400413513184,1.3936899900436401,1.3932000398635864,1.3935099840164185
1786123560,1.393530011177063,1.3935600519180298,1.3930000066757202,1.3935099840164185
1786123620,1.3935099840164185,1.3935999870300293,1.3930000066757202,1.3932000398635864
1786123680,1.393530011177063,1.3935600519180298,1.3930000066757202,1.393489956855774
1786123740,1.3934600353240967,1.3937000036239624,1.3932000398635864,1.3936799764633179
1786123800,1.3937000036239624,1.3937499523162842,1.3932000398635864,1.3937000036239624
1786123860,1.393720030784607,1.3938000202178955,1.393399953842163,1.3937100172042847
1786123920,1.3937100172042847,1.3937699794769287,1.3932000398635864,1.3937100172042847
1786123980,1.393720030784607,1.3937599658966064,1.3933000564575195,1.3936400413513184
1786124040,1.3936500549316406,1.3937699794769287,1.3932000398635864,1.3937300443649292
1786124100,1.3937300443649292,1.3940099477767944,1.3933000564575195,1.3937000036239624
1786124160,1.3939599990844727,1.3940000534057617,1.3934999704360962,1.3934999704360962
1786124220,1.3938499689102173,1.393880009651184,1.3933000564575195,1.393720030784607
1786124280,1.3937499523162842,1.3937599658966064,1.3932000398635864,1.393399953842163
1786124340,1.3936699628829956,1.3937100172042847,1.3931000232696533,1.3932000398635864
1786124400,1.3935500383377075,1.3935600519180298,1.3930000066757202,1.3931000232696533
1786124460,1.3934500217437744,1.3934799432754517,1.392899990081787,1.3931000232696533
1786124520,1.3933000564575195,1.393470048904419,1.392899990081787,1.392899990081787
1786124580,1.3934099674224854,1.3934400081634521,1.392799973487854,1.3933299779891968
1786124640,1.3933000564575195,1.3933500051498413,1.392799973487854,1.3933000564575195
1786124700,1.3930000066757202,1.3933600187301636,1.392799973487854,1.3933099508285522
1786124760,1.3933099508285522,1.3933199644088745,1.392799973487854,1.3933000564575195
1786124820,1.3930000066757202,1.3933199644088745,1.392799973487854,1.3933000564575195
1786124880,1.3932900428771973,1.3934999704360962,1.392799973487854,1.3934600353240967
1786124940,1.3934600353240967,1.393530011177063,1.3931000232696533,1.3933000564575195
1786125000,1.3934799432754517,1.393530011177063,1.3931000232696533,1.3933000564575195
1786125060,1.393470048904419,1.3935999870300293,1.3930000066757202,1.3933000564575195
1786125120,1.3934999704360962,1.3936100006103516,1.3930000066757202,1.3933000564575195
1786125180,1.3934999704360962,1.393530011177063,1.3930000066757202,1.3933000564575195
1786125240,1.393489956855774,1.393630027770996,1.3931000232696533,1.393399953842163
1786125300,1.3935799598693848,1.3936699628829956,1.3933000564575195,1.3936500549316406
1786125360,1.3933000564575195,1.3937499523162842,1.3931000232696533,1.3937100172042847
1786125420,1.393399953842163,1.3937400579452515,1.3932000398635864,1.3937100172042847
1786125480,1.3937100172042847,1.3937300443649292,1.3933000564575195,1.3937000036239624
1786125540,1.393399953842163,1.3937900066375732,1.3932000398635864,1.3937400579452515
1786125600,1.393399953842163,1.3938699960708618,1.3932000398635864,1.3938499689102173
1786125660,1.393839955329895,1.3938900232315063,1.3933000564575195,1.3938299417495728
1786125720,1.3938299417495728,1.3939199447631836,1.3934999704360962,1.3938699960708618
1786125780,1.393880009651184,1.3939599990844727,1.393399953842163,1.3939399719238281
1786125840,1.3939599990844727,1.3939599990844727,1.393399953842163,1.3938900232315063
1786125900,1.393880009651184,1.3939100503921509,1.3934999704360962,1.393839955329895
1786125960,1.3938599824905396,1.3938900232315063,1.393399953842163,1.3937599658966064
1786126020,1.3934999704360962,1.3938499689102173,1.3933000564575195,1.3938100337982178
1786126080,1.3938100337982178,1.3938299417495728,1.3934999704360962,1.3937400579452515
1786126140,1.3937499523162842,1.3937699794769287,1.3932000398635864,1.3937100172042847
1786126200,1.3937100172042847,1.3937400579452515,1.3932000398635864,1.3937100172042847
1786126260,1.3936899900436401,1.3937300443649292,1.3932000398635864,1.3936699628829956
1786126320,1.3936500549316406,1.3937400579452515,1.3933000564575195,1.393720030784607
1786126380,1.3937100172042847,1.3938000202178955,1.3931000232696533,1.3937699794769287
1786126440,1.3935999870300293,1.39382004737854,1.3931000232696533,1.3937100172042847
1786126500,1.3937100172042847,1.3937499523162842,1.3932000398635864,1.3936799764633179
1786126560,1.3937100172042847,1.39382004737854,1.3932000398635864,1.3937599658966064
1786126620,1.3937699794769287,1.3938100337982178,1.3932000398635864,1.3936799764633179
1786126680,1.3936799764633179,1.3937100172042847,1.3933000564575195,1.3937000036239624
1786126740,1.3936699628829956,1.39382004737854,1.393399953842163,1.393779993057251
1786126800,1.393779993057251,1.3939599990844727,1.3934999704360962,1.3939100503921509
1786126860,1.393880009651184,1.3939000368118286,1.3933000564575195,1.393839955329895
1786126920,1.3938000202178955,1.3938699960708618,1.3933000564575195,1.3934999704360962
1786126980,1.3938499689102173,1.3939000368118286,1.3933000564575195,1.3938100337982178
1786127040,1.393839955329895,1.3939000368118286,1.3933000564575195,1.39382004737854
1786127100,1.3938000202178955,1.3938100337982178,1.3933000564575195,1.3936799764633179
1786127160,1.3936799764633179,1.393720030784607,1.3933000564575195,1.3937000036239624
1786127220,1.3936699628829956,1.393720030784607,1.3933000564575195,1.3937000036239624
1786127280,1.3936799764633179,1.3937300443649292,1.3933000564575195,1.3936699628829956
1786127340,1.3937000036239624,1.393720030784607,1.3933000564575195,1.3936400413513184
1786127400,1.3936599493026733,1.3936899900436401,1.3931000232696533,1.393589973449707
1786127460,1.393589973449707,1.3936500549316406,1.3931000232696533,1.3936100006103516
1786127520,1.3936100006103516,1.393630027770996,1.3931000232696533,1.3935699462890625
1786127580,1.3933000564575195,1.3936200141906738,1.3930000066757202,1.3935199975967407
1786127640,1.3935099840164185,1.393589973449707,1.3932000398635864,1.3935199975967407
1786127700,1.3935199975967407,1.3936200141906738,1.3930000066757202,1.3935099840164185
1786127760,1.3935099840164185,1.3935999870300293,1.3930000066757202,1.3935400247573853
1786127820,1.3934999704360962,1.3935999870300293,1.3932000398635864,1.393530011177063
1786127880,1.3935199975967407,1.3935999870300293,1.3932000398635864,1.3935600519180298
1786127940,1.393589973449707,1.3937100172042847,1.3933000564575195,1.393399953842163
1786128000,1.3936599493026733,1.3937300443649292,1.3933000564575195,1.3936799764633179
1786128060,1.3936799764633179,1.3937300443649292,1.3931000232696533,1.393589973449707
1786128120,1.393589973449707,1.393630027770996,1.3931000232696533,1.393589973449707
1786128180,1.3936200141906738,1.393630027770996,1.3933000564575195,1.3935799598693848
1786128240,1.3935799598693848,1.3936699628829956,1.3933000564575195,1.3935999870300293
1786128300,1.3936200141906738,1.3936200141906738,1.3933000564575195,1.3935600519180298
1786128360,1.393530011177063,1.3935999870300293,1.3930000066757202,1.3935699462890625
1786128420,1.3935600519180298,1.3935999870300293,1.3930000066757202,1.3934799432754517
1786128480,1.393489956855774,1.393589973449707,1.3930000066757202,1.393489956855774
1786128540,1.3934999704360962,1.393530011177063,1.3930000066757202,1.3930000066757202
1786128600,1.3934799432754517,1.3935400247573853,1.3930000066757202,1.3935099840164185
1786128660,1.393489956855774,1.393589973449707,1.3932000398635864,1.3933000564575195
1786128720,1.3935600519180298,1.3936200141906738,1.3930000066757202,1.3935400247573853
1786128780,1.3935099840164185,1.3935500383377075,1.3930000066757202,1.3935099840164185
1786128840,1.3935400247573853,1.3936899900436401,1.3930000066757202,1.3935799598693848
1786128900,1.3935799598693848,1.3937400579452515,1.3931000232696533,1.3936799764633179
1786128960,1.3936799764633179,1.3937300443649292,1.393399953842163,1.3937100172042847
1786129020,1.3936799764633179,1.3937100172042847,1.3933000564575195,1.393399953842163
1786129080,1.3937000036239624,1.3937000036239624,1.3931000232696533,1.3936799764633179
1786129140,1.3934999704360962,1.3937300443649292,1.3932000398635864,1.3936200141906738
1786129200,1.3933000564575195,1.3937100172042847,1.3933000564575195,1.3936899900436401
1786129260,1.3936500549316406,1.3936799764633179,1.3931000232696533,1.393589973449707
1786129320,1.393589973449707,1.3937900066375732,1.3931000232696533,1.3937699794769287
1786129380,1.3938000202178955,1.3939399719238281,1.393399953842163,1.3939299583435059
1786129440,1.3939000368118286,1.3939299583435059,1.393399953842163,1.393880009651184
1786129500,1.393880009651184,1.3939399719238281,1.3934999704360962,1.39382004737854
1786129560,1.39382004737854,1.3938499689102173,1.393399953842163,1.393779993057251
1786129620,1.3934999704360962,1.3938499689102173,1.3934999704360962,1.39382004737854
1786129680,1.3938000202178955,1.3939100503921509,1.3934999704360962,1.3938699960708618
1786129740,1.3938699960708618,1.3939100503921509,1.3934999704360962,1.393779993057251
1786129800,1.3937599658966064,1.3938499689102173,1.3933000564575195,1.393839955329895
1786129860,1.39382004737854,1.3939100503921509,1.3934999704360962,1.393880009651184
1786129920,1.3938900232315063,1.3939199447631836,1.3934999704360962,1.3934999704360962
1786129980,1.3937900066375732,1.3939000368118286,1.3934999704360962,1.3938599824905396
1786130040,1.3938699960708618,1.393880009651184,1.3934999704360962,1.3935999870300293
1786130100,1.3938599824905396,1.3939100503921509,1.3934999704360962,1.3938100337982178
1786130160,1.393779993057251,1.3938499689102173,1.3933000564575195,1.393399953842163
1786130220,1.3937100172042847,1.393839955329895,1.3933000564575195,1.3938100337982178
1786130280,1.393399953842163,1.3938499689102173,1.393399953842163,1.3938000202178955
1786130340,1.3938000202178955,1.393880009651184,1.3933000564575195,1.3938299417495728
1786130400,1.3937900066375732,1.3938299417495728,1.393399953842163,1.39382004737854
1786130460,1.39382004737854,1.3938299417495728,1.393399953842163,1.3937599658966064
1786130520,1.3937599658966064,1.3938299417495728,1.393399953842163,1.3937499523162842
1786130580,1.393399953842163,1.39382004737854,1.393399953842163,1.3937599658966064
1786130640,1.3937599658966064,1.3938100337982178,1.393399953842163,1.393779993057251
1786130700,1.3937699794769287,1.3938299417495728,1.3934999704360962,1.393779993057251
1786130760,1.3934999704360962,1.3938100337982178,1.393399953842163,1.3937499523162842
1786130820,1.3937599658966064,1.3938100337982178,1.393399953842163,1.3937100172042847
1786130880,1.393720030784607,1.393839955329895,1.393399953842163,1.3937699794769287
1786130940,1.3938000202178955,1.393839955329895,1.393399953842163,1.3937400579452515
1786131000,1.3937499523162842,1.393880009651184,1.393399953842163,1.393839955329895
1786131060,1.393839955329895,1.3939199447631836,1.3934999704360962,1.3939000368118286
1786131120,1.3938900232315063,1.3939800262451172,1.393399953842163,1.393880009651184
1786131180,1.3938900232315063,1.3939599990844727,1.3934999704360962,1.3939499855041504
1786131240,1.3939599990844727,1.3940500020980835,1.3935999870300293,1.3939900398254395
1786131300,1.393970012664795,1.3941199779510498,1.3935999870300293,1.3940800428390503
1786131360,1.3940800428390503,1.3941199779510498,1.3937000036239624,1.394070029258728
1786131420,1.3940800428390503,1.3942500352859497,1.3938000202178955,1.3941800594329834
1786131480,1.3941800594329834,1.394260048866272,1.3938000202178955,1.3942300081253052
1786131540,1.3942300081253052,1.3942699432373047,1.3938000202178955,1.3941700458526611
1786131600,1.3941600322723389,1.3942300081253052,1.3938000202178955,1.3941899538040161
1786131660,1.3941899538040161,1.3942400217056274,1.3938000202178955,1.3941899538040161
1786131720,1.3941800594329834,1.3941999673843384,1.3938000202178955,1.3941199779510498
1786131780,1.3940900564193726,1.3941700458526611,1.3938000202178955,1.3941400051116943
1786131840,1.3941400051116943,1.3942300081253052,1.3938000202178955,1.3939000368118286
1786131900,1.3941899538040161,1.394219994544983,1.3938000202178955,1.3939000368118286
1786131960,1.3941500186920166,1.3942300081253052,1.3938000202178955,1.394219994544983
1786132020,1.3941899538040161,1.394219994544983,1.3938000202178955,1.3940000534057617
1786132080,1.3941600322723389,1.3941999673843384,1.3938000202178955,1.3939000368118286
1786132140,1.3941700458526611,1.394260048866272,1.3938000202178955,1.394219994544983
1786132200,1.394219994544983,1.394260048866272,1.3939000368118286,1.3941899538040161
1786132260,1.3939000368118286,1.394219994544983,1.3938000202178955,1.3941899538040161
1786132320,1.3941800594329834,1.394320011138916,1.3939000368118286,1.3940000534057617
1786132380,1.3942699432373047,1.3944000005722046,1.3938000202178955,1.3943699598312378
1786132440,1.3943699598312378,1.3944000005722046,1.3940000534057617,1.3943400382995605
1786132500,1.394320011138916,1.3943500518798828,1.3935999870300293,1.3941400051116943
1786132560,1.3941700458526611,1.3942099809646606,1.3937000036239624,1.3941999673843384
1786132620,1.3941700458526611,1.3944000005722046,1.3937000036239624,1.3941800594329834
1786132680,1.3941800594329834,1.3943099975585938,1.3937000036239624,1.3940999507904053
1786132740,1.3942699432373047,1.3942999839782715,1.3937000036239624,1.3942400217056274
1786132800,1.394260048866272,1.3942999839782715,1.3938000202178955,1.3941099643707275
1786132860,1.3941099643707275,1.3941700458526611,1.3938000202178955,1.3940999507904053
1786132920,1.3941199779510498,1.394260048866272,1.3937000036239624,1.3940000534057617
1786132980,1.3941999673843384,1.3942400217056274,1.3938000202178955,1.394219994544983
1786133040,1.3939000368118286,1.394279956817627,1.3938000202178955,1.394219994544983
1786133100,1.394219994544983,1.3942699432373047,1.3937000036239624,1.3940000534057617
1786133160,1.3938000202178955,1.394219994544983,1.3938000202178955,1.3941999673843384
1786133220,1.3941600322723389,1.3943300247192383,1.3938000202178955,1.3942999839782715
1786133280,1.3940999507904053,1.3944000005722046,1.3940000534057617,1.3944000005722046
1786133340,1.3943400382995605,1.3944400548934937,1.3939000368118286,1.3943500518798828
1786133400,1.3942899703979492,1.3944000005722046,1.3940000534057617,1.3942899703979492
1786133460,1.3942899703979492,1.3944599628448486,1.3940000534057617,1.3944100141525269
1786133520,1.3944200277328491,1.3945000171661377,1.3940000534057617,1.3944100141525269
1786133580,1.3944400548934937,1.39451003074646,1.3940000534057617,1.3944599628448486
1786133640,1.3944300413131714,1.3945000171661377,1.3940000534057617,1.3944200277328491
1786133700,1.3944400548934937,1.3946000337600708,1.3940000534057617,1.3945800065994263
1786133760,1.3945200443267822,1.3945900201797485,1.3940000534057617,1.3944900035858154
1786133820,1.3942999839782715,1.3946000337600708,1.3940000534057617,1.3942999839782715
1786133880,1.39451003074646,1.3946000337600708,1.3940000534057617,1.3944900035858154
1786133940,1.3945300579071045,1.3946000337600708,1.3940999507904053,1.3940999507904053
1786134000,1.3942999839782715,1.394629955291748,1.3940000534057617,1.3945200443267822
1786134060,1.3945200443267822,1.3945800065994263,1.3940999507904053,1.3945200443267822
1786134120,1.3945200443267822,1.3946000337600708,1.3940999507904053,1.3945200443267822
1786134180,1.3945399522781372,1.3947399854660034,1.3941999673843384,1.394670009613037
1786134240,1.394610047340393,1.394700050354004,1.3941999673843384,1.3946399688720703
1786134300,1.3944000005722046,1.394700050354004,1.3940999507904053,1.394610047340393
1786134360,1.3946599960327148,1.394670009613037,1.3941999673843384,1.394610047340393
1786134420,1.3942999839782715,1.394700050354004,1.3941999673843384,1.3946499824523926
1786134480,1.3946399688720703,1.394700050354004,1.3941999673843384,1.3946499824523926
1786134540,1.3946599960327148,1.394700050354004,1.3940999507904053,1.3946199417114258
1786134600,1.3945599794387817,1.3946900367736816,1.3942999839782715,1.3946499824523926
1786134660,1.3946399688720703,1.3947099447250366,1.3944000005722046,1.394670009613037
1786134720,1.3947099447250366,1.3947299718856812,1.3941999673843384,1.394670009613037
1786134780,1.3947099447250366,1.3948500156402588,1.3941999673843384,1.3947700262069702
1786134840,1.3947700262069702,1.3949799537658691,1.3944000005722046,1.394700050354004
1786134900,1.3949099779129028,1.3951900005340576,1.3946000337600708,1.395110011100769
1786134960,1.3951400518417358,1.3951400518417358,1.3945000171661377,1.395009994506836
1786135020,1.395009994506836,1.39506995677948,1.3945000171661377,1.3949999809265137
1786135080,1.395009994506836,1.395259976387024,1.3945000171661377,1.395169973373413
1786135140,1.3951499462127686,1.3951799869537354,1.3947999477386475,1.39506995677948
1786135200,1.39506995677948,1.3952100276947021,1.3948999643325806,1.3951300382614136
1786135260,1.3951200246810913,1.3952100276947021,1.3949999809265137,1.3949999809265137
1786135320,1.3951599597930908,1.3952800035476685,1.3948999643325806,1.3951599597930908
1786135380,1.3951599597930908,1.3953100442886353,1.3949999809265137,1.3950999975204468
1786135440,1.395259976387024,1.395300030708313,1.3949999809265137,1.3952499628067017
1786135500,1.3952499628067017,1.3953700065612793,1.394700050354004,1.395110011100769
1786135560,1.395050048828125,1.3950999975204468,1.3944000005722046,1.394919991493225
1786135620,1.3948999643325806,1.3949700593948364,1.3945000171661377,1.3948099613189697
1786135680,1.3948099613189697,1.3948899507522583,1.3944000005722046,1.3947999477386475
1786135740,1.3948400020599365,1.3948800563812256,1.3945000171661377,1.394860029220581
1786135800,1.3947900533676147,1.3949300050735474,1.3946000337600708,1.3948800563812256
1786135860,1.3948899507522583,1.3948999643325806,1.3946000337600708,1.3948099613189697
1786135920,1.3947999477386475,1.3949300050735474,1.3942999839782715,1.3947900533676147
1786135980,1.3948099613189697,1.3948800563812256,1.3942999839782715,1.3945900201797485
1786136040,1.3945900201797485,1.3946599960327148,1.3940999507904053,1.3944599628448486
1786136100,1.3944000005722046,1.394469976425171,1.3940000534057617,1.3940900564193726
1786136160,1.3942400217056274,1.3942500352859497,1.3937000036239624,1.3940900564193726
1786136220,1.394029974937439,1.3942899703979492,1.3935699462890625,1.3939499855041504
1786136280,1.3938599824905396,1.3941099643707275,1.3933000564575195,1.3937400579452515
1786136340,1.3935999870300293,1.3939599990844727,1.3933500051498413,1.3939599990844727
1786136400,1.3938000202178955,1.3938000202178955,1.3938000202178955,1.3938000202178955
1786137060,1.3935999870300293,1.3935999870300293,1.3935999870300293,1.3935999870300293
1786137600,1.3935999870300293,1.3935999870300293,1.3935999870300293,1.3935999870300293
