time,open,high,low,close
1784844000,1.1379153728485107,1.1379153728485107,1.1379153728485107,1.1379153728485107
1784844060,1.138044834136963,1.138044834136963,1.138044834136963,1.138044834136963
1784844120,1.1381744146347046,1.1381744146347046,1.1381744146347046,1.1381744146347046
1784844180,1.1381744146347046,1.1381744146347046,1.1381744146347046,1.1381744146347046
1784844240,1.138044834136963,1.138044834136963,1.138044834136963,1.138044834136963
1784844300,1.1381744146347046,1.1381744146347046,1.1381744146347046,1.1381744146347046
1784844360,1.1381744146347046,1.1381744146347046,1.1381744146347046,1.1381744146347046
1784844420,1.1381744146347046,1.1381744146347046,1.1381744146347046,1.1381744146347046
1784844480,1.1381744146347046,1.1381744146347046,1.1381744146347046,1.1381744146347046
1784844540,1.1381744146347046,1.1381744146347046,1.1381744146347046,1.1381744146347046
1784844600,1.1381744146347046,1.1381744146347046,1.1381744146347046,1.1381744146347046
1784844660,1.1381744146347046,1.1381744146347046,1.1381744146347046,1.1381744146347046
1784844720,1.1381744146347046,1.1381744146347046,1.1381744146347046,1.1381744146347046
1784844780,1.1381744146347046,1.1381744146347046,1.1381744146347046,1.1381744146347046
1784844840,1.1381744146347046,1.1381744146347046,1.1381744146347046,1.1381744146347046
1784844900,1.1381744146347046,1.1381744146347046,1.1381744146347046,1.1381744146347046
1784844960,1.1381744146347046,1.1381744146347046,1.1381744146347046,1.1381744146347046
1784845020,1.1381744146347046,1.1381744146347046,1.1381744146347046,1.1381744146347046
1784845080,1.1381744146347046,1.1381744146347046,1.1381744146347046,1.1381744146347046
1784845140,1.1381744146347046,1.1381744146347046,1.1381744146347046,1.1381744146347046
1784845200,1.1381744146347046,1.1381744146347046,1.1381744146347046,1.1381744146347046
1784845260,1.1381744146347046,1.1381744146347046,1.1381744146347046,1.1381744146347046
1784845320,1.1381744146347046,1.1381744146347046,1.1381744146347046,1.1381744146347046
1784845380,1.1381744146347046,1.1381744146347046,1.1381744146347046,1.1381744146347046
1784845440,1.1383039951324463,1.1383039951324463,1.1383039951324463,1.1383039951324463
1784845500,1.1383039951324463,1.1383039951324463,1.1383039951324463,1.1383039951324463
1784845560,1.1381744146347046,1.1381744146347046,1.1381744146347046,1.1381744146347046
1784845620,1.138044834136963,1.138044834136963,1.138044834136963,1.138044834136963
1784845680,1.138044834136963,1.138044834136963,1.138044834136963,1.138044834136963
1784845740,1.138044834136963,1.138044834136963,1.138044834136963,1.138044834136963
1784845800,1.138044834136963,1.138044834136963,1.138044834136963,1.138044834136963
1784845860,1.138044834136963,1.138044834136963,1.138044834136963,1.138044834136963
1784845920,1.138044834136963,1.138044834136963,1.138044834136963,1.138044834136963
1784845980,1.138044834136963,1.138044834136963,1.138044834136963,1.138044834136963
1784846040,1.1381744146347046,1.1381744146347046,1.1381744146347046,1.1381744146347046
1784846100,1.1381744146347046,1.1381744146347046,1.1381744146347046,1.1381744146347046
1784846160,1.1381744146347046,1.1381744146347046,1.1381744146347046,1.1381744146347046
1784846220,1.1381744146347046,1.1381744146347046,1.1381744146347046,1.1381744146347046
1784846280,1.138044834136963,1.138044834136963,1.138044834136963,1.138044834136963
1784846340,1.1381744146347046,1.1381744146347046,1.1381744146347046,1.1381744146347046
1784846400,1.1381744146347046,1.1381744146347046,1.1381744146347046,1.1381744146347046
1784846460,1.138044834136963,1.138044834136963,1.138044834136963,1.138044834136963
1784846520,1.1381744146347046,1.1381744146347046,1.1381744146347046,1.1381744146347046
1784846580,1.1381744146347046,1.1381744146347046,1.1381744146347046,1.1381744146347046
1784846640,1.1381744146347046,1.1381744146347046,1.1381744146347046,1.1381744146347046
1784846700,1.1381744146347046,1.1381744146347046,1.1381744146347046,1.1381744146347046
1784846760,1.1381744146347046,1.1381744146347046,1.1381744146347046,1.1381744146347046
1784846820,1.1381744146347046,1.1381744146347046,1.1381744146347046,1.1381744146347046
1784846880,1.1381744146347046,1.1381744146347046,1.1381744146347046,1.1381744146347046
1784846940,1.1381744146347046,1.1381744146347046,1.1381744146347046,1.1381744146347046
1784847000,1.1381744146347046,1.1381744146347046,1.1381744146347046,1.1381744146347046
1784847060,1.1381744146347046,1.1381744146347046,1.1381744146347046,1.1381744146347046
1784847120,1.1383039951324463,1.1383039951324463,1.1383039951324463,1.1383039951324463
1784847180,1.1383039951324463,1.1383039951324463,1.1383039951324463,1.1383039951324463
1784847240,1.1383039951324463,1.1383039951324463,1.1383039951324463,1.1383039951324463
1784847300,1.1383039951324463,1.1383039951324463,1.1383039951324463,1.1383039951324463
1784847360,1.1383039951324463,1.1383039951324463,1.1383039951324463,1.1383039951324463
1784847420,1.1383039951324463,1.1383039951324463,1.1383039951324463,1.1383039951324463
1784847480,1.1383039951324463,1.1383039951324463,1.1383039951324463,1.1383039951324463
1784847600,1.1383039951324463,1.1383039951324463,1.1383039951324463,1.1383039951324463
1784847660,1.1383039951324463,1.1383039951324463,1.1383039951324463,1.1383039951324463
1784847720,1.1383039951324463,1.1383039951324463,1.1383039951324463,1.1383039951324463
1784847780,1.1383039951324463,1.1383039951324463,1.1383039951324463,1.1383039951324463
1784847840,1.1383039951324463,1.1383039951324463,1.1383039951324463,1.1383039951324463
1784847900,1.1381744146347046,1.1381744146347046,1.1381744146347046,1.1381744146347046
1784847960,1.1381744146347046,1.1381744146347046,1.1381744146347046,1.1381744146347046
1784848020,1.1383039951324463,1.1383039951324463,1.1383039951324463,1.1383039951324463
1784848080,1.1383039951324463,1.1383039951324463,1.1383039951324463,1.1383039951324463
1784848140,1.1381744146347046,1.1381744146347046,1.1381744146347046,1.1381744146347046
1784848200,1.1381744146347046,1.1381744146347046,1.1381744146347046,1.1381744146347046
1784848260,1.1383039951324463,1.1383039951324463,1.1383039951324463,1.1383039951324463
1784848320,1.1381744146347046,1.1381744146347046,1.1381744146347046,1.1381744146347046
1784848380,1.1381744146347046,1.1381744146347046,1.1381744146347046,1.1381744146347046
1784848440,1.1381744146347046,1.1381744146347046,1.1381744146347046,1.1381744146347046
1784848500,1.1381744146347046,1.1381744146347046,1.1381744146347046,1.1381744146347046
1784848560,1.1381744146347046,1.1381744146347046,1.1381744146347046,1.1381744146347046
1784848620,1.1381744146347046,1.1381744146347046,1.1381744146347046,1.1381744146347046
1784848680,1.1381744146347046,1.1381744146347046,1.1381744146347046,1.1381744146347046
1784848740,1.1381744146347046,1.1381744146347046,1.1381744146347046,1.1381744146347046
1784848800,1.1381744146347046,1.1381744146347046,1.1381744146347046,1.1381744146347046
1784848860,1.1383039951324463,1.1383039951324463,1.1383039951324463,1.1383039951324463
1784848920,1.1383039951324463,1.1383039951324463,1.1383039951324463,1.1383039951324463
1784848980,1.1381744146347046,1.1381744146347046,1.1381744146347046,1.1381744146347046
1784849040,1.1381744146347046,1.1381744146347046,1.1381744146347046,1.1381744146347046
1784849100,1.1383039951324463,1.1383039951324463,1.1383039951324463,1.1383039951324463
1784849160,1.1383039951324463,1.1383039951324463,1.1383039951324463,1.1383039951324463
1784849220,1.1381744146347046,1.1381744146347046,1.1381744146347046,1.1381744146347046
1784849280,1.1381744146347046,1.1381744146347046,1.1381744146347046,1.1381744146347046
1784849340,1.1383039951324463,1.1383039951324463,1.1383039951324463,1.1383039951324463
1784849400,1.1381744146347046,1.1381744146347046,1.1381744146347046,1.1381744146347046
1784849460,1.1381744146347046,1.1381744146347046,1.1381744146347046,1.1381744146347046
1784849520,1.1381744146347046,1.1381744146347046,1.1381744146347046,1.1381744146347046
1784849580,1.1381744146347046,1.1381744146347046,1.1381744146347046,1.1381744146347046
1784849640,1.1383039951324463,1.1383039951324463,1.1383039951324463,1.1383039951324463
1784849700,1.1383039951324463,1.1383039951324463,1.1383039951324463,1.1383039951324463
1784849760,1.1381744146347046,1.1381744146347046,1.1381744146347046,1.1381744146347046
1784849820,1.1381744146347046,1.1381744146347046,1.1381744146347046,1.1381744146347046
1784849880,1.1381744146347046,1.1381744146347046,1.1381744146347046,1.1381744146347046
1784849940,1.1381744146347046,1.1381744146347046,1.1381744146347046,1.1381744146347046
1784850000,1.138044834136963,1.138044834136963,1.138044834136963,1.138044834136963
1784850060,1.138044834136963,1.138044834136963,1.138044834136963,1.138044834136963
1784850120,1.138044834136963,1.138044834136963,1.138044834136963,1.138044834136963
1784850180,1.138044834136963,1.138044834136963,1.138044834136963,1.138044834136963
1784850240,1.138044834136963,1.138044834136963,1.138044834136963,1.138044834136963
1784850300,1.1381744146347046,1.1381744146347046,1.1381744146347046,1.1381744146347046
1784850360,1.1381744146347046,1.1381744146347046,1.1381744146347046,1.1381744146347046
1784850420,1.1381744146347046,1.1381744146347046,1.1381744146347046,1.1381744146347046
1784850480,1.1381744146347046,1.1381744146347046,1.1381744146347046,1.1381744146347046
1784850540,1.138044834136963,1.138044834136963,1.138044834136963,1.138044834136963
1784850600,1.138044834136963,1.138044834136963,1.138044834136963,1.138044834136963
1784850660,1.138044834136963,1.138044834136963,1.138044834136963,1.138044834136963
1784850720,1.138044834136963,1.138044834136963,1.138044834136963,1.138044834136963
1784850780,1.138044834136963,1.138044834136963,1.138044834136963,1.138044834136963
1784850840,1.1379153728485107,1.1379153728485107,1.1379153728485107,1.1379153728485107
1784850900,1.1379153728485107,1.1379153728485107,1.1379153728485107,1.1379153728485107
1784850960,1.1379153728485107,1.1379153728485107,1.1379153728485107,1.1379153728485107
1784851020,1.138044834136963,1.138044834136963,1.138044834136963,1.138044834136963
1784851080,1.138044834136963,1.138044834136963,1.138044834136963,1.138044834136963
1784851140,1.138044834136963,1.138044834136963,1.138044834136963,1.138044834136963
1784851200,1.1379153728485107,1.1379153728485107,1.1379153728485107,1.1379153728485107
1784851260,1.1379153728485107,1.1379153728485107,1.1379153728485107,1.1379153728485107
1784851320,1.1379153728485107,1.1379153728485107,1.1379153728485107,1.1379153728485107
1784851380,1.138044834136963,1.138044834136963,1.138044834136963,1.138044834136963
1784851440,1.138044834136963,1.138044834136963,1.138044834136963,1.138044834136963
1784851500,1.138044834136963,1.138044834136963,1.138044834136963,1.138044834136963
1784851560,1.138044834136963,1.138044834136963,1.138044834136963,1.138044834136963
1784851620,1.1381744146347046,1.1381744146347046,1.1381744146347046,1.1381744146347046
1784851680,1.1383039951324463,1.1383039951324463,1.1383039951324463,1.1383039951324463
1784851740,1.1383039951324463,1.1383039951324463,1.1383039951324463,1.1383039951324463
1784851800,1.1383039951324463,1.1383039951324463,1.1383039951324463,1.1383039951324463
1784851860,1.1383039951324463,1.1383039951324463,1.1383039951324463,1.1383039951324463
1784851920,1.1383039951324463,1.1383039951324463,1.1383039951324463,1.1383039951324463
1784851980,1.1383039951324463,1.1383039951324463,1.1383039951324463,1.1383039951324463
1784852040,1.1383039951324463,1.1383039951324463,1.1383039951324463,1.1383039951324463
1784852100,1.1381744146347046,1.1381744146347046,1.1381744146347046,1.1381744146347046
1784852160,1.1381744146347046,1.1381744146347046,1.1381744146347046,1.1381744146347046
1784852220,1.1383039951324463,1.1383039951324463,1.1383039951324463,1.1383039951324463
1784852280,1.1381744146347046,1.1381744146347046,1.1381744146347046,1.1381744146347046
1784852340,1.1381744146347046,1.1381744146347046,1.1381744146347046,1.1381744146347046
1784852400,1.1381744146347046,1.1381744146347046,1.1381744146347046,1.1381744146347046
1784852460,1.1381744146347046,1.1381744146347046,1.1381744146347046,1.1381744146347046
1784852520,1.1381744146347046,1.1381744146347046,1.1381744146347046,1.1381744146347046
1784852580,1.1383039951324463,1.1383039951324463,1.1383039951324463,1.1383039951324463
1784852640,1.1383039951324463,1.1383039951324463,1.1383039951324463,1.1383039951324463
1784852700,1.1383039951324463,1.1383039951324463,1.1383039951324463,1.1383039951324463
1784852760,1.1383039951324463,1.1383039951324463,1.1383039951324463,1.1383039951324463
1784852820,1.1381744146347046,1.1381744146347046,1.1381744146347046,1.1381744146347046
1784852880,1.1383039951324463,1.1383039951324463,1.1383039951324463,1.1383039951324463
1784852940,1.1383039951324463,1.1383039951324463,1.1383039951324463,1.1383039951324463
1784853000,1.1381744146347046,1.1381744146347046,1.1381744146347046,1.1381744146347046
1784853060,1.1381744146347046,1.1381744146347046,1.1381744146347046,1.1381744146347046
1784853120,1.1383039951324463,1.1383039951324463,1.1383039951324463,1.1383039951324463
1784853180,1.1383039951324463,1.1383039951324463,1.1383039951324463,1.1383039951324463
1784853240,1.1381744146347046,1.1381744146347046,1.1381744146347046,1.1381744146347046
1784853300,1.1381744146347046,1.1381744146347046,1.1381744146347046,1.1381744146347046
1784853360,1.1381744146347046,1.1381744146347046,1.1381744146347046,1.1381744146347046
1784853420,1.1381744146347046,1.1381744146347046,1.1381744146347046,1.1381744146347046
1784853480,1.1381744146347046,1.1381744146347046,1.1381744146347046,1.1381744146347046
1784853540,1.1381744146347046,1.1381744146347046,1.1381744146347046,1.1381744146347046
1784853600,1.138044834136963,1.138044834136963,1.138044834136963,1.138044834136963
1784853660,1.138044834136963,1.138044834136963,1.138044834136963,1.138044834136963
1784853720,1.138044834136963,1.138044834136963,1.138044834136963,1.138044834136963
1784853780,1.1381744146347046,1.1381744146347046,1.1381744146347046,1.1381744146347046
1784853840,1.138044834136963,1.138044834136963,1.138044834136963,1.138044834136963
1784853900,1.138044834136963,1.138044834136963,1.138044834136963,1.138044834136963
1784853960,1.138044834136963,1.138044834136963,1.138044834136963,1.138044834136963
1784854020,1.138044834136963,1.138044834136963,1.138044834136963,1.138044834136963
1784854080,1.138044834136963,1.138044834136963,1.138044834136963,1.138044834136963
1784854140,1.138044834136963,1.138044834136963,1.138044834136963,1.138044834136963
1784854200,1.138044834136963,1.138044834136963,1.138044834136963,1.138044834136963
1784854260,1.1381744146347046,1.1381744146347046,1.1381744146347046,1.1381744146347046
1784854320,1.1381744146347046,1.1381744146347046,1.1381744146347046,1.1381744146347046
1784854380,1.1381744146347046,1.1381744146347046,1.1381744146347046,1.1381744146347046
1784854440,1.1381744146347046,1.1381744146347046,1.1381744146347046,1.1381744146347046
1784854500,1.1383039951324463,1.1383039951324463,1.1383039951324463,1.1383039951324463
1784854560,1.1383039951324463,1.1383039951324463,1.1383039951324463,1.1383039951324463
1784854620,1.1383039951324463,1.1383039951324463,1.1383039951324463,1.1383039951324463
1784854680,1.1385631561279297,1.1385631561279297,1.1385631561279297,1.1385631561279297
1784854740,1.1386927366256714,1.1386927366256714,1.1386927366256714,1.1386927366256714
1784854800,1.1388224363327026,1.1388224363327026,1.1388224363327026,1.1388224363327026
1784854860,1.1389521360397339,1.1389521360397339,1.1389521360397339,1.1389521360397339
1784854920,1.1388224363327026,1.1388224363327026,1.1388224363327026,1.1388224363327026
1784854980,1.1388224363327026,1.1388224363327026,1.1388224363327026,1.1388224363327026
1784855040,1.1388224363327026,1.1388224363327026,1.1388224363327026,1.1388224363327026
1784855100,1.1386927366256714,1.1386927366256714,1.1386927366256714,1.1386927366256714
1784855160,1.1385631561279297,1.1385631561279297,1.1385631561279297,1.1385631561279297
1784855220,1.1386927366256714,1.1386927366256714,1.1386927366256714,1.1386927366256714
1784855280,1.1386927366256714,1.1386927366256714,1.1386927366256714,1.1386927366256714
1784855340,1.1386927366256714,1.1386927366256714,1.1386927366256714,1.1386927366256714
1784855400,1.1386927366256714,1.1386927366256714,1.1386927366256714,1.1386927366256714
1784855460,1.1386927366256714,1.1386927366256714,1.1386927366256714,1.1386927366256714
1784855520,1.1386927366256714,1.1386927366256714,1.1386927366256714,1.1386927366256714
1784855580,1.1386927366256714,1.1386927366256714,1.1386927366256714,1.1386927366256714
1784855640,1.1386927366256714,1.1386927366256714,1.1386927366256714,1.1386927366256714
1784855700,1.1386927366256714,1.1386927366256714,1.1386927366256714,1.1386927366256714
1784855760,1.1386927366256714,1.1386927366256714,1.1386927366256714,1.1386927366256714
1784855820,1.1386927366256714,1.1386927366256714,1.1386927366256714,1.1386927366256714
1784855880,1.1386927366256714,1.1386927366256714,1.1386927366256714,1.1386927366256714
1784855940,1.1388224363327026,1.1388224363327026,1.1388224363327026,1.1388224363327026
1784856000,1.1388224363327026,1.1388224363327026,1.1388224363327026,1.1388224363327026
1784856060,1.1388224363327026,1.1388224363327026,1.1388224363327026,1.1388224363327026
1784856120,1.1388224363327026,1.1388224363327026,1.1388224363327026,1.1388224363327026
1784856180,1.1388224363327026,1.1388224363327026,1.1388224363327026,1.1388224363327026
1784856240,1.1389521360397339,1.1389521360397339,1.1389521360397339,1.1389521360397339
1784856300,1.1388224363327026,1.1388224363327026,1.1388224363327026,1.1388224363327026
1784856360,1.1386927366256714,1.1386927366256714,1.1386927366256714,1.1386927366256714
1784856420,1.1386927366256714,1.1386927366256714,1.1386927366256714,1.1386927366256714
1784856480,1.1385631561279297,1.1385631561279297,1.1385631561279297,1.1385631561279297
1784856540,1.1385631561279297,1.1385631561279297,1.1385631561279297,1.1385631561279297
1784856600,1.1385631561279297,1.1385631561279297,1.1385631561279297,1.1385631561279297
1784856660,1.1385631561279297,1.1385631561279297,1.1385631561279297,1.1385631561279297
1784856720,1.1385631561279297,1.1385631561279297,1.1385631561279297,1.1385631561279297
1784856780,1.1385631561279297,1.1385631561279297,1.1385631561279297,1.1385631561279297
1784856840,1.1386927366256714,1.1386927366256714,1.1386927366256714,1.1386927366256714
1784856900,1.1386927366256714,1.1386927366256714,1.1386927366256714,1.1386927366256714
1784856960,1.1388224363327026,1.1388224363327026,1.1388224363327026,1.1388224363327026
1784857020,1.1388224363327026,1.1388224363327026,1.1388224363327026,1.1388224363327026
1784857080,1.1388224363327026,1.1388224363327026,1.1388224363327026,1.1388224363327026
1784857140,1.1388224363327026,1.1388224363327026,1.1388224363327026,1.1388224363327026
1784857200,1.1388224363327026,1.1388224363327026,1.1388224363327026,1.1388224363327026
1784857260,1.1388224363327026,1.1388224363327026,1.1388224363327026,1.1388224363327026
1784857320,1.1389521360397339,1.1389521360397339,1.1389521360397339,1.1389521360397339
1784857380,1.1389521360397339,1.1389521360397339,1.1389521360397339,1.1389521360397339
1784857440,1.1389521360397339,1.1389521360397339,1.1389521360397339,1.1389521360397339
1784857500,1.1389521360397339,1.1389521360397339,1.1389521360397339,1.1389521360397339
1784857560,1.1389521360397339,1.1389521360397339,1.1389521360397339,1.1389521360397339
1784857620,1.1389521360397339,1.1389521360397339,1.1389521360397339,1.1389521360397339
1784857680,1.1389521360397339,1.1389521360397339,1.1389521360397339,1.1389521360397339
1784857740,1.1390818357467651,1.1390818357467651,1.1390818357467651,1.1390818357467651
1784857800,1.1389521360397339,1.1389521360397339,1.1389521360397339,1.1389521360397339
1784857860,1.1388224363327026,1.1388224363327026,1.1388224363327026,1.1388224363327026
1784857920,1.1389521360397339,1.1389521360397339,1.1389521360397339,1.1389521360397339
1784857980,1.1389521360397339,1.1389521360397339,1.1389521360397339,1.1389521360397339
1784858040,1.1389521360397339,1.1389521360397339,1.1389521360397339,1.1389521360397339
1784858100,1.1389521360397339,1.1389521360397339,1.1389521360397339,1.1389521360397339
1784858160,1.1388224363327026,1.1388224363327026,1.1388224363327026,1.1388224363327026
1784858220,1.1386927366256714,1.1386927366256714,1.1386927366256714,1.1386927366256714
1784858280,1.1386927366256714,1.1386927366256714,1.1386927366256714,1.1386927366256714
1784858340,1.1386927366256714,1.1386927366256714,1.1386927366256714,1.1386927366256714
1784858400,1.1388224363327026,1.1388224363327026,1.1388224363327026,1.1388224363327026
1784858460,1.1386927366256714,1.1386927366256714,1.1386927366256714,1.1386927366256714
1784858520,1.1386927366256714,1.1386927366256714,1.1386927366256714,1.1386927366256714
1784858580,1.1386927366256714,1.1386927366256714,1.1386927366256714,1.1386927366256714
1784858640,1.1386927366256714,1.1386927366256714,1.1386927366256714,1.1386927366256714
1784858700,1.1386927366256714,1.1386927366256714,1.1386927366256714,1.1386927366256714
1784858760,1.1386927366256714,1.1386927366256714,1.1386927366256714,1.1386927366256714
1784858820,1.1386927366256714,1.1386927366256714,1.1386927366256714,1.1386927366256714
1784858880,1.1386927366256714,1.1386927366256714,1.1386927366256714,1.1386927366256714
1784858940,1.1386927366256714,1.1386927366256714,1.1386927366256714,1.1386927366256714
1784859000,1.1386927366256714,1.1386927366256714,1.1386927366256714,1.1386927366256714
1784859060,1.1386927366256714,1.1386927366256714,1.1386927366256714,1.1386927366256714
1784859120,1.1386927366256714,1.1386927366256714,1.1386927366256714,1.1386927366256714
1784859180,1.1386927366256714,1.1386927366256714,1.1386927366256714,1.1386927366256714
1784859240,1.1386927366256714,1.1386927366256714,1.1386927366256714,1.1386927366256714
1784859300,1.1388224363327026,1.1388224363327026,1.1388224363327026,1.1388224363327026
1784859360,1.1388224363327026,1.1388224363327026,1.1388224363327026,1.1388224363327026
1784859420,1.1386927366256714,1.1386927366256714,1.1386927366256714,1.1386927366256714
1784859480,1.1386927366256714,1.1386927366256714,1.1386927366256714,1.1386927366256714
1784859540,1.1386927366256714,1.1386927366256714,1.1386927366256714,1.1386927366256714
1784859600,1.1388224363327026,1.1388224363327026,1.1388224363327026,1.1388224363327026
1784859660,1.1389521360397339,1.1389521360397339,1.1389521360397339,1.1389521360397339
1784859720,1.1388224363327026,1.1388224363327026,1.1388224363327026,1.1388224363327026
1784859780,1.1386927366256714,1.1386927366256714,1.1386927366256714,1.1386927366256714
1784859840,1.1386927366256714,1.1386927366256714,1.1386927366256714,1.1386927366256714
1784859900,1.1386927366256714,1.1386927366256714,1.1386927366256714,1.1386927366256714
1784859960,1.1386927366256714,1.1386927366256714,1.1386927366256714,1.1386927366256714
1784860020,1.1386927366256714,1.1386927366256714,1.1386927366256714,1.1386927366256714
1784860080,1.1388224363327026,1.1388224363327026,1.1388224363327026,1.1388224363327026
1784860140,1.1386927366256714,1.1386927366256714,1.1386927366256714,1.1386927366256714
1784860200,1.1388224363327026,1.1388224363327026,1.1388224363327026,1.1388224363327026
1784860260,1.1389521360397339,1.1389521360397339,1.1389521360397339,1.1389521360397339
1784860320,1.1390818357467651,1.1390818357467651,1.1390818357467651,1.1390818357467651
1784860380,1.1390818357467651,1.1390818357467651,1.1390818357467651,1.1390818357467651
1784860440,1.1389521360397339,1.1389521360397339,1.1389521360397339,1.1389521360397339
1784860500,1.1389521360397339,1.1389521360397339,1.1389521360397339,1.1389521360397339
1784860560,1.1389521360397339,1.1389521360397339,1.1389521360397339,1.1389521360397339
1784860620,1.1389521360397339,1.1389521360397339,1.1389521360397339,1.1389521360397339
1784860680,1.1389521360397339,1.1389521360397339,1.1389521360397339,1.1389521360397339
1784860740,1.1388224363327026,1.1388224363327026,1.1388224363327026,1.1388224363327026
1784860800,1.1388224363327026,1.1388224363327026,1.1388224363327026,1.1388224363327026
1784860860,1.1388224363327026,1.1388224363327026,1.1388224363327026,1.1388224363327026
1784860920,1.1388224363327026,1.1388224363327026,1.1388224363327026,1.1388224363327026
1784860980,1.1388224363327026,1.1388224363327026,1.1388224363327026,1.1388224363327026
1784861040,1.1388224363327026,1.1388224363327026,1.1388224363327026,1.1388224363327026
1784861100,1.1388224363327026,1.1388224363327026,1.1388224363327026,1.1388224363327026
1784861160,1.1388224363327026,1.1388224363327026,1.1388224363327026,1.1388224363327026
1784861220,1.1386927366256714,1.1386927366256714,1.1386927366256714,1.1386927366256714
1784861280,1.1386927366256714,1.1386927366256714,1.1386927366256714,1.1386927366256714
1784861340,1.1386927366256714,1.1386927366256714,1.1386927366256714,1.1386927366256714
1784861400,1.1385631561279297,1.1385631561279297,1.1385631561279297,1.1385631561279297
1784861460,1.1385631561279297,1.1385631561279297,1.1385631561279297,1.1385631561279297
1784861520,1.1385631561279297,1.1385631561279297,1.1385631561279297,1.1385631561279297
1784861580,1.1385631561279297,1.1385631561279297,1.1385631561279297,1.1385631561279297
1784861640,1.1385631561279297,1.1385631561279297,1.1385631561279297,1.1385631561279297
1784861700,1.1385631561279297,1.1385631561279297,1.1385631561279297,1.1385631561279297
1784861760,1.1385631561279297,1.1385631561279297,1.1385631561279297,1.1385631561279297
1784861820,1.1385631561279297,1.1385631561279297,1.1385631561279297,1.1385631561279297
1784861880,1.1385631561279297,1.1385631561279297,1.1385631561279297,1.1385631561279297
1784861940,1.1385631561279297,1.1385631561279297,1.1385631561279297,1.1385631561279297
1784862000,1.1384334564208984,1.1384334564208984,1.1384334564208984,1.1384334564208984
1784862060,1.1384334564208984,1.1384334564208984,1.1384334564208984,1.1384334564208984
1784862120,1.1383039951324463,1.1383039951324463,1.1383039951324463,1.1383039951324463
1784862180,1.1384334564208984,1.1384334564208984,1.1384334564208984,1.1384334564208984
1784862240,1.1384334564208984,1.1384334564208984,1.1384334564208984,1.1384334564208984
1784862300,1.1384334564208984,1.1384334564208984,1.1384334564208984,1.1384334564208984
1784862360,1.1384334564208984,1.1384334564208984,1.1384334564208984,1.1384334564208984
1784862420,1.1384334564208984,1.1384334564208984,1.1384334564208984,1.1384334564208984
1784862480,1.1383039951324463,1.1383039951324463,1.1383039951324463,1.1383039951324463
1784862540,1.1383039951324463,1.1383039951324463,1.1383039951324463,1.1383039951324463
1784862600,1.1383039951324463,1.1383039951324463,1.1383039951324463,1.1383039951324463
1784862660,1.1381744146347046,1.1381744146347046,1.1381744146347046,1.1381744146347046
1784862720,1.1381744146347046,1.1381744146347046,1.1381744146347046,1.1381744146347046
1784862780,1.1381744146347046,1.1381744146347046,1.1381744146347046,1.1381744146347046
1784862840,1.1381744146347046,1.1381744146347046,1.1381744146347046,1.1381744146347046
1784862900,1.1381744146347046,1.1381744146347046,1.1381744146347046,1.1381744146347046
1784862960,1.1381744146347046,1.1381744146347046,1.1381744146347046,1.1381744146347046
1784863020,1.1381744146347046,1.1381744146347046,1.1381744146347046,1.1381744146347046
1784863080,1.1383039951324463,1.1383039951324463,1.1383039951324463,1.1383039951324463
1784863140,1.1381744146347046,1.1381744146347046,1.1381744146347046,1.1381744146347046
1784863200,1.1381744146347046,1.1381744146347046,1.1381744146347046,1.1381744146347046
1784863260,1.1381744146347046,1.1381744146347046,1.1381744146347046,1.1381744146347046
1784863320,1.1381744146347046,1.1381744146347046,1.1381744146347046,1.1381744146347046
1784863380,1.1381744146347046,1.1381744146347046,1.1381744146347046,1.1381744146347046
1784863440,1.1381744146347046,1.1381744146347046,1.1381744146347046,1.1381744146347046
1784863500,1.1381744146347046,1.1381744146347046,1.1381744146347046,1.1381744146347046
1784863560,1.1381744146347046,1.1381744146347046,1.1381744146347046,1.1381744146347046
1784863620,1.1383039951324463,1.1383039951324463,1.1383039951324463,1.1383039951324463
1784863680,1.1381744146347046,1.1381744146347046,1.1381744146347046,1.1381744146347046
1784863740,1.1381744146347046,1.1381744146347046,1.1381744146347046,1.1381744146347046
1784863800,1.1383039951324463,1.1383039951324463,1.1383039951324463,1.1383039951324463
1784863860,1.1384334564208984,1.1384334564208984,1.1384334564208984,1.1384334564208984
1784863920,1.1384334564208984,1.1384334564208984,1.1384334564208984,1.1384334564208984
1784863980,1.1384334564208984,1.1384334564208984,1.1384334564208984,1.1384334564208984
1784864040,1.1384334564208984,1.1384334564208984,1.1384334564208984,1.1384334564208984
1784864100,1.1385631561279297,1.1385631561279297,1.1385631561279297,1.1385631561279297
1784864160,1.1385631561279297,1.1385631561279297,1.1385631561279297,1.1385631561279297
1784864220,1.1384334564208984,1.1384334564208984,1.1384334564208984,1.1384334564208984
1784864280,1.1384334564208984,1.1384334564208984,1.1384334564208984,1.1384334564208984
1784864340,1.1385631561279297,1.1385631561279297,1.1385631561279297,1.1385631561279297
1784864400,1.1384334564208984,1.1384334564208984,1.1384334564208984,1.1384334564208984
1784864460,1.1385631561279297,1.1385631561279297,1.1385631561279297,1.1385631561279297
1784864520,1.1385631561279297,1.1385631561279297,1.1385631561279297,1.1385631561279297
1784864580,1.1385631561279297,1.1385631561279297,1.1385631561279297,1.1385631561279297
1784864640,1.1385631561279297,1.1385631561279297,1.1385631561279297,1.1385631561279297
1784864700,1.1385631561279297,1.1385631561279297,1.1385631561279297,1.1385631561279297
1784864760,1.1385631561279297,1.1385631561279297,1.1385631561279297,1.1385631561279297
1784864820,1.1384334564208984,1.1384334564208984,1.1384334564208984,1.1384334564208984
1784864880,1.1384334564208984,1.1384334564208984,1.1384334564208984,1.1384334564208984
1784864940,1.1384334564208984,1.1384334564208984,1.1384334564208984,1.1384334564208984
1784865000,1.1384334564208984,1.1384334564208984,1.1384334564208984,1.1384334564208984
1784865060,1.1385631561279297,1.1385631561279297,1.1385631561279297,1.1385631561279297
1784865120,1.1385631561279297,1.1385631561279297,1.1385631561279297,1.1385631561279297
1784865180,1.1385631561279297,1.1385631561279297,1.1385631561279297,1.1385631561279297
1784865240,1.1385631561279297,1.1385631561279297,1.1385631561279297,1.1385631561279297
1784865300,1.1384334564208984,1.1384334564208984,1.1384334564208984,1.1384334564208984
1784865360,1.1384334564208984,1.1384334564208984,1.1384334564208984,1.1384334564208984
1784865420,1.1384334564208984,1.1384334564208984,1.1384334564208984,1.1384334564208984
1784865480,1.1384334564208984,1.1384334564208984,1.1384334564208984,1.1384334564208984
1784865540,1.1385631561279297,1.1385631561279297,1.1385631561279297,1.1385631561279297
1784865600,1.1385631561279297,1.1385631561279297,1.1385631561279297,1.1385631561279297
1784865660,1.1385631561279297,1.1385631561279297,1.1385631561279297,1.1385631561279297
1784865720,1.1385631561279297,1.1385631561279297,1.1385631561279297,1.1385631561279297
1784865780,1.1385631561279297,1.1385631561279297,1.1385631561279297,1.1385631561279297
1784865840,1.1385631561279297,1.1385631561279297,1.1385631561279297,1.1385631561279297
1784865900,1.1385631561279297,1.1385631561279297,1.1385631561279297,1.1385631561279297
1784865960,1.1386927366256714,1.1386927366256714,1.1386927366256714,1.1386927366256714
1784866020,1.1385631561279297,1.1385631561279297,1.1385631561279297,1.1385631561279297
1784866080,1.1385631561279297,1.1385631561279297,1.1385631561279297,1.1385631561279297
1784866140,1.1385631561279297,1.1385631561279297,1.1385631561279297,1.1385631561279297
1784866200,1.1386927366256714,1.1386927366256714,1.1386927366256714,1.1386927366256714
1784866260,1.1385631561279297,1.1385631561279297,1.1385631561279297,1.1385631561279297
1784866320,1.1385631561279297,1.1385631561279297,1.1385631561279297,1.1385631561279297
1784866380,1.1386927366256714,1.1386927366256714,1.1386927366256714,1.1386927366256714
1784866440,1.1386927366256714,1.1386927366256714,1.1386927366256714,1.1386927366256714
1784866500,1.1386927366256714,1.1386927366256714,1.1386927366256714,1.1386927366256714
1784866560,1.1386927366256714,1.1386927366256714,1.1386927366256714,1.1386927366256714
1784866620,1.1386927366256714,1.1386927366256714,1.1386927366256714,1.1386927366256714
1784866680,1.1386927366256714,1.1386927366256714,1.1386927366256714,1.1386927366256714
1784866740,1.1385631561279297,1.1385631561279297,1.1385631561279297,1.1385631561279297
1784866800,1.1385631561279297,1.1385631561279297,1.1385631561279297,1.1385631561279297
1784866860,1.1385631561279297,1.1385631561279297,1.1385631561279297,1.1385631561279297
1784866920,1.1385631561279297,1.1385631561279297,1.1385631561279297,1.1385631561279297
1784866980,1.1385631561279297,1.1385631561279297,1.1385631561279297,1.1385631561279297
1784867040,1.1385631561279297,1.1385631561279297,1.1385631561279297,1.1385631561279297
1784867100,1.1384334564208984,1.1384334564208984,1.1384334564208984,1.1384334564208984
1784867160,1.1384334564208984,1.1384334564208984,1.1384334564208984,1.1384334564208984
1784867220,1.1385631561279297,1.1385631561279297,1.1385631561279297,1.1385631561279297
1784867280,1.1384334564208984,1.1384334564208984,1.1384334564208984,1.1384334564208984
1784867340,1.1384334564208984,1.1384334564208984,1.1384334564208984,1.1384334564208984
1784867400,1.1384334564208984,1.1384334564208984,1.1384334564208984,1.1384334564208984
1784867460,1.1384334564208984,1.1384334564208984,1.1384334564208984,1.1384334564208984
1784867520,1.1383039951324463,1.1383039951324463,1.1383039951324463,1.1383039951324463
1784867580,1.1383039951324463,1.1383039951324463,1.1383039951324463,1.1383039951324463
1784867640,1.1383039951324463,1.1383039951324463,1.1383039951324463,1.1383039951324463
1784867700,1.1383039951324463,1.1383039951324463,1.1383039951324463,1.1383039951324463
1784867760,1.1384334564208984,1.1384334564208984,1.1384334564208984,1.1384334564208984
1784867820,1.1383039951324463,1.1383039951324463,1.1383039951324463,1.1383039951324463
1784867880,1.1383039951324463,1.1383039951324463,1.1383039951324463,1.1383039951324463
1784867940,1.1383039951324463,1.1383039951324463,1.1383039951324463,1.1383039951324463
1784868000,1.1383039951324463,1.1383039951324463,1.1383039951324463,1.1383039951324463
1784868060,1.1383039951324463,1.1383039951324463,1.1383039951324463,1.1383039951324463
1784868120,1.1381744146347046,1.1381744146347046,1.1381744146347046,1.1381744146347046
1784868180,1.1381744146347046,1.1381744146347046,1.1381744146347046,1.1381744146347046
1784868240,1.1381744146347046,1.1381744146347046,1.1381744146347046,1.1381744146347046
1784868300,1.1381744146347046,1.1381744146347046,1.1381744146347046,1.1381744146347046
1784868360,1.1381744146347046,1.1381744146347046,1.1381744146347046,1.1381744146347046
1784868420,1.138044834136963,1.138044834136963,1.138044834136963,1.138044834136963
1784868480,1.138044834136963,1.138044834136963,1.138044834136963,1.138044834136963
1784868540,1.1381744146347046,1.1381744146347046,1.1381744146347046,1.1381744146347046
1784868600,1.138044834136963,1.138044834136963,1.138044834136963,1.138044834136963
1784868660,1.138044834136963,1.138044834136963,1.138044834136963,1.138044834136963
1784868720,1.138044834136963,1.138044834136963,1.138044834136963,1.138044834136963
1784868780,1.138044834136963,1.138044834136963,1.138044834136963,1.138044834136963
1784868840,1.138044834136963,1.138044834136963,1.138044834136963,1.138044834136963
1784868900,1.1381744146347046,1.1381744146347046,1.1381744146347046,1.1381744146347046
1784868960,1.138044834136963,1.138044834136963,1.138044834136963,1.138044834136963
1784869020,1.138044834136963,1.138044834136963,1.138044834136963,1.138044834136963
1784869080,1.1381744146347046,1.1381744146347046,1.1381744146347046,1.1381744146347046
1784869140,1.1381744146347046,1.1381744146347046,1.1381744146347046,1.1381744146347046
1784869200,1.1383039951324463,1.1383039951324463,1.1383039951324463,1.1383039951324463
1784869260,1.1381744146347046,1.1381744146347046,1.1381744146347046,1.1381744146347046
1784869320,1.1381744146347046,1.1381744146347046,1.1381744146347046,1.1381744146347046
1784869380,1.1383039951324463,1.1383039951324463,1.1383039951324463,1.1383039951324463
1784869440,1.1383039951324463,1.1383039951324463,1.1383039951324463,1.1383039951324463
1784869500,1.1383039951324463,1.1383039951324463,1.1383039951324463,1.1383039951324463
1784869560,1.1383039951324463,1.1383039951324463,1.1383039951324463,1.1383039951324463
1784869620,1.1384334564208984,1.1384334564208984,1.1384334564208984,1.1384334564208984
1784869680,1.1383039951324463,1.1383039951324463,1.1383039951324463,1.1383039951324463
1784869740,1.1383039951324463,1.1383039951324463,1.1383039951324463,1.1383039951324463
1784869800,1.1384334564208984,1.1384334564208984,1.1384334564208984,1.1384334564208984
1784869860,1.1384334564208984,1.1384334564208984,1.1384334564208984,1.1384334564208984
1784869920,1.1383039951324463,1.1383039951324463,1.1383039951324463,1.1383039951324463
1784869980,1.1384334564208984,1.1384334564208984,1.1384334564208984,1.1384334564208984
1784870040,1.1383039951324463,1.1383039951324463,1.1383039951324463,1.1383039951324463
1784870100,1.1383039951324463,1.1383039951324463,1.1383039951324463,1.1383039951324463
1784870160,1.1383039951324463,1.1383039951324463,1.1383039951324463,1.1383039951324463
1784870220,1.1384334564208984,1.1384334564208984,1.1384334564208984,1.1384334564208984
1784870280,1.1384334564208984,1.1384334564208984,1.1384334564208984,1.1384334564208984
1784870340,1.1384334564208984,1.1384334564208984,1.1384334564208984,1.1384334564208984
1784870400,1.1384334564208984,1.1384334564208984,1.1384334564208984,1.1384334564208984
1784870460,1.1385631561279297,1.1385631561279297,1.1385631561279297,1.1385631561279297
1784870520,1.1384334564208984,1.1384334564208984,1.1384334564208984,1.1384334564208984
1784870580,1.1385631561279297,1.1385631561279297,1.1385631561279297,1.1385631561279297
1784870640,1.1385631561279297,1.1385631561279297,1.1385631561279297,1.1385631561279297
1784870700,1.1385631561279297,1.1385631561279297,1.1385631561279297,1.1385631561279297
1784870760,1.1385631561279297,1.1385631561279297,1.1385631561279297,1.1385631561279297
1784870820,1.1385631561279297,1.1385631561279297,1.1385631561279297,1.1385631561279297
1784870880,1.1385631561279297,1.1385631561279297,1.1385631561279297,1.1385631561279297
1784870940,1.1385631561279297,1.1385631561279297,1.1385631561279297,1.1385631561279297
1784871000,1.1385631561279297,1.1385631561279297,1.1385631561279297,1.1385631561279297
1784871060,1.1385631561279297,1.1385631561279297,1.1385631561279297,1.1385631561279297
1784871120,1.1386927366256714,1.1386927366256714,1.1386927366256714,1.1386927366256714
1784871180,1.1385631561279297,1.1385631561279297,1.1385631561279297,1.1385631561279297
1784871240,1.1384334564208984,1.1384334564208984,1.1384334564208984,1.1384334564208984
1784871300,1.1385631561279297,1.1385631561279297,1.1385631561279297,1.1385631561279297
1784871360,1.1385631561279297,1.1385631561279297,1.1385631561279297,1.1385631561279297
1784871420,1.1384334564208984,1.1384334564208984,1.1384334564208984,1.1384334564208984
1784871480,1.1385631561279297,1.1385631561279297,1.1385631561279297,1.1385631561279297
1784871540,1.1384334564208984,1.1384334564208984,1.1384334564208984,1.1384334564208984
1784871600,1.1384334564208984,1.1384334564208984,1.1384334564208984,1.1384334564208984
1784871660,1.1385631561279297,1.1385631561279297,1.1385631561279297,1.1385631561279297
1784871720,1.1385631561279297,1.1385631561279297,1.1385631561279297,1.1385631561279297
1784871780,1.1384334564208984,1.1384334564208984,1.1384334564208984,1.1384334564208984
1784871840,1.1384334564208984,1.1384334564208984,1.1384334564208984,1.1384334564208984
1784871900,1.1384334564208984,1.1384334564208984,1.1384334564208984,1.1384334564208984
1784871960,1.1383039951324463,1.1383039951324463,1.1383039951324463,1.1383039951324463
1784872020,1.1384334564208984,1.1384334564208984,1.1384334564208984,1.1384334564208984
1784872080,1.1384334564208984,1.1384334564208984,1.1384334564208984,1.1384334564208984
1784872140,1.1384334564208984,1.1384334564208984,1.1384334564208984,1.1384334564208984
1784872200,1.1384334564208984,1.1384334564208984,1.1384334564208984,1.1384334564208984
1784872260,1.1383039951324463,1.1383039951324463,1.1383039951324463,1.1383039951324463
1784872320,1.1381744146347046,1.1381744146347046,1.1381744146347046,1.1381744146347046
1784872380,1.1381744146347046,1.1381744146347046,1.1381744146347046,1.1381744146347046
1784872440,1.1381744146347046,1.1381744146347046,1.1381744146347046,1.1381744146347046
1784872500,1.138044834136963,1.138044834136963,1.138044834136963,1.138044834136963
1784872560,1.138044834136963,1.138044834136963,1.138044834136963,1.138044834136963
1784872620,1.138044834136963,1.138044834136963,1.138044834136963,1.138044834136963
1784872680,1.138044834136963,1.138044834136963,1.138044834136963,1.138044834136963
1784872740,1.138044834136963,1.138044834136963,1.138044834136963,1.138044834136963
1784872800,1.1381744146347046,1.1381744146347046,1.1381744146347046,1.1381744146347046
1784872860,1.1383039951324463,1.1383039951324463,1.1383039951324463,1.1383039951324463
1784872920,1.1381744146347046,1.1381744146347046,1.1381744146347046,1.1381744146347046
1784872980,1.1381744146347046,1.1381744146347046,1.1381744146347046,1.1381744146347046
1784873040,1.138044834136963,1.138044834136963,1.138044834136963,1.138044834136963
1784873100,1.1381744146347046,1.1381744146347046,1.1381744146347046,1.1381744146347046
1784873160,1.1383039951324463,1.1383039951324463,1.1383039951324463,1.1383039951324463
1784873220,1.1381744146347046,1.1381744146347046,1.1381744146347046,1.1381744146347046
1784873280,1.1381744146347046,1.1381744146347046,1.1381744146347046,1.1381744146347046
1784873340,1.1381744146347046,1.1381744146347046,1.1381744146347046,1.1381744146347046
1784873400,1.1383039951324463,1.1383039951324463,1.1383039951324463,1.1383039951324463
1784873460,1.1381744146347046,1.1381744146347046,1.1381744146347046,1.1381744146347046
1784873520,1.138044834136963,1.138044834136963,1.138044834136963,1.138044834136963
1784873580,1.1381744146347046,1.1381744146347046,1.1381744146347046,1.1381744146347046
1784873640,1.1383039951324463,1.1383039951324463,1.1383039951324463,1.1383039951324463
1784873700,1.1383039951324463,1.1383039951324463,1.1383039951324463,1.1383039951324463
1784873760,1.1383039951324463,1.1383039951324463,1.1383039951324463,1.1383039951324463
1784873820,1.1384334564208984,1.1384334564208984,1.1384334564208984,1.1384334564208984
1784873880,1.1385631561279297,1.1385631561279297,1.1385631561279297,1.1385631561279297
1784873940,1.1386927366256714,1.1386927366256714,1.1386927366256714,1.1386927366256714
1784874000,1.1386927366256714,1.1386927366256714,1.1386927366256714,1.1386927366256714
1784874060,1.1386927366256714,1.1386927366256714,1.1386927366256714,1.1386927366256714
1784874120,1.1386927366256714,1.1386927366256714,1.1386927366256714,1.1386927366256714
1784874180,1.1388224363327026,1.1388224363327026,1.1388224363327026,1.1388224363327026
1784874240,1.1388224363327026,1.1388224363327026,1.1388224363327026,1.1388224363327026
1784874300,1.1388224363327026,1.1388224363327026,1.1388224363327026,1.1388224363327026
1784874360,1.1388224363327026,1.1388224363327026,1.1388224363327026,1.1388224363327026
1784874420,1.1389521360397339,1.1389521360397339,1.1389521360397339,1.1389521360397339
1784874480,1.1388224363327026,1.1388224363327026,1.1388224363327026,1.1388224363327026
1784874540,1.1388224363327026,1.1388224363327026,1.1388224363327026,1.1388224363327026
1784874600,1.1388224363327026,1.1388224363327026,1.1388224363327026,1.1388224363327026
1784874660,1.1388224363327026,1.1388224363327026,1.1388224363327026,1.1388224363327026
1784874720,1.1386927366256714,1.1386927366256714,1.1386927366256714,1.1386927366256714
1784874780,1.1388224363327026,1.1388224363327026,1.1388224363327026,1.1388224363327026
1784874840,1.1388224363327026,1.1388224363327026,1.1388224363327026,1.1388224363327026
1784874900,1.1389521360397339,1.1389521360397339,1.1389521360397339,1.1389521360397339
1784874960,1.1389521360397339,1.1389521360397339,1.1389521360397339,1.1389521360397339
1784875020,1.1389521360397339,1.1389521360397339,1.1389521360397339,1.1389521360397339
1784875080,1.1389521360397339,1.1389521360397339,1.1389521360397339,1.1389521360397339
1784875140,1.1389521360397339,1.1389521360397339,1.1389521360397339,1.1389521360397339
1784875200,1.1389521360397339,1.1389521360397339,1.1389521360397339,1.1389521360397339
1784875260,1.1388224363327026,1.1388224363327026,1.1388224363327026,1.1388224363327026
1784875320,1.1388224363327026,1.1388224363327026,1.1388224363327026,1.1388224363327026
1784875380,1.1388224363327026,1.1388224363327026,1.1388224363327026,1.1388224363327026
1784875440,1.1386927366256714,1.1386927366256714,1.1386927366256714,1.1386927366256714
1784875500,1.1388224363327026,1.1388224363327026,1.1388224363327026,1.1388224363327026
1784875560,1.1388224363327026,1.1388224363327026,1.1388224363327026,1.1388224363327026
1784875620,1.1388224363327026,1.1388224363327026,1.1388224363327026,1.1388224363327026
1784875680,1.1388224363327026,1.1388224363327026,1.1388224363327026,1.1388224363327026
1784875740,1.1388224363327026,1.1388224363327026,1.1388224363327026,1.1388224363327026
1784875800,1.1388224363327026,1.1388224363327026,1.1388224363327026,1.1388224363327026
1784875860,1.1388224363327026,1.1388224363327026,1.1388224363327026,1.1388224363327026
1784875920,1.1386927366256714,1.1386927366256714,1.1386927366256714,1.1386927366256714
1784875980,1.1388224363327026,1.1388224363327026,1.1388224363327026,1.1388224363327026
1784876040,1.1386927366256714,1.1386927366256714,1.1386927366256714,1.1386927366256714
1784876100,1.1386927366256714,1.1386927366256714,1.1386927366256714,1.1386927366256714
1784876160,1.1388224363327026,1.1388224363327026,1.1388224363327026,1.1388224363327026
1784876220,1.1388224363327026,1.1388224363327026,1.1388224363327026,1.1388224363327026
1784876280,1.1388224363327026,1.1388224363327026,1.1388224363327026,1.1388224363327026
1784876340,1.1389521360397339,1.1389521360397339,1.1389521360397339,1.1389521360397339
1784876400,1.1390818357467651,1.1390818357467651,1.1390818357467651,1.1390818357467651
1784876460,1.1390818357467651,1.1390818357467651,1.1390818357467651,1.1390818357467651
1784876520,1.1390818357467651,1.1390818357467651,1.1390818357467651,1.1390818357467651
1784876580,1.1389521360397339,1.1389521360397339,1.1389521360397339,1.1389521360397339
1784876640,1.139211654663086,1.139211654663086,1.139211654663086,1.139211654663086
1784876700,1.139211654663086,1.139211654663086,1.139211654663086,1.139211654663086
1784876760,1.139211654663086,1.139211654663086,1.139211654663086,1.139211654663086
1784876820,1.139211654663086,1.139211654663086,1.139211654663086,1.139211654663086
1784876880,1.1393414735794067,1.1393414735794067,1.1393414735794067,1.1393414735794067
1784876940,1.1396011114120483,1.1396011114120483,1.1396011114120483,1.1396011114120483
1784877000,1.1397310495376587,1.1397310495376587,1.1397310495376587,1.1397310495376587
1784877060,1.1397310495376587,1.1397310495376587,1.1397310495376587,1.1397310495376587
1784877120,1.1397310495376587,1.1397310495376587,1.1397310495376587,1.1397310495376587
1784877180,1.1398608684539795,1.1398608684539795,1.1398608684539795,1.1398608684539795
1784877240,1.1398608684539795,1.1398608684539795,1.1398608684539795,1.1398608684539795
1784877300,1.1397310495376587,1.1397310495376587,1.1397310495376587,1.1397310495376587
1784877360,1.1396011114120483,1.1396011114120483,1.1396011114120483,1.1396011114120483
1784877420,1.1396011114120483,1.1396011114120483,1.1396011114120483,1.1396011114120483
1784877480,1.1393414735794067,1.1393414735794067,1.1393414735794067,1.1393414735794067
1784877540,1.1396011114120483,1.1396011114120483,1.1396011114120483,1.1396011114120483
1784877600,1.1396011114120483,1.1396011114120483,1.1396011114120483,1.1396011114120483
1784877660,1.1396011114120483,1.1396011114120483,1.1396011114120483,1.1396011114120483
1784877720,1.1397310495376587,1.1397310495376587,1.1397310495376587,1.1397310495376587
1784877780,1.1397310495376587,1.1397310495376587,1.1397310495376587,1.1397310495376587
1784877840,1.1398608684539795,1.1398608684539795,1.1398608684539795,1.1398608684539795
1784877900,1.1399909257888794,1.1399909257888794,1.1399909257888794,1.1399909257888794
1784877960,1.1399909257888794,1.1399909257888794,1.1399909257888794,1.1399909257888794
1784878020,1.1401208639144897,1.1401208639144897,1.1401208639144897,1.1401208639144897
1784878080,1.1401208639144897,1.1401208639144897,1.1401208639144897,1.1401208639144897
1784878140,1.1401208639144897,1.1401208639144897,1.1401208639144897,1.1401208639144897
1784878200,1.1402509212493896,1.1402509212493896,1.1402509212493896,1.1402509212493896
1784878260,1.140380859375,1.140380859375,1.140380859375,1.140380859375
1784878320,1.1401208639144897,1.1401208639144897,1.1401208639144897,1.1401208639144897
1784878380,1.1399909257888794,1.1399909257888794,1.1399909257888794,1.1399909257888794
1784878440,1.1399909257888794,1.1399909257888794,1.1399909257888794,1.1399909257888794
1784878500,1.1399909257888794,1.1399909257888794,1.1399909257888794,1.1399909257888794
1784878560,1.1398608684539795,1.1398608684539795,1.1398608684539795,1.1398608684539795
1784878620,1.1398608684539795,1.1398608684539795,1.1398608684539795,1.1398608684539795
1784878680,1.1396011114120483,1.1396011114120483,1.1396011114120483,1.1396011114120483
1784878740,1.1394712924957275,1.1394712924957275,1.1394712924957275,1.1394712924957275
1784878800,1.1394712924957275,1.1394712924957275,1.1394712924957275,1.1394712924957275
1784878860,1.1394712924957275,1.1394712924957275,1.1394712924957275,1.1394712924957275
1784878920,1.1393414735794067,1.1393414735794067,1.1393414735794067,1.1393414735794067
1784878980,1.1394712924957275,1.1394712924957275,1.1394712924957275,1.1394712924957275
1784879040,1.1396011114120483,1.1396011114120483,1.1396011114120483,1.1396011114120483
1784879100,1.1394712924957275,1.1394712924957275,1.1394712924957275,1.1394712924957275
1784879160,1.1393414735794067,1.1393414735794067,1.1393414735794067,1.1393414735794067
1784879220,1.1393414735794067,1.1393414735794067,1.1393414735794067,1.1393414735794067
1784879280,1.1394712924957275,1.1394712924957275,1.1394712924957275,1.1394712924957275
1784879340,1.1394712924957275,1.1394712924957275,1.1394712924957275,1.1394712924957275
1784879400,1.1394712924957275,1.1394712924957275,1.1394712924957275,1.1394712924957275
1784879460,1.1393414735794067,1.1393414735794067,1.1393414735794067,1.1393414735794067
1784879520,1.1394712924957275,1.1394712924957275,1.1394712924957275,1.1394712924957275
1784879580,1.1393414735794067,1.1393414735794067,1.1393414735794067,1.1393414735794067
1784879640,1.1394712924957275,1.1394712924957275,1.1394712924957275,1.1394712924957275
1784879700,1.1394712924957275,1.1394712924957275,1.1394712924957275,1.1394712924957275
1784879760,1.1396011114120483,1.1396011114120483,1.1396011114120483,1.1396011114120483
1784879820,1.1396011114120483,1.1396011114120483,1.1396011114120483,1.1396011114120483
1784879880,1.1394712924957275,1.1394712924957275,1.1394712924957275,1.1394712924957275
1784879940,1.1393414735794067,1.1393414735794067,1.1393414735794067,1.1393414735794067
1784880000,1.1393414735794067,1.1393414735794067,1.1393414735794067,1.1393414735794067
1784880060,1.1393414735794067,1.1393414735794067,1.1393414735794067,1.1393414735794067
1784880120,1.139211654663086,1.139211654663086,1.139211654663086,1.139211654663086
1784880180,1.1390818357467651,1.1390818357467651,1.1390818357467651,1.1390818357467651
1784880240,1.1390818357467651,1.1390818357467651,1.1390818357467651,1.1390818357467651
1784880300,1.1389521360397339,1.1389521360397339,1.1389521360397339,1.1389521360397339
1784880360,1.1389521360397339,1.1389521360397339,1.1389521360397339,1.1389521360397339
1784880420,1.1389521360397339,1.1389521360397339,1.1389521360397339,1.1389521360397339
1784880480,1.1390818357467651,1.1390818357467651,1.1390818357467651,1.1390818357467651
1784880540,1.1390818357467651,1.1390818357467651,1.1390818357467651,1.1390818357467651
1784880600,1.139211654663086,1.139211654663086,1.139211654663086,1.139211654663086
1784880660,1.139211654663086,1.139211654663086,1.139211654663086,1.139211654663086
1784880720,1.1390818357467651,1.1390818357467651,1.1390818357467651,1.1390818357467651
1784880780,1.139211654663086,1.139211654663086,1.139211654663086,1.139211654663086
1784880840,1.1390818357467651,1.1390818357467651,1.1390818357467651,1.1390818357467651
1784880900,1.1390818357467651,1.1390818357467651,1.1390818357467651,1.1390818357467651
1784880960,1.1390818357467651,1.1390818357467651,1.1390818357467651,1.1390818357467651
1784881020,1.1390818357467651,1.1390818357467651,1.1390818357467651,1.1390818357467651
1784881080,1.1388224363327026,1.1388224363327026,1.1388224363327026,1.1388224363327026
1784881140,1.1388224363327026,1.1388224363327026,1.1388224363327026,1.1388224363327026
1784881200,1.1388224363327026,1.1388224363327026,1.1388224363327026,1.1388224363327026
1784881260,1.1388224363327026,1.1388224363327026,1.1388224363327026,1.1388224363327026
1784881320,1.1386927366256714,1.1386927366256714,1.1386927366256714,1.1386927366256714
1784881380,1.1389521360397339,1.1389521360397339,1.1389521360397339,1.1389521360397339
1784881440,1.1389521360397339,1.1389521360397339,1.1389521360397339,1.1389521360397339
1784881500,1.1386927366256714,1.1386927366256714,1.1386927366256714,1.1386927366256714
1784881560,1.1389521360397339,1.1389521360397339,1.1389521360397339,1.1389521360397339
1784881620,1.1388224363327026,1.1388224363327026,1.1388224363327026,1.1388224363327026
1784881680,1.1388224363327026,1.1388224363327026,1.1388224363327026,1.1388224363327026
1784881740,1.1390818357467651,1.1390818357467651,1.1390818357467651,1.1390818357467651
1784881800,1.1389521360397339,1.1389521360397339,1.1389521360397339,1.1389521360397339
1784881860,1.1389521360397339,1.1389521360397339,1.1389521360397339,1.1389521360397339
1784881920,1.1389521360397339,1.1389521360397339,1.1389521360397339,1.1389521360397339
1784881980,1.1390818357467651,1.1390818357467651,1.1390818357467651,1.1390818357467651
1784882040,1.1389521360397339,1.1389521360397339,1.1389521360397339,1.1389521360397339
1784882100,1.1388224363327026,1.1388224363327026,1.1388224363327026,1.1388224363327026
1784882160,1.1389521360397339,1.1389521360397339,1.1389521360397339,1.1389521360397339
1784882220,1.1389521360397339,1.1389521360397339,1.1389521360397339,1.1389521360397339
1784882280,1.1388224363327026,1.1388224363327026,1.1388224363327026,1.1388224363327026
1784882340,1.1390818357467651,1.1390818357467651,1.1390818357467651,1.1390818357467651
1784882400,1.1389521360397339,1.1389521360397339,1.1389521360397339,1.1389521360397339
1784882460,1.1389521360397339,1.1389521360397339,1.1389521360397339,1.1389521360397339
1784882520,1.1389521360397339,1.1389521360397339,1.1389521360397339,1.1389521360397339
1784882580,1.1389521360397339,1.1389521360397339,1.1389521360397339,1.1389521360397339
1784882640,1.1389521360397339,1.1389521360397339,1.1389521360397339,1.1389521360397339
1784882700,1.1388224363327026,1.1388224363327026,1.1388224363327026,1.1388224363327026
1784882760,1.1386927366256714,1.1386927366256714,1.1386927366256714,1.1386927366256714
1784882820,1.1386927366256714,1.1386927366256714,1.1386927366256714,1.1386927366256714
1784882880,1.1385631561279297,1.1385631561279297,1.1385631561279297,1.1385631561279297
1784882940,1.1385631561279297,1.1385631561279297,1.1385631561279297,1.1385631561279297
1784883000,1.1384334564208984,1.1384334564208984,1.1384334564208984,1.1384334564208984
1784883060,1.1385631561279297,1.1385631561279297,1.1385631561279297,1.1385631561279297
1784883120,1.1385631561279297,1.1385631561279297,1.1385631561279297,1.1385631561279297
1784883180,1.1385631561279297,1.1385631561279297,1.1385631561279297,1.1385631561279297
1784883240,1.1386927366256714,1.1386927366256714,1.1386927366256714,1.1386927366256714
1784883300,1.1385631561279297,1.1385631561279297,1.1385631561279297,1.1385631561279297
1784883360,1.1385631561279297,1.1385631561279297,1.1385631561279297,1.1385631561279297
1784883420,1.1385631561279297,1.1385631561279297,1.1385631561279297,1.1385631561279297
1784883480,1.1385631561279297,1.1385631561279297,1.1385631561279297,1.1385631561279297
1784883540,1.1386927366256714,1.1386927366256714,1.1386927366256714,1.1386927366256714
1784883600,1.1385631561279297,1.1385631561279297,1.1385631561279297,1.1385631561279297
1784883660,1.1386927366256714,1.1386927366256714,1.1386927366256714,1.1386927366256714
1784883720,1.1388224363327026,1.1388224363327026,1.1388224363327026,1.1388224363327026
1784883780,1.1386927366256714,1.1386927366256714,1.1386927366256714,1.1386927366256714
1784883840,1.1386927366256714,1.1386927366256714,1.1386927366256714,1.1386927366256714
1784883900,1.1386927366256714,1.1386927366256714,1.1386927366256714,1.1386927366256714
1784883960,1.1386927366256714,1.1386927366256714,1.1386927366256714,1.1386927366256714
1784884020,1.1386927366256714,1.1386927366256714,1.1386927366256714,1.1386927366256714
1784884080,1.1388224363327026,1.1388224363327026,1.1388224363327026,1.1388224363327026
1784884140,1.1389521360397339,1.1389521360397339,1.1389521360397339,1.1389521360397339
1784884200,1.1389521360397339,1.1389521360397339,1.1389521360397339,1.1389521360397339
1784884260,1.1389521360397339,1.1389521360397339,1.1389521360397339,1.1389521360397339
1784884320,1.1389521360397339,1.1389521360397339,1.1389521360397339,1.1389521360397339
1784884380,1.1388224363327026,1.1388224363327026,1.1388224363327026,1.1388224363327026
1784884440,1.1388224363327026,1.1388224363327026,1.1388224363327026,1.1388224363327026
1784884500,1.1388224363327026,1.1388224363327026,1.1388224363327026,1.1388224363327026
1784884560,1.1388224363327026,1.1388224363327026,1.1388224363327026,1.1388224363327026
1784884620,1.1389521360397339,1.1389521360397339,1.1389521360397339,1.1389521360397339
1784884680,1.1389521360397339,1.1389521360397339,1.1389521360397339,1.1389521360397339
1784884740,1.1389521360397339,1.1389521360397339,1.1389521360397339,1.1389521360397339
1784884800,1.1388224363327026,1.1388224363327026,1.1388224363327026,1.1388224363327026
1784884860,1.1388224363327026,1.1388224363327026,1.1388224363327026,1.1388224363327026
1784884920,1.1388224363327026,1.1388224363327026,1.1388224363327026,1.1388224363327026
1784884980,1.1386927366256714,1.1386927366256714,1.1386927366256714,1.1386927366256714
1784885040,1.1386927366256714,1.1386927366256714,1.1386927366256714,1.1386927366256714
1784885100,1.1388224363327026,1.1388224363327026,1.1388224363327026,1.1388224363327026
1784885160,1.1388224363327026,1.1388224363327026,1.1388224363327026,1.1388224363327026
1784885220,1.1389521360397339,1.1389521360397339,1.1389521360397339,1.1389521360397339
1784885280,1.1390818357467651,1.1390818357467651,1.1390818357467651,1.1390818357467651
1784885340,1.1390818357467651,1.1390818357467651,1.1390818357467651,1.1390818357467651
1784885400,1.1389521360397339,1.1389521360397339,1.1389521360397339,1.1389521360397339
1784885460,1.1389521360397339,1.1389521360397339,1.1389521360397339,1.1389521360397339
1784885520,1.1390818357467651,1.1390818357467651,1.1390818357467651,1.1390818357467651
1784885580,1.1389521360397339,1.1389521360397339,1.1389521360397339,1.1389521360397339
1784885640,1.1389521360397339,1.1389521360397339,1.1389521360397339,1.1389521360397339
1784885700,1.1389521360397339,1.1389521360397339,1.1389521360397339,1.1389521360397339
1784885760,1.1389521360397339,1.1389521360397339,1.1389521360397339,1.1389521360397339
1784885820,1.1389521360397339,1.1389521360397339,1.1389521360397339,1.1389521360397339
1784885880,1.1388224363327026,1.1388224363327026,1.1388224363327026,1.1388224363327026
1784885940,1.1388224363327026,1.1388224363327026,1.1388224363327026,1.1388224363327026
1784886000,1.1386927366256714,1.1386927366256714,1.1386927366256714,1.1386927366256714
1784886060,1.1388224363327026,1.1388224363327026,1.1388224363327026,1.1388224363327026
1784886120,1.1388224363327026,1.1388224363327026,1.1388224363327026,1.1388224363327026
1784886180,1.1389521360397339,1.1389521360397339,1.1389521360397339,1.1389521360397339
1784886240,1.1389521360397339,1.1389521360397339,1.1389521360397339,1.1389521360397339
1784886300,1.1388224363327026,1.1388224363327026,1.1388224363327026,1.1388224363327026
1784886360,1.1389521360397339,1.1389521360397339,1.1389521360397339,1.1389521360397339
1784886420,1.1390818357467651,1.1390818357467651,1.1390818357467651,1.1390818357467651
1784886480,1.1389521360397339,1.1389521360397339,1.1389521360397339,1.1389521360397339
1784886540,1.1389521360397339,1.1389521360397339,1.1389521360397339,1.1389521360397339
1784886600,1.1389521360397339,1.1389521360397339,1.1389521360397339,1.1389521360397339
1784886660,1.1389521360397339,1.1389521360397339,1.1389521360397339,1.1389521360397339
1784886720,1.1389521360397339,1.1389521360397339,1.1389521360397339,1.1389521360397339
1784886780,1.1389521360397339,1.1389521360397339,1.1389521360397339,1.1389521360397339
1784886840,1.1389521360397339,1.1389521360397339,1.1389521360397339,1.1389521360397339
1784886900,1.1390818357467651,1.1390818357467651,1.1390818357467651,1.1390818357467651
1784886960,1.1389521360397339,1.1389521360397339,1.1389521360397339,1.1389521360397339
1784887020,1.1390818357467651,1.1390818357467651,1.1390818357467651,1.1390818357467651
1784887080,1.1390818357467651,1.1390818357467651,1.1390818357467651,1.1390818357467651
1784887140,1.1390818357467651,1.1390818357467651,1.1390818357467651,1.1390818357467651
1784887200,1.139211654663086,1.139211654663086,1.139211654663086,1.139211654663086
1784887260,1.1390818357467651,1.1390818357467651,1.1390818357467651,1.1390818357467651
1784887320,1.1390818357467651,1.1390818357467651,1.1390818357467651,1.1390818357467651
1784887380,1.1393414735794067,1.1393414735794067,1.1393414735794067,1.1393414735794067
1784887440,1.1393414735794067,1.1393414735794067,1.1393414735794067,1.1393414735794067
1784887500,1.139211654663086,1.139211654663086,1.139211654663086,1.139211654663086
1784887560,1.139211654663086,1.139211654663086,1.139211654663086,1.139211654663086
1784887620,1.1390818357467651,1.1390818357467651,1.1390818357467651,1.1390818357467651
1784887680,1.139211654663086,1.139211654663086,1.139211654663086,1.139211654663086
1784887740,1.139211654663086,1.139211654663086,1.139211654663086,1.139211654663086
1784887800,1.1393414735794067,1.1393414735794067,1.1393414735794067,1.1393414735794067
1784887860,1.139211654663086,1.139211654663086,1.139211654663086,1.139211654663086
1784887920,1.139211654663086,1.139211654663086,1.139211654663086,1.139211654663086
1784887980,1.139211654663086,1.139211654663086,1.139211654663086,1.139211654663086
1784888040,1.139211654663086,1.139211654663086,1.139211654663086,1.139211654663086
1784888100,1.1390818357467651,1.1390818357467651,1.1390818357467651,1.1390818357467651
1784888160,1.139211654663086,1.139211654663086,1.139211654663086,1.139211654663086
1784888220,1.1393414735794067,1.1393414735794067,1.1393414735794067,1.1393414735794067
1784888280,1.1393414735794067,1.1393414735794067,1.1393414735794067,1.1393414735794067
1784888340,1.139211654663086,1.139211654663086,1.139211654663086,1.139211654663086
1784888400,1.139211654663086,1.139211654663086,1.139211654663086,1.139211654663086
1784888460,1.1393414735794067,1.1393414735794067,1.1393414735794067,1.1393414735794067
1784888520,1.1393414735794067,1.1393414735794067,1.1393414735794067,1.1393414735794067
1784888580,1.1394712924957275,1.1394712924957275,1.1394712924957275,1.1394712924957275
1784888640,1.1394712924957275,1.1394712924957275,1.1394712924957275,1.1394712924957275
1784888700,1.1394712924957275,1.1394712924957275,1.1394712924957275,1.1394712924957275
1784888760,1.1394712924957275,1.1394712924957275,1.1394712924957275,1.1394712924957275
1784888820,1.1394712924957275,1.1394712924957275,1.1394712924957275,1.1394712924957275
1784888880,1.1396011114120483,1.1396011114120483,1.1396011114120483,1.1396011114120483
1784888940,1.1394712924957275,1.1394712924957275,1.1394712924957275,1.1394712924957275
1784889000,1.1393414735794067,1.1393414735794067,1.1393414735794067,1.1393414735794067
1784889060,1.1394712924957275,1.1394712924957275,1.1394712924957275,1.1394712924957275
1784889120,1.1393414735794067,1.1393414735794067,1.1393414735794067,1.1393414735794067
1784889180,1.1394712924957275,1.1394712924957275,1.1394712924957275,1.1394712924957275
1784889240,1.1394712924957275,1.1394712924957275,1.1394712924957275,1.1394712924957275
1784889300,1.1393414735794067,1.1393414735794067,1.1393414735794067,1.1393414735794067
1784889360,1.1393414735794067,1.1393414735794067,1.1393414735794067,1.1393414735794067
1784889420,1.1394712924957275,1.1394712924957275,1.1394712924957275,1.1394712924957275
1784889480,1.1394712924957275,1.1394712924957275,1.1394712924957275,1.1394712924957275
1784889540,1.1393414735794067,1.1393414735794067,1.1393414735794067,1.1393414735794067
1784889600,1.139211654663086,1.139211654663086,1.139211654663086,1.139211654663086
1784889660,1.1390818357467651,1.1390818357467651,1.1390818357467651,1.1390818357467651
1784889720,1.139211654663086,1.139211654663086,1.139211654663086,1.139211654663086
1784889780,1.139211654663086,1.139211654663086,1.139211654663086,1.139211654663086
1784889840,1.1390818357467651,1.1390818357467651,1.1390818357467651,1.1390818357467651
1784889900,1.1389521360397339,1.1389521360397339,1.1389521360397339,1.1389521360397339
1784889960,1.1390818357467651,1.1390818357467651,1.1390818357467651,1.1390818357467651
1784890020,1.1390818357467651,1.1390818357467651,1.1390818357467651,1.1390818357467651
1784890080,1.1390818357467651,1.1390818357467651,1.1390818357467651,1.1390818357467651
1784890140,1.1389521360397339,1.1389521360397339,1.1389521360397339,1.1389521360397339
1784890200,1.1389521360397339,1.1389521360397339,1.1389521360397339,1.1389521360397339
1784890260,1.1389521360397339,1.1389521360397339,1.1389521360397339,1.1389521360397339
1784890320,1.1389521360397339,1.1389521360397339,1.1389521360397339,1.1389521360397339
1784890380,1.1386927366256714,1.1386927366256714,1.1386927366256714,1.1386927366256714
1784890440,1.1386927366256714,1.1386927366256714,1.1386927366256714,1.1386927366256714
1784890500,1.1385631561279297,1.1385631561279297,1.1385631561279297,1.1385631561279297
1784890560,1.1385631561279297,1.1385631561279297,1.1385631561279297,1.1385631561279297
1784890620,1.1385631561279297,1.1385631561279297,1.1385631561279297,1.1385631561279297
1784890680,1.1386927366256714,1.1386927366256714,1.1386927366256714,1.1386927366256714
1784890740,1.1386927366256714,1.1386927366256714,1.1386927366256714,1.1386927366256714
1784890800,1.1385631561279297,1.1385631561279297,1.1385631561279297,1.1385631561279297
1784890860,1.1385631561279297,1.1385631561279297,1.1385631561279297,1.1385631561279297
1784890920,1.1385631561279297,1.1385631561279297,1.1385631561279297,1.1385631561279297
1784890980,1.1386927366256714,1.1386927366256714,1.1386927366256714,1.1386927366256714
1784891040,1.1388224363327026,1.1388224363327026,1.1388224363327026,1.1388224363327026
1784891100,1.1388224363327026,1.1388224363327026,1.1388224363327026,1.1388224363327026
1784891160,1.1386927366256714,1.1386927366256714,1.1386927366256714,1.1386927366256714
1784891220,1.1386927366256714,1.1386927366256714,1.1386927366256714,1.1386927366256714
1784891280,1.1386927366256714,1.1386927366256714,1.1386927366256714,1.1386927366256714
1784891340,1.1388224363327026,1.1388224363327026,1.1388224363327026,1.1388224363327026
1784891400,1.1388224363327026,1.1388224363327026,1.1388224363327026,1.1388224363327026
1784891460,1.1389521360397339,1.1389521360397339,1.1389521360397339,1.1389521360397339
1784891520,1.1389521360397339,1.1389521360397339,1.1389521360397339,1.1389521360397339
1784891580,1.1389521360397339,1.1389521360397339,1.1389521360397339,1.1389521360397339
1784891640,1.1389521360397339,1.1389521360397339,1.1389521360397339,1.1389521360397339
1784891700,1.1390818357467651,1.1390818357467651,1.1390818357467651,1.1390818357467651
1784891760,1.1390818357467651,1.1390818357467651,1.1390818357467651,1.1390818357467651
1784891820,1.1390818357467651,1.1390818357467651,1.1390818357467651,1.1390818357467651
1784891880,1.1390818357467651,1.1390818357467651,1.1390818357467651,1.1390818357467651
1784891940,1.1389521360397339,1.1389521360397339,1.1389521360397339,1.1389521360397339
1784892000,1.1389521360397339,1.1389521360397339,1.1389521360397339,1.1389521360397339
1784892060,1.1388224363327026,1.1388224363327026,1.1388224363327026,1.1388224363327026
1784892120,1.1388224363327026,1.1388224363327026,1.1388224363327026,1.1388224363327026
1784892180,1.1388224363327026,1.1388224363327026,1.1388224363327026,1.1388224363327026
1784892240,1.1388224363327026,1.1388224363327026,1.1388224363327026,1.1388224363327026
1784892300,1.1388224363327026,1.1388224363327026,1.1388224363327026,1.1388224363327026
1784892360,1.1388224363327026,1.1388224363327026,1.1388224363327026,1.1388224363327026
1784892420,1.1388224363327026,1.1388224363327026,1.1388224363327026,1.1388224363327026
1784892480,1.1388224363327026,1.1388224363327026,1.1388224363327026,1.1388224363327026
1784892540,1.1386927366256714,1.1386927366256714,1.1386927366256714,1.1386927366256714
1784892600,1.1385631561279297,1.1385631561279297,1.1385631561279297,1.1385631561279297
1784892660,1.1385631561279297,1.1385631561279297,1.1385631561279297,1.1385631561279297
1784892720,1.1385631561279297,1.1385631561279297,1.1385631561279297,1.1385631561279297
1784892780,1.1385631561279297,1.1385631561279297,1.1385631561279297,1.1385631561279297
1784892840,1.1385631561279297,1.1385631561279297,1.1385631561279297,1.1385631561279297
1784892900,1.1385631561279297,1.1385631561279297,1.1385631561279297,1.1385631561279297
1784892960,1.1384334564208984,1.1384334564208984,1.1384334564208984,1.1384334564208984
1784893020,1.1384334564208984,1.1384334564208984,1.1384334564208984,1.1384334564208984
1784893080,1.1384334564208984,1.1384334564208984,1.1384334564208984,1.1384334564208984
1784893140,1.1383039951324463,1.1383039951324463,1.1383039951324463,1.1383039951324463
1784893200,1.1381744146347046,1.1381744146347046,1.1381744146347046,1.1381744146347046
1784893260,1.1383039951324463,1.1383039951324463,1.1383039951324463,1.1383039951324463
1784893320,1.1383039951324463,1.1383039951324463,1.1383039951324463,1.1383039951324463
1784893380,1.1383039951324463,1.1383039951324463,1.1383039951324463,1.1383039951324463
1784893440,1.1383039951324463,1.1383039951324463,1.1383039951324463,1.1383039951324463
1784893500,1.1384334564208984,1.1384334564208984,1.1384334564208984,1.1384334564208984
1784893560,1.1383039951324463,1.1383039951324463,1.1383039951324463,1.1383039951324463
1784893620,1.1383039951324463,1.1383039951324463,1.1383039951324463,1.1383039951324463
1784893680,1.1383039951324463,1.1383039951324463,1.1383039951324463,1.1383039951324463
1784893740,1.1383039951324463,1.1383039951324463,1.1383039951324463,1.1383039951324463
1784893800,1.1383039951324463,1.1383039951324463,1.1383039951324463,1.1383039951324463
1784893860,1.1383039951324463,1.1383039951324463,1.1383039951324463,1.1383039951324463
1784893920,1.1379153728485107,1.1379153728485107,1.1379153728485107,1.1379153728485107
1784893980,1.1379153728485107,1.1379153728485107,1.1379153728485107,1.1379153728485107
1784894040,1.1379153728485107,1.1379153728485107,1.1379153728485107,1.1379153728485107
1784894100,1.1377859115600586,1.1377859115600586,1.1377859115600586,1.1377859115600586
1784894160,1.1377859115600586,1.1377859115600586,1.1377859115600586,1.1377859115600586
1784894220,1.1375269889831543,1.1375269889831543,1.1375269889831543,1.1375269889831543
1784894280,1.1375269889831543,1.1375269889831543,1.1375269889831543,1.1375269889831543
1784894340,1.1377859115600586,1.1377859115600586,1.1377859115600586,1.1377859115600586
1784894400,1.1379153728485107,1.1379153728485107,1.1379153728485107,1.1379153728485107
1784894460,1.1377859115600586,1.1377859115600586,1.1377859115600586,1.1377859115600586
1784894520,1.1376564502716064,1.1376564502716064,1.1376564502716064,1.1376564502716064
1784894580,1.1375269889831543,1.1375269889831543,1.1375269889831543,1.1375269889831543
1784894640,1.1375269889831543,1.1375269889831543,1.1375269889831543,1.1375269889831543
1784894700,1.1376564502716064,1.1376564502716064,1.1376564502716064,1.1376564502716064
1784894760,1.1377859115600586,1.1377859115600586,1.1377859115600586,1.1377859115600586
1784894820,1.1377859115600586,1.1377859115600586,1.1377859115600586,1.1377859115600586
1784894880,1.1377859115600586,1.1377859115600586,1.1377859115600586,1.1377859115600586
1784894940,1.138044834136963,1.138044834136963,1.138044834136963,1.138044834136963
1784895000,1.138044834136963,1.138044834136963,1.138044834136963,1.138044834136963
1784895060,1.1381744146347046,1.1381744146347046,1.1381744146347046,1.1381744146347046
1784895120,1.138044834136963,1.138044834136963,1.138044834136963,1.138044834136963
1784895180,1.138044834136963,1.138044834136963,1.138044834136963,1.138044834136963
1784895240,1.138044834136963,1.138044834136963,1.138044834136963,1.138044834136963
1784895300,1.138044834136963,1.138044834136963,1.138044834136963,1.138044834136963
1784895360,1.138044834136963,1.138044834136963,1.138044834136963,1.138044834136963
1784895420,1.138044834136963,1.138044834136963,1.138044834136963,1.138044834136963
1784895480,1.138044834136963,1.138044834136963,1.138044834136963,1.138044834136963
1784895540,1.138044834136963,1.138044834136963,1.138044834136963,1.138044834136963
1784895600,1.1379153728485107,1.1379153728485107,1.1379153728485107,1.1379153728485107
1784895660,1.1379153728485107,1.1379153728485107,1.1379153728485107,1.1379153728485107
1784895720,1.1379153728485107,1.1379153728485107,1.1379153728485107,1.1379153728485107
1784895780,1.1379153728485107,1.1379153728485107,1.1379153728485107,1.1379153728485107
1784895840,1.1379153728485107,1.1379153728485107,1.1379153728485107,1.1379153728485107
1784895900,1.1376564502716064,1.1376564502716064,1.1376564502716064,1.1376564502716064
1784895960,1.1377859115600586,1.1377859115600586,1.1377859115600586,1.1377859115600586
1784896020,1.1377859115600586,1.1377859115600586,1.1377859115600586,1.1377859115600586
1784896080,1.1376564502716064,1.1376564502716064,1.1376564502716064,1.1376564502716064
1784896140,1.1377859115600586,1.1377859115600586,1.1377859115600586,1.1377859115600586
1784896200,1.1377859115600586,1.1377859115600586,1.1377859115600586,1.1377859115600586
1784896260,1.1379153728485107,1.1379153728485107,1.1379153728485107,1.1379153728485107
1784896320,1.1376564502716064,1.1376564502716064,1.1376564502716064,1.1376564502716064
1784896380,1.1375269889831543,1.1375269889831543,1.1375269889831543,1.1375269889831543
1784896440,1.1373976469039917,1.1373976469039917,1.1373976469039917,1.1373976469039917
1784896500,1.1373976469039917,1.1373976469039917,1.1373976469039917,1.1373976469039917
1784896560,1.1376564502716064,1.1376564502716064,1.1376564502716064,1.1376564502716064
1784896620,1.1375269889831543,1.1375269889831543,1.1375269889831543,1.1375269889831543
1784896680,1.1375269889831543,1.1375269889831543,1.1375269889831543,1.1375269889831543
1784896740,1.1375269889831543,1.1375269889831543,1.1375269889831543,1.1375269889831543
1784896800,1.1375269889831543,1.1375269889831543,1.1375269889831543,1.1375269889831543
1784896860,1.1373976469039917,1.1373976469039917,1.1373976469039917,1.1373976469039917
1784896920,1.137268304824829,1.137268304824829,1.137268304824829,1.137268304824829
1784896980,1.1371389627456665,1.1371389627456665,1.1371389627456665,1.1371389627456665
1784897040,1.1371389627456665,1.1371389627456665,1.1371389627456665,1.1371389627456665
1784897100,1.137268304824829,1.137268304824829,1.137268304824829,1.137268304824829
1784897160,1.1375269889831543,1.1375269889831543,1.1375269889831543,1.1375269889831543
1784897220,1.1371389627456665,1.1371389627456665,1.1371389627456665,1.1371389627456665
1784897280,1.1371389627456665,1.1371389627456665,1.1371389627456665,1.1371389627456665
1784897340,1.137268304824829,1.137268304824829,1.137268304824829,1.137268304824829
1784897400,1.137268304824829,1.137268304824829,1.137268304824829,1.137268304824829
1784897460,1.137268304824829,1.137268304824829,1.137268304824829,1.137268304824829
1784897520,1.1371389627456665,1.1371389627456665,1.1371389627456665,1.1371389627456665
1784897580,1.1371389627456665,1.1371389627456665,1.1371389627456665,1.1371389627456665
1784897640,1.137268304824829,1.137268304824829,1.137268304824829,1.137268304824829
1784897700,1.137268304824829,1.137268304824829,1.137268304824829,1.137268304824829
1784897760,1.137268304824829,1.137268304824829,1.137268304824829,1.137268304824829
1784897820,1.137268304824829,1.137268304824829,1.137268304824829,1.137268304824829
1784897880,1.1371389627456665,1.1371389627456665,1.1371389627456665,1.1371389627456665
1784897940,1.137268304824829,1.137268304824829,1.137268304824829,1.137268304824829
1784898000,1.1373976469039917,1.1373976469039917,1.1373976469039917,1.1373976469039917
1784898060,1.1371389627456665,1.1371389627456665,1.1371389627456665,1.1371389627456665
1784898120,1.1371389627456665,1.1371389627456665,1.1371389627456665,1.1371389627456665
1784898180,1.1371389627456665,1.1371389627456665,1.1371389627456665,1.1371389627456665
1784898240,1.137268304824829,1.137268304824829,1.137268304824829,1.137268304824829
1784898300,1.1371389627456665,1.1371389627456665,1.1371389627456665,1.1371389627456665
1784898360,1.1370097398757935,1.1370097398757935,1.1370097398757935,1.1370097398757935
1784898420,1.1370097398757935,1.1370097398757935,1.1370097398757935,1.1370097398757935
1784898480,1.1370097398757935,1.1370097398757935,1.1370097398757935,1.1370097398757935
1784898540,1.1371389627456665,1.1371389627456665,1.1371389627456665,1.1371389627456665
1784898600,1.1368803977966309,1.1368803977966309,1.1368803977966309,1.1368803977966309
1784898660,1.1368803977966309,1.1368803977966309,1.1368803977966309,1.1368803977966309
1784898720,1.137268304824829,1.137268304824829,1.137268304824829,1.137268304824829
1784898780,1.1375269889831543,1.1375269889831543,1.1375269889831543,1.1375269889831543
1784898840,1.1373976469039917,1.1373976469039917,1.1373976469039917,1.1373976469039917
1784898900,1.137268304824829,1.137268304824829,1.137268304824829,1.137268304824829
1784898960,1.1373976469039917,1.1373976469039917,1.1373976469039917,1.1373976469039917
1784899020,1.1375269889831543,1.1375269889831543,1.1375269889831543,1.1375269889831543
1784899080,1.1375269889831543,1.1375269889831543,1.1375269889831543,1.1375269889831543
1784899140,1.1376564502716064,1.1376564502716064,1.1376564502716064,1.1376564502716064
1784899200,1.1375269889831543,1.1375269889831543,1.1375269889831543,1.1375269889831543
1784899260,1.1376564502716064,1.1376564502716064,1.1376564502716064,1.1376564502716064
1784899320,1.1376564502716064,1.1376564502716064,1.1376564502716064,1.1376564502716064
1784899380,1.1375269889831543,1.1375269889831543,1.1375269889831543,1.1375269889831543
1784899440,1.1375269889831543,1.1375269889831543,1.1375269889831543,1.1375269889831543
1784899500,1.1373976469039917,1.1373976469039917,1.1373976469039917,1.1373976469039917
1784899560,1.1373976469039917,1.1373976469039917,1.1373976469039917,1.1373976469039917
1784899620,1.1373976469039917,1.1373976469039917,1.1373976469039917,1.1373976469039917
1784899680,1.1373976469039917,1.1373976469039917,1.1373976469039917,1.1373976469039917
1784899740,1.1373976469039917,1.1373976469039917,1.1373976469039917,1.1373976469039917
1784899800,1.1373976469039917,1.1373976469039917,1.1373976469039917,1.1373976469039917
1784899860,1.137268304824829,1.137268304824829,1.137268304824829,1.137268304824829
1784899920,1.137268304824829,1.137268304824829,1.137268304824829,1.137268304824829
1784899980,1.137268304824829,1.137268304824829,1.137268304824829,1.137268304824829
1784900040,1.1371389627456665,1.1371389627456665,1.1371389627456665,1.1371389627456665
1784900100,1.1371389627456665,1.1371389627456665,1.1371389627456665,1.1371389627456665
1784900160,1.137268304824829,1.137268304824829,1.137268304824829,1.137268304824829
1784900220,1.137268304824829,1.137268304824829,1.137268304824829,1.137268304824829
1784900280,1.1375269889831543,1.1375269889831543,1.1375269889831543,1.1375269889831543
1784900340,1.1375269889831543,1.1375269889831543,1.1375269889831543,1.1375269889831543
1784900400,1.1375269889831543,1.1375269889831543,1.1375269889831543,1.1375269889831543
1784900460,1.1376564502716064,1.1376564502716064,1.1376564502716064,1.1376564502716064
1784900520,1.1376564502716064,1.1376564502716064,1.1376564502716064,1.1376564502716064
1784900580,1.1376564502716064,1.1376564502716064,1.1376564502716064,1.1376564502716064
1784900640,1.1375269889831543,1.1375269889831543,1.1375269889831543,1.1375269889831543
1784900700,1.1375269889831543,1.1375269889831543,1.1375269889831543,1.1375269889831543
1784900760,1.1373976469039917,1.1373976469039917,1.1373976469039917,1.1373976469039917
1784900820,1.1373976469039917,1.1373976469039917,1.1373976469039917,1.1373976469039917
1784900880,1.137268304824829,1.137268304824829,1.137268304824829,1.137268304824829
1784900940,1.1373976469039917,1.1373976469039917,1.1373976469039917,1.1373976469039917
1784901000,1.137268304824829,1.137268304824829,1.137268304824829,1.137268304824829
1784901060,1.1373976469039917,1.1373976469039917,1.1373976469039917,1.1373976469039917
1784901120,1.1373976469039917,1.1373976469039917,1.1373976469039917,1.1373976469039917
1784901180,1.1375269889831543,1.1375269889831543,1.1375269889831543,1.1375269889831543
1784901240,1.1375269889831543,1.1375269889831543,1.1375269889831543,1.1375269889831543
1784901300,1.1376564502716064,1.1376564502716064,1.1376564502716064,1.1376564502716064
1784901360,1.1376564502716064,1.1376564502716064,1.1376564502716064,1.1376564502716064
1784901420,1.1379153728485107,1.1379153728485107,1.1379153728485107,1.1379153728485107
1784901480,1.1379153728485107,1.1379153728485107,1.1379153728485107,1.1379153728485107
1784901540,1.1379153728485107,1.1379153728485107,1.1379153728485107,1.1379153728485107
1784901600,1.138044834136963,1.138044834136963,1.138044834136963,1.138044834136963
1784901660,1.1383039951324463,1.1383039951324463,1.1383039951324463,1.1383039951324463
1784901720,1.1381744146347046,1.1381744146347046,1.1381744146347046,1.1381744146347046
1784901780,1.138044834136963,1.138044834136963,1.138044834136963,1.138044834136963
1784901840,1.1379153728485107,1.1379153728485107,1.1379153728485107,1.1379153728485107
1784901900,1.1377859115600586,1.1377859115600586,1.1377859115600586,1.1377859115600586
1784901960,1.1376564502716064,1.1376564502716064,1.1376564502716064,1.1376564502716064
1784902020,1.1376564502716064,1.1376564502716064,1.1376564502716064,1.1376564502716064
1784902080,1.1375269889831543,1.1375269889831543,1.1375269889831543,1.1375269889831543
1784902140,1.1375269889831543,1.1375269889831543,1.1375269889831543,1.1375269889831543
1784902200,1.1376564502716064,1.1376564502716064,1.1376564502716064,1.1376564502716064
1784902260,1.1376564502716064,1.1376564502716064,1.1376564502716064,1.1376564502716064
1784902320,1.1375269889831543,1.1375269889831543,1.1375269889831543,1.1375269889831543
1784902380,1.1373976469039917,1.1373976469039917,1.1373976469039917,1.1373976469039917
1784902440,1.1375269889831543,1.1375269889831543,1.1375269889831543,1.1375269889831543
1784902500,1.1376564502716064,1.1376564502716064,1.1376564502716064,1.1376564502716064
1784902560,1.1376564502716064,1.1376564502716064,1.1376564502716064,1.1376564502716064
1784902620,1.1377859115600586,1.1377859115600586,1.1377859115600586,1.1377859115600586
1784902680,1.1376564502716064,1.1376564502716064,1.1376564502716064,1.1376564502716064
1784902740,1.1375269889831543,1.1375269889831543,1.1375269889831543,1.1375269889831543
1784902800,1.1376564502716064,1.1376564502716064,1.1376564502716064,1.1376564502716064
1784902860,1.1376564502716064,1.1376564502716064,1.1376564502716064,1.1376564502716064
1784902920,1.1377859115600586,1.1377859115600586,1.1377859115600586,1.1377859115600586
1784902980,1.1377859115600586,1.1377859115600586,1.1377859115600586,1.1377859115600586
1784903040,1.1379153728485107,1.1379153728485107,1.1379153728485107,1.1379153728485107
1784903100,1.1379153728485107,1.1379153728485107,1.1379153728485107,1.1379153728485107
1784903160,1.138044834136963,1.138044834136963,1.138044834136963,1.138044834136963
1784903220,1.138044834136963,1.138044834136963,1.138044834136963,1.138044834136963
1784903280,1.1379153728485107,1.1379153728485107,1.1379153728485107,1.1379153728485107
1784903340,1.1379153728485107,1.1379153728485107,1.1379153728485107,1.1379153728485107
1784903400,1.1379153728485107,1.1379153728485107,1.1379153728485107,1.1379153728485107
1784903460,1.1379153728485107,1.1379153728485107,1.1379153728485107,1.1379153728485107
1784903520,1.138044834136963,1.138044834136963,1.138044834136963,1.138044834136963
1784903580,1.1381744146347046,1.1381744146347046,1.1381744146347046,1.1381744146347046
1784903640,1.1381744146347046,1.1381744146347046,1.1381744146347046,1.1381744146347046
1784903700,1.1381744146347046,1.1381744146347046,1.1381744146347046,1.1381744146347046
1784903760,1.1381744146347046,1.1381744146347046,1.1381744146347046,1.1381744146347046
1784903820,1.1381744146347046,1.1381744146347046,1.1381744146347046,1.1381744146347046
1784903880,1.1381744146347046,1.1381744146347046,1.1381744146347046,1.1381744146347046
1784903940,1.1381744146347046,1.1381744146347046,1.1381744146347046,1.1381744146347046
1784904000,1.138044834136963,1.138044834136963,1.138044834136963,1.138044834136963
1784904060,1.1379153728485107,1.1379153728485107,1.1379153728485107,1.1379153728485107
1784904120,1.138044834136963,1.138044834136963,1.138044834136963,1.138044834136963
1784904180,1.138044834136963,1.138044834136963,1.138044834136963,1.138044834136963
1784904240,1.1379153728485107,1.1379153728485107,1.1379153728485107,1.1379153728485107
1784904300,1.1379153728485107,1.1379153728485107,1.1379153728485107,1.1379153728485107
1784904360,1.138044834136963,1.138044834136963,1.138044834136963,1.138044834136963
1784904420,1.1381744146347046,1.1381744146347046,1.1381744146347046,1.1381744146347046
1784904480,1.138044834136963,1.138044834136963,1.138044834136963,1.138044834136963
1784904540,1.1381744146347046,1.1381744146347046,1.1381744146347046,1.1381744146347046
1784904600,1.1381744146347046,1.1381744146347046,1.1381744146347046,1.1381744146347046
1784904660,1.1381744146347046,1.1381744146347046,1.1381744146347046,1.1381744146347046
1784904720,1.1379153728485107,1.1379153728485107,1.1379153728485107,1.1379153728485107
1784904780,1.1379153728485107,1.1379153728485107,1.1379153728485107,1.1379153728485107
1784904840,1.1379153728485107,1.1379153728485107,1.1379153728485107,1.1379153728485107
1784904900,1.138044834136963,1.138044834136963,1.138044834136963,1.138044834136963
1784904960,1.1381744146347046,1.1381744146347046,1.1381744146347046,1.1381744146347046
1784905020,1.1383039951324463,1.1383039951324463,1.1383039951324463,1.1383039951324463
1784905080,1.1383039951324463,1.1383039951324463,1.1383039951324463,1.1383039951324463
1784905140,1.1383039951324463,1.1383039951324463,1.1383039951324463,1.1383039951324463
1784905200,1.138044834136963,1.138044834136963,1.138044834136963,1.138044834136963
1784905260,1.1381744146347046,1.1381744146347046,1.1381744146347046,1.1381744146347046
1784905320,1.1383039951324463,1.1383039951324463,1.1383039951324463,1.1383039951324463
1784905380,1.1381744146347046,1.1381744146347046,1.1381744146347046,1.1381744146347046
1784905440,1.1381744146347046,1.1381744146347046,1.1381744146347046,1.1381744146347046
1784905500,1.1383039951324463,1.1383039951324463,1.1383039951324463,1.1383039951324463
1784905560,1.1384334564208984,1.1384334564208984,1.1384334564208984,1.1384334564208984
1784905620,1.1381744146347046,1.1381744146347046,1.1381744146347046,1.1381744146347046
1784905680,1.1385631561279297,1.1385631561279297,1.1385631561279297,1.1385631561279297
1784905740,1.1385631561279297,1.1385631561279297,1.1385631561279297,1.1385631561279297
1784905800,1.1386927366256714,1.1386927366256714,1.1386927366256714,1.1386927366256714
1784905860,1.139211654663086,1.139211654663086,1.139211654663086,1.139211654663086
1784905920,1.1389521360397339,1.1389521360397339,1.1389521360397339,1.1389521360397339
1784905980,1.1388224363327026,1.1388224363327026,1.1388224363327026,1.1388224363327026
1784906040,1.1389521360397339,1.1389521360397339,1.1389521360397339,1.1389521360397339
1784906100,1.139211654663086,1.139211654663086,1.139211654663086,1.139211654663086
1784906160,1.1393414735794067,1.1393414735794067,1.1393414735794067,1.1393414735794067
1784906220,1.1393414735794067,1.1393414735794067,1.1393414735794067,1.1393414735794067
1784906280,1.139211654663086,1.139211654663086,1.139211654663086,1.139211654663086
1784906340,1.1389521360397339,1.1389521360397339,1.1389521360397339,1.1389521360397339
1784906400,1.1389521360397339,1.1389521360397339,1.1389521360397339,1.1389521360397339
1784906460,1.1389521360397339,1.1389521360397339,1.1389521360397339,1.1389521360397339
1784906520,1.1388224363327026,1.1388224363327026,1.1388224363327026,1.1388224363327026
1784906580,1.1389521360397339,1.1389521360397339,1.1389521360397339,1.1389521360397339
1784906640,1.1389521360397339,1.1389521360397339,1.1389521360397339,1.1389521360397339
1784906700,1.1389521360397339,1.1389521360397339,1.1389521360397339,1.1389521360397339
1784906760,1.1389521360397339,1.1389521360397339,1.1389521360397339,1.1389521360397339
1784906820,1.1388224363327026,1.1388224363327026,1.1388224363327026,1.1388224363327026
1784906880,1.1389521360397339,1.1389521360397339,1.1389521360397339,1.1389521360397339
1784906940,1.1388224363327026,1.1388224363327026,1.1388224363327026,1.1388224363327026
1784907000,1.1386927366256714,1.1386927366256714,1.1386927366256714,1.1386927366256714
1784907060,1.1388224363327026,1.1388224363327026,1.1388224363327026,1.1388224363327026
1784907120,1.1389521360397339,1.1389521360397339,1.1389521360397339,1.1389521360397339
1784907180,1.1389521360397339,1.1389521360397339,1.1389521360397339,1.1389521360397339
1784907240,1.1389521360397339,1.1389521360397339,1.1389521360397339,1.1389521360397339
1784907300,1.1388224363327026,1.1388224363327026,1.1388224363327026,1.1388224363327026
1784907360,1.1388224363327026,1.1388224363327026,1.1388224363327026,1.1388224363327026
1784907420,1.1388224363327026,1.1388224363327026,1.1388224363327026,1.1388224363327026
1784907480,1.1390818357467651,1.1390818357467651,1.1390818357467651,1.1390818357467651
1784907540,1.139211654663086,1.139211654663086,1.139211654663086,1.139211654663086
1784907600,1.139211654663086,1.139211654663086,1.139211654663086,1.139211654663086
1784907660,1.139211654663086,1.139211654663086,1.139211654663086,1.139211654663086
1784907720,1.1390818357467651,1.1390818357467651,1.1390818357467651,1.1390818357467651
1784907780,1.1389521360397339,1.1389521360397339,1.1389521360397339,1.1389521360397339
1784907840,1.1388224363327026,1.1388224363327026,1.1388224363327026,1.1388224363327026
1784907900,1.1389521360397339,1.1389521360397339,1.1389521360397339,1.1389521360397339
1784907960,1.1388224363327026,1.1388224363327026,1.1388224363327026,1.1388224363327026
1784908020,1.1388224363327026,1.1388224363327026,1.1388224363327026,1.1388224363327026
1784908080,1.1388224363327026,1.1388224363327026,1.1388224363327026,1.1388224363327026
1784908140,1.1388224363327026,1.1388224363327026,1.1388224363327026,1.1388224363327026
1784908200,1.1389521360397339,1.1389521360397339,1.1389521360397339,1.1389521360397339
1784908260,1.1389521360397339,1.1389521360397339,1.1389521360397339,1.1389521360397339
1784908320,1.1389521360397339,1.1389521360397339,1.1389521360397339,1.1389521360397339
1784908380,1.1388224363327026,1.1388224363327026,1.1388224363327026,1.1388224363327026
1784908440,1.1388224363327026,1.1388224363327026,1.1388224363327026,1.1388224363327026
1784908500,1.1388224363327026,1.1388224363327026,1.1388224363327026,1.1388224363327026
1784908560,1.1388224363327026,1.1388224363327026,1.1388224363327026,1.1388224363327026
1784908620,1.1386927366256714,1.1386927366256714,1.1386927366256714,1.1386927366256714
1784908680,1.1386927366256714,1.1386927366256714,1.1386927366256714,1.1386927366256714
1784908740,1.1386927366256714,1.1386927366256714,1.1386927366256714,1.1386927366256714
1784908800,1.1386927366256714,1.1386927366256714,1.1386927366256714,1.1386927366256714
1784908860,1.1386927366256714,1.1386927366256714,1.1386927366256714,1.1386927366256714
1784908920,1.1385631561279297,1.1385631561279297,1.1385631561279297,1.1385631561279297
1784908980,1.1385631561279297,1.1385631561279297,1.1385631561279297,1.1385631561279297
1784909040,1.1385631561279297,1.1385631561279297,1.1385631561279297,1.1385631561279297
1784909100,1.1385631561279297,1.1385631561279297,1.1385631561279297,1.1385631561279297
1784909160,1.1385631561279297,1.1385631561279297,1.1385631561279297,1.1385631561279297
1784909220,1.1385631561279297,1.1385631561279297,1.1385631561279297,1.1385631561279297
1784909280,1.1385631561279297,1.1385631561279297,1.1385631561279297,1.1385631561279297
1784909340,1.1388224363327026,1.1388224363327026,1.1388224363327026,1.1388224363327026
1784909400,1.1386927366256714,1.1386927366256714,1.1386927366256714,1.1386927366256714
1784909460,1.1388224363327026,1.1388224363327026,1.1388224363327026,1.1388224363327026
1784909520,1.1388224363327026,1.1388224363327026,1.1388224363327026,1.1388224363327026
1784909580,1.1388224363327026,1.1388224363327026,1.1388224363327026,1.1388224363327026
1784909640,1.1389521360397339,1.1389521360397339,1.1389521360397339,1.1389521360397339
1784909700,1.1388224363327026,1.1388224363327026,1.1388224363327026,1.1388224363327026
1784909760,1.1389521360397339,1.1389521360397339,1.1389521360397339,1.1389521360397339
1784909820,1.1389521360397339,1.1389521360397339,1.1389521360397339,1.1389521360397339
1784909880,1.1388224363327026,1.1388224363327026,1.1388224363327026,1.1388224363327026
1784909940,1.1388224363327026,1.1388224363327026,1.1388224363327026,1.1388224363327026
1784910000,1.1388224363327026,1.1388224363327026,1.1388224363327026,1.1388224363327026
1784910060,1.1388224363327026,1.1388224363327026,1.1388224363327026,1.1388224363327026
1784910120,1.1386927366256714,1.1386927366256714,1.1386927366256714,1.1386927366256714
1784910180,1.1386927366256714,1.1386927366256714,1.1386927366256714,1.1386927366256714
1784910240,1.1386927366256714,1.1386927366256714,1.1386927366256714,1.1386927366256714
1784910300,1.1385631561279297,1.1385631561279297,1.1385631561279297,1.1385631561279297
1784910360,1.1386927366256714,1.1386927366256714,1.1386927366256714,1.1386927366256714
1784910420,1.1385631561279297,1.1385631561279297,1.1385631561279297,1.1385631561279297
1784910480,1.1385631561279297,1.1385631561279297,1.1385631561279297,1.1385631561279297
1784910540,1.1386927366256714,1.1386927366256714,1.1386927366256714,1.1386927366256714
1784910600,1.1385631561279297,1.1385631561279297,1.1385631561279297,1.1385631561279297
1784910660,1.1385631561279297,1.1385631561279297,1.1385631561279297,1.1385631561279297
1784910720,1.1385631561279297,1.1385631561279297,1.1385631561279297,1.1385631561279297
1784910780,1.1386927366256714,1.1386927366256714,1.1386927366256714,1.1386927366256714
1784910840,1.1386927366256714,1.1386927366256714,1.1386927366256714,1.1386927366256714
1784910900,1.1386927366256714,1.1386927366256714,1.1386927366256714,1.1386927366256714
1784910960,1.1385631561279297,1.1385631561279297,1.1385631561279297,1.1385631561279297
1784911020,1.1384334564208984,1.1384334564208984,1.1384334564208984,1.1384334564208984
1784911080,1.1385631561279297,1.1385631561279297,1.1385631561279297,1.1385631561279297
1784911140,1.1384334564208984,1.1384334564208984,1.1384334564208984,1.1384334564208984
1784911200,1.1383039951324463,1.1383039951324463,1.1383039951324463,1.1383039951324463
1784911260,1.1383039951324463,1.1383039951324463,1.1383039951324463,1.1383039951324463
1784911320,1.1384334564208984,1.1384334564208984,1.1384334564208984,1.1384334564208984
1784911380,1.1384334564208984,1.1384334564208984,1.1384334564208984,1.1384334564208984
1784911440,1.1384334564208984,1.1384334564208984,1.1384334564208984,1.1384334564208984
1784911500,1.1383039951324463,1.1383039951324463,1.1383039951324463,1.1383039951324463
1784911560,1.1383039951324463,1.1383039951324463,1.1383039951324463,1.1383039951324463
1784911620,1.1383039951324463,1.1383039951324463,1.1383039951324463,1.1383039951324463
1784911680,1.1381744146347046,1.1381744146347046,1.1381744146347046,1.1381744146347046
1784911740,1.1381744146347046,1.1381744146347046,1.1381744146347046,1.1381744146347046
1784911800,1.1381744146347046,1.1381744146347046,1.1381744146347046,1.1381744146347046
1784911860,1.1381744146347046,1.1381744146347046,1.1381744146347046,1.1381744146347046
1784911920,1.1381744146347046,1.1381744146347046,1.1381744146347046,1.1381744146347046
1784911980,1.1383039951324463,1.1383039951324463,1.1383039951324463,1.1383039951324463
1784912040,1.1383039951324463,1.1383039951324463,1.1383039951324463,1.1383039951324463
1784912100,1.1383039951324463,1.1383039951324463,1.1383039951324463,1.1383039951324463
1784912160,1.1383039951324463,1.1383039951324463,1.1383039951324463,1.1383039951324463
1784912220,1.1383039951324463,1.1383039951324463,1.1383039951324463,1.1383039951324463
1784912280,1.1381744146347046,1.1381744146347046,1.1381744146347046,1.1381744146347046
1784912340,1.1381744146347046,1.1381744146347046,1.1381744146347046,1.1381744146347046
1784912400,1.138044834136963,1.138044834136963,1.138044834136963,1.138044834136963
1784912460,1.138044834136963,1.138044834136963,1.138044834136963,1.138044834136963
1784912520,1.138044834136963,1.138044834136963,1.138044834136963,1.138044834136963
1784912580,1.138044834136963,1.138044834136963,1.138044834136963,1.138044834136963
1784912640,1.138044834136963,1.138044834136963,1.138044834136963,1.138044834136963
1784912700,1.1379153728485107,1.1379153728485107,1.1379153728485107,1.1379153728485107
1784912760,1.1379153728485107,1.1379153728485107,1.1379153728485107,1.1379153728485107
1784912820,1.1377859115600586,1.1377859115600586,1.1377859115600586,1.1377859115600586
1784912880,1.1373976469039917,1.1373976469039917,1.1373976469039917,1.1373976469039917
1784912940,1.1376564502716064,1.1376564502716064,1.1376564502716064,1.1376564502716064
1784913000,1.1375269889831543,1.1375269889831543,1.1375269889831543,1.1375269889831543
1784913060,1.1373976469039917,1.1373976469039917,1.1373976469039917,1.1373976469039917
1784913120,1.1373976469039917,1.1373976469039917,1.1373976469039917,1.1373976469039917
1784913180,1.1375269889831543,1.1375269889831543,1.1375269889831543,1.1375269889831543
1784913240,1.1375269889831543,1.1375269889831543,1.1375269889831543,1.1375269889831543
1784913300,1.1375269889831543,1.1375269889831543,1.1375269889831543,1.1375269889831543
1784913360,1.1375269889831543,1.1375269889831543,1.1375269889831543,1.1375269889831543
1784913420,1.1375269889831543,1.1375269889831543,1.1375269889831543,1.1375269889831543
1784913480,1.1375269889831543,1.1375269889831543,1.1375269889831543,1.1375269889831543
1784913540,1.1373976469039917,1.1373976469039917,1.1373976469039917,1.1373976469039917
1784913600,1.137268304824829,1.137268304824829,1.137268304824829,1.137268304824829
1784913660,1.137268304824829,1.137268304824829,1.137268304824829,1.137268304824829
1784913720,1.137268304824829,1.137268304824829,1.137268304824829,1.137268304824829
1784913780,1.1371389627456665,1.1371389627456665,1.1371389627456665,1.1371389627456665
1784913840,1.1373976469039917,1.1373976469039917,1.1373976469039917,1.1373976469039917
1784913900,1.137268304824829,1.137268304824829,1.137268304824829,1.137268304824829
1784913960,1.1373976469039917,1.1373976469039917,1.1373976469039917,1.1373976469039917
1784914020,1.1375269889831543,1.1375269889831543,1.1375269889831543,1.1375269889831543
1784914080,1.1373976469039917,1.1373976469039917,1.1373976469039917,1.1373976469039917
1784914140,1.1375269889831543,1.1375269889831543,1.1375269889831543,1.1375269889831543
1784914200,1.1375269889831543,1.1375269889831543,1.1375269889831543,1.1375269889831543
1784914260,1.1375269889831543,1.1375269889831543,1.1375269889831543,1.1375269889831543
1784914320,1.1375269889831543,1.1375269889831543,1.1375269889831543,1.1375269889831543
1784914380,1.1375269889831543,1.1375269889831543,1.1375269889831543,1.1375269889831543
1784914440,1.1375269889831543,1.1375269889831543,1.1375269889831543,1.1375269889831543
1784914500,1.1373976469039917,1.1373976469039917,1.1373976469039917,1.1373976469039917
1784914560,1.137268304824829,1.137268304824829,1.137268304824829,1.137268304824829
1784914620,1.1373976469039917,1.1373976469039917,1.1373976469039917,1.1373976469039917
1784914680,1.1373976469039917,1.1373976469039917,1.1373976469039917,1.1373976469039917
1784914740,1.137268304824829,1.137268304824829,1.137268304824829,1.137268304824829
1784914800,1.137268304824829,1.137268304824829,1.137268304824829,1.137268304824829
1784914860,1.137268304824829,1.137268304824829,1.137268304824829,1.137268304824829
1784914920,1.137268304824829,1.137268304824829,1.137268304824829,1.137268304824829
1784914980,1.1371389627456665,1.1371389627456665,1.1371389627456665,1.1371389627456665
1784915040,1.137268304824829,1.137268304824829,1.137268304824829,1.137268304824829
1784915100,1.137268304824829,1.137268304824829,1.137268304824829,1.137268304824829
1784915160,1.137268304824829,1.137268304824829,1.137268304824829,1.137268304824829
1784915220,1.137268304824829,1.137268304824829,1.137268304824829,1.137268304824829
1784915280,1.1371389627456665,1.1371389627456665,1.1371389627456665,1.1371389627456665
1784915340,1.137268304824829,1.137268304824829,1.137268304824829,1.137268304824829
1784915400,1.1371389627456665,1.1371389627456665,1.1371389627456665,1.1371389627456665
1784915460,1.1371389627456665,1.1371389627456665,1.1371389627456665,1.1371389627456665
1784915520,1.1371389627456665,1.1371389627456665,1.1371389627456665,1.1371389627456665
1784915580,1.1371389627456665,1.1371389627456665,1.1371389627456665,1.1371389627456665
1784915640,1.1371389627456665,1.1371389627456665,1.1371389627456665,1.1371389627456665
1784915700,1.137268304824829,1.137268304824829,1.137268304824829,1.137268304824829
1784915760,1.137268304824829,1.137268304824829,1.137268304824829,1.137268304824829
1784915820,1.137268304824829,1.137268304824829,1.137268304824829,1.137268304824829
1784915880,1.137268304824829,1.137268304824829,1.137268304824829,1.137268304824829
1784915940,1.137268304824829,1.137268304824829,1.137268304824829,1.137268304824829
1784916000,1.137268304824829,1.137268304824829,1.137268304824829,1.137268304824829
1784916060,1.137268304824829,1.137268304824829,1.137268304824829,1.137268304824829
1784916120,1.137268304824829,1.137268304824829,1.137268304824829,1.137268304824829
1784916180,1.1371389627456665,1.1371389627456665,1.1371389627456665,1.1371389627456665
1784916240,1.1371389627456665,1.1371389627456665,1.1371389627456665,1.1371389627456665
1784916300,1.1371389627456665,1.1371389627456665,1.1371389627456665,1.1371389627456665
1784916360,1.137268304824829,1.137268304824829,1.137268304824829,1.137268304824829
1784916420,1.137268304824829,1.137268304824829,1.137268304824829,1.137268304824829
1784916480,1.137268304824829,1.137268304824829,1.137268304824829,1.137268304824829
1784916540,1.137268304824829,1.137268304824829,1.137268304824829,1.137268304824829
1784916600,1.1373976469039917,1.1373976469039917,1.1373976469039917,1.1373976469039917
1784916660,1.1373976469039917,1.1373976469039917,1.1373976469039917,1.1373976469039917
1784916720,1.1373976469039917,1.1373976469039917,1.1373976469039917,1.1373976469039917
1784916780,1.137268304824829,1.137268304824829,1.137268304824829,1.137268304824829
1784916840,1.137268304824829,1.137268304824829,1.137268304824829,1.137268304824829
1784916900,1.1373976469039917,1.1373976469039917,1.1373976469039917,1.1373976469039917
1784916960,1.1373976469039917,1.1373976469039917,1.1373976469039917,1.1373976469039917
1784917020,1.1373976469039917,1.1373976469039917,1.1373976469039917,1.1373976469039917
1784917080,1.1373976469039917,1.1373976469039917,1.1373976469039917,1.1373976469039917
1784917140,1.1373976469039917,1.1373976469039917,1.1373976469039917,1.1373976469039917
1784917200,1.137268304824829,1.137268304824829,1.137268304824829,1.137268304824829
1784917260,1.1371389627456665,1.1371389627456665,1.1371389627456665,1.1371389627456665
1784917320,1.1371389627456665,1.1371389627456665,1.1371389627456665,1.1371389627456665
1784917380,1.1371389627456665,1.1371389627456665,1.1371389627456665,1.1371389627456665
1784917440,1.1371389627456665,1.1371389627456665,1.1371389627456665,1.1371389627456665
1784917500,1.137268304824829,1.137268304824829,1.137268304824829,1.137268304824829
1784917560,1.137268304824829,1.137268304824829,1.137268304824829,1.137268304824829
1784917620,1.137268304824829,1.137268304824829,1.137268304824829,1.137268304824829
1784917680,1.137268304824829,1.137268304824829,1.137268304824829,1.137268304824829
1784917740,1.137268304824829,1.137268304824829,1.137268304824829,1.137268304824829
1784917800,1.137268304824829,1.137268304824829,1.137268304824829,1.137268304824829
1784917860,1.137268304824829,1.137268304824829,1.137268304824829,1.137268304824829
1784917920,1.137268304824829,1.137268304824829,1.137268304824829,1.137268304824829
1784917980,1.1371389627456665,1.1371389627456665,1.1371389627456665,1.1371389627456665
1784918040,1.1371389627456665,1.1371389627456665,1.1371389627456665,1.1371389627456665
1784918100,1.1370097398757935,1.1370097398757935,1.1370097398757935,1.1370097398757935
1784918160,1.1371389627456665,1.1371389627456665,1.1371389627456665,1.1371389627456665
1784918220,1.1371389627456665,1.1371389627456665,1.1371389627456665,1.1371389627456665
1784918280,1.1371389627456665,1.1371389627456665,1.1371389627456665,1.1371389627456665
1784918340,1.137268304824829,1.137268304824829,1.137268304824829,1.137268304824829
1784918400,1.1371389627456665,1.1371389627456665,1.1371389627456665,1.1371389627456665
1784918460,1.1371389627456665,1.1371389627456665,1.1371389627456665,1.1371389627456665
1784918520,1.1371389627456665,1.1371389627456665,1.1371389627456665,1.1371389627456665
1784918580,1.137268304824829,1.137268304824829,1.137268304824829,1.137268304824829
1784918640,1.137268304824829,1.137268304824829,1.137268304824829,1.137268304824829
1784918700,1.1371389627456665,1.1371389627456665,1.1371389627456665,1.1371389627456665
1784918760,1.137268304824829,1.137268304824829,1.137268304824829,1.137268304824829
1784918820,1.137268304824829,1.137268304824829,1.137268304824829,1.137268304824829
1784918880,1.1373976469039917,1.1373976469039917,1.1373976469039917,1.1373976469039917
1784918940,1.137268304824829,1.137268304824829,1.137268304824829,1.137268304824829
1784919000,1.137268304824829,1.137268304824829,1.137268304824829,1.137268304824829
1784919060,1.137268304824829,1.137268304824829,1.137268304824829,1.137268304824829
1784919120,1.137268304824829,1.137268304824829,1.137268304824829,1.137268304824829
1784919180,1.137268304824829,1.137268304824829,1.137268304824829,1.137268304824829
1784919240,1.137268304824829,1.137268304824829,1.137268304824829,1.137268304824829
1784919300,1.137268304824829,1.137268304824829,1.137268304824829,1.137268304824829
1784919360,1.137268304824829,1.137268304824829,1.137268304824829,1.137268304824829
1784919420,1.137268304824829,1.137268304824829,1.137268304824829,1.137268304824829
1784919480,1.137268304824829,1.137268304824829,1.137268304824829,1.137268304824829
1784919540,1.137268304824829,1.137268304824829,1.137268304824829,1.137268304824829
1784919600,1.1373976469039917,1.1373976469039917,1.1373976469039917,1.1373976469039917
1784919660,1.1373976469039917,1.1373976469039917,1.1373976469039917,1.1373976469039917
1784919720,1.1373976469039917,1.1373976469039917,1.1373976469039917,1.1373976469039917
1784919780,1.1373976469039917,1.1373976469039917,1.1373976469039917,1.1373976469039917
1784919840,1.137268304824829,1.137268304824829,1.137268304824829,1.137268304824829
1784919900,1.1373976469039917,1.1373976469039917,1.1373976469039917,1.1373976469039917
1784919960,1.1373976469039917,1.1373976469039917,1.1373976469039917,1.1373976469039917
1784920020,1.1373976469039917,1.1373976469039917,1.1373976469039917,1.1373976469039917
1784920080,1.1373976469039917,1.1373976469039917,1.1373976469039917,1.1373976469039917
1784920140,1.1373976469039917,1.1373976469039917,1.1373976469039917,1.1373976469039917
1784920200,1.1373976469039917,1.1373976469039917,1.1373976469039917,1.1373976469039917
1784920260,1.1373976469039917,1.1373976469039917,1.1373976469039917,1.1373976469039917
1784920320,1.1373976469039917,1.1373976469039917,1.1373976469039917,1.1373976469039917
1784920380,1.1373976469039917,1.1373976469039917,1.1373976469039917,1.1373976469039917
1784920440,1.1373976469039917,1.1373976469039917,1.1373976469039917,1.1373976469039917
1784920500,1.1373976469039917,1.1373976469039917,1.1373976469039917,1.1373976469039917
1784920560,1.137268304824829,1.137268304824829,1.137268304824829,1.137268304824829
1784920620,1.1373976469039917,1.1373976469039917,1.1373976469039917,1.1373976469039917
1784920680,1.1373976469039917,1.1373976469039917,1.1373976469039917,1.1373976469039917
1784920740,1.1373976469039917,1.1373976469039917,1.1373976469039917,1.1373976469039917
1784920800,1.1373976469039917,1.1373976469039917,1.1373976469039917,1.1373976469039917
1784920860,1.1373976469039917,1.1373976469039917,1.1373976469039917,1.1373976469039917
1784920920,1.1373976469039917,1.1373976469039917,1.1373976469039917,1.1373976469039917
1784920980,1.137268304824829,1.137268304824829,1.137268304824829,1.137268304824829
1784921040,1.137268304824829,1.137268304824829,1.137268304824829,1.137268304824829
1784921100,1.1371389627456665,1.1371389627456665,1.1371389627456665,1.1371389627456665
1784921160,1.1371389627456665,1.1371389627456665,1.1371389627456665,1.1371389627456665
1784921220,1.1371389627456665,1.1371389627456665,1.1371389627456665,1.1371389627456665
1784921280,1.1371389627456665,1.1371389627456665,1.1371389627456665,1.1371389627456665
1784921340,1.1371389627456665,1.1371389627456665,1.1371389627456665,1.1371389627456665
1784921400,1.1371389627456665,1.1371389627456665,1.1371389627456665,1.1371389627456665
1784921460,1.1371389627456665,1.1371389627456665,1.1371389627456665,1.1371389627456665
1784921520,1.137268304824829,1.137268304824829,1.137268304824829,1.137268304824829
1784921580,1.137268304824829,1.137268304824829,1.137268304824829,1.137268304824829
1784921640,1.137268304824829,1.137268304824829,1.137268304824829,1.137268304824829
1784921700,1.137268304824829,1.137268304824829,1.137268304824829,1.137268304824829
1784921760,1.137268304824829,1.137268304824829,1.137268304824829,1.137268304824829
1784921820,1.137268304824829,1.137268304824829,1.137268304824829,1.137268304824829
1784921880,1.1375269889831543,1.1375269889831543,1.1375269889831543,1.1375269889831543
1784921940,1.1375269889831543,1.1375269889831543,1.1375269889831543,1.1375269889831543
1784922000,1.1373976469039917,1.1373976469039917,1.1373976469039917,1.1373976469039917
1784922060,1.1375269889831543,1.1375269889831543,1.1375269889831543,1.1375269889831543
1784922120,1.1375269889831543,1.1375269889831543,1.1375269889831543,1.1375269889831543
1784922180,1.1375269889831543,1.1375269889831543,1.1375269889831543,1.1375269889831543
1784922240,1.1375269889831543,1.1375269889831543,1.1375269889831543,1.1375269889831543
1784922300,1.1373976469039917,1.1373976469039917,1.1373976469039917,1.1373976469039917
1784922360,1.1375269889831543,1.1375269889831543,1.1375269889831543,1.1375269889831543
1784922420,1.1373976469039917,1.1373976469039917,1.1373976469039917,1.1373976469039917
1784922480,1.1373976469039917,1.1373976469039917,1.1373976469039917,1.1373976469039917
1784922540,1.1373976469039917,1.1373976469039917,1.1373976469039917,1.1373976469039917
1784922600,1.1373976469039917,1.1373976469039917,1.1373976469039917,1.1373976469039917
1784922660,1.1373976469039917,1.1373976469039917,1.1373976469039917,1.1373976469039917
1784922720,1.1373976469039917,1.1373976469039917,1.1373976469039917,1.1373976469039917
1784922780,1.1373976469039917,1.1373976469039917,1.1373976469039917,1.1373976469039917
1784922840,1.1373976469039917,1.1373976469039917,1.1373976469039917,1.1373976469039917
1784922900,1.1373976469039917,1.1373976469039917,1.1373976469039917,1.1373976469039917
1784922960,1.1373976469039917,1.1373976469039917,1.1373976469039917,1.1373976469039917
1784923020,1.137268304824829,1.137268304824829,1.137268304824829,1.137268304824829
1784923080,1.1373976469039917,1.1373976469039917,1.1373976469039917,1.1373976469039917
1784923140,1.1373976469039917,1.1373976469039917,1.1373976469039917,1.1373976469039917
1784923200,1.1373976469039917,1.1373976469039917,1.1373976469039917,1.1373976469039917
1784923260,1.1373976469039917,1.1373976469039917,1.1373976469039917,1.1373976469039917
1784923320,1.1373976469039917,1.1373976469039917,1.1373976469039917,1.1373976469039917
1784923380,1.1373976469039917,1.1373976469039917,1.1373976469039917,1.1373976469039917
1784923440,1.1373976469039917,1.1373976469039917,1.1373976469039917,1.1373976469039917
1784923500,1.1373976469039917,1.1373976469039917,1.1373976469039917,1.1373976469039917
1784923560,1.1373976469039917,1.1373976469039917,1.1373976469039917,1.1373976469039917
1784923620,1.137268304824829,1.137268304824829,1.137268304824829,1.137268304824829
1784923680,1.1373976469039917,1.1373976469039917,1.1373976469039917,1.1373976469039917
1784923740,1.137268304824829,1.137268304824829,1.137268304824829,1.137268304824829
1784923800,1.1373976469039917,1.1373976469039917,1.1373976469039917,1.1373976469039917
1784923860,1.137268304824829,1.137268304824829,1.137268304824829,1.137268304824829
1784923920,1.1373976469039917,1.1373976469039917,1.1373976469039917,1.1373976469039917
1784923980,1.137268304824829,1.137268304824829,1.137268304824829,1.137268304824829
1784924040,1.137268304824829,1.137268304824829,1.137268304824829,1.137268304824829
1784924100,1.137268304824829,1.137268304824829,1.137268304824829,1.137268304824829
1784924160,1.137268304824829,1.137268304824829,1.137268304824829,1.137268304824829
1784924220,1.137268304824829,1.137268304824829,1.137268304824829,1.137268304824829
1784924280,1.137268304824829,1.137268304824829,1.137268304824829,1.137268304824829
1784924340,1.137268304824829,1.137268304824829,1.137268304824829,1.137268304824829
1784924400,1.1371389627456665,1.1371389627456665,1.1371389627456665,1.1371389627456665
1784924460,1.137268304824829,1.137268304824829,1.137268304824829,1.137268304824829
1784924520,1.137268304824829,1.137268304824829,1.137268304824829,1.137268304824829
1784924580,1.137268304824829,1.137268304824829,1.137268304824829,1.137268304824829
1784924640,1.137268304824829,1.137268304824829,1.137268304824829,1.137268304824829
1784924700,1.137268304824829,1.137268304824829,1.137268304824829,1.137268304824829
1784924760,1.137268304824829,1.137268304824829,1.137268304824829,1.137268304824829
1784924820,1.137268304824829,1.137268304824829,1.137268304824829,1.137268304824829
1784924880,1.1371389627456665,1.1371389627456665,1.1371389627456665,1.1371389627456665
1784924940,1.1371389627456665,1.1371389627456665,1.1371389627456665,1.1371389627456665
1784925000,1.1371389627456665,1.1371389627456665,1.1371389627456665,1.1371389627456665
1784925060,1.137268304824829,1.137268304824829,1.137268304824829,1.137268304824829
1784925120,1.1371389627456665,1.1371389627456665,1.1371389627456665,1.1371389627456665
1784925180,1.1371389627456665,1.1371389627456665,1.1371389627456665,1.1371389627456665
1784925240,1.1371389627456665,1.1371389627456665,1.1371389627456665,1.1371389627456665
1784925300,1.1371389627456665,1.1371389627456665,1.1371389627456665,1.1371389627456665
1784925360,1.1371389627456665,1.1371389627456665,1.1371389627456665,1.1371389627456665
1784925420,1.1371389627456665,1.1371389627456665,1.1371389627456665,1.1371389627456665
1784925480,1.1371389627456665,1.1371389627456665,1.1371389627456665,1.1371389627456665
1784925540,1.1371389627456665,1.1371389627456665,1.1371389627456665,1.1371389627456665
1784925600,1.1370097398757935,1.1370097398757935,1.1370097398757935,1.1370097398757935
1784925660,1.1371389627456665,1.1371389627456665,1.1371389627456665,1.1371389627456665
1784925720,1.1371389627456665,1.1371389627456665,1.1371389627456665,1.1371389627456665
1784925780,1.1371389627456665,1.1371389627456665,1.1371389627456665,1.1371389627456665
1784925840,1.137268304824829,1.137268304824829,1.137268304824829,1.137268304824829
1784925900,1.137268304824829,1.137268304824829,1.137268304824829,1.137268304824829
1784925960,1.1371389627456665,1.1371389627456665,1.1371389627456665,1.1371389627456665
1784926020,1.1371389627456665,1.1371389627456665,1.1371389627456665,1.1371389627456665
1784926080,1.137268304824829,1.137268304824829,1.137268304824829,1.137268304824829
1784926140,1.1373976469039917,1.1373976469039917,1.1373976469039917,1.1373976469039917
1784926200,1.1373976469039917,1.1373976469039917,1.1373976469039917,1.1373976469039917
1784926260,1.1373976469039917,1.1373976469039917,1.1373976469039917,1.1373976469039917
1784926320,1.1373976469039917,1.1373976469039917,1.1373976469039917,1.1373976469039917
1784926380,1.1373976469039917,1.1373976469039917,1.1373976469039917,1.1373976469039917
1784926440,1.1373976469039917,1.1373976469039917,1.1373976469039917,1.1373976469039917
1784926500,1.137268304824829,1.137268304824829,1.137268304824829,1.137268304824829
1784926560,1.1373976469039917,1.1373976469039917,1.1373976469039917,1.1373976469039917
1784926620,1.1373976469039917,1.1373976469039917,1.1373976469039917,1.1373976469039917
1784926680,1.1376564502716064,1.1376564502716064,1.1376564502716064,1.1376564502716064
1784926740,1.1373976469039917,1.1373976469039917,1.1373976469039917,1.1373976469039917
1784926800,1.1375269889831543,1.1375269889831543,1.1375269889831543,1.1375269889831543
1784926860,1.1375269889831543,1.1375269889831543,1.1375269889831543,1.1375269889831543
1784926920,1.1375269889831543,1.1375269889831543,1.1375269889831543,1.1375269889831543
1784926980,1.1375269889831543,1.1375269889831543,1.1375269889831543,1.1375269889831543
1784927040,1.1375269889831543,1.1375269889831543,1.1375269889831543,1.1375269889831543
1784927100,1.1375269889831543,1.1375269889831543,1.1375269889831543,1.1375269889831543
1784927160,1.1375269889831543,1.1375269889831543,1.1375269889831543,1.1375269889831543
1784927220,1.1375269889831543,1.1375269889831543,1.1375269889831543,1.1375269889831543
1784927280,1.1375269889831543,1.1375269889831543,1.1375269889831543,1.1375269889831543
1784927340,1.1375269889831543,1.1375269889831543,1.1375269889831543,1.1375269889831543
1784927400,1.1375269889831543,1.1375269889831543,1.1375269889831543,1.1375269889831543
1784927460,1.1375269889831543,1.1375269889831543,1.1375269889831543,1.1375269889831543
1784927520,1.1375269889831543,1.1375269889831543,1.1375269889831543,1.1375269889831543
1784927580,1.1375269889831543,1.1375269889831543,1.1375269889831543,1.1375269889831543
1784927640,1.1375269889831543,1.1375269889831543,1.1375269889831543,1.1375269889831543
1784927700,1.1375269889831543,1.1375269889831543,1.1375269889831543,1.1375269889831543
1784927760,1.1375269889831543,1.1375269889831543,1.1375269889831543,1.1375269889831543
1784927820,1.1375269889831543,1.1375269889831543,1.1375269889831543,1.1375269889831543
1784927880,1.1375269889831543,1.1375269889831543,1.1375269889831543,1.1375269889831543
1784927940,1.1375269889831543,1.1375269889831543,1.1375269889831543,1.1375269889831543
1784928000,1.1375269889831543,1.1375269889831543,1.1375269889831543,1.1375269889831543
1784928060,1.1375269889831543,1.1375269889831543,1.1375269889831543,1.1375269889831543
1784928120,1.1375269889831543,1.1375269889831543,1.1375269889831543,1.1375269889831543
1784928180,1.1375269889831543,1.1375269889831543,1.1375269889831543,1.1375269889831543
1784928240,1.1375269889831543,1.1375269889831543,1.1375269889831543,1.1375269889831543
1784928300,1.1375269889831543,1.1375269889831543,1.1375269889831543,1.1375269889831543
1784928360,1.1375269889831543,1.1375269889831543,1.1375269889831543,1.1375269889831543
1784928420,1.1375269889831543,1.1375269889831543,1.1375269889831543,1.1375269889831543
1784928480,1.1375269889831543,1.1375269889831543,1.1375269889831543,1.1375269889831543
1784928540,1.1375269889831543,1.1375269889831543,1.1375269889831543,1.1375269889831543
