time,open,high,low,close
1784844000,218.00900268554688,218.10800170898438,218.00900268554688,218.09800720214844
1784844060,218.08700561523438,218.15199279785156,218.08700561523438,218.11099243164062
1784844120,218.10699462890625,218.12600708007812,218.09300231933594,218.1009979248047
1784844180,218.1009979248047,218.1219940185547,218.10000610351562,218.10000610351562
1784844240,218.10000610351562,218.12600708007812,218.09800720214844,218.09800720214844
1784844300,218.10400390625,218.1439971923828,218.09800720214844,218.10499572753906
1784844360,218.1320037841797,218.13400268554688,218.0959930419922,218.0959930419922
1784844420,218.0959930419922,218.12899780273438,218.0959930419922,218.0959930419922
1784844480,218.0959930419922,218.12899780273438,218.0959930419922,218.11099243164062
1784844540,218.0970001220703,218.11599731445312,218.0959930419922,218.11300659179688
1784844600,218.10899353027344,218.13099670410156,218.1020050048828,218.10699462890625
1784844660,218.10699462890625,218.1479949951172,218.10699462890625,218.125
1784844720,218.13699340820312,218.13699340820312,218.1020050048828,218.1020050048828
1784844780,218.11599731445312,218.13400268554688,218.1020050048828,218.1179962158203
1784844840,218.1179962158203,218.1300048828125,218.1020050048828,218.12600708007812
1784844900,218.10899353027344,218.1300048828125,218.10899353027344,218.12399291992188
1784844960,218.10899353027344,218.13400268554688,218.10899353027344,218.10899353027344
1784845020,218.1300048828125,218.13699340820312,218.10899353027344,218.12399291992188
1784845080,218.10899353027344,218.1320037841797,218.10800170898438,218.125
1784845140,218.1320037841797,218.13600158691406,218.10800170898438,218.1320037841797
1784845200,218.1320037841797,218.13699340820312,218.10800170898438,218.13699340820312
1784845260,218.1320037841797,218.1320037841797,218.10800170898438,218.10800170898438
1784845320,218.10800170898438,218.13900756835938,218.10800170898438,218.13400268554688
1784845380,218.11199951171875,218.1510009765625,218.11199951171875,218.1439971923828
1784845440,218.1300048828125,218.1490020751953,218.12600708007812,218.14599609375
1784845500,218.12600708007812,218.156005859375,218.12600708007812,218.14700317382812
1784845560,218.13099670410156,218.15699768066406,218.1269989013672,218.14100646972656
1784845620,218.14199829101562,218.1479949951172,218.1269989013672,218.14199829101562
1784845680,218.14199829101562,218.14599609375,218.12399291992188,218.14599609375
1784845740,218.12399291992188,218.13900756835938,218.10800170898438,218.1179962158203
1784845800,218.1179962158203,218.1439971923828,218.11199951171875,218.1179962158203
1784845860,218.1179962158203,218.13800048828125,218.10899353027344,218.11700439453125
1784845920,218.11700439453125,218.13699340820312,218.11500549316406,218.13099670410156
1784845980,218.11500549316406,218.13400268554688,218.11500549316406,218.11500549316406
1784846040,218.1280059814453,218.13900756835938,218.11199951171875,218.13600158691406
1784846100,218.13600158691406,218.14700317382812,218.12100219726562,218.13900756835938
1784846160,218.14199829101562,218.1439971923828,218.12600708007812,218.1439971923828
1784846220,218.13600158691406,218.14599609375,218.10400390625,218.1219940185547
1784846280,218.11000061035156,218.13400268554688,218.10000610351562,218.12899780273438
1784846340,218.11599731445312,218.1300048828125,218.10800170898438,218.12600708007812
1784846400,218.10899353027344,218.1300048828125,218.10899353027344,218.12600708007812
1784846460,218.12600708007812,218.1280059814453,218.10899353027344,218.10899353027344
1784846520,218.10899353027344,218.1280059814453,218.10899353027344,218.11199951171875
1784846580,218.11199951171875,218.1300048828125,218.11199951171875,218.11599731445312
1784846640,218.125,218.13400268554688,218.11500549316406,218.1230010986328
1784846700,218.11500549316406,218.1269989013672,218.11500549316406,218.12600708007812
1784846760,218.11500549316406,218.13499450683594,218.11500549316406,218.12899780273438
1784846820,218.11399841308594,218.13499450683594,218.11399841308594,218.1300048828125
1784846880,218.11399841308594,218.14599609375,218.11399841308594,218.14500427246094
1784846940,218.13699340820312,218.14999389648438,218.1269989013672,218.1320037841797
1784847000,218.1320037841797,218.14999389648438,218.1269989013672,218.13099670410156
1784847060,218.13099670410156,218.14999389648438,218.1230010986328,218.14599609375
1784847120,218.1320037841797,218.1529998779297,218.1320037841797,218.1320037841797
1784847180,218.1320037841797,218.1580047607422,218.1269989013672,218.15699768066406
1784847240,218.1320037841797,218.16600036621094,218.1320037841797,218.16400146484375
1784847300,218.14199829101562,218.16600036621094,218.14199829101562,218.1649932861328
1784847360,218.14300537109375,218.16600036621094,218.14199829101562,218.16000366210938
1784847420,218.16000366210938,218.17100524902344,218.14300537109375,218.15199279785156
1784847480,218.15199279785156,218.17300415039062,218.14999389648438,218.1540069580078
1784847600,218.1699981689453,218.17799377441406,218.1490020751953,218.16900634765625
1784847660,218.16200256347656,218.16799926757812,218.14500427246094,218.16400146484375
1784847720,218.1479949951172,218.16299438476562,218.14199829101562,218.15699768066406
1784847780,218.1540069580078,218.15899658203125,218.14199829101562,218.15699768066406
1784847840,218.1580047607422,218.16000366210938,218.1300048828125,218.1529998779297
1784847900,218.13400268554688,218.15499877929688,218.13299560546875,218.1540069580078
1784847960,218.13400268554688,218.1540069580078,218.13299560546875,218.1439971923828
1784848020,218.13600158691406,218.156005859375,218.1320037841797,218.1439971923828
1784848080,218.14599609375,218.15499877929688,218.1320037841797,218.14599609375
1784848140,218.1439971923828,218.15499877929688,218.1300048828125,218.13999938964844
1784848200,218.14199829101562,218.1490020751953,218.1300048828125,218.14500427246094
1784848260,218.14700317382812,218.1479949951172,218.13099670410156,218.14700317382812
1784848320,218.13900756835938,218.14599609375,218.12899780273438,218.14300537109375
1784848380,218.13099670410156,218.1439971923828,218.1269989013672,218.1300048828125
1784848440,218.125,218.13600158691406,218.11399841308594,218.11700439453125
1784848500,218.11700439453125,218.12899780273438,218.10899353027344,218.1269989013672
1784848560,218.11700439453125,218.1300048828125,218.11399841308594,218.11399841308594
1784848620,218.11599731445312,218.1280059814453,218.11399841308594,218.11399841308594
1784848680,218.11399841308594,218.1280059814453,218.11300659179688,218.11599731445312
1784848740,218.1230010986328,218.1300048828125,218.11399841308594,218.1300048828125
1784848800,218.1280059814453,218.14100646972656,218.11599731445312,218.13699340820312
1784848860,218.125,218.14100646972656,218.1230010986328,218.13800048828125
1784848920,218.12899780273438,218.14100646972656,218.1269989013672,218.13699340820312
1784848980,218.12899780273438,218.14199829101562,218.12399291992188,218.13999938964844
1784849040,218.14100646972656,218.1439971923828,218.12899780273438,218.13299560546875
1784849100,218.13299560546875,218.14500427246094,218.11099243164062,218.1199951171875
1784849160,218.11500549316406,218.13299560546875,218.11399841308594,218.1179962158203
1784849220,218.11500549316406,218.12399291992188,218.11399841308594,218.12100219726562
1784849280,218.11500549316406,218.1269989013672,218.11199951171875,218.12100219726562
1784849340,218.11300659179688,218.12600708007812,218.11199951171875,218.11500549316406
1784849400,218.11300659179688,218.1199951171875,218.11000061035156,218.11300659179688
1784849460,218.11300659179688,218.1269989013672,218.11099243164062,218.11900329589844
1784849520,218.11900329589844,218.12600708007812,218.10899353027344,218.11300659179688
1784849580,218.11000061035156,218.125,218.09800720214844,218.11000061035156
1784849640,218.11099243164062,218.1280059814453,218.10699462890625,218.1230010986328
1784849700,218.11700439453125,218.12399291992188,218.10800170898438,218.11700439453125
1784849760,218.11000061035156,218.13400268554688,218.10800170898438,218.13299560546875
1784849820,218.12399291992188,218.13800048828125,218.1230010986328,218.13499450683594
1784849880,218.1269989013672,218.13600158691406,218.1230010986328,218.13299560546875
1784849940,218.1300048828125,218.13499450683594,218.11599731445312,218.11599731445312
1784850000,218.12100219726562,218.1280059814453,218.0780029296875,218.0959930419922
1784850060,218.0850067138672,218.0970001220703,218.07699584960938,218.07899475097656
1784850120,218.08399963378906,218.10499572753906,218.0760040283203,218.09300231933594
1784850180,218.10400390625,218.10899353027344,218.08999633789062,218.10800170898438
1784850240,218.10400390625,218.11500549316406,218.09800720214844,218.10499572753906
1784850300,218.10800170898438,218.13299560546875,218.09300231933594,218.1280059814453
1784850360,218.12899780273438,218.13400268554688,218.10899353027344,218.1219940185547
1784850420,218.11199951171875,218.1320037841797,218.11000061035156,218.1280059814453
1784850480,218.1179962158203,218.1300048828125,218.11300659179688,218.12600708007812
1784850540,218.1269989013672,218.1320037841797,218.11500549316406,218.1219940185547
1784850600,218.1219940185547,218.1300048828125,218.11199951171875,218.12100219726562
1784850660,218.11300659179688,218.12600708007812,218.11000061035156,218.12399291992188
1784850720,218.11599731445312,218.12600708007812,218.09100341796875,218.10000610351562
1784850780,218.0959930419922,218.11700439453125,218.09500122070312,218.11000061035156
1784850840,218.11399841308594,218.12600708007812,218.10299682617188,218.125
1784850900,218.11500549316406,218.125,218.10499572753906,218.11399841308594
1784850960,218.1199951171875,218.1230010986328,218.10800170898438,218.10899353027344
1784851020,218.10899353027344,218.13999938964844,218.10000610351562,218.1320037841797
1784851080,218.13400268554688,218.1439971923828,218.11099243164062,218.1269989013672
1784851140,218.13600158691406,218.13699340820312,218.0919952392578,218.10499572753906
1784851200,218.093994140625,218.16700744628906,218.08299255371094,218.15499877929688
1784851260,218.1649932861328,218.19500732421875,218.1540069580078,218.16700744628906
1784851320,218.177001953125,218.18299865722656,218.14700317382812,218.16600036621094
1784851380,218.16200256347656,218.1840057373047,218.13499450683594,218.16900634765625
1784851440,218.17999267578125,218.17999267578125,218.13699340820312,218.1479949951172
1784851500,218.13900756835938,218.16700744628906,218.13800048828125,218.1580047607422
1784851560,218.1540069580078,218.21299743652344,218.13900756835938,218.20599365234375
1784851620,218.20899963378906,218.21200561523438,218.16400146484375,218.18600463867188
1784851680,218.18600463867188,218.19000244140625,218.11700439453125,218.14700317382812
1784851740,218.13900756835938,218.18800354003906,218.13499450683594,218.1840057373047
1784851800,218.17799377441406,218.18699645996094,218.14199829101562,218.14599609375
1784851860,218.14599609375,218.177001953125,218.14599609375,218.17599487304688
1784851920,218.16400146484375,218.17999267578125,218.15199279785156,218.17599487304688
1784851980,218.1699981689453,218.18099975585938,218.15499877929688,218.16099548339844
1784852040,218.16099548339844,218.17599487304688,218.1529998779297,218.156005859375
1784852100,218.17100524902344,218.18600463867188,218.1510009765625,218.16600036621094
1784852160,218.1649932861328,218.18499755859375,218.1529998779297,218.18499755859375
1784852220,218.1840057373047,218.22000122070312,218.17100524902344,218.197998046875
1784852280,218.2030029296875,218.20399475097656,218.16900634765625,218.17599487304688
1784852340,218.16900634765625,218.177001953125,218.1479949951172,218.16400146484375
1784852400,218.15899658203125,218.17999267578125,218.1490020751953,218.17999267578125
1784852460,218.17100524902344,218.197998046875,218.1699981689453,218.18499755859375
1784852520,218.1820068359375,218.197998046875,218.17599487304688,218.18800354003906
1784852580,218.18800354003906,218.1999969482422,218.17100524902344,218.17599487304688
1784852640,218.17599487304688,218.17999267578125,218.16099548339844,218.1699981689453
1784852700,218.1649932861328,218.1959991455078,218.1649932861328,218.1909942626953
1784852760,218.18899536132812,218.2050018310547,218.1790008544922,218.2010040283203
1784852820,218.1999969482422,218.20599365234375,218.17599487304688,218.1840057373047
1784852880,218.1840057373047,218.197998046875,218.17599487304688,218.19200134277344
1784852940,218.18899536132812,218.20799255371094,218.16299438476562,218.16400146484375
1784853000,218.16299438476562,218.20399475097656,218.16200256347656,218.1820068359375
1784853060,218.18299865722656,218.2030029296875,218.17300415039062,218.19200134277344
1784853120,218.19400024414062,218.19400024414062,218.1649932861328,218.16900634765625
1784853180,218.16900634765625,218.1929931640625,218.1649932861328,218.1790008544922
1784853240,218.1790008544922,218.19400024414062,218.1719970703125,218.17799377441406
1784853300,218.177001953125,218.20199584960938,218.17100524902344,218.17599487304688
1784853360,218.1840057373047,218.19500732421875,218.17300415039062,218.17599487304688
1784853420,218.1840057373047,218.19200134277344,218.16900634765625,218.18099975585938
1784853480,218.18099975585938,218.20399475097656,218.18099975585938,218.19500732421875
1784853540,218.18699645996094,218.20599365234375,218.18299865722656,218.20599365234375
1784853600,218.20399475097656,218.22300720214844,218.19700622558594,218.20799255371094
1784853660,218.20599365234375,218.2239990234375,218.2050018310547,218.21600341796875
1784853720,218.20799255371094,218.23300170898438,218.20700073242188,218.22300720214844
1784853780,218.2239990234375,218.25399780273438,218.22000122070312,218.23699951171875
1784853840,218.24400329589844,218.25399780273438,218.23699951171875,218.25100708007812
1784853900,218.24400329589844,218.25399780273438,218.22999572753906,218.24200439453125
1784853960,218.23500061035156,218.2519989013672,218.21800231933594,218.2270050048828
1784854020,218.22799682617188,218.24400329589844,218.2239990234375,218.24400329589844
1784854080,218.23699951171875,218.24600219726562,218.2270050048828,218.24200439453125
1784854140,218.23899841308594,218.24400329589844,218.21800231933594,218.24400329589844
1784854200,218.23599243164062,218.25,218.2270050048828,218.22999572753906
1784854260,218.23800659179688,218.2519989013672,218.2239990234375,218.24400329589844
1784854320,218.25,218.2519989013672,218.23199462890625,218.23699951171875
1784854380,218.23800659179688,218.28399658203125,218.21800231933594,218.2740020751953
1784854440,218.2790069580078,218.29600524902344,218.24600219726562,218.28900146484375
1784854500,218.2899932861328,218.2899932861328,218.22500610351562,218.2429962158203
1784854560,218.2429962158203,218.26699829101562,218.22999572753906,218.22999572753906
1784854620,218.2469940185547,218.26699829101562,218.22999572753906,218.25799560546875
1784854680,218.25900268554688,218.281005859375,218.24099731445312,218.25100708007812
1784854740,218.26300048828125,218.28700256347656,218.24099731445312,218.26400756835938
1784854800,218.27000427246094,218.31500244140625,218.2469940185547,218.31399536132812
1784854860,218.30299377441406,218.3260040283203,218.28199768066406,218.28399658203125
1784854920,218.28900146484375,218.30799865722656,218.2760009765625,218.29600524902344
1784854980,218.2949981689453,218.31500244140625,218.28900146484375,218.302001953125
1784855040,218.3000030517578,218.3159942626953,218.29299926757812,218.3070068359375
1784855100,218.3070068359375,218.3179931640625,218.29100036621094,218.29100036621094
1784855160,218.29100036621094,218.30499267578125,218.2519989013672,218.2740020751953
1784855220,218.28599548339844,218.28700256347656,218.25799560546875,218.26800537109375
1784855280,218.26300048828125,218.2779998779297,218.25399780273438,218.25399780273438
1784855340,218.25900268554688,218.2790069580078,218.2530059814453,218.27200317382812
1784855400,218.27200317382812,218.2899932861328,218.26100158691406,218.2760009765625
1784855460,218.2760009765625,218.2949981689453,218.27499389648438,218.27999877929688
1784855520,218.27999877929688,218.3090057373047,218.27499389648438,218.30299377441406
1784855580,218.3090057373047,218.3090057373047,218.28500366210938,218.2989959716797
1784855640,218.29200744628906,218.3070068359375,218.28500366210938,218.28900146484375
1784855700,218.2899932861328,218.302001953125,218.27499389648438,218.28900146484375
1784855760,218.28900146484375,218.29200744628906,218.25100708007812,218.2519989013672
1784855820,218.25799560546875,218.28799438476562,218.25100708007812,218.2740020751953
1784855880,218.26600646972656,218.2779998779297,218.21499633789062,218.23800659179688
1784855940,218.2259979248047,218.26499938964844,218.2050018310547,218.26400756835938
1784856000,218.25100708007812,218.27000427246094,218.24000549316406,218.24099731445312
1784856060,218.2530059814453,218.27499389648438,218.23300170898438,218.26499938964844
1784856120,218.26800537109375,218.2740020751953,218.23599243164062,218.23599243164062
1784856180,218.24200439453125,218.25900268554688,218.22999572753906,218.24400329589844
1784856240,218.24200439453125,218.27000427246094,218.24099731445312,218.26400756835938
1784856300,218.2570037841797,218.2689971923828,218.24099731445312,218.2429962158203
1784856360,218.2429962158203,218.26400756835938,218.23199462890625,218.23599243164062
1784856420,218.23599243164062,218.25399780273438,218.2220001220703,218.2429962158203
1784856480,218.23500061035156,218.24000549316406,218.20199584960938,218.21600341796875
1784856540,218.22799682617188,218.24200439453125,218.21400451660156,218.22999572753906
1784856600,218.24099731445312,218.2429962158203,218.2100067138672,218.21400451660156
1784856660,218.21400451660156,218.22900390625,218.21099853515625,218.22500610351562
1784856720,218.2169952392578,218.23399353027344,218.21200561523438,218.2310028076172
1784856780,218.21800231933594,218.24400329589844,218.21499633789062,218.23300170898438
1784856840,218.23399353027344,218.24200439453125,218.177001953125,218.18899536132812
1784856900,218.18099975585938,218.2100067138672,218.1719970703125,218.18800354003906
1784856960,218.18800354003906,218.2050018310547,218.17100524902344,218.1840057373047
1784857020,218.1750030517578,218.2030029296875,218.16600036621094,218.16600036621094
1784857080,218.177001953125,218.19700622558594,218.15699768066406,218.1840057373047
1784857140,218.18800354003906,218.1959991455078,218.16700744628906,218.17999267578125
1784857200,218.1719970703125,218.18699645996094,218.1529998779297,218.16700744628906
1784857260,218.16900634765625,218.1840057373047,218.1510009765625,218.16600036621094
1784857320,218.16799926757812,218.18099975585938,218.1529998779297,218.1719970703125
1784857380,218.1719970703125,218.1820068359375,218.16200256347656,218.16900634765625
1784857440,218.17599487304688,218.18600463867188,218.16299438476562,218.17999267578125
1784857500,218.18099975585938,218.1959991455078,218.16900634765625,218.18600463867188
1784857560,218.19200134277344,218.2050018310547,218.17799377441406,218.2030029296875
1784857620,218.18800354003906,218.2030029296875,218.1719970703125,218.18699645996094
1784857680,218.1840057373047,218.20399475097656,218.17599487304688,218.2030029296875
1784857740,218.19500732421875,218.20599365234375,218.18299865722656,218.19000244140625
1784857800,218.18499755859375,218.19900512695312,218.1699981689453,218.18299865722656
1784857860,218.18299865722656,218.197998046875,218.1790008544922,218.1959991455078
1784857920,218.19500732421875,218.1959991455078,218.17300415039062,218.18299865722656
1784857980,218.17300415039062,218.19500732421875,218.16600036621094,218.1820068359375
1784858040,218.19500732421875,218.19500732421875,218.17599487304688,218.1790008544922
1784858100,218.18099975585938,218.1909942626953,218.16000366210938,218.16600036621094
1784858160,218.177001953125,218.1840057373047,218.1540069580078,218.1649932861328
1784858220,218.1540069580078,218.16700744628906,218.14500427246094,218.15699768066406
1784858280,218.1490020751953,218.16200256347656,218.13699340820312,218.14199829101562
1784858340,218.14199829101562,218.16400146484375,218.14100646972656,218.1490020751953
1784858400,218.1510009765625,218.1750030517578,218.1479949951172,218.1649932861328
1784858460,218.1739959716797,218.1739959716797,218.156005859375,218.16900634765625
1784858520,218.15699768066406,218.1699981689453,218.13699340820312,218.14300537109375
1784858580,218.1490020751953,218.16299438476562,218.13299560546875,218.14500427246094
1784858640,218.13299560546875,218.14999389648438,218.1320037841797,218.13900756835938
1784858700,218.14500427246094,218.1479949951172,218.1269989013672,218.1300048828125
1784858760,218.1439971923828,218.15199279785156,218.1320037841797,218.13600158691406
1784858820,218.1479949951172,218.15499877929688,218.1300048828125,218.14300537109375
1784858880,218.1439971923828,218.156005859375,218.13600158691406,218.14199829101562
1784858940,218.156005859375,218.1649932861328,218.1269989013672,218.13099670410156
1784859000,218.13099670410156,218.15499877929688,218.1269989013672,218.14100646972656
1784859060,218.1439971923828,218.15499877929688,218.13699340820312,218.1510009765625
1784859120,218.13999938964844,218.1529998779297,218.12899780273438,218.15199279785156
1784859180,218.15199279785156,218.16000366210938,218.13900756835938,218.14999389648438
1784859240,218.16099548339844,218.16200256347656,218.13499450683594,218.14599609375
1784859300,218.1529998779297,218.16400146484375,218.14199829101562,218.14700317382812
1784859360,218.14500427246094,218.15899658203125,218.1230010986328,218.1269989013672
1784859420,218.1280059814453,218.14700317382812,218.1219940185547,218.13900756835938
1784859480,218.13699340820312,218.14300537109375,218.1300048828125,218.13099670410156
1784859540,218.13099670410156,218.14300537109375,218.11500549316406,218.12399291992188
1784859600,218.11599731445312,218.13699340820312,218.1020050048828,218.10499572753906
1784859660,218.10499572753906,218.125,218.1009979248047,218.1179962158203
1784859720,218.1179962158203,218.125,218.093994140625,218.11199951171875
1784859780,218.09800720214844,218.125,218.09800720214844,218.11900329589844
1784859840,218.10899353027344,218.12600708007812,218.10699462890625,218.11900329589844
1784859900,218.1199951171875,218.1219940185547,218.10699462890625,218.11399841308594
1784859960,218.10800170898438,218.1280059814453,218.10699462890625,218.1199951171875
1784860020,218.11900329589844,218.13099670410156,218.11099243164062,218.11099243164062
1784860080,218.12600708007812,218.1320037841797,218.10800170898438,218.12399291992188
1784860140,218.11399841308594,218.13600158691406,218.11399841308594,218.13600158691406
1784860200,218.13499450683594,218.14599609375,218.10899353027344,218.13400268554688
1784860260,218.13900756835938,218.14999389648438,218.12399291992188,218.13999938964844
1784860320,218.14100646972656,218.14199829101562,218.10699462890625,218.1230010986328
1784860380,218.11399841308594,218.1269989013672,218.10299682617188,218.11599731445312
1784860440,218.1060028076172,218.11900329589844,218.10499572753906,218.10800170898438
1784860500,218.10800170898438,218.1199951171875,218.1009979248047,218.11599731445312
1784860560,218.1179962158203,218.11900329589844,218.10299682617188,218.10299682617188
1784860620,218.10299682617188,218.11599731445312,218.09500122070312,218.10400390625
1784860680,218.11199951171875,218.1280059814453,218.10299682617188,218.1060028076172
1784860740,218.11399841308594,218.12399291992188,218.093994140625,218.09500122070312
1784860800,218.10899353027344,218.11000061035156,218.09500122070312,218.1060028076172
1784860860,218.0959930419922,218.10800170898438,218.08399963378906,218.0850067138672
1784860920,218.0850067138672,218.10299682617188,218.08099365234375,218.09300231933594
1784860980,218.08399963378906,218.1060028076172,218.08200073242188,218.09500122070312
1784861040,218.0970001220703,218.11599731445312,218.08700561523438,218.11099243164062
1784861100,218.09800720214844,218.11300659179688,218.09100341796875,218.09500122070312
1784861160,218.09500122070312,218.10499572753906,218.07899475097656,218.09500122070312
1784861220,218.0919952392578,218.0970001220703,218.06900024414062,218.07200622558594
1784861280,218.08399963378906,218.08599853515625,218.04800415039062,218.0760040283203
1784861340,218.0850067138672,218.08599853515625,218.0489959716797,218.0489959716797
1784861400,218.0489959716797,218.0749969482422,218.04800415039062,218.07200622558594
1784861460,218.05799865722656,218.0760040283203,218.05599975585938,218.07200622558594
1784861520,218.06399536132812,218.07200622558594,218.0399932861328,218.0540008544922
1784861580,218.03799438476562,218.0749969482422,218.03799438476562,218.0679931640625
1784861640,218.07200622558594,218.0760040283203,218.0540008544922,218.07000732421875
1784861700,218.05799865722656,218.07699584960938,218.05599975585938,218.0749969482422
1784861760,218.06100463867188,218.0800018310547,218.06100463867188,218.06500244140625
1784861820,218.06500244140625,218.08299255371094,218.05799865722656,218.07000732421875
1784861880,218.07000732421875,218.08200073242188,218.04200744628906,218.04299926757812
1784861940,218.05499267578125,218.0570068359375,218.03599548339844,218.04200744628906
1784862000,218.05499267578125,218.05599975585938,218.031005859375,218.04200744628906
1784862060,218.0469970703125,218.05499267578125,218.0290069580078,218.04600524902344
1784862120,218.0469970703125,218.0489959716797,218.0290069580078,218.031005859375
1784862180,218.0449981689453,218.05799865722656,218.02999877929688,218.0399932861328
1784862240,218.05099487304688,218.05999755859375,218.03799438476562,218.052001953125
1784862300,218.052001953125,218.05999755859375,218.0449981689453,218.05999755859375
1784862360,218.05599975585938,218.06100463867188,218.0449981689453,218.05599975585938
1784862420,218.0449981689453,218.0590057373047,218.04400634765625,218.04400634765625
1784862480,218.04400634765625,218.06199645996094,218.04100036621094,218.05099487304688
1784862540,218.05099487304688,218.06399536132812,218.04100036621094,218.0489959716797
1784862600,218.05599975585938,218.06399536132812,218.03199768066406,218.0469970703125
1784862660,218.04600524902344,218.05299377441406,218.0279998779297,218.04299926757812
1784862720,218.05099487304688,218.06500244140625,218.03900146484375,218.06500244140625
1784862780,218.05999755859375,218.07899475097656,218.0570068359375,218.0780029296875
1784862840,218.06900024414062,218.0850067138672,218.06500244140625,218.0780029296875
1784862900,218.07000732421875,218.08900451660156,218.06700134277344,218.07699584960938
1784862960,218.0760040283203,218.08799743652344,218.072998046875,218.07699584960938
1784863020,218.0780029296875,218.09500122070312,218.0760040283203,218.0800018310547
1784863080,218.0800018310547,218.0970001220703,218.0749969482422,218.08799743652344
1784863140,218.08900451660156,218.08999633789062,218.06900024414062,218.06900024414062
1784863200,218.06900024414062,218.08399963378906,218.05999755859375,218.0800018310547
1784863260,218.07200622558594,218.10400390625,218.06900024414062,218.09500122070312
1784863320,218.09500122070312,218.10499572753906,218.08900451660156,218.09500122070312
1784863380,218.08799743652344,218.10899353027344,218.08700561523438,218.09800720214844
1784863440,218.1020050048828,218.11000061035156,218.09300231933594,218.10499572753906
1784863500,218.0989990234375,218.1179962158203,218.0959930419922,218.11099243164062
1784863560,218.11000061035156,218.1199951171875,218.09800720214844,218.1060028076172
1784863620,218.1020050048828,218.13400268554688,218.1009979248047,218.1269989013672
1784863680,218.13299560546875,218.13600158691406,218.11399841308594,218.11399841308594
1784863740,218.11500549316406,218.12600708007812,218.11199951171875,218.11399841308594
1784863800,218.11300659179688,218.13800048828125,218.10699462890625,218.11700439453125
1784863860,218.11700439453125,218.1230010986328,218.10499572753906,218.10800170898438
1784863920,218.11399841308594,218.1230010986328,218.10400390625,218.10699462890625
1784863980,218.10800170898438,218.1230010986328,218.1020050048828,218.11199951171875
1784864040,218.10699462890625,218.1230010986328,218.10299682617188,218.1230010986328
1784864100,218.11900329589844,218.1269989013672,218.1020050048828,218.11099243164062
1784864160,218.11000061035156,218.125,218.10000610351562,218.10299682617188
1784864220,218.11300659179688,218.11500549316406,218.0919952392578,218.09300231933594
1784864280,218.1009979248047,218.11199951171875,218.08999633789062,218.11000061035156
1784864340,218.11099243164062,218.1230010986328,218.10000610351562,218.1199951171875
1784864400,218.11199951171875,218.1230010986328,218.1060028076172,218.11300659179688
1784864460,218.11300659179688,218.1179962158203,218.09800720214844,218.0989990234375
1784864520,218.11199951171875,218.11500549316406,218.08700561523438,218.0989990234375
1784864580,218.10400390625,218.11500549316406,218.093994140625,218.10400390625
1784864640,218.09800720214844,218.11300659179688,218.0970001220703,218.1060028076172
1784864700,218.0989990234375,218.11399841308594,218.08999633789062,218.0970001220703
1784864760,218.09500122070312,218.11000061035156,218.08999633789062,218.0919952392578
1784864820,218.1060028076172,218.10699462890625,218.08799743652344,218.093994140625
1784864880,218.0919952392578,218.10400390625,218.08700561523438,218.08799743652344
1784864940,218.08700561523438,218.1020050048828,218.08399963378906,218.0850067138672
1784865000,218.0850067138672,218.1020050048828,218.07899475097656,218.07899475097656
1784865060,218.09500122070312,218.0970001220703,218.07899475097656,218.0959930419922
1784865120,218.08700561523438,218.10400390625,218.0850067138672,218.08999633789062
1784865180,218.08900451660156,218.11300659179688,218.08799743652344,218.0970001220703
1784865240,218.10499572753906,218.11199951171875,218.0850067138672,218.0959930419922
1784865300,218.08799743652344,218.10400390625,218.0850067138672,218.0959930419922
1784865360,218.08999633789062,218.1020050048828,218.08200073242188,218.093994140625
1784865420,218.08599853515625,218.10000610351562,218.07400512695312,218.07699584960938
1784865480,218.07699584960938,218.09500122070312,218.07699584960938,218.0800018310547
1784865540,218.07699584960938,218.0919952392578,218.0659942626953,218.08900451660156
1784865600,218.07899475097656,218.09500122070312,218.07400512695312,218.0919952392578
1784865660,218.08799743652344,218.093994140625,218.0749969482422,218.07899475097656
1784865720,218.08599853515625,218.0959930419922,218.07899475097656,218.08299255371094
1784865780,218.09500122070312,218.10000610351562,218.08299255371094,218.09800720214844
1784865840,218.0989990234375,218.11000061035156,218.08799743652344,218.0959930419922
1784865900,218.09300231933594,218.11099243164062,218.08999633789062,218.093994140625
1784865960,218.10499572753906,218.1060028076172,218.08299255371094,218.09800720214844
1784866020,218.093994140625,218.09800720214844,218.0679931640625,218.09300231933594
1784866080,218.08099365234375,218.0959930419922,218.0749969482422,218.08999633789062
1784866140,218.09100341796875,218.0970001220703,218.07899475097656,218.08099365234375
1784866200,218.093994140625,218.0970001220703,218.05099487304688,218.06399536132812
1784866260,218.06399536132812,218.08399963378906,218.05799865722656,218.0709991455078
1784866320,218.08299255371094,218.08700561523438,218.0659942626953,218.0780029296875
1784866380,218.0780029296875,218.08799743652344,218.0570068359375,218.06500244140625
1784866440,218.06500244140625,218.0970001220703,218.06399536132812,218.09500122070312
1784866500,218.08299255371094,218.11000061035156,218.08299255371094,218.0989990234375
1784866560,218.10000610351562,218.11599731445312,218.0989990234375,218.11599731445312
1784866620,218.11700439453125,218.1179962158203,218.1020050048828,218.11399841308594
1784866680,218.10699462890625,218.11900329589844,218.08900451660156,218.10400390625
1784866740,218.08900451660156,218.10400390625,218.0850067138672,218.0989990234375
1784866800,218.09800720214844,218.10800170898438,218.08399963378906,218.1060028076172
1784866860,218.09500122070312,218.10800170898438,218.08999633789062,218.10400390625
1784866920,218.09300231933594,218.10499572753906,218.08799743652344,218.08799743652344
1784866980,218.093994140625,218.10899353027344,218.08799743652344,218.0970001220703
1784867040,218.1060028076172,218.11000061035156,218.08599853515625,218.1009979248047
1784867100,218.09800720214844,218.1020050048828,218.0780029296875,218.093994140625
1784867160,218.0850067138672,218.0989990234375,218.08299255371094,218.08900451660156
1784867220,218.08399963378906,218.10000610351562,218.0800018310547,218.08399963378906
1784867280,218.08900451660156,218.0989990234375,218.08399963378906,218.08999633789062
1784867340,218.08799743652344,218.10000610351562,218.08200073242188,218.10000610351562
1784867400,218.08799743652344,218.10699462890625,218.0850067138672,218.09800720214844
1784867460,218.08700561523438,218.10499572753906,218.0780029296875,218.0780029296875
1784867520,218.0780029296875,218.0959930419922,218.0679931640625,218.06900024414062
1784867580,218.0760040283203,218.0850067138672,218.06700134277344,218.08200073242188
1784867640,218.08299255371094,218.08399963378906,218.06199645996094,218.06900024414062
1784867700,218.06700134277344,218.0749969482422,218.052001953125,218.0570068359375
1784867760,218.0570068359375,218.0749969482422,218.04800415039062,218.05299377441406
1784867820,218.0590057373047,218.06700134277344,218.0500030517578,218.05499267578125
1784867880,218.05599975585938,218.06900024414062,218.0500030517578,218.06100463867188
1784867940,218.05499267578125,218.06900024414062,218.052001953125,218.05299377441406
1784868000,218.05299377441406,218.0659942626953,218.0489959716797,218.0590057373047
1784868060,218.06399536132812,218.06399536132812,218.0279998779297,218.0279998779297
1784868120,218.0279998779297,218.04600524902344,218.02699279785156,218.031005859375
1784868180,218.031005859375,218.0449981689453,218.02999877929688,218.031005859375
1784868240,218.02999877929688,218.04600524902344,218.0229949951172,218.03599548339844
1784868300,218.04400634765625,218.05499267578125,218.02099609375,218.05099487304688
1784868360,218.03599548339844,218.052001953125,218.031005859375,218.0469970703125
1784868420,218.04400634765625,218.04800415039062,218.0260009765625,218.04200744628906
1784868480,218.0290069580078,218.04400634765625,218.00799560546875,218.01600646972656
1784868540,218.01400756835938,218.03599548339844,218.01400756835938,218.0260009765625
1784868600,218.03500366210938,218.03599548339844,218.01499938964844,218.02699279785156
1784868660,218.0189971923828,218.0330047607422,218.01600646972656,218.0279998779297
1784868720,218.02000427246094,218.0330047607422,218.00799560546875,218.0260009765625
1784868780,218.02699279785156,218.02999877929688,218.00900268554688,218.0260009765625
1784868840,218.02499389648438,218.04299926757812,218.01100158691406,218.0290069580078
1784868900,218.02499389648438,218.0469970703125,218.02499389648438,218.03399658203125
1784868960,218.03900146484375,218.04800415039062,218.0330047607422,218.04800415039062
1784869020,218.03500366210938,218.05099487304688,218.02999877929688,218.03700256347656
1784869080,218.0449981689453,218.052001953125,218.0260009765625,218.03900146484375
1784869140,218.03399658203125,218.05999755859375,218.03399658203125,218.05099487304688
1784869200,218.0590057373047,218.06900024414062,218.04600524902344,218.04600524902344
1784869260,218.05599975585938,218.05599975585938,218.03399658203125,218.03599548339844
1784869320,218.03599548339844,218.05499267578125,218.03500366210938,218.04400634765625
1784869380,218.0500030517578,218.06700134277344,218.04400634765625,218.06700134277344
1784869440,218.06300354003906,218.07400512695312,218.052001953125,218.0570068359375
1784869500,218.07200622558594,218.07400512695312,218.0570068359375,218.05999755859375
1784869560,218.0749969482422,218.0749969482422,218.04299926757812,218.0590057373047
1784869620,218.0449981689453,218.07200622558594,218.04200744628906,218.0659942626953
1784869680,218.06900024414062,218.07400512695312,218.0570068359375,218.06500244140625
1784869740,218.0590057373047,218.0749969482422,218.05599975585938,218.05599975585938
1784869800,218.07000732421875,218.0850067138672,218.06300354003906,218.0800018310547
1784869860,218.0800018310547,218.08399963378906,218.0659942626953,218.07400512695312
1784869920,218.0760040283203,218.08200073242188,218.05499267578125,218.0679931640625
1784869980,218.0590057373047,218.07000732421875,218.05599975585938,218.06700134277344
1784870040,218.05599975585938,218.07200622558594,218.04600524902344,218.0590057373047
1784870100,218.0590057373047,218.072998046875,218.0570068359375,218.072998046875
1784870160,218.06399536132812,218.08299255371094,218.05799865722656,218.0760040283203
1784870220,218.0659942626953,218.07899475097656,218.06500244140625,218.07400512695312
1784870280,218.07899475097656,218.07899475097656,218.06300354003906,218.07200622558594
1784870340,218.06399536132812,218.08299255371094,218.06100463867188,218.0679931640625
1784870400,218.0800018310547,218.08299255371094,218.06399536132812,218.07400512695312
1784870460,218.07000732421875,218.08999633789062,218.0679931640625,218.08900451660156
1784870520,218.08599853515625,218.08599853515625,218.06100463867188,218.07000732421875
1784870580,218.06399536132812,218.08099365234375,218.06399536132812,218.0679931640625
1784870640,218.07200622558594,218.08999633789062,218.06199645996094,218.0749969482422
1784870700,218.08599853515625,218.10000610351562,218.06900024414062,218.08200073242188
1784870760,218.08999633789062,218.1060028076172,218.08200073242188,218.10400390625
1784870820,218.0970001220703,218.11000061035156,218.0919952392578,218.1020050048828
1784870880,218.0989990234375,218.10299682617188,218.07899475097656,218.08299255371094
1784870940,218.0850067138672,218.0959930419922,218.0800018310547,218.08099365234375
1784871000,218.08099365234375,218.1280059814453,218.08099365234375,218.1179962158203
1784871060,218.1269989013672,218.14300537109375,218.11399841308594,218.13400268554688
1784871120,218.1300048828125,218.1439971923828,218.11900329589844,218.125
1784871180,218.1219940185547,218.13600158691406,218.11500549316406,218.12100219726562
1784871240,218.1230010986328,218.13999938964844,218.11000061035156,218.12600708007812
1784871300,218.13499450683594,218.13600158691406,218.11000061035156,218.12600708007812
1784871360,218.11900329589844,218.13400268554688,218.10699462890625,218.10899353027344
1784871420,218.10699462890625,218.14100646972656,218.10499572753906,218.13299560546875
1784871480,218.12399291992188,218.13499450683594,218.11399841308594,218.1219940185547
1784871540,218.12100219726562,218.1280059814453,218.11300659179688,218.12600708007812
1784871600,218.1179962158203,218.1269989013672,218.11500549316406,218.12399291992188
1784871660,218.11900329589844,218.12899780273438,218.11399841308594,218.1199951171875
1784871720,218.12100219726562,218.12600708007812,218.10299682617188,218.10400390625
1784871780,218.10400390625,218.11500549316406,218.09100341796875,218.11099243164062
1784871840,218.1020050048828,218.1199951171875,218.0959930419922,218.0989990234375
1784871900,218.0989990234375,218.11300659179688,218.09300231933594,218.093994140625
1784871960,218.09300231933594,218.10400390625,218.07899475097656,218.08200073242188
1784872020,218.08200073242188,218.11599731445312,218.08200073242188,218.0989990234375
1784872080,218.10400390625,218.11599731445312,218.0970001220703,218.10400390625
1784872140,218.1060028076172,218.11700439453125,218.0970001220703,218.11599731445312
1784872200,218.11700439453125,218.11700439453125,218.08599853515625,218.1009979248047
1784872260,218.08999633789062,218.1009979248047,218.07899475097656,218.08799743652344
1784872320,218.08299255371094,218.0959930419922,218.06100463867188,218.0749969482422
1784872380,218.07200622558594,218.0970001220703,218.07200622558594,218.08399963378906
1784872440,218.08399963378906,218.11000061035156,218.08299255371094,218.09100341796875
1784872500,218.09100341796875,218.10299682617188,218.06300354003906,218.06500244140625
1784872560,218.06300354003906,218.08999633789062,218.05799865722656,218.06399536132812
1784872620,218.07200622558594,218.08799743652344,218.06399536132812,218.06700134277344
1784872680,218.0780029296875,218.07899475097656,218.05499267578125,218.0590057373047
1784872740,218.0590057373047,218.06500244140625,218.00399780273438,218.03199768066406
1784872800,218.01499938964844,218.1219940185547,217.97300720214844,218.0760040283203
1784872860,218.0760040283203,218.09800720214844,218.0590057373047,218.06700134277344
1784872920,218.0749969482422,218.093994140625,218.052001953125,218.08299255371094
1784872980,218.08399963378906,218.08700561523438,218.0590057373047,218.06700134277344
1784873040,218.0590057373047,218.0760040283203,218.05499267578125,218.0749969482422
1784873100,218.06700134277344,218.08099365234375,218.04800415039062,218.05999755859375
1784873160,218.05299377441406,218.05999755859375,218.01800537109375,218.0260009765625
1784873220,218.02499389648438,218.0449981689453,218.01699829101562,218.03399658203125
1784873280,218.0240020751953,218.05299377441406,218.01699829101562,218.03799438476562
1784873340,218.03799438476562,218.0540008544922,218.02699279785156,218.05299377441406
1784873400,218.05599975585938,218.06199645996094,218.0399932861328,218.04600524902344
1784873460,218.0540008544922,218.05499267578125,218.0189971923828,218.0189971923828
1784873520,218.01800537109375,218.03399658203125,217.99600219726562,218.0229949951172
1784873580,218.02200317382812,218.03799438476562,218.01400756835938,218.02999877929688
1784873640,218.031005859375,218.0590057373047,218.01800537109375,218.0500030517578
1784873700,218.0500030517578,218.0760040283203,218.02999877929688,218.0760040283203
1784873760,218.06500244140625,218.08999633789062,218.05499267578125,218.08599853515625
1784873820,218.08599853515625,218.09300231933594,218.0679931640625,218.0800018310547
1784873880,218.0800018310547,218.13400268554688,218.0659942626953,218.1280059814453
1784873940,218.1280059814453,218.15199279785156,218.11500549316406,218.13699340820312
1784874000,218.14500427246094,218.1580047607422,218.12899780273438,218.15199279785156
1784874060,218.1479949951172,218.1649932861328,218.13299560546875,218.15899658203125
1784874120,218.15199279785156,218.17599487304688,218.14599609375,218.16400146484375
1784874180,218.1649932861328,218.1719970703125,218.1280059814453,218.1300048828125
1784874240,218.13499450683594,218.1479949951172,218.1280059814453,218.13600158691406
1784874300,218.13600158691406,218.17599487304688,218.13600158691406,218.14599609375
1784874360,218.14599609375,218.19200134277344,218.13499450683594,218.18600463867188
1784874420,218.177001953125,218.18699645996094,218.13299560546875,218.13299560546875
1784874480,218.13699340820312,218.1649932861328,218.13099670410156,218.14100646972656
1784874540,218.1439971923828,218.1750030517578,218.1269989013672,218.17300415039062
1784874600,218.1739959716797,218.18299865722656,218.16200256347656,218.16700744628906
1784874660,218.16700744628906,218.1929931640625,218.16700744628906,218.1719970703125
1784874720,218.1719970703125,218.1820068359375,218.1540069580078,218.16299438476562
1784874780,218.16299438476562,218.1959991455078,218.16299438476562,218.18600463867188
1784874840,218.18600463867188,218.20599365234375,218.1840057373047,218.19400024414062
1784874900,218.19400024414062,218.21299743652344,218.1929931640625,218.1929931640625
1784874960,218.1929931640625,218.21499633789062,218.1790008544922,218.1929931640625
1784875020,218.1929931640625,218.2169952392578,218.18499755859375,218.20700073242188
1784875080,218.20700073242188,218.2239990234375,218.19900512695312,218.20399475097656
1784875140,218.20799255371094,218.2239990234375,218.197998046875,218.2169952392578
1784875200,218.2169952392578,218.2449951171875,218.2030029296875,218.21600341796875
1784875260,218.21600341796875,218.21800231933594,218.197998046875,218.2010040283203
1784875320,218.2010040283203,218.21499633789062,218.1999969482422,218.2030029296875
1784875380,218.2030029296875,218.21299743652344,218.1699981689453,218.17100524902344
1784875440,218.17799377441406,218.1840057373047,218.1479949951172,218.16700744628906
1784875500,218.16099548339844,218.1959991455078,218.1540069580078,218.1790008544922
1784875560,218.1790008544922,218.197998046875,218.1790008544922,218.1840057373047
1784875620,218.1840057373047,218.19500732421875,218.16799926757812,218.18099975585938
1784875680,218.17999267578125,218.20700073242188,218.16700744628906,218.18600463867188
1784875740,218.17999267578125,218.18800354003906,218.16099548339844,218.16400146484375
1784875800,218.16400146484375,218.1750030517578,218.16099548339844,218.16099548339844
1784875860,218.16099548339844,218.1750030517578,218.14599609375,218.16400146484375
1784875920,218.16400146484375,218.177001953125,218.14700317382812,218.15699768066406
1784875980,218.14700317382812,218.197998046875,218.14599609375,218.19000244140625
1784876040,218.19700622558594,218.2050018310547,218.1739959716797,218.17999267578125
1784876100,218.17999267578125,218.21499633789062,218.16799926757812,218.2030029296875
1784876160,218.20199584960938,218.2169952392578,218.18800354003906,218.197998046875
1784876220,218.2010040283203,218.20700073242188,218.16700744628906,218.1909942626953
1784876280,218.1909942626953,218.218994140625,218.18600463867188,218.19200134277344
1784876340,218.19200134277344,218.22799682617188,218.19200134277344,218.22000122070312
1784876400,218.2259979248047,218.24200439453125,218.20199584960938,218.2270050048828
1784876460,218.22799682617188,218.22999572753906,218.2010040283203,218.20700073242188
1784876520,218.2010040283203,218.20599365234375,218.17100524902344,218.18600463867188
1784876580,218.1929931640625,218.20799255371094,218.11300659179688,218.18099975585938
1784876640,218.17599487304688,218.20599365234375,218.16900634765625,218.17999267578125
1784876700,218.17999267578125,218.2310028076172,218.17999267578125,218.22300720214844
1784876760,218.22300720214844,218.25599670410156,218.21200561523438,218.2469940185547
1784876820,218.2519989013672,218.27699279785156,218.2449951171875,218.27099609375
1784876880,218.27699279785156,218.2899932861328,218.25799560546875,218.2790069580078
1784876940,218.2790069580078,218.3070068359375,218.27000427246094,218.281005859375
1784877000,218.281005859375,218.28799438476562,218.2550048828125,218.28399658203125
1784877060,218.2729949951172,218.30599975585938,218.26600646972656,218.28700256347656
1784877120,218.2949981689453,218.3000030517578,218.2570037841797,218.26300048828125
1784877180,218.2689971923828,218.3179931640625,218.25999450683594,218.31700134277344
1784877240,218.30799865722656,218.3350067138672,218.28599548339844,218.3159942626953
1784877300,218.3159942626953,218.33900451660156,218.30099487304688,218.3300018310547
1784877360,218.3249969482422,218.33799743652344,218.281005859375,218.28799438476562
1784877420,218.28900146484375,218.3040008544922,218.25599670410156,218.2969970703125
1784877480,218.2969970703125,218.33399963378906,218.29100036621094,218.33399963378906
1784877540,218.33099365234375,218.33799743652344,218.31300354003906,218.32699584960938
1784877600,218.322998046875,218.3560028076172,218.32200622558594,218.3520050048828
1784877660,218.33700561523438,218.35499572753906,218.32699584960938,218.34800720214844
1784877720,218.35499572753906,218.35499572753906,218.3159942626953,218.34800720214844
1784877780,218.33900451660156,218.36199951171875,218.33299255371094,218.34500122070312
1784877840,218.3350067138672,218.3679962158203,218.32899475097656,218.35899353027344
1784877900,218.36300659179688,218.39500427246094,218.3560028076172,218.39199829101562
1784877960,218.39300537109375,218.40199279785156,218.37100219726562,218.38499450683594
1784878020,218.38499450683594,218.3979949951172,218.37100219726562,218.39300537109375
1784878080,218.38499450683594,218.39599609375,218.375,218.38400268554688
1784878140,218.38299560546875,218.39199829101562,218.3459930419922,218.3459930419922
1784878200,218.34500122070312,218.39700317382812,218.31399536132812,218.39300537109375
1784878260,218.38600158691406,218.40699768066406,218.36099243164062,218.36300659179688
1784878320,218.36500549316406,218.3800048828125,218.3520050048828,218.36599731445312
1784878380,218.36900329589844,218.38499450683594,218.35699462890625,218.3780059814453
1784878440,218.37100219726562,218.4040069580078,218.36500549316406,218.38900756835938
1784878500,218.38900756835938,218.42599487304688,218.38900756835938,218.41299438476562
1784878560,218.4080047607422,218.43600463867188,218.39999389648438,218.4040069580078
1784878620,218.41000366210938,218.42100524902344,218.38299560546875,218.39999389648438
1784878680,218.4080047607422,218.41099548339844,218.3719940185547,218.3820037841797
1784878740,218.3820037841797,218.39999389648438,218.37600708007812,218.38900756835938
1784878800,218.3800048828125,218.4010009765625,218.3800048828125,218.39199829101562
1784878860,218.38999938964844,218.39999389648438,218.3470001220703,218.36000061035156
1784878920,218.35400390625,218.3769989013672,218.3419952392578,218.3560028076172
1784878980,218.3470001220703,218.3730010986328,218.33299255371094,218.34300231933594
1784879040,218.3459930419922,218.36700439453125,218.32200622558594,218.33299255371094
1784879100,218.32899475097656,218.35299682617188,218.32000732421875,218.33700561523438
1784879160,218.33799743652344,218.35299682617188,218.3260040283203,218.3459930419922
1784879220,218.33900451660156,218.36900329589844,218.3350067138672,218.33999633789062
1784879280,218.33999633789062,218.3800048828125,218.3249969482422,218.375
1784879340,218.3719940185547,218.3939971923828,218.36599731445312,218.39199829101562
1784879400,218.39300537109375,218.3939971923828,218.36900329589844,218.3769989013672
1784879460,218.3769989013672,218.4010009765625,218.36399841308594,218.39300537109375
1784879520,218.38400268554688,218.406005859375,218.3769989013672,218.39500427246094
1784879580,218.38699340820312,218.39500427246094,218.3730010986328,218.38299560546875
1784879640,218.38499450683594,218.4219970703125,218.38400268554688,218.41299438476562
1784879700,218.41299438476562,218.4219970703125,218.3990020751953,218.41700744628906
1784879760,218.41099548339844,218.41900634765625,218.3979949951172,218.3979949951172
1784879820,218.3979949951172,218.4149932861328,218.39199829101562,218.39500427246094
1784879880,218.3939971923828,218.41099548339844,218.39199829101562,218.40499877929688
1784879940,218.41000366210938,218.41400146484375,218.3470001220703,218.375
1784880000,218.3820037841797,218.4040069580078,218.35800170898438,218.3820037841797
1784880060,218.38900756835938,218.39700317382812,218.3719940185547,218.3800048828125
1784880120,218.38299560546875,218.40199279785156,218.3699951171875,218.38400268554688
1784880180,218.3820037841797,218.4040069580078,218.36900329589844,218.40199279785156
1784880240,218.39999389648438,218.4040069580078,218.36599731445312,218.38299560546875
1784880300,218.3730010986328,218.38299560546875,218.3509979248047,218.35699462890625
1784880360,218.35299682617188,218.38800048828125,218.35000610351562,218.3730010986328
1784880420,218.3699951171875,218.39100646972656,218.36099243164062,218.38900756835938
1784880480,218.38499450683594,218.3939971923828,218.36399841308594,218.39300537109375
1784880540,218.38099670410156,218.4010009765625,218.3769989013672,218.39100646972656
1784880600,218.38099670410156,218.3990020751953,218.3780059814453,218.38699340820312
1784880660,218.38400268554688,218.4010009765625,218.37399291992188,218.3800048828125
1784880720,218.3800048828125,218.40199279785156,218.3780059814453,218.39599609375
1784880780,218.39199829101562,218.40199279785156,218.3699951171875,218.3820037841797
1784880840,218.3780059814453,218.4040069580078,218.37399291992188,218.39999389648438
1784880900,218.39599609375,218.4010009765625,218.37100219726562,218.38600158691406
1784880960,218.3769989013672,218.3990020751953,218.3769989013672,218.39199829101562
1784881020,218.38499450683594,218.39199829101562,218.34500122070312,218.34500122070312
1784881080,218.34500122070312,218.35499572753906,218.3260040283203,218.3260040283203
1784881140,218.3260040283203,218.34300231933594,218.31399536132812,218.32000732421875
1784881200,218.31399536132812,218.32400512695312,218.28799438476562,218.31300354003906
1784881260,218.302001953125,218.31300354003906,218.2550048828125,218.2740020751953
1784881320,218.27499389648438,218.28700256347656,218.25999450683594,218.26800537109375
1784881380,218.2740020751953,218.3040008544922,218.26800537109375,218.28199768066406
1784881440,218.28199768066406,218.302001953125,218.2760009765625,218.2779998779297
1784881500,218.2779998779297,218.29100036621094,218.25799560546875,218.26300048828125
1784881560,218.26300048828125,218.29400634765625,218.24400329589844,218.27499389648438
1784881620,218.27999877929688,218.29600524902344,218.27499389648438,218.2899932861328
1784881680,218.29100036621094,218.2969970703125,218.26499938964844,218.26699829101562
1784881740,218.26699829101562,218.30299377441406,218.23300170898438,218.2729949951172
1784881800,218.2740020751953,218.33399963378906,218.23300170898438,218.2899932861328
1784881860,218.2949981689453,218.30099487304688,218.27200317382812,218.28399658203125
1784881920,218.28799438476562,218.29200744628906,218.24899291992188,218.26800537109375
1784881980,218.26100158691406,218.29100036621094,218.2469940185547,218.25599670410156
1784882040,218.2480010986328,218.26300048828125,218.23800659179688,218.23899841308594
1784882100,218.2469940185547,218.2570037841797,218.2310028076172,218.23699951171875
1784882160,218.23699951171875,218.26499938964844,218.23699951171875,218.2530059814453
1784882220,218.2480010986328,218.26699829101562,218.23199462890625,218.2449951171875
1784882280,218.2429962158203,218.2550048828125,218.22500610351562,218.24200439453125
1784882340,218.23399353027344,218.26300048828125,218.2310028076172,218.2429962158203
1784882400,218.2429962158203,218.2689971923828,218.24000549316406,218.25100708007812
1784882460,218.25,218.27200317382812,218.23500061035156,218.27200317382812
1784882520,218.26100158691406,218.2790069580078,218.2570037841797,218.26300048828125
1784882580,218.26100158691406,218.26600646972656,218.24200439453125,218.25599670410156
1784882640,218.2570037841797,218.27200317382812,218.2550048828125,218.25999450683594
1784882700,218.26199340820312,218.27200317382812,218.20899963378906,218.20899963378906
1784882760,218.22000122070312,218.2220001220703,218.18600463867188,218.20899963378906
1784882820,218.21800231933594,218.2259979248047,218.18899536132812,218.20899963378906
1784882880,218.20899963378906,218.23500061035156,218.20599365234375,218.23500061035156
1784882940,218.2259979248047,218.23500061035156,218.18800354003906,218.18800354003906
1784883000,218.18899536132812,218.22000122070312,218.18099975585938,218.20799255371094
1784883060,218.20799255371094,218.2429962158203,218.20399475097656,218.22900390625
1784883120,218.23300170898438,218.24099731445312,218.1739959716797,218.18800354003906
1784883180,218.18299865722656,218.2209930419922,218.18299865722656,218.20700073242188
1784883240,218.21499633789062,218.24600219726562,218.2050018310547,218.24400329589844
1784883300,218.24400329589844,218.24400329589844,218.1929931640625,218.1959991455078
1784883360,218.1929931640625,218.22000122070312,218.18899536132812,218.197998046875
1784883420,218.197998046875,218.21200561523438,218.1269989013672,218.1280059814453
1784883480,218.1300048828125,218.14100646972656,218.10499572753906,218.11399841308594
1784883540,218.11399841308594,218.13299560546875,218.08999633789062,218.10699462890625
1784883600,218.0970001220703,218.13999938964844,218.0959930419922,218.11399841308594
1784883660,218.11199951171875,218.14300537109375,218.10400390625,218.1060028076172
1784883720,218.11199951171875,218.14300537109375,218.10000610351562,218.13499450683594
1784883780,218.13499450683594,218.14300537109375,218.10299682617188,218.11199951171875
1784883840,218.11599731445312,218.1219940185547,218.06199645996094,218.08099365234375
1784883900,218.0709991455078,218.11199951171875,218.0709991455078,218.08700561523438
1784883960,218.08700561523438,218.11199951171875,218.0780029296875,218.09300231933594
1784884020,218.08900451660156,218.10000610351562,218.07200622558594,218.08900451660156
1784884080,218.08399963378906,218.10800170898438,218.0800018310547,218.10800170898438
1784884140,218.10899353027344,218.12600708007812,218.09100341796875,218.1199951171875
1784884200,218.1269989013672,218.1280059814453,218.0989990234375,218.0989990234375
1784884260,218.11700439453125,218.11700439453125,218.072998046875,218.0760040283203
1784884320,218.07400512695312,218.10699462890625,218.07400512695312,218.08200073242188
1784884380,218.08999633789062,218.0959930419922,218.072998046875,218.07699584960938
1784884440,218.07699584960938,218.08599853515625,218.00900268554688,218.00900268554688
1784884500,218.01100158691406,218.0229949951172,217.98300170898438,217.98500061035156
1784884560,217.98599243164062,218.04100036621094,217.98599243164062,218.03799438476562
1784884620,218.03199768066406,218.0489959716797,218.0070037841797,218.01800537109375
1784884680,218.00900268554688,218.02999877929688,217.98599243164062,218.00599670410156
1784884740,218.0070037841797,218.0260009765625,217.9949951171875,218.01199340820312
1784884800,218.00999450683594,218.01699829101562,217.99400329589844,217.9969940185547
1784884860,217.9969940185547,218.00999450683594,217.99000549316406,218.0
1784884920,217.99099731445312,218.0050048828125,217.97500610351562,217.99200439453125
1784884980,217.9949951171875,218.0189971923828,217.99200439453125,218.0050048828125
1784885040,217.99899291992188,218.02000427246094,217.99400329589844,218.0070037841797
1784885100,218.0070037841797,218.0290069580078,218.0070037841797,218.0240020751953
1784885160,218.02999877929688,218.03599548339844,218.01400756835938,218.0189971923828
1784885220,218.0189971923828,218.0590057373047,218.01800537109375,218.0540008544922
1784885280,218.0540008544922,218.06900024414062,218.0399932861328,218.04299926757812
1784885340,218.04299926757812,218.08399963378906,218.03599548339844,218.06900024414062
1784885400,218.06900024414062,218.08999633789062,218.05499267578125,218.08700561523438
1784885460,218.07699584960938,218.08599853515625,218.04299926757812,218.04400634765625
1784885520,218.04400634765625,218.10000610351562,218.04299926757812,218.07400512695312
1784885580,218.08200073242188,218.0959930419922,218.07200622558594,218.08299255371094
1784885640,218.08999633789062,218.11500549316406,218.0780029296875,218.11099243164062
1784885700,218.11000061035156,218.12399291992188,218.10000610351562,218.11599731445312
1784885760,218.11599731445312,218.1300048828125,218.11599731445312,218.11900329589844
1784885820,218.11900329589844,218.1219940185547,218.10499572753906,218.11300659179688
1784885880,218.1199951171875,218.1300048828125,218.08999633789062,218.09500122070312
1784885940,218.0989990234375,218.10000610351562,218.0780029296875,218.08299255371094
1784886000,218.08299255371094,218.09300231933594,218.06199645996094,218.08599853515625
1784886060,218.08599853515625,218.10699462890625,218.08399963378906,218.08399963378906
1784886120,218.08399963378906,218.09100341796875,218.072998046875,218.08200073242188
1784886180,218.08599853515625,218.093994140625,218.07000732421875,218.08200073242188
1784886240,218.072998046875,218.08599853515625,218.05599975585938,218.05799865722656
1784886300,218.06300354003906,218.0709991455078,218.04100036621094,218.05299377441406
1784886360,218.05599975585938,218.0709991455078,218.05099487304688,218.05499267578125
1784886420,218.05999755859375,218.09300231933594,218.05599975585938,218.08900451660156
1784886480,218.08999633789062,218.0919952392578,218.0659942626953,218.0659942626953
1784886540,218.06100463867188,218.07000732421875,218.02200317382812,218.0260009765625
1784886600,218.0260009765625,218.05099487304688,218.00799560546875,218.02200317382812
1784886660,218.02099609375,218.0330047607422,218.00100708007812,218.00799560546875
1784886720,218.00399780273438,218.0189971923828,217.9969940185547,218.0
1784886780,218.0,218.01199340820312,217.97999572753906,217.9969940185547
1784886840,217.98800659179688,218.0189971923828,217.9739990234375,217.9929962158203
1784886900,217.9949951171875,218.0260009765625,217.99200439453125,218.00799560546875
1784886960,218.00900268554688,218.02699279785156,217.99400329589844,218.01199340820312
1784887020,218.00599670410156,218.0260009765625,217.99400329589844,218.00900268554688
1784887080,218.0050048828125,218.01800537109375,217.97999572753906,217.9949951171875
1784887140,217.99400329589844,218.01800537109375,217.9810028076172,218.00900268554688
1784887200,218.00900268554688,218.01800537109375,217.9739990234375,217.9980010986328
1784887260,217.99099731445312,218.0,217.96600341796875,217.96600341796875
1784887320,217.97300720214844,218.02000427246094,217.96299743652344,218.01400756835938
1784887380,218.01300048828125,218.02699279785156,217.9810028076172,217.9810028076172
1784887440,217.97999572753906,217.99099731445312,217.96299743652344,217.98800659179688
1784887500,217.9810028076172,218.0,217.9759979248047,217.9759979248047
1784887560,217.98500061035156,217.98699951171875,217.9669952392578,217.9669952392578
1784887620,217.968994140625,217.98300170898438,217.95899963378906,217.9739990234375
1784887680,217.9810028076172,217.99200439453125,217.968994140625,217.98699951171875
1784887740,217.98599243164062,218.01800537109375,217.97500610351562,218.01300048828125
1784887800,218.01499938964844,218.0399932861328,217.99600219726562,218.031005859375
1784887860,218.031005859375,218.0399932861328,218.01800537109375,218.031005859375
1784887920,218.03199768066406,218.03700256347656,218.01699829101562,218.02999877929688
1784887980,218.0189971923828,218.02999877929688,218.00100708007812,218.00100708007812
1784888040,218.00100708007812,218.02999877929688,218.00100708007812,218.00900268554688
1784888100,218.00900268554688,218.02499389648438,218.00399780273438,218.02000427246094
1784888160,218.0189971923828,218.0260009765625,218.00799560546875,218.0189971923828
1784888220,218.01300048828125,218.0240020751953,218.00599670410156,218.02099609375
1784888280,218.01300048828125,218.0399932861328,218.01100158691406,218.02000427246094
1784888340,218.0290069580078,218.03399658203125,218.01800537109375,218.0260009765625
1784888400,218.0279998779297,218.06500244140625,218.0240020751953,218.05299377441406
1784888460,218.05499267578125,218.08999633789062,218.05499267578125,218.08299255371094
1784888520,218.08299255371094,218.1230010986328,218.06700134277344,218.11399841308594
1784888580,218.11700439453125,218.1269989013672,218.10400390625,218.1269989013672
1784888640,218.1219940185547,218.1479949951172,218.11599731445312,218.13400268554688
1784888700,218.14700317382812,218.16000366210938,218.13600158691406,218.1580047607422
1784888760,218.1510009765625,218.18299865722656,218.1510009765625,218.17999267578125
1784888820,218.16700744628906,218.2100067138672,218.16700744628906,218.19000244140625
1784888880,218.18899536132812,218.2010040283203,218.16200256347656,218.1719970703125
1784888940,218.16600036621094,218.17999267578125,218.1490020751953,218.16099548339844
1784889000,218.16000366210938,218.18600463867188,218.1490020751953,218.177001953125
1784889060,218.1790008544922,218.197998046875,218.17100524902344,218.1719970703125
1784889120,218.1719970703125,218.18800354003906,218.16099548339844,218.177001953125
1784889180,218.177001953125,218.197998046875,218.1750030517578,218.18899536132812
1784889240,218.18699645996094,218.21600341796875,218.18499755859375,218.20199584960938
1784889300,218.20399475097656,218.20899963378906,218.17100524902344,218.18699645996094
1784889360,218.1790008544922,218.2030029296875,218.1790008544922,218.19000244140625
1784889420,218.1909942626953,218.20799255371094,218.1909942626953,218.197998046875
1784889480,218.1999969482422,218.20899963378906,218.1909942626953,218.197998046875
1784889540,218.197998046875,218.20599365234375,218.1840057373047,218.19700622558594
1784889600,218.1909942626953,218.20899963378906,218.1820068359375,218.19500732421875
1784889660,218.18699645996094,218.2050018310547,218.1840057373047,218.19700622558594
1784889720,218.18800354003906,218.197998046875,218.1699981689453,218.18899536132812
1784889780,218.18699645996094,218.19900512695312,218.17999267578125,218.197998046875
1784889840,218.1909942626953,218.21600341796875,218.18699645996094,218.18800354003906
1784889900,218.19400024414062,218.21299743652344,218.1840057373047,218.1999969482422
1784889960,218.197998046875,218.21200561523438,218.19000244140625,218.197998046875
1784890020,218.19000244140625,218.21499633789062,218.18699645996094,218.20700073242188
1784890080,218.20700073242188,218.23699951171875,218.2050018310547,218.2220001220703
1784890140,218.2209930419922,218.23699951171875,218.21400451660156,218.22300720214844
1784890200,218.2169952392578,218.2270050048828,218.18899536132812,218.1999969482422
1784890260,218.1999969482422,218.22799682617188,218.1999969482422,218.20399475097656
1784890320,218.20399475097656,218.22300720214844,218.19700622558594,218.22300720214844
1784890380,218.21299743652344,218.22500610351562,218.19400024414062,218.19400024414062
1784890440,218.19400024414062,218.21400451660156,218.1929931640625,218.2030029296875
1784890500,218.19400024414062,218.20399475097656,218.1580047607422,218.19900512695312
1784890560,218.20399475097656,218.20799255371094,218.18499755859375,218.19500732421875
1784890620,218.19400024414062,218.2570037841797,218.17100524902344,218.24099731445312
1784890680,218.2429962158203,218.26400756835938,218.22799682617188,218.23300170898438
1784890740,218.23199462890625,218.23199462890625,218.19400024414062,218.19400024414062
1784890800,218.19400024414062,218.20599365234375,218.1750030517578,218.20599365234375
1784890860,218.1999969482422,218.2169952392578,218.17999267578125,218.19200134277344
1784890920,218.19400024414062,218.21600341796875,218.18600463867188,218.19400024414062
1784890980,218.19700622558594,218.22799682617188,218.1840057373047,218.21600341796875
1784891040,218.21499633789062,218.23599243164062,218.2100067138672,218.2310028076172
1784891100,218.2310028076172,218.25100708007812,218.22999572753906,218.23399353027344
1784891160,218.23800659179688,218.24899291992188,218.2050018310547,218.21099853515625
1784891220,218.21499633789062,218.218994140625,218.197998046875,218.2050018310547
1784891280,218.2030029296875,218.2209930419922,218.2030029296875,218.21600341796875
1784891340,218.20700073242188,218.23699951171875,218.2010040283203,218.23500061035156
1784891400,218.22300720214844,218.2480010986328,218.22300720214844,218.24000549316406
1784891460,218.24000549316406,218.24899291992188,218.23399353027344,218.24400329589844
1784891520,218.23899841308594,218.27000427246094,218.23699951171875,218.25900268554688
1784891580,218.2570037841797,218.25999450683594,218.23399353027344,218.23500061035156
1784891640,218.23500061035156,218.26699829101562,218.23300170898438,218.25799560546875
1784891700,218.25100708007812,218.25999450683594,218.23399353027344,218.2469940185547
1784891760,218.2469940185547,218.2570037841797,218.23300170898438,218.2429962158203
1784891820,218.2429962158203,218.25799560546875,218.22999572753906,218.25100708007812
1784891880,218.2449951171875,218.25999450683594,218.24200439453125,218.25100708007812
1784891940,218.25100708007812,218.26199340820312,218.22999572753906,218.23800659179688
1784892000,218.23300170898438,218.25100708007812,218.22999572753906,218.23699951171875
1784892060,218.23500061035156,218.23800659179688,218.21400451660156,218.21400451660156
1784892120,218.21400451660156,218.24099731445312,218.21299743652344,218.23599243164062
1784892180,218.23599243164062,218.2469940185547,218.23300170898438,218.2429962158203
1784892240,218.23300170898438,218.2530059814453,218.23300170898438,218.25
1784892300,218.24000549316406,218.2550048828125,218.23500061035156,218.24899291992188
1784892360,218.24400329589844,218.2570037841797,218.2429962158203,218.24400329589844
1784892420,218.2480010986328,218.25999450683594,218.22799682617188,218.2310028076172
1784892480,218.2310028076172,218.2570037841797,218.2310028076172,218.23699951171875
1784892540,218.23599243164062,218.25,218.22900390625,218.23300170898438
1784892600,218.23399353027344,218.23699951171875,218.20799255371094,218.21600341796875
1784892660,218.21600341796875,218.2310028076172,218.20599365234375,218.20799255371094
1784892720,218.20700073242188,218.22000122070312,218.20399475097656,218.21200561523438
1784892780,218.21299743652344,218.23300170898438,218.2050018310547,218.22799682617188
1784892840,218.2209930419922,218.23699951171875,218.218994140625,218.23199462890625
1784892900,218.22799682617188,218.24099731445312,218.19500732421875,218.19900512695312
1784892960,218.2030029296875,218.218994140625,218.19400024414062,218.21200561523438
1784893020,218.21200561523438,218.23300170898438,218.20700073242188,218.22300720214844
1784893080,218.2239990234375,218.2259979248047,218.19900512695312,218.21299743652344
1784893140,218.2169952392578,218.22000122070312,218.2030029296875,218.21099853515625
1784893200,218.21099853515625,218.21600341796875,218.17300415039062,218.17599487304688
1784893260,218.1820068359375,218.20399475097656,218.17599487304688,218.1959991455078
1784893320,218.1959991455078,218.21800231933594,218.1959991455078,218.2100067138672
1784893380,218.20700073242188,218.20899963378906,218.17799377441406,218.1790008544922
1784893440,218.17799377441406,218.2100067138672,218.17100524902344,218.20799255371094
1784893500,218.20700073242188,218.23800659179688,218.19700622558594,218.20700073242188
1784893560,218.20899963378906,218.21499633789062,218.1840057373047,218.1909942626953
1784893620,218.18499755859375,218.20899963378906,218.18299865722656,218.1929931640625
1784893680,218.1929931640625,218.20899963378906,218.1790008544922,218.18699645996094
1784893740,218.18699645996094,218.21299743652344,218.1840057373047,218.1999969482422
1784893800,218.20700073242188,218.2220001220703,218.1909942626953,218.19900512695312
1784893860,218.19900512695312,218.20799255371094,218.1719970703125,218.18800354003906
1784893920,218.18800354003906,218.197998046875,218.16099548339844,218.17999267578125
1784893980,218.177001953125,218.18800354003906,218.1580047607422,218.1580047607422
1784894040,218.16700744628906,218.18800354003906,218.1510009765625,218.18800354003906
1784894100,218.17599487304688,218.18800354003906,218.13900756835938,218.16099548339844
1784894160,218.1510009765625,218.1719970703125,218.14300537109375,218.1490020751953
1784894220,218.1490020751953,218.1699981689453,218.11000061035156,218.15899658203125
1784894280,218.15699768066406,218.24000549316406,218.1540069580078,218.2220001220703
1784894340,218.22999572753906,218.2519989013672,218.2010040283203,218.22999572753906
1784894400,218.22300720214844,218.27000427246094,218.218994140625,218.2429962158203
1784894460,218.2429962158203,218.27000427246094,218.23199462890625,218.25599670410156
1784894520,218.2570037841797,218.25900268554688,218.20700073242188,218.22000122070312
1784894580,218.22000122070312,218.2270050048828,218.16000366210938,218.177001953125
1784894640,218.177001953125,218.20399475097656,218.1739959716797,218.2010040283203
1784894700,218.20199584960938,218.2100067138672,218.17999267578125,218.19200134277344
1784894760,218.19200134277344,218.24200439453125,218.19200134277344,218.23199462890625
1784894820,218.23199462890625,218.24099731445312,218.22000122070312,218.23500061035156
1784894880,218.24000549316406,218.2570037841797,218.2270050048828,218.25599670410156
1784894940,218.2550048828125,218.2760009765625,218.24600219726562,218.2570037841797
1784895000,218.26600646972656,218.27000427246094,218.23699951171875,218.26100158691406
1784895060,218.26600646972656,218.2740020751953,218.2480010986328,218.26199340820312
1784895120,218.26199340820312,218.28700256347656,218.26199340820312,218.281005859375
1784895180,218.2790069580078,218.28599548339844,218.2480010986328,218.2550048828125
1784895240,218.25900268554688,218.26800537109375,218.2429962158203,218.24600219726562
1784895300,218.24600219726562,218.2570037841797,218.2220001220703,218.22799682617188
1784895360,218.22799682617188,218.24400329589844,218.2220001220703,218.23800659179688
1784895420,218.23399353027344,218.23899841308594,218.21099853515625,218.2220001220703
1784895480,218.2220001220703,218.24200439453125,218.21499633789062,218.23300170898438
1784895540,218.23199462890625,218.2429962158203,218.20599365234375,218.21200561523438
1784895600,218.21400451660156,218.2270050048828,218.19500732421875,218.21200561523438
1784895660,218.21200561523438,218.21299743652344,218.16799926757812,218.16799926757812
1784895720,218.16799926757812,218.17999267578125,218.16000366210938,218.1649932861328
1784895780,218.1649932861328,218.19200134277344,218.156005859375,218.17999267578125
1784895840,218.17599487304688,218.18600463867188,218.15499877929688,218.15899658203125
1784895900,218.15899658203125,218.16900634765625,218.12600708007812,218.16700744628906
1784895960,218.16000366210938,218.17999267578125,218.15699768066406,218.16099548339844
1784896020,218.16200256347656,218.17999267578125,218.14999389648438,218.14999389648438
1784896080,218.14999389648438,218.16799926757812,218.14199829101562,218.15699768066406
1784896140,218.15699768066406,218.16900634765625,218.14199829101562,218.14300537109375
1784896200,218.14199829101562,218.1580047607422,218.1199951171875,218.1199951171875
1784896260,218.1269989013672,218.13299560546875,218.1060028076172,218.1060028076172
1784896320,218.10800170898438,218.11700439453125,218.08799743652344,218.09800720214844
1784896380,218.0970001220703,218.10000610351562,218.06500244140625,218.07400512695312
1784896440,218.0800018310547,218.08700561523438,218.0469970703125,218.04800415039062
1784896500,218.052001953125,218.0780029296875,218.0489959716797,218.07699584960938
1784896560,218.07200622558594,218.08099365234375,218.0500030517578,218.07000732421875
1784896620,218.06900024414062,218.08299255371094,218.05599975585938,218.072998046875
1784896680,218.07200622558594,218.0989990234375,218.06300354003906,218.0850067138672
1784896740,218.08799743652344,218.1009979248047,218.08200073242188,218.08799743652344
1784896800,218.08399963378906,218.0959930419922,218.06399536132812,218.08299255371094
1784896860,218.08299255371094,218.10000610351562,218.04299926757812,218.0500030517578
1784896920,218.03900146484375,218.06700134277344,218.0189971923828,218.0260009765625
1784896980,218.0260009765625,218.03900146484375,218.01800537109375,218.02999877929688
1784897040,218.03799438476562,218.04299926757812,218.0189971923828,218.03700256347656
1784897100,218.03399658203125,218.06100463867188,218.01400756835938,218.0489959716797
1784897160,218.0489959716797,218.09100341796875,218.0489959716797,218.06199645996094
1784897220,218.0679931640625,218.07000732421875,217.9980010986328,218.052001953125
1784897280,218.052001953125,218.06100463867188,218.0260009765625,218.031005859375
1784897340,218.031005859375,218.0570068359375,218.0290069580078,218.04400634765625
1784897400,218.04400634765625,218.05999755859375,218.04299926757812,218.0449981689453
1784897460,218.0449981689453,218.07000732421875,218.0449981689453,218.06300354003906
1784897520,218.06300354003906,218.08999633789062,218.0590057373047,218.08299255371094
1784897580,218.08700561523438,218.11199951171875,218.0760040283203,218.10000610351562
1784897640,218.0959930419922,218.10400390625,218.08599853515625,218.10000610351562
1784897700,218.0989990234375,218.11000061035156,218.08099365234375,218.0989990234375
1784897760,218.0919952392578,218.10899353027344,218.08799743652344,218.0989990234375
1784897820,218.1020050048828,218.10899353027344,218.05999755859375,218.0780029296875
1784897880,218.0780029296875,218.0970001220703,218.0709991455078,218.07899475097656
1784897940,218.0780029296875,218.09100341796875,218.0679931640625,218.08399963378906
1784898000,218.07699584960938,218.11599731445312,218.072998046875,218.0919952392578
1784898060,218.08999633789062,218.1009979248047,218.07200622558594,218.0780029296875
1784898120,218.07400512695312,218.10499572753906,218.06900024414062,218.0959930419922
1784898180,218.0959930419922,218.10299682617188,218.0800018310547,218.0989990234375
1784898240,218.0989990234375,218.11900329589844,218.0970001220703,218.0989990234375
1784898300,218.0989990234375,218.11500549316406,218.08200073242188,218.09500122070312
1784898360,218.08200073242188,218.09500122070312,218.06100463867188,218.08099365234375
1784898420,218.08900451660156,218.08999633789062,218.0540008544922,218.06300354003906
1784898480,218.06300354003906,218.08700561523438,218.0489959716797,218.0800018310547
1784898540,218.0800018310547,218.08799743652344,218.0500030517578,218.0500030517578
1784898600,218.0500030517578,218.07000732421875,218.04299926757812,218.052001953125
1784898660,218.052001953125,218.08599853515625,218.0500030517578,218.08599853515625
1784898720,218.07899475097656,218.1199951171875,218.072998046875,218.11199951171875
1784898780,218.11599731445312,218.13499450683594,218.1060028076172,218.1179962158203
1784898840,218.12899780273438,218.14300537109375,218.0989990234375,218.1009979248047
1784898900,218.1009979248047,218.1300048828125,218.0970001220703,218.11199951171875
1784898960,218.11199951171875,218.12899780273438,218.10299682617188,218.10299682617188
1784899020,218.10299682617188,218.13400268554688,218.0989990234375,218.11599731445312
1784899080,218.12600708007812,218.13299560546875,218.10699462890625,218.12100219726562
1784899140,218.12100219726562,218.13800048828125,218.11900329589844,218.125
1784899200,218.125,218.13999938964844,218.10400390625,218.11099243164062
1784899260,218.12100219726562,218.1540069580078,218.11099243164062,218.13299560546875
1784899320,218.13299560546875,218.14700317382812,218.09500122070312,218.0970001220703
1784899380,218.0970001220703,218.11900329589844,218.0970001220703,218.11500549316406
1784899440,218.11000061035156,218.14599609375,218.10899353027344,218.1300048828125
1784899500,218.1300048828125,218.1580047607422,218.1280059814453,218.1479949951172
1784899560,218.14500427246094,218.16200256347656,218.13699340820312,218.14999389648438
1784899620,218.15199279785156,218.1820068359375,218.1490020751953,218.177001953125
1784899680,218.177001953125,218.20899963378906,218.16900634765625,218.1959991455078
1784899740,218.1820068359375,218.23599243164062,218.18099975585938,218.23500061035156
1784899800,218.2310028076172,218.25399780273438,218.218994140625,218.2429962158203
1784899860,218.2469940185547,218.24899291992188,218.2169952392578,218.23199462890625
1784899920,218.2449951171875,218.2469940185547,218.197998046875,218.197998046875
1784899980,218.197998046875,218.22000122070312,218.1909942626953,218.19900512695312
1784900040,218.197998046875,218.20799255371094,218.17999267578125,218.17999267578125
1784900100,218.17999267578125,218.19400024414062,218.16200256347656,218.19000244140625
1784900160,218.18800354003906,218.19400024414062,218.1580047607422,218.16700744628906
1784900220,218.1719970703125,218.19200134277344,218.16400146484375,218.17799377441406
1784900280,218.18699645996094,218.21800231933594,218.1750030517578,218.20899963378906
1784900340,218.21600341796875,218.2259979248047,218.19500732421875,218.19700622558594
1784900400,218.20599365234375,218.21800231933594,218.16600036621094,218.1840057373047
1784900460,218.177001953125,218.218994140625,218.1739959716797,218.21600341796875
1784900520,218.21200561523438,218.22999572753906,218.1959991455078,218.21800231933594
1784900580,218.21800231933594,218.22300720214844,218.2030029296875,218.20899963378906
1784900640,218.20599365234375,218.22000122070312,218.1739959716797,218.197998046875
1784900700,218.19500732421875,218.23699951171875,218.11599731445312,218.23699951171875
1784900760,218.23599243164062,218.24400329589844,218.2169952392578,218.2270050048828
1784900820,218.2270050048828,218.2310028076172,218.197998046875,218.22900390625
1784900880,218.2239990234375,218.26699829101562,218.2169952392578,218.23300170898438
1784900940,218.24600219726562,218.25,218.22300720214844,218.24099731445312
1784901000,218.24099731445312,218.25,218.21499633789062,218.22799682617188
1784901060,218.22799682617188,218.2689971923828,218.22799682617188,218.25900268554688
1784901120,218.25900268554688,218.27699279785156,218.2480010986328,218.2740020751953
1784901180,218.26400756835938,218.2760009765625,218.23800659179688,218.25999450683594
1784901240,218.25999450683594,218.31199645996094,218.25999450683594,218.3040008544922
1784901300,218.31100463867188,218.3179931640625,218.26300048828125,218.26400756835938
1784901360,218.26400756835938,218.2989959716797,218.26300048828125,218.29400634765625
1784901420,218.281005859375,218.29400634765625,218.25,218.26400756835938
1784901480,218.26699829101562,218.27699279785156,218.25599670410156,218.2689971923828
1784901540,218.26499938964844,218.27000427246094,218.23199462890625,218.23199462890625
1784901600,218.23800659179688,218.2779998779297,218.18299865722656,218.2689971923828
1784901660,218.27699279785156,218.28199768066406,218.24000549316406,218.26300048828125
1784901720,218.25599670410156,218.2779998779297,218.2480010986328,218.25
1784901780,218.25900268554688,218.26199340820312,218.2270050048828,218.2270050048828
1784901840,218.2270050048828,218.2550048828125,218.21499633789062,218.21800231933594
1784901900,218.22500610351562,218.24600219726562,218.2100067138672,218.2259979248047
1784901960,218.2169952392578,218.2270050048828,218.19400024414062,218.21499633789062
1784902020,218.2209930419922,218.22799682617188,218.2050018310547,218.21600341796875
1784902080,218.21499633789062,218.23300170898438,218.2100067138672,218.2259979248047
1784902140,218.2310028076172,218.27200317382812,218.21200561523438,218.26400756835938
1784902200,218.25999450683594,218.3090057373047,218.25799560546875,218.30499267578125
1784902260,218.30499267578125,218.31700134277344,218.29200744628906,218.30799865722656
1784902320,218.30599975585938,218.31300354003906,218.2760009765625,218.28700256347656
1784902380,218.28700256347656,218.302001953125,218.2689971923828,218.29600524902344
1784902440,218.29600524902344,218.3159942626953,218.281005859375,218.29200744628906
1784902500,218.2969970703125,218.3179931640625,218.27699279785156,218.2830047607422
1784902560,218.2830047607422,218.29400634765625,218.27499389648438,218.2790069580078
1784902620,218.2760009765625,218.28799438476562,218.26100158691406,218.27000427246094
1784902680,218.2760009765625,218.2779998779297,218.23300170898438,218.23300170898438
1784902740,218.23300170898438,218.25799560546875,218.20700073242188,218.2429962158203
1784902800,218.2519989013672,218.2570037841797,218.22300720214844,218.24200439453125
1784902860,218.24099731445312,218.30099487304688,218.22799682617188,218.28799438476562
1784902920,218.2790069580078,218.31100463867188,218.27699279785156,218.29800415039062
1784902980,218.2969970703125,218.3090057373047,218.28199768066406,218.2989959716797
1784903040,218.3070068359375,218.31100463867188,218.28500366210938,218.30999755859375
1784903100,218.30999755859375,218.33700561523438,218.30499267578125,218.32400512695312
1784903160,218.3249969482422,218.33799743652344,218.31700134277344,218.32200622558594
1784903220,218.3209991455078,218.33200073242188,218.2830047607422,218.2949981689453
1784903280,218.29200744628906,218.3070068359375,218.28599548339844,218.3000030517578
1784903340,218.3000030517578,218.30099487304688,218.2519989013672,218.25399780273438
1784903400,218.25399780273438,218.27999877929688,218.24400329589844,218.2740020751953
1784903460,218.26600646972656,218.27200317382812,218.23899841308594,218.25
1784903520,218.25100708007812,218.2790069580078,218.22900390625,218.26600646972656
1784903580,218.26800537109375,218.28700256347656,218.25900268554688,218.26499938964844
1784903640,218.26499938964844,218.27699279785156,218.2550048828125,218.2570037841797
1784903700,218.26199340820312,218.27099609375,218.24899291992188,218.26300048828125
1784903760,218.26800537109375,218.28199768066406,218.24099731445312,218.2790069580078
1784903820,218.27999877929688,218.28599548339844,218.2310028076172,218.2310028076172
1784903880,218.24000549316406,218.24600219726562,218.21800231933594,218.22799682617188
1784903940,218.218994140625,218.2429962158203,218.21400451660156,218.21800231933594
1784904000,218.2270050048828,218.24899291992188,218.2169952392578,218.2449951171875
1784904060,218.2449951171875,218.25,218.21800231933594,218.2270050048828
1784904120,218.2259979248047,218.22900390625,218.19900512695312,218.2169952392578
1784904180,218.2169952392578,218.24000549316406,218.21400451660156,218.23599243164062
1784904240,218.23500061035156,218.2449951171875,218.1999969482422,218.21400451660156
1784904300,218.21099853515625,218.22799682617188,218.20199584960938,218.22799682617188
1784904360,218.218994140625,218.2270050048828,218.1699981689453,218.18800354003906
1784904420,218.19200134277344,218.19900512695312,218.1699981689453,218.177001953125
1784904480,218.16799926757812,218.20599365234375,218.1649932861328,218.2050018310547
1784904540,218.1999969482422,218.23300170898438,218.19000244140625,218.2010040283203
1784904600,218.19400024414062,218.20899963378906,218.17300415039062,218.177001953125
1784904660,218.17999267578125,218.20799255371094,218.16200256347656,218.1909942626953
1784904720,218.1909942626953,218.22300720214844,218.17100524902344,218.21400451660156
1784904780,218.21400451660156,218.2209930419922,218.19400024414062,218.20599365234375
1784904840,218.20399475097656,218.23899841308594,218.19900512695312,218.22300720214844
1784904900,218.218994140625,218.25,218.2030029296875,218.24000549316406
1784904960,218.23500061035156,218.31100463867188,218.23300170898438,218.28799438476562
1784905020,218.28799438476562,218.3249969482422,218.19700622558594,218.21800231933594
1784905080,218.218994140625,218.23500061035156,218.19700622558594,218.22300720214844
1784905140,218.22799682617188,218.24400329589844,218.21600341796875,218.22300720214844
1784905200,218.2270050048828,218.24200439453125,218.1999969482422,218.21400451660156
1784905260,218.21600341796875,218.25900268554688,218.21099853515625,218.24899291992188
1784905320,218.2530059814453,218.27999877929688,218.24899291992188,218.25
1784905380,218.25,218.2779998779297,218.2469940185547,218.25999450683594
1784905440,218.26199340820312,218.31199645996094,218.25,218.30099487304688
1784905500,218.29600524902344,218.32899475097656,218.29600524902344,218.32899475097656
1784905560,218.32899475097656,218.35299682617188,218.31500244140625,218.32400512695312
1784905620,218.32699584960938,218.3699951171875,218.31399536132812,218.36399841308594
1784905680,218.36399841308594,218.38499450683594,218.35499572753906,218.37399291992188
1784905740,218.3800048828125,218.39999389648438,218.37399291992188,218.38699340820312
1784905800,218.39199829101562,218.41000366210938,218.36000061035156,218.38900756835938
1784905860,218.37399291992188,218.4250030517578,218.37399291992188,218.4029998779297
1784905920,218.3990020751953,218.43299865722656,218.38699340820312,218.4080047607422
1784905980,218.41000366210938,218.41099548339844,218.33700561523438,218.37899780273438
1784906040,218.3699951171875,218.41799926757812,218.3679962158203,218.3979949951172
1784906100,218.39999389648438,218.44200134277344,218.3489990234375,218.42599487304688
1784906160,218.42599487304688,218.44700622558594,218.41400146484375,218.4219970703125
1784906220,218.41700744628906,218.44700622558594,218.3800048828125,218.4029998779297
1784906280,218.406005859375,218.4149932861328,218.38800048828125,218.4040069580078
1784906340,218.4080047607422,218.41099548339844,218.36300659179688,218.36300659179688
1784906400,218.36700439453125,218.38800048828125,218.36000061035156,218.38299560546875
1784906460,218.38800048828125,218.3979949951172,218.34500122070312,218.36199951171875
1784906520,218.35299682617188,218.38499450683594,218.3419952392578,218.3730010986328
1784906580,218.3730010986328,218.40499877929688,218.36700439453125,218.3990020751953
1784906640,218.39500427246094,218.39999389648438,218.3699951171875,218.3699951171875
1784906700,218.37600708007812,218.3939971923828,218.37100219726562,218.38600158691406
1784906760,218.38999938964844,218.3939971923828,218.35699462890625,218.35699462890625
1784906820,218.36099243164062,218.3780059814453,218.3489990234375,218.36700439453125
1784906880,218.3769989013672,218.40199279785156,218.36700439453125,218.38299560546875
1784906940,218.38400268554688,218.41799926757812,218.3769989013672,218.40499877929688
1784907000,218.39999389648438,218.41000366210938,218.3560028076172,218.37899780273438
1784907060,218.37899780273438,218.39500427246094,218.3730010986328,218.3769989013672
1784907120,218.3769989013672,218.39999389648438,218.375,218.39300537109375
1784907180,218.38900756835938,218.41400146484375,218.38800048828125,218.40899658203125
1784907240,218.41000366210938,218.41900634765625,218.3939971923828,218.40499877929688
1784907300,218.3979949951172,218.41799926757812,218.38999938964844,218.39500427246094
1784907360,218.39599609375,218.40699768066406,218.3820037841797,218.3939971923828
1784907420,218.39199829101562,218.43600463867188,218.38800048828125,218.42799377441406
1784907480,218.42799377441406,218.44700622558594,218.4250030517578,218.43699645996094
1784907540,218.43699645996094,218.44700622558594,218.4250030517578,218.4459991455078
1784907600,218.44700622558594,218.4499969482422,218.427001953125,218.4409942626953
1784907660,218.447998046875,218.4499969482422,218.4199981689453,218.43699645996094
1784907720,218.4320068359375,218.4429931640625,218.4239959716797,218.43600463867188
1784907780,218.4290008544922,218.4459991455078,218.3990020751953,218.41099548339844
1784907840,218.41099548339844,218.427001953125,218.4040069580078,218.4080047607422
1784907900,218.4040069580078,218.4320068359375,218.4040069580078,218.41400146484375
1784907960,218.4149932861328,218.42300415039062,218.3990020751953,218.4219970703125
1784908020,218.41600036621094,218.42300415039062,218.39500427246094,218.41799926757812
1784908080,218.41400146484375,218.42100524902344,218.40499877929688,218.41700744628906
1784908140,218.41600036621094,218.42300415039062,218.40699768066406,218.41600036621094
1784908200,218.41799926757812,218.4429931640625,218.40899658203125,218.4340057373047
1784908260,218.4340057373047,218.45399475097656,218.427001953125,218.45399475097656
1784908320,218.44500732421875,218.46800231933594,218.4429931640625,218.45199584960938
1784908380,218.44900512695312,218.46200561523438,218.43699645996094,218.4550018310547
1784908440,218.45599365234375,218.4669952392578,218.43299865722656,218.4429931640625
1784908500,218.4340057373047,218.45399475097656,218.42300415039062,218.4290008544922
1784908560,218.43600463867188,218.45700073242188,218.4250030517578,218.447998046875
1784908620,218.44900512695312,218.45700073242188,218.41600036621094,218.42999267578125
1784908680,218.43099975585938,218.43699645996094,218.40699768066406,218.41200256347656
1784908740,218.4199981689453,218.43800354003906,218.4029998779297,218.40899658203125
1784908800,218.40699768066406,218.44500732421875,218.40699768066406,218.43800354003906
1784908860,218.43099975585938,218.44700622558594,218.4239959716797,218.4290008544922
1784908920,218.42999267578125,218.45399475097656,218.42799377441406,218.44200134277344
1784908980,218.4340057373047,218.44700622558594,218.42599487304688,218.43699645996094
1784909040,218.427001953125,218.43499755859375,218.41099548339844,218.427001953125
1784909100,218.41799926757812,218.427001953125,218.39300537109375,218.39599609375
1784909160,218.39599609375,218.40899658203125,218.39300537109375,218.39999389648438
1784909220,218.39999389648438,218.41400146484375,218.38999938964844,218.40699768066406
1784909280,218.41400146484375,218.44400024414062,218.40699768066406,218.43800354003906
1784909340,218.43299865722656,218.45799255371094,218.42599487304688,218.45399475097656
1784909400,218.45399475097656,218.4600067138672,218.43299865722656,218.4499969482422
1784909460,218.4499969482422,218.45799255371094,218.4239959716797,218.4459991455078
1784909520,218.43600463867188,218.4550018310547,218.43299865722656,218.4459991455078
1784909580,218.4499969482422,218.45599365234375,218.4429931640625,218.4550018310547
1784909640,218.4510040283203,218.4550018310547,218.44200134277344,218.44500732421875
1784909700,218.44200134277344,218.44900512695312,218.4290008544922,218.44700622558594
1784909760,218.4429931640625,218.47300720214844,218.4320068359375,218.46299743652344
1784909820,218.46299743652344,218.4709930419922,218.4459991455078,218.45399475097656
1784909880,218.4530029296875,218.45799255371094,218.44000244140625,218.45599365234375
1784909940,218.4530029296875,218.45799255371094,218.4409942626953,218.4459991455078
1784910000,218.4459991455078,218.45399475097656,218.4320068359375,218.44500732421875
1784910060,218.44500732421875,218.4510040283203,218.42599487304688,218.44400024414062
1784910120,218.44500732421875,218.44700622558594,218.4290008544922,218.44500732421875
1784910180,218.4429931640625,218.45199584960938,218.42999267578125,218.43800354003906
1784910240,218.4320068359375,218.45599365234375,218.427001953125,218.4530029296875
1784910300,218.44500732421875,218.4550018310547,218.4290008544922,218.447998046875
1784910360,218.4429931640625,218.45599365234375,218.4340057373047,218.43800354003906
1784910420,218.43600463867188,218.44500732421875,218.40699768066406,218.41000366210938
1784910480,218.41000366210938,218.4239959716797,218.41000366210938,218.41400146484375
1784910540,218.41400146484375,218.4199981689453,218.39999389648438,218.41400146484375
1784910600,218.41200256347656,218.41900634765625,218.39300537109375,218.39999389648438
1784910660,218.39999389648438,218.40899658203125,218.39300537109375,218.39999389648438
1784910720,218.40899658203125,218.41900634765625,218.38600158691406,218.39100646972656
1784910780,218.38999938964844,218.41600036621094,218.38800048828125,218.4040069580078
1784910840,218.4040069580078,218.4199981689453,218.40199279785156,218.41900634765625
1784910900,218.41900634765625,218.4199981689453,218.39300537109375,218.40199279785156
1784910960,218.41000366210938,218.41299438476562,218.38400268554688,218.38699340820312
1784911020,218.38699340820312,218.4040069580078,218.38499450683594,218.40199279785156
1784911080,218.39599609375,218.4040069580078,218.38299560546875,218.39599609375
1784911140,218.38999938964844,218.406005859375,218.38999938964844,218.39500427246094
1784911200,218.4029998779297,218.4029998779297,218.3800048828125,218.39199829101562
1784911260,218.3800048828125,218.39300537109375,218.36599731445312,218.38299560546875
1784911320,218.38299560546875,218.38999938964844,218.3780059814453,218.38600158691406
1784911380,218.3800048828125,218.38999938964844,218.3780059814453,218.3780059814453
1784911440,218.38600158691406,218.38699340820312,218.36500549316406,218.37399291992188
1784911500,218.3730010986328,218.375,218.35000610351562,218.3520050048828
1784911560,218.3509979248047,218.36000061035156,218.33700561523438,218.33900451660156
1784911620,218.3419952392578,218.35499572753906,218.32200622558594,218.33900451660156
1784911680,218.33200073242188,218.34300231933594,218.3260040283203,218.32899475097656
1784911740,218.33599853515625,218.3489990234375,218.322998046875,218.34800720214844
1784911800,218.3470001220703,218.3489990234375,218.32699584960938,218.33700561523438
1784911860,218.33799743652344,218.33999633789062,218.30099487304688,218.3070068359375
1784911920,218.30999755859375,218.32200622558594,218.302001953125,218.3090057373047
1784911980,218.3179931640625,218.33799743652344,218.3090057373047,218.3260040283203
1784912040,218.3300018310547,218.3459930419922,218.32899475097656,218.33900451660156
1784912100,218.33799743652344,218.36900329589844,218.33599853515625,218.35899353027344
1784912160,218.35800170898438,218.36199951171875,218.34800720214844,218.35800170898438
1784912220,218.3509979248047,218.3699951171875,218.3489990234375,218.36900329589844
1784912280,218.36900329589844,218.3719940185547,218.35699462890625,218.36399841308594
1784912340,218.35800170898438,218.36900329589844,218.35000610351562,218.35299682617188
1784912400,218.3560028076172,218.37600708007812,218.3489990234375,218.35899353027344
1784912460,218.36199951171875,218.36700439453125,218.35299682617188,218.36199951171875
1784912520,218.36199951171875,218.36599731445312,218.3470001220703,218.35299682617188
1784912580,218.35400390625,218.36099243164062,218.33099365234375,218.33099365234375
1784912640,218.33099365234375,218.34300231933594,218.33099365234375,218.33599853515625
1784912700,218.33299255371094,218.34100341796875,218.32000732421875,218.32000732421875
1784912760,218.3209991455078,218.33299255371094,218.3070068359375,218.31700134277344
1784912820,218.31500244140625,218.3260040283203,218.28599548339844,218.2969970703125
1784912880,218.28700256347656,218.29800415039062,218.25100708007812,218.2570037841797
1784912940,218.25100708007812,218.26800537109375,218.24400329589844,218.2550048828125
1784913000,218.26199340820312,218.281005859375,218.2550048828125,218.2740020751953
1784913060,218.27099609375,218.2830047607422,218.26100158691406,218.26800537109375
1784913120,218.26300048828125,218.27200317382812,218.25599670410156,218.26100158691406
1784913180,218.26100158691406,218.28599548339844,218.25399780273438,218.281005859375
1784913240,218.28500366210938,218.29100036621094,218.27499389648438,218.28700256347656
1784913300,218.28500366210938,218.29299926757812,218.27200317382812,218.28199768066406
1784913360,218.27200317382812,218.29100036621094,218.27099609375,218.2740020751953
1784913420,218.28199768066406,218.29400634765625,218.2740020751953,218.28700256347656
1784913480,218.29200744628906,218.29299926757812,218.2480010986328,218.25999450683594
1784913540,218.26300048828125,218.27000427246094,218.24899291992188,218.26100158691406
1784913600,218.26199340820312,218.27000427246094,218.25,218.2689971923828
1784913660,218.26199340820312,218.2779998779297,218.26199340820312,218.26800537109375
1784913720,218.2689971923828,218.2689971923828,218.25,218.25799560546875
1784913780,218.25399780273438,218.25900268554688,218.24099731445312,218.2570037841797
1784913840,218.25599670410156,218.2779998779297,218.2550048828125,218.26800537109375
1784913900,218.26800537109375,218.29100036621094,218.26800537109375,218.27699279785156
1784913960,218.27699279785156,218.28799438476562,218.27099609375,218.28799438476562
1784914020,218.28500366210938,218.2899932861328,218.2740020751953,218.28700256347656
1784914080,218.28399658203125,218.2899932861328,218.2729949951172,218.28700256347656
1784914140,218.28599548339844,218.2949981689453,218.27999877929688,218.28700256347656
1784914200,218.28700256347656,218.31199645996094,218.28199768066406,218.30799865722656
1784914260,218.30099487304688,218.31100463867188,218.3000030517578,218.30599975585938
1784914320,218.302001953125,218.30799865722656,218.28700256347656,218.302001953125
1784914380,218.3000030517578,218.3070068359375,218.3000030517578,218.30599975585938
1784914440,218.30099487304688,218.30799865722656,218.28900146484375,218.29299926757812
1784914500,218.28900146484375,218.29800415039062,218.27000427246094,218.27699279785156
1784914560,218.2729949951172,218.27699279785156,218.25799560546875,218.26699829101562
1784914620,218.26600646972656,218.2729949951172,218.25399780273438,218.26800537109375
1784914680,218.27099609375,218.27099609375,218.2530059814453,218.25599670410156
1784914740,218.25599670410156,218.26699829101562,218.25399780273438,218.25399780273438
1784914800,218.25599670410156,218.26699829101562,218.2530059814453,218.2570037841797
1784914860,218.2570037841797,218.26600646972656,218.23899841308594,218.25399780273438
1784914920,218.24899291992188,218.2570037841797,218.2480010986328,218.2550048828125
1784914980,218.2519989013672,218.25599670410156,218.23599243164062,218.2480010986328
1784915040,218.2519989013672,218.27699279785156,218.2480010986328,218.26699829101562
1784915100,218.26699829101562,218.27099609375,218.25100708007812,218.25100708007812
1784915160,218.25599670410156,218.27200317382812,218.25100708007812,218.2689971923828
1784915220,218.26800537109375,218.27200317382812,218.24899291992188,218.25100708007812
1784915280,218.25900268554688,218.26199340820312,218.2449951171875,218.25799560546875
1784915340,218.25399780273438,218.27200317382812,218.25399780273438,218.25900268554688
1784915400,218.25599670410156,218.26499938964844,218.25,218.25399780273438
1784915460,218.25599670410156,218.26300048828125,218.2429962158203,218.24899291992188
1784915520,218.24899291992188,218.26100158691406,218.2480010986328,218.2480010986328
1784915580,218.25599670410156,218.26800537109375,218.2480010986328,218.25999450683594
1784915640,218.26699829101562,218.27200317382812,218.2570037841797,218.26199340820312
1784915700,218.26499938964844,218.28900146484375,218.26100158691406,218.28500366210938
1784915760,218.28599548339844,218.29400634765625,218.2689971923828,218.28500366210938
1784915820,218.28799438476562,218.29200744628906,218.27000427246094,218.2790069580078
1784915880,218.27699279785156,218.2830047607422,218.2689971923828,218.2740020751953
1784915940,218.27099609375,218.2779998779297,218.26699829101562,218.2760009765625
1784916000,218.27200317382812,218.28799438476562,218.26300048828125,218.28500366210938
1784916060,218.28399658203125,218.29299926757812,218.27200317382812,218.2779998779297
1784916120,218.26800537109375,218.29800415039062,218.26800537109375,218.28700256347656
1784916180,218.29100036621094,218.29100036621094,218.28199768066406,218.2830047607422
1784916240,218.28500366210938,218.2969970703125,218.27999877929688,218.28700256347656
1784916300,218.28500366210938,218.29400634765625,218.2760009765625,218.28199768066406
1784916360,218.2830047607422,218.2949981689453,218.2779998779297,218.28500366210938
1784916420,218.281005859375,218.29800415039062,218.2740020751953,218.2969970703125
1784916480,218.29100036621094,218.30999755859375,218.28900146484375,218.3000030517578
1784916540,218.30299377441406,218.30799865722656,218.29100036621094,218.302001953125
1784916600,218.302001953125,218.32000732421875,218.30099487304688,218.3179931640625
1784916660,218.31900024414062,218.3260040283203,218.30599975585938,218.31700134277344
1784916720,218.31700134277344,218.32899475097656,218.31399536132812,218.32000732421875
1784916780,218.32000732421875,218.32899475097656,218.31700134277344,218.32200622558594
1784916840,218.32200622558594,218.3300018310547,218.32000732421875,218.32699584960938
1784916900,218.32200622558594,218.33799743652344,218.3090057373047,218.33299255371094
1784916960,218.33299255371094,218.33999633789062,218.31700134277344,218.32000732421875
1784917020,218.31700134277344,218.33399963378906,218.31700134277344,218.3260040283203
1784917080,218.3260040283203,218.3350067138672,218.32200622558594,218.33200073242188
1784917140,218.32699584960938,218.3350067138672,218.31700134277344,218.3209991455078
1784917200,218.32200622558594,218.32699584960938,218.30799865722656,218.3209991455078
1784917260,218.322998046875,218.32899475097656,218.3070068359375,218.3070068359375
1784917320,218.3070068359375,218.32699584960938,218.3070068359375,218.3209991455078
1784917380,218.3209991455078,218.3300018310547,218.31900024414062,218.322998046875
1784917440,218.32200622558594,218.3260040283203,218.3070068359375,218.31500244140625
1784917500,218.31500244140625,218.3280029296875,218.31300354003906,218.31700134277344
1784917560,218.31700134277344,218.32899475097656,218.31700134277344,218.32699584960938
1784917620,218.32000732421875,218.33099365234375,218.31900024414062,218.32699584960938
1784917680,218.322998046875,218.33200073242188,218.3209991455078,218.32400512695312
1784917740,218.3249969482422,218.33799743652344,218.32000732421875,218.32699584960938
1784917800,218.32400512695312,218.32899475097656,218.3159942626953,218.3280029296875
1784917860,218.32699584960938,218.33999633789062,218.3090057373047,218.33799743652344
1784917920,218.3350067138672,218.34300231933594,218.3209991455078,218.322998046875
1784917980,218.322998046875,218.33299255371094,218.3040008544922,218.30999755859375
1784918040,218.3090057373047,218.32200622558594,218.2969970703125,218.31700134277344
1784918100,218.3209991455078,218.32699584960938,218.3040008544922,218.32699584960938
1784918160,218.32200622558594,218.3280029296875,218.3040008544922,218.3070068359375
1784918220,218.31100463867188,218.3300018310547,218.3090057373047,218.31700134277344
1784918280,218.31500244140625,218.33099365234375,218.31300354003906,218.3260040283203
1784918340,218.32400512695312,218.3280029296875,218.31399536132812,218.3249969482422
1784918400,218.322998046875,218.3280029296875,218.31300354003906,218.31700134277344
1784918460,218.322998046875,218.33200073242188,218.31300354003906,218.32400512695312
1784918520,218.32400512695312,218.32899475097656,218.31500244140625,218.32200622558594
1784918580,218.3159942626953,218.3300018310547,218.30999755859375,218.322998046875
1784918640,218.322998046875,218.32699584960938,218.3090057373047,218.31100463867188
1784918700,218.31300354003906,218.3280029296875,218.30999755859375,218.32400512695312
1784918760,218.32400512695312,218.3419952392578,218.322998046875,218.33599853515625
1784918820,218.33599853515625,218.35699462890625,218.3350067138672,218.35299682617188
1784918880,218.35400390625,218.36399841308594,218.3419952392578,218.34800720214844
1784918940,218.35000610351562,218.3509979248047,218.32899475097656,218.33099365234375
1784919000,218.33399963378906,218.33999633789062,218.3280029296875,218.33099365234375
1784919060,218.33099365234375,218.34100341796875,218.32699584960938,218.33099365234375
1784919120,218.3300018310547,218.34500122070312,218.32899475097656,218.343994140625
1784919180,218.33999633789062,218.3459930419922,218.32699584960938,218.33299255371094
1784919240,218.32899475097656,218.33599853515625,218.31500244140625,218.3159942626953
1784919300,218.3159942626953,218.32200622558594,218.31300354003906,218.31500244140625
1784919360,218.31900024414062,218.33399963378906,218.3159942626953,218.33099365234375
1784919420,218.3280029296875,218.33200073242188,218.30999755859375,218.3260040283203
1784919480,218.3260040283203,218.33099365234375,218.322998046875,218.3280029296875
1784919540,218.322998046875,218.33399963378906,218.31199645996094,218.3179931640625
1784919600,218.32200622558594,218.33999633789062,218.2949981689453,218.3090057373047
1784919660,218.3040008544922,218.3280029296875,218.3040008544922,218.3159942626953
1784919720,218.3090057373047,218.3280029296875,218.30499267578125,218.3260040283203
1784919780,218.3209991455078,218.3209991455078,218.30499267578125,218.3090057373047
1784919840,218.30999755859375,218.32200622558594,218.3040008544922,218.3179931640625
1784919900,218.31900024414062,218.32400512695312,218.3070068359375,218.3159942626953
1784919960,218.3209991455078,218.32400512695312,218.30599975585938,218.31500244140625
1784920020,218.31500244140625,218.32200622558594,218.3040008544922,218.3040008544922
1784920080,218.30799865722656,218.31300354003906,218.29200744628906,218.30599975585938
1784920140,218.3070068359375,218.30799865722656,218.2899932861328,218.30299377441406
1784920200,218.30299377441406,218.31100463867188,218.302001953125,218.3070068359375
1784920260,218.3070068359375,218.31399536132812,218.3070068359375,218.31399536132812
1784920320,218.3090057373047,218.3209991455078,218.30599975585938,218.3179931640625
1784920380,218.31700134277344,218.31900024414062,218.29600524902344,218.3070068359375
1784920440,218.30599975585938,218.31100463867188,218.2949981689453,218.30499267578125
1784920500,218.3040008544922,218.30799865722656,218.2949981689453,218.3040008544922
1784920560,218.30299377441406,218.31300354003906,218.29600524902344,218.30599975585938
1784920620,218.31100463867188,218.32400512695312,218.30499267578125,218.31199645996094
1784920680,218.31399536132812,218.3179931640625,218.3040008544922,218.3090057373047
1784920740,218.30299377441406,218.31199645996094,218.2969970703125,218.3040008544922
1784920800,218.3040008544922,218.3209991455078,218.30299377441406,218.3159942626953
1784920860,218.31700134277344,218.32400512695312,218.31100463867188,218.3179931640625
1784920920,218.31500244140625,218.3249969482422,218.30999755859375,218.3159942626953
1784920980,218.31100463867188,218.31399536132812,218.29100036621094,218.2989959716797
1784921040,218.30299377441406,218.3040008544922,218.2790069580078,218.2830047607422
1784921100,218.28799438476562,218.2969970703125,218.27999877929688,218.29299926757812
1784921160,218.29299926757812,218.29800415039062,218.2779998779297,218.28399658203125
1784921220,218.28399658203125,218.2949981689453,218.2760009765625,218.28599548339844
1784921280,218.2760009765625,218.2969970703125,218.2760009765625,218.28500366210938
1784921340,218.28500366210938,218.2989959716797,218.2790069580078,218.28799438476562
1784921400,218.28799438476562,218.31399536132812,218.28799438476562,218.31100463867188
1784921460,218.30799865722656,218.31500244140625,218.29299926757812,218.31100463867188
1784921520,218.30599975585938,218.3260040283203,218.30499267578125,218.30999755859375
1784921580,218.30999755859375,218.3179931640625,218.2989959716797,218.30799865722656
1784921640,218.31399536132812,218.322998046875,218.30499267578125,218.30599975585938
1784921700,218.30599975585938,218.3300018310547,218.29800415039062,218.30999755859375
1784921760,218.3090057373047,218.31300354003906,218.29100036621094,218.30099487304688
1784921820,218.2949981689453,218.32699584960938,218.29299926757812,218.30999755859375
1784921880,218.31500244140625,218.322998046875,218.29600524902344,218.2969970703125
1784921940,218.30599975585938,218.3090057373047,218.27699279785156,218.28700256347656
1784922000,218.27999877929688,218.28900146484375,218.26199340820312,218.281005859375
1784922060,218.27999877929688,218.29400634765625,218.27200317382812,218.2790069580078
1784922120,218.28900146484375,218.29400634765625,218.27000427246094,218.281005859375
1784922180,218.2760009765625,218.28599548339844,218.26499938964844,218.2790069580078
1784922240,218.2740020751953,218.28700256347656,218.26300048828125,218.2689971923828
1784922300,218.2689971923828,218.28399658203125,218.25,218.26300048828125
1784922360,218.26300048828125,218.26699829101562,218.24000549316406,218.2570037841797
1784922420,218.26100158691406,218.26600646972656,218.24400329589844,218.25900268554688
1784922480,218.25900268554688,218.28399658203125,218.25799560546875,218.2830047607422
1784922540,218.2830047607422,218.2830047607422,218.26199340820312,218.2779998779297
1784922600,218.27200317382812,218.2830047607422,218.25399780273438,218.2550048828125
1784922660,218.2550048828125,218.27099609375,218.24899291992188,218.25100708007812
1784922720,218.25100708007812,218.26400756835938,218.2469940185547,218.25900268554688
1784922780,218.2530059814453,218.27000427246094,218.25100708007812,218.2570037841797
1784922840,218.26199340820312,218.27699279785156,218.2530059814453,218.2689971923828
1784922900,218.26400756835938,218.2729949951172,218.25100708007812,218.25799560546875
1784922960,218.25100708007812,218.26499938964844,218.23899841308594,218.24000549316406
1784923020,218.24000549316406,218.2740020751953,218.24000549316406,218.26699829101562
1784923080,218.2740020751953,218.2760009765625,218.2570037841797,218.25799560546875
1784923140,218.25900268554688,218.27999877929688,218.25399780273438,218.26600646972656
1784923200,218.26600646972656,218.2740020751953,218.26199340820312,218.27099609375
1784923260,218.26600646972656,218.27099609375,218.2530059814453,218.2550048828125
1784923320,218.25599670410156,218.26400756835938,218.25,218.2530059814453
1784923380,218.2530059814453,218.27000427246094,218.24899291992188,218.26300048828125
1784923440,218.26300048828125,218.28399658203125,218.26300048828125,218.27999877929688
1784923500,218.2779998779297,218.2830047607422,218.25799560546875,218.26699829101562
1784923560,218.26600646972656,218.2740020751953,218.2550048828125,218.2550048828125
1784923620,218.2550048828125,218.26400756835938,218.2550048828125,218.25599670410156
1784923680,218.25900268554688,218.26300048828125,218.2480010986328,218.25900268554688
1784923740,218.25900268554688,218.25999450683594,218.25,218.2570037841797
1784923800,218.25399780273438,218.26300048828125,218.25100708007812,218.25399780273438
1784923860,218.25599670410156,218.25999450683594,218.25,218.2530059814453
1784923920,218.2530059814453,218.25900268554688,218.25100708007812,218.2519989013672
1784923980,218.25799560546875,218.26199340820312,218.24899291992188,218.25
1784924040,218.25399780273438,218.25900268554688,218.25,218.25
1784924100,218.25,218.2530059814453,218.24200439453125,218.25100708007812
1784924160,218.24899291992188,218.26199340820312,218.24200439453125,218.25
1784924220,218.24400329589844,218.2519989013672,218.24099731445312,218.24899291992188
1784924280,218.25100708007812,218.25100708007812,218.24099731445312,218.2480010986328
1784924340,218.2469940185547,218.24899291992188,218.23899841308594,218.24099731445312
1784924400,218.24099731445312,218.25,218.24099731445312,218.24899291992188
1784924460,218.2429962158203,218.25,218.24000549316406,218.24099731445312
1784924520,218.24899291992188,218.24899291992188,218.24000549316406,218.24400329589844
1784924580,218.2469940185547,218.25599670410156,218.24400329589844,218.2449951171875
1784924640,218.2480010986328,218.2519989013672,218.2449951171875,218.2449951171875
1784924700,218.25,218.25900268554688,218.2449951171875,218.25799560546875
1784924760,218.2519989013672,218.25900268554688,218.2480010986328,218.2519989013672
1784924820,218.2519989013672,218.25799560546875,218.23399353027344,218.24600219726562
1784924880,218.24600219726562,218.2530059814453,218.22300720214844,218.25100708007812
1784924940,218.24099731445312,218.25799560546875,218.2259979248047,218.24400329589844
1784925000,218.24000549316406,218.24000549316406,218.23399353027344,218.24000549316406
1784925060,218.23599243164062,218.25100708007812,218.23399353027344,218.24200439453125
1784925120,218.2429962158203,218.24600219726562,218.24000549316406,218.24000549316406
1784925180,218.24099731445312,218.25,218.24000549316406,218.2480010986328
1784925240,218.2480010986328,218.25399780273438,218.2429962158203,218.24600219726562
1784925300,218.24600219726562,218.25900268554688,218.24099731445312,218.2469940185547
1784925360,218.2469940185547,218.2550048828125,218.23899841308594,218.25
1784925420,218.24000549316406,218.25900268554688,218.2030029296875,218.20599365234375
1784925480,218.2050018310547,218.22000122070312,218.2010040283203,218.20399475097656
1784925540,218.20799255371094,218.21200561523438,218.19500732421875,218.19900512695312
1784925600,218.1959991455078,218.21299743652344,218.18899536132812,218.1999969482422
1784925660,218.20599365234375,218.2100067138672,218.18099975585938,218.2010040283203
1784925720,218.2010040283203,218.20599365234375,218.18800354003906,218.20599365234375
1784925780,218.20700073242188,218.22000122070312,218.17599487304688,218.2030029296875
1784925840,218.21099853515625,218.22999572753906,218.1959991455078,218.20599365234375
1784925900,218.20599365234375,218.22799682617188,218.19400024414062,218.20700073242188
1784925960,218.21499633789062,218.2310028076172,218.20399475097656,218.20399475097656
1784926020,218.20399475097656,218.24099731445312,218.1959991455078,218.2270050048828
1784926080,218.2259979248047,218.2429962158203,218.21200561523438,218.23800659179688
1784926140,218.23800659179688,218.25399780273438,218.20899963378906,218.21099853515625
1784926200,218.21200561523438,218.26800537109375,218.156005859375,218.24000549316406
1784926260,218.24000549316406,218.25100708007812,218.2169952392578,218.23199462890625
1784926320,218.23699951171875,218.25599670410156,218.21099853515625,218.2239990234375
1784926380,218.2239990234375,218.2429962158203,218.20599365234375,218.22799682617188
1784926440,218.2239990234375,218.2449951171875,218.2050018310547,218.23599243164062
1784926500,218.23800659179688,218.27499389648438,218.1909942626953,218.25100708007812
1784926560,218.2100067138672,218.27499389648438,218.1999969482422,218.25100708007812
1784926620,218.25100708007812,218.28500366210938,218.18299865722656,218.2519989013672
1784926680,218.2740020751953,218.30799865722656,218.24000549316406,218.2790069580078
1784926740,218.28900146484375,218.3209991455078,218.16000366210938,218.2429962158203
1784926860,218.29100036621094,218.29100036621094,218.29100036621094,218.29100036621094
1784926920,218.29100036621094,218.29100036621094,218.29100036621094,218.29100036621094
1784927040,218.29100036621094,218.29100036621094,218.29100036621094,218.29100036621094
1784927100,218.29100036621094,218.29100036621094,218.29100036621094,218.29100036621094
1784927220,218.29100036621094,218.29100036621094,218.29100036621094,218.29100036621094
1784927280,218.29100036621094,218.29100036621094,218.29100036621094,218.29100036621094
1784927400,218.29100036621094,218.29100036621094,218.29100036621094,218.29100036621094
1784927460,218.29100036621094,218.29100036621094,218.29100036621094,218.29100036621094
1784927580,218.29100036621094,218.29100036621094,218.29100036621094,218.29100036621094
1784927640,218.29100036621094,218.29100036621094,218.29100036621094,218.29100036621094
1784927760,218.29100036621094,218.29100036621094,218.29100036621094,218.29100036621094
1784927820,218.29100036621094,218.29100036621094,218.29100036621094,218.29100036621094
1784927940,218.29100036621094,218.29100036621094,218.29100036621094,218.29100036621094
1784928000,218.29100036621094,218.29100036621094,218.29100036621094,218.29100036621094
1784928120,218.29100036621094,218.29100036621094,218.29100036621094,218.29100036621094
1784928180,218.29100036621094,218.29100036621094,218.29100036621094,218.29100036621094
1784928300,218.29100036621094,218.29100036621094,218.29100036621094,218.29100036621094
1784928360,218.29100036621094,218.29100036621094,218.29100036621094,218.29100036621094
1784928480,218.29100036621094,218.29100036621094,218.29100036621094,218.29100036621094
1784928540,218.29100036621094,218.29100036621094,218.29100036621094,218.29100036621094
