time,open,high,low,close
1784844000,1.4080400466918945,1.408519983291626,1.4072999954223633,1.4081300497055054
1784844060,1.4080300331115723,1.4083199501037598,1.4077999591827393,1.4077999591827393
1784844120,1.408210039138794,1.4082800149917603,1.4077999591827393,1.408229947090149
1784844180,1.4081599712371826,1.4082599878311157,1.4079999923706055,1.4081699848175049
1784844240,1.4081699848175049,1.4082599878311157,1.4076999425888062,1.4081100225448608
1784844300,1.4076999425888062,1.408229947090149,1.4076999425888062,1.4077999591827393
1784844360,1.4082000255584717,1.4082000255584717,1.4076999425888062,1.4081599712371826
1784844420,1.4082000255584717,1.4082000255584717,1.4076999425888062,1.4081000089645386
1784844480,1.4080899953842163,1.4082000255584717,1.4076999425888062,1.408079981803894
1784844540,1.408079981803894,1.4082000255584717,1.4076999425888062,1.4080899953842163
1784844600,1.4081499576568604,1.4083000421524048,1.4076999425888062,1.4082399606704712
1784844660,1.4083199501037598,1.4083199501037598,1.4078999757766724,1.4082200527191162
1784844720,1.4082900285720825,1.4083199501037598,1.4077999591827393,1.4081000089645386
1784844780,1.4079999923706055,1.4083000421524048,1.4077999591827393,1.4081000089645386
1784844840,1.4082399606704712,1.4082599878311157,1.4079999923706055,1.4081900119781494
1784844900,1.4081900119781494,1.408270001411438,1.4077999591827393,1.4081799983978271
1784844960,1.4079999923706055,1.408270001411438,1.4077999591827393,1.4081799983978271
1784845020,1.4081799983978271,1.4083000421524048,1.4077999591827393,1.408270001411438
1784845080,1.4077999591827393,1.4083000421524048,1.4077999591827393,1.408229947090149
1784845140,1.4081900119781494,1.4083199501037598,1.4077999591827393,1.408229947090149
1784845200,1.408229947090149,1.4083199501037598,1.4078999757766724,1.408229947090149
1784845260,1.4083199501037598,1.4083199501037598,1.4081000089645386,1.4081000089645386
1784845320,1.408270001411438,1.4083199501037598,1.4081000089645386,1.4082200527191162
1784845380,1.4081000089645386,1.408310055732727,1.4077999591827393,1.4081900119781494
1784845440,1.4082399606704712,1.4083000421524048,1.4076999425888062,1.408139944076538
1784845500,1.4082000255584717,1.4082499742507935,1.4077999591827393,1.4081599712371826
1784845560,1.4082000255584717,1.4083199501037598,1.4077999591827393,1.408270001411438
1784845620,1.4082200527191162,1.4083199501037598,1.4078999757766724,1.408229947090149
1784845680,1.4083000421524048,1.4083499908447266,1.4078999757766724,1.4082499742507935
1784845740,1.4083000421524048,1.4083499908447266,1.4078999757766724,1.4078999757766724
1784845800,1.408229947090149,1.4084299802780151,1.4078999757766724,1.4083499908447266
1784845860,1.4083000421524048,1.4084099531173706,1.4078999757766724,1.408400058746338
1784845920,1.408400058746338,1.4084099531173706,1.4079999923706055,1.408310055732727
1784845980,1.408400058746338,1.4084199666976929,1.4079999923706055,1.4079999923706055
1784846040,1.408400058746338,1.4084099531173706,1.4079999923706055,1.408310055732727
1784846100,1.408400058746338,1.408400058746338,1.4078999757766724,1.4081000089645386
1784846160,1.4083000421524048,1.4083399772644043,1.4078999757766724,1.4082499742507935
1784846220,1.4078999757766724,1.4083499908447266,1.4077999591827393,1.4078999757766724
1784846280,1.4083000421524048,1.4083499908447266,1.4078999757766724,1.408329963684082
1784846340,1.4083000421524048,1.4083499908447266,1.4078999757766724,1.4082599878311157
1784846400,1.4083000421524048,1.4083600044250488,1.4078999757766724,1.4083499908447266
1784846460,1.4083000421524048,1.408400058746338,1.4078999757766724,1.408329963684082
1784846520,1.4082499742507935,1.408400058746338,1.4078999757766724,1.4082499742507935
1784846580,1.4082499742507935,1.4084199666976929,1.4078999757766724,1.4083199501037598
1784846640,1.4084099531173706,1.4084399938583374,1.4079999923706055,1.4083399772644043
1784846700,1.408400058746338,1.4084399938583374,1.4079999923706055,1.408329963684082
1784846760,1.408400058746338,1.4084399938583374,1.4079999923706055,1.408329963684082
1784846820,1.408400058746338,1.4084500074386597,1.4079999923706055,1.4084399938583374
1784846880,1.408400058746338,1.4084399938583374,1.4079999923706055,1.408400058746338
1784846940,1.408329963684082,1.4084399938583374,1.4079999923706055,1.4084099531173706
1784847000,1.408400058746338,1.4084399938583374,1.4079999923706055,1.408400058746338
1784847060,1.4084099531173706,1.4084199666976929,1.4078999757766724,1.4082599878311157
1784847120,1.4082599878311157,1.408370018005371,1.4078999757766724,1.4078999757766724
1784847180,1.408270001411438,1.4083600044250488,1.4078999757766724,1.4078999757766724
1784847240,1.4083199501037598,1.4083800315856934,1.4078999757766724,1.4082599878311157
1784847300,1.408310055732727,1.4083600044250488,1.4078999757766724,1.4082599878311157
1784847360,1.408310055732727,1.4083600044250488,1.4081000089645386,1.4081000089645386
1784847420,1.4083199501037598,1.4083499908447266,1.4077999591827393,1.4077999591827393
1784847480,1.408139944076538,1.4082800149917603,1.4076999425888062,1.4081900119781494
1784847600,1.4082800149917603,1.4084199666976929,1.4077999591827393,1.4083600044250488
1784847660,1.4083399772644043,1.4084099531173706,1.4078999757766724,1.408370018005371
1784847720,1.4078999757766724,1.4084299802780151,1.4078999757766724,1.4083399772644043
1784847780,1.4083499908447266,1.4084199666976929,1.4078999757766724,1.408329963684082
1784847840,1.4078999757766724,1.4084299802780151,1.4078999757766724,1.408370018005371
1784847900,1.4083600044250488,1.4084299802780151,1.4081000089645386,1.4083499908447266
1784847960,1.4081000089645386,1.4084399938583374,1.4081000089645386,1.4084399938583374
1784848020,1.4081000089645386,1.4084399938583374,1.4081000089645386,1.408370018005371
1784848080,1.4083499908447266,1.4084500074386597,1.4078999757766724,1.408400058746338
1784848140,1.408400058746338,1.4084500074386597,1.4078999757766724,1.4084299802780151
1784848200,1.4083800315856934,1.4084399938583374,1.4081000089645386,1.4084399938583374
1784848260,1.4083800315856934,1.4084299802780151,1.4079999923706055,1.4083499908447266
1784848320,1.4083499908447266,1.4084299802780151,1.4079999923706055,1.4079999923706055
1784848380,1.4083499908447266,1.4084199666976929,1.4079999923706055,1.4083399772644043
1784848440,1.4084199666976929,1.4084399938583374,1.4079999923706055,1.4079999923706055
1784848500,1.4083600044250488,1.4084299802780151,1.4079999923706055,1.4079999923706055
1784848560,1.4083399772644043,1.4084199666976929,1.4079999923706055,1.408329963684082
1784848620,1.408329963684082,1.4084199666976929,1.4079999923706055,1.4082000255584717
1784848680,1.4084099531173706,1.4084199666976929,1.4079999923706055,1.4082000255584717
1784848740,1.408329963684082,1.4084199666976929,1.4079999923706055,1.4079999923706055
1784848800,1.408310055732727,1.4083600044250488,1.4078999757766724,1.4082399606704712
1784848860,1.4083199501037598,1.4083199501037598,1.4078999757766724,1.4083000421524048
1784848920,1.408229947090149,1.4083199501037598,1.4081000089645386,1.4083000421524048
1784848980,1.4081000089645386,1.4083499908447266,1.4079999923706055,1.4082800149917603
1784849040,1.4082599878311157,1.4083499908447266,1.4079999923706055,1.4083000421524048
1784849100,1.4083199501037598,1.4083199501037598,1.4078999757766724,1.4083199501037598
1784849160,1.4082499742507935,1.4083399772644043,1.4079999923706055,1.4082800149917603
1784849220,1.408270001411438,1.4083399772644043,1.4079999923706055,1.4082800149917603
1784849280,1.4082599878311157,1.408329963684082,1.4078999757766724,1.4083199501037598
1784849340,1.4082900285720825,1.4083499908447266,1.4079999923706055,1.4079999923706055
1784849400,1.4082800149917603,1.4083499908447266,1.4077999591827393,1.408270001411438
1784849460,1.408270001411438,1.4083499908447266,1.4077999591827393,1.4083000421524048
1784849520,1.4082800149917603,1.4083399772644043,1.4079999923706055,1.4082599878311157
1784849580,1.4083000421524048,1.4083399772644043,1.4077999591827393,1.4082399606704712
1784849640,1.4082399606704712,1.4083199501037598,1.4077999591827393,1.4081000089645386
1784849700,1.4082599878311157,1.4083499908447266,1.4079999923706055,1.4082900285720825
1784849760,1.4082599878311157,1.4084099531173706,1.4079999923706055,1.4083199501037598
1784849820,1.4081000089645386,1.408400058746338,1.4078999757766724,1.4082800149917603
1784849880,1.4082800149917603,1.4083600044250488,1.4078999757766724,1.4083000421524048
1784849940,1.4082900285720825,1.4083600044250488,1.4078999757766724,1.4083499908447266
1784850000,1.4083499908447266,1.4084700345993042,1.4078999757766724,1.4079999923706055
1784850060,1.4083800315856934,1.4084999561309814,1.4079999923706055,1.4084199666976929
1784850120,1.4084500074386597,1.4084999561309814,1.4079999923706055,1.4081000089645386
1784850180,1.4084399938583374,1.4084399938583374,1.4081000089645386,1.4084199666976929
1784850240,1.4084299802780151,1.4084299802780151,1.4079999923706055,1.4083900451660156
1784850300,1.408329963684082,1.408400058746338,1.4078999757766724,1.408310055732727
1784850360,1.4083199501037598,1.4084800481796265,1.4078999757766724,1.4081000089645386
1784850420,1.4084299802780151,1.4085500240325928,1.4081000089645386,1.4082000255584717
1784850480,1.4084800481796265,1.4085500240325928,1.4079999923706055,1.4082000255584717
1784850540,1.4084800481796265,1.4085500240325928,1.4079999923706055,1.4085299968719482
1784850600,1.4084899425506592,1.4085500240325928,1.4079999923706055,1.4085400104522705
1784850660,1.4084700345993042,1.4085500240325928,1.4079999923706055,1.4084800481796265
1784850720,1.4085400104522705,1.4086099863052368,1.4079999923706055,1.4085999727249146
1784850780,1.4086099863052368,1.4086600542068481,1.4082000255584717,1.4083000421524048
1784850840,1.4085500240325928,1.4086699485778809,1.4082000255584717,1.4083000421524048
1784850900,1.4085999727249146,1.4086600542068481,1.4082000255584717,1.4083000421524048
1784850960,1.4086099863052368,1.4086600542068481,1.4082000255584717,1.4086400270462036
1784851020,1.4086500406265259,1.4086500406265259,1.4082000255584717,1.4086099863052368
1784851080,1.4085400104522705,1.4086099863052368,1.4081000089645386,1.408519983291626
1784851140,1.4085099697113037,1.408560037612915,1.4079999923706055,1.4085400104522705
1784851200,1.4084899425506592,1.4086400270462036,1.4081000089645386,1.4084899425506592
1784851260,1.4085400104522705,1.4085500240325928,1.4081000089645386,1.4084800481796265
1784851320,1.4084099531173706,1.4084800481796265,1.4078999757766724,1.4083199501037598
1784851380,1.4083199501037598,1.408400058746338,1.4076999425888062,1.4081900119781494
1784851440,1.4081699848175049,1.4082399606704712,1.4077999591827393,1.4082200527191162
1784851500,1.4081599712371826,1.408270001411438,1.4077999591827393,1.4082200527191162
1784851560,1.4081599712371826,1.408210039138794,1.4076000452041626,1.4080100059509277
1784851620,1.4080100059509277,1.40802001953125,1.4074000120162964,1.4075000286102295
1784851680,1.4078199863433838,1.4078199863433838,1.407099962234497,1.4075700044631958
1784851740,1.4075900316238403,1.407670021057129,1.4071999788284302,1.4076199531555176
1784851800,1.4075700044631958,1.4076999425888062,1.4071999788284302,1.407539963722229
1784851860,1.4075599908828735,1.4076499938964844,1.4071999788284302,1.4076100587844849
1784851920,1.407539963722229,1.4076600074768066,1.4071999788284302,1.4075299501419067
1784851980,1.4075499773025513,1.407639980316162,1.4071999788284302,1.4075499773025513
1784852040,1.4072999954223633,1.407729983329773,1.4071999788284302,1.4076499938964844
1784852100,1.407729983329773,1.4077600240707397,1.4072999954223633,1.4077199697494507
1784852160,1.4072999954223633,1.407770037651062,1.4072999954223633,1.4076499938964844
1784852220,1.4076499938964844,1.407770037651062,1.4071999788284302,1.4077199697494507
1784852280,1.4074000120162964,1.4077600240707397,1.4072999954223633,1.4077399969100952
1784852340,1.4076800346374512,1.4077500104904175,1.4072999954223633,1.4072999954223633
1784852400,1.4076800346374512,1.407770037651062,1.4072999954223633,1.407639980316162
1784852460,1.407639980316162,1.407729983329773,1.4071999788284302,1.4075900316238403
1784852520,1.4076000452041626,1.4076800346374512,1.4071999788284302,1.4075599908828735
1784852580,1.4075499773025513,1.407639980316162,1.407099962234497,1.4074900150299072
1784852640,1.4074900150299072,1.4075700044631958,1.4071999788284302,1.4075499773025513
1784852700,1.4074699878692627,1.4075499773025513,1.407099962234497,1.407480001449585
1784852760,1.407539963722229,1.4076499938964844,1.4071999788284302,1.407580018043518
1784852820,1.407580018043518,1.4077099561691284,1.4071999788284302,1.4076499938964844
1784852880,1.407580018043518,1.4076600074768066,1.4071999788284302,1.4074000120162964
1784852940,1.407539963722229,1.4076199531555176,1.407099962234497,1.4076100587844849
1784853000,1.4076100587844849,1.4076600074768066,1.4071999788284302,1.407580018043518
1784853060,1.4076100587844849,1.4076299667358398,1.4071999788284302,1.4075499773025513
1784853120,1.4072999954223633,1.4076100587844849,1.4071999788284302,1.4076000452041626
1784853180,1.4075499773025513,1.4076600074768066,1.4071999788284302,1.4071999788284302
1784853240,1.4075599908828735,1.4077199697494507,1.4072999954223633,1.4076499938964844
1784853300,1.407670021057129,1.407729983329773,1.4072999954223633,1.4076499938964844
1784853360,1.407639980316162,1.4077099561691284,1.4071999788284302,1.4075599908828735
1784853420,1.4075599908828735,1.4076299667358398,1.4071999788284302,1.4075900316238403
1784853480,1.4075499773025513,1.407639980316162,1.4071999788284302,1.4071999788284302
1784853540,1.4076100587844849,1.4076499938964844,1.4071999788284302,1.407580018043518
1784853600,1.4072999954223633,1.4076600074768066,1.4071999788284302,1.4075499773025513
1784853660,1.407580018043518,1.407639980316162,1.4071999788284302,1.4072999954223633
1784853720,1.4076299667358398,1.407639980316162,1.407099962234497,1.4075299501419067
1784853780,1.4075299501419067,1.4076499938964844,1.4071999788284302,1.4075100421905518
1784853840,1.4075599908828735,1.4077199697494507,1.4071999788284302,1.4074000120162964
1784853900,1.407639980316162,1.4077600240707397,1.4074000120162964,1.4077600240707397
1784853960,1.4072999954223633,1.4077600240707397,1.4072999954223633,1.407670021057129
1784854020,1.4074000120162964,1.407729983329773,1.4071999788284302,1.407639980316162
1784854080,1.4075700044631958,1.4076999425888062,1.4072999954223633,1.407639980316162
1784854140,1.4076299667358398,1.4077199697494507,1.4072999954223633,1.4072999954223633
1784854200,1.4076299667358398,1.407729983329773,1.4071999788284302,1.4075700044631958
1784854260,1.407580018043518,1.407670021057129,1.4072999954223633,1.4072999954223633
1784854320,1.4076499938964844,1.4076999425888062,1.4071999788284302,1.4076000452041626
1784854380,1.4076100587844849,1.4076900482177734,1.4071999788284302,1.4072999954223633
1784854440,1.407639980316162,1.4077099561691284,1.4071999788284302,1.4074000120162964
1784854500,1.4076299667358398,1.407639980316162,1.407099962234497,1.4071999788284302
1784854560,1.4075000286102295,1.4075599908828735,1.407099962234497,1.407520055770874
1784854620,1.407099962234497,1.4075599908828735,1.406999945640564,1.4073799848556519
1784854680,1.406999945640564,1.4073799848556519,1.4068000316619873,1.4071300029754639
1784854740,1.4071999788284302,1.4072400331497192,1.4067000150680542,1.4070299863815308
1784854800,1.406999945640564,1.4071300029754639,1.4063999652862549,1.4068900346755981
1784854860,1.4068800210952759,1.4070199728012085,1.4063999652862549,1.4069299697875977
1784854920,1.4068800210952759,1.4071099758148193,1.406499981880188,1.4070099592208862
1784854980,1.4069499969482422,1.4070700407028198,1.4067000150680542,1.4070299863815308
1784855040,1.4069499969482422,1.407039999961853,1.406599998474121,1.4070099592208862
1784855100,1.4070199728012085,1.4071300029754639,1.406599998474121,1.4070199728012085
1784855160,1.4070299863815308,1.4071300029754639,1.4067000150680542,1.4069900512695312
1784855220,1.4070600271224976,1.4071099758148193,1.406599998474121,1.4070099592208862
1784855280,1.4070099592208862,1.4070899486541748,1.4067000150680542,1.4067000150680542
1784855340,1.40693998336792,1.4070500135421753,1.406599998474121,1.4069600105285645
1784855400,1.4069600105285645,1.407039999961853,1.4067000150680542,1.4070299863815308
1784855460,1.4069700241088867,1.4070500135421753,1.406599998474121,1.4070299863815308
1784855520,1.406980037689209,1.4071799516677856,1.4067000150680542,1.4068000316619873
1784855580,1.4070500135421753,1.4071300029754639,1.4067000150680542,1.4068000316619873
1784855640,1.4070600271224976,1.4071099758148193,1.406599998474121,1.407039999961853
1784855700,1.4069700241088867,1.4071500301361084,1.406599998474121,1.407080054283142
1784855760,1.4071400165557861,1.407170057296753,1.4067000150680542,1.4068000316619873
1784855820,1.4070899486541748,1.4071600437164307,1.4068000316619873,1.4071199893951416
1784855880,1.4070700407028198,1.4071500301361084,1.4067000150680542,1.4070600271224976
1784855940,1.4070199728012085,1.4070700407028198,1.406599998474121,1.4069499969482422
1784856000,1.4069499969482422,1.4071099758148193,1.406599998474121,1.406980037689209
1784856060,1.4070500135421753,1.4070500135421753,1.406599998474121,1.40693998336792
1784856120,1.406980037689209,1.407039999961853,1.4067000150680542,1.407039999961853
1784856180,1.4069600105285645,1.4070700407028198,1.406599998474121,1.4069499969482422
1784856240,1.406999945640564,1.4070500135421753,1.406599998474121,1.4067000150680542
1784856300,1.4069499969482422,1.4071500301361084,1.4067000150680542,1.4068000316619873
1784856360,1.4068000316619873,1.4072999954223633,1.4068000316619873,1.4069000482559204
1784856420,1.4072400331497192,1.4072699546813965,1.4067000150680542,1.4071400165557861
1784856480,1.407170057296753,1.4072500467300415,1.4068000316619873,1.407170057296753
1784856540,1.4072400331497192,1.4073100090026855,1.4068000316619873,1.407099962234497
1784856600,1.4072699546813965,1.407349944114685,1.4069000482559204,1.40733003616333
1784856660,1.4073400497436523,1.4073400497436523,1.4069000482559204,1.4072400331497192
1784856720,1.4069000482559204,1.4072500467300415,1.4069000482559204,1.4071799516677856
1784856780,1.4069000482559204,1.4072099924087524,1.4067000150680542,1.4071400165557861
1784856840,1.4070500135421753,1.4071400165557861,1.406599998474121,1.4069900512695312
1784856900,1.4069900512695312,1.4071199893951416,1.4067000150680542,1.4071099758148193
1784856960,1.407080054283142,1.4071199893951416,1.4067000150680542,1.407080054283142
1784857020,1.407039999961853,1.4071500301361084,1.4067000150680542,1.4068000316619873
1784857080,1.407039999961853,1.4071099758148193,1.4067000150680542,1.4070600271224976
1784857140,1.4069900512695312,1.4071300029754639,1.406980037689209,1.4071300029754639
1784857200,1.4071199893951416,1.4071300029754639,1.406980037689209,1.407080054283142
1784857260,1.4070199728012085,1.4071199893951416,1.4068599939346313,1.4068599939346313
1784857320,1.4069299697875977,1.4069700241088867,1.406849980354309,1.4069499969482422
1784857380,1.4069299697875977,1.4070299863815308,1.4068900346755981,1.4069199562072754
1784857440,1.4069000482559204,1.4070299863815308,1.4068900346755981,1.4069199562072754
1784857500,1.4069000482559204,1.406999945640564,1.4068900346755981,1.4069000482559204
1784857560,1.4069000482559204,1.4069900512695312,1.4068599939346313,1.4069000482559204
1784857620,1.4068599939346313,1.4069600105285645,1.4068599939346313,1.4069499969482422
1784857680,1.4069000482559204,1.4069600105285645,1.406849980354309,1.4068800210952759
1784857740,1.406849980354309,1.4069499969482422,1.4068399667739868,1.4068700075149536
1784857800,1.4068900346755981,1.406999945640564,1.4068700075149536,1.4068800210952759
1784857860,1.4068800210952759,1.406999945640564,1.4068599939346313,1.4068599939346313
1784857920,1.4069499969482422,1.4070199728012085,1.4068700075149536,1.4069199562072754
1784857980,1.4068800210952759,1.4070099592208862,1.4068299531936646,1.4069299697875977
1784858040,1.406999945640564,1.4070299863815308,1.4068900346755981,1.4070199728012085
1784858100,1.4069299697875977,1.4072099924087524,1.4069299697875977,1.4071400165557861
1784858160,1.4071400165557861,1.4072599411010742,1.4070899486541748,1.4071999788284302
1784858220,1.4072200059890747,1.40733003616333,1.4071600437164307,1.4073200225830078
1784858280,1.4073100090026855,1.407349944114685,1.407230019569397,1.4072400331497192
1784858340,1.4072699546813965,1.4073200225830078,1.4071799516677856,1.4072500467300415
1784858400,1.4071799516677856,1.4073400497436523,1.4071600437164307,1.4073400497436523
1784858460,1.4072500467300415,1.4073699712753296,1.4072400331497192,1.4072699546813965
1784858520,1.4073599576950073,1.4074699878692627,1.4072699546813965,1.4073699712753296
1784858580,1.4074499607086182,1.4074499607086182,1.4072599411010742,1.4073400497436523
1784858640,1.407349944114685,1.407420039176941,1.4072599411010742,1.4073799848556519
1784858700,1.4073400497436523,1.4074599742889404,1.40733003616333,1.4073799848556519
1784858760,1.4073699712753296,1.4074599742889404,1.4073200225830078,1.40733003616333
1784858820,1.40733003616333,1.407420039176941,1.4072799682617188,1.40733003616333
1784858880,1.4073400497436523,1.407439947128296,1.4073200225830078,1.407349944114685
1784858940,1.407349944114685,1.4074699878692627,1.4073200225830078,1.4073599576950073
1784859000,1.407420039176941,1.4074699878692627,1.4073400497436523,1.407439947128296
1784859060,1.4074000120162964,1.4074699878692627,1.4073699712753296,1.407439947128296
1784859120,1.4074599742889404,1.4075100421905518,1.40733003616333,1.4074300527572632
1784859180,1.407420039176941,1.4074300527572632,1.4073100090026855,1.4073400497436523
1784859240,1.4073400497436523,1.407420039176941,1.4072599411010742,1.4072799682617188
1784859300,1.407349944114685,1.4073699712753296,1.4072400331497192,1.4072400331497192
1784859360,1.4072500467300415,1.407439947128296,1.4072400331497192,1.4073400497436523
1784859420,1.4074000120162964,1.4074499607086182,1.4072799682617188,1.4073100090026855
1784859480,1.4073100090026855,1.4074100255966187,1.4072699546813965,1.4073699712753296
1784859540,1.4073599576950073,1.4074300527572632,1.4073200225830078,1.4073400497436523
1784859600,1.4073799848556519,1.407420039176941,1.4072200059890747,1.4072400331497192
1784859660,1.407230019569397,1.407349944114685,1.4072200059890747,1.4072500467300415
1784859720,1.4073200225830078,1.407420039176941,1.4072500467300415,1.40733003616333
1784859780,1.40733003616333,1.407420039176941,1.407289981842041,1.4073100090026855
1784859840,1.4073200225830078,1.4074000120162964,1.4072699546813965,1.4073699712753296
1784859900,1.407289981842041,1.4074000120162964,1.4072799682617188,1.4073400497436523
1784859960,1.4073200225830078,1.407420039176941,1.4072799682617188,1.4074100255966187
1784860020,1.407420039176941,1.407420039176941,1.4072999954223633,1.4072999954223633
1784860080,1.4073699712753296,1.4074699878692627,1.4072500467300415,1.4073799848556519
1784860140,1.407439947128296,1.4074699878692627,1.4073400497436523,1.4073400497436523
1784860200,1.407349944114685,1.4074300527572632,1.4072099924087524,1.4072599411010742
1784860260,1.4073400497436523,1.4073699712753296,1.407170057296753,1.4072200059890747
1784860320,1.4072599411010742,1.4073400497436523,1.4071799516677856,1.407189965248108
1784860380,1.4072699546813965,1.4073699712753296,1.4071799516677856,1.4073200225830078
1784860440,1.4073400497436523,1.4073699712753296,1.4072500467300415,1.4073599576950073
1784860500,1.4073200225830078,1.4073699712753296,1.4072799682617188,1.4072799682617188
1784860560,1.407349944114685,1.4073699712753296,1.4072699546813965,1.4072799682617188
1784860620,1.4072799682617188,1.4074000120162964,1.4072699546813965,1.4073400497436523
1784860680,1.407289981842041,1.4074000120162964,1.4072699546813965,1.40733003616333
1784860740,1.4073400497436523,1.4074599742889404,1.40733003616333,1.4074499607086182
1784860800,1.4073599576950073,1.4074599742889404,1.407349944114685,1.4073699712753296
1784860860,1.4073699712753296,1.4074599742889404,1.4073599576950073,1.4073699712753296
1784860920,1.4073699712753296,1.4075100421905518,1.4073699712753296,1.4073799848556519
1784860980,1.407439947128296,1.4075000286102295,1.4073799848556519,1.4073799848556519
1784861040,1.4073799848556519,1.4075299501419067,1.4073799848556519,1.4075299501419067
1784861100,1.407439947128296,1.4075599908828735,1.407439947128296,1.4074599742889404
1784861160,1.4074599742889404,1.4076000452041626,1.4074599742889404,1.4075700044631958
1784861220,1.407480001449585,1.4075900316238403,1.407480001449585,1.4075700044631958
1784861280,1.407580018043518,1.4076299667358398,1.4075000286102295,1.407539963722229
1784861340,1.407580018043518,1.4076999425888062,1.4075000286102295,1.4075900316238403
1784861400,1.4075900316238403,1.4076600074768066,1.407539963722229,1.4076199531555176
1784861460,1.407539963722229,1.4077999591827393,1.407539963722229,1.407670021057129
1784861520,1.4077399969100952,1.4078500270843506,1.4076600074768066,1.4078400135040283
1784861580,1.4077999591827393,1.4078400135040283,1.407729983329773,1.4077399969100952
1784861640,1.4077999591827393,1.4078700542449951,1.407729983329773,1.4077800512313843
1784861700,1.407789945602417,1.4078700542449951,1.4077399969100952,1.4077800512313843
1784861760,1.4078199863433838,1.4078500270843506,1.4077399969100952,1.4077800512313843
1784861820,1.4077399969100952,1.407829999923706,1.4076900482177734,1.407770037651062
1784861880,1.4076999425888062,1.407829999923706,1.407639980316162,1.407729983329773
1784861940,1.4077399969100952,1.4078799486160278,1.407729983329773,1.4078799486160278
1784862000,1.4077800512313843,1.407920002937317,1.407770037651062,1.4077999591827393
1784862060,1.4078600406646729,1.4078999757766724,1.407770037651062,1.4078600406646729
1784862120,1.407829999923706,1.4078999757766724,1.407770037651062,1.4078199863433838
1784862180,1.4078500270843506,1.4078700542449951,1.407729983329773,1.4077399969100952
1784862240,1.4077800512313843,1.4078400135040283,1.4077199697494507,1.4077800512313843
1784862300,1.4077999591827393,1.4078600406646729,1.407729983329773,1.407770037651062
1784862360,1.4078199863433838,1.4078500270843506,1.407729983329773,1.4078199863433838
1784862420,1.407829999923706,1.407829999923706,1.4077099561691284,1.4077399969100952
1784862480,1.4077800512313843,1.407829999923706,1.4076800346374512,1.4077399969100952
1784862540,1.4076999425888062,1.4078500270843506,1.4076999425888062,1.4077999591827393
1784862600,1.4077999591827393,1.407920002937317,1.4077600240707397,1.4079099893569946
1784862660,1.407829999923706,1.407960057258606,1.407789945602417,1.407789945602417
1784862720,1.4078799486160278,1.407920002937317,1.407770037651062,1.4078999757766724
1784862780,1.40788996219635,1.4078999757766724,1.4077800512313843,1.407789945602417
1784862840,1.407789945602417,1.4078600406646729,1.407770037651062,1.4078400135040283
1784862900,1.407770037651062,1.4078600406646729,1.4072999954223633,1.4077600240707397
1784862960,1.4077800512313843,1.4078500270843506,1.4074000120162964,1.4078199863433838
1784863020,1.4077500104904175,1.4078400135040283,1.4072999954223633,1.4077399969100952
1784863080,1.4077500104904175,1.4078500270843506,1.4074000120162964,1.4077600240707397
1784863140,1.4075000286102295,1.4079300165176392,1.4074000120162964,1.4078500270843506
1784863200,1.4078400135040283,1.4079500436782837,1.4075000286102295,1.4078999757766724
1784863260,1.4078400135040283,1.4079300165176392,1.4075000286102295,1.407829999923706
1784863320,1.4078700542449951,1.4079300165176392,1.4075000286102295,1.4078999757766724
1784863380,1.407829999923706,1.4079500436782837,1.4075000286102295,1.4078600406646729
1784863440,1.4078600406646729,1.4079400300979614,1.4074000120162964,1.4079300165176392
1784863500,1.4076000452041626,1.4079300165176392,1.4075000286102295,1.4078400135040283
1784863560,1.4078600406646729,1.4079300165176392,1.4075000286102295,1.4078400135040283
1784863620,1.4078600406646729,1.4079099893569946,1.4075000286102295,1.4077999591827393
1784863680,1.4077999591827393,1.4079099893569946,1.4075000286102295,1.4075000286102295
1784863740,1.4078199863433838,1.4078999757766724,1.4075000286102295,1.4078600406646729
1784863800,1.4077999591827393,1.4078700542449951,1.4072999954223633,1.407770037651062
1784863860,1.4077399969100952,1.4077999591827393,1.4072999954223633,1.4077199697494507
1784863920,1.4076900482177734,1.4078199863433838,1.4074000120162964,1.407789945602417
1784863980,1.4078099727630615,1.4078099727630615,1.4074000120162964,1.4077600240707397
1784864040,1.4077600240707397,1.407770037651062,1.4072999954223633,1.4076800346374512
1784864100,1.4076199531555176,1.4076800346374512,1.4071999788284302,1.407580018043518
1784864160,1.4075599908828735,1.4076999425888062,1.4072999954223633,1.407580018043518
1784864220,1.407580018043518,1.4078199863433838,1.4072999954223633,1.4075000286102295
1784864280,1.4076999425888062,1.4078099727630615,1.4074000120162964,1.4074000120162964
1784864340,1.4076999425888062,1.407829999923706,1.4074000120162964,1.4074000120162964
1784864400,1.4077399969100952,1.4078199863433838,1.4074000120162964,1.4076999425888062
1784864460,1.4077600240707397,1.4077600240707397,1.4074000120162964,1.4076800346374512
1784864520,1.4077199697494507,1.4077600240707397,1.4072999954223633,1.4072999954223633
1784864580,1.407639980316162,1.4077500104904175,1.4071999788284302,1.4075000286102295
1784864640,1.407639980316162,1.407729983329773,1.4072999954223633,1.4077199697494507
1784864700,1.407639980316162,1.4077600240707397,1.4072999954223633,1.407639980316162
1784864760,1.407729983329773,1.4077399969100952,1.4074000120162964,1.407670021057129
1784864820,1.407729983329773,1.4078199863433838,1.4072999954223633,1.4077800512313843
1784864880,1.4078199863433838,1.4078400135040283,1.4075000286102295,1.407829999923706
1784864940,1.4077999591827393,1.4078400135040283,1.4075000286102295,1.4077800512313843
1784865000,1.407729983329773,1.407829999923706,1.4074000120162964,1.4076999425888062
1784865060,1.4074000120162964,1.407770037651062,1.4071999788284302,1.4077500104904175
1784865120,1.4074000120162964,1.4077600240707397,1.4071999788284302,1.4077500104904175
1784865180,1.407729983329773,1.4077600240707397,1.4072999954223633,1.4077500104904175
1784865240,1.407729983329773,1.4077999591827393,1.4074000120162964,1.4077099561691284
1784865300,1.4077399969100952,1.4078400135040283,1.4074000120162964,1.407829999923706
1784865360,1.4078099727630615,1.4078700542449951,1.4074000120162964,1.4078400135040283
1784865420,1.4078199863433838,1.4078500270843506,1.4072999954223633,1.407770037651062
1784865480,1.4077099561691284,1.407770037651062,1.4072999954223633,1.4076999425888062
1784865540,1.4076499938964844,1.407729983329773,1.4071999788284302,1.4077099561691284
1784865600,1.4076499938964844,1.4077500104904175,1.4072999954223633,1.4076800346374512
1784865660,1.4076100587844849,1.4076999425888062,1.4071999788284302,1.4072999954223633
1784865720,1.4076499938964844,1.4076600074768066,1.4071999788284302,1.4076499938964844
1784865780,1.4075900316238403,1.4076600074768066,1.4071999788284302,1.4076600074768066
1784865840,1.4076600074768066,1.407670021057129,1.4071999788284302,1.407639980316162
1784865900,1.4076199531555176,1.4076600074768066,1.4071999788284302,1.407580018043518
1784865960,1.4076499938964844,1.407729983329773,1.4071999788284302,1.4076199531555176
1784866020,1.4076900482177734,1.407729983329773,1.4072999954223633,1.4076299667358398
1784866080,1.407639980316162,1.4077600240707397,1.4072999954223633,1.4074000120162964
1784866140,1.4074000120162964,1.4077600240707397,1.4071999788284302,1.4076999425888062
1784866200,1.407670021057129,1.4077600240707397,1.4072999954223633,1.4074000120162964
1784866260,1.4076800346374512,1.4077999591827393,1.4072999954223633,1.4076900482177734
1784866320,1.4076900482177734,1.4077999591827393,1.4074000120162964,1.4077199697494507
1784866380,1.4077399969100952,1.4077600240707397,1.4071999788284302,1.4076800346374512
1784866440,1.4077199697494507,1.4077399969100952,1.4072999954223633,1.4077099561691284
1784866500,1.4077199697494507,1.4077199697494507,1.4072999954223633,1.4074000120162964
1784866560,1.407639980316162,1.4077199697494507,1.4072999954223633,1.407670021057129
1784866620,1.4074000120162964,1.4076999425888062,1.4071999788284302,1.4076000452041626
1784866680,1.4076600074768066,1.4078199863433838,1.4072999954223633,1.4077600240707397
1784866740,1.4077500104904175,1.4078199863433838,1.4074000120162964,1.4077999591827393
1784866800,1.4077600240707397,1.4078199863433838,1.4074000120162964,1.4077399969100952
1784866860,1.4077399969100952,1.4078199863433838,1.4074000120162964,1.4077399969100952
1784866920,1.407729983329773,1.4078600406646729,1.4074000120162964,1.4075000286102295
1784866980,1.407770037651062,1.4078500270843506,1.4075000286102295,1.407770037651062
1784867040,1.4077800512313843,1.407920002937317,1.4075000286102295,1.4078500270843506
1784867100,1.4075000286102295,1.4079500436782837,1.4075000286102295,1.4079500436782837
1784867160,1.4076000452041626,1.407960057258606,1.4075000286102295,1.4078700542449951
1784867220,1.4079300165176392,1.4079500436782837,1.4074000120162964,1.4078799486160278
1784867280,1.407920002937317,1.4079500436782837,1.4074000120162964,1.4078999757766724
1784867340,1.4078999757766724,1.407979965209961,1.4075000286102295,1.4076000452041626
1784867400,1.4079400300979614,1.4079999923706055,1.4075000286102295,1.4076000452041626
1784867460,1.407920002937317,1.4080499410629272,1.4075000286102295,1.40802001953125
1784867520,1.4080100059509277,1.4080699682235718,1.4076000452041626,1.40802001953125
1784867580,1.407979965209961,1.4080699682235718,1.4076000452041626,1.4076999425888062
1784867640,1.4076999425888062,1.4080699682235718,1.4076000452041626,1.40802001953125
1784867700,1.4076999425888062,1.4080599546432495,1.4075000286102295,1.407979965209961
1784867760,1.4079999923706055,1.4080699682235718,1.4076000452041626,1.4080599546432495
1784867820,1.407979965209961,1.4080699682235718,1.4076999425888062,1.4079999923706055
1784867880,1.4080400466918945,1.4080699682235718,1.4076999425888062,1.4080100059509277
1784867940,1.4080499410629272,1.4080699682235718,1.4075000286102295,1.4076999425888062
1784868000,1.4079699516296387,1.4080699682235718,1.4076000452041626,1.4076999425888062
1784868060,1.40802001953125,1.4082200527191162,1.4076999425888062,1.4081300497055054
1784868120,1.408120036125183,1.408229947090149,1.4077999591827393,1.4077999591827393
1784868180,1.4078999757766724,1.408229947090149,1.4077999591827393,1.408139944076538
1784868240,1.4078999757766724,1.408270001411438,1.4077999591827393,1.4081799983978271
1784868300,1.4082200527191162,1.4083000421524048,1.4077999591827393,1.4078999757766724
1784868360,1.408139944076538,1.408270001411438,1.4077999591827393,1.4078999757766724
1784868420,1.408210039138794,1.4083000421524048,1.4077999591827393,1.4082800149917603
1784868480,1.4081900119781494,1.408370018005371,1.4078999757766724,1.408270001411438
1784868540,1.4083499908447266,1.408370018005371,1.4078999757766724,1.4083499908447266
1784868600,1.4083600044250488,1.408400058746338,1.4078999757766724,1.4083199501037598
1784868660,1.4083399772644043,1.4083800315856934,1.4079999923706055,1.408370018005371
1784868720,1.408329963684082,1.408370018005371,1.4078999757766724,1.4083499908447266
1784868780,1.4083000421524048,1.4083499908447266,1.4079999923706055,1.4083399772644043
1784868840,1.4079999923706055,1.4083499908447266,1.4077999591827393,1.4082399606704712
1784868900,1.4082599878311157,1.408329963684082,1.4078999757766724,1.408229947090149
1784868960,1.408229947090149,1.408310055732727,1.4078999757766724,1.408229947090149
1784869020,1.4082399606704712,1.4083000421524048,1.4078999757766724,1.4082399606704712
1784869080,1.408210039138794,1.4083000421524048,1.4078999757766724,1.4081900119781494
1784869140,1.4082599878311157,1.408270001411438,1.4077999591827393,1.4081599712371826
1784869200,1.408210039138794,1.408229947090149,1.4077999591827393,1.4081300497055054
1784869260,1.4082000255584717,1.408229947090149,1.4077999591827393,1.4082200527191162
1784869320,1.4081599712371826,1.408229947090149,1.4077999591827393,1.408079981803894
1784869380,1.4081499576568604,1.4081699848175049,1.4076000452041626,1.4076999425888062
1784869440,1.4080899953842163,1.4081300497055054,1.4076999425888062,1.4080499410629272
1784869500,1.4080400466918945,1.408120036125183,1.4076999425888062,1.4080300331115723
1784869560,1.4080300331115723,1.4081300497055054,1.4076000452041626,1.4080699682235718
1784869620,1.407979965209961,1.4080699682235718,1.4076000452041626,1.4076999425888062
1784869680,1.4080599546432495,1.4080599546432495,1.4076000452041626,1.4080499410629272
1784869740,1.4079699516296387,1.4080699682235718,1.4076000452041626,1.4079899787902832
1784869800,1.40802001953125,1.4080699682235718,1.4075000286102295,1.4079400300979614
1784869860,1.4080100059509277,1.4080400466918945,1.4076000452041626,1.4079899787902832
1784869920,1.407979965209961,1.4080699682235718,1.4076000452041626,1.4080499410629272
1784869980,1.4079999923706055,1.4080499410629272,1.4076000452041626,1.4076999425888062
1784870040,1.4079999923706055,1.4080699682235718,1.4076000452041626,1.407979965209961
1784870100,1.407979965209961,1.4080499410629272,1.4075000286102295,1.4080300331115723
1784870160,1.4076999425888062,1.4080599546432495,1.4076000452041626,1.4080100059509277
1784870220,1.4079400300979614,1.40802001953125,1.4076000452041626,1.4079999923706055
1784870280,1.4079999923706055,1.4080100059509277,1.4075000286102295,1.4076000452041626
1784870340,1.4079500436782837,1.4079899787902832,1.4075000286102295,1.40788996219635
1784870400,1.4079500436782837,1.4079699516296387,1.4075000286102295,1.4078799486160278
1784870460,1.4078999757766724,1.4079400300979614,1.4074000120162964,1.4077800512313843
1784870520,1.4077399969100952,1.4078700542449951,1.4074000120162964,1.4078500270843506
1784870580,1.407789945602417,1.4078600406646729,1.4074000120162964,1.4076000452041626
1784870640,1.4078199863433838,1.407920002937317,1.4074000120162964,1.4079099893569946
1784870700,1.4078999757766724,1.4079300165176392,1.4075000286102295,1.4078500270843506
1784870760,1.407789945602417,1.4078600406646729,1.4074000120162964,1.4077399969100952
1784870820,1.4077500104904175,1.4078700542449951,1.4074000120162964,1.4077999591827393
1784870880,1.4075000286102295,1.4079099893569946,1.4075000286102295,1.4078199863433838
1784870940,1.40788996219635,1.4078999757766724,1.4075000286102295,1.40788996219635
1784871000,1.4076999425888062,1.4078799486160278,1.4074000120162964,1.4077399969100952
1784871060,1.4074000120162964,1.4078099727630615,1.4072999954223633,1.4076499938964844
1784871120,1.4077099561691284,1.4077500104904175,1.4071999788284302,1.4077199697494507
1784871180,1.4076999425888062,1.4077600240707397,1.4072999954223633,1.4077399969100952
1784871240,1.4076600074768066,1.407829999923706,1.4074000120162964,1.4077999591827393
1784871300,1.4077399969100952,1.4078500270843506,1.4074000120162964,1.4077500104904175
1784871360,1.407829999923706,1.4078400135040283,1.4072999954223633,1.4077399969100952
1784871420,1.4077800512313843,1.4078700542449951,1.4074000120162964,1.4075000286102295
1784871480,1.407770037651062,1.4078600406646729,1.4074000120162964,1.4077399969100952
1784871540,1.4077399969100952,1.4078700542449951,1.4074000120162964,1.4075000286102295
1784871600,1.4078500270843506,1.4078600406646729,1.4075000286102295,1.4078500270843506
1784871660,1.4077800512313843,1.4078600406646729,1.4074000120162964,1.407829999923706
1784871720,1.4076000452041626,1.4079500436782837,1.4075000286102295,1.4079099893569946
1784871780,1.4076999425888062,1.4079999923706055,1.4075000286102295,1.4076000452041626
1784871840,1.4078700542449951,1.408120036125183,1.4075000286102295,1.4080699682235718
1784871900,1.4080499410629272,1.4081000089645386,1.4076000452041626,1.4076999425888062
1784871960,1.40802001953125,1.4081300497055054,1.4076999425888062,1.4080899953842163
1784872020,1.408079981803894,1.4080899953842163,1.4076000452041626,1.4080499410629272
1784872080,1.4076999425888062,1.4081000089645386,1.4076000452041626,1.4079999923706055
1784872140,1.4079699516296387,1.4080699682235718,1.4076000452041626,1.4076999425888062
1784872200,1.40802001953125,1.4081499576568604,1.4076999425888062,1.4081100225448608
1784872260,1.4077999591827393,1.4081599712371826,1.4076999425888062,1.4081499576568604
1784872320,1.4081499576568604,1.4082000255584717,1.4076999425888062,1.408079981803894
1784872380,1.4080899953842163,1.4082000255584717,1.4076999425888062,1.4081599712371826
1784872440,1.4081699848175049,1.408229947090149,1.4076999425888062,1.4081799983978271
1784872500,1.4081499576568604,1.4083399772644043,1.4077999591827393,1.408329963684082
1784872560,1.408229947090149,1.4083499908447266,1.4077999591827393,1.4079999923706055
1784872620,1.408329963684082,1.4083600044250488,1.4078999757766724,1.408310055732727
1784872680,1.4082900285720825,1.4083499908447266,1.4077999591827393,1.4079999923706055
1784872740,1.4082800149917603,1.4083399772644043,1.4078999757766724,1.4079999923706055
1784872800,1.4082900285720825,1.408329963684082,1.4077999591827393,1.4082900285720825
1784872860,1.4082399606704712,1.4084399938583374,1.4078999757766724,1.4084299802780151
1784872920,1.4084299802780151,1.408460021018982,1.4078999757766724,1.4081000089645386
1784872980,1.4083000421524048,1.4084500074386597,1.4079999923706055,1.4081000089645386
1784873040,1.408400058746338,1.4084500074386597,1.4079999923706055,1.4084199666976929
1784873100,1.4083499908447266,1.4084399938583374,1.4079999923706055,1.4083900451660156
1784873160,1.4083600044250488,1.4084500074386597,1.4078999757766724,1.4083399772644043
1784873220,1.4084099531173706,1.4084500074386597,1.4079999923706055,1.408370018005371
1784873280,1.408370018005371,1.4084500074386597,1.4078999757766724,1.4079999923706055
1784873340,1.4083499908447266,1.408370018005371,1.4078999757766724,1.408270001411438
1784873400,1.4083399772644043,1.4083399772644043,1.4076999425888062,1.4078999757766724
1784873460,1.4082399606704712,1.4082800149917603,1.4077999591827393,1.4078999757766724
1784873520,1.4082200527191162,1.408329963684082,1.4078999757766724,1.408270001411438
1784873580,1.408210039138794,1.4083499908447266,1.4078999757766724,1.4079999923706055
1784873640,1.408270001411438,1.4083399772644043,1.4077999591827393,1.4078999757766724
1784873700,1.4081699848175049,1.4082499742507935,1.4077999591827393,1.4077999591827393
1784873760,1.4081300497055054,1.4082200527191162,1.4076999425888062,1.4080599546432495
1784873820,1.4081100225448608,1.408139944076538,1.4076000452041626,1.4080300331115723
1784873880,1.4079500436782837,1.4080400466918945,1.4074000120162964,1.4078099727630615
1784873940,1.4074000120162964,1.4078199863433838,1.4072999954223633,1.4077600240707397
1784874000,1.4074000120162964,1.4078099727630615,1.4072999954223633,1.407770037651062
1784874060,1.4076999425888062,1.4078099727630615,1.4072999954223633,1.4076800346374512
1784874120,1.4076600074768066,1.4077399969100952,1.4071999788284302,1.407639980316162
1784874180,1.4076900482177734,1.407729983329773,1.4072999954223633,1.4076800346374512
1784874240,1.4072999954223633,1.4076999425888062,1.407099962234497,1.407670021057129
1784874300,1.4076000452041626,1.4078999757766724,1.4072999954223633,1.4077500104904175
1784874360,1.4077500104904175,1.4078400135040283,1.4072999954223633,1.4076900482177734
1784874420,1.4076900482177734,1.4078400135040283,1.4074000120162964,1.4077500104904175
1784874480,1.4077500104904175,1.4078099727630615,1.4074000120162964,1.4077600240707397
1784874540,1.4077199697494507,1.407770037651062,1.4072999954223633,1.4076199531555176
1784874600,1.4076100587844849,1.4077099561691284,1.4071999788284302,1.407639980316162
1784874660,1.4076499938964844,1.4077399969100952,1.4072999954223633,1.407729983329773
1784874720,1.407670021057129,1.407789945602417,1.4072999954223633,1.4076800346374512
1784874780,1.4076800346374512,1.4077500104904175,1.4071999788284302,1.4076499938964844
1784874840,1.4075900316238403,1.4076600074768066,1.4071999788284302,1.4075900316238403
1784874900,1.4076199531555176,1.4076999425888062,1.407099962234497,1.4075100421905518
1784874960,1.4075599908828735,1.407670021057129,1.407099962234497,1.4076299667358398
1784875020,1.4075700044631958,1.4076299667358398,1.407099962234497,1.407420039176941
1784875080,1.407439947128296,1.407480001449585,1.406999945640564,1.407099962234497
1784875140,1.4074000120162964,1.407480001449585,1.407099962234497,1.4073699712753296
1784875200,1.4073699712753296,1.4075599908828735,1.406999945640564,1.407520055770874
1784875260,1.407420039176941,1.4075000286102295,1.406999945640564,1.4073899984359741
1784875320,1.407420039176941,1.4075000286102295,1.406999945640564,1.4074599742889404
1784875380,1.4074000120162964,1.4075000286102295,1.406999945640564,1.407099962234497
1784875440,1.4074100255966187,1.4075700044631958,1.407099962234497,1.4075000286102295
1784875500,1.4075599908828735,1.4076100587844849,1.407099962234497,1.407480001449585
1784875560,1.407480001449585,1.4075499773025513,1.406999945640564,1.407480001449585
1784875620,1.407539963722229,1.4075900316238403,1.407099962234497,1.4071999788284302
1784875680,1.4075100421905518,1.4076499938964844,1.407099962234497,1.407639980316162
1784875740,1.4075900316238403,1.4076600074768066,1.4071999788284302,1.4072999954223633
1784875800,1.4076000452041626,1.4076600074768066,1.4072999954223633,1.4076299667358398
1784875860,1.407580018043518,1.407770037651062,1.4072999954223633,1.4074000120162964
1784875920,1.4076100587844849,1.4076999425888062,1.4071999788284302,1.4072999954223633
1784875980,1.4076499938964844,1.4076499938964844,1.407099962234497,1.4074699878692627
1784876040,1.407520055770874,1.407670021057129,1.407099962234497,1.407670021057129
1784876100,1.4076600074768066,1.4077099561691284,1.4071999788284302,1.4076000452041626
1784876160,1.4072999954223633,1.407670021057129,1.407099962234497,1.4075000286102295
1784876220,1.4075000286102295,1.4076100587844849,1.407099962234497,1.4076000452041626
1784876280,1.4075599908828735,1.4076100587844849,1.407099962234497,1.407520055770874
1784876340,1.407520055770874,1.407580018043518,1.4071999788284302,1.407539963722229
1784876400,1.407480001449585,1.4075299501419067,1.406999945640564,1.4073899984359741
1784876460,1.4073899984359741,1.4075299501419067,1.406999945640564,1.4074100255966187
1784876520,1.4071999788284302,1.4075599908828735,1.407099962234497,1.4075000286102295
1784876580,1.4075100421905518,1.4076499938964844,1.407099962234497,1.4073899984359741
1784876640,1.407420039176941,1.4075499773025513,1.406999945640564,1.4075299501419067
1784876700,1.407480001449585,1.4075599908828735,1.407099962234497,1.407439947128296
1784876760,1.407439947128296,1.4077199697494507,1.407099962234497,1.4076000452041626
1784876820,1.4076600074768066,1.4076600074768066,1.407099962234497,1.4074900150299072
1784876880,1.4074900150299072,1.4075499773025513,1.406999945640564,1.4074000120162964
1784876940,1.4074000120162964,1.4074699878692627,1.4069000482559204,1.4072699546813965
1784877000,1.4072200059890747,1.407289981842041,1.4067000150680542,1.407099962234497
1784877060,1.407099962234497,1.407170057296753,1.4067000150680542,1.4070199728012085
1784877120,1.4070099592208862,1.4070899486541748,1.406599998474121,1.4069499969482422
1784877180,1.4069600105285645,1.4071199893951416,1.406599998474121,1.4070299863815308
1784877240,1.4070299863815308,1.4071099758148193,1.4067000150680542,1.4070299863815308
1784877300,1.4070299863815308,1.407099962234497,1.406499981880188,1.4068900346755981
1784877360,1.4068800210952759,1.407230019569397,1.406599998474121,1.4071099758148193
1784877420,1.407080054283142,1.407349944114685,1.4068000316619873,1.4072699546813965
1784877480,1.4072699546813965,1.4073400497436523,1.4067000150680542,1.407080054283142
1784877540,1.407099962234497,1.4071600437164307,1.4068000316619873,1.4070600271224976
1784877600,1.4070600271224976,1.4071500301361084,1.406599998474121,1.4070299863815308
1784877660,1.4070199728012085,1.4070700407028198,1.406599998474121,1.4068900346755981
1784877720,1.4069700241088867,1.4070500135421753,1.406499981880188,1.4069199562072754
1784877780,1.4068900346755981,1.4070299863815308,1.406499981880188,1.4069600105285645
1784877840,1.4070099592208862,1.4070700407028198,1.406599998474121,1.4069700241088867
1784877900,1.4069700241088867,1.407039999961853,1.406499981880188,1.4069199562072754
1784877960,1.4068599939346313,1.40693998336792,1.406499981880188,1.4068700075149536
1784878020,1.406599998474121,1.40693998336792,1.4062999486923218,1.4067800045013428
1784878080,1.4067599773406982,1.4068399667739868,1.4062999486923218,1.4067800045013428
1784878140,1.4067200422286987,1.4069099426269531,1.4063999652862549,1.4069099426269531
1784878200,1.4069099426269531,1.4069299697875977,1.4062000513076782,1.4067100286483765
1784878260,1.4067100286483765,1.406849980354309,1.4062999486923218,1.406499981880188
1784878320,1.4067699909210205,1.4071199893951416,1.406499981880188,1.407039999961853
1784878380,1.4069700241088867,1.4070600271224976,1.406499981880188,1.406980037689209
1784878440,1.4069199562072754,1.4071300029754639,1.406499981880188,1.4070099592208862
1784878500,1.4070099592208862,1.4071600437164307,1.406599998474121,1.4070899486541748
1784878560,1.4070899486541748,1.4071600437164307,1.4067000150680542,1.4070899486541748
1784878620,1.4071099758148193,1.4073200225830078,1.4068000316619873,1.4071999788284302
1784878680,1.4072599411010742,1.4073200225830078,1.4069000482559204,1.407230019569397
1784878740,1.4072699546813965,1.407420039176941,1.4069000482559204,1.4073200225830078
1784878800,1.4073799848556519,1.407439947128296,1.406999945640564,1.4073699712753296
1784878860,1.4074300527572632,1.4074900150299072,1.407099962234497,1.4074300527572632
1784878920,1.4073799848556519,1.4075100421905518,1.406999945640564,1.4075000286102295
1784878980,1.407439947128296,1.407539963722229,1.406999945640564,1.4073699712753296
1784879040,1.4073100090026855,1.4073799848556519,1.4068000316619873,1.406999945640564
1784879100,1.4072799682617188,1.407439947128296,1.4069000482559204,1.4073799848556519
1784879160,1.4073799848556519,1.4074599742889404,1.406999945640564,1.407439947128296
1784879220,1.4073799848556519,1.4075100421905518,1.406999945640564,1.407099962234497
1784879280,1.4073699712753296,1.4075100421905518,1.4069000482559204,1.407099962234497
1784879340,1.4074100255966187,1.4075299501419067,1.406999945640564,1.4074499607086182
1784879400,1.4074499607086182,1.4075599908828735,1.407099962234497,1.407480001449585
1784879460,1.4074699878692627,1.4076299667358398,1.407099962234497,1.407480001449585
1784879520,1.407480001449585,1.4075700044631958,1.406999945640564,1.4075599908828735
1784879580,1.4075599908828735,1.407580018043518,1.407099962234497,1.407420039176941
1784879640,1.407480001449585,1.407480001449585,1.4069000482559204,1.4073899984359741
1784879700,1.4073400497436523,1.4075000286102295,1.4069000482559204,1.4073599576950073
1784879760,1.4073599576950073,1.4075000286102295,1.406999945640564,1.4074499607086182
1784879820,1.407420039176941,1.4075000286102295,1.4069000482559204,1.4073899984359741
1784879880,1.4074000120162964,1.4075599908828735,1.406999945640564,1.4075499773025513
1784879940,1.407520055770874,1.4076299667358398,1.4071999788284302,1.4076000452041626
1784880000,1.407539963722229,1.4076199531555176,1.406999945640564,1.4075499773025513
1784880060,1.4075499773025513,1.4076600074768066,1.4071999788284302,1.4076299667358398
1784880120,1.407639980316162,1.4076499938964844,1.407099962234497,1.407639980316162
1784880180,1.4076499938964844,1.4077500104904175,1.4071999788284302,1.4076100587844849
1784880240,1.4076199531555176,1.4076800346374512,1.407099962234497,1.407670021057129
1784880300,1.4076100587844849,1.407770037651062,1.4072999954223633,1.4074000120162964
1784880360,1.407729983329773,1.407729983329773,1.4071999788284302,1.4074000120162964
1784880420,1.4076199531555176,1.4076999425888062,1.4071999788284302,1.407539963722229
1784880480,1.407539963722229,1.4076000452041626,1.406999945640564,1.4074699878692627
1784880540,1.4074699878692627,1.4075599908828735,1.407099962234497,1.4075000286102295
1784880600,1.4075100421905518,1.4075599908828735,1.407099962234497,1.4074699878692627
1784880660,1.4074699878692627,1.407520055770874,1.406999945640564,1.4073799848556519
1784880720,1.4071999788284302,1.4074900150299072,1.407099962234497,1.4073799848556519
1784880780,1.4073799848556519,1.4075000286102295,1.406999945640564,1.4074100255966187
1784880840,1.4074100255966187,1.407539963722229,1.406999945640564,1.407480001449585
1784880900,1.4074599742889404,1.4076999425888062,1.4071999788284302,1.4075499773025513
1784880960,1.4072999954223633,1.4077399969100952,1.4072999954223633,1.4076299667358398
1784881020,1.4076299667358398,1.407729983329773,1.4071999788284302,1.4076600074768066
1784881080,1.4077199697494507,1.4077999591827393,1.4072999954223633,1.4076900482177734
1784881140,1.4076900482177734,1.4077399969100952,1.4071999788284302,1.4076900482177734
1784881200,1.4076499938964844,1.4078099727630615,1.4072999954223633,1.4076999425888062
1784881260,1.407639980316162,1.4076800346374512,1.4071999788284302,1.4076000452041626
1784881320,1.4076000452041626,1.4076499938964844,1.407099962234497,1.4074900150299072
1784881380,1.4074900150299072,1.4075599908828735,1.406999945640564,1.4075000286102295
1784881440,1.4075000286102295,1.4076100587844849,1.407099962234497,1.407580018043518
1784881500,1.4075599908828735,1.4076800346374512,1.4071999788284302,1.4075900316238403
1784881560,1.4071999788284302,1.4076199531555176,1.406999945640564,1.4075100421905518
1784881620,1.4075299501419067,1.407580018043518,1.4071999788284302,1.4074900150299072
1784881680,1.407480001449585,1.4077199697494507,1.4071999788284302,1.4076499938964844
1784881740,1.4076499938964844,1.4077500104904175,1.4071999788284302,1.407639980316162
1784881800,1.4076499938964844,1.4077600240707397,1.4071999788284302,1.4075599908828735
1784881860,1.407580018043518,1.407639980316162,1.4072999954223633,1.4075499773025513
1784881920,1.4075499773025513,1.4076299667358398,1.407099962234497,1.4076199531555176
1784881980,1.4076299667358398,1.4077600240707397,1.4071999788284302,1.4074000120162964
1784882040,1.4076900482177734,1.4078099727630615,1.4072999954223633,1.4077600240707397
1784882100,1.4077399969100952,1.4078500270843506,1.4074000120162964,1.407789945602417
1784882160,1.407789945602417,1.4078600406646729,1.4072999954223633,1.4077199697494507
1784882220,1.4077199697494507,1.4078400135040283,1.4072999954223633,1.4077500104904175
1784882280,1.4077500104904175,1.4079300165176392,1.4074000120162964,1.407789945602417
1784882340,1.4075000286102295,1.407789945602417,1.4071999788284302,1.4077099561691284
1784882400,1.4077099561691284,1.4077199697494507,1.4072999954223633,1.407639980316162
1784882460,1.407639980316162,1.4078099727630615,1.4072999954223633,1.407729983329773
1784882520,1.407729983329773,1.407829999923706,1.4074000120162964,1.4077399969100952
1784882580,1.4077500104904175,1.4078600406646729,1.4072999954223633,1.4076600074768066
1784882640,1.4076600074768066,1.4077199697494507,1.4071999788284302,1.4077099561691284
1784882700,1.4076600074768066,1.4079099893569946,1.4074000120162964,1.4078400135040283
1784882760,1.4078400135040283,1.4079300165176392,1.4075000286102295,1.4076999425888062
1784882820,1.4078999757766724,1.4078999757766724,1.4072999954223633,1.4077600240707397
1784882880,1.4077999591827393,1.4078999757766724,1.4074000120162964,1.407770037651062
1784882940,1.407770037651062,1.4079699516296387,1.4074000120162964,1.4076000452041626
1784883000,1.4078999757766724,1.4079999923706055,1.4076000452041626,1.4076999425888062
1784883060,1.407920002937317,1.4079899787902832,1.4075000286102295,1.4076999425888062
1784883120,1.4079099893569946,1.4079699516296387,1.4074000120162964,1.4079699516296387
1784883180,1.4078999757766724,1.4079300165176392,1.4074000120162964,1.4076000452041626
1784883240,1.4077600240707397,1.4078199863433838,1.4072999954223633,1.4077999591827393
1784883300,1.4077600240707397,1.4078999757766724,1.4074000120162964,1.4078199863433838
1784883360,1.4075000286102295,1.4079099893569946,1.4074000120162964,1.4078400135040283
1784883420,1.4078600406646729,1.4079999923706055,1.4075000286102295,1.4079300165176392
1784883480,1.4079300165176392,1.407979965209961,1.4075000286102295,1.4078999757766724
1784883540,1.4078999757766724,1.4079699516296387,1.4074000120162964,1.40788996219635
1784883600,1.4075000286102295,1.4079999923706055,1.4075000286102295,1.40788996219635
1784883660,1.40788996219635,1.40802001953125,1.4075000286102295,1.4079400300979614
1784883720,1.4079899787902832,1.4080499410629272,1.4075000286102295,1.4078999757766724
1784883780,1.4076000452041626,1.4079999923706055,1.4074000120162964,1.40788996219635
1784883840,1.4078400135040283,1.40802001953125,1.4075000286102295,1.4079999923706055
1784883900,1.407960057258606,1.40802001953125,1.4076000452041626,1.4079999923706055
1784883960,1.4079400300979614,1.4079999923706055,1.4075000286102295,1.407920002937317
1784884020,1.4079300165176392,1.4079999923706055,1.4075000286102295,1.4078500270843506
1784884080,1.4078500270843506,1.407979965209961,1.4076000452041626,1.4078600406646729
1784884140,1.4078600406646729,1.4079099893569946,1.4074000120162964,1.407770037651062
1784884200,1.407770037651062,1.4079099893569946,1.4075000286102295,1.4078400135040283
1784884260,1.4078500270843506,1.407960057258606,1.4075000286102295,1.40788996219635
1784884320,1.407960057258606,1.4080599546432495,1.4076000452041626,1.4076999425888062
1784884380,1.4079500436782837,1.4080599546432495,1.4076000452041626,1.4079899787902832
1784884440,1.4080100059509277,1.408120036125183,1.4076999425888062,1.4076999425888062
1784884500,1.4081000089645386,1.408210039138794,1.4076999425888062,1.4081900119781494
1784884560,1.4081599712371826,1.4082200527191162,1.4076000452041626,1.40802001953125
1784884620,1.4080599546432495,1.4081000089645386,1.4076999425888062,1.4080599546432495
1784884680,1.4080300331115723,1.4081000089645386,1.4076000452041626,1.407979965209961
1784884740,1.4080499410629272,1.408079981803894,1.4075000286102295,1.40788996219635
1784884800,1.40788996219635,1.40802001953125,1.4076000452041626,1.407960057258606
1784884860,1.407960057258606,1.4080699682235718,1.4076000452041626,1.4080599546432495
1784884920,1.4079899787902832,1.4080599546432495,1.4076000452041626,1.407920002937317
1784884980,1.4079300165176392,1.4080499410629272,1.4076000452041626,1.407979965209961
1784885040,1.407960057258606,1.408079981803894,1.4075000286102295,1.4079699516296387
1784885100,1.4079899787902832,1.4080400466918945,1.4075000286102295,1.4079400300979614
1784885160,1.4078799486160278,1.407960057258606,1.4076000452041626,1.4078400135040283
1784885220,1.4076000452041626,1.4079300165176392,1.4074000120162964,1.40788996219635
1784885280,1.4075000286102295,1.4079400300979614,1.4075000286102295,1.407770037651062
1784885340,1.4075000286102295,1.4078600406646729,1.4074000120162964,1.4077600240707397
1784885400,1.4077600240707397,1.40788996219635,1.4075000286102295,1.4078799486160278
1784885460,1.4075000286102295,1.4079500436782837,1.4074000120162964,1.4078799486160278
1784885520,1.4078600406646729,1.4080100059509277,1.4076000452041626,1.4079999923706055
1784885580,1.4076000452041626,1.4080300331115723,1.4075000286102295,1.4076999425888062
1784885640,1.4079400300979614,1.40802001953125,1.4075000286102295,1.4079400300979614
1784885700,1.4079400300979614,1.4080899953842163,1.4076999425888062,1.4080400466918945
1784885760,1.4077999591827393,1.408139944076538,1.4076000452041626,1.4081300497055054
1784885820,1.408079981803894,1.4082399606704712,1.4077999591827393,1.4081599712371826
1784885880,1.4078999757766724,1.408400058746338,1.4078999757766724,1.408329963684082
1784885940,1.4083199501037598,1.4084099531173706,1.4079999923706055,1.4083399772644043
1784886000,1.4081000089645386,1.4086099863052368,1.4081000089645386,1.408560037612915
1784886060,1.4085400104522705,1.4086899757385254,1.4082000255584717,1.4086400270462036
1784886120,1.4086300134658813,1.4087300300598145,1.4082000255584717,1.4085999727249146
1784886180,1.4086400270462036,1.4086600542068481,1.4081000089645386,1.4086099863052368
1784886240,1.4083000421524048,1.4086400270462036,1.4081000089645386,1.408560037612915
1784886300,1.408560037612915,1.4086300134658813,1.4081000089645386,1.4085400104522705
1784886360,1.4085400104522705,1.4086099863052368,1.4081000089645386,1.4085299968719482
1784886420,1.4085099697113037,1.4085700511932373,1.4079999923706055,1.4084700345993042
1784886480,1.4085299968719482,1.408560037612915,1.4081000089645386,1.408560037612915
1784886540,1.4082000255584717,1.4085500240325928,1.4082000255584717,1.408519983291626
1784886600,1.408460021018982,1.408560037612915,1.4081000089645386,1.4084099531173706
1784886660,1.4084099531173706,1.4084700345993042,1.4079999923706055,1.4084099531173706
1784886720,1.4084099531173706,1.4084800481796265,1.4078999757766724,1.4083900451660156
1784886780,1.4083600044250488,1.4084700345993042,1.4079999923706055,1.4083600044250488
1784886840,1.408370018005371,1.4084099531173706,1.4078999757766724,1.408210039138794
1784886900,1.408229947090149,1.408310055732727,1.4077999591827393,1.4082399606704712
1784886960,1.4082399606704712,1.4084399938583374,1.4078999757766724,1.4083499908447266
1784887020,1.4083600044250488,1.408370018005371,1.4076999425888062,1.4081300497055054
1784887080,1.408139944076538,1.4081599712371826,1.4076000452041626,1.4080899953842163
1784887140,1.4080899953842163,1.4082000255584717,1.4076000452041626,1.407960057258606
1784887200,1.407960057258606,1.4080599546432495,1.4074000120162964,1.4079300165176392
1784887260,1.4079699516296387,1.4081699848175049,1.4076000452041626,1.4080699682235718
1784887320,1.4080699682235718,1.4081499576568604,1.4075000286102295,1.4079699516296387
1784887380,1.4079099893569946,1.407979965209961,1.4074000120162964,1.40788996219635
1784887440,1.4078999757766724,1.407979965209961,1.4075000286102295,1.4079300165176392
1784887500,1.4078799486160278,1.40802001953125,1.4075000286102295,1.4079500436782837
1784887560,1.40802001953125,1.4080599546432495,1.4075000286102295,1.4080499410629272
1784887620,1.4080499410629272,1.408139944076538,1.4075000286102295,1.4079999923706055
1784887680,1.4079999923706055,1.4080699682235718,1.4076999425888062,1.4079899787902832
1784887740,1.4079899787902832,1.4080499410629272,1.4075000286102295,1.4079300165176392
1784887800,1.4079300165176392,1.4079999923706055,1.4075000286102295,1.40788996219635
1784887860,1.40788996219635,1.4079099893569946,1.4074000120162964,1.4078600406646729
1784887920,1.4078999757766724,1.407960057258606,1.4075000286102295,1.4078099727630615
1784887980,1.4077600240707397,1.40788996219635,1.4072999954223633,1.4078799486160278
1784888040,1.40788996219635,1.4078999757766724,1.4074000120162964,1.407829999923706
1784888100,1.4078400135040283,1.407960057258606,1.4075000286102295,1.4076000452041626
1784888160,1.4078700542449951,1.4079099893569946,1.4075000286102295,1.407829999923706
1784888220,1.4078500270843506,1.40788996219635,1.4072999954223633,1.407789945602417
1784888280,1.4077399969100952,1.4077999591827393,1.4071999788284302,1.4077199697494507
1784888340,1.4076999425888062,1.4077999591827393,1.4072999954223633,1.4076499938964844
1784888400,1.4077199697494507,1.4078199863433838,1.4072999954223633,1.4076600074768066
1784888460,1.4074000120162964,1.407770037651062,1.4071999788284302,1.407639980316162
1784888520,1.4072999954223633,1.4077099561691284,1.4072999954223633,1.4072999954223633
1784888580,1.4075599908828735,1.4076199531555176,1.407099962234497,1.4072999954223633
1784888640,1.407539963722229,1.4076100587844849,1.4071999788284302,1.4075499773025513
1784888700,1.407539963722229,1.4076000452041626,1.4071999788284302,1.407520055770874
1784888760,1.4075100421905518,1.407580018043518,1.4071999788284302,1.4074599742889404
1784888820,1.4074599742889404,1.4075100421905518,1.407099962234497,1.4073400497436523
1784888880,1.4073400497436523,1.4074599742889404,1.4069000482559204,1.4074000120162964
1784888940,1.4074499607086182,1.4075499773025513,1.407099962234497,1.4075000286102295
1784889000,1.4075000286102295,1.4075700044631958,1.4071999788284302,1.4074900150299072
1784889060,1.407480001449585,1.407580018043518,1.407099962234497,1.407520055770874
1784889120,1.407520055770874,1.4076100587844849,1.4071999788284302,1.407480001449585
1784889180,1.4074499607086182,1.4075100421905518,1.406999945640564,1.4074499607086182
1784889240,1.4074900150299072,1.4075000286102295,1.4069000482559204,1.4073899984359741
1784889300,1.407420039176941,1.4075100421905518,1.407099962234497,1.407439947128296
1784889360,1.407439947128296,1.4074900150299072,1.4069000482559204,1.4072799682617188
1784889420,1.4072799682617188,1.407349944114685,1.406999945640564,1.4073200225830078
1784889480,1.4072699546813965,1.4074100255966187,1.4069000482559204,1.4072999954223633
1784889540,1.4072999954223633,1.4074000120162964,1.406999945640564,1.40733003616333
1784889600,1.4073400497436523,1.4075100421905518,1.406999945640564,1.4075000286102295
1784889660,1.4074699878692627,1.4075499773025513,1.407099962234497,1.407439947128296
1784889720,1.407420039176941,1.4075000286102295,1.406999945640564,1.407439947128296
1784889780,1.4074900150299072,1.4075000286102295,1.407099962234497,1.4074000120162964
1784889840,1.4073899984359741,1.4076199531555176,1.407099962234497,1.4072999954223633
1784889900,1.4075599908828735,1.407670021057129,1.4071999788284302,1.4075499773025513
1784889960,1.4075000286102295,1.4076100587844849,1.4071999788284302,1.4072999954223633
1784890020,1.407580018043518,1.4076100587844849,1.4071999788284302,1.4075299501419067
1784890080,1.4075900316238403,1.4077399969100952,1.4071999788284302,1.4076800346374512
1784890140,1.4076800346374512,1.4077999591827393,1.4072999954223633,1.4074000120162964
1784890200,1.4077399969100952,1.4078999757766724,1.4072999954223633,1.4075000286102295
1784890260,1.4077800512313843,1.4078500270843506,1.4072999954223633,1.4077099561691284
1784890320,1.4077099561691284,1.4078400135040283,1.4074000120162964,1.4078199863433838
1784890380,1.4078199863433838,1.40788996219635,1.4074000120162964,1.4075000286102295
1784890440,1.4077600240707397,1.4078999757766724,1.4075000286102295,1.4078099727630615
1784890500,1.4078099727630615,1.4079500436782837,1.4075000286102295,1.4077600240707397
1784890560,1.407770037651062,1.4078500270843506,1.4074000120162964,1.4077800512313843
1784890620,1.4077800512313843,1.4078600406646729,1.4074000120162964,1.4077399969100952
1784890680,1.4077500104904175,1.4078099727630615,1.4074000120162964,1.4077399969100952
1784890740,1.4077999591827393,1.4078700542449951,1.4075000286102295,1.4075000286102295
1784890800,1.4078199863433838,1.4079500436782837,1.4074000120162964,1.4079099893569946
1784890860,1.4078500270843506,1.4079699516296387,1.4074000120162964,1.407920002937317
1784890920,1.4078799486160278,1.407920002937317,1.4072999954223633,1.4077600240707397
1784890980,1.4078199863433838,1.4078400135040283,1.4074000120162964,1.4077399969100952
1784891040,1.4076000452041626,1.407829999923706,1.4072999954223633,1.4077600240707397
1784891100,1.407770037651062,1.4079300165176392,1.4075000286102295,1.4078600406646729
1784891160,1.4076000452041626,1.408120036125183,1.4076000452041626,1.40802001953125
1784891220,1.4079699516296387,1.4081300497055054,1.4076999425888062,1.4080499410629272
1784891280,1.4080499410629272,1.408120036125183,1.4077999591827393,1.4081000089645386
1784891340,1.4080599546432495,1.408120036125183,1.4076999425888062,1.4080400466918945
1784891400,1.40802001953125,1.4080599546432495,1.4075000286102295,1.407920002937317
1784891460,1.4079699516296387,1.4080300331115723,1.4076999425888062,1.407960057258606
1784891520,1.4079899787902832,1.40802001953125,1.4076999425888062,1.4076999425888062
1784891580,1.4079899787902832,1.4081300497055054,1.4076000452041626,1.4081100225448608
1784891640,1.4080499410629272,1.4080899953842163,1.4076999425888062,1.407960057258606
1784891700,1.4079999923706055,1.4081000089645386,1.4076999425888062,1.4080599546432495
1784891760,1.4076999425888062,1.4080899953842163,1.4076999425888062,1.4080699682235718
1784891820,1.4080699682235718,1.4081100225448608,1.4076999425888062,1.4079899787902832
1784891880,1.4079699516296387,1.4080499410629272,1.4075000286102295,1.4076999425888062
1784891940,1.4079899787902832,1.4081499576568604,1.4076999425888062,1.4081300497055054
1784892000,1.4080899953842163,1.408210039138794,1.4077999591827393,1.4081499576568604
1784892060,1.4081900119781494,1.408229947090149,1.4078999757766724,1.4081699848175049
1784892120,1.4081699848175049,1.4083000421524048,1.4078999757766724,1.4082499742507935
1784892180,1.4083000421524048,1.408310055732727,1.4079999923706055,1.4082399606704712
1784892240,1.4082399606704712,1.408329963684082,1.4079999923706055,1.4082900285720825
1784892300,1.4082599878311157,1.408400058746338,1.4078999757766724,1.4081000089645386
1784892360,1.408329963684082,1.4085099697113037,1.4079999923706055,1.408460021018982
1784892420,1.4084999561309814,1.4085099697113037,1.4081000089645386,1.4084399938583374
1784892480,1.4084399938583374,1.4085099697113037,1.4081000089645386,1.4084700345993042
1784892540,1.4084500074386597,1.4085400104522705,1.4082000255584717,1.4085299968719482
1784892600,1.408519983291626,1.4085899591445923,1.4079999923706055,1.4085299968719482
1784892660,1.4085299968719482,1.40857994556427,1.4082000255584717,1.4084500074386597
1784892720,1.4082000255584717,1.4085899591445923,1.4082000255584717,1.4085899591445923
1784892780,1.4083000421524048,1.4087200164794922,1.4081000089645386,1.4086500406265259
1784892840,1.4086500406265259,1.4088000059127808,1.4083000421524048,1.4087400436401367
1784892900,1.4087799787521362,1.4088399410247803,1.4083000421524048,1.408750057220459
1784892960,1.4088000059127808,1.4088000059127808,1.408400058746338,1.4087400436401367
1784893020,1.408750057220459,1.4088399410247803,1.408400058746338,1.4084999561309814
1784893080,1.4088000059127808,1.4088799953460693,1.4084999561309814,1.408810019493103
1784893140,1.408810019493103,1.4088499546051025,1.4083000421524048,1.4085999727249146
1784893200,1.4087599515914917,1.4088599681854248,1.408400058746338,1.408400058746338
1784893260,1.4086500406265259,1.4087400436401367,1.4083000421524048,1.408400058746338
1784893320,1.40857994556427,1.4086500406265259,1.4083000421524048,1.408560037612915
1784893380,1.408560037612915,1.4086400270462036,1.4083000421524048,1.4085700511932373
1784893440,1.4085999727249146,1.4086400270462036,1.4081000089645386,1.4082000255584717
1784893500,1.4084899425506592,1.4085999727249146,1.4081000089645386,1.4085400104522705
1784893560,1.4085899591445923,1.408619999885559,1.4082000255584717,1.4084700345993042
1784893620,1.4084500074386597,1.4085700511932373,1.4082000255584717,1.4084500074386597
1784893680,1.4084500074386597,1.408519983291626,1.4079999923706055,1.4082000255584717
1784893740,1.4084800481796265,1.408519983291626,1.4082000255584717,1.408519983291626
1784893800,1.4084500074386597,1.40857994556427,1.4082000255584717,1.4085099697113037
1784893860,1.4085099697113037,1.4086400270462036,1.4081000089645386,1.4086400270462036
1784893920,1.4085899591445923,1.4087300300598145,1.4082000255584717,1.4086899757385254
1784893980,1.4086400270462036,1.4086999893188477,1.4081000089645386,1.4083000421524048
1784894040,1.4085500240325928,1.4086899757385254,1.4083000421524048,1.4086300134658813
1784894100,1.40857994556427,1.4088000059127808,1.4083000421524048,1.4084999561309814
1784894160,1.4087300300598145,1.408869981765747,1.4083000421524048,1.408869981765747
1784894220,1.408810019493103,1.4090299606323242,1.4084999561309814,1.4085999727249146
1784894280,1.4089299440383911,1.4089699983596802,1.408400058746338,1.4087400436401367
1784894340,1.408400058746338,1.4088300466537476,1.4083000421524048,1.408750057220459
1784894400,1.408750057220459,1.408869981765747,1.408400058746338,1.4088499546051025
1784894460,1.4087899923324585,1.4089100360870361,1.408400058746338,1.4088599681854248
1784894520,1.4088599681854248,1.4089699983596802,1.4085999727249146,1.4089100360870361
1784894580,1.4085999727249146,1.4090499877929688,1.4084999561309814,1.4089399576187134
1784894640,1.4089399576187134,1.4090399742126465,1.4085999727249146,1.4088799953460693
1784894700,1.4089299440383911,1.4090299606323242,1.4085999727249146,1.4089200496673584
1784894760,1.4088599681854248,1.4089100360870361,1.408400058746338,1.4088000059127808
1784894820,1.4084999561309814,1.4088900089263916,1.408400058746338,1.4086799621582031
1784894880,1.4086699485778809,1.4087400436401367,1.408400058746338,1.4086400270462036
1784894940,1.4086799621582031,1.4086899757385254,1.4079999923706055,1.4085400104522705
1784895000,1.4085400104522705,1.4086899757385254,1.4082000255584717,1.4086400270462036
1784895060,1.4085899591445923,1.4086300134658813,1.4081000089645386,1.4086099863052368
1784895120,1.408560037612915,1.408619999885559,1.4082000255584717,1.4085299968719482
1784895180,1.4083000421524048,1.4087300300598145,1.4082000255584717,1.4086400270462036
1784895240,1.4086899757385254,1.40871000289917,1.4082000255584717,1.4085899591445923
1784895300,1.4083000421524048,1.4087799787521362,1.4083000421524048,1.4087300300598145
1784895360,1.4086799621582031,1.4087899923324585,1.4083000421524048,1.4087799787521362
1784895420,1.4087400436401367,1.4089200496673584,1.408400058746338,1.4088399410247803
1784895480,1.4088200330734253,1.408959984779358,1.4085999727249146,1.4089000225067139
1784895540,1.4089000225067139,1.409060001373291,1.4085999727249146,1.409000039100647
1784895600,1.4090499877929688,1.4091999530792236,1.4085999727249146,1.4089200496673584
1784895660,1.4088799953460693,1.409000039100647,1.4084999561309814,1.4088900089263916
1784895720,1.4088799953460693,1.4089800119400024,1.4085999727249146,1.4088799953460693
1784895780,1.4088799953460693,1.4089499711990356,1.408400058746338,1.4088900089263916
1784895840,1.4085999727249146,1.4089000225067139,1.4084999561309814,1.4088300466537476
1784895900,1.4088200330734253,1.4089900255203247,1.4084999561309814,1.4089000225067139
1784895960,1.4089100360870361,1.409000039100647,1.4085999727249146,1.4089900255203247
1784896020,1.4089399576187134,1.409119963645935,1.4084999561309814,1.4091099500656128
1784896080,1.4090700149536133,1.4091999530792236,1.4088000059127808,1.4088000059127808
1784896140,1.409119963645935,1.4091500043869019,1.4084999561309814,1.409060001373291
1784896200,1.40910005569458,1.409250020980835,1.4088000059127808,1.4091099500656128
1784896260,1.4090900421142578,1.4092799425125122,1.4085999727249146,1.409000039100647
1784896320,1.4092199802398682,1.409559965133667,1.409000039100647,1.4095200300216675
1784896380,1.4094799757003784,1.409890055656433,1.4091999530792236,1.4097800254821777
1784896440,1.4098299741744995,1.4100600481033325,1.4093999862670898,1.4099899530410767
1784896500,1.409999966621399,1.410099983215332,1.409500002861023,1.4100099802017212
1784896560,1.409999966621399,1.4100600481033325,1.409600019454956,1.4100300073623657
1784896620,1.4100500345230103,1.410099983215332,1.409500002861023,1.409809947013855
1784896680,1.4098199605941772,1.4098199605941772,1.4092999696731567,1.4095699787139893
1784896740,1.4095699787139893,1.4097000360488892,1.40910005569458,1.4096499681472778
1784896800,1.4097399711608887,1.409890055656433,1.4092999696731567,1.4098299741744995
1784896860,1.4098299741744995,1.4100199937820435,1.4093999862670898,1.4100099802017212
1784896920,1.4099600315093994,1.4103800058364868,1.4097000360488892,1.4103100299835205
1784896980,1.4103399515151978,1.4104100465774536,1.4098000526428223,1.410230040550232
1784897040,1.410230040550232,1.4105600118637085,1.4098999500274658,1.4103699922561646
1784897100,1.4103699922561646,1.4104399681091309,1.409999966621399,1.410099983215332
1784897160,1.4103399515151978,1.4105499982833862,1.409999966621399,1.4105499982833862
1784897220,1.410539984703064,1.410640001296997,1.4101999998092651,1.4104700088500977
1784897280,1.4104199409484863,1.41048002243042,1.4098999500274658,1.4103200435638428
1784897340,1.4103200435638428,1.4104100465774536,1.4098000526428223,1.410099983215332
1784897400,1.41034996509552,1.4104900360107422,1.4098999500274658,1.4104299545288086
1784897460,1.4104399681091309,1.41048002243042,1.4098999500274658,1.41034996509552
1784897520,1.4104100465774536,1.4105099439620972,1.409999966621399,1.41034996509552
1784897580,1.4104000329971313,1.4104100465774536,1.4098999500274658,1.410230040550232
1784897640,1.4102699756622314,1.4104399681091309,1.4098999500274658,1.4103100299835205
1784897700,1.4103399515151978,1.4104100465774536,1.4098999500274658,1.409999966621399
1784897760,1.410290002822876,1.4103699922561646,1.4098999500274658,1.4103000164031982
1784897820,1.4103599786758423,1.4105000495910645,1.409999966621399,1.4104399681091309
1784897880,1.410390019416809,1.4105199575424194,1.409999966621399,1.410390019416809
1784897940,1.4104000329971313,1.410640001296997,1.410099983215332,1.4101999998092651
1784898000,1.4105499982833862,1.4108099937438965,1.4101999998092651,1.4107500314712524
1784898060,1.4107500314712524,1.4109100103378296,1.4104000329971313,1.4107400178909302
1784898120,1.4107400178909302,1.4111100435256958,1.4103000164031982,1.410949945449829
1784898180,1.411020040512085,1.4110499620437622,1.4105000495910645,1.4108099937438965
1784898240,1.4108200073242188,1.4112099409103394,1.4105000495910645,1.4111299514770508
1784898300,1.4111599922180176,1.4113199710845947,1.4107999801635742,1.4112299680709839
1784898360,1.4112199544906616,1.4113399982452393,1.4106999635696411,1.4110300540924072
1784898420,1.4110300540924072,1.4113099575042725,1.4106999635696411,1.4112600088119507
1784898480,1.4112999439239502,1.411329984664917,1.4108999967575073,1.411120057106018
1784898540,1.411120057106018,1.4113800525665283,1.4107999801635742,1.411370038986206
1784898600,1.4112999439239502,1.4114799499511719,1.4110000133514404,1.411370038986206
1784898660,1.4113199710845947,1.411460041999817,1.4110000133514404,1.4112900495529175
1784898720,1.4113099575042725,1.4113399982452393,1.410599946975708,1.4109599590301514
1784898780,1.4109699726104736,1.4110499620437622,1.4105000495910645,1.4109400510787964
1784898840,1.4109899997711182,1.4111599922180176,1.410599946975708,1.4111100435256958
1784898900,1.4110900163650513,1.4111700057983398,1.4107999801635742,1.41103994846344
1784898960,1.4110900163650513,1.411139965057373,1.4107400178909302,1.4107799530029297
1784899020,1.4107999801635742,1.4108699560165405,1.4107099771499634,1.410730004310608
1784899080,1.410730004310608,1.4108799695968628,1.4104000329971313,1.4107799530029297
1784899140,1.4107799530029297,1.4108500480651855,1.410099983215332,1.4105099439620972
1784899200,1.4105700254440308,1.410580039024353,1.410099983215332,1.41048002243042
1784899260,1.410539984703064,1.4105700254440308,1.410099983215332,1.4104499816894531
1784899320,1.4104000329971313,1.4107199907302856,1.410099983215332,1.4103000164031982
1784899380,1.4106099605560303,1.4106700420379639,1.410099983215332,1.4104399681091309
1784899440,1.4104399681091309,1.4105700254440308,1.410099983215332,1.4104900360107422
1784899500,1.4104900360107422,1.4106700420379639,1.4101999998092651,1.410539984703064
1784899560,1.410539984703064,1.4106099605560303,1.4098999500274658,1.41034996509552
1784899620,1.41034996509552,1.4104000329971313,1.409999966621399,1.41034996509552
1784899680,1.410290002822876,1.4104100465774536,1.409999966621399,1.410290002822876
1784899740,1.410290002822876,1.4103399515151978,1.4097000360488892,1.4100600481033325
1784899800,1.4100799560546875,1.4102400541305542,1.409500002861023,1.4102100133895874
1784899860,1.4102100133895874,1.4104100465774536,1.4098000526428223,1.410230040550232
1784899920,1.410230040550232,1.4106800556182861,1.4098999500274658,1.4106299877166748
1784899980,1.4106500148773193,1.4107099771499634,1.409999966621399,1.4104499816894531
1784900040,1.410099983215332,1.4105000495910645,1.4098999500274658,1.4105000495910645
1784900100,1.4104599952697754,1.410599946975708,1.4101999998092651,1.4105099439620972
1784900160,1.4104499816894531,1.410539984703064,1.410099983215332,1.4105000495910645
1784900220,1.4105099439620972,1.4105099439620972,1.4098999500274658,1.410249948501587
1784900280,1.4103000164031982,1.4103000164031982,1.4097000360488892,1.410040020942688
1784900340,1.4100500345230103,1.4100799560546875,1.409500002861023,1.4098700284957886
1784900400,1.4098399877548218,1.409890055656433,1.4093999862670898,1.409500002861023
1784900460,1.4097299575805664,1.4098299741744995,1.4092999696731567,1.4095699787139893
1784900520,1.4095799922943115,1.4098299741744995,1.4092999696731567,1.409749984741211
1784900580,1.409749984741211,1.4098999500274658,1.4093999862670898,1.4098800420761108
1784900640,1.409809947013855,1.409890055656433,1.4092999696731567,1.409850001335144
1784900700,1.4098299741744995,1.4100699424743652,1.409500002861023,1.4098800420761108
1784900760,1.4098999500274658,1.4101200103759766,1.409500002861023,1.4097000360488892
1784900820,1.4097000360488892,1.410159945487976,1.409600019454956,1.4100300073623657
1784900880,1.4100600481033325,1.4101200103759766,1.4097000360488892,1.4100899696350098
1784900940,1.4100500345230103,1.4101999998092651,1.4098000526428223,1.4101099967956543
1784901000,1.410099983215332,1.410159945487976,1.4097000360488892,1.4097000360488892
1784901060,1.4099600315093994,1.4100300073623657,1.4093999862670898,1.409909963607788
1784901120,1.4098700284957886,1.4099700450897217,1.409500002861023,1.4097900390625
1784901180,1.4097900390625,1.4099700450897217,1.409500002861023,1.409850001335144
1784901240,1.4098399877548218,1.409850001335144,1.4091999530792236,1.409749984741211
1784901300,1.4098000526428223,1.409909963607788,1.409500002861023,1.409809947013855
1784901360,1.4098600149154663,1.409909963607788,1.409500002861023,1.4097800254821777
1784901420,1.4097399711608887,1.409890055656433,1.4093999862670898,1.4093999862670898
1784901480,1.4096699953079224,1.409850001335144,1.4093999862670898,1.409749984741211
1784901540,1.409749984741211,1.4098399877548218,1.4093999862670898,1.4097299575805664
1784901600,1.4097599983215332,1.4098299741744995,1.40910005569458,1.4093300104141235
1784901660,1.409600019454956,1.409600019454956,1.4089000225067139,1.4091999530792236
1784901720,1.4091999530792236,1.4095200300216675,1.40910005569458,1.4094699621200562
1784901780,1.4091999530792236,1.4097000360488892,1.40910005569458,1.4096599817276
1784901840,1.4092999696731567,1.4097399711608887,1.4091999530792236,1.4096499681472778
1784901900,1.4097000360488892,1.4097399711608887,1.4092999696731567,1.409500002861023
1784901960,1.4096800088882446,1.409909963607788,1.4092999696731567,1.4097900390625
1784902020,1.4097399711608887,1.4097900390625,1.4092999696731567,1.4096599817276
1784902080,1.4096699953079224,1.4097299575805664,1.40910005569458,1.4096100330352783
1784902140,1.4096399545669556,1.409690022468567,1.40910005569458,1.4093600511550903
1784902200,1.4093600511550903,1.4094200134277344,1.4088000059127808,1.409250020980835
1784902260,1.409250020980835,1.4094500541687012,1.4089000225067139,1.4093999862670898
1784902320,1.4094200134277344,1.409500002861023,1.40910005569458,1.4094300270080566
1784902380,1.4093799591064453,1.409440040588379,1.4089000225067139,1.409250020980835
1784902440,1.4092700481414795,1.4094300270080566,1.4089000225067139,1.4093600511550903
1784902500,1.4093999862670898,1.4095499515533447,1.4089000225067139,1.40910005569458
1784902560,1.409500002861023,1.4095300436019897,1.40910005569458,1.4093999862670898
1784902620,1.4093600511550903,1.4094200134277344,1.4088000059127808,1.409309983253479
1784902680,1.4092700481414795,1.4095200300216675,1.4089000225067139,1.409369945526123
1784902740,1.4093799591064453,1.409540057182312,1.409000039100647,1.4094799757003784
1784902800,1.4095200300216675,1.4096100330352783,1.409000039100647,1.409500002861023
1784902860,1.4094799757003784,1.409559965133667,1.40910005569458,1.4094699621200562
1784902920,1.409440040588379,1.4094599485397339,1.4089000225067139,1.409309983253479
1784902980,1.409250020980835,1.409350037574768,1.4086999893188477,1.4091299772262573
1784903040,1.4088000059127808,1.4091399908065796,1.4084999561309814,1.4089200496673584
1784903100,1.4089000225067139,1.4089800119400024,1.4084999561309814,1.408869981765747
1784903160,1.408869981765747,1.409019947052002,1.4084999561309814,1.4089699983596802
1784903220,1.409000039100647,1.4092700481414795,1.4085999727249146,1.4092199802398682
1784903280,1.4092199802398682,1.409309983253479,1.4085999727249146,1.4091399908065796
1784903340,1.4091399908065796,1.4092600345611572,1.4089000225067139,1.4091800451278687
1784903400,1.4092199802398682,1.4092999696731567,1.4088000059127808,1.4091099500656128
1784903460,1.4090700149536133,1.4091500043869019,1.4086999893188477,1.4090100526809692
1784903520,1.4090100526809692,1.409060001373291,1.4084999561309814,1.408869981765747
1784903580,1.4089100360870361,1.4091099500656128,1.4084999561309814,1.408959984779358
1784903640,1.4089699983596802,1.4090100526809692,1.4084999561309814,1.4088499546051025
1784903700,1.4088399410247803,1.4088799953460693,1.4083000421524048,1.4087599515914917
1784903760,1.4088200330734253,1.4088499546051025,1.4082000255584717,1.40857994556427
1784903820,1.4086400270462036,1.4088499546051025,1.4083000421524048,1.4087599515914917
1784903880,1.4087799787521362,1.4088300466537476,1.408400058746338,1.408750057220459
1784903940,1.408750057220459,1.408810019493103,1.4083000421524048,1.4087400436401367
1784904000,1.4087400436401367,1.4088300466537476,1.408400058746338,1.4087400436401367
1784904060,1.4087400436401367,1.4089000225067139,1.4083000421524048,1.4086999893188477
1784904120,1.4083000421524048,1.4088399410247803,1.4083000421524048,1.4087599515914917
1784904180,1.4087799787521362,1.4089200496673584,1.408400058746338,1.4088900089263916
1784904240,1.4088399410247803,1.4089800119400024,1.4084999561309814,1.4088499546051025
1784904300,1.4088499546051025,1.4089800119400024,1.4084999561309814,1.4088200330734253
1784904360,1.408769965171814,1.4088499546051025,1.4082000255584717,1.4085099697113037
1784904420,1.4085500240325928,1.4086999893188477,1.4081000089645386,1.40857994556427
1784904480,1.40857994556427,1.408619999885559,1.4082000255584717,1.4085899591445923
1784904540,1.4085400104522705,1.4086099863052368,1.4081000089645386,1.4084500074386597
1784904600,1.4084500074386597,1.408619999885559,1.4081000089645386,1.4085400104522705
1784904660,1.4085299968719482,1.4086500406265259,1.4082000255584717,1.4083000421524048
1784904720,1.408560037612915,1.408619999885559,1.4079999923706055,1.4084399938583374
1784904780,1.408460021018982,1.4086600542068481,1.4081000089645386,1.4086500406265259
1784904840,1.4085899591445923,1.4086500406265259,1.4079999923706055,1.4083499908447266
1784904900,1.408310055732727,1.4084099531173706,1.4077999591827393,1.4082399606704712
1784904960,1.4081900119781494,1.4082499742507935,1.4077999591827393,1.4080499410629272
1784905020,1.4076999425888062,1.4081000089645386,1.4075000286102295,1.4079899787902832
1784905080,1.4079999923706055,1.4081499576568604,1.4075000286102295,1.4080899953842163
1784905140,1.4080899953842163,1.4082000255584717,1.4076999425888062,1.408139944076538
1784905200,1.4081499576568604,1.408229947090149,1.4077999591827393,1.4081300497055054
1784905260,1.4080899953842163,1.4081900119781494,1.4076000452041626,1.4080699682235718
1784905320,1.4080899953842163,1.408120036125183,1.4075000286102295,1.4079400300979614
1784905380,1.4079400300979614,1.4081499576568604,1.4076000452041626,1.408079981803894
1784905440,1.408079981803894,1.4081499576568604,1.4076000452041626,1.4080699682235718
1784905500,1.408120036125183,1.408120036125183,1.4075000286102295,1.407979965209961
1784905560,1.4079699516296387,1.4079999923706055,1.4074000120162964,1.4078799486160278
1784905620,1.4078999757766724,1.4080300331115723,1.4074000120162964,1.4077600240707397
1784905680,1.4077600240707397,1.4077999591827393,1.4072999954223633,1.4076900482177734
1784905740,1.4076900482177734,1.4077600240707397,1.4071999788284302,1.4076999425888062
1784905800,1.4076999425888062,1.4078700542449951,1.4071999788284302,1.4075499773025513
1784905860,1.407539963722229,1.4078600406646729,1.407099962234497,1.4077500104904175
1784905920,1.407770037651062,1.407920002937317,1.4074000120162964,1.4078400135040283
1784905980,1.407770037651062,1.4079400300979614,1.4075000286102295,1.40788996219635
1784906040,1.4078500270843506,1.407920002937317,1.4072999954223633,1.4076800346374512
1784906100,1.4076900482177734,1.4077600240707397,1.407099962234497,1.407520055770874
1784906160,1.407480001449585,1.4076900482177734,1.407099962234497,1.4076100587844849
1784906220,1.407670021057129,1.407920002937317,1.4072999954223633,1.4077800512313843
1784906280,1.4077800512313843,1.407960057258606,1.4074000120162964,1.4079300165176392
1784906340,1.4078799486160278,1.4081499576568604,1.4076000452041626,1.408079981803894
1784906400,1.4081000089645386,1.4081499576568604,1.4076000452041626,1.4081100225448608
1784906460,1.4081900119781494,1.4082200527191162,1.4076000452041626,1.4079099893569946
1784906520,1.407920002937317,1.4080599546432495,1.4075000286102295,1.4080300331115723
1784906580,1.407960057258606,1.4080599546432495,1.4076000452041626,1.4076000452041626
1784906640,1.4076000452041626,1.408210039138794,1.4076000452041626,1.4081300497055054
1784906700,1.4078999757766724,1.4081900119781494,1.4076999425888062,1.4080400466918945
1784906760,1.4080899953842163,1.4082200527191162,1.4076999425888062,1.4081900119781494
1784906820,1.408229947090149,1.4082800149917603,1.4077999591827393,1.4081599712371826
1784906880,1.4081599712371826,1.4083000421524048,1.4077999591827393,1.4081799983978271
1784906940,1.4081799983978271,1.4083000421524048,1.4076999425888062,1.4082599878311157
1784907000,1.4082599878311157,1.4083399772644043,1.4077999591827393,1.4081599712371826
1784907060,1.4081599712371826,1.408229947090149,1.4076999425888062,1.4080599546432495
1784907120,1.4080599546432495,1.4082200527191162,1.4077999591827393,1.4082200527191162
1784907180,1.4081599712371826,1.4082399606704712,1.4076999425888062,1.4079699516296387
1784907240,1.40802001953125,1.4082399606704712,1.4076000452041626,1.4082200527191162
1784907300,1.4081799983978271,1.4083399772644043,1.4077999591827393,1.4082599878311157
1784907360,1.4082599878311157,1.4083199501037598,1.4078999757766724,1.4082800149917603
1784907420,1.4079999923706055,1.4083199501037598,1.4078999757766724,1.4082499742507935
1784907480,1.4082499742507935,1.4082900285720825,1.4077999591827393,1.4081499576568604
1784907540,1.4081499576568604,1.4081900119781494,1.4076999425888062,1.4076999425888062
1784907600,1.4080400466918945,1.4081499576568604,1.4076999425888062,1.4080599546432495
1784907660,1.4080599546432495,1.4083000421524048,1.4077999591827393,1.4081599712371826
1784907720,1.4081599712371826,1.408329963684082,1.4078999757766724,1.4082599878311157
1784907780,1.4082599878311157,1.4086400270462036,1.4079999923706055,1.4084899425506592
1784907840,1.4084899425506592,1.408560037612915,1.4081000089645386,1.4085099697113037
1784907900,1.408460021018982,1.4085099697113037,1.4079999923706055,1.408400058746338
1784907960,1.408400058746338,1.4084999561309814,1.4079999923706055,1.4083900451660156
1784908020,1.4083900451660156,1.4084399938583374,1.4078999757766724,1.408310055732727
1784908080,1.4083199501037598,1.4084099531173706,1.4079999923706055,1.4083199501037598
1784908140,1.4083000421524048,1.4083800315856934,1.4078999757766724,1.408229947090149
1784908200,1.408229947090149,1.4082800149917603,1.4077999591827393,1.4080899953842163
1784908260,1.408079981803894,1.4081300497055054,1.4077999591827393,1.408120036125183
1784908320,1.4080699682235718,1.4083000421524048,1.4076999425888062,1.4082399606704712
1784908380,1.4082000255584717,1.408229947090149,1.4077999591827393,1.4080699682235718
1784908440,1.4081100225448608,1.4082800149917603,1.4077999591827393,1.4082200527191162
1784908500,1.4081799983978271,1.408270001411438,1.4077999591827393,1.4081900119781494
1784908560,1.4082000255584717,1.4082000255584717,1.4076999425888062,1.4080499410629272
1784908620,1.4080499410629272,1.4081599712371826,1.4076000452041626,1.4079500436782837
1784908680,1.4079999923706055,1.4081699848175049,1.4076000452041626,1.4080300331115723
1784908740,1.4080300331115723,1.4080899953842163,1.4076000452041626,1.4079400300979614
1784908800,1.4079699516296387,1.4081499576568604,1.4076000452041626,1.4080599546432495
1784908860,1.4080599546432495,1.4082200527191162,1.4077999591827393,1.4080699682235718
1784908920,1.4080699682235718,1.4082200527191162,1.4077999591827393,1.4078999757766724
1784908980,1.4081599712371826,1.408210039138794,1.4076999425888062,1.4080499410629272
1784909040,1.4081000089645386,1.4081100225448608,1.4076999425888062,1.4080400466918945
1784909100,1.4080400466918945,1.4081100225448608,1.4076999425888062,1.4080499410629272
1784909160,1.4080499410629272,1.4081699848175049,1.4076999425888062,1.4081300497055054
1784909220,1.4078999757766724,1.4081799983978271,1.4076999425888062,1.4078999757766724
1784909280,1.4080499410629272,1.408139944076538,1.4076999425888062,1.407960057258606
1784909340,1.4080100059509277,1.4080100059509277,1.4076000452041626,1.4077999591827393
1784909400,1.407979965209961,1.40802001953125,1.4076000452041626,1.4079500436782837
1784909460,1.4079500436782837,1.4080400466918945,1.4076000452041626,1.4079300165176392
1784909520,1.4078799486160278,1.4079300165176392,1.4075000286102295,1.4078500270843506
1784909580,1.4078500270843506,1.4079099893569946,1.4075000286102295,1.4078500270843506
1784909640,1.4078500270843506,1.407920002937317,1.4075000286102295,1.4078400135040283
1784909700,1.4078500270843506,1.4081000089645386,1.4075000286102295,1.4079300165176392
1784909760,1.4079400300979614,1.4079999923706055,1.4076000452041626,1.4079099893569946
1784909820,1.4078700542449951,1.4079099893569946,1.4075000286102295,1.4078700542449951
1784909880,1.4078999757766724,1.407979965209961,1.4075000286102295,1.407829999923706
1784909940,1.407829999923706,1.4079699516296387,1.4075000286102295,1.4078500270843506
1784910000,1.4078500270843506,1.4079099893569946,1.4075000286102295,1.4075000286102295
1784910060,1.4078199863433838,1.4079999923706055,1.4075000286102295,1.4077999591827393
1784910120,1.407979965209961,1.4081000089645386,1.4076000452041626,1.4081000089645386
1784910180,1.4080499410629272,1.4082399606704712,1.4077999591827393,1.4081599712371826
1784910240,1.4081599712371826,1.4082000255584717,1.4076000452041626,1.4076000452041626
1784910300,1.4079500436782837,1.4080499410629272,1.4075000286102295,1.4078400135040283
1784910360,1.40788996219635,1.4079500436782837,1.4075000286102295,1.4078600406646729
1784910420,1.4078700542449951,1.4079699516296387,1.4076000452041626,1.4079300165176392
1784910480,1.407979965209961,1.407979965209961,1.4075000286102295,1.4078500270843506
1784910540,1.4078500270843506,1.4078999757766724,1.4075000286102295,1.4078199863433838
1784910600,1.4077800512313843,1.408139944076538,1.4075000286102295,1.4081100225448608
1784910660,1.4081000089645386,1.4081100225448608,1.4076000452041626,1.4078799486160278
1784910720,1.4078700542449951,1.4081000089645386,1.4075000286102295,1.4081000089645386
1784910780,1.4080699682235718,1.408120036125183,1.4076999425888062,1.4079899787902832
1784910840,1.40802001953125,1.4080899953842163,1.4076999425888062,1.4079899787902832
1784910900,1.40802001953125,1.4082000255584717,1.4076999425888062,1.4078999757766724
1784910960,1.4081599712371826,1.4082399606704712,1.4077999591827393,1.4078999757766724
1784911020,1.4081699848175049,1.4082399606704712,1.4077999591827393,1.4081499576568604
1784911080,1.4081499576568604,1.408310055732727,1.4077999591827393,1.4082499742507935
1784911140,1.408270001411438,1.4083000421524048,1.4077999591827393,1.4082499742507935
1784911200,1.4082399606704712,1.4084500074386597,1.4078999757766724,1.4084399938583374
1784911260,1.4083900451660156,1.4084899425506592,1.4081000089645386,1.408400058746338
1784911320,1.4084399938583374,1.4085500240325928,1.4081000089645386,1.4085299968719482
1784911380,1.4085500240325928,1.4085999727249146,1.4082000255584717,1.4085400104522705
1784911440,1.4085400104522705,1.4086500406265259,1.4081000089645386,1.408519983291626
1784911500,1.4085299968719482,1.40857994556427,1.4081000089645386,1.4085400104522705
1784911560,1.4082000255584717,1.40857994556427,1.4082000255584717,1.4085299968719482
1784911620,1.4082000255584717,1.4086099863052368,1.4082000255584717,1.40857994556427
1784911680,1.4082000255584717,1.408750057220459,1.4082000255584717,1.4086799621582031
1784911740,1.4086999893188477,1.4088300466537476,1.408400058746338,1.4086799621582031
1784911800,1.4086999893188477,1.4087400436401367,1.408400058746338,1.4086799621582031
1784911860,1.4086699485778809,1.4087200164794922,1.4083000421524048,1.4086699485778809
1784911920,1.40871000289917,1.40871000289917,1.4083000421524048,1.4086899757385254
1784911980,1.4086400270462036,1.4086999893188477,1.4083000421524048,1.408400058746338
1784912040,1.408400058746338,1.4086999893188477,1.4081000089645386,1.408619999885559
1784912100,1.408619999885559,1.4086899757385254,1.4082000255584717,1.408560037612915
1784912160,1.408560037612915,1.408619999885559,1.4082000255584717,1.4085299968719482
1784912220,1.4082000255584717,1.4085500240325928,1.4081000089645386,1.4084800481796265
1784912280,1.4084899425506592,1.4085299968719482,1.4081000089645386,1.4084399938583374
1784912340,1.4084500074386597,1.408519983291626,1.4081000089645386,1.4084500074386597
1784912400,1.4084700345993042,1.4086999893188477,1.4082000255584717,1.4086300134658813
1784912460,1.4086099863052368,1.4087200164794922,1.4083000421524048,1.408619999885559
1784912520,1.408619999885559,1.4086999893188477,1.4083000421524048,1.4086400270462036
1784912580,1.4086699485778809,1.408750057220459,1.4083000421524048,1.408619999885559
1784912640,1.408619999885559,1.4088000059127808,1.4083000421524048,1.4087599515914917
1784912700,1.408810019493103,1.4089499711990356,1.4084999561309814,1.4089000225067139
1784912760,1.4089399576187134,1.4091399908065796,1.4085999727249146,1.4090900421142578
1784912820,1.4090399742126465,1.4091999530792236,1.4086999893188477,1.4091500043869019
1784912880,1.409190058708191,1.4092899560928345,1.4088000059127808,1.4092199802398682
1784912940,1.4091700315475464,1.409350037574768,1.4089000225067139,1.4091800451278687
1784913000,1.409190058708191,1.4092799425125122,1.4089000225067139,1.4092299938201904
1784913060,1.4092700481414795,1.4093600511550903,1.4089000225067139,1.409190058708191
1784913120,1.409190058708191,1.4093300104141235,1.4088000059127808,1.4091999530792236
1784913180,1.4091700315475464,1.4092199802398682,1.4088000059127808,1.4090800285339355
1784913240,1.409060001373291,1.4092400074005127,1.4086999893188477,1.4092400074005127
1784913300,1.4091999530792236,1.4092400074005127,1.4088000059127808,1.4088000059127808
1784913360,1.4088000059127808,1.409250020980835,1.4088000059127808,1.409190058708191
1784913420,1.4092299938201904,1.409250020980835,1.4088000059127808,1.4091099500656128
1784913480,1.409119963645935,1.409250020980835,1.4088000059127808,1.4091999530792236
1784913540,1.409209966659546,1.4092600345611572,1.4089000225067139,1.409209966659546
1784913600,1.4092700481414795,1.409309983253479,1.4089000225067139,1.409000039100647
1784913660,1.4092700481414795,1.4093199968338013,1.4089000225067139,1.4089000225067139
1784913720,1.409250020980835,1.4093999862670898,1.4089000225067139,1.4093300104141235
1784913780,1.4093300104141235,1.409409999847412,1.409000039100647,1.409350037574768
1784913840,1.4093999862670898,1.409500002861023,1.409000039100647,1.4093899726867676
1784913900,1.4093899726867676,1.4095200300216675,1.40910005569458,1.4094699621200562
1784913960,1.40910005569458,1.409500002861023,1.40910005569458,1.4094599485397339
1784914020,1.40910005569458,1.409500002861023,1.40910005569458,1.40910005569458
1784914080,1.4094200134277344,1.4094799757003784,1.40910005569458,1.4093899726867676
1784914140,1.40910005569458,1.4094500541687012,1.40910005569458,1.4093799591064453
1784914200,1.4093799591064453,1.409440040588379,1.4089000225067139,1.409250020980835
1784914260,1.409000039100647,1.409350037574768,1.4089000225067139,1.4092799425125122
1784914320,1.4093199968338013,1.4093600511550903,1.409000039100647,1.4092600345611572
1784914380,1.4092700481414795,1.4093199968338013,1.4089000225067139,1.409190058708191
1784914440,1.409190058708191,1.4093999862670898,1.4089000225067139,1.4092799425125122
1784914500,1.409350037574768,1.4094500541687012,1.4089000225067139,1.4094300270080566
1784914560,1.4091999530792236,1.4094699621200562,1.40910005569458,1.4094599485397339
1784914620,1.409409999847412,1.4094599485397339,1.40910005569458,1.4093799591064453
1784914680,1.4091999530792236,1.4094599485397339,1.40910005569458,1.409409999847412
1784914740,1.409409999847412,1.4095300436019897,1.4091999530792236,1.4094699621200562
1784914800,1.409500002861023,1.409559965133667,1.4091999530792236,1.409540057182312
1784914860,1.4095499515533447,1.4097000360488892,1.4092999696731567,1.4095799922943115
1784914920,1.4095799922943115,1.4096499681472778,1.4092999696731567,1.4095699787139893
1784914980,1.4095699787139893,1.409690022468567,1.4091999530792236,1.4096299409866333
1784915040,1.4095900058746338,1.4096599817276,1.4092999696731567,1.4092999696731567
1784915100,1.4096499681472778,1.4097000360488892,1.4092999696731567,1.4096299409866333
1784915160,1.4096200466156006,1.4097100496292114,1.4092999696731567,1.4096699953079224
1784915220,1.4096699953079224,1.4098000526428223,1.4092999696731567,1.409500002861023
1784915280,1.4097399711608887,1.4098399877548218,1.4093999862670898,1.4097599983215332
1784915340,1.4097599983215332,1.409809947013855,1.4093999862670898,1.4093999862670898
1784915400,1.4093999862670898,1.4097599983215332,1.4093999862670898,1.4093999862670898
1784915460,1.4096800088882446,1.4098700284957886,1.4093999862670898,1.4098199605941772
1784915520,1.4098199605941772,1.4098999500274658,1.409500002861023,1.4098399877548218
1784915580,1.4098399877548218,1.4098999500274658,1.409500002861023,1.4098399877548218
1784915640,1.4098399877548218,1.4099500179290771,1.409500002861023,1.4098000526428223
1784915700,1.4098000526428223,1.4098399877548218,1.4093999862670898,1.4096800088882446
1784915760,1.4097000360488892,1.409749984741211,1.4092999696731567,1.4096699953079224
1784915820,1.4097199440002441,1.4098299741744995,1.4093999862670898,1.4097000360488892
1784915880,1.4097100496292114,1.409809947013855,1.4093999862670898,1.4097199440002441
1784915940,1.4097199440002441,1.4097800254821777,1.4093999862670898,1.4097100496292114
1784916000,1.4097000360488892,1.4097599983215332,1.4092999696731567,1.4096599817276
1784916060,1.4096599817276,1.4097399711608887,1.4092999696731567,1.4096800088882446
1784916120,1.4096800088882446,1.4097800254821777,1.4092999696731567,1.4097199440002441
1784916180,1.4097199440002441,1.4098700284957886,1.4093999862670898,1.4098199605941772
1784916240,1.4098199605941772,1.4098700284957886,1.4093999862670898,1.4097299575805664
1784916300,1.4093999862670898,1.4098199605941772,1.4093999862670898,1.4098000526428223
1784916360,1.409749984741211,1.409850001335144,1.409500002861023,1.409850001335144
1784916420,1.4098000526428223,1.4098399877548218,1.409500002861023,1.4097599983215332
1784916480,1.4097599983215332,1.4098399877548218,1.4093999862670898,1.4098000526428223
1784916540,1.4097599983215332,1.409809947013855,1.4093999862670898,1.4096699953079224
1784916600,1.4096699953079224,1.4097299575805664,1.4092999696731567,1.4096599817276
1784916660,1.4096599817276,1.4097299575805664,1.4092999696731567,1.4096399545669556
1784916720,1.4096399545669556,1.4096800088882446,1.4092999696731567,1.4095900058746338
1784916780,1.4095900058746338,1.4096800088882446,1.4092999696731567,1.4096399545669556
1784916840,1.4095900058746338,1.4097199440002441,1.4092999696731567,1.4096599817276
1784916900,1.4096599817276,1.4097100496292114,1.4092999696731567,1.4096499681472778
1784916960,1.4096499681472778,1.4097100496292114,1.4092999696731567,1.4096399545669556
1784917020,1.4093999862670898,1.409690022468567,1.4092999696731567,1.409600019454956
1784917080,1.4092999696731567,1.4097399711608887,1.4092999696731567,1.409690022468567
1784917140,1.409690022468567,1.4097599983215332,1.4093999862670898,1.4097100496292114
1784917200,1.4097100496292114,1.409809947013855,1.4093999862670898,1.409600019454956
1784917260,1.409749984741211,1.4098399877548218,1.409500002861023,1.4097800254821777
1784917320,1.4097800254821777,1.4098399877548218,1.409500002861023,1.409749984741211
1784917380,1.409600019454956,1.4098199605941772,1.409500002861023,1.4097599983215332
1784917440,1.4097599983215332,1.4098399877548218,1.409500002861023,1.409809947013855
1784917500,1.409809947013855,1.4098199605941772,1.4093999862670898,1.4096599817276
1784917560,1.4096599817276,1.4097599983215332,1.4092999696731567,1.4097100496292114
1784917620,1.4096800088882446,1.409809947013855,1.4093999862670898,1.4098000526428223
1784917680,1.4097599983215332,1.4098199605941772,1.4093999862670898,1.409690022468567
1784917740,1.409690022468567,1.4097599983215332,1.4092999696731567,1.4093999862670898
1784917800,1.4096599817276,1.4097299575805664,1.4092999696731567,1.4096499681472778
1784917860,1.4096499681472778,1.4097000360488892,1.4092999696731567,1.4096599817276
1784917920,1.4092999696731567,1.4097199440002441,1.4091999530792236,1.4092999696731567
1784917980,1.4096800088882446,1.4098000526428223,1.4092999696731567,1.409600019454956
1784918040,1.4098000526428223,1.4098800420761108,1.4093999862670898,1.4097800254821777
1784918100,1.4097800254821777,1.409850001335144,1.4093999862670898,1.4093999862670898
1784918160,1.4097100496292114,1.4097599983215332,1.4092999696731567,1.4096599817276
1784918220,1.4096599817276,1.4097100496292114,1.4092999696731567,1.4092999696731567
1784918280,1.4092999696731567,1.4097000360488892,1.4092999696731567,1.4093999862670898
1784918340,1.4096200466156006,1.409749984741211,1.4092999696731567,1.4092999696731567
1784918400,1.4096699953079224,1.409809947013855,1.4093999862670898,1.4097800254821777
1784918460,1.409809947013855,1.4098299741744995,1.4093999862670898,1.4097800254821777
1784918520,1.4097700119018555,1.4098399877548218,1.4092999696731567,1.4096800088882446
1784918580,1.4097299575805664,1.4098199605941772,1.4092999696731567,1.409749984741211
1784918640,1.4097599983215332,1.4098000526428223,1.4093999862670898,1.4097199440002441
1784918700,1.4097199440002441,1.409749984741211,1.4092999696731567,1.4096699953079224
1784918760,1.4096699953079224,1.4097199440002441,1.4091999530792236,1.4092999696731567
1784918820,1.4095799922943115,1.4096399545669556,1.4091999530792236,1.409559965133667
1784918880,1.4095100164413452,1.409600019454956,1.4091999530792236,1.4091999530792236
1784918940,1.4095699787139893,1.4096299409866333,1.4091999530792236,1.409559965133667
1784919000,1.409559965133667,1.4096599817276,1.4091999530792236,1.4095799922943115
1784919060,1.4095699787139893,1.4096399545669556,1.4091999530792236,1.4096200466156006
1784919120,1.4095799922943115,1.4096200466156006,1.4091999530792236,1.409559965133667
1784919180,1.4095799922943115,1.4097199440002441,1.4091999530792236,1.4096499681472778
1784919240,1.4096499681472778,1.4097199440002441,1.4092999696731567,1.4097199440002441
1784919300,1.4096599817276,1.4097800254821777,1.4092999696731567,1.4096599817276
1784919360,1.4096499681472778,1.4096499681472778,1.4092999696731567,1.4096299409866333
1784919420,1.4095900058746338,1.4097399711608887,1.4092999696731567,1.4097199440002441
1784919480,1.4097000360488892,1.4097399711608887,1.4092999696731567,1.409600019454956
1784919540,1.409600019454956,1.4096499681472778,1.40910005569458,1.4096299409866333
1784919600,1.4096200466156006,1.4096599817276,1.4091999530792236,1.4095900058746338
1784919660,1.4095900058746338,1.4096200466156006,1.4091999530792236,1.4096200466156006
1784919720,1.4095699787139893,1.4096399545669556,1.4091999530792236,1.409559965133667
1784919780,1.409559965133667,1.4096299409866333,1.4091999530792236,1.4095699787139893
1784919840,1.4095699787139893,1.4097199440002441,1.4091999530792236,1.4092999696731567
1784919900,1.4096699953079224,1.4098199605941772,1.4092999696731567,1.4097800254821777
1784919960,1.4097800254821777,1.4098399877548218,1.4093999862670898,1.409500002861023
1784920020,1.4097800254821777,1.4098399877548218,1.4093999862670898,1.4097800254821777
1784920080,1.4097800254821777,1.4098299741744995,1.4092999696731567,1.4096699953079224
1784920140,1.4092999696731567,1.4097700119018555,1.4092999696731567,1.4097299575805664
1784920200,1.4092999696731567,1.4097399711608887,1.4092999696731567,1.4096800088882446
1784920260,1.4096699953079224,1.4097199440002441,1.4092999696731567,1.4096599817276
1784920320,1.4092999696731567,1.4097000360488892,1.4091999530792236,1.4095699787139893
1784920380,1.4095699787139893,1.4097100496292114,1.4091999530792236,1.4092999696731567
1784920440,1.409500002861023,1.4097100496292114,1.4092999696731567,1.4096599817276
1784920500,1.4093999862670898,1.4097399711608887,1.4091999530792236,1.4096699953079224
1784920560,1.4092999696731567,1.4097700119018555,1.4092999696731567,1.4097199440002441
1784920620,1.4096699953079224,1.4097199440002441,1.4092999696731567,1.4096699953079224
1784920680,1.4097199440002441,1.4097700119018555,1.4092999696731567,1.4097599983215332
1784920740,1.4097100496292114,1.4097700119018555,1.4092999696731567,1.4092999696731567
1784920800,1.4096599817276,1.409749984741211,1.4092999696731567,1.4096599817276
1784920860,1.4096599817276,1.4097399711608887,1.4092999696731567,1.4096499681472778
1784920920,1.4092999696731567,1.4097199440002441,1.4091999530792236,1.4096499681472778
1784920980,1.409600019454956,1.4097100496292114,1.4091999530792236,1.4096499681472778
1784921040,1.4096399545669556,1.409809947013855,1.4092999696731567,1.4097000360488892
1784921100,1.4097000360488892,1.4098199605941772,1.4092999696731567,1.4093999862670898
1784921160,1.409600019454956,1.4098199605941772,1.4093999862670898,1.4097599983215332
1784921220,1.409809947013855,1.409809947013855,1.4093999862670898,1.4097900390625
1784921280,1.4098000526428223,1.4098199605941772,1.4093999862670898,1.4097700119018555
1784921340,1.4097700119018555,1.4098399877548218,1.4093999862670898,1.409749984741211
1784921400,1.4097599983215332,1.4098199605941772,1.4093999862670898,1.4097700119018555
1784921460,1.4097700119018555,1.4098999500274658,1.4093999862670898,1.4098199605941772
1784921520,1.4098299741744995,1.4098600149154663,1.4093999862670898,1.4097700119018555
1784921580,1.4097700119018555,1.4098399877548218,1.4093999862670898,1.4098199605941772
1784921640,1.4098299741744995,1.409850001335144,1.4093999862670898,1.4098000526428223
1784921700,1.4097900390625,1.409890055656433,1.4093999862670898,1.4098299741744995
1784921760,1.4098700284957886,1.4099400043487549,1.409500002861023,1.4098700284957886
1784921820,1.4098700284957886,1.4099600315093994,1.4092999696731567,1.4097199440002441
1784921880,1.4092999696731567,1.4097700119018555,1.4092999696731567,1.409690022468567
1784921940,1.4097000360488892,1.4097599983215332,1.4092999696731567,1.4092999696731567
1784922000,1.4092999696731567,1.4097399711608887,1.4092999696731567,1.4096499681472778
1784922060,1.4096800088882446,1.4097199440002441,1.4091999530792236,1.4096399545669556
1784922120,1.409600019454956,1.4097199440002441,1.4091999530792236,1.4096499681472778
1784922180,1.409600019454956,1.4097199440002441,1.4091999530792236,1.4096499681472778
1784922240,1.4096499681472778,1.4098199605941772,1.4092999696731567,1.4097599983215332
1784922300,1.4097599983215332,1.409850001335144,1.4093999862670898,1.4097399711608887
1784922360,1.4097399711608887,1.409850001335144,1.4092999696731567,1.4098399877548218
1784922420,1.4097900390625,1.4098999500274658,1.4093999862670898,1.409500002861023
1784922480,1.4098000526428223,1.4098600149154663,1.4093999862670898,1.409809947013855
1784922540,1.409809947013855,1.4098600149154663,1.4093999862670898,1.4093999862670898
1784922600,1.409749984741211,1.409909963607788,1.4093999862670898,1.409850001335144
1784922660,1.409850001335144,1.4099500179290771,1.409500002861023,1.4098700284957886
1784922720,1.4098800420761108,1.4100099802017212,1.409500002861023,1.4100099802017212
1784922780,1.4099500179290771,1.4100600481033325,1.409600019454956,1.409980058670044
1784922840,1.409980058670044,1.4101200103759766,1.409600019454956,1.4097000360488892
1784922900,1.4100500345230103,1.4102400541305542,1.4097000360488892,1.4098000526428223
1784922960,1.4101200103759766,1.410159945487976,1.409600019454956,1.409999966621399
1784923020,1.409980058670044,1.4100600481033325,1.409600019454956,1.4099700450897217
1784923080,1.4099199771881104,1.409999966621399,1.409500002861023,1.409980058670044
1784923140,1.4099400043487549,1.4101500511169434,1.409600019454956,1.4100799560546875
1784923200,1.4100300073623657,1.4102699756622314,1.4097000360488892,1.4101899862289429
1784923260,1.4101899862289429,1.4102400541305542,1.4097000360488892,1.410140037536621
1784923320,1.410140037536621,1.4103200435638428,1.4098000526428223,1.4098999500274658
1784923380,1.4102400541305542,1.4103000164031982,1.4098000526428223,1.4102400541305542
1784923440,1.4101999998092651,1.4102599620819092,1.4098000526428223,1.4101999998092651
1784923500,1.410230040550232,1.4104000329971313,1.4098000526428223,1.4103100299835205
1784923560,1.4103399515151978,1.4103599786758423,1.4098999500274658,1.4103000164031982
1784923620,1.4103000164031982,1.41034996509552,1.4098000526428223,1.4102699756622314
1784923680,1.409999966621399,1.4102799892425537,1.4098000526428223,1.4098000526428223
1784923740,1.4098999500274658,1.4103000164031982,1.4098000526428223,1.4102799892425537
1784923800,1.4101999998092651,1.410290002822876,1.4098000526428223,1.4098000526428223
1784923860,1.410159945487976,1.4102799892425537,1.4098000526428223,1.4101799726486206
1784923920,1.410159945487976,1.410230040550232,1.4098000526428223,1.410159945487976
1784923980,1.4101899862289429,1.4101899862289429,1.4097000360488892,1.4098999500274658
1784924040,1.4101099967956543,1.4101899862289429,1.4097000360488892,1.4097000360488892
1784924100,1.4101200103759766,1.4102699756622314,1.4098000526428223,1.4101999998092651
1784924160,1.4102400541305542,1.4103000164031982,1.4098000526428223,1.4098999500274658
1784924220,1.409999966621399,1.4103000164031982,1.4098000526428223,1.410230040550232
1784924280,1.4102400541305542,1.4103000164031982,1.4098000526428223,1.4102400541305542
1784924340,1.4098999500274658,1.4104000329971313,1.4098999500274658,1.4098999500274658
1784924400,1.4103000164031982,1.4104000329971313,1.4098999500274658,1.4098999500274658
1784924460,1.4103200435638428,1.4104000329971313,1.4098999500274658,1.4103699922561646
1784924520,1.4103100299835205,1.4104000329971313,1.409999966621399,1.409999966621399
1784924580,1.410330057144165,1.4104000329971313,1.4098999500274658,1.4102599620819092
1784924640,1.4102599620819092,1.4103100299835205,1.4098999500274658,1.4102799892425537
1784924700,1.410230040550232,1.4103000164031982,1.4098999500274658,1.410290002822876
1784924760,1.410249948501587,1.4103000164031982,1.4098000526428223,1.4101200103759766
1784924820,1.4101200103759766,1.4102100133895874,1.4097000360488892,1.4101200103759766
1784924880,1.410099983215332,1.4101899862289429,1.4097000360488892,1.410159945487976
1784924940,1.4101799726486206,1.4102200269699097,1.4098000526428223,1.409999966621399
1784925000,1.4101300239562988,1.4103200435638428,1.4097000360488892,1.4102599620819092
1784925060,1.4102599620819092,1.4103100299835205,1.409999966621399,1.4101799726486206
1784925120,1.4101999998092651,1.410249948501587,1.409999966621399,1.4101999998092651
1784925180,1.4101999998092651,1.4103000164031982,1.409999966621399,1.4101999998092651
1784925240,1.4102100133895874,1.4102699756622314,1.409999966621399,1.4101899862289429
1784925300,1.4102100133895874,1.410249948501587,1.409999966621399,1.410159945487976
1784925360,1.4101899862289429,1.4101999998092651,1.4098999500274658,1.4101300239562988
1784925420,1.4101300239562988,1.4102599620819092,1.4098999500274658,1.410159945487976
1784925480,1.4102400541305542,1.4102400541305542,1.409500002861023,1.4097700119018555
1784925540,1.4098000526428223,1.4099500179290771,1.409600019454956,1.4098700284957886
1784925600,1.409850001335144,1.4099600315093994,1.409600019454956,1.4098299741744995
1784925660,1.4099199771881104,1.409980058670044,1.409600019454956,1.4097000360488892
1784925720,1.409909963607788,1.409980058670044,1.409600019454956,1.4098700284957886
1784925780,1.4097900390625,1.409890055656433,1.409500002861023,1.409500002861023
1784925840,1.4098600149154663,1.4098700284957886,1.409500002861023,1.4097599983215332
1784925900,1.4097599983215332,1.4098700284957886,1.4092999696731567,1.409600019454956
1784925960,1.409600019454956,1.4097700119018555,1.4092999696731567,1.4092999696731567
1784926020,1.4096200466156006,1.4097000360488892,1.4092999696731567,1.4095200300216675
1784926080,1.409559965133667,1.4096699953079224,1.4092999696731567,1.4094899892807007
1784926140,1.4095900058746338,1.4096200466156006,1.4091999530792236,1.4094300270080566
1784926200,1.409350037574768,1.409440040588379,1.40910005569458,1.409309983253479
1784926260,1.409440040588379,1.409600019454956,1.4091999530792236,1.4095699787139893
1784926320,1.4096100330352783,1.4096100330352783,1.4092999696731567,1.4094500541687012
1784926380,1.409540057182312,1.4095699787139893,1.4092999696731567,1.4095699787139893
1784926440,1.4094500541687012,1.4096200466156006,1.4092999696731567,1.409500002861023
1784926500,1.4094300270080566,1.4095699787139893,1.4090800285339355,1.4094300270080566
1784926560,1.4093999862670898,1.4095100164413452,1.4089499711990356,1.4091999530792236
1784926620,1.4092799425125122,1.409350037574768,1.4090700149536133,1.4093400239944458
1784926680,1.409209966659546,1.4092400074005127,1.4089000225067139,1.40910005569458
1784926740,1.4091800451278687,1.409250020980835,1.4089000225067139,1.4090800285339355
1784926800,1.4091999530792236,1.4091999530792236,1.4091999530792236,1.4091999530792236
1784928900,1.4091999530792236,1.4091999530792236,1.4091999530792236,1.4091999530792236
1784928960,1.4091999530792236,1.4091999530792236,1.4091999530792236,1.4091999530792236
