time,open,high,low,close
1785880800,1.4064300060272217,1.406499981880188,1.405900001525879,1.4062000513076782
1785880860,1.406309962272644,1.4064300060272217,1.405900001525879,1.4061000347137451
1785880920,1.4062000513076782,1.4064899682998657,1.406000018119812,1.4063899517059326
1785880980,1.4062999486923218,1.406499981880188,1.4062000513076782,1.406440019607544
1785881040,1.406499981880188,1.4065099954605103,1.406000018119812,1.4064099788665771
1785881100,1.4063999652862549,1.4065099954605103,1.406000018119812,1.4063700437545776
1785881160,1.4063999652862549,1.406440019607544,1.4061100482940674,1.4063999652862549
1785881220,1.4063999652862549,1.406499981880188,1.4063899517059326,1.4064099788665771
1785881280,1.4063899517059326,1.4064899682998657,1.4063800573349,1.4064300060272217
1785881340,1.4063899517059326,1.406499981880188,1.4063800573349,1.4064500331878662
1785881400,1.4063800573349,1.406499981880188,1.4063800573349,1.4064199924468994
1785881460,1.4064199924468994,1.4064799547195435,1.4063999652862549,1.4064199924468994
1785881520,1.4064199924468994,1.406499981880188,1.4063999652862549,1.4064300060272217
1785881580,1.4064199924468994,1.4064799547195435,1.4061000347137451,1.4061000347137451
1785881640,1.4064199924468994,1.406499981880188,1.4061000347137451,1.4062000513076782
1785881700,1.4064300060272217,1.406499981880188,1.4061000347137451,1.4062000513076782
1785881760,1.4063800573349,1.4064799547195435,1.4061000347137451,1.4064799547195435
1785881820,1.4064199924468994,1.4064699411392212,1.4061000347137451,1.4063700437545776
1785881880,1.4063899517059326,1.4064600467681885,1.406000018119812,1.4063800573349
1785881940,1.4063899517059326,1.4064699411392212,1.406000018119812,1.406000018119812
1785882000,1.4063999652862549,1.4064699411392212,1.406000018119812,1.4064199924468994
1785882060,1.4064099788665771,1.4064899682998657,1.4061000347137451,1.4064300060272217
1785882120,1.4063999652862549,1.4064799547195435,1.4061000347137451,1.4063999652862549
1785882180,1.4063999652862549,1.406499981880188,1.4061000347137451,1.4064300060272217
1785882240,1.4064300060272217,1.406499981880188,1.4061000347137451,1.4064099788665771
1785882300,1.4064099788665771,1.4064799547195435,1.4061000347137451,1.406440019607544
1785882360,1.4064099788665771,1.406499981880188,1.4061000347137451,1.4064199924468994
1785882420,1.4064199924468994,1.406499981880188,1.4061000347137451,1.4064199924468994
1785882480,1.4064099788665771,1.406499981880188,1.4062000513076782,1.4064199924468994
1785882540,1.4064300060272217,1.4064699411392212,1.4061000347137451,1.4064199924468994
1785882600,1.4064099788665771,1.4064899682998657,1.4061000347137451,1.4063700437545776
1785882660,1.406440019607544,1.4064500331878662,1.4061000347137451,1.4063899517059326
1785882720,1.4063999652862549,1.4064500331878662,1.4061000347137451,1.4063800573349
1785882780,1.4063800573349,1.4064500331878662,1.4061000347137451,1.4064500331878662
1785882840,1.4063800573349,1.4064500331878662,1.406000018119812,1.406000018119812
1785882900,1.406350016593933,1.4063999652862549,1.406000018119812,1.4063299894332886
1785882960,1.4063299894332886,1.4064600467681885,1.406000018119812,1.4062999486923218
1785883020,1.406309962272644,1.4063700437545776,1.4061000347137451,1.4063199758529663
1785883080,1.4061000347137451,1.4063999652862549,1.406000018119812,1.4063199758529663
1785883140,1.4061000347137451,1.4063999652862549,1.406000018119812,1.406309962272644
1785883200,1.406309962272644,1.4063999652862549,1.4061000347137451,1.4063199758529663
1785883260,1.4063800573349,1.4063999652862549,1.405900001525879,1.4063800573349
1785883320,1.4063199758529663,1.4063999652862549,1.406000018119812,1.4063199758529663
1785883380,1.4063199758529663,1.4063999652862549,1.406000018119812,1.4063899517059326
1785883440,1.4063199758529663,1.4063999652862549,1.406000018119812,1.4063700437545776
1785883500,1.4063400030136108,1.406499981880188,1.406000018119812,1.4064300060272217
1785883560,1.4064199924468994,1.4065500497817993,1.4061000347137451,1.4065200090408325
1785883620,1.4064799547195435,1.4065300226211548,1.4062000513076782,1.4064699411392212
1785883680,1.4064600467681885,1.4065200090408325,1.4061000347137451,1.4064899682998657
1785883740,1.4064199924468994,1.4065300226211548,1.4061000347137451,1.4064500331878662
1785883800,1.4064799547195435,1.4065200090408325,1.4061000347137451,1.4064500331878662
1785883860,1.4064500331878662,1.4065200090408325,1.4061000347137451,1.406440019607544
1785883920,1.4064500331878662,1.4065099954605103,1.406000018119812,1.4063800573349
1785883980,1.4063700437545776,1.406499981880188,1.4061000347137451,1.4064199924468994
1785884040,1.4064099788665771,1.4064799547195435,1.4061000347137451,1.4064699411392212
1785884100,1.4063999652862549,1.406499981880188,1.4061000347137451,1.4064199924468994
1785884160,1.4064799547195435,1.406499981880188,1.4061000347137451,1.4063999652862549
1785884220,1.4062000513076782,1.4064699411392212,1.406000018119812,1.4063299894332886
1785884280,1.4063299894332886,1.4063999652862549,1.406000018119812,1.4063999652862549
1785884400,1.4062600135803223,1.4064600467681885,1.405900001525879,1.4061000347137451
1785884460,1.4063299894332886,1.406499981880188,1.406000018119812,1.4062000513076782
1785884520,1.4064799547195435,1.406540036201477,1.406000018119812,1.4064899682998657
1785884580,1.4064899682998657,1.406499981880188,1.4061000347137451,1.4062999486923218
1785884640,1.4064699411392212,1.406499981880188,1.4061000347137451,1.4064199924468994
1785884700,1.4064300060272217,1.406499981880188,1.4061000347137451,1.4062000513076782
1785884760,1.4061000347137451,1.4064899682998657,1.406000018119812,1.4063199758529663
1785884820,1.4063199758529663,1.4063999652862549,1.406000018119812,1.4062000513076782
1785884880,1.406350016593933,1.4063999652862549,1.406000018119812,1.406350016593933
1785884940,1.4063800573349,1.4063999652862549,1.406000018119812,1.406000018119812
1785885000,1.4063600301742554,1.4064500331878662,1.406000018119812,1.406000018119812
1785885060,1.4063700437545776,1.4064600467681885,1.406000018119812,1.4063999652862549
1785885120,1.4064199924468994,1.4065200090408325,1.4061000347137451,1.4064899682998657
1785885180,1.4064500331878662,1.406499981880188,1.4061000347137451,1.406499981880188
1785885240,1.4064600467681885,1.406499981880188,1.4061000347137451,1.406440019607544
1785885300,1.406440019607544,1.406499981880188,1.4061000347137451,1.4064600467681885
1785885360,1.4064600467681885,1.4065699577331543,1.4061000347137451,1.4065200090408325
1785885420,1.4065300226211548,1.406559944152832,1.4061000347137451,1.406499981880188
1785885480,1.4065099954605103,1.406540036201477,1.4061000347137451,1.4065099954605103
1785885540,1.4065099954605103,1.4065500497817993,1.4061000347137451,1.406499981880188
1785885600,1.406499981880188,1.406540036201477,1.4062999486923218,1.406499981880188
1785885660,1.406540036201477,1.406540036201477,1.4061000347137451,1.4062999486923218
1785885720,1.4064799547195435,1.4065300226211548,1.4062000513076782,1.4064899682998657
1785885780,1.4064899682998657,1.4065300226211548,1.4062000513076782,1.406499981880188
1785885840,1.406499981880188,1.4065099954605103,1.4061000347137451,1.4064600467681885
1785885900,1.4064500331878662,1.406559944152832,1.4062000513076782,1.4062999486923218
1785885960,1.4065200090408325,1.406599998474121,1.4062000513076782,1.4065500497817993
1785886020,1.4065500497817993,1.406599998474121,1.4062000513076782,1.4065200090408325
1785886080,1.406540036201477,1.4066499471664429,1.4062000513076782,1.4066400527954102
1785886140,1.4066200256347656,1.4068599939346313,1.4062999486923218,1.406849980354309
1785886200,1.4068399667739868,1.4068599939346313,1.4062999486923218,1.4066699743270874
1785886260,1.4066599607467651,1.4067399501800537,1.4063999652862549,1.4067000150680542
1785886320,1.406730055809021,1.4067399501800537,1.4062999486923218,1.4062999486923218
1785886380,1.406499981880188,1.4067000150680542,1.4062999486923218,1.4066200256347656
1785886440,1.4066499471664429,1.4066499471664429,1.4062999486923218,1.4066400527954102
1785886500,1.4066100120544434,1.4066400527954102,1.4062999486923218,1.4062999486923218
1785886560,1.4062999486923218,1.406690001487732,1.4062999486923218,1.4062999486923218
1785886620,1.4066499471664429,1.4067000150680542,1.4062999486923218,1.4062999486923218
1785886680,1.4066699743270874,1.406730055809021,1.4062999486923218,1.4066799879074097
1785886740,1.4063999652862549,1.406730055809021,1.4062999486923218,1.4062999486923218
1785886800,1.406630039215088,1.4067000150680542,1.4062999486923218,1.4066599607467651
1785886860,1.4066599607467651,1.4067399501800537,1.4062999486923218,1.4067399501800537
1785886920,1.4067399501800537,1.4067399501800537,1.4063999652862549,1.4067399501800537
1785886980,1.4067100286483765,1.4068000316619873,1.4063999652862549,1.4067800045013428
1785887040,1.4063999652862549,1.4068000316619873,1.4063999652862549,1.4067100286483765
1785887100,1.4067100286483765,1.406730055809021,1.4062999486923218,1.406730055809021
1785887160,1.406690001487732,1.4067200422286987,1.4062999486923218,1.4066599607467651
1785887220,1.4066499471664429,1.4066799879074097,1.4062999486923218,1.4066400527954102
1785887280,1.406599998474121,1.4066599607467651,1.4062000513076782,1.406599998474121
1785887340,1.4066100120544434,1.4066499471664429,1.4062000513076782,1.406559944152832
1785887400,1.4065699577331543,1.406630039215088,1.4062000513076782,1.4065799713134766
1785887460,1.4062999486923218,1.406630039215088,1.4062000513076782,1.4066100120544434
1785887520,1.4066100120544434,1.406630039215088,1.4062000513076782,1.4065699577331543
1785887580,1.4065899848937988,1.4066400527954102,1.4062000513076782,1.4066200256347656
1785887640,1.4066200256347656,1.406690001487732,1.4062999486923218,1.406690001487732
1785887700,1.4062999486923218,1.4067000150680542,1.4062000513076782,1.406540036201477
1785887760,1.4065200090408325,1.4065799713134766,1.4062000513076782,1.4065699577331543
1785887820,1.406540036201477,1.4065799713134766,1.4062000513076782,1.406559944152832
1785887880,1.4065699577331543,1.4065799713134766,1.4062000513076782,1.4065699577331543
1785887940,1.406540036201477,1.4065799713134766,1.4062000513076782,1.4065799713134766
1785888000,1.4065500497817993,1.4068599939346313,1.4062000513076782,1.406730055809021
1785888060,1.406730055809021,1.4068100452423096,1.4062999486923218,1.4067000150680542
1785888120,1.406730055809021,1.406730055809021,1.4061000347137451,1.406599998474121
1785888180,1.4065699577331543,1.4066799879074097,1.4062000513076782,1.4066100120544434
1785888240,1.406599998474121,1.4067000150680542,1.4062000513076782,1.4062999486923218
1785888300,1.406630039215088,1.4067599773406982,1.4061000347137451,1.406599998474121
1785888360,1.4066499471664429,1.4066699743270874,1.406000018119812,1.4062000513076782
1785888420,1.4063700437545776,1.406499981880188,1.406000018119812,1.4064799547195435
1785888480,1.4064899682998657,1.4065099954605103,1.4061000347137451,1.4064699411392212
1785888540,1.4064699411392212,1.4065099954605103,1.4061000347137451,1.4064799547195435
1785888600,1.4064799547195435,1.406599998474121,1.4061000347137451,1.4065500497817993
1785888660,1.4065500497817993,1.4066400527954102,1.4062000513076782,1.406599998474121
1785888720,1.406599998474121,1.4066599607467651,1.4062000513076782,1.4066200256347656
1785888780,1.406599998474121,1.4066200256347656,1.4062000513076782,1.4062000513076782
1785888840,1.4065699577331543,1.4066599607467651,1.4061000347137451,1.4065899848937988
1785888900,1.4065899848937988,1.4066499471664429,1.4062000513076782,1.4066100120544434
1785888960,1.4066100120544434,1.4066499471664429,1.4062000513076782,1.4065500497817993
1785889020,1.4065500497817993,1.406599998474121,1.4061000347137451,1.4064799547195435
1785889080,1.4065300226211548,1.4065300226211548,1.406000018119812,1.4063800573349
1785889140,1.4063600301742554,1.4064600467681885,1.406000018119812,1.4064300060272217
1785889200,1.4064199924468994,1.406499981880188,1.406000018119812,1.4064699411392212
1785889260,1.4064600467681885,1.406499981880188,1.4061000347137451,1.4064500331878662
1785889320,1.4064300060272217,1.4064600467681885,1.406000018119812,1.4063800573349
1785889380,1.4063800573349,1.4064199924468994,1.406000018119812,1.4063899517059326
1785889440,1.4063600301742554,1.406440019607544,1.406000018119812,1.4063999652862549
1785889500,1.4063999652862549,1.4064500331878662,1.406000018119812,1.4063700437545776
1785889560,1.4063600301742554,1.4065099954605103,1.406000018119812,1.4061000347137451
1785889620,1.406440019607544,1.406499981880188,1.4061000347137451,1.4063800573349
1785889680,1.4063800573349,1.4064600467681885,1.406000018119812,1.4061000347137451
1785889740,1.4063899517059326,1.4064500331878662,1.406000018119812,1.4063999652862549
1785889800,1.4063999652862549,1.4064699411392212,1.4061000347137451,1.406440019607544
1785889860,1.406440019607544,1.4064699411392212,1.406000018119812,1.4061000347137451
1785889920,1.4064099788665771,1.4064699411392212,1.406000018119812,1.4064600467681885
1785889980,1.4064199924468994,1.4065099954605103,1.4061000347137451,1.4064600467681885
1785890040,1.4064600467681885,1.406499981880188,1.4061000347137451,1.4064600467681885
1785890100,1.4064600467681885,1.4065200090408325,1.4061000347137451,1.4064699411392212
1785890160,1.4064799547195435,1.4065699577331543,1.4061000347137451,1.4065200090408325
1785890220,1.406499981880188,1.4065300226211548,1.4061000347137451,1.406440019607544
1785890280,1.406440019607544,1.4064699411392212,1.406000018119812,1.4063999652862549
1785890340,1.4063999652862549,1.4064300060272217,1.406000018119812,1.4064199924468994
1785890400,1.4063899517059326,1.4064300060272217,1.406000018119812,1.4063999652862549
1785890460,1.4063999652862549,1.4064500331878662,1.406000018119812,1.406000018119812
1785890520,1.4063299894332886,1.406440019607544,1.406000018119812,1.4063899517059326
1785890580,1.4063800573349,1.406440019607544,1.406000018119812,1.4064300060272217
1785890640,1.4064099788665771,1.4065699577331543,1.4061000347137451,1.406540036201477
1785890700,1.406540036201477,1.4066200256347656,1.4062000513076782,1.4066100120544434
1785890760,1.4065899848937988,1.406690001487732,1.4062000513076782,1.4066400527954102
1785890820,1.4066699743270874,1.4067000150680542,1.4062999486923218,1.4066499471664429
1785890880,1.4066400527954102,1.4067200422286987,1.4062999486923218,1.4066499471664429
1785890940,1.4066499471664429,1.4068299531936646,1.4062999486923218,1.4068299531936646
1785891000,1.4068000316619873,1.406849980354309,1.4063999652862549,1.406730055809021
1785891060,1.406730055809021,1.4067599773406982,1.4062999486923218,1.406630039215088
1785891120,1.406630039215088,1.4066599607467651,1.4062000513076782,1.4065799713134766
1785891180,1.4065799713134766,1.4066400527954102,1.4061000347137451,1.4064699411392212
1785891240,1.4064699411392212,1.406540036201477,1.406000018119812,1.4062999486923218
1785891300,1.4064699411392212,1.406630039215088,1.4061000347137451,1.4063999652862549
1785891360,1.4066200256347656,1.4066400527954102,1.4062000513076782,1.4065300226211548
1785891420,1.406540036201477,1.4067000150680542,1.4062000513076782,1.4062999486923218
1785891480,1.4066499471664429,1.406749963760376,1.4062999486923218,1.4067399501800537
1785891540,1.4067000150680542,1.4067599773406982,1.4062999486923218,1.4063999652862549
1785891600,1.4067100286483765,1.4068100452423096,1.4062999486923218,1.4067800045013428
1785891660,1.4068000316619873,1.4069099426269531,1.4063999652862549,1.4068599939346313
1785891720,1.4068299531936646,1.4068700075149536,1.4063999652862549,1.4068000316619873
1785891780,1.406499981880188,1.4069000482559204,1.406499981880188,1.4069000482559204
1785891840,1.4068900346755981,1.40693998336792,1.406499981880188,1.406849980354309
1785891900,1.406499981880188,1.4069000482559204,1.4063999652862549,1.4067599773406982
1785891960,1.4063999652862549,1.4068100452423096,1.4063999652862549,1.4067399501800537
1785892020,1.406730055809021,1.4068000316619873,1.4063999652862549,1.4067699909210205
1785892080,1.4067399501800537,1.4068000316619873,1.4063999652862549,1.4067100286483765
1785892140,1.4063999652862549,1.4067599773406982,1.4062999486923218,1.406630039215088
1785892200,1.4066599607467651,1.406730055809021,1.4062999486923218,1.4066699743270874
1785892260,1.4066699743270874,1.4067399501800537,1.4062999486923218,1.4067000150680542
1785892320,1.4067000150680542,1.4067699909210205,1.4063999652862549,1.406730055809021
1785892380,1.4063999652862549,1.4068399667739868,1.4063999652862549,1.4068200588226318
1785892440,1.406499981880188,1.4068599939346313,1.4063999652862549,1.4067800045013428
1785892500,1.406790018081665,1.4068000316619873,1.4063999652862549,1.406730055809021
1785892560,1.4067200422286987,1.4067699909210205,1.4063999652862549,1.4067200422286987
1785892620,1.4067000150680542,1.4068000316619873,1.4063999652862549,1.4066699743270874
1785892680,1.4066699743270874,1.4067200422286987,1.4062999486923218,1.4066499471664429
1785892740,1.4066499471664429,1.4066799879074097,1.4062999486923218,1.406599998474121
1785892800,1.4066200256347656,1.4067800045013428,1.4062999486923218,1.406749963760376
1785892860,1.406749963760376,1.4068299531936646,1.4063999652862549,1.4067399501800537
1785892920,1.4067599773406982,1.4068100452423096,1.4063999652862549,1.4067800045013428
1785892980,1.4067699909210205,1.4068700075149536,1.4063999652862549,1.4068700075149536
1785893040,1.4068399667739868,1.4069600105285645,1.406499981880188,1.4069600105285645
1785893100,1.4069199562072754,1.406999945640564,1.406599998474121,1.4069900512695312
1785893160,1.4069600105285645,1.407039999961853,1.406599998474121,1.406980037689209
1785893220,1.406980037689209,1.407039999961853,1.4067000150680542,1.4069900512695312
1785893280,1.4070099592208862,1.4070199728012085,1.406599998474121,1.4069499969482422
1785893340,1.4069499969482422,1.406999945640564,1.406499981880188,1.406499981880188
1785893400,1.4068599939346313,1.4069099426269531,1.406499981880188,1.406849980354309
1785893460,1.406849980354309,1.406999945640564,1.406499981880188,1.4069600105285645
1785893520,1.4069600105285645,1.4070199728012085,1.406499981880188,1.4069600105285645
1785893580,1.4069199562072754,1.4070099592208862,1.406599998474121,1.4069700241088867
1785893640,1.406599998474121,1.4070099592208862,1.406599998474121,1.4069299697875977
1785893700,1.4069000482559204,1.406999945640564,1.406599998474121,1.406599998474121
1785893760,1.4069299697875977,1.4070099592208862,1.406599998474121,1.4069700241088867
1785893820,1.4069700241088867,1.4070099592208862,1.406499981880188,1.4070099592208862
1785893880,1.4070099592208862,1.4070199728012085,1.406599998474121,1.406999945640564
1785893940,1.406999945640564,1.407080054283142,1.406599998474121,1.4070199728012085
1785894000,1.4070099592208862,1.4071199893951416,1.4067000150680542,1.407039999961853
1785894060,1.4070500135421753,1.4071099758148193,1.4067000150680542,1.4070600271224976
1785894120,1.407039999961853,1.407099962234497,1.4067000150680542,1.4068000316619873
1785894180,1.4070500135421753,1.407099962234497,1.4067000150680542,1.4067000150680542
1785894240,1.4070299863815308,1.407099962234497,1.4067000150680542,1.407039999961853
1785894300,1.4067000150680542,1.407099962234497,1.406599998474121,1.4068000316619873
1785894360,1.4068000316619873,1.4070700407028198,1.406499981880188,1.4070299863815308
1785894420,1.4070299863815308,1.4071400165557861,1.406599998474121,1.407099962234497
1785894480,1.407099962234497,1.4071999788284302,1.4067000150680542,1.4071199893951416
1785894540,1.4071300029754639,1.407230019569397,1.4068000316619873,1.4072200059890747
1785894600,1.4071999788284302,1.4072699546813965,1.4068000316619873,1.4071600437164307
1785894660,1.406999945640564,1.4072099924087524,1.4067000150680542,1.407170057296753
1785894720,1.4068000316619873,1.4072099924087524,1.4068000316619873,1.4071099758148193
1785894780,1.4071099758148193,1.407189965248108,1.406599998474121,1.4071600437164307
1785894840,1.4068000316619873,1.4071999788284302,1.4067000150680542,1.4071300029754639
1785894900,1.4068000316619873,1.4072099924087524,1.406599998474121,1.407189965248108
1785894960,1.406999945640564,1.4071999788284302,1.4067000150680542,1.4068000316619873
1785895020,1.407170057296753,1.4072699546813965,1.4068000316619873,1.4072599411010742
1785895080,1.4072400331497192,1.4072999954223633,1.4069000482559204,1.406999945640564
1785895140,1.4072599411010742,1.4073100090026855,1.4069000482559204,1.4072799682617188
1785895200,1.4072799682617188,1.4073799848556519,1.4069000482559204,1.4073400497436523
1785895260,1.4073400497436523,1.4073699712753296,1.4067000150680542,1.4071999788284302
1785895320,1.4069000482559204,1.4073200225830078,1.4068000316619873,1.4072799682617188
1785895380,1.4072799682617188,1.4072999954223633,1.4069000482559204,1.4072599411010742
1785895440,1.407230019569397,1.4073400497436523,1.4067000150680542,1.4073400497436523
1785895500,1.4072799682617188,1.4073699712753296,1.4069000482559204,1.4072400331497192
1785895560,1.4072400331497192,1.4072999954223633,1.4067000150680542,1.4071199893951416
1785895620,1.4071199893951416,1.4071999788284302,1.4068000316619873,1.4071500301361084
1785895680,1.4071600437164307,1.4072799682617188,1.4068000316619873,1.4072799682617188
1785895740,1.4072799682617188,1.407289981842041,1.4068000316619873,1.407230019569397
1785895800,1.4072200059890747,1.4072999954223633,1.4069000482559204,1.4072400331497192
1785895860,1.4072699546813965,1.4073899984359741,1.4069000482559204,1.4073699712753296
1785895920,1.4073400497436523,1.4074000120162964,1.4069000482559204,1.4073400497436523
1785895980,1.4073599576950073,1.4074100255966187,1.406999945640564,1.4073699712753296
1785896040,1.4073699712753296,1.4074000120162964,1.406999945640564,1.4073799848556519
1785896100,1.407349944114685,1.4074000120162964,1.406999945640564,1.4073200225830078
1785896160,1.4073599576950073,1.4073699712753296,1.406999945640564,1.40733003616333
1785896220,1.4073599576950073,1.4073899984359741,1.406999945640564,1.40733003616333
1785896280,1.407349944114685,1.4074100255966187,1.406999945640564,1.4073699712753296
1785896340,1.4073699712753296,1.4074100255966187,1.406999945640564,1.406999945640564
1785896400,1.40733003616333,1.4073699712753296,1.4069000482559204,1.4069000482559204
1785896460,1.4069000482559204,1.4073100090026855,1.4069000482559204,1.4072699546813965
1785896520,1.4072500467300415,1.40733003616333,1.4069000482559204,1.4073200225830078
1785896580,1.4072999954223633,1.4074000120162964,1.406999945640564,1.4073400497436523
1785896640,1.4072999954223633,1.4074000120162964,1.4069000482559204,1.4073599576950073
1785896700,1.407349944114685,1.4073899984359741,1.4069000482559204,1.407230019569397
1785896760,1.4072699546813965,1.40733003616333,1.4069000482559204,1.4072599411010742
1785896820,1.4072599411010742,1.4073100090026855,1.4068000316619873,1.407230019569397
1785896880,1.407230019569397,1.4073400497436523,1.4069000482559204,1.4072799682617188
1785896940,1.4072999954223633,1.407349944114685,1.4069000482559204,1.4072999954223633
1785897000,1.4073100090026855,1.4074000120162964,1.4069000482559204,1.4073599576950073
1785897060,1.4073599576950073,1.4075700044631958,1.406999945640564,1.407520055770874
1785897120,1.4075499773025513,1.4075700044631958,1.407099962234497,1.4075499773025513
1785897180,1.407539963722229,1.4075599908828735,1.406999945640564,1.4072999954223633
1785897240,1.4074699878692627,1.4075499773025513,1.406999945640564,1.4073699712753296
1785897300,1.4074000120162964,1.4075100421905518,1.406999945640564,1.4074100255966187
1785897360,1.4073899984359741,1.4074699878692627,1.4069000482559204,1.4074000120162964
1785897420,1.4074000120162964,1.4074599742889404,1.4069000482559204,1.4072400331497192
1785897480,1.4072400331497192,1.4072999954223633,1.4067000150680542,1.4072599411010742
1785897540,1.4072400331497192,1.4073699712753296,1.4069000482559204,1.407289981842041
1785897600,1.4072799682617188,1.4073200225830078,1.4068000316619873,1.4071999788284302
1785897660,1.4071999788284302,1.4072400331497192,1.4067000150680542,1.4068000316619873
1785897720,1.4071199893951416,1.4071500301361084,1.406599998474121,1.4068000316619873
1785897780,1.407039999961853,1.4071600437164307,1.4067000150680542,1.4067000150680542
1785897840,1.4070500135421753,1.407099962234497,1.406599998474121,1.40693998336792
1785897900,1.40693998336792,1.407039999961853,1.406499981880188,1.4069700241088867
1785897960,1.4069700241088867,1.4071999788284302,1.406599998474121,1.4071799516677856
1785898020,1.4068000316619873,1.4071999788284302,1.4068000316619873,1.407170057296753
1785898080,1.407170057296753,1.407230019569397,1.4068000316619873,1.407170057296753
1785898140,1.4071600437164307,1.407230019569397,1.4068000316619873,1.4071600437164307
1785898200,1.4071600437164307,1.4072099924087524,1.4068000316619873,1.4071600437164307
1785898260,1.4071300029754639,1.4071600437164307,1.4067000150680542,1.407099962234497
1785898320,1.4070700407028198,1.4071400165557861,1.4067000150680542,1.4067000150680542
1785898380,1.4070700407028198,1.4071999788284302,1.4068000316619873,1.4071799516677856
1785898440,1.4071600437164307,1.4071999788284302,1.406599998474121,1.407080054283142
1785898500,1.407080054283142,1.4071999788284302,1.4067000150680542,1.4071199893951416
1785898560,1.4071300029754639,1.4071999788284302,1.4068000316619873,1.4071300029754639
1785898620,1.4071600437164307,1.407170057296753,1.4067000150680542,1.4068000316619873
1785898680,1.4071199893951416,1.4072400331497192,1.4068000316619873,1.4071999788284302
1785898740,1.4071799516677856,1.4072500467300415,1.4068000316619873,1.4072500467300415
1785898800,1.4072200059890747,1.4072500467300415,1.4068000316619873,1.4071600437164307
1785898860,1.407170057296753,1.4072099924087524,1.4067000150680542,1.407080054283142
1785898920,1.4070600271224976,1.407099962234497,1.406499981880188,1.406849980354309
1785898980,1.406849980354309,1.4068800210952759,1.4062999486923218,1.4067800045013428
1785899040,1.4067800045013428,1.4068000316619873,1.4063999652862549,1.406790018081665
1785899100,1.4063999652862549,1.4068000316619873,1.4062000513076782,1.4063999652862549
1785899160,1.406599998474121,1.4066400527954102,1.4061000347137451,1.406599998474121
1785899220,1.4062999486923218,1.406630039215088,1.4061000347137451,1.4064899682998657
1785899280,1.4064899682998657,1.406540036201477,1.406000018119812,1.4064699411392212
1785899340,1.4064500331878662,1.406499981880188,1.4061000347137451,1.4064600467681885
1785899400,1.4064600467681885,1.406559944152832,1.4061000347137451,1.4065099954605103
1785899460,1.4064799547195435,1.406599998474121,1.406000018119812,1.4064099788665771
1785899520,1.4064099788665771,1.4065500497817993,1.4061000347137451,1.4064699411392212
1785899580,1.4065200090408325,1.4065200090408325,1.406000018119812,1.4064600467681885
1785899640,1.4064799547195435,1.4065200090408325,1.4061000347137451,1.4064699411392212
1785899700,1.4064799547195435,1.4065200090408325,1.4061000347137451,1.406440019607544
1785899760,1.406440019607544,1.4065899848937988,1.4061000347137451,1.4065500497817993
1785899820,1.406540036201477,1.406599998474121,1.4061000347137451,1.4065099954605103
1785899880,1.406499981880188,1.406559944152832,1.4062000513076782,1.406540036201477
1785899940,1.4065300226211548,1.4066100120544434,1.4062000513076782,1.4062000513076782
1785900000,1.406559944152832,1.4066499471664429,1.4062000513076782,1.4066400527954102
1785900060,1.4066100120544434,1.4067000150680542,1.4062999486923218,1.4066400527954102
1785900120,1.4066400527954102,1.4067000150680542,1.4062999486923218,1.4062999486923218
1785900180,1.406599998474121,1.4067000150680542,1.4062999486923218,1.4066400527954102
1785900240,1.4066200256347656,1.4066699743270874,1.4061000347137451,1.4066499471664429
1785900300,1.4066200256347656,1.4067000150680542,1.4062000513076782,1.4066400527954102
1785900360,1.4066400527954102,1.4068000316619873,1.4062999486923218,1.406749963760376
1785900420,1.406749963760376,1.4068200588226318,1.4063999652862549,1.4068200588226318
1785900480,1.406790018081665,1.4068299531936646,1.4062999486923218,1.4067699909210205
1785900540,1.4068000316619873,1.4068200588226318,1.4063999652862549,1.4068000316619873
1785900600,1.406790018081665,1.4068700075149536,1.4063999652862549,1.4068200588226318
1785900660,1.4068000316619873,1.4069099426269531,1.406499981880188,1.4068599939346313
1785900720,1.4068800210952759,1.4069099426269531,1.406499981880188,1.4067800045013428
1785900780,1.4067800045013428,1.4068100452423096,1.4062999486923218,1.406599998474121
1785900840,1.4067599773406982,1.4068200588226318,1.4063999652862549,1.4067699909210205
1785900900,1.4067699909210205,1.4069000482559204,1.4063999652862549,1.4067000150680542
1785900960,1.4068599939346313,1.4069000482559204,1.406499981880188,1.406849980354309
1785901020,1.4068800210952759,1.4069099426269531,1.406499981880188,1.4068599939346313
1785901080,1.4068599939346313,1.4069099426269531,1.406499981880188,1.4067000150680542
1785901140,1.4068700075149536,1.4070199728012085,1.406499981880188,1.4070099592208862
1785901200,1.4070199728012085,1.4070600271224976,1.406599998474121,1.407039999961853
1785901260,1.4070099592208862,1.407080054283142,1.406499981880188,1.4068000316619873
1785901320,1.4069900512695312,1.4070199728012085,1.406599998474121,1.4068000316619873
1785901380,1.4069900512695312,1.407099962234497,1.406599998474121,1.4068000316619873
1785901440,1.4070199728012085,1.407099962234497,1.4067000150680542,1.4070199728012085
1785901500,1.4070500135421753,1.407099962234497,1.406599998474121,1.4070099592208862
1785901560,1.406980037689209,1.4070199728012085,1.406499981880188,1.4067000150680542
1785901620,1.4069900512695312,1.4070600271224976,1.406599998474121,1.4070600271224976
1785901680,1.4067000150680542,1.407099962234497,1.4067000150680542,1.406999945640564
1785901740,1.4068000316619873,1.4070500135421753,1.406499981880188,1.4070099592208862
1785901800,1.407039999961853,1.407099962234497,1.406599998474121,1.40693998336792
1785901860,1.4069499969482422,1.4070199728012085,1.406499981880188,1.4069099426269531
1785901920,1.4068900346755981,1.4069499969482422,1.406499981880188,1.4068700075149536
1785901980,1.4068700075149536,1.4069299697875977,1.406499981880188,1.4068599939346313
1785902040,1.4068599939346313,1.4069199562072754,1.4063999652862549,1.4068800210952759
1785902100,1.4068800210952759,1.4069900512695312,1.406499981880188,1.4069499969482422
1785902160,1.4069499969482422,1.4070299863815308,1.406599998474121,1.406980037689209
1785902220,1.406980037689209,1.407099962234497,1.406599998474121,1.4069299697875977
1785902280,1.40693998336792,1.4070299863815308,1.406499981880188,1.406980037689209
1785902340,1.406999945640564,1.407099962234497,1.4067000150680542,1.407080054283142
1785902400,1.407080054283142,1.4071099758148193,1.406499981880188,1.4067000150680542
1785902460,1.4067000150680542,1.407099962234497,1.406599998474121,1.406980037689209
1785902520,1.4069900512695312,1.407039999961853,1.406499981880188,1.406980037689209
1785902580,1.4069499969482422,1.4070099592208862,1.406599998474121,1.4069600105285645
1785902640,1.4069600105285645,1.406999945640564,1.406599998474121,1.4069099426269531
1785902700,1.4069000482559204,1.40693998336792,1.4063999652862549,1.4068399667739868
1785902760,1.4068399667739868,1.4069000482559204,1.406499981880188,1.4068000316619873
1785902820,1.4068100452423096,1.4068800210952759,1.4062999486923218,1.4068299531936646
1785902880,1.4068299531936646,1.4070099592208862,1.406599998474121,1.4069499969482422
1785902940,1.4069499969482422,1.406999945640564,1.406499981880188,1.40693998336792
1785903000,1.4069099426269531,1.4070099592208862,1.406599998474121,1.406980037689209
1785903060,1.40693998336792,1.406999945640564,1.406599998474121,1.40693998336792
1785903120,1.40693998336792,1.406999945640564,1.406599998474121,1.40693998336792
1785903180,1.4069499969482422,1.406999945640564,1.406599998474121,1.406980037689209
1785903240,1.40693998336792,1.406999945640564,1.4063999652862549,1.4068399667739868
1785903300,1.406499981880188,1.4069199562072754,1.406499981880188,1.4068900346755981
1785903360,1.4068900346755981,1.4069099426269531,1.406499981880188,1.406849980354309
1785903420,1.406849980354309,1.4069000482559204,1.4062999486923218,1.4063999652862549
1785903480,1.4066799879074097,1.4067399501800537,1.4062000513076782,1.4067200422286987
1785903540,1.4066799879074097,1.4068200588226318,1.4063999652862549,1.4067599773406982
1785903600,1.406790018081665,1.4068200588226318,1.4063999652862549,1.406790018081665
1785903660,1.4067699909210205,1.4068200588226318,1.4062999486923218,1.4063999652862549
1785903720,1.4067399501800537,1.4068000316619873,1.4063999652862549,1.406730055809021
1785903780,1.406730055809021,1.406790018081665,1.4063999652862549,1.4067399501800537
1785903840,1.4067699909210205,1.4068100452423096,1.4063999652862549,1.406790018081665
1785903900,1.4067699909210205,1.4068100452423096,1.4063999652862549,1.4067800045013428
1785903960,1.4067800045013428,1.4068100452423096,1.4063999652862549,1.4068000316619873
1785904020,1.4067699909210205,1.4068599939346313,1.4063999652862549,1.4067800045013428
1785904080,1.4067699909210205,1.4068299531936646,1.4062999486923218,1.4067800045013428
1785904140,1.4068000316619873,1.406849980354309,1.4063999652862549,1.4068000316619873
1785904200,1.406790018081665,1.4068599939346313,1.406499981880188,1.406499981880188
1785904260,1.4068100452423096,1.4069000482559204,1.406499981880188,1.4068700075149536
1785904320,1.4068399667739868,1.4069000482559204,1.4063999652862549,1.406849980354309
1785904380,1.4068700075149536,1.4069199562072754,1.406499981880188,1.4068900346755981
1785904440,1.4068599939346313,1.4069199562072754,1.406499981880188,1.4069000482559204
1785904500,1.4069199562072754,1.4069600105285645,1.4063999652862549,1.4067000150680542
1785904560,1.4067000150680542,1.4069199562072754,1.406499981880188,1.4068700075149536
1785904620,1.4068700075149536,1.4069199562072754,1.406499981880188,1.4069000482559204
1785904680,1.4069000482559204,1.406999945640564,1.406599998474121,1.4069299697875977
1785904740,1.4069099426269531,1.4070500135421753,1.406599998474121,1.4069700241088867
1785904800,1.4069700241088867,1.4070099592208862,1.406599998474121,1.4069199562072754
1785904860,1.4068900346755981,1.4069700241088867,1.406499981880188,1.4069099426269531
1785904920,1.4067000150680542,1.4070099592208862,1.406599998474121,1.4069499969482422
1785904980,1.4069499969482422,1.407099962234497,1.406599998474121,1.407080054283142
1785905040,1.4070700407028198,1.4071199893951416,1.4067000150680542,1.4071199893951416
1785905100,1.4070899486541748,1.4071199893951416,1.406599998474121,1.407039999961853
1785905160,1.4070600271224976,1.407099962234497,1.406599998474121,1.4069499969482422
1785905220,1.4069499969482422,1.4070299863815308,1.406499981880188,1.4070299863815308
1785905280,1.4070099592208862,1.407099962234497,1.406599998474121,1.407039999961853
1785905340,1.407039999961853,1.4071099758148193,1.4067000150680542,1.4071099758148193
1785905400,1.4070899486541748,1.4071199893951416,1.4067000150680542,1.4071199893951416
1785905460,1.4070899486541748,1.4071300029754639,1.4067000150680542,1.4070899486541748
1785905520,1.407099962234497,1.4071999788284302,1.4068000316619873,1.4071600437164307
1785905580,1.4071600437164307,1.407230019569397,1.4068000316619873,1.4071799516677856
1785905640,1.407189965248108,1.4073100090026855,1.4069000482559204,1.4072999954223633
1785905700,1.4072699546813965,1.40733003616333,1.4069000482559204,1.4072699546813965
1785905760,1.4072699546813965,1.4072999954223633,1.4068000316619873,1.4072599411010742
1785905820,1.4072599411010742,1.40733003616333,1.4069000482559204,1.4072699546813965
1785905880,1.4072799682617188,1.4073100090026855,1.4069000482559204,1.407289981842041
1785905940,1.4072799682617188,1.4073100090026855,1.4069000482559204,1.4072799682617188
1785906000,1.4072799682617188,1.4074100255966187,1.4069000482559204,1.4073599576950073
1785906060,1.4073599576950073,1.4074100255966187,1.406999945640564,1.4073599576950073
1785906120,1.407349944114685,1.4074900150299072,1.406999945640564,1.407099962234497
1785906180,1.4074499607086182,1.4075100421905518,1.406999945640564,1.4074599742889404
1785906240,1.4074599742889404,1.4075599908828735,1.407099962234497,1.4071999788284302
1785906300,1.4075100421905518,1.407520055770874,1.407099962234497,1.4074699878692627
1785906360,1.4075100421905518,1.4075100421905518,1.406999945640564,1.407480001449585
1785906420,1.4074699878692627,1.407520055770874,1.407099962234497,1.4074599742889404
1785906480,1.4074599742889404,1.4075000286102295,1.407099962234497,1.407439947128296
1785906540,1.4074699878692627,1.4075000286102295,1.407099962234497,1.4074300527572632
1785906600,1.4074300527572632,1.4074599742889404,1.407099962234497,1.4074000120162964
1785906660,1.4074000120162964,1.4074699878692627,1.407099962234497,1.4074300527572632
1785906720,1.407439947128296,1.4075000286102295,1.4069000482559204,1.4074000120162964
1785906780,1.4073699712753296,1.4074100255966187,1.406999945640564,1.4074000120162964
1785906840,1.4073699712753296,1.4074100255966187,1.406999945640564,1.40733003616333
1785906900,1.4073599576950073,1.4073599576950073,1.4068000316619873,1.4072999954223633
1785906960,1.4072999954223633,1.40733003616333,1.4069000482559204,1.407289981842041
1785907020,1.4072799682617188,1.4074000120162964,1.406999945640564,1.407349944114685
1785907080,1.407349944114685,1.407349944114685,1.4068000316619873,1.4072599411010742
1785907140,1.4072699546813965,1.4073200225830078,1.4068000316619873,1.4071600437164307
1785907200,1.4071500301361084,1.4071999788284302,1.4067000150680542,1.4071500301361084
1785907260,1.4071799516677856,1.4072400331497192,1.4068000316619873,1.4071500301361084
1785907320,1.4071799516677856,1.4072699546813965,1.4068000316619873,1.4072400331497192
1785907380,1.407230019569397,1.4072999954223633,1.4069000482559204,1.4069000482559204
1785907440,1.406999945640564,1.407230019569397,1.4067000150680542,1.4071999788284302
1785907500,1.4068000316619873,1.407230019569397,1.4068000316619873,1.407170057296753
1785907560,1.4071600437164307,1.4072999954223633,1.4068000316619873,1.4071500301361084
1785907620,1.4071500301361084,1.4072500467300415,1.4068000316619873,1.4071999788284302
1785907680,1.4071999788284302,1.4072999954223633,1.4069000482559204,1.4072400331497192
1785907740,1.407230019569397,1.4072999954223633,1.4069000482559204,1.407230019569397
1785907800,1.4072599411010742,1.4072599411010742,1.4067000150680542,1.4068000316619873
1785907860,1.4071799516677856,1.4072599411010742,1.4068000316619873,1.4071799516677856
1785907920,1.4071799516677856,1.407230019569397,1.4067000150680542,1.4071799516677856
1785907980,1.4071500301361084,1.407230019569397,1.4068000316619873,1.4068000316619873
1785908040,1.4071799516677856,1.407439947128296,1.4068000316619873,1.407349944114685
1785908100,1.4073400497436523,1.4074499607086182,1.406999945640564,1.4073599576950073
1785908160,1.4073899984359741,1.4074100255966187,1.406999945640564,1.4074100255966187
1785908220,1.4073699712753296,1.4074100255966187,1.406999945640564,1.40733003616333
1785908280,1.4073400497436523,1.4074000120162964,1.4068000316619873,1.4072599411010742
1785908340,1.4072999954223633,1.4073100090026855,1.4069000482559204,1.4072500467300415
1785908400,1.4072599411010742,1.4073100090026855,1.4069000482559204,1.4072599411010742
1785908460,1.4072599411010742,1.4073100090026855,1.4069000482559204,1.4072799682617188
1785908520,1.4072500467300415,1.4072999954223633,1.4069000482559204,1.4072500467300415
1785908580,1.4069000482559204,1.4072999954223633,1.4069000482559204,1.4072799682617188
1785908640,1.4072400331497192,1.4072999954223633,1.4069000482559204,1.4072500467300415
1785908700,1.4072500467300415,1.4072999954223633,1.4069000482559204,1.4072500467300415
1785908760,1.4072200059890747,1.4072999954223633,1.4067000150680542,1.4071400165557861
1785908820,1.4071500301361084,1.4072099924087524,1.4068000316619873,1.407170057296753
1785908880,1.407170057296753,1.4073699712753296,1.4068000316619873,1.4073200225830078
1785908940,1.4073200225830078,1.4073799848556519,1.406999945640564,1.406999945640564
1785909000,1.4073200225830078,1.4073599576950073,1.4068000316619873,1.407289981842041
1785909060,1.4072799682617188,1.4073899984359741,1.4069000482559204,1.4073799848556519
1785909120,1.407349944114685,1.407520055770874,1.406999945640564,1.407480001449585
1785909180,1.407480001449585,1.4076000452041626,1.407099962234497,1.4075299501419067
1785909240,1.407480001449585,1.4075299501419067,1.407099962234497,1.4074900150299072
1785909300,1.4071999788284302,1.407520055770874,1.407099962234497,1.4074300527572632
1785909360,1.4074300527572632,1.4074599742889404,1.4069000482559204,1.4072699546813965
1785909420,1.4073200225830078,1.4073200225830078,1.4068000316619873,1.4072200059890747
1785909480,1.407230019569397,1.4073100090026855,1.4069000482559204,1.4072599411010742
1785909540,1.4072599411010742,1.4073200225830078,1.4069000482559204,1.4072599411010742
1785909600,1.4072200059890747,1.4074300527572632,1.4068000316619873,1.4073599576950073
1785909660,1.4073599576950073,1.407439947128296,1.406999945640564,1.4073799848556519
1785909720,1.4074100255966187,1.4075100421905518,1.4069000482559204,1.4074699878692627
1785909780,1.407480001449585,1.4075499773025513,1.406999945640564,1.407480001449585
1785909840,1.407480001449585,1.4075299501419067,1.406999945640564,1.4074100255966187
1785909900,1.4073699712753296,1.4074000120162964,1.4069000482559204,1.4073200225830078
1785909960,1.4073200225830078,1.4074100255966187,1.406999945640564,1.4073400497436523
1785910020,1.4073400497436523,1.407420039176941,1.406999945640564,1.40733003616333
1785910080,1.40733003616333,1.4075000286102295,1.406999945640564,1.4075000286102295
1785910140,1.4074599742889404,1.4075100421905518,1.407099962234497,1.4074900150299072
1785910200,1.4074499607086182,1.4075100421905518,1.407099962234497,1.407439947128296
1785910260,1.4074499607086182,1.4075100421905518,1.407099962234497,1.4075000286102295
1785910320,1.4074599742889404,1.4075100421905518,1.407099962234497,1.4074599742889404
1785910380,1.4074699878692627,1.4076000452041626,1.407099962234497,1.4074699878692627
1785910440,1.4072999954223633,1.4075599908828735,1.407099962234497,1.4075000286102295
1785910500,1.4074699878692627,1.4076800346374512,1.4071999788284302,1.4076499938964844
1785910560,1.4076800346374512,1.407729983329773,1.4072999954223633,1.4076800346374512
1785910620,1.4077199697494507,1.4077999591827393,1.4074000120162964,1.4077999591827393
1785910680,1.407770037651062,1.4078099727630615,1.4074000120162964,1.4077999591827393
1785910740,1.4077999591827393,1.4078199863433838,1.4074000120162964,1.407770037651062
1785910800,1.4077399969100952,1.4077999591827393,1.4072999954223633,1.407639980316162
1785910860,1.407639980316162,1.4078799486160278,1.4071999788284302,1.4078500270843506
1785910920,1.4077999591827393,1.4079300165176392,1.4074000120162964,1.4076000452041626
1785910980,1.4078799486160278,1.4080100059509277,1.4075000286102295,1.407960057258606
1785911040,1.4079500436782837,1.4079899787902832,1.4075000286102295,1.4078600406646729
1785911100,1.4078600406646729,1.407960057258606,1.4075000286102295,1.4079099893569946
1785911160,1.4079099893569946,1.4079999923706055,1.4075000286102295,1.4078199863433838
1785911220,1.4078199863433838,1.4079500436782837,1.4074000120162964,1.4078400135040283
1785911280,1.4078400135040283,1.407920002937317,1.4075000286102295,1.40788996219635
1785911340,1.4078600406646729,1.4079099893569946,1.4074000120162964,1.4077999591827393
1785911400,1.4077600240707397,1.4078999757766724,1.4074000120162964,1.40788996219635
1785911460,1.40788996219635,1.4079300165176392,1.4075000286102295,1.4078600406646729
1785911520,1.4078999757766724,1.4079099893569946,1.4072999954223633,1.407729983329773
1785911580,1.407729983329773,1.4077999591827393,1.4072999954223633,1.4077199697494507
1785911640,1.4077199697494507,1.4077800512313843,1.4072999954223633,1.4076999425888062
1785911700,1.4074000120162964,1.407729983329773,1.4071999788284302,1.4076800346374512
1785911760,1.4076800346374512,1.4077500104904175,1.407099962234497,1.4075000286102295
1785911820,1.407520055770874,1.4076000452041626,1.406999945640564,1.4074699878692627
1785911880,1.4074599742889404,1.4075100421905518,1.4069000482559204,1.4073799848556519
1785911940,1.4074100255966187,1.4074699878692627,1.406999945640564,1.4073699712753296
1785912000,1.4073699712753296,1.4074699878692627,1.407099962234497,1.4073799848556519
1785912060,1.4074599742889404,1.4074599742889404,1.4069000482559204,1.407420039176941
1785912120,1.4073799848556519,1.4075000286102295,1.406999945640564,1.4074599742889404
1785912180,1.4074699878692627,1.4075100421905518,1.406999945640564,1.4074499607086182
1785912240,1.4074599742889404,1.4075000286102295,1.4069000482559204,1.4072999954223633
1785912300,1.4072999954223633,1.40733003616333,1.4068000316619873,1.4072400331497192
1785912360,1.4072599411010742,1.4072999954223633,1.4069000482559204,1.4072799682617188
1785912420,1.4072400331497192,1.4072999954223633,1.4067000150680542,1.4071999788284302
1785912480,1.4072599411010742,1.4072599411010742,1.4068000316619873,1.4070899486541748
1785912540,1.407080054283142,1.4071999788284302,1.406599998474121,1.4071799516677856
1785912600,1.4071799516677856,1.4072699546813965,1.4067000150680542,1.4072099924087524
1785912660,1.4069000482559204,1.4072200059890747,1.4067000150680542,1.407170057296753
1785912720,1.407170057296753,1.40733003616333,1.4069000482559204,1.4072599411010742
1785912780,1.4072400331497192,1.407349944114685,1.406999945640564,1.4073400497436523
1785912840,1.4073400497436523,1.4074699878692627,1.406999945640564,1.4073699712753296
1785912900,1.4073699712753296,1.407420039176941,1.4069000482559204,1.4073599576950073
1785912960,1.4073699712753296,1.4074699878692627,1.406999945640564,1.4074699878692627
1785913020,1.407420039176941,1.4074599742889404,1.4069000482559204,1.4073400497436523
1785913080,1.4074000120162964,1.4074300527572632,1.406999945640564,1.4073400497436523
1785913140,1.407099962234497,1.407349944114685,1.4069000482559204,1.4072799682617188
1785913200,1.4073100090026855,1.4073899984359741,1.4069000482559204,1.4072599411010742
1785913260,1.4072999954223633,1.4073899984359741,1.4068000316619873,1.4071600437164307
1785913320,1.4072099924087524,1.4072099924087524,1.4067000150680542,1.4071500301361084
1785913380,1.4071500301361084,1.4073200225830078,1.4068000316619873,1.4072599411010742
1785913440,1.4072599411010742,1.4073899984359741,1.4069000482559204,1.4072699546813965
1785913500,1.4072599411010742,1.4073200225830078,1.4067000150680542,1.4070600271224976
1785913560,1.4070600271224976,1.407189965248108,1.406599998474121,1.4071099758148193
1785913620,1.4071199893951416,1.4072099924087524,1.4067000150680542,1.407080054283142
1785913680,1.4068000316619873,1.4071500301361084,1.406599998474121,1.4070600271224976
1785913740,1.4069000482559204,1.4070899486541748,1.406599998474121,1.4069499969482422
1785913800,1.406599998474121,1.4070099592208862,1.406599998474121,1.4068900346755981
1785913860,1.4068900346755981,1.407170057296753,1.406499981880188,1.4071500301361084
1785913920,1.4071300029754639,1.4072200059890747,1.4067000150680542,1.4071999788284302
1785913980,1.4071999788284302,1.4071999788284302,1.406599998474121,1.407099962234497
1785914040,1.4070899486541748,1.4072500467300415,1.4068000316619873,1.406999945640564
1785914100,1.4071999788284302,1.4072500467300415,1.4068000316619873,1.4069000482559204
1785914160,1.4071600437164307,1.4072500467300415,1.4068000316619873,1.4069000482559204
1785914220,1.4071600437164307,1.4071999788284302,1.406599998474121,1.4070600271224976
1785914280,1.4068000316619873,1.4071600437164307,1.4067000150680542,1.4071099758148193
1785914340,1.4070700407028198,1.4071199893951416,1.4067000150680542,1.4070500135421753
1785914400,1.4070500135421753,1.407099962234497,1.4067000150680542,1.406980037689209
1785914460,1.4070299863815308,1.407099962234497,1.406499981880188,1.4069499969482422
1785914520,1.40693998336792,1.4070500135421753,1.406599998474121,1.407039999961853
1785914580,1.4070099592208862,1.4071400165557861,1.406599998474121,1.4070600271224976
1785914640,1.4070600271224976,1.4071999788284302,1.4068000316619873,1.4070600271224976
1785914700,1.407080054283142,1.4071500301361084,1.406599998474121,1.4071400165557861
1785914760,1.4071099758148193,1.4072599411010742,1.4067000150680542,1.4071799516677856
1785914820,1.4072099924087524,1.4072400331497192,1.4068000316619873,1.4069000482559204
1785914880,1.4069000482559204,1.4073599576950073,1.4069000482559204,1.4072799682617188
1785914940,1.4072699546813965,1.4073599576950073,1.4069000482559204,1.4073100090026855
1785915000,1.4072999954223633,1.4073799848556519,1.4068000316619873,1.4072699546813965
1785915060,1.4072400331497192,1.4073799848556519,1.4069000482559204,1.407289981842041
1785915120,1.4072500467300415,1.4074699878692627,1.4069000482559204,1.4073599576950073
1785915180,1.4073599576950073,1.4074599742889404,1.4069000482559204,1.4074000120162964
1785915240,1.4074100255966187,1.4074499607086182,1.406999945640564,1.4073599576950073
1785915300,1.4073599576950073,1.4074100255966187,1.406999945640564,1.4073599576950073
1785915360,1.4074000120162964,1.4074100255966187,1.4068000316619873,1.4072799682617188
1785915420,1.4072400331497192,1.4073100090026855,1.4069000482559204,1.4072099924087524
1785915480,1.4072400331497192,1.4072999954223633,1.4068000316619873,1.4071099758148193
1785915540,1.4071099758148193,1.4071999788284302,1.406599998474121,1.4069600105285645
1785915600,1.4069499969482422,1.4070199728012085,1.406599998474121,1.4069600105285645
1785915660,1.4069900512695312,1.4070099592208862,1.406599998474121,1.4069600105285645
1785915720,1.4069600105285645,1.407099962234497,1.406599998474121,1.4070700407028198
1785915780,1.407039999961853,1.4071099758148193,1.4067000150680542,1.4070500135421753
1785915840,1.407039999961853,1.4071199893951416,1.4067000150680542,1.4068000316619873
1785915900,1.407039999961853,1.4071999788284302,1.4068000316619873,1.4068000316619873
1785915960,1.4071199893951416,1.4071999788284302,1.4068000316619873,1.4069000482559204
1785916020,1.407039999961853,1.4071099758148193,1.4067000150680542,1.4067000150680542
1785916080,1.407039999961853,1.4070600271224976,1.406499981880188,1.406980037689209
1785916140,1.4067000150680542,1.4070500135421753,1.406599998474121,1.406849980354309
1785916200,1.406599998474121,1.4069099426269531,1.406499981880188,1.4069000482559204
1785916260,1.406849980354309,1.406999945640564,1.406599998474121,1.40693998336792
1785916320,1.4069499969482422,1.406999945640564,1.406599998474121,1.40693998336792
1785916380,1.40693998336792,1.4070099592208862,1.406599998474121,1.40693998336792
1785916440,1.4069700241088867,1.4070700407028198,1.4067000150680542,1.4069600105285645
1785916500,1.4069700241088867,1.4070199728012085,1.4062999486923218,1.4067599773406982
1785916560,1.4068000316619873,1.4068200588226318,1.4063999652862549,1.4063999652862549
1785916620,1.4067399501800537,1.4068000316619873,1.4063999652862549,1.406790018081665
1785916680,1.4067399501800537,1.406790018081665,1.4062000513076782,1.4066499471664429
1785916740,1.4066499471664429,1.4067100286483765,1.4062999486923218,1.4066699743270874
1785916800,1.4066599607467651,1.4067399501800537,1.4061000347137451,1.406559944152832
1785916860,1.406559944152832,1.4066699743270874,1.4062000513076782,1.4065799713134766
1785916920,1.4066100120544434,1.4068000316619873,1.4062000513076782,1.4067599773406982
1785916980,1.4067599773406982,1.4068200588226318,1.4063999652862549,1.4067599773406982
1785917040,1.4067599773406982,1.4069099426269531,1.4063999652862549,1.4068800210952759
1785917100,1.406849980354309,1.4069199562072754,1.406499981880188,1.406849980354309
1785917160,1.406849980354309,1.4070199728012085,1.406499981880188,1.40693998336792
1785917220,1.4069499969482422,1.407039999961853,1.406499981880188,1.4069600105285645
1785917280,1.4069600105285645,1.4070099592208862,1.406599998474121,1.4069199562072754
1785917340,1.4069199562072754,1.4070600271224976,1.406599998474121,1.4069499969482422
1785917400,1.406980037689209,1.406980037689209,1.406599998474121,1.406599998474121
1785917460,1.4068599939346313,1.4069000482559204,1.4063999652862549,1.4067599773406982
1785917520,1.4067599773406982,1.4068100452423096,1.4063999652862549,1.406790018081665
1785917580,1.4067599773406982,1.4068000316619873,1.4063999652862549,1.4063999652862549
1785917640,1.406749963760376,1.4068100452423096,1.4063999652862549,1.4068100452423096
1785917700,1.4067800045013428,1.4068700075149536,1.4063999652862549,1.406499981880188
1785917760,1.4068399667739868,1.4069000482559204,1.4063999652862549,1.406790018081665
1785917820,1.4067100286483765,1.4067800045013428,1.4062999486923218,1.406749963760376
1785917880,1.4063999652862549,1.4068200588226318,1.4063999652862549,1.406499981880188
1785917940,1.4067800045013428,1.4068100452423096,1.4063999652862549,1.4067100286483765
1785918000,1.4067399501800537,1.406749963760376,1.4061000347137451,1.4066699743270874
1785918060,1.406690001487732,1.406749963760376,1.4062000513076782,1.4066200256347656
1785918120,1.406630039215088,1.4068000316619873,1.4062999486923218,1.4067200422286987
1785918180,1.406499981880188,1.4068100452423096,1.4063999652862549,1.4063999652862549
1785918240,1.4067399501800537,1.4068599939346313,1.4063999652862549,1.4067800045013428
1785918300,1.4067599773406982,1.4069000482559204,1.4063999652862549,1.4067699909210205
1785918360,1.4067699909210205,1.4068000316619873,1.4062999486923218,1.4067200422286987
1785918420,1.406690001487732,1.4068100452423096,1.4062000513076782,1.406599998474121
1785918480,1.406730055809021,1.4068200588226318,1.4062999486923218,1.406749963760376
1785918540,1.4067599773406982,1.4068100452423096,1.4063999652862549,1.4067100286483765
1785918600,1.4063999652862549,1.4067399501800537,1.4062999486923218,1.4066499471664429
1785918660,1.4066400527954102,1.4067800045013428,1.4062999486923218,1.4066599607467651
1785918720,1.4066599607467651,1.4068000316619873,1.4062999486923218,1.4066699743270874
1785918780,1.4066699743270874,1.4068000316619873,1.4062999486923218,1.4067599773406982
1785918840,1.4067699909210205,1.406849980354309,1.4063999652862549,1.4068000316619873
1785918900,1.4068100452423096,1.4068700075149536,1.4063999652862549,1.4068700075149536
1785918960,1.406849980354309,1.4069000482559204,1.4063999652862549,1.406499981880188
1785919020,1.4068399667739868,1.4069000482559204,1.406499981880188,1.406849980354309
1785919080,1.4068599939346313,1.4069600105285645,1.406499981880188,1.4069299697875977
1785919140,1.4069000482559204,1.4070600271224976,1.406499981880188,1.4070099592208862
1785919200,1.4070099592208862,1.4071099758148193,1.4067000150680542,1.4070500135421753
1785919260,1.4070500135421753,1.4072699546813965,1.4067000150680542,1.4072400331497192
1785919320,1.4072400331497192,1.407289981842041,1.4068000316619873,1.407289981842041
1785919380,1.4072599411010742,1.4072999954223633,1.4069000482559204,1.4072500467300415
1785919440,1.407230019569397,1.40733003616333,1.4068000316619873,1.4071799516677856
1785919500,1.407170057296753,1.4074699878692627,1.4068000316619873,1.407439947128296
1785919560,1.4074000120162964,1.4075599908828735,1.407099962234497,1.407480001449585
1785919620,1.407480001449585,1.4075000286102295,1.4069000482559204,1.4072500467300415
1785919680,1.4072400331497192,1.407439947128296,1.4069000482559204,1.4073599576950073
1785919740,1.4073699712753296,1.4073699712753296,1.4068000316619873,1.4072500467300415
1785919800,1.4069000482559204,1.407349944114685,1.4069000482559204,1.4073100090026855
1785919860,1.4073100090026855,1.407349944114685,1.4068000316619873,1.4071099758148193
1785919920,1.4071099758148193,1.4071999788284302,1.4068000316619873,1.4071600437164307
1785919980,1.4071400165557861,1.4071999788284302,1.4067000150680542,1.4070199728012085
1785920040,1.4070199728012085,1.4071199893951416,1.4067000150680542,1.4070600271224976
1785920100,1.407099962234497,1.4071199893951416,1.406599998474121,1.4068599939346313
1785920160,1.4068599939346313,1.4069199562072754,1.406499981880188,1.4068700075149536
1785920220,1.4068700075149536,1.4069000482559204,1.406499981880188,1.4068100452423096
1785920280,1.4068100452423096,1.4069099426269531,1.406499981880188,1.4068200588226318
1785920340,1.4068399667739868,1.4069199562072754,1.406499981880188,1.4069199562072754
1785920400,1.4069099426269531,1.4069299697875977,1.4062999486923218,1.4067100286483765
1785920460,1.4067100286483765,1.406749963760376,1.4062000513076782,1.4067200422286987
1785920520,1.4067200422286987,1.4069099426269531,1.4062999486923218,1.406599998474121
1785920580,1.4068599939346313,1.406999945640564,1.406499981880188,1.4069600105285645
1785920640,1.40693998336792,1.406999945640564,1.406599998474121,1.4069099426269531
1785920700,1.4069099426269531,1.4069499969482422,1.406499981880188,1.4068299531936646
1785920760,1.406599998474121,1.4068599939346313,1.4063999652862549,1.406730055809021
1785920820,1.4063999652862549,1.406849980354309,1.4063999652862549,1.4067800045013428
1785920880,1.4067800045013428,1.406849980354309,1.4063999652862549,1.406749963760376
1785920940,1.4063999652862549,1.4068000316619873,1.4062999486923218,1.4066400527954102
1785921000,1.4066400527954102,1.4067200422286987,1.4062000513076782,1.406599998474121
1785921060,1.4066100120544434,1.4066100120544434,1.4062000513076782,1.4065799713134766
1785921120,1.406540036201477,1.4065899848937988,1.4062000513076782,1.406540036201477
1785921180,1.4065500497817993,1.406599998474121,1.4062000513076782,1.406540036201477
1785921240,1.406559944152832,1.4066699743270874,1.4062999486923218,1.4066699743270874
1785921300,1.4066400527954102,1.4066699743270874,1.4062999486923218,1.4066100120544434
1785921360,1.4066200256347656,1.4066400527954102,1.4062000513076782,1.406559944152832
1785921420,1.406559944152832,1.4065899848937988,1.4061000347137451,1.4064199924468994
1785921480,1.4064199924468994,1.4065899848937988,1.4061000347137451,1.4065099954605103
1785921540,1.4064799547195435,1.4065799713134766,1.4061000347137451,1.406440019607544
1785921600,1.4064300060272217,1.406499981880188,1.4061000347137451,1.4064699411392212
1785921660,1.4064199924468994,1.4065300226211548,1.4061000347137451,1.4064799547195435
1785921720,1.4064500331878662,1.406599998474121,1.4061000347137451,1.406540036201477
1785921780,1.4065699577331543,1.4065799713134766,1.4061000347137451,1.4064099788665771
1785921840,1.4064199924468994,1.4065699577331543,1.4061000347137451,1.4065300226211548
1785921900,1.4065300226211548,1.406630039215088,1.4061000347137451,1.4064300060272217
1785921960,1.4064199924468994,1.4065099954605103,1.4061000347137451,1.406440019607544
1785922020,1.406440019607544,1.406499981880188,1.4061000347137451,1.4062000513076782
1785922080,1.4064500331878662,1.4065300226211548,1.4061000347137451,1.4064699411392212
1785922140,1.406440019607544,1.406559944152832,1.4061000347137451,1.406540036201477
1785922200,1.4062999486923218,1.4065799713134766,1.4062000513076782,1.406540036201477
1785922260,1.4062999486923218,1.4066400527954102,1.4061000347137451,1.406540036201477
1785922320,1.406559944152832,1.4066599607467651,1.4062000513076782,1.406630039215088
1785922380,1.4066400527954102,1.4067000150680542,1.4062000513076782,1.4066699743270874
1785922440,1.406499981880188,1.4067399501800537,1.4062999486923218,1.4062999486923218
1785922500,1.4063999652862549,1.4066699743270874,1.4062999486923218,1.4066100120544434
1785922560,1.406599998474121,1.4067000150680542,1.4062999486923218,1.4063999652862549
1785922620,1.4066599607467651,1.4067200422286987,1.4062999486923218,1.4066599607467651
1785922680,1.4066400527954102,1.4066699743270874,1.4062000513076782,1.4063999652862549
1785922740,1.4066699743270874,1.406690001487732,1.4062999486923218,1.4066100120544434
1785922800,1.4066100120544434,1.4067000150680542,1.4061000347137451,1.4066499471664429
1785922860,1.4066799879074097,1.4067000150680542,1.4062999486923218,1.4066200256347656
1785922920,1.4066499471664429,1.4066499471664429,1.4062000513076782,1.4065200090408325
1785922980,1.4065300226211548,1.4065799713134766,1.406000018119812,1.406540036201477
1785923040,1.4065500497817993,1.406599998474121,1.4061000347137451,1.4065099954605103
1785923100,1.4065099954605103,1.4065899848937988,1.4062000513076782,1.4062000513076782
1785923160,1.406540036201477,1.406599998474121,1.4062000513076782,1.4062000513076782
1785923220,1.406499981880188,1.4065099954605103,1.4061000347137451,1.4064699411392212
1785923280,1.4064699411392212,1.406499981880188,1.4061000347137451,1.4064799547195435
1785923340,1.4064799547195435,1.406499981880188,1.4061000347137451,1.4061000347137451
1785923400,1.4061000347137451,1.406499981880188,1.4061000347137451,1.4064699411392212
1785923460,1.4064600467681885,1.4065099954605103,1.4061000347137451,1.406440019607544
1785923520,1.406440019607544,1.406499981880188,1.4061000347137451,1.4064699411392212
1785923580,1.4064699411392212,1.406499981880188,1.4061000347137451,1.4064600467681885
1785923640,1.406440019607544,1.4065099954605103,1.4061000347137451,1.4064600467681885
1785923700,1.4064699411392212,1.4065200090408325,1.4061000347137451,1.4064500331878662
1785923760,1.4064799547195435,1.406559944152832,1.4062000513076782,1.4064799547195435
1785923820,1.4064799547195435,1.4065099954605103,1.4061000347137451,1.4063600301742554
1785923880,1.4063600301742554,1.4063999652862549,1.406000018119812,1.4062999486923218
1785923940,1.4063299894332886,1.4064199924468994,1.405900001525879,1.4064199924468994
1785924000,1.4063899517059326,1.4064699411392212,1.4061000347137451,1.4064099788665771
1785924060,1.4064099788665771,1.4065799713134766,1.4061000347137451,1.4065500497817993
1785924120,1.4065500497817993,1.406599998474121,1.4061000347137451,1.406559944152832
1785924180,1.4065899848937988,1.406599998474121,1.406000018119812,1.4064500331878662
1785924240,1.4064699411392212,1.4065200090408325,1.4061000347137451,1.4064500331878662
1785924300,1.4064600467681885,1.406499981880188,1.4061000347137451,1.4061000347137451
1785924360,1.406440019607544,1.406499981880188,1.4061000347137451,1.406440019607544
1785924420,1.4064500331878662,1.406599998474121,1.4061000347137451,1.406559944152832
1785924480,1.406559944152832,1.406599998474121,1.4061000347137451,1.4065799713134766
1785924540,1.4062000513076782,1.406599998474121,1.4062000513076782,1.4064899682998657
1785924600,1.4064899682998657,1.406559944152832,1.406000018119812,1.4064799547195435
1785924660,1.4065099954605103,1.4065500497817993,1.4061000347137451,1.4064699411392212
1785924720,1.4064899682998657,1.406559944152832,1.4061000347137451,1.4065300226211548
1785924780,1.4065300226211548,1.4065799713134766,1.4061000347137451,1.4065200090408325
1785924840,1.4065200090408325,1.4065500497817993,1.406000018119812,1.4064699411392212
1785924900,1.4064600467681885,1.406540036201477,1.4062000513076782,1.4064600467681885
1785924960,1.4064600467681885,1.406559944152832,1.4061000347137451,1.4064099788665771
1785925020,1.4061000347137451,1.4064500331878662,1.405900001525879,1.406350016593933
1785925080,1.4063700437545776,1.4063800573349,1.405900001525879,1.4062600135803223
1785925140,1.4062600135803223,1.4062999486923218,1.4057999849319458,1.4062399864196777
1785925200,1.4062600135803223,1.406290054321289,1.405900001525879,1.4062299728393555
1785925260,1.4062299728393555,1.4063700437545776,1.405900001525879,1.4062700271606445
1785925320,1.4061000347137451,1.4063700437545776,1.405900001525879,1.4063299894332886
1785925380,1.4063400030136108,1.4063999652862549,1.406000018119812,1.4063700437545776
1785925440,1.4063700437545776,1.406599998474121,1.406000018119812,1.4065300226211548
1785925500,1.4062000513076782,1.4066200256347656,1.4062000513076782,1.4065300226211548
1785925560,1.4065300226211548,1.4066200256347656,1.4061000347137451,1.406559944152832
1785925620,1.406559944152832,1.4066200256347656,1.4062000513076782,1.4065899848937988
1785925680,1.4065899848937988,1.4066499471664429,1.4062000513076782,1.4066499471664429
1785925740,1.4066200256347656,1.4066599607467651,1.4061000347137451,1.4066200256347656
1785925800,1.4065899848937988,1.4066200256347656,1.4062000513076782,1.4064199924468994
1785925860,1.406440019607544,1.406559944152832,1.406000018119812,1.4064899682998657
1785925920,1.4065099954605103,1.406540036201477,1.4061000347137451,1.4064500331878662
1785925980,1.4064899682998657,1.406559944152832,1.4061000347137451,1.406540036201477
1785926040,1.4065099954605103,1.406690001487732,1.4062000513076782,1.4066699743270874
1785926100,1.4066400527954102,1.4067000150680542,1.4062000513076782,1.4066200256347656
1785926160,1.4066100120544434,1.4066599607467651,1.4062999486923218,1.4062999486923218
1785926220,1.4066100120544434,1.4067000150680542,1.4062000513076782,1.406540036201477
1785926280,1.4065500497817993,1.406599998474121,1.4061000347137451,1.4065300226211548
1785926340,1.4065200090408325,1.4066200256347656,1.4062000513076782,1.4065799713134766
1785926400,1.4065899848937988,1.4066799879074097,1.4062999486923218,1.4066100120544434
1785926460,1.4066100120544434,1.4066400527954102,1.4061000347137451,1.406540036201477
1785926520,1.4065699577331543,1.4067000150680542,1.4062000513076782,1.4067000150680542
1785926580,1.4063999652862549,1.4067000150680542,1.4062000513076782,1.4067000150680542
1785926640,1.4063999652862549,1.4067100286483765,1.4062999486923218,1.4066699743270874
1785926700,1.4066599607467651,1.406790018081665,1.4063999652862549,1.406790018081665
1785926760,1.4067599773406982,1.4068800210952759,1.4063999652862549,1.4068100452423096
1785926820,1.406849980354309,1.4069000482559204,1.406499981880188,1.4068599939346313
1785926880,1.4068700075149536,1.4069000482559204,1.406499981880188,1.4068599939346313
1785926940,1.406849980354309,1.4068900346755981,1.4063999652862549,1.4067399501800537
1785927000,1.4067399501800537,1.4068100452423096,1.4062999486923218,1.406790018081665
1785927060,1.4067399501800537,1.4068100452423096,1.4063999652862549,1.4066699743270874
1785927120,1.4066699743270874,1.4067200422286987,1.4062000513076782,1.4062999486923218
1785927180,1.4066200256347656,1.4067000150680542,1.4062999486923218,1.4066400527954102
1785927240,1.4066400527954102,1.4067000150680542,1.4062999486923218,1.4066699743270874
1785927300,1.4066499471664429,1.4067000150680542,1.4062000513076782,1.406599998474121
1785927360,1.4065699577331543,1.4066599607467651,1.4062000513076782,1.4065300226211548
1785927420,1.4065300226211548,1.406599998474121,1.4061000347137451,1.406540036201477
1785927480,1.4062999486923218,1.4066200256347656,1.4062000513076782,1.406540036201477
1785927540,1.406540036201477,1.406599998474121,1.4062000513076782,1.406540036201477
1785927600,1.406540036201477,1.4065699577331543,1.405900001525879,1.4062399864196777
1785927660,1.40625,1.406309962272644,1.4057999849319458,1.4061399698257446
1785927720,1.4061399698257446,1.4062299728393555,1.4056999683380127,1.4060800075531006
1785927780,1.4060800075531006,1.4061299562454224,1.4055999517440796,1.4060800075531006
1785927840,1.406059980392456,1.4061700105667114,1.4056999683380127,1.4060800075531006
1785927900,1.4060800075531006,1.4061599969863892,1.4056999683380127,1.405900001525879
1785927960,1.406059980392456,1.4062000513076782,1.4055999517440796,1.406149983406067
1785928020,1.4061800241470337,1.4062000513076782,1.4056999683380127,1.4060200452804565
1785928080,1.4060200452804565,1.4061599969863892,1.4055999517440796,1.4057999849319458
1785928140,1.406149983406067,1.4062600135803223,1.4057999849319458,1.4061100482940674
1785928200,1.4061000347137451,1.4061700105667114,1.4056999683380127,1.4060300588607788
1785928260,1.4060200452804565,1.4061000347137451,1.4056999683380127,1.4060499668121338
1785928320,1.4060900211334229,1.4060900211334229,1.4055999517440796,1.405959963798523
1785928380,1.405959963798523,1.4059699773788452,1.405500054359436,1.405869960784912
1785928440,1.405869960784912,1.406000018119812,1.4055999517440796,1.405900001525879
1785928500,1.405900001525879,1.4060300588607788,1.4055999517440796,1.4059900045394897
1785928560,1.4060200452804565,1.4061000347137451,1.4055999517440796,1.406059980392456
1785928620,1.4060699939727783,1.4061000347137451,1.4055999517440796,1.4059799909591675
1785928680,1.405959963798523,1.4060399532318115,1.405500054359436,1.406000018119812
1785928740,1.406000018119812,1.4060300588607788,1.4055999517440796,1.4058799743652344
1785928800,1.405900001525879,1.4059300422668457,1.4053000211715698,1.4057300090789795
1785928860,1.4057300090789795,1.405769944190979,1.4052000045776367,1.405400037765503
1785928920,1.4056999683380127,1.4057300090789795,1.4053000211715698,1.4056999683380127
1785928980,1.4056999683380127,1.4057799577713013,1.405400037765503,1.405500054359436
1785929040,1.405750036239624,1.4058300256729126,1.4053000211715698,1.405400037765503
1785929100,1.4057300090789795,1.405769944190979,1.4053000211715698,1.4055999517440796
1785929160,1.4055999517440796,1.4057300090789795,1.4052000045776367,1.4056899547576904
1785929220,1.405400037765503,1.4057400226593018,1.4052000045776367,1.405519962310791
1785929280,1.4054900407791138,1.4055399894714355,1.4049999713897705,1.4055099487304688
1785929340,1.4055299758911133,1.4056600332260132,1.4050999879837036,1.4056600332260132
1785929400,1.405650019645691,1.4056600332260132,1.4052000045776367,1.4055500030517578
1785929460,1.405519962310791,1.40556001663208,1.4049999713897705,1.4053399562835693
1785929520,1.4053399562835693,1.4056299924850464,1.4049999713897705,1.4055900573730469
1785929580,1.40556001663208,1.4056299924850464,1.4050999879837036,1.4055800437927246
1785929640,1.4055999517440796,1.4056899547576904,1.4052000045776367,1.4053000211715698
1785929700,1.4055999517440796,1.4056400060653687,1.4052000045776367,1.405400037765503
1785929760,1.4056099653244019,1.4056299924850464,1.4050999879837036,1.4055099487304688
1785929820,1.4052000045776367,1.4055900573730469,1.4050999879837036,1.4055099487304688
1785929880,1.4053000211715698,1.4056099653244019,1.4050999879837036,1.4054499864578247
1785929940,1.4054100513458252,1.405500054359436,1.4048999547958374,1.4054399728775024
1785930000,1.4054499864578247,1.4055399894714355,1.4050999879837036,1.405400037765503
1785930060,1.4053800106048584,1.4054700136184692,1.4048999547958374,1.4053699970245361
1785930120,1.4053900241851807,1.4054299592971802,1.4048999547958374,1.4053900241851807
1785930180,1.4053900241851807,1.405500054359436,1.4049999713897705,1.4054499864578247
1785930240,1.4054499864578247,1.405500054359436,1.4049999713897705,1.4053800106048584
1785930300,1.4050999879837036,1.405500054359436,1.4048999547958374,1.4054800271987915
1785930360,1.4054900407791138,1.4055800437927246,1.4049999713897705,1.405519962310791
1785930420,1.405519962310791,1.40556001663208,1.4050999879837036,1.4054900407791138
1785930480,1.405460000038147,1.405500054359436,1.4049999713897705,1.405460000038147
1785930540,1.405460000038147,1.4055099487304688,1.4050999879837036,1.4053000211715698
1785930600,1.4054800271987915,1.4056099653244019,1.4050999879837036,1.4055299758911133
1785930660,1.405519962310791,1.40556001663208,1.4050999879837036,1.4053000211715698
1785930720,1.4055299758911133,1.4056299924850464,1.4052000045776367,1.405500054359436
1785930780,1.4055099487304688,1.4055399894714355,1.4049999713897705,1.4052000045776367
1785930840,1.4053599834442139,1.4054100513458252,1.4048999547958374,1.4050999879837036
1785930900,1.405269980430603,1.4053499698638916,1.4048999547958374,1.4053399562835693
1785930960,1.405310034751892,1.4053599834442139,1.4048999547958374,1.4048999547958374
1785931020,1.4052000045776367,1.4052400588989258,1.4048000574111938,1.40516996383667
1785931080,1.4051899909973145,1.4052799940109253,1.4047000408172607,1.4052499532699585
1785931140,1.4048999547958374,1.4052499532699585,1.4048000574111938,1.405210018157959
1785931200,1.4048999547958374,1.4052200317382812,1.4046000242233276,1.4050099849700928
1785931260,1.4048000574111938,1.4050999879837036,1.4046000242233276,1.4048999547958374
1785931320,1.4048800468444824,1.4050500392913818,1.4045000076293945,1.4049999713897705
1785931380,1.405019998550415,1.4051200151443481,1.4046000242233276,1.4048899412155151
1785931440,1.4048899412155151,1.4050099849700928,1.4045000076293945,1.4049099683761597
1785931500,1.4048999547958374,1.4049999713897705,1.4046000242233276,1.4049400091171265
1785931560,1.4049400091171265,1.405079960823059,1.4045000076293945,1.404770016670227
1785931620,1.4046800136566162,1.4048399925231934,1.4041999578475952,1.4046800136566162
1785931680,1.4046399593353271,1.404729962348938,1.4042999744415283,1.4047199487686157
1785931740,1.4047000408172607,1.4047399759292603,1.4042999744415283,1.4046800136566162
1785931800,1.404710054397583,1.4048099517822266,1.4042999744415283,1.4048099517822266
1785931860,1.4047900438308716,1.4048399925231934,1.4043999910354614,1.4048099517822266
1785931920,1.4048099517822266,1.404960036277771,1.4045000076293945,1.4048899412155151
1785931980,1.4048899412155151,1.4051200151443481,1.4045000076293945,1.4051200151443481
1785932040,1.405079960823059,1.4051200151443481,1.4046000242233276,1.4050500392913818
1785932100,1.4049999713897705,1.405150055885315,1.4046000242233276,1.4049400091171265
1785932160,1.4049400091171265,1.405019998550415,1.4045000076293945,1.4048000574111938
1785932220,1.404829978942871,1.4048399925231934,1.4042999744415283,1.4046900272369385
1785932280,1.4046900272369385,1.404729962348938,1.4042999744415283,1.4047000408172607
1785932340,1.4047000408172607,1.4047600030899048,1.4041999578475952,1.40461003780365
1785932400,1.4046299457550049,1.4046800136566162,1.404099941253662,1.4045300483703613
1785932460,1.404539942741394,1.4045599699020386,1.4040000438690186,1.40447998046875
1785932520,1.40447998046875,1.4045300483703613,1.4040000438690186,1.4042199850082397
1785932580,1.404229998588562,1.4044500589370728,1.4038000106811523,1.4043300151824951
1785932640,1.404360055923462,1.404360055923462,1.4040000438690186,1.4043300151824951
1785932700,1.4040000438690186,1.4044100046157837,1.4038000106811523,1.4044100046157837
1785932760,1.4043899774551392,1.40447998046875,1.4040000438690186,1.4044400453567505
1785932820,1.4044400453567505,1.4045599699020386,1.4039000272750854,1.404520034790039
1785932880,1.404520034790039,1.4046200513839722,1.404099941253662,1.4045900106430054
1785932940,1.4046000242233276,1.404710054397583,1.4042999744415283,1.4046200513839722
1785933000,1.4046200513839722,1.404670000076294,1.404099941253662,1.4046200513839722
1785933060,1.4046200513839722,1.4048399925231934,1.4041999578475952,1.4048399925231934
1785933120,1.4048099517822266,1.4048500061035156,1.4042999744415283,1.4046200513839722
1785933180,1.4046000242233276,1.4046299457550049,1.404099941253662,1.4045100212097168
1785933240,1.4045000076293945,1.4046800136566162,1.4041999578475952,1.4045900106430054
1785933300,1.404579997062683,1.404670000076294,1.404099941253662,1.40447998046875
1785933360,1.40447998046875,1.4045100212097168,1.4040000438690186,1.4043099880218506
1785933420,1.4042799472808838,1.404420018196106,1.4039000272750854,1.4042199850082397
1785933480,1.4041999578475952,1.4042400121688843,1.4035999774932861,1.4041199684143066
1785933540,1.4041199684143066,1.4043999910354614,1.4038000106811523,1.404360055923462
1785933600,1.404360055923462,1.4044300317764282,1.4039000272750854,1.404379963874817
1785933660,1.404379963874817,1.4046399593353271,1.404099941253662,1.404579997062683
1785933720,1.4045900106430054,1.4048099517822266,1.404099941253662,1.4048000574111938
1785933780,1.4048099517822266,1.4049299955368042,1.4043999910354614,1.4045000076293945
1785933840,1.404860019683838,1.404919981956482,1.4045000076293945,1.4048700332641602
1785933900,1.4048899412155151,1.4050099849700928,1.4046000242233276,1.4048800468444824
1785933960,1.4048800468444824,1.4052000045776367,1.4043999910354614,1.4051100015640259
1785934020,1.4051100015640259,1.4051400423049927,1.4047000408172607,1.405019998550415
1785934080,1.4050500392913818,1.405060052871704,1.4043999910354614,1.4049099683761597
1785934140,1.4048999547958374,1.4050099849700928,1.4046000242233276,1.404960036277771
1785934200,1.404979944229126,1.4050400257110596,1.4045000076293945,1.405019998550415
1785934260,1.405019998550415,1.405150055885315,1.4046000242233276,1.4051100015640259
1785934320,1.4051400423049927,1.4051400423049927,1.4047000408172607,1.4050699472427368
1785934380,1.4047000408172607,1.4050899744033813,1.4047000408172607,1.405060052871704
1785934440,1.4047000408172607,1.4051100015640259,1.4046000242233276,1.4050300121307373
1785934500,1.4050099849700928,1.4052400588989258,1.4046000242233276,1.4051799774169922
1785934560,1.4051799774169922,1.405210018157959,1.4047000408172607,1.4051100015640259
1785934620,1.4051100015640259,1.4052000045776367,1.4046000242233276,1.4050699472427368
1785934680,1.4050699472427368,1.4051599502563477,1.4046000242233276,1.4051100015640259
1785934740,1.4050899744033813,1.40516996383667,1.4047000408172607,1.4051100015640259
1785934800,1.4051100015640259,1.4053900241851807,1.4046000242233276,1.4053800106048584
1785934860,1.4053699970245361,1.4054499864578247,1.4048999547958374,1.4053599834442139
1785934920,1.4053599834442139,1.4054800271987915,1.4049999713897705,1.4054299592971802
1785934980,1.4054499864578247,1.405460000038147,1.4048999547958374,1.4051799774169922
1785935040,1.4049999713897705,1.4053399562835693,1.4048999547958374,1.4052900075912476
1785935100,1.4052799940109253,1.405419945716858,1.4048000574111938,1.4053000211715698
1785935160,1.4053000211715698,1.4053900241851807,1.4048999547958374,1.4053499698638916
1785935220,1.4053499698638916,1.4054399728775024,1.4049999713897705,1.4054299592971802
1785935280,1.405400037765503,1.4054299592971802,1.4049999713897705,1.4053000211715698
1785935340,1.405310034751892,1.405419945716858,1.4049999713897705,1.405310034751892
1785935400,1.405329942703247,1.4054100513458252,1.4048999547958374,1.405310034751892
1785935460,1.4052900075912476,1.405400037765503,1.4048000574111938,1.4053599834442139
1785935520,1.4053599834442139,1.4054399728775024,1.4049999713897705,1.405400037765503
1785935580,1.405400037765503,1.4055399894714355,1.4050999879837036,1.4054700136184692
1785935640,1.4054900407791138,1.4055999517440796,1.4050999879837036,1.405419945716858
1785935700,1.4054399728775024,1.4054700136184692,1.4049999713897705,1.4052799940109253
1785935760,1.405310034751892,1.4053499698638916,1.4048000574111938,1.405310034751892
1785935820,1.4053200483322144,1.4053499698638916,1.4048000574111938,1.4052000045776367
1785935880,1.4052000045776367,1.4052300453186035,1.4047000408172607,1.405079960823059
1785935940,1.405079960823059,1.4052400588989258,1.4047000408172607,1.4050999879837036
1785936000,1.4051200151443481,1.4052200317382812,1.4048000574111938,1.4051799774169922
1785936060,1.4051799774169922,1.405210018157959,1.4047000408172607,1.4050400257110596
1785936120,1.4050500392913818,1.405079960823059,1.4046000242233276,1.4049400091171265
1785936180,1.4049400091171265,1.4050099849700928,1.4045000076293945,1.404979944229126
1785936240,1.404979944229126,1.4050099849700928,1.4045000076293945,1.4048700332641602
1785936300,1.4048399925231934,1.4049099683761597,1.4043999910354614,1.4048800468444824
1785936360,1.4048800468444824,1.4049299955368042,1.4046000242233276,1.4046000242233276
1785936420,1.4048500061035156,1.4049299955368042,1.4045000076293945,1.4049099683761597
1785936480,1.4048999547958374,1.4048999547958374,1.4042999744415283,1.404729962348938
1785936540,1.404710054397583,1.4047600030899048,1.4043999910354614,1.4047199487686157
1785936600,1.4045000076293945,1.404829978942871,1.4042999744415283,1.404670000076294
1785936660,1.4046499729156494,1.4046800136566162,1.404099941253662,1.4044899940490723
1785936720,1.4044899940490723,1.404729962348938,1.4041999578475952,1.4045499563217163
1785936780,1.4045599699020386,1.4048000574111938,1.404099941253662,1.4047499895095825
1785936840,1.4047199487686157,1.404829978942871,1.4042999744415283,1.4047800302505493
1785936900,1.4047900438308716,1.4048899412155151,1.4043999910354614,1.4048500061035156
1785936960,1.404860019683838,1.405079960823059,1.4045000076293945,1.4048899412155151
1785937020,1.4048899412155151,1.4049500226974487,1.4042999744415283,1.4048999547958374
1785937080,1.4048800468444824,1.4048999547958374,1.4043999910354614,1.4048199653625488
1785937140,1.4048500061035156,1.4050400257110596,1.4043999910354614,1.4048800468444824
1785937200,1.4048999547958374,1.4050999879837036,1.4045000076293945,1.4048800468444824
1785937260,1.4048399925231934,1.4049899578094482,1.4043999910354614,1.4048999547958374
1785937320,1.4049299955368042,1.4050500392913818,1.4046000242233276,1.4049700498580933
1785937380,1.4049700498580933,1.4050099849700928,1.4046000242233276,1.4049899578094482
1785937440,1.4049999713897705,1.4050400257110596,1.4045000076293945,1.4049700498580933
1785937500,1.4049700498580933,1.405079960823059,1.4045000076293945,1.404979944229126
1785937560,1.4047000408172607,1.405060052871704,1.4046000242233276,1.4049999713897705
1785937620,1.405019998550415,1.4050999879837036,1.4045000076293945,1.405019998550415
1785937680,1.4049999713897705,1.4050500392913818,1.4045000076293945,1.4048199653625488
1785937740,1.4048199653625488,1.405060052871704,1.4045000076293945,1.4048700332641602
1785937800,1.4048800468444824,1.4050300121307373,1.4045000076293945,1.404860019683838
1785937860,1.4048899412155151,1.4049299955368042,1.4043999910354614,1.4048099517822266
1785937920,1.4048199653625488,1.4048399925231934,1.4042999744415283,1.4046000242233276
1785937980,1.4046000242233276,1.4047499895095825,1.404099941253662,1.4047199487686157
1785938040,1.4047000408172607,1.4047399759292603,1.404099941253662,1.4045300483703613
1785938100,1.4044699668884277,1.4045499563217163,1.4040000438690186,1.4042799472808838
1785938160,1.404289960861206,1.4043400287628174,1.4038000106811523,1.4042999744415283
1785938220,1.4043200016021729,1.4045100212097168,1.4039000272750854,1.4045000076293945
1785938280,1.4045100212097168,1.4045599699020386,1.4040000438690186,1.4044100046157837
1785938340,1.4044400453567505,1.4045000076293945,1.4039000272750854,1.4044300317764282
1785938400,1.4043899774551392,1.4045900106430054,1.4038000106811523,1.4039000272750854
1785938460,1.4041800498962402,1.4043500423431396,1.4039000272750854,1.4042400121688843
1785938520,1.4039000272750854,1.4043500423431396,1.4038000106811523,1.404270052909851
1785938580,1.404289960861206,1.4042999744415283,1.4036999940872192,1.4040100574493408
1785938640,1.4036999940872192,1.4041399955749512,1.403499960899353,1.403939962387085
1785938700,1.403939962387085,1.4039700031280518,1.402999997138977,1.4034600257873535
1785938760,1.4034600257873535,1.4034899473190308,1.4026999473571777,1.4031100273132324
1785938820,1.4031100273132324,1.4032399654388428,1.4026999473571777,1.4030200242996216
1785938880,1.4030200242996216,1.4035500288009644,1.4026999473571777,1.4035199880599976
1785938940,1.4034899473190308,1.4036799669265747,1.4027999639511108,1.4036200046539307
1785939000,1.4036600589752197,1.4036600589752197,1.402899980545044,1.4034899473190308
1785939060,1.4034899473190308,1.4035799503326416,1.402999997138977,1.4035500288009644
1785939120,1.4035600423812866,1.4036600589752197,1.4031000137329102,1.403630018234253
1785939180,1.4036600589752197,1.4037699699401855,1.4032000303268433,1.403730034828186
1785939240,1.4037400484085083,1.4037799835205078,1.4032000303268433,1.4035600423812866
1785939300,1.4035700559616089,1.4036500453948975,1.402999997138977,1.4033199548721313
1785939360,1.403309941291809,1.40339994430542,1.402500033378601,1.4030300378799438
1785939420,1.403059959411621,1.4031200408935547,1.4026000499725342,1.402899980545044
1785939480,1.4029300212860107,1.402959942817688,1.402400016784668,1.4027400016784668
1785939540,1.402750015258789,1.4028799533843994,1.4023000001907349,1.4028400182724
1785939600,1.4028199911117554,1.402959942817688,1.4023000001907349,1.4027400016784668
1785939660,1.4027199745178223,1.4029699563980103,1.402400016784668,1.4029099941253662
1785939720,1.4029099941253662,1.4031100273132324,1.4026000499725342,1.402959942817688
1785939780,1.4029500484466553,1.4030799865722656,1.402500033378601,1.4030499458312988
1785939840,1.4030400514602661,1.403059959411621,1.4026000499725342,1.402999997138977
1785939900,1.4029699563980103,1.4030499458312988,1.4026000499725342,1.4029899835586548
1785939960,1.4029899835586548,1.4030499458312988,1.402400016784668,1.4029099941253662
1785940020,1.4029099941253662,1.4029500484466553,1.402400016784668,1.4028600454330444
1785940080,1.4028600454330444,1.4028899669647217,1.402500033378601,1.4028400182724
1785940140,1.4027999639511108,1.4030100107192993,1.402500033378601,1.4026000499725342
1785940200,1.4029899835586548,1.4030799865722656,1.402500033378601,1.4030200242996216
1785940260,1.4026999473571777,1.4032599925994873,1.4026000499725342,1.4032299518585205
1785940320,1.4032299518585205,1.403380036354065,1.4027999639511108,1.4033199548721313
1785940380,1.402999997138977,1.4034600257873535,1.4027999639511108,1.403380036354065
1785940440,1.4033600091934204,1.4035500288009644,1.4031000137329102,1.4035300016403198
1785940500,1.4035099744796753,1.4035199880599976,1.402899980545044,1.403309941291809
1785940560,1.403309941291809,1.4033399820327759,1.4027999639511108,1.4031000137329102
1785940620,1.4031000137329102,1.403149962425232,1.4026999473571777,1.4031200408935547
1785940680,1.4031200408935547,1.4031399488449097,1.4026000499725342,1.4030300378799438
1785940740,1.4030100107192993,1.4031699895858765,1.4026999473571777,1.4031200408935547
1785940800,1.4031200408935547,1.4032299518585205,1.4026999473571777,1.4031399488449097
1785940860,1.403130054473877,1.4031599760055542,1.4027999639511108,1.4030100107192993
1785940920,1.4030100107192993,1.4030499458312988,1.402400016784668,1.4027800559997559
1785940980,1.402750015258789,1.402899980545044,1.4021999835968018,1.402649998664856
1785941040,1.4026600122451782,1.4027199745178223,1.4021999835968018,1.4026600122451782
1785941100,1.4026600122451782,1.4027099609375,1.4020999670028687,1.4026800394058228
1785941160,1.4026800394058228,1.4027199745178223,1.4021999835968018,1.4025399684906006
1785941220,1.4025399684906006,1.4026199579238892,1.4021999835968018,1.4025399684906006
1785941280,1.4025299549102783,1.4025800228118896,1.4020999670028687,1.4024699926376343
1785941340,1.4024900197982788,1.4025499820709229,1.4019999504089355,1.402340054512024
1785941400,1.4023200273513794,1.402400016784668,1.401900053024292,1.4021300077438354
1785941460,1.4021799564361572,1.4022899866104126,1.4017000198364258,1.4022200107574463
1785941520,1.4022599458694458,1.4023300409317017,1.4016000032424927,1.4021400213241577
1785941580,1.4021400213241577,1.4026700258255005,1.4018000364303589,1.4023000001907349
1785941640,1.4025299549102783,1.4025599956512451,1.401900053024292,1.402340054512024
1785941700,1.4023499488830566,1.4026600122451782,1.4020999670028687,1.4023000001907349
1785941760,1.4023000001907349,1.4025299549102783,1.4019999504089355,1.4023799896240234
1785941820,1.402340054512024,1.4023799896240234,1.4014999866485596,1.4018399715423584
1785941880,1.4018399715423584,1.4020999670028687,1.4014999866485596,1.4018800258636475
1785941940,1.4018800258636475,1.401919960975647,1.4013999700546265,1.401859998703003
1785942000,1.401900053024292,1.401960015296936,1.4014999866485596,1.4014999866485596
1785942060,1.4018299579620361,1.4019700288772583,1.4014999866485596,1.4018100500106812
1785942120,1.4018100500106812,1.401859998703003,1.4012999534606934,1.4016799926757812
1785942180,1.4012999534606934,1.4019900560379028,1.4012999534606934,1.4019299745559692
1785942240,1.401919960975647,1.4020800590515137,1.4013999700546265,1.401859998703003
1785942300,1.401859998703003,1.4019999504089355,1.4014999866485596,1.4019099473953247
1785942360,1.4018800258636475,1.4019800424575806,1.4013999700546265,1.4017499685287476
1785942420,1.4017499685287476,1.4019399881362915,1.4013999700546265,1.401859998703003
1785942480,1.401859998703003,1.401960015296936,1.4012999534606934,1.4016900062561035
1785942540,1.4016400575637817,1.401710033416748,1.4012000560760498,1.4015100002288818
1785942600,1.4015300273895264,1.401710033416748,1.4011000394821167,1.4015100002288818
1785942660,1.4014999866485596,1.4016599655151367,1.4011000394821167,1.401479959487915
1785942720,1.401479959487915,1.4016400575637817,1.4010000228881836,1.4014500379562378
1785942780,1.4014699459075928,1.4016900062561035,1.4011000394821167,1.4013999700546265
1785942840,1.4016599655151367,1.4017599821090698,1.4012000560760498,1.4017499685287476
1785942900,1.4017499685287476,1.401919960975647,1.4012999534606934,1.4018900394439697
1785942960,1.4018900394439697,1.40201997756958,1.4013999700546265,1.4018800258636475
1785943020,1.4018800258636475,1.4019800424575806,1.4014999866485596,1.4019800424575806
1785943080,1.401960015296936,1.4020999670028687,1.4014999866485596,1.4018299579620361
1785943140,1.4018299579620361,1.4019500017166138,1.4013999700546265,1.4018199443817139
1785943200,1.4017900228500366,1.4018299579620361,1.4012999534606934,1.4014999866485596
1785943260,1.4018199443817139,1.4018700122833252,1.4012999534606934,1.4016300439834595
1785943320,1.4016499519348145,1.4017399549484253,1.4012000560760498,1.4015699625015259
1785943380,1.4015699625015259,1.401610016822815,1.4010000228881836,1.4012999534606934
1785943440,1.401550054550171,1.4017399549484253,1.4010000228881836,1.4017000198364258
1785943500,1.4016900062561035,1.401710033416748,1.4012000560760498,1.4016200304031372
1785943560,1.4016200304031372,1.4017200469970703,1.4012999534606934,1.4012999534606934
1785943620,1.401610016822815,1.4016900062561035,1.4012999534606934,1.4016200304031372
1785943680,1.4016000032424927,1.401729941368103,1.4012999534606934,1.4013999700546265
1785943740,1.401710033416748,1.4018800258636475,1.4013999700546265,1.4018100500106812
1785943800,1.4018199443817139,1.4020299911499023,1.4014999866485596,1.4017000198364258
1785943860,1.4020099639892578,1.4020700454711914,1.4017000198364258,1.4020600318908691
1785943920,1.4020500183105469,1.40215003490448,1.4016000032424927,1.4020500183105469
1785943980,1.40201997756958,1.4021300077438354,1.4014999866485596,1.4018000364303589
1785944040,1.4020800590515137,1.4021600484848022,1.4017000198364258,1.4020999670028687
1785944100,1.402109980583191,1.4021999835968018,1.4017000198364258,1.40201997756958
1785944160,1.4020400047302246,1.4021400213241577,1.4017000198364258,1.401960015296936
1785944220,1.401960015296936,1.401960015296936,1.4014999866485596,1.4018900394439697
1785944280,1.4018800258636475,1.401900053024292,1.4014999866485596,1.4018700122833252
1785944340,1.4018399715423584,1.401900053024292,1.4014999866485596,1.4017900228500366
1785944400,1.4018100500106812,1.4018700122833252,1.4013999700546265,1.401729941368103
1785944460,1.401710033416748,1.401859998703003,1.4013999700546265,1.4018199443817139
1785944520,1.4018199443817139,1.4018499851226807,1.4013999700546265,1.4017000198364258
1785944580,1.4017000198364258,1.4018700122833252,1.4013999700546265,1.4014999866485596
1785944640,1.4017800092697144,1.401900053024292,1.4014999866485596,1.4014999866485596
1785944700,1.4018299579620361,1.4019999504089355,1.4014999866485596,1.4019299745559692
1785944760,1.4019099473953247,1.401960015296936,1.4014999866485596,1.4018299579620361
1785944820,1.4014999866485596,1.4020500183105469,1.4014999866485596,1.4020099639892578
1785944880,1.4019999504089355,1.4020800590515137,1.4017000198364258,1.4019800424575806
1785944940,1.4019999504089355,1.402169942855835,1.4017000198364258,1.4018000364303589
1785945000,1.402169942855835,1.402209997177124,1.4018000364303589,1.40215003490448
1785945060,1.401900053024292,1.4021799564361572,1.4018000364303589,1.4020999670028687
1785945120,1.4020999670028687,1.4021300077438354,1.4014999866485596,1.4019500017166138
1785945180,1.4019500017166138,1.4019700288772583,1.4016000032424927,1.4019299745559692
1785945240,1.4019399881362915,1.401960015296936,1.4014999866485596,1.4018199443817139
1785945300,1.4018199443817139,1.401900053024292,1.4014999866485596,1.4018199443817139
1785945360,1.4018000364303589,1.4019800424575806,1.4014999866485596,1.4019399881362915
1785945420,1.4019299745559692,1.4020700454711914,1.4014999866485596,1.401919960975647
1785945480,1.4019299745559692,1.4019999504089355,1.4014999866485596,1.4019800424575806
1785945540,1.4017000198364258,1.40201997756958,1.4016000032424927,1.401919960975647
1785945600,1.4019500017166138,1.4019800424575806,1.4013999700546265,1.4017599821090698
1785945660,1.4017800092697144,1.4019299745559692,1.4013999700546265,1.4018399715423584
1785945720,1.4018399715423584,1.4018900394439697,1.4013999700546265,1.4017000198364258
1785945780,1.4017000198364258,1.4018299579620361,1.4013999700546265,1.4016000032424927
1785945840,1.4018000364303589,1.4018700122833252,1.4014999866485596,1.4017900228500366
1785945900,1.4018000364303589,1.401960015296936,1.4014999866485596,1.401859998703003
1785945960,1.4018499851226807,1.4019900560379028,1.4014999866485596,1.4019299745559692
1785946020,1.401919960975647,1.4019700288772583,1.4014999866485596,1.4018100500106812
1785946080,1.4018100500106812,1.4019299745559692,1.4014999866485596,1.4016000032424927
1785946140,1.4018800258636475,1.401960015296936,1.4014999866485596,1.4018499851226807
1785946200,1.4018299579620361,1.4019700288772583,1.4014999866485596,1.4018700122833252
1785946260,1.4018399715423584,1.4019700288772583,1.4014999866485596,1.4019399881362915
1785946320,1.4019399881362915,1.4019900560379028,1.4014999866485596,1.4018299579620361
1785946380,1.4017800092697144,1.401900053024292,1.4014999866485596,1.4014999866485596
1785946440,1.401859998703003,1.401859998703003,1.4014999866485596,1.4014999866485596
1785946500,1.4018199443817139,1.4019500017166138,1.4014999866485596,1.4016000032424927
1785946560,1.401919960975647,1.4019700288772583,1.4014999866485596,1.4014999866485596
1785946620,1.4018199443817139,1.4019399881362915,1.4014999866485596,1.4018900394439697
1785946680,1.4019099473953247,1.4019500017166138,1.4016000032424927,1.4017000198364258
1785946740,1.4018800258636475,1.4018800258636475,1.4012999534606934,1.4016499519348145
1785946800,1.4016499519348145,1.4016799926757812,1.4012999534606934,1.4012999534606934
1785946860,1.4016200304031372,1.4017599821090698,1.4012999534606934,1.4013999700546265
1785946920,1.4017200469970703,1.4017499685287476,1.4012999534606934,1.4012999534606934
1785946980,1.401610016822815,1.4016300439834595,1.4011000394821167,1.4014999866485596
1785947040,1.4012000560760498,1.4017399549484253,1.4012000560760498,1.4017000198364258
1785947100,1.4017000198364258,1.401859998703003,1.4013999700546265,1.4017900228500366
1785947160,1.4017800092697144,1.401859998703003,1.4014999866485596,1.4014999866485596
1785947220,1.4018299579620361,1.401859998703003,1.4014999866485596,1.4018100500106812
1785947280,1.4018000364303589,1.4019099473953247,1.4012999534606934,1.4018199443817139
1785947340,1.4018100500106812,1.4019299745559692,1.4014999866485596,1.4018900394439697
1785947400,1.4019099473953247,1.4020400047302246,1.4016000032424927,1.40201997756958
1785947460,1.4020099639892578,1.4020800590515137,1.4017000198364258,1.4020099639892578
1785947520,1.4020099639892578,1.4020800590515137,1.4017000198364258,1.4020299911499023
1785947580,1.4017000198364258,1.4021899700164795,1.4017000198364258,1.4020700454711914
1785947640,1.4020999670028687,1.402109980583191,1.4016000032424927,1.4020400047302246
1785947700,1.4020500183105469,1.4021799564361572,1.4017000198364258,1.4021600484848022
1785947760,1.4021300077438354,1.4023499488830566,1.4018000364303589,1.4018000364303589
1785947820,1.4021199941635132,1.402250051498413,1.4018000364303589,1.4021999835968018
1785947880,1.4021999835968018,1.4023799896240234,1.4018000364303589,1.402340054512024
1785947940,1.402359962463379,1.4023799896240234,1.4019999504089355,1.402359962463379
1785948000,1.4023200273513794,1.4024900197982788,1.4019999504089355,1.4024800062179565
1785948060,1.4024499654769897,1.4025800228118896,1.4021999835968018,1.4025700092315674
1785948120,1.4025700092315674,1.4025700092315674,1.4020999670028687,1.4025399684906006
1785948180,1.4021999835968018,1.4026399850845337,1.4021999835968018,1.4026199579238892
1785948240,1.4023000001907349,1.4026299715042114,1.4021999835968018,1.4025499820709229
1785948300,1.4021999835968018,1.402609944343567,1.4021999835968018,1.4025499820709229
1785948360,1.4023000001907349,1.402649998664856,1.4021999835968018,1.4026199579238892
1785948420,1.4026199579238892,1.4027800559997559,1.4023000001907349,1.4027400016784668
1785948480,1.4027400016784668,1.4027800559997559,1.4023000001907349,1.4026700258255005
1785948540,1.402649998664856,1.4027800559997559,1.4023000001907349,1.4027400016784668
1785948600,1.402400016784668,1.4027800559997559,1.402400016784668,1.4027099609375
1785948660,1.4027199745178223,1.4027600288391113,1.402400016784668,1.4027299880981445
1785948720,1.4027299880981445,1.4027700424194336,1.402400016784668,1.4027600288391113
1785948780,1.4027299880981445,1.4027600288391113,1.4023000001907349,1.4027299880981445
1785948840,1.4027400016784668,1.4027800559997559,1.4023000001907349,1.4026399850845337
1785948900,1.402609944343567,1.4027299880981445,1.4023000001907349,1.4023000001907349
1785948960,1.4026299715042114,1.4027099609375,1.4023000001907349,1.4026700258255005
1785949020,1.402649998664856,1.402690052986145,1.4023000001907349,1.4026600122451782
1785949080,1.4026299715042114,1.402750015258789,1.4023000001907349,1.402400016784668
1785949140,1.402400016784668,1.402750015258789,1.4023000001907349,1.4023000001907349
1785949200,1.402609944343567,1.4026299715042114,1.4021999835968018,1.4025599956512451
1785949260,1.4025399684906006,1.4025800228118896,1.4021999835968018,1.4025100469589233
1785949320,1.402519941329956,1.4027400016784668,1.4021999835968018,1.4027299880981445
1785949380,1.402400016784668,1.4027600288391113,1.402400016784668,1.4027299880981445
1785949440,1.402500033378601,1.4027600288391113,1.402400016784668,1.402750015258789
1785949500,1.4026999473571777,1.4027600288391113,1.402400016784668,1.4027099609375
1785949560,1.4027099609375,1.4027800559997559,1.402400016784668,1.4027299880981445
1785949620,1.4027299880981445,1.4027800559997559,1.402400016784668,1.4027299880981445
1785949680,1.4027299880981445,1.4028600454330444,1.402400016784668,1.4028600454330444
1785949740,1.4028300046920776,1.4028600454330444,1.402400016784668,1.402750015258789
1785949800,1.402750015258789,1.4027800559997559,1.402400016784668,1.4027099609375
1785949860,1.4027099609375,1.402750015258789,1.4023000001907349,1.4026299715042114
1785949920,1.4026299715042114,1.4026700258255005,1.4021999835968018,1.4023000001907349
1785949980,1.402649998664856,1.402649998664856,1.4021999835968018,1.402609944343567
1785950040,1.4026000499725342,1.4026600122451782,1.4021999835968018,1.4025499820709229
1785950100,1.4025499820709229,1.402590036392212,1.4021999835968018,1.402500033378601
1785950160,1.4021999835968018,1.402649998664856,1.4021999835968018,1.4026199579238892
1785950220,1.4026199579238892,1.4026600122451782,1.4023000001907349,1.4026000499725342
1785950280,1.4023000001907349,1.4026800394058228,1.4023000001907349,1.402649998664856
1785950340,1.4026199579238892,1.4026600122451782,1.4023000001907349,1.4026199579238892
1785950400,1.402609944343567,1.402649998664856,1.4023000001907349,1.4026399850845337
1785950460,1.4026199579238892,1.4026700258255005,1.4021999835968018,1.402649998664856
1785950520,1.4026199579238892,1.4026700258255005,1.4020999670028687,1.402609944343567
1785950580,1.402609944343567,1.4026600122451782,1.4023000001907349,1.4026299715042114
1785950640,1.402609944343567,1.4026399850845337,1.4021999835968018,1.4023000001907349
1785950700,1.4024900197982788,1.402519941329956,1.4020999670028687,1.4021999835968018
1785950760,1.4021999835968018,1.4024499654769897,1.4020999670028687,1.402359962463379
1785950820,1.402359962463379,1.4024100303649902,1.4018000364303589,1.402250051498413
1785950880,1.401900053024292,1.4023300409317017,1.401900053024292,1.402250051498413
1785950940,1.4019999504089355,1.4023499488830566,1.401900053024292,1.4023000001907349
1785951000,1.4023200273513794,1.402400016784668,1.4019999504089355,1.402340054512024
1785951060,1.4023200273513794,1.4024399518966675,1.4019999504089355,1.4023900032043457
1785951120,1.4023699760437012,1.402400016784668,1.401900053024292,1.4022300243377686
1785951180,1.401900053024292,1.4022300243377686,1.4018000364303589,1.4021600484848022
1785951240,1.4021300077438354,1.4021600484848022,1.4017000198364258,1.4020700454711914
1785951300,1.4018000364303589,1.402109980583191,1.4017000198364258,1.4019999504089355
1785951360,1.401960015296936,1.4020099639892578,1.4014999866485596,1.401900053024292
1785951420,1.4018700122833252,1.401900053024292,1.4014999866485596,1.4018499851226807
1785951480,1.4018000364303589,1.4018900394439697,1.4013999700546265,1.4017599821090698
1785951540,1.4017599821090698,1.401769995689392,1.4012999534606934,1.4016599655151367
1785951600,1.4016599655151367,1.401859998703003,1.4012999534606934,1.4018100500106812
1785951660,1.4018299579620361,1.4018299579620361,1.4013999700546265,1.4017399549484253
1785951720,1.4017599821090698,1.4018100500106812,1.4012000560760498,1.4016400575637817
1785951780,1.4016200304031372,1.4016599655151367,1.4012999534606934,1.4016599655151367
1785951840,1.4016599655151367,1.4016599655151367,1.4012000560760498,1.40146005153656
1785951900,1.4014999866485596,1.4014999866485596,1.4010000228881836,1.401319980621338
1785951960,1.401319980621338,1.4013500213623047,1.4009000062942505,1.401319980621338
1785952020,1.401319980621338,1.4014400243759155,1.4010000228881836,1.4014400243759155
1785952080,1.401419997215271,1.401520013809204,1.4011000394821167,1.401379942893982
1785952140,1.401360034942627,1.4014899730682373,1.4011000394821167,1.401419997215271
1785952200,1.401419997215271,1.401479959487915,1.4011000394821167,1.401419997215271
1785952260,1.4014300107955933,1.401520013809204,1.4011000394821167,1.4014699459075928
1785952320,1.401479959487915,1.4014999866485596,1.4009000062942505,1.401229977607727
1785952380,1.401229977607727,1.4013299942016602,1.4009000062942505,1.4012500047683716
1785952440,1.4012500047683716,1.4012800455093384,1.4007999897003174,1.401170015335083
1785952500,1.4011800289154053,1.4012000560760498,1.4006999731063843,1.401129961013794
1785952560,1.4011399745941162,1.4011399745941162,1.4006999731063843,1.4007999897003174
1785952620,1.4010599851608276,1.4011000394821167,1.4005000591278076,1.40106999874115
1785952680,1.40106999874115,1.401170015335083,1.4006999731063843,1.4007999897003174
1785952740,1.4011399745941162,1.4011900424957275,1.4007999897003174,1.40106999874115
1785952800,1.40106999874115,1.401170015335083,1.4005999565124512,1.40093994140625
1785952860,1.400920033454895,1.4009900093078613,1.4005999565124512,1.4008400440216064
1785952920,1.4008599519729614,1.4008899927139282,1.4004000425338745,1.4005000591278076
1785952980,1.4007899761199951,1.4008100032806396,1.4004000425338745,1.4004000425338745
1785953040,1.4006999731063843,1.4007699489593506,1.4004000425338745,1.4004000425338745
1785953100,1.400730013847351,1.4007400274276733,1.4003000259399414,1.400689959526062
1785953160,1.4007099866867065,1.400730013847351,1.4003000259399414,1.4006500244140625
1785953220,1.4006500244140625,1.4007799625396729,1.4003000259399414,1.4007699489593506
1785953280,1.4007500410079956,1.4009000062942505,1.4004000425338745,1.4008500576019287
1785953340,1.4008500576019287,1.4009000062942505,1.4004000425338745,1.4008400440216064
1785953400,1.4008500576019287,1.4008599519729614,1.4004000425338745,1.4007500410079956
1785953460,1.4007400274276733,1.4007999897003174,1.4003000259399414,1.4004000425338745
1785953520,1.4007600545883179,1.400820016860962,1.4004000425338745,1.4008100032806396
1785953580,1.4007799625396729,1.4008699655532837,1.4005000591278076,1.4007799625396729
1785953640,1.4007699489593506,1.4009100198745728,1.4004000425338745,1.4008500576019287
1785953700,1.4008699655532837,1.4009900093078613,1.4005000591278076,1.4009699821472168
1785953760,1.4009599685668945,1.4009699821472168,1.4005999565124512,1.4009499549865723
1785953820,1.40093994140625,1.4009699821472168,1.4005000591278076,1.40093994140625
1785953880,1.4009300470352173,1.4009699821472168,1.4005000591278076,1.4005999565124512
1785953940,1.400879979133606,1.4009100198745728,1.4005000591278076,1.4005999565124512
1785954000,1.4008699655532837,1.4009000062942505,1.4004000425338745,1.4007799625396729
1785954060,1.4004000425338745,1.4008100032806396,1.4004000425338745,1.4007500410079956
1785954120,1.4007699489593506,1.4008100032806396,1.4004000425338745,1.400689959526062
1785954180,1.4005000591278076,1.4007099866867065,1.4003000259399414,1.4006600379943848
1785954240,1.4006600379943848,1.4007500410079956,1.4003000259399414,1.4007099866867065
1785954300,1.4007200002670288,1.4007999897003174,1.4004000425338745,1.4007200002670288
1785954360,1.4006999731063843,1.4007400274276733,1.4003000259399414,1.400670051574707
1785954420,1.4004000425338745,1.4007200002670288,1.4002000093460083,1.400589942932129
1785954480,1.4005500078201294,1.4005999565124512,1.399999976158142,1.4002000093460083
1785954540,1.4002000093460083,1.4005299806594849,1.4000999927520752,1.4004900455474854
1785954600,1.4004900455474854,1.4006099700927734,1.4000999927520752,1.4005999565124512
1785954660,1.4005399942398071,1.4007200002670288,1.4003000259399414,1.4007200002670288
1785954720,1.4007099866867065,1.4007200002670288,1.4004000425338745,1.4007200002670288
1785954780,1.4007200002670288,1.4008100032806396,1.4004000425338745,1.4007899761199951
1785954840,1.4007699489593506,1.4009000062942505,1.4004000425338745,1.4008500576019287
1785954900,1.400879979133606,1.4009000062942505,1.4005000591278076,1.4008599519729614
1785954960,1.4008599519729614,1.4010200500488281,1.4005999565124512,1.4010100364685059
1785955020,1.400979995727539,1.401039958000183,1.4005999565124512,1.4009599685668945
1785955080,1.400979995727539,1.4010000228881836,1.4005999565124512,1.400879979133606
1785955140,1.4009000062942505,1.4009100198745728,1.4005000591278076,1.4008599519729614
1785955200,1.4008599519729614,1.4009100198745728,1.4005999565124512,1.4008599519729614
1785955260,1.4008599519729614,1.4010100364685059,1.4005999565124512,1.400979995727539
1785955320,1.4009599685668945,1.4010100364685059,1.4005999565124512,1.4009900093078613
1785955380,1.400979995727539,1.401129961013794,1.4005999565124512,1.401039958000183
1785955440,1.4010299444198608,1.401129961013794,1.4006999731063843,1.4010599851608276
1785955500,1.40106999874115,1.4011000394821167,1.4005999565124512,1.400920033454895
1785955560,1.4005999565124512,1.4009100198745728,1.4005000591278076,1.4008500576019287
1785955620,1.4008500576019287,1.4009300470352173,1.4005000591278076,1.4008599519729614
1785955680,1.4008400440216064,1.4009000062942505,1.4005000591278076,1.4006999731063843
1785955740,1.4005999565124512,1.4009100198745728,1.4005000591278076,1.4005000591278076
1785955800,1.4008599519729614,1.4009300470352173,1.4004000425338745,1.4004000425338745
1785955860,1.4007799625396729,1.4008300304412842,1.4004000425338745,1.4007600545883179
1785955920,1.400730013847351,1.4007999897003174,1.4003000259399414,1.400730013847351
1785955980,1.4007500410079956,1.4007699489593506,1.4004000425338745,1.4004000425338745
1785956040,1.4007400274276733,1.4007699489593506,1.4004000425338745,1.4007400274276733
1785956100,1.4007200002670288,1.4007500410079956,1.4002000093460083,1.4005800485610962
1785956160,1.4005600214004517,1.400670051574707,1.4003000259399414,1.4006600379943848
1785956220,1.4003000259399414,1.4007600545883179,1.4003000259399414,1.4006600379943848
1785956280,1.4006799459457397,1.4007500410079956,1.4003000259399414,1.400670051574707
1785956340,1.4006500244140625,1.4008100032806396,1.4002000093460083,1.4007699489593506
1785956400,1.4007699489593506,1.4008100032806396,1.4004000425338745,1.4005000591278076
1785956460,1.4007799625396729,1.4008500576019287,1.4004000425338745,1.4007699489593506
1785956520,1.4007699489593506,1.400820016860962,1.4004000425338745,1.4007799625396729
1785956580,1.4007799625396729,1.4007999897003174,1.4003000259399414,1.4007500410079956
1785956640,1.4007600545883179,1.4008100032806396,1.4004000425338745,1.4007699489593506
1785956700,1.4007999897003174,1.4008699655532837,1.4005000591278076,1.4008100032806396
1785956760,1.4007899761199951,1.4008699655532837,1.4004000425338745,1.4007600545883179
1785956820,1.4007799625396729,1.4009000062942505,1.4004000425338745,1.4007699489593506
1785956880,1.4007699489593506,1.4008400440216064,1.4004000425338745,1.4007899761199951
1785956940,1.4007899761199951,1.4008400440216064,1.4005000591278076,1.4007999897003174
1785957000,1.4007999897003174,1.400920033454895,1.4005000591278076,1.4005000591278076
1785957060,1.4005000591278076,1.400920033454895,1.4005000591278076,1.4005000591278076
1785957120,1.4008699655532837,1.4010200500488281,1.4005999565124512,1.4009900093078613
1785957180,1.4010000228881836,1.4010299444198608,1.4005999565124512,1.4010100364685059
1785957240,1.400979995727539,1.40106999874115,1.4005000591278076,1.4010599851608276
1785957300,1.401039958000183,1.4011199474334717,1.4006999731063843,1.4007999897003174
1785957360,1.4010900259017944,1.401129961013794,1.4006999731063843,1.4010800123214722
1785957420,1.4010599851608276,1.4011600017547607,1.4006999731063843,1.4010599851608276
1785957480,1.401039958000183,1.4011399745941162,1.4006999731063843,1.40106999874115
1785957540,1.40106999874115,1.4012399911880493,1.4006999731063843,1.4011399745941162
1785957600,1.4011800289154053,1.401229977607727,1.4007999897003174,1.401129961013794
1785957660,1.401129961013794,1.4012099504470825,1.4007999897003174,1.401170015335083
1785957720,1.401170015335083,1.4012399911880493,1.4009000062942505,1.4011900424957275
1785957780,1.4012199640274048,1.401229977607727,1.4007999897003174,1.4011600017547607
1785957840,1.4011800289154053,1.4012000560760498,1.4007999897003174,1.4011499881744385
1785957900,1.401170015335083,1.4012199640274048,1.4007999897003174,1.4011000394821167
1785957960,1.4011000394821167,1.401129961013794,1.4006999731063843,1.4006999731063843
1785958020,1.4010499715805054,1.4011499881744385,1.4006999731063843,1.401129961013794
1785958080,1.401129961013794,1.4012000560760498,1.4007999897003174,1.4011600017547607
1785958140,1.4011600017547607,1.4012000560760498,1.4007999897003174,1.401170015335083
1785958200,1.4011499881744385,1.4011600017547607,1.4007999897003174,1.4007999897003174
1785958260,1.4011199474334717,1.4011800289154053,1.4007999897003174,1.4011199474334717
1785958320,1.4011399745941162,1.4011600017547607,1.4007999897003174,1.4011399745941162
1785958380,1.4011499881744385,1.4012099504470825,1.4007999897003174,1.4007999897003174
1785958440,1.4011600017547607,1.401229977607727,1.4007999897003174,1.4012199640274048
1785958500,1.4011900424957275,1.4012399911880493,1.4007999897003174,1.4012099504470825
1785958560,1.4012099504470825,1.4012500047683716,1.4009000062942505,1.4010000228881836
1785958620,1.4012099504470825,1.4012999534606934,1.4009000062942505,1.4012600183486938
1785958680,1.4012900590896606,1.4013700485229492,1.4010000228881836,1.4011000394821167
1785958740,1.4010000228881836,1.4013700485229492,1.4010000228881836,1.4013400077819824
1785958800,1.4013400077819824,1.4014500379562378,1.4010000228881836,1.4013999700546265
1785958860,1.4011000394821167,1.4014099836349487,1.4009000062942505,1.4013099670410156
1785958920,1.401319980621338,1.4013999700546265,1.4010000228881836,1.4013500213623047
1785958980,1.401379942893982,1.4014400243759155,1.4010000228881836,1.4014099836349487
1785959040,1.401419997215271,1.4014699459075928,1.4011000394821167,1.401379942893982
1785959100,1.401360034942627,1.4013999700546265,1.4010000228881836,1.4013400077819824
1785959160,1.4013400077819824,1.4013999700546265,1.4010000228881836,1.4013500213623047
1785959220,1.4010000228881836,1.401419997215271,1.4010000228881836,1.4011000394821167
1785959280,1.401360034942627,1.40146005153656,1.4011000394821167,1.4014400243759155
1785959340,1.4014500379562378,1.4014500379562378,1.4011000394821167,1.401419997215271
1785959400,1.401379942893982,1.4014699459075928,1.4011000394821167,1.4014300107955933
1785959460,1.4014300107955933,1.4014500379562378,1.4010000228881836,1.4013500213623047
1785959520,1.4013400077819824,1.4013899564743042,1.4010000228881836,1.401360034942627
1785959580,1.401360034942627,1.4013899564743042,1.4010000228881836,1.4013099670410156
1785959640,1.4012999534606934,1.4013999700546265,1.4010000228881836,1.4013299942016602
1785959700,1.4010000228881836,1.401379942893982,1.4009000062942505,1.4012600183486938
1785959760,1.4009000062942505,1.4012700319290161,1.4009000062942505,1.4011800289154053
1785959820,1.4011800289154053,1.4012700319290161,1.4006999731063843,1.4010599851608276
1785959880,1.401039958000183,1.4012700319290161,1.4006999731063843,1.4012099504470825
1785959940,1.4012000560760498,1.4012199640274048,1.4007999897003174,1.4011900424957275
1785960000,1.401170015335083,1.4012099504470825,1.4006999731063843,1.4010100364685059
1785960060,1.4006999731063843,1.4011000394821167,1.4005000591278076,1.4010100364685059
1785960120,1.400979995727539,1.4012099504470825,1.4006999731063843,1.401110053062439
1785960180,1.401110053062439,1.4011499881744385,1.4007999897003174,1.4011000394821167
1785960240,1.4011000394821167,1.4012000560760498,1.4007999897003174,1.4009000062942505
1785960300,1.4011399745941162,1.401170015335083,1.4007999897003174,1.401129961013794
1785960360,1.401129961013794,1.401170015335083,1.4007999897003174,1.4011199474334717
1785960420,1.4011199474334717,1.401360034942627,1.4007999897003174,1.4012999534606934
1785960480,1.401319980621338,1.401360034942627,1.4010000228881836,1.4010000228881836
1785960540,1.4013099670410156,1.4013400077819824,1.4010000228881836,1.4012999534606934
1785960600,1.4012999534606934,1.4013400077819824,1.4009000062942505,1.4009000062942505
1785960660,1.4009000062942505,1.4012999534606934,1.4009000062942505,1.401229977607727
1785960720,1.401229977607727,1.4013400077819824,1.4009000062942505,1.4010000228881836
1785960780,1.4012999534606934,1.4013099670410156,1.4009000062942505,1.4012199640274048
1785960840,1.4012199640274048,1.4012500047683716,1.4009000062942505,1.4009000062942505
1785960900,1.4012199640274048,1.4012999534606934,1.4009000062942505,1.4009000062942505
1785960960,1.4012500047683716,1.4012999534606934,1.4009000062942505,1.4012600183486938
1785961020,1.4012199640274048,1.4012800455093384,1.4009000062942505,1.4012399911880493
1785961080,1.4012399911880493,1.4012999534606934,1.4009000062942505,1.4009000062942505
1785961140,1.4012199640274048,1.4012700319290161,1.4009000062942505,1.401229977607727
1785961200,1.401229977607727,1.4013299942016602,1.4009000062942505,1.4012800455093384
1785961260,1.4012999534606934,1.4013400077819824,1.4007999897003174,1.4009000062942505
1785961320,1.4012500047683716,1.401319980621338,1.4009000062942505,1.4012700319290161
1785961380,1.4012700319290161,1.4013099670410156,1.4009000062942505,1.4010000228881836
1785961440,1.4012399911880493,1.4013299942016602,1.4009000062942505,1.4012800455093384
1785961500,1.4013099670410156,1.4013299942016602,1.4010000228881836,1.4012800455093384
1785961560,1.4012700319290161,1.4013299942016602,1.4009000062942505,1.4012500047683716
1785961620,1.4012500047683716,1.4012700319290161,1.4009000062942505,1.4012099504470825
1785961680,1.4012099504470825,1.4012399911880493,1.4005999565124512,1.4009599685668945
1785961740,1.4005999565124512,1.4010000228881836,1.4004000425338745,1.4005999565124512
1785961800,1.400920033454895,1.400979995727539,1.4005999565124512,1.400920033454895
1785961860,1.400920033454895,1.400920033454895,1.4005000591278076,1.4008400440216064
1785961920,1.400879979133606,1.4009599685668945,1.4005000591278076,1.4009100198745728
1785961980,1.400920033454895,1.4009699821472168,1.4004000425338745,1.4009000062942505
1785962040,1.4008699655532837,1.4010599851608276,1.4005000591278076,1.4010499715805054
1785962100,1.4010100364685059,1.4010599851608276,1.4006999731063843,1.400979995727539
1785962160,1.4009900093078613,1.4010599851608276,1.4005000591278076,1.4005000591278076
1785962220,1.4006999731063843,1.4010200500488281,1.4006999731063843,1.400979995727539
1785962280,1.400979995727539,1.4010100364685059,1.4006999731063843,1.400979995727539
1785962340,1.4009900093078613,1.4010100364685059,1.4006999731063843,1.4007999897003174
1785962400,1.400979995727539,1.401039958000183,1.4006999731063843,1.4009699821472168
1785962460,1.4009699821472168,1.4010200500488281,1.4005000591278076,1.4009699821472168
1785962520,1.4007999897003174,1.4011000394821167,1.4006999731063843,1.40106999874115
1785962580,1.4010599851608276,1.401129961013794,1.4007999897003174,1.4011000394821167
1785962640,1.4010900259017944,1.4012000560760498,1.4007999897003174,1.4011199474334717
1785962700,1.4011600017547607,1.4012600183486938,1.4006999731063843,1.4011900424957275
1785962760,1.4011900424957275,1.4012000560760498,1.4006999731063843,1.4011600017547607
1785962820,1.4011600017547607,1.4012399911880493,1.4005999565124512,1.4010599851608276
1785962880,1.4005999565124512,1.401129961013794,1.4005999565124512,1.401110053062439
1785962940,1.4010800123214722,1.401129961013794,1.4005999565124512,1.4010800123214722
1785963000,1.4011000394821167,1.4011499881744385,1.4005999565124512,1.401110053062439
1785963060,1.401110053062439,1.4011499881744385,1.4005999565124512,1.401039958000183
1785963120,1.401039958000183,1.4011000394821167,1.4005999565124512,1.4010299444198608
1785963180,1.401039958000183,1.401129961013794,1.4005999565124512,1.4010200500488281
1785963240,1.4010100364685059,1.4011000394821167,1.4005999565124512,1.401039958000183
1785963300,1.4010499715805054,1.4011000394821167,1.4005999565124512,1.4005999565124512
1785963360,1.4009000062942505,1.4011000394821167,1.4005999565124512,1.4010599851608276
1785963420,1.400979995727539,1.4010900259017944,1.4005999565124512,1.4010900259017944
1785963480,1.4010599851608276,1.401170015335083,1.4005999565124512,1.401170015335083
1785963540,1.4010800123214722,1.401170015335083,1.4005999565124512,1.4011499881744385
1785963600,1.4011800289154053,1.4012099504470825,1.4009000062942505,1.4009000062942505
1785963660,1.4005999565124512,1.4011499881744385,1.4005999565124512,1.4007999897003174
1785963720,1.4007999897003174,1.4010000228881836,1.4007999897003174,1.4007999897003174
1785963780,1.4007999897003174,1.4007999897003174,1.4007999897003174,1.4007999897003174
1785963840,1.4007999897003174,1.4010000228881836,1.4007999897003174,1.4010000228881836
1785963900,1.40093994140625,1.4010000228881836,1.4007999897003174,1.4010000228881836
1785963960,1.4010000228881836,1.4010000228881836,1.4007999897003174,1.4010000228881836
1785964020,1.4010000228881836,1.4010000228881836,1.4010000228881836,1.4010000228881836
1785964080,1.4010000228881836,1.4010000228881836,1.4010000228881836,1.4010000228881836
1785964140,1.4010000228881836,1.4010000228881836,1.4010000228881836,1.4010000228881836
1785964200,1.4009000062942505,1.4010000228881836,1.4007999897003174,1.4010000228881836
1785964260,1.400879979133606,1.4010000228881836,1.400879979133606,1.4010000228881836
1785964320,1.4009699821472168,1.4010000228881836,1.4009000062942505,1.4009000062942505
1785964380,1.4009599685668945,1.4011000394821167,1.40093994140625,1.4009599685668945
1785964440,1.4011000394821167,1.4011000394821167,1.4010000228881836,1.4010000228881836
1785964500,1.4009300470352173,1.4011000394821167,1.4007400274276733,1.4007999897003174
1785964560,1.4007999897003174,1.4011000394821167,1.4007400274276733,1.4007999897003174
1785964620,1.4010599851608276,1.40106999874115,1.4006999731063843,1.4006999731063843
1785964680,1.4007200002670288,1.4010000228881836,1.4007200002670288,1.4007999897003174
1785964740,1.4007999897003174,1.4011000394821167,1.4005999565124512,1.4009699821472168
1785964800,1.4008599519729614,1.4010000228881836,1.4007600545883179,1.4008300304412842
1785964860,1.4008300304412842,1.4011000394821167,1.4007200002670288,1.400820016860962
1785964920,1.400820016860962,1.4011000394821167,1.4007600545883179,1.4009100198745728
1785964980,1.4010000228881836,1.4012199640274048,1.4007600545883179,1.4010000228881836
1785965040,1.400920033454895,1.4010000228881836,1.4006999731063843,1.4008300304412842
1785965100,1.4010000228881836,1.4010000228881836,1.4006999731063843,1.4010000228881836
1785965160,1.4008599519729614,1.4010000228881836,1.4006999731063843,1.4010000228881836
1785965220,1.4008300304412842,1.4010000228881836,1.4006999731063843,1.4008500576019287
1785965280,1.4007999897003174,1.4010000228881836,1.4007999897003174,1.4008500576019287
1785965340,1.4008500576019287,1.4010000228881836,1.4006999731063843,1.4007999897003174
1785965400,1.4008599519729614,1.4010499715805054,1.4006999731063843,1.400820016860962
1785965460,1.4007600545883179,1.4009000062942505,1.4006999731063843,1.4006999731063843
1785965520,1.4006999731063843,1.4009300470352173,1.4006999731063843,1.4009000062942505
1785965580,1.4009000062942505,1.4011000394821167,1.4006999731063843,1.4006999731063843
1785965640,1.4009000062942505,1.4009499549865723,1.4003000259399414,1.4009000062942505
1785965700,1.40093994140625,1.4010000228881836,1.4005999565124512,1.4005999565124512
1785965760,1.4008300304412842,1.401129961013794,1.4006999731063843,1.4009000062942505
1785965820,1.4009000062942505,1.4011600017547607,1.4005999565124512,1.4010900259017944
1785965880,1.4009100198745728,1.4011199474334717,1.4005999565124512,1.4010100364685059
1785965940,1.4010100364685059,1.4011000394821167,1.4009000062942505,1.4009900093078613
1785966000,1.4009900093078613,1.4011000394821167,1.4007999897003174,1.4009300470352173
1785966060,1.4007999897003174,1.401039958000183,1.4007999897003174,1.4008699655532837
1785966120,1.400879979133606,1.401039958000183,1.4007999897003174,1.4010000228881836
1785966180,1.4008300304412842,1.4010100364685059,1.4007999897003174,1.4010000228881836
1785966240,1.4007999897003174,1.4010000228881836,1.4006999731063843,1.4009000062942505
1785966300,1.4008899927139282,1.401039958000183,1.4005999565124512,1.4010000228881836
1785966360,1.4007999897003174,1.4010000228881836,1.4005000591278076,1.400879979133606
1785966420,1.4005999565124512,1.4010000228881836,1.4005999565124512,1.4010000228881836
1785966480,1.4009599685668945,1.40106999874115,1.4007600545883179,1.4010000228881836
1785966540,1.4010000228881836,1.40106999874115,1.4007899761199951,1.4010000228881836
1785966600,1.4010000228881836,1.4010000228881836,1.4007999897003174,1.4010000228881836
1785966660,1.4010000228881836,1.4011000394821167,1.4008500576019287,1.4009300470352173
1785966720,1.4010000228881836,1.401170015335083,1.4004000425338745,1.4010299444198608
1785966780,1.4009000062942505,1.401129961013794,1.4005000591278076,1.4010299444198608
1785966840,1.4011000394821167,1.4012000560760498,1.400879979133606,1.401129961013794
1785966900,1.4011199474334717,1.4012000560760498,1.4005999565124512,1.400979995727539
1785966960,1.4009599685668945,1.4011199474334717,1.400920033454895,1.4011000394821167
1785967020,1.4010200500488281,1.4011000394821167,1.4005000591278076,1.400920033454895
1785967080,1.4009100198745728,1.4011000394821167,1.4007999897003174,1.4010000228881836
1785967140,1.400920033454895,1.401039958000183,1.4005999565124512,1.4008599519729614
