time,open,high,low,close
1785880800,157.7030029296875,157.72000122070312,157.6750030517578,157.71499633789062
1785880860,157.68899536132812,157.72500610351562,157.68800354003906,157.68899536132812
1785880920,157.7100067138672,157.7429962158203,157.68800354003906,157.74099731445312
1785880980,157.7310028076172,157.7469940185547,157.71200561523438,157.72500610351562
1785881040,157.72500610351562,157.74600219726562,157.7050018310547,157.74000549316406
1785881100,157.7239990234375,157.74600219726562,157.71400451660156,157.71499633789062
1785881160,157.71499633789062,157.7429962158203,157.66600036621094,157.69500732421875
1785881220,157.66600036621094,157.70899963378906,157.66600036621094,157.6909942626953
1785881280,157.6750030517578,157.70599365234375,157.6739959716797,157.67999267578125
1785881340,157.6999969482422,157.70399475097656,157.66099548339844,157.6739959716797
1785881400,157.69000244140625,157.6999969482422,157.6739959716797,157.6929931640625
1785881460,157.69000244140625,157.6999969482422,157.6750030517578,157.6929931640625
1785881520,157.69700622558594,157.70799255371094,157.6790008544922,157.69200134277344
1785881580,157.70399475097656,157.7259979248047,157.69200134277344,157.70399475097656
1785881640,157.70399475097656,157.7239990234375,157.7030029296875,157.70399475097656
1785881700,157.70399475097656,157.7239990234375,157.69400024414062,157.69400024414062
1785881760,157.69400024414062,157.7169952392578,157.6909942626953,157.71499633789062
1785881820,157.69400024414062,157.71800231933594,157.6929931640625,157.7100067138672
1785881880,157.69400024414062,157.7169952392578,157.69200134277344,157.69900512695312
1785881940,157.69900512695312,157.72799682617188,157.69900512695312,157.71800231933594
1785882000,157.7030029296875,157.72999572753906,157.7030029296875,157.72799682617188
1785882060,157.7100067138672,157.73599243164062,157.70799255371094,157.7209930419922
1785882120,157.72799682617188,157.74200439453125,157.70899963378906,157.7169952392578
1785882180,157.7169952392578,157.75399780273438,157.7169952392578,157.75100708007812
1785882240,157.7519989013672,157.7530059814453,157.7220001220703,157.72799682617188
1785882300,157.74400329589844,157.75,157.70599365234375,157.72799682617188
1785882360,157.72799682617188,157.75100708007812,157.72799682617188,157.72799682617188
1785882420,157.72799682617188,157.75,157.72000122070312,157.73800659179688
1785882480,157.73899841308594,157.74600219726562,157.72000122070312,157.74400329589844
1785882540,157.7449951171875,157.75999450683594,157.7209930419922,157.73800659179688
1785882600,157.73800659179688,157.75900268554688,157.73500061035156,157.74000549316406
1785882660,157.7530059814453,157.75900268554688,157.74000549316406,157.7429962158203
1785882720,157.7429962158203,157.76400756835938,157.74099731445312,157.74099731445312
1785882780,157.74099731445312,157.75799560546875,157.72900390625,157.74400329589844
1785882840,157.7469940185547,157.74899291992188,157.7220001220703,157.7480010986328
1785882900,157.7480010986328,157.75100708007812,157.7310028076172,157.7480010986328
1785882960,157.74899291992188,157.75100708007812,157.718994140625,157.7259979248047
1785883020,157.74200439453125,157.7469940185547,157.72300720214844,157.74400329589844
1785883080,157.7469940185547,157.7469940185547,157.7209930419922,157.7239990234375
1785883140,157.72300720214844,157.75100708007812,157.7220001220703,157.73699951171875
1785883200,157.73599243164062,157.74600219726562,157.7209930419922,157.73899841308594
1785883260,157.74000549316406,157.7469940185547,157.7220001220703,157.74200439453125
1785883320,157.74200439453125,157.74600219726562,157.7209930419922,157.73399353027344
1785883380,157.74000549316406,157.74000549316406,157.71400451660156,157.72799682617188
1785883440,157.71800231933594,157.72999572753906,157.7169952392578,157.7169952392578
1785883500,157.71800231933594,157.73899841308594,157.71099853515625,157.73500061035156
1785883560,157.7169952392578,157.73899841308594,157.71400451660156,157.73599243164062
1785883620,157.71400451660156,157.73699951171875,157.70799255371094,157.7100067138672
1785883680,157.71800231933594,157.72799682617188,157.697998046875,157.70799255371094
1785883740,157.70799255371094,157.72500610351562,157.697998046875,157.70799255371094
1785883800,157.7050018310547,157.72799682617188,157.7050018310547,157.71099853515625
1785883860,157.7259979248047,157.73399353027344,157.70599365234375,157.70899963378906
1785883920,157.70899963378906,157.72799682617188,157.70199584960938,157.71600341796875
1785883980,157.7010040283203,157.72000122070312,157.697998046875,157.697998046875
1785884040,157.697998046875,157.7169952392578,157.69200134277344,157.697998046875
1785884100,157.697998046875,157.72799682617188,157.69700622558594,157.7050018310547
1785884160,157.7050018310547,157.7310028076172,157.7050018310547,157.71400451660156
1785884220,157.71400451660156,157.72799682617188,157.70899963378906,157.7239990234375
1785884280,157.70899963378906,157.7270050048828,157.7010040283203,157.71600341796875
1785884400,157.72000122070312,157.72999572753906,157.70399475097656,157.70799255371094
1785884460,157.70799255371094,157.73500061035156,157.70799255371094,157.71600341796875
1785884520,157.72999572753906,157.7429962158203,157.71499633789062,157.7259979248047
1785884580,157.7259979248047,157.75999450683594,157.7259979248047,157.75
1785884640,157.75999450683594,157.76699829101562,157.75,157.7519989013672
1785884700,157.7519989013672,157.76300048828125,157.73899841308594,157.75599670410156
1785884760,157.74400329589844,157.7570037841797,157.74000549316406,157.74000549316406
1785884820,157.7530059814453,157.7550048828125,157.74000549316406,157.7429962158203
1785884880,157.74200439453125,157.76499938964844,157.74099731445312,157.7550048828125
1785884940,157.74200439453125,157.75599670410156,157.74200439453125,157.74600219726562
1785885000,157.7550048828125,157.77699279785156,157.74600219726562,157.7740020751953
1785885060,157.76499938964844,157.77699279785156,157.76300048828125,157.76300048828125
1785885120,157.76300048828125,157.77999877929688,157.76199340820312,157.76199340820312
1785885180,157.76199340820312,157.78700256347656,157.76199340820312,157.77699279785156
1785885240,157.77699279785156,157.78799438476562,157.7740020751953,157.77499389648438
1785885300,157.77499389648438,157.79299926757812,157.76600646972656,157.79200744628906
1785885360,157.78599548339844,157.79299926757812,157.77099609375,157.79299926757812
1785885420,157.7790069580078,157.79200744628906,157.76699829101562,157.76800537109375
1785885480,157.76699829101562,157.78199768066406,157.76699829101562,157.78199768066406
1785885540,157.76800537109375,157.7830047607422,157.76800537109375,157.7760009765625
1785885600,157.78199768066406,157.7830047607422,157.76800537109375,157.7689971923828
1785885660,157.7740020751953,157.781005859375,157.76499938964844,157.76600646972656
1785885720,157.7740020751953,157.78199768066406,157.76600646972656,157.7689971923828
1785885780,157.7689971923828,157.781005859375,157.76499938964844,157.76499938964844
1785885840,157.77999877929688,157.77999877929688,157.75399780273438,157.76499938964844
1785885900,157.76199340820312,157.77099609375,157.7570037841797,157.75900268554688
1785885960,157.7570037841797,157.77999877929688,157.7570037841797,157.77200317382812
1785886020,157.76600646972656,157.7790069580078,157.7570037841797,157.77000427246094
1785886080,157.76499938964844,157.7790069580078,157.75799560546875,157.76600646972656
1785886140,157.7760009765625,157.7949981689453,157.76600646972656,157.79400634765625
1785886200,157.7790069580078,157.80799865722656,157.7790069580078,157.78599548339844
1785886260,157.78799438476562,157.7949981689453,157.781005859375,157.79400634765625
1785886320,157.7949981689453,157.8040008544922,157.78199768066406,157.78900146484375
1785886380,157.78900146484375,157.8040008544922,157.78900146484375,157.7899932861328
1785886440,157.79600524902344,157.80299377441406,157.78199768066406,157.78399658203125
1785886500,157.78399658203125,157.7949981689453,157.7729949951172,157.78399658203125
1785886560,157.77999877929688,157.79100036621094,157.7689971923828,157.7740020751953
1785886620,157.7740020751953,157.79200744628906,157.7740020751953,157.78599548339844
1785886680,157.77699279785156,157.7989959716797,157.77699279785156,157.7899932861328
1785886740,157.7830047607422,157.79600524902344,157.781005859375,157.79100036621094
1785886800,157.781005859375,157.80299377441406,157.781005859375,157.78900146484375
1785886860,157.78900146484375,157.8090057373047,157.78700256347656,157.8040008544922
1785886920,157.78700256347656,157.8040008544922,157.78700256347656,157.8040008544922
1785886980,157.80299377441406,157.8040008544922,157.78900146484375,157.8040008544922
1785887040,157.7989959716797,157.8040008544922,157.78700256347656,157.78900146484375
1785887100,157.78900146484375,157.8070068359375,157.76499938964844,157.76800537109375
1785887160,157.77999877929688,157.781005859375,157.75799560546875,157.7689971923828
1785887220,157.75900268554688,157.7740020751953,157.7530059814453,157.76800537109375
1785887280,157.7570037841797,157.7689971923828,157.75599670410156,157.76400756835938
1785887340,157.75599670410156,157.7760009765625,157.7519989013672,157.7530059814453
1785887400,157.7530059814453,157.76800537109375,157.74400329589844,157.7480010986328
1785887460,157.7469940185547,157.76300048828125,157.74400329589844,157.75
1785887520,157.75900268554688,157.76300048828125,157.7429962158203,157.7429962158203
1785887580,157.75399780273438,157.75999450683594,157.7429962158203,157.75399780273438
1785887640,157.7469940185547,157.76100158691406,157.74600219726562,157.7469940185547
1785887700,157.7469940185547,157.75900268554688,157.73300170898438,157.73599243164062
1785887760,157.73599243164062,157.7480010986328,157.73399353027344,157.73899841308594
1785887820,157.74200439453125,157.74600219726562,157.73599243164062,157.74400329589844
1785887880,157.7449951171875,157.74600219726562,157.71200561523438,157.71200561523438
1785887940,157.72000122070312,157.7220001220703,157.6479949951172,157.70599365234375
1785888000,157.69200134277344,157.75599670410156,157.67100524902344,157.7449951171875
1785888060,157.73500061035156,157.7480010986328,157.70799255371094,157.71400451660156
1785888120,157.71400451660156,157.74600219726562,157.6959991455078,157.70599365234375
1785888180,157.71400451660156,157.7469940185547,157.70599365234375,157.73199462890625
1785888240,157.72799682617188,157.74899291992188,157.72000122070312,157.73599243164062
1785888300,157.73199462890625,157.7429962158203,157.66400146484375,157.68099975585938
1785888360,157.6699981689453,157.70199584960938,157.65899658203125,157.68800354003906
1785888420,157.69700622558594,157.7030029296875,157.6580047607422,157.66600036621094
1785888480,157.6719970703125,157.6929931640625,157.66000366210938,157.68699645996094
1785888540,157.67999267578125,157.6959991455078,157.66200256347656,157.66700744628906
1785888600,157.66200256347656,157.6929931640625,157.66200256347656,157.67300415039062
1785888660,157.67300415039062,157.7030029296875,157.67300415039062,157.697998046875
1785888720,157.6909942626953,157.7169952392578,157.68499755859375,157.697998046875
1785888780,157.70199584960938,157.70899963378906,157.68499755859375,157.68499755859375
1785888840,157.68499755859375,157.6959991455078,157.66299438476562,157.67799377441406
1785888900,157.6699981689453,157.71600341796875,157.6699981689453,157.70399475097656
1785888960,157.70399475097656,157.71400451660156,157.66900634765625,157.68499755859375
1785889020,157.69000244140625,157.6999969482422,157.66799926757812,157.6840057373047
1785889080,157.67300415039062,157.6840057373047,157.625,157.64199829101562
1785889140,157.63800048828125,157.66000366210938,157.63800048828125,157.64300537109375
1785889200,157.64300537109375,157.65499877929688,157.6269989013672,157.63699340820312
1785889260,157.63699340820312,157.6479949951172,157.61900329589844,157.63099670410156
1785889320,157.6320037841797,157.6320037841797,157.58399963378906,157.59800720214844
1785889380,157.59500122070312,157.60699462890625,157.5659942626953,157.5780029296875
1785889440,157.58399963378906,157.61599731445312,157.57200622558594,157.60699462890625
1785889500,157.61500549316406,157.63099670410156,157.6009979248047,157.6009979248047
1785889560,157.6060028076172,157.6320037841797,157.6009979248047,157.6179962158203
1785889620,157.61199951171875,157.62899780273438,157.59800720214844,157.59800720214844
1785889680,157.59800720214844,157.63600158691406,157.59800720214844,157.6230010986328
1785889740,157.6230010986328,157.64599609375,157.6179962158203,157.63499450683594
1785889800,157.63600158691406,157.65699768066406,157.6300048828125,157.6490020751953
1785889860,157.6490020751953,157.6580047607422,157.625,157.63800048828125
1785889920,157.6320037841797,157.6320037841797,157.59300231933594,157.59500122070312
1785889980,157.59500122070312,157.60899353027344,157.5919952392578,157.59800720214844
1785890040,157.6009979248047,157.60800170898438,157.5709991455078,157.6060028076172
1785890100,157.59500122070312,157.61300659179688,157.59100341796875,157.60299682617188
1785890160,157.5989990234375,157.6219940185547,157.59300231933594,157.60699462890625
1785890220,157.61900329589844,157.6320037841797,157.60499572753906,157.6199951171875
1785890280,157.61500549316406,157.625,157.60499572753906,157.60699462890625
1785890340,157.61199951171875,157.61900329589844,157.59100341796875,157.60400390625
1785890400,157.59500122070312,157.6300048828125,157.593994140625,157.6199951171875
1785890460,157.6300048828125,157.6320037841797,157.60899353027344,157.61599731445312
1785890520,157.61599731445312,157.6490020751953,157.60899353027344,157.63600158691406
1785890580,157.64199829101562,157.64599609375,157.62399291992188,157.63400268554688
1785890640,157.63400268554688,157.66600036621094,157.6320037841797,157.66000366210938
1785890700,157.6529998779297,157.6649932861328,157.64199829101562,157.6580047607422
1785890760,157.6490020751953,157.6739959716797,157.64300537109375,157.6479949951172
1785890820,157.64500427246094,157.6540069580078,157.61199951171875,157.6280059814453
1785890880,157.6179962158203,157.6280059814453,157.60000610351562,157.61000061035156
1785890940,157.60699462890625,157.64700317382812,157.60699462890625,157.64500427246094
1785891000,157.63499450683594,157.65699768066406,157.6219940185547,157.62899780273438
1785891060,157.63900756835938,157.65199279785156,157.62399291992188,157.63600158691406
1785891120,157.63999938964844,157.64700317382812,157.5970001220703,157.6219940185547
1785891180,157.61199951171875,157.62600708007812,157.52200317382812,157.53700256347656
1785891240,157.5240020751953,157.56100463867188,157.50999450683594,157.53700256347656
1785891300,157.53599548339844,157.5679931640625,157.52699279785156,157.5330047607422
1785891360,157.53700256347656,157.5449981689453,157.44400024414062,157.47000122070312
1785891420,157.46200561523438,157.5330047607422,157.4429931640625,157.5290069580078
1785891480,157.5189971923828,157.55999755859375,157.51800537109375,157.5500030517578
1785891540,157.5590057373047,157.56900024414062,157.53500366210938,157.552001953125
1785891600,157.56100463867188,157.6060028076172,157.54400634765625,157.59500122070312
1785891660,157.59500122070312,157.61099243164062,157.5780029296875,157.5850067138672
1785891720,157.59500122070312,157.61300659179688,157.57899475097656,157.593994140625
1785891780,157.59800720214844,157.62399291992188,157.593994140625,157.6230010986328
1785891840,157.61599731445312,157.63099670410156,157.5919952392578,157.5919952392578
1785891900,157.5919952392578,157.61099243164062,157.56900024414062,157.58200073242188
1785891960,157.572998046875,157.59300231933594,157.57000732421875,157.57200622558594
1785892020,157.57200622558594,157.58999633789062,157.5590057373047,157.5760040283203
1785892080,157.5709991455078,157.5850067138672,157.54400634765625,157.54800415039062
1785892140,157.55299377441406,157.5590057373047,157.5229949951172,157.53599548339844
1785892200,157.5399932861328,157.55499267578125,157.52000427246094,157.53500366210938
1785892260,157.52499389648438,157.5489959716797,157.5240020751953,157.53799438476562
1785892320,157.53799438476562,157.5590057373047,157.53599548339844,157.55799865722656
1785892380,157.54800415039062,157.57400512695312,157.54800415039062,157.5679931640625
1785892440,157.55999755859375,157.5749969482422,157.53500366210938,157.53500366210938
1785892500,157.53500366210938,157.5590057373047,157.52000427246094,157.53900146484375
1785892560,157.53399658203125,157.5709991455078,157.53199768066406,157.56900024414062
1785892620,157.5590057373047,157.58099365234375,157.53399658203125,157.54200744628906
1785892680,157.53900146484375,157.56500244140625,157.53500366210938,157.5570068359375
1785892740,157.5489959716797,157.5590057373047,157.5019989013672,157.50999450683594
1785892800,157.50999450683594,157.5679931640625,157.50900268554688,157.5570068359375
1785892860,157.5570068359375,157.59100341796875,157.5570068359375,157.572998046875
1785892920,157.572998046875,157.60699462890625,157.5679931640625,157.59500122070312
1785892980,157.60299682617188,157.61000061035156,157.593994140625,157.60699462890625
1785893040,157.5959930419922,157.61000061035156,157.58799743652344,157.59500122070312
1785893100,157.59500122070312,157.61000061035156,157.58799743652344,157.5970001220703
1785893160,157.5970001220703,157.64700317382812,157.5970001220703,157.6269989013672
1785893220,157.6300048828125,157.64700317382812,157.62399291992188,157.625
1785893280,157.6300048828125,157.63699340820312,157.6219940185547,157.625
1785893340,157.625,157.63499450683594,157.61300659179688,157.62899780273438
1785893400,157.61900329589844,157.64300537109375,157.60899353027344,157.6320037841797
1785893460,157.6300048828125,157.64599609375,157.61599731445312,157.62600708007812
1785893520,157.6219940185547,157.63900756835938,157.61599731445312,157.6199951171875
1785893580,157.6199951171875,157.63400268554688,157.593994140625,157.60000610351562
1785893640,157.60000610351562,157.6230010986328,157.59800720214844,157.61399841308594
1785893700,157.60400390625,157.6230010986328,157.5959930419922,157.61000061035156
1785893760,157.61000061035156,157.6320037841797,157.60400390625,157.6219940185547
1785893820,157.62600708007812,157.64700317382812,157.62100219726562,157.64599609375
1785893880,157.63999938964844,157.64599609375,157.625,157.64300537109375
1785893940,157.63099670410156,157.6540069580078,157.625,157.63900756835938
1785894000,157.63800048828125,157.6540069580078,157.63400268554688,157.6439971923828
1785894060,157.6439971923828,157.68099975585938,157.64100646972656,157.65499877929688
1785894120,157.65499877929688,157.66700744628906,157.6540069580078,157.6649932861328
1785894180,157.65499877929688,157.6649932861328,157.64300537109375,157.6540069580078
1785894240,157.64500427246094,157.6529998779297,157.62100219726562,157.6300048828125
1785894300,157.62100219726562,157.63400268554688,157.61000061035156,157.61500549316406
1785894360,157.61500549316406,157.6280059814453,157.5959930419922,157.61900329589844
1785894420,157.61199951171875,157.64500427246094,157.60899353027344,157.62899780273438
1785894480,157.62899780273438,157.64599609375,157.6199951171875,157.62600708007812
1785894540,157.6230010986328,157.63299560546875,157.61399841308594,157.61500549316406
1785894600,157.61599731445312,157.64599609375,157.61599731445312,157.63999938964844
1785894660,157.63999938964844,157.64999389648438,157.63299560546875,157.64300537109375
1785894720,157.63900756835938,157.6490020751953,157.6199951171875,157.6230010986328
1785894780,157.6230010986328,157.63400268554688,157.60499572753906,157.6230010986328
1785894840,157.6320037841797,157.63400268554688,157.61300659179688,157.6230010986328
1785894900,157.6219940185547,157.6439971923828,157.61900329589844,157.63299560546875
1785894960,157.6320037841797,157.63699340820312,157.62100219726562,157.62399291992188
1785895020,157.6230010986328,157.63600158691406,157.61300659179688,157.6280059814453
1785895080,157.6320037841797,157.64500427246094,157.625,157.63299560546875
1785895140,157.63600158691406,157.64599609375,157.62399291992188,157.6439971923828
1785895200,157.63499450683594,157.66799926757812,157.6300048828125,157.6490020751953
1785895260,157.65499877929688,157.66900634765625,157.61500549316406,157.66099548339844
1785895320,157.66099548339844,157.6999969482422,157.66099548339844,157.69200134277344
1785895380,157.68800354003906,157.69400024414062,157.64500427246094,157.66000366210938
1785895440,157.6490020751953,157.6790008544922,157.63600158691406,157.66400146484375
1785895500,157.67300415039062,157.68499755859375,157.62600708007812,157.6280059814453
1785895560,157.6320037841797,157.64700317382812,157.62399291992188,157.6269989013672
1785895620,157.6269989013672,157.63600158691406,157.58700561523438,157.6020050048828
1785895680,157.60699462890625,157.61900329589844,157.58700561523438,157.60499572753906
1785895740,157.5970001220703,157.6199951171875,157.58700561523438,157.6199951171875
1785895800,157.61099243164062,157.63299560546875,157.60899353027344,157.61500549316406
1785895860,157.61599731445312,157.64500427246094,157.61199951171875,157.6269989013672
1785895920,157.6269989013672,157.63400268554688,157.60499572753906,157.60800170898438
1785895980,157.61199951171875,157.6219940185547,157.6020050048828,157.6199951171875
1785896040,157.61099243164062,157.62899780273438,157.5590057373047,157.5679931640625
1785896100,157.5590057373047,157.5709991455078,157.54400634765625,157.5449981689453
1785896160,157.5449981689453,157.56900024414062,157.53500366210938,157.55799865722656
1785896220,157.56199645996094,157.56900024414062,157.54400634765625,157.552001953125
1785896280,157.552001953125,157.5780029296875,157.54800415039062,157.55599975585938
1785896340,157.5590057373047,157.58299255371094,157.54800415039062,157.5590057373047
1785896400,157.5590057373047,157.57200622558594,157.50900268554688,157.51499938964844
1785896460,157.50999450683594,157.53399658203125,157.50999450683594,157.5189971923828
1785896520,157.51199340820312,157.5469970703125,157.50599670410156,157.52499389648438
1785896580,157.53599548339844,157.53599548339844,157.48399353027344,157.4949951171875
1785896640,157.49000549316406,157.52200317382812,157.48300170898438,157.5070037841797
1785896700,157.50799560546875,157.50900268554688,157.39599609375,157.41000366210938
1785896760,157.41600036621094,157.4409942626953,157.38699340820312,157.4409942626953
1785896820,157.43299865722656,157.45599365234375,157.41099548339844,157.41799926757812
1785896880,157.42300415039062,157.4600067138672,157.39199829101562,157.4600067138672
1785896940,157.45899963378906,157.4980010986328,157.43899536132812,157.48500061035156
1785897000,157.48599243164062,157.4980010986328,157.44900512695312,157.45599365234375
1785897060,157.46600341796875,157.48500061035156,157.44700622558594,157.47900390625
1785897120,157.4720001220703,157.48399353027344,157.4429931640625,157.46400451660156
1785897180,157.4510040283203,157.46299743652344,157.43600463867188,157.44400024414062
1785897240,157.43600463867188,157.47999572753906,157.43600463867188,157.4459991455078
1785897300,157.45199584960938,157.4929962158203,157.44500732421875,157.4739990234375
1785897360,157.46600341796875,157.48199462890625,157.44700622558594,157.46200561523438
1785897420,157.4550018310547,157.47300720214844,157.42999267578125,157.42999267578125
1785897480,157.42999267578125,157.44400024414062,157.38499450683594,157.38499450683594
1785897540,157.38499450683594,157.40899658203125,157.36099243164062,157.4080047607422
1785897600,157.4080047607422,157.4080047607422,157.343994140625,157.36500549316406
1785897660,157.36000061035156,157.3719940185547,157.30999755859375,157.33299255371094
1785897720,157.33299255371094,157.3459930419922,157.30999755859375,157.322998046875
1785897780,157.33099365234375,157.35899353027344,157.322998046875,157.33099365234375
1785897840,157.33099365234375,157.343994140625,157.302001953125,157.30799865722656
1785897900,157.31300354003906,157.34500122070312,157.29800415039062,157.3300018310547
1785897960,157.3300018310547,157.3679962158203,157.32200622558594,157.3560028076172
1785898020,157.34500122070312,157.35800170898438,157.3209991455078,157.33200073242188
1785898080,157.33200073242188,157.36399841308594,157.33099365234375,157.35299682617188
1785898140,157.36099243164062,157.3699951171875,157.34300231933594,157.3679962158203
1785898200,157.35899353027344,157.36900329589844,157.3459930419922,157.36300659179688
1785898260,157.3520050048828,157.36900329589844,157.33799743652344,157.35000610351562
1785898320,157.35000610351562,157.3939971923828,157.35000610351562,157.37899780273438
1785898380,157.37899780273438,157.4320068359375,157.37399291992188,157.42300415039062
1785898440,157.41200256347656,157.4219970703125,157.39500427246094,157.41000366210938
1785898500,157.42100524902344,157.43600463867188,157.4080047607422,157.4219970703125
1785898560,157.4340057373047,157.4429931640625,157.41400146484375,157.41900634765625
1785898620,157.41400146484375,157.43299865722656,157.39700317382812,157.41900634765625
1785898680,157.41900634765625,157.43600463867188,157.41200256347656,157.42599487304688
1785898740,157.43299865722656,157.46099853515625,157.4250030517578,157.45799255371094
1785898800,157.4499969482422,157.45899963378906,157.43800354003906,157.4409942626953
1785898860,157.4409942626953,157.46299743652344,157.43800354003906,157.4429931640625
1785898920,157.44200134277344,157.4499969482422,157.41799926757812,157.42300415039062
1785898980,157.4239959716797,157.43299865722656,157.39700317382812,157.4080047607422
1785899040,157.39999389648438,157.42100524902344,157.39100646972656,157.4149932861328
1785899100,157.41000366210938,157.4239959716797,157.38999938964844,157.3979949951172
1785899160,157.4029998779297,157.41099548339844,157.38699340820312,157.39700317382812
1785899220,157.38800048828125,157.39700317382812,157.36900329589844,157.375
1785899280,157.37600708007812,157.38600158691406,157.35299682617188,157.36500549316406
1785899340,157.3699951171875,157.38499450683594,157.36300659179688,157.3730010986328
1785899400,157.3730010986328,157.38600158691406,157.3520050048828,157.35299682617188
1785899460,157.35299682617188,157.38400268554688,157.3520050048828,157.3730010986328
1785899520,157.3820037841797,157.3939971923828,157.36000061035156,157.38400268554688
1785899580,157.38400268554688,157.3939971923828,157.36300659179688,157.3820037841797
1785899640,157.38299560546875,157.38499450683594,157.36399841308594,157.3699951171875
1785899700,157.36900329589844,157.38299560546875,157.34800720214844,157.35699462890625
1785899760,157.35699462890625,157.37399291992188,157.3489990234375,157.36900329589844
1785899820,157.36399841308594,157.38299560546875,157.3520050048828,157.3780059814453
1785899880,157.3719940185547,157.38900756835938,157.36599731445312,157.3769989013672
1785899940,157.3769989013672,157.41000366210938,157.3769989013672,157.39700317382812
1785900000,157.40499877929688,157.4239959716797,157.39599609375,157.41000366210938
1785900060,157.41900634765625,157.42799377441406,157.4029998779297,157.427001953125
1785900120,157.41799926757812,157.42999267578125,157.41099548339844,157.4219970703125
1785900180,157.41700744628906,157.43299865722656,157.41099548339844,157.41200256347656
1785900240,157.41200256347656,157.4219970703125,157.39700317382812,157.40199279785156
1785900300,157.40199279785156,157.41700744628906,157.3990020751953,157.41000366210938
1785900360,157.40899658203125,157.4219970703125,157.4029998779297,157.41400146484375
1785900420,157.41299438476562,157.44200134277344,157.41200256347656,157.43099975585938
1785900480,157.42300415039062,157.43299865722656,157.41200256347656,157.42799377441406
1785900540,157.42300415039062,157.43600463867188,157.42100524902344,157.42599487304688
1785900600,157.42599487304688,157.47000122070312,157.4250030517578,157.4669952392578
1785900660,157.45799255371094,157.4739990234375,157.44700622558594,157.46099853515625
1785900720,157.4600067138672,157.47300720214844,157.4530029296875,157.46200561523438
1785900780,157.47000122070312,157.4770050048828,157.46200561523438,157.4759979248047
1785900840,157.4669952392578,157.49200439453125,157.46600341796875,157.468994140625
1785900900,157.468994140625,157.49600219726562,157.468994140625,157.4949951171875
1785900960,157.49400329589844,157.4949951171875,157.4770050048828,157.47799682617188
1785901020,157.47799682617188,157.4929962158203,157.4669952392578,157.4759979248047
1785901080,157.4709930419922,157.48300170898438,157.47000122070312,157.4709930419922
1785901140,157.4770050048828,157.49200439453125,157.4709930419922,157.48300170898438
1785901200,157.48300170898438,157.4929962158203,157.47999572753906,157.48800659179688
1785901260,157.47999572753906,157.53199768066406,157.47999572753906,157.51199340820312
1785901320,157.5229949951172,157.52499389648438,157.47000122070312,157.48300170898438
1785901380,157.48399353027344,157.50399780273438,157.47799682617188,157.48300170898438
1785901440,157.48899841308594,157.5019989013672,157.4709930419922,157.4720001220703
1785901500,157.47999572753906,157.48800659179688,157.44500732421875,157.4550018310547
1785901560,157.44500732421875,157.4600067138672,157.43600463867188,157.4510040283203
1785901620,157.4459991455078,157.48699951171875,157.4459991455078,157.48699951171875
1785901680,157.47900390625,157.48899841308594,157.468994140625,157.47500610351562
1785901740,157.47999572753906,157.48500061035156,157.46800231933594,157.48399353027344
1785901800,157.4739990234375,157.48500061035156,157.45700073242188,157.45700073242188
1785901860,157.45700073242188,157.4709930419922,157.4219970703125,157.43600463867188
1785901920,157.44400024414062,157.44400024414062,157.43099975585938,157.43299865722656
1785901980,157.43600463867188,157.4530029296875,157.4320068359375,157.43800354003906
1785902040,157.43699645996094,157.45399475097656,157.43499755859375,157.4429931640625
1785902100,157.4429931640625,157.4669952392578,157.4429931640625,157.45599365234375
1785902160,157.45599365234375,157.4720001220703,157.44700622558594,157.447998046875
1785902220,157.447998046875,157.4669952392578,157.43299865722656,157.44200134277344
1785902280,157.4340057373047,157.4429931640625,157.4010009765625,157.4080047607422
1785902340,157.4080047607422,157.4340057373047,157.4080047607422,157.4149932861328
1785902400,157.41900634765625,157.42300415039062,157.3990020751953,157.41900634765625
1785902460,157.4149932861328,157.42799377441406,157.3939971923828,157.4149932861328
1785902520,157.42100524902344,157.42300415039062,157.3820037841797,157.38900756835938
1785902580,157.39300537109375,157.4040069580078,157.38499450683594,157.39300537109375
1785902640,157.39599609375,157.4010009765625,157.36399841308594,157.36700439453125
1785902700,157.36700439453125,157.38099670410156,157.36700439453125,157.37100219726562
1785902760,157.37399291992188,157.38299560546875,157.3679962158203,157.3730010986328
1785902820,157.37899780273438,157.38699340820312,157.36700439453125,157.3679962158203
1785902880,157.3730010986328,157.39700317382812,157.3679962158203,157.39500427246094
1785902940,157.38699340820312,157.40199279785156,157.3769989013672,157.3780059814453
1785903000,157.3780059814453,157.3979949951172,157.3780059814453,157.39599609375
1785903060,157.39500427246094,157.39599609375,157.38099670410156,157.38699340820312
1785903120,157.39100646972656,157.41099548339844,157.3820037841797,157.406005859375
1785903180,157.3990020751953,157.40899658203125,157.38800048828125,157.38999938964844
1785903240,157.38999938964844,157.4040069580078,157.38099670410156,157.38900756835938
1785903300,157.39199829101562,157.4080047607422,157.38699340820312,157.40199279785156
1785903360,157.3990020751953,157.41799926757812,157.39500427246094,157.39500427246094
1785903420,157.39500427246094,157.40899658203125,157.36900329589844,157.38099670410156
1785903480,157.3820037841797,157.39300537109375,157.36399841308594,157.39300537109375
1785903540,157.38400268554688,157.40699768066406,157.3780059814453,157.38999938964844
1785903600,157.38999938964844,157.41900634765625,157.38999938964844,157.41400146484375
1785903660,157.40899658203125,157.41799926757812,157.38999938964844,157.3979949951172
1785903720,157.38999938964844,157.40699768066406,157.38999938964844,157.40199279785156
1785903780,157.3979949951172,157.41299438476562,157.3939971923828,157.40899658203125
1785903840,157.4029998779297,157.41099548339844,157.3979949951172,157.40199279785156
1785903900,157.406005859375,157.41200256347656,157.3990020751953,157.3990020751953
1785903960,157.4080047607422,157.41099548339844,157.39700317382812,157.40499877929688
1785904020,157.39999389648438,157.41600036621094,157.38999938964844,157.38999938964844
1785904080,157.39300537109375,157.3979949951172,157.38800048828125,157.3939971923828
1785904140,157.38999938964844,157.41200256347656,157.38999938964844,157.4029998779297
1785904200,157.4029998779297,157.4510040283203,157.4029998779297,157.43899536132812
1785904260,157.4429931640625,157.4530029296875,157.42999267578125,157.43299865722656
1785904320,157.43299865722656,157.45799255371094,157.43299865722656,157.4459991455078
1785904380,157.45599365234375,157.4600067138672,157.44400024414062,157.45799255371094
1785904440,157.45899963378906,157.48300170898438,157.447998046875,157.4739990234375
1785904500,157.48399353027344,157.49200439453125,157.46800231933594,157.47300720214844
1785904560,157.4720001220703,157.48300170898438,157.468994140625,157.4810028076172
1785904620,157.47500610351562,157.49600219726562,157.4739990234375,157.49000549316406
1785904680,157.48500061035156,157.51800537109375,157.48399353027344,157.50900268554688
1785904740,157.51199340820312,157.53399658203125,157.50799560546875,157.531005859375
1785904800,157.52499389648438,157.5590057373047,157.52099609375,157.5330047607422
1785904860,157.53599548339844,157.54299926757812,157.51199340820312,157.52499389648438
1785904920,157.531005859375,157.5500030517578,157.5240020751953,157.53799438476562
1785904980,157.53500366210938,157.5570068359375,157.53500366210938,157.5540008544922
1785905040,157.54400634765625,157.56700134277344,157.54299926757812,157.5659942626953
1785905100,157.5590057373047,157.58099365234375,157.5570068359375,157.57000732421875
1785905160,157.57200622558594,157.58200073242188,157.56399536132812,157.5780029296875
1785905220,157.58299255371094,157.5919952392578,157.56500244140625,157.58900451660156
1785905280,157.58799743652344,157.6060028076172,157.58399963378906,157.5850067138672
1785905340,157.58599853515625,157.60400390625,157.58299255371094,157.60299682617188
1785905400,157.5989990234375,157.6199951171875,157.5919952392578,157.61099243164062
1785905460,157.61900329589844,157.6269989013672,157.60899353027344,157.625
1785905520,157.62600708007812,157.64300537109375,157.61399841308594,157.64300537109375
1785905580,157.64199829101562,157.656005859375,157.63099670410156,157.64500427246094
1785905640,157.63699340820312,157.6580047607422,157.6320037841797,157.65499877929688
1785905700,157.656005859375,157.68299865722656,157.62899780273438,157.63499450683594
1785905760,157.63600158691406,157.6439971923828,157.6020050048828,157.63800048828125
1785905820,157.63900756835938,157.64300537109375,157.61399841308594,157.61399841308594
1785905880,157.62399291992188,157.66299438476562,157.61399841308594,157.65899658203125
1785905940,157.65199279785156,157.6580047607422,157.63900756835938,157.65199279785156
1785906000,157.6479949951172,157.66700744628906,157.64100646972656,157.65699768066406
1785906060,157.64599609375,157.66400146484375,157.64500427246094,157.65899658203125
1785906120,157.65499877929688,157.68499755859375,157.65499877929688,157.6699981689453
1785906180,157.66900634765625,157.69700622558594,157.66099548339844,157.68800354003906
1785906240,157.68699645996094,157.70899963378906,157.67799377441406,157.69500732421875
1785906300,157.69900512695312,157.69900512695312,157.677001953125,157.68800354003906
1785906360,157.67999267578125,157.68899536132812,157.656005859375,157.656005859375
1785906420,157.65899658203125,157.66799926757812,157.65499877929688,157.65899658203125
1785906480,157.65899658203125,157.66700744628906,157.64300537109375,157.6580047607422
1785906540,157.66299438476562,157.66799926757812,157.656005859375,157.65699768066406
1785906600,157.65699768066406,157.6820068359375,157.65699768066406,157.67100524902344
1785906660,157.67100524902344,157.68899536132812,157.66799926757812,157.6739959716797
1785906720,157.6739959716797,157.6820068359375,157.656005859375,157.656005859375
1785906780,157.6580047607422,157.6649932861328,157.6540069580078,157.656005859375
1785906840,157.66000366210938,157.66799926757812,157.6439971923828,157.6490020751953
1785906900,157.65199279785156,157.65699768066406,157.62399291992188,157.64500427246094
1785906960,157.656005859375,157.6649932861328,157.6439971923828,157.6580047607422
1785907020,157.65899658203125,157.67799377441406,157.6510009765625,157.66200256347656
1785907080,157.6649932861328,157.66799926757812,157.6479949951172,157.6580047607422
1785907140,157.6580047607422,157.66900634765625,157.64199829101562,157.6510009765625
1785907200,157.64599609375,157.66600036621094,157.64199829101562,157.6529998779297
1785907260,157.6540069580078,157.66700744628906,157.64300537109375,157.6479949951172
1785907320,157.6490020751953,157.66299438476562,157.6439971923828,157.6479949951172
1785907380,157.65699768066406,157.66299438476562,157.63099670410156,157.63499450683594
1785907440,157.63499450683594,157.6540069580078,157.63400268554688,157.63600158691406
1785907500,157.63600158691406,157.64500427246094,157.61000061035156,157.62399291992188
1785907560,157.6199951171875,157.63900756835938,157.6060028076172,157.60899353027344
1785907620,157.60899353027344,157.63800048828125,157.60899353027344,157.62899780273438
1785907680,157.6300048828125,157.6540069580078,157.62100219726562,157.6540069580078
1785907740,157.6439971923828,157.6580047607422,157.63900756835938,157.64999389648438
1785907800,157.64700317382812,157.65499877929688,157.63999938964844,157.64300537109375
1785907860,157.64300537109375,157.6529998779297,157.63299560546875,157.64700317382812
1785907920,157.6490020751953,157.66400146484375,157.6439971923828,157.6490020751953
1785907980,157.6490020751953,157.66900634765625,157.6490020751953,157.66200256347656
1785908040,157.65899658203125,157.68099975585938,157.656005859375,157.66700744628906
1785908100,157.66700744628906,157.67799377441406,157.6580047607422,157.66299438476562
1785908160,157.65899658203125,157.66799926757812,157.6479949951172,157.6529998779297
1785908220,157.65699768066406,157.65699768066406,157.63499450683594,157.63499450683594
1785908280,157.63400268554688,157.6439971923828,157.60800170898438,157.61700439453125
1785908340,157.60899353027344,157.63299560546875,157.60800170898438,157.6230010986328
1785908400,157.6230010986328,157.64199829101562,157.6230010986328,157.6320037841797
1785908460,157.6320037841797,157.64100646972656,157.62899780273438,157.63699340820312
1785908520,157.63800048828125,157.63800048828125,157.60800170898438,157.60800170898438
1785908580,157.61099243164062,157.61900329589844,157.60699462890625,157.61199951171875
1785908640,157.61199951171875,157.63099670410156,157.60400390625,157.6230010986328
1785908700,157.6230010986328,157.6320037841797,157.60699462890625,157.61500549316406
1785908760,157.60800170898438,157.6269989013672,157.58299255371094,157.58799743652344
1785908820,157.58399963378906,157.60699462890625,157.58200073242188,157.59800720214844
1785908880,157.59800720214844,157.61599731445312,157.59100341796875,157.61000061035156
1785908940,157.6060028076172,157.6320037841797,157.6060028076172,157.62399291992188
1785909000,157.62399291992188,157.63699340820312,157.6230010986328,157.6280059814453
1785909060,157.6269989013672,157.65699768066406,157.6269989013672,157.64700317382812
1785909120,157.64599609375,157.65499877929688,157.63800048828125,157.6479949951172
1785909180,157.64999389648438,157.66799926757812,157.64300537109375,157.6439971923828
1785909240,157.6439971923828,157.66099548339844,157.6439971923828,157.6540069580078
1785909300,157.64599609375,157.6510009765625,157.61599731445312,157.6199951171875
1785909360,157.6269989013672,157.6320037841797,157.60699462890625,157.6199951171875
1785909420,157.6199951171875,157.63299560546875,157.61900329589844,157.6320037841797
1785909480,157.63099670410156,157.64999389648438,157.6230010986328,157.64599609375
1785909540,157.63800048828125,157.64300537109375,157.6269989013672,157.63299560546875
1785909600,157.63400268554688,157.64100646972656,157.5989990234375,157.60000610351562
1785909660,157.59800720214844,157.64100646972656,157.59800720214844,157.6320037841797
1785909720,157.64100646972656,157.64300537109375,157.61099243164062,157.62600708007812
1785909780,157.62600708007812,157.6540069580078,157.61700439453125,157.64599609375
1785909840,157.6479949951172,157.6540069580078,157.62899780273438,157.63900756835938
1785909900,157.62899780273438,157.64300537109375,157.6280059814453,157.63499450683594
1785909960,157.63099670410156,157.64599609375,157.63099670410156,157.63900756835938
1785910020,157.63600158691406,157.65199279785156,157.63400268554688,157.65199279785156
1785910080,157.64300537109375,157.66400146484375,157.63699340820312,157.65199279785156
1785910140,157.65199279785156,157.6649932861328,157.6490020751953,157.6580047607422
1785910200,157.64999389648438,157.68600463867188,157.64999389648438,157.66200256347656
1785910260,157.66000366210938,157.6699981689453,157.6439971923828,157.6510009765625
1785910320,157.6439971923828,157.6529998779297,157.6219940185547,157.63699340820312
1785910380,157.62899780273438,157.66200256347656,157.62899780273438,157.656005859375
1785910440,157.6540069580078,157.66299438476562,157.64500427246094,157.65499877929688
1785910500,157.6490020751953,157.70399475097656,157.6490020751953,157.6999969482422
1785910560,157.69200134277344,157.74000549316406,157.69200134277344,157.73300170898438
1785910620,157.74099731445312,157.76699829101562,157.72900390625,157.7429962158203
1785910680,157.74200439453125,157.7519989013672,157.7169952392578,157.73199462890625
1785910740,157.7220001220703,157.74000549316406,157.70700073242188,157.70700073242188
1785910800,157.70700073242188,157.72900390625,157.70700073242188,157.72000122070312
1785910860,157.72900390625,157.75100708007812,157.71800231933594,157.74200439453125
1785910920,157.74200439453125,157.75799560546875,157.7310028076172,157.73800659179688
1785910980,157.73500061035156,157.75,157.718994140625,157.73500061035156
1785911040,157.73199462890625,157.74099731445312,157.7220001220703,157.73899841308594
1785911100,157.73699951171875,157.74899291992188,157.72999572753906,157.7310028076172
1785911160,157.7310028076172,157.74099731445312,157.6820068359375,157.6959991455078
1785911220,157.6840057373047,157.70599365234375,157.6719970703125,157.697998046875
1785911280,157.70199584960938,157.71600341796875,157.6929931640625,157.71200561523438
1785911340,157.70399475097656,157.71600341796875,157.6999969482422,157.6999969482422
1785911400,157.6999969482422,157.73800659179688,157.6999969482422,157.7220001220703
1785911460,157.718994140625,157.74099731445312,157.71099853515625,157.7220001220703
1785911520,157.718994140625,157.72799682617188,157.6580047607422,157.66700744628906
1785911580,157.6580047607422,157.6790008544922,157.61300659179688,157.6300048828125
1785911640,157.62600708007812,157.63400268554688,157.572998046875,157.6199951171875
1785911700,157.62899780273438,157.66700744628906,157.62100219726562,157.63099670410156
1785911760,157.63299560546875,157.6510009765625,157.593994140625,157.61700439453125
1785911820,157.61000061035156,157.62399291992188,157.59500122070312,157.61099243164062
1785911880,157.61000061035156,157.62100219726562,157.59100341796875,157.5959930419922
1785911940,157.5959930419922,157.61500549316406,157.57000732421875,157.59300231933594
1785912000,157.58700561523438,157.6179962158203,157.58399963378906,157.60899353027344
1785912060,157.60899353027344,157.6179962158203,157.60499572753906,157.61199951171875
1785912120,157.60899353027344,157.61199951171875,157.58799743652344,157.6020050048828
1785912180,157.5989990234375,157.63999938964844,157.5959930419922,157.6230010986328
1785912240,157.63099670410156,157.63299560546875,157.59500122070312,157.60899353027344
1785912300,157.60899353027344,157.64100646972656,157.58999633789062,157.62899780273438
1785912360,157.63400268554688,157.63999938964844,157.62100219726562,157.6219940185547
1785912420,157.62100219726562,157.63299560546875,157.6060028076172,157.60899353027344
1785912480,157.60899353027344,157.61900329589844,157.59100341796875,157.60499572753906
1785912540,157.60000610351562,157.6060028076172,157.5800018310547,157.58299255371094
1785912600,157.58299255371094,157.6320037841797,157.58299255371094,157.61099243164062
1785912660,157.61399841308594,157.6219940185547,157.5989990234375,157.61199951171875
1785912720,157.6199951171875,157.64300537109375,157.60699462890625,157.63099670410156
1785912780,157.63800048828125,157.66600036621094,157.63099670410156,157.6510009765625
1785912840,157.65199279785156,157.66799926757812,157.63999938964844,157.6540069580078
1785912900,157.64700317382812,157.65499877929688,157.6230010986328,157.63499450683594
1785912960,157.63600158691406,157.65699768066406,157.6320037841797,157.64599609375
1785913020,157.64599609375,157.65699768066406,157.63299560546875,157.63499450683594
1785913080,157.63800048828125,157.64599609375,157.60899353027344,157.6219940185547
1785913140,157.61399841308594,157.6219940185547,157.60000610351562,157.61000061035156
1785913200,157.60899353027344,157.6179962158203,157.57400512695312,157.58299255371094
1785913260,157.5749969482422,157.59500122070312,157.55499267578125,157.58599853515625
1785913320,157.59300231933594,157.6179962158203,157.58399963378906,157.58900451660156
1785913380,157.58900451660156,157.64500427246094,157.58700561523438,157.61099243164062
1785913440,157.61000061035156,157.64999389648438,157.60699462890625,157.64300537109375
1785913500,157.64300537109375,157.65699768066406,157.6230010986328,157.64100646972656
1785913560,157.64199829101562,157.66799926757812,157.63699340820312,157.6540069580078
1785913620,157.656005859375,157.67100524902344,157.63900756835938,157.64599609375
1785913680,157.63900756835938,157.66400146484375,157.63900756835938,157.656005859375
1785913740,157.6479949951172,157.65699768066406,157.63499450683594,157.64500427246094
1785913800,157.6439971923828,157.66799926757812,157.64300537109375,157.64500427246094
1785913860,157.64700317382812,157.67799377441406,157.63999938964844,157.6750030517578
1785913920,157.67599487304688,157.6929931640625,157.66799926757812,157.68299865722656
1785913980,157.6909942626953,157.6959991455078,157.66400146484375,157.67100524902344
1785914040,157.67100524902344,157.69400024414062,157.67100524902344,157.6909942626953
1785914100,157.6820068359375,157.68899536132812,157.6719970703125,157.6750030517578
1785914160,157.6750030517578,157.68899536132812,157.66799926757812,157.67999267578125
1785914220,157.67300415039062,157.69200134277344,157.66700744628906,157.68699645996094
1785914280,157.68299865722656,157.70700073242188,157.68299865722656,157.697998046875
1785914340,157.697998046875,157.70700073242188,157.6719970703125,157.68499755859375
1785914400,157.6820068359375,157.69000244140625,157.66299438476562,157.66299438476562
1785914460,157.66799926757812,157.6739959716797,157.5240020751953,157.6020050048828
1785914520,157.61000061035156,157.64300537109375,157.60800170898438,157.63900756835938
1785914580,157.63800048828125,157.64700317382812,157.61000061035156,157.61399841308594
1785914640,157.6230010986328,157.6580047607422,157.61399841308594,157.64199829101562
1785914700,157.63800048828125,157.65699768066406,157.60800170898438,157.61599731445312
1785914760,157.61199951171875,157.64300537109375,157.60800170898438,157.61900329589844
1785914820,157.61900329589844,157.64500427246094,157.61099243164062,157.63600158691406
1785914880,157.63499450683594,157.66299438476562,157.63400268554688,157.64999389648438
1785914940,157.6490020751953,157.68099975585938,157.6490020751953,157.68099975585938
1785915000,157.6750030517578,157.6820068359375,157.656005859375,157.66200256347656
1785915060,157.66400146484375,157.68899536132812,157.66000366210938,157.677001953125
1785915120,157.67599487304688,157.7030029296875,157.66900634765625,157.7030029296875
1785915180,157.69500732421875,157.71600341796875,157.68899536132812,157.71200561523438
1785915240,157.71200561523438,157.7220001220703,157.70700073242188,157.70799255371094
1785915300,157.70899963378906,157.73800659179688,157.697998046875,157.70899963378906
1785915360,157.7030029296875,157.71800231933594,157.69900512695312,157.69900512695312
1785915420,157.69900512695312,157.71400451660156,157.697998046875,157.70599365234375
1785915480,157.70199584960938,157.71499633789062,157.6820068359375,157.68299865722656
1785915540,157.68299865722656,157.6929931640625,157.6750030517578,157.6909942626953
1785915600,157.68299865722656,157.6929931640625,157.66600036621094,157.6739959716797
1785915660,157.68099975585938,157.69000244140625,157.66700744628906,157.68699645996094
1785915720,157.68299865722656,157.71099853515625,157.68099975585938,157.70399475097656
1785915780,157.70399475097656,157.71299743652344,157.69400024414062,157.70599365234375
1785915840,157.697998046875,157.72000122070312,157.69700622558594,157.71200561523438
1785915900,157.71600341796875,157.73699951171875,157.71099853515625,157.7220001220703
1785915960,157.7239990234375,157.73500061035156,157.72000122070312,157.73199462890625
1785916020,157.7239990234375,157.73599243164062,157.7239990234375,157.7270050048828
1785916080,157.7259979248047,157.73500061035156,157.72300720214844,157.72799682617188
1785916140,157.7259979248047,157.74000549316406,157.7209930419922,157.7239990234375
1785916200,157.72500610351562,157.7310028076172,157.68099975585938,157.69900512695312
1785916260,157.69500732421875,157.71400451660156,157.69500732421875,157.7030029296875
1785916320,157.697998046875,157.71800231933594,157.69700622558594,157.7050018310547
1785916380,157.697998046875,157.71400451660156,157.68299865722656,157.7050018310547
1785916440,157.7050018310547,157.7209930419922,157.69900512695312,157.71099853515625
1785916500,157.71099853515625,157.718994140625,157.697998046875,157.7050018310547
1785916560,157.71499633789062,157.7239990234375,157.6999969482422,157.71099853515625
1785916620,157.71099853515625,157.7220001220703,157.697998046875,157.71499633789062
1785916680,157.71600341796875,157.718994140625,157.6909942626953,157.6999969482422
1785916740,157.6999969482422,157.7169952392578,157.6999969482422,157.71099853515625
1785916800,157.71299743652344,157.7239990234375,157.69900512695312,157.70899963378906
1785916860,157.71600341796875,157.73199462890625,157.7030029296875,157.7239990234375
1785916920,157.7239990234375,157.73399353027344,157.71400451660156,157.7209930419922
1785916980,157.7220001220703,157.75,157.72000122070312,157.7429962158203
1785917040,157.74200439453125,157.77699279785156,157.74200439453125,157.76699829101562
1785917100,157.76100158691406,157.77699279785156,157.7570037841797,157.7760009765625
1785917160,157.76800537109375,157.7760009765625,157.74400329589844,157.7550048828125
1785917220,157.7480010986328,157.76300048828125,157.7429962158203,157.74899291992188
1785917280,157.7519989013672,157.76199340820312,157.74400329589844,157.7519989013672
1785917340,157.7519989013672,157.76100158691406,157.74400329589844,157.75399780273438
1785917400,157.7530059814453,157.7570037841797,157.7169952392578,157.73399353027344
1785917460,157.72799682617188,157.75599670410156,157.72500610351562,157.74600219726562
1785917520,157.75399780273438,157.75900268554688,157.7449951171875,157.74899291992188
1785917580,157.74899291992188,157.75799560546875,157.74600219726562,157.74899291992188
1785917640,157.7480010986328,157.79200744628906,157.7449951171875,157.79200744628906
1785917700,157.7830047607422,157.79200744628906,157.77000427246094,157.78500366210938
1785917760,157.78199768066406,157.78799438476562,157.75599670410156,157.76199340820312
1785917820,157.76300048828125,157.77200317382812,157.7469940185547,157.75999450683594
1785917880,157.76300048828125,157.7760009765625,157.7570037841797,157.7760009765625
1785917940,157.7689971923828,157.7760009765625,157.75799560546875,157.75799560546875
1785918000,157.76699829101562,157.76699829101562,157.73199462890625,157.75
1785918060,157.7530059814453,157.76499938964844,157.74200439453125,157.7550048828125
1785918120,157.7519989013672,157.76499938964844,157.72799682617188,157.74899291992188
1785918180,157.74899291992188,157.76499938964844,157.7449951171875,157.75399780273438
1785918240,157.7530059814453,157.7760009765625,157.73599243164062,157.75999450683594
1785918300,157.76800537109375,157.7760009765625,157.75900268554688,157.76300048828125
1785918360,157.76199340820312,157.7740020751953,157.7480010986328,157.76300048828125
1785918420,157.75799560546875,157.76400756835938,157.73599243164062,157.7570037841797
1785918480,157.7570037841797,157.7899932861328,157.7550048828125,157.7779998779297
1785918540,157.7760009765625,157.7949981689453,157.76699829101562,157.76699829101562
1785918600,157.77200317382812,157.7830047607422,157.7689971923828,157.77099609375
1785918660,157.77099609375,157.7969970703125,157.7689971923828,157.79100036621094
1785918720,157.78599548339844,157.79400634765625,157.7740020751953,157.78500366210938
1785918780,157.78500366210938,157.83099365234375,157.78199768066406,157.82699584960938
1785918840,157.8260040283203,157.82699584960938,157.80799865722656,157.81100463867188
1785918900,157.81100463867188,157.81900024414062,157.79299926757812,157.80499267578125
1785918960,157.7969970703125,157.8159942626953,157.79299926757812,157.802001953125
1785919020,157.8070068359375,157.8159942626953,157.7969970703125,157.80799865722656
1785919080,157.80799865722656,157.84300231933594,157.80299377441406,157.8350067138672
1785919140,157.83299255371094,157.86099243164062,157.8300018310547,157.85299682617188
1785919200,157.8470001220703,157.85499572753906,157.83099365234375,157.8459930419922
1785919260,157.8459930419922,157.86399841308594,157.84500122070312,157.86399841308594
1785919320,157.86300659179688,157.86399841308594,157.84300231933594,157.8470001220703
1785919380,157.84800720214844,157.85000610351562,157.83200073242188,157.84300231933594
1785919440,157.83900451660156,157.85299682617188,157.83200073242188,157.83900451660156
1785919500,157.83299255371094,157.875,157.83299255371094,157.8470001220703
1785919560,157.8459930419922,157.85699462890625,157.843994140625,157.85400390625
1785919620,157.8459930419922,157.85499572753906,157.83299255371094,157.83399963378906
1785919680,157.8350067138672,157.84800720214844,157.8300018310547,157.83599853515625
1785919740,157.83599853515625,157.86099243164062,157.83599853515625,157.843994140625
1785919800,157.843994140625,157.86199951171875,157.84300231933594,157.84800720214844
1785919860,157.85299682617188,157.85699462890625,157.8209991455078,157.82899475097656
1785919920,157.8249969482422,157.8419952392578,157.82000732421875,157.83399963378906
1785919980,157.83299255371094,157.8520050048828,157.82899475097656,157.82899475097656
1785920040,157.82899475097656,157.85299682617188,157.82899475097656,157.84300231933594
1785920100,157.85000610351562,157.85299682617188,157.822998046875,157.83200073242188
1785920160,157.8260040283203,157.83299255371094,157.80499267578125,157.81300354003906
1785920220,157.80799865722656,157.82000732421875,157.79800415039062,157.80599975585938
1785920280,157.7989959716797,157.8209991455078,157.79800415039062,157.81199645996094
1785920340,157.8179931640625,157.83200073242188,157.8090057373047,157.81399536132812
1785920400,157.81399536132812,157.82200622558594,157.78399658203125,157.78399658203125
1785920460,157.78900146484375,157.822998046875,157.7830047607422,157.81300354003906
1785920520,157.81500244140625,157.8260040283203,157.8070068359375,157.81700134277344
1785920580,157.81700134277344,157.8249969482422,157.80299377441406,157.81100463867188
1785920640,157.8070068359375,157.8159942626953,157.79400634765625,157.7949981689453
1785920700,157.7949981689453,157.83200073242188,157.7949981689453,157.82200622558594
1785920760,157.822998046875,157.86599731445312,157.81500244140625,157.83900451660156
1785920820,157.8419952392578,157.86300659179688,157.82000732421875,157.82000732421875
1785920880,157.82000732421875,157.85000610351562,157.81900024414062,157.843994140625
1785920940,157.8419952392578,157.85499572753906,157.8209991455078,157.8209991455078
1785921000,157.8209991455078,157.84500122070312,157.8209991455078,157.8350067138672
1785921060,157.8350067138672,157.84300231933594,157.822998046875,157.83200073242188
1785921120,157.83900451660156,157.8509979248047,157.8300018310547,157.8459930419922
1785921180,157.84800720214844,157.8520050048828,157.8249969482422,157.8260040283203
1785921240,157.8280029296875,157.83299255371094,157.8179931640625,157.8280029296875
1785921300,157.82200622558594,157.82899475097656,157.80599975585938,157.8070068359375
1785921360,157.8070068359375,157.81199645996094,157.78900146484375,157.7949981689453
1785921420,157.7949981689453,157.80599975585938,157.78199768066406,157.78399658203125
1785921480,157.78399658203125,157.8040008544922,157.7830047607422,157.79200744628906
1785921540,157.78900146484375,157.79400634765625,157.76600646972656,157.76699829101562
1785921600,157.76800537109375,157.78599548339844,157.76800537109375,157.7790069580078
1785921660,157.77200317382812,157.78500366210938,157.77000427246094,157.78399658203125
1785921720,157.7760009765625,157.79200744628906,157.7740020751953,157.7899932861328
1785921780,157.78599548339844,157.79100036621094,157.7449951171875,157.7449951171875
1785921840,157.74899291992188,157.76499938964844,157.72999572753906,157.74899291992188
1785921900,157.7519989013672,157.7729949951172,157.74899291992188,157.77200317382812
1785921960,157.76400756835938,157.77499389648438,157.75799560546875,157.77099609375
1785922020,157.76300048828125,157.7729949951172,157.75799560546875,157.77200317382812
1785922080,157.76600646972656,157.78700256347656,157.76600646972656,157.7779998779297
1785922140,157.7729949951172,157.8070068359375,157.7729949951172,157.80499267578125
1785922200,157.79800415039062,157.8070068359375,157.78500366210938,157.78900146484375
1785922260,157.78500366210938,157.8159942626953,157.78399658203125,157.80499267578125
1785922320,157.81399536132812,157.81399536132812,157.7969970703125,157.80599975585938
1785922380,157.80599975585938,157.81500244140625,157.7740020751953,157.77499389648438
1785922440,157.77499389648438,157.7830047607422,157.76199340820312,157.77000427246094
1785922500,157.7689971923828,157.78199768066406,157.76199340820312,157.7760009765625
1785922560,157.77499389648438,157.78199768066406,157.7480010986328,157.75599670410156
1785922620,157.75900268554688,157.76600646972656,157.7469940185547,157.7469940185547
1785922680,157.7550048828125,157.76100158691406,157.7449951171875,157.75599670410156
1785922740,157.75399780273438,157.77699279785156,157.75100708007812,157.76699829101562
1785922800,157.76699829101562,157.7830047607422,157.76699829101562,157.77499389648438
1785922860,157.77999877929688,157.78399658203125,157.75999450683594,157.76499938964844
1785922920,157.75999450683594,157.76800537109375,157.71499633789062,157.7220001220703
1785922980,157.7220001220703,157.74000549316406,157.72000122070312,157.7209930419922
1785923040,157.72000122070312,157.7310028076172,157.7050018310547,157.7169952392578
1785923100,157.7169952392578,157.72900390625,157.70700073242188,157.71400451660156
1785923160,157.71600341796875,157.7239990234375,157.68699645996094,157.6909942626953
1785923220,157.69200134277344,157.718994140625,157.6909942626953,157.71099853515625
1785923280,157.71099853515625,157.74200439453125,157.70700073242188,157.73300170898438
1785923340,157.73300170898438,157.7469940185547,157.7270050048828,157.73599243164062
1785923400,157.74000549316406,157.7449951171875,157.72500610351562,157.73399353027344
1785923460,157.74000549316406,157.75399780273438,157.73399353027344,157.74400329589844
1785923520,157.7530059814453,157.76199340820312,157.74200439453125,157.7519989013672
1785923580,157.74600219726562,157.76499938964844,157.73899841308594,157.75399780273438
1785923640,157.75399780273438,157.76600646972656,157.74600219726562,157.74600219726562
1785923700,157.74600219726562,157.76199340820312,157.74200439453125,157.75399780273438
1785923760,157.75399780273438,157.76600646972656,157.73399353027344,157.73699951171875
1785923820,157.73699951171875,157.74600219726562,157.7209930419922,157.74200439453125
1785923880,157.73599243164062,157.7480010986328,157.72799682617188,157.73500061035156
1785923940,157.74000549316406,157.76300048828125,157.73399353027344,157.74899291992188
1785924000,157.74600219726562,157.75900268554688,157.73500061035156,157.74899291992188
1785924060,157.75,157.76100158691406,157.7449951171875,157.74899291992188
1785924120,157.7530059814453,157.75900268554688,157.72300720214844,157.7570037841797
1785924180,157.74899291992188,157.79100036621094,157.7480010986328,157.7689971923828
1785924240,157.76600646972656,157.8000030517578,157.76499938964844,157.78799438476562
1785924300,157.78500366210938,157.80299377441406,157.78500366210938,157.78799438476562
1785924360,157.7899932861328,157.79800415039062,157.7790069580078,157.77999877929688
1785924420,157.781005859375,157.79600524902344,157.7779998779297,157.79100036621094
1785924480,157.78799438476562,157.7969970703125,157.76199340820312,157.7729949951172
1785924540,157.77200317382812,157.78199768066406,157.76800537109375,157.77000427246094
1785924600,157.77000427246094,157.7830047607422,157.76499938964844,157.7740020751953
1785924660,157.7740020751953,157.79200744628906,157.76800537109375,157.77999877929688
1785924720,157.78900146484375,157.8070068359375,157.77200317382812,157.79299926757812
1785924780,157.79600524902344,157.81300354003906,157.79299926757812,157.80799865722656
1785924840,157.80299377441406,157.81199645996094,157.78700256347656,157.79400634765625
1785924900,157.79400634765625,157.80599975585938,157.7830047607422,157.78599548339844
1785924960,157.78599548339844,157.802001953125,157.78399658203125,157.78700256347656
1785925020,157.78700256347656,157.80099487304688,157.77200317382812,157.781005859375
1785925080,157.78399658203125,157.80299377441406,157.781005859375,157.79299926757812
1785925140,157.78500366210938,157.79400634765625,157.77699279785156,157.78599548339844
1785925200,157.78399658203125,157.79200744628906,157.7729949951172,157.78199768066406
1785925260,157.781005859375,157.7830047607422,157.77099609375,157.77999877929688
1785925320,157.7729949951172,157.781005859375,157.75799560546875,157.77000427246094
1785925380,157.76100158691406,157.7729949951172,157.75900268554688,157.75999450683594
1785925440,157.76499938964844,157.77699279785156,157.75999450683594,157.75999450683594
1785925500,157.76199340820312,157.76800537109375,157.7449951171875,157.7469940185547
1785925560,157.7469940185547,157.75399780273438,157.72999572753906,157.73800659179688
1785925620,157.73599243164062,157.75799560546875,157.73199462890625,157.75799560546875
1785925680,157.75,157.76300048828125,157.7429962158203,157.75799560546875
1785925740,157.7519989013672,157.76199340820312,157.72900390625,157.7449951171875
1785925800,157.7480010986328,157.77000427246094,157.74000549316406,157.75900268554688
1785925860,157.75900268554688,157.77699279785156,157.75799560546875,157.75900268554688
1785925920,157.76499938964844,157.76699829101562,157.7449951171875,157.7550048828125
1785925980,157.74899291992188,157.75999450683594,157.73899841308594,157.73899841308594
1785926040,157.73899841308594,157.75599670410156,157.73599243164062,157.7469940185547
1785926100,157.7469940185547,157.75599670410156,157.73300170898438,157.73500061035156
1785926160,157.73500061035156,157.7449951171875,157.73399353027344,157.74099731445312
1785926220,157.73699951171875,157.75100708007812,157.73399353027344,157.74200439453125
1785926280,157.73800659179688,157.75100708007812,157.73399353027344,157.74099731445312
1785926340,157.7310028076172,157.74200439453125,157.7220001220703,157.72300720214844
1785926400,157.72300720214844,157.74400329589844,157.7209930419922,157.73800659179688
1785926460,157.73300170898438,157.74600219726562,157.72799682617188,157.74200439453125
1785926520,157.73699951171875,157.7689971923828,157.73500061035156,157.75599670410156
1785926580,157.74899291992188,157.77099609375,157.7480010986328,157.7689971923828
1785926640,157.76699829101562,157.7689971923828,157.7519989013672,157.75799560546875
1785926700,157.75900268554688,157.76300048828125,157.73399353027344,157.7449951171875
1785926760,157.73800659179688,157.75599670410156,157.73399353027344,157.73899841308594
1785926820,157.73399353027344,157.7570037841797,157.73199462890625,157.74899291992188
1785926880,157.74899291992188,157.75999450683594,157.74600219726562,157.74899291992188
1785926940,157.74899291992188,157.75900268554688,157.74600219726562,157.75
1785927000,157.75,157.75100708007812,157.73699951171875,157.73699951171875
1785927060,157.73599243164062,157.75100708007812,157.73500061035156,157.73599243164062
1785927120,157.74000549316406,157.74600219726562,157.73500061035156,157.7429962158203
1785927180,157.73800659179688,157.74400329589844,157.72900390625,157.73399353027344
1785927240,157.73399353027344,157.74200439453125,157.73300170898438,157.74099731445312
1785927300,157.73399353027344,157.74200439453125,157.71099853515625,157.71400451660156
1785927360,157.71299743652344,157.7220001220703,157.68800354003906,157.69900512695312
1785927420,157.7050018310547,157.70899963378906,157.68699645996094,157.6999969482422
1785927480,157.697998046875,157.70799255371094,157.69500732421875,157.697998046875
1785927540,157.697998046875,157.70700073242188,157.69500732421875,157.69700622558594
1785927600,157.69700622558594,157.70399475097656,157.66000366210938,157.66600036621094
1785927660,157.66200256347656,157.69500732421875,157.66200256347656,157.67599487304688
1785927720,157.68099975585938,157.6840057373047,157.6510009765625,157.6580047607422
1785927780,157.6580047607422,157.66700744628906,157.63699340820312,157.6649932861328
1785927840,157.66000366210938,157.67100524902344,157.65499877929688,157.66200256347656
1785927900,157.6699981689453,157.67599487304688,157.656005859375,157.656005859375
1785927960,157.656005859375,157.66799926757812,157.656005859375,157.6649932861328
1785928020,157.66600036621094,157.6909942626953,157.65899658203125,157.66900634765625
1785928080,157.6750030517578,157.6840057373047,157.66099548339844,157.6699981689453
1785928140,157.66299438476562,157.67100524902344,157.6479949951172,157.65699768066406
1785928200,157.65899658203125,157.66200256347656,157.6219940185547,157.62600708007812
1785928260,157.6269989013672,157.63699340820312,157.59800720214844,157.60299682617188
1785928320,157.60299682617188,157.6199951171875,157.58900451660156,157.5970001220703
1785928380,157.60400390625,157.60800170898438,157.57200622558594,157.58099365234375
1785928440,157.57699584960938,157.60299682617188,157.57200622558594,157.58900451660156
1785928500,157.58900451660156,157.60800170898438,157.56900024414062,157.5780029296875
1785928560,157.5800018310547,157.60400390625,157.572998046875,157.5959930419922
1785928620,157.5959930419922,157.60800170898438,157.58299255371094,157.5850067138672
1785928680,157.59300231933594,157.593994140625,157.55799865722656,157.56100463867188
1785928740,157.5679931640625,157.5679931640625,157.51499938964844,157.5260009765625
1785928800,157.5260009765625,157.5449981689453,157.52499389648438,157.5260009765625
1785928860,157.5260009765625,157.5330047607422,157.4770050048828,157.50799560546875
1785928920,157.50799560546875,157.5290069580078,157.48899841308594,157.51499938964844
1785928980,157.51800537109375,157.5570068359375,157.4980010986328,157.55099487304688
1785929040,157.54400634765625,157.5570068359375,157.52999877929688,157.55499267578125
1785929100,157.55599975585938,157.55799865722656,157.5189971923828,157.5240020751953
1785929160,157.5240020751953,157.53799438476562,157.52200317382812,157.5330047607422
1785929220,157.53500366210938,157.53700256347656,157.51199340820312,157.5240020751953
1785929280,157.5290069580078,157.54600524902344,157.4980010986328,157.53399658203125
1785929340,157.54299926757812,157.56100463867188,157.52999877929688,157.55099487304688
1785929400,157.55099487304688,157.5659942626953,157.53900146484375,157.55099487304688
1785929460,157.55099487304688,157.56100463867188,157.53500366210938,157.54600524902344
1785929520,157.54600524902344,157.5570068359375,157.53500366210938,157.54600524902344
1785929580,157.53799438476562,157.5489959716797,157.51400756835938,157.5240020751953
1785929640,157.531005859375,157.55999755859375,157.5240020751953,157.5540008544922
1785929700,157.5489959716797,157.56100463867188,157.5449981689453,157.5500030517578
1785929760,157.552001953125,157.5800018310547,157.54800415039062,157.55299377441406
1785929820,157.54299926757812,157.5570068359375,157.52200317382812,157.54100036621094
1785929880,157.54100036621094,157.55999755859375,157.53700256347656,157.5449981689453
1785929940,157.53799438476562,157.55799865722656,157.53700256347656,157.5570068359375
1785930000,157.5489959716797,157.57000732421875,157.54400634765625,157.56300354003906
1785930060,157.56900024414062,157.5709991455078,157.5500030517578,157.55499267578125
1785930120,157.55099487304688,157.55799865722656,157.53399658203125,157.5469970703125
1785930180,157.5399932861328,157.55299377441406,157.53599548339844,157.552001953125
1785930240,157.54800415039062,157.5570068359375,157.53900146484375,157.54200744628906
1785930300,157.53900146484375,157.5489959716797,157.51499938964844,157.54200744628906
1785930360,157.5489959716797,157.57000732421875,157.54100036621094,157.56700134277344
1785930420,157.56900024414062,157.572998046875,157.552001953125,157.56100463867188
1785930480,157.55999755859375,157.57000732421875,157.5500030517578,157.55999755859375
1785930540,157.5590057373047,157.58200073242188,157.55099487304688,157.58099365234375
1785930600,157.57200622558594,157.60699462890625,157.57200622558594,157.58799743652344
1785930660,157.58799743652344,157.5989990234375,157.57400512695312,157.5749969482422
1785930720,157.5780029296875,157.58599853515625,157.57400512695312,157.58099365234375
1785930780,157.5760040283203,157.58599853515625,157.5659942626953,157.572998046875
1785930840,157.5659942626953,157.59500122070312,157.5659942626953,157.59100341796875
1785930900,157.58999633789062,157.59100341796875,157.56500244140625,157.5760040283203
1785930960,157.5749969482422,157.57699584960938,157.55099487304688,157.55799865722656
1785931020,157.5659942626953,157.58399963378906,157.5489959716797,157.55299377441406
1785931080,157.5540008544922,157.5679931640625,157.55099487304688,157.55799865722656
1785931140,157.5590057373047,157.5679931640625,157.552001953125,157.55999755859375
1785931200,157.552001953125,157.57699584960938,157.552001953125,157.56399536132812
1785931260,157.5679931640625,157.58399963378906,157.5540008544922,157.5540008544922
1785931320,157.5540008544922,157.56199645996094,157.5399932861328,157.54100036621094
1785931380,157.54100036621094,157.5570068359375,157.53700256347656,157.54600524902344
1785931440,157.54200744628906,157.56100463867188,157.5399932861328,157.55299377441406
1785931500,157.55299377441406,157.57400512695312,157.55299377441406,157.5709991455078
1785931560,157.5659942626953,157.5749969482422,157.5590057373047,157.5679931640625
1785931620,157.57200622558594,157.572998046875,157.55099487304688,157.5540008544922
1785931680,157.55799865722656,157.59300231933594,157.5540008544922,157.58900451660156
1785931740,157.58299255371094,157.59500122070312,157.56399536132812,157.59100341796875
1785931800,157.5850067138672,157.6060028076172,157.5780029296875,157.6060028076172
1785931860,157.60499572753906,157.60800170898438,157.57699584960938,157.57699584960938
1785931920,157.57699584960938,157.5970001220703,157.5760040283203,157.5850067138672
1785931980,157.5780029296875,157.58700561523438,157.55799865722656,157.57400512695312
1785932040,157.57000732421875,157.58299255371094,157.54600524902344,157.5469970703125
1785932100,157.55999755859375,157.5749969482422,157.51800537109375,157.54200744628906
1785932160,157.53700256347656,157.56199645996094,157.5330047607422,157.55999755859375
1785932220,157.55499267578125,157.56100463867188,157.51300048828125,157.5229949951172
1785932280,157.52200317382812,157.5290069580078,157.49400329589844,157.50900268554688
1785932340,157.50799560546875,157.52000427246094,157.44700622558594,157.47000122070312
1785932400,157.46800231933594,157.48300170898438,157.41000366210938,157.43299865722656
1785932460,157.44200134277344,157.4600067138672,157.42100524902344,157.447998046875
1785932520,157.45899963378906,157.46499633789062,157.41700744628906,157.43800354003906
1785932580,157.44000244140625,157.46400451660156,157.427001953125,157.43699645996094
1785932640,157.43800354003906,157.46400451660156,157.43699645996094,157.4510040283203
1785932700,157.4510040283203,157.4600067138672,157.43800354003906,157.45199584960938
1785932760,157.45199584960938,157.4759979248047,157.44900512695312,157.46800231933594
1785932820,157.4759979248047,157.49200439453125,157.46299743652344,157.47900390625
1785932880,157.48800659179688,157.50599670410156,157.47900390625,157.49200439453125
1785932940,157.49200439453125,157.50999450683594,157.48800659179688,157.50999450683594
1785933000,157.50100708007812,157.54200744628906,157.48800659179688,157.53399658203125
1785933060,157.53700256347656,157.57200622558594,157.51800537109375,157.5709991455078
1785933120,157.57000732421875,157.57699584960938,157.53900146484375,157.55099487304688
1785933180,157.5540008544922,157.56399536132812,157.54800415039062,157.5570068359375
1785933240,157.552001953125,157.5679931640625,157.52999877929688,157.53399658203125
1785933300,157.531005859375,157.54800415039062,157.51600646972656,157.5260009765625
1785933360,157.5260009765625,157.54299926757812,157.50999450683594,157.51600646972656
1785933420,157.51600646972656,157.5240020751953,157.4759979248047,157.47799682617188
1785933480,157.47799682617188,157.51199340820312,157.4770050048828,157.50900268554688
1785933540,157.5070037841797,157.52999877929688,157.5,157.52099609375
1785933600,157.51499938964844,157.53500366210938,157.51499938964844,157.52499389648438
1785933660,157.5240020751953,157.53500366210938,157.51100158691406,157.5240020751953
1785933720,157.51600646972656,157.56700134277344,157.51499938964844,157.56700134277344
1785933780,157.5659942626953,157.593994140625,157.5540008544922,157.59100341796875
1785933840,157.58900451660156,157.58999633789062,157.56500244140625,157.5780029296875
1785933900,157.5780029296875,157.59800720214844,157.5780029296875,157.58999633789062
1785933960,157.58200073242188,157.5970001220703,157.572998046875,157.58900451660156
1785934020,157.58900451660156,157.6020050048828,157.5760040283203,157.58900451660156
1785934080,157.59300231933594,157.60000610351562,157.58200073242188,157.59100341796875
1785934140,157.58900451660156,157.59100341796875,157.57400512695312,157.5749969482422
1785934200,157.58399963378906,157.58700561523438,157.55299377441406,157.5800018310547
1785934260,157.58700561523438,157.60699462890625,157.57699584960938,157.6009979248047
1785934320,157.60000610351562,157.61000061035156,157.58900451660156,157.58900451660156
1785934380,157.58900451660156,157.59800720214844,157.57699584960938,157.58799743652344
1785934440,157.58799743652344,157.60699462890625,157.58599853515625,157.5989990234375
1785934500,157.59800720214844,157.63600158691406,157.58799743652344,157.62100219726562
1785934560,157.62600708007812,157.6320037841797,157.60400390625,157.61900329589844
1785934620,157.61900329589844,157.6269989013672,157.59800720214844,157.61399841308594
1785934680,157.6179962158203,157.6230010986328,157.6009979248047,157.60699462890625
1785934740,157.61500549316406,157.62899780273438,157.60499572753906,157.62399291992188
1785934800,157.62100219726562,157.63099670410156,157.59300231933594,157.60800170898438
1785934860,157.60800170898438,157.625,157.58399963378906,157.59800720214844
1785934920,157.593994140625,157.61199951171875,157.58700561523438,157.60400390625
1785934980,157.60000610351562,157.6179962158203,157.58900451660156,157.59800720214844
1785935040,157.58999633789062,157.6009979248047,157.5590057373047,157.57200622558594
1785935100,157.56900024414062,157.58799743652344,157.55099487304688,157.55099487304688
1785935160,157.5500030517578,157.5760040283203,157.54299926757812,157.57200622558594
1785935220,157.56900024414062,157.572998046875,157.55299377441406,157.56700134277344
1785935280,157.56300354003906,157.57400512695312,157.5500030517578,157.5540008544922
1785935340,157.5540008544922,157.56300354003906,157.52999877929688,157.53799438476562
1785935400,157.54100036621094,157.56199645996094,157.53700256347656,157.54400634765625
1785935460,157.54400634765625,157.5659942626953,157.54200744628906,157.5590057373047
1785935520,157.5540008544922,157.56399536132812,157.54299926757812,157.552001953125
1785935580,157.55099487304688,157.5679931640625,157.54600524902344,157.5540008544922
1785935640,157.5540008544922,157.5850067138672,157.5540008544922,157.5780029296875
1785935700,157.58099365234375,157.59100341796875,157.57000732421875,157.5709991455078
1785935760,157.5749969482422,157.5800018310547,157.56100463867188,157.5659942626953
1785935820,157.572998046875,157.57699584960938,157.56300354003906,157.57000732421875
1785935880,157.57400512695312,157.57899475097656,157.5290069580078,157.55299377441406
1785935940,157.5540008544922,157.57200622558594,157.54299926757812,157.55999755859375
1785936000,157.55999755859375,157.58900451660156,157.55499267578125,157.5780029296875
1785936060,157.57400512695312,157.58799743652344,157.57000732421875,157.5749969482422
1785936120,157.5749969482422,157.59500122070312,157.572998046875,157.58700561523438
1785936180,157.58700561523438,157.61599731445312,157.58599853515625,157.60899353027344
1785936240,157.61700439453125,157.6490020751953,157.60899353027344,157.61500549316406
1785936300,157.61099243164062,157.62600708007812,157.593994140625,157.60499572753906
1785936360,157.60000610351562,157.61099243164062,157.59300231933594,157.593994140625
1785936420,157.5989990234375,157.61099243164062,157.593994140625,157.5989990234375
1785936480,157.5989990234375,157.60699462890625,157.5449981689453,157.55799865722656
1785936540,157.5500030517578,157.5659942626953,157.53799438476562,157.53900146484375
1785936600,157.5399932861328,157.56199645996094,157.52000427246094,157.55099487304688
1785936660,157.5590057373047,157.57400512695312,157.53900146484375,157.552001953125
1785936720,157.552001953125,157.5709991455078,157.53799438476562,157.5399932861328
1785936780,157.53900146484375,157.54800415039062,157.47500610351562,157.49000549316406
1785936840,157.48899841308594,157.51400756835938,157.48199462890625,157.48599243164062
1785936900,157.49099731445312,157.55799865722656,157.48500061035156,157.54800415039062
1785936960,157.5540008544922,157.5570068359375,157.5260009765625,157.52699279785156
1785937020,157.52999877929688,157.56700134277344,157.52499389648438,157.55499267578125
1785937080,157.56100463867188,157.56399536132812,157.54800415039062,157.55599975585938
1785937140,157.5489959716797,157.56700134277344,157.4199981689453,157.4709930419922
1785937200,157.47900390625,157.5279998779297,157.44400024414062,157.52000427246094
1785937260,157.50999450683594,157.52499389648438,157.48300170898438,157.49899291992188
1785937320,157.4980010986328,157.50900268554688,157.48500061035156,157.49400329589844
1785937380,157.48500061035156,157.5,157.4720001220703,157.47799682617188
1785937440,157.48199462890625,157.48899841308594,157.44700622558594,157.46299743652344
1785937500,157.46299743652344,157.50799560546875,157.46200561523438,157.47000122070312
1785937560,157.4739990234375,157.50399780273438,157.45799255371094,157.48500061035156
1785937620,157.48899841308594,157.51400756835938,157.47999572753906,157.4980010986328
1785937680,157.49899291992188,157.5260009765625,157.48399353027344,157.49899291992188
1785937740,157.49899291992188,157.5279998779297,157.49899291992188,157.51400756835938
1785937800,157.51300048828125,157.56500244140625,157.5030059814453,157.54100036621094
1785937860,157.54100036621094,157.56100463867188,157.5279998779297,157.53599548339844
1785937920,157.53799438476562,157.54800415039062,157.52999877929688,157.53900146484375
1785937980,157.53700256347656,157.54600524902344,157.52699279785156,157.53900146484375
1785938040,157.53900146484375,157.5489959716797,157.51499938964844,157.52200317382812
1785938100,157.52499389648438,157.54299926757812,157.50999450683594,157.51499938964844
1785938160,157.51400756835938,157.54299926757812,157.51100158691406,157.52200317382812
1785938220,157.5290069580078,157.55799865722656,157.5229949951172,157.5469970703125
1785938280,157.5469970703125,157.55599975585938,157.53799438476562,157.5469970703125
1785938340,157.54100036621094,157.5570068359375,157.51800537109375,157.53599548339844
1785938400,157.531005859375,157.54800415039062,157.44400024414062,157.47000122070312
1785938460,157.46099853515625,157.48800659179688,157.447998046875,157.48199462890625
1785938520,157.47799682617188,157.52099609375,157.4770050048828,157.50399780273438
1785938580,157.4980010986328,157.51699829101562,157.4499969482422,157.48399353027344
1785938640,157.4739990234375,157.48899841308594,157.4669952392578,157.47500610351562
1785938700,157.4720001220703,157.48300170898438,157.38499450683594,157.38900756835938
1785938760,157.38900756835938,157.3979949951172,157.36000061035156,157.37399291992188
1785938820,157.37399291992188,157.39199829101562,157.3040008544922,157.33599853515625
1785938880,157.3350067138672,157.3679962158203,157.32400512695312,157.36399841308594
1785938940,157.36300659179688,157.3990020751953,157.3280029296875,157.3939971923828
1785939000,157.39500427246094,157.39500427246094,157.35299682617188,157.36599731445312
1785939060,157.3719940185547,157.42300415039062,157.35800170898438,157.4010009765625
1785939120,157.40699768066406,157.41299438476562,157.38299560546875,157.40199279785156
1785939180,157.4029998779297,157.41400146484375,157.38400268554688,157.3979949951172
1785939240,157.3979949951172,157.41099548339844,157.36599731445312,157.3800048828125
1785939300,157.375,157.38699340820312,157.35699462890625,157.36500549316406
1785939360,157.36599731445312,157.38499450683594,157.35299682617188,157.3820037841797
1785939420,157.375,157.41000366210938,157.3560028076172,157.3939971923828
1785939480,157.39500427246094,157.41000366210938,157.38600158691406,157.3979949951172
1785939540,157.3990020751953,157.43499755859375,157.38800048828125,157.4219970703125
1785939600,157.42599487304688,157.43800354003906,157.39999389648438,157.40499877929688
1785939660,157.4040069580078,157.43699645996094,157.40199279785156,157.42799377441406
1785939720,157.43600463867188,157.4600067138672,157.427001953125,157.43899536132812
1785939780,157.44400024414062,157.4720001220703,157.43800354003906,157.4669952392578
1785939840,157.46200561523438,157.47000122070312,157.43899536132812,157.4600067138672
1785939900,157.45199584960938,157.4739990234375,157.44900512695312,157.4530029296875
1785939960,157.4530029296875,157.4669952392578,157.4290008544922,157.45700073242188
1785940020,157.46499633789062,157.48599243164062,157.44200134277344,157.46200561523438
1785940080,157.46200561523438,157.468994140625,157.44200134277344,157.4499969482422
1785940140,157.44200134277344,157.4720001220703,157.43499755859375,157.46400451660156
1785940200,157.47000122070312,157.48399353027344,157.45899963378906,157.47500610351562
1785940260,157.47500610351562,157.49400329589844,157.47300720214844,157.49200439453125
1785940320,157.4929962158203,157.4929962158203,157.4739990234375,157.47500610351562
1785940380,157.47799682617188,157.48599243164062,157.46299743652344,157.47900390625
1785940440,157.47000122070312,157.5,157.46800231933594,157.49200439453125
1785940500,157.4980010986328,157.5240020751953,157.48800659179688,157.51699829101562
1785940560,157.5229949951172,157.52499389648438,157.50599670410156,157.50599670410156
1785940620,157.50599670410156,157.52999877929688,157.5019989013672,157.52200317382812
1785940680,157.5290069580078,157.5330047607422,157.51400756835938,157.5240020751953
1785940740,157.52200317382812,157.53199768066406,157.51199340820312,157.5260009765625
1785940800,157.52699279785156,157.54100036621094,157.50900268554688,157.5279998779297
1785940860,157.531005859375,157.53599548339844,157.50999450683594,157.5229949951172
1785940920,157.52499389648438,157.531005859375,157.4770050048828,157.49400329589844
1785940980,157.49000549316406,157.49899291992188,157.48599243164062,157.48800659179688
1785941040,157.49400329589844,157.50599670410156,157.48800659179688,157.49400329589844
1785941100,157.48899841308594,157.5240020751953,157.48300170898438,157.51300048828125
1785941160,157.51300048828125,157.54400634765625,157.51300048828125,157.53500366210938
1785941220,157.53500366210938,157.5760040283203,157.5290069580078,157.5469970703125
1785941280,157.5489959716797,157.56199645996094,157.54400634765625,157.55299377441406
1785941340,157.5489959716797,157.55599975585938,157.531005859375,157.54100036621094
1785941400,157.53399658203125,157.552001953125,157.52499389648438,157.5279998779297
1785941460,157.5279998779297,157.55299377441406,157.5279998779297,157.5399932861328
1785941520,157.5489959716797,157.56199645996094,157.53500366210938,157.5500030517578
1785941580,157.5540008544922,157.58999633789062,157.5489959716797,157.58099365234375
1785941640,157.58200073242188,157.58399963378906,157.56300354003906,157.57000732421875
1785941700,157.5760040283203,157.60699462890625,157.56500244140625,157.58900451660156
1785941760,157.58900451660156,157.59300231933594,157.5489959716797,157.5500030517578
1785941820,157.55099487304688,157.5590057373047,157.4980010986328,157.4980010986328
1785941880,157.5030059814453,157.52000427246094,157.48500061035156,157.49099731445312
1785941940,157.48800659179688,157.50599670410156,157.4810028076172,157.49400329589844
1785942000,157.49099731445312,157.51600646972656,157.4550018310547,157.4550018310547
1785942060,157.45599365234375,157.48199462890625,157.43600463867188,157.4429931640625
1785942120,157.43899536132812,157.45399475097656,157.4040069580078,157.41299438476562
1785942180,157.41099548339844,157.46200561523438,157.41000366210938,157.4600067138672
1785942240,157.45399475097656,157.4810028076172,157.44400024414062,157.45599365234375
1785942300,157.45700073242188,157.4669952392578,157.43800354003906,157.44900512695312
1785942360,157.44900512695312,157.48199462890625,157.44500732421875,157.4709930419922
1785942420,157.46600341796875,157.48599243164062,157.46600341796875,157.47300720214844
1785942480,157.4770050048828,157.5030059814453,157.4739990234375,157.4929962158203
1785942540,157.49099731445312,157.5189971923828,157.48800659179688,157.5050048828125
1785942600,157.5050048828125,157.52999877929688,157.5050048828125,157.51699829101562
1785942660,157.51199340820312,157.51800537109375,157.4949951171875,157.50999450683594
1785942720,157.50399780273438,157.53399658203125,157.50100708007812,157.5229949951172
1785942780,157.5229949951172,157.5500030517578,157.51699829101562,157.5489959716797
1785942840,157.54800415039062,157.56199645996094,157.5290069580078,157.5540008544922
1785942900,157.55599975585938,157.59500122070312,157.55299377441406,157.5800018310547
1785942960,157.58200073242188,157.59800720214844,157.56500244140625,157.56900024414062
1785943020,157.57200622558594,157.5850067138672,157.56500244140625,157.57699584960938
1785943080,157.5760040283203,157.58599853515625,157.57200622558594,157.57899475097656
1785943140,157.57400512695312,157.5919952392578,157.56500244140625,157.57200622558594
1785943200,157.56399536132812,157.57899475097656,157.55799865722656,157.56300354003906
1785943260,157.56900024414062,157.57200622558594,157.5489959716797,157.5590057373047
1785943320,157.552001953125,157.56700134277344,157.5489959716797,157.55299377441406
1785943380,157.55299377441406,157.56700134277344,157.5449981689453,157.56399536132812
1785943440,157.56100463867188,157.5850067138672,157.5570068359375,157.58299255371094
1785943500,157.57699584960938,157.5850067138672,157.5709991455078,157.57400512695312
1785943560,157.57400512695312,157.59300231933594,157.57200622558594,157.58999633789062
1785943620,157.58799743652344,157.60299682617188,157.56100463867188,157.56700134277344
1785943680,157.56300354003906,157.572998046875,157.55099487304688,157.55799865722656
1785943740,157.552001953125,157.57000732421875,157.5500030517578,157.56399536132812
1785943800,157.56199645996094,157.58299255371094,157.5570068359375,157.58200073242188
1785943860,157.5760040283203,157.59100341796875,157.56100463867188,157.57200622558594
1785943920,157.56500244140625,157.58299255371094,157.56399536132812,157.57400512695312
1785943980,157.58099365234375,157.5850067138672,157.57200622558594,157.5850067138672
1785944040,157.5780029296875,157.59800720214844,157.5749969482422,157.59100341796875
1785944100,157.59100341796875,157.60699462890625,157.58900451660156,157.5970001220703
1785944160,157.59100341796875,157.5959930419922,157.56300354003906,157.5679931640625
1785944220,157.56399536132812,157.57899475097656,157.56300354003906,157.57400512695312
1785944280,157.57400512695312,157.5780029296875,157.56300354003906,157.56399536132812
1785944340,157.56500244140625,157.58099365234375,157.56500244140625,157.57200622558594
1785944400,157.5709991455078,157.5800018310547,157.53799438476562,157.55099487304688
1785944460,157.5489959716797,157.5679931640625,157.54400634765625,157.56100463867188
1785944520,157.56500244140625,157.57000732421875,157.552001953125,157.56300354003906
1785944580,157.56900024414062,157.5709991455078,157.55499267578125,157.56100463867188
1785944640,157.56199645996094,157.57400512695312,157.55299377441406,157.56700134277344
1785944700,157.57200622558594,157.63099670410156,157.56199645996094,157.61399841308594
1785944760,157.61300659179688,157.62399291992188,157.5959930419922,157.61900329589844
1785944820,157.61599731445312,157.64100646972656,157.61000061035156,157.6219940185547
1785944880,157.61399841308594,157.63099670410156,157.61099243164062,157.61700439453125
1785944940,157.61700439453125,157.6540069580078,157.61000061035156,157.64500427246094
1785945000,157.65199279785156,157.6540069580078,157.625,157.62600708007812
1785945060,157.6280059814453,157.64599609375,157.625,157.63499450683594
1785945120,157.63499450683594,157.6439971923828,157.62399291992188,157.63699340820312
1785945180,157.62899780273438,157.63900756835938,157.6230010986328,157.63400268554688
1785945240,157.6280059814453,157.63600158691406,157.61000061035156,157.61399841308594
1785945300,157.61399841308594,157.63299560546875,157.61399841308594,157.6230010986328
1785945360,157.6230010986328,157.64300537109375,157.6230010986328,157.6300048828125
1785945420,157.6280059814453,157.6540069580078,157.62600708007812,157.64199829101562
1785945480,157.64199829101562,157.656005859375,157.63299560546875,157.6479949951172
1785945540,157.64700317382812,157.66600036621094,157.64199829101562,157.6580047607422
1785945600,157.656005859375,157.677001953125,157.63600158691406,157.64599609375
1785945660,157.64500427246094,157.6510009765625,157.63400268554688,157.64700317382812
1785945720,157.6490020751953,157.6649932861328,157.63699340820312,157.6490020751953
1785945780,157.6490020751953,157.677001953125,157.6490020751953,157.66200256347656
1785945840,157.66200256347656,157.67599487304688,157.656005859375,157.6699981689453
1785945900,157.6750030517578,157.677001953125,157.64999389648438,157.6510009765625
1785945960,157.6490020751953,157.66700744628906,157.6490020751953,157.66000366210938
1785946020,157.6649932861328,157.67599487304688,157.6490020751953,157.65499877929688
1785946080,157.6580047607422,157.6580047607422,157.62399291992188,157.6479949951172
1785946140,157.64500427246094,157.6540069580078,157.6230010986328,157.625
1785946200,157.62600708007812,157.63900756835938,157.60299682617188,157.61700439453125
1785946260,157.61700439453125,157.6320037841797,157.61000061035156,157.6230010986328
1785946320,157.6219940185547,157.6300048828125,157.61399841308594,157.62600708007812
1785946380,157.62100219726562,157.63299560546875,157.6179962158203,157.62899780273438
1785946440,157.6230010986328,157.64100646972656,157.62100219726562,157.63400268554688
1785946500,157.63400268554688,157.6439971923828,157.62600708007812,157.64100646972656
1785946560,157.64199829101562,157.65499877929688,157.63400268554688,157.64199829101562
1785946620,157.63999938964844,157.6540069580078,157.63499450683594,157.64700317382812
1785946680,157.6490020751953,157.656005859375,157.64599609375,157.65199279785156
1785946740,157.64700317382812,157.656005859375,157.63900756835938,157.63900756835938
1785946800,157.63999938964844,157.6479949951172,157.62399291992188,157.63400268554688
1785946860,157.63499450683594,157.64100646972656,157.62399291992188,157.6280059814453
1785946920,157.63499450683594,157.63499450683594,157.60400390625,157.60699462890625
1785946980,157.60800170898438,157.61599731445312,157.59800720214844,157.60800170898438
1785947040,157.60899353027344,157.6300048828125,157.60699462890625,157.6300048828125
1785947100,157.6269989013672,157.63600158691406,157.6199951171875,157.6280059814453
1785947160,157.6300048828125,157.63499450683594,157.62399291992188,157.6280059814453
1785947220,157.6280059814453,157.63499450683594,157.62600708007812,157.6320037841797
1785947280,157.6280059814453,157.64100646972656,157.61700439453125,157.6320037841797
1785947340,157.62899780273438,157.64199829101562,157.61900329589844,157.64100646972656
1785947400,157.63600158691406,157.64700317382812,157.63400268554688,157.64599609375
1785947460,157.63800048828125,157.66000366210938,157.63800048828125,157.6479949951172
1785947520,157.6529998779297,157.65899658203125,157.64599609375,157.64999389648438
1785947580,157.64700317382812,157.66799926757812,157.64700317382812,157.6580047607422
1785947640,157.66400146484375,157.66700744628906,157.656005859375,157.66600036621094
1785947700,157.67300415039062,157.677001953125,157.66799926757812,157.67599487304688
1785947760,157.6739959716797,157.677001953125,157.66400146484375,157.67300415039062
1785947820,157.66600036621094,157.67799377441406,157.6580047607422,157.6750030517578
1785947880,157.6719970703125,157.68499755859375,157.6699981689453,157.68299865722656
1785947940,157.677001953125,157.6840057373047,157.66099548339844,157.6719970703125
1785948000,157.6649932861328,157.6790008544922,157.6649932861328,157.67300415039062
1785948060,157.6790008544922,157.68299865722656,157.67100524902344,157.68299865722656
1785948120,157.6820068359375,157.6909942626953,157.67300415039062,157.67999267578125
1785948180,157.68299865722656,157.6909942626953,157.6790008544922,157.68699645996094
1785948240,157.68800354003906,157.68899536132812,157.6719970703125,157.67999267578125
1785948300,157.6739959716797,157.68299865722656,157.6719970703125,157.6739959716797
1785948360,157.6739959716797,157.69900512695312,157.67300415039062,157.68499755859375
1785948420,157.68899536132812,157.69200134277344,157.6790008544922,157.69000244140625
1785948480,157.68699645996094,157.68899536132812,157.67300415039062,157.67999267578125
1785948540,157.68099975585938,157.68699645996094,157.6739959716797,157.67599487304688
1785948600,157.67599487304688,157.6820068359375,157.6699981689453,157.67599487304688
1785948660,157.6719970703125,157.67999267578125,157.66799926757812,157.67599487304688
1785948720,157.67300415039062,157.69200134277344,157.67100524902344,157.6840057373047
1785948780,157.6840057373047,157.69200134277344,157.67599487304688,157.68899536132812
1785948840,157.68800354003906,157.7239990234375,157.68299865722656,157.71400451660156
1785948900,157.70700073242188,157.7519989013672,157.70700073242188,157.73199462890625
1785948960,157.73800659179688,157.74099731445312,157.7239990234375,157.73500061035156
1785949020,157.73800659179688,157.7429962158203,157.7259979248047,157.7270050048828
1785949080,157.7270050048828,157.7480010986328,157.7259979248047,157.73599243164062
1785949140,157.73599243164062,157.75599670410156,157.73500061035156,157.7449951171875
1785949200,157.73699951171875,157.74600219726562,157.7270050048828,157.72799682617188
1785949260,157.72799682617188,157.73699951171875,157.68699645996094,157.7010040283203
1785949320,157.7010040283203,157.74600219726562,157.6999969482422,157.73800659179688
1785949380,157.73800659179688,157.75399780273438,157.73599243164062,157.75
1785949440,157.7449951171875,157.75399780273438,157.7429962158203,157.74600219726562
1785949500,157.7480010986328,157.75599670410156,157.74400329589844,157.7449951171875
1785949560,157.74600219726562,157.75900268554688,157.74400329589844,157.7519989013672
1785949620,157.75799560546875,157.75799560546875,157.75,157.75
1785949680,157.7530059814453,157.781005859375,157.7519989013672,157.77000427246094
1785949740,157.7740020751953,157.78399658203125,157.7689971923828,157.77999877929688
1785949800,157.781005859375,157.78199768066406,157.77000427246094,157.7740020751953
1785949860,157.7790069580078,157.8000030517578,157.77099609375,157.7740020751953
1785949920,157.7790069580078,157.78599548339844,157.76199340820312,157.781005859375
1785949980,157.7779998779297,157.78500366210938,157.75999450683594,157.76800537109375
1785950040,157.76499938964844,157.7729949951172,157.75799560546875,157.75900268554688
1785950100,157.75900268554688,157.76699829101562,157.74400329589844,157.75900268554688
1785950160,157.7570037841797,157.76499938964844,157.7530059814453,157.76300048828125
1785950220,157.76400756835938,157.76499938964844,157.7480010986328,157.75900268554688
1785950280,157.75999450683594,157.75999450683594,157.73599243164062,157.74899291992188
1785950340,157.7480010986328,157.75799560546875,157.74099731445312,157.7530059814453
1785950400,157.7530059814453,157.76699829101562,157.75,157.76199340820312
1785950460,157.76199340820312,157.77200317382812,157.75999450683594,157.76499938964844
1785950520,157.76199340820312,157.77699279785156,157.76100158691406,157.77000427246094
1785950580,157.77000427246094,157.78500366210938,157.76100158691406,157.76499938964844
1785950640,157.76300048828125,157.77200317382812,157.75100708007812,157.76300048828125
1785950700,157.75599670410156,157.76800537109375,157.7519989013672,157.7530059814453
1785950760,157.7530059814453,157.76300048828125,157.74200439453125,157.7469940185547
1785950820,157.7480010986328,157.7480010986328,157.71200561523438,157.71800231933594
1785950880,157.718994140625,157.718994140625,157.70199584960938,157.70199584960938
1785950940,157.70399475097656,157.71800231933594,157.70199584960938,157.70799255371094
1785951000,157.71400451660156,157.72900390625,157.70799255371094,157.72000122070312
1785951060,157.7259979248047,157.73800659179688,157.71600341796875,157.7259979248047
1785951120,157.7259979248047,157.73300170898438,157.70799255371094,157.70799255371094
1785951180,157.70799255371094,157.71499633789062,157.70199584960938,157.70599365234375
1785951240,157.70599365234375,157.71200561523438,157.6909942626953,157.697998046875
1785951300,157.69400024414062,157.7030029296875,157.6820068359375,157.6840057373047
1785951360,157.6820068359375,157.7010040283203,157.6719970703125,157.6909942626953
1785951420,157.697998046875,157.6999969482422,157.68699645996094,157.6999969482422
1785951480,157.69400024414062,157.70399475097656,157.6929931640625,157.69700622558594
1785951540,157.69700622558594,157.70199584960938,157.68800354003906,157.6959991455078
1785951600,157.6929931640625,157.7010040283203,157.67999267578125,157.6909942626953
1785951660,157.69900512695312,157.718994140625,157.6909942626953,157.71400451660156
1785951720,157.70899963378906,157.7220001220703,157.69400024414062,157.7010040283203
1785951780,157.6959991455078,157.70599365234375,157.6959991455078,157.69900512695312
1785951840,157.69900512695312,157.7050018310547,157.6790008544922,157.68499755859375
1785951900,157.68499755859375,157.6909942626953,157.6699981689453,157.67599487304688
1785951960,157.677001953125,157.68800354003906,157.6510009765625,157.67599487304688
1785952020,157.6750030517578,157.68499755859375,157.66799926757812,157.6840057373047
1785952080,157.67999267578125,157.697998046875,157.6750030517578,157.67599487304688
1785952140,157.6750030517578,157.6929931640625,157.6739959716797,157.68600463867188
1785952200,157.68800354003906,157.71400451660156,157.68499755859375,157.7100067138672
1785952260,157.70799255371094,157.71200561523438,157.6929931640625,157.6959991455078
1785952320,157.6959991455078,157.6999969482422,157.677001953125,157.68099975585938
1785952380,157.68099975585938,157.68899536132812,157.67100524902344,157.67300415039062
1785952440,157.6739959716797,157.68699645996094,157.66900634765625,157.6750030517578
1785952500,157.6750030517578,157.68899536132812,157.6750030517578,157.68800354003906
1785952560,157.6820068359375,157.68499755859375,157.6540069580078,157.66299438476562
1785952620,157.66799926757812,157.66900634765625,157.6529998779297,157.65899658203125
1785952680,157.66600036621094,157.68499755859375,157.65899658203125,157.67799377441406
1785952740,157.67799377441406,157.68800354003906,157.6699981689453,157.67999267578125
1785952800,157.67999267578125,157.70899963378906,157.67999267578125,157.7010040283203
1785952860,157.7050018310547,157.70599365234375,157.67100524902344,157.67799377441406
1785952920,157.67300415039062,157.67999267578125,157.65899658203125,157.6719970703125
1785952980,157.6719970703125,157.68099975585938,157.65899658203125,157.66799926757812
1785953040,157.66200256347656,157.66900634765625,157.65199279785156,157.656005859375
1785953100,157.6540069580078,157.66099548339844,157.63699340820312,157.6529998779297
1785953160,157.6479949951172,157.6529998779297,157.6300048828125,157.63800048828125
1785953220,157.63499450683594,157.65899658203125,157.63499450683594,157.65499877929688
1785953280,157.65499877929688,157.66400146484375,157.63999938964844,157.6490020751953
1785953340,157.65199279785156,157.6649932861328,157.6439971923828,157.65499877929688
1785953400,157.6510009765625,157.66400146484375,157.64700317382812,157.65499877929688
1785953460,157.656005859375,157.65699768066406,157.6320037841797,157.63600158691406
1785953520,157.63600158691406,157.6479949951172,157.63499450683594,157.63999938964844
1785953580,157.63800048828125,157.65899658203125,157.63600158691406,157.6479949951172
1785953640,157.65199279785156,157.6750030517578,157.64500427246094,157.66799926757812
1785953700,157.6699981689453,157.68499755859375,157.66799926757812,157.68299865722656
1785953760,157.68099975585938,157.68800354003906,157.6699981689453,157.68600463867188
1785953820,157.67799377441406,157.7030029296875,157.67300415039062,157.68600463867188
1785953880,157.697998046875,157.69900512695312,157.6820068359375,157.68600463867188
1785953940,157.68600463867188,157.69400024414062,157.6820068359375,157.6840057373047
1785954000,157.6840057373047,157.69200134277344,157.6739959716797,157.6820068359375
1785954060,157.67999267578125,157.68600463867188,157.67300415039062,157.6739959716797
1785954120,157.67799377441406,157.68499755859375,157.6719970703125,157.6739959716797
1785954180,157.67300415039062,157.67799377441406,157.66000366210938,157.66600036621094
1785954240,157.66400146484375,157.6750030517578,157.6490020751953,157.656005859375
1785954300,157.6540069580078,157.6649932861328,157.63600158691406,157.656005859375
1785954360,157.6540069580078,157.66200256347656,157.6479949951172,157.6529998779297
1785954420,157.64999389648438,157.6580047607422,157.6219940185547,157.62600708007812
1785954480,157.6280059814453,157.63600158691406,157.6219940185547,157.6219940185547
1785954540,157.6230010986328,157.63900756835938,157.61399841308594,157.62399291992188
1785954600,157.6280059814453,157.6490020751953,157.62100219726562,157.64700317382812
1785954660,157.64199829101562,157.66000366210938,157.63800048828125,157.66000366210938
1785954720,157.65899658203125,157.66900634765625,157.6490020751953,157.66700744628906
1785954780,157.66400146484375,157.6790008544922,157.66000366210938,157.677001953125
1785954840,157.6790008544922,157.6840057373047,157.66200256347656,157.66799926757812
1785954900,157.66099548339844,157.677001953125,157.66099548339844,157.66400146484375
1785954960,157.6719970703125,157.677001953125,157.66200256347656,157.67100524902344
1785955020,157.6719970703125,157.677001953125,157.6479949951172,157.64999389648438
1785955080,157.65499877929688,157.66000366210938,157.6490020751953,157.65499877929688
1785955140,157.65199279785156,157.66000366210938,157.64599609375,157.6529998779297
1785955200,157.6529998779297,157.66299438476562,157.64999389648438,157.6540069580078
1785955260,157.6529998779297,157.6739959716797,157.6529998779297,157.66900634765625
1785955320,157.66299438476562,157.6719970703125,157.66200256347656,157.67100524902344
1785955380,157.6699981689453,157.6820068359375,157.66200256347656,157.6719970703125
1785955440,157.6750030517578,157.68800354003906,157.67100524902344,157.6840057373047
1785955500,157.68299865722656,157.69400024414062,157.67100524902344,157.67999267578125
1785955560,157.677001953125,157.68099975585938,157.67100524902344,157.67300415039062
1785955620,157.67300415039062,157.68600463867188,157.67100524902344,157.68499755859375
1785955680,157.677001953125,157.68600463867188,157.66400146484375,157.67100524902344
1785955740,157.6739959716797,157.67799377441406,157.6649932861328,157.66799926757812
1785955800,157.66600036621094,157.677001953125,157.66099548339844,157.66700744628906
1785955860,157.66299438476562,157.6719970703125,157.656005859375,157.6699981689453
1785955920,157.6649932861328,157.6719970703125,157.66000366210938,157.66200256347656
1785955980,157.6649932861328,157.66799926757812,157.6580047607422,157.66700744628906
1785956040,157.66299438476562,157.66600036621094,157.6490020751953,157.6529998779297
1785956100,157.65499877929688,157.6580047607422,157.63600158691406,157.64300537109375
1785956160,157.64500427246094,157.66799926757812,157.63800048828125,157.66099548339844
1785956220,157.66299438476562,157.66600036621094,157.64100646972656,157.64199829101562
1785956280,157.6479949951172,157.66700744628906,157.64199829101562,157.66000366210938
1785956340,157.6540069580078,157.6739959716797,157.6540069580078,157.66700744628906
1785956400,157.66900634765625,157.68600463867188,157.6580047607422,157.6580047607422
1785956460,157.6529998779297,157.6649932861328,157.64500427246094,157.65199279785156
1785956520,157.65499877929688,157.6649932861328,157.6510009765625,157.6529998779297
1785956580,157.65899658203125,157.66700744628906,157.65199279785156,157.6649932861328
1785956640,157.66299438476562,157.67300415039062,157.66200256347656,157.66400146484375
1785956700,157.6719970703125,157.68600463867188,157.66400146484375,157.67999267578125
1785956760,157.67999267578125,157.6959991455078,157.67799377441406,157.6909942626953
1785956820,157.68899536132812,157.6959991455078,157.6750030517578,157.677001953125
1785956880,157.6750030517578,157.69900512695312,157.6750030517578,157.6959991455078
1785956940,157.6929931640625,157.70700073242188,157.68800354003906,157.69400024414062
1785957000,157.69400024414062,157.72799682617188,157.69400024414062,157.71800231933594
1785957060,157.72000122070312,157.72799682617188,157.7030029296875,157.71200561523438
1785957120,157.71099853515625,157.71200561523438,157.69000244140625,157.6909942626953
1785957180,157.6909942626953,157.7100067138672,157.69000244140625,157.70899963378906
1785957240,157.70700073242188,157.7100067138672,157.69900512695312,157.6999969482422
1785957300,157.6999969482422,157.7209930419922,157.69900512695312,157.71800231933594
1785957360,157.7169952392578,157.7209930419922,157.7030029296875,157.71099853515625
1785957420,157.71099853515625,157.7209930419922,157.70700073242188,157.70799255371094
1785957480,157.71200561523438,157.7239990234375,157.70700073242188,157.71400451660156
1785957540,157.71400451660156,157.74200439453125,157.71400451660156,157.73199462890625
1785957600,157.72799682617188,157.74000549316406,157.7270050048828,157.73599243164062
1785957660,157.73199462890625,157.7469940185547,157.72500610351562,157.73899841308594
1785957720,157.73899841308594,157.74899291992188,157.73599243164062,157.73800659179688
1785957780,157.74200439453125,157.7469940185547,157.73500061035156,157.7429962158203
1785957840,157.74400329589844,157.74600219726562,157.7259979248047,157.73199462890625
1785957900,157.72799682617188,157.73599243164062,157.7169952392578,157.7310028076172
1785957960,157.7259979248047,157.73199462890625,157.718994140625,157.7239990234375
1785958020,157.72000122070312,157.73500061035156,157.71800231933594,157.73399353027344
1785958080,157.72799682617188,157.74400329589844,157.72799682617188,157.73500061035156
1785958140,157.7429962158203,157.7469940185547,157.73399353027344,157.73699951171875
1785958200,157.74000549316406,157.74400329589844,157.7259979248047,157.74200439453125
1785958260,157.73399353027344,157.74099731445312,157.72900390625,157.73199462890625
1785958320,157.72999572753906,157.73599243164062,157.70599365234375,157.70799255371094
1785958380,157.70899963378906,157.7220001220703,157.7030029296875,157.7050018310547
1785958440,157.7100067138672,157.72000122070312,157.7030029296875,157.70399475097656
1785958500,157.70399475097656,157.71400451660156,157.70399475097656,157.70399475097656
1785958560,157.70399475097656,157.71099853515625,157.67799377441406,157.68699645996094
1785958620,157.68600463867188,157.70899963378906,157.68499755859375,157.7050018310547
1785958680,157.7050018310547,157.7100067138672,157.6909942626953,157.697998046875
1785958740,157.6929931640625,157.7100067138672,157.6929931640625,157.70899963378906
1785958800,157.70799255371094,157.71299743652344,157.6909942626953,157.69400024414062
1785958860,157.69500732421875,157.697998046875,157.6719970703125,157.68699645996094
1785958920,157.6790008544922,157.70599365234375,157.67799377441406,157.69700622558594
1785958980,157.6999969482422,157.71099853515625,157.69500732421875,157.7100067138672
1785959040,157.70399475097656,157.71200561523438,157.69900512695312,157.70599365234375
1785959100,157.70399475097656,157.71099853515625,157.69700622558594,157.69900512695312
1785959160,157.70199584960938,157.71099853515625,157.69400024414062,157.70399475097656
1785959220,157.7010040283203,157.7239990234375,157.7010040283203,157.71800231933594
1785959280,157.7169952392578,157.73199462890625,157.71499633789062,157.7310028076172
1785959340,157.72500610351562,157.73300170898438,157.72000122070312,157.7310028076172
1785959400,157.72300720214844,157.74600219726562,157.72300720214844,157.74200439453125
1785959460,157.74200439453125,157.74600219726562,157.72000122070312,157.7239990234375
1785959520,157.7239990234375,157.73699951171875,157.72000122070312,157.73199462890625
1785959580,157.73199462890625,157.73899841308594,157.72799682617188,157.72900390625
1785959640,157.72999572753906,157.73599243164062,157.7239990234375,157.7259979248047
1785959700,157.73199462890625,157.73199462890625,157.70700073242188,157.70799255371094
1785959760,157.70799255371094,157.7220001220703,157.70599365234375,157.72000122070312
1785959820,157.7209930419922,157.7259979248047,157.71299743652344,157.72500610351562
1785959880,157.718994140625,157.7270050048828,157.71800231933594,157.7220001220703
1785959940,157.7209930419922,157.7259979248047,157.71600341796875,157.7169952392578
1785960000,157.7169952392578,157.7220001220703,157.6929931640625,157.697998046875
1785960060,157.6929931640625,157.7010040283203,157.68600463867188,157.6959991455078
1785960120,157.68800354003906,157.71099853515625,157.68800354003906,157.70399475097656
1785960180,157.70599365234375,157.71099853515625,157.70399475097656,157.70599365234375
1785960240,157.70599365234375,157.71299743652344,157.6999969482422,157.7100067138672
1785960300,157.70700073242188,157.71299743652344,157.7010040283203,157.70599365234375
1785960360,157.71099853515625,157.71299743652344,157.70399475097656,157.7050018310547
1785960420,157.70599365234375,157.72500610351562,157.7030029296875,157.7220001220703
1785960480,157.718994140625,157.72500610351562,157.71400451660156,157.72000122070312
1785960540,157.7239990234375,157.72500610351562,157.71099853515625,157.7220001220703
1785960600,157.71499633789062,157.7480010986328,157.71499633789062,157.73699951171875
1785960660,157.73500061035156,157.76199340820312,157.72999572753906,157.76199340820312
1785960720,157.7550048828125,157.76100158691406,157.73899841308594,157.7570037841797
1785960780,157.75599670410156,157.76400756835938,157.75399780273438,157.75999450683594
1785960840,157.76499938964844,157.7729949951172,157.76100158691406,157.77099609375
1785960900,157.76600646972656,157.78700256347656,157.76400756835938,157.78599548339844
1785960960,157.78199768066406,157.78599548339844,157.77499389648438,157.7830047607422
1785961020,157.7790069580078,157.7969970703125,157.77000427246094,157.78700256347656
1785961080,157.78599548339844,157.81399536132812,157.7830047607422,157.79400634765625
1785961140,157.7899932861328,157.8070068359375,157.7899932861328,157.79800415039062
1785961200,157.7899932861328,157.80799865722656,157.7899932861328,157.8070068359375
1785961260,157.80499267578125,157.81199645996094,157.79800415039062,157.80099487304688
1785961320,157.80099487304688,157.81300354003906,157.80099487304688,157.8090057373047
1785961380,157.80299377441406,157.81199645996094,157.79200744628906,157.8000030517578
1785961440,157.79299926757812,157.81199645996094,157.79200744628906,157.80799865722656
1785961500,157.8070068359375,157.80999755859375,157.7989959716797,157.80299377441406
1785961560,157.7989959716797,157.80799865722656,157.79800415039062,157.802001953125
1785961620,157.8000030517578,157.80299377441406,157.78500366210938,157.79100036621094
1785961680,157.78900146484375,157.79299926757812,157.7790069580078,157.7830047607422
1785961740,157.78199768066406,157.7969970703125,157.77000427246094,157.79600524902344
1785961800,157.79299926757812,157.80599975585938,157.78599548339844,157.78799438476562
1785961860,157.78799438476562,157.79200744628906,157.7729949951172,157.7740020751953
1785961920,157.77200317382812,157.781005859375,157.76400756835938,157.7729949951172
1785961980,157.76699829101562,157.77499389648438,157.75599670410156,157.76400756835938
1785962040,157.75900268554688,157.77000427246094,157.7570037841797,157.75900268554688
1785962100,157.76600646972656,157.77099609375,157.7570037841797,157.76199340820312
1785962160,157.76600646972656,157.77099609375,157.74600219726562,157.75
1785962220,157.75,157.75999450683594,157.7429962158203,157.75999450683594
1785962280,157.75900268554688,157.76300048828125,157.75,157.76100158691406
1785962340,157.75799560546875,157.77200317382812,157.75100708007812,157.77200317382812
1785962400,157.76800537109375,157.7760009765625,157.76199340820312,157.76199340820312
1785962460,157.76199340820312,157.7729949951172,157.7530059814453,157.75799560546875
1785962520,157.75900268554688,157.77200317382812,157.75799560546875,157.76499938964844
1785962580,157.76400756835938,157.77200317382812,157.7570037841797,157.76199340820312
1785962640,157.7689971923828,157.77099609375,157.75799560546875,157.76199340820312
1785962700,157.75999450683594,157.77200317382812,157.7519989013672,157.76400756835938
1785962760,157.76100158691406,157.77099609375,157.7519989013672,157.75799560546875
1785962820,157.75799560546875,157.77099609375,157.7550048828125,157.76600646972656
1785962880,157.75900268554688,157.7729949951172,157.7530059814453,157.7550048828125
1785962940,157.7530059814453,157.76699829101562,157.74899291992188,157.7530059814453
1785963000,157.7530059814453,157.76800537109375,157.75,157.7550048828125
1785963060,157.7550048828125,157.76499938964844,157.74400329589844,157.74899291992188
1785963120,157.7469940185547,157.75999450683594,157.73899841308594,157.74600219726562
1785963180,157.74600219726562,157.76300048828125,157.74600219726562,157.75900268554688
1785963240,157.74600219726562,157.76199340820312,157.74600219726562,157.7519989013672
1785963300,157.7480010986328,157.77499389648438,157.74099731445312,157.76699829101562
1785963360,157.76699829101562,157.7740020751953,157.7550048828125,157.76699829101562
1785963420,157.75599670410156,157.7740020751953,157.74899291992188,157.7519989013672
1785963480,157.75,157.7740020751953,157.75,157.7519989013672
1785963540,157.75399780273438,157.77200317382812,157.7220001220703,157.7270050048828
1785963600,157.72799682617188,157.72999572753906,157.6750030517578,157.71299743652344
1785963660,157.71600341796875,157.71600341796875,157.71499633789062,157.71499633789062
1785963720,157.7169952392578,157.7169952392578,157.71099853515625,157.71099853515625
1785963780,157.71499633789062,157.71499633789062,157.71499633789062,157.71499633789062
1785963840,157.71600341796875,157.7169952392578,157.71400451660156,157.71499633789062
1785963900,157.71400451660156,157.72000122070312,157.65899658203125,157.6820068359375
1785963960,157.6820068359375,157.71499633789062,157.66299438476562,157.7100067138672
1785964020,157.68099975585938,157.70799255371094,157.6649932861328,157.67999267578125
1785964080,157.70700073242188,157.7100067138672,157.6790008544922,157.7100067138672
1785964140,157.6790008544922,157.7100067138672,157.6790008544922,157.6790008544922
1785964200,157.6790008544922,157.7100067138672,157.66900634765625,157.69500732421875
1785964260,157.6959991455078,157.71200561523438,157.69200134277344,157.6929931640625
1785964320,157.71299743652344,157.71299743652344,157.66799926757812,157.69500732421875
1785964380,157.70799255371094,157.70799255371094,157.68800354003906,157.7030029296875
1785964440,157.70799255371094,157.70899963378906,157.68600463867188,157.6999969482422
1785964500,157.68099975585938,157.71499633789062,157.677001953125,157.70799255371094
1785964560,157.7100067138672,157.718994140625,157.677001953125,157.71600341796875
1785964620,157.6999969482422,157.72500610351562,157.6750030517578,157.69200134277344
1785964680,157.71400451660156,157.72300720214844,157.67599487304688,157.72300720214844
1785964740,157.69000244140625,157.72300720214844,157.67599487304688,157.7050018310547
1785964800,157.69500732421875,157.7259979248047,157.67599487304688,157.72300720214844
1785964860,157.69400024414062,157.7239990234375,157.6750030517578,157.6750030517578
1785964920,157.71800231933594,157.72300720214844,157.68800354003906,157.69500732421875
1785964980,157.72000122070312,157.7209930419922,157.6750030517578,157.6959991455078
1785965040,157.677001953125,157.72500610351562,157.6750030517578,157.72000122070312
1785965100,157.72000122070312,157.7220001220703,157.6750030517578,157.72000122070312
1785965160,157.7220001220703,157.72300720214844,157.677001953125,157.7050018310547
1785965220,157.7050018310547,157.71800231933594,157.677001953125,157.70399475097656
1785965280,157.7050018310547,157.72500610351562,157.69200134277344,157.70700073242188
1785965340,157.70599365234375,157.72500610351562,157.69400024414062,157.69900512695312
1785965400,157.718994140625,157.72500610351562,157.6649932861328,157.69700622558594
1785965460,157.69700622558594,157.7220001220703,157.6739959716797,157.697998046875
1785965520,157.7239990234375,157.7239990234375,157.6699981689453,157.6999969482422
1785965580,157.69700622558594,157.72500610351562,157.67100524902344,157.70599365234375
1785965640,157.6999969482422,157.7209930419922,157.67300415039062,157.6929931640625
1785965700,157.68899536132812,157.7220001220703,157.6719970703125,157.70399475097656
1785965760,157.71400451660156,157.72000122070312,157.6719970703125,157.67300415039062
1785965820,157.69000244140625,157.72000122070312,157.66900634765625,157.68499755859375
1785965880,157.7100067138672,157.71600341796875,157.66900634765625,157.71200561523438
1785965940,157.67599487304688,157.71400451660156,157.66900634765625,157.67300415039062
1785966000,157.70700073242188,157.71200561523438,157.66900634765625,157.70700073242188
1785966060,157.68899536132812,157.71099853515625,157.66700744628906,157.6840057373047
1785966120,157.6840057373047,157.7100067138672,157.66700744628906,157.7050018310547
1785966180,157.6840057373047,157.70899963378906,157.66799926757812,157.68499755859375
1785966240,157.68499755859375,157.7100067138672,157.66900634765625,157.68600463867188
1785966300,157.69200134277344,157.71600341796875,157.6699981689453,157.68899536132812
1785966360,157.70399475097656,157.71600341796875,157.6739959716797,157.71099853515625
1785966420,157.67300415039062,157.7220001220703,157.67300415039062,157.68800354003906
1785966480,157.6999969482422,157.7169952392578,157.66799926757812,157.68899536132812
1785966540,157.68899536132812,157.7169952392578,157.66799926757812,157.69200134277344
1785966600,157.70799255371094,157.7169952392578,157.66600036621094,157.70700073242188
1785966660,157.69000244140625,157.71600341796875,157.6699981689453,157.70799255371094
1785966720,157.70700073242188,157.71600341796875,157.66799926757812,157.70700073242188
1785966780,157.70700073242188,157.71400451660156,157.63699340820312,157.6929931640625
1785966840,157.67799377441406,157.7010040283203,157.6219940185547,157.69000244140625
1785966900,157.6790008544922,157.68800354003906,157.63099670410156,157.64599609375
1785966960,157.64700317382812,157.68099975585938,157.63999938964844,157.6490020751953
1785967020,157.66000366210938,157.68899536132812,157.64199829101562,157.6490020751953
1785967080,157.68899536132812,157.68899536132812,157.61599731445312,157.66900634765625
1785967140,157.66900634765625,157.6909942626953,157.65899658203125,157.66900634765625
