time,open,high,low,close
1786316400,0.8566100001335144,0.8566300272941589,0.8565800189971924,0.8565899729728699
1786316460,0.8566100001335144,0.8566200137138367,0.8565800189971924,0.8565999865531921
1786316520,0.8565999865531921,0.8566300272941589,0.8565899729728699,0.8565999865531921
1786316580,0.8566200137138367,0.8566499948501587,0.8565999865531921,0.8566499948501587
1786316640,0.8566100001335144,0.8566499948501587,0.8565899729728699,0.8565999865531921
1786316700,0.8565899729728699,0.8566300272941589,0.8565700054168701,0.8565999865531921
1786316760,0.8565800189971924,0.8566499948501587,0.8565800189971924,0.8565899729728699
1786316820,0.8565899729728699,0.8566399812698364,0.8565599918365479,0.8565800189971924
1786316880,0.8565899729728699,0.8566300272941589,0.8565800189971924,0.8566300272941589
1786316940,0.8565999865531921,0.8566499948501587,0.8565899729728699,0.8566100001335144
1786317000,0.8566200137138367,0.8566499948501587,0.8565899729728699,0.8566200137138367
1786317060,0.8566100001335144,0.8566499948501587,0.8565999865531921,0.8566200137138367
1786317120,0.8565999865531921,0.8566499948501587,0.8565899729728699,0.8565999865531921
1786317180,0.8565899729728699,0.8566200137138367,0.8565700054168701,0.8565999865531921
1786317240,0.8565800189971924,0.8565999865531921,0.8565499782562256,0.8565700054168701
1786317300,0.8565899729728699,0.8565999865531921,0.8565499782562256,0.8565800189971924
1786317360,0.8565999865531921,0.8565999865531921,0.8565599918365479,0.8565999865531921
1786317420,0.8565999865531921,0.8565999865531921,0.8565499782562256,0.8565599918365479
1786317480,0.8565599918365479,0.8565999865531921,0.8565499782562256,0.8565700054168701
1786317540,0.8565999865531921,0.8565999865531921,0.8565599918365479,0.8565700054168701
1786317600,0.8565800189971924,0.8565999865531921,0.8565599918365479,0.8565800189971924
1786317660,0.8565700054168701,0.8565999865531921,0.8565499782562256,0.8565499782562256
1786317720,0.8565400242805481,0.8565999865531921,0.8565400242805481,0.8565999865531921
1786317780,0.8565400242805481,0.8565999865531921,0.8565400242805481,0.8565800189971924
1786317840,0.8565899729728699,0.8565999865531921,0.8565400242805481,0.8565599918365479
1786317900,0.8565599918365479,0.8565999865531921,0.8565499782562256,0.8565599918365479
1786317960,0.8565599918365479,0.8565999865531921,0.8565499782562256,0.8565700054168701
1786318020,0.8565700054168701,0.8566100001335144,0.8565599918365479,0.8565800189971924
1786318080,0.8565800189971924,0.8565999865531921,0.8565700054168701,0.8565899729728699
1786318140,0.8565899729728699,0.8565999865531921,0.8565700054168701,0.8565800189971924
1786318200,0.8565800189971924,0.8565999865531921,0.8565700054168701,0.8565899729728699
1786318260,0.8565700054168701,0.8566200137138367,0.8565700054168701,0.8566100001335144
1786318320,0.8565999865531921,0.8566200137138367,0.8565899729728699,0.8565899729728699
1786318380,0.8565899729728699,0.8566100001335144,0.8565800189971924,0.8565899729728699
1786318440,0.8565599918365479,0.8565999865531921,0.8565599918365479,0.8565800189971924
1786318500,0.8565800189971924,0.8565999865531921,0.8565599918365479,0.8565899729728699
1786318560,0.8565800189971924,0.8565999865531921,0.8565599918365479,0.8565800189971924
1786318620,0.8565700054168701,0.8565999865531921,0.8565599918365479,0.8565800189971924
1786318680,0.8565800189971924,0.8565999865531921,0.8565599918365479,0.8565700054168701
1786318740,0.8565700054168701,0.8565999865531921,0.8565599918365479,0.8565800189971924
1786318800,0.8565800189971924,0.8565999865531921,0.8565700054168701,0.8565899729728699
1786318860,0.8565800189971924,0.8566300272941589,0.8565800189971924,0.8566100001335144
1786318920,0.8566100001335144,0.8566200137138367,0.8565999865531921,0.8565999865531921
1786318980,0.8566100001335144,0.8566300272941589,0.8565999865531921,0.8566100001335144
1786319040,0.8566100001335144,0.8566300272941589,0.8565999865531921,0.8566100001335144
1786319100,0.8565999865531921,0.8566399812698364,0.8565899729728699,0.8565999865531921
1786319160,0.8565899729728699,0.8566200137138367,0.8565800189971924,0.8565899729728699
1786319220,0.8565899729728699,0.8566300272941589,0.8565800189971924,0.8566100001335144
1786319280,0.8566100001335144,0.8566200137138367,0.8565899729728699,0.8566100001335144
1786319340,0.8566100001335144,0.8566200137138367,0.8565899729728699,0.8565899729728699
1786319400,0.8565899729728699,0.8566100001335144,0.8565800189971924,0.8565999865531921
1786319460,0.8566100001335144,0.8566200137138367,0.8565800189971924,0.8565999865531921
1786319520,0.8566100001335144,0.8566100001335144,0.8565700054168701,0.8565800189971924
1786319580,0.8565800189971924,0.8566100001335144,0.8565700054168701,0.8565999865531921
1786319640,0.8566100001335144,0.8566100001335144,0.8565800189971924,0.8565999865531921
1786319700,0.8565899729728699,0.8566100001335144,0.8565599918365479,0.8565899729728699
1786319760,0.8565800189971924,0.8566100001335144,0.8565700054168701,0.8565999865531921
1786319820,0.8565999865531921,0.8566100001335144,0.8565800189971924,0.8565899729728699
1786319880,0.8565899729728699,0.8566100001335144,0.8565800189971924,0.8565999865531921
1786319940,0.8566100001335144,0.8567000031471252,0.8565999865531921,0.8566499948501587
1786320000,0.8566499948501587,0.8567000031471252,0.8566200137138367,0.8566399812698364
1786320060,0.8566499948501587,0.8567000031471252,0.8565899729728699,0.8566100001335144
1786320120,0.8566200137138367,0.8566300272941589,0.8565899729728699,0.8566100001335144
1786320180,0.8566100001335144,0.8566300272941589,0.8565999865531921,0.8566200137138367
1786320240,0.8566200137138367,0.8566300272941589,0.8565999865531921,0.8566100001335144
1786320300,0.8566200137138367,0.8566399812698364,0.8565999865531921,0.8566200137138367
1786320360,0.8566200137138367,0.8566399812698364,0.8565999865531921,0.8566300272941589
1786320420,0.8566300272941589,0.8566499948501587,0.8565999865531921,0.8566399812698364
1786320480,0.8566300272941589,0.8566399812698364,0.8565999865531921,0.8566399812698364
1786320540,0.8566300272941589,0.8566399812698364,0.8565899729728699,0.8566200137138367
1786320600,0.8566100001335144,0.8566300272941589,0.8565899729728699,0.8566100001335144
1786320660,0.8566200137138367,0.8566200137138367,0.8565700054168701,0.8566100001335144
1786320720,0.8565999865531921,0.8566300272941589,0.8565800189971924,0.8566100001335144
1786320780,0.8566100001335144,0.8566300272941589,0.8565899729728699,0.8566100001335144
1786320840,0.8566100001335144,0.8566100001335144,0.8565400242805481,0.8565800189971924
1786320900,0.8565800189971924,0.8565999865531921,0.8565400242805481,0.8565800189971924
1786320960,0.8565800189971924,0.8566200137138367,0.8565700054168701,0.8566100001335144
1786321020,0.8566100001335144,0.8567000031471252,0.8565999865531921,0.8566399812698364
1786321080,0.8566399812698364,0.8566399812698364,0.8565899729728699,0.8566100001335144
1786321140,0.8565999865531921,0.8566200137138367,0.8565199971199036,0.8565300107002258
1786321200,0.8565400242805481,0.8566100001335144,0.8565300107002258,0.8565999865531921
1786321260,0.8565999865531921,0.8566300272941589,0.8565800189971924,0.8566200137138367
1786321320,0.8566300272941589,0.8566399812698364,0.8565999865531921,0.8566100001335144
1786321380,0.8566200137138367,0.8566200137138367,0.8565800189971924,0.8565999865531921
1786321440,0.8565999865531921,0.8566100001335144,0.8565800189971924,0.8565999865531921
1786321500,0.8565999865531921,0.8565999865531921,0.8565599918365479,0.8565800189971924
1786321560,0.8565800189971924,0.8565999865531921,0.8565499782562256,0.8565899729728699
1786321620,0.8565800189971924,0.8565999865531921,0.8565499782562256,0.8565700054168701
1786321680,0.8565599918365479,0.8565999865531921,0.8565499782562256,0.8565700054168701
1786321740,0.8565800189971924,0.8565999865531921,0.8565599918365479,0.8565800189971924
1786321800,0.8565700054168701,0.8565999865531921,0.8565199971199036,0.8565300107002258
1786321860,0.8565300107002258,0.8565999865531921,0.8565099835395813,0.8565300107002258
1786321920,0.8565300107002258,0.8565400242805481,0.8565000295639038,0.8565099835395813
1786321980,0.8565099835395813,0.8565999865531921,0.8565000295639038,0.8565300107002258
1786322040,0.8565300107002258,0.8565999865531921,0.8565000295639038,0.8565300107002258
1786322100,0.8565199971199036,0.8565999865531921,0.8565000295639038,0.8565400242805481
1786322160,0.8565400242805481,0.8565999865531921,0.8565199971199036,0.8565599918365479
1786322220,0.8565599918365479,0.8565999865531921,0.8565400242805481,0.8565599918365479
1786322280,0.8565599918365479,0.8565999865531921,0.8565300107002258,0.8565499782562256
1786322340,0.8565599918365479,0.8565999865531921,0.8565300107002258,0.8565599918365479
1786322400,0.8565700054168701,0.8565999865531921,0.8565599918365479,0.8565899729728699
1786322460,0.8565800189971924,0.8565999865531921,0.8565700054168701,0.8565999865531921
1786322520,0.8565999865531921,0.8565999865531921,0.8565700054168701,0.8565899729728699
1786322580,0.8565800189971924,0.8565999865531921,0.8565700054168701,0.8565700054168701
1786322640,0.8565700054168701,0.8565999865531921,0.8565599918365479,0.8565800189971924
1786322700,0.8565800189971924,0.8565999865531921,0.8565599918365479,0.8565899729728699
1786322760,0.8565899729728699,0.8566100001335144,0.8565700054168701,0.8565999865531921
1786322820,0.8565999865531921,0.8565999865531921,0.8565499782562256,0.8565800189971924
1786322880,0.8565800189971924,0.8565999865531921,0.8565499782562256,0.8565899729728699
1786322940,0.8565899729728699,0.8566100001335144,0.8565700054168701,0.8565999865531921
1786323000,0.8565999865531921,0.8566200137138367,0.8565800189971924,0.8565899729728699
1786323060,0.8566100001335144,0.8566399812698364,0.8565899729728699,0.8566399812698364
1786323120,0.8566399812698364,0.8567000031471252,0.8566200137138367,0.8566499948501587
1786323180,0.856660008430481,0.8567000031471252,0.8566399812698364,0.856660008430481
1786323240,0.856660008430481,0.8567000031471252,0.8566300272941589,0.8566700220108032
1786323300,0.856660008430481,0.8567000031471252,0.8566399812698364,0.8566499948501587
1786323360,0.8566700220108032,0.8567000031471252,0.8566399812698364,0.856660008430481
1786323420,0.856660008430481,0.8567000031471252,0.8566399812698364,0.8566799759864807
1786323480,0.8566799759864807,0.856719970703125,0.856660008430481,0.8567100167274475
1786323540,0.8567100167274475,0.8568000197410583,0.856689989566803,0.8567399978637695
1786323600,0.8567399978637695,0.8568000197410583,0.856689989566803,0.856719970703125
1786323660,0.8567299842834473,0.8568000197410583,0.8567000031471252,0.8567299842834473
1786323720,0.8567399978637695,0.8567399978637695,0.8566799759864807,0.8567100167274475
1786323780,0.8567100167274475,0.8567900061607361,0.856689989566803,0.8567699790000916
1786323840,0.8567500114440918,0.8568000197410583,0.856719970703125,0.8567600250244141
1786323900,0.8567699790000916,0.8567799925804138,0.856689989566803,0.856719970703125
1786323960,0.856719970703125,0.8567500114440918,0.856689989566803,0.8567299842834473
1786324020,0.8567299842834473,0.8567500114440918,0.8567000031471252,0.8567299842834473
1786324080,0.8567299842834473,0.8567399978637695,0.8566799759864807,0.8566799759864807
1786324140,0.8566799759864807,0.8567399978637695,0.8566799759864807,0.8567100167274475
1786324200,0.8567100167274475,0.856719970703125,0.8566799759864807,0.8567000031471252
1786324260,0.856689989566803,0.856719970703125,0.8566700220108032,0.8567000031471252
1786324320,0.8567000031471252,0.8568000197410583,0.8566700220108032,0.8567399978637695
1786324380,0.8567399978637695,0.8567500114440918,0.8567000031471252,0.856719970703125
1786324440,0.856719970703125,0.8567299842834473,0.8566799759864807,0.8567100167274475
1786324500,0.8567100167274475,0.8567299842834473,0.8566799759864807,0.8567100167274475
1786324560,0.8567100167274475,0.856719970703125,0.8566799759864807,0.856689989566803
1786324620,0.8567000031471252,0.856719970703125,0.8566799759864807,0.8567100167274475
1786324680,0.8567100167274475,0.856719970703125,0.8566799759864807,0.8567000031471252
1786324740,0.8567000031471252,0.856719970703125,0.8566799759864807,0.8567100167274475
1786324800,0.856689989566803,0.8567100167274475,0.8566799759864807,0.856689989566803
1786324860,0.856689989566803,0.8567000031471252,0.8566399812698364,0.856660008430481
1786324920,0.856660008430481,0.8567000031471252,0.8566399812698364,0.8566700220108032
1786324980,0.8566700220108032,0.8567000031471252,0.8566499948501587,0.8566799759864807
1786325040,0.8566799759864807,0.8567000031471252,0.8566499948501587,0.8566700220108032
1786325100,0.8566700220108032,0.8567000031471252,0.856660008430481,0.856689989566803
1786325160,0.856689989566803,0.8567000031471252,0.856660008430481,0.8566799759864807
1786325220,0.8566799759864807,0.8567000031471252,0.8566300272941589,0.8566499948501587
1786325280,0.8566399812698364,0.8567000031471252,0.8566200137138367,0.8566399812698364
1786325340,0.8566399812698364,0.8567000031471252,0.8565999865531921,0.8566300272941589
1786325400,0.8566300272941589,0.8567000031471252,0.8565999865531921,0.8566300272941589
1786325460,0.8566499948501587,0.8567000031471252,0.8565999865531921,0.8566300272941589
1786325520,0.8566300272941589,0.8567000031471252,0.8565999865531921,0.8566799759864807
1786325580,0.8566799759864807,0.8567000031471252,0.8566499948501587,0.8566700220108032
1786325640,0.856660008430481,0.8567000031471252,0.8566399812698364,0.856660008430481
1786325700,0.856660008430481,0.8567000031471252,0.8566300272941589,0.8566499948501587
1786325760,0.8566399812698364,0.8567000031471252,0.8565999865531921,0.8566399812698364
1786325820,0.8566399812698364,0.8567000031471252,0.8566300272941589,0.8566300272941589
1786325880,0.8566300272941589,0.8567000031471252,0.8566200137138367,0.8566700220108032
1786325940,0.8566700220108032,0.8567000031471252,0.8566399812698364,0.8566799759864807
1786326000,0.8566799759864807,0.8567000031471252,0.8566799759864807,0.856689989566803
1786326060,0.856689989566803,0.8567100167274475,0.8566700220108032,0.8567000031471252
1786326120,0.8567000031471252,0.856719970703125,0.8566799759864807,0.8567000031471252
1786326180,0.8567100167274475,0.8567100167274475,0.856660008430481,0.856689989566803
1786326240,0.856689989566803,0.8567000031471252,0.8566399812698364,0.8566499948501587
1786326300,0.8566499948501587,0.8566499948501587,0.8565400242805481,0.8565599918365479
1786326360,0.8565599918365479,0.8565999865531921,0.8565499782562256,0.8565800189971924
1786326420,0.8565800189971924,0.8565999865531921,0.8565300107002258,0.8565400242805481
1786326480,0.8565499782562256,0.8565999865531921,0.8565199971199036,0.8565700054168701
1786326540,0.8565700054168701,0.8565999865531921,0.8565400242805481,0.8565599918365479
1786326600,0.8565499782562256,0.8565999865531921,0.8565199971199036,0.8565400242805481
1786326660,0.8565400242805481,0.8565999865531921,0.8565199971199036,0.8565400242805481
1786326720,0.8565400242805481,0.8565999865531921,0.8565199971199036,0.8565400242805481
1786326780,0.8565300107002258,0.8565499782562256,0.856469988822937,0.8564900159835815
1786326840,0.8564900159835815,0.8565999865531921,0.8564800024032593,0.8565499782562256
1786326900,0.8565499782562256,0.8565999865531921,0.8565300107002258,0.8565499782562256
1786326960,0.8565499782562256,0.8565999865531921,0.8565000295639038,0.8565499782562256
1786327020,0.8565499782562256,0.8565999865531921,0.8565000295639038,0.8565400242805481
1786327080,0.8565300107002258,0.8565999865531921,0.8565300107002258,0.8565700054168701
1786327140,0.8565700054168701,0.8565999865531921,0.8565000295639038,0.8565300107002258
1786327200,0.8565099835395813,0.8565999865531921,0.8565000295639038,0.8565499782562256
1786327260,0.8565400242805481,0.8565999865531921,0.8565000295639038,0.8565300107002258
1786327320,0.8565300107002258,0.8565999865531921,0.8565099835395813,0.8565499782562256
1786327380,0.8565400242805481,0.8565999865531921,0.8565300107002258,0.8565499782562256
1786327440,0.8565499782562256,0.8565999865531921,0.8565300107002258,0.8565499782562256
1786327500,0.8565400242805481,0.8565999865531921,0.8565199971199036,0.8565899729728699
1786327560,0.8565800189971924,0.8565999865531921,0.8565599918365479,0.8565899729728699
1786327620,0.8565800189971924,0.8565999865531921,0.8565300107002258,0.8565499782562256
1786327680,0.8565599918365479,0.8565999865531921,0.8565099835395813,0.8565400242805481
1786327740,0.8565300107002258,0.8565999865531921,0.8565199971199036,0.8565499782562256
1786327800,0.8565300107002258,0.8565999865531921,0.8565000295639038,0.8565300107002258
1786327860,0.8565400242805481,0.8565999865531921,0.8565199971199036,0.8565400242805481
1786327920,0.8565499782562256,0.8565999865531921,0.8565000295639038,0.8565300107002258
1786327980,0.8565300107002258,0.8565999865531921,0.8565199971199036,0.8565499782562256
1786328040,0.8565599918365479,0.8565999865531921,0.8565300107002258,0.8565599918365479
1786328100,0.8565599918365479,0.8565999865531921,0.8565300107002258,0.8565599918365479
1786328160,0.8565599918365479,0.8565999865531921,0.8565499782562256,0.8565599918365479
1786328220,0.8565599918365479,0.8565999865531921,0.8565499782562256,0.8565800189971924
1786328280,0.8565800189971924,0.8565999865531921,0.8565599918365479,0.8565800189971924
1786328340,0.8565800189971924,0.8565999865531921,0.8565599918365479,0.8565800189971924
1786328400,0.8565800189971924,0.8565999865531921,0.8565599918365479,0.8565899729728699
1786328460,0.8565899729728699,0.8566100001335144,0.8565800189971924,0.8565899729728699
1786328520,0.8565999865531921,0.8565999865531921,0.8565599918365479,0.8565599918365479
1786328580,0.8565599918365479,0.8565999865531921,0.8565300107002258,0.8565599918365479
1786328640,0.8565599918365479,0.8565999865531921,0.8565400242805481,0.8565599918365479
1786328700,0.8565599918365479,0.8565999865531921,0.8565499782562256,0.8565599918365479
1786328760,0.8565599918365479,0.8565999865531921,0.8565499782562256,0.8565800189971924
1786328820,0.8565800189971924,0.8566200137138367,0.8565599918365479,0.8566100001335144
1786328880,0.8566100001335144,0.8566200137138367,0.8565800189971924,0.8565899729728699
1786328940,0.8565899729728699,0.8565999865531921,0.8565700054168701,0.8565700054168701
1786329000,0.8565899729728699,0.8565999865531921,0.8565700054168701,0.8565800189971924
1786329060,0.8565700054168701,0.8565999865531921,0.8565700054168701,0.8565899729728699
1786329120,0.8565899729728699,0.8565999865531921,0.8565499782562256,0.8565800189971924
1786329180,0.8565700054168701,0.8565999865531921,0.8565300107002258,0.8565499782562256
1786329240,0.8565499782562256,0.8565999865531921,0.8565000295639038,0.8565400242805481
1786329300,0.8565400242805481,0.8565999865531921,0.8565199971199036,0.8565400242805481
1786329360,0.8565400242805481,0.8565999865531921,0.8565000295639038,0.8565199971199036
1786329420,0.8565099835395813,0.8565999865531921,0.8565000295639038,0.8565400242805481
1786329480,0.8565300107002258,0.8565999865531921,0.8565000295639038,0.8565300107002258
1786329540,0.8565400242805481,0.8565499782562256,0.8565000295639038,0.8565300107002258
1786329600,0.8565400242805481,0.8565999865531921,0.8565000295639038,0.8565400242805481
1786329660,0.8565400242805481,0.8565499782562256,0.8565000295639038,0.8565300107002258
1786329720,0.8565300107002258,0.8565999865531921,0.8565199971199036,0.8565300107002258
1786329780,0.8565400242805481,0.8565999865531921,0.8565199971199036,0.8565499782562256
1786329840,0.8565499782562256,0.8565999865531921,0.8565199971199036,0.8565499782562256
1786329900,0.8565400242805481,0.8565999865531921,0.8565000295639038,0.8565400242805481
1786329960,0.8565400242805481,0.8565999865531921,0.8565000295639038,0.8565300107002258
1786330020,0.8565300107002258,0.8565300107002258,0.8564900159835815,0.8565099835395813
1786330080,0.8565199971199036,0.8565400242805481,0.8565000295639038,0.8565300107002258
1786330140,0.8565099835395813,0.8565400242805481,0.8565000295639038,0.8565300107002258
1786330200,0.8565300107002258,0.8565999865531921,0.8565000295639038,0.8565400242805481
1786330260,0.8565300107002258,0.8565400242805481,0.8565000295639038,0.8565300107002258
1786330320,0.8565300107002258,0.8565999865531921,0.8565000295639038,0.8565499782562256
1786330380,0.8565400242805481,0.8565999865531921,0.8565000295639038,0.8565300107002258
1786330440,0.8565300107002258,0.8565400242805481,0.8565000295639038,0.8565400242805481
1786330500,0.8565400242805481,0.8565400242805481,0.8565000295639038,0.8565300107002258
1786330560,0.8565300107002258,0.8565999865531921,0.8565000295639038,0.8565400242805481
1786330620,0.8565400242805481,0.8565999865531921,0.8565000295639038,0.8565400242805481
1786330680,0.8565400242805481,0.8565400242805481,0.8564900159835815,0.8565099835395813
1786330740,0.8565099835395813,0.8565400242805481,0.8565000295639038,0.8565099835395813
1786330800,0.8565300107002258,0.8565400242805481,0.856469988822937,0.8565400242805481
1786330860,0.8565199971199036,0.8565400242805481,0.8565000295639038,0.8565300107002258
1786330920,0.8565300107002258,0.8565400242805481,0.8565000295639038,0.8565300107002258
1786330980,0.8565300107002258,0.8565400242805481,0.8564800024032593,0.8564900159835815
1786331040,0.8564900159835815,0.8565000295639038,0.8564599752426147,0.8565000295639038
1786331100,0.8565000295639038,0.8565199971199036,0.856469988822937,0.8564900159835815
1786331160,0.8564800024032593,0.8565300107002258,0.8564800024032593,0.8565099835395813
1786331220,0.8565099835395813,0.8565199971199036,0.8564800024032593,0.8565199971199036
1786331280,0.8565199971199036,0.8565999865531921,0.8565000295639038,0.8565300107002258
1786331340,0.8565300107002258,0.8565499782562256,0.8565000295639038,0.8565300107002258
1786331400,0.8565300107002258,0.8565999865531921,0.8565099835395813,0.8565400242805481
1786331460,0.8565300107002258,0.8565999865531921,0.8565000295639038,0.8565300107002258
1786331520,0.8565300107002258,0.8565499782562256,0.8565000295639038,0.8565099835395813
1786331580,0.8565300107002258,0.8565999865531921,0.8565199971199036,0.8565499782562256
1786331640,0.8565400242805481,0.8565999865531921,0.8565199971199036,0.8565400242805481
1786331700,0.8565400242805481,0.8565999865531921,0.8565000295639038,0.8565300107002258
1786331760,0.8565400242805481,0.8565400242805481,0.8565000295639038,0.8565199971199036
1786331820,0.8565300107002258,0.8565999865531921,0.8565199971199036,0.8565400242805481
1786331880,0.8565400242805481,0.8565999865531921,0.8565199971199036,0.8565400242805481
1786331940,0.8565400242805481,0.8565999865531921,0.8565300107002258,0.8565499782562256
1786332000,0.8565499782562256,0.8565999865531921,0.8565300107002258,0.8565599918365479
1786332060,0.8565599918365479,0.8565999865531921,0.8565400242805481,0.8565899729728699
1786332120,0.8565899729728699,0.8565999865531921,0.8565700054168701,0.8565800189971924
1786332180,0.8565800189971924,0.8566100001335144,0.8565700054168701,0.8565800189971924
1786332240,0.8565800189971924,0.8565999865531921,0.8565499782562256,0.8565700054168701
1786332300,0.8565700054168701,0.8565999865531921,0.8565300107002258,0.8565300107002258
1786332360,0.8565400242805481,0.8565999865531921,0.8565000295639038,0.8565400242805481
1786332420,0.8565400242805481,0.8565999865531921,0.8565000295639038,0.8565499782562256
1786332480,0.8565499782562256,0.8565999865531921,0.8565199971199036,0.8565400242805481
1786332540,0.8565400242805481,0.8565999865531921,0.8565400242805481,0.8565400242805481
1786332600,0.8565400242805481,0.8565999865531921,0.8565000295639038,0.8565300107002258
1786332660,0.8565300107002258,0.8565999865531921,0.8565300107002258,0.8565400242805481
1786332720,0.8565499782562256,0.8565999865531921,0.8565400242805481,0.8565499782562256
1786332780,0.8565499782562256,0.8565999865531921,0.8565400242805481,0.8565599918365479
1786332840,0.8565599918365479,0.8565999865531921,0.8565499782562256,0.8565499782562256
1786332900,0.8565499782562256,0.8565999865531921,0.8565000295639038,0.8565400242805481
1786332960,0.8565400242805481,0.8565999865531921,0.8565000295639038,0.8565499782562256
1786333020,0.8565400242805481,0.8565400242805481,0.8564599752426147,0.8564900159835815
1786333080,0.8564900159835815,0.8565000295639038,0.856469988822937,0.8564900159835815
1786333140,0.8565000295639038,0.8565099835395813,0.8564900159835815,0.8565000295639038
1786333200,0.8564900159835815,0.8565199971199036,0.8564900159835815,0.8565199971199036
1786333260,0.8565199971199036,0.8565300107002258,0.8564900159835815,0.8564900159835815
1786333320,0.8565000295639038,0.8565099835395813,0.8564800024032593,0.8564900159835815
1786333380,0.8564900159835815,0.8565000295639038,0.856469988822937,0.8564900159835815
1786333440,0.8564800024032593,0.8565000295639038,0.8564800024032593,0.8564800024032593
1786333500,0.8564900159835815,0.8565000295639038,0.856440007686615,0.8564599752426147
1786333560,0.8564599752426147,0.8565000295639038,0.8564199805259705,0.8564599752426147
1786333620,0.8564599752426147,0.8565000295639038,0.8564500212669373,0.8564599752426147
1786333680,0.8564599752426147,0.8565000295639038,0.8564000129699707,0.856440007686615
1786333740,0.856440007686615,0.8564500212669373,0.8564000129699707,0.8564299941062927
1786333800,0.8564299941062927,0.8564599752426147,0.8564000129699707,0.8564199805259705
1786333860,0.8564299941062927,0.8564500212669373,0.8563799858093262,0.8563799858093262
1786333920,0.8563899993896484,0.8564000129699707,0.8563699722290039,0.8563699722290039
1786333980,0.8563799858093262,0.8564000129699707,0.8563699722290039,0.8563899993896484
1786334040,0.8563899993896484,0.8564000129699707,0.8563699722290039,0.8563799858093262
1786334100,0.8563899993896484,0.8564000129699707,0.8563600182533264,0.8564000129699707
1786334160,0.8563799858093262,0.856410026550293,0.8563799858093262,0.8564000129699707
1786334220,0.8563899993896484,0.856410026550293,0.8563799858093262,0.8564000129699707
1786334280,0.8564000129699707,0.856410026550293,0.8563799858093262,0.8564000129699707
1786334340,0.8563899993896484,0.856410026550293,0.8563600182533264,0.8564000129699707
1786334400,0.8564000129699707,0.856410026550293,0.8563699722290039,0.8563899993896484
1786334460,0.8564000129699707,0.856440007686615,0.8563799858093262,0.8564199805259705
1786334520,0.8564199805259705,0.8564299941062927,0.8564000129699707,0.856410026550293
1786334580,0.856410026550293,0.8564199805259705,0.8563799858093262,0.8563899993896484
1786334640,0.8563899993896484,0.8564000129699707,0.8563699722290039,0.8564000129699707
1786334700,0.8564000129699707,0.8564299941062927,0.8563699722290039,0.8563899993896484
1786334760,0.8563899993896484,0.8564000129699707,0.8563600182533264,0.8563899993896484
1786334820,0.8563899993896484,0.856410026550293,0.8563699722290039,0.8564000129699707
1786334880,0.8563799858093262,0.856410026550293,0.8563699722290039,0.8564000129699707
1786334940,0.8564000129699707,0.856410026550293,0.8563699722290039,0.8564000129699707
1786335000,0.8564000129699707,0.8564199805259705,0.8563699722290039,0.856410026550293
1786335060,0.856410026550293,0.856440007686615,0.8564000129699707,0.8564199805259705
1786335120,0.8564299941062927,0.8564500212669373,0.8564000129699707,0.856440007686615
1786335180,0.856440007686615,0.8564500212669373,0.8564000129699707,0.856440007686615
1786335240,0.856440007686615,0.8564500212669373,0.8564000129699707,0.8564299941062927
1786335300,0.8564199805259705,0.8564500212669373,0.8564000129699707,0.8564199805259705
1786335360,0.8564199805259705,0.856440007686615,0.8564000129699707,0.8564299941062927
1786335420,0.8564299941062927,0.856440007686615,0.8564000129699707,0.8564299941062927
1786335480,0.8564299941062927,0.856440007686615,0.8563799858093262,0.8563899993896484
1786335540,0.8563899993896484,0.8564199805259705,0.8563799858093262,0.8563899993896484
1786335600,0.8563899993896484,0.856410026550293,0.8563799858093262,0.8563899993896484
1786335660,0.8563899993896484,0.856410026550293,0.8563799858093262,0.856410026550293
1786335720,0.8564000129699707,0.856410026550293,0.8563699722290039,0.8564000129699707
1786335780,0.8563899993896484,0.8564000129699707,0.8563699722290039,0.8563899993896484
1786335840,0.8563899993896484,0.8564000129699707,0.8563799858093262,0.8563899993896484
1786335900,0.8563899993896484,0.8564000129699707,0.8563699722290039,0.8563899993896484
1786335960,0.8564000129699707,0.8564000129699707,0.8563799858093262,0.8564000129699707
1786336020,0.8563899993896484,0.856410026550293,0.8563699722290039,0.8563899993896484
1786336080,0.8564000129699707,0.856410026550293,0.8563899993896484,0.8564000129699707
1786336140,0.8564000129699707,0.856410026550293,0.8563699722290039,0.8563899993896484
1786336200,0.8563899993896484,0.8564000129699707,0.8563699722290039,0.8563799858093262
1786336260,0.8563899993896484,0.8564000129699707,0.8563699722290039,0.8564000129699707
1786336320,0.8563899993896484,0.8564000129699707,0.8563699722290039,0.8563799858093262
1786336380,0.8563799858093262,0.8564000129699707,0.8563500046730042,0.8563600182533264
1786336440,0.8563600182533264,0.8564000129699707,0.8563399910926819,0.8563500046730042
1786336500,0.8563600182533264,0.8564000129699707,0.8563399910926819,0.8563600182533264
1786336560,0.8563399910926819,0.8564000129699707,0.8563399910926819,0.8563600182533264
1786336620,0.8563600182533264,0.8564000129699707,0.8563299775123596,0.8563600182533264
1786336680,0.8563600182533264,0.8564000129699707,0.8563399910926819,0.8563600182533264
1786336740,0.8563600182533264,0.8564000129699707,0.8563500046730042,0.8563699722290039
1786336800,0.8563899993896484,0.856410026550293,0.8563600182533264,0.8564000129699707
1786336860,0.8563899993896484,0.8564000129699707,0.8563699722290039,0.8563899993896484
1786336920,0.8563899993896484,0.8564000129699707,0.8563699722290039,0.8563799858093262
1786336980,0.8563799858093262,0.8564000129699707,0.8563699722290039,0.8563899993896484
1786337040,0.8564000129699707,0.8564000129699707,0.8563699722290039,0.8563899993896484
1786337100,0.8563799858093262,0.8564000129699707,0.8563600182533264,0.8563799858093262
1786337160,0.8563799858093262,0.8564000129699707,0.8563600182533264,0.8563699722290039
1786337220,0.8563799858093262,0.8564000129699707,0.8563399910926819,0.8563600182533264
1786337280,0.8563600182533264,0.8564000129699707,0.8563399910926819,0.8563600182533264
1786337340,0.8563600182533264,0.8564000129699707,0.8563399910926819,0.8563600182533264
1786337400,0.8563600182533264,0.8564000129699707,0.8563399910926819,0.8563600182533264
1786337460,0.8563600182533264,0.8564000129699707,0.8563399910926819,0.8563500046730042
1786337520,0.8563500046730042,0.8564000129699707,0.8563299775123596,0.8563500046730042
1786337580,0.8563500046730042,0.8563600182533264,0.8562999963760376,0.8563399910926819
1786337640,0.8563399910926819,0.8564000129699707,0.8562999963760376,0.8563600182533264
1786337700,0.8563600182533264,0.8564000129699707,0.8563399910926819,0.8563500046730042
1786337760,0.8563600182533264,0.8564000129699707,0.8563399910926819,0.8563500046730042
1786337820,0.8563600182533264,0.8564000129699707,0.8563200235366821,0.8563600182533264
1786337880,0.8563600182533264,0.8564000129699707,0.8563299775123596,0.8563699722290039
1786337940,0.8563600182533264,0.8564000129699707,0.8563399910926819,0.8563600182533264
1786338000,0.8563699722290039,0.8564000129699707,0.8563600182533264,0.8563799858093262
1786338060,0.8563699722290039,0.8564000129699707,0.8563500046730042,0.8563799858093262
1786338120,0.8563799858093262,0.8564000129699707,0.8563399910926819,0.8563500046730042
1786338180,0.8563699722290039,0.8564000129699707,0.8563500046730042,0.8563699722290039
1786338240,0.8563699722290039,0.8564000129699707,0.8563399910926819,0.8563500046730042
1786338300,0.8563500046730042,0.8564000129699707,0.8563100099563599,0.8563399910926819
1786338360,0.8563399910926819,0.8563500046730042,0.8562800288200378,0.8562999963760376
1786338420,0.8562999963760376,0.8563200235366821,0.8562800288200378,0.8562899827957153
1786338480,0.8563100099563599,0.8563100099563599,0.8562800288200378,0.8562899827957153
1786338540,0.8562899827957153,0.8562999963760376,0.8562700152397156,0.8562899827957153
1786338600,0.8562899827957153,0.8562999963760376,0.8562600016593933,0.8562800288200378
1786338660,0.8562800288200378,0.8562999963760376,0.856249988079071,0.8562800288200378
1786338720,0.8562700152397156,0.8562999963760376,0.8562600016593933,0.8562800288200378
1786338780,0.8562800288200378,0.8562999963760376,0.8562700152397156,0.8562899827957153
1786338840,0.8562899827957153,0.8562999963760376,0.8562600016593933,0.8562899827957153
1786338900,0.8562899827957153,0.8563299775123596,0.8562700152397156,0.8562899827957153
1786338960,0.8562999963760376,0.8563200235366821,0.8562800288200378,0.8562999963760376
1786339020,0.8562999963760376,0.8563200235366821,0.8562899827957153,0.8562999963760376
1786339080,0.8563100099563599,0.8563299775123596,0.8562899827957153,0.8563299775123596
1786339140,0.8563299775123596,0.8563500046730042,0.8562999963760376,0.8563299775123596
1786339200,0.8563299775123596,0.8564000129699707,0.8563200235366821,0.8563399910926819
1786339260,0.8563399910926819,0.8564000129699707,0.8563299775123596,0.8563500046730042
1786339320,0.8563500046730042,0.8564000129699707,0.8563200235366821,0.8563500046730042
1786339380,0.8563399910926819,0.8564000129699707,0.8563399910926819,0.8563699722290039
1786339440,0.8563600182533264,0.8564000129699707,0.8563500046730042,0.8563699722290039
1786339500,0.8563699722290039,0.8564000129699707,0.8563500046730042,0.8563699722290039
1786339560,0.8563699722290039,0.8564000129699707,0.8563399910926819,0.8563699722290039
1786339620,0.8563699722290039,0.8564000129699707,0.8563399910926819,0.8563600182533264
1786339680,0.8563600182533264,0.8564000129699707,0.8563500046730042,0.8563600182533264
1786339740,0.8563600182533264,0.8564000129699707,0.8563200235366821,0.8563500046730042
1786339800,0.8563500046730042,0.8564000129699707,0.8563100099563599,0.8563299775123596
1786339860,0.8563299775123596,0.8563500046730042,0.8562999963760376,0.8563500046730042
1786339920,0.8563500046730042,0.8564000129699707,0.8562999963760376,0.8563500046730042
1786339980,0.8563500046730042,0.8564000129699707,0.8563299775123596,0.8563600182533264
1786340040,0.8563600182533264,0.8564000129699707,0.8562999963760376,0.8563299775123596
1786340100,0.8563399910926819,0.8564000129699707,0.8563100099563599,0.8563299775123596
1786340160,0.8563299775123596,0.8563299775123596,0.8562899827957153,0.8563200235366821
1786340220,0.8563200235366821,0.8563299775123596,0.8562899827957153,0.8562999963760376
1786340280,0.8562999963760376,0.8563200235366821,0.8562800288200378,0.8562999963760376
1786340340,0.8562999963760376,0.8563299775123596,0.8562700152397156,0.8563200235366821
1786340400,0.8563100099563599,0.8563200235366821,0.8562700152397156,0.8563200235366821
1786340460,0.8563200235366821,0.8563200235366821,0.8562800288200378,0.8563100099563599
1786340520,0.8562999963760376,0.8563200235366821,0.8562800288200378,0.8562999963760376
1786340580,0.8562999963760376,0.8563200235366821,0.8562800288200378,0.8562899827957153
1786340640,0.8562999963760376,0.8563100099563599,0.8562700152397156,0.8562999963760376
1786340700,0.8562800288200378,0.8563200235366821,0.8562800288200378,0.8563200235366821
1786340760,0.8563200235366821,0.8564000129699707,0.8562999963760376,0.8563299775123596
1786340820,0.8563299775123596,0.8563399910926819,0.8562999963760376,0.8563299775123596
1786340880,0.8563299775123596,0.8563399910926819,0.8562999963760376,0.8563100099563599
1786340940,0.8563100099563599,0.8563299775123596,0.8562899827957153,0.8563100099563599
1786341000,0.8563100099563599,0.8563399910926819,0.8562999963760376,0.8563399910926819
1786341060,0.8563299775123596,0.8563399910926819,0.8562999963760376,0.8563100099563599
1786341120,0.8563100099563599,0.8563500046730042,0.8562999963760376,0.8563399910926819
1786341180,0.8563399910926819,0.8563399910926819,0.8562999963760376,0.8563399910926819
1786341240,0.8563299775123596,0.8564000129699707,0.8563299775123596,0.8563500046730042
1786341300,0.8563500046730042,0.8564000129699707,0.8562999963760376,0.8563600182533264
1786341360,0.8563600182533264,0.856410026550293,0.8562999963760376,0.8563299775123596
1786341420,0.8563299775123596,0.8563600182533264,0.8562899827957153,0.8563200235366821
1786341480,0.8563100099563599,0.8563399910926819,0.8562999963760376,0.8563200235366821
1786341540,0.8563200235366821,0.8563299775123596,0.8562399744987488,0.8562600016593933
1786341600,0.8562700152397156,0.8562700152397156,0.8561000227928162,0.8561699986457825
1786341660,0.8561699986457825,0.8561999797821045,0.8561499714851379,0.8561800122261047
1786341720,0.8561699986457825,0.8561999797821045,0.8561300039291382,0.8561499714851379
1786341780,0.8561400175094604,0.8561999797821045,0.8561199903488159,0.8561400175094604
1786341840,0.8561499714851379,0.8561499714851379,0.8561000227928162,0.8561400175094604
1786341900,0.8561300039291382,0.8561400175094604,0.8560699820518494,0.8561099767684937
1786341960,0.8561000227928162,0.8561199903488159,0.8560799956321716,0.8561199903488159
1786342020,0.8561099767684937,0.8561300039291382,0.8560299873352051,0.8560699820518494
1786342080,0.8560600280761719,0.8561000227928162,0.8560299873352051,0.8560400009155273
1786342140,0.8560400009155273,0.8561000227928162,0.8560299873352051,0.8560500144958496
1786342200,0.8560500144958496,0.8561000227928162,0.8560299873352051,0.8560600280761719
1786342260,0.8560600280761719,0.8561000227928162,0.8560500144958496,0.8560699820518494
1786342320,0.8561000227928162,0.8561000227928162,0.8560600280761719,0.8560799956321716
1786342380,0.8561000227928162,0.8561699986457825,0.8560699820518494,0.8561400175094604
1786342440,0.8561499714851379,0.8562099933624268,0.8561400175094604,0.8561999797821045
1786342500,0.8561999797821045,0.8562099933624268,0.8561199903488159,0.8561300039291382
1786342560,0.8561400175094604,0.8562399744987488,0.8561000227928162,0.856220006942749
1786342620,0.8562300205230713,0.8562999963760376,0.8562099933624268,0.856249988079071
1786342680,0.8562999963760376,0.8562999963760376,0.856190025806427,0.8562099933624268
1786342740,0.8562099933624268,0.8562300205230713,0.8561800122261047,0.856190025806427
1786342800,0.8561999797821045,0.856220006942749,0.8561599850654602,0.856220006942749
1786342860,0.856220006942749,0.856220006942749,0.8561699986457825,0.856190025806427
1786342920,0.856190025806427,0.8562099933624268,0.8561699986457825,0.8561800122261047
1786342980,0.8561800122261047,0.8561999797821045,0.8561300039291382,0.8561400175094604
1786343040,0.8561999797821045,0.8562099933624268,0.8561300039291382,0.8562099933624268
1786343100,0.8562099933624268,0.8562300205230713,0.856190025806427,0.8561999797821045
1786343160,0.8561999797821045,0.8562700152397156,0.856190025806427,0.856249988079071
1786343220,0.856249988079071,0.8562999963760376,0.8562399744987488,0.856249988079071
1786343280,0.8562800288200378,0.8562999963760376,0.856220006942749,0.8562399744987488
1786343340,0.8562399744987488,0.8562999963760376,0.8562099933624268,0.8562300205230713
1786343400,0.856220006942749,0.8562399744987488,0.856190025806427,0.856220006942749
1786343460,0.856220006942749,0.8562999963760376,0.8561999797821045,0.8562300205230713
1786343520,0.8562999963760376,0.8562999963760376,0.8561499714851379,0.8561800122261047
1786343580,0.8561999797821045,0.8561999797821045,0.8561400175094604,0.8561499714851379
1786343640,0.8561999797821045,0.8561999797821045,0.8561400175094604,0.856190025806427
1786343700,0.856190025806427,0.8561999797821045,0.8561599850654602,0.8561999797821045
1786343760,0.856190025806427,0.8562999963760376,0.8561800122261047,0.8562600016593933
1786343820,0.8562399744987488,0.8562999963760376,0.856220006942749,0.8562300205230713
1786343880,0.8562300205230713,0.8562999963760376,0.8561999797821045,0.8562600016593933
1786343940,0.8562600016593933,0.8562999963760376,0.8561999797821045,0.856249988079071
1786344000,0.856249988079071,0.8563200235366821,0.8562300205230713,0.8562800288200378
1786344060,0.8562800288200378,0.8562999963760376,0.856249988079071,0.8562700152397156
1786344120,0.8562999963760376,0.8562999963760376,0.856249988079071,0.8562700152397156
1786344180,0.8562800288200378,0.8563100099563599,0.8562399744987488,0.8562899827957153
1786344240,0.8562800288200378,0.8563299775123596,0.8562700152397156,0.8563100099563599
1786344300,0.8563100099563599,0.8563200235366821,0.8562700152397156,0.8563100099563599
1786344360,0.8563100099563599,0.8563200235366821,0.8562700152397156,0.8562899827957153
1786344420,0.8562800288200378,0.8563100099563599,0.8562600016593933,0.8562700152397156
1786344480,0.8562999963760376,0.8562999963760376,0.8562399744987488,0.8562600016593933
1786344540,0.8562700152397156,0.8562999963760376,0.856190025806427,0.8562099933624268
1786344600,0.8562099933624268,0.8562600016593933,0.856190025806427,0.8562600016593933
1786344660,0.8562600016593933,0.8562600016593933,0.856190025806427,0.8562099933624268
1786344720,0.8561999797821045,0.8562099933624268,0.8561699986457825,0.856190025806427
1786344780,0.856190025806427,0.8561999797821045,0.8561000227928162,0.8561300039291382
1786344840,0.8561300039291382,0.8561400175094604,0.8561000227928162,0.8561300039291382
1786344900,0.8561300039291382,0.8561999797821045,0.8561099767684937,0.8561499714851379
1786344960,0.8561499714851379,0.856249988079071,0.8561000227928162,0.856249988079071
1786345020,0.8562399744987488,0.8562999963760376,0.856220006942749,0.856249988079071
1786345080,0.8562399744987488,0.8562999963760376,0.8561699986457825,0.8562099933624268
1786345140,0.8562099933624268,0.856249988079071,0.856190025806427,0.856220006942749
1786345200,0.856190025806427,0.8562300205230713,0.8561499714851379,0.8561800122261047
1786345260,0.856190025806427,0.8561999797821045,0.8561400175094604,0.8561599850654602
1786345320,0.8561599850654602,0.8561999797821045,0.8561099767684937,0.8561800122261047
1786345380,0.8561800122261047,0.8562099933624268,0.8561499714851379,0.8562099933624268
1786345440,0.8562099933624268,0.8562099933624268,0.8561699986457825,0.8561800122261047
1786345500,0.856190025806427,0.8562399744987488,0.8561699986457825,0.8562099933624268
1786345560,0.8561999797821045,0.8562999963760376,0.856190025806427,0.856249988079071
1786345620,0.856249988079071,0.8562999963760376,0.8561699986457825,0.856190025806427
1786345680,0.856190025806427,0.856220006942749,0.8561599850654602,0.8561999797821045
1786345740,0.856220006942749,0.8562300205230713,0.8561499714851379,0.8561599850654602
1786345800,0.8561599850654602,0.8561599850654602,0.8560500144958496,0.8561300039291382
1786345860,0.8561199903488159,0.8561499714851379,0.8560799956321716,0.8561499714851379
1786345920,0.8561499714851379,0.8561499714851379,0.8560799956321716,0.8561400175094604
1786345980,0.8561300039291382,0.8561999797821045,0.8561099767684937,0.8561599850654602
1786346040,0.8561599850654602,0.8561999797821045,0.8561000227928162,0.8561499714851379
1786346100,0.8561499714851379,0.8562099933624268,0.8561400175094604,0.8561699986457825
1786346160,0.8561699986457825,0.8561999797821045,0.8561400175094604,0.8561599850654602
1786346220,0.8561599850654602,0.8561999797821045,0.8561400175094604,0.856190025806427
1786346280,0.856190025806427,0.856249988079071,0.8561699986457825,0.856249988079071
1786346340,0.856249988079071,0.8562999963760376,0.8562300205230713,0.856249988079071
1786346400,0.856249988079071,0.8563299775123596,0.8562300205230713,0.8563100099563599
1786346460,0.8563100099563599,0.8563399910926819,0.8562899827957153,0.8562899827957153
1786346520,0.8563100099563599,0.8563200235366821,0.8562800288200378,0.8563200235366821
1786346580,0.8563100099563599,0.8564000129699707,0.8562999963760376,0.8563899993896484
1786346640,0.8563799858093262,0.8564000129699707,0.8563299775123596,0.8563600182533264
1786346700,0.8563699722290039,0.856410026550293,0.8563500046730042,0.8564000129699707
1786346760,0.8564000129699707,0.856410026550293,0.8563399910926819,0.8564000129699707
1786346820,0.856410026550293,0.8564199805259705,0.8563699722290039,0.8564199805259705
1786346880,0.8564000129699707,0.8565000295639038,0.8564000129699707,0.856469988822937
1786346940,0.856469988822937,0.8565000295639038,0.856440007686615,0.8564900159835815
1786347000,0.856469988822937,0.8565400242805481,0.8564599752426147,0.8565300107002258
1786347060,0.8565300107002258,0.8565400242805481,0.856469988822937,0.8565099835395813
1786347120,0.8565099835395813,0.8565099835395813,0.8564199805259705,0.8564599752426147
1786347180,0.8564599752426147,0.8565000295639038,0.8564199805259705,0.856469988822937
1786347240,0.8564599752426147,0.8565099835395813,0.856440007686615,0.8564599752426147
1786347300,0.8564599752426147,0.8565000295639038,0.8564199805259705,0.856469988822937
1786347360,0.856469988822937,0.8565099835395813,0.8564299941062927,0.8564500212669373
1786347420,0.8564599752426147,0.8565000295639038,0.8563799858093262,0.8564199805259705
1786347480,0.8564199805259705,0.8565000295639038,0.8564199805259705,0.8564800024032593
1786347540,0.8564800024032593,0.8565499782562256,0.856469988822937,0.8565400242805481
1786347600,0.8565400242805481,0.8565999865531921,0.8564599752426147,0.8564800024032593
1786347660,0.8564800024032593,0.8565000295639038,0.8564299941062927,0.8564599752426147
1786347720,0.8564599752426147,0.8565000295639038,0.8564299941062927,0.8565000295639038
1786347780,0.856469988822937,0.8565099835395813,0.856440007686615,0.8565099835395813
1786347840,0.8565099835395813,0.8565999865531921,0.8565000295639038,0.8565700054168701
1786347900,0.8565800189971924,0.8566100001335144,0.8565300107002258,0.8565999865531921
1786347960,0.8565899729728699,0.8566100001335144,0.8565400242805481,0.8565700054168701
1786348020,0.8565800189971924,0.8566100001335144,0.8565400242805481,0.8565899729728699
1786348080,0.8565899729728699,0.8565999865531921,0.8565400242805481,0.8565499782562256
1786348140,0.8565499782562256,0.8566300272941589,0.8565300107002258,0.8566200137138367
1786348200,0.8566200137138367,0.8566499948501587,0.8565800189971924,0.8565999865531921
1786348260,0.8565999865531921,0.8566100001335144,0.8565099835395813,0.8565199971199036
1786348320,0.8564900159835815,0.8565300107002258,0.8564900159835815,0.8565000295639038
1786348380,0.8565000295639038,0.8565000295639038,0.856440007686615,0.8564599752426147
1786348440,0.8564599752426147,0.8565999865531921,0.8564500212669373,0.8565099835395813
1786348500,0.8565099835395813,0.8565300107002258,0.8564900159835815,0.8565099835395813
1786348560,0.8565099835395813,0.8565499782562256,0.856469988822937,0.8565199971199036
1786348620,0.8565400242805481,0.8565999865531921,0.8565000295639038,0.8565800189971924
1786348680,0.8565800189971924,0.8566499948501587,0.8565499782562256,0.8566300272941589
1786348740,0.8566499948501587,0.8566499948501587,0.8565599918365479,0.8565800189971924
1786348800,0.8565800189971924,0.8566300272941589,0.8565400242805481,0.8566200137138367
1786348860,0.8566200137138367,0.8566300272941589,0.8565499782562256,0.8565700054168701
1786348920,0.8565700054168701,0.8565999865531921,0.8565499782562256,0.8565800189971924
1786348980,0.8565800189971924,0.8565999865531921,0.8565000295639038,0.8565499782562256
1786349040,0.8565499782562256,0.8565999865531921,0.8565000295639038,0.8565700054168701
1786349100,0.8565599918365479,0.8565999865531921,0.8565499782562256,0.8565700054168701
1786349160,0.8565800189971924,0.8565999865531921,0.8564500212669373,0.8564800024032593
1786349220,0.8564800024032593,0.8565000295639038,0.8563100099563599,0.8563500046730042
1786349280,0.8563500046730042,0.8564299941062927,0.8563200235366821,0.8564000129699707
1786349340,0.8564000129699707,0.8564500212669373,0.8563699722290039,0.8563899993896484
1786349400,0.8563899993896484,0.8565099835395813,0.8563899993896484,0.8565000295639038
1786349460,0.8564900159835815,0.8565000295639038,0.8564000129699707,0.8564500212669373
1786349520,0.8564299941062927,0.8564500212669373,0.8563899993896484,0.8563899993896484
1786349580,0.8564000129699707,0.8564000129699707,0.8563500046730042,0.8563799858093262
1786349640,0.8563799858093262,0.8564000129699707,0.8563200235366821,0.8563299775123596
1786349700,0.8563200235366821,0.8564299941062927,0.8563100099563599,0.8563799858093262
1786349760,0.8563799858093262,0.856440007686615,0.8563500046730042,0.8563699722290039
1786349820,0.8563699722290039,0.8564000129699707,0.8562899827957153,0.8563600182533264
1786349880,0.8563399910926819,0.8564000129699707,0.8562899827957153,0.8563100099563599
1786349940,0.8563100099563599,0.8564000129699707,0.8562899827957153,0.8563500046730042
1786350000,0.8563500046730042,0.8563600182533264,0.8562999963760376,0.8563299775123596
1786350060,0.8563299775123596,0.8564000129699707,0.8563200235366821,0.8563299775123596
1786350120,0.8563399910926819,0.8564000129699707,0.8562899827957153,0.8563299775123596
1786350180,0.8563100099563599,0.8563500046730042,0.8562899827957153,0.8563500046730042
1786350240,0.8563500046730042,0.8564000129699707,0.8562999963760376,0.8563600182533264
1786350300,0.8563600182533264,0.856440007686615,0.8563500046730042,0.856440007686615
1786350360,0.856440007686615,0.8565000295639038,0.8563899993896484,0.856410026550293
1786350420,0.8564199805259705,0.856440007686615,0.8563799858093262,0.8563899993896484
1786350480,0.8564000129699707,0.8564500212669373,0.8563899993896484,0.856440007686615
1786350540,0.8564500212669373,0.8565000295639038,0.8564000129699707,0.8564199805259705
1786350600,0.8564199805259705,0.8564299941062927,0.8563600182533264,0.8563899993896484
1786350660,0.8563899993896484,0.8564000129699707,0.8563299775123596,0.8563799858093262
1786350720,0.8563699722290039,0.8564000129699707,0.8563299775123596,0.8563299775123596
1786350780,0.8563600182533264,0.8563699722290039,0.8562600016593933,0.8563100099563599
1786350840,0.8563100099563599,0.8564000129699707,0.8562899827957153,0.8563399910926819
1786350900,0.8563399910926819,0.8564000129699707,0.8563299775123596,0.8563500046730042
1786350960,0.8563500046730042,0.8563500046730042,0.8562999963760376,0.8563500046730042
1786351020,0.8563500046730042,0.8564000129699707,0.8562999963760376,0.8563100099563599
1786351080,0.8563399910926819,0.8563500046730042,0.8562999963760376,0.8563399910926819
1786351140,0.8563399910926819,0.8564000129699707,0.8563200235366821,0.8563500046730042
1786351200,0.8563500046730042,0.8564000129699707,0.8562999963760376,0.8563299775123596
1786351260,0.8563299775123596,0.8563500046730042,0.8562999963760376,0.8563399910926819
1786351320,0.8563299775123596,0.8563500046730042,0.8562999963760376,0.8563399910926819
1786351380,0.8563200235366821,0.8563500046730042,0.8562999963760376,0.8563399910926819
1786351440,0.8563399910926819,0.8563500046730042,0.8562999963760376,0.8563200235366821
1786351500,0.8563299775123596,0.8564000129699707,0.8563200235366821,0.8563699722290039
1786351560,0.8563799858093262,0.8564000129699707,0.8563399910926819,0.8563600182533264
1786351620,0.8563600182533264,0.8564000129699707,0.8563399910926819,0.8563500046730042
1786351680,0.8563600182533264,0.8564000129699707,0.8562999963760376,0.8563399910926819
1786351740,0.8563399910926819,0.8564000129699707,0.8563200235366821,0.8563699722290039
1786351800,0.8563699722290039,0.8564000129699707,0.8563200235366821,0.8563299775123596
1786351860,0.8563299775123596,0.8563500046730042,0.8562300205230713,0.856249988079071
1786351920,0.856249988079071,0.8562999963760376,0.856220006942749,0.8562300205230713
1786351980,0.8562399744987488,0.856249988079071,0.8561999797821045,0.856220006942749
1786352040,0.856220006942749,0.8562300205230713,0.8561800122261047,0.8561999797821045
1786352100,0.8561999797821045,0.856249988079071,0.856190025806427,0.8562300205230713
1786352160,0.8562300205230713,0.8562999963760376,0.856220006942749,0.856249988079071
1786352220,0.856249988079071,0.8562999963760376,0.8561800122261047,0.856190025806427
1786352280,0.8561999797821045,0.856249988079071,0.8561300039291382,0.8561400175094604
1786352340,0.8561300039291382,0.8561999797821045,0.8561000227928162,0.8561300039291382
1786352400,0.8561199903488159,0.8561300039291382,0.8560199737548828,0.8560500144958496
1786352460,0.8560400009155273,0.8561000227928162,0.8560000061988831,0.8560299873352051
1786352520,0.8560299873352051,0.8561099767684937,0.8560000061988831,0.8560900092124939
1786352580,0.8560799956321716,0.8561000227928162,0.8560500144958496,0.8560600280761719
1786352640,0.8560699820518494,0.8561400175094604,0.8560500144958496,0.8561300039291382
1786352700,0.8561300039291382,0.8561300039291382,0.8560299873352051,0.8560900092124939
1786352760,0.8560900092124939,0.8561300039291382,0.8560400009155273,0.8561099767684937
1786352820,0.8561000227928162,0.8561400175094604,0.8560799956321716,0.8561099767684937
1786352880,0.8561099767684937,0.8561400175094604,0.8560900092124939,0.8561400175094604
1786352940,0.8561400175094604,0.8561599850654602,0.8560900092124939,0.8561599850654602
1786353000,0.8561599850654602,0.8562300205230713,0.8561400175094604,0.8561999797821045
1786353060,0.8561999797821045,0.856220006942749,0.8561400175094604,0.8561599850654602
1786353120,0.8561699986457825,0.8561999797821045,0.8561400175094604,0.8561699986457825
1786353180,0.8561699986457825,0.8561999797821045,0.8561000227928162,0.8561199903488159
1786353240,0.8561300039291382,0.8561599850654602,0.8560900092124939,0.8561000227928162
1786353300,0.8561099767684937,0.8561499714851379,0.8560900092124939,0.8561300039291382
1786353360,0.8561400175094604,0.8561999797821045,0.8560900092124939,0.8561199903488159
1786353420,0.8561099767684937,0.8561400175094604,0.8560900092124939,0.8561199903488159
1786353480,0.8561099767684937,0.8561999797821045,0.8561000227928162,0.8561199903488159
1786353540,0.8561300039291382,0.8561999797821045,0.8561000227928162,0.8561499714851379
1786353600,0.8561499714851379,0.8561999797821045,0.8561099767684937,0.8561199903488159
1786353660,0.8561300039291382,0.8561999797821045,0.8561000227928162,0.8561400175094604
1786353720,0.8561400175094604,0.8561999797821045,0.8561199903488159,0.8561699986457825
1786353780,0.8561699986457825,0.8561999797821045,0.8561000227928162,0.8561400175094604
1786353840,0.8561400175094604,0.8561999797821045,0.8560799956321716,0.8561099767684937
1786353900,0.8561099767684937,0.8561099767684937,0.8560699820518494,0.8560900092124939
1786353960,0.8560900092124939,0.8561000227928162,0.8560500144958496,0.8560799956321716
1786354020,0.8560600280761719,0.8561000227928162,0.8560600280761719,0.8560900092124939
1786354080,0.8560900092124939,0.8561099767684937,0.8560699820518494,0.8561099767684937
1786354140,0.8561099767684937,0.8561300039291382,0.8561000227928162,0.8561099767684937
1786354200,0.8561099767684937,0.8561300039291382,0.8560799956321716,0.8560900092124939
1786354260,0.8561300039291382,0.8561300039291382,0.8560699820518494,0.8560900092124939
1786354320,0.8560900092124939,0.8561999797821045,0.8560699820518494,0.8561400175094604
1786354380,0.8561199903488159,0.8561999797821045,0.8561199903488159,0.8561499714851379
1786354440,0.8561499714851379,0.8561999797821045,0.8561000227928162,0.8561499714851379
1786354500,0.8561499714851379,0.8561999797821045,0.8561000227928162,0.8561499714851379
1786354560,0.8561400175094604,0.856220006942749,0.8561199903488159,0.8561999797821045
1786354620,0.8561800122261047,0.8562999963760376,0.8561800122261047,0.8562700152397156
1786354680,0.8562700152397156,0.8563200235366821,0.8562399744987488,0.8562999963760376
1786354740,0.8562999963760376,0.8564000129699707,0.8562800288200378,0.8563100099563599
1786354800,0.8563200235366821,0.8563299775123596,0.8562600016593933,0.8562999963760376
1786354860,0.8562899827957153,0.8563100099563599,0.8562700152397156,0.8562999963760376
1786354920,0.8562999963760376,0.8564000129699707,0.8562700152397156,0.8563600182533264
1786354980,0.8563699722290039,0.8565000295639038,0.8563600182533264,0.8564599752426147
1786355040,0.8564599752426147,0.8565099835395813,0.856410026550293,0.856469988822937
1786355100,0.856469988822937,0.8564800024032593,0.8563899993896484,0.856410026550293
1786355160,0.8564199805259705,0.8564199805259705,0.8563500046730042,0.8564000129699707
1786355220,0.8563799858093262,0.8564500212669373,0.8563699722290039,0.856410026550293
1786355280,0.856410026550293,0.856410026550293,0.8563200235366821,0.8563399910926819
1786355340,0.8563399910926819,0.8564000129699707,0.8563299775123596,0.8563600182533264
1786355400,0.8563500046730042,0.856410026550293,0.8563399910926819,0.8563899993896484
1786355460,0.8563899993896484,0.8564000129699707,0.8563500046730042,0.8563799858093262
1786355520,0.8563799858093262,0.8564000129699707,0.8563399910926819,0.8563500046730042
1786355580,0.8563600182533264,0.8564000129699707,0.8563399910926819,0.8564000129699707
1786355640,0.8564000129699707,0.8564500212669373,0.8563799858093262,0.8564500212669373
1786355700,0.856440007686615,0.8564599752426147,0.8563399910926819,0.8563600182533264
1786355760,0.8563500046730042,0.8564000129699707,0.8562999963760376,0.8563500046730042
1786355820,0.8563500046730042,0.8564000129699707,0.8563200235366821,0.8563799858093262
1786355880,0.8563799858093262,0.8564000129699707,0.8562999963760376,0.8563600182533264
1786355940,0.8563500046730042,0.8564000129699707,0.8562999963760376,0.8563299775123596
1786356000,0.8563299775123596,0.8564299941062927,0.8563100099563599,0.856410026550293
1786356060,0.856410026550293,0.8565000295639038,0.8563799858093262,0.856469988822937
1786356120,0.856469988822937,0.8565000295639038,0.8564000129699707,0.8564299941062927
1786356180,0.856440007686615,0.856440007686615,0.8563299775123596,0.8563699722290039
1786356240,0.8563699722290039,0.8563699722290039,0.8562800288200378,0.8562899827957153
1786356300,0.8562899827957153,0.8562999963760376,0.8562399744987488,0.8562899827957153
1786356360,0.8562899827957153,0.8562999963760376,0.856249988079071,0.8562999963760376
1786356420,0.8562999963760376,0.8563200235366821,0.856249988079071,0.8562800288200378
1786356480,0.8562700152397156,0.8562999963760376,0.8562700152397156,0.8562999963760376
1786356540,0.8562899827957153,0.8562999963760376,0.8561800122261047,0.856190025806427
1786356600,0.8562099933624268,0.856220006942749,0.8561599850654602,0.8561800122261047
1786356660,0.8561800122261047,0.8561999797821045,0.8561400175094604,0.856190025806427
1786356720,0.856190025806427,0.8561999797821045,0.8561499714851379,0.8561699986457825
1786356780,0.8561499714851379,0.8561999797821045,0.8561300039291382,0.8561499714851379
1786356840,0.8561800122261047,0.8561999797821045,0.8561499714851379,0.8561800122261047
1786356900,0.8561800122261047,0.8561999797821045,0.8561499714851379,0.8561800122261047
1786356960,0.8561800122261047,0.8561999797821045,0.8561400175094604,0.8561999797821045
1786357020,0.8561999797821045,0.8562300205230713,0.8561699986457825,0.856220006942749
1786357080,0.856220006942749,0.8562300205230713,0.8561800122261047,0.8561999797821045
1786357140,0.8561999797821045,0.856220006942749,0.856190025806427,0.8562099933624268
1786357200,0.8562099933624268,0.8562399744987488,0.8561800122261047,0.8562300205230713
1786357260,0.8562300205230713,0.8562300205230713,0.8561300039291382,0.8561400175094604
1786357320,0.8561400175094604,0.8561999797821045,0.8561199903488159,0.8561599850654602
1786357380,0.8561599850654602,0.8561999797821045,0.8561400175094604,0.8561800122261047
1786357440,0.8561800122261047,0.8562300205230713,0.8561699986457825,0.8561800122261047
1786357500,0.8561800122261047,0.8562099933624268,0.8561699986457825,0.856190025806427
1786357560,0.856190025806427,0.8561999797821045,0.8561400175094604,0.8561800122261047
1786357620,0.8561800122261047,0.8561999797821045,0.8561599850654602,0.8561800122261047
1786357680,0.8561800122261047,0.8562300205230713,0.8561599850654602,0.8561999797821045
1786357740,0.856220006942749,0.8562300205230713,0.8561800122261047,0.856220006942749
1786357800,0.856220006942749,0.8562999963760376,0.8561999797821045,0.8562399744987488
1786357860,0.8562399744987488,0.8562999963760376,0.8562300205230713,0.8562700152397156
1786357920,0.8562700152397156,0.8562999963760376,0.8562300205230713,0.8562600016593933
1786357980,0.856249988079071,0.856249988079071,0.8561000227928162,0.8561300039291382
1786358040,0.8561499714851379,0.8561499714851379,0.8560000061988831,0.8560400009155273
1786358100,0.8560500144958496,0.8561000227928162,0.8560000061988831,0.8560199737548828
1786358160,0.8560199737548828,0.8560400009155273,0.8559899926185608,0.8560299873352051
1786358220,0.8560299873352051,0.8560600280761719,0.8559799790382385,0.8559899926185608
1786358280,0.8559899926185608,0.8560199737548828,0.855970025062561,0.8560000061988831
1786358340,0.8560100197792053,0.8560199737548828,0.8559600114822388,0.8560199737548828
1786358400,0.8560199737548828,0.8560199737548828,0.8559899926185608,0.8560199737548828
1786358460,0.8560199737548828,0.8560199737548828,0.8559799790382385,0.8560000061988831
1786358520,0.8560000061988831,0.8560000061988831,0.855929970741272,0.855970025062561
1786358580,0.855970025062561,0.8560000061988831,0.8559499979019165,0.8559600114822388
1786358640,0.8559600114822388,0.8560199737548828,0.8559600114822388,0.8560100197792053
1786358700,0.8560100197792053,0.8560199737548828,0.8559799790382385,0.8560000061988831
1786358760,0.8559899926185608,0.8560199737548828,0.8559600114822388,0.8560100197792053
1786358820,0.8560100197792053,0.8560199737548828,0.8559499979019165,0.855970025062561
1786358880,0.855970025062561,0.8560000061988831,0.8559399843215942,0.855970025062561
1786358940,0.8559499979019165,0.8560000061988831,0.85589998960495,0.8559600114822388
1786359000,0.8559600114822388,0.8560100197792053,0.8559399843215942,0.8560000061988831
1786359060,0.8560000061988831,0.8560299873352051,0.8559899926185608,0.8560299873352051
1786359120,0.8560299873352051,0.8560400009155273,0.8559799790382385,0.8560000061988831
1786359180,0.8560000061988831,0.8560100197792053,0.8559399843215942,0.8559799790382385
1786359240,0.8559899926185608,0.8560100197792053,0.855970025062561,0.8559899926185608
1786359300,0.855970025062561,0.8560199737548828,0.855929970741272,0.8560100197792053
1786359360,0.8560100197792053,0.8560199737548828,0.8558899760246277,0.8559100031852722
1786359420,0.8559100031852722,0.8559200167655945,0.8558700084686279,0.8558899760246277
1786359480,0.85589998960495,0.8559399843215942,0.8558700084686279,0.855929970741272
1786359540,0.855929970741272,0.8559399843215942,0.8558599948883057,0.8558700084686279
1786359600,0.8558700084686279,0.85589998960495,0.8557999730110168,0.8558300137519836
1786359660,0.8558099865913391,0.85589998960495,0.8557599782943726,0.8558099865913391
1786359720,0.8558099865913391,0.85589998960495,0.8557999730110168,0.8558499813079834
1786359780,0.8558499813079834,0.85589998960495,0.8557999730110168,0.8558499813079834
1786359840,0.8558499813079834,0.85589998960495,0.8558400273323059,0.8558800220489502
1786359900,0.8558899760246277,0.8559200167655945,0.8558599948883057,0.8559100031852722
1786359960,0.8559100031852722,0.8559399843215942,0.8558700084686279,0.85589998960495
1786360020,0.85589998960495,0.85589998960495,0.8557999730110168,0.8558200001716614
1786360080,0.8558200001716614,0.8558499813079834,0.8557999730110168,0.8558200001716614
1786360140,0.8558099865913391,0.85589998960495,0.8558099865913391,0.8558499813079834
1786360200,0.8558499813079834,0.8558499813079834,0.8557999730110168,0.8558200001716614
1786360260,0.8558200001716614,0.8558599948883057,0.8557999730110168,0.8558400273323059
1786360320,0.8558300137519836,0.8558499813079834,0.8557999730110168,0.8558300137519836
1786360380,0.8558300137519836,0.85589998960495,0.8557999730110168,0.8558499813079834
1786360440,0.8558599948883057,0.8558599948883057,0.8557900190353394,0.8557999730110168
1786360500,0.8558200001716614,0.8558400273323059,0.8557800054550171,0.8558099865913391
1786360560,0.8558099865913391,0.8558300137519836,0.8557999730110168,0.8558300137519836
1786360620,0.8558099865913391,0.8558599948883057,0.8557900190353394,0.8557999730110168
1786360680,0.8557999730110168,0.8557999730110168,0.8556900024414062,0.8557400107383728
1786360740,0.8557400107383728,0.8557999730110168,0.855679988861084,0.8556900024414062
1786360800,0.8556900024414062,0.8557100296020508,0.8556200265884399,0.8556299805641174
1786360860,0.8556299805641174,0.8556299805641174,0.8555899858474731,0.8555999994277954
1786360920,0.8555999994277954,0.8557100296020508,0.8555899858474731,0.855679988861084
1786360980,0.855679988861084,0.8557199835777283,0.8556600213050842,0.8557000160217285
1786361040,0.8557199835777283,0.8557199835777283,0.8556600213050842,0.8556900024414062
1786361100,0.8556900024414062,0.8557100296020508,0.8556600213050842,0.8556900024414062
1786361160,0.8556900024414062,0.8557000160217285,0.855650007724762,0.8556699752807617
1786361220,0.8556699752807617,0.8557000160217285,0.8555999994277954,0.8556699752807617
1786361280,0.8556699752807617,0.8557000160217285,0.8556600213050842,0.8556699752807617
1786361340,0.855679988861084,0.8557199835777283,0.8556600213050842,0.8557100296020508
1786361400,0.8557000160217285,0.8557999730110168,0.8556900024414062,0.8557599782943726
1786361460,0.8557599782943726,0.8557999730110168,0.8557199835777283,0.8557599782943726
1786361520,0.8557599782943726,0.8557999730110168,0.8557199835777283,0.8557599782943726
1786361580,0.8557599782943726,0.8557599782943726,0.8556600213050842,0.855679988861084
1786361640,0.855679988861084,0.8557000160217285,0.8556200265884399,0.8556399941444397
1786361700,0.8556399941444397,0.8557000160217285,0.8555899858474731,0.855650007724762
1786361760,0.8556299805641174,0.8557000160217285,0.8556100130081177,0.8556200265884399
1786361820,0.8556399941444397,0.8556399941444397,0.8555700182914734,0.8556200265884399
1786361880,0.8556100130081177,0.8556200265884399,0.8555200099945068,0.8555300235748291
1786361940,0.8555200099945068,0.8555999994277954,0.8554900288581848,0.8555099964141846
1786362000,0.8554999828338623,0.8555999994277954,0.8554999828338623,0.8555700182914734
1786362060,0.8555600047111511,0.8555999994277954,0.8555399775505066,0.8555799722671509
1786362120,0.8555999994277954,0.8555999994277954,0.8554999828338623,0.8555200099945068
1786362180,0.8555200099945068,0.8555399775505066,0.8554999828338623,0.8555200099945068
1786362240,0.8555200099945068,0.8555999994277954,0.8554999828338623,0.8555300235748291
1786362300,0.8555200099945068,0.8555999994277954,0.8554999828338623,0.8555899858474731
1786362360,0.8555899858474731,0.8556100130081177,0.8555300235748291,0.8555499911308289
1786362420,0.8555399775505066,0.8555999994277954,0.8555399775505066,0.8555600047111511
1786362480,0.8555700182914734,0.855650007724762,0.8555499911308289,0.8556399941444397
1786362540,0.8556399941444397,0.8557000160217285,0.8555999994277954,0.8556299805641174
1786362600,0.8556299805641174,0.8556399941444397,0.8555899858474731,0.8556100130081177
1786362660,0.8556100130081177,0.8556100130081177,0.8555600047111511,0.8555799722671509
1786362720,0.8555799722671509,0.8556100130081177,0.8555499911308289,0.8556100130081177
1786362780,0.8556100130081177,0.8556299805641174,0.8555799722671509,0.8556200265884399
1786362840,0.8556100130081177,0.8556200265884399,0.8555700182914734,0.8555899858474731
1786362900,0.8555899858474731,0.8556100130081177,0.8555700182914734,0.8555799722671509
1786362960,0.8555799722671509,0.8556299805641174,0.8555499911308289,0.8556299805641174
1786363020,0.8556299805641174,0.8557000160217285,0.8555999994277954,0.855679988861084
1786363080,0.855679988861084,0.8557000160217285,0.8556200265884399,0.8556600213050842
1786363140,0.8556699752807617,0.8556699752807617,0.8555899858474731,0.8556299805641174
1786363200,0.8556299805641174,0.8556600213050842,0.8555999994277954,0.8556399941444397
1786363260,0.8556399941444397,0.8557000160217285,0.8556200265884399,0.8556900024414062
1786363320,0.8556900024414062,0.8557000160217285,0.855650007724762,0.8556699752807617
1786363380,0.855650007724762,0.8557000160217285,0.8556399941444397,0.855650007724762
1786363440,0.8556399941444397,0.8557299971580505,0.8556399941444397,0.8557299971580505
1786363500,0.8557299971580505,0.8557999730110168,0.8557000160217285,0.8557900190353394
1786363560,0.8557900190353394,0.8558300137519836,0.8557599782943726,0.8558300137519836
1786363620,0.8558200001716614,0.8558300137519836,0.8557199835777283,0.8557699918746948
1786363680,0.8557699918746948,0.8557999730110168,0.8557000160217285,0.8557400107383728
1786363740,0.8557400107383728,0.8557400107383728,0.8556100130081177,0.8556299805641174
1786363800,0.8556200265884399,0.8557000160217285,0.8555999994277954,0.8556399941444397
1786363860,0.8556399941444397,0.8557000160217285,0.8555999994277954,0.8556600213050842
1786363920,0.855650007724762,0.8557299971580505,0.855650007724762,0.8557199835777283
1786363980,0.8557199835777283,0.8557999730110168,0.8557199835777283,0.8557599782943726
1786364040,0.8557599782943726,0.8557999730110168,0.8557299971580505,0.8557599782943726
1786364100,0.8557500243186951,0.8557999730110168,0.8557299971580505,0.8557699918746948
1786364160,0.8557699918746948,0.8557999730110168,0.8557000160217285,0.8557299971580505
1786364220,0.8557299971580505,0.8557999730110168,0.8556399941444397,0.855679988861084
1786364280,0.855679988861084,0.8557000160217285,0.8556600213050842,0.8556900024414062
1786364340,0.8557000160217285,0.8557999730110168,0.8556399941444397,0.8557500243186951
1786364400,0.8557500243186951,0.8557999730110168,0.8557100296020508,0.8557800054550171
1786364460,0.8557800054550171,0.8558400273323059,0.8557500243186951,0.8558200001716614
1786364520,0.8558200001716614,0.85589998960495,0.8557800054550171,0.8557800054550171
1786364580,0.8557900190353394,0.8558099865913391,0.8557400107383728,0.8557900190353394
1786364640,0.8557999730110168,0.8558499813079834,0.8557699918746948,0.8558400273323059
1786364700,0.8558400273323059,0.8558700084686279,0.8557500243186951,0.8557699918746948
1786364760,0.8557699918746948,0.8558300137519836,0.8557299971580505,0.8557500243186951
1786364820,0.8557599782943726,0.8557999730110168,0.8557299971580505,0.8557400107383728
1786364880,0.8557400107383728,0.8557999730110168,0.8557000160217285,0.8557599782943726
1786364940,0.8557599782943726,0.8557999730110168,0.8557400107383728,0.8557800054550171
1786365000,0.8557699918746948,0.8558200001716614,0.8557299971580505,0.8558099865913391
1786365060,0.8558099865913391,0.8558200001716614,0.8557299971580505,0.8557800054550171
1786365120,0.8557800054550171,0.8558400273323059,0.8557699918746948,0.8558300137519836
1786365180,0.8558400273323059,0.8558400273323059,0.8557999730110168,0.8558400273323059
1786365240,0.8558400273323059,0.8558400273323059,0.8557299971580505,0.8557400107383728
1786365300,0.8557400107383728,0.8557999730110168,0.8557000160217285,0.8557400107383728
1786365360,0.8557400107383728,0.8558300137519836,0.8557299971580505,0.8557800054550171
1786365420,0.8557800054550171,0.8558300137519836,0.8557699918746948,0.8557999730110168
1786365480,0.8557999730110168,0.855929970741272,0.8557699918746948,0.8558899760246277
1786365540,0.8558899760246277,0.8559399843215942,0.8558499813079834,0.8558899760246277
1786365600,0.8558899760246277,0.85589998960495,0.8558400273323059,0.8558700084686279
1786365660,0.8558599948883057,0.8558800220489502,0.8557000160217285,0.8557299971580505
1786365720,0.8557299971580505,0.8557400107383728,0.855650007724762,0.8556600213050842
1786365780,0.8556600213050842,0.8557000160217285,0.8556100130081177,0.8556600213050842
1786365840,0.8556600213050842,0.8557400107383728,0.8556399941444397,0.8557100296020508
1786365900,0.8557100296020508,0.8557999730110168,0.8556900024414062,0.8557599782943726
1786365960,0.8557599782943726,0.8557999730110168,0.8557199835777283,0.8557400107383728
1786366020,0.8557400107383728,0.8557599782943726,0.8557000160217285,0.8557100296020508
1786366080,0.8557100296020508,0.8557299971580505,0.8556600213050842,0.8556900024414062
1786366140,0.8556900024414062,0.8557000160217285,0.8556600213050842,0.8556699752807617
1786366200,0.8556699752807617,0.8557299971580505,0.8556600213050842,0.8557100296020508
1786366260,0.8557100296020508,0.8557400107383728,0.8556699752807617,0.8556900024414062
1786366320,0.8557000160217285,0.8557699918746948,0.855679988861084,0.8557000160217285
1786366380,0.8557000160217285,0.8557400107383728,0.8556699752807617,0.8557100296020508
1786366440,0.8557100296020508,0.8557199835777283,0.8556600213050842,0.8556600213050842
1786366500,0.8556600213050842,0.8557000160217285,0.8556399941444397,0.8556600213050842
1786366560,0.8556600213050842,0.8557000160217285,0.8555899858474731,0.855650007724762
1786366620,0.8556399941444397,0.8557000160217285,0.8555600047111511,0.8555700182914734
1786366680,0.8555700182914734,0.8556200265884399,0.8555600047111511,0.8555999994277954
1786366740,0.8555999994277954,0.8556600213050842,0.8555899858474731,0.8556299805641174
1786366800,0.8556299805641174,0.8556399941444397,0.8555200099945068,0.8556200265884399
1786366860,0.8556100130081177,0.8556200265884399,0.8555399775505066,0.8555799722671509
1786366920,0.8555600047111511,0.8555999994277954,0.8555300235748291,0.8555600047111511
1786366980,0.8555600047111511,0.8556399941444397,0.8555200099945068,0.8556100130081177
1786367040,0.8556100130081177,0.8556100130081177,0.8555300235748291,0.8555600047111511
1786367100,0.8555600047111511,0.8555999994277954,0.8554999828338623,0.8555600047111511
1786367160,0.8555600047111511,0.8555700182914734,0.8554800152778625,0.8555099964141846
1786367220,0.8555099964141846,0.8555999994277954,0.8554900288581848,0.8555300235748291
1786367280,0.8555300235748291,0.8555999994277954,0.8555200099945068,0.8555499911308289
1786367340,0.8555499911308289,0.8555999994277954,0.8554999828338623,0.8555300235748291
1786367400,0.8555300235748291,0.8555799722671509,0.8554999828338623,0.8555099964141846
1786367460,0.8555200099945068,0.8555999994277954,0.8554999828338623,0.8555399775505066
1786367520,0.8555399775505066,0.8555999994277954,0.8554900288581848,0.8555300235748291
1786367580,0.8555300235748291,0.8555600047111511,0.8554700016975403,0.8555099964141846
1786367640,0.8554999828338623,0.8555399775505066,0.855430006980896,0.8554400205612183
1786367700,0.8554400205612183,0.8554999828338623,0.8553400039672852,0.8553900122642517
1786367760,0.8553799986839294,0.855400025844574,0.8553000092506409,0.8553299903869629
1786367820,0.8553599715232849,0.8554199934005737,0.8553299903869629,0.8553599715232849
1786367880,0.8553599715232849,0.855430006980896,0.8553299903869629,0.8554199934005737
1786367940,0.8554199934005737,0.8554199934005737,0.8553299903869629,0.8553900122642517
1786368000,0.855400025844574,0.855400025844574,0.8553100228309631,0.8553599715232849
1786368060,0.8553599715232849,0.8554199934005737,0.8553500175476074,0.8554099798202515
1786368120,0.8554099798202515,0.8554099798202515,0.8553199768066406,0.8553599715232849
1786368180,0.8553599715232849,0.855400025844574,0.8553299903869629,0.8553599715232849
1786368240,0.8553599715232849,0.855430006980896,0.8553500175476074,0.8554199934005737
1786368300,0.8554099798202515,0.8554999828338623,0.8553900122642517,0.855430006980896
1786368360,0.855430006980896,0.855430006980896,0.8553500175476074,0.8554199934005737
1786368420,0.8554199934005737,0.8554400205612183,0.8553599715232849,0.8553799986839294
1786368480,0.8553799986839294,0.855430006980896,0.8553599715232849,0.8554199934005737
1786368540,0.8554199934005737,0.8554999828338623,0.8553699851036072,0.8554800152778625
1786368600,0.8554700016975403,0.8554999828338623,0.8553500175476074,0.8553900122642517
1786368660,0.8553900122642517,0.8554999828338623,0.8553799986839294,0.8554199934005737
1786368720,0.855430006980896,0.8554400205612183,0.8553299903869629,0.8553599715232849
1786368780,0.8553599715232849,0.8554099798202515,0.8552799820899963,0.8552899956703186
1786368840,0.8552899956703186,0.8553400039672852,0.8552700281143188,0.8552799820899963
1786368900,0.8552799820899963,0.8553000092506409,0.855180025100708,0.8551899790763855
1786368960,0.8551999926567078,0.8553000092506409,0.8551300168037415,0.8551999926567078
1786369020,0.8551899790763855,0.8553000092506409,0.8551599979400635,0.8552700281143188
1786369080,0.8552700281143188,0.8553000092506409,0.8552200198173523,0.8552600145339966
1786369140,0.8552600145339966,0.8553299903869629,0.8552200198173523,0.8552500009536743
1786369200,0.855239987373352,0.8553299903869629,0.8552299737930298,0.8553100228309631
1786369260,0.8553100228309631,0.855400025844574,0.8552799820899963,0.8553500175476074
1786369320,0.8553500175476074,0.8553500175476074,0.8552799820899963,0.8553299903869629
1786369380,0.8553500175476074,0.855400025844574,0.8553100228309631,0.8553299903869629
1786369440,0.8553299903869629,0.8553500175476074,0.8551700115203857,0.8551899790763855
1786369500,0.8551899790763855,0.8552500009536743,0.8551700115203857,0.8551999926567078
1786369560,0.85521000623703,0.8552600145339966,0.8551700115203857,0.855239987373352
1786369620,0.855239987373352,0.8553000092506409,0.8551999926567078,0.855239987373352
1786369680,0.855239987373352,0.8552700281143188,0.855180025100708,0.8551999926567078
1786369740,0.8551999926567078,0.8553000092506409,0.855180025100708,0.8551999926567078
1786369800,0.8551999926567078,0.8552799820899963,0.8551700115203857,0.8552500009536743
1786369860,0.8552500009536743,0.8553000092506409,0.8551499843597412,0.855180025100708
1786369920,0.8551700115203857,0.8552299737930298,0.8551200032234192,0.8551700115203857
1786369980,0.8551599979400635,0.8551999926567078,0.8551099896430969,0.8551599979400635
1786370040,0.8551599979400635,0.8551999926567078,0.8550900220870972,0.8550900220870972
1786370100,0.8551099896430969,0.8551999926567078,0.8550800085067749,0.8550800085067749
1786370160,0.8550800085067749,0.8550999760627747,0.8549100160598755,0.8549299836158752
1786370220,0.8549500107765198,0.854960024356842,0.8548499941825867,0.854889988899231
1786370280,0.854889988899231,0.8549100160598755,0.8548099994659424,0.8548600077629089
1786370340,0.8548600077629089,0.8549100160598755,0.8548300266265869,0.8548600077629089
1786370400,0.8548700213432312,0.8549299836158752,0.8548099994659424,0.8548499941825867
1786370460,0.8548600077629089,0.8549100160598755,0.8548099994659424,0.8548200130462646
1786370520,0.8548099994659424,0.8548200130462646,0.8547000288963318,0.8547099828720093
1786370580,0.8547000288963318,0.8547199964523315,0.8546000123023987,0.8546199798583984
1786370640,0.854640007019043,0.854669988155365,0.8545699715614319,0.8546599745750427
1786370700,0.8546599745750427,0.854669988155365,0.8545799851417542,0.8546000123023987
1786370760,0.8545899987220764,0.8546500205993652,0.8545200228691101,0.8545299768447876
1786370820,0.8545299768447876,0.8545299768447876,0.8543800115585327,0.8544099926948547
1786370880,0.854420006275177,0.8544600009918213,0.8543999791145325,0.854449987411499
1786370940,0.854449987411499,0.8545399904251099,0.8544300198554993,0.8544999957084656
1786371000,0.8544999957084656,0.8545399904251099,0.8543000221252441,0.8543599843978882
1786371060,0.8543499708175659,0.8544399738311768,0.8543199896812439,0.8544099926948547
1786371120,0.8544099926948547,0.8544999957084656,0.8543999791145325,0.8544899821281433
1786371180,0.8544800281524658,0.8544999957084656,0.8543999791145325,0.8544300198554993
1786371240,0.8544399738311768,0.8544999957084656,0.8543300032615662,0.8543999791145325
1786371300,0.854390025138855,0.8544999957084656,0.8543499708175659,0.8544600009918213
1786371360,0.8544600009918213,0.8545600175857544,0.8544099926948547,0.8545600175857544
1786371420,0.8545600175857544,0.8547000288963318,0.8545500040054321,0.8546500205993652
1786371480,0.8546500205993652,0.8547000288963318,0.8546299934387207,0.8546599745750427
1786371540,0.8546599745750427,0.8547000288963318,0.8545899987220764,0.8546299934387207
1786371600,0.8546199798583984,0.854640007019043,0.8545899987220764,0.8546000123023987
1786371660,0.854610025882721,0.8547000288963318,0.8545899987220764,0.8546599745750427
1786371720,0.8546599745750427,0.8547199964523315,0.854610025882721,0.8547099828720093
1786371780,0.8547099828720093,0.8547300100326538,0.8546000123023987,0.8546299934387207
1786371840,0.8546599745750427,0.8547000288963318,0.8546199798583984,0.8546900153160095
1786371900,0.8546900153160095,0.8547499775886536,0.854669988155365,0.8547300100326538
1786371960,0.8547300100326538,0.8547999858856201,0.8547300100326538,0.8547700047492981
1786372020,0.8547800183296204,0.8547999858856201,0.8546299934387207,0.8546800017356873
1786372080,0.854669988155365,0.8547000288963318,0.8545899987220764,0.8546000123023987
1786372140,0.8546000123023987,0.8546000123023987,0.8545500040054321,0.8545699715614319
1786372200,0.8545899987220764,0.854640007019043,0.8545600175857544,0.8546199798583984
1786372260,0.8546199798583984,0.854640007019043,0.8544899821281433,0.8545600175857544
1786372320,0.8545699715614319,0.8546199798583984,0.8545399904251099,0.854610025882721
1786372380,0.8546199798583984,0.8547000288963318,0.8546000123023987,0.8546500205993652
1786372440,0.8546500205993652,0.8547000288963318,0.8546199798583984,0.8546500205993652
1786372500,0.8546500205993652,0.8547000288963318,0.8545899987220764,0.8546000123023987
1786372560,0.8546000123023987,0.8546000123023987,0.8545399904251099,0.8545600175857544
1786372620,0.8545600175857544,0.8545699715614319,0.8544700145721436,0.8545100092887878
1786372680,0.8545100092887878,0.8545600175857544,0.8544800281524658,0.8545600175857544
1786372740,0.8545399904251099,0.8546500205993652,0.8545399904251099,0.8546199798583984
1786372800,0.8546199798583984,0.8546800017356873,0.8545399904251099,0.8545500040054321
1786372860,0.8545600175857544,0.8546000123023987,0.8544399738311768,0.8544600009918213
1786372920,0.8544600009918213,0.8544700145721436,0.8543300032615662,0.8543300032615662
1786372980,0.8543400168418884,0.8543599843978882,0.8542500138282776,0.8542600274085999
1786373040,0.8542600274085999,0.8543000221252441,0.854170024394989,0.8542199730873108
1786373100,0.8542199730873108,0.8542900085449219,0.8540800213813782,0.8540999889373779
1786373160,0.8540999889373779,0.8541100025177002,0.8539800047874451,0.8540099859237671
1786373220,0.8540099859237671,0.8540700078010559,0.8539900183677673,0.8540599942207336
1786373280,0.8540599942207336,0.8540599942207336,0.853950023651123,0.8539800047874451
1786373340,0.8539900183677673,0.8540400266647339,0.8539599776268005,0.8540400266647339
1786373400,0.8540400266647339,0.8543499708175659,0.8540300130844116,0.8542799949645996
1786373460,0.8543000221252441,0.854420006275177,0.8542600274085999,0.8543699979782104
1786373520,0.8543999791145325,0.854420006275177,0.8543000221252441,0.8543400168418884
1786373580,0.8543599843978882,0.8544099926948547,0.8542299866676331,0.8543800115585327
1786373640,0.8543599843978882,0.854420006275177,0.8543000221252441,0.854390025138855
1786373700,0.8543800115585327,0.8543999791145325,0.8542799949645996,0.8543599843978882
1786373760,0.8543599843978882,0.8543999791145325,0.8542900085449219,0.8543599843978882
1786373820,0.8543599843978882,0.8545200228691101,0.8542900085449219,0.8543599843978882
1786373880,0.8543699979782104,0.8543999791145325,0.8543000221252441,0.8543699979782104
1786373940,0.8543699979782104,0.8543999791145325,0.8543199896812439,0.8543400168418884
1786374000,0.8543400168418884,0.8544300198554993,0.8543300032615662,0.8543599843978882
1786374060,0.8543599843978882,0.8543999791145325,0.8542600274085999,0.8542699813842773
1786374120,0.8542699813842773,0.8543199896812439,0.8542299866676331,0.8542600274085999
1786374180,0.8542600274085999,0.8543000221252441,0.8542199730873108,0.8542500138282776
1786374240,0.8542400002479553,0.8543499708175659,0.8542299866676331,0.8543300032615662
1786374300,0.8543199896812439,0.8543999791145325,0.8542900085449219,0.8543300032615662
1786374360,0.8543400168418884,0.8543400168418884,0.8542299866676331,0.8542400002479553
1786374420,0.8542500138282776,0.8543199896812439,0.8542100191116333,0.8543000221252441
1786374480,0.8543000221252441,0.8544099926948547,0.8542900085449219,0.8543699979782104
1786374540,0.8543699979782104,0.8543800115585327,0.8542699813842773,0.8542699813842773
1786374600,0.8542699813842773,0.8543000221252441,0.854200005531311,0.8542600274085999
1786374660,0.8542600274085999,0.8543000221252441,0.854200005531311,0.8542199730873108
1786374720,0.8542199730873108,0.8542500138282776,0.854170024394989,0.854200005531311
1786374780,0.854200005531311,0.8542299866676331,0.8541399836540222,0.8542100191116333
1786374840,0.8541899919509888,0.854200005531311,0.8540999889373779,0.8541799783706665
1786374900,0.854170024394989,0.8543000221252441,0.8541600108146667,0.8542400002479553
1786374960,0.8542400002479553,0.8543000221252441,0.8542199730873108,0.8542699813842773
1786375020,0.8542600274085999,0.8543499708175659,0.8542500138282776,0.8542699813842773
1786375080,0.8542699813842773,0.8543099761009216,0.8542299866676331,0.8542400002479553
1786375140,0.8542400002479553,0.8543000221252441,0.854200005531311,0.8542100191116333
1786375200,0.8542100191116333,0.8542100191116333,0.8541600108146667,0.854170024394989
1786375260,0.854170024394989,0.854200005531311,0.8540300130844116,0.8540300130844116
1786375320,0.8540300130844116,0.8540499806404114,0.8539699912071228,0.8540099859237671
1786375380,0.8540099859237671,0.8540300130844116,0.8539599776268005,0.8539999723434448
1786375440,0.8540099859237671,0.8540400266647339,0.8539900183677673,0.8540300130844116
1786375500,0.8540199995040894,0.8540999889373779,0.8540099859237671,0.8540700078010559
1786375560,0.8540700078010559,0.8541300296783447,0.8539999723434448,0.8540700078010559
1786375620,0.8540599942207336,0.8541100025177002,0.8540400266647339,0.8541100025177002
1786375680,0.8541100025177002,0.8541499972343445,0.8540700078010559,0.8540800213813782
1786375740,0.8540700078010559,0.8540999889373779,0.8540199995040894,0.8540300130844116
1786375800,0.8540400266647339,0.8540999889373779,0.8540199995040894,0.8540199995040894
1786375860,0.8540199995040894,0.8540999889373779,0.8539999723434448,0.8540099859237671
1786375920,0.8539999723434448,0.8540099859237671,0.8539800047874451,0.8539800047874451
1786375980,0.8539800047874451,0.8539999723434448,0.8539000153541565,0.8539299964904785
1786376040,0.8539299964904785,0.8539400100708008,0.8538600206375122,0.853879988193512
1786376100,0.853879988193512,0.8539000153541565,0.8537799715995789,0.8538100123405457
1786376160,0.8538100123405457,0.8538500070571899,0.8537799715995789,0.8538299798965454
1786376220,0.8538299798965454,0.8538399934768677,0.8537700176239014,0.8537899851799011
1786376280,0.8537899851799011,0.8537999987602234,0.8537399768829346,0.8537600040435791
1786376340,0.8537499904632568,0.8537999987602234,0.8536900281906128,0.8537200093269348
1786376400,0.8537200093269348,0.8537999987602234,0.8537099957466125,0.8537700176239014
1786376460,0.8537700176239014,0.8537999987602234,0.8536900281906128,0.8536900281906128
1786376520,0.8536999821662903,0.8537600040435791,0.8536900281906128,0.8537399768829346
1786376580,0.8537399768829346,0.8537499904632568,0.853659987449646,0.8536900281906128
1786376640,0.8536999821662903,0.8536999821662903,0.8536199927330017,0.8536700010299683
1786376700,0.853659987449646,0.8537300229072571,0.8536499738693237,0.8536999821662903
1786376760,0.8536999821662903,0.8537399768829346,0.8536800146102905,0.8537099957466125
1786376820,0.8537200093269348,0.8537499904632568,0.8536400198936462,0.8536999821662903
1786376880,0.8536999821662903,0.8537499904632568,0.8536700010299683,0.8536800146102905
1786376940,0.8536800146102905,0.8538100123405457,0.8536700010299683,0.8537999987602234
1786377000,0.8537999987602234,0.8537999987602234,0.8537499904632568,0.8537600040435791
1786377060,0.8537700176239014,0.8538699746131897,0.8537600040435791,0.8538500070571899
1786377120,0.8538600206375122,0.8539999723434448,0.8538600206375122,0.8539299964904785
1786377180,0.8539100289344788,0.8540999889373779,0.8539100289344788,0.8540800213813782
1786377240,0.8540999889373779,0.854200005531311,0.8540800213813782,0.8541300296783447
1786377300,0.8541300296783447,0.8541499972343445,0.8540400266647339,0.8540400266647339
1786377360,0.8540599942207336,0.8541300296783447,0.8540400266647339,0.8541200160980225
1786377420,0.8540999889373779,0.8541200160980225,0.8540099859237671,0.8540300130844116
1786377480,0.8540300130844116,0.8540300130844116,0.8539400100708008,0.8540099859237671
1786377540,0.8540099859237671,0.8540999889373779,0.8539900183677673,0.8540199995040894
1786377600,0.8540199995040894,0.8540700078010559,0.8539900183677673,0.8540300130844116
1786377660,0.8540499806404114,0.8540999889373779,0.8539999723434448,0.8540199995040894
1786377720,0.8540199995040894,0.8540999889373779,0.8539999723434448,0.8540700078010559
1786377780,0.8540700078010559,0.8541899919509888,0.8540700078010559,0.8541799783706665
1786377840,0.8541899919509888,0.8543000221252441,0.854170024394989,0.8541899919509888
1786377900,0.8541899919509888,0.8542199730873108,0.854170024394989,0.8541899919509888
1786377960,0.8541899919509888,0.854200005531311,0.8541200160980225,0.8541600108146667
1786378020,0.8541600108146667,0.8542100191116333,0.8540899753570557,0.8541100025177002
1786378080,0.8541100025177002,0.8541200160980225,0.8540899753570557,0.8541100025177002
1786378140,0.8541200160980225,0.8542400002479553,0.8540899753570557,0.8542299866676331
1786378200,0.8542400002479553,0.8543000221252441,0.854200005531311,0.8542600274085999
1786378260,0.8542500138282776,0.8543000221252441,0.8541600108146667,0.854200005531311
1786378320,0.854200005531311,0.8543000221252441,0.854170024394989,0.8542400002479553
1786378380,0.8542400002479553,0.8543000221252441,0.8541799783706665,0.8541899919509888
1786378440,0.8541899919509888,0.854200005531311,0.8541600108146667,0.8541799783706665
1786378500,0.8541799783706665,0.8542600274085999,0.854170024394989,0.8542400002479553
1786378560,0.8542400002479553,0.8542400002479553,0.8541899919509888,0.8542400002479553
1786378620,0.8542400002479553,0.8543000221252441,0.854200005531311,0.8542699813842773
1786378680,0.8542699813842773,0.8543000221252441,0.8542400002479553,0.8542900085449219
1786378740,0.8543000221252441,0.8543199896812439,0.8542600274085999,0.8542699813842773
1786378800,0.8542799949645996,0.8543000221252441,0.8542600274085999,0.8542799949645996
1786378860,0.8542799949645996,0.8543000221252441,0.8542299866676331,0.8542699813842773
1786378920,0.8542699813842773,0.8543000221252441,0.8542199730873108,0.8542500138282776
1786378980,0.8542600274085999,0.8543000221252441,0.8542400002479553,0.8542799949645996
1786379040,0.8542799949645996,0.8543000221252441,0.8542600274085999,0.8542699813842773
1786379100,0.8542699813842773,0.8543000221252441,0.854200005531311,0.8542100191116333
1786379160,0.8542100191116333,0.8542299866676331,0.8541799783706665,0.8542100191116333
1786379220,0.854200005531311,0.8542500138282776,0.8541799783706665,0.8542100191116333
1786379280,0.8542199730873108,0.8542699813842773,0.854200005531311,0.8542600274085999
1786379340,0.8542600274085999,0.8543000221252441,0.854200005531311,0.8542400002479553
1786379400,0.8542400002479553,0.8543000221252441,0.8542100191116333,0.8542400002479553
1786379460,0.8542400002479553,0.8542699813842773,0.854200005531311,0.8542400002479553
1786379520,0.8542199730873108,0.8543000221252441,0.8541899919509888,0.8542100191116333
1786379580,0.8542299866676331,0.8543000221252441,0.8541899919509888,0.8542900085449219
1786379640,0.8542900085449219,0.8543999791145325,0.8542699813842773,0.8543199896812439
1786379700,0.8543099761009216,0.8543300032615662,0.8542600274085999,0.8542799949645996
1786379760,0.8542799949645996,0.8543300032615662,0.8542500138282776,0.8543099761009216
1786379820,0.8543099761009216,0.8543400168418884,0.8542799949645996,0.8543199896812439
1786379880,0.8543199896812439,0.8543199896812439,0.8542799949645996,0.8543000221252441
1786379940,0.8543000221252441,0.8543999791145325,0.8542799949645996,0.8543499708175659
1786380000,0.8543499708175659,0.8543999791145325,0.8543099761009216,0.8543499708175659
1786380060,0.8543499708175659,0.8543999791145325,0.8543000221252441,0.8543599843978882
1786380120,0.8543800115585327,0.8544300198554993,0.8543300032615662,0.8543599843978882
1786380180,0.8543599843978882,0.8543999791145325,0.8542900085449219,0.8543000221252441
1786380240,0.8543000221252441,0.8543099761009216,0.8542199730873108,0.8542500138282776
1786380300,0.8542400002479553,0.8542500138282776,0.854200005531311,0.8542299866676331
1786380360,0.8542299866676331,0.8543000221252441,0.854200005531311,0.8542500138282776
1786380420,0.8542400002479553,0.8543099761009216,0.8542400002479553,0.8542600274085999
1786380480,0.8542699813842773,0.8543000221252441,0.8542299866676331,0.8542699813842773
1786380540,0.8542699813842773,0.8543099761009216,0.8542400002479553,0.8542900085449219
1786380600,0.8542900085449219,0.8543099761009216,0.8542699813842773,0.8542799949645996
1786380660,0.8542900085449219,0.8543599843978882,0.8542699813842773,0.8543400168418884
1786380720,0.8543499708175659,0.8543999791145325,0.8543300032615662,0.854390025138855
1786380780,0.854390025138855,0.854420006275177,0.8543699979782104,0.854420006275177
1786380840,0.8543999791145325,0.8544300198554993,0.8543800115585327,0.8543999791145325
1786380900,0.8543999791145325,0.854420006275177,0.8543699979782104,0.854390025138855
1786380960,0.8543800115585327,0.8544099926948547,0.8543800115585327,0.8544099926948547
1786381020,0.8544099926948547,0.8544300198554993,0.8543800115585327,0.8543999791145325
1786381080,0.8543999791145325,0.854420006275177,0.8543699979782104,0.8543999791145325
1786381140,0.854420006275177,0.8544399738311768,0.8543999791145325,0.8544300198554993
1786381200,0.8544300198554993,0.854449987411499,0.8543800115585327,0.8544099926948547
1786381260,0.8544099926948547,0.854420006275177,0.8543699979782104,0.854390025138855
1786381320,0.8543800115585327,0.8543999791145325,0.8543699979782104,0.8543800115585327
1786381380,0.8543800115585327,0.8544399738311768,0.8543699979782104,0.8544099926948547
1786381440,0.8544099926948547,0.8544399738311768,0.8543800115585327,0.8544300198554993
1786381500,0.854420006275177,0.8544999957084656,0.8543999791145325,0.8544600009918213
1786381560,0.8544600009918213,0.8544999957084656,0.8544099926948547,0.8544300198554993
1786381620,0.8544300198554993,0.8544999957084656,0.8544099926948547,0.8544099926948547
1786381680,0.8544399738311768,0.8544800281524658,0.8543999791145325,0.8544800281524658
1786381740,0.8544800281524658,0.8544999957084656,0.8544300198554993,0.854449987411499
1786381800,0.854449987411499,0.8544600009918213,0.854390025138855,0.8544099926948547
1786381860,0.8544099926948547,0.854420006275177,0.8543800115585327,0.8543999791145325
1786381920,0.8543999791145325,0.8544399738311768,0.8543800115585327,0.8544099926948547
1786381980,0.8543800115585327,0.8544099926948547,0.8543800115585327,0.854390025138855
1786382040,0.8543999791145325,0.8544399738311768,0.8543999791145325,0.8544099926948547
1786382100,0.854420006275177,0.8544399738311768,0.8543999791145325,0.8544300198554993
1786382160,0.8544300198554993,0.8544399738311768,0.854390025138855,0.854420006275177
1786382220,0.854420006275177,0.854449987411499,0.854390025138855,0.8544300198554993
1786382280,0.854420006275177,0.854449987411499,0.854390025138855,0.8544099926948547
1786382340,0.8544099926948547,0.854420006275177,0.8543699979782104,0.8544099926948547
1786382400,0.8544099926948547,0.8544099926948547,0.8543800115585327,0.8543999791145325
1786382460,0.8543999791145325,0.8544300198554993,0.8543599843978882,0.854420006275177
1786382520,0.854420006275177,0.854420006275177,0.8543699979782104,0.8543999791145325
1786382580,0.8543999791145325,0.854420006275177,0.8543499708175659,0.8543800115585327
1786382640,0.8543599843978882,0.854420006275177,0.8543599843978882,0.8544099926948547
1786382700,0.8544099926948547,0.854420006275177,0.8543699979782104,0.8543999791145325
1786382760,0.8543699979782104,0.8544099926948547,0.8543599843978882,0.854390025138855
1786382820,0.854390025138855,0.8544300198554993,0.8543699979782104,0.8543999791145325
1786382880,0.854420006275177,0.854449987411499,0.854390025138855,0.8544399738311768
1786382940,0.8544399738311768,0.8544999957084656,0.8543999791145325,0.854449987411499
1786383000,0.854449987411499,0.8545200228691101,0.8544300198554993,0.8545100092887878
1786383060,0.8545100092887878,0.8545600175857544,0.8544800281524658,0.8545399904251099
1786383120,0.8545299768447876,0.8546000123023987,0.8545200228691101,0.8545500040054321
1786383180,0.8545500040054321,0.8546000123023987,0.8545399904251099,0.8545699715614319
1786383240,0.8545600175857544,0.8546000123023987,0.8545500040054321,0.8545600175857544
1786383300,0.8545600175857544,0.8546000123023987,0.8545399904251099,0.8545600175857544
1786383360,0.8545600175857544,0.8546000123023987,0.8545500040054321,0.8545699715614319
1786383420,0.8545600175857544,0.8546000123023987,0.8545299768447876,0.8545600175857544
1786383480,0.8545600175857544,0.8546000123023987,0.8545399904251099,0.8545600175857544
1786383540,0.8545600175857544,0.8546000123023987,0.8545299768447876,0.8545500040054321
1786383600,0.8545600175857544,0.8546000123023987,0.8545200228691101,0.8545399904251099
1786383660,0.8545399904251099,0.8546000123023987,0.8544999957084656,0.8545500040054321
1786383720,0.8545399904251099,0.8546000123023987,0.8545299768447876,0.8545600175857544
1786383780,0.8545600175857544,0.854610025882721,0.8545399904251099,0.854610025882721
1786383840,0.854610025882721,0.8546199798583984,0.8545500040054321,0.8545799851417542
1786383900,0.8545799851417542,0.8546199798583984,0.8545500040054321,0.8546199798583984
1786383960,0.8546199798583984,0.8547000288963318,0.854610025882721,0.8546299934387207
1786384020,0.8546299934387207,0.8547000288963318,0.8546000123023987,0.8546199798583984
1786384080,0.8546199798583984,0.854640007019043,0.8546000123023987,0.8546299934387207
1786384140,0.8546299934387207,0.854640007019043,0.8545699715614319,0.8545899987220764
1786384200,0.8545799851417542,0.8546000123023987,0.8545699715614319,0.8546000123023987
1786384260,0.8546000123023987,0.854610025882721,0.8545699715614319,0.8545799851417542
1786384320,0.8545799851417542,0.8546000123023987,0.8545500040054321,0.8545799851417542
1786384380,0.8545799851417542,0.8546000123023987,0.8545399904251099,0.8545699715614319
1786384440,0.8545600175857544,0.8546000123023987,0.8545399904251099,0.8545600175857544
1786384500,0.8545600175857544,0.8546000123023987,0.8545200228691101,0.8545600175857544
1786384560,0.8545500040054321,0.8546000123023987,0.8545200228691101,0.8545500040054321
1786384620,0.8545399904251099,0.8546000123023987,0.8544999957084656,0.8545299768447876
1786384680,0.8545299768447876,0.8546000123023987,0.8545100092887878,0.8545399904251099
1786384740,0.8545399904251099,0.8546000123023987,0.8545399904251099,0.8545699715614319
1786384800,0.8545799851417542,0.8546000123023987,0.8545200228691101,0.8545500040054321
1786384860,0.8545500040054321,0.8546000123023987,0.8545299768447876,0.8545699715614319
1786384920,0.8545600175857544,0.8546000123023987,0.8545399904251099,0.8545699715614319
1786384980,0.8545699715614319,0.8546500205993652,0.8545699715614319,0.854610025882721
1786385040,0.854610025882721,0.854640007019043,0.8546000123023987,0.8546299934387207
1786385100,0.8546299934387207,0.854640007019043,0.8546000123023987,0.8546199798583984
1786385160,0.8546199798583984,0.854640007019043,0.8546000123023987,0.854610025882721
1786385220,0.8546299934387207,0.854669988155365,0.8546000123023987,0.8546199798583984
1786385280,0.8546299934387207,0.854640007019043,0.8546000123023987,0.8546299934387207
1786385340,0.8546299934387207,0.8547000288963318,0.8546299934387207,0.8546500205993652
1786385400,0.854640007019043,0.8547000288963318,0.8546199798583984,0.8546199798583984
1786385460,0.854640007019043,0.854640007019043,0.8545699715614319,0.8545899987220764
1786385520,0.8545899987220764,0.8546199798583984,0.8545799851417542,0.854610025882721
1786385580,0.854610025882721,0.8546299934387207,0.8545699715614319,0.8545799851417542
1786385640,0.8545799851417542,0.8546000123023987,0.8545399904251099,0.8545500040054321
1786385700,0.8545500040054321,0.8546000123023987,0.8545299768447876,0.8545500040054321
1786385760,0.8545299768447876,0.8545500040054321,0.8544999957084656,0.8545299768447876
1786385820,0.8545299768447876,0.8545299768447876,0.8544700145721436,0.8544899821281433
1786385880,0.8544899821281433,0.8545100092887878,0.8544800281524658,0.8544899821281433
1786385940,0.8544999957084656,0.8544999957084656,0.8543999791145325,0.8544600009918213
1786386000,0.8544600009918213,0.8544999957084656,0.854420006275177,0.8544399738311768
1786386060,0.8544399738311768,0.8544700145721436,0.854390025138855,0.8543999791145325
1786386120,0.854420006275177,0.8544399738311768,0.854390025138855,0.854420006275177
1786386180,0.854420006275177,0.8544600009918213,0.8543999791145325,0.854449987411499
1786386240,0.854449987411499,0.8544999957084656,0.8544300198554993,0.8544700145721436
1786386300,0.8544800281524658,0.8545200228691101,0.8544399738311768,0.8544600009918213
1786386360,0.8544700145721436,0.8544999957084656,0.8544300198554993,0.8544399738311768
1786386420,0.8544399738311768,0.8544999957084656,0.8544300198554993,0.8544600009918213
1786386480,0.8544700145721436,0.8544999957084656,0.8544300198554993,0.8544399738311768
1786386540,0.8544399738311768,0.854449987411499,0.8543999791145325,0.8543999791145325
1786386600,0.8544399738311768,0.8544999957084656,0.854420006275177,0.854449987411499
1786386660,0.854449987411499,0.8544999957084656,0.854420006275177,0.8544300198554993
1786386720,0.854420006275177,0.854449987411499,0.854390025138855,0.8544300198554993
1786386780,0.8544300198554993,0.8544399738311768,0.8543800115585327,0.8544099926948547
1786386840,0.8544099926948547,0.8544399738311768,0.854390025138855,0.8544099926948547
1786386900,0.8544099926948547,0.854449987411499,0.854390025138855,0.8544399738311768
1786386960,0.8544399738311768,0.8544399738311768,0.8543999791145325,0.8544300198554993
1786387020,0.8544300198554993,0.8544999957084656,0.854390025138855,0.8544999957084656
1786387080,0.8544999957084656,0.8544999957084656,0.8544399738311768,0.8544700145721436
1786387140,0.854449987411499,0.8544999957084656,0.8544399738311768,0.8544600009918213
1786387200,0.8544700145721436,0.8544999957084656,0.854420006275177,0.8544600009918213
1786387260,0.8544600009918213,0.8544999957084656,0.8543999791145325,0.8544300198554993
1786387320,0.8543999791145325,0.8544300198554993,0.8543800115585327,0.8544099926948547
1786387380,0.8544099926948547,0.854449987411499,0.854390025138855,0.8544099926948547
1786387440,0.8544099926948547,0.854420006275177,0.8543699979782104,0.8543699979782104
1786387500,0.854390025138855,0.8543999791145325,0.8543599843978882,0.8543999791145325
1786387560,0.8543999791145325,0.8543999791145325,0.8543800115585327,0.8543800115585327
1786387620,0.8543800115585327,0.8544099926948547,0.8543599843978882,0.8543999791145325
1786387680,0.8543999791145325,0.8544099926948547,0.8543699979782104,0.8543999791145325
1786387740,0.8543999791145325,0.8544099926948547,0.8543599843978882,0.8543800115585327
1786387800,0.8543800115585327,0.8543999791145325,0.8543699979782104,0.8543800115585327
1786387860,0.854390025138855,0.8544099926948547,0.8543599843978882,0.854390025138855
1786387920,0.854390025138855,0.8544099926948547,0.8543599843978882,0.8543699979782104
1786387980,0.8543800115585327,0.8543999791145325,0.8543499708175659,0.8543599843978882
1786388040,0.8543699979782104,0.8543999791145325,0.8543000221252441,0.8543300032615662
1786388100,0.8543300032615662,0.8543999791145325,0.8543000221252441,0.8543499708175659
1786388160,0.8543499708175659,0.8543999791145325,0.8543300032615662,0.8543400168418884
1786388220,0.8543499708175659,0.8543499708175659,0.8543000221252441,0.8543199896812439
1786388280,0.8542900085449219,0.8543999791145325,0.8542900085449219,0.8543699979782104
1786388340,0.8543699979782104,0.8543999791145325,0.8543000221252441,0.8543699979782104
1786388400,0.8543699979782104,0.8543999791145325,0.8543300032615662,0.8543699979782104
1786388460,0.8543699979782104,0.8543999791145325,0.8543599843978882,0.8543699979782104
1786388520,0.8543800115585327,0.8544099926948547,0.8543499708175659,0.8543599843978882
1786388580,0.8543599843978882,0.8543999791145325,0.8543400168418884,0.8543599843978882
1786388640,0.8543599843978882,0.8543999791145325,0.8543400168418884,0.8543800115585327
1786388700,0.854390025138855,0.8544099926948547,0.8543699979782104,0.8544099926948547
1786388760,0.8543800115585327,0.8544099926948547,0.8543800115585327,0.8543999791145325
1786388820,0.854390025138855,0.8544099926948547,0.8543800115585327,0.8543999791145325
1786388880,0.8543999791145325,0.8544399738311768,0.8543800115585327,0.8544399738311768
1786388940,0.8544300198554993,0.8544399738311768,0.8543999791145325,0.8543999791145325
1786389000,0.8543999791145325,0.854420006275177,0.8543800115585327,0.854390025138855
1786389060,0.854390025138855,0.8544399738311768,0.8543800115585327,0.8544099926948547
1786389120,0.8544099926948547,0.8544399738311768,0.8543999791145325,0.8544099926948547
1786389180,0.8544099926948547,0.8544300198554993,0.8543999791145325,0.8544300198554993
1786389240,0.854420006275177,0.8544399738311768,0.8543699979782104,0.8543800115585327
1786389300,0.8543800115585327,0.8543999791145325,0.8543699979782104,0.8543800115585327
1786389360,0.8543800115585327,0.8544399738311768,0.8543800115585327,0.8544099926948547
1786389420,0.8544099926948547,0.854420006275177,0.8543800115585327,0.8544099926948547
1786389480,0.854420006275177,0.854420006275177,0.8543999791145325,0.8544099926948547
1786389540,0.8544099926948547,0.8544300198554993,0.8543999791145325,0.8544099926948547
1786389600,0.8544099926948547,0.854420006275177,0.8543999791145325,0.8544099926948547
1786389660,0.854420006275177,0.8544300198554993,0.8543999791145325,0.854420006275177
1786389720,0.854420006275177,0.854420006275177,0.8543999791145325,0.8544099926948547
1786389780,0.8544099926948547,0.8544099926948547,0.8543699979782104,0.8544099926948547
1786389840,0.8544099926948547,0.8544300198554993,0.8543999791145325,0.854420006275177
1786389900,0.854420006275177,0.8544399738311768,0.8543999791145325,0.8544300198554993
1786389960,0.8544300198554993,0.8544399738311768,0.8543999791145325,0.8544300198554993
1786390020,0.8544300198554993,0.8544999957084656,0.8543999791145325,0.8544099926948547
1786390080,0.8544300198554993,0.8544999957084656,0.8543999791145325,0.8544399738311768
1786390140,0.8544399738311768,0.8544999957084656,0.854420006275177,0.8544300198554993
1786390200,0.8544399738311768,0.8544999957084656,0.8544300198554993,0.854449987411499
1786390260,0.854449987411499,0.8545100092887878,0.8544399738311768,0.8544700145721436
1786390320,0.8544700145721436,0.8544999957084656,0.8544399738311768,0.854449987411499
1786390380,0.8544700145721436,0.8544999957084656,0.854449987411499,0.8544700145721436
1786390440,0.8544700145721436,0.8545100092887878,0.8544600009918213,0.8544999957084656
1786390500,0.8544999957084656,0.8545100092887878,0.8544800281524658,0.8544999957084656
1786390560,0.8545100092887878,0.8545500040054321,0.8544899821281433,0.8545299768447876
1786390620,0.8545299768447876,0.8545399904251099,0.8544899821281433,0.8545200228691101
1786390680,0.8545200228691101,0.8545299768447876,0.8544999957084656,0.8545100092887878
1786390740,0.8545100092887878,0.8545299768447876,0.8544600009918213,0.8544800281524658
1786390800,0.8544800281524658,0.8545100092887878,0.8544700145721436,0.8545100092887878
1786390860,0.8545100092887878,0.8545200228691101,0.854449987411499,0.8544600009918213
1786390920,0.8544800281524658,0.8544999957084656,0.854449987411499,0.8544800281524658
1786390980,0.8544800281524658,0.8544999957084656,0.8544399738311768,0.8544800281524658
1786391040,0.8544800281524658,0.8545200228691101,0.8544700145721436,0.8544800281524658
1786391100,0.8544899821281433,0.8545200228691101,0.8544700145721436,0.8544999957084656
1786391160,0.8545100092887878,0.8545200228691101,0.8544600009918213,0.8544800281524658
1786391220,0.8544999957084656,0.8544999957084656,0.8544800281524658,0.8544800281524658
1786391280,0.8544899821281433,0.8544999957084656,0.8543999791145325,0.854420006275177
1786391340,0.854420006275177,0.8544999957084656,0.854420006275177,0.8544800281524658
1786391400,0.8544700145721436,0.8544999957084656,0.8544600009918213,0.8544700145721436
1786391460,0.8544700145721436,0.8544999957084656,0.8544600009918213,0.8544700145721436
1786391520,0.8544700145721436,0.8544999957084656,0.854420006275177,0.8544399738311768
1786391580,0.8544300198554993,0.8544999957084656,0.854420006275177,0.8544399738311768
1786391640,0.8544399738311768,0.8544999957084656,0.8543999791145325,0.854420006275177
1786391700,0.854420006275177,0.854420006275177,0.8543499708175659,0.8544099926948547
1786391760,0.8544099926948547,0.854449987411499,0.8543800115585327,0.8544099926948547
1786391820,0.8544300198554993,0.8544399738311768,0.8543599843978882,0.8543999791145325
1786391880,0.854390025138855,0.8544099926948547,0.8543599843978882,0.8543800115585327
1786391940,0.8543800115585327,0.8544099926948547,0.8543599843978882,0.854390025138855
1786392000,0.854390025138855,0.8543999791145325,0.8543300032615662,0.8543599843978882
1786392060,0.8543599843978882,0.8543999791145325,0.8543300032615662,0.8543800115585327
1786392120,0.8543800115585327,0.8544099926948547,0.8543499708175659,0.8543699979782104
1786392180,0.8543800115585327,0.8543999791145325,0.8543499708175659,0.8543699979782104
1786392240,0.8543499708175659,0.8543999791145325,0.8543400168418884,0.8543699979782104
1786392300,0.8543699979782104,0.8543999791145325,0.8543300032615662,0.8543599843978882
1786392360,0.8543599843978882,0.8543999791145325,0.8543300032615662,0.8543499708175659
1786392420,0.8543400168418884,0.8543999791145325,0.8543000221252441,0.8543999791145325
1786392480,0.8543599843978882,0.8543999791145325,0.8543499708175659,0.8543599843978882
1786392540,0.8543599843978882,0.8543999791145325,0.8543400168418884,0.8543800115585327
1786392600,0.854390025138855,0.8543999791145325,0.8543599843978882,0.854390025138855
1786392660,0.854390025138855,0.8544300198554993,0.854390025138855,0.854390025138855
1786392720,0.854390025138855,0.854420006275177,0.8543800115585327,0.854390025138855
1786392780,0.8543999791145325,0.854420006275177,0.8543800115585327,0.8544099926948547
1786392840,0.854390025138855,0.854449987411499,0.854390025138855,0.854420006275177
1786392900,0.854449987411499,0.8544999957084656,0.854420006275177,0.8544399738311768
1786392960,0.854449987411499,0.8544999957084656,0.8544300198554993,0.8544700145721436
1786393020,0.8544700145721436,0.8544999957084656,0.8544600009918213,0.8544899821281433
1786393080,0.8544700145721436,0.8544999957084656,0.8544600009918213,0.8544899821281433
1786393140,0.8544600009918213,0.8544999957084656,0.8544600009918213,0.8544700145721436
1786393200,0.8544800281524658,0.8544999957084656,0.854449987411499,0.854449987411499
1786393260,0.8544399738311768,0.8544999957084656,0.854420006275177,0.8544399738311768
1786393320,0.8544399738311768,0.8544999957084656,0.854420006275177,0.8544999957084656
1786393380,0.8544899821281433,0.8544999957084656,0.8544800281524658,0.8544899821281433
1786393440,0.8544800281524658,0.8544999957084656,0.8544700145721436,0.8544800281524658
1786393500,0.8544800281524658,0.8544999957084656,0.8544399738311768,0.8544700145721436
1786393560,0.8544800281524658,0.8544999957084656,0.854449987411499,0.8544700145721436
1786393620,0.8544700145721436,0.8544999957084656,0.8544399738311768,0.8544600009918213
1786393680,0.8544600009918213,0.8544999957084656,0.854449987411499,0.8544700145721436
1786393740,0.8544600009918213,0.8545100092887878,0.8544600009918213,0.8544999957084656
1786393800,0.8544999957084656,0.8545100092887878,0.8544700145721436,0.8544800281524658
1786393860,0.8544700145721436,0.8544999957084656,0.8544700145721436,0.8544700145721436
1786393920,0.8544700145721436,0.8544999957084656,0.8544700145721436,0.8544800281524658
1786393980,0.8544800281524658,0.8544999957084656,0.854449987411499,0.8544700145721436
1786394040,0.8544700145721436,0.8544999957084656,0.8544399738311768,0.8544700145721436
1786394100,0.8544700145721436,0.8544999957084656,0.854449987411499,0.8544700145721436
1786394160,0.8544700145721436,0.8544999957084656,0.8544600009918213,0.8544999957084656
1786394220,0.8544999957084656,0.8545200228691101,0.8544899821281433,0.8545100092887878
1786394280,0.8545100092887878,0.8545200228691101,0.8544999957084656,0.8544999957084656
1786394340,0.8545200228691101,0.8545200228691101,0.8544999957084656,0.8545100092887878
1786394400,0.8544899821281433,0.8545100092887878,0.8544700145721436,0.8544899821281433
1786394460,0.8544999957084656,0.8545100092887878,0.8544399738311768,0.854449987411499
1786394520,0.854449987411499,0.8544999957084656,0.854449987411499,0.8544600009918213
1786394580,0.8544999957084656,0.8544999957084656,0.8544399738311768,0.8544600009918213
1786394640,0.854449987411499,0.8544999957084656,0.8544300198554993,0.8544300198554993
1786394700,0.854449987411499,0.8544999957084656,0.854420006275177,0.8544600009918213
1786394760,0.8544399738311768,0.8544999957084656,0.8544300198554993,0.8544700145721436
1786394820,0.8544700145721436,0.8544999957084656,0.854449987411499,0.8544800281524658
1786394880,0.8544800281524658,0.8544999957084656,0.8544399738311768,0.8544800281524658
1786394940,0.8544899821281433,0.8545100092887878,0.8544600009918213,0.8544899821281433
1786395000,0.8544899821281433,0.8544999957084656,0.854420006275177,0.8544899821281433
1786395060,0.8544800281524658,0.8544999957084656,0.8543999791145325,0.8544700145721436
1786395120,0.8544800281524658,0.8544999957084656,0.854390025138855,0.8544800281524658
1786395180,0.8544800281524658,0.8545399904251099,0.854420006275177,0.8545399904251099
1786395240,0.8545500040054321,0.8546000123023987,0.8544600009918213,0.8545299768447876
1786395300,0.8545299768447876,0.8545399904251099,0.8544399738311768,0.8545100092887878
1786395360,0.8544999957084656,0.8545200228691101,0.854420006275177,0.8545200228691101
1786395420,0.8545200228691101,0.8545200228691101,0.8544399738311768,0.8545100092887878
1786395480,0.8544800281524658,0.8545100092887878,0.8543699979782104,0.854449987411499
1786395540,0.8544600009918213,0.8544999957084656,0.8543300032615662,0.854390025138855
1786395600,0.8543999791145325,0.8543999791145325,0.8543999791145325,0.8543999791145325
1786395660,0.8543000221252441,0.8547499775886536,0.8543000221252441,0.8543000221252441
1786395720,0.854200005531311,0.854200005531311,0.854200005531311,0.854200005531311
1786395780,0.8543000221252441,0.8546000123023987,0.8543000221252441,0.8543000221252441
1786395840,0.8543000221252441,0.8543000221252441,0.8543000221252441,0.8543000221252441
1786395900,0.8542299866676331,0.8545699715614319,0.8540899753570557,0.854200005531311
1786395960,0.8541499972343445,0.8543599843978882,0.8541100025177002,0.8543300032615662
1786396020,0.8544800281524658,0.8547599911689758,0.8541499972343445,0.854390025138855
1786396080,0.8543800115585327,0.854420006275177,0.8542600274085999,0.854420006275177
1786396140,0.8543400168418884,0.8546000123023987,0.8543000221252441,0.8543599843978882
1786396200,0.8543599843978882,0.8544399738311768,0.8540199995040894,0.8544399738311768
1786396260,0.8543999791145325,0.8547400236129761,0.8540899753570557,0.8540999889373779
1786396320,0.8544399738311768,0.8544399738311768,0.8540899753570557,0.8543499708175659
1786396380,0.8541399836540222,0.8545200228691101,0.8540899753570557,0.8543599843978882
1786396440,0.8543599843978882,0.8543999791145325,0.8542600274085999,0.8543999791145325
1786396500,0.8543599843978882,0.8545899987220764,0.8542600274085999,0.8543999791145325
1786396560,0.8543400168418884,0.8543999791145325,0.8541799783706665,0.8542299866676331
1786396620,0.8543499708175659,0.8545899987220764,0.8541799783706665,0.8542699813842773
1786396680,0.8543400168418884,0.8543999791145325,0.8542400002479553,0.8543400168418884
1786396740,0.8542699813842773,0.8546000123023987,0.8541899919509888,0.8543300032615662
1786396800,0.8543400168418884,0.8543999791145325,0.8541899919509888,0.8542900085449219
1786396860,0.8543499708175659,0.8546000123023987,0.8542799949645996,0.8543199896812439
1786396920,0.8543999791145325,0.8543999791145325,0.8542900085449219,0.8543400168418884
1786396980,0.8543999791145325,0.8545699715614319,0.8541899919509888,0.8543999791145325
1786397040,0.8542799949645996,0.8543499708175659,0.8541899919509888,0.8543499708175659
1786397100,0.8543199896812439,0.8544600009918213,0.8541399836540222,0.8543699979782104
1786397160,0.8543400168418884,0.8543800115585327,0.8539199829101562,0.8542199730873108
1786397220,0.8542100191116333,0.8544399738311768,0.8540800213813782,0.8543000221252441
1786397280,0.8543000221252441,0.8543400168418884,0.8539199829101562,0.8542799949645996
1786397340,0.8541799783706665,0.854449987411499,0.8540800213813782,0.8542400002479553
1786397400,0.8542400002479553,0.8543999791145325,0.8542199730873108,0.8542699813842773
1786397460,0.8542799949645996,0.8545299768447876,0.8542400002479553,0.8542500138282776
1786397520,0.8543000221252441,0.8544999957084656,0.854200005531311,0.8543400168418884
1786397580,0.8543499708175659,0.8546299934387207,0.8542500138282776,0.8543599843978882
1786397640,0.854449987411499,0.8546199798583984,0.8543199896812439,0.8543599843978882
1786397700,0.8543599843978882,0.8545299768447876,0.8542699813842773,0.8543699979782104
1786397760,0.8543699979782104,0.8543999791145325,0.8543099761009216,0.854390025138855
1786397820,0.8543400168418884,0.8545600175857544,0.8543099761009216,0.8543800115585327
1786397880,0.8543599843978882,0.8544099926948547,0.8543000221252441,0.8543599843978882
1786397940,0.8543000221252441,0.8546000123023987,0.8542799949645996,0.8542799949645996
1786398000,0.8543999791145325,0.8543999791145325,0.8542600274085999,0.8542600274085999
1786398060,0.8543400168418884,0.8545600175857544,0.8542500138282776,0.8544099926948547
1786398120,0.854420006275177,0.8544300198554993,0.8542500138282776,0.8544099926948547
1786398180,0.8542900085449219,0.8545699715614319,0.8542799949645996,0.8543699979782104
1786398240,0.8544300198554993,0.8544399738311768,0.8542799949645996,0.854420006275177
1786398300,0.8544099926948547,0.8545299768447876,0.8542799949645996,0.8543999791145325
1786398360,0.8543800115585327,0.8544099926948547,0.8542500138282776,0.854390025138855
1786398420,0.8543999791145325,0.8545200228691101,0.8542600274085999,0.8543999791145325
1786398480,0.8543999791145325,0.854420006275177,0.8542799949645996,0.8543099761009216
1786398540,0.8543999791145325,0.8545399904251099,0.8543000221252441,0.8543099761009216
1786398600,0.854390025138855,0.8544700145721436,0.8541300296783447,0.8543699979782104
1786398660,0.854420006275177,0.8546299934387207,0.8543199896812439,0.8544099926948547
1786398720,0.8543199896812439,0.8545100092887878,0.8542799949645996,0.8544099926948547
1786398780,0.8544099926948547,0.8545799851417542,0.8543300032615662,0.854390025138855
1786398840,0.8544300198554993,0.8544899821281433,0.8543300032615662,0.854449987411499
1786398900,0.854449987411499,0.8545899987220764,0.8543000221252441,0.8543999791145325
1786398960,0.8543800115585327,0.8544999957084656,0.8542900085449219,0.8543499708175659
1786399020,0.854420006275177,0.8545399904251099,0.8542799949645996,0.8543800115585327
1786399080,0.8544099926948547,0.8545200228691101,0.8542900085449219,0.8543300032615662
1786399140,0.8544600009918213,0.8545500040054321,0.8541499972343445,0.8543699979782104
