time,open,high,low,close
1786316400,182.48800659179688,182.50399780273438,182.48800659179688,182.5019989013672
1786316460,182.49400329589844,182.5050048828125,182.49099731445312,182.50399780273438
1786316520,182.4969940185547,182.50799560546875,182.4949951171875,182.4969940185547
1786316580,182.5070037841797,182.50900268554688,182.49600219726562,182.4969940185547
1786316640,182.4969940185547,182.5050048828125,182.47999572753906,182.48399353027344
1786316700,182.48399353027344,182.49899291992188,182.43899536132812,182.44500732421875
1786316760,182.4600067138672,182.4739990234375,182.44400024414062,182.45399475097656
1786316820,182.45399475097656,182.4739990234375,182.4459991455078,182.47000122070312
1786316880,182.45799255371094,182.4739990234375,182.4499969482422,182.45599365234375
1786316940,182.46600341796875,182.4810028076172,182.4550018310547,182.4720001220703
1786317000,182.47999572753906,182.48399353027344,182.47000122070312,182.48300170898438
1786317060,182.4720001220703,182.4929962158203,182.4720001220703,182.49200439453125
1786317120,182.48300170898438,182.49200439453125,182.47999572753906,182.4810028076172
1786317180,182.4810028076172,182.4929962158203,182.46400451660156,182.4739990234375
1786317240,182.46499633789062,182.4770050048828,182.44200134277344,182.46299743652344
1786317300,182.46299743652344,182.4669952392578,182.44900512695312,182.4669952392578
1786317360,182.46600341796875,182.468994140625,182.45199584960938,182.46299743652344
1786317420,182.45199584960938,182.46499633789062,182.4459991455078,182.45599365234375
1786317480,182.45599365234375,182.47000122070312,182.45599365234375,182.45799255371094
1786317540,182.46800231933594,182.4720001220703,182.45799255371094,182.46099853515625
1786317600,182.46099853515625,182.47799682617188,182.45799255371094,182.4739990234375
1786317660,182.46499633789062,182.47799682617188,182.46099853515625,182.46200561523438
1786317720,182.46200561523438,182.47799682617188,182.46200561523438,182.4739990234375
1786317780,182.46499633789062,182.4759979248047,182.46099853515625,182.47300720214844
1786317840,182.46499633789062,182.48800659179688,182.46499633789062,182.48399353027344
1786317900,182.4770050048828,182.48399353027344,182.4499969482422,182.46200561523438
1786317960,182.45199584960938,182.47000122070312,182.42599487304688,182.44200134277344
1786318020,182.42999267578125,182.447998046875,182.42300415039062,182.42300415039062
1786318080,182.42300415039062,182.43899536132812,182.41099548339844,182.42300415039062
1786318140,182.4239959716797,182.43600463867188,182.41900634765625,182.4290008544922
1786318200,182.42599487304688,182.43699645996094,182.4239959716797,182.43499755859375
1786318260,182.42999267578125,182.44500732421875,182.42100524902344,182.4409942626953
1786318320,182.43600463867188,182.44000244140625,182.4239959716797,182.42599487304688
1786318380,182.42599487304688,182.4510040283203,182.4239959716797,182.43600463867188
1786318440,182.44000244140625,182.44000244140625,182.4149932861328,182.41799926757812
1786318500,182.42100524902344,182.4219970703125,182.4080047607422,182.40899658203125
1786318560,182.41200256347656,182.41799926757812,182.3979949951172,182.41000366210938
1786318620,182.4040069580078,182.4340057373047,182.4029998779297,182.43099975585938
1786318680,182.42599487304688,182.4320068359375,182.41600036621094,182.4219970703125
1786318740,182.4219970703125,182.43600463867188,182.41900634765625,182.43299865722656
1786318800,182.4290008544922,182.44500732421875,182.42300415039062,182.43800354003906
1786318860,182.43800354003906,182.4530029296875,182.43499755859375,182.4459991455078
1786318920,182.4459991455078,182.45399475097656,182.4429931640625,182.44700622558594
1786318980,182.44700622558594,182.46400451660156,182.4459991455078,182.46400451660156
1786319040,182.45700073242188,182.48699951171875,182.45700073242188,182.47799682617188
1786319100,182.47799682617188,182.4929962158203,182.47799682617188,182.47900390625
1786319160,182.47900390625,182.49600219726562,182.4759979248047,182.47999572753906
1786319220,182.4759979248047,182.49200439453125,182.4759979248047,182.48199462890625
1786319280,182.48199462890625,182.4969940185547,182.48199462890625,182.48699951171875
1786319340,182.48699951171875,182.5,182.48399353027344,182.48699951171875
1786319400,182.48699951171875,182.49200439453125,182.468994140625,182.4720001220703
1786319460,182.4720001220703,182.48199462890625,182.46600341796875,182.47999572753906
1786319520,182.47999572753906,182.48399353027344,182.47000122070312,182.47500610351562
1786319580,182.47500610351562,182.49000549316406,182.45899963378906,182.45899963378906
1786319640,182.46499633789062,182.47799682617188,182.45599365234375,182.46600341796875
1786319700,182.4720001220703,182.47500610351562,182.45599365234375,182.45899963378906
1786319760,182.45899963378906,182.4669952392578,182.4510040283203,182.45399475097656
1786319820,182.45199584960938,182.4770050048828,182.44700622558594,182.468994140625
1786319880,182.4739990234375,182.48599243164062,182.468994140625,182.48199462890625
1786319940,182.47799682617188,182.48399353027344,182.4669952392578,182.46800231933594
1786320000,182.47300720214844,182.49400329589844,182.45199584960938,182.47500610351562
1786320060,182.4770050048828,182.48199462890625,182.44000244140625,182.45599365234375
1786320120,182.4530029296875,182.46299743652344,182.4409942626953,182.45599365234375
1786320180,182.45199584960938,182.46400451660156,182.4409942626953,182.44500732421875
1786320240,182.44500732421875,182.47999572753906,182.43499755859375,182.4759979248047
1786320300,182.47799682617188,182.48199462890625,182.45899963378906,182.47500610351562
1786320360,182.47999572753906,182.48599243164062,182.46400451660156,182.4770050048828
1786320420,182.4770050048828,182.48199462890625,182.45599365234375,182.46200561523438
1786320480,182.46200561523438,182.48500061035156,182.46099853515625,182.47900390625
1786320540,182.47999572753906,182.49200439453125,182.4770050048828,182.48800659179688
1786320600,182.4810028076172,182.49000549316406,182.46800231933594,182.47300720214844
1786320660,182.47300720214844,182.48599243164062,182.46400451660156,182.47900390625
1786320720,182.48199462890625,182.4929962158203,182.4709930419922,182.49200439453125
1786320780,182.48800659179688,182.4949951171875,182.4709930419922,182.4759979248047
1786320840,182.4739990234375,182.4810028076172,182.45399475097656,182.46200561523438
1786320900,182.46200561523438,182.48599243164062,182.45799255371094,182.4770050048828
1786320960,182.4770050048828,182.48800659179688,182.468994140625,182.4709930419922
1786321020,182.4709930419922,182.47900390625,182.47000122070312,182.47300720214844
1786321080,182.4759979248047,182.48599243164062,182.46800231933594,182.47500610351562
1786321140,182.47799682617188,182.48800659179688,182.47000122070312,182.4709930419922
1786321200,182.4720001220703,182.51199340820312,182.47000122070312,182.5
1786321260,182.49600219726562,182.5,182.48300170898438,182.48699951171875
1786321320,182.48699951171875,182.49000549316406,182.47999572753906,182.48300170898438
1786321380,182.48300170898438,182.48500061035156,182.46099853515625,182.46800231933594
1786321440,182.46800231933594,182.4770050048828,182.46200561523438,182.4759979248047
1786321500,182.47300720214844,182.47799682617188,182.46200561523438,182.47300720214844
1786321560,182.46800231933594,182.47999572753906,182.46800231933594,182.47500610351562
1786321620,182.4770050048828,182.49000549316406,182.47300720214844,182.4759979248047
1786321680,182.4759979248047,182.49400329589844,182.4759979248047,182.47999572753906
1786321740,182.47999572753906,182.49400329589844,182.47799682617188,182.49200439453125
1786321800,182.48800659179688,182.49600219726562,182.4739990234375,182.47900390625
1786321860,182.47799682617188,182.49899291992188,182.47799682617188,182.48899841308594
1786321920,182.4929962158203,182.4980010986328,182.47999572753906,182.4949951171875
1786321980,182.49200439453125,182.5030059814453,182.48800659179688,182.48899841308594
1786322040,182.48899841308594,182.49400329589844,182.47999572753906,182.48399353027344
1786322100,182.47999572753906,182.49000549316406,182.47500610351562,182.48300170898438
1786322160,182.48800659179688,182.49400329589844,182.47300720214844,182.47799682617188
1786322220,182.47500610351562,182.48800659179688,182.4720001220703,182.48399353027344
1786322280,182.47999572753906,182.49000549316406,182.47799682617188,182.48199462890625
1786322340,182.48399353027344,182.49600219726562,182.47900390625,182.48399353027344
1786322400,182.48300170898438,182.4949951171875,182.47900390625,182.48199462890625
1786322460,182.48199462890625,182.48800659179688,182.47500610351562,182.47999572753906
1786322520,182.48199462890625,182.48399353027344,182.47000122070312,182.47799682617188
1786322580,182.4810028076172,182.48699951171875,182.4739990234375,182.48199462890625
1786322640,182.4810028076172,182.4980010986328,182.47799682617188,182.48699951171875
1786322700,182.48699951171875,182.49200439453125,182.4759979248047,182.48500061035156
1786322760,182.48500061035156,182.48800659179688,182.4739990234375,182.4759979248047
1786322820,182.4759979248047,182.4810028076172,182.46800231933594,182.47500610351562
1786322880,182.47500610351562,182.49000549316406,182.4739990234375,182.48300170898438
1786322940,182.48300170898438,182.5019989013672,182.47900390625,182.4980010986328
1786323000,182.4980010986328,182.50799560546875,182.4929962158203,182.50599670410156
1786323060,182.5050048828125,182.5189971923828,182.5,182.51800537109375
1786323120,182.51600646972656,182.52999877929688,182.50399780273438,182.52499389648438
1786323180,182.5290069580078,182.57200622558594,182.52099609375,182.54100036621094
1786323240,182.5399932861328,182.5570068359375,182.51600646972656,182.5279998779297
1786323300,182.5260009765625,182.56100463867188,182.51699829101562,182.55499267578125
1786323360,182.55499267578125,182.55999755859375,182.53700256347656,182.54200744628906
1786323420,182.5449981689453,182.55499267578125,182.53700256347656,182.5489959716797
1786323480,182.5489959716797,182.56199645996094,182.5449981689453,182.55299377441406
1786323540,182.5570068359375,182.57200622558594,182.55299377441406,182.5570068359375
1786323600,182.55999755859375,182.57000732421875,182.5469970703125,182.5489959716797
1786323660,182.5540008544922,182.57200622558594,182.5449981689453,182.57000732421875
1786323720,182.5709991455078,182.6300048828125,182.56700134277344,182.61500549316406
1786323780,182.61000061035156,182.6840057373047,182.60699462890625,182.67599487304688
1786323840,182.68800354003906,182.71099853515625,182.65699768066406,182.66000366210938
1786323900,182.66000366210938,182.66700744628906,182.63299560546875,182.63600158691406
1786323960,182.63800048828125,182.6540069580078,182.60899353027344,182.61000061035156
1786324020,182.61000061035156,182.63800048828125,182.60899353027344,182.6269989013672
1786324080,182.6269989013672,182.63699340820312,182.61399841308594,182.6199951171875
1786324140,182.6199951171875,182.6300048828125,182.59800720214844,182.60800170898438
1786324200,182.60699462890625,182.61700439453125,182.6009979248047,182.61199951171875
1786324260,182.61000061035156,182.6269989013672,182.60800170898438,182.6219940185547
1786324320,182.6219940185547,182.64700317382812,182.61500549316406,182.64599609375
1786324380,182.64199829101562,182.656005859375,182.63600158691406,182.6510009765625
1786324440,182.6490020751953,182.65499877929688,182.62600708007812,182.63600158691406
1786324500,182.63099670410156,182.64700317382812,182.62899780273438,182.63800048828125
1786324560,182.64199829101562,182.6439971923828,182.61000061035156,182.61900329589844
1786324620,182.61900329589844,182.63499450683594,182.61399841308594,182.6280059814453
1786324680,182.6300048828125,182.6529998779297,182.6280059814453,182.64500427246094
1786324740,182.6479949951172,182.67999267578125,182.64500427246094,182.67999267578125
1786324800,182.6750030517578,182.69000244140625,182.6750030517578,182.6820068359375
1786324860,182.677001953125,182.69200134277344,182.67300415039062,182.68499755859375
1786324920,182.68499755859375,182.7010040283203,182.68499755859375,182.69500732421875
1786324980,182.69500732421875,182.71800231933594,182.6929931640625,182.7030029296875
1786325040,182.6999969482422,182.71600341796875,182.69900512695312,182.71299743652344
1786325100,182.7050018310547,182.71800231933594,182.70199584960938,182.7050018310547
1786325160,182.70599365234375,182.70899963378906,182.69400024414062,182.69900512695312
1786325220,182.69900512695312,182.7259979248047,182.697998046875,182.7050018310547
1786325280,182.7050018310547,182.71200561523438,182.6999969482422,182.7030029296875
1786325340,182.7030029296875,182.7100067138672,182.68499755859375,182.68499755859375
1786325400,182.69000244140625,182.71400451660156,182.68499755859375,182.7100067138672
1786325460,182.71299743652344,182.72799682617188,182.69700622558594,182.70399475097656
1786325520,182.7030029296875,182.72300720214844,182.68899536132812,182.69200134277344
1786325580,182.69500732421875,182.70599365234375,182.68899536132812,182.69200134277344
1786325640,182.69200134277344,182.70700073242188,182.68800354003906,182.70700073242188
1786325700,182.7030029296875,182.74400329589844,182.69500732421875,182.73300170898438
1786325760,182.73300170898438,182.75599670410156,182.73300170898438,182.73699951171875
1786325820,182.73699951171875,182.75599670410156,182.72799682617188,182.74099731445312
1786325880,182.74099731445312,182.7519989013672,182.73599243164062,182.74600219726562
1786325940,182.75,182.77000427246094,182.74600219726562,182.76400756835938
1786326000,182.76499938964844,182.79600524902344,182.76300048828125,182.79200744628906
1786326060,182.7949981689453,182.81500244140625,182.79400634765625,182.80099487304688
1786326120,182.7969970703125,182.8090057373047,182.78900146484375,182.8000030517578
1786326180,182.7969970703125,182.80999755859375,182.78900146484375,182.79400634765625
1786326240,182.7899932861328,182.8000030517578,182.7830047607422,182.79200744628906
1786326300,182.79200744628906,182.80099487304688,182.77999877929688,182.78599548339844
1786326360,182.79100036621094,182.79400634765625,182.77999877929688,182.78799438476562
1786326420,182.7830047607422,182.79400634765625,182.77499389648438,182.78799438476562
1786326480,182.78700256347656,182.7949981689453,182.7779998779297,182.7899932861328
1786326540,182.7899932861328,182.79600524902344,182.76400756835938,182.77499389648438
1786326600,182.77499389648438,182.78199768066406,182.76800537109375,182.7729949951172
1786326660,182.7729949951172,182.78199768066406,182.76800537109375,182.7729949951172
1786326720,182.7740020751953,182.80299377441406,182.75900268554688,182.76600646972656
1786326780,182.77099609375,182.79600524902344,182.76400756835938,182.79200744628906
1786326840,182.79200744628906,182.8730010986328,182.7899932861328,182.86099243164062
1786326900,182.86000061035156,182.88800048828125,182.8350067138672,182.8800048828125
1786326960,182.875,182.88999938964844,182.87399291992188,182.8800048828125
1786327020,182.87399291992188,182.88900756835938,182.85699462890625,182.8679962158203
1786327080,182.87399291992188,182.9040069580078,182.86500549316406,182.9010009765625
1786327140,182.8979949951172,182.906005859375,182.8679962158203,182.87399291992188
1786327200,182.86700439453125,182.8780059814453,182.8419952392578,182.86199951171875
1786327260,182.8679962158203,182.8679962158203,182.8249969482422,182.84100341796875
1786327320,182.8350067138672,182.85899353027344,182.83299255371094,182.85299682617188
1786327380,182.85400390625,182.86399841308594,182.8520050048828,182.85899353027344
1786327440,182.85899353027344,182.875,182.843994140625,182.86599731445312
1786327500,182.86700439453125,182.8769989013672,182.86099243164062,182.87100219726562
1786327560,182.8679962158203,182.8719940185547,182.8509979248047,182.85899353027344
1786327620,182.86000061035156,182.86099243164062,182.8509979248047,182.85499572753906
1786327680,182.85499572753906,182.86199951171875,182.84500122070312,182.85699462890625
1786327740,182.8560028076172,182.86399841308594,182.85400390625,182.85800170898438
1786327800,182.86199951171875,182.86399841308594,182.85699462890625,182.86000061035156
1786327860,182.86000061035156,182.88800048828125,182.85899353027344,182.86500549316406
1786327920,182.85899353027344,182.87399291992188,182.85899353027344,182.86399841308594
1786327980,182.86399841308594,182.8800048828125,182.85400390625,182.86399841308594
1786328040,182.86399841308594,182.8939971923828,182.86399841308594,182.8769989013672
1786328100,182.8769989013672,182.88999938964844,182.8769989013672,182.88299560546875
1786328160,182.88699340820312,182.89199829101562,182.8820037841797,182.88499450683594
1786328220,182.88800048828125,182.88800048828125,182.87600708007812,182.8800048828125
1786328280,182.8780059814453,182.88800048828125,182.87399291992188,182.8800048828125
1786328340,182.8800048828125,182.88600158691406,182.875,182.875
1786328400,182.875,182.88999938964844,182.8730010986328,182.8800048828125
1786328460,182.8800048828125,182.89199829101562,182.8800048828125,182.88400268554688
1786328520,182.88099670410156,182.88600158691406,182.8699951171875,182.8780059814453
1786328580,182.8769989013672,182.8780059814453,182.86199951171875,182.86599731445312
1786328640,182.85899353027344,182.8679962158203,182.85899353027344,182.86099243164062
1786328700,182.86300659179688,182.8719940185547,182.85400390625,182.86099243164062
1786328760,182.86000061035156,182.86199951171875,182.8470001220703,182.85299682617188
1786328820,182.84800720214844,182.8560028076172,182.843994140625,182.84800720214844
1786328880,182.85400390625,182.85400390625,182.843994140625,182.8520050048828
1786328940,182.8470001220703,182.8520050048828,182.83900451660156,182.843994140625
1786329000,182.8419952392578,182.85800170898438,182.83900451660156,182.84100341796875
1786329060,182.843994140625,182.8470001220703,182.83399963378906,182.83999633789062
1786329120,182.83999633789062,182.83999633789062,182.82000732421875,182.8280029296875
1786329180,182.8260040283203,182.83399963378906,182.8249969482422,182.83399963378906
1786329240,182.83399963378906,182.83399963378906,182.81900024414062,182.81900024414062
1786329300,182.81900024414062,182.82899475097656,182.81500244140625,182.82400512695312
1786329360,182.8280029296875,182.83099365234375,182.822998046875,182.8280029296875
1786329420,182.8249969482422,182.83299255371094,182.822998046875,182.83200073242188
1786329480,182.8280029296875,182.83900451660156,182.8280029296875,182.83200073242188
1786329540,182.83099365234375,182.83700561523438,182.82699584960938,182.83099365234375
1786329600,182.83099365234375,182.8459930419922,182.8300018310547,182.83999633789062
1786329660,182.8350067138672,182.84300231933594,182.8300018310547,182.8300018310547
1786329720,182.8300018310547,182.83700561523438,182.8249969482422,182.83099365234375
1786329780,182.8280029296875,182.8350067138672,182.81900024414062,182.82000732421875
1786329840,182.8209991455078,182.8300018310547,182.82000732421875,182.8249969482422
1786329900,182.8249969482422,182.83399963378906,182.8249969482422,182.8280029296875
1786329960,182.82699584960938,182.8350067138672,182.82400512695312,182.8249969482422
1786330020,182.8249969482422,182.83200073242188,182.82200622558594,182.8300018310547
1786330080,182.8280029296875,182.83399963378906,182.8280029296875,182.83200073242188
1786330140,182.82899475097656,182.83299255371094,182.81500244140625,182.8159942626953
1786330200,182.8159942626953,182.8260040283203,182.81399536132812,182.82000732421875
1786330260,182.8179931640625,182.82000732421875,182.81300354003906,182.8159942626953
1786330320,182.8159942626953,182.82000732421875,182.80799865722656,182.81199645996094
1786330380,182.81399536132812,182.81399536132812,182.80599975585938,182.81100463867188
1786330440,182.80999755859375,182.81300354003906,182.8000030517578,182.8040008544922
1786330500,182.8070068359375,182.81700134277344,182.80299377441406,182.80599975585938
1786330560,182.80299377441406,182.81500244140625,182.80299377441406,182.80799865722656
1786330620,182.80799865722656,182.8179931640625,182.80799865722656,182.81300354003906
1786330680,182.81300354003906,182.8209991455078,182.8000030517578,182.8000030517578
1786330740,182.80299377441406,182.8040008544922,182.77499389648438,182.7779998779297
1786330800,182.7779998779297,182.78799438476562,182.7689971923828,182.77099609375
1786330860,182.77099609375,182.77499389648438,182.75599670410156,182.76100158691406
1786330920,182.75999450683594,182.75999450683594,182.73399353027344,182.73800659179688
1786330980,182.73500061035156,182.74000549316406,182.72799682617188,182.72999572753906
1786331040,182.72999572753906,182.74200439453125,182.72799682617188,182.73599243164062
1786331100,182.73599243164062,182.74899291992188,182.7310028076172,182.7310028076172
1786331160,182.7310028076172,182.74200439453125,182.7310028076172,182.73699951171875
1786331220,182.73300170898438,182.75399780273438,182.73199462890625,182.75
1786331280,182.7480010986328,182.7530059814453,182.73199462890625,182.73899841308594
1786331340,182.73599243164062,182.74000549316406,182.71800231933594,182.7239990234375
1786331400,182.72300720214844,182.73699951171875,182.72300720214844,182.73300170898438
1786331460,182.73599243164062,182.74099731445312,182.71400451660156,182.718994140625
1786331520,182.72000122070312,182.7259979248047,182.71800231933594,182.71800231933594
1786331580,182.71800231933594,182.73399353027344,182.71499633789062,182.73399353027344
1786331640,182.7310028076172,182.74099731445312,182.72999572753906,182.73599243164062
1786331700,182.73800659179688,182.74000549316406,182.72500610351562,182.72900390625
1786331760,182.72900390625,182.73599243164062,182.72500610351562,182.72999572753906
1786331820,182.72799682617188,182.73199462890625,182.70799255371094,182.70799255371094
1786331880,182.70799255371094,182.7209930419922,182.7030029296875,182.72000122070312
1786331940,182.71600341796875,182.7239990234375,182.71499633789062,182.7209930419922
1786332000,182.7209930419922,182.72799682617188,182.7030029296875,182.71499633789062
1786332060,182.71099853515625,182.72300720214844,182.70799255371094,182.71600341796875
1786332120,182.72000122070312,182.72500610351562,182.71499633789062,182.7209930419922
1786332180,182.7209930419922,182.72799682617188,182.71800231933594,182.72300720214844
1786332240,182.7239990234375,182.72900390625,182.71800231933594,182.7220001220703
1786332300,182.7209930419922,182.7239990234375,182.69500732421875,182.7010040283203
1786332360,182.697998046875,182.7010040283203,182.68800354003906,182.69200134277344
1786332420,182.69000244140625,182.69900512695312,182.68800354003906,182.69500732421875
1786332480,182.6959991455078,182.6999969482422,182.68699645996094,182.69200134277344
1786332540,182.6929931640625,182.6999969482422,182.69000244140625,182.697998046875
1786332600,182.69400024414062,182.6999969482422,182.68499755859375,182.69700622558594
1786332660,182.69700622558594,182.69900512695312,182.68800354003906,182.69000244140625
1786332720,182.69000244140625,182.70199584960938,182.68899536132812,182.69000244140625
1786332780,182.6909942626953,182.697998046875,182.68800354003906,182.6959991455078
1786332840,182.697998046875,182.70399475097656,182.69200134277344,182.7030029296875
1786332900,182.70199584960938,182.70799255371094,182.69900512695312,182.70799255371094
1786332960,182.7050018310547,182.71299743652344,182.69700622558594,182.69700622558594
1786333020,182.69700622558594,182.7010040283203,182.68899536132812,182.69200134277344
1786333080,182.6959991455078,182.70399475097656,182.68800354003906,182.6999969482422
1786333140,182.6999969482422,182.718994140625,182.6999969482422,182.71299743652344
1786333200,182.71299743652344,182.7220001220703,182.70199584960938,182.7169952392578
1786333260,182.7169952392578,182.72900390625,182.7169952392578,182.7209930419922
1786333320,182.7209930419922,182.7310028076172,182.718994140625,182.72300720214844
1786333380,182.72300720214844,182.72999572753906,182.7169952392578,182.7259979248047
1786333440,182.7270050048828,182.72799682617188,182.70700073242188,182.70700073242188
1786333500,182.70700073242188,182.72000122070312,182.70399475097656,182.71299743652344
1786333560,182.71299743652344,182.71800231933594,182.70799255371094,182.70799255371094
1786333620,182.70799255371094,182.72000122070312,182.70700073242188,182.71200561523438
1786333680,182.71200561523438,182.7169952392578,182.697998046875,182.7010040283203
1786333740,182.7010040283203,182.70599365234375,182.697998046875,182.7030029296875
1786333800,182.6999969482422,182.7169952392578,182.6999969482422,182.70700073242188
1786333860,182.70700073242188,182.71099853515625,182.6999969482422,182.70199584960938
1786333920,182.70199584960938,182.71299743652344,182.70199584960938,182.70899963378906
1786333980,182.70899963378906,182.7169952392578,182.70899963378906,182.71600341796875
1786334040,182.71299743652344,182.72000122070312,182.7100067138672,182.71200561523438
1786334100,182.71200561523438,182.71600341796875,182.70700073242188,182.70799255371094
1786334160,182.7100067138672,182.718994140625,182.7030029296875,182.71299743652344
1786334220,182.71400451660156,182.7169952392578,182.7100067138672,182.71200561523438
1786334280,182.71200561523438,182.718994140625,182.7050018310547,182.70899963378906
1786334340,182.7100067138672,182.71400451660156,182.70599365234375,182.70899963378906
1786334400,182.70899963378906,182.72300720214844,182.70899963378906,182.71200561523438
1786334460,182.71200561523438,182.7239990234375,182.7100067138672,182.71800231933594
1786334520,182.71800231933594,182.7209930419922,182.71499633789062,182.71800231933594
1786334580,182.71800231933594,182.72799682617188,182.71499633789062,182.72000122070312
1786334640,182.72000122070312,182.72999572753906,182.72000122070312,182.72500610351562
1786334700,182.72500610351562,182.7449951171875,182.7239990234375,182.74200439453125
1786334760,182.74099731445312,182.75100708007812,182.73800659179688,182.74200439453125
1786334820,182.74200439453125,182.76100158691406,182.73899841308594,182.7570037841797
1786334880,182.75999450683594,182.75999450683594,182.7469940185547,182.75799560546875
1786334940,182.75399780273438,182.7570037841797,182.74400329589844,182.7480010986328
1786335000,182.7480010986328,182.75599670410156,182.74400329589844,182.75
1786335060,182.75,182.77200317382812,182.7480010986328,182.76600646972656
1786335120,182.76600646972656,182.77699279785156,182.76100158691406,182.77000427246094
1786335180,182.77200317382812,182.7760009765625,182.76300048828125,182.76800537109375
1786335240,182.76300048828125,182.7779998779297,182.76300048828125,182.76600646972656
1786335300,182.7689971923828,182.78399658203125,182.76300048828125,182.781005859375
1786335360,182.781005859375,182.78500366210938,182.77099609375,182.7790069580078
1786335420,182.7779998779297,182.78900146484375,182.7779998779297,182.77999877929688
1786335480,182.77999877929688,182.79200744628906,182.7740020751953,182.7899932861328
1786335540,182.79100036621094,182.802001953125,182.78799438476562,182.8000030517578
1786335600,182.79600524902344,182.80099487304688,182.78500366210938,182.78900146484375
1786335660,182.78900146484375,182.79600524902344,182.77699279785156,182.77699279785156
1786335720,182.77699279785156,182.79200744628906,182.77699279785156,182.78599548339844
1786335780,182.7830047607422,182.78700256347656,182.76100158691406,182.76300048828125
1786335840,182.76300048828125,182.77200317382812,182.75799560546875,182.76400756835938
1786335900,182.76400756835938,182.76800537109375,182.7530059814453,182.75900268554688
1786335960,182.75999450683594,182.78199768066406,182.75999450683594,182.7760009765625
1786336020,182.7760009765625,182.7830047607422,182.77000427246094,182.77499389648438
1786336080,182.7740020751953,182.78399658203125,182.77200317382812,182.77999877929688
1786336140,182.77999877929688,182.79400634765625,182.77999877929688,182.79400634765625
1786336200,182.79100036621094,182.79600524902344,182.78700256347656,182.78799438476562
1786336260,182.79200744628906,182.79800415039062,182.78799438476562,182.79100036621094
1786336320,182.7949981689453,182.80099487304688,182.78900146484375,182.79200744628906
1786336380,182.7899932861328,182.79600524902344,182.78599548339844,182.79200744628906
1786336440,182.78799438476562,182.79200744628906,182.77699279785156,182.7790069580078
1786336500,182.77999877929688,182.7969970703125,182.7779998779297,182.79400634765625
1786336560,182.79200744628906,182.79600524902344,182.7830047607422,182.79200744628906
1786336620,182.7899932861328,182.7969970703125,182.78900146484375,182.7899932861328
1786336680,182.7899932861328,182.79400634765625,182.7830047607422,182.7830047607422
1786336740,182.7830047607422,182.78700256347656,182.77999877929688,182.78599548339844
1786336800,182.78599548339844,182.79600524902344,182.78599548339844,182.79100036621094
1786336860,182.79100036621094,182.7969970703125,182.7830047607422,182.79200744628906
1786336920,182.78900146484375,182.79299926757812,182.78399658203125,182.78799438476562
1786336980,182.7899932861328,182.80099487304688,182.78700256347656,182.7969970703125
1786337040,182.7969970703125,182.80999755859375,182.79600524902344,182.8070068359375
1786337100,182.80799865722656,182.8159942626953,182.8040008544922,182.8070068359375
1786337160,182.8070068359375,182.81399536132812,182.8040008544922,182.8040008544922
1786337220,182.80499267578125,182.80999755859375,182.80299377441406,182.8070068359375
1786337280,182.80499267578125,182.81199645996094,182.80099487304688,182.8070068359375
1786337340,182.8040008544922,182.80999755859375,182.79600524902344,182.80299377441406
1786337400,182.802001953125,182.80499267578125,182.79600524902344,182.8000030517578
1786337460,182.79600524902344,182.80499267578125,182.7949981689453,182.79600524902344
1786337520,182.79600524902344,182.80599975585938,182.7949981689453,182.7949981689453
1786337580,182.7949981689453,182.8040008544922,182.79299926757812,182.8000030517578
1786337640,182.7989959716797,182.81300354003906,182.7969970703125,182.80799865722656
1786337700,182.80799865722656,182.81700134277344,182.80499267578125,182.81300354003906
1786337760,182.81300354003906,182.8280029296875,182.80799865722656,182.8280029296875
1786337820,182.8249969482422,182.8470001220703,182.822998046875,182.8470001220703
1786337880,182.84500122070312,182.8820037841797,182.84500122070312,182.87399291992188
1786337940,182.87100219726562,182.91099548339844,182.87100219726562,182.9010009765625
1786338000,182.9010009765625,182.9149932861328,182.8979949951172,182.9040069580078
1786338060,182.9029998779297,182.92599487304688,182.9029998779297,182.9149932861328
1786338120,182.9149932861328,182.91900634765625,182.89599609375,182.91299438476562
1786338180,182.9149932861328,182.9219970703125,182.89199829101562,182.8939971923828
1786338240,182.89199829101562,182.9029998779297,182.88400268554688,182.8979949951172
1786338300,182.89300537109375,182.9080047607422,182.89199829101562,182.89999389648438
1786338360,182.89500427246094,182.90199279785156,182.88499450683594,182.88499450683594
1786338420,182.88499450683594,182.9010009765625,182.8820037841797,182.89199829101562
1786338480,182.89199829101562,182.91400146484375,182.88800048828125,182.91000366210938
1786338540,182.91000366210938,182.9149932861328,182.9040069580078,182.90699768066406
1786338600,182.906005859375,182.92100524902344,182.89700317382812,182.8990020751953
1786338660,182.8990020751953,182.9040069580078,182.89300537109375,182.8979949951172
1786338720,182.90199279785156,182.91000366210938,182.89199829101562,182.9029998779297
1786338780,182.9029998779297,182.9239959716797,182.9029998779297,182.91900634765625
1786338840,182.91900634765625,182.93699645996094,182.91200256347656,182.92799377441406
1786338900,182.9290008544922,182.9340057373047,182.91900634765625,182.927001953125
1786338960,182.92599487304688,182.9340057373047,182.91799926757812,182.9340057373047
1786339020,182.9290008544922,182.93899536132812,182.927001953125,182.93699645996094
1786339080,182.9320068359375,182.94500732421875,182.9320068359375,182.93299865722656
1786339140,182.93299865722656,182.9429931640625,182.93299865722656,182.93499755859375
1786339200,182.93899536132812,182.94900512695312,182.93600463867188,182.93899536132812
1786339260,182.9429931640625,182.94400024414062,182.927001953125,182.9320068359375
1786339320,182.93299865722656,182.93299865722656,182.91200256347656,182.91900634765625
1786339380,182.91700744628906,182.9340057373047,182.91700744628906,182.92799377441406
1786339440,182.92799377441406,182.93699645996094,182.927001953125,182.9320068359375
1786339500,182.92999267578125,182.94700622558594,182.92799377441406,182.94200134277344
1786339560,182.94000244140625,182.9499969482422,182.92799377441406,182.93899536132812
1786339620,182.93499755859375,182.94000244140625,182.91700744628906,182.91700744628906
1786339680,182.91799926757812,182.91900634765625,182.90699768066406,182.90699768066406
1786339740,182.90699768066406,182.91799926757812,182.9010009765625,182.9040069580078
1786339800,182.9010009765625,182.9219970703125,182.9010009765625,182.91099548339844
1786339860,182.91000366210938,182.91600036621094,182.9029998779297,182.90499877929688
1786339920,182.9080047607422,182.9239959716797,182.9040069580078,182.91900634765625
1786339980,182.91900634765625,182.92599487304688,182.91000366210938,182.91400146484375
1786340040,182.91000366210938,182.927001953125,182.91000366210938,182.91799926757812
1786340100,182.91799926757812,182.9320068359375,182.90499877929688,182.90699768066406
1786340160,182.9080047607422,182.9080047607422,182.89199829101562,182.906005859375
1786340220,182.90199279785156,182.91299438476562,182.89500427246094,182.9040069580078
1786340280,182.8990020751953,182.90499877929688,182.8939971923828,182.9029998779297
1786340340,182.89999389648438,182.91400146484375,182.89999389648438,182.906005859375
1786340400,182.906005859375,182.9149932861328,182.89700317382812,182.91000366210938
1786340460,182.91200256347656,182.92100524902344,182.90899658203125,182.9149932861328
1786340520,182.9149932861328,182.93800354003906,182.9149932861328,182.9290008544922
1786340580,182.9290008544922,182.93800354003906,182.92599487304688,182.93499755859375
1786340640,182.93499755859375,182.94000244140625,182.93099975585938,182.93800354003906
1786340700,182.9340057373047,182.93899536132812,182.9250030517578,182.927001953125
1786340760,182.927001953125,182.94400024414062,182.927001953125,182.9409942626953
1786340820,182.94000244140625,182.94400024414062,182.93499755859375,182.93499755859375
1786340880,182.93499755859375,182.9499969482422,182.93099975585938,182.9429931640625
1786340940,182.9429931640625,182.94700622558594,182.93600463867188,182.93800354003906
1786341000,182.93800354003906,182.9510040283203,182.93699645996094,182.94200134277344
1786341060,182.94200134277344,182.9530029296875,182.93499755859375,182.94000244140625
1786341120,182.94000244140625,182.9530029296875,182.93299865722656,182.9429931640625
1786341180,182.9429931640625,182.9499969482422,182.93299865722656,182.94700622558594
1786341240,182.9429931640625,182.96400451660156,182.9429931640625,182.95700073242188
1786341300,182.95700073242188,182.97000122070312,182.95599365234375,182.96800231933594
1786341360,182.96299743652344,182.97999572753906,182.9530029296875,182.9530029296875
1786341420,182.95700073242188,182.968994140625,182.9510040283203,182.9600067138672
1786341480,182.95799255371094,182.96299743652344,182.95199584960938,182.9530029296875
1786341540,182.95199584960938,182.96400451660156,182.947998046875,182.96200561523438
1786341600,182.96299743652344,182.97900390625,182.9550018310547,182.96499633789062
1786341660,182.96400451660156,182.9720001220703,182.9530029296875,182.95399475097656
1786341720,182.9550018310547,182.9720001220703,182.95399475097656,182.96600341796875
1786341780,182.96400451660156,182.9720001220703,182.9550018310547,182.95899963378906
1786341840,182.95899963378906,182.9720001220703,182.9550018310547,182.968994140625
1786341900,182.968994140625,182.9759979248047,182.96400451660156,182.968994140625
1786341960,182.96800231933594,182.9720001220703,182.95700073242188,182.9600067138672
1786342020,182.9600067138672,182.97799682617188,182.9600067138672,182.9759979248047
1786342080,182.9759979248047,182.97799682617188,182.9669952392578,182.9770050048828
1786342140,182.9759979248047,182.97999572753906,182.97300720214844,182.9770050048828
1786342200,182.97999572753906,182.98599243164062,182.9720001220703,182.97799682617188
1786342260,182.97500610351562,182.99099731445312,182.968994140625,182.98800659179688
1786342320,182.98899841308594,182.99000549316406,182.9759979248047,182.98599243164062
1786342380,182.98599243164062,182.99400329589844,182.9810028076172,182.99000549316406
1786342440,182.99000549316406,183.06500244140625,182.98800659179688,183.0330047607422
1786342500,183.0330047607422,183.04600524902344,183.02200317382812,183.0330047607422
1786342560,183.03500366210938,183.07000732421875,183.0279998779297,183.07000732421875
1786342620,183.07000732421875,183.072998046875,183.05799865722656,183.07200622558594
1786342680,183.06700134277344,183.07699584960938,183.05999755859375,183.05999755859375
1786342740,183.05999755859375,183.0760040283203,183.05799865722656,183.072998046875
1786342800,183.06300354003906,183.0709991455078,183.05099487304688,183.05599975585938
1786342860,183.05599975585938,183.06100463867188,183.04600524902344,183.05599975585938
1786342920,183.04800415039062,183.06399536132812,183.04800415039062,183.052001953125
1786342980,183.052001953125,183.06900024414062,183.052001953125,183.05299377441406
1786343040,183.0570068359375,183.0679931640625,183.052001953125,183.0570068359375
1786343100,183.0570068359375,183.0709991455078,183.05299377441406,183.0709991455078
1786343160,183.06500244140625,183.07200622558594,183.05799865722656,183.06199645996094
1786343220,183.05799865722656,183.09800720214844,183.05799865722656,183.08999633789062
1786343280,183.08999633789062,183.09500122070312,183.0780029296875,183.08200073242188
1786343340,183.08200073242188,183.08799743652344,183.0659942626953,183.0659942626953
1786343400,183.07000732421875,183.07200622558594,183.04200744628906,183.0469970703125
1786343460,183.04800415039062,183.06500244140625,183.04400634765625,183.0590057373047
1786343520,183.06199645996094,183.0679931640625,183.05799865722656,183.05799865722656
1786343580,183.06100463867188,183.06399536132812,183.0500030517578,183.05099487304688
1786343640,183.05099487304688,183.05599975585938,183.0399932861328,183.0449981689453
1786343700,183.04200744628906,183.052001953125,183.03900146484375,183.052001953125
1786343760,183.0469970703125,183.06199645996094,183.0469970703125,183.0590057373047
1786343820,183.05599975585938,183.06399536132812,183.052001953125,183.0590057373047
1786343880,183.0590057373047,183.07200622558594,183.05599975585938,183.05599975585938
1786343940,183.05599975585938,183.05999755859375,183.0449981689453,183.0540008544922
1786344000,183.04800415039062,183.07000732421875,183.04800415039062,183.07000732421875
1786344060,183.0679931640625,183.08700561523438,183.0659942626953,183.0760040283203
1786344120,183.0760040283203,183.07899475097656,183.05099487304688,183.05599975585938
1786344180,183.052001953125,183.05799865722656,183.02499389648438,183.03199768066406
1786344240,183.02999877929688,183.03599548339844,183.01800537109375,183.03199768066406
1786344300,183.02999877929688,183.0399932861328,183.02000427246094,183.0229949951172
1786344360,183.0229949951172,183.0279998779297,183.0030059814453,183.00799560546875
1786344420,183.0050048828125,183.00999450683594,182.9949951171875,183.0030059814453
1786344480,183.00399780273438,183.00599670410156,182.97799682617188,182.98300170898438
1786344540,182.98599243164062,183.0,182.9810028076172,182.98800659179688
1786344600,182.9929962158203,183.01300048828125,182.98300170898438,183.00900268554688
1786344660,183.00900268554688,183.01800537109375,182.99000549316406,182.9969940185547
1786344720,182.9969940185547,183.01100158691406,182.9949951171875,183.0
1786344780,183.0,183.00799560546875,182.9949951171875,183.0030059814453
1786344840,183.0019989013672,183.0030059814453,182.9929962158203,182.9980010986328
1786344900,182.9980010986328,183.00599670410156,182.9929962158203,182.9949951171875
1786344960,182.9980010986328,183.01600646972656,182.98699951171875,183.01600646972656
1786345020,183.01600646972656,183.02000427246094,182.98599243164062,182.99899291992188
1786345080,183.0019989013672,183.00799560546875,182.98500061035156,182.9949951171875
1786345140,182.9949951171875,183.01800537109375,182.99099731445312,183.00999450683594
1786345200,183.01199340820312,183.02499389648438,182.9980010986328,183.0050048828125
1786345260,183.00599670410156,183.04800415039062,183.0050048828125,183.03900146484375
1786345320,183.03900146484375,183.0570068359375,183.03599548339844,183.0500030517578
1786345380,183.05099487304688,183.06500244140625,183.02999877929688,183.03500366210938
1786345440,183.03500366210938,183.04800415039062,183.0260009765625,183.0449981689453
1786345500,183.0489959716797,183.05499267578125,183.0279998779297,183.0540008544922
1786345560,183.04800415039062,183.08099365234375,183.04800415039062,183.0760040283203
1786345620,183.07699584960938,183.10400390625,183.0760040283203,183.08399963378906
1786345680,183.08799743652344,183.08799743652344,183.06700134277344,183.07699584960938
1786345740,183.07699584960938,183.08900451660156,183.06300354003906,183.07000732421875
1786345800,183.06700134277344,183.08700561523438,183.0659942626953,183.08399963378906
1786345860,183.08399963378906,183.08999633789062,183.07000732421875,183.0709991455078
1786345920,183.07400512695312,183.0850067138672,183.0659942626953,183.07400512695312
1786345980,183.07000732421875,183.08999633789062,183.07000732421875,183.0850067138672
1786346040,183.0850067138672,183.08799743652344,183.06900024414062,183.07200622558594
1786346100,183.07200622558594,183.08399963378906,183.06700134277344,183.06700134277344
1786346160,183.06700134277344,183.08399963378906,183.06700134277344,183.07400512695312
1786346220,183.0749969482422,183.08299255371094,183.06700134277344,183.0780029296875
1786346280,183.0760040283203,183.09300231933594,183.07400512695312,183.08999633789062
1786346340,183.0850067138672,183.10800170898438,183.0850067138672,183.1020050048828
1786346400,183.10400390625,183.12399291992188,183.09500122070312,183.10699462890625
1786346460,183.10699462890625,183.11500549316406,183.08999633789062,183.09500122070312
1786346520,183.09500122070312,183.11199951171875,183.0919952392578,183.10499572753906
1786346580,183.10299682617188,183.12600708007812,183.10000610351562,183.11500549316406
1786346640,183.11500549316406,183.1280059814453,183.1060028076172,183.12600708007812
1786346700,183.1219940185547,183.13499450683594,183.0989990234375,183.10000610351562
1786346760,183.1020050048828,183.13800048828125,183.09800720214844,183.13699340820312
1786346820,183.13600158691406,183.13999938964844,183.11300659179688,183.1269989013672
1786346880,183.1219940185547,183.1280059814453,183.10800170898438,183.12399291992188
1786346940,183.12399291992188,183.1269989013672,183.1060028076172,183.1219940185547
1786347000,183.11900329589844,183.1580047607422,183.11900329589844,183.156005859375
1786347060,183.1529998779297,183.1739959716797,183.14999389648438,183.15499877929688
1786347120,183.15199279785156,183.16400146484375,183.14300537109375,183.16000366210938
1786347180,183.16000366210938,183.1750030517578,183.15199279785156,183.17100524902344
1786347240,183.17300415039062,183.20199584960938,183.1699981689453,183.18099975585938
1786347300,183.17999267578125,183.20399475097656,183.1750030517578,183.1999969482422
1786347360,183.1999969482422,183.20899963378906,183.18499755859375,183.1909942626953
1786347420,183.1929931640625,183.21400451660156,183.1929931640625,183.20399475097656
1786347480,183.20399475097656,183.2220001220703,183.20199584960938,183.20799255371094
1786347540,183.2100067138672,183.2239990234375,183.20700073242188,183.2220001220703
1786347600,183.2220001220703,183.2469940185547,183.218994140625,183.22000122070312
1786347660,183.22000122070312,183.2270050048828,183.1929931640625,183.21299743652344
1786347720,183.21400451660156,183.2220001220703,183.20399475097656,183.21499633789062
1786347780,183.2100067138672,183.22900390625,183.2100067138672,183.22500610351562
1786347840,183.22000122070312,183.24099731445312,183.21800231933594,183.24099731445312
1786347900,183.23500061035156,183.2469940185547,183.18899536132812,183.23699951171875
1786347960,183.23899841308594,183.24400329589844,183.21299743652344,183.21800231933594
1786348020,183.21800231933594,183.22500610351562,183.20799255371094,183.22000122070312
1786348080,183.22000122070312,183.2480010986328,183.22000122070312,183.23899841308594
1786348140,183.23800659179688,183.25599670410156,183.22799682617188,183.25599670410156
1786348200,183.25799560546875,183.27200317382812,183.24099731445312,183.2519989013672
1786348260,183.24899291992188,183.2570037841797,183.22000122070312,183.2270050048828
1786348320,183.22000122070312,183.23300170898438,183.21200561523438,183.21800231933594
1786348380,183.21800231933594,183.22300720214844,183.20399475097656,183.20799255371094
1786348440,183.20799255371094,183.21400451660156,183.19900512695312,183.20799255371094
1786348500,183.20799255371094,183.21499633789062,183.19700622558594,183.20599365234375
1786348560,183.20599365234375,183.22000122070312,183.2030029296875,183.20899963378906
1786348620,183.20599365234375,183.23300170898438,183.2050018310547,183.22300720214844
1786348680,183.2239990234375,183.23500061035156,183.22000122070312,183.2310028076172
1786348740,183.22900390625,183.2480010986328,183.22500610351562,183.2270050048828
1786348800,183.22999572753906,183.24000549316406,183.2220001220703,183.22799682617188
1786348860,183.22799682617188,183.23899841308594,183.21800231933594,183.21800231933594
1786348920,183.21800231933594,183.2270050048828,183.21299743652344,183.21600341796875
1786348980,183.2169952392578,183.22300720214844,183.16700744628906,183.19000244140625
1786349040,183.18899536132812,183.21400451660156,183.18299865722656,183.1999969482422
1786349100,183.20199584960938,183.2209930419922,183.19900512695312,183.2209930419922
1786349160,183.2169952392578,183.2310028076172,183.2169952392578,183.22900390625
1786349220,183.2259979248047,183.24400329589844,183.22000122070312,183.23300170898438
1786349280,183.23699951171875,183.24200439453125,183.22500610351562,183.23599243164062
1786349340,183.23599243164062,183.25900268554688,183.23599243164062,183.25900268554688
1786349400,183.25399780273438,183.2760009765625,183.25399780273438,183.26300048828125
1786349460,183.26300048828125,183.2740020751953,183.25900268554688,183.27000427246094
1786349520,183.26699829101562,183.2740020751953,183.25799560546875,183.25799560546875
1786349580,183.25799560546875,183.26199340820312,183.23800659179688,183.25100708007812
1786349640,183.24899291992188,183.26699829101562,183.2449951171875,183.26400756835938
1786349700,183.26499938964844,183.28199768066406,183.25999450683594,183.2779998779297
1786349760,183.2779998779297,183.28500366210938,183.2729949951172,183.27699279785156
1786349820,183.27699279785156,183.28199768066406,183.26800537109375,183.26800537109375
1786349880,183.26800537109375,183.27499389648438,183.25900268554688,183.26400756835938
1786349940,183.26400756835938,183.281005859375,183.26400756835938,183.27499389648438
1786350000,183.2760009765625,183.28599548339844,183.2729949951172,183.281005859375
1786350060,183.281005859375,183.28599548339844,183.2740020751953,183.2760009765625
1786350120,183.2760009765625,183.28199768066406,183.26199340820312,183.26699829101562
1786350180,183.2689971923828,183.281005859375,183.26499938964844,183.26800537109375
1786350240,183.26800537109375,183.2790069580078,183.26499938964844,183.2790069580078
1786350300,183.27499389648438,183.27999877929688,183.27099609375,183.2760009765625
1786350360,183.2740020751953,183.2760009765625,183.25799560546875,183.26400756835938
1786350420,183.26400756835938,183.2729949951172,183.26300048828125,183.26600646972656
1786350480,183.26800537109375,183.2779998779297,183.26800537109375,183.27499389648438
1786350540,183.27499389648438,183.29299926757812,183.2740020751953,183.28799438476562
1786350600,183.28900146484375,183.30299377441406,183.27999877929688,183.28500366210938
1786350660,183.28599548339844,183.32699584960938,183.27200317382812,183.32400512695312
1786350720,183.32200622558594,183.33999633789062,183.3090057373047,183.31300354003906
1786350780,183.31300354003906,183.3560028076172,183.3000030517578,183.33599853515625
1786350840,183.33700561523438,183.36199951171875,183.32200622558594,183.35000610351562
1786350900,183.34800720214844,183.36500549316406,183.3300018310547,183.3350067138672
1786350960,183.33999633789062,183.34100341796875,183.31199645996094,183.3159942626953
1786351020,183.31199645996094,183.32200622558594,183.302001953125,183.30299377441406
1786351080,183.30499267578125,183.31300354003906,183.2989959716797,183.31300354003906
1786351140,183.3090057373047,183.3470001220703,183.3090057373047,183.33599853515625
1786351200,183.33599853515625,183.36000061035156,183.33599853515625,183.3459930419922
1786351260,183.34500122070312,183.3560028076172,183.3300018310547,183.33700561523438
1786351320,183.33599853515625,183.3470001220703,183.32899475097656,183.3300018310547
1786351380,183.33299255371094,183.3509979248047,183.32699584960938,183.33799743652344
1786351440,183.33799743652344,183.3419952392578,183.33099365234375,183.33999633789062
1786351500,183.33900451660156,183.343994140625,183.3350067138672,183.3350067138672
1786351560,183.3350067138672,183.3419952392578,183.3249969482422,183.3280029296875
1786351620,183.3280029296875,183.33099365234375,183.31100463867188,183.31500244140625
1786351680,183.3159942626953,183.34800720214844,183.31300354003906,183.34500122070312
1786351740,183.34500122070312,183.39199829101562,183.34500122070312,183.38699340820312
1786351800,183.38699340820312,183.41299438476562,183.38600158691406,183.39100646972656
1786351860,183.39199829101562,183.41299438476562,183.38800048828125,183.4080047607422
1786351920,183.4080047607422,183.41299438476562,183.3939971923828,183.40899658203125
1786351980,183.406005859375,183.43299865722656,183.40499877929688,183.42999267578125
1786352040,183.42999267578125,183.44900512695312,183.42100524902344,183.44700622558594
1786352100,183.4459991455078,183.4510040283203,183.427001953125,183.427001953125
1786352160,183.42599487304688,183.45199584960938,183.42599487304688,183.4459991455078
1786352220,183.447998046875,183.4600067138672,183.44400024414062,183.4550018310547
1786352280,183.4550018310547,183.4669952392578,183.4429931640625,183.4429931640625
1786352340,183.4459991455078,183.447998046875,183.427001953125,183.4290008544922
1786352400,183.4290008544922,183.44500732421875,183.42599487304688,183.43299865722656
1786352460,183.43899536132812,183.46800231933594,183.43499755859375,183.44000244140625
1786352520,183.4429931640625,183.4600067138672,183.43699645996094,183.45700073242188
1786352580,183.4530029296875,183.4600067138672,183.44500732421875,183.4499969482422
1786352640,183.4499969482422,183.4969940185547,183.4499969482422,183.4969940185547
1786352700,183.49600219726562,183.4980010986328,183.47900390625,183.49099731445312
1786352760,183.48599243164062,183.4929962158203,183.4739990234375,183.47999572753906
1786352820,183.48199462890625,183.49400329589844,183.4759979248047,183.47900390625
1786352880,183.47900390625,183.48199462890625,183.4709930419922,183.47799682617188
1786352940,183.4770050048828,183.48199462890625,183.46099853515625,183.46400451660156
1786353000,183.46400451660156,183.48300170898438,183.45899963378906,183.4759979248047
1786353060,183.47500610351562,183.48399353027344,183.46800231933594,183.4739990234375
1786353120,183.47799682617188,183.48399353027344,183.4739990234375,183.47799682617188
1786353180,183.47799682617188,183.47999572753906,183.4669952392578,183.47500610351562
1786353240,183.47500610351562,183.48399353027344,183.4550018310547,183.45700073242188
1786353300,183.45700073242188,183.4739990234375,183.45399475097656,183.4669952392578
1786353360,183.4669952392578,183.47500610351562,183.4600067138672,183.4720001220703
1786353420,183.47500610351562,183.48699951171875,183.47000122070312,183.47799682617188
1786353480,183.47799682617188,183.48699951171875,183.4770050048828,183.48199462890625
1786353540,183.48199462890625,183.48399353027344,183.46800231933594,183.468994140625
1786353600,183.468994140625,183.47300720214844,183.46299743652344,183.46499633789062
1786353660,183.46499633789062,183.47999572753906,183.46400451660156,183.4759979248047
1786353720,183.4770050048828,183.48199462890625,183.4720001220703,183.47900390625
1786353780,183.47999572753906,183.48399353027344,183.4600067138672,183.46400451660156
1786353840,183.46200561523438,183.46600341796875,183.43899536132812,183.4510040283203
1786353900,183.45599365234375,183.4600067138672,183.44400024414062,183.44400024414062
1786353960,183.44400024414062,183.45199584960938,183.43099975585938,183.43899536132812
1786354020,183.43899536132812,183.44700622558594,183.43299865722656,183.4429931640625
1786354080,183.44700622558594,183.46499633789062,183.44400024414062,183.46400451660156
1786354140,183.46400451660156,183.47900390625,183.45599365234375,183.47300720214844
1786354200,183.4739990234375,183.48399353027344,183.4709930419922,183.47500610351562
1786354260,183.4720001220703,183.49600219726562,183.468994140625,183.49099731445312
1786354320,183.49200439453125,183.49400329589844,183.4759979248047,183.48300170898438
1786354380,183.48500061035156,183.49400329589844,183.48300170898438,183.49200439453125
1786354440,183.49099731445312,183.4969940185547,183.48300170898438,183.48599243164062
1786354500,183.49000549316406,183.4949951171875,183.47999572753906,183.48800659179688
1786354560,183.48599243164062,183.51400756835938,183.48199462890625,183.48300170898438
1786354620,183.48199462890625,183.50100708007812,183.4770050048828,183.49000549316406
1786354680,183.48699951171875,183.49200439453125,183.47900390625,183.4810028076172
1786354740,183.48300170898438,183.50799560546875,183.4810028076172,183.5019989013672
1786354800,183.5019989013672,183.51499938964844,183.4929962158203,183.5030059814453
1786354860,183.5050048828125,183.51199340820312,183.5019989013672,183.50599670410156
1786354920,183.5050048828125,183.51100158691406,183.47900390625,183.49200439453125
1786354980,183.49200439453125,183.53199768066406,183.49099731445312,183.5229949951172
1786355040,183.5229949951172,183.5570068359375,183.51800537109375,183.54299926757812
1786355100,183.54200744628906,183.57400512695312,183.53500366210938,183.56199645996094
1786355160,183.56100463867188,183.58900451660156,183.55299377441406,183.58700561523438
1786355220,183.58700561523438,183.6060028076172,183.572998046875,183.6009979248047
1786355280,183.60299682617188,183.61599731445312,183.5959930419922,183.60699462890625
1786355340,183.60800170898438,183.61000061035156,183.58099365234375,183.6020050048828
1786355400,183.5989990234375,183.60699462890625,183.58200073242188,183.58200073242188
1786355460,183.5850067138672,183.5989990234375,183.572998046875,183.59800720214844
1786355520,183.59500122070312,183.59800720214844,183.57899475097656,183.58399963378906
1786355580,183.58399963378906,183.5970001220703,183.5800018310547,183.5919952392578
1786355640,183.59300231933594,183.61399841308594,183.5919952392578,183.61199951171875
1786355700,183.60899353027344,183.62600708007812,183.60899353027344,183.6179962158203
1786355760,183.6219940185547,183.63400268554688,183.5989990234375,183.60000610351562
1786355820,183.60000610351562,183.61900329589844,183.58999633789062,183.60299682617188
1786355880,183.60299682617188,183.60800170898438,183.58599853515625,183.59800720214844
1786355940,183.59800720214844,183.60299682617188,183.57699584960938,183.5800018310547
1786356000,183.5800018310547,183.6060028076172,183.572998046875,183.60000610351562
1786356060,183.60400390625,183.60400390625,183.58799743652344,183.5919952392578
1786356120,183.5919952392578,183.5989990234375,183.58299255371094,183.58999633789062
1786356180,183.58999633789062,183.593994140625,183.5749969482422,183.58299255371094
1786356240,183.58299255371094,183.58900451660156,183.56300354003906,183.56900024414062
1786356300,183.56900024414062,183.57400512695312,183.53700256347656,183.54600524902344
1786356360,183.54600524902344,183.5800018310547,183.54600524902344,183.57400512695312
1786356420,183.58399963378906,183.6199951171875,183.5749969482422,183.5959930419922
1786356480,183.60499572753906,183.61399841308594,183.58999633789062,183.6009979248047
1786356540,183.5959930419922,183.60400390625,183.58099365234375,183.59300231933594
1786356600,183.59300231933594,183.5989990234375,183.5760040283203,183.57899475097656
1786356660,183.57899475097656,183.5850067138672,183.56700134277344,183.57000732421875
1786356720,183.57000732421875,183.5780029296875,183.55999755859375,183.5659942626953
1786356780,183.5659942626953,183.5800018310547,183.5659942626953,183.5679931640625
1786356840,183.56900024414062,183.57200622558594,183.54800415039062,183.55599975585938
1786356900,183.55599975585938,183.572998046875,183.5540008544922,183.5659942626953
1786356960,183.56900024414062,183.5800018310547,183.56300354003906,183.57000732421875
1786357020,183.57000732421875,183.5800018310547,183.56199645996094,183.56300354003906
1786357080,183.56300354003906,183.56900024414062,183.5449981689453,183.55099487304688
1786357140,183.55099487304688,183.57000732421875,183.5489959716797,183.57000732421875
1786357200,183.56700134277344,183.57000732421875,183.5570068359375,183.56199645996094
1786357260,183.56100463867188,183.5760040283203,183.55099487304688,183.55599975585938
1786357320,183.5570068359375,183.5570068359375,183.46200561523438,183.51699829101562
1786357380,183.51199340820312,183.54299926757812,183.51199340820312,183.53599548339844
1786357440,183.53500366210938,183.54299926757812,183.52000427246094,183.53199768066406
1786357500,183.53199768066406,183.53799438476562,183.51800537109375,183.5330047607422
1786357560,183.5290069580078,183.53500366210938,183.51199340820312,183.52200317382812
1786357620,183.51800537109375,183.55299377441406,183.51800537109375,183.5500030517578
1786357680,183.5469970703125,183.55099487304688,183.5240020751953,183.5330047607422
1786357740,183.5290069580078,183.53599548339844,183.50799560546875,183.51800537109375
1786357800,183.51800537109375,183.54200744628906,183.51800537109375,183.53700256347656
1786357860,183.5330047607422,183.53799438476562,183.51400756835938,183.5189971923828
1786357920,183.51600646972656,183.5229949951172,183.49099731445312,183.4969940185547
1786357980,183.50100708007812,183.51400756835938,183.47900390625,183.51300048828125
1786358040,183.51100158691406,183.5189971923828,183.4929962158203,183.50399780273438
1786358100,183.5019989013672,183.51800537109375,183.49400329589844,183.50799560546875
1786358160,183.5050048828125,183.51699829101562,183.4980010986328,183.5019989013672
1786358220,183.5019989013672,183.51300048828125,183.5019989013672,183.50799560546875
1786358280,183.50399780273438,183.51800537109375,183.49400329589844,183.5019989013672
1786358340,183.5019989013672,183.51199340820312,183.49400329589844,183.49600219726562
1786358400,183.49899291992188,183.52999877929688,183.49400329589844,183.5260009765625
1786358460,183.5260009765625,183.53199768066406,183.50399780273438,183.50599670410156
1786358520,183.5050048828125,183.50799560546875,183.48500061035156,183.49400329589844
1786358580,183.49400329589844,183.50599670410156,183.49400329589844,183.4980010986328
1786358640,183.4980010986328,183.5070037841797,183.48599243164062,183.4969940185547
1786358700,183.49899291992188,183.50399780273438,183.49200439453125,183.4969940185547
1786358760,183.4929962158203,183.5019989013672,183.48800659179688,183.48800659179688
1786358820,183.48800659179688,183.4980010986328,183.48300170898438,183.48399353027344
1786358880,183.48500061035156,183.49000549316406,183.45799255371094,183.45899963378906
1786358940,183.45899963378906,183.46400451660156,183.4409942626953,183.4499969482422
1786359000,183.4499969482422,183.46400451660156,183.4499969482422,183.4600067138672
1786359060,183.45899963378906,183.47300720214844,183.45199584960938,183.45899963378906
1786359120,183.46200561523438,183.47799682617188,183.45199584960938,183.46099853515625
1786359180,183.46099853515625,183.4709930419922,183.4510040283203,183.46800231933594
1786359240,183.46800231933594,183.47799682617188,183.46600341796875,183.4739990234375
1786359300,183.4739990234375,183.48599243164062,183.46200561523438,183.4810028076172
1786359360,183.48199462890625,183.48199462890625,183.46800231933594,183.46800231933594
1786359420,183.4669952392578,183.47500610351562,183.46499633789062,183.47000122070312
1786359480,183.47000122070312,183.49400329589844,183.46400451660156,183.48399353027344
1786359540,183.48399353027344,183.49200439453125,183.47900390625,183.48500061035156
1786359600,183.48500061035156,183.4969940185547,183.4739990234375,183.49400329589844
1786359660,183.49400329589844,183.4980010986328,183.47999572753906,183.4810028076172
1786359720,183.4810028076172,183.48699951171875,183.46600341796875,183.4669952392578
1786359780,183.46800231933594,183.4739990234375,183.45399475097656,183.45799255371094
1786359840,183.4550018310547,183.4669952392578,183.44400024414062,183.46200561523438
1786359900,183.45899963378906,183.4720001220703,183.45799255371094,183.4720001220703
1786359960,183.46800231933594,183.4980010986328,183.46800231933594,183.49400329589844
1786360020,183.4929962158203,183.53199768066406,183.48500061035156,183.51400756835938
1786360080,183.50900268554688,183.51600646972656,183.49200439453125,183.49400329589844
1786360140,183.4929962158203,183.5,183.48599243164062,183.4929962158203
1786360200,183.49099731445312,183.4980010986328,183.47999572753906,183.47999572753906
1786360260,183.47999572753906,183.48599243164062,183.4759979248047,183.47999572753906
1786360320,183.47999572753906,183.49600219726562,183.47999572753906,183.48399353027344
1786360380,183.48500061035156,183.49200439453125,183.47000122070312,183.4739990234375
1786360440,183.4739990234375,183.4759979248047,183.45899963378906,183.46200561523438
1786360500,183.46200561523438,183.47799682617188,183.4459991455078,183.45700073242188
1786360560,183.45700073242188,183.46099853515625,183.447998046875,183.4530029296875
1786360620,183.45599365234375,183.45799255371094,183.4459991455078,183.45799255371094
1786360680,183.45399475097656,183.46099853515625,183.42799377441406,183.4320068359375
1786360740,183.42999267578125,183.44000244140625,183.41400146484375,183.41700744628906
1786360800,183.41400146484375,183.43299865722656,183.41299438476562,183.4250030517578
1786360860,183.42999267578125,183.42999267578125,183.40899658203125,183.4290008544922
1786360920,183.42799377441406,183.4320068359375,183.4199981689453,183.4250030517578
1786360980,183.427001953125,183.4499969482422,183.41799926757812,183.4499969482422
1786361040,183.44900512695312,183.45799255371094,183.44000244140625,183.45700073242188
1786361100,183.45599365234375,183.45799255371094,183.43499755859375,183.44000244140625
1786361160,183.43699645996094,183.4429931640625,183.41600036621094,183.41700744628906
1786361220,183.41700744628906,183.42300415039062,183.3979949951172,183.41000366210938
1786361280,183.41200256347656,183.4290008544922,183.41200256347656,183.4219970703125
1786361340,183.4250030517578,183.43499755859375,183.41600036621094,183.42999267578125
1786361400,183.42799377441406,183.44700622558594,183.4199981689453,183.44200134277344
1786361460,183.43800354003906,183.447998046875,183.42799377441406,183.44200134277344
1786361520,183.44000244140625,183.4550018310547,183.43800354003906,183.43800354003906
1786361580,183.43800354003906,183.4530029296875,183.43699645996094,183.447998046875
1786361640,183.44400024414062,183.45599365234375,183.42999267578125,183.43600463867188
1786361700,183.43699645996094,183.45799255371094,183.43600463867188,183.4550018310547
1786361760,183.4530029296875,183.45599365234375,183.44400024414062,183.447998046875
1786361820,183.4499969482422,183.4739990234375,183.4459991455078,183.4709930419922
1786361880,183.47000122070312,183.4739990234375,183.46099853515625,183.4720001220703
1786361940,183.46800231933594,183.4770050048828,183.447998046875,183.447998046875
1786362000,183.44900512695312,183.4669952392578,183.43600463867188,183.46499633789062
1786362060,183.46200561523438,183.48599243164062,183.45700073242188,183.48599243164062
1786362120,183.48599243164062,183.48800659179688,183.45700073242188,183.45700073242188
1786362180,183.45700073242188,183.468994140625,183.44700622558594,183.4499969482422
1786362240,183.4510040283203,183.46200561523438,183.44700622558594,183.45199584960938
1786362300,183.45399475097656,183.4770050048828,183.45199584960938,183.46800231933594
1786362360,183.46800231933594,183.4770050048828,183.45799255371094,183.46099853515625
1786362420,183.46299743652344,183.468994140625,183.447998046875,183.4550018310547
1786362480,183.4550018310547,183.50399780273438,183.45399475097656,183.48399353027344
1786362540,183.48300170898438,183.49400329589844,183.47500610351562,183.47799682617188
1786362600,183.47799682617188,183.4929962158203,183.47799682617188,183.48300170898438
1786362660,183.48300170898438,183.48599243164062,183.4720001220703,183.4739990234375
1786362720,183.47500610351562,183.48399353027344,183.46800231933594,183.47900390625
1786362780,183.4810028076172,183.4980010986328,183.47999572753906,183.48599243164062
1786362840,183.48300170898438,183.48699951171875,183.46800231933594,183.47300720214844
1786362900,183.47300720214844,183.48300170898438,183.46800231933594,183.4759979248047
1786362960,183.4709930419922,183.47999572753906,183.4600067138672,183.46800231933594
1786363020,183.4669952392578,183.48699951171875,183.46299743652344,183.4759979248047
1786363080,183.4759979248047,183.49000549316406,183.4739990234375,183.47900390625
1786363140,183.47900390625,183.47900390625,183.4600067138672,183.4739990234375
1786363200,183.468994140625,183.47799682617188,183.45899963378906,183.4720001220703
1786363260,183.46800231933594,183.48699951171875,183.46200561523438,183.48599243164062
1786363320,183.48500061035156,183.48500061035156,183.46800231933594,183.47799682617188
1786363380,183.47799682617188,183.47999572753906,183.4530029296875,183.45399475097656
1786363440,183.45599365234375,183.4720001220703,183.4429931640625,183.46200561523438
1786363500,183.46299743652344,183.46400451660156,183.44500732421875,183.44900512695312
1786363560,183.44900512695312,183.45700073242188,183.42300415039062,183.44200134277344
1786363620,183.43800354003906,183.44700622558594,183.04200744628906,183.1699981689453
1786363680,183.16700744628906,183.3000030517578,183.11700439453125,183.28799438476562
1786363740,183.281005859375,183.32400512695312,183.281005859375,183.30599975585938
1786363800,183.302001953125,183.33200073242188,183.28199768066406,183.29600524902344
1786363860,183.28799438476562,183.3070068359375,183.27099609375,183.2969970703125
1786363920,183.2969970703125,183.35000610351562,183.2969970703125,183.34300231933594
1786363980,183.34800720214844,183.3489990234375,183.3179931640625,183.32200622558594
1786364040,183.3260040283203,183.3260040283203,183.28599548339844,183.31199645996094
1786364100,183.31199645996094,183.33399963378906,183.30499267578125,183.3280029296875
1786364160,183.3280029296875,183.33999633789062,183.32000732421875,183.3280029296875
1786364220,183.3280029296875,183.33399963378906,183.2899932861328,183.3040008544922
1786364280,183.30499267578125,183.32200622558594,183.29400634765625,183.30599975585938
1786364340,183.30799865722656,183.31500244140625,183.2989959716797,183.30499267578125
1786364400,183.30799865722656,183.32200622558594,183.3000030517578,183.31700134277344
1786364460,183.31399536132812,183.31700134277344,183.28199768066406,183.28900146484375
1786364520,183.28500366210938,183.2949981689453,183.2689971923828,183.29200744628906
1786364580,183.28700256347656,183.31900024414062,183.28199768066406,183.31399536132812
1786364640,183.31399536132812,183.3699951171875,183.31199645996094,183.36599731445312
1786364700,183.35899353027344,183.38299560546875,183.35899353027344,183.3719940185547
1786364760,183.37600708007812,183.38499450683594,183.3280029296875,183.34300231933594
1786364820,183.34300231933594,183.34800720214844,183.31399536132812,183.33299255371094
1786364880,183.33099365234375,183.34300231933594,183.32200622558594,183.3350067138672
1786364940,183.3300018310547,183.33799743652344,183.32000732421875,183.3300018310547
1786365000,183.3300018310547,183.35400390625,183.3260040283203,183.3520050048828
1786365060,183.35299682617188,183.36199951171875,183.34100341796875,183.35899353027344
1786365120,183.35899353027344,183.36300659179688,183.34300231933594,183.3509979248047
1786365180,183.3520050048828,183.36599731445312,183.35000610351562,183.36099243164062
1786365240,183.36199951171875,183.36700439453125,183.3350067138672,183.3509979248047
1786365300,183.3509979248047,183.36900329589844,183.33799743652344,183.33999633789062
1786365360,183.33999633789062,183.3489990234375,183.33299255371094,183.33399963378906
1786365420,183.33399963378906,183.3679962158203,183.3260040283203,183.36599731445312
1786365480,183.36599731445312,183.38800048828125,183.34100341796875,183.35299682617188
1786365540,183.35299682617188,183.3719940185547,183.34300231933594,183.3679962158203
1786365600,183.36399841308594,183.4010009765625,183.3509979248047,183.39300537109375
1786365660,183.39700317382812,183.4199981689453,183.39300537109375,183.40699768066406
1786365720,183.41000366210938,183.4199981689453,183.39999389648438,183.4149932861328
1786365780,183.4149932861328,183.41799926757812,183.4029998779297,183.40499877929688
1786365840,183.4080047607422,183.4239959716797,183.39599609375,183.41600036621094
1786365900,183.41600036621094,183.43800354003906,183.41000366210938,183.4250030517578
1786365960,183.427001953125,183.44500732421875,183.41299438476562,183.44200134277344
1786366020,183.4429931640625,183.46600341796875,183.43800354003906,183.45899963378906
1786366080,183.45899963378906,183.46499633789062,183.4409942626953,183.4459991455078
1786366140,183.44500732421875,183.45799255371094,183.44500732421875,183.45199584960938
1786366200,183.447998046875,183.4530029296875,183.4429931640625,183.4510040283203
1786366260,183.44500732421875,183.46600341796875,183.44200134277344,183.45899963378906
1786366320,183.4600067138672,183.46499633789062,183.447998046875,183.4600067138672
1786366380,183.4600067138672,183.51300048828125,183.45799255371094,183.50599670410156
1786366440,183.5,183.54100036621094,183.49899291992188,183.53500366210938
1786366500,183.5399932861328,183.54100036621094,183.51300048828125,183.5240020751953
1786366560,183.5189971923828,183.54100036621094,183.51800537109375,183.53500366210938
1786366620,183.53500366210938,183.55299377441406,183.52999877929688,183.5489959716797
1786366680,183.5500030517578,183.5500030517578,183.5229949951172,183.52699279785156
1786366740,183.52499389648438,183.53199768066406,183.51499938964844,183.52999877929688
1786366800,183.52999877929688,183.53900146484375,183.51199340820312,183.5240020751953
1786366860,183.5189971923828,183.53399658203125,183.51499938964844,183.51699829101562
1786366920,183.51800537109375,183.5229949951172,183.50599670410156,183.50799560546875
1786366980,183.51100158691406,183.51800537109375,183.49899291992188,183.51199340820312
1786367040,183.51199340820312,183.54100036621094,183.5050048828125,183.53599548339844
1786367100,183.53599548339844,183.572998046875,183.52999877929688,183.56199645996094
1786367160,183.55799865722656,183.56700134277344,183.54299926757812,183.54800415039062
1786367220,183.54800415039062,183.55299377441406,183.51499938964844,183.52699279785156
1786367280,183.5290069580078,183.5590057373047,183.5229949951172,183.54100036621094
1786367340,183.54100036621094,183.55999755859375,183.5290069580078,183.54800415039062
1786367400,183.54800415039062,183.57200622558594,183.54200744628906,183.5679931640625
1786367460,183.572998046875,183.59500122070312,183.55999755859375,183.58700561523438
1786367520,183.58399963378906,183.59100341796875,183.572998046875,183.58599853515625
1786367580,183.58200073242188,183.59100341796875,183.55299377441406,183.57400512695312
1786367640,183.5709991455078,183.58099365234375,183.56500244140625,183.5760040283203
1786367700,183.57000732421875,183.60400390625,183.56700134277344,183.60400390625
1786367760,183.59800720214844,183.6060028076172,183.5850067138672,183.58799743652344
1786367820,183.58599853515625,183.59300231933594,183.5749969482422,183.58900451660156
1786367880,183.5850067138672,183.6009979248047,183.58299255371094,183.5970001220703
1786367940,183.5970001220703,183.6009979248047,183.58599853515625,183.5919952392578
1786368000,183.58900451660156,183.6060028076172,183.5800018310547,183.59800720214844
1786368060,183.60000610351562,183.60499572753906,183.58299255371094,183.58399963378906
1786368120,183.58399963378906,183.5919952392578,183.5679931640625,183.5760040283203
1786368180,183.5749969482422,183.58599853515625,183.57000732421875,183.57000732421875
1786368240,183.57000732421875,183.5780029296875,183.55799865722656,183.5709991455078
1786368300,183.57200622558594,183.59100341796875,183.57200622558594,183.58299255371094
1786368360,183.58299255371094,183.6009979248047,183.5749969482422,183.59800720214844
1786368420,183.59800720214844,183.62100219726562,183.59500122070312,183.6179962158203
1786368480,183.61300659179688,183.63900756835938,183.61300659179688,183.62399291992188
1786368540,183.6199951171875,183.6280059814453,183.5989990234375,183.60400390625
1786368600,183.6020050048828,183.60699462890625,183.5850067138672,183.5970001220703
1786368660,183.59300231933594,183.62899780273438,183.58999633789062,183.60000610351562
1786368720,183.60000610351562,183.60499572753906,183.5850067138672,183.58799743652344
1786368780,183.58799743652344,183.60499572753906,183.5850067138672,183.5989990234375
1786368840,183.6020050048828,183.61199951171875,183.5959930419922,183.60000610351562
1786368900,183.60400390625,183.625,183.60000610351562,183.62399291992188
1786368960,183.6179962158203,183.63499450683594,183.61399841308594,183.6179962158203
1786369020,183.61500549316406,183.62399291992188,183.58799743652344,183.59300231933594
1786369080,183.59300231933594,183.60800170898438,183.58700561523438,183.593994140625
1786369140,183.593994140625,183.6060028076172,183.58200073242188,183.60400390625
1786369200,183.60400390625,183.6300048828125,183.60299682617188,183.6280059814453
1786369260,183.625,183.6439971923828,183.61599731445312,183.6199951171875
1786369320,183.6199951171875,183.63299560546875,183.61500549316406,183.625
1786369380,183.625,183.63299560546875,183.60800170898438,183.60800170898438
1786369440,183.61500549316406,183.61700439453125,183.58999633789062,183.593994140625
1786369500,183.59300231933594,183.6179962158203,183.58900451660156,183.59800720214844
1786369560,183.59500122070312,183.63499450683594,183.58599853515625,183.61099243164062
1786369620,183.61099243164062,183.61599731445312,183.50100708007812,183.59800720214844
1786369680,183.60299682617188,183.61199951171875,183.58799743652344,183.61000061035156
1786369740,183.60699462890625,183.62899780273438,183.59800720214844,183.61300659179688
1786369800,183.62100219726562,183.64199829101562,183.61300659179688,183.63600158691406
1786369860,183.63499450683594,183.64199829101562,183.61500549316406,183.63099670410156
1786369920,183.6300048828125,183.64500427246094,183.61500549316406,183.6300048828125
1786369980,183.6280059814453,183.63099670410156,183.58799743652344,183.60000610351562
1786370040,183.60400390625,183.6199951171875,183.58799743652344,183.59300231933594
1786370100,183.58999633789062,183.5959930419922,183.5070037841797,183.5800018310547
1786370160,183.58200073242188,183.58999633789062,183.54800415039062,183.54800415039062
1786370220,183.5540008544922,183.55799865722656,183.52999877929688,183.55499267578125
1786370280,183.55499267578125,183.56900024414062,183.53799438476562,183.56500244140625
1786370340,183.55999755859375,183.58700561523438,183.55999755859375,183.58200073242188
1786370400,183.57899475097656,183.59300231933594,183.55799865722656,183.58200073242188
1786370460,183.58200073242188,183.5850067138672,183.56399536132812,183.5659942626953
1786370520,183.56700134277344,183.57899475097656,183.55299377441406,183.55299377441406
1786370580,183.55299377441406,183.5780029296875,183.5449981689453,183.56100463867188
1786370640,183.56100463867188,183.5709991455078,183.55499267578125,183.56399536132812
1786370700,183.56900024414062,183.58999633789062,183.56300354003906,183.58299255371094
1786370760,183.58299255371094,183.59100341796875,183.572998046875,183.58200073242188
1786370820,183.58599853515625,183.59100341796875,183.5709991455078,183.58399963378906
1786370880,183.58299255371094,183.60000610351562,183.58200073242188,183.58999633789062
1786370940,183.5919952392578,183.60499572753906,183.58999633789062,183.59300231933594
1786371000,183.5959930419922,183.6060028076172,183.59100341796875,183.59100341796875
1786371060,183.59100341796875,183.6009979248047,183.53399658203125,183.5449981689453
1786371120,183.5449981689453,183.56399536132812,183.5449981689453,183.55999755859375
1786371180,183.55599975585938,183.57899475097656,183.5330047607422,183.5330047607422
1786371240,183.53900146484375,183.56199645996094,183.531005859375,183.5500030517578
1786371300,183.5500030517578,183.55499267578125,183.5240020751953,183.52699279785156
1786371360,183.52699279785156,183.531005859375,183.47300720214844,183.49200439453125
1786371420,183.49200439453125,183.52099609375,183.49000549316406,183.5050048828125
1786371480,183.50599670410156,183.54299926757812,183.50599670410156,183.5240020751953
1786371540,183.5240020751953,183.53799438476562,183.51600646972656,183.51600646972656
1786371600,183.52200317382812,183.52200317382812,183.49600219726562,183.4969940185547
1786371660,183.4969940185547,183.5260009765625,183.4929962158203,183.5030059814453
1786371720,183.50100708007812,183.5189971923828,183.5,183.50399780273438
1786371780,183.5050048828125,183.53799438476562,183.4949951171875,183.53399658203125
1786371840,183.52499389648438,183.54299926757812,183.5229949951172,183.53900146484375
1786371900,183.53199768066406,183.5540008544922,183.531005859375,183.53799438476562
1786371960,183.54400634765625,183.59300231933594,183.5399932861328,183.58700561523438
1786372020,183.58599853515625,183.58900451660156,183.56100463867188,183.56199645996094
1786372080,183.56100463867188,183.57400512695312,183.5500030517578,183.55299377441406
1786372140,183.55299377441406,183.5679931640625,183.54800415039062,183.56199645996094
1786372200,183.5590057373047,183.58399963378906,183.54800415039062,183.58200073242188
1786372260,183.5780029296875,183.58299255371094,183.55799865722656,183.55799865722656
1786372320,183.55799865722656,183.5919952392578,183.5570068359375,183.58900451660156
1786372380,183.58200073242188,183.61399841308594,183.58200073242188,183.61000061035156
1786372440,183.60499572753906,183.61500549316406,183.59800720214844,183.60699462890625
1786372500,183.61000061035156,183.61399841308594,183.59100341796875,183.6060028076172
1786372560,183.61099243164062,183.63400268554688,183.60499572753906,183.6300048828125
1786372620,183.6300048828125,183.63699340820312,183.6179962158203,183.62600708007812
1786372680,183.6219940185547,183.62899780273438,183.61000061035156,183.6199951171875
1786372740,183.6179962158203,183.63699340820312,183.61500549316406,183.6230010986328
1786372800,183.6230010986328,183.63400268554688,183.60899353027344,183.61099243164062
1786372860,183.61099243164062,183.63099670410156,183.60800170898438,183.6300048828125
1786372920,183.6300048828125,183.63400268554688,183.6199951171875,183.6199951171875
1786372980,183.6199951171875,183.6230010986328,183.58799743652344,183.6060028076172
1786373040,183.60699462890625,183.61000061035156,183.58999633789062,183.59100341796875
1786373100,183.59100341796875,183.60699462890625,183.58200073242188,183.5850067138672
1786373160,183.5850067138672,183.59800720214844,183.5749969482422,183.58799743652344
1786373220,183.58999633789062,183.59300231933594,183.5760040283203,183.59300231933594
1786373280,183.5850067138672,183.60899353027344,183.58399963378906,183.5970001220703
1786373340,183.5970001220703,183.60800170898438,183.58599853515625,183.59500122070312
1786373400,183.58999633789062,183.61199951171875,183.58799743652344,183.60000610351562
1786373460,183.60000610351562,183.60899353027344,183.57000732421875,183.57899475097656
1786373520,183.5780029296875,183.58099365234375,183.56100463867188,183.56900024414062
1786373580,183.57200622558594,183.5959930419922,183.57000732421875,183.5850067138672
1786373640,183.58599853515625,183.59800720214844,183.58200073242188,183.58799743652344
1786373700,183.58700561523438,183.61099243164062,183.57899475097656,183.5959930419922
1786373760,183.5970001220703,183.61599731445312,183.59100341796875,183.60299682617188
1786373820,183.6020050048828,183.6479949951172,183.60000610351562,183.61000061035156
1786373880,183.61300659179688,183.6300048828125,183.60800170898438,183.6280059814453
1786373940,183.6280059814453,183.63400268554688,183.5989990234375,183.60400390625
1786374000,183.60299682617188,183.60699462890625,183.53900146484375,183.57899475097656
1786374060,183.57899475097656,183.58299255371094,183.5659942626953,183.5780029296875
1786374120,183.57899475097656,183.58099365234375,183.55799865722656,183.57699584960938
1786374180,183.57400512695312,183.6009979248047,183.57400512695312,183.59300231933594
1786374240,183.59300231933594,183.6060028076172,183.58700561523438,183.58799743652344
1786374300,183.58799743652344,183.61099243164062,183.5850067138672,183.61099243164062
1786374360,183.60699462890625,183.6320037841797,183.60699462890625,183.6280059814453
1786374420,183.6280059814453,183.65199279785156,183.6269989013672,183.62899780273438
1786374480,183.63600158691406,183.64300537109375,183.6219940185547,183.62600708007812
1786374540,183.6269989013672,183.6280059814453,183.58999633789062,183.59500122070312
1786374600,183.59500122070312,183.61500549316406,183.593994140625,183.60699462890625
1786374660,183.61000061035156,183.62399291992188,183.60499572753906,183.61000061035156
1786374720,183.60800170898438,183.61399841308594,183.5970001220703,183.60299682617188
1786374780,183.60299682617188,183.6269989013672,183.60299682617188,183.6219940185547
1786374840,183.61900329589844,183.625,183.5970001220703,183.61300659179688
1786374900,183.61300659179688,183.62600708007812,183.61099243164062,183.6219940185547
1786374960,183.6230010986328,183.6269989013672,183.5989990234375,183.60800170898438
1786375020,183.60699462890625,183.61599731445312,183.57699584960938,183.58399963378906
1786375080,183.5780029296875,183.58799743652344,183.56700134277344,183.5760040283203
1786375140,183.5760040283203,183.58299255371094,183.5540008544922,183.56199645996094
1786375200,183.55799865722656,183.56700134277344,183.52999877929688,183.53599548339844
1786375260,183.53700256347656,183.54100036621094,183.51499938964844,183.5260009765625
1786375320,183.5229949951172,183.53199768066406,183.50799560546875,183.5260009765625
1786375380,183.5229949951172,183.53399658203125,183.52099609375,183.5279998779297
1786375440,183.5229949951172,183.52999877929688,183.51199340820312,183.52699279785156
1786375500,183.5290069580078,183.5449981689453,183.51600646972656,183.52699279785156
1786375560,183.52699279785156,183.5570068359375,183.52499389648438,183.5279998779297
1786375620,183.52499389648438,183.5330047607422,183.5189971923828,183.52200317382812
1786375680,183.5189971923828,183.53900146484375,183.51300048828125,183.5279998779297
1786375740,183.53199768066406,183.53700256347656,183.51800537109375,183.52200317382812
1786375800,183.52499389648438,183.53599548339844,183.51300048828125,183.53199768066406
1786375860,183.531005859375,183.55099487304688,183.52499389648438,183.54400634765625
1786375920,183.53799438476562,183.55499267578125,183.53799438476562,183.54299926757812
1786375980,183.54200744628906,183.54400634765625,183.53500366210938,183.54100036621094
1786376040,183.54100036621094,183.5469970703125,183.5229949951172,183.53700256347656
1786376100,183.531005859375,183.53500366210938,183.51800537109375,183.5279998779297
1786376160,183.52699279785156,183.53199768066406,183.51800537109375,183.52099609375
1786376220,183.5189971923828,183.52699279785156,183.50799560546875,183.50799560546875
1786376280,183.50999450683594,183.51499938964844,183.4980010986328,183.5
1786376340,183.5019989013672,183.50999450683594,183.4980010986328,183.50100708007812
1786376400,183.50100708007812,183.5279998779297,183.5,183.51800537109375
1786376460,183.5240020751953,183.52499389648438,183.5050048828125,183.50799560546875
1786376520,183.50799560546875,183.53500366210938,183.50799560546875,183.52000427246094
1786376580,183.52000427246094,183.531005859375,183.51400756835938,183.51499938964844
1786376640,183.51699829101562,183.5240020751953,183.51300048828125,183.5189971923828
1786376700,183.5229949951172,183.52999877929688,183.5189971923828,183.52499389648438
1786376760,183.5279998779297,183.5399932861328,183.5229949951172,183.52499389648438
1786376820,183.5229949951172,183.53399658203125,183.51699829101562,183.5240020751953
1786376880,183.52499389648438,183.5330047607422,183.5189971923828,183.5229949951172
1786376940,183.5229949951172,183.5290069580078,183.51199340820312,183.51699829101562
1786377000,183.52000427246094,183.53199768066406,183.51300048828125,183.52000427246094
1786377060,183.52099609375,183.53399658203125,183.51300048828125,183.52999877929688
1786377120,183.5229949951172,183.55099487304688,183.5229949951172,183.54400634765625
1786377180,183.5449981689453,183.5540008544922,183.53500366210938,183.53799438476562
1786377240,183.53799438476562,183.552001953125,183.53599548339844,183.54800415039062
1786377300,183.5469970703125,183.54800415039062,183.5330047607422,183.5449981689453
1786377360,183.5449981689453,183.56199645996094,183.54400634765625,183.55799865722656
1786377420,183.55799865722656,183.58399963378906,183.55799865722656,183.5760040283203
1786377480,183.57699584960938,183.58200073242188,183.56500244140625,183.56900024414062
1786377540,183.56900024414062,183.5760040283203,183.55599975585938,183.55599975585938
1786377600,183.55499267578125,183.5760040283203,183.552001953125,183.57000732421875
1786377660,183.5709991455078,183.57899475097656,183.56300354003906,183.56300354003906
1786377720,183.56399536132812,183.59500122070312,183.56300354003906,183.5919952392578
1786377780,183.58900451660156,183.60299682617188,183.58700561523438,183.60000610351562
1786377840,183.60400390625,183.60800170898438,183.593994140625,183.6060028076172
1786377900,183.6060028076172,183.61099243164062,183.59300231933594,183.5989990234375
1786377960,183.6009979248047,183.6060028076172,183.593994140625,183.593994140625
1786378020,183.59300231933594,183.60899353027344,183.5919952392578,183.5970001220703
1786378080,183.5970001220703,183.6060028076172,183.5959930419922,183.5989990234375
1786378140,183.6020050048828,183.60899353027344,183.59800720214844,183.6020050048828
1786378200,183.60499572753906,183.61900329589844,183.6020050048828,183.61099243164062
1786378260,183.61099243164062,183.61900329589844,183.60899353027344,183.6179962158203
1786378320,183.61500549316406,183.6300048828125,183.61399841308594,183.6230010986328
1786378380,183.6230010986328,183.62899780273438,183.60800170898438,183.61500549316406
1786378440,183.6179962158203,183.62399291992188,183.61399841308594,183.6179962158203
1786378500,183.6179962158203,183.6280059814453,183.61000061035156,183.61099243164062
1786378560,183.61099243164062,183.62399291992188,183.61000061035156,183.61500549316406
1786378620,183.61500549316406,183.6199951171875,183.5919952392578,183.593994140625
1786378680,183.5919952392578,183.593994140625,183.5800018310547,183.58999633789062
1786378740,183.58700561523438,183.5959930419922,183.5780029296875,183.57899475097656
1786378800,183.5780029296875,183.58799743652344,183.57699584960938,183.58200073242188
1786378860,183.58200073242188,183.58799743652344,183.5679931640625,183.56900024414062
1786378920,183.57400512695312,183.5850067138672,183.5679931640625,183.57000732421875
1786378980,183.57000732421875,183.5800018310547,183.5659942626953,183.5679931640625
1786379040,183.5679931640625,183.5780029296875,183.5679931640625,183.57400512695312
1786379100,183.57000732421875,183.5749969482422,183.55599975585938,183.55599975585938
1786379160,183.5570068359375,183.5800018310547,183.55599975585938,183.57699584960938
1786379220,183.57699584960938,183.593994140625,183.5760040283203,183.58799743652344
1786379280,183.58799743652344,183.60800170898438,183.58799743652344,183.60699462890625
1786379340,183.60299682617188,183.61099243164062,183.59800720214844,183.60299682617188
1786379400,183.60299682617188,183.61399841308594,183.6009979248047,183.61099243164062
1786379460,183.61000061035156,183.61399841308594,183.5800018310547,183.5800018310547
1786379520,183.572998046875,183.61700439453125,183.572998046875,183.60499572753906
1786379580,183.60000610351562,183.6490020751953,183.60000610351562,183.6439971923828
1786379640,183.64500427246094,183.65699768066406,183.64199829101562,183.6439971923828
1786379700,183.64500427246094,183.6490020751953,183.63400268554688,183.63999938964844
1786379760,183.63999938964844,183.64300537109375,183.6179962158203,183.6199951171875
1786379820,183.6199951171875,183.63299560546875,183.6199951171875,183.6280059814453
1786379880,183.6280059814453,183.63400268554688,183.61099243164062,183.61700439453125
1786379940,183.6179962158203,183.6230010986328,183.61000061035156,183.61300659179688
1786380000,183.61099243164062,183.62600708007812,183.60000610351562,183.60299682617188
1786380060,183.60699462890625,183.62100219726562,183.5989990234375,183.61900329589844
1786380120,183.61900329589844,183.63099670410156,183.61700439453125,183.625
1786380180,183.625,183.63600158691406,183.6219940185547,183.62600708007812
1786380240,183.62600708007812,183.6300048828125,183.59300231933594,183.5959930419922
1786380300,183.60000610351562,183.60400390625,183.58799743652344,183.58799743652344
1786380360,183.58799743652344,183.60499572753906,183.58700561523438,183.58700561523438
1786380420,183.58700561523438,183.59800720214844,183.56300354003906,183.56300354003906
1786380480,183.5679931640625,183.58299255371094,183.56300354003906,183.5679931640625
1786380540,183.5679931640625,183.58200073242188,183.56700134277344,183.57000732421875
1786380600,183.57000732421875,183.58900451660156,183.57000732421875,183.58299255371094
1786380660,183.58299255371094,183.60499572753906,183.5800018310547,183.5970001220703
1786380720,183.60000610351562,183.61300659179688,183.59500122070312,183.60800170898438
1786380780,183.61199951171875,183.62899780273438,183.6060028076172,183.6219940185547
1786380840,183.6219940185547,183.63499450683594,183.61399841308594,183.63400268554688
1786380900,183.63299560546875,183.64100646972656,183.61700439453125,183.6219940185547
1786380960,183.6199951171875,183.625,183.61000061035156,183.61900329589844
1786381020,183.61500549316406,183.6529998779297,183.61500549316406,183.64599609375
1786381080,183.64599609375,183.6580047607422,183.64300537109375,183.64999389648438
1786381140,183.6490020751953,183.6529998779297,183.63600158691406,183.63900756835938
1786381200,183.63800048828125,183.64199829101562,183.6320037841797,183.63800048828125
1786381260,183.63900756835938,183.64700317382812,183.63600158691406,183.64300537109375
1786381320,183.6439971923828,183.6479949951172,183.63800048828125,183.63999938964844
1786381380,183.64100646972656,183.66200256347656,183.63800048828125,183.64199829101562
1786381440,183.64199829101562,183.67799377441406,183.63699340820312,183.66700744628906
1786381500,183.66299438476562,183.70700073242188,183.66299438476562,183.70599365234375
1786381560,183.7050018310547,183.71600341796875,183.68800354003906,183.6909942626953
1786381620,183.69200134277344,183.7220001220703,183.6909942626953,183.72000122070312
1786381680,183.718994140625,183.7469940185547,183.71499633789062,183.7449951171875
1786381740,183.7449951171875,183.75,183.7209930419922,183.73599243164062
1786381800,183.73899841308594,183.7449951171875,183.72900390625,183.73599243164062
1786381860,183.73399353027344,183.73399353027344,183.7100067138672,183.71200561523438
1786381920,183.71400451660156,183.718994140625,183.7030029296875,183.7050018310547
1786381980,183.7050018310547,183.71200561523438,183.6909942626953,183.69200134277344
1786382040,183.69700622558594,183.6999969482422,183.68099975585938,183.68699645996094
1786382100,183.68699645996094,183.68899536132812,183.67799377441406,183.67799377441406
1786382160,183.67799377441406,183.68600463867188,183.6750030517578,183.6820068359375
1786382220,183.68099975585938,183.68899536132812,183.67599487304688,183.677001953125
1786382280,183.677001953125,183.68899536132812,183.67599487304688,183.68800354003906
1786382340,183.68699645996094,183.69700622558594,183.6649932861328,183.6739959716797
1786382400,183.66900634765625,183.67300415039062,183.65699768066406,183.65699768066406
1786382460,183.65699768066406,183.66200256347656,183.64700317382812,183.6529998779297
1786382520,183.6529998779297,183.6649932861328,183.64599609375,183.66000366210938
1786382580,183.65899658203125,183.6739959716797,183.6580047607422,183.66700744628906
1786382640,183.6699981689453,183.67999267578125,183.66700744628906,183.6719970703125
1786382700,183.6719970703125,183.6739959716797,183.6580047607422,183.66200256347656
1786382760,183.6649932861328,183.67599487304688,183.65899658203125,183.6699981689453
1786382820,183.6699981689453,183.68499755859375,183.66299438476562,183.67999267578125
1786382880,183.6790008544922,183.6840057373047,183.67100524902344,183.67599487304688
1786382940,183.677001953125,183.67999267578125,183.66200256347656,183.66200256347656
1786383000,183.66299438476562,183.67100524902344,183.65699768066406,183.6649932861328
1786383060,183.6649932861328,183.6790008544922,183.6649932861328,183.6739959716797
1786383120,183.6750030517578,183.6820068359375,183.67100524902344,183.67799377441406
1786383180,183.6750030517578,183.6840057373047,183.67100524902344,183.67799377441406
1786383240,183.67799377441406,183.68899536132812,183.677001953125,183.68699645996094
1786383300,183.68699645996094,183.69000244140625,183.6820068359375,183.68699645996094
1786383360,183.68499755859375,183.70599365234375,183.68299865722656,183.7050018310547
1786383420,183.7010040283203,183.70799255371094,183.6929931640625,183.69700622558594
1786383480,183.69400024414062,183.70399475097656,183.68699645996094,183.6909942626953
1786383540,183.69000244140625,183.6959991455078,183.6820068359375,183.68299865722656
1786383600,183.68299865722656,183.69000244140625,183.677001953125,183.6790008544922
1786383660,183.6820068359375,183.68600463867188,183.66900634765625,183.67100524902344
1786383720,183.6739959716797,183.68699645996094,183.6699981689453,183.6820068359375
1786383780,183.6820068359375,183.68600463867188,183.6750030517578,183.6820068359375
1786383840,183.6820068359375,183.6999969482422,183.6820068359375,183.6820068359375
1786383900,183.6840057373047,183.7050018310547,183.6820068359375,183.69200134277344
1786383960,183.69200134277344,183.69700622558594,183.68800354003906,183.69700622558594
1786384020,183.69200134277344,183.70199584960938,183.68800354003906,183.6999969482422
1786384080,183.7030029296875,183.70700073242188,183.6929931640625,183.69700622558594
1786384140,183.6959991455078,183.71099853515625,183.6909942626953,183.70700073242188
1786384200,183.70700073242188,183.7100067138672,183.69000244140625,183.6929931640625
1786384260,183.6929931640625,183.7010040283203,183.68499755859375,183.68800354003906
1786384320,183.68800354003906,183.69200134277344,183.6820068359375,183.68600463867188
1786384380,183.6820068359375,183.68800354003906,183.6750030517578,183.6840057373047
1786384440,183.6820068359375,183.68699645996094,183.6820068359375,183.6820068359375
1786384500,183.6820068359375,183.6929931640625,183.6820068359375,183.68800354003906
1786384560,183.68800354003906,183.69400024414062,183.68299865722656,183.69200134277344
1786384620,183.6929931640625,183.6959991455078,183.67799377441406,183.6820068359375
1786384680,183.67999267578125,183.68600463867188,183.67799377441406,183.6820068359375
1786384740,183.67999267578125,183.69200134277344,183.67999267578125,183.68800354003906
1786384800,183.68899536132812,183.69700622558594,183.6820068359375,183.68600463867188
1786384860,183.68600463867188,183.69200134277344,183.67999267578125,183.68299865722656
1786384920,183.68499755859375,183.69900512695312,183.6820068359375,183.68499755859375
1786384980,183.6840057373047,183.68699645996094,183.67599487304688,183.6820068359375
1786385040,183.68299865722656,183.6840057373047,183.66799926757812,183.6699981689453
1786385100,183.6699981689453,183.6750030517578,183.66799926757812,183.6739959716797
1786385160,183.6719970703125,183.6999969482422,183.67100524902344,183.69200134277344
1786385220,183.69500732421875,183.70399475097656,183.69200134277344,183.697998046875
1786385280,183.697998046875,183.70799255371094,183.697998046875,183.7030029296875
1786385340,183.7050018310547,183.71400451660156,183.7030029296875,183.7050018310547
1786385400,183.7050018310547,183.71600341796875,183.7030029296875,183.71400451660156
1786385460,183.71200561523438,183.71499633789062,183.70799255371094,183.70799255371094
1786385520,183.70799255371094,183.7220001220703,183.70799255371094,183.72000122070312
1786385580,183.71499633789062,183.7270050048828,183.7100067138672,183.71400451660156
1786385640,183.7100067138672,183.71600341796875,183.7050018310547,183.7050018310547
1786385700,183.7050018310547,183.71600341796875,183.7050018310547,183.70899963378906
1786385760,183.7100067138672,183.7169952392578,183.7030029296875,183.71600341796875
1786385820,183.71099853515625,183.7220001220703,183.7100067138672,183.71499633789062
1786385880,183.71499633789062,183.72900390625,183.71299743652344,183.7239990234375
1786385940,183.72300720214844,183.72900390625,183.71800231933594,183.7270050048828
1786386000,183.72300720214844,183.73300170898438,183.72000122070312,183.72799682617188
1786386060,183.73199462890625,183.73599243164062,183.72500610351562,183.73199462890625
1786386120,183.7310028076172,183.73300170898438,183.718994140625,183.72500610351562
1786386180,183.7220001220703,183.73300170898438,183.72000122070312,183.73300170898438
1786386240,183.72999572753906,183.73500061035156,183.72799682617188,183.72900390625
1786386300,183.72900390625,183.73599243164062,183.72500610351562,183.73399353027344
1786386360,183.72900390625,183.73399353027344,183.72300720214844,183.7259979248047
1786386420,183.72500610351562,183.72999572753906,183.71400451660156,183.72799682617188
1786386480,183.72900390625,183.7310028076172,183.71099853515625,183.71400451660156
1786386540,183.71200561523438,183.71499633789062,183.70799255371094,183.7100067138672
1786386600,183.70899963378906,183.71600341796875,183.70599365234375,183.7100067138672
1786386660,183.70899963378906,183.7169952392578,183.6580047607422,183.68800354003906
1786386720,183.68800354003906,183.70799255371094,183.6790008544922,183.70399475097656
1786386780,183.70199584960938,183.71400451660156,183.7010040283203,183.70700073242188
1786386840,183.70700073242188,183.71600341796875,183.69900512695312,183.71099853515625
1786386900,183.71299743652344,183.7259979248047,183.7100067138672,183.71600341796875
1786386960,183.71600341796875,183.72500610351562,183.71400451660156,183.71800231933594
1786387020,183.71400451660156,183.7220001220703,183.71400451660156,183.7169952392578
1786387080,183.7169952392578,183.7220001220703,183.71499633789062,183.72000122070312
1786387140,183.71499633789062,183.74600219726562,183.71499633789062,183.7449951171875
1786387200,183.74000549316406,183.7449951171875,183.73300170898438,183.73800659179688
1786387260,183.73800659179688,183.7429962158203,183.73300170898438,183.73300170898438
1786387320,183.73300170898438,183.74000549316406,183.72799682617188,183.73300170898438
1786387380,183.73300170898438,183.7570037841797,183.73300170898438,183.7519989013672
1786387440,183.7480010986328,183.7550048828125,183.74000549316406,183.7449951171875
1786387500,183.7449951171875,183.7530059814453,183.7449951171875,183.7480010986328
1786387560,183.74899291992188,183.75399780273438,183.7429962158203,183.7449951171875
1786387620,183.7449951171875,183.75599670410156,183.7429962158203,183.75
1786387680,183.75599670410156,183.77200317382812,183.75,183.77200317382812
1786387740,183.7729949951172,183.77499389648438,183.76400756835938,183.7689971923828
1786387800,183.7689971923828,183.77000427246094,183.7519989013672,183.75999450683594
1786387860,183.76300048828125,183.91099548339844,183.75799560546875,183.88999938964844
1786387920,183.89300537109375,183.91200256347656,183.81100463867188,183.8280029296875
1786387980,183.8179931640625,183.82899475097656,183.79800415039062,183.81399536132812
1786388040,183.81700134277344,183.8179931640625,183.79100036621094,183.79400634765625
1786388100,183.802001953125,183.81199645996094,183.79200744628906,183.80599975585938
1786388160,183.8070068359375,183.82000732421875,183.7989959716797,183.80999755859375
1786388220,183.8040008544922,183.81900024414062,183.7969970703125,183.81100463867188
1786388280,183.80999755859375,183.81900024414062,183.80799865722656,183.81199645996094
1786388340,183.8090057373047,183.81900024414062,183.7779998779297,183.7969970703125
1786388400,183.7949981689453,183.80099487304688,183.76800537109375,183.7779998779297
1786388460,183.77499389648438,183.7830047607422,183.77499389648438,183.78199768066406
1786388520,183.781005859375,183.7949981689453,183.7729949951172,183.7779998779297
1786388580,183.77499389648438,183.781005859375,183.76699829101562,183.76699829101562
1786388640,183.76600646972656,183.78399658203125,183.76600646972656,183.77999877929688
1786388700,183.7830047607422,183.79400634765625,183.77499389648438,183.77999877929688
1786388760,183.77999877929688,183.78500366210938,183.7729949951172,183.77499389648438
1786388820,183.77499389648438,183.78799438476562,183.77499389648438,183.77999877929688
1786388880,183.77999877929688,183.79299926757812,183.77999877929688,183.78799438476562
1786388940,183.78799438476562,183.79800415039062,183.78700256347656,183.78799438476562
1786389000,183.78799438476562,183.79800415039062,183.78500366210938,183.79400634765625
1786389060,183.79100036621094,183.802001953125,183.78700256347656,183.79200744628906
1786389120,183.78700256347656,183.79299926757812,183.78399658203125,183.78799438476562
1786389180,183.78799438476562,183.7989959716797,183.78799438476562,183.79200744628906
1786389240,183.79200744628906,183.8000030517578,183.7779998779297,183.78900146484375
1786389300,183.7899932861328,183.8000030517578,183.77499389648438,183.79400634765625
1786389360,183.79400634765625,183.7969970703125,183.78900146484375,183.79299926757812
1786389420,183.79400634765625,183.80999755859375,183.79100036621094,183.8070068359375
1786389480,183.8040008544922,183.8179931640625,183.802001953125,183.81399536132812
1786389540,183.80999755859375,183.8209991455078,183.80799865722656,183.80999755859375
1786389600,183.80999755859375,183.82000732421875,183.80599975585938,183.81300354003906
1786389660,183.8179931640625,183.8209991455078,183.7969970703125,183.802001953125
1786389720,183.7969970703125,183.8070068359375,183.7969970703125,183.80599975585938
1786389780,183.80499267578125,183.81399536132812,183.80099487304688,183.8070068359375
1786389840,183.8070068359375,183.81900024414062,183.802001953125,183.80799865722656
1786389900,183.80999755859375,183.8249969482422,183.80499267578125,183.82400512695312
1786389960,183.82000732421875,183.8300018310547,183.8179931640625,183.82200622558594
1786390020,183.82200622558594,183.83200073242188,183.8159942626953,183.82400512695312
1786390080,183.82400512695312,183.83799743652344,183.82400512695312,183.8300018310547
1786390140,183.83099365234375,183.8419952392578,183.82899475097656,183.83900451660156
1786390200,183.83900451660156,183.8560028076172,183.83900451660156,183.8459930419922
1786390260,183.8459930419922,183.86500549316406,183.843994140625,183.86099243164062
1786390320,183.86099243164062,183.8730010986328,183.85699462890625,183.8679962158203
1786390380,183.8679962158203,183.87899780273438,183.86700439453125,183.8719940185547
1786390440,183.8719940185547,183.8780059814453,183.8679962158203,183.86900329589844
1786390500,183.8719940185547,183.87399291992188,183.86599731445312,183.86700439453125
1786390560,183.86700439453125,183.87600708007812,183.86000061035156,183.8730010986328
1786390620,183.87399291992188,183.88699340820312,183.8719940185547,183.875
1786390680,183.8730010986328,183.8939971923828,183.8730010986328,183.89100646972656
1786390740,183.88900756835938,183.9320068359375,183.8820037841797,183.9149932861328
1786390800,183.92799377441406,183.92999267578125,183.9080047607422,183.9250030517578
1786390860,183.9250030517578,183.92599487304688,183.90699768066406,183.90699768066406
1786390920,183.90699768066406,183.91200256347656,183.8730010986328,183.8730010986328
1786390980,183.88299560546875,183.89100646972656,183.87100219726562,183.88499450683594
1786391040,183.88499450683594,183.88999938964844,183.8800048828125,183.88400268554688
1786391100,183.88299560546875,183.89500427246094,183.8800048828125,183.88900756835938
1786391160,183.88900756835938,183.9010009765625,183.88299560546875,183.88400268554688
1786391220,183.88299560546875,183.88499450683594,183.8719940185547,183.8730010986328
1786391280,183.87399291992188,183.88099670410156,183.8719940185547,183.875
1786391340,183.87600708007812,183.88400268554688,183.87100219726562,183.87899780273438
1786391400,183.8769989013672,183.88499450683594,183.875,183.8800048828125
1786391460,183.8800048828125,183.8820037841797,183.85299682617188,183.85899353027344
1786391520,183.85899353027344,183.86199951171875,183.8489990234375,183.85299682617188
1786391580,183.8520050048828,183.85800170898438,183.8489990234375,183.85299682617188
1786391640,183.85499572753906,183.8560028076172,183.8470001220703,183.8520050048828
1786391700,183.84800720214844,183.8560028076172,183.83700561523438,183.8489990234375
1786391760,183.85000610351562,183.8560028076172,183.83299255371094,183.85000610351562
1786391820,183.8509979248047,183.86099243164062,183.8459930419922,183.85400390625
1786391880,183.8520050048828,183.8560028076172,183.83799743652344,183.84300231933594
1786391940,183.8459930419922,183.86300659179688,183.8419952392578,183.86000061035156
1786392000,183.86000061035156,183.8679962158203,183.85499572753906,183.85699462890625
1786392060,183.85800170898438,183.8699951171875,183.85400390625,183.8679962158203
1786392120,183.86700439453125,183.8719940185547,183.86199951171875,183.8719940185547
1786392180,183.86900329589844,183.89300537109375,183.86399841308594,183.87899780273438
1786392240,183.87899780273438,183.88400268554688,183.8520050048828,183.85800170898438
1786392300,183.85800170898438,183.88800048828125,183.85800170898438,183.88800048828125
1786392360,183.8730010986328,183.89700317382812,183.8730010986328,183.8939971923828
1786392420,183.89300537109375,183.8939971923828,183.88099670410156,183.88400268554688
1786392480,183.8820037841797,183.88999938964844,183.8820037841797,183.88699340820312
1786392540,183.88600158691406,183.88800048828125,183.8719940185547,183.87600708007812
1786392600,183.875,183.8800048828125,183.8730010986328,183.8780059814453
1786392660,183.875,183.88400268554688,183.87100219726562,183.87100219726562
1786392720,183.87100219726562,183.88299560546875,183.86900329589844,183.8730010986328
1786392780,183.8800048828125,183.9029998779297,183.8730010986328,183.8979949951172
1786392840,183.89500427246094,183.9029998779297,183.89500427246094,183.89700317382812
1786392900,183.89700317382812,183.91200256347656,183.8939971923828,183.9029998779297
1786392960,183.90699768066406,183.90899658203125,183.89300537109375,183.9040069580078
1786393020,183.90699768066406,183.91200256347656,183.9010009765625,183.90199279785156
1786393080,183.90199279785156,183.90499877929688,183.89599609375,183.9010009765625
1786393140,183.8979949951172,183.89999389648438,183.89199829101562,183.89500427246094
1786393200,183.89199829101562,183.90899658203125,183.89199829101562,183.8990020751953
1786393260,183.89999389648438,183.9040069580078,183.89500427246094,183.89599609375
1786393320,183.89599609375,183.90199279785156,183.89199829101562,183.89300537109375
1786393380,183.89300537109375,183.89999389648438,183.89300537109375,183.89300537109375
1786393440,183.89300537109375,183.9029998779297,183.89100646972656,183.8939971923828
1786393500,183.8939971923828,183.91200256347656,183.8939971923828,183.90499877929688
1786393560,183.90499877929688,183.91200256347656,183.8990020751953,183.9040069580078
1786393620,183.9040069580078,183.91099548339844,183.9010009765625,183.90699768066406
1786393680,183.90199279785156,183.91000366210938,183.89999389648438,183.90499877929688
1786393740,183.9029998779297,183.9149932861328,183.88999938964844,183.9010009765625
1786393800,183.89999389648438,183.90899658203125,183.88800048828125,183.88800048828125
1786393860,183.88999938964844,183.89700317382812,183.88800048828125,183.89300537109375
1786393920,183.89300537109375,183.8939971923828,183.88699340820312,183.88999938964844
1786393980,183.88699340820312,183.89700317382812,183.88299560546875,183.89199829101562
1786394040,183.89199829101562,183.9080047607422,183.88999938964844,183.90199279785156
1786394100,183.90199279785156,183.906005859375,183.89599609375,183.89599609375
1786394160,183.89599609375,183.8990020751953,183.88900756835938,183.89199829101562
1786394220,183.89599609375,183.8979949951172,183.89100646972656,183.89300537109375
1786394280,183.89300537109375,183.8979949951172,183.88299560546875,183.88299560546875
1786394340,183.88299560546875,183.8939971923828,183.88299560546875,183.8939971923828
1786394400,183.89300537109375,183.90199279785156,183.89100646972656,183.89199829101562
1786394460,183.89199829101562,183.89599609375,183.88699340820312,183.88999938964844
1786394520,183.88699340820312,183.89199829101562,183.8820037841797,183.88299560546875
1786394580,183.88299560546875,183.88800048828125,183.88299560546875,183.88299560546875
1786394640,183.88299560546875,183.89199829101562,183.8820037841797,183.88499450683594
1786394700,183.88499450683594,183.88699340820312,183.87100219726562,183.87100219726562
1786394760,183.8719940185547,183.88299560546875,183.87100219726562,183.8780059814453
1786394820,183.8780059814453,183.88999938964844,183.8730010986328,183.8769989013672
1786394880,183.8769989013672,183.8820037841797,183.8719940185547,183.87399291992188
1786394940,183.87399291992188,183.8820037841797,183.8730010986328,183.87399291992188
1786395000,183.87399291992188,183.88400268554688,183.8730010986328,183.87899780273438
1786395060,183.8780059814453,183.88800048828125,183.82000732421875,183.8769989013672
1786395120,183.8769989013672,183.88699340820312,183.82200622558594,183.8800048828125
1786395180,183.8800048828125,183.8820037841797,183.8719940185547,183.8730010986328
1786395240,183.8800048828125,183.88400268554688,183.7969970703125,183.87100219726562
1786395300,183.87399291992188,183.8820037841797,183.8509979248047,183.86000061035156
1786395360,183.86000061035156,183.87600708007812,183.80799865722656,183.86199951171875
1786395420,183.87600708007812,183.8939971923828,183.86000061035156,183.88400268554688
1786395480,183.89100646972656,183.89500427246094,183.86599731445312,183.88699340820312
1786395540,183.8699951171875,183.89300537109375,183.7949981689453,183.82699584960938
1786395600,183.84500122070312,183.84500122070312,183.60699462890625,183.6959991455078
1786395660,183.75100708007812,183.86300659179688,183.6320037841797,183.7779998779297
1786395720,183.802001953125,183.802001953125,183.62600708007812,183.7729949951172
1786395780,183.75599670410156,183.83999633789062,183.6529998779297,183.65499877929688
1786395840,183.71299743652344,183.80799865722656,183.71299743652344,183.80799865722656
1786395900,183.7530059814453,183.8520050048828,183.7530059814453,183.78700256347656
1786395960,183.7530059814453,183.7530059814453,183.7530059814453,183.7530059814453
1786396020,183.7530059814453,183.83200073242188,183.7220001220703,183.7220001220703
1786396080,183.7740020751953,183.81399536132812,183.72300720214844,183.75900268554688
1786396140,183.80799865722656,183.86500549316406,183.77200317382812,183.79200744628906
1786396200,183.78399658203125,183.81500244140625,183.75,183.802001953125
1786396260,183.79600524902344,183.87399291992188,183.7779998779297,183.7830047607422
1786396320,183.7969970703125,183.80799865722656,183.7790069580078,183.80299377441406
1786396380,183.79600524902344,183.85499572753906,183.7790069580078,183.7830047607422
1786396440,183.7760009765625,183.80499267578125,183.7760009765625,183.7969970703125
1786396500,183.79600524902344,183.85899353027344,183.7830047607422,183.79299926757812
1786396560,183.8000030517578,183.802001953125,183.77999877929688,183.79299926757812
1786396620,183.7989959716797,183.85800170898438,183.77999877929688,183.7830047607422
1786396680,183.79299926757812,183.80299377441406,183.7790069580078,183.79299926757812
1786396740,183.8000030517578,183.86000061035156,183.7760009765625,183.8070068359375
1786396800,183.82000732421875,183.82000732421875,183.81100463867188,183.81900024414062
1786396860,183.81199645996094,183.85899353027344,183.79299926757812,183.8040008544922
1786396920,183.80999755859375,183.80999755859375,183.78700256347656,183.78700256347656
1786396980,183.7969970703125,183.85000610351562,183.78700256347656,183.78900146484375
1786397040,183.79200744628906,183.802001953125,183.78500366210938,183.7949981689453
1786397100,183.78700256347656,183.8419952392578,183.7220001220703,183.73599243164062
1786397160,183.74200439453125,183.79600524902344,183.73399353027344,183.7760009765625
1786397220,183.74400329589844,183.82899475097656,183.73500061035156,183.76199340820312
1786397280,183.76400756835938,183.77099609375,183.7570037841797,183.76199340820312
1786397340,183.75799560546875,183.85899353027344,183.7550048828125,183.80099487304688
1786397400,183.76100158691406,183.8040008544922,183.74600219726562,183.77999877929688
1786397460,183.7740020751953,183.85499572753906,183.75399780273438,183.76499938964844
1786397520,183.7790069580078,183.7969970703125,183.73699951171875,183.7469940185547
1786397580,183.74600219726562,183.81900024414062,183.74099731445312,183.74600219726562
1786397640,183.7480010986328,183.7899932861328,183.7449951171875,183.76199340820312
1786397700,183.77200317382812,183.81500244140625,183.74099731445312,183.7570037841797
1786397760,183.76100158691406,183.78500366210938,183.7530059814453,183.75799560546875
1786397820,183.75799560546875,183.83999633789062,183.75100708007812,183.76400756835938
1786397880,183.76400756835938,183.78799438476562,183.75,183.76199340820312
1786397940,183.75999450683594,183.83799743652344,183.75100708007812,183.75999450683594
1786398000,183.75999450683594,183.78399658203125,183.7469940185547,183.75399780273438
1786398060,183.7519989013672,183.8179931640625,183.7469940185547,183.76600646972656
1786398120,183.76600646972656,183.8070068359375,183.76600646972656,183.7740020751953
1786398180,183.7740020751953,183.85800170898438,183.76800537109375,183.781005859375
1786398240,183.7830047607422,183.80499267578125,183.76800537109375,183.7689971923828
1786398300,183.7790069580078,183.86399841308594,183.7689971923828,183.79200744628906
1786398360,183.77200317382812,183.82200622558594,183.77000427246094,183.82200622558594
1786398420,183.78399658203125,183.85499572753906,183.7729949951172,183.77999877929688
1786398480,183.7779998779297,183.80799865722656,183.7729949951172,183.7740020751953
1786398540,183.7740020751953,183.8520050048828,183.7530059814453,183.77200317382812
1786398600,183.79600524902344,183.82200622558594,183.76600646972656,183.79600524902344
1786398660,183.77699279785156,183.86300659179688,183.76300048828125,183.76499938964844
1786398720,183.76699829101562,183.8300018310547,183.73300170898438,183.73800659179688
1786398780,183.73800659179688,183.82200622558594,183.7209930419922,183.73500061035156
1786398840,183.75599670410156,183.81199645996094,183.7169952392578,183.72500610351562
1786398900,183.76400756835938,183.82200622558594,183.7209930419922,183.7689971923828
1786398960,183.76600646972656,183.82200622558594,183.7209930419922,183.74000549316406
1786399020,183.75,183.81199645996094,183.71299743652344,183.76199340820312
1786399080,183.81199645996094,183.8280029296875,183.72900390625,183.82000732421875
1786399140,183.82699584960938,183.8280029296875,183.72500610351562,183.82000732421875
