time,open,high,low,close
1785276000,217.64500427246094,217.697998046875,217.5850067138672,217.68800354003906
1785276060,217.59100341796875,217.70700073242188,217.59100341796875,217.69900512695312
1785276120,217.6719970703125,217.7169952392578,217.63299560546875,217.6909942626953
1785276180,217.70199584960938,217.7259979248047,217.64599609375,217.69200134277344
1785276240,217.69200134277344,217.7310028076172,217.6820068359375,217.68299865722656
1785276300,217.68299865722656,217.73500061035156,217.68299865722656,217.71800231933594
1785276360,217.70899963378906,217.73800659179688,217.7050018310547,217.70799255371094
1785276420,217.72900390625,217.73699951171875,217.70799255371094,217.7310028076172
1785276480,217.73199462890625,217.73399353027344,217.70799255371094,217.71499633789062
1785276540,217.71499633789062,217.74099731445312,217.71099853515625,217.73199462890625
1785276600,217.73199462890625,217.74099731445312,217.70899963378906,217.70899963378906
1785276660,217.7259979248047,217.73300170898438,217.70899963378906,217.72799682617188
1785276720,217.7100067138672,217.73699951171875,217.70899963378906,217.7169952392578
1785276780,217.72999572753906,217.72999572753906,217.6840057373047,217.7030029296875
1785276840,217.6840057373047,217.70899963378906,217.6790008544922,217.68699645996094
1785276900,217.70199584960938,217.71299743652344,217.6840057373047,217.69400024414062
1785276960,217.70799255371094,217.7239990234375,217.69400024414062,217.71499633789062
1785277020,217.70799255371094,217.73199462890625,217.70799255371094,217.71600341796875
1785277080,217.72000122070312,217.73500061035156,217.70899963378906,217.71200561523438
1785277140,217.7220001220703,217.72300720214844,217.70899963378906,217.70899963378906
1785277200,217.70899963378906,217.7169952392578,217.68699645996094,217.69500732421875
1785277260,217.69500732421875,217.7030029296875,217.68600463867188,217.69900512695312
1785277320,217.69700622558594,217.697998046875,217.67100524902344,217.68600463867188
1785277380,217.677001953125,217.68899536132812,217.66600036621094,217.6699981689453
1785277440,217.6739959716797,217.6790008544922,217.6580047607422,217.66900634765625
1785277500,217.66200256347656,217.68800354003906,217.66200256347656,217.6790008544922
1785277560,217.6790008544922,217.68800354003906,217.65899658203125,217.6649932861328
1785277620,217.6719970703125,217.67799377441406,217.6580047607422,217.6750030517578
1785277680,217.66700744628906,217.677001953125,217.64700317382812,217.66099548339844
1785277740,217.66600036621094,217.66900634765625,217.6510009765625,217.6649932861328
1785277800,217.66200256347656,217.67300415039062,217.65899658203125,217.66299438476562
1785277860,217.66299438476562,217.68099975585938,217.66299438476562,217.66900634765625
1785277920,217.677001953125,217.68699645996094,217.64999389648438,217.66700744628906
1785277980,217.66000366210938,217.67599487304688,217.65899658203125,217.66700744628906
1785278040,217.66700744628906,217.68600463867188,217.66299438476562,217.6739959716797
1785278100,217.67799377441406,217.68800354003906,217.6699981689453,217.6719970703125
1785278160,217.67100524902344,217.68499755859375,217.67100524902344,217.67599487304688
1785278220,217.6739959716797,217.68699645996094,217.66400146484375,217.6790008544922
1785278280,217.6719970703125,217.67599487304688,217.6490020751953,217.656005859375
1785278340,217.6540069580078,217.66900634765625,217.64100646972656,217.66000366210938
1785278400,217.6529998779297,217.6739959716797,217.6529998779297,217.66299438476562
1785278460,217.66799926757812,217.66900634765625,217.6529998779297,217.66700744628906
1785278520,217.66799926757812,217.6739959716797,217.6529998779297,217.66900634765625
1785278580,217.66099548339844,217.67799377441406,217.6540069580078,217.6649932861328
1785278640,217.6719970703125,217.67799377441406,217.66099548339844,217.6750030517578
1785278700,217.66799926757812,217.677001953125,217.66000366210938,217.66000366210938
1785278760,217.66400146484375,217.6750030517578,217.66000366210938,217.66299438476562
1785278820,217.66299438476562,217.67799377441406,217.66099548339844,217.6750030517578
1785278880,217.6699981689453,217.6790008544922,217.66400146484375,217.6790008544922
1785278940,217.677001953125,217.6790008544922,217.66600036621094,217.677001953125
1785279000,217.67300415039062,217.68099975585938,217.656005859375,217.66700744628906
1785279060,217.66099548339844,217.66900634765625,217.656005859375,217.66400146484375
1785279120,217.6580047607422,217.67599487304688,217.6580047607422,217.66299438476562
1785279180,217.66900634765625,217.67100524902344,217.6510009765625,217.65899658203125
1785279240,217.65899658203125,217.6699981689453,217.6540069580078,217.6540069580078
1785279300,217.6540069580078,217.66900634765625,217.6540069580078,217.66799926757812
1785279360,217.66099548339844,217.66900634765625,217.6540069580078,217.6649932861328
1785279420,217.656005859375,217.66900634765625,217.64700317382812,217.66000366210938
1785279480,217.6540069580078,217.6719970703125,217.6540069580078,217.66200256347656
1785279600,217.6580047607422,217.6699981689453,217.63099670410156,217.63499450683594
1785279660,217.63600158691406,217.64700317382812,217.625,217.63600158691406
1785279720,217.63299560546875,217.64300537109375,217.62399291992188,217.64300537109375
1785279780,217.63900756835938,217.64300537109375,217.62600708007812,217.64100646972656
1785279840,217.64100646972656,217.6439971923828,217.63099670410156,217.63499450683594
1785279900,217.63999938964844,217.64199829101562,217.6230010986328,217.62600708007812
1785279960,217.62600708007812,217.63900756835938,217.6230010986328,217.6300048828125
1785280020,217.63699340820312,217.63800048828125,217.61300659179688,217.63299560546875
1785280080,217.6269989013672,217.63299560546875,217.61700439453125,217.62899780273438
1785280140,217.62399291992188,217.6300048828125,217.61000061035156,217.6230010986328
1785280200,217.61000061035156,217.6230010986328,217.6009979248047,217.61700439453125
1785280260,217.6060028076172,217.62399291992188,217.60400390625,217.61900329589844
1785280320,217.61900329589844,217.63999938964844,217.61700439453125,217.63299560546875
1785280380,217.63600158691406,217.6529998779297,217.6300048828125,217.64599609375
1785280440,217.64599609375,217.66000366210938,217.6439971923828,217.6529998779297
1785280500,217.6529998779297,217.66700744628906,217.6529998779297,217.656005859375
1785280560,217.656005859375,217.66700744628906,217.6529998779297,217.66600036621094
1785280620,217.66400146484375,217.67599487304688,217.656005859375,217.66700744628906
1785280680,217.66600036621094,217.67599487304688,217.656005859375,217.66400146484375
1785280740,217.66400146484375,217.6719970703125,217.66400146484375,217.66400146484375
1785280800,217.66400146484375,217.67100524902344,217.6490020751953,217.65499877929688
1785280860,217.65499877929688,217.66900634765625,217.6490020751953,217.656005859375
1785280920,217.656005859375,217.6790008544922,217.656005859375,217.66799926757812
1785280980,217.66600036621094,217.6820068359375,217.66600036621094,217.67799377441406
1785281040,217.677001953125,217.68099975585938,217.66799926757812,217.67799377441406
1785281100,217.6719970703125,217.67799377441406,217.66000366210938,217.66799926757812
1785281160,217.66400146484375,217.6820068359375,217.66400146484375,217.677001953125
1785281220,217.677001953125,217.6840057373047,217.66900634765625,217.6750030517578
1785281280,217.67799377441406,217.68099975585938,217.67300415039062,217.6790008544922
1785281340,217.67599487304688,217.6820068359375,217.67599487304688,217.6820068359375
1785281400,217.6790008544922,217.68699645996094,217.6699981689453,217.67999267578125
1785281460,217.67999267578125,217.68699645996094,217.6750030517578,217.68099975585938
1785281520,217.68099975585938,217.68499755859375,217.67799377441406,217.67999267578125
1785281580,217.67999267578125,217.68600463867188,217.66700744628906,217.66700744628906
1785281640,217.66700744628906,217.67999267578125,217.66400146484375,217.67599487304688
1785281700,217.66900634765625,217.67999267578125,217.66299438476562,217.6699981689453
1785281760,217.6699981689453,217.68499755859375,217.6699981689453,217.67599487304688
1785281820,217.67599487304688,217.68299865722656,217.66799926757812,217.6719970703125
1785281880,217.67799377441406,217.6790008544922,217.66799926757812,217.677001953125
1785281940,217.66799926757812,217.67799377441406,217.66700744628906,217.6699981689453
1785282000,217.67100524902344,217.6790008544922,217.66200256347656,217.6719970703125
1785282060,217.67300415039062,217.67999267578125,217.66299438476562,217.6699981689453
1785282120,217.66400146484375,217.67799377441406,217.66099548339844,217.6699981689453
1785282180,217.66299438476562,217.6750030517578,217.66200256347656,217.6649932861328
1785282240,217.66700744628906,217.70899963378906,217.6649932861328,217.6999969482422
1785282300,217.7100067138672,217.71099853515625,217.6750030517578,217.6840057373047
1785282360,217.6840057373047,217.7169952392578,217.6840057373047,217.69900512695312
1785282420,217.70599365234375,217.71200561523438,217.68099975585938,217.6840057373047
1785282480,217.6909942626953,217.7030029296875,217.67599487304688,217.69200134277344
1785282540,217.697998046875,217.71299743652344,217.69400024414062,217.70700073242188
1785282600,217.71099853515625,217.72000122070312,217.7010040283203,217.7100067138672
1785282660,217.7100067138672,217.7209930419922,217.69400024414062,217.7050018310547
1785282720,217.6999969482422,217.70599365234375,217.6840057373047,217.69500732421875
1785282780,217.68699645996094,217.7010040283203,217.6790008544922,217.69900512695312
1785282840,217.68800354003906,217.7010040283203,217.68800354003906,217.6909942626953
1785282900,217.6909942626953,217.71299743652344,217.6909942626953,217.70399475097656
1785282960,217.71099853515625,217.71200561523438,217.6929931640625,217.6929931640625
1785283020,217.70799255371094,217.7100067138672,217.69200134277344,217.70199584960938
1785283080,217.70199584960938,217.71200561523438,217.697998046875,217.70199584960938
1785283140,217.70199584960938,217.72300720214844,217.69700622558594,217.7100067138672
1785283200,217.70899963378906,217.72300720214844,217.66000366210938,217.68099975585938
1785283260,217.66000366210938,217.67599487304688,217.64999389648438,217.6649932861328
1785283320,217.6699981689453,217.70899963378906,217.6649932861328,217.6929931640625
1785283380,217.7010040283203,217.7220001220703,217.68899536132812,217.71499633789062
1785283440,217.71600341796875,217.7220001220703,217.7050018310547,217.70799255371094
1785283500,217.70799255371094,217.74899291992188,217.70599365234375,217.7480010986328
1785283560,217.7469940185547,217.75100708007812,217.72999572753906,217.74200439453125
1785283620,217.74200439453125,217.7550048828125,217.73399353027344,217.75
1785283680,217.75,217.7519989013672,217.71299743652344,217.718994140625
1785283740,217.72000122070312,217.73300170898438,217.7100067138672,217.71299743652344
1785283800,217.71400451660156,217.72500610351562,217.7100067138672,217.7209930419922
1785283860,217.7169952392578,217.7209930419922,217.6999969482422,217.71099853515625
1785283920,217.71200561523438,217.71600341796875,217.6929931640625,217.70799255371094
1785283980,217.70199584960938,217.718994140625,217.697998046875,217.7030029296875
1785284040,217.70899963378906,217.71099853515625,217.69500732421875,217.70199584960938
1785284100,217.70399475097656,217.72000122070312,217.69400024414062,217.70899963378906
1785284160,217.71099853515625,217.72500610351562,217.70799255371094,217.7169952392578
1785284220,217.718994140625,217.72900390625,217.71299743652344,217.7220001220703
1785284280,217.72000122070312,217.7239990234375,217.69900512695312,217.71600341796875
1785284340,217.71400451660156,217.7209930419922,217.68099975585938,217.70199584960938
1785284400,217.70199584960938,217.7100067138672,217.68899536132812,217.69400024414062
1785284460,217.69400024414062,217.72999572753906,217.69000244140625,217.72799682617188
1785284520,217.72799682617188,217.73199462890625,217.69200134277344,217.697998046875
1785284580,217.697998046875,217.71099853515625,217.69200134277344,217.69400024414062
1785284640,217.69400024414062,217.70199584960938,217.6820068359375,217.69200134277344
1785284700,217.69700622558594,217.72500610351562,217.68699645996094,217.71499633789062
1785284760,217.7220001220703,217.7270050048828,217.6959991455078,217.71200561523438
1785284820,217.71299743652344,217.71800231933594,217.69500732421875,217.71600341796875
1785284880,217.71299743652344,217.72000122070312,217.69900512695312,217.71800231933594
1785284940,217.70599365234375,217.7169952392578,217.69700622558594,217.71099853515625
1785285000,217.71200561523438,217.7209930419922,217.69900512695312,217.71400451660156
1785285060,217.7030029296875,217.72799682617188,217.70199584960938,217.71499633789062
1785285120,217.71499633789062,217.72500610351562,217.7010040283203,217.70799255371094
1785285180,217.70199584960938,217.7209930419922,217.697998046875,217.71200561523438
1785285240,217.71299743652344,217.72500610351562,217.70399475097656,217.71099853515625
1785285300,217.7050018310547,217.7220001220703,217.69900512695312,217.70399475097656
1785285360,217.70399475097656,217.7100067138672,217.69200134277344,217.69700622558594
1785285420,217.69700622558594,217.71099853515625,217.69400024414062,217.7030029296875
1785285480,217.70399475097656,217.71200561523438,217.69500732421875,217.70599365234375
1785285540,217.70599365234375,217.71200561523438,217.69000244140625,217.69700622558594
1785285600,217.69200134277344,217.71099853515625,217.69000244140625,217.7010040283203
1785285660,217.70199584960938,217.70799255371094,217.67599487304688,217.67599487304688
1785285720,217.67599487304688,217.69000244140625,217.6490020751953,217.66600036621094
1785285780,217.65899658203125,217.67100524902344,217.6490020751953,217.66000366210938
1785285840,217.66000366210938,217.66900634765625,217.6529998779297,217.66200256347656
1785285900,217.66200256347656,217.677001953125,217.6580047607422,217.6580047607422
1785285960,217.66400146484375,217.66900634765625,217.6490020751953,217.656005859375
1785286020,217.656005859375,217.6739959716797,217.6479949951172,217.66099548339844
1785286080,217.66700744628906,217.67100524902344,217.64199829101562,217.64199829101562
1785286140,217.64199829101562,217.6580047607422,217.62899780273438,217.63600158691406
1785286200,217.6320037841797,217.6510009765625,217.6320037841797,217.64500427246094
1785286260,217.63800048828125,217.64599609375,217.6179962158203,217.62399291992188
1785286320,217.6280059814453,217.63900756835938,217.58200073242188,217.59800720214844
1785286380,217.5850067138672,217.5989990234375,217.5330047607422,217.56399536132812
1785286440,217.55999755859375,217.5760040283203,217.5330047607422,217.5469970703125
1785286500,217.5570068359375,217.60000610351562,217.53500366210938,217.5970001220703
1785286560,217.5970001220703,217.62100219726562,217.58299255371094,217.6060028076172
1785286620,217.6060028076172,217.6280059814453,217.5970001220703,217.60800170898438
1785286680,217.5970001220703,217.60800170898438,217.58099365234375,217.59100341796875
1785286740,217.59100341796875,217.61599731445312,217.5850067138672,217.58900451660156
1785286800,217.60000610351562,217.61000061035156,217.58099365234375,217.59300231933594
1785286860,217.593994140625,217.61000061035156,217.57699584960938,217.58999633789062
1785286920,217.58099365234375,217.6179962158203,217.5749969482422,217.60699462890625
1785286980,217.60699462890625,217.6219940185547,217.59800720214844,217.61300659179688
1785287040,217.61599731445312,217.62100219726562,217.6020050048828,217.60299682617188
1785287100,217.60299682617188,217.62399291992188,217.59800720214844,217.61399841308594
1785287160,217.61500549316406,217.6269989013672,217.6020050048828,217.61300659179688
1785287220,217.61199951171875,217.61900329589844,217.57000732421875,217.5709991455078
1785287280,217.5760040283203,217.5970001220703,217.5709991455078,217.58700561523438
1785287340,217.5749969482422,217.58999633789062,217.56900024414062,217.5749969482422
1785287400,217.5800018310547,217.58700561523438,217.56300354003906,217.57699584960938
1785287460,217.58099365234375,217.58399963378906,217.5590057373047,217.56900024414062
1785287520,217.56900024414062,217.57899475097656,217.5570068359375,217.55999755859375
1785287580,217.5590057373047,217.5760040283203,217.55599975585938,217.5709991455078
1785287640,217.56199645996094,217.57200622558594,217.54600524902344,217.55999755859375
1785287700,217.55599975585938,217.56199645996094,217.54100036621094,217.56199645996094
1785287760,217.55299377441406,217.57000732421875,217.54400634765625,217.5540008544922
1785287820,217.5540008544922,217.58799743652344,217.54400634765625,217.56900024414062
1785287880,217.56900024414062,217.58799743652344,217.56300354003906,217.5850067138672
1785287940,217.57400512695312,217.61399841308594,217.57400512695312,217.60400390625
1785288000,217.60400390625,217.61599731445312,217.59500122070312,217.60800170898438
1785288060,217.60299682617188,217.6269989013672,217.5989990234375,217.6060028076172
1785288120,217.61599731445312,217.6219940185547,217.5959930419922,217.61099243164062
1785288180,217.61099243164062,217.6230010986328,217.60800170898438,217.6179962158203
1785288240,217.6230010986328,217.63099670410156,217.60699462890625,217.60699462890625
1785288300,217.60699462890625,217.63699340820312,217.60699462890625,217.6300048828125
1785288360,217.6219940185547,217.63699340820312,217.61000061035156,217.62399291992188
1785288420,217.62399291992188,217.62899780273438,217.60000610351562,217.60699462890625
1785288480,217.61099243164062,217.61500549316406,217.57699584960938,217.593994140625
1785288540,217.58700561523438,217.59800720214844,217.58299255371094,217.58999633789062
1785288600,217.58900451660156,217.58900451660156,217.5019989013672,217.53799438476562
1785288660,217.5399932861328,217.56900024414062,217.5399932861328,217.5570068359375
1785288720,217.55799865722656,217.57899475097656,217.552001953125,217.5749969482422
1785288780,217.5780029296875,217.57899475097656,217.5500030517578,217.56900024414062
1785288840,217.56300354003906,217.58399963378906,217.54800415039062,217.58200073242188
1785288900,217.5749969482422,217.58900451660156,217.5570068359375,217.5570068359375
1785288960,217.5570068359375,217.56900024414062,217.55099487304688,217.56199645996094
1785289020,217.55999755859375,217.57400512695312,217.5399932861328,217.55299377441406
1785289080,217.5469970703125,217.56399536132812,217.51300048828125,217.51499938964844
1785289140,217.51499938964844,217.55799865722656,217.51499938964844,217.53900146484375
1785289200,217.53900146484375,217.5570068359375,217.50900268554688,217.52099609375
1785289260,217.51199340820312,217.52200317382812,217.50100708007812,217.50599670410156
1785289320,217.50599670410156,217.53900146484375,217.50599670410156,217.5330047607422
1785289380,217.52200317382812,217.54100036621094,217.51699829101562,217.52499389648438
1785289440,217.52499389648438,217.53900146484375,217.51499938964844,217.531005859375
1785289500,217.5229949951172,217.53599548339844,217.5070037841797,217.51400756835938
1785289560,217.51400756835938,217.5399932861328,217.5050048828125,217.53700256347656
1785289620,217.52699279785156,217.5449981689453,217.5189971923828,217.5279998779297
1785289680,217.52999877929688,217.54400634765625,217.52200317382812,217.52999877929688
1785289740,217.5290069580078,217.55099487304688,217.51699829101562,217.53599548339844
1785289800,217.53599548339844,217.5469970703125,217.5260009765625,217.5330047607422
1785289860,217.531005859375,217.54600524902344,217.51699829101562,217.5189971923828
1785289920,217.51800537109375,217.53900146484375,217.51400756835938,217.53700256347656
1785289980,217.5240020751953,217.53599548339844,217.51199340820312,217.52099609375
1785290040,217.52099609375,217.531005859375,217.50799560546875,217.50999450683594
1785290100,217.51199340820312,217.5489959716797,217.51100158691406,217.5489959716797
1785290160,217.54200744628906,217.5500030517578,217.51699829101562,217.5279998779297
1785290220,217.52000427246094,217.54100036621094,217.51499938964844,217.52699279785156
1785290280,217.5279998779297,217.54299926757812,217.5240020751953,217.531005859375
1785290340,217.5290069580078,217.5709991455078,217.5229949951172,217.5489959716797
1785290400,217.56300354003906,217.58299255371094,217.54400634765625,217.5749969482422
1785290460,217.57400512695312,217.5970001220703,217.55599975585938,217.593994140625
1785290520,217.58700561523438,217.59800720214844,217.57000732421875,217.57000732421875
1785290580,217.57000732421875,217.58299255371094,217.531005859375,217.54299926757812
1785290640,217.54299926757812,217.57000732421875,217.53900146484375,217.55599975585938
1785290700,217.54600524902344,217.56199645996094,217.53500366210938,217.55599975585938
1785290760,217.54400634765625,217.56900024414062,217.5330047607422,217.5590057373047
1785290820,217.5659942626953,217.5970001220703,217.5540008544922,217.58900451660156
1785290880,217.59500122070312,217.60299682617188,217.58799743652344,217.5919952392578
1785290940,217.6009979248047,217.61399841308594,217.58999633789062,217.60699462890625
1785291000,217.6060028076172,217.6269989013672,217.6060028076172,217.61599731445312
1785291060,217.6219940185547,217.62899780273438,217.61199951171875,217.625
1785291120,217.6199951171875,217.6300048828125,217.58299255371094,217.5850067138672
1785291180,217.59500122070312,217.6219940185547,217.5850067138672,217.61700439453125
1785291240,217.61000061035156,217.61900329589844,217.5989990234375,217.60000610351562
1785291300,217.60800170898438,217.6199951171875,217.60000610351562,217.61900329589844
1785291360,217.61300659179688,217.63900756835938,217.61099243164062,217.6320037841797
1785291420,217.6320037841797,217.6439971923828,217.62100219726562,217.64199829101562
1785291480,217.64100646972656,217.6490020751953,217.6269989013672,217.64700317382812
1785291540,217.63999938964844,217.6490020751953,217.63099670410156,217.63800048828125
1785291600,217.6300048828125,217.63999938964844,217.62899780273438,217.63600158691406
1785291660,217.63600158691406,217.6699981689453,217.63600158691406,217.66200256347656
1785291720,217.66600036621094,217.6820068359375,217.6580047607422,217.66200256347656
1785291780,217.66200256347656,217.6790008544922,217.65899658203125,217.6699981689453
1785291840,217.6699981689453,217.677001953125,217.65899658203125,217.6649932861328
1785291900,217.66700744628906,217.6790008544922,217.66400146484375,217.6699981689453
1785291960,217.66700744628906,217.67300415039062,217.62899780273438,217.64100646972656
1785292020,217.64100646972656,217.6490020751953,217.625,217.63099670410156
1785292080,217.63299560546875,217.63999938964844,217.62100219726562,217.63499450683594
1785292140,217.63600158691406,217.64300537109375,217.625,217.63800048828125
1785292200,217.63800048828125,217.6540069580078,217.63699340820312,217.64300537109375
1785292260,217.6439971923828,217.65199279785156,217.63699340820312,217.6439971923828
1785292320,217.64100646972656,217.65199279785156,217.63699340820312,217.6439971923828
1785292380,217.64599609375,217.65499877929688,217.63699340820312,217.65199279785156
1785292440,217.6490020751953,217.6529998779297,217.63400268554688,217.64100646972656
1785292500,217.64700317382812,217.6490020751953,217.63400268554688,217.64500427246094
1785292560,217.64100646972656,217.6580047607422,217.63299560546875,217.63800048828125
1785292620,217.63800048828125,217.64500427246094,217.60699462890625,217.63800048828125
1785292680,217.63499450683594,217.64300537109375,217.62399291992188,217.62899780273438
1785292740,217.62899780273438,217.6479949951172,217.6269989013672,217.63299560546875
1785292800,217.63900756835938,217.6479949951172,217.6300048828125,217.6320037841797
1785292860,217.6320037841797,217.6540069580078,217.6320037841797,217.64100646972656
1785292920,217.63699340820312,217.6479949951172,217.62399291992188,217.62899780273438
1785292980,217.63400268554688,217.64500427246094,217.62399291992188,217.64100646972656
1785293040,217.62899780273438,217.6510009765625,217.62899780273438,217.64999389648438
1785293100,217.6439971923828,217.65199279785156,217.63400268554688,217.64700317382812
1785293160,217.64599609375,217.6510009765625,217.63099670410156,217.63699340820312
1785293220,217.63800048828125,217.64700317382812,217.6269989013672,217.64599609375
1785293280,217.64300537109375,217.6490020751953,217.6300048828125,217.63600158691406
1785293340,217.6300048828125,217.64500427246094,217.6280059814453,217.6320037841797
1785293400,217.6280059814453,217.64300537109375,217.62399291992188,217.63600158691406
1785293460,217.64199829101562,217.65199279785156,217.6230010986328,217.65199279785156
1785293520,217.64999389648438,217.66299438476562,217.6439971923828,217.64700317382812
1785293580,217.64700317382812,217.65499877929688,217.64100646972656,217.64500427246094
1785293640,217.64999389648438,217.6510009765625,217.6280059814453,217.63900756835938
1785293700,217.6439971923828,217.66000366210938,217.63299560546875,217.64599609375
1785293760,217.64700317382812,217.65699768066406,217.64300537109375,217.65699768066406
1785293820,217.65699768066406,217.66799926757812,217.64999389648438,217.66099548339844
1785293880,217.66200256347656,217.66400146484375,217.64100646972656,217.64700317382812
1785293940,217.64599609375,217.64599609375,217.63600158691406,217.6439971923828
1785294000,217.64500427246094,217.65499877929688,217.63600158691406,217.6529998779297
1785294060,217.6490020751953,217.65899658203125,217.64300537109375,217.6540069580078
1785294120,217.65499877929688,217.656005859375,217.63600158691406,217.6439971923828
1785294180,217.64300537109375,217.65199279785156,217.63400268554688,217.63499450683594
1785294240,217.64199829101562,217.64999389648438,217.6280059814453,217.63900756835938
1785294300,217.63099670410156,217.65199279785156,217.625,217.64700317382812
1785294360,217.64700317382812,217.6529998779297,217.63400268554688,217.64199829101562
1785294420,217.63499450683594,217.64500427246094,217.6269989013672,217.63900756835938
1785294480,217.63499450683594,217.6510009765625,217.63499450683594,217.64100646972656
1785294540,217.63699340820312,217.65899658203125,217.63699340820312,217.656005859375
1785294600,217.656005859375,217.66099548339844,217.6439971923828,217.6439971923828
1785294660,217.6439971923828,217.65699768066406,217.64100646972656,217.6540069580078
1785294720,217.6490020751953,217.66200256347656,217.64300537109375,217.6540069580078
1785294780,217.65499877929688,217.65499877929688,217.62600708007812,217.62899780273438
1785294840,217.63900756835938,217.64100646972656,217.6230010986328,217.625
1785294900,217.63400268554688,217.64100646972656,217.6199951171875,217.63699340820312
1785294960,217.63999938964844,217.64999389648438,217.63600158691406,217.63699340820312
1785295020,217.63699340820312,217.65499877929688,217.6320037841797,217.64999389648438
1785295080,217.65499877929688,217.66200256347656,217.6479949951172,217.65499877929688
1785295140,217.65699768066406,217.66900634765625,217.64700317382812,217.65899658203125
1785295200,217.64999389648438,217.66200256347656,217.64500427246094,217.6580047607422
1785295260,217.6540069580078,217.6750030517578,217.64999389648438,217.6719970703125
1785295320,217.6719970703125,217.6750030517578,217.66099548339844,217.66900634765625
1785295380,217.66799926757812,217.6699981689453,217.64999389648438,217.656005859375
1785295440,217.65699768066406,217.66200256347656,217.64300537109375,217.64700317382812
1785295500,217.6490020751953,217.6580047607422,217.62399291992188,217.63099670410156
1785295560,217.6320037841797,217.63999938964844,217.6199951171875,217.6320037841797
1785295620,217.63800048828125,217.6439971923828,217.62399291992188,217.6269989013672
1785295680,217.6269989013672,217.64199829101562,217.6269989013672,217.63800048828125
1785295740,217.63400268554688,217.64199829101562,217.6300048828125,217.6300048828125
1785295800,217.63900756835938,217.64300537109375,217.62600708007812,217.63800048828125
1785295860,217.6300048828125,217.63900756835938,217.6199951171875,217.63900756835938
1785295920,217.63299560546875,217.64199829101562,217.6230010986328,217.63900756835938
1785295980,217.63600158691406,217.64500427246094,217.6269989013672,217.6439971923828
1785296040,217.64300537109375,217.65199279785156,217.63800048828125,217.6490020751953
1785296100,217.63699340820312,217.6490020751953,217.61500549316406,217.6280059814453
1785296160,217.63299560546875,217.63400268554688,217.60699462890625,217.61700439453125
1785296220,217.625,217.6269989013672,217.60699462890625,217.61000061035156
1785296280,217.61099243164062,217.61700439453125,217.58200073242188,217.58799743652344
1785296340,217.59800720214844,217.6020050048828,217.58200073242188,217.59500122070312
1785296400,217.5970001220703,217.60899353027344,217.59500122070312,217.60400390625
1785296460,217.60400390625,217.6060028076172,217.58700561523438,217.59100341796875
1785296520,217.59300231933594,217.60499572753906,217.58999633789062,217.593994140625
1785296580,217.60000610351562,217.6020050048828,217.5780029296875,217.58599853515625
1785296640,217.58700561523438,217.58700561523438,217.572998046875,217.57400512695312
1785296700,217.57400512695312,217.58799743652344,217.5279998779297,217.54600524902344
1785296760,217.5500030517578,217.55599975585938,217.53399658203125,217.53799438476562
1785296820,217.53900146484375,217.55099487304688,217.50599670410156,217.531005859375
1785296880,217.531005859375,217.5489959716797,217.5290069580078,217.53799438476562
1785296940,217.531005859375,217.5570068359375,217.52499389648438,217.5469970703125
1785297000,217.5449981689453,217.56100463867188,217.531005859375,217.5399932861328
1785297060,217.53700256347656,217.55799865722656,217.5330047607422,217.53900146484375
1785297120,217.53900146484375,217.54299926757812,217.5290069580078,217.5399932861328
1785297180,217.5399932861328,217.55799865722656,217.5260009765625,217.53500366210938
1785297240,217.53500366210938,217.5500030517578,217.5279998779297,217.54100036621094
1785297300,217.54100036621094,217.5489959716797,217.531005859375,217.53500366210938
1785297360,217.53399658203125,217.5489959716797,217.52699279785156,217.53599548339844
1785297420,217.53500366210938,217.5449981689453,217.52099609375,217.52099609375
1785297480,217.5260009765625,217.5290069580078,217.51499938964844,217.5260009765625
1785297540,217.52099609375,217.53799438476562,217.51800537109375,217.53500366210938
1785297600,217.531005859375,217.53599548339844,217.5,217.50399780273438
1785297660,217.50799560546875,217.51800537109375,217.49099731445312,217.50799560546875
1785297720,217.50999450683594,217.5229949951172,217.50399780273438,217.52099609375
1785297780,217.52200317382812,217.531005859375,217.50799560546875,217.5240020751953
1785297840,217.531005859375,217.5489959716797,217.52200317382812,217.5469970703125
1785297900,217.54299926757812,217.55299377441406,217.53399658203125,217.54800415039062
1785297960,217.5399932861328,217.55799865722656,217.53599548339844,217.55099487304688
1785298020,217.55099487304688,217.5679931640625,217.5489959716797,217.552001953125
1785298080,217.56100463867188,217.56100463867188,217.53900146484375,217.54100036621094
1785298140,217.54100036621094,217.5489959716797,217.5279998779297,217.53399658203125
1785298200,217.53900146484375,217.54100036621094,217.5290069580078,217.53399658203125
1785298260,217.5330047607422,217.54200744628906,217.51400756835938,217.51600646972656
1785298320,217.52099609375,217.5229949951172,217.4739990234375,217.49400329589844
1785298380,217.49099731445312,217.5030059814453,217.48399353027344,217.4949951171875
1785298440,217.49400329589844,217.50900268554688,217.48699951171875,217.48699951171875
1785298500,217.48699951171875,217.51300048828125,217.48399353027344,217.5050048828125
1785298560,217.5,217.50900268554688,217.48699951171875,217.49099731445312
1785298620,217.49099731445312,217.4980010986328,217.47799682617188,217.48800659179688
1785298680,217.48800659179688,217.49899291992188,217.4720001220703,217.4720001220703
1785298740,217.4720001220703,217.48599243164062,217.46400451660156,217.47900390625
1785298800,217.4739990234375,217.47999572753906,217.4600067138672,217.4759979248047
1785298860,217.47000122070312,217.47999572753906,217.46800231933594,217.4770050048828
1785298920,217.4720001220703,217.47799682617188,217.43699645996094,217.44500732421875
1785298980,217.4429931640625,217.4499969482422,217.43099975585938,217.44000244140625
1785299040,217.4409942626953,217.45199584960938,217.41400146484375,217.42300415039062
1785299100,217.42300415039062,217.44000244140625,217.41799926757812,217.4199981689453
1785299160,217.41799926757812,217.43800354003906,217.41700744628906,217.41700744628906
1785299220,217.41700744628906,217.4219970703125,217.40699768066406,217.41799926757812
1785299280,217.41799926757812,217.43499755859375,217.4080047607422,217.4290008544922
1785299340,217.427001953125,217.44200134277344,217.41299438476562,217.42100524902344
1785299400,217.42100524902344,217.4320068359375,217.41099548339844,217.42100524902344
1785299460,217.41600036621094,217.4219970703125,217.38900756835938,217.4029998779297
1785299520,217.39999389648438,217.406005859375,217.38900756835938,217.39500427246094
1785299580,217.3939971923828,217.39999389648438,217.37399291992188,217.38099670410156
1785299640,217.38800048828125,217.3979949951172,217.3730010986328,217.37600708007812
1785299700,217.37600708007812,217.38099670410156,217.34100341796875,217.343994140625
1785299760,217.343994140625,217.35899353027344,217.3280029296875,217.33399963378906
1785299820,217.32899475097656,217.3459930419922,217.28799438476562,217.31399536132812
1785299880,217.3179931640625,217.33999633789062,217.3040008544922,217.32000732421875
1785299940,217.31700134277344,217.33299255371094,217.30599975585938,217.32899475097656
1785300000,217.322998046875,217.33299255371094,217.26800537109375,217.27000427246094
1785300060,217.2740020751953,217.2790069580078,217.2310028076172,217.2449951171875
1785300120,217.2449951171875,217.2480010986328,217.1929931640625,217.2100067138672
1785300180,217.2050018310547,217.2519989013672,217.20199584960938,217.23599243164062
1785300240,217.24000549316406,217.24200439453125,217.1790008544922,217.1959991455078
1785300300,217.19000244140625,217.218994140625,217.1529998779297,217.20899963378906
1785300360,217.20599365234375,217.25,217.1959991455078,217.2449951171875
1785300420,217.2449951171875,217.2729949951172,217.22799682617188,217.26699829101562
1785300480,217.26600646972656,217.44000244140625,217.26400756835938,217.3000030517578
1785300540,217.2969970703125,217.31300354003906,217.2740020751953,217.30799865722656
1785300600,217.31100463867188,217.3520050048828,217.30099487304688,217.3280029296875
1785300660,217.32899475097656,217.36900329589844,217.3249969482422,217.3300018310547
1785300720,217.33099365234375,217.3520050048828,217.30599975585938,217.31199645996094
1785300780,217.31300354003906,217.3520050048828,217.31100463867188,217.3489990234375
1785300840,217.3489990234375,217.35800170898438,217.3179931640625,217.3509979248047
1785300900,217.35000610351562,217.36300659179688,217.3350067138672,217.35699462890625
1785300960,217.3520050048828,217.35800170898438,217.31300354003906,217.32400512695312
1785301020,217.32400512695312,217.34100341796875,217.30999755859375,217.30999755859375
1785301080,217.32000732421875,217.33599853515625,217.3070068359375,217.31199645996094
1785301140,217.3070068359375,217.3280029296875,217.28799438476562,217.31300354003906
1785301200,217.3090057373047,217.33999633789062,217.30799865722656,217.33999633789062
1785301260,217.33299255371094,217.3509979248047,217.32699584960938,217.33399963378906
1785301320,217.33399963378906,217.3679962158203,217.33399963378906,217.3419952392578
1785301380,217.3419952392578,217.35699462890625,217.33399963378906,217.3520050048828
1785301440,217.35800170898438,217.36000061035156,217.3280029296875,217.34100341796875
1785301500,217.343994140625,217.3470001220703,217.31900024414062,217.33399963378906
1785301560,217.33799743652344,217.33999633789062,217.3090057373047,217.31199645996094
1785301620,217.31199645996094,217.3470001220703,217.30999755859375,217.33599853515625
1785301680,217.33599853515625,217.34800720214844,217.3280029296875,217.33700561523438
1785301740,217.33399963378906,217.34800720214844,217.32200622558594,217.322998046875
1785301800,217.33299255371094,217.35899353027344,217.322998046875,217.35800170898438
1785301860,217.35400390625,217.36099243164062,217.34300231933594,217.36099243164062
1785301920,217.3470001220703,217.36700439453125,217.3470001220703,217.3520050048828
1785301980,217.35299682617188,217.36399841308594,217.3470001220703,217.36099243164062
1785302040,217.3560028076172,217.36399841308594,217.33399963378906,217.35299682617188
1785302100,217.3459930419922,217.36000061035156,217.34300231933594,217.3509979248047
1785302160,217.3509979248047,217.3520050048828,217.33299255371094,217.343994140625
1785302220,217.33799743652344,217.3459930419922,217.3000030517578,217.3090057373047
1785302280,217.3000030517578,217.3300018310547,217.3000030517578,217.32000732421875
1785302340,217.31399536132812,217.32899475097656,217.3070068359375,217.31100463867188
1785302400,217.31900024414062,217.32899475097656,217.2740020751953,217.3070068359375
1785302460,217.31199645996094,217.31300354003906,217.27200317382812,217.2830047607422
1785302520,217.2830047607422,217.29299926757812,217.2740020751953,217.2760009765625
1785302580,217.2740020751953,217.281005859375,217.2480010986328,217.26100158691406
1785302640,217.2570037841797,217.2740020751953,217.2429962158203,217.26800537109375
1785302700,217.27200317382812,217.281005859375,217.2570037841797,217.2570037841797
1785302760,217.2570037841797,217.28500366210938,217.2570037841797,217.27499389648438
1785302820,217.27699279785156,217.29100036621094,217.26699829101562,217.27200317382812
1785302880,217.2760009765625,217.27999877929688,217.25399780273438,217.2689971923828
1785302940,217.27200317382812,217.2740020751953,217.25799560546875,217.26800537109375
1785303000,217.25799560546875,217.28900146484375,217.25799560546875,217.28799438476562
1785303060,217.2949981689453,217.3209991455078,217.28500366210938,217.30799865722656
1785303120,217.30799865722656,217.3209991455078,217.29200744628906,217.32000732421875
1785303180,217.31300354003906,217.36000061035156,217.31100463867188,217.35000610351562
1785303240,217.35899353027344,217.36599731445312,217.34100341796875,217.36199951171875
1785303300,217.36599731445312,217.39100646972656,217.36099243164062,217.38900756835938
1785303360,217.38999938964844,217.39100646972656,217.35400390625,217.36500549316406
1785303420,217.36500549316406,217.37100219726562,217.33799743652344,217.34800720214844
1785303480,217.3489990234375,217.3489990234375,217.32400512695312,217.32899475097656
1785303540,217.33299255371094,217.35000610351562,217.32899475097656,217.343994140625
1785303600,217.3459930419922,217.35699462890625,217.3280029296875,217.3280029296875
1785303660,217.32899475097656,217.33599853515625,217.29100036621094,217.30599975585938
1785303720,217.30599975585938,217.31900024414062,217.2949981689453,217.30499267578125
1785303780,217.31900024414062,217.33799743652344,217.2949981689453,217.31399536132812
1785303840,217.3280029296875,217.3300018310547,217.3070068359375,217.31900024414062
1785303900,217.3260040283203,217.3419952392578,217.31199645996094,217.3419952392578
1785303960,217.32699584960938,217.36599731445312,217.32200622558594,217.34300231933594
1785304020,217.35800170898438,217.36199951171875,217.3280029296875,217.36199951171875
1785304080,217.36199951171875,217.39199829101562,217.34500122070312,217.3730010986328
1785304140,217.3730010986328,217.38900756835938,217.34300231933594,217.34300231933594
1785304200,217.34300231933594,217.36199951171875,217.32899475097656,217.34800720214844
1785304260,217.34500122070312,217.3509979248047,217.3300018310547,217.34300231933594
1785304320,217.33099365234375,217.3509979248047,217.3280029296875,217.33299255371094
1785304380,217.33299255371094,217.36199951171875,217.33099365234375,217.35000610351562
1785304440,217.34100341796875,217.36900329589844,217.33200073242188,217.3679962158203
1785304500,217.35499572753906,217.39599609375,217.3520050048828,217.39500427246094
1785304560,217.38600158691406,217.40199279785156,217.37899780273438,217.38999938964844
1785304620,217.38999938964844,217.4149932861328,217.38499450683594,217.39599609375
1785304680,217.39599609375,217.41700744628906,217.38400268554688,217.39500427246094
1785304740,217.39199829101562,217.42799377441406,217.38999938964844,217.4149932861328
1785304800,217.4199981689453,217.44900512695312,217.38699340820312,217.43499755859375
1785304860,217.43499755859375,217.45899963378906,217.41200256347656,217.4499969482422
1785304920,217.4429931640625,217.4510040283203,217.41700744628906,217.447998046875
1785304980,217.43699645996094,217.4669952392578,217.43099975585938,217.4510040283203
1785305040,217.4510040283203,217.47999572753906,217.4499969482422,217.4720001220703
1785305100,217.47300720214844,217.48399353027344,217.45599365234375,217.4709930419922
1785305160,217.46600341796875,217.5,217.45599365234375,217.48599243164062
1785305220,217.48899841308594,217.52699279785156,217.48599243164062,217.51600646972656
1785305280,217.51499938964844,217.5240020751953,217.5050048828125,217.51800537109375
1785305340,217.51800537109375,217.53700256347656,217.46600341796875,217.4810028076172
1785305400,217.47500610351562,217.48199462890625,217.44700622558594,217.46499633789062
1785305460,217.4600067138672,217.5189971923828,217.4459991455078,217.51199340820312
1785305520,217.50900268554688,217.52499389648438,217.48199462890625,217.49899291992188
1785305580,217.49400329589844,217.5229949951172,217.49000549316406,217.51100158691406
1785305640,217.51499938964844,217.51800537109375,217.48599243164062,217.4969940185547
1785305700,217.49000549316406,217.52000427246094,217.48599243164062,217.50900268554688
1785305760,217.50900268554688,217.52499389648438,217.4969940185547,217.51800537109375
1785305820,217.52000427246094,217.52200317382812,217.4770050048828,217.48899841308594
1785305880,217.48300170898438,217.49099731445312,217.46600341796875,217.47500610351562
1785305940,217.47500610351562,217.4810028076172,217.4219970703125,217.4239959716797
1785306000,217.4239959716797,217.43800354003906,217.38800048828125,217.38999938964844
1785306060,217.38800048828125,217.3979949951172,217.3459930419922,217.3800048828125
1785306120,217.3730010986328,217.38800048828125,217.36099243164062,217.37899780273438
1785306180,217.3800048828125,217.38900756835938,217.35800170898438,217.3719940185547
1785306240,217.3800048828125,217.41799926757812,217.3719940185547,217.41799926757812
1785306300,217.40699768066406,217.44000244140625,217.3979949951172,217.41900634765625
1785306360,217.42599487304688,217.42999267578125,217.41400146484375,217.41900634765625
1785306420,217.41900634765625,217.45700073242188,217.41600036621094,217.45199584960938
1785306480,217.4510040283203,217.4530029296875,217.4290008544922,217.43499755859375
1785306540,217.43499755859375,217.46099853515625,217.43499755859375,217.45399475097656
1785306600,217.45399475097656,217.46400451660156,217.42799377441406,217.45700073242188
1785306660,217.45799255371094,217.468994140625,217.43499755859375,217.45799255371094
1785306720,217.46099853515625,217.4929962158203,217.4499969482422,217.48699951171875
1785306780,217.48899841308594,217.4969940185547,217.46400451660156,217.4739990234375
1785306840,217.4739990234375,217.49000549316406,217.47000122070312,217.47900390625
1785306900,217.4739990234375,217.49200439453125,217.4709930419922,217.48699951171875
1785306960,217.48699951171875,217.4929962158203,217.47300720214844,217.4810028076172
1785307020,217.47999572753906,217.5,217.4739990234375,217.49099731445312
1785307080,217.49400329589844,217.50900268554688,217.48399353027344,217.49200439453125
1785307140,217.49200439453125,217.52099609375,217.49099731445312,217.50999450683594
1785307200,217.50999450683594,217.52200317382812,217.45899963378906,217.45899963378906
1785307260,217.46800231933594,217.46800231933594,217.39599609375,217.40199279785156
1785307320,217.41099548339844,217.44000244140625,217.38400268554688,217.42599487304688
1785307380,217.427001953125,217.4340057373047,217.41600036621094,217.43099975585938
1785307440,217.42799377441406,217.43800354003906,217.4239959716797,217.4290008544922
1785307500,217.4290008544922,217.46099853515625,217.427001953125,217.43899536132812
1785307560,217.43800354003906,217.44500732421875,217.42799377441406,217.43899536132812
1785307620,217.43099975585938,217.44400024414062,217.427001953125,217.44000244140625
1785307680,217.43600463867188,217.447998046875,217.4199981689453,217.42999267578125
1785307740,217.4290008544922,217.44700622558594,217.41799926757812,217.43099975585938
1785307800,217.43099975585938,217.44500732421875,217.4040069580078,217.43099975585938
1785307860,217.43699645996094,217.44000244140625,217.42300415039062,217.43800354003906
1785307920,217.43699645996094,217.4669952392578,217.43299865722656,217.44900512695312
1785307980,217.4550018310547,217.45799255371094,217.4290008544922,217.44400024414062
1785308040,217.44400024414062,217.46600341796875,217.4429931640625,217.45399475097656
1785308100,217.4530029296875,217.4669952392578,217.4340057373047,217.44500732421875
1785308160,217.44500732421875,217.4499969482422,217.42100524902344,217.43800354003906
1785308220,217.4340057373047,217.4550018310547,217.427001953125,217.43299865722656
1785308280,217.4320068359375,217.4600067138672,217.41900634765625,217.43899536132812
1785308340,217.43600463867188,217.45399475097656,217.43299865722656,217.44700622558594
1785308400,217.44200134277344,217.45899963378906,217.4149932861328,217.41900634765625
1785308460,217.4290008544922,217.45700073242188,217.41400146484375,217.44500732421875
1785308520,217.44500732421875,217.49099731445312,217.44500732421875,217.4739990234375
1785308580,217.4669952392578,217.49600219726562,217.46600341796875,217.49099731445312
1785308640,217.49400329589844,217.50999450683594,217.48300170898438,217.48699951171875
1785308700,217.48699951171875,217.5189971923828,217.4600067138672,217.4720001220703
1785308760,217.4759979248047,217.49400329589844,217.46800231933594,217.47500610351562
1785308820,217.47500610351562,217.49899291992188,217.45899963378906,217.48899841308594
1785308880,217.48899841308594,217.51699829101562,217.4770050048828,217.48899841308594
1785308940,217.48800659179688,217.49099731445312,217.46099853515625,217.46800231933594
1785309000,217.47300720214844,217.49600219726562,217.46600341796875,217.4810028076172
1785309060,217.48599243164062,217.49600219726562,217.4709930419922,217.47999572753906
1785309120,217.4810028076172,217.48899841308594,217.45700073242188,217.4720001220703
1785309180,217.46800231933594,217.4759979248047,217.4409942626953,217.44200134277344
1785309240,217.44200134277344,217.46499633789062,217.4409942626953,217.45199584960938
1785309300,217.45799255371094,217.4720001220703,217.4499969482422,217.46800231933594
1785309360,217.46800231933594,217.5,217.46099853515625,217.49899291992188
1785309420,217.49400329589844,217.5,217.46299743652344,217.47300720214844
1785309480,217.4739990234375,217.48800659179688,217.46400451660156,217.4739990234375
1785309540,217.46800231933594,217.48399353027344,217.45799255371094,217.4759979248047
1785309600,217.4759979248047,217.52200317382812,217.4759979248047,217.50900268554688
1785309660,217.50900268554688,217.52999877929688,217.50399780273438,217.5050048828125
1785309720,217.5050048828125,217.51400756835938,217.4810028076172,217.4980010986328
1785309780,217.5,217.54100036621094,217.4980010986328,217.5399932861328
1785309840,217.5399932861328,217.55099487304688,217.50900268554688,217.5500030517578
1785309900,217.54600524902344,217.5590057373047,217.52200317382812,217.53900146484375
1785309960,217.54100036621094,217.55099487304688,217.531005859375,217.53599548339844
1785310020,217.54100036621094,217.56700134277344,217.53900146484375,217.56100463867188
1785310080,217.55999755859375,217.57899475097656,217.55499267578125,217.57699584960938
1785310140,217.5780029296875,217.60899353027344,217.5749969482422,217.60000610351562
1785310200,217.6020050048828,217.60699462890625,217.5749969482422,217.57699584960938
1785310260,217.57699584960938,217.61900329589844,217.5749969482422,217.61300659179688
1785310320,217.61399841308594,217.63099670410156,217.60699462890625,217.6199951171875
1785310380,217.6199951171875,217.63800048828125,217.61599731445312,217.6300048828125
1785310440,217.6300048828125,217.6540069580078,217.625,217.6269989013672
1785310500,217.63299560546875,217.64999389648438,217.6269989013672,217.63299560546875
1785310560,217.63299560546875,217.66400146484375,217.63299560546875,217.6529998779297
1785310620,217.65899658203125,217.6909942626953,217.6529998779297,217.6699981689453
1785310680,217.677001953125,217.68099975585938,217.6529998779297,217.6529998779297
1785310740,217.6529998779297,217.65899658203125,217.6320037841797,217.63999938964844
1785310800,217.6479949951172,217.6479949951172,217.6280059814453,217.6320037841797
1785310860,217.6320037841797,217.63900756835938,217.5659942626953,217.57200622558594
1785310920,217.57200622558594,217.62100219726562,217.5679931640625,217.62100219726562
1785310980,217.6199951171875,217.63800048828125,217.60499572753906,217.6230010986328
1785311040,217.6230010986328,217.6490020751953,217.6230010986328,217.63900756835938
1785311100,217.63099670410156,217.63800048828125,217.59500122070312,217.60899353027344
1785311160,217.60899353027344,217.62600708007812,217.59500122070312,217.60699462890625
1785311220,217.60699462890625,217.6179962158203,217.59300231933594,217.59800720214844
1785311280,217.60299682617188,217.61500549316406,217.59100341796875,217.61000061035156
1785311340,217.61000061035156,217.6269989013672,217.6020050048828,217.61500549316406
1785311400,217.61500549316406,217.63600158691406,217.61399841308594,217.6199951171875
1785311460,217.6219940185547,217.65699768066406,217.6199951171875,217.64199829101562
1785311520,217.6479949951172,217.66700744628906,217.63999938964844,217.66099548339844
1785311580,217.66099548339844,217.677001953125,217.65199279785156,217.677001953125
1785311640,217.67300415039062,217.70899963378906,217.6699981689453,217.68600463867188
1785311700,217.68600463867188,217.70399475097656,217.68600463867188,217.6909942626953
1785311760,217.6909942626953,217.7050018310547,217.67599487304688,217.7030029296875
1785311820,217.70399475097656,217.7239990234375,217.68899536132812,217.72000122070312
1785311880,217.7220001220703,217.7259979248047,217.7030029296875,217.71299743652344
1785311940,217.70899963378906,217.73899841308594,217.70899963378906,217.7259979248047
1785312000,217.7169952392578,217.73800659179688,217.7169952392578,217.7169952392578
1785312060,217.7209930419922,217.73800659179688,217.6999969482422,217.70899963378906
1785312120,217.7100067138672,217.7100067138672,217.66900634765625,217.69500732421875
1785312180,217.69500732421875,217.7030029296875,217.68699645996094,217.69400024414062
1785312240,217.69400024414062,217.7100067138672,217.68299865722656,217.70599365234375
1785312300,217.7050018310547,217.71200561523438,217.69200134277344,217.7100067138672
1785312360,217.7100067138672,217.72900390625,217.7100067138672,217.7259979248047
1785312420,217.7259979248047,217.74099731445312,217.7209930419922,217.72900390625
1785312480,217.7259979248047,217.74200439453125,217.70899963378906,217.71299743652344
1785312540,217.71099853515625,217.72900390625,217.6929931640625,217.6959991455078
1785312600,217.6959991455078,217.74000549316406,217.69500732421875,217.71099853515625
1785312660,217.71400451660156,217.72500610351562,217.69400024414062,217.697998046875
1785312720,217.69400024414062,217.697998046875,217.6540069580078,217.66099548339844
1785312780,217.66099548339844,217.66799926757812,217.63699340820312,217.63999938964844
1785312840,217.63900756835938,217.64599609375,217.5959930419922,217.59800720214844
1785312900,217.5989990234375,217.6230010986328,217.58999633789062,217.61700439453125
1785312960,217.6179962158203,217.63699340820312,217.60499572753906,217.6269989013672
1785313020,217.6269989013672,217.65699768066406,217.6230010986328,217.64999389648438
1785313080,217.64999389648438,217.677001953125,217.6439971923828,217.65699768066406
1785313140,217.66200256347656,217.7050018310547,217.6540069580078,217.68699645996094
1785313200,217.68699645996094,217.6959991455078,217.66099548339844,217.6750030517578
1785313260,217.6739959716797,217.6750030517578,217.6490020751953,217.6529998779297
1785313320,217.6529998779297,217.66799926757812,217.63900756835938,217.6529998779297
1785313380,217.6510009765625,217.6580047607422,217.63099670410156,217.63299560546875
1785313440,217.63299560546875,217.6529998779297,217.6199951171875,217.63699340820312
1785313500,217.6269989013672,217.63600158691406,217.61300659179688,217.61700439453125
1785313560,217.61700439453125,217.6300048828125,217.5989990234375,217.6009979248047
1785313620,217.60299682617188,217.63999938964844,217.6009979248047,217.625
1785313680,217.625,217.63299560546875,217.6199951171875,217.625
1785313740,217.625,217.63499450683594,217.61900329589844,217.62600708007812
1785313800,217.6179962158203,217.63900756835938,217.61700439453125,217.62399291992188
1785313860,217.62399291992188,217.64700317382812,217.6219940185547,217.63999938964844
1785313920,217.63800048828125,217.64999389648438,217.625,217.64599609375
1785313980,217.63900756835938,217.6490020751953,217.6269989013672,217.62899780273438
1785314040,217.62899780273438,217.63600158691406,217.5989990234375,217.60899353027344
1785314100,217.60299682617188,217.61000061035156,217.59800720214844,217.60699462890625
1785314160,217.6020050048828,217.61399841308594,217.58599853515625,217.59300231933594
1785314220,217.58900451660156,217.61000061035156,217.58700561523438,217.5989990234375
1785314280,217.59300231933594,217.60899353027344,217.58200073242188,217.58700561523438
1785314340,217.58700561523438,217.61000061035156,217.58700561523438,217.60400390625
1785314400,217.60400390625,217.6179962158203,217.5959930419922,217.6020050048828
1785314460,217.6020050048828,217.63999938964844,217.6020050048828,217.62899780273438
1785314520,217.6280059814453,217.6479949951172,217.625,217.63999938964844
1785314580,217.64199829101562,217.64999389648438,217.63699340820312,217.64700317382812
1785314640,217.64599609375,217.68699645996094,217.64199829101562,217.66900634765625
1785314700,217.6719970703125,217.68099975585938,217.656005859375,217.66600036621094
1785314760,217.66600036621094,217.68299865722656,217.66099548339844,217.67799377441406
1785314820,217.67300415039062,217.6820068359375,217.66200256347656,217.6699981689453
1785314880,217.6699981689453,217.6820068359375,217.6510009765625,217.66400146484375
1785314940,217.67100524902344,217.69400024414062,217.66400146484375,217.67799377441406
1785315000,217.67799377441406,217.68899536132812,217.66799926757812,217.67599487304688
1785315060,217.67300415039062,217.68800354003906,217.6540069580078,217.66700744628906
1785315120,217.6739959716797,217.67999267578125,217.6580047607422,217.66200256347656
1785315180,217.6750030517578,217.6750030517578,217.63400268554688,217.656005859375
1785315240,217.66099548339844,217.66400146484375,217.63800048828125,217.66000366210938
1785315300,217.65499877929688,217.69000244140625,217.6479949951172,217.6699981689453
1785315360,217.67999267578125,217.6959991455078,217.66700744628906,217.6739959716797
1785315420,217.6739959716797,217.6929931640625,217.6699981689453,217.67599487304688
1785315480,217.68099975585938,217.6959991455078,217.6649932861328,217.677001953125
1785315540,217.6719970703125,217.677001953125,217.64599609375,217.656005859375
1785315600,217.65199279785156,217.66900634765625,217.64100646972656,217.65899658203125
1785315660,217.6649932861328,217.6649932861328,217.63499450683594,217.63999938964844
1785315720,217.64300537109375,217.6510009765625,217.6269989013672,217.6320037841797
1785315780,217.63400268554688,217.6529998779297,217.6269989013672,217.64700317382812
1785315840,217.65199279785156,217.6580047607422,217.63400268554688,217.63800048828125
1785315900,217.64999389648438,217.64999389648438,217.60299682617188,217.6179962158203
1785315960,217.60899353027344,217.61900329589844,217.58799743652344,217.5989990234375
1785316020,217.58999633789062,217.6009979248047,217.56199645996094,217.5749969482422
1785316080,217.5749969482422,217.59800720214844,217.56500244140625,217.58200073242188
1785316140,217.58099365234375,217.6009979248047,217.5749969482422,217.59100341796875
1785316200,217.59100341796875,217.60299682617188,217.55499267578125,217.55999755859375
1785316260,217.55999755859375,217.58700561523438,217.5540008544922,217.57400512695312
1785316320,217.5749969482422,217.58200073242188,217.55099487304688,217.57200622558594
1785316380,217.56900024414062,217.5760040283203,217.5570068359375,217.56100463867188
1785316440,217.56100463867188,217.59100341796875,217.5590057373047,217.5760040283203
1785316500,217.58200073242188,217.58599853515625,217.56399536132812,217.5659942626953
1785316560,217.57400512695312,217.5780029296875,217.56300354003906,217.56900024414062
1785316620,217.5659942626953,217.58099365234375,217.552001953125,217.55999755859375
1785316680,217.56700134277344,217.5800018310547,217.55099487304688,217.55299377441406
1785316740,217.55799865722656,217.57000732421875,217.54200744628906,217.55599975585938
1785316800,217.5659942626953,217.5760040283203,217.54800415039062,217.5659942626953
1785316860,217.5679931640625,217.58299255371094,217.56300354003906,217.56300354003906
1785316920,217.56300354003906,217.59100341796875,217.56300354003906,217.57699584960938
1785316980,217.58099365234375,217.58299255371094,217.52699279785156,217.53399658203125
1785317040,217.54299926757812,217.5850067138672,217.53399658203125,217.56399536132812
1785317100,217.572998046875,217.5850067138672,217.56300354003906,217.57200622558594
1785317160,217.57200622558594,217.58200073242188,217.56500244140625,217.5709991455078
1785317220,217.57699584960938,217.5800018310547,217.5659942626953,217.5709991455078
1785317280,217.5709991455078,217.57899475097656,217.55599975585938,217.57000732421875
1785317340,217.56300354003906,217.5709991455078,217.5500030517578,217.5570068359375
1785317400,217.55599975585938,217.56500244140625,217.5260009765625,217.5260009765625
1785317460,217.5260009765625,217.54400634765625,217.52099609375,217.53500366210938
1785317520,217.53500366210938,217.54200744628906,217.5019989013672,217.5019989013672
1785317580,217.5019989013672,217.52099609375,217.4949951171875,217.4949951171875
1785317640,217.4949951171875,217.50799560546875,217.48500061035156,217.48699951171875
1785317700,217.48699951171875,217.5019989013672,217.45399475097656,217.4669952392578
1785317760,217.4720001220703,217.47500610351562,217.4499969482422,217.4600067138672
1785317820,217.4510040283203,217.48199462890625,217.4409942626953,217.4510040283203
1785317880,217.45799255371094,217.4770050048828,217.44700622558594,217.46499633789062
1785317940,217.46600341796875,217.49600219726562,217.46200561523438,217.46400451660156
1785318000,217.46400451660156,217.5019989013672,217.4550018310547,217.49099731445312
1785318060,217.4949951171875,217.5,217.47500610351562,217.48899841308594
1785318120,217.48899841308594,217.4929962158203,217.4669952392578,217.4759979248047
1785318180,217.47000122070312,217.52999877929688,217.47000122070312,217.52699279785156
1785318240,217.5260009765625,217.57000732421875,217.5189971923828,217.57000732421875
1785318300,217.56700134277344,217.57000732421875,217.5449981689453,217.5590057373047
1785318360,217.5590057373047,217.56199645996094,217.53700256347656,217.5489959716797
1785318420,217.5469970703125,217.5709991455078,217.5330047607422,217.56100463867188
1785318480,217.56100463867188,217.59100341796875,217.56100463867188,217.57000732421875
1785318540,217.57400512695312,217.58099365234375,217.5570068359375,217.5749969482422
1785318600,217.5659942626953,217.58599853515625,217.56199645996094,217.56199645996094
1785318660,217.56199645996094,217.58599853515625,217.552001953125,217.55499267578125
1785318720,217.56199645996094,217.57000732421875,217.5489959716797,217.5590057373047
1785318780,217.552001953125,217.5590057373047,217.5279998779297,217.53500366210938
1785318840,217.53500366210938,217.55099487304688,217.531005859375,217.54299926757812
1785318900,217.53799438476562,217.56100463867188,217.53500366210938,217.53700256347656
1785318960,217.54200744628906,217.56100463867188,217.53500366210938,217.55099487304688
1785319020,217.5500030517578,217.572998046875,217.53799438476562,217.54299926757812
1785319080,217.54299926757812,217.5540008544922,217.53599548339844,217.53799438476562
1785319140,217.54200744628906,217.56300354003906,217.53700256347656,217.5449981689453
1785319200,217.5449981689453,217.56300354003906,217.52699279785156,217.5290069580078
1785319260,217.5330047607422,217.5500030517578,217.5229949951172,217.52699279785156
1785319320,217.52699279785156,217.54100036621094,217.52200317382812,217.52699279785156
1785319380,217.5279998779297,217.53399658203125,217.50100708007812,217.50900268554688
1785319440,217.50399780273438,217.52200317382812,217.5,217.51600646972656
1785319500,217.51699829101562,217.5290069580078,217.5,217.5030059814453
1785319560,217.50100708007812,217.5260009765625,217.49000549316406,217.4949951171875
1785319620,217.4980010986328,217.5240020751953,217.49000549316406,217.51699829101562
1785319680,217.5229949951172,217.5240020751953,217.4969940185547,217.50799560546875
1785319740,217.50900268554688,217.51499938964844,217.48899841308594,217.49200439453125
1785319800,217.49200439453125,217.53399658203125,217.49099731445312,217.52200317382812
1785319860,217.52200317382812,217.53399658203125,217.50999450683594,217.51699829101562
1785319920,217.51400756835938,217.5240020751953,217.48599243164062,217.48800659179688
1785319980,217.48800659179688,217.5070037841797,217.47799682617188,217.49000549316406
1785320040,217.4969940185547,217.51300048828125,217.48300170898438,217.50399780273438
1785320100,217.5019989013672,217.52000427246094,217.49600219726562,217.51100158691406
1785320160,217.51100158691406,217.5260009765625,217.5030059814453,217.51499938964844
1785320220,217.51800537109375,217.54200744628906,217.51100158691406,217.53500366210938
1785320280,217.53500366210938,217.54100036621094,217.51100158691406,217.51100158691406
1785320340,217.51100158691406,217.52099609375,217.468994140625,217.48899841308594
1785320400,217.49899291992188,217.51600646972656,217.48899841308594,217.51499938964844
1785320460,217.51100158691406,217.52499389648438,217.48500061035156,217.4949951171875
1785320520,217.4949951171875,217.4949951171875,217.4770050048828,217.49400329589844
1785320580,217.48399353027344,217.50100708007812,217.47900390625,217.49000549316406
1785320640,217.48300170898438,217.50900268554688,217.48300170898438,217.4980010986328
1785320700,217.49600219726562,217.50900268554688,217.47900390625,217.48699951171875
1785320760,217.48699951171875,217.52099609375,217.48599243164062,217.51300048828125
1785320820,217.51300048828125,217.5240020751953,217.5050048828125,217.51400756835938
1785320880,217.51199340820312,217.5240020751953,217.49000549316406,217.5
1785320940,217.49000549316406,217.50399780273438,217.48500061035156,217.5019989013672
1785321000,217.5030059814453,217.53500366210938,217.4969940185547,217.51699829101562
1785321060,217.51600646972656,217.52999877929688,217.50599670410156,217.5189971923828
1785321120,217.52000427246094,217.53700256347656,217.51499938964844,217.53199768066406
1785321180,217.52699279785156,217.5399932861328,217.5240020751953,217.5260009765625
1785321240,217.5260009765625,217.53799438476562,217.50900268554688,217.51100158691406
1785321300,217.51100158691406,217.56199645996094,217.51100158691406,217.5590057373047
1785321360,217.5540008544922,217.57000732421875,217.54800415039062,217.56100463867188
1785321420,217.56500244140625,217.57000732421875,217.5260009765625,217.53799438476562
1785321480,217.53599548339844,217.5540008544922,217.5260009765625,217.53500366210938
1785321540,217.53500366210938,217.55799865722656,217.53500366210938,217.54299926757812
1785321600,217.54299926757812,217.56500244140625,217.54299926757812,217.5570068359375
1785321660,217.56100463867188,217.56300354003906,217.54100036621094,217.54800415039062
1785321720,217.54800415039062,217.55499267578125,217.53199768066406,217.54200744628906
1785321780,217.54200744628906,217.55999755859375,217.54200744628906,217.5570068359375
1785321840,217.54800415039062,217.58900451660156,217.54800415039062,217.58900451660156
1785321900,217.58999633789062,217.59500122070312,217.5749969482422,217.5749969482422
1785321960,217.5749969482422,217.58900451660156,217.5679931640625,217.5780029296875
1785322020,217.5709991455078,217.57899475097656,217.54800415039062,217.56199645996094
1785322080,217.5570068359375,217.56399536132812,217.54600524902344,217.5469970703125
1785322140,217.54600524902344,217.5590057373047,217.53700256347656,217.53700256347656
1785322200,217.53700256347656,217.54600524902344,217.50900268554688,217.51800537109375
1785322260,217.51800537109375,217.5330047607422,217.5030059814453,217.50599670410156
1785322320,217.51300048828125,217.5240020751953,217.50599670410156,217.51300048828125
1785322380,217.51300048828125,217.52999877929688,217.50799560546875,217.51199340820312
1785322440,217.51199340820312,217.54299926757812,217.51199340820312,217.5240020751953
1785322500,217.51300048828125,217.52699279785156,217.5070037841797,217.51300048828125
1785322560,217.51300048828125,217.531005859375,217.51199340820312,217.531005859375
1785322620,217.5229949951172,217.53500366210938,217.50900268554688,217.51100158691406
1785322680,217.51100158691406,217.52000427246094,217.4949951171875,217.50399780273438
1785322740,217.50399780273438,217.51699829101562,217.49200439453125,217.5070037841797
1785322800,217.51300048828125,217.52699279785156,217.49899291992188,217.51499938964844
1785322860,217.51699829101562,217.53199768066406,217.50999450683594,217.51699829101562
1785322920,217.51699829101562,217.55999755859375,217.51699829101562,217.5449981689453
1785322980,217.5449981689453,217.56900024414062,217.5449981689453,217.55999755859375
1785323040,217.5570068359375,217.58099365234375,217.55299377441406,217.57000732421875
1785323100,217.57400512695312,217.5780029296875,217.56199645996094,217.56300354003906
1785323160,217.56300354003906,217.56900024414062,217.53199768066406,217.53500366210938
1785323220,217.53500366210938,217.5500030517578,217.52999877929688,217.5399932861328
1785323280,217.5399932861328,217.55999755859375,217.53599548339844,217.5449981689453
1785323340,217.54299926757812,217.55299377441406,217.53399658203125,217.54299926757812
1785323400,217.53799438476562,217.572998046875,217.53399658203125,217.56900024414062
1785323460,217.5659942626953,217.59300231933594,217.5659942626953,217.58200073242188
1785323520,217.58200073242188,217.59300231933594,217.5760040283203,217.59100341796875
1785323580,217.59100341796875,217.60299682617188,217.58299255371094,217.5919952392578
1785323640,217.5919952392578,217.61000061035156,217.5850067138672,217.6020050048828
1785323700,217.6020050048828,217.61099243164062,217.5970001220703,217.5989990234375
1785323760,217.59800720214844,217.60000610351562,217.57400512695312,217.57699584960938
1785323820,217.57699584960938,217.58999633789062,217.57200622558594,217.5850067138672
1785323880,217.58299255371094,217.59800720214844,217.58299255371094,217.58399963378906
1785323940,217.58399963378906,217.58900451660156,217.5500030517578,217.55599975585938
1785324000,217.55799865722656,217.5659942626953,217.54400634765625,217.55599975585938
1785324060,217.55599975585938,217.56199645996094,217.54299926757812,217.5469970703125
1785324120,217.55099487304688,217.572998046875,217.54600524902344,217.5659942626953
1785324180,217.5659942626953,217.57400512695312,217.5590057373047,217.5679931640625
1785324240,217.5709991455078,217.58900451660156,217.56100463867188,217.56199645996094
1785324300,217.56199645996094,217.57200622558594,217.5570068359375,217.55799865722656
1785324360,217.55799865722656,217.5679931640625,217.5570068359375,217.56199645996094
1785324420,217.56199645996094,217.5749969482422,217.55799865722656,217.57000732421875
1785324480,217.57000732421875,217.59300231933594,217.5590057373047,217.59100341796875
1785324540,217.58999633789062,217.60800170898438,217.5850067138672,217.5959930419922
1785324600,217.59100341796875,217.61599731445312,217.59100341796875,217.5970001220703
1785324660,217.5970001220703,217.61199951171875,217.59100341796875,217.60299682617188
1785324720,217.6060028076172,217.61500549316406,217.6020050048828,217.60699462890625
1785324780,217.61000061035156,217.6269989013672,217.6060028076172,217.61599731445312
1785324840,217.61599731445312,217.61900329589844,217.59100341796875,217.59300231933594
1785324900,217.5919952392578,217.61300659179688,217.5919952392578,217.60899353027344
1785324960,217.60899353027344,217.61199951171875,217.58700561523438,217.59300231933594
1785325020,217.58900451660156,217.61099243164062,217.58799743652344,217.60000610351562
1785325080,217.5970001220703,217.61399841308594,217.5970001220703,217.5989990234375
1785325140,217.5989990234375,217.6060028076172,217.58999633789062,217.59100341796875
1785325200,217.58700561523438,217.6009979248047,217.58099365234375,217.58200073242188
1785325260,217.58099365234375,217.58900451660156,217.5659942626953,217.56700134277344
1785325320,217.57400512695312,217.5780029296875,217.55599975585938,217.55599975585938
1785325380,217.55599975585938,217.5659942626953,217.5399932861328,217.552001953125
1785325440,217.5469970703125,217.57899475097656,217.5469970703125,217.57000732421875
1785325500,217.572998046875,217.593994140625,217.56199645996094,217.58599853515625
1785325560,217.58599853515625,217.5919952392578,217.55799865722656,217.56100463867188
1785325620,217.5590057373047,217.59300231933594,217.55299377441406,217.5780029296875
1785325680,217.58099365234375,217.58299255371094,217.56700134277344,217.5709991455078
1785325740,217.5709991455078,217.58200073242188,217.5659942626953,217.5800018310547
1785325800,217.57400512695312,217.59100341796875,217.56900024414062,217.58399963378906
1785325860,217.5800018310547,217.5919952392578,217.57000732421875,217.57200622558594
1785325920,217.57200622558594,217.59100341796875,217.56199645996094,217.56700134277344
1785325980,217.56700134277344,217.58599853515625,217.56199645996094,217.56300354003906
1785326040,217.56900024414062,217.56900024414062,217.55099487304688,217.5540008544922
1785326100,217.5540008544922,217.56399536132812,217.5469970703125,217.56399536132812
1785326160,217.56300354003906,217.56300354003906,217.53599548339844,217.53900146484375
1785326220,217.54100036621094,217.54299926757812,217.49899291992188,217.5050048828125
1785326280,217.49899291992188,217.53900146484375,217.49899291992188,217.531005859375
1785326340,217.531005859375,217.53399658203125,217.51600646972656,217.52000427246094
1785326400,217.52499389648438,217.53900146484375,217.50399780273438,217.51800537109375
1785326460,217.51800537109375,217.54800415039062,217.51699829101562,217.53599548339844
1785326520,217.5330047607422,217.54600524902344,217.50100708007812,217.50900268554688
1785326580,217.50100708007812,217.51100158691406,217.4929962158203,217.49400329589844
1785326640,217.4980010986328,217.5189971923828,217.47799682617188,217.5189971923828
1785326700,217.51300048828125,217.53900146484375,217.51100158691406,217.53199768066406
1785326760,217.53799438476562,217.53799438476562,217.48500061035156,217.48599243164062
1785326820,217.4929962158203,217.50100708007812,217.48500061035156,217.49600219726562
1785326880,217.50100708007812,217.5030059814453,217.4759979248047,217.49099731445312
1785326940,217.49200439453125,217.5030059814453,217.48599243164062,217.49600219726562
1785327000,217.49600219726562,217.51199340820312,217.49200439453125,217.49200439453125
1785327060,217.49200439453125,217.4980010986328,217.4810028076172,217.48800659179688
1785327120,217.49200439453125,217.50100708007812,217.47900390625,217.49200439453125
1785327180,217.49200439453125,217.50599670410156,217.46800231933594,217.48199462890625
1785327240,217.47500610351562,217.48300170898438,217.46099853515625,217.47500610351562
1785327300,217.47500610351562,217.49099731445312,217.47300720214844,217.48300170898438
1785327360,217.48300170898438,217.4929962158203,217.4320068359375,217.4409942626953
1785327420,217.4409942626953,217.49099731445312,217.4340057373047,217.47900390625
1785327480,217.48399353027344,217.48800659179688,217.46800231933594,217.48399353027344
1785327540,217.48300170898438,217.52000427246094,217.4810028076172,217.50399780273438
1785327600,217.50799560546875,217.53399658203125,217.5050048828125,217.52000427246094
1785327660,217.5189971923828,217.53700256347656,217.5189971923828,217.52999877929688
1785327720,217.52999877929688,217.54200744628906,217.48699951171875,217.48800659179688
1785327780,217.49000549316406,217.5189971923828,217.48899841308594,217.50999450683594
1785327840,217.50999450683594,217.53399658203125,217.50999450683594,217.51499938964844
1785327900,217.51499938964844,217.53799438476562,217.50999450683594,217.53599548339844
1785327960,217.531005859375,217.54100036621094,217.5229949951172,217.5279998779297
1785328020,217.53199768066406,217.552001953125,217.5240020751953,217.5330047607422
1785328080,217.53799438476562,217.5500030517578,217.51300048828125,217.54400634765625
1785328140,217.54800415039062,217.55099487304688,217.5189971923828,217.5279998779297
1785328200,217.5229949951172,217.52999877929688,217.4969940185547,217.50999450683594
1785328260,217.51199340820312,217.5240020751953,217.5030059814453,217.52200317382812
1785328320,217.51699829101562,217.5500030517578,217.51199340820312,217.5489959716797
1785328380,217.5500030517578,217.55099487304688,217.53399658203125,217.54299926757812
1785328440,217.54800415039062,217.56199645996094,217.53599548339844,217.552001953125
1785328500,217.55299377441406,217.5709991455078,217.54400634765625,217.56300354003906
1785328560,217.5679931640625,217.57200622558594,217.54400634765625,217.5500030517578
1785328620,217.54400634765625,217.5709991455078,217.54100036621094,217.55799865722656
1785328680,217.5540008544922,217.56300354003906,217.5500030517578,217.55299377441406
1785328740,217.55799865722656,217.5760040283203,217.5500030517578,217.57200622558594
1785328800,217.56900024414062,217.58200073242188,217.56199645996094,217.56300354003906
1785328860,217.56300354003906,217.60800170898438,217.56100463867188,217.5970001220703
1785328920,217.6020050048828,217.6219940185547,217.5970001220703,217.60699462890625
1785328980,217.60499572753906,217.61099243164062,217.57400512695312,217.58200073242188
1785329040,217.5780029296875,217.59100341796875,217.56500244140625,217.58700561523438
1785329100,217.58599853515625,217.6020050048828,217.5780029296875,217.59800720214844
1785329160,217.58999633789062,217.60800170898438,217.58399963378906,217.6009979248047
1785329220,217.6020050048828,217.61300659179688,217.5590057373047,217.56199645996094
1785329280,217.5659942626953,217.5800018310547,217.55099487304688,217.55999755859375
1785329340,217.56399536132812,217.5709991455078,217.552001953125,217.5659942626953
1785329400,217.55999755859375,217.5780029296875,217.54600524902344,217.54600524902344
1785329460,217.552001953125,217.55499267578125,217.51699829101562,217.52200317382812
1785329520,217.51800537109375,217.54100036621094,217.50900268554688,217.52999877929688
1785329580,217.53500366210938,217.5709991455078,217.5290069580078,217.56199645996094
1785329640,217.56399536132812,217.593994140625,217.55799865722656,217.5919952392578
1785329700,217.58200073242188,217.60000610351562,217.57899475097656,217.58099365234375
1785329760,217.58099365234375,217.593994140625,217.57699584960938,217.57699584960938
1785329820,217.5780029296875,217.59100341796875,217.5540008544922,217.5590057373047
1785329880,217.56199645996094,217.58099365234375,217.5590057373047,217.5780029296875
1785329940,217.5780029296875,217.5919952392578,217.57400512695312,217.57899475097656
1785330000,217.57899475097656,217.6060028076172,217.5780029296875,217.58799743652344
1785330060,217.58700561523438,217.60299682617188,217.5800018310547,217.58599853515625
1785330120,217.59100341796875,217.60699462890625,217.5780029296875,217.5780029296875
1785330180,217.58999633789062,217.60299682617188,217.57000732421875,217.5919952392578
1785330240,217.59800720214844,217.60000610351562,217.58099365234375,217.58799743652344
1785330300,217.58799743652344,217.60299682617188,217.57200622558594,217.5780029296875
1785330360,217.57699584960938,217.58900451660156,217.56100463867188,217.56500244140625
1785330420,217.5679931640625,217.56900024414062,217.53799438476562,217.54200744628906
1785330480,217.54200744628906,217.55299377441406,217.52200317382812,217.52499389648438
1785330540,217.531005859375,217.5500030517578,217.52499389648438,217.54400634765625
1785330600,217.5489959716797,217.552001953125,217.5279998779297,217.55099487304688
1785330660,217.5489959716797,217.55599975585938,217.53199768066406,217.53799438476562
1785330720,217.53599548339844,217.54600524902344,217.5229949951172,217.52699279785156
1785330780,217.531005859375,217.53900146484375,217.50999450683594,217.53900146484375
1785330840,217.5290069580078,217.5500030517578,217.5189971923828,217.54100036621094
1785330900,217.54100036621094,217.55799865722656,217.5189971923828,217.55299377441406
1785330960,217.55499267578125,217.55499267578125,217.53199768066406,217.53799438476562
1785331020,217.5399932861328,217.54800415039062,217.5240020751953,217.53399658203125
1785331080,217.531005859375,217.53700256347656,217.50599670410156,217.50599670410156
1785331140,217.51400756835938,217.51499938964844,217.49400329589844,217.49400329589844
1785331200,217.49600219726562,217.51600646972656,217.48599243164062,217.49200439453125
1785331260,217.49600219726562,217.53199768066406,217.49200439453125,217.5260009765625
1785331320,217.5260009765625,217.54100036621094,217.5240020751953,217.53199768066406
1785331380,217.53599548339844,217.55999755859375,217.531005859375,217.5540008544922
1785331440,217.5590057373047,217.57000732421875,217.5500030517578,217.55799865722656
1785331500,217.55799865722656,217.572998046875,217.54600524902344,217.55999755859375
1785331560,217.5590057373047,217.58200073242188,217.5540008544922,217.5749969482422
1785331620,217.5749969482422,217.58200073242188,217.55999755859375,217.5659942626953
1785331680,217.56500244140625,217.57699584960938,217.56100463867188,217.57200622558594
1785331740,217.5679931640625,217.58599853515625,217.56199645996094,217.58099365234375
1785331800,217.58200073242188,217.5970001220703,217.57200622558594,217.5970001220703
1785331860,217.5919952392578,217.6540069580078,217.58599853515625,217.63299560546875
1785331920,217.63299560546875,217.6439971923828,217.5760040283203,217.5760040283203
1785331980,217.5800018310547,217.5850067138672,217.552001953125,217.56500244140625
1785332040,217.56500244140625,217.5780029296875,217.5469970703125,217.5469970703125
1785332100,217.54600524902344,217.552001953125,217.5240020751953,217.5330047607422
1785332160,217.5330047607422,217.5679931640625,217.53199768066406,217.55999755859375
1785332220,217.55799865722656,217.5659942626953,217.53799438476562,217.5399932861328
1785332280,217.5399932861328,217.5679931640625,217.5330047607422,217.55099487304688
1785332340,217.552001953125,217.57000732421875,217.5449981689453,217.552001953125
1785332400,217.54800415039062,217.55299377441406,217.5279998779297,217.54299926757812
1785332460,217.54400634765625,217.5489959716797,217.51100158691406,217.51499938964844
1785332520,217.51499938964844,217.5330047607422,217.5019989013672,217.531005859375
1785332580,217.53399658203125,217.54800415039062,217.52699279785156,217.54400634765625
1785332640,217.5399932861328,217.58299255371094,217.53700256347656,217.57899475097656
1785332700,217.57899475097656,217.60499572753906,217.57000732421875,217.58599853515625
1785332760,217.58200073242188,217.59300231933594,217.57000732421875,217.58200073242188
1785332820,217.58200073242188,217.59500122070312,217.58200073242188,217.58999633789062
1785332880,217.58700561523438,217.6020050048828,217.57200622558594,217.5970001220703
1785332940,217.5970001220703,217.6199951171875,217.59100341796875,217.61199951171875
1785333000,217.61199951171875,217.6280059814453,217.59500122070312,217.62100219726562
1785333060,217.61500549316406,217.6230010986328,217.6060028076172,217.61099243164062
1785333120,217.61099243164062,217.63499450683594,217.61099243164062,217.6269989013672
1785333180,217.6230010986328,217.63099670410156,217.60299682617188,217.62600708007812
1785333240,217.62600708007812,217.677001953125,217.61900329589844,217.66900634765625
1785333300,217.67300415039062,217.67300415039062,217.6439971923828,217.64700317382812
1785333360,217.64700317382812,217.67100524902344,217.6280059814453,217.66200256347656
1785333420,217.66200256347656,217.70199584960938,217.65899658203125,217.6959991455078
1785333480,217.69900512695312,217.70199584960938,217.6649932861328,217.67599487304688
1785333540,217.6750030517578,217.69200134277344,217.656005859375,217.68800354003906
1785333600,217.69000244140625,217.6999969482422,217.677001953125,217.69200134277344
1785333660,217.6929931640625,217.72000122070312,217.68699645996094,217.71800231933594
1785333720,217.71400451660156,217.72000122070312,217.6929931640625,217.69900512695312
1785333780,217.69900512695312,217.72900390625,217.69700622558594,217.72300720214844
1785333840,217.72300720214844,217.72900390625,217.71099853515625,217.72000122070312
1785333900,217.7220001220703,217.72999572753906,217.71299743652344,217.7209930419922
1785333960,217.7209930419922,217.72500610351562,217.69700622558594,217.70399475097656
1785334020,217.70399475097656,217.70899963378906,217.6649932861328,217.6699981689453
1785334080,217.66900634765625,217.6999969482422,217.66900634765625,217.6929931640625
1785334140,217.6929931640625,217.7010040283203,217.6790008544922,217.6820068359375
1785334200,217.68099975585938,217.7030029296875,217.67300415039062,217.68800354003906
1785334260,217.6929931640625,217.6999969482422,217.66700744628906,217.6999969482422
1785334320,217.69400024414062,217.70899963378906,217.67999267578125,217.6929931640625
1785334380,217.6929931640625,217.7010040283203,217.67999267578125,217.68600463867188
1785334440,217.68600463867188,217.69400024414062,217.6719970703125,217.68800354003906
1785334500,217.67999267578125,217.7010040283203,217.63900756835938,217.6580047607422
1785334560,217.65199279785156,217.66900634765625,217.63999938964844,217.6649932861328
1785334620,217.66200256347656,217.6790008544922,217.6529998779297,217.6649932861328
1785334680,217.66299438476562,217.6909942626953,217.66099548339844,217.6739959716797
1785334740,217.67300415039062,217.6840057373047,217.6540069580078,217.66799926757812
1785334800,217.66799926757812,217.67599487304688,217.6580047607422,217.6649932861328
1785334860,217.66799926757812,217.6739959716797,217.6580047607422,217.66799926757812
1785334920,217.66799926757812,217.68299865722656,217.66799926757812,217.67799377441406
1785334980,217.67799377441406,217.74099731445312,217.67599487304688,217.7310028076172
1785335040,217.7310028076172,217.75,217.7270050048828,217.74400329589844
1785335100,217.7429962158203,217.7519989013672,217.7270050048828,217.7310028076172
1785335160,217.72999572753906,217.7449951171875,217.71299743652344,217.71600341796875
1785335220,217.71600341796875,217.7429962158203,217.71600341796875,217.73800659179688
1785335280,217.73699951171875,217.76199340820312,217.73699951171875,217.74899291992188
1785335340,217.75100708007812,217.77099609375,217.7469940185547,217.75799560546875
1785335400,217.76100158691406,217.781005859375,217.73899841308594,217.7740020751953
1785335460,217.7790069580078,217.78700256347656,217.75900268554688,217.7779998779297
1785335520,217.7760009765625,217.78599548339844,217.7729949951172,217.7830047607422
1785335580,217.7790069580078,217.79100036621094,217.7760009765625,217.78700256347656
1785335640,217.78399658203125,217.8090057373047,217.7779998779297,217.8040008544922
1785335700,217.8040008544922,217.82400512695312,217.7989959716797,217.81399536132812
1785335760,217.81399536132812,217.8419952392578,217.81399536132812,217.82200622558594
1785335820,217.82200622558594,217.86399841308594,217.81900024414062,217.85899353027344
1785335880,217.85699462890625,217.8820037841797,217.8489990234375,217.8769989013672
1785335940,217.8769989013672,217.88999938964844,217.86399841308594,217.86900329589844
1785336000,217.86500549316406,217.88299560546875,217.86500549316406,217.8780059814453
1785336060,217.87600708007812,217.9080047607422,217.875,217.89999389648438
1785336120,217.89500427246094,217.9029998779297,217.86500549316406,217.8699951171875
1785336180,217.8679962158203,217.87600708007812,217.8040008544922,217.8280029296875
1785336240,217.82699584960938,217.86500549316406,217.82400512695312,217.85800170898438
1785336300,217.85800170898438,217.86599731445312,217.83599853515625,217.85499572753906
1785336360,217.85299682617188,217.8820037841797,217.84100341796875,217.85400390625
1785336420,217.85499572753906,217.86199951171875,217.79400634765625,217.79800415039062
1785336480,217.80499267578125,217.82000732421875,217.781005859375,217.7989959716797
1785336540,217.7989959716797,217.81100463867188,217.781005859375,217.78199768066406
1785336600,217.78700256347656,217.8000030517578,217.70899963378906,217.71299743652344
1785336660,217.72000122070312,217.74000549316406,217.67100524902344,217.68699645996094
1785336720,217.68699645996094,217.69200134277344,217.61300659179688,217.64999389648438
1785336780,217.64500427246094,217.68499755859375,217.63800048828125,217.66700744628906
1785336840,217.66700744628906,217.72900390625,217.6510009765625,217.72000122070312
1785336900,217.72000122070312,217.75999450683594,217.70199584960938,217.7530059814453
1785336960,217.7550048828125,217.75999450683594,217.72999572753906,217.75599670410156
1785337020,217.74899291992188,217.80299377441406,217.72999572753906,217.77999877929688
1785337080,217.78199768066406,217.8090057373047,217.7469940185547,217.77000427246094
1785337140,217.7740020751953,217.7740020751953,217.74000549316406,217.75
1785337200,217.75,217.76800537109375,217.7259979248047,217.7310028076172
1785337260,217.7259979248047,217.73399353027344,217.69700622558594,217.7100067138672
1785337320,217.70799255371094,217.73500061035156,217.7030029296875,217.7100067138672
1785337380,217.71200561523438,217.7169952392578,217.69500732421875,217.70700073242188
1785337440,217.70700073242188,217.71800231933594,217.68699645996094,217.69900512695312
1785337500,217.6929931640625,217.71299743652344,217.6929931640625,217.70199584960938
1785337560,217.70700073242188,217.7519989013672,217.70199584960938,217.7469940185547
1785337620,217.74200439453125,217.74899291992188,217.71800231933594,217.74099731445312
1785337680,217.74099731445312,217.76100158691406,217.73399353027344,217.7570037841797
1785337740,217.7570037841797,217.78399658203125,217.7570037841797,217.7830047607422
1785337800,217.7790069580078,217.78599548339844,217.75,217.76300048828125
1785337860,217.76300048828125,217.7689971923828,217.72300720214844,217.74099731445312
1785337920,217.73599243164062,217.74400329589844,217.7209930419922,217.7270050048828
1785337980,217.72500610351562,217.73199462890625,217.70199584960938,217.71200561523438
1785338040,217.70700073242188,217.7469940185547,217.66200256347656,217.7310028076172
1785338100,217.73500061035156,217.77200317382812,217.73300170898438,217.76800537109375
1785338160,217.76400756835938,217.77999877929688,217.7550048828125,217.75599670410156
1785338220,217.75799560546875,217.76199340820312,217.7429962158203,217.75799560546875
1785338280,217.75799560546875,217.76100158691406,217.72500610351562,217.7259979248047
1785338340,217.7259979248047,217.73300170898438,217.68899536132812,217.69000244140625
1785338400,217.6959991455078,217.71400451660156,217.67599487304688,217.70700073242188
1785338460,217.70199584960938,217.71200561523438,217.68099975585938,217.6840057373047
1785338520,217.6840057373047,217.7010040283203,217.66700744628906,217.68499755859375
1785338580,217.68499755859375,217.7169952392578,217.68499755859375,217.70899963378906
1785338640,217.71099853515625,217.71600341796875,217.6959991455078,217.71099853515625
1785338700,217.70700073242188,217.71800231933594,217.67599487304688,217.6790008544922
1785338760,217.6790008544922,217.68600463867188,217.65699768066406,217.6580047607422
1785338820,217.66299438476562,217.6699981689453,217.62899780273438,217.62899780273438
1785338880,217.62899780273438,217.66900634765625,217.62899780273438,217.66799926757812
1785338940,217.66099548339844,217.677001953125,217.65699768066406,217.66799926757812
1785339000,217.66799926757812,217.6820068359375,217.656005859375,217.66600036621094
1785339060,217.65899658203125,217.6909942626953,217.6540069580078,217.6909942626953
1785339120,217.69000244140625,217.7010040283203,217.677001953125,217.69400024414062
1785339180,217.697998046875,217.71600341796875,217.6909942626953,217.71600341796875
1785339240,217.71099853515625,217.718994140625,217.68299865722656,217.70599365234375
1785339300,217.7010040283203,217.71800231933594,217.69500732421875,217.697998046875
1785339360,217.6999969482422,217.7259979248047,217.6999969482422,217.72500610351562
1785339420,217.72500610351562,217.75100708007812,217.71299743652344,217.73800659179688
1785339480,217.73800659179688,217.74899291992188,217.72300720214844,217.7310028076172
1785339540,217.7270050048828,217.73300170898438,217.68899536132812,217.6929931640625
1785339600,217.69400024414062,217.71200561523438,217.67999267578125,217.68699645996094
1785339660,217.68699645996094,217.6999969482422,217.6820068359375,217.68699645996094
1785339720,217.6909942626953,217.70199584960938,217.68600463867188,217.7010040283203
1785339780,217.70199584960938,217.71499633789062,217.6959991455078,217.70599365234375
1785339840,217.71099853515625,217.72999572753906,217.7030029296875,217.72900390625
1785339900,217.7239990234375,217.73399353027344,217.7169952392578,217.7310028076172
1785339960,217.72999572753906,217.7310028076172,217.7050018310547,217.7209930419922
1785340020,217.7220001220703,217.74099731445312,217.71200561523438,217.72300720214844
1785340080,217.7209930419922,217.72900390625,217.6959991455078,217.7050018310547
1785340140,217.7050018310547,217.73599243164062,217.69700622558594,217.7310028076172
1785340200,217.73399353027344,217.75100708007812,217.7259979248047,217.74400329589844
1785340260,217.74400329589844,217.75,217.71600341796875,217.71800231933594
1785340320,217.72000122070312,217.73300170898438,217.71099853515625,217.72500610351562
1785340380,217.7259979248047,217.73699951171875,217.7209930419922,217.72999572753906
1785340440,217.72999572753906,217.74000549316406,217.72000122070312,217.7259979248047
1785340500,217.7259979248047,217.73899841308594,217.7169952392578,217.72999572753906
1785340560,217.72999572753906,217.73800659179688,217.71400451660156,217.7169952392578
1785340620,217.71200561523438,217.71800231933594,217.6840057373047,217.69700622558594
1785340680,217.6959991455078,217.718994140625,217.6959991455078,217.7100067138672
1785340740,217.70899963378906,217.73399353027344,217.6999969482422,217.70799255371094
1785340800,217.70700073242188,217.7239990234375,217.7010040283203,217.71800231933594
1785340860,217.71800231933594,217.7209930419922,217.69700622558594,217.70899963378906
1785340920,217.7100067138672,217.7169952392578,217.6959991455078,217.70599365234375
1785340980,217.70899963378906,217.71499633789062,217.70399475097656,217.7050018310547
1785341040,217.7100067138672,217.71800231933594,217.69500732421875,217.69700622558594
1785341100,217.6959991455078,217.70700073242188,217.67599487304688,217.67599487304688
1785341160,217.67799377441406,217.68800354003906,217.6719970703125,217.68299865722656
1785341220,217.68299865722656,217.71099853515625,217.67599487304688,217.70599365234375
1785341280,217.70599365234375,217.73899841308594,217.697998046875,217.73800659179688
1785341340,217.73199462890625,217.75999450683594,217.7239990234375,217.75100708007812
1785341400,217.7469940185547,217.75,217.7209930419922,217.7220001220703
1785341460,217.71299743652344,217.718994140625,217.69700622558594,217.71400451660156
1785341520,217.70799255371094,217.71499633789062,217.66799926757812,217.6739959716797
1785341580,217.66900634765625,217.6929931640625,217.6649932861328,217.6699981689453
1785341640,217.67100524902344,217.677001953125,217.6580047607422,217.6580047607422
1785341700,217.66000366210938,217.6699981689453,217.64500427246094,217.66299438476562
1785341760,217.66700744628906,217.67999267578125,217.6580047607422,217.6790008544922
1785341820,217.67799377441406,217.6840057373047,217.66700744628906,217.6790008544922
1785341880,217.67999267578125,217.6929931640625,217.6739959716797,217.69200134277344
1785341940,217.68899536132812,217.69400024414062,217.67599487304688,217.68600463867188
1785342000,217.68699645996094,217.69700622558594,217.67999267578125,217.68099975585938
1785342060,217.68099975585938,217.69000244140625,217.6739959716797,217.6820068359375
1785342120,217.67999267578125,217.68699645996094,217.67100524902344,217.6750030517578
1785342180,217.67100524902344,217.697998046875,217.6699981689453,217.68699645996094
1785342240,217.69400024414062,217.7100067138672,217.68699645996094,217.70199584960938
1785342300,217.7050018310547,217.72000122070312,217.70199584960938,217.71099853515625
1785342360,217.70599365234375,217.718994140625,217.7030029296875,217.7100067138672
1785342420,217.71099853515625,217.72799682617188,217.70199584960938,217.7100067138672
1785342480,217.7100067138672,217.7239990234375,217.70899963378906,217.71600341796875
1785342540,217.71800231933594,217.7220001220703,217.70700073242188,217.7100067138672
1785342600,217.7050018310547,217.71200561523438,217.67799377441406,217.68899536132812
1785342660,217.68499755859375,217.68800354003906,217.66700744628906,217.67799377441406
1785342720,217.67599487304688,217.6790008544922,217.6490020751953,217.66000366210938
1785342780,217.6580047607422,217.67599487304688,217.656005859375,217.66400146484375
1785342840,217.66299438476562,217.68600463867188,217.66099548339844,217.6739959716797
1785342900,217.6750030517578,217.68299865722656,217.66400146484375,217.677001953125
1785342960,217.67300415039062,217.68099975585938,217.66200256347656,217.6719970703125
1785343020,217.6719970703125,217.6719970703125,217.66000366210938,217.66600036621094
1785343080,217.66299438476562,217.67100524902344,217.64300537109375,217.66000366210938
1785343140,217.65699768066406,217.66600036621094,217.6479949951172,217.656005859375
1785343200,217.6510009765625,217.6750030517578,217.64999389648438,217.6739959716797
1785343260,217.67100524902344,217.6750030517578,217.65699768066406,217.66400146484375
1785343320,217.65899658203125,217.66900634765625,217.6529998779297,217.66099548339844
1785343380,217.6649932861328,217.66700744628906,217.6540069580078,217.66200256347656
1785343440,217.65499877929688,217.67100524902344,217.65499877929688,217.67100524902344
1785343500,217.6649932861328,217.67100524902344,217.65899658203125,217.66700744628906
1785343560,217.66700744628906,217.67799377441406,217.6649932861328,217.67300415039062
1785343620,217.67300415039062,217.68899536132812,217.6719970703125,217.6739959716797
1785343680,217.6739959716797,217.68699645996094,217.66799926757812,217.68499755859375
1785343740,217.68499755859375,217.6959991455078,217.67999267578125,217.69500732421875
1785343800,217.69200134277344,217.7050018310547,217.68899536132812,217.69700622558594
1785343860,217.69700622558594,217.70799255371094,217.69500732421875,217.70399475097656
1785343920,217.70399475097656,217.7449951171875,217.70399475097656,217.74099731445312
1785343980,217.74099731445312,217.7570037841797,217.74099731445312,217.7469940185547
1785344040,217.7469940185547,217.75799560546875,217.73599243164062,217.74099731445312
1785344100,217.74099731445312,217.76199340820312,217.73599243164062,217.75799560546875
1785344160,217.7570037841797,217.76400756835938,217.7530059814453,217.75799560546875
1785344220,217.75799560546875,217.78199768066406,217.75100708007812,217.7740020751953
1785344280,217.7740020751953,217.78900146484375,217.76800537109375,217.7779998779297
1785344340,217.77699279785156,217.78900146484375,217.7760009765625,217.78599548339844
1785344400,217.78599548339844,217.80099487304688,217.77999877929688,217.7969970703125
1785344460,217.7969970703125,217.80299377441406,217.78199768066406,217.78599548339844
1785344520,217.78599548339844,217.7989959716797,217.77099609375,217.77099609375
1785344580,217.77999877929688,217.7989959716797,217.77099609375,217.79299926757812
1785344640,217.78799438476562,217.81399536132812,217.78700256347656,217.80599975585938
1785344700,217.80299377441406,217.80799865722656,217.78900146484375,217.79100036621094
1785344760,217.79100036621094,217.82200622558594,217.78700256347656,217.8209991455078
1785344820,217.8179931640625,217.85299682617188,217.8159942626953,217.843994140625
1785344880,217.84500122070312,217.8679962158203,217.83099365234375,217.85299682617188
1785344940,217.85499572753906,217.86199951171875,217.84100341796875,217.85299682617188
1785345000,217.84800720214844,217.85499572753906,217.83200073242188,217.83700561523438
1785345060,217.8350067138672,217.83999633789062,217.82400512695312,217.83599853515625
1785345120,217.8280029296875,217.86300659179688,217.8280029296875,217.85699462890625
1785345180,217.85400390625,217.85899353027344,217.82400512695312,217.8300018310547
1785345240,217.83099365234375,217.8419952392578,217.8209991455078,217.8260040283203
1785345300,217.8260040283203,217.8350067138672,217.82000732421875,217.83200073242188
1785345360,217.82899475097656,217.83700561523438,217.8159942626953,217.82400512695312
1785345420,217.822998046875,217.8419952392578,217.8159942626953,217.83700561523438
1785345480,217.83700561523438,217.8699951171875,217.83700561523438,217.85400390625
1785345540,217.85800170898438,217.86000061035156,217.8300018310547,217.83999633789062
1785345600,217.843994140625,217.8489990234375,217.83099365234375,217.8489990234375
1785345660,217.843994140625,217.85899353027344,217.83999633789062,217.85899353027344
1785345720,217.8560028076172,217.8730010986328,217.8520050048828,217.8719940185547
1785345780,217.86900329589844,217.88499450683594,217.86199951171875,217.8820037841797
1785345840,217.88299560546875,217.88600158691406,217.86099243164062,217.8699951171875
1785345900,217.86199951171875,217.8800048828125,217.85899353027344,217.86900329589844
1785345960,217.86500549316406,217.88099670410156,217.86099243164062,217.86900329589844
1785346020,217.86900329589844,217.88400268554688,217.86900329589844,217.875
1785346080,217.8800048828125,217.88099670410156,217.8459930419922,217.8509979248047
1785346140,217.8520050048828,217.87899780273438,217.83900451660156,217.87100219726562
1785346200,217.87399291992188,217.8769989013672,217.85899353027344,217.86500549316406
1785346260,217.86500549316406,217.88900756835938,217.86500549316406,217.88499450683594
1785346320,217.88400268554688,217.91799926757812,217.8780059814453,217.91299438476562
1785346380,217.91299438476562,217.9290008544922,217.90699768066406,217.9239959716797
1785346440,217.9239959716797,217.947998046875,217.9219970703125,217.9320068359375
1785346500,217.9320068359375,217.9459991455078,217.92100524902344,217.9290008544922
1785346560,217.91900634765625,217.9290008544922,217.90699768066406,217.91299438476562
1785346620,217.90699768066406,217.93299865722656,217.90699768066406,217.9239959716797
1785346680,217.9250030517578,217.9290008544922,217.91200256347656,217.9239959716797
1785346740,217.9239959716797,217.92599487304688,217.91299438476562,217.9199981689453
1785346800,217.9250030517578,217.9530029296875,217.91900634765625,217.94200134277344
1785346860,217.9429931640625,217.9530029296875,217.94000244140625,217.9459991455078
1785346920,217.9459991455078,217.9709930419922,217.9459991455078,217.96499633789062
1785346980,217.96200561523438,217.968994140625,217.9429931640625,217.95799255371094
1785347040,217.95399475097656,217.95799255371094,217.93499755859375,217.94000244140625
1785347100,217.93800354003906,217.95599365234375,217.92300415039062,217.9290008544922
1785347160,217.92599487304688,217.93299865722656,217.88699340820312,217.88999938964844
1785347220,217.88999938964844,217.91799926757812,217.88800048828125,217.91400146484375
1785347280,217.90899658203125,217.94000244140625,217.906005859375,217.93499755859375
1785347340,217.93899536132812,217.96299743652344,217.92999267578125,217.95599365234375
1785347400,217.9510040283203,217.9530029296875,217.90499877929688,217.906005859375
1785347460,217.9080047607422,217.91299438476562,217.88900756835938,217.89100646972656
1785347520,217.89100646972656,217.9219970703125,217.89100646972656,217.90199279785156
1785347580,217.90899658203125,217.9219970703125,217.89700317382812,217.9029998779297
1785347640,217.8990020751953,217.91600036621094,217.88299560546875,217.89100646972656
1785347700,217.88499450683594,217.89100646972656,217.85400390625,217.86000061035156
1785347760,217.86099243164062,217.86199951171875,217.83999633789062,217.84300231933594
1785347820,217.8419952392578,217.86199951171875,217.8350067138672,217.8520050048828
1785347880,217.8520050048828,217.85699462890625,217.8040008544922,217.81500244140625
1785347940,217.8350067138672,217.86300659179688,217.7729949951172,217.8249969482422
1785348000,217.80599975585938,218.08399963378906,217.66000366210938,218.02200317382812
1785348060,218.03700256347656,218.197998046875,217.99400329589844,218.13400268554688
1785348120,218.14100646972656,218.14700317382812,218.01499938964844,218.03700256347656
1785348180,218.0469970703125,218.0709991455078,217.95399475097656,218.00799560546875
1785348240,218.02000427246094,218.052001953125,217.88099670410156,218.0240020751953
1785348300,218.0229949951172,218.0570068359375,218.0030059814453,218.05099487304688
1785348360,218.05099487304688,218.1020050048828,218.0489959716797,218.0540008544922
1785348420,218.05299377441406,218.07400512695312,218.0260009765625,218.06300354003906
1785348480,218.06500244140625,218.0749969482422,218.04299926757812,218.052001953125
1785348540,218.052001953125,218.05299377441406,218.00399780273438,218.031005859375
1785348600,218.02999877929688,218.0760040283203,217.9929962158203,217.99899291992188
1785348660,217.99400329589844,218.08200073242188,217.98399353027344,218.0590057373047
1785348720,218.0659942626953,218.07200622558594,218.02499389648438,218.04600524902344
1785348780,218.0500030517578,218.09100341796875,218.04299926757812,218.08599853515625
1785348840,218.09100341796875,218.1020050048828,218.06300354003906,218.0780029296875
1785348900,218.0760040283203,218.093994140625,218.0489959716797,218.06500244140625
1785348960,218.06500244140625,218.09100341796875,218.04400634765625,218.05299377441406
1785349020,218.06100463867188,218.06100463867188,218.02200317382812,218.05099487304688
1785349080,218.0500030517578,218.06100463867188,218.031005859375,218.05099487304688
1785349140,218.0489959716797,218.06199645996094,218.01800537109375,218.02499389648438
1785349200,218.03199768066406,218.03399658203125,217.98800659179688,218.00999450683594
1785349260,218.00999450683594,218.0229949951172,217.98300170898438,218.00900268554688
1785349320,218.00900268554688,218.0260009765625,217.99600219726562,218.01499938964844
1785349380,218.01400756835938,218.0229949951172,217.99899291992188,218.00900268554688
1785349440,218.01100158691406,218.02699279785156,218.0,218.0
1785349500,218.00399780273438,218.02200317382812,217.968994140625,217.9810028076172
1785349560,217.98300170898438,217.9929962158203,217.9510040283203,217.98199462890625
1785349620,217.98199462890625,218.0070037841797,217.9510040283203,217.9949951171875
1785349680,217.99400329589844,218.0240020751953,217.98399353027344,218.0189971923828
1785349740,218.01499938964844,218.02699279785156,217.99200439453125,218.01600646972656
1785349800,218.01600646972656,218.04400634765625,217.9759979248047,217.98899841308594
1785349860,218.00399780273438,218.00900268554688,217.875,217.91700744628906
1785349920,217.91200256347656,217.93899536132812,217.80499267578125,217.9199981689453
1785349980,217.9149932861328,217.947998046875,217.86099243164062,217.9290008544922
1785350040,217.9029998779297,217.96200561523438,217.9029998779297,217.94700622558594
1785350100,217.9510040283203,217.95599365234375,217.906005859375,217.93299865722656
1785350160,217.93299865722656,218.0,217.9239959716797,217.97900390625
1785350220,217.9929962158203,218.03399658203125,217.96800231933594,218.01100158691406
1785350280,218.01199340820312,218.05499267578125,217.9929962158203,218.02499389648438
1785350340,218.02000427246094,218.06300354003906,218.0050048828125,218.01600646972656
1785350400,218.01400756835938,218.0800018310547,218.00999450683594,218.0679931640625
1785350460,218.0679931640625,218.09800720214844,218.0489959716797,218.0540008544922
1785350520,218.0540008544922,218.10000610351562,218.02200317382812,218.09300231933594
1785350580,218.08599853515625,218.14300537109375,218.07400512695312,218.11300659179688
1785350640,218.13699340820312,218.16000366210938,218.11199951171875,218.1479949951172
1785350700,218.14999389648438,218.16000366210938,218.11700439453125,218.14300537109375
1785350760,218.13800048828125,218.16099548339844,218.13299560546875,218.1439971923828
1785350820,218.1439971923828,218.2010040283203,218.1439971923828,218.18899536132812
1785350880,218.17599487304688,218.2259979248047,218.16600036621094,218.18600463867188
1785350940,218.1750030517578,218.23199462890625,218.1750030517578,218.2169952392578
1785351000,218.22000122070312,218.23699951171875,218.16000366210938,218.20700073242188
1785351060,218.20700073242188,218.2259979248047,218.17999267578125,218.2220001220703
1785351120,218.21499633789062,218.24200439453125,218.21099853515625,218.2259979248047
1785351180,218.2239990234375,218.2530059814453,218.2239990234375,218.23800659179688
1785351240,218.2429962158203,218.25,218.2220001220703,218.24099731445312
1785351300,218.24400329589844,218.2449951171875,218.20899963378906,218.21499633789062
1785351360,218.21299743652344,218.2570037841797,218.21299743652344,218.25100708007812
1785351420,218.25100708007812,218.281005859375,218.23699951171875,218.27499389648438
1785351480,218.27499389648438,218.3209991455078,218.26100158691406,218.29200744628906
1785351540,218.29100036621094,218.2969970703125,218.26499938964844,218.2689971923828
1785351600,218.27200317382812,218.28599548339844,218.2310028076172,218.2480010986328
1785351660,218.2519989013672,218.2550048828125,218.2010040283203,218.2220001220703
1785351720,218.218994140625,218.24600219726562,218.1909942626953,218.24400329589844
1785351780,218.24400329589844,218.26300048828125,218.22999572753906,218.2530059814453
1785351840,218.24899291992188,218.26499938964844,218.2259979248047,218.25799560546875
1785351900,218.2519989013672,218.2760009765625,218.2469940185547,218.26300048828125
1785351960,218.26199340820312,218.28700256347656,218.25599670410156,218.2760009765625
1785352020,218.2740020751953,218.30999755859375,218.26100158691406,218.2989959716797
1785352080,218.30099487304688,218.30799865722656,218.2779998779297,218.302001953125
1785352140,218.30299377441406,218.3090057373047,218.2570037841797,218.281005859375
1785352200,218.28399658203125,218.3040008544922,218.27200317382812,218.2969970703125
1785352260,218.3040008544922,218.34100341796875,218.28599548339844,218.32699584960938
1785352320,218.3260040283203,218.35000610351562,218.30999755859375,218.33099365234375
1785352380,218.33599853515625,218.3820037841797,218.3300018310547,218.375
1785352440,218.3769989013672,218.41400146484375,218.36500549316406,218.41400146484375
1785352500,218.41400146484375,218.4739990234375,218.4010009765625,218.468994140625
1785352560,218.4720001220703,218.51600646972656,218.4600067138672,218.5070037841797
1785352620,218.51199340820312,218.53399658203125,218.4969940185547,218.50999450683594
1785352680,218.50599670410156,218.55599975585938,218.50399780273438,218.54299926757812
1785352740,218.53799438476562,218.54200744628906,218.46800231933594,218.48599243164062
1785352800,218.49200439453125,218.49400329589844,218.42599487304688,218.43499755859375
1785352860,218.4340057373047,218.4409942626953,218.3769989013672,218.406005859375
1785352920,218.4040069580078,218.4290008544922,218.375,218.4219970703125
1785352980,218.41799926757812,218.4250030517578,218.38800048828125,218.3939971923828
1785353040,218.3979949951172,218.41000366210938,218.3730010986328,218.38900756835938
1785353100,218.39700317382812,218.3990020751953,218.3489990234375,218.3730010986328
1785353160,218.36900329589844,218.375,218.35400390625,218.35800170898438
1785353220,218.35400390625,218.35699462890625,218.27200317382812,218.28900146484375
1785353280,218.27699279785156,218.28900146484375,218.25399780273438,218.2830047607422
1785353340,218.27499389648438,218.29299926757812,218.2469940185547,218.27099609375
1785353400,218.2779998779297,218.28399658203125,218.23399353027344,218.24600219726562
1785353460,218.23800659179688,218.30499267578125,218.2310028076172,218.30499267578125
1785353520,218.30299377441406,218.31199645996094,218.25599670410156,218.2830047607422
1785353580,218.2760009765625,218.29200744628906,218.2550048828125,218.26800537109375
1785353640,218.26499938964844,218.302001953125,218.2519989013672,218.29100036621094
1785353700,218.29100036621094,218.3090057373047,218.2740020751953,218.30499267578125
1785353760,218.29600524902344,218.33999633789062,218.29600524902344,218.33599853515625
1785353820,218.3419952392578,218.3459930419922,218.31500244140625,218.3419952392578
1785353880,218.3419952392578,218.3509979248047,218.27699279785156,218.2830047607422
1785353940,218.28399658203125,218.29299926757812,218.2519989013672,218.2519989013672
1785354000,218.25999450683594,218.27699279785156,218.23199462890625,218.2480010986328
1785354060,218.2449951171875,218.2729949951172,218.23199462890625,218.2480010986328
1785354120,218.2480010986328,218.29600524902344,218.2480010986328,218.29299926757812
1785354180,218.2989959716797,218.2989959716797,218.26100158691406,218.28199768066406
1785354240,218.27999877929688,218.28799438476562,218.25900268554688,218.27000427246094
1785354300,218.2740020751953,218.30799865722656,218.2689971923828,218.29600524902344
1785354360,218.2949981689453,218.32000732421875,218.28399658203125,218.2969970703125
1785354420,218.2969970703125,218.3070068359375,218.2689971923828,218.2740020751953
1785354480,218.2740020751953,218.3249969482422,218.2689971923828,218.31199645996094
1785354540,218.30799865722656,218.3209991455078,218.28599548339844,218.30999755859375
1785354600,218.3159942626953,218.3159942626953,218.27000427246094,218.29400634765625
1785354660,218.2949981689453,218.31700134277344,218.2740020751953,218.31300354003906
1785354720,218.3159942626953,218.3159942626953,218.2480010986328,218.26400756835938
1785354780,218.26499938964844,218.27000427246094,218.24200439453125,218.24400329589844
1785354840,218.24600219726562,218.26100158691406,218.2220001220703,218.23300170898438
1785354900,218.23300170898438,218.26199340820312,218.21800231933594,218.2270050048828
1785354960,218.22999572753906,218.24899291992188,218.21299743652344,218.2469940185547
1785355020,218.24200439453125,218.27999877929688,218.23899841308594,218.26499938964844
1785355080,218.26499938964844,218.2729949951172,218.2429962158203,218.2530059814453
1785355140,218.2530059814453,218.2570037841797,218.218994140625,218.22500610351562
1785355200,218.2239990234375,218.2480010986328,218.2209930419922,218.2449951171875
1785355260,218.2449951171875,218.25799560546875,218.2100067138672,218.23899841308594
1785355320,218.24200439453125,218.25999450683594,218.23399353027344,218.2519989013672
1785355380,218.2469940185547,218.2570037841797,218.23800659179688,218.23899841308594
1785355440,218.24099731445312,218.25,218.23399353027344,218.23800659179688
1785355500,218.23599243164062,218.25999450683594,218.22900390625,218.25
1785355560,218.24400329589844,218.26300048828125,218.21800231933594,218.2550048828125
1785355620,218.2550048828125,218.26600646972656,218.2429962158203,218.25799560546875
1785355680,218.2530059814453,218.26600646972656,218.23199462890625,218.23500061035156
1785355740,218.23500061035156,218.25,218.22000122070312,218.2270050048828
1785355800,218.22799682617188,218.23899841308594,218.20899963378906,218.2220001220703
1785355860,218.2220001220703,218.23300170898438,218.21099853515625,218.2310028076172
1785355920,218.2310028076172,218.2570037841797,218.22799682617188,218.2469940185547
1785355980,218.25,218.29400634765625,218.2480010986328,218.26400756835938
1785356040,218.26300048828125,218.2740020751953,218.2530059814453,218.25799560546875
1785356100,218.2570037841797,218.26800537109375,218.23800659179688,218.26300048828125
1785356160,218.26300048828125,218.26699829101562,218.22900390625,218.24899291992188
1785356220,218.2480010986328,218.2760009765625,218.2449951171875,218.26600646972656
1785356280,218.26100158691406,218.281005859375,218.25599670410156,218.26800537109375
1785356340,218.26800537109375,218.29299926757812,218.26400756835938,218.28199768066406
1785356400,218.28199768066406,218.30299377441406,218.2790069580078,218.28399658203125
1785356460,218.2899932861328,218.2989959716797,218.2779998779297,218.2989959716797
1785356520,218.29299926757812,218.3040008544922,218.28199768066406,218.29400634765625
1785356580,218.29600524902344,218.3000030517578,218.281005859375,218.28900146484375
1785356640,218.28500366210938,218.29200744628906,218.2779998779297,218.2830047607422
1785356700,218.28399658203125,218.3070068359375,218.2830047607422,218.3000030517578
1785356760,218.3000030517578,218.3040008544922,218.2790069580078,218.2830047607422
1785356820,218.28700256347656,218.28799438476562,218.26400756835938,218.26600646972656
1785356880,218.26600646972656,218.27499389648438,218.2519989013672,218.27099609375
1785356940,218.2689971923828,218.29299926757812,218.25799560546875,218.27200317382812
1785357000,218.27099609375,218.2740020751953,218.2480010986328,218.2519989013672
1785357060,218.25100708007812,218.2779998779297,218.24899291992188,218.26199340820312
1785357120,218.26199340820312,218.28199768066406,218.2570037841797,218.27699279785156
1785357180,218.27699279785156,218.29100036621094,218.27200317382812,218.2899932861328
1785357240,218.28799438476562,218.30999755859375,218.28199768066406,218.3000030517578
1785357300,218.30999755859375,218.3159942626953,218.2949981689453,218.302001953125
1785357360,218.302001953125,218.33299255371094,218.2969970703125,218.3249969482422
1785357420,218.3249969482422,218.34800720214844,218.31900024414062,218.34500122070312
1785357480,218.34100341796875,218.34800720214844,218.3179931640625,218.34100341796875
1785357540,218.34300231933594,218.35800170898438,218.33999633789062,218.34800720214844
1785357600,218.3520050048828,218.41700744628906,218.34800720214844,218.4029998779297
1785357660,218.4029998779297,218.43299865722656,218.39999389648438,218.41200256347656
1785357720,218.4290008544922,218.43099975585938,218.40899658203125,218.42300415039062
1785357780,218.4219970703125,218.43699645996094,218.4149932861328,218.43099975585938
1785357840,218.4239959716797,218.44000244140625,218.41099548339844,218.42799377441406
1785357900,218.427001953125,218.427001953125,218.38099670410156,218.4029998779297
1785357960,218.40899658203125,218.43699645996094,218.39500427246094,218.4080047607422
1785358020,218.4080047607422,218.427001953125,218.4040069580078,218.40699768066406
1785358080,218.41200256347656,218.43499755859375,218.39100646972656,218.41200256347656
1785358140,218.41200256347656,218.4340057373047,218.35699462890625,218.41299438476562
1785358200,218.40199279785156,218.4199981689453,218.35400390625,218.375
1785358260,218.40199279785156,218.44700622558594,218.35499572753906,218.43099975585938
1785358320,218.4290008544922,218.47300720214844,218.39300537109375,218.42799377441406
1785358380,218.42799377441406,218.4669952392578,218.38600158691406,218.43899536132812
1785358440,218.42599487304688,218.4510040283203,218.35899353027344,218.41700744628906
1785358500,218.406005859375,218.43800354003906,218.38999938964844,218.4029998779297
1785358560,218.4010009765625,218.45899963378906,218.3780059814453,218.45399475097656
1785358620,218.43299865722656,218.47799682617188,218.41000366210938,218.45199584960938
1785358680,218.4600067138672,218.50399780273438,218.3939971923828,218.4550018310547
1785358740,218.4550018310547,218.5469970703125,218.3520050048828,218.38600158691406
1785358800,218.38900756835938,218.51199340820312,218.26699829101562,218.26699829101562
1785358860,218.2779998779297,218.5050048828125,218.2779998779297,218.5050048828125
1785358920,218.30499267578125,218.34500122070312,218.3040008544922,218.33900451660156
1785358980,218.3489990234375,218.36700439453125,218.2100067138672,218.2100067138672
1785359040,218.35400390625,218.35400390625,218.33999633789062,218.33999633789062
1785359100,218.04200744628906,218.40899658203125,218.0330047607422,218.40899658203125
1785359160,218.08399963378906,218.36599731445312,218.08399963378906,218.30499267578125
1785359220,218.24000549316406,218.32699584960938,218.1320037841797,218.31900024414062
1785359280,218.3260040283203,218.3280029296875,218.30799865722656,218.30799865722656
1785359340,218.2469940185547,218.40199279785156,218.24000549316406,218.29600524902344
1785359400,218.28500366210938,218.38800048828125,218.19000244140625,218.3000030517578
1785359460,218.1909942626953,218.32000732421875,218.1909942626953,218.27200317382812
1785359520,218.2989959716797,218.427001953125,218.2779998779297,218.2779998779297
1785359580,218.29600524902344,218.38699340820312,218.22799682617188,218.24899291992188
1785359640,218.2530059814453,218.31399536132812,218.2209930419922,218.25900268554688
1785359700,218.2469940185547,218.37100219726562,218.2259979248047,218.28799438476562
1785359760,218.26400756835938,218.4239959716797,218.25799560546875,218.28199768066406
1785359820,218.281005859375,218.33200073242188,218.2469940185547,218.32400512695312
1785359880,218.25999450683594,218.4199981689453,218.25,218.2790069580078
1785359940,218.30099487304688,218.4219970703125,218.25799560546875,218.322998046875
1785360000,218.2740020751953,218.32400512695312,218.2469940185547,218.26800537109375
1785360060,218.27200317382812,218.41400146484375,218.2480010986328,218.30999755859375
1785360120,218.2969970703125,218.42599487304688,218.26499938964844,218.30599975585938
1785360180,218.30499267578125,218.33900451660156,218.28199768066406,218.29200744628906
1785360240,218.30099487304688,218.41700744628906,218.29299926757812,218.3000030517578
1785360300,218.3040008544922,218.41000366210938,218.26600646972656,218.27999877929688
1785360360,218.27200317382812,218.3280029296875,218.27000427246094,218.30099487304688
1785360420,218.2760009765625,218.406005859375,218.26800537109375,218.29100036621094
1785360480,218.2949981689453,218.41000366210938,218.28399658203125,218.31199645996094
1785360540,218.29200744628906,218.32400512695312,218.2790069580078,218.3159942626953
1785360600,218.29200744628906,218.40899658203125,218.28199768066406,218.30799865722656
1785360660,218.2989959716797,218.38600158691406,218.27099609375,218.29600524902344
1785360720,218.27499389648438,218.3470001220703,218.2729949951172,218.31399536132812
1785360780,218.31399536132812,218.3939971923828,218.2689971923828,218.3040008544922
1785360840,218.30299377441406,218.41900634765625,218.26600646972656,218.2689971923828
1785360900,218.2689971923828,218.3419952392578,218.23300170898438,218.24400329589844
1785360960,218.30499267578125,218.36900329589844,218.2449951171875,218.2570037841797
1785361020,218.3070068359375,218.40699768066406,218.2550048828125,218.26499938964844
1785361080,218.29299926757812,218.3249969482422,218.2469940185547,218.2469940185547
1785361140,218.24600219726562,218.3679962158203,218.24600219726562,218.24899291992188
1785361200,218.25999450683594,218.36300659179688,218.2429962158203,218.27000427246094
1785361260,218.27200317382812,218.32899475097656,218.24400329589844,218.28500366210938
1785361320,218.27999877929688,218.3679962158203,218.24899291992188,218.2760009765625
1785361380,218.34800720214844,218.40699768066406,218.2530059814453,218.3520050048828
1785361440,218.28500366210938,218.36700439453125,218.24899291992188,218.2969970703125
1785361500,218.3280029296875,218.42100524902344,218.2760009765625,218.2760009765625
1785361560,218.31199645996094,218.4429931640625,218.28599548339844,218.35499572753906
1785361620,218.35000610351562,218.35400390625,218.26300048828125,218.33099365234375
1785361680,218.27099609375,218.3459930419922,218.2530059814453,218.25900268554688
1785361740,218.25799560546875,218.36199951171875,218.2480010986328,218.33700561523438
1785361800,218.3000030517578,218.33900451660156,218.25100708007812,218.27499389648438
1785361860,218.2760009765625,218.35899353027344,218.25399780273438,218.33799743652344
1785361920,218.322998046875,218.38699340820312,218.25999450683594,218.33299255371094
1785361980,218.302001953125,218.33900451660156,218.25999450683594,218.2760009765625
1785362040,218.29800415039062,218.3780059814453,218.26400756835938,218.30299377441406
1785362100,218.29600524902344,218.3719940185547,218.25599670410156,218.3159942626953
1785362160,218.31100463867188,218.35400390625,218.26699829101562,218.3300018310547
1785362220,218.29600524902344,218.39700317382812,218.25900268554688,218.27099609375
1785362280,218.26699829101562,218.302001953125,218.22999572753906,218.23199462890625
1785362340,218.23199462890625,218.3350067138672,218.22000122070312,218.28799438476562
