symbol,von,bis,kontrakt,kerzen,geholt_am
NQ,1786658400,1786660200,NQU2026,1800,1786824274
NQ,1786660200,1786662000,NQU2026,1800,1786824275
NQ,1786662000,1786663800,NQU2026,1800,1786824275
NQ,1786663800,1786665600,NQU2026,1800,1786824275
NQ,1786665600,1786667400,NQU2026,1800,1786824276
NQ,1786667400,1786669200,NQU2026,1800,1786824277
NQ,1786669200,1786671000,NQU2026,1800,1786824277
NQ,1786671000,1786672800,NQU2026,1800,1786824278
NQ,1786672800,1786674600,NQU2026,1800,1786824278
NQ,1786674600,1786676400,NQU2026,1800,1786824279
NQ,1786676400,1786678200,NQU2026,1800,1786824279
NQ,1786678200,1786680000,NQU2026,1800,1786824279
NQ,1786680000,1786681800,NQU2026,1800,1786824280
NQ,1786681800,1786683600,NQU2026,1800,1786824280
NQ,1786683600,1786685400,NQU2026,1800,1786824281
NQ,1786685400,1786687200,NQU2026,1800,1786824281
NQ,1786687200,1786689000,NQU2026,1800,1786824282
NQ,1786689000,1786690800,NQU2026,1800,1786824282
NQ,1786690800,1786692600,NQU2026,1800,1786824283
NQ,1786692600,1786694400,NQU2026,1800,1786824283
NQ,1786694400,1786696200,NQU2026,1800,1786824284
NQ,1786696200,1786698000,NQU2026,1800,1786824285
NQ,1786698000,1786699800,NQU2026,1800,1786824285
NQ,1786699800,1786701600,NQU2026,1800,1786824285
NQ,1786701600,1786703400,NQU2026,1800,1786824286
NQ,1786703400,1786705200,NQU2026,1800,1786824286
NQ,1786705200,1786707000,NQU2026,1800,1786824287
NQ,1786707000,1786708800,NQU2026,1800,1786824287
NQ,1786708800,1786710600,NQU2026,1800,1786824288
NQ,1786710600,1786712400,NQU2026,1800,1786824288
NQ,1786712400,1786714200,NQU2026,1800,1786824289
NQ,1786714200,1786716000,NQU2026,1800,1786824289
NQ,1786716000,1786717800,NQU2026,1800,1786824290
NQ,1786717800,1786719600,NQU2026,1800,1786824291
NQ,1786719600,1786721400,NQU2026,1800,1786824291
NQ,1786721400,1786723200,NQU2026,1800,1786824291
NQ,1786723200,1786725000,NQU2026,1800,1786824292
NQ,1786725000,1786726800,NQU2026,1800,1786824293
NQ,1786726800,1786728600,NQU2026,1800,1786824293
NQ,1786728600,1786730400,NQU2026,1800,1786824293
NQ,1786730400,1786732200,NQU2026,1800,1786824294
NQ,1786732200,1786734000,NQU2026,1800,1786824295
NQ,1786734000,1786735800,NQU2026,1800,1786824295
NQ,1786735800,1786737600,NQU2026,1800,1786824295
NQ,1786737600,1786739400,NQU2026,1800,1786824296
NQ,1786739400,1786741200,NQU2026,1800,1786824297
NQ,1771196400,1771198200,NQH2026,1800,1786831400
NQ,1771198200,1771200000,NQH2026,1800,1786831400
NQ,1771200000,1771201800,NQH2026,1800,1786831402
NQ,1771201800,1771203600,NQH2026,1800,1786831403
NQ,1771203600,1771205400,NQH2026,1800,1786831405
NQ,1771205400,1771207200,NQH2026,1800,1786831406
NQ,1771207200,1771209000,NQH2026,1800,1786831408
NQ,1771209000,1771210800,NQH2026,1800,1786831409
NQ,1771210800,1771212600,NQH2026,1800,1786831411
NQ,1771212600,1771214400,NQH2026,1800,1786831412
NQ,1771214400,1771216200,NQH2026,1800,1786831414
NQ,1771216200,1771218000,NQH2026,1800,1786831415
NQ,1771218000,1771219800,NQH2026,1800,1786831417
NQ,1771219800,1771221600,NQH2026,1800,1786831418
NQ,1771221600,1771223400,NQH2026,1800,1786831420
NQ,1771223400,1771225200,NQH2026,1800,1786831421
NQ,1771225200,1771227000,NQH2026,1800,1786831423
NQ,1771227000,1771228800,NQH2026,1800,1786831424
NQ,1771228800,1771230600,NQH2026,1800,1786831426
NQ,1771230600,1771232400,NQH2026,1800,1786831427
NQ,1771232400,1771234200,NQH2026,1800,1786831429
NQ,1771234200,1771236000,NQH2026,1800,1786831430
NQ,1771236000,1771237800,NQH2026,1800,1786831432
NQ,1771237800,1771239600,NQH2026,1800,1786831433
NQ,1771239600,1771241400,NQH2026,1800,1786831435
NQ,1771241400,1771243200,NQH2026,1800,1786831436
NQ,1771243200,1771245000,NQH2026,1800,1786831438
NQ,1771245000,1771246800,NQH2026,1800,1786831439
NQ,1771246800,1771248600,NQH2026,1800,1786831441
NQ,1771248600,1771250400,NQH2026,1800,1786831442
NQ,1771250400,1771252200,NQH2026,1800,1786831444
NQ,1771252200,1771254000,NQH2026,1800,1786831445
NQ,1771254000,1771255800,NQH2026,1800,1786831447
NQ,1771255800,1771257600,NQH2026,1800,1786831448
NQ,1771257600,1771259400,NQH2026,1800,1786831450
NQ,1771259400,1771261200,NQH2026,1800,1786831451
NQ,1771261200,1771263000,NQH2026,1800,1786831453
NQ,1771263000,1771264800,NQH2026,1800,1786831454
NQ,1771264800,1771266600,NQH2026,1800,1786831456
NQ,1771266600,1771268400,NQH2026,1800,1786831457
NQ,1771268400,1771270200,NQH2026,1800,1786831459
NQ,1771270200,1771272000,NQH2026,1800,1786831460
NQ,1771272000,1771273800,NQH2026,1800,1786831462
NQ,1771273800,1771275600,NQH2026,1800,1786831463
NQ,1771275600,1771277400,NQH2026,1800,1786831465
NQ,1771277400,1771279200,NQH2026,1800,1786831466
ES,1771196400,1771198200,ESH2026,1800,1786831468
ES,1771198200,1771200000,ESH2026,1800,1786831469
ES,1771200000,1771201800,ESH2026,1800,1786831471
ES,1771201800,1771203600,ESH2026,1800,1786831472
ES,1771203600,1771205400,ESH2026,1800,1786831474
ES,1771205400,1771207200,ESH2026,1800,1786831475
ES,1771207200,1771209000,ESH2026,1800,1786831477
ES,1771209000,1771210800,ESH2026,1800,1786831478
ES,1771210800,1771212600,ESH2026,1800,1786831480
ES,1771212600,1771214400,ESH2026,1800,1786831481
ES,1771214400,1771216200,ESH2026,1800,1786831483
ES,1771216200,1771218000,ESH2026,1800,1786831484
ES,1771218000,1771219800,ESH2026,1800,1786831486
ES,1771219800,1771221600,ESH2026,1800,1786831487
ES,1771221600,1771223400,ESH2026,1800,1786832014
ES,1771223400,1771225200,ESH2026,1800,1786832015
ES,1771225200,1771227000,ESH2026,1800,1786832017
ES,1771227000,1771228800,ESH2026,1800,1786832018
ES,1771228800,1771230600,ESH2026,1800,1786832020
ES,1771230600,1771232400,ESH2026,1800,1786832021
ES,1771232400,1771234200,ESH2026,1800,1786832023
ES,1771234200,1771236000,ESH2026,1800,1786832024
ES,1771236000,1771237800,ESH2026,1800,1786832026
ES,1771237800,1771239600,ESH2026,1800,1786832027
ES,1771239600,1771241400,ESH2026,1800,1786832029
ES,1771241400,1771243200,ESH2026,1800,1786832030
ES,1771243200,1771245000,ESH2026,1800,1786832032
ES,1771245000,1771246800,ESH2026,1800,1786832033
ES,1771246800,1771248600,ESH2026,1800,1786832035
ES,1771248600,1771250400,ESH2026,1800,1786832036
ES,1771250400,1771252200,ESH2026,1800,1786832038
ES,1771252200,1771254000,ESH2026,1800,1786832039
ES,1771254000,1771255800,ESH2026,1800,1786832041
ES,1771255800,1771257600,ESH2026,1800,1786832042
ES,1771257600,1771259400,ESH2026,1800,1786832044
ES,1771259400,1771261200,ESH2026,1800,1786832045
ES,1771261200,1771263000,ESH2026,1800,1786832047
ES,1771263000,1771264800,ESH2026,1800,1786832048
ES,1771264800,1771266600,ESH2026,1800,1786832050
ES,1771266600,1771268400,ESH2026,1800,1786832051
ES,1771268400,1771270200,ESH2026,1800,1786832053
ES,1771270200,1771272000,ESH2026,1800,1786832054
ES,1771272000,1771273800,ESH2026,1800,1786832056
ES,1771273800,1771275600,ESH2026,1800,1786832057
ES,1771275600,1771277400,ESH2026,1800,1786832059
ES,1771277400,1771279200,ESH2026,1800,1786832060
NQ,1771282800,1771284600,NQH2026,1800,1786832062
NQ,1771284600,1771286400,NQH2026,1800,1786832063
NQ,1771286400,1771288200,NQH2026,1800,1786832065
NQ,1771288200,1771290000,NQH2026,1800,1786832066
NQ,1771290000,1771291800,NQH2026,1800,1786832068
NQ,1771291800,1771293600,NQH2026,1800,1786832069
NQ,1771293600,1771295400,NQH2026,1800,1786832071
NQ,1771295400,1771297200,NQH2026,1800,1786832072
NQ,1771297200,1771299000,NQH2026,1800,1786832074
NQ,1771299000,1771300800,NQH2026,1800,1786832075
NQ,1771300800,1771302600,NQH2026,1800,1786832077
NQ,1771302600,1771304400,NQH2026,1800,1786832078
NQ,1771304400,1771306200,NQH2026,1800,1786832080
NQ,1771306200,1771308000,NQH2026,1800,1786832081
NQ,1771308000,1771309800,NQH2026,1800,1786832083
NQ,1771309800,1771311600,NQH2026,1800,1786832084
NQ,1771311600,1771313400,NQH2026,1800,1786832086
NQ,1771313400,1771315200,NQH2026,1800,1786832087
NQ,1771315200,1771317000,NQH2026,1800,1786832089
NQ,1771317000,1771318800,NQH2026,1800,1786832090
NQ,1771318800,1771320600,NQH2026,1800,1786832092
NQ,1771320600,1771322400,NQH2026,1800,1786832093
NQ,1771322400,1771324200,NQH2026,1800,1786832095
NQ,1771324200,1771326000,NQH2026,1800,1786832096
NQ,1771326000,1771327800,NQH2026,1800,1786832098
NQ,1771327800,1771329600,NQH2026,1800,1786832099
NQ,1771329600,1771331400,NQH2026,1800,1786832101
NQ,1771331400,1771333200,NQH2026,1800,1786832598
NQ,1771333200,1771335000,NQH2026,1800,1786832629
NQ,1771335000,1771336800,NQH2026,1800,1786832630
NQ,1771336800,1771338600,NQH2026,1800,1786832632
NQ,1771338600,1771340400,NQH2026,1800,1786832634
NQ,1771340400,1771342200,NQH2026,1800,1786832635
NQ,1771342200,1771344000,NQH2026,1800,1786832637
NQ,1771344000,1771345800,NQH2026,1800,1786832638
NQ,1771345800,1771347600,NQH2026,1800,1786832640
NQ,1771347600,1771349400,NQH2026,1800,1786832641
NQ,1771349400,1771351200,NQH2026,1800,1786832643
NQ,1771351200,1771353000,NQH2026,1800,1786832644
NQ,1771353000,1771354800,NQH2026,1800,1786832646
NQ,1771354800,1771356600,NQH2026,1800,1786832647
NQ,1771356600,1771358400,NQH2026,1800,1786832649
NQ,1771358400,1771360200,NQH2026,1800,1786832650
NQ,1771360200,1771362000,NQH2026,1800,1786832652
NQ,1771362000,1771363800,NQH2026,1800,1786832653
NQ,1771363800,1771365600,NQH2026,1800,1786832654
ES,1771282800,1771284600,ESH2026,1800,1786832656
ES,1771284600,1771286400,ESH2026,1800,1786832657
ES,1771286400,1771288200,ESH2026,1800,1786832659
ES,1771288200,1771290000,ESH2026,1800,1786832660
ES,1771290000,1771291800,ESH2026,1800,1786832662
ES,1771291800,1771293600,ESH2026,1800,1786832663
ES,1771293600,1771295400,ESH2026,1800,1786832665
ES,1771295400,1771297200,ESH2026,1800,1786832666
ES,1771297200,1771299000,ESH2026,1800,1786832668
ES,1771299000,1771300800,ESH2026,1800,1786832669
ES,1771300800,1771302600,ESH2026,1800,1786832671
ES,1771302600,1771304400,ESH2026,1800,1786832672
ES,1771304400,1771306200,ESH2026,1800,1786832674
ES,1771306200,1771308000,ESH2026,1800,1786832675
ES,1771308000,1771309800,ESH2026,1800,1786832677
ES,1771309800,1771311600,ESH2026,1800,1786832678
ES,1771311600,1771313400,ESH2026,1800,1786832680
ES,1771313400,1771315200,ESH2026,1800,1786832681
ES,1771315200,1771317000,ESH2026,1800,1786832683
ES,1771317000,1771318800,ESH2026,1800,1786832684
ES,1771318800,1771320600,ESH2026,1800,1786832686
ES,1771320600,1771322400,ESH2026,1800,1786832687
ES,1771322400,1771324200,ESH2026,1800,1786832689
ES,1771324200,1771326000,ESH2026,1800,1786832690
ES,1771326000,1771327800,ESH2026,1800,1786832692
ES,1771327800,1771329600,ESH2026,1800,1786832693
ES,1771329600,1771331400,ESH2026,1800,1786832695
ES,1771331400,1771333200,ESH2026,1800,1786832696
ES,1771333200,1771335000,ESH2026,1800,1786832698
ES,1771335000,1771336800,ESH2026,1800,1786832699
ES,1771336800,1771338600,ESH2026,1800,1786832701
ES,1771338600,1771340400,ESH2026,1800,1786832703
ES,1771340400,1771342200,ESH2026,1800,1786832704
ES,1771342200,1771344000,ESH2026,1800,1786832706
ES,1771344000,1771345800,ESH2026,1800,1786832707
ES,1771345800,1771347600,ESH2026,1800,1786832709
ES,1771347600,1771349400,ESH2026,1800,1786832710
ES,1771349400,1771351200,ESH2026,1800,1786832711
ES,1771351200,1771353000,ESH2026,1800,1786832713
ES,1771353000,1771354800,ESH2026,1800,1786832714
ES,1771354800,1771356600,ESH2026,1800,1786833198
ES,1771356600,1771358400,ESH2026,1800,1786833214
ES,1771358400,1771360200,ESH2026,1800,1786833244
ES,1771360200,1771362000,ESH2026,1800,1786833246
ES,1771362000,1771363800,ESH2026,1800,1786833247
ES,1771363800,1771365600,ESH2026,1800,1786833249
NQ,1771369200,1771371000,NQH2026,1800,1786833250
NQ,1771371000,1771372800,NQH2026,1800,1786833252
NQ,1771372800,1771374600,NQH2026,1800,1786833253
NQ,1771374600,1771376400,NQH2026,1800,1786833255
NQ,1771376400,1771378200,NQH2026,1800,1786833256
NQ,1771378200,1771380000,NQH2026,1800,1786833258
NQ,1771380000,1771381800,NQH2026,1800,1786833259
NQ,1771381800,1771383600,NQH2026,1800,1786833261
NQ,1771383600,1771385400,NQH2026,1800,1786833262
NQ,1771385400,1771387200,NQH2026,1800,1786833264
NQ,1771387200,1771389000,NQH2026,1800,1786833265
NQ,1771389000,1771390800,NQH2026,1800,1786833267
NQ,1771390800,1771392600,NQH2026,1800,1786833268
NQ,1771392600,1771394400,NQH2026,1800,1786833270
NQ,1771394400,1771396200,NQH2026,1800,1786833271
NQ,1771396200,1771398000,NQH2026,1800,1786833273
NQ,1771398000,1771399800,NQH2026,1800,1786833274
NQ,1771399800,1771401600,NQH2026,1800,1786833276
NQ,1771401600,1771403400,NQH2026,1800,1786833277
NQ,1771403400,1771405200,NQH2026,1800,1786833279
NQ,1771405200,1771407000,NQH2026,1800,1786833280
NQ,1771407000,1771408800,NQH2026,1800,1786833282
NQ,1771408800,1771410600,NQH2026,1800,1786833283
NQ,1771410600,1771412400,NQH2026,1800,1786833285
NQ,1771412400,1771414200,NQH2026,1800,1786833286
NQ,1771414200,1771416000,NQH2026,1800,1786833288
NQ,1771416000,1771417800,NQH2026,1800,1786833289
NQ,1771417800,1771419600,NQH2026,1800,1786833291
NQ,1771419600,1771421400,NQH2026,1800,1786833292
NQ,1771421400,1771423200,NQH2026,1800,1786833294
NQ,1771423200,1771425000,NQH2026,1800,1786833295
NQ,1771425000,1771426800,NQH2026,1800,1786833297
NQ,1771426800,1771428600,NQH2026,1800,1786833298
NQ,1771428600,1771430400,NQH2026,1800,1786833300
NQ,1771430400,1771432200,NQH2026,1800,1786833301
NQ,1771432200,1771434000,NQH2026,1800,1786833303
NQ,1771434000,1771435800,NQH2026,1800,1786833304
NQ,1771435800,1771437600,NQH2026,1800,1786833306
NQ,1771437600,1771439400,NQH2026,1800,1786833307
NQ,1771439400,1771441200,NQH2026,1800,1786833309
NQ,1771441200,1771443000,NQH2026,1800,1786833310
NQ,1771443000,1771444800,NQH2026,1800,1786833312
NQ,1771444800,1771446600,NQH2026,1800,1786833313
NQ,1771446600,1771448400,NQH2026,1800,1786833315
NQ,1771448400,1771450200,NQH2026,1800,1786833316
NQ,1771450200,1771452000,NQH2026,1800,1786833318
ES,1771369200,1771371000,ESH2026,1800,1786833319
ES,1771371000,1771372800,ESH2026,1800,1786833321
ES,1771372800,1771374600,ESH2026,1800,1786833322
ES,1771374600,1771376400,ESH2026,1800,1786833324
ES,1771376400,1771378200,ESH2026,1800,1786833325
ES,1771378200,1771380000,ESH2026,1800,1786833327
ES,1771380000,1771381800,ESH2026,1800,1786833328
ES,1771381800,1771383600,ESH2026,1800,1786833798
ES,1771383600,1771385400,ESH2026,1800,1786833814
ES,1771385400,1771387200,ESH2026,1800,1786833829
ES,1771387200,1771389000,ESH2026,1800,1786833844
ES,1771389000,1771390800,ESH2026,1800,1786833846
ES,1771390800,1771392600,ESH2026,1800,1786833847
ES,1771392600,1771394400,ESH2026,1800,1786833849
ES,1771394400,1771396200,ESH2026,1800,1786833850
ES,1771396200,1771398000,ESH2026,1800,1786833852
ES,1771398000,1771399800,ESH2026,1800,1786833853
ES,1771399800,1771401600,ESH2026,1800,1786833855
ES,1771401600,1771403400,ESH2026,1800,1786833856
ES,1771403400,1771405200,ESH2026,1800,1786833858
ES,1771405200,1771407000,ESH2026,1800,1786833859
ES,1771407000,1771408800,ESH2026,1800,1786833861
ES,1771408800,1771410600,ESH2026,1800,1786833862
ES,1771410600,1771412400,ESH2026,1800,1786833864
ES,1771412400,1771414200,ESH2026,1800,1786833865
ES,1771414200,1771416000,ESH2026,1800,1786833867
ES,1771416000,1771417800,ESH2026,1800,1786833868
ES,1771417800,1771419600,ESH2026,1800,1786833870
ES,1771419600,1771421400,ESH2026,1800,1786833871
ES,1771421400,1771423200,ESH2026,1800,1786833873
ES,1771423200,1771425000,ESH2026,1800,1786833874
ES,1771425000,1771426800,ESH2026,1800,1786833876
ES,1771426800,1771428600,ESH2026,1800,1786833877
ES,1771428600,1771430400,ESH2026,1800,1786833879
ES,1771430400,1771432200,ESH2026,1800,1786833880
ES,1771432200,1771434000,ESH2026,1800,1786833882
ES,1771434000,1771435800,ESH2026,1800,1786833883
ES,1771435800,1771437600,ESH2026,1800,1786833885
ES,1771437600,1771439400,ESH2026,1800,1786833886
ES,1771439400,1771441200,ESH2026,1800,1786833888
ES,1771441200,1771443000,ESH2026,1800,1786833889
ES,1771443000,1771444800,ESH2026,1800,1786833891
ES,1771444800,1771446600,ESH2026,1800,1786833892
ES,1771446600,1771448400,ESH2026,1800,1786833894
ES,1771448400,1771450200,ESH2026,1800,1786833895
ES,1771450200,1771452000,ESH2026,1800,1786833897
NQ,1771455600,1771457400,NQH2026,1800,1786833898
NQ,1771457400,1771459200,NQH2026,1800,1786833900
NQ,1771459200,1771461000,NQH2026,1800,1786833901
NQ,1771461000,1771462800,NQH2026,1800,1786833903
NQ,1771462800,1771464600,NQH2026,1800,1786833904
NQ,1771464600,1771466400,NQH2026,1800,1786833906
NQ,1771466400,1771468200,NQH2026,1800,1786833907
NQ,1771468200,1771470000,NQH2026,1800,1786833909
NQ,1771470000,1771471800,NQH2026,1800,1786833910
NQ,1771471800,1771473600,NQH2026,1800,1786833912
NQ,1771473600,1771475400,NQH2026,1800,1786833913
NQ,1771475400,1771477200,NQH2026,1800,1786833915
NQ,1771477200,1771479000,NQH2026,1800,1786833916
NQ,1771479000,1771480800,NQH2026,1800,1786833918
NQ,1771480800,1771482600,NQH2026,1800,1786833919
NQ,1771482600,1771484400,NQH2026,1800,1786833921
NQ,1771484400,1771486200,NQH2026,1800,1786833922
NQ,1771486200,1771488000,NQH2026,1800,1786833924
NQ,1771488000,1771489800,NQH2026,1800,1786833925
NQ,1771489800,1771491600,NQH2026,1800,1786833927
NQ,1771491600,1771493400,NQH2026,1800,1786833928
NQ,1771493400,1771495200,NQH2026,1800,1786834399
NQ,1771495200,1771497000,NQH2026,1800,1786834414
NQ,1771497000,1771498800,NQH2026,1800,1786834429
NQ,1771498800,1771500600,NQH2026,1800,1786834444
NQ,1771500600,1771502400,NQH2026,1800,1786834446
NQ,1771502400,1771504200,NQH2026,1800,1786834447
NQ,1771504200,1771506000,NQH2026,1800,1786834449
NQ,1771506000,1771507800,NQH2026,1800,1786834450
NQ,1771507800,1771509600,NQH2026,1800,1786834452
NQ,1771509600,1771511400,NQH2026,1800,1786834453
NQ,1771511400,1771513200,NQH2026,1800,1786834455
NQ,1771513200,1771515000,NQH2026,1800,1786834456
NQ,1771515000,1771516800,NQH2026,1800,1786834458
NQ,1771516800,1771518600,NQH2026,1800,1786834459
NQ,1771518600,1771520400,NQH2026,1800,1786834461
NQ,1771520400,1771522200,NQH2026,1800,1786834462
NQ,1771522200,1771524000,NQH2026,1800,1786834464
NQ,1771524000,1771525800,NQH2026,1800,1786834465
NQ,1771525800,1771527600,NQH2026,1800,1786834467
NQ,1771527600,1771529400,NQH2026,1800,1786834468
NQ,1771529400,1771531200,NQH2026,1800,1786834470
NQ,1771531200,1771533000,NQH2026,1800,1786834471
NQ,1771533000,1771534800,NQH2026,1800,1786834473
NQ,1771534800,1771536600,NQH2026,1800,1786834474
NQ,1771536600,1771538400,NQH2026,1800,1786834476
NQ,1771542000,1771543800,NQH2026,1800,1786862450
NQ,1771543800,1771545600,NQH2026,1800,1786862451
NQ,1771545600,1771547400,NQH2026,1800,1786862453
NQ,1771547400,1771549200,NQH2026,1800,1786862454
NQ,1771549200,1771551000,NQH2026,1800,1786862456
NQ,1771551000,1771552800,NQH2026,1800,1786862458
NQ,1771552800,1771554600,NQH2026,1800,1786862459
NQ,1771554600,1771556400,NQH2026,1800,1786862460
NQ,1771556400,1771558200,NQH2026,1800,1786862462
NQ,1771558200,1771560000,NQH2026,1800,1786862463
NQ,1771560000,1771561800,NQH2026,1800,1786862465
NQ,1771561800,1771563600,NQH2026,1800,1786862466
NQ,1771563600,1771565400,NQH2026,1800,1786862468
NQ,1771565400,1771567200,NQH2026,1800,1786862469
NQ,1771567200,1771569000,NQH2026,1800,1786862471
NQ,1771569000,1771570800,NQH2026,1800,1786862472
NQ,1771570800,1771572600,NQH2026,1800,1786862474
NQ,1771572600,1771574400,NQH2026,1800,1786862475
NQ,1771574400,1771576200,NQH2026,1800,1786862477
NQ,1771576200,1771578000,NQH2026,1800,1786862478
NQ,1771578000,1771579800,NQH2026,1800,1786862480
NQ,1771579800,1771581600,NQH2026,1800,1786862481
NQ,1771581600,1771583400,NQH2026,1800,1786862483
NQ,1771583400,1771585200,NQH2026,1800,1786862484
NQ,1771585200,1771587000,NQH2026,1800,1786862486
NQ,1771587000,1771588800,NQH2026,1800,1786862487
NQ,1771588800,1771590600,NQH2026,1800,1786862489
NQ,1771590600,1771592400,NQH2026,1800,1786862490
NQ,1771592400,1771594200,NQH2026,1800,1786862492
NQ,1771594200,1771596000,NQH2026,1800,1786862493
NQ,1771596000,1771597800,NQH2026,1800,1786862495
NQ,1771597800,1771599600,NQH2026,1800,1786862496
NQ,1771599600,1771601400,NQH2026,1800,1786862498
NQ,1771601400,1771603200,NQH2026,1800,1786862499
NQ,1771603200,1771605000,NQH2026,1800,1786862501
NQ,1771605000,1771606800,NQH2026,1800,1786862502
NQ,1771606800,1771608600,NQH2026,1800,1786862504
NQ,1771608600,1771610400,NQH2026,1800,1786862505
NQ,1771610400,1771612200,NQH2026,1800,1786862507
NQ,1771612200,1771614000,NQH2026,1800,1786862508
NQ,1771614000,1771615800,NQH2026,1800,1786862510
NQ,1771615800,1771617600,NQH2026,1800,1786862511
NQ,1771617600,1771619400,NQH2026,1800,1786862513
NQ,1771619400,1771621200,NQH2026,1800,1786862514
NQ,1771621200,1771623000,NQH2026,1800,1786862516
NQ,1771623000,1771624800,NQH2026,1800,1786862517
ES,1771542000,1771543800,ESH2026,1800,1786862519
ES,1771543800,1771545600,ESH2026,1800,1786862520
ES,1771545600,1771547400,ESH2026,1800,1786862522
ES,1771547400,1771549200,ESH2026,1800,1786863048
ES,1771549200,1771551000,ESH2026,1800,1786863050
ES,1771551000,1771552800,ESH2026,1800,1786863051
ES,1771552800,1771554600,ESH2026,1800,1786863053
ES,1771554600,1771556400,ESH2026,1800,1786863054
ES,1771556400,1771558200,ESH2026,1800,1786863056
ES,1771558200,1771560000,ESH2026,1800,1786863057
ES,1771560000,1771561800,ESH2026,1800,1786863059
ES,1771561800,1771563600,ESH2026,1800,1786863060
ES,1771563600,1771565400,ESH2026,1800,1786863062
ES,1771565400,1771567200,ESH2026,1800,1786863063
ES,1771567200,1771569000,ESH2026,1800,1786863065
ES,1771569000,1771570800,ESH2026,1800,1786863066
ES,1771570800,1771572600,ESH2026,1800,1786863068
ES,1771572600,1771574400,ESH2026,1800,1786863069
ES,1771574400,1771576200,ESH2026,1800,1786863071
ES,1771576200,1771578000,ESH2026,1800,1786863072
ES,1771578000,1771579800,ESH2026,1800,1786863074
ES,1771579800,1771581600,ESH2026,1800,1786863075
ES,1771581600,1771583400,ESH2026,1800,1786863077
ES,1771583400,1771585200,ESH2026,1800,1786863078
ES,1771585200,1771587000,ESH2026,1800,1786863080
ES,1771587000,1771588800,ESH2026,1800,1786863081
ES,1771588800,1771590600,ESH2026,1800,1786863083
ES,1771590600,1771592400,ESH2026,1800,1786863084
ES,1771592400,1771594200,ESH2026,1800,1786863086
ES,1771594200,1771596000,ESH2026,1800,1786863087
ES,1771596000,1771597800,ESH2026,1800,1786863089
ES,1771597800,1771599600,ESH2026,1800,1786863090
ES,1771599600,1771601400,ESH2026,1800,1786863092
ES,1771601400,1771603200,ESH2026,1800,1786863093
ES,1771603200,1771605000,ESH2026,1800,1786863095
ES,1771605000,1771606800,ESH2026,1800,1786863096
ES,1771606800,1771608600,ESH2026,1800,1786863098
ES,1771608600,1771610400,ESH2026,1800,1786863099
ES,1771610400,1771612200,ESH2026,1800,1786863101
ES,1771612200,1771614000,ESH2026,1800,1786863102
ES,1771614000,1771615800,ESH2026,1800,1786863104
ES,1771615800,1771617600,ESH2026,1800,1786863105
ES,1771617600,1771619400,ESH2026,1800,1786863107
ES,1771619400,1771621200,ESH2026,1800,1786863108
ES,1771621200,1771623000,ESH2026,1800,1786863110
ES,1771623000,1771624800,ESH2026,1800,1786863111
NQ,1771801200,1771803000,NQH2026,1800,1786863113
NQ,1771803000,1771804800,NQH2026,1800,1786863114
NQ,1771804800,1771806600,NQH2026,1800,1786863116
NQ,1771806600,1771808400,NQH2026,1800,1786863117
NQ,1771808400,1771810200,NQH2026,1800,1786863119
NQ,1771810200,1771812000,NQH2026,1800,1786863120
NQ,1771812000,1771813800,NQH2026,1800,1786863122
NQ,1771813800,1771815600,NQH2026,1800,1786863123
NQ,1771815600,1771817400,NQH2026,1800,1786863125
NQ,1771817400,1771819200,NQH2026,1800,1786863126
NQ,1771819200,1771821000,NQH2026,1800,1786863128
NQ,1771821000,1771822800,NQH2026,1800,1786863129
NQ,1771822800,1771824600,NQH2026,1800,1786863131
NQ,1771824600,1771826400,NQH2026,1800,1786863132
NQ,1771826400,1771828200,NQH2026,1800,1786863134
NQ,1771828200,1771830000,NQH2026,1800,1786863135
NQ,1771830000,1771831800,NQH2026,1800,1786863633
NQ,1771831800,1771833600,NQH2026,1800,1786863663
NQ,1771833600,1771835400,NQH2026,1800,1786863665
NQ,1771835400,1771837200,NQH2026,1800,1786863666
NQ,1771837200,1771839000,NQH2026,1800,1786863668
NQ,1771839000,1771840800,NQH2026,1800,1786863669
NQ,1771840800,1771842600,NQH2026,1800,1786863671
NQ,1771842600,1771844400,NQH2026,1800,1786863672
NQ,1771844400,1771846200,NQH2026,1800,1786863674
NQ,1771846200,1771848000,NQH2026,1800,1786863675
NQ,1771848000,1771849800,NQH2026,1800,1786863677
NQ,1771849800,1771851600,NQH2026,1800,1786863678
NQ,1771851600,1771853400,NQH2026,1800,1786863680
NQ,1771853400,1771855200,NQH2026,1800,1786863681
NQ,1771855200,1771857000,NQH2026,1800,1786863683
NQ,1771857000,1771858800,NQH2026,1800,1786863684
NQ,1771858800,1771860600,NQH2026,1800,1786863686
NQ,1771860600,1771862400,NQH2026,1800,1786863688
NQ,1771862400,1771864200,NQH2026,1800,1786863689
NQ,1771864200,1771866000,NQH2026,1800,1786863691
NQ,1771866000,1771867800,NQH2026,1800,1786863692
NQ,1771867800,1771869600,NQH2026,1800,1786863694
NQ,1771869600,1771871400,NQH2026,1800,1786863695
NQ,1771871400,1771873200,NQH2026,1800,1786863698
NQ,1771873200,1771875000,NQH2026,1800,1786863698
NQ,1771875000,1771876800,NQH2026,1800,1786863700
NQ,1771876800,1771878600,NQH2026,1800,1786863701
NQ,1771878600,1771880400,NQH2026,1800,1786863703
NQ,1771880400,1771882200,NQH2026,1800,1786863704
NQ,1771882200,1771884000,NQH2026,1800,1786863706
NQ,1786572000,1786573800,NQU2026,1800,1786872642
NQ,1786573800,1786575600,NQU2026,1800,1786872643
NQ,1786575600,1786577400,NQU2026,1800,1786872645
NQ,1786577400,1786579200,NQU2026,1800,1786872646
NQ,1786579200,1786581000,NQU2026,1800,1786872648
NQ,1786581000,1786582800,NQU2026,1800,1786872649
NQ,1786582800,1786584600,NQU2026,1800,1786872651
NQ,1786584600,1786586400,NQU2026,1800,1786872652
NQ,1786586400,1786588200,NQU2026,1800,1786872654
NQ,1786588200,1786590000,NQU2026,1800,1786872655
NQ,1786590000,1786591800,NQU2026,1800,1786872657
NQ,1786591800,1786593600,NQU2026,1800,1786872659
NQ,1786593600,1786595400,NQU2026,1800,1786872660
NQ,1786595400,1786597200,NQU2026,1800,1786872661
NQ,1786597200,1786599000,NQU2026,1800,1786872663
NQ,1786599000,1786600800,NQU2026,1800,1786872664
NQ,1786600800,1786602600,NQU2026,1800,1786872666
NQ,1786602600,1786604400,NQU2026,1800,1786872667
NQ,1786604400,1786606200,NQU2026,1800,1786872669
NQ,1786606200,1786608000,NQU2026,1800,1786872670
NQ,1786608000,1786609800,NQU2026,1800,1786872672
NQ,1786609800,1786611600,NQU2026,1800,1786872673
NQ,1786611600,1786613400,NQU2026,1800,1786872675
NQ,1786613400,1786615200,NQU2026,1800,1786872676
NQ,1786615200,1786617000,NQU2026,1800,1786872678
NQ,1786617000,1786618800,NQU2026,1800,1786872679
NQ,1786618800,1786620600,NQU2026,1800,1786872681
NQ,1786620600,1786622400,NQU2026,1800,1786872682
NQ,1786622400,1786624200,NQU2026,1800,1786872684
NQ,1786624200,1786626000,NQU2026,1800,1786872685
NQ,1786626000,1786627800,NQU2026,1800,1786872687
NQ,1786627800,1786629600,NQU2026,1800,1786872689
NQ,1786629600,1786631400,NQU2026,1800,1786872690
NQ,1786631400,1786633200,NQU2026,1800,1786872692
NQ,1786633200,1786635000,NQU2026,1800,1786872693
NQ,1786635000,1786636800,NQU2026,1800,1786872695
NQ,1786636800,1786638600,NQU2026,1800,1786872696
NQ,1786638600,1786640400,NQU2026,1800,1786872698
NQ,1786640400,1786642200,NQU2026,1800,1786872699
NQ,1786642200,1786644000,NQU2026,1800,1786872701
NQ,1786644000,1786645800,NQU2026,1800,1786872702
NQ,1786645800,1786647600,NQU2026,1800,1786872704
NQ,1786647600,1786649400,NQU2026,1800,1786872705
NQ,1786649400,1786651200,NQU2026,1800,1786872707
NQ,1786651200,1786653000,NQU2026,1800,1786872708
NQ,1786653000,1786654800,NQU2026,1800,1786872709
ES,1771455600,1771457400,ESH2026,1800,1786874107
ES,1771457400,1771459200,ESH2026,1800,1786874116
ES,1771459200,1771461000,ESH2026,1800,1786874126
ES,1771461000,1771462800,ESH2026,1800,1786874136
ES,1771462800,1771464600,ESH2026,1800,1786874146
ES,1771464600,1771466400,ESH2026,1800,1786874156
ES,1771466400,1771468200,ESH2026,1800,1786874166
ES,1771468200,1771470000,ESH2026,1800,1786874176
ES,1771470000,1771471800,ESH2026,1800,1786874186
ES,1771471800,1771473600,ESH2026,1800,1786874196
ES,1771473600,1771475400,ESH2026,1800,1786874206
ES,1771475400,1771477200,ESH2026,1800,1786874216
ES,1771477200,1771479000,ESH2026,1800,1786874226
ES,1771479000,1771480800,ESH2026,1800,1786874236
ES,1771480800,1771482600,ESH2026,1800,1786874246
ES,1771482600,1771484400,ESH2026,1800,1786874256
ES,1771484400,1771486200,ESH2026,1800,1786874266
ES,1771486200,1771488000,ESH2026,1800,1786874276
ES,1771488000,1771489800,ESH2026,1800,1786874286
ES,1771489800,1771491600,ESH2026,1800,1786874296
ES,1771491600,1771493400,ESH2026,1800,1786874306
ES,1771493400,1771495200,ESH2026,1800,1786874316
ES,1771495200,1771497000,ESH2026,1800,1786874326
ES,1771497000,1771498800,ESH2026,1800,1786874336
ES,1771498800,1771500600,ESH2026,1800,1786874346
ES,1771500600,1771502400,ESH2026,1800,1786874356
ES,1771502400,1771504200,ESH2026,1800,1786874366
ES,1771504200,1771506000,ESH2026,1800,1786874376
ES,1771506000,1771507800,ESH2026,1800,1786874386
ES,1771507800,1771509600,ESH2026,1800,1786874396
ES,1771509600,1771511400,ESH2026,1800,1786874406
ES,1771511400,1771513200,ESH2026,1800,1786874416
ES,1771513200,1771515000,ESH2026,1800,1786874426
ES,1771515000,1771516800,ESH2026,1800,1786874436
ES,1771516800,1771518600,ESH2026,1800,1786874446
ES,1771518600,1771520400,ESH2026,1800,1786874456
ES,1771520400,1771522200,ESH2026,1800,1786874466
ES,1771522200,1771524000,ESH2026,1800,1786874476
ES,1771524000,1771525800,ESH2026,1800,1786874486
ES,1771525800,1771527600,ESH2026,1800,1786874496
ES,1771527600,1771529400,ESH2026,1800,1786874506
ES,1771529400,1771531200,ESH2026,1800,1786874516
ES,1771531200,1771533000,ESH2026,1800,1786874526
ES,1771533000,1771534800,ESH2026,1800,1786874536
ES,1771534800,1771536600,ESH2026,1800,1786874546
ES,1771536600,1771538400,ESH2026,1800,1786874556
ES,1786658400,1786660200,ESU2026,1800,1786874770
ES,1786660200,1786662000,ESU2026,1800,1786874780
ES,1786662000,1786663800,ESU2026,1800,1786874790
ES,1786663800,1786665600,ESU2026,1800,1786874800
ES,1786665600,1786667400,ESU2026,1800,1786874810
ES,1786667400,1786669200,ESU2026,1800,1786874820
ES,1786669200,1786671000,ESU2026,1800,1786874830
ES,1786671000,1786672800,ESU2026,1800,1786874840
ES,1786672800,1786674600,ESU2026,1800,1786874850
ES,1786674600,1786676400,ESU2026,1800,1786874860
ES,1786676400,1786678200,ESU2026,1800,1786874870
ES,1786678200,1786680000,ESU2026,1800,1786874880
ES,1786680000,1786681800,ESU2026,1800,1786874890
ES,1786681800,1786683600,ESU2026,1800,1786874900
ES,1786683600,1786685400,ESU2026,1800,1786874910
ES,1786685400,1786687200,ESU2026,1800,1786874920
ES,1786687200,1786689000,ESU2026,1800,1786874930
ES,1786689000,1786690800,ESU2026,1800,1786874940
ES,1786690800,1786692600,ESU2026,1800,1786874950
ES,1786692600,1786694400,ESU2026,1800,1786874960
ES,1786694400,1786696200,ESU2026,1800,1786874970
ES,1786696200,1786698000,ESU2026,1800,1786874980
ES,1786698000,1786699800,ESU2026,1800,1786874990
ES,1786699800,1786701600,ESU2026,1800,1786875000
ES,1786701600,1786703400,ESU2026,1800,1786875010
ES,1786703400,1786705200,ESU2026,1800,1786875020
ES,1786705200,1786707000,ESU2026,1800,1786875030
ES,1786707000,1786708800,ESU2026,1800,1786875040
ES,1786708800,1786710600,ESU2026,1800,1786875050
ES,1786710600,1786712400,ESU2026,1800,1786875060
ES,1786712400,1786714200,ESU2026,1800,1786875070
ES,1786714200,1786716000,ESU2026,1800,1786875080
ES,1786716000,1786717800,ESU2026,1800,1786875090
ES,1786717800,1786719600,ESU2026,1800,1786875100
ES,1786719600,1786721400,ESU2026,1800,1786875110
ES,1786721400,1786723200,ESU2026,1800,1786875120
ES,1786723200,1786725000,ESU2026,1800,1786875130
ES,1786725000,1786726800,ESU2026,1800,1786875140
ES,1786726800,1786728600,ESU2026,1800,1786875150
ES,1786728600,1786730400,ESU2026,1800,1786875160
ES,1786730400,1786732200,ESU2026,1800,1786875170
ES,1786732200,1786734000,ESU2026,1800,1786875180
ES,1786734000,1786735800,ESU2026,1800,1786875190
ES,1786735800,1786737600,ESU2026,1800,1786875200
ES,1786737600,1786739400,ESU2026,1800,1786875210
ES,1786739400,1786741200,ESU2026,1800,1786875220
NQ,1770850800,1770852600,NQH2026,1800,1786876282
NQ,1770852600,1770854400,NQH2026,1800,1786876292
NQ,1770854400,1770856200,NQH2026,1800,1786876302
NQ,1770856200,1770858000,NQH2026,1800,1786876312
NQ,1770858000,1770859800,NQH2026,1800,1786876322
NQ,1770859800,1770861600,NQH2026,1800,1786876332
NQ,1770861600,1770863400,NQH2026,1800,1786876342
NQ,1770863400,1770865200,NQH2026,1800,1786876352
NQ,1770865200,1770867000,NQH2026,1800,1786876362
NQ,1770867000,1770868800,NQH2026,1800,1786876372
NQ,1770868800,1770870600,NQH2026,1800,1786876382
NQ,1770870600,1770872400,NQH2026,1800,1786876392
NQ,1770872400,1770874200,NQH2026,1800,1786876402
NQ,1770874200,1770876000,NQH2026,1800,1786876412
NQ,1770876000,1770877800,NQH2026,1800,1786876422
NQ,1770877800,1770879600,NQH2026,1800,1786876432
NQ,1770879600,1770881400,NQH2026,1800,1786876442
NQ,1770881400,1770883200,NQH2026,1800,1786876452
NQ,1770883200,1770885000,NQH2026,1800,1786876462
NQ,1770885000,1770886800,NQH2026,1800,1786876472
NQ,1770886800,1770888600,NQH2026,1800,1786876482
NQ,1770888600,1770890400,NQH2026,1800,1786876492
NQ,1770890400,1770892200,NQH2026,1800,1786876502
NQ,1770892200,1770894000,NQH2026,1800,1786876512
NQ,1770894000,1770895800,NQH2026,1800,1786876522
NQ,1770895800,1770897600,NQH2026,1800,1786876532
NQ,1770897600,1770899400,NQH2026,1800,1786876542
NQ,1770899400,1770901200,NQH2026,1800,1786876552
NQ,1770901200,1770903000,NQH2026,1800,1786876562
NQ,1770903000,1770904800,NQH2026,1800,1786876572
NQ,1770904800,1770906600,NQH2026,1800,1786876582
NQ,1770906600,1770908400,NQH2026,1800,1786876592
NQ,1770908400,1770910200,NQH2026,1800,1786876602
NQ,1770910200,1770912000,NQH2026,1800,1786876612
NQ,1770912000,1770913800,NQH2026,1800,1786876622
NQ,1770913800,1770915600,NQH2026,1800,1786876632
NQ,1770915600,1770917400,NQH2026,1800,1786876642
NQ,1770917400,1770919200,NQH2026,1800,1786876652
NQ,1770919200,1770921000,NQH2026,1800,1786876662
NQ,1770921000,1770922800,NQH2026,1800,1786876672
NQ,1770922800,1770924600,NQH2026,1800,1786876682
NQ,1770924600,1770926400,NQH2026,1800,1786876692
NQ,1770926400,1770928200,NQH2026,1800,1786876702
NQ,1770928200,1770930000,NQH2026,1800,1786876712
NQ,1770930000,1770931800,NQH2026,1800,1786876722
NQ,1770931800,1770933600,NQH2026,1800,1786876732
ES,1770850800,1770852600,ESH2026,1800,1786876743
ES,1770852600,1770854400,ESH2026,1800,1786876754
ES,1770854400,1770856200,ESH2026,1800,1786876763
ES,1770856200,1770858000,ESH2026,1800,1786876773
ES,1770858000,1770859800,ESH2026,1800,1786876783
ES,1770859800,1770861600,ESH2026,1800,1786876792
ES,1770861600,1770863400,ESH2026,1800,1786876802
ES,1770863400,1770865200,ESH2026,1800,1786876812
ES,1770865200,1770867000,ESH2026,1800,1786876822
ES,1770867000,1770868800,ESH2026,1800,1786876832
ES,1770868800,1770870600,ESH2026,1800,1786876842
ES,1770870600,1770872400,ESH2026,1800,1786876852
ES,1770872400,1770874200,ESH2026,1800,1786876862
ES,1770874200,1770876000,ESH2026,1800,1786876872
ES,1770876000,1770877800,ESH2026,1800,1786876897
ES,1770877800,1770879600,ESH2026,1800,1786876907
ES,1770879600,1770881400,ESH2026,1800,1786876917
ES,1770881400,1770883200,ESH2026,1800,1786876927
ES,1770883200,1770885000,ESH2026,1800,1786876937
ES,1770885000,1770886800,ESH2026,1800,1786876947
ES,1770886800,1770888600,ESH2026,1800,1786876957
ES,1770888600,1770890400,ESH2026,1800,1786876967
ES,1770890400,1770892200,ESH2026,1800,1786876977
ES,1770892200,1770894000,ESH2026,1800,1786876987
ES,1770894000,1770895800,ESH2026,1800,1786876997
ES,1770895800,1770897600,ESH2026,1800,1786877007
ES,1770897600,1770899400,ESH2026,1800,1786877017
ES,1770899400,1770901200,ESH2026,1800,1786877027
ES,1770901200,1770903000,ESH2026,1800,1786877037
ES,1770903000,1770904800,ESH2026,1800,1786877047
ES,1770904800,1770906600,ESH2026,1800,1786877057
ES,1770906600,1770908400,ESH2026,1800,1786877067
ES,1770908400,1770910200,ESH2026,1800,1786877077
ES,1770910200,1770912000,ESH2026,1800,1786877087
ES,1770912000,1770913800,ESH2026,1800,1786877097
ES,1770913800,1770915600,ESH2026,1800,1786877107
ES,1770915600,1770917400,ESH2026,1800,1786877117
ES,1770917400,1770919200,ESH2026,1800,1786877127
ES,1770919200,1770921000,ESH2026,1800,1786877137
ES,1770921000,1770922800,ESH2026,1800,1786877147
ES,1770922800,1770924600,ESH2026,1800,1786877157
ES,1770924600,1770926400,ESH2026,1800,1786877167
ES,1770926400,1770928200,ESH2026,1800,1786877177
ES,1770928200,1770930000,ESH2026,1800,1786877187
ES,1770930000,1770931800,ESH2026,1800,1786877197
ES,1770931800,1770933600,ESH2026,1800,1786877208
NQ,1770937200,1770939000,NQH2026,1800,1786877218
NQ,1770939000,1770940800,NQH2026,1800,1786877229
NQ,1770940800,1770942600,NQH2026,1800,1786877244
NQ,1770942600,1770944400,NQH2026,1800,1786877249
NQ,1770944400,1770946200,NQH2026,1800,1786877258
NQ,1770946200,1770948000,NQH2026,1800,1786877268
NQ,1770948000,1770949800,NQH2026,1800,1786877278
NQ,1770949800,1770951600,NQH2026,1800,1786877291
NQ,1770951600,1770953400,NQH2026,1800,1786877298
NQ,1770953400,1770955200,NQH2026,1800,1786877308
NQ,1770955200,1770957000,NQH2026,1800,1786877319
NQ,1770957000,1770958800,NQH2026,1800,1786877327
NQ,1770958800,1770960600,NQH2026,1800,1786877337
NQ,1770960600,1770962400,NQH2026,1800,1786877347
NQ,1770962400,1770964200,NQH2026,1800,1786877357
NQ,1770964200,1770966000,NQH2026,1800,1786877367
NQ,1770966000,1770967800,NQH2026,1800,1786877377
NQ,1770967800,1770969600,NQH2026,1800,1786877387
NQ,1770969600,1770971400,NQH2026,1800,1786877397
NQ,1770971400,1770973200,NQH2026,1800,1786877407
NQ,1770973200,1770975000,NQH2026,1800,1786877417
NQ,1770975000,1770976800,NQH2026,1800,1786877427
NQ,1770976800,1770978600,NQH2026,1800,1786877437
NQ,1770978600,1770980400,NQH2026,1800,1786877447
NQ,1770980400,1770982200,NQH2026,1800,1786877457
NQ,1770982200,1770984000,NQH2026,1800,1786877467
NQ,1770984000,1770985800,NQH2026,1800,1786877477
NQ,1770985800,1770987600,NQH2026,1800,1786877487
NQ,1770987600,1770989400,NQH2026,1800,1786877497
NQ,1770989400,1770991200,NQH2026,1800,1786877507
NQ,1770991200,1770993000,NQH2026,1800,1786877517
NQ,1770993000,1770994800,NQH2026,1800,1786877527
NQ,1770994800,1770996600,NQH2026,1800,1786877537
NQ,1770996600,1770998400,NQH2026,1800,1786877547
NQ,1770998400,1771000200,NQH2026,1800,1786877557
NQ,1771000200,1771002000,NQH2026,1800,1786877567
NQ,1771002000,1771003800,NQH2026,1800,1786877577
NQ,1771003800,1771005600,NQH2026,1800,1786877587
NQ,1771005600,1771007400,NQH2026,1800,1786877597
NQ,1771007400,1771009200,NQH2026,1800,1786877607
NQ,1771009200,1771011000,NQH2026,1800,1786877617
NQ,1771011000,1771012800,NQH2026,1800,1786877627
NQ,1771012800,1771014600,NQH2026,1800,1786877637
NQ,1771014600,1771016400,NQH2026,1800,1786877647
NQ,1771016400,1771018200,NQH2026,1800,1786877657
NQ,1771018200,1771020000,NQH2026,1800,1786877667
ES,1770937200,1770939000,ESH2026,1800,1786877677
ES,1770939000,1770940800,ESH2026,1800,1786877687
ES,1770940800,1770942600,ESH2026,1800,1786877697
ES,1770942600,1770944400,ESH2026,1800,1786877707
ES,1770944400,1770946200,ESH2026,1800,1786877717
ES,1770946200,1770948000,ESH2026,1800,1786877727
ES,1770948000,1770949800,ESH2026,1800,1786877737
ES,1770949800,1770951600,ESH2026,1800,1786877747
ES,1770951600,1770953400,ESH2026,1800,1786877757
ES,1770953400,1770955200,ESH2026,1800,1786877767
ES,1770955200,1770957000,ESH2026,1800,1786877777
ES,1770957000,1770958800,ESH2026,1800,1786877787
ES,1770958800,1770960600,ESH2026,1800,1786877797
ES,1770960600,1770962400,ESH2026,1800,1786877807
ES,1770962400,1770964200,ESH2026,1800,1786877817
ES,1770964200,1770966000,ESH2026,1800,1786877827
ES,1770966000,1770967800,ESH2026,1800,1786877837
ES,1770967800,1770969600,ESH2026,1800,1786877847
ES,1770969600,1770971400,ESH2026,1800,1786877857
ES,1770971400,1770973200,ESH2026,1800,1786877867
ES,1770973200,1770975000,ESH2026,1800,1786877877
ES,1770975000,1770976800,ESH2026,1800,1786877887
ES,1770976800,1770978600,ESH2026,1800,1786877897
ES,1770978600,1770980400,ESH2026,1800,1786877907
ES,1770980400,1770982200,ESH2026,1800,1786877917
ES,1770982200,1770984000,ESH2026,1800,1786877927
ES,1770984000,1770985800,ESH2026,1800,1786877937
ES,1770985800,1770987600,ESH2026,1800,1786877947
ES,1770987600,1770989400,ESH2026,1800,1786877957
ES,1770989400,1770991200,ESH2026,1800,1786877967
ES,1770991200,1770993000,ESH2026,1800,1786877977
ES,1770993000,1770994800,ESH2026,1800,1786877987
ES,1770994800,1770996600,ESH2026,1800,1786877997
ES,1770996600,1770998400,ESH2026,1800,1786878007
ES,1770998400,1771000200,ESH2026,1800,1786878017
ES,1771000200,1771002000,ESH2026,1800,1786878027
ES,1771002000,1771003800,ESH2026,1800,1786878037
ES,1771003800,1771005600,ESH2026,1800,1786878047
ES,1771005600,1771007400,ESH2026,1800,1786878057
ES,1771007400,1771009200,ESH2026,1800,1786878067
ES,1771009200,1771011000,ESH2026,1800,1786878077
ES,1771011000,1771012800,ESH2026,1800,1786878087
ES,1771012800,1771014600,ESH2026,1800,1786878097
ES,1771014600,1771016400,ESH2026,1800,1786878107
ES,1771016400,1771018200,ESH2026,1800,1786878117
ES,1771018200,1771020000,ESH2026,1800,1786878127
ES,1772406000,1772407800,ESH2026,1800,1786878137
ES,1772407800,1772409600,ESH2026,1800,1786878147
ES,1772409600,1772411400,ESH2026,1800,1786878157
ES,1772411400,1772413200,ESH2026,1800,1786878167
ES,1772413200,1772415000,ESH2026,1800,1786878177
ES,1772415000,1772416800,ESH2026,1800,1786878187
ES,1772416800,1772418600,ESH2026,1800,1786878197
ES,1772418600,1772420400,ESH2026,1800,1786878207
ES,1772420400,1772422200,ESH2026,1800,1786878217
ES,1772422200,1772424000,ESH2026,1800,1786878227
ES,1772424000,1772425800,ESH2026,1800,1786878237
ES,1772425800,1772427600,ESH2026,1800,1786878247
ES,1772427600,1772429400,ESH2026,1800,1786878257
ES,1772429400,1772431200,ESH2026,1800,1786878267
ES,1772431200,1772433000,ESH2026,1800,1786878277
ES,1772433000,1772434800,ESH2026,1800,1786878287
ES,1772434800,1772436600,ESH2026,1800,1786878297
ES,1772436600,1772438400,ESH2026,1800,1786878307
ES,1772438400,1772440200,ESH2026,1800,1786878317
ES,1772440200,1772442000,ESH2026,1800,1786878327
ES,1772442000,1772443800,ESH2026,1800,1786878337
ES,1772443800,1772445600,ESH2026,1800,1786878347
ES,1772445600,1772447400,ESH2026,1800,1786878357
ES,1772447400,1772449200,ESH2026,1800,1786878367
ES,1772449200,1772451000,ESH2026,1800,1786878377
ES,1772451000,1772452800,ESH2026,1800,1786878387
ES,1772452800,1772454600,ESH2026,1800,1786878397
ES,1772454600,1772456400,ESH2026,1800,1786878407
ES,1772456400,1772458200,ESH2026,1800,1786878417
ES,1772458200,1772460000,ESH2026,1800,1786878427
ES,1772460000,1772461800,ESH2026,1800,1786878437
ES,1772461800,1772463600,ESH2026,1800,1786878447
ES,1772463600,1772465400,ESH2026,1800,1786878457
ES,1772465400,1772467200,ESH2026,1800,1786878467
ES,1772467200,1772469000,ESH2026,1800,1786878477
ES,1772469000,1772470800,ESH2026,1800,1786878487
ES,1772470800,1772472600,ESH2026,1800,1786878497
ES,1772472600,1772474400,ESH2026,1800,1786878507
ES,1772474400,1772476200,ESH2026,1800,1786878517
ES,1772476200,1772478000,ESH2026,1800,1786878527
ES,1772478000,1772479800,ESH2026,1800,1786878537
ES,1772479800,1772481600,ESH2026,1800,1786878547
ES,1772481600,1772483400,ESH2026,1800,1786878557
ES,1772483400,1772485200,ESH2026,1800,1786878567
ES,1772485200,1772487000,ESH2026,1800,1786878577
ES,1772487000,1772488800,ESH2026,1800,1786878587
NQ,1772492400,1772494200,NQH2026,1800,1786878597
NQ,1772494200,1772496000,NQH2026,1800,1786878607
NQ,1772496000,1772497800,NQH2026,1800,1786878617
NQ,1772497800,1772499600,NQH2026,1800,1786878627
NQ,1772499600,1772501400,NQH2026,1800,1786878637
NQ,1772501400,1772503200,NQH2026,1800,1786878647
NQ,1772503200,1772505000,NQH2026,1800,1786878657
NQ,1772505000,1772506800,NQH2026,1800,1786878667
NQ,1772506800,1772508600,NQH2026,1800,1786878677
NQ,1772508600,1772510400,NQH2026,1800,1786878687
NQ,1772510400,1772512200,NQH2026,1800,1786878697
NQ,1772512200,1772514000,NQH2026,1800,1786878707
NQ,1772514000,1772515800,NQH2026,1800,1786878717
NQ,1772515800,1772517600,NQH2026,1800,1786878727
NQ,1772517600,1772519400,NQH2026,1800,1786878737
NQ,1772519400,1772521200,NQH2026,1800,1786878747
NQ,1772521200,1772523000,NQH2026,1800,1786878757
NQ,1772523000,1772524800,NQH2026,1800,1786878767
NQ,1772524800,1772526600,NQH2026,1800,1786878777
NQ,1772526600,1772528400,NQH2026,1800,1786878787
NQ,1772528400,1772530200,NQH2026,1800,1786878797
NQ,1772530200,1772532000,NQH2026,1800,1786878807
NQ,1772532000,1772533800,NQH2026,1800,1786878817
NQ,1772533800,1772535600,NQH2026,1800,1786878827
NQ,1772535600,1772537400,NQH2026,1800,1786878837
NQ,1772537400,1772539200,NQH2026,1800,1786878847
NQ,1772539200,1772541000,NQH2026,1800,1786878857
NQ,1772541000,1772542800,NQH2026,1800,1786878867
NQ,1772542800,1772544600,NQH2026,1800,1786878877
NQ,1772544600,1772546400,NQH2026,1800,1786878887
NQ,1772546400,1772548200,NQH2026,1800,1786878897
NQ,1772548200,1772550000,NQH2026,1800,1786878907
NQ,1772550000,1772551800,NQH2026,1800,1786878917
NQ,1772551800,1772553600,NQH2026,1800,1786878927
NQ,1772553600,1772555400,NQH2026,1800,1786878937
NQ,1772555400,1772557200,NQH2026,1800,1786878947
NQ,1772557200,1772559000,NQH2026,1800,1786878957
NQ,1772559000,1772560800,NQH2026,1800,1786878967
NQ,1772560800,1772562600,NQH2026,1800,1786878977
NQ,1772562600,1772564400,NQH2026,1800,1786878987
NQ,1772564400,1772566200,NQH2026,1800,1786878997
NQ,1772566200,1772568000,NQH2026,1800,1786879007
NQ,1772568000,1772569800,NQH2026,1800,1786879017
NQ,1772569800,1772571600,NQH2026,1800,1786879027
NQ,1772571600,1772573400,NQH2026,1800,1786879037
NQ,1772573400,1772575200,NQH2026,1800,1786879047
ES,1772492400,1772494200,ESH2026,1800,1786879057
ES,1772494200,1772496000,ESH2026,1800,1786879067
ES,1772496000,1772497800,ESH2026,1800,1786879077
ES,1772497800,1772499600,ESH2026,1800,1786879087
ES,1772499600,1772501400,ESH2026,1800,1786879097
ES,1772501400,1772503200,ESH2026,1800,1786879107
ES,1772503200,1772505000,ESH2026,1800,1786879117
ES,1772505000,1772506800,ESH2026,1800,1786879127
ES,1772506800,1772508600,ESH2026,1800,1786879137
ES,1772508600,1772510400,ESH2026,1800,1786879147
ES,1772510400,1772512200,ESH2026,1800,1786879157
ES,1772512200,1772514000,ESH2026,1800,1786879167
ES,1772514000,1772515800,ESH2026,1800,1786879177
ES,1772515800,1772517600,ESH2026,1800,1786879187
ES,1772517600,1772519400,ESH2026,1800,1786879197
ES,1772519400,1772521200,ESH2026,1800,1786879207
ES,1772521200,1772523000,ESH2026,1800,1786879217
ES,1772523000,1772524800,ESH2026,1800,1786879227
ES,1772524800,1772526600,ESH2026,1800,1786879237
ES,1772526600,1772528400,ESH2026,1800,1786879247
ES,1772528400,1772530200,ESH2026,1800,1786879257
ES,1772530200,1772532000,ESH2026,1800,1786879267
ES,1772532000,1772533800,ESH2026,1800,1786879277
ES,1772533800,1772535600,ESH2026,1800,1786879287
ES,1772535600,1772537400,ESH2026,1800,1786879297
ES,1772537400,1772539200,ESH2026,1800,1786879307
ES,1772539200,1772541000,ESH2026,1800,1786879317
ES,1772541000,1772542800,ESH2026,1800,1786879327
ES,1772542800,1772544600,ESH2026,1800,1786879337
ES,1772544600,1772546400,ESH2026,1800,1786879347
ES,1772546400,1772548200,ESH2026,1800,1786879357
ES,1772548200,1772550000,ESH2026,1800,1786879367
ES,1772550000,1772551800,ESH2026,1800,1786879377
ES,1772551800,1772553600,ESH2026,1800,1786879387
ES,1772553600,1772555400,ESH2026,1800,1786879397
ES,1772555400,1772557200,ESH2026,1800,1786879407
ES,1772557200,1772559000,ESH2026,1800,1786879417
ES,1772559000,1772560800,ESH2026,1800,1786879427
ES,1772560800,1772562600,ESH2026,1800,1786879437
ES,1772562600,1772564400,ESH2026,1800,1786879447
ES,1772564400,1772566200,ESH2026,1800,1786879457
ES,1772566200,1772568000,ESH2026,1800,1786879467
ES,1772568000,1772569800,ESH2026,1800,1786879477
ES,1772569800,1772571600,ESH2026,1800,1786879487
ES,1772571600,1772573400,ESH2026,1800,1786879497
ES,1772573400,1772575200,ESH2026,1800,1786879507
NQ,1772578800,1772580600,NQH2026,1800,1786879517
NQ,1772580600,1772582400,NQH2026,1800,1786879527
NQ,1772582400,1772584200,NQH2026,1800,1786879537
NQ,1772584200,1772586000,NQH2026,1800,1786879547
NQ,1772586000,1772587800,NQH2026,1800,1786879557
NQ,1772587800,1772589600,NQH2026,1800,1786879567
NQ,1772589600,1772591400,NQH2026,1800,1786879578
NQ,1772591400,1772593200,NQH2026,1800,1786879587
NQ,1772593200,1772595000,NQH2026,1800,1786879597
NQ,1772595000,1772596800,NQH2026,1800,1786879607
NQ,1772596800,1772598600,NQH2026,1800,1786879617
NQ,1772598600,1772600400,NQH2026,1800,1786879627
NQ,1772600400,1772602200,NQH2026,1800,1786879637
NQ,1772602200,1772604000,NQH2026,1800,1786879647
NQ,1772604000,1772605800,NQH2026,1800,1786879657
NQ,1772605800,1772607600,NQH2026,1800,1786879667
NQ,1772607600,1772609400,NQH2026,1800,1786879677
NQ,1772609400,1772611200,NQH2026,1800,1786879687
NQ,1772611200,1772613000,NQH2026,1800,1786879697
NQ,1772613000,1772614800,NQH2026,1800,1786879707
NQ,1772614800,1772616600,NQH2026,1800,1786879717
NQ,1772616600,1772618400,NQH2026,1800,1786879727
NQ,1772618400,1772620200,NQH2026,1800,1786879737
NQ,1772620200,1772622000,NQH2026,1800,1786879747
NQ,1772622000,1772623800,NQH2026,1800,1786879757
NQ,1772623800,1772625600,NQH2026,1800,1786879767
NQ,1772625600,1772627400,NQH2026,1800,1786879777
NQ,1772627400,1772629200,NQH2026,1800,1786879787
NQ,1772629200,1772631000,NQH2026,1800,1786879797
NQ,1772631000,1772632800,NQH2026,1800,1786879807
NQ,1772632800,1772634600,NQH2026,1800,1786879817
NQ,1772634600,1772636400,NQH2026,1800,1786879827
NQ,1772636400,1772638200,NQH2026,1800,1786879837
NQ,1772638200,1772640000,NQH2026,1800,1786879847
NQ,1772640000,1772641800,NQH2026,1800,1786879857
NQ,1772641800,1772643600,NQH2026,1800,1786879867
NQ,1772643600,1772645400,NQH2026,1800,1786879877
NQ,1772645400,1772647200,NQH2026,1800,1786879887
NQ,1772647200,1772649000,NQH2026,1800,1786879897
NQ,1772649000,1772650800,NQH2026,1800,1786879907
NQ,1772650800,1772652600,NQH2026,1800,1786879917
NQ,1772652600,1772654400,NQH2026,1800,1786879927
NQ,1772654400,1772656200,NQH2026,1800,1786879937
NQ,1772656200,1772658000,NQH2026,1800,1786879947
NQ,1772658000,1772659800,NQH2026,1800,1786879957
NQ,1772659800,1772661600,NQH2026,1800,1786879967
ES,1772578800,1772580600,ESH2026,1800,1786879977
ES,1772580600,1772582400,ESH2026,1800,1786879987
ES,1772582400,1772584200,ESH2026,1800,1786879997
ES,1772584200,1772586000,ESH2026,1800,1786880007
ES,1772586000,1772587800,ESH2026,1800,1786880017
ES,1772587800,1772589600,ESH2026,1800,1786880027
ES,1772589600,1772591400,ESH2026,1800,1786880037
ES,1772591400,1772593200,ESH2026,1800,1786880047
ES,1772593200,1772595000,ESH2026,1800,1786880057
ES,1772595000,1772596800,ESH2026,1800,1786880067
ES,1772596800,1772598600,ESH2026,1800,1786880077
ES,1772598600,1772600400,ESH2026,1800,1786880087
ES,1772600400,1772602200,ESH2026,1800,1786880097
ES,1772602200,1772604000,ESH2026,1800,1786880107
ES,1772604000,1772605800,ESH2026,1800,1786880117
ES,1772605800,1772607600,ESH2026,1800,1786880127
ES,1772607600,1772609400,ESH2026,1800,1786880137
ES,1772609400,1772611200,ESH2026,1800,1786880147
ES,1772611200,1772613000,ESH2026,1800,1786880157
ES,1772613000,1772614800,ESH2026,1800,1786880167
ES,1772614800,1772616600,ESH2026,1800,1786880177
ES,1772616600,1772618400,ESH2026,1800,1786880187
ES,1772618400,1772620200,ESH2026,1800,1786880197
ES,1772620200,1772622000,ESH2026,1800,1786880207
ES,1772622000,1772623800,ESH2026,1800,1786880217
ES,1772623800,1772625600,ESH2026,1800,1786880227
ES,1772625600,1772627400,ESH2026,1800,1786880237
ES,1772627400,1772629200,ESH2026,1800,1786880247
ES,1772629200,1772631000,ESH2026,1800,1786880257
ES,1772631000,1772632800,ESH2026,1800,1786880267
ES,1772632800,1772634600,ESH2026,1800,1786880277
ES,1772634600,1772636400,ESH2026,1800,1786880287
ES,1772636400,1772638200,ESH2026,1800,1786880297
ES,1772638200,1772640000,ESH2026,1800,1786880307
ES,1772640000,1772641800,ESH2026,1800,1786880317
ES,1772641800,1772643600,ESH2026,1800,1786880327
ES,1772643600,1772645400,ESH2026,1800,1786880337
ES,1772645400,1772647200,ESH2026,1800,1786880347
ES,1772647200,1772649000,ESH2026,1800,1786880357
ES,1772649000,1772650800,ESH2026,1800,1786880367
ES,1772650800,1772652600,ESH2026,1800,1786880377
ES,1772652600,1772654400,ESH2026,1800,1786880387
ES,1772654400,1772656200,ESH2026,1800,1786880397
ES,1772656200,1772658000,ESH2026,1800,1786880407
ES,1772658000,1772659800,ESH2026,1800,1786880417
ES,1772659800,1772661600,ESH2026,1800,1786880427
NQ,1772665200,1772667000,NQH2026,1800,1786880437
NQ,1772667000,1772668800,NQH2026,1800,1786880447
NQ,1772668800,1772670600,NQH2026,1800,1786880457
NQ,1772670600,1772672400,NQH2026,1800,1786880467
NQ,1772672400,1772674200,NQH2026,1800,1786880477
NQ,1772674200,1772676000,NQH2026,1800,1786880487
NQ,1772676000,1772677800,NQH2026,1800,1786880497
NQ,1772677800,1772679600,NQH2026,1800,1786880507
NQ,1772679600,1772681400,NQH2026,1800,1786880517
NQ,1772681400,1772683200,NQH2026,1800,1786880527
NQ,1772683200,1772685000,NQH2026,1800,1786880537
NQ,1772685000,1772686800,NQH2026,1800,1786880547
NQ,1772686800,1772688600,NQH2026,1800,1786880557
NQ,1772688600,1772690400,NQH2026,1800,1786880567
NQ,1772690400,1772692200,NQH2026,1800,1786880577
NQ,1772692200,1772694000,NQH2026,1800,1786880587
NQ,1772694000,1772695800,NQH2026,1800,1786880597
NQ,1772695800,1772697600,NQH2026,1800,1786880607
NQ,1772697600,1772699400,NQH2026,1800,1786880617
NQ,1772699400,1772701200,NQH2026,1800,1786880627
NQ,1772701200,1772703000,NQH2026,1800,1786880637
NQ,1772703000,1772704800,NQH2026,1800,1786880647
NQ,1772704800,1772706600,NQH2026,1800,1786880658
NQ,1772706600,1772708400,NQH2026,1800,1786880671
NQ,1772708400,1772710200,NQH2026,1800,1786880724
NQ,1772710200,1772712000,NQH2026,1800,1786880724
NQ,1772712000,1772713800,NQH2026,1800,1786880734
NQ,1772713800,1772715600,NQH2026,1800,1786880744
NQ,1772715600,1772717400,NQH2026,1800,1786880754
NQ,1772717400,1772719200,NQH2026,1800,1786880764
NQ,1772719200,1772721000,NQH2026,1800,1786880774
NQ,1772721000,1772722800,NQH2026,1800,1786880784
NQ,1772722800,1772724600,NQH2026,1800,1786880794
NQ,1772724600,1772726400,NQH2026,1800,1786880804
NQ,1772726400,1772728200,NQH2026,1800,1786880814
NQ,1772728200,1772730000,NQH2026,1800,1786880824
NQ,1772730000,1772731800,NQH2026,1800,1786880834
NQ,1772731800,1772733600,NQH2026,1800,1786880844
NQ,1772733600,1772735400,NQH2026,1800,1786880855
NQ,1772735400,1772737200,NQH2026,1800,1786880866
NQ,1772737200,1772739000,NQH2026,1800,1786880877
NQ,1772739000,1772740800,NQH2026,1800,1786880886
NQ,1772740800,1772742600,NQH2026,1800,1786880898
NQ,1772742600,1772744400,NQH2026,1800,1786880905
NQ,1772744400,1772746200,NQH2026,1800,1786880915
NQ,1772746200,1772748000,NQH2026,1800,1786880924
ES,1772665200,1772667000,ESH2026,1800,1786880935
ES,1772667000,1772668800,ESH2026,1800,1786880944
ES,1772668800,1772670600,ESH2026,1800,1786880954
ES,1772670600,1772672400,ESH2026,1800,1786880964
ES,1772672400,1772674200,ESH2026,1800,1786880974
ES,1772674200,1772676000,ESH2026,1800,1786880984
ES,1772676000,1772677800,ESH2026,1800,1786880994
ES,1772677800,1772679600,ESH2026,1800,1786881004
ES,1772679600,1772681400,ESH2026,1800,1786881014
ES,1772681400,1772683200,ESH2026,1800,1786881024
ES,1772683200,1772685000,ESH2026,1800,1786881034
ES,1772685000,1772686800,ESH2026,1800,1786881044
ES,1772686800,1772688600,ESH2026,1800,1786881054
ES,1772688600,1772690400,ESH2026,1800,1786881064
ES,1772690400,1772692200,ESH2026,1800,1786881074
ES,1772692200,1772694000,ESH2026,1800,1786881084
ES,1772694000,1772695800,ESH2026,1800,1786881094
ES,1772695800,1772697600,ESH2026,1800,1786881104
ES,1772697600,1772699400,ESH2026,1800,1786881114
ES,1772699400,1772701200,ESH2026,1800,1786881124
ES,1772701200,1772703000,ESH2026,1800,1786881134
ES,1772703000,1772704800,ESH2026,1800,1786881144
ES,1772704800,1772706600,ESH2026,1800,1786881154
ES,1772706600,1772708400,ESH2026,1800,1786881164
ES,1772708400,1772710200,ESH2026,1800,1786881174
ES,1772710200,1772712000,ESH2026,1800,1786881184
ES,1772712000,1772713800,ESH2026,1800,1786881194
ES,1772713800,1772715600,ESH2026,1800,1786881204
ES,1772715600,1772717400,ESH2026,1800,1786881214
ES,1772717400,1772719200,ESH2026,1800,1786881224
ES,1772719200,1772721000,ESH2026,1800,1786881234
ES,1772721000,1772722800,ESH2026,1800,1786881245
ES,1772722800,1772724600,ESH2026,1800,1786881254
ES,1772724600,1772726400,ESH2026,1800,1786881264
ES,1772726400,1772728200,ESH2026,1800,1786881274
ES,1772728200,1772730000,ESH2026,1800,1786881284
ES,1772730000,1772731800,ESH2026,1800,1786881294
ES,1772731800,1772733600,ESH2026,1800,1786881304
ES,1772733600,1772735400,ESH2026,1800,1786881330
ES,1772735400,1772737200,ESH2026,1800,1786881340
ES,1772737200,1772739000,ESH2026,1800,1786881350
ES,1772739000,1772740800,ESH2026,1800,1786881360
ES,1772740800,1772742600,ESH2026,1800,1786881370
ES,1772742600,1772744400,ESH2026,1800,1786881380
ES,1772744400,1772746200,ESH2026,1800,1786881390
ES,1772746200,1772748000,ESH2026,1800,1786881400
NQ,1772751600,1772753400,NQH2026,1800,1786881410
NQ,1772753400,1772755200,NQH2026,1800,1786881420
NQ,1772755200,1772757000,NQH2026,1800,1786881430
NQ,1772757000,1772758800,NQH2026,1800,1786881440
NQ,1772758800,1772760600,NQH2026,1800,1786881450
NQ,1772760600,1772762400,NQH2026,1800,1786881460
NQ,1772762400,1772764200,NQH2026,1800,1786881470
NQ,1772764200,1772766000,NQH2026,1800,1786881480
NQ,1772766000,1772767800,NQH2026,1800,1786881490
NQ,1772767800,1772769600,NQH2026,1800,1786881500
NQ,1772769600,1772771400,NQH2026,1800,1786881510
NQ,1772771400,1772773200,NQH2026,1800,1786881520
NQ,1772773200,1772775000,NQH2026,1800,1786881530
NQ,1772775000,1772776800,NQH2026,1800,1786881540
NQ,1772776800,1772778600,NQH2026,1800,1786881550
NQ,1772778600,1772780400,NQH2026,1800,1786881560
NQ,1772780400,1772782200,NQH2026,1800,1786881570
NQ,1772782200,1772784000,NQH2026,1800,1786881580
NQ,1772784000,1772785800,NQH2026,1800,1786881590
NQ,1772785800,1772787600,NQH2026,1800,1786881600
NQ,1772787600,1772789400,NQH2026,1800,1786881610
NQ,1772789400,1772791200,NQH2026,1800,1786881620
NQ,1772791200,1772793000,NQH2026,1800,1786881630
NQ,1772793000,1772794800,NQH2026,1800,1786881640
NQ,1772794800,1772796600,NQH2026,1800,1786881650
NQ,1772796600,1772798400,NQH2026,1800,1786881660
NQ,1772798400,1772800200,NQH2026,1800,1786881670
NQ,1772800200,1772802000,NQH2026,1800,1786881680
NQ,1772802000,1772803800,NQH2026,1800,1786881690
NQ,1772803800,1772805600,NQH2026,1800,1786881700
NQ,1772805600,1772807400,NQH2026,1800,1786881710
NQ,1772807400,1772809200,NQH2026,1800,1786881720
NQ,1772809200,1772811000,NQH2026,1800,1786881730
NQ,1772811000,1772812800,NQH2026,1800,1786881740
NQ,1772812800,1772814600,NQH2026,1800,1786881750
NQ,1772814600,1772816400,NQH2026,1800,1786881760
NQ,1772816400,1772818200,NQH2026,1800,1786881770
NQ,1772818200,1772820000,NQH2026,1800,1786881780
NQ,1772820000,1772821800,NQH2026,1800,1786881790
NQ,1772821800,1772823600,NQH2026,1800,1786881800
NQ,1772823600,1772825400,NQH2026,1800,1786881810
NQ,1772825400,1772827200,NQH2026,1800,1786881820
NQ,1772827200,1772829000,NQH2026,1800,1786881830
NQ,1772829000,1772830800,NQH2026,1800,1786881840
NQ,1772830800,1772832600,NQH2026,1800,1786881850
NQ,1772832600,1772834400,NQH2026,1800,1786881860
ES,1772751600,1772753400,ESH2026,1800,1786881870
ES,1772753400,1772755200,ESH2026,1800,1786881880
ES,1772755200,1772757000,ESH2026,1800,1786881890
ES,1772757000,1772758800,ESH2026,1800,1786881900
ES,1772758800,1772760600,ESH2026,1800,1786881910
ES,1772760600,1772762400,ESH2026,1800,1786881920
ES,1772762400,1772764200,ESH2026,1800,1786881930
ES,1772764200,1772766000,ESH2026,1800,1786881940
ES,1772766000,1772767800,ESH2026,1800,1786881950
ES,1772767800,1772769600,ESH2026,1800,1786881960
ES,1772769600,1772771400,ESH2026,1800,1786881970
ES,1772771400,1772773200,ESH2026,1800,1786881980
ES,1772773200,1772775000,ESH2026,1800,1786881990
ES,1772775000,1772776800,ESH2026,1800,1786882000
ES,1772776800,1772778600,ESH2026,1800,1786882010
ES,1772778600,1772780400,ESH2026,1800,1786882020
ES,1772780400,1772782200,ESH2026,1800,1786882030
ES,1772782200,1772784000,ESH2026,1800,1786882040
ES,1772784000,1772785800,ESH2026,1800,1786882050
ES,1772785800,1772787600,ESH2026,1800,1786882060
ES,1772787600,1772789400,ESH2026,1800,1786882070
ES,1772789400,1772791200,ESH2026,1800,1786882080
ES,1772791200,1772793000,ESH2026,1800,1786882090
ES,1772793000,1772794800,ESH2026,1800,1786882100
ES,1772794800,1772796600,ESH2026,1800,1786882110
ES,1772796600,1772798400,ESH2026,1800,1786882120
ES,1772798400,1772800200,ESH2026,1800,1786882130
ES,1772800200,1772802000,ESH2026,1800,1786882140
ES,1772802000,1772803800,ESH2026,1800,1786882150
ES,1772803800,1772805600,ESH2026,1800,1786882160
ES,1772805600,1772807400,ESH2026,1800,1786882170
ES,1772807400,1772809200,ESH2026,1800,1786882180
ES,1772809200,1772811000,ESH2026,1800,1786882190
ES,1772811000,1772812800,ESH2026,1800,1786882200
ES,1772812800,1772814600,ESH2026,1800,1786882210
ES,1772814600,1772816400,ESH2026,1800,1786882220
ES,1772816400,1772818200,ESH2026,1800,1786882230
ES,1772818200,1772820000,ESH2026,1800,1786882240
ES,1772820000,1772821800,ESH2026,1800,1786882250
ES,1772821800,1772823600,ESH2026,1800,1786882260
ES,1772823600,1772825400,ESH2026,1800,1786882270
ES,1772825400,1772827200,ESH2026,1800,1786882280
ES,1772827200,1772829000,ESH2026,1800,1786882290
ES,1772829000,1772830800,ESH2026,1800,1786882300
ES,1772830800,1772832600,ESH2026,1800,1786882310
ES,1772832600,1772834400,ESH2026,1800,1786882320
NQ,1773007200,1773009000,NQH2026,1800,1786882330
NQ,1773009000,1773010800,NQH2026,1800,1786882340
NQ,1773010800,1773012600,NQH2026,1800,1786882350
NQ,1773012600,1773014400,NQH2026,1800,1786882360
NQ,1773014400,1773016200,NQH2026,1800,1786882370
NQ,1773016200,1773018000,NQH2026,1800,1786882380
NQ,1773018000,1773019800,NQH2026,1800,1786882390
NQ,1773019800,1773021600,NQH2026,1800,1786882400
NQ,1773021600,1773023400,NQH2026,1800,1786882410
NQ,1773023400,1773025200,NQH2026,1800,1786882420
NQ,1773025200,1773027000,NQH2026,1800,1786882430
NQ,1773027000,1773028800,NQH2026,1800,1786882440
NQ,1773028800,1773030600,NQH2026,1800,1786882450
NQ,1773030600,1773032400,NQH2026,1800,1786882460
NQ,1773032400,1773034200,NQH2026,1800,1786882470
NQ,1773034200,1773036000,NQH2026,1800,1786882480
NQ,1773036000,1773037800,NQH2026,1800,1786882490
NQ,1773037800,1773039600,NQH2026,1800,1786882500
NQ,1773039600,1773041400,NQH2026,1800,1786882510
NQ,1773041400,1773043200,NQH2026,1800,1786882520
NQ,1773043200,1773045000,NQH2026,1800,1786882530
NQ,1773045000,1773046800,NQH2026,1800,1786882540
NQ,1773046800,1773048600,NQH2026,1800,1786882550
NQ,1773048600,1773050400,NQH2026,1800,1786882560
NQ,1773050400,1773052200,NQH2026,1800,1786882570
NQ,1773052200,1773054000,NQH2026,1800,1786882580
NQ,1773054000,1773055800,NQH2026,1800,1786882590
NQ,1773055800,1773057600,NQH2026,1800,1786882600
NQ,1773057600,1773059400,NQH2026,1800,1786882610
NQ,1773059400,1773061200,NQH2026,1800,1786882620
NQ,1773061200,1773063000,NQH2026,1800,1786882630
NQ,1773063000,1773064800,NQH2026,1800,1786882640
NQ,1773064800,1773066600,NQH2026,1800,1786882650
NQ,1773066600,1773068400,NQH2026,1800,1786882660
NQ,1773068400,1773070200,NQH2026,1800,1786882670
NQ,1773070200,1773072000,NQH2026,1800,1786882680
NQ,1773072000,1773073800,NQH2026,1800,1786882690
NQ,1773073800,1773075600,NQH2026,1800,1786882700
NQ,1773075600,1773077400,NQH2026,1800,1786882710
NQ,1773077400,1773079200,NQH2026,1800,1786882720
NQ,1773079200,1773081000,NQH2026,1800,1786882730
NQ,1773081000,1773082800,NQH2026,1800,1786882740
NQ,1773082800,1773084600,NQH2026,1800,1786882750
NQ,1773084600,1773086400,NQH2026,1800,1786882760
NQ,1773086400,1773088200,NQH2026,1800,1786882770
NQ,1773088200,1773090000,NQH2026,1800,1786882780
ES,1773007200,1773009000,ESH2026,1800,1786882790
ES,1773009000,1773010800,ESH2026,1800,1786882800
ES,1773010800,1773012600,ESH2026,1800,1786882810
ES,1773012600,1773014400,ESH2026,1800,1786882820
ES,1773014400,1773016200,ESH2026,1800,1786882830
ES,1773016200,1773018000,ESH2026,1800,1786882840
ES,1773018000,1773019800,ESH2026,1800,1786882850
ES,1773019800,1773021600,ESH2026,1800,1786882860
ES,1773021600,1773023400,ESH2026,1800,1786882870
ES,1773023400,1773025200,ESH2026,1800,1786882880
ES,1773025200,1773027000,ESH2026,1800,1786882890
ES,1773027000,1773028800,ESH2026,1800,1786882900
ES,1773028800,1773030600,ESH2026,1800,1786882910
ES,1773030600,1773032400,ESH2026,1800,1786882920
ES,1773032400,1773034200,ESH2026,1800,1786882930
ES,1773034200,1773036000,ESH2026,1800,1786882940
ES,1773036000,1773037800,ESH2026,1800,1786882950
ES,1773037800,1773039600,ESH2026,1800,1786882960
ES,1773039600,1773041400,ESH2026,1800,1786882970
ES,1773041400,1773043200,ESH2026,1800,1786882980
ES,1773043200,1773045000,ESH2026,1800,1786882990
ES,1773045000,1773046800,ESH2026,1800,1786883000
ES,1773046800,1773048600,ESH2026,1800,1786883010
ES,1773048600,1773050400,ESH2026,1800,1786883020
ES,1773050400,1773052200,ESH2026,1800,1786883030
ES,1773052200,1773054000,ESH2026,1800,1786883040
ES,1773054000,1773055800,ESH2026,1800,1786883050
ES,1773055800,1773057600,ESH2026,1800,1786883060
ES,1773057600,1773059400,ESH2026,1800,1786883070
ES,1773059400,1773061200,ESH2026,1800,1786883080
ES,1773061200,1773063000,ESH2026,1800,1786883090
ES,1773063000,1773064800,ESH2026,1800,1786883100
ES,1773064800,1773066600,ESH2026,1800,1786883110
ES,1773066600,1773068400,ESH2026,1800,1786883120
ES,1773068400,1773070200,ESH2026,1800,1786883130
ES,1773070200,1773072000,ESH2026,1800,1786883140
ES,1773072000,1773073800,ESH2026,1800,1786883150
ES,1773073800,1773075600,ESH2026,1800,1786883160
ES,1773075600,1773077400,ESH2026,1800,1786883170
ES,1773077400,1773079200,ESH2026,1800,1786883180
ES,1773079200,1773081000,ESH2026,1800,1786883190
ES,1773081000,1773082800,ESH2026,1800,1786883200
ES,1773082800,1773084600,ESH2026,1800,1786883210
ES,1773084600,1773086400,ESH2026,1800,1786883220
ES,1773086400,1773088200,ESH2026,1800,1786883230
ES,1773088200,1773090000,ESH2026,1800,1786883240
NQ,1773093600,1773095400,NQH2026,1800,1786883250
NQ,1773095400,1773097200,NQH2026,1800,1786883260
NQ,1773097200,1773099000,NQH2026,1800,1786883270
NQ,1773099000,1773100800,NQH2026,1800,1786883280
NQ,1773100800,1773102600,NQH2026,1800,1786883290
NQ,1773102600,1773104400,NQH2026,1800,1786883300
NQ,1773104400,1773106200,NQH2026,1800,1786883310
NQ,1773106200,1773108000,NQH2026,1800,1786883320
NQ,1773108000,1773109800,NQH2026,1800,1786883330
NQ,1773109800,1773111600,NQH2026,1800,1786883340
NQ,1773111600,1773113400,NQH2026,1800,1786883350
NQ,1773113400,1773115200,NQH2026,1800,1786883360
NQ,1773115200,1773117000,NQH2026,1800,1786883370
NQ,1773117000,1773118800,NQH2026,1800,1786883380
NQ,1773118800,1773120600,NQH2026,1800,1786883390
NQ,1773120600,1773122400,NQH2026,1800,1786883400
NQ,1773122400,1773124200,NQH2026,1800,1786883410
NQ,1773124200,1773126000,NQH2026,1800,1786883420
NQ,1773126000,1773127800,NQH2026,1800,1786883430
NQ,1773127800,1773129600,NQH2026,1800,1786883440
NQ,1773129600,1773131400,NQH2026,1800,1786883450
NQ,1773131400,1773133200,NQH2026,1800,1786883460
NQ,1773133200,1773135000,NQH2026,1800,1786883470
NQ,1773135000,1773136800,NQH2026,1800,1786883480
NQ,1773136800,1773138600,NQH2026,1800,1786883490
NQ,1773138600,1773140400,NQH2026,1800,1786883500
NQ,1773140400,1773142200,NQH2026,1800,1786883510
NQ,1773142200,1773144000,NQH2026,1800,1786883520
NQ,1773144000,1773145800,NQH2026,1800,1786883530
NQ,1773145800,1773147600,NQH2026,1800,1786883540
NQ,1773147600,1773149400,NQH2026,1800,1786883550
NQ,1773149400,1773151200,NQH2026,1800,1786883560
NQ,1773151200,1773153000,NQH2026,1800,1786883570
NQ,1773153000,1773154800,NQH2026,1800,1786883580
NQ,1773154800,1773156600,NQH2026,1800,1786883590
NQ,1773156600,1773158400,NQH2026,1800,1786883600
NQ,1773158400,1773160200,NQH2026,1800,1786883610
NQ,1773160200,1773162000,NQH2026,1800,1786883620
NQ,1773162000,1773163800,NQH2026,1800,1786883630
NQ,1773163800,1773165600,NQH2026,1800,1786883640
NQ,1773165600,1773167400,NQH2026,1800,1786883650
NQ,1773167400,1773169200,NQH2026,1800,1786883660
NQ,1773169200,1773171000,NQH2026,1800,1786883670
NQ,1773171000,1773172800,NQH2026,1800,1786883680
NQ,1773172800,1773174600,NQH2026,1800,1786883690
NQ,1773174600,1773176400,NQH2026,1800,1786883700
ES,1773093600,1773095400,ESH2026,1800,1786883710
ES,1773095400,1773097200,ESH2026,1800,1786883720
ES,1773097200,1773099000,ESH2026,1800,1786883730
ES,1773099000,1773100800,ESH2026,1800,1786883740
ES,1773100800,1773102600,ESH2026,1800,1786883750
ES,1773102600,1773104400,ESH2026,1800,1786883760
ES,1773104400,1773106200,ESH2026,1800,1786883770
ES,1773106200,1773108000,ESH2026,1800,1786883780
ES,1773108000,1773109800,ESH2026,1800,1786883790
ES,1773109800,1773111600,ESH2026,1800,1786883800
ES,1773111600,1773113400,ESH2026,1800,1786883810
ES,1773113400,1773115200,ESH2026,1800,1786883820
ES,1773115200,1773117000,ESH2026,1800,1786883830
ES,1773117000,1773118800,ESH2026,1800,1786883840
ES,1773118800,1773120600,ESH2026,1800,1786883850
ES,1773120600,1773122400,ESH2026,1800,1786883860
ES,1773122400,1773124200,ESH2026,1800,1786883870
ES,1773124200,1773126000,ESH2026,1800,1786883880
ES,1773126000,1773127800,ESH2026,1800,1786883890
ES,1773127800,1773129600,ESH2026,1800,1786883900
ES,1773129600,1773131400,ESH2026,1800,1786883910
ES,1773131400,1773133200,ESH2026,1800,1786883920
ES,1773133200,1773135000,ESH2026,1800,1786883930
ES,1773135000,1773136800,ESH2026,1800,1786883940
ES,1773136800,1773138600,ESH2026,1800,1786883950
ES,1773138600,1773140400,ESH2026,1800,1786883960
ES,1773140400,1773142200,ESH2026,1800,1786883970
ES,1773142200,1773144000,ESH2026,1800,1786883980
ES,1773144000,1773145800,ESH2026,1800,1786883990
ES,1773145800,1773147600,ESH2026,1800,1786884000
ES,1773147600,1773149400,ESH2026,1800,1786884010
ES,1773149400,1773151200,ESH2026,1800,1786884020
ES,1773151200,1773153000,ESH2026,1800,1786884030
ES,1773153000,1773154800,ESH2026,1800,1786884040
ES,1773154800,1773156600,ESH2026,1800,1786884050
ES,1773156600,1773158400,ESH2026,1800,1786884060
ES,1773158400,1773160200,ESH2026,1800,1786884070
ES,1773160200,1773162000,ESH2026,1800,1786884080
ES,1773162000,1773163800,ESH2026,1800,1786884090
ES,1773163800,1773165600,ESH2026,1800,1786884100
ES,1773165600,1773167400,ESH2026,1800,1786884110
ES,1773167400,1773169200,ESH2026,1800,1786884120
ES,1773169200,1773171000,ESH2026,1800,1786884130
ES,1773171000,1773172800,ESH2026,1800,1786884140
ES,1773172800,1773174600,ESH2026,1800,1786884150
ES,1773174600,1773176400,ESH2026,1800,1786884160
NQ,1773180000,1773181800,NQH2026,1800,1786884170
NQ,1773181800,1773183600,NQH2026,1800,1786884180
NQ,1773183600,1773185400,NQH2026,1800,1786884190
NQ,1773185400,1773187200,NQH2026,1800,1786884200
NQ,1773187200,1773189000,NQH2026,1800,1786884210
NQ,1773189000,1773190800,NQH2026,1800,1786884220
NQ,1773190800,1773192600,NQH2026,1800,1786884230
NQ,1773192600,1773194400,NQH2026,1800,1786884240
NQ,1773194400,1773196200,NQH2026,1800,1786884250
NQ,1773196200,1773198000,NQH2026,1800,1786884260
NQ,1773198000,1773199800,NQH2026,1800,1786884270
NQ,1773199800,1773201600,NQH2026,1800,1786884280
NQ,1773201600,1773203400,NQH2026,1800,1786884290
NQ,1773203400,1773205200,NQH2026,1800,1786884300
NQ,1773205200,1773207000,NQH2026,1800,1786884310
NQ,1773207000,1773208800,NQH2026,1800,1786884320
NQ,1773208800,1773210600,NQH2026,1800,1786884330
NQ,1773210600,1773212400,NQH2026,1800,1786884340
NQ,1773212400,1773214200,NQH2026,1800,1786884350
NQ,1773214200,1773216000,NQH2026,1800,1786884360
NQ,1773216000,1773217800,NQH2026,1800,1786884370
NQ,1773217800,1773219600,NQH2026,1800,1786884380
NQ,1773219600,1773221400,NQH2026,1800,1786884390
NQ,1773221400,1773223200,NQH2026,1800,1786884400
NQ,1773223200,1773225000,NQH2026,1800,1786884410
NQ,1773225000,1773226800,NQH2026,1800,1786884420
NQ,1773226800,1773228600,NQH2026,1800,1786884430
NQ,1773228600,1773230400,NQH2026,1800,1786884440
NQ,1773230400,1773232200,NQH2026,1800,1786884450
NQ,1773232200,1773234000,NQH2026,1800,1786884460
NQ,1773234000,1773235800,NQH2026,1800,1786884470
NQ,1773235800,1773237600,NQH2026,1800,1786884480
NQ,1773237600,1773239400,NQH2026,1800,1786884490
NQ,1773239400,1773241200,NQH2026,1800,1786884500
NQ,1773241200,1773243000,NQH2026,1800,1786884510
NQ,1773243000,1773244800,NQH2026,1800,1786884520
NQ,1773244800,1773246600,NQH2026,1800,1786884530
NQ,1773246600,1773248400,NQH2026,1800,1786884540
NQ,1773248400,1773250200,NQH2026,1800,1786884550
NQ,1773250200,1773252000,NQH2026,1800,1786884560
NQ,1773252000,1773253800,NQH2026,1800,1786884570
NQ,1773253800,1773255600,NQH2026,1800,1786884580
NQ,1773255600,1773257400,NQH2026,1800,1786884590
NQ,1773257400,1773259200,NQH2026,1800,1786884600
NQ,1773259200,1773261000,NQH2026,1800,1786884610
NQ,1773261000,1773262800,NQH2026,1800,1786884620
ES,1773180000,1773181800,ESH2026,1800,1786884630
ES,1773181800,1773183600,ESH2026,1800,1786884640
ES,1773183600,1773185400,ESH2026,1800,1786884650
ES,1773185400,1773187200,ESH2026,1800,1786884660
ES,1773187200,1773189000,ESH2026,1800,1786884670
ES,1773189000,1773190800,ESH2026,1800,1786884680
ES,1773190800,1773192600,ESH2026,1800,1786884690
ES,1773192600,1773194400,ESH2026,1800,1786884700
ES,1773194400,1773196200,ESH2026,1800,1786884710
ES,1773196200,1773198000,ESH2026,1800,1786884720
ES,1773198000,1773199800,ESH2026,1800,1786884730
ES,1773199800,1773201600,ESH2026,1800,1786884740
ES,1773201600,1773203400,ESH2026,1800,1786884750
ES,1773203400,1773205200,ESH2026,1800,1786884760
ES,1773205200,1773207000,ESH2026,1800,1786884770
ES,1773207000,1773208800,ESH2026,1800,1786884780
ES,1773208800,1773210600,ESH2026,1800,1786884790
ES,1773210600,1773212400,ESH2026,1800,1786884800
ES,1773212400,1773214200,ESH2026,1800,1786884810
ES,1773214200,1773216000,ESH2026,1800,1786884820
ES,1773216000,1773217800,ESH2026,1800,1786884830
ES,1773217800,1773219600,ESH2026,1800,1786884840
ES,1773219600,1773221400,ESH2026,1800,1786884850
ES,1773221400,1773223200,ESH2026,1800,1786884860
ES,1773223200,1773225000,ESH2026,1800,1786884870
ES,1773225000,1773226800,ESH2026,1800,1786884880
ES,1773226800,1773228600,ESH2026,1800,1786884890
ES,1773228600,1773230400,ESH2026,1800,1786884900
ES,1773230400,1773232200,ESH2026,1800,1786884910
ES,1773232200,1773234000,ESH2026,1800,1786884920
ES,1773234000,1773235800,ESH2026,1800,1786884930
ES,1773235800,1773237600,ESH2026,1800,1786884940
ES,1773237600,1773239400,ESH2026,1800,1786884950
ES,1773239400,1773241200,ESH2026,1800,1786884960
ES,1773241200,1773243000,ESH2026,1800,1786884970
ES,1773243000,1773244800,ESH2026,1800,1786884980
ES,1773244800,1773246600,ESH2026,1800,1786884990
ES,1773246600,1773248400,ESH2026,1800,1786885000
ES,1773248400,1773250200,ESH2026,1800,1786885010
ES,1773250200,1773252000,ESH2026,1800,1786885020
ES,1773252000,1773253800,ESH2026,1800,1786885030
ES,1773253800,1773255600,ESH2026,1800,1786885040
ES,1773255600,1773257400,ESH2026,1800,1786885050
ES,1773257400,1773259200,ESH2026,1800,1786885060
ES,1773259200,1773261000,ESH2026,1800,1786885070
ES,1773261000,1773262800,ESH2026,1800,1786885080
NQ,1773266400,1773268200,NQM2026,1763,1786885090
NQ,1773268200,1773270000,NQM2026,1800,1786885100
NQ,1773270000,1773271800,NQM2026,1800,1786885110
NQ,1773271800,1773273600,NQM2026,1800,1786885120
NQ,1773273600,1773275400,NQM2026,1800,1786885130
NQ,1773275400,1773277200,NQM2026,1800,1786885140
NQ,1773277200,1773279000,NQM2026,1800,1786885150
NQ,1773279000,1773280800,NQM2026,1800,1786885160
NQ,1773280800,1773282600,NQM2026,1800,1786885170
NQ,1773282600,1773284400,NQM2026,1800,1786885180
NQ,1773284400,1773286200,NQM2026,1800,1786885190
NQ,1773286200,1773288000,NQM2026,1800,1786885200
NQ,1773288000,1773289800,NQM2026,1800,1786885210
NQ,1773289800,1773291600,NQM2026,1800,1786885220
NQ,1773291600,1773293400,NQM2026,1800,1786885230
NQ,1773293400,1773295200,NQM2026,1800,1786885240
NQ,1773295200,1773297000,NQM2026,1800,1786885250
NQ,1773297000,1773298800,NQM2026,1800,1786885260
NQ,1773298800,1773300600,NQM2026,1800,1786885270
NQ,1773300600,1773302400,NQM2026,1800,1786885280
NQ,1773302400,1773304200,NQM2026,1800,1786885290
NQ,1773304200,1773306000,NQM2026,1800,1786885300
NQ,1773306000,1773307800,NQM2026,1800,1786885310
NQ,1773307800,1773309600,NQM2026,1800,1786885320
NQ,1773309600,1773311400,NQM2026,1800,1786885330
NQ,1773311400,1773313200,NQM2026,1800,1786885340
NQ,1773313200,1773315000,NQM2026,1800,1786885350
NQ,1773315000,1773316800,NQM2026,1800,1786885360
NQ,1773316800,1773318600,NQM2026,1800,1786885370
NQ,1773318600,1773320400,NQM2026,1800,1786885380
NQ,1773320400,1773322200,NQM2026,1800,1786885390
NQ,1773322200,1773324000,NQM2026,1800,1786885400
NQ,1773324000,1773325800,NQM2026,1800,1786885410
NQ,1773325800,1773327600,NQM2026,1800,1786885420
NQ,1773327600,1773329400,NQM2026,1800,1786885430
NQ,1773329400,1773331200,NQM2026,1800,1786885440
NQ,1773331200,1773333000,NQM2026,1800,1786885450
NQ,1773333000,1773334800,NQM2026,1800,1786885460
NQ,1773334800,1773336600,NQM2026,1800,1786885470
NQ,1773336600,1773338400,NQM2026,1800,1786885480
NQ,1773338400,1773340200,NQM2026,1800,1786885490
NQ,1773340200,1773342000,NQM2026,1800,1786885500
NQ,1773342000,1773343800,NQM2026,1800,1786885510
NQ,1773343800,1773345600,NQM2026,1800,1786885520
NQ,1773345600,1773347400,NQM2026,1800,1786885530
NQ,1773347400,1773349200,NQM2026,1800,1786885540
ES,1773266400,1773268200,ESM2026,1800,1786885550
ES,1773268200,1773270000,ESM2026,1800,1786885560
ES,1773270000,1773271800,ESM2026,1800,1786885570
ES,1773271800,1773273600,ESM2026,1800,1786885580
ES,1773273600,1773275400,ESM2026,1800,1786885590
ES,1773275400,1773277200,ESM2026,1800,1786885600
ES,1773277200,1773279000,ESM2026,1800,1786885610
ES,1773279000,1773280800,ESM2026,1800,1786885620
ES,1773280800,1773282600,ESM2026,1800,1786885630
ES,1773282600,1773284400,ESM2026,1800,1786885640
ES,1773284400,1773286200,ESM2026,1800,1786885650
ES,1773286200,1773288000,ESM2026,1800,1786885660
ES,1773288000,1773289800,ESM2026,1800,1786885670
ES,1773289800,1773291600,ESM2026,1800,1786885680
ES,1773291600,1773293400,ESM2026,1800,1786885690
ES,1773293400,1773295200,ESM2026,1800,1786885700
ES,1773295200,1773297000,ESM2026,1800,1786885710
ES,1773297000,1773298800,ESM2026,1800,1786885720
ES,1773298800,1773300600,ESM2026,1800,1786885730
ES,1773300600,1773302400,ESM2026,1800,1786885740
ES,1773302400,1773304200,ESM2026,1800,1786885750
ES,1773304200,1773306000,ESM2026,1800,1786885760
ES,1773306000,1773307800,ESM2026,1800,1786885770
ES,1773307800,1773309600,ESM2026,1800,1786885780
ES,1773309600,1773311400,ESM2026,1800,1786885790
ES,1773311400,1773313200,ESM2026,1800,1786885800
ES,1773313200,1773315000,ESM2026,1800,1786885813
ES,1773315000,1773316800,ESM2026,1800,1786885820
ES,1773316800,1773318600,ESM2026,1800,1786885830
ES,1773318600,1773320400,ESM2026,1800,1786885840
ES,1773320400,1773322200,ESM2026,1800,1786885850
ES,1773322200,1773324000,ESM2026,1800,1786885860
ES,1773324000,1773325800,ESM2026,1800,1786885870
ES,1773325800,1773327600,ESM2026,1800,1786885880
ES,1773327600,1773329400,ESM2026,1800,1786885890
ES,1773329400,1773331200,ESM2026,1800,1786885900
ES,1773331200,1773333000,ESM2026,1800,1786885910
ES,1773333000,1773334800,ESM2026,1800,1786885920
ES,1773334800,1773336600,ESM2026,1800,1786885930
ES,1773336600,1773338400,ESM2026,1800,1786885940
ES,1773338400,1773340200,ESM2026,1800,1786885950
ES,1773340200,1773342000,ESM2026,1800,1786885960
ES,1773342000,1773343800,ESM2026,1800,1786885970
ES,1773343800,1773345600,ESM2026,1800,1786885980
ES,1773345600,1773347400,ESM2026,1800,1786885990
ES,1773347400,1773349200,ESM2026,1800,1786886000
NQ,1773352800,1773354600,NQM2026,1800,1786886010
NQ,1773354600,1773356400,NQM2026,1800,1786886020
NQ,1773356400,1773358200,NQM2026,1800,1786886030
NQ,1773358200,1773360000,NQM2026,1800,1786886040
NQ,1773360000,1773361800,NQM2026,1800,1786886050
NQ,1773361800,1773363600,NQM2026,1800,1786886060
NQ,1773363600,1773365400,NQM2026,1800,1786886070
NQ,1773365400,1773367200,NQM2026,1800,1786886080
NQ,1773367200,1773369000,NQM2026,1800,1786886090
NQ,1773369000,1773370800,NQM2026,1800,1786886100
NQ,1773370800,1773372600,NQM2026,1800,1786886110
NQ,1773372600,1773374400,NQM2026,1800,1786886120
NQ,1773374400,1773376200,NQM2026,1800,1786886130
NQ,1773376200,1773378000,NQM2026,1800,1786886140
NQ,1773378000,1773379800,NQM2026,1800,1786886150
NQ,1773379800,1773381600,NQM2026,1800,1786886160
NQ,1773381600,1773383400,NQM2026,1800,1786886170
NQ,1773383400,1773385200,NQM2026,1800,1786886180
NQ,1773385200,1773387000,NQM2026,1800,1786886190
NQ,1773387000,1773388800,NQM2026,1800,1786886200
NQ,1773388800,1773390600,NQM2026,1800,1786886210
NQ,1773390600,1773392400,NQM2026,1800,1786886220
NQ,1773392400,1773394200,NQM2026,1800,1786886230
NQ,1773394200,1773396000,NQM2026,1800,1786886240
NQ,1773396000,1773397800,NQM2026,1800,1786886250
NQ,1773397800,1773399600,NQM2026,1800,1786886260
NQ,1773399600,1773401400,NQM2026,1800,1786886270
NQ,1773401400,1773403200,NQM2026,1800,1786886280
NQ,1773403200,1773405000,NQM2026,1800,1786886290
NQ,1773405000,1773406800,NQM2026,1800,1786886300
NQ,1773406800,1773408600,NQM2026,1800,1786886310
NQ,1773408600,1773410400,NQM2026,1800,1786886320
NQ,1773410400,1773412200,NQM2026,1800,1786886330
NQ,1773412200,1773414000,NQM2026,1800,1786886340
NQ,1773414000,1773415800,NQM2026,1800,1786886350
NQ,1773415800,1773417600,NQM2026,1800,1786886360
NQ,1773417600,1773419400,NQM2026,1800,1786886370
NQ,1773419400,1773421200,NQM2026,1800,1786886380
NQ,1773421200,1773423000,NQM2026,1800,1786886390
NQ,1773423000,1773424800,NQM2026,1800,1786886400
NQ,1773424800,1773426600,NQM2026,1800,1786886410
NQ,1773426600,1773428400,NQM2026,1800,1786886420
NQ,1773428400,1773430200,NQM2026,1800,1786886430
NQ,1773430200,1773432000,NQM2026,1800,1786886440
NQ,1773432000,1773433800,NQM2026,1800,1786886450
NQ,1773433800,1773435600,NQM2026,1800,1786886460
ES,1773352800,1773354600,ESM2026,1800,1786886470
ES,1773354600,1773356400,ESM2026,1800,1786886480
ES,1773356400,1773358200,ESM2026,1800,1786886490
ES,1773358200,1773360000,ESM2026,1800,1786886500
ES,1773360000,1773361800,ESM2026,1800,1786886510
ES,1773361800,1773363600,ESM2026,1800,1786886520
ES,1773363600,1773365400,ESM2026,1800,1786886530
ES,1773365400,1773367200,ESM2026,1800,1786886540
ES,1773367200,1773369000,ESM2026,1800,1786886550
ES,1773369000,1773370800,ESM2026,1800,1786886560
ES,1773370800,1773372600,ESM2026,1800,1786886570
ES,1773372600,1773374400,ESM2026,1800,1786886580
ES,1773374400,1773376200,ESM2026,1800,1786886590
ES,1773376200,1773378000,ESM2026,1800,1786886600
ES,1773378000,1773379800,ESM2026,1800,1786886610
ES,1773379800,1773381600,ESM2026,1800,1786886620
ES,1773381600,1773383400,ESM2026,1800,1786886630
ES,1773383400,1773385200,ESM2026,1800,1786886640
ES,1773385200,1773387000,ESM2026,1800,1786886650
ES,1773387000,1773388800,ESM2026,1800,1786886660
ES,1773388800,1773390600,ESM2026,1800,1786886670
ES,1773390600,1773392400,ESM2026,1800,1786886680
ES,1773392400,1773394200,ESM2026,1800,1786886690
ES,1773394200,1773396000,ESM2026,1800,1786886700
ES,1773396000,1773397800,ESM2026,1800,1786886710
ES,1773397800,1773399600,ESM2026,1800,1786886720
ES,1773399600,1773401400,ESM2026,1800,1786886730
ES,1773401400,1773403200,ESM2026,1800,1786886740
ES,1773403200,1773405000,ESM2026,1800,1786886750
ES,1773405000,1773406800,ESM2026,1800,1786886760
ES,1773406800,1773408600,ESM2026,1800,1786886770
ES,1773408600,1773410400,ESM2026,1800,1786886780
ES,1773410400,1773412200,ESM2026,1800,1786886791
ES,1773412200,1773414000,ESM2026,1800,1786886803
ES,1773414000,1773415800,ESM2026,1800,1786886812
ES,1773415800,1773417600,ESM2026,1800,1786886822
ES,1773417600,1773419400,ESM2026,1800,1786886833
ES,1773419400,1773421200,ESM2026,1800,1786886840
ES,1773421200,1773423000,ESM2026,1800,1786886850
ES,1773423000,1773424800,ESM2026,1800,1786886860
ES,1773424800,1773426600,ESM2026,1800,1786886870
ES,1773426600,1773428400,ESM2026,1800,1786886880
ES,1773428400,1773430200,ESM2026,1800,1786886890
ES,1773430200,1773432000,ESM2026,1800,1786886900
ES,1773432000,1773433800,ESM2026,1800,1786886910
ES,1773433800,1773435600,ESM2026,1800,1786886920
NQ,1773612000,1773613800,NQM2026,1800,1786886930
NQ,1773613800,1773615600,NQM2026,1800,1786886940
NQ,1773615600,1773617400,NQM2026,1800,1786886950
NQ,1773617400,1773619200,NQM2026,1800,1786886960
NQ,1773619200,1773621000,NQM2026,1800,1786886970
NQ,1773621000,1773622800,NQM2026,1800,1786886980
NQ,1773622800,1773624600,NQM2026,1800,1786886990
NQ,1773624600,1773626400,NQM2026,1800,1786887000
NQ,1773626400,1773628200,NQM2026,1800,1786887010
NQ,1773628200,1773630000,NQM2026,1800,1786887020
NQ,1773630000,1773631800,NQM2026,1800,1786887030
NQ,1773631800,1773633600,NQM2026,1800,1786887040
NQ,1773633600,1773635400,NQM2026,1800,1786887050
NQ,1773635400,1773637200,NQM2026,1800,1786887060
NQ,1773637200,1773639000,NQM2026,1800,1786887070
NQ,1773639000,1773640800,NQM2026,1800,1786887080
NQ,1773640800,1773642600,NQM2026,1800,1786887090
NQ,1773642600,1773644400,NQM2026,1800,1786887100
NQ,1773644400,1773646200,NQM2026,1800,1786887110
NQ,1773646200,1773648000,NQM2026,1800,1786887120
NQ,1773648000,1773649800,NQM2026,1800,1786887130
NQ,1773649800,1773651600,NQM2026,1800,1786887140
NQ,1773651600,1773653400,NQM2026,1800,1786887150
NQ,1773653400,1773655200,NQM2026,1800,1786887160
NQ,1773655200,1773657000,NQM2026,1800,1786887170
NQ,1773657000,1773658800,NQM2026,1800,1786887180
NQ,1773658800,1773660600,NQM2026,1800,1786887190
NQ,1773660600,1773662400,NQM2026,1800,1786887200
NQ,1773662400,1773664200,NQM2026,1800,1786887210
NQ,1773664200,1773666000,NQM2026,1800,1786887220
NQ,1773666000,1773667800,NQM2026,1800,1786887230
NQ,1773667800,1773669600,NQM2026,1800,1786887240
NQ,1773669600,1773671400,NQM2026,1800,1786887250
NQ,1773671400,1773673200,NQM2026,1800,1786887260
NQ,1773673200,1773675000,NQM2026,1800,1786887270
NQ,1773675000,1773676800,NQM2026,1800,1786887280
NQ,1773676800,1773678600,NQM2026,1800,1786887290
NQ,1773678600,1773680400,NQM2026,1800,1786887300
NQ,1773680400,1773682200,NQM2026,1800,1786887310
NQ,1773682200,1773684000,NQM2026,1800,1786887320
NQ,1773684000,1773685800,NQM2026,1800,1786887330
NQ,1773685800,1773687600,NQM2026,1800,1786887340
NQ,1773687600,1773689400,NQM2026,1800,1786887350
NQ,1773689400,1773691200,NQM2026,1800,1786887360
NQ,1773691200,1773693000,NQM2026,1800,1786887370
NQ,1773693000,1773694800,NQM2026,1800,1786887380
ES,1773612000,1773613800,ESM2026,1800,1786887390
ES,1773613800,1773615600,ESM2026,1800,1786887400
ES,1773615600,1773617400,ESM2026,1800,1786887410
ES,1773617400,1773619200,ESM2026,1800,1786887420
ES,1773619200,1773621000,ESM2026,1800,1786887430
ES,1773621000,1773622800,ESM2026,1800,1786887440
ES,1773622800,1773624600,ESM2026,1800,1786887450
ES,1773624600,1773626400,ESM2026,1800,1786887460
ES,1773626400,1773628200,ESM2026,1800,1786887470
ES,1773628200,1773630000,ESM2026,1800,1786887480
ES,1773630000,1773631800,ESM2026,1800,1786887490
ES,1773631800,1773633600,ESM2026,1800,1786887500
ES,1773633600,1773635400,ESM2026,1800,1786887510
ES,1773635400,1773637200,ESM2026,1800,1786887520
ES,1773637200,1773639000,ESM2026,1800,1786887530
ES,1773639000,1773640800,ESM2026,1800,1786887540
ES,1773640800,1773642600,ESM2026,1800,1786887550
ES,1773642600,1773644400,ESM2026,1800,1786887560
ES,1773644400,1773646200,ESM2026,1800,1786887570
ES,1773646200,1773648000,ESM2026,1800,1786887580
ES,1773648000,1773649800,ESM2026,1800,1786887590
ES,1773649800,1773651600,ESM2026,1800,1786887600
ES,1773651600,1773653400,ESM2026,1800,1786887610
ES,1773653400,1773655200,ESM2026,1800,1786887620
ES,1773655200,1773657000,ESM2026,1800,1786887630
ES,1773657000,1773658800,ESM2026,1800,1786887640
ES,1773658800,1773660600,ESM2026,1800,1786887650
ES,1773660600,1773662400,ESM2026,1800,1786887660
ES,1773662400,1773664200,ESM2026,1800,1786887670
ES,1773664200,1773666000,ESM2026,1800,1786887680
ES,1773666000,1773667800,ESM2026,1800,1786887690
ES,1773667800,1773669600,ESM2026,1800,1786887700
ES,1773669600,1773671400,ESM2026,1800,1786887710
ES,1773671400,1773673200,ESM2026,1800,1786887720
ES,1773673200,1773675000,ESM2026,1800,1786887730
ES,1773675000,1773676800,ESM2026,1800,1786887740
ES,1773676800,1773678600,ESM2026,1800,1786887750
ES,1773678600,1773680400,ESM2026,1800,1786887760
ES,1773680400,1773682200,ESM2026,1800,1786887770
ES,1773682200,1773684000,ESM2026,1800,1786887780
ES,1773684000,1773685800,ESM2026,1800,1786887790
ES,1773685800,1773687600,ESM2026,1800,1786887800
ES,1773687600,1773689400,ESM2026,1800,1786887810
ES,1773689400,1773691200,ESM2026,1800,1786887820
ES,1773691200,1773693000,ESM2026,1800,1786887830
ES,1773693000,1773694800,ESM2026,1800,1786887840
NQ,1773698400,1773700200,NQM2026,1800,1786887850
NQ,1773700200,1773702000,NQM2026,1800,1786887860
NQ,1773702000,1773703800,NQM2026,1800,1786887870
NQ,1773703800,1773705600,NQM2026,1800,1786887880
NQ,1773705600,1773707400,NQM2026,1800,1786887890
NQ,1773707400,1773709200,NQM2026,1800,1786887900
NQ,1773709200,1773711000,NQM2026,1800,1786887910
NQ,1773711000,1773712800,NQM2026,1800,1786887920
NQ,1773712800,1773714600,NQM2026,1800,1786887930
NQ,1773714600,1773716400,NQM2026,1800,1786887940
NQ,1773716400,1773718200,NQM2026,1800,1786887950
NQ,1773718200,1773720000,NQM2026,1800,1786887960
NQ,1773720000,1773721800,NQM2026,1800,1786887970
NQ,1773721800,1773723600,NQM2026,1800,1786887980
NQ,1773723600,1773725400,NQM2026,1800,1786887990
NQ,1773725400,1773727200,NQM2026,1800,1786888000
NQ,1773727200,1773729000,NQM2026,1800,1786888010
NQ,1773729000,1773730800,NQM2026,1800,1786888020
NQ,1773730800,1773732600,NQM2026,1800,1786888030
NQ,1773732600,1773734400,NQM2026,1800,1786888040
NQ,1773734400,1773736200,NQM2026,1800,1786888050
NQ,1773736200,1773738000,NQM2026,1800,1786888060
NQ,1773738000,1773739800,NQM2026,1800,1786888070
NQ,1773739800,1773741600,NQM2026,1800,1786888080
NQ,1773741600,1773743400,NQM2026,1800,1786888090
NQ,1773743400,1773745200,NQM2026,1800,1786888100
NQ,1773745200,1773747000,NQM2026,1800,1786888110
NQ,1773747000,1773748800,NQM2026,1800,1786888120
NQ,1773748800,1773750600,NQM2026,1800,1786888130
NQ,1773750600,1773752400,NQM2026,1800,1786888140
NQ,1773752400,1773754200,NQM2026,1800,1786888150
NQ,1773754200,1773756000,NQM2026,1800,1786888160
NQ,1773756000,1773757800,NQM2026,1800,1786888170
NQ,1773757800,1773759600,NQM2026,1800,1786888180
NQ,1773759600,1773761400,NQM2026,1800,1786888190
NQ,1773761400,1773763200,NQM2026,1800,1786888200
NQ,1773763200,1773765000,NQM2026,1800,1786888210
NQ,1773765000,1773766800,NQM2026,1800,1786888220
NQ,1773766800,1773768600,NQM2026,1800,1786888230
NQ,1773768600,1773770400,NQM2026,1800,1786888240
NQ,1773770400,1773772200,NQM2026,1800,1786888250
NQ,1773772200,1773774000,NQM2026,1800,1786888260
NQ,1773774000,1773775800,NQM2026,1800,1786888270
NQ,1773775800,1773777600,NQM2026,1800,1786888280
NQ,1773777600,1773779400,NQM2026,1800,1786888290
NQ,1773779400,1773781200,NQM2026,1800,1786888300
ES,1773698400,1773700200,ESM2026,1800,1786888310
ES,1773700200,1773702000,ESM2026,1800,1786888320
ES,1773702000,1773703800,ESM2026,1800,1786888330
ES,1773703800,1773705600,ESM2026,1800,1786888340
ES,1773705600,1773707400,ESM2026,1800,1786888350
ES,1773707400,1773709200,ESM2026,1800,1786888360
ES,1773709200,1773711000,ESM2026,1800,1786888370
ES,1773711000,1773712800,ESM2026,1800,1786888380
ES,1773712800,1773714600,ESM2026,1800,1786888390
ES,1773714600,1773716400,ESM2026,1800,1786888400
ES,1773716400,1773718200,ESM2026,1800,1786888410
ES,1773718200,1773720000,ESM2026,1800,1786888420
ES,1773720000,1773721800,ESM2026,1800,1786888430
ES,1773721800,1773723600,ESM2026,1800,1786888440
ES,1773723600,1773725400,ESM2026,1800,1786888450
ES,1773725400,1773727200,ESM2026,1800,1786888460
ES,1773727200,1773729000,ESM2026,1800,1786888470
ES,1773729000,1773730800,ESM2026,1800,1786888480
ES,1773730800,1773732600,ESM2026,1800,1786888490
ES,1773732600,1773734400,ESM2026,1800,1786888500
ES,1773734400,1773736200,ESM2026,1800,1786888510
ES,1773736200,1773738000,ESM2026,1800,1786888520
ES,1773738000,1773739800,ESM2026,1800,1786888530
ES,1773739800,1773741600,ESM2026,1800,1786888540
ES,1773741600,1773743400,ESM2026,1800,1786888550
ES,1773743400,1773745200,ESM2026,1800,1786888560
ES,1773745200,1773747000,ESM2026,1800,1786888570
ES,1773747000,1773748800,ESM2026,1800,1786888580
ES,1773748800,1773750600,ESM2026,1800,1786888590
ES,1773750600,1773752400,ESM2026,1800,1786888600
ES,1773752400,1773754200,ESM2026,1800,1786888610
ES,1773754200,1773756000,ESM2026,1800,1786888620
ES,1773756000,1773757800,ESM2026,1800,1786888630
ES,1773757800,1773759600,ESM2026,1800,1786888640
ES,1773759600,1773761400,ESM2026,1800,1786888650
ES,1773761400,1773763200,ESM2026,1800,1786888660
ES,1773763200,1773765000,ESM2026,1800,1786888670
ES,1773765000,1773766800,ESM2026,1800,1786888680
ES,1773766800,1773768600,ESM2026,1800,1786888690
ES,1773768600,1773770400,ESM2026,1800,1786888700
ES,1773770400,1773772200,ESM2026,1800,1786888710
ES,1773772200,1773774000,ESM2026,1800,1786888720
ES,1773774000,1773775800,ESM2026,1800,1786888730
ES,1773775800,1773777600,ESM2026,1800,1786888740
ES,1773777600,1773779400,ESM2026,1800,1786888750
ES,1773779400,1773781200,ESM2026,1800,1786888760
NQ,1773784800,1773786600,NQM2026,1800,1786888770
NQ,1773786600,1773788400,NQM2026,1800,1786888780
NQ,1773788400,1773790200,NQM2026,1800,1786888790
NQ,1773790200,1773792000,NQM2026,1800,1786888800
NQ,1773792000,1773793800,NQM2026,1800,1786888810
NQ,1773793800,1773795600,NQM2026,1800,1786888820
NQ,1773795600,1773797400,NQM2026,1800,1786888830
NQ,1773797400,1773799200,NQM2026,1800,1786888840
NQ,1773799200,1773801000,NQM2026,1800,1786888850
NQ,1773801000,1773802800,NQM2026,1800,1786888860
NQ,1773802800,1773804600,NQM2026,1800,1786888870
NQ,1773804600,1773806400,NQM2026,1800,1786888880
NQ,1773806400,1773808200,NQM2026,1800,1786888890
NQ,1773808200,1773810000,NQM2026,1800,1786888900
NQ,1773810000,1773811800,NQM2026,1800,1786888910
NQ,1773811800,1773813600,NQM2026,1800,1786888920
NQ,1773813600,1773815400,NQM2026,1800,1786888930
NQ,1773815400,1773817200,NQM2026,1800,1786888940
NQ,1773817200,1773819000,NQM2026,1800,1786888950
NQ,1773819000,1773820800,NQM2026,1800,1786888960
NQ,1773820800,1773822600,NQM2026,1800,1786888970
NQ,1773822600,1773824400,NQM2026,1800,1786888980
NQ,1773824400,1773826200,NQM2026,1800,1786888990
NQ,1773826200,1773828000,NQM2026,1800,1786889000
NQ,1773828000,1773829800,NQM2026,1800,1786889010
NQ,1773829800,1773831600,NQM2026,1800,1786889020
NQ,1773831600,1773833400,NQM2026,1800,1786889030
NQ,1773833400,1773835200,NQM2026,1800,1786889040
NQ,1773835200,1773837000,NQM2026,1800,1786889050
NQ,1773837000,1773838800,NQM2026,1800,1786889060
NQ,1773838800,1773840600,NQM2026,1800,1786889070
NQ,1773840600,1773842400,NQM2026,1800,1786889080
NQ,1773842400,1773844200,NQM2026,1800,1786889090
NQ,1773844200,1773846000,NQM2026,1800,1786889100
NQ,1773846000,1773847800,NQM2026,1800,1786889110
NQ,1773847800,1773849600,NQM2026,1800,1786889121
NQ,1773849600,1773851400,NQM2026,1800,1786889130
NQ,1773851400,1773853200,NQM2026,1800,1786889140
NQ,1773853200,1773855000,NQM2026,1800,1786889150
NQ,1773855000,1773856800,NQM2026,1800,1786889160
NQ,1773856800,1773858600,NQM2026,1800,1786889170
NQ,1773858600,1773860400,NQM2026,1800,1786889180
NQ,1773860400,1773862200,NQM2026,1800,1786889190
NQ,1773862200,1773864000,NQM2026,1800,1786889200
NQ,1773864000,1773865800,NQM2026,1800,1786889210
NQ,1773865800,1773867600,NQM2026,1800,1786889220
ES,1773784800,1773786600,ESM2026,1800,1786889230
ES,1773786600,1773788400,ESM2026,1800,1786889240
ES,1773788400,1773790200,ESM2026,1800,1786889250
ES,1773790200,1773792000,ESM2026,1800,1786889260
ES,1773792000,1773793800,ESM2026,1800,1786889270
ES,1773793800,1773795600,ESM2026,1800,1786889280
ES,1773795600,1773797400,ESM2026,1800,1786889290
ES,1773797400,1773799200,ESM2026,1800,1786889300
ES,1773799200,1773801000,ESM2026,1800,1786889310
ES,1773801000,1773802800,ESM2026,1800,1786889320
ES,1773802800,1773804600,ESM2026,1800,1786889330
ES,1773804600,1773806400,ESM2026,1800,1786889340
ES,1773806400,1773808200,ESM2026,1800,1786889350
ES,1773808200,1773810000,ESM2026,1800,1786889360
ES,1773810000,1773811800,ESM2026,1800,1786889370
ES,1773811800,1773813600,ESM2026,1800,1786889380
ES,1773813600,1773815400,ESM2026,1800,1786889390
ES,1773815400,1773817200,ESM2026,1800,1786889400
ES,1773817200,1773819000,ESM2026,1800,1786889410
ES,1773819000,1773820800,ESM2026,1800,1786889420
ES,1773820800,1773822600,ESM2026,1800,1786889430
ES,1773822600,1773824400,ESM2026,1800,1786889440
ES,1773824400,1773826200,ESM2026,1800,1786889450
ES,1773826200,1773828000,ESM2026,1800,1786889460
ES,1773828000,1773829800,ESM2026,1800,1786889470
ES,1773829800,1773831600,ESM2026,1800,1786889480
ES,1773831600,1773833400,ESM2026,1800,1786889490
ES,1773833400,1773835200,ESM2026,1800,1786889500
ES,1773835200,1773837000,ESM2026,1800,1786889510
ES,1773837000,1773838800,ESM2026,1800,1786889520
ES,1773838800,1773840600,ESM2026,1800,1786889530
ES,1773840600,1773842400,ESM2026,1800,1786889540
ES,1773842400,1773844200,ESM2026,1800,1786889550
ES,1773844200,1773846000,ESM2026,1800,1786889560
ES,1773846000,1773847800,ESM2026,1800,1786889570
ES,1773847800,1773849600,ESM2026,1800,1786889580
ES,1773849600,1773851400,ESM2026,1800,1786889590
ES,1773851400,1773853200,ESM2026,1800,1786889600
ES,1773853200,1773855000,ESM2026,1800,1786889610
ES,1773855000,1773856800,ESM2026,1800,1786889620
ES,1773856800,1773858600,ESM2026,1800,1786889630
ES,1773858600,1773860400,ESM2026,1800,1786889640
ES,1773860400,1773862200,ESM2026,1800,1786889650
ES,1773862200,1773864000,ESM2026,1800,1786889660
ES,1773864000,1773865800,ESM2026,1800,1786889670
ES,1773865800,1773867600,ESM2026,1800,1786889680
NQ,1773871200,1773873000,NQM2026,1800,1786889690
NQ,1773873000,1773874800,NQM2026,1800,1786889700
NQ,1773874800,1773876600,NQM2026,1800,1786889710
NQ,1773876600,1773878400,NQM2026,1800,1786889720
NQ,1773878400,1773880200,NQM2026,1800,1786889730
NQ,1773880200,1773882000,NQM2026,1800,1786889740
NQ,1773882000,1773883800,NQM2026,1800,1786889750
NQ,1773883800,1773885600,NQM2026,1800,1786889760
NQ,1773885600,1773887400,NQM2026,1800,1786889770
NQ,1773887400,1773889200,NQM2026,1800,1786889780
NQ,1773889200,1773891000,NQM2026,1800,1786889790
NQ,1773891000,1773892800,NQM2026,1800,1786889800
NQ,1773892800,1773894600,NQM2026,1800,1786889810
NQ,1773894600,1773896400,NQM2026,1800,1786889820
NQ,1773896400,1773898200,NQM2026,1800,1786889830
NQ,1773898200,1773900000,NQM2026,1800,1786889840
NQ,1773900000,1773901800,NQM2026,1800,1786889850
NQ,1773901800,1773903600,NQM2026,1800,1786889860
NQ,1773903600,1773905400,NQM2026,1800,1786889870
NQ,1773905400,1773907200,NQM2026,1800,1786889880
NQ,1773907200,1773909000,NQM2026,1800,1786889890
NQ,1773909000,1773910800,NQM2026,1800,1786889900
NQ,1773910800,1773912600,NQM2026,1800,1786889910
NQ,1773912600,1773914400,NQM2026,1800,1786889920
NQ,1773914400,1773916200,NQM2026,1800,1786889930
NQ,1773916200,1773918000,NQM2026,1800,1786889940
NQ,1773918000,1773919800,NQM2026,1800,1786889950
NQ,1773919800,1773921600,NQM2026,1800,1786889960
NQ,1773921600,1773923400,NQM2026,1800,1786889970
NQ,1773923400,1773925200,NQM2026,1800,1786889980
NQ,1773925200,1773927000,NQM2026,1800,1786889990
NQ,1773927000,1773928800,NQM2026,1800,1786890000
NQ,1773928800,1773930600,NQM2026,1800,1786890010
NQ,1773930600,1773932400,NQM2026,1800,1786890020
NQ,1773932400,1773934200,NQM2026,1800,1786890030
NQ,1773934200,1773936000,NQM2026,1800,1786890040
NQ,1773936000,1773937800,NQM2026,1800,1786890050
NQ,1773937800,1773939600,NQM2026,1800,1786890060
NQ,1773939600,1773941400,NQM2026,1800,1786890070
NQ,1773941400,1773943200,NQM2026,1800,1786890080
NQ,1773943200,1773945000,NQM2026,1800,1786890090
NQ,1773945000,1773946800,NQM2026,1800,1786890100
NQ,1773946800,1773948600,NQM2026,1800,1786890110
NQ,1773948600,1773950400,NQM2026,1800,1786890120
NQ,1773950400,1773952200,NQM2026,1800,1786890130
NQ,1773952200,1773954000,NQM2026,1800,1786890140
ES,1773871200,1773873000,ESM2026,1800,1786890150
ES,1773873000,1773874800,ESM2026,1800,1786890160
ES,1773874800,1773876600,ESM2026,1800,1786890170
ES,1773876600,1773878400,ESM2026,1800,1786890180
ES,1773878400,1773880200,ESM2026,1800,1786890190
ES,1773880200,1773882000,ESM2026,1800,1786890200
ES,1773882000,1773883800,ESM2026,1800,1786890210
ES,1773883800,1773885600,ESM2026,1800,1786890220
ES,1773885600,1773887400,ESM2026,1800,1786890230
ES,1773887400,1773889200,ESM2026,1800,1786890240
ES,1773889200,1773891000,ESM2026,1800,1786890250
ES,1773891000,1773892800,ESM2026,1800,1786890260
ES,1773892800,1773894600,ESM2026,1800,1786890270
ES,1773894600,1773896400,ESM2026,1800,1786890280
ES,1773896400,1773898200,ESM2026,1800,1786890290
ES,1773898200,1773900000,ESM2026,1800,1786890300
ES,1773900000,1773901800,ESM2026,1800,1786890310
ES,1773901800,1773903600,ESM2026,1800,1786890320
ES,1773903600,1773905400,ESM2026,1800,1786890330
ES,1773905400,1773907200,ESM2026,1800,1786890340
ES,1773907200,1773909000,ESM2026,1800,1786890350
ES,1773909000,1773910800,ESM2026,1800,1786890360
ES,1773910800,1773912600,ESM2026,1800,1786890370
ES,1773912600,1773914400,ESM2026,1800,1786890380
ES,1773914400,1773916200,ESM2026,1800,1786890390
ES,1773916200,1773918000,ESM2026,1800,1786890400
ES,1773918000,1773919800,ESM2026,1800,1786890410
ES,1773919800,1773921600,ESM2026,1800,1786890420
ES,1773921600,1773923400,ESM2026,1800,1786890430
ES,1773923400,1773925200,ESM2026,1800,1786890440
ES,1773925200,1773927000,ESM2026,1800,1786890450
ES,1773927000,1773928800,ESM2026,1800,1786890460
ES,1773928800,1773930600,ESM2026,1800,1786890470
ES,1773930600,1773932400,ESM2026,1800,1786890480
ES,1773932400,1773934200,ESM2026,1800,1786890490
ES,1773934200,1773936000,ESM2026,1800,1786890500
ES,1773936000,1773937800,ESM2026,1800,1786890510
ES,1773937800,1773939600,ESM2026,1800,1786890520
ES,1773939600,1773941400,ESM2026,1800,1786890530
ES,1773941400,1773943200,ESM2026,1800,1786890540
ES,1773943200,1773945000,ESM2026,1800,1786890550
ES,1773945000,1773946800,ESM2026,1800,1786890560
ES,1773946800,1773948600,ESM2026,1800,1786890570
ES,1773948600,1773950400,ESM2026,1800,1786890580
ES,1773950400,1773952200,ESM2026,1800,1786890590
ES,1773952200,1773954000,ESM2026,1800,1786890600
NQ,1773957600,1773959400,NQM2026,1800,1786890610
NQ,1773959400,1773961200,NQM2026,1800,1786890620
NQ,1773961200,1773963000,NQM2026,1800,1786890630
NQ,1773963000,1773964800,NQM2026,1800,1786890640
NQ,1773964800,1773966600,NQM2026,1800,1786890650
NQ,1773966600,1773968400,NQM2026,1800,1786890660
NQ,1773968400,1773970200,NQM2026,1800,1786890670
NQ,1773970200,1773972000,NQM2026,1800,1786890680
NQ,1773972000,1773973800,NQM2026,1800,1786890690
NQ,1773973800,1773975600,NQM2026,1800,1786890700
NQ,1773975600,1773977400,NQM2026,1800,1786890710
NQ,1773977400,1773979200,NQM2026,1800,1786890720
NQ,1773979200,1773981000,NQM2026,1800,1786890730
NQ,1773981000,1773982800,NQM2026,1800,1786890740
NQ,1773982800,1773984600,NQM2026,1800,1786890750
NQ,1773984600,1773986400,NQM2026,1800,1786890760
NQ,1773986400,1773988200,NQM2026,1800,1786890770
NQ,1773988200,1773990000,NQM2026,1800,1786890780
NQ,1773990000,1773991800,NQM2026,1800,1786890790
NQ,1773991800,1773993600,NQM2026,1800,1786890800
NQ,1773993600,1773995400,NQM2026,1800,1786890810
NQ,1773995400,1773997200,NQM2026,1800,1786890820
NQ,1773997200,1773999000,NQM2026,1800,1786890830
NQ,1773999000,1774000800,NQM2026,1800,1786890840
NQ,1774000800,1774002600,NQM2026,1800,1786890850
NQ,1774002600,1774004400,NQM2026,1800,1786890860
NQ,1774004400,1774006200,NQM2026,1800,1786890870
NQ,1774006200,1774008000,NQM2026,1800,1786890880
NQ,1774008000,1774009800,NQM2026,1800,1786890890
NQ,1774009800,1774011600,NQM2026,1800,1786890900
NQ,1774011600,1774013400,NQM2026,1800,1786890910
NQ,1774013400,1774015200,NQM2026,1800,1786890920
NQ,1774015200,1774017000,NQM2026,1800,1786890930
NQ,1774017000,1774018800,NQM2026,1800,1786890940
NQ,1774018800,1774020600,NQM2026,1800,1786890950
NQ,1774020600,1774022400,NQM2026,1800,1786890961
NQ,1774022400,1774024200,NQM2026,1800,1786890970
NQ,1774024200,1774026000,NQM2026,1800,1786890980
NQ,1774026000,1774027800,NQM2026,1800,1786890990
NQ,1774027800,1774029600,NQM2026,1800,1786891000
NQ,1774029600,1774031400,NQM2026,1800,1786891010
NQ,1774031400,1774033200,NQM2026,1800,1786891020
NQ,1774033200,1774035000,NQM2026,1800,1786891030
NQ,1774035000,1774036800,NQM2026,1800,1786891040
NQ,1774036800,1774038600,NQM2026,1800,1786891050
NQ,1774038600,1774040400,NQM2026,1800,1786891060
ES,1773957600,1773959400,ESM2026,1800,1786891070
ES,1773959400,1773961200,ESM2026,1800,1786891080
ES,1773961200,1773963000,ESM2026,1800,1786891090
ES,1773963000,1773964800,ESM2026,1800,1786891100
ES,1773964800,1773966600,ESM2026,1800,1786891110
ES,1773966600,1773968400,ESM2026,1800,1786891120
ES,1773968400,1773970200,ESM2026,1800,1786891130
ES,1773970200,1773972000,ESM2026,1800,1786891140
ES,1773972000,1773973800,ESM2026,1800,1786891150
ES,1773973800,1773975600,ESM2026,1800,1786891160
ES,1773975600,1773977400,ESM2026,1800,1786891170
ES,1773977400,1773979200,ESM2026,1800,1786891180
ES,1773979200,1773981000,ESM2026,1800,1786891190
ES,1773981000,1773982800,ESM2026,1800,1786891200
ES,1773982800,1773984600,ESM2026,1800,1786891210
ES,1773984600,1773986400,ESM2026,1800,1786891220
ES,1773986400,1773988200,ESM2026,1800,1786891230
ES,1773988200,1773990000,ESM2026,1800,1786891240
ES,1773990000,1773991800,ESM2026,1800,1786891250
ES,1773991800,1773993600,ESM2026,1800,1786891260
ES,1773993600,1773995400,ESM2026,1800,1786891270
ES,1773995400,1773997200,ESM2026,1800,1786891280
ES,1773997200,1773999000,ESM2026,1800,1786891290
ES,1773999000,1774000800,ESM2026,1800,1786891300
ES,1774000800,1774002600,ESM2026,1800,1786891310
ES,1774002600,1774004400,ESM2026,1800,1786891320
ES,1774004400,1774006200,ESM2026,1800,1786891330
ES,1774006200,1774008000,ESM2026,1800,1786891340
ES,1774008000,1774009800,ESM2026,1800,1786891350
ES,1774009800,1774011600,ESM2026,1800,1786891360
ES,1774011600,1774013400,ESM2026,1800,1786891370
ES,1774013400,1774015200,ESM2026,1800,1786891380
ES,1774015200,1774017000,ESM2026,1800,1786891390
ES,1774017000,1774018800,ESM2026,1800,1786891400
ES,1774018800,1774020600,ESM2026,1800,1786891410
ES,1774020600,1774022400,ESM2026,1800,1786891420
ES,1774022400,1774024200,ESM2026,1800,1786891430
ES,1774024200,1774026000,ESM2026,1800,1786891440
ES,1774026000,1774027800,ESM2026,1800,1786891450
ES,1774027800,1774029600,ESM2026,1800,1786891460
ES,1774029600,1774031400,ESM2026,1800,1786891470
ES,1774031400,1774033200,ESM2026,1800,1786891480
ES,1774033200,1774035000,ESM2026,1800,1786891490
ES,1774035000,1774036800,ESM2026,1800,1786891500
ES,1774036800,1774038600,ESM2026,1800,1786891510
ES,1774038600,1774040400,ESM2026,1800,1786891520
NQ,1774216800,1774218600,NQM2026,1800,1786891530
NQ,1774218600,1774220400,NQM2026,1800,1786891540
NQ,1774220400,1774222200,NQM2026,1800,1786891550
NQ,1774222200,1774224000,NQM2026,1800,1786891560
NQ,1774224000,1774225800,NQM2026,1800,1786891570
NQ,1774225800,1774227600,NQM2026,1800,1786891580
NQ,1774227600,1774229400,NQM2026,1800,1786891590
NQ,1774229400,1774231200,NQM2026,1800,1786891600
NQ,1774231200,1774233000,NQM2026,1800,1786891610
NQ,1774233000,1774234800,NQM2026,1800,1786891620
NQ,1774234800,1774236600,NQM2026,1800,1786891630
NQ,1774236600,1774238400,NQM2026,1800,1786891640
NQ,1774238400,1774240200,NQM2026,1800,1786891650
NQ,1774240200,1774242000,NQM2026,1800,1786891660
NQ,1774242000,1774243800,NQM2026,1800,1786891670
NQ,1774243800,1774245600,NQM2026,1800,1786891680
NQ,1774245600,1774247400,NQM2026,1800,1786891690
NQ,1774247400,1774249200,NQM2026,1800,1786891700
NQ,1774249200,1774251000,NQM2026,1800,1786891711
NQ,1774251000,1774252800,NQM2026,1800,1786891720
NQ,1774252800,1774254600,NQM2026,1800,1786891730
NQ,1774254600,1774256400,NQM2026,1800,1786891740
NQ,1774256400,1774258200,NQM2026,1800,1786891750
NQ,1774258200,1774260000,NQM2026,1800,1786891760
NQ,1774260000,1774261800,NQM2026,1800,1786891770
NQ,1774261800,1774263600,NQM2026,1800,1786891780
NQ,1774263600,1774265400,NQM2026,1800,1786891790
NQ,1774265400,1774267200,NQM2026,1800,1786891800
NQ,1774267200,1774269000,NQM2026,1800,1786891810
NQ,1774269000,1774270800,NQM2026,1800,1786891820
NQ,1774270800,1774272600,NQM2026,1800,1786891830
NQ,1774272600,1774274400,NQM2026,1800,1786891840
NQ,1774274400,1774276200,NQM2026,1800,1786891850
NQ,1774276200,1774278000,NQM2026,1800,1786891860
NQ,1774278000,1774279800,NQM2026,1800,1786891870
NQ,1774279800,1774281600,NQM2026,1800,1786891880
NQ,1774281600,1774283400,NQM2026,1800,1786891890
NQ,1774283400,1774285200,NQM2026,1800,1786891900
NQ,1774285200,1774287000,NQM2026,1800,1786891910
NQ,1774287000,1774288800,NQM2026,1800,1786891920
NQ,1774288800,1774290600,NQM2026,1800,1786891930
NQ,1774290600,1774292400,NQM2026,1800,1786891940
NQ,1774292400,1774294200,NQM2026,1800,1786891951
NQ,1774294200,1774296000,NQM2026,1800,1786891960
NQ,1774296000,1774297800,NQM2026,1800,1786891970
NQ,1774297800,1774299600,NQM2026,1800,1786891980
ES,1774216800,1774218600,ESM2026,1800,1786891990
ES,1774218600,1774220400,ESM2026,1800,1786892000
ES,1774220400,1774222200,ESM2026,1800,1786892010
ES,1774222200,1774224000,ESM2026,1800,1786892020
ES,1774224000,1774225800,ESM2026,1800,1786892030
ES,1774225800,1774227600,ESM2026,1800,1786892040
ES,1774227600,1774229400,ESM2026,1800,1786892050
ES,1774229400,1774231200,ESM2026,1800,1786892060
ES,1774231200,1774233000,ESM2026,1800,1786892070
ES,1774233000,1774234800,ESM2026,1800,1786892080
ES,1774234800,1774236600,ESM2026,1800,1786892090
ES,1774236600,1774238400,ESM2026,1800,1786892100
ES,1774238400,1774240200,ESM2026,1800,1786892110
ES,1774240200,1774242000,ESM2026,1800,1786892120
ES,1774242000,1774243800,ESM2026,1800,1786892130
ES,1774243800,1774245600,ESM2026,1800,1786892140
ES,1774245600,1774247400,ESM2026,1800,1786892150
ES,1774247400,1774249200,ESM2026,1800,1786892160
ES,1774249200,1774251000,ESM2026,1800,1786892170
ES,1774251000,1774252800,ESM2026,1800,1786892180
ES,1774252800,1774254600,ESM2026,1800,1786892190
ES,1774254600,1774256400,ESM2026,1800,1786892200
ES,1774256400,1774258200,ESM2026,1800,1786892210
ES,1774258200,1774260000,ESM2026,1800,1786892220
ES,1774260000,1774261800,ESM2026,1800,1786892230
ES,1774261800,1774263600,ESM2026,1800,1786892240
ES,1774263600,1774265400,ESM2026,1800,1786892250
ES,1774265400,1774267200,ESM2026,1800,1786892260
ES,1774267200,1774269000,ESM2026,1800,1786892270
ES,1774269000,1774270800,ESM2026,1800,1786892280
ES,1774270800,1774272600,ESM2026,1800,1786892290
ES,1774272600,1774274400,ESM2026,1800,1786892300
ES,1774274400,1774276200,ESM2026,1800,1786892310
ES,1774276200,1774278000,ESM2026,1800,1786892320
ES,1774278000,1774279800,ESM2026,1800,1786892330
ES,1774279800,1774281600,ESM2026,1800,1786892340
ES,1774281600,1774283400,ESM2026,1800,1786892350
ES,1774283400,1774285200,ESM2026,1800,1786892360
ES,1774285200,1774287000,ESM2026,1800,1786892370
ES,1774287000,1774288800,ESM2026,1800,1786892380
ES,1774288800,1774290600,ESM2026,1800,1786892390
ES,1774290600,1774292400,ESM2026,1800,1786892400
ES,1774292400,1774294200,ESM2026,1800,1786892410
ES,1774294200,1774296000,ESM2026,1800,1786892420
ES,1774296000,1774297800,ESM2026,1800,1786892430
ES,1774297800,1774299600,ESM2026,1800,1786892440
NQ,1774303200,1774305000,NQM2026,1800,1786892450
NQ,1774305000,1774306800,NQM2026,1800,1786892460
NQ,1774306800,1774308600,NQM2026,1800,1786892470
NQ,1774308600,1774310400,NQM2026,1800,1786892480
NQ,1774310400,1774312200,NQM2026,1800,1786892490
NQ,1774312200,1774314000,NQM2026,1800,1786892500
NQ,1774314000,1774315800,NQM2026,1800,1786892510
NQ,1774315800,1774317600,NQM2026,1800,1786892520
NQ,1774317600,1774319400,NQM2026,1800,1786892530
NQ,1774319400,1774321200,NQM2026,1800,1786892540
NQ,1774321200,1774323000,NQM2026,1800,1786892550
NQ,1774323000,1774324800,NQM2026,1800,1786892560
NQ,1774324800,1774326600,NQM2026,1800,1786892570
NQ,1774326600,1774328400,NQM2026,1800,1786892580
NQ,1774328400,1774330200,NQM2026,1800,1786892590
NQ,1774330200,1774332000,NQM2026,1800,1786892600
NQ,1774332000,1774333800,NQM2026,1800,1786892610
NQ,1774333800,1774335600,NQM2026,1800,1786892620
NQ,1774335600,1774337400,NQM2026,1800,1786892630
NQ,1774337400,1774339200,NQM2026,1800,1786892640
NQ,1774339200,1774341000,NQM2026,1800,1786892650
NQ,1774341000,1774342800,NQM2026,1800,1786892660
NQ,1774342800,1774344600,NQM2026,1800,1786892670
NQ,1774344600,1774346400,NQM2026,1800,1786892680
NQ,1774346400,1774348200,NQM2026,1800,1786892690
NQ,1774348200,1774350000,NQM2026,1800,1786892700
NQ,1774350000,1774351800,NQM2026,1800,1786892710
NQ,1774351800,1774353600,NQM2026,1800,1786892720
NQ,1774353600,1774355400,NQM2026,1800,1786892730
NQ,1774355400,1774357200,NQM2026,1800,1786892740
NQ,1774357200,1774359000,NQM2026,1800,1786892750
NQ,1774359000,1774360800,NQM2026,1800,1786892760
NQ,1774360800,1774362600,NQM2026,1800,1786892770
NQ,1774362600,1774364400,NQM2026,1800,1786892780
NQ,1774364400,1774366200,NQM2026,1800,1786892790
NQ,1774366200,1774368000,NQM2026,1800,1786892800
NQ,1774368000,1774369800,NQM2026,1800,1786892810
NQ,1774369800,1774371600,NQM2026,1800,1786892820
NQ,1774371600,1774373400,NQM2026,1800,1786892830
NQ,1774373400,1774375200,NQM2026,1800,1786892840
NQ,1774375200,1774377000,NQM2026,1800,1786892850
NQ,1774377000,1774378800,NQM2026,1800,1786892860
NQ,1774378800,1774380600,NQM2026,1800,1786892870
NQ,1774380600,1774382400,NQM2026,1800,1786892880
NQ,1774382400,1774384200,NQM2026,1800,1786892890
NQ,1774384200,1774386000,NQM2026,1800,1786892900
ES,1774303200,1774305000,ESM2026,1800,1786892910
ES,1774305000,1774306800,ESM2026,1800,1786892920
ES,1774306800,1774308600,ESM2026,1800,1786892930
ES,1774308600,1774310400,ESM2026,1800,1786892940
ES,1774310400,1774312200,ESM2026,1800,1786892950
ES,1774312200,1774314000,ESM2026,1800,1786892960
ES,1774314000,1774315800,ESM2026,1800,1786892970
ES,1774315800,1774317600,ESM2026,1800,1786892980
ES,1774317600,1774319400,ESM2026,1800,1786892990
ES,1774319400,1774321200,ESM2026,1800,1786893000
ES,1774321200,1774323000,ESM2026,1800,1786893010
ES,1774323000,1774324800,ESM2026,1800,1786893020
ES,1774324800,1774326600,ESM2026,1800,1786893030
ES,1774326600,1774328400,ESM2026,1800,1786893040
ES,1774328400,1774330200,ESM2026,1800,1786893050
ES,1774330200,1774332000,ESM2026,1800,1786893060
ES,1774332000,1774333800,ESM2026,1800,1786893070
ES,1774333800,1774335600,ESM2026,1800,1786893080
ES,1774335600,1774337400,ESM2026,1800,1786893090
ES,1774337400,1774339200,ESM2026,1800,1786893100
ES,1774339200,1774341000,ESM2026,1800,1786893110
ES,1774341000,1774342800,ESM2026,1800,1786893120
ES,1774342800,1774344600,ESM2026,1800,1786893130
ES,1774344600,1774346400,ESM2026,1800,1786893140
ES,1774346400,1774348200,ESM2026,1800,1786893150
ES,1774348200,1774350000,ESM2026,1800,1786893160
ES,1774350000,1774351800,ESM2026,1800,1786893170
ES,1774351800,1774353600,ESM2026,1800,1786893180
ES,1774353600,1774355400,ESM2026,1800,1786893190
ES,1774355400,1774357200,ESM2026,1800,1786893200
ES,1774357200,1774359000,ESM2026,1800,1786893210
ES,1774359000,1774360800,ESM2026,1800,1786893220
ES,1774360800,1774362600,ESM2026,1800,1786893230
ES,1774362600,1774364400,ESM2026,1800,1786893240
ES,1774364400,1774366200,ESM2026,1800,1786893250
ES,1774366200,1774368000,ESM2026,1800,1786893260
ES,1774368000,1774369800,ESM2026,1800,1786893270
ES,1774369800,1774371600,ESM2026,1800,1786893280
ES,1774371600,1774373400,ESM2026,1800,1786893290
ES,1774373400,1774375200,ESM2026,1800,1786893300
ES,1774375200,1774377000,ESM2026,1800,1786893310
ES,1774377000,1774378800,ESM2026,1800,1786893320
ES,1774378800,1774380600,ESM2026,1800,1786893330
ES,1774380600,1774382400,ESM2026,1800,1786893340
ES,1774382400,1774384200,ESM2026,1800,1786893350
ES,1774384200,1774386000,ESM2026,1800,1786893360
NQ,1774389600,1774391400,NQM2026,1800,1786893370
NQ,1774391400,1774393200,NQM2026,1800,1786893380
NQ,1774393200,1774395000,NQM2026,1800,1786893390
NQ,1774395000,1774396800,NQM2026,1800,1786893400
NQ,1774396800,1774398600,NQM2026,1800,1786893410
NQ,1774398600,1774400400,NQM2026,1800,1786893420
NQ,1774400400,1774402200,NQM2026,1800,1786893430
NQ,1774402200,1774404000,NQM2026,1800,1786893440
NQ,1774404000,1774405800,NQM2026,1800,1786893450
NQ,1774405800,1774407600,NQM2026,1800,1786893460
NQ,1774407600,1774409400,NQM2026,1800,1786893470
NQ,1774409400,1774411200,NQM2026,1800,1786893480
NQ,1774411200,1774413000,NQM2026,1800,1786893491
NQ,1774413000,1774414800,NQM2026,1800,1786893500
NQ,1774414800,1774416600,NQM2026,1800,1786893510
NQ,1774416600,1774418400,NQM2026,1800,1786893520
NQ,1774418400,1774420200,NQM2026,1800,1786893530
NQ,1774420200,1774422000,NQM2026,1800,1786893540
NQ,1774422000,1774423800,NQM2026,1800,1786893550
NQ,1774423800,1774425600,NQM2026,1800,1786893560
NQ,1774425600,1774427400,NQM2026,1800,1786893570
NQ,1774427400,1774429200,NQM2026,1800,1786893580
NQ,1774429200,1774431000,NQM2026,1800,1786893590
NQ,1774431000,1774432800,NQM2026,1800,1786893600
NQ,1774432800,1774434600,NQM2026,1800,1786893610
NQ,1774434600,1774436400,NQM2026,1800,1786893620
NQ,1774436400,1774438200,NQM2026,1800,1786893630
NQ,1774438200,1774440000,NQM2026,1800,1786893640
NQ,1774440000,1774441800,NQM2026,1800,1786893650
NQ,1774441800,1774443600,NQM2026,1800,1786893660
NQ,1774443600,1774445400,NQM2026,1800,1786893670
NQ,1774445400,1774447200,NQM2026,1800,1786893680
NQ,1774447200,1774449000,NQM2026,1800,1786893690
NQ,1774449000,1774450800,NQM2026,1800,1786893700
NQ,1774450800,1774452600,NQM2026,1800,1786893710
NQ,1774452600,1774454400,NQM2026,1800,1786893720
NQ,1774454400,1774456200,NQM2026,1800,1786893730
NQ,1774456200,1774458000,NQM2026,1800,1786893741
NQ,1774458000,1774459800,NQM2026,1800,1786893750
NQ,1774459800,1774461600,NQM2026,1800,1786893760
NQ,1774461600,1774463400,NQM2026,1800,1786893770
NQ,1774463400,1774465200,NQM2026,1800,1786893780
NQ,1774465200,1774467000,NQM2026,1800,1786893790
NQ,1774467000,1774468800,NQM2026,1800,1786893801
NQ,1774468800,1774470600,NQM2026,1800,1786893810
NQ,1774470600,1774472400,NQM2026,1800,1786893820
ES,1774389600,1774391400,ESM2026,1800,1786893830
ES,1774391400,1774393200,ESM2026,1800,1786893840
ES,1774393200,1774395000,ESM2026,1800,1786893850
ES,1774395000,1774396800,ESM2026,1800,1786893860
ES,1774396800,1774398600,ESM2026,1800,1786893870
ES,1774398600,1774400400,ESM2026,1800,1786893880
ES,1774400400,1774402200,ESM2026,1800,1786893890
ES,1774402200,1774404000,ESM2026,1800,1786893900
ES,1774404000,1774405800,ESM2026,1800,1786893910
ES,1774405800,1774407600,ESM2026,1800,1786893920
ES,1774407600,1774409400,ESM2026,1800,1786893930
ES,1774409400,1774411200,ESM2026,1800,1786893940
ES,1774411200,1774413000,ESM2026,1800,1786893950
ES,1774413000,1774414800,ESM2026,1800,1786893960
ES,1774414800,1774416600,ESM2026,1800,1786893970
ES,1774416600,1774418400,ESM2026,1800,1786893980
ES,1774418400,1774420200,ESM2026,1800,1786893990
ES,1774420200,1774422000,ESM2026,1800,1786894000
ES,1774422000,1774423800,ESM2026,1800,1786894010
ES,1774423800,1774425600,ESM2026,1800,1786894020
ES,1774425600,1774427400,ESM2026,1800,1786894030
ES,1774427400,1774429200,ESM2026,1800,1786894040
ES,1774429200,1774431000,ESM2026,1800,1786894050
ES,1774431000,1774432800,ESM2026,1800,1786894060
ES,1774432800,1774434600,ESM2026,1800,1786894070
ES,1774434600,1774436400,ESM2026,1800,1786894080
ES,1774436400,1774438200,ESM2026,1800,1786894090
ES,1774438200,1774440000,ESM2026,1800,1786894100
ES,1774440000,1774441800,ESM2026,1800,1786894110
ES,1774441800,1774443600,ESM2026,1800,1786894120
ES,1774443600,1774445400,ESM2026,1800,1786894130
ES,1774445400,1774447200,ESM2026,1800,1786894140
ES,1774447200,1774449000,ESM2026,1800,1786894150
ES,1774449000,1774450800,ESM2026,1800,1786894160
ES,1774450800,1774452600,ESM2026,1800,1786894170
ES,1774452600,1774454400,ESM2026,1800,1786894180
ES,1774454400,1774456200,ESM2026,1800,1786894190
ES,1774456200,1774458000,ESM2026,1800,1786894200
ES,1774458000,1774459800,ESM2026,1800,1786894210
ES,1774459800,1774461600,ESM2026,1800,1786894220
ES,1774461600,1774463400,ESM2026,1800,1786894230
ES,1774463400,1774465200,ESM2026,1800,1786894240
ES,1774465200,1774467000,ESM2026,1800,1786894251
ES,1774467000,1774468800,ESM2026,1800,1786894260
ES,1774468800,1774470600,ESM2026,1800,1786894270
ES,1774470600,1774472400,ESM2026,1800,1786894281
NQ,1774476000,1774477800,NQM2026,1800,1786894290
NQ,1774477800,1774479600,NQM2026,1800,1786894300
NQ,1774479600,1774481400,NQM2026,1800,1786894310
NQ,1774481400,1774483200,NQM2026,1800,1786894320
NQ,1774483200,1774485000,NQM2026,1800,1786894330
NQ,1774485000,1774486800,NQM2026,1800,1786894340
NQ,1774486800,1774488600,NQM2026,1800,1786894350
NQ,1774488600,1774490400,NQM2026,1800,1786894360
NQ,1774490400,1774492200,NQM2026,1800,1786894370
NQ,1774492200,1774494000,NQM2026,1800,1786894380
NQ,1774494000,1774495800,NQM2026,1800,1786894390
NQ,1774495800,1774497600,NQM2026,1800,1786894400
NQ,1774497600,1774499400,NQM2026,1800,1786894410
NQ,1774499400,1774501200,NQM2026,1800,1786894420
NQ,1774501200,1774503000,NQM2026,1800,1786894430
NQ,1774503000,1774504800,NQM2026,1800,1786894440
NQ,1774504800,1774506600,NQM2026,1800,1786894450
NQ,1774506600,1774508400,NQM2026,1800,1786894460
NQ,1774508400,1774510200,NQM2026,1800,1786894470
NQ,1774510200,1774512000,NQM2026,1800,1786894480
NQ,1774512000,1774513800,NQM2026,1800,1786894490
NQ,1774513800,1774515600,NQM2026,1800,1786894500
NQ,1774515600,1774517400,NQM2026,1800,1786894510
NQ,1774517400,1774519200,NQM2026,1800,1786894520
NQ,1774519200,1774521000,NQM2026,1800,1786894530
NQ,1774521000,1774522800,NQM2026,1800,1786894540
NQ,1774522800,1774524600,NQM2026,1800,1786894550
NQ,1774524600,1774526400,NQM2026,1800,1786894560
NQ,1774526400,1774528200,NQM2026,1800,1786894570
NQ,1774528200,1774530000,NQM2026,1800,1786894580
NQ,1774530000,1774531800,NQM2026,1800,1786894590
NQ,1774531800,1774533600,NQM2026,1800,1786894600
NQ,1774533600,1774535400,NQM2026,1800,1786894610
NQ,1774535400,1774537200,NQM2026,1800,1786894620
NQ,1774537200,1774539000,NQM2026,1800,1786894630
NQ,1774539000,1774540800,NQM2026,1800,1786894640
NQ,1774540800,1774542600,NQM2026,1800,1786894650
NQ,1774542600,1774544400,NQM2026,1800,1786894660
NQ,1774544400,1774546200,NQM2026,1800,1786894670
NQ,1774546200,1774548000,NQM2026,1800,1786894680
NQ,1774548000,1774549800,NQM2026,1800,1786894691
NQ,1774549800,1774551600,NQM2026,1800,1786894700
NQ,1774551600,1774553400,NQM2026,1800,1786894710
NQ,1774553400,1774555200,NQM2026,1800,1786894720
NQ,1774555200,1774557000,NQM2026,1800,1786894730
NQ,1774557000,1774558800,NQM2026,1800,1786894740
ES,1774476000,1774477800,ESM2026,1800,1786895507
ES,1774477800,1774479600,ESM2026,1800,1786895515
ES,1774479600,1774481400,ESM2026,1800,1786895525
ES,1774481400,1774483200,ESM2026,1800,1786895535
ES,1774483200,1774485000,ESM2026,1800,1786895545
ES,1774485000,1774486800,ESM2026,1800,1786895555
ES,1774486800,1774488600,ESM2026,1800,1786895565
ES,1774488600,1774490400,ESM2026,1800,1786895575
ES,1774490400,1774492200,ESM2026,1800,1786895585
ES,1774492200,1774494000,ESM2026,1800,1786895595
ES,1774494000,1774495800,ESM2026,1800,1786895605
ES,1774495800,1774497600,ESM2026,1800,1786895615
ES,1774497600,1774499400,ESM2026,1800,1786895625
ES,1774499400,1774501200,ESM2026,1800,1786895635
ES,1774501200,1774503000,ESM2026,1800,1786895645
ES,1774503000,1774504800,ESM2026,1800,1786895655
ES,1774504800,1774506600,ESM2026,1800,1786895665
ES,1774506600,1774508400,ESM2026,1800,1786895675
ES,1774508400,1774510200,ESM2026,1800,1786895685
ES,1774510200,1774512000,ESM2026,1800,1786895695
ES,1774512000,1774513800,ESM2026,1800,1786895705
ES,1774513800,1774515600,ESM2026,1800,1786895715
ES,1774515600,1774517400,ESM2026,1800,1786895725
ES,1774517400,1774519200,ESM2026,1800,1786895735
ES,1774519200,1774521000,ESM2026,1800,1786895745
ES,1774521000,1774522800,ESM2026,1800,1786895755
ES,1774522800,1774524600,ESM2026,1800,1786895765
ES,1774524600,1774526400,ESM2026,1800,1786895775
ES,1774526400,1774528200,ESM2026,1800,1786895785
ES,1774528200,1774530000,ESM2026,1800,1786895795
ES,1774530000,1774531800,ESM2026,1800,1786895805
ES,1774531800,1774533600,ESM2026,1800,1786895815
ES,1774533600,1774535400,ESM2026,1800,1786895825
ES,1774535400,1774537200,ESM2026,1800,1786895835
ES,1774537200,1774539000,ESM2026,1800,1786895845
ES,1774539000,1774540800,ESM2026,1800,1786895855
ES,1774540800,1774542600,ESM2026,1800,1786895865
ES,1774542600,1774544400,ESM2026,1800,1786895875
ES,1774544400,1774546200,ESM2026,1800,1786895885
ES,1774546200,1774548000,ESM2026,1800,1786895895
ES,1774548000,1774549800,ESM2026,1800,1786895905
ES,1774549800,1774551600,ESM2026,1800,1786895915
ES,1774551600,1774553400,ESM2026,1800,1786895925
ES,1774553400,1774555200,ESM2026,1800,1786895935
ES,1774555200,1774557000,ESM2026,1800,1786895945
ES,1774557000,1774558800,ESM2026,1800,1786895955
NQ,1774562400,1774564200,NQM2026,1800,1786895965
NQ,1774564200,1774566000,NQM2026,1800,1786895975
NQ,1774566000,1774567800,NQM2026,1800,1786895985
NQ,1774567800,1774569600,NQM2026,1800,1786895995
NQ,1774569600,1774571400,NQM2026,1800,1786896005
NQ,1774571400,1774573200,NQM2026,1800,1786896015
NQ,1774573200,1774575000,NQM2026,1800,1786896025
NQ,1774575000,1774576800,NQM2026,1800,1786896035
NQ,1774576800,1774578600,NQM2026,1800,1786896045
NQ,1774578600,1774580400,NQM2026,1800,1786896055
NQ,1774580400,1774582200,NQM2026,1800,1786896065
NQ,1774582200,1774584000,NQM2026,1800,1786896075
NQ,1774584000,1774585800,NQM2026,1800,1786896085
NQ,1774585800,1774587600,NQM2026,1800,1786896095
NQ,1774587600,1774589400,NQM2026,1800,1786896120
NQ,1774589400,1774591200,NQM2026,1800,1786896130
NQ,1774591200,1774593000,NQM2026,1800,1786896140
NQ,1774593000,1774594800,NQM2026,1800,1786896150
NQ,1774594800,1774596600,NQM2026,1800,1786896160
NQ,1774596600,1774598400,NQM2026,1800,1786896170
NQ,1774598400,1774600200,NQM2026,1800,1786896180
NQ,1774600200,1774602000,NQM2026,1800,1786896190
NQ,1774602000,1774603800,NQM2026,1800,1786896200
NQ,1774603800,1774605600,NQM2026,1800,1786896210
NQ,1774605600,1774607400,NQM2026,1800,1786896220
NQ,1774607400,1774609200,NQM2026,1800,1786896230
NQ,1774609200,1774611000,NQM2026,1800,1786896240
NQ,1774611000,1774612800,NQM2026,1800,1786896250
NQ,1774612800,1774614600,NQM2026,1800,1786896260
NQ,1774614600,1774616400,NQM2026,1800,1786896270
NQ,1774616400,1774618200,NQM2026,1800,1786896280
NQ,1774618200,1774620000,NQM2026,1800,1786896290
NQ,1774620000,1774621800,NQM2026,1800,1786896300
NQ,1774621800,1774623600,NQM2026,1800,1786896310
NQ,1774623600,1774625400,NQM2026,1800,1786896320
NQ,1774625400,1774627200,NQM2026,1800,1786896330
NQ,1774627200,1774629000,NQM2026,1800,1786896340
NQ,1774629000,1774630800,NQM2026,1800,1786896350
NQ,1774630800,1774632600,NQM2026,1800,1786896360
NQ,1774632600,1774634400,NQM2026,1800,1786896370
NQ,1774634400,1774636200,NQM2026,1800,1786896380
NQ,1774636200,1774638000,NQM2026,1800,1786896390
NQ,1774638000,1774639800,NQM2026,1800,1786896400
NQ,1774639800,1774641600,NQM2026,1800,1786896410
NQ,1774641600,1774643400,NQM2026,1800,1786896420
NQ,1774643400,1774645200,NQM2026,1800,1786896430
ES,1774562400,1774564200,ESM2026,1800,1786896440
ES,1774564200,1774566000,ESM2026,1800,1786896450
ES,1774566000,1774567800,ESM2026,1800,1786896460
ES,1774567800,1774569600,ESM2026,1800,1786896470
ES,1774569600,1774571400,ESM2026,1800,1786896480
ES,1774571400,1774573200,ESM2026,1800,1786896490
ES,1774573200,1774575000,ESM2026,1800,1786896500
ES,1774575000,1774576800,ESM2026,1800,1786896510
ES,1774576800,1774578600,ESM2026,1800,1786896520
ES,1774578600,1774580400,ESM2026,1800,1786896530
ES,1774580400,1774582200,ESM2026,1800,1786896540
ES,1774582200,1774584000,ESM2026,1800,1786896550
ES,1774584000,1774585800,ESM2026,1800,1786896560
ES,1774585800,1774587600,ESM2026,1800,1786896570
ES,1774587600,1774589400,ESM2026,1800,1786896580
ES,1774589400,1774591200,ESM2026,1800,1786896590
ES,1774591200,1774593000,ESM2026,1800,1786896600
ES,1774593000,1774594800,ESM2026,1800,1786896610
ES,1774594800,1774596600,ESM2026,1800,1786896620
ES,1774596600,1774598400,ESM2026,1800,1786896630
ES,1774598400,1774600200,ESM2026,1800,1786896640
ES,1774600200,1774602000,ESM2026,1800,1786896650
ES,1774602000,1774603800,ESM2026,1800,1786896660
ES,1774603800,1774605600,ESM2026,1800,1786896670
ES,1774605600,1774607400,ESM2026,1800,1786896680
ES,1774607400,1774609200,ESM2026,1800,1786896690
ES,1774609200,1774611000,ESM2026,1800,1786896700
ES,1774611000,1774612800,ESM2026,1800,1786896710
ES,1774612800,1774614600,ESM2026,1800,1786896720
ES,1774614600,1774616400,ESM2026,1800,1786896730
ES,1774616400,1774618200,ESM2026,1800,1786896740
ES,1774618200,1774620000,ESM2026,1800,1786896750
ES,1774620000,1774621800,ESM2026,1800,1786896760
ES,1774621800,1774623600,ESM2026,1800,1786896770
ES,1774623600,1774625400,ESM2026,1800,1786896780
ES,1774625400,1774627200,ESM2026,1800,1786896790
ES,1774627200,1774629000,ESM2026,1800,1786896800
ES,1774629000,1774630800,ESM2026,1800,1786896810
ES,1774630800,1774632600,ESM2026,1800,1786896820
ES,1774632600,1774634400,ESM2026,1800,1786896830
ES,1774634400,1774636200,ESM2026,1800,1786896840
ES,1774636200,1774638000,ESM2026,1800,1786896850
ES,1774638000,1774639800,ESM2026,1800,1786896860
ES,1774639800,1774641600,ESM2026,1800,1786896870
ES,1774641600,1774643400,ESM2026,1800,1786896880
ES,1774643400,1774645200,ESM2026,1800,1786896890
NQ,1774821600,1774823400,NQM2026,1800,1786896900
NQ,1774823400,1774825200,NQM2026,1800,1786896910
NQ,1774825200,1774827000,NQM2026,1800,1786896920
NQ,1774827000,1774828800,NQM2026,1800,1786896930
NQ,1774828800,1774830600,NQM2026,1800,1786896940
NQ,1774830600,1774832400,NQM2026,1800,1786896950
NQ,1774832400,1774834200,NQM2026,1800,1786896960
NQ,1774834200,1774836000,NQM2026,1800,1786896970
NQ,1774836000,1774837800,NQM2026,1800,1786896980
NQ,1774837800,1774839600,NQM2026,1800,1786896990
NQ,1774839600,1774841400,NQM2026,1800,1786897000
NQ,1774841400,1774843200,NQM2026,1800,1786897010
NQ,1774843200,1774845000,NQM2026,1800,1786897020
NQ,1774845000,1774846800,NQM2026,1800,1786897030
NQ,1774846800,1774848600,NQM2026,1800,1786897041
NQ,1774848600,1774850400,NQM2026,1800,1786897051
NQ,1774850400,1774852200,NQM2026,1800,1786897061
NQ,1774852200,1774854000,NQM2026,1800,1786897070
NQ,1774854000,1774855800,NQM2026,1800,1786897080
NQ,1774855800,1774857600,NQM2026,1800,1786897090
NQ,1774857600,1774859400,NQM2026,1800,1786897104
NQ,1774859400,1774861200,NQM2026,1800,1786897115
NQ,1774861200,1774863000,NQM2026,1800,1786897123
NQ,1774863000,1774864800,NQM2026,1800,1786897133
NQ,1774864800,1774866600,NQM2026,1800,1786897146
NQ,1774866600,1774868400,NQM2026,1800,1786897151
NQ,1774868400,1774870200,NQM2026,1800,1786897160
NQ,1774870200,1774872000,NQM2026,1800,1786897170
NQ,1774872000,1774873800,NQM2026,1800,1786897180
NQ,1774873800,1774875600,NQM2026,1800,1786897190
NQ,1774875600,1774877400,NQM2026,1800,1786897200
NQ,1774877400,1774879200,NQM2026,1800,1786897210
NQ,1774879200,1774881000,NQM2026,1800,1786897220
NQ,1774881000,1774882800,NQM2026,1800,1786897230
NQ,1774882800,1774884600,NQM2026,1800,1786897240
NQ,1774884600,1774886400,NQM2026,1800,1786897250
NQ,1774886400,1774888200,NQM2026,1800,1786897260
NQ,1774888200,1774890000,NQM2026,1800,1786897270
NQ,1774890000,1774891800,NQM2026,1800,1786897280
NQ,1774891800,1774893600,NQM2026,1800,1786897290
NQ,1774893600,1774895400,NQM2026,1800,1786897300
NQ,1774895400,1774897200,NQM2026,1800,1786897310
NQ,1774897200,1774899000,NQM2026,1800,1786897320
NQ,1774899000,1774900800,NQM2026,1800,1786897330
NQ,1774900800,1774902600,NQM2026,1800,1786897340
NQ,1774902600,1774904400,NQM2026,1800,1786897350
ES,1774821600,1774823400,ESM2026,1800,1786897360
ES,1774823400,1774825200,ESM2026,1800,1786897370
ES,1774825200,1774827000,ESM2026,1800,1786897380
ES,1774827000,1774828800,ESM2026,1800,1786897390
ES,1774828800,1774830600,ESM2026,1800,1786897400
ES,1774830600,1774832400,ESM2026,1800,1786897410
ES,1774832400,1774834200,ESM2026,1800,1786897420
ES,1774834200,1774836000,ESM2026,1800,1786897430
ES,1774836000,1774837800,ESM2026,1800,1786897440
ES,1774837800,1774839600,ESM2026,1800,1786897450
ES,1774839600,1774841400,ESM2026,1800,1786897460
ES,1774841400,1774843200,ESM2026,1800,1786897470
ES,1774843200,1774845000,ESM2026,1800,1786897480
ES,1774845000,1774846800,ESM2026,1800,1786897490
ES,1774846800,1774848600,ESM2026,1800,1786897500
ES,1774848600,1774850400,ESM2026,1800,1786897510
ES,1774850400,1774852200,ESM2026,1800,1786897520
ES,1774852200,1774854000,ESM2026,1800,1786897530
ES,1774854000,1774855800,ESM2026,1800,1786897540
ES,1774855800,1774857600,ESM2026,1800,1786897550
ES,1774857600,1774859400,ESM2026,1800,1786897560
ES,1774859400,1774861200,ESM2026,1800,1786897570
ES,1774861200,1774863000,ESM2026,1800,1786897580
ES,1774863000,1774864800,ESM2026,1800,1786897590
ES,1774864800,1774866600,ESM2026,1800,1786897600
ES,1774866600,1774868400,ESM2026,1800,1786897610
ES,1774868400,1774870200,ESM2026,1800,1786897620
ES,1774870200,1774872000,ESM2026,1800,1786897630
ES,1774872000,1774873800,ESM2026,1800,1786897640
ES,1774873800,1774875600,ESM2026,1800,1786897650
ES,1774875600,1774877400,ESM2026,1800,1786897660
ES,1774877400,1774879200,ESM2026,1800,1786897670
ES,1774879200,1774881000,ESM2026,1800,1786897680
ES,1774881000,1774882800,ESM2026,1800,1786897690
ES,1774882800,1774884600,ESM2026,1800,1786897700
ES,1774884600,1774886400,ESM2026,1800,1786897710
ES,1774886400,1774888200,ESM2026,1800,1786897720
ES,1774888200,1774890000,ESM2026,1800,1786897730
ES,1774890000,1774891800,ESM2026,1800,1786897740
ES,1774891800,1774893600,ESM2026,1800,1786897750
ES,1774893600,1774895400,ESM2026,1800,1786897760
ES,1774895400,1774897200,ESM2026,1800,1786897770
ES,1774897200,1774899000,ESM2026,1800,1786897780
ES,1774899000,1774900800,ESM2026,1800,1786897790
ES,1774900800,1774902600,ESM2026,1800,1786897800
ES,1774902600,1774904400,ESM2026,1800,1786897810
NQ,1774908000,1774909800,NQM2026,1800,1786897820
NQ,1774909800,1774911600,NQM2026,1800,1786897830
NQ,1774911600,1774913400,NQM2026,1800,1786897840
NQ,1774913400,1774915200,NQM2026,1800,1786897850
NQ,1774915200,1774917000,NQM2026,1800,1786897860
NQ,1774917000,1774918800,NQM2026,1800,1786897870
NQ,1774918800,1774920600,NQM2026,1800,1786897880
NQ,1774920600,1774922400,NQM2026,1800,1786897890
NQ,1774922400,1774924200,NQM2026,1800,1786897900
NQ,1774924200,1774926000,NQM2026,1800,1786897910
NQ,1774926000,1774927800,NQM2026,1800,1786897920
NQ,1774927800,1774929600,NQM2026,1800,1786897930
NQ,1774929600,1774931400,NQM2026,1800,1786897940
NQ,1774931400,1774933200,NQM2026,1800,1786897950
NQ,1774933200,1774935000,NQM2026,1800,1786897960
NQ,1774935000,1774936800,NQM2026,1800,1786897970
NQ,1774936800,1774938600,NQM2026,1800,1786897980
NQ,1774938600,1774940400,NQM2026,1800,1786897990
NQ,1774940400,1774942200,NQM2026,1800,1786898000
NQ,1774942200,1774944000,NQM2026,1800,1786898010
NQ,1774944000,1774945800,NQM2026,1800,1786898020
NQ,1774945800,1774947600,NQM2026,1800,1786898030
NQ,1774947600,1774949400,NQM2026,1800,1786898040
NQ,1774949400,1774951200,NQM2026,1800,1786898050
NQ,1774951200,1774953000,NQM2026,1800,1786898060
NQ,1774953000,1774954800,NQM2026,1800,1786898070
NQ,1774954800,1774956600,NQM2026,1800,1786898080
NQ,1774956600,1774958400,NQM2026,1800,1786898090
NQ,1774958400,1774960200,NQM2026,1800,1786898100
NQ,1774960200,1774962000,NQM2026,1800,1786898110
NQ,1774962000,1774963800,NQM2026,1800,1786898120
NQ,1774963800,1774965600,NQM2026,1800,1786898130
NQ,1774965600,1774967400,NQM2026,1800,1786898140
NQ,1774967400,1774969200,NQM2026,1800,1786898150
NQ,1774969200,1774971000,NQM2026,1800,1786898160
NQ,1774971000,1774972800,NQM2026,1800,1786898170
NQ,1774972800,1774974600,NQM2026,1800,1786898180
NQ,1774974600,1774976400,NQM2026,1800,1786898190
NQ,1774976400,1774978200,NQM2026,1800,1786898200
NQ,1774978200,1774980000,NQM2026,1800,1786898210
NQ,1774980000,1774981800,NQM2026,1800,1786898220
NQ,1774981800,1774983600,NQM2026,1800,1786898230
NQ,1774983600,1774985400,NQM2026,1800,1786898240
NQ,1774985400,1774987200,NQM2026,1800,1786898250
NQ,1774987200,1774989000,NQM2026,1800,1786898260
NQ,1774989000,1774990800,NQM2026,1800,1786898270
ES,1774908000,1774909800,ESM2026,1800,1786898291
ES,1774909800,1774911600,ESM2026,1800,1786898301
ES,1774911600,1774913400,ESM2026,1800,1786898311
ES,1774913400,1774915200,ESM2026,1800,1786898321
ES,1774915200,1774917000,ESM2026,1800,1786898331
ES,1774917000,1774918800,ESM2026,1800,1786898341
ES,1774918800,1774920600,ESM2026,1800,1786898351
ES,1774920600,1774922400,ESM2026,1800,1786898361
ES,1774922400,1774924200,ESM2026,1800,1786898371
ES,1774924200,1774926000,ESM2026,1800,1786898381
ES,1774926000,1774927800,ESM2026,1800,1786898391
ES,1774927800,1774929600,ESM2026,1800,1786898401
ES,1774929600,1774931400,ESM2026,1800,1786898411
ES,1774931400,1774933200,ESM2026,1800,1786898421
ES,1774933200,1774935000,ESM2026,1800,1786898431
ES,1774935000,1774936800,ESM2026,1800,1786898441
ES,1774936800,1774938600,ESM2026,1800,1786898451
ES,1774938600,1774940400,ESM2026,1800,1786898461
ES,1774940400,1774942200,ESM2026,1800,1786898471
ES,1774942200,1774944000,ESM2026,1800,1786898481
ES,1774944000,1774945800,ESM2026,1800,1786898491
ES,1774945800,1774947600,ESM2026,1800,1786898501
ES,1774947600,1774949400,ESM2026,1800,1786898511
ES,1774949400,1774951200,ESM2026,1800,1786898521
ES,1774951200,1774953000,ESM2026,1800,1786898531
ES,1774953000,1774954800,ESM2026,1800,1786898541
ES,1774954800,1774956600,ESM2026,1800,1786898551
ES,1774956600,1774958400,ESM2026,1800,1786898561
ES,1774958400,1774960200,ESM2026,1800,1786898571
ES,1774960200,1774962000,ESM2026,1800,1786898581
ES,1774962000,1774963800,ESM2026,1800,1786898591
ES,1774963800,1774965600,ESM2026,1800,1786898601
ES,1774965600,1774967400,ESM2026,1800,1786898611
ES,1774967400,1774969200,ESM2026,1800,1786898621
ES,1774969200,1774971000,ESM2026,1800,1786898631
ES,1774971000,1774972800,ESM2026,1800,1786898641
ES,1774972800,1774974600,ESM2026,1800,1786898651
ES,1774974600,1774976400,ESM2026,1800,1786898661
ES,1774976400,1774978200,ESM2026,1800,1786898671
ES,1774978200,1774980000,ESM2026,1800,1786898681
ES,1774980000,1774981800,ESM2026,1800,1786898691
ES,1774981800,1774983600,ESM2026,1800,1786898701
ES,1774983600,1774985400,ESM2026,1800,1786898711
ES,1774985400,1774987200,ESM2026,1800,1786898721
ES,1774987200,1774989000,ESM2026,1800,1786898731
ES,1774989000,1774990800,ESM2026,1800,1786898741
NQ,1774994400,1774996200,NQM2026,1800,1786898751
NQ,1774996200,1774998000,NQM2026,1800,1786898761
NQ,1774998000,1774999800,NQM2026,1800,1786898771
NQ,1774999800,1775001600,NQM2026,1800,1786898781
NQ,1775001600,1775003400,NQM2026,1800,1786898791
NQ,1775003400,1775005200,NQM2026,1800,1786898801
NQ,1775005200,1775007000,NQM2026,1800,1786898811
NQ,1775007000,1775008800,NQM2026,1800,1786898821
NQ,1775008800,1775010600,NQM2026,1800,1786898831
NQ,1775010600,1775012400,NQM2026,1800,1786898841
NQ,1775012400,1775014200,NQM2026,1800,1786898851
NQ,1775014200,1775016000,NQM2026,1800,1786898861
NQ,1775016000,1775017800,NQM2026,1800,1786898871
NQ,1775017800,1775019600,NQM2026,1800,1786898881
NQ,1775019600,1775021400,NQM2026,1800,1786898891
NQ,1775021400,1775023200,NQM2026,1800,1786898901
NQ,1775023200,1775025000,NQM2026,1800,1786898911
NQ,1775025000,1775026800,NQM2026,1800,1786898921
NQ,1775026800,1775028600,NQM2026,1800,1786898931
NQ,1775028600,1775030400,NQM2026,1800,1786898941
NQ,1775030400,1775032200,NQM2026,1800,1786898951
NQ,1775032200,1775034000,NQM2026,1800,1786898961
NQ,1775034000,1775035800,NQM2026,1800,1786898971
NQ,1775035800,1775037600,NQM2026,1800,1786898981
NQ,1775037600,1775039400,NQM2026,1800,1786898991
NQ,1775039400,1775041200,NQM2026,1800,1786899001
NQ,1775041200,1775043000,NQM2026,1800,1786899011
NQ,1775043000,1775044800,NQM2026,1800,1786899021
NQ,1775044800,1775046600,NQM2026,1800,1786899031
NQ,1775046600,1775048400,NQM2026,1800,1786899041
NQ,1775048400,1775050200,NQM2026,1800,1786899051
NQ,1775050200,1775052000,NQM2026,1800,1786899061
NQ,1775052000,1775053800,NQM2026,1800,1786899071
NQ,1775053800,1775055600,NQM2026,1800,1786899081
NQ,1775055600,1775057400,NQM2026,1800,1786899091
NQ,1775057400,1775059200,NQM2026,1800,1786899101
NQ,1775059200,1775061000,NQM2026,1800,1786899111
NQ,1775061000,1775062800,NQM2026,1800,1786899121
NQ,1775062800,1775064600,NQM2026,1800,1786899131
NQ,1775064600,1775066400,NQM2026,1800,1786899141
NQ,1775066400,1775068200,NQM2026,1800,1786899151
NQ,1775068200,1775070000,NQM2026,1800,1786899161
NQ,1775070000,1775071800,NQM2026,1800,1786899171
NQ,1775071800,1775073600,NQM2026,1800,1786899181
NQ,1775073600,1775075400,NQM2026,1800,1786899191
NQ,1775075400,1775077200,NQM2026,1800,1786899201
ES,1774994400,1774996200,ESM2026,1800,1786899508
ES,1774996200,1774998000,ESM2026,1800,1786899518
ES,1774998000,1774999800,ESM2026,1800,1786899528
ES,1774999800,1775001600,ESM2026,1800,1786899538
ES,1775001600,1775003400,ESM2026,1800,1786899548
ES,1775003400,1775005200,ESM2026,1800,1786899558
ES,1775005200,1775007000,ESM2026,1800,1786899568
ES,1775007000,1775008800,ESM2026,1800,1786899578
ES,1775008800,1775010600,ESM2026,1800,1786899588
ES,1775010600,1775012400,ESM2026,1800,1786899598
ES,1775012400,1775014200,ESM2026,1800,1786899608
ES,1775014200,1775016000,ESM2026,1800,1786899618
ES,1775016000,1775017800,ESM2026,1800,1786899628
ES,1775017800,1775019600,ESM2026,1800,1786899638
ES,1775019600,1775021400,ESM2026,1800,1786899648
ES,1775021400,1775023200,ESM2026,1800,1786899658
ES,1775023200,1775025000,ESM2026,1800,1786899668
ES,1775025000,1775026800,ESM2026,1800,1786899678
ES,1775026800,1775028600,ESM2026,1800,1786899688
ES,1775028600,1775030400,ESM2026,1800,1786899698
ES,1775030400,1775032200,ESM2026,1800,1786899708
ES,1775032200,1775034000,ESM2026,1800,1786899718
ES,1775034000,1775035800,ESM2026,1800,1786899728
ES,1775035800,1775037600,ESM2026,1800,1786899738
ES,1775037600,1775039400,ESM2026,1800,1786899748
ES,1775039400,1775041200,ESM2026,1800,1786899758
ES,1775041200,1775043000,ESM2026,1800,1786899768
ES,1775043000,1775044800,ESM2026,1800,1786899778
ES,1775044800,1775046600,ESM2026,1800,1786899788
ES,1775046600,1775048400,ESM2026,1800,1786899798
ES,1775048400,1775050200,ESM2026,1800,1786899808
ES,1775050200,1775052000,ESM2026,1800,1786899818
ES,1775052000,1775053800,ESM2026,1800,1786899828
ES,1775053800,1775055600,ESM2026,1800,1786899838
ES,1775055600,1775057400,ESM2026,1800,1786899848
ES,1775057400,1775059200,ESM2026,1800,1786899858
ES,1775059200,1775061000,ESM2026,1800,1786899868
ES,1775061000,1775062800,ESM2026,1800,1786899878
ES,1775062800,1775064600,ESM2026,1800,1786899888
ES,1775064600,1775066400,ESM2026,1800,1786899898
ES,1775066400,1775068200,ESM2026,1800,1786899908
ES,1775068200,1775070000,ESM2026,1800,1786899918
ES,1775070000,1775071800,ESM2026,1800,1786899928
ES,1775071800,1775073600,ESM2026,1800,1786899938
ES,1775073600,1775075400,ESM2026,1800,1786899948
ES,1775075400,1775077200,ESM2026,1800,1786899958
NQ,1775080800,1775082600,NQM2026,1800,1786899968
NQ,1775082600,1775084400,NQM2026,1800,1786899978
NQ,1775084400,1775086200,NQM2026,1800,1786899988
NQ,1775086200,1775088000,NQM2026,1800,1786899998
NQ,1775088000,1775089800,NQM2026,1800,1786900008
NQ,1775089800,1775091600,NQM2026,1800,1786900018
NQ,1775091600,1775093400,NQM2026,1800,1786900028
NQ,1775093400,1775095200,NQM2026,1800,1786900038
NQ,1775095200,1775097000,NQM2026,1800,1786900048
NQ,1775097000,1775098800,NQM2026,1800,1786900058
NQ,1775098800,1775100600,NQM2026,1800,1786900068
NQ,1775100600,1775102400,NQM2026,1800,1786900078
NQ,1775102400,1775104200,NQM2026,1800,1786900088
NQ,1775104200,1775106000,NQM2026,1800,1786900098
NQ,1775106000,1775107800,NQM2026,1800,1786900108
NQ,1775107800,1775109600,NQM2026,1800,1786900118
NQ,1775109600,1775111400,NQM2026,1800,1786900128
NQ,1775111400,1775113200,NQM2026,1800,1786900138
NQ,1775113200,1775115000,NQM2026,1800,1786900148
NQ,1775115000,1775116800,NQM2026,1800,1786900158
NQ,1775116800,1775118600,NQM2026,1800,1786900168
NQ,1775118600,1775120400,NQM2026,1800,1786900178
NQ,1775120400,1775122200,NQM2026,1800,1786900188
NQ,1775122200,1775124000,NQM2026,1800,1786900198
NQ,1775124000,1775125800,NQM2026,1800,1786900208
NQ,1775125800,1775127600,NQM2026,1800,1786900218
NQ,1775127600,1775129400,NQM2026,1800,1786900228
NQ,1775129400,1775131200,NQM2026,1800,1786900238
NQ,1775131200,1775133000,NQM2026,1800,1786900248
NQ,1775133000,1775134800,NQM2026,1800,1786900258
NQ,1775134800,1775136600,NQM2026,1800,1786900268
NQ,1775136600,1775138400,NQM2026,1800,1786900278
NQ,1775138400,1775140200,NQM2026,1800,1786900288
NQ,1775140200,1775142000,NQM2026,1800,1786900298
NQ,1775142000,1775143800,NQM2026,1800,1786900308
NQ,1775143800,1775145600,NQM2026,1800,1786900318
NQ,1775145600,1775147400,NQM2026,1800,1786900328
NQ,1775147400,1775149200,NQM2026,1800,1786900338
NQ,1775149200,1775151000,NQM2026,1800,1786900348
NQ,1775151000,1775152800,NQM2026,1800,1786900358
NQ,1775152800,1775154600,NQM2026,1800,1786900368
NQ,1775154600,1775156400,NQM2026,1800,1786900378
NQ,1775156400,1775158200,NQM2026,1800,1786900388
NQ,1775158200,1775160000,NQM2026,1800,1786900398
NQ,1775160000,1775161800,NQM2026,1800,1786900408
NQ,1775161800,1775163600,NQM2026,1800,1786900418
ES,1775080800,1775082600,ESM2026,1800,1786900428
ES,1775082600,1775084400,ESM2026,1800,1786900438
ES,1775084400,1775086200,ESM2026,1800,1786900448
ES,1775086200,1775088000,ESM2026,1800,1786900458
ES,1775088000,1775089800,ESM2026,1800,1786900468
ES,1775089800,1775091600,ESM2026,1800,1786900478
ES,1775091600,1775093400,ESM2026,1800,1786900488
ES,1775093400,1775095200,ESM2026,1800,1786900498
ES,1775095200,1775097000,ESM2026,1800,1786900508
ES,1775097000,1775098800,ESM2026,1800,1786900518
ES,1775098800,1775100600,ESM2026,1800,1786900528
ES,1775100600,1775102400,ESM2026,1800,1786900538
ES,1775102400,1775104200,ESM2026,1800,1786900548
ES,1775104200,1775106000,ESM2026,1800,1786900558
ES,1775106000,1775107800,ESM2026,1800,1786900568
ES,1775107800,1775109600,ESM2026,1800,1786900578
ES,1775109600,1775111400,ESM2026,1800,1786900588
ES,1775111400,1775113200,ESM2026,1800,1786900598
ES,1775113200,1775115000,ESM2026,1800,1786900608
ES,1775115000,1775116800,ESM2026,1800,1786900618
ES,1775116800,1775118600,ESM2026,1800,1786900628
ES,1775118600,1775120400,ESM2026,1800,1786900638
ES,1775120400,1775122200,ESM2026,1800,1786900648
ES,1775122200,1775124000,ESM2026,1800,1786900658
ES,1775124000,1775125800,ESM2026,1800,1786900668
ES,1775125800,1775127600,ESM2026,1800,1786900678
ES,1775127600,1775129400,ESM2026,1800,1786900688
ES,1775129400,1775131200,ESM2026,1800,1786900698
ES,1775131200,1775133000,ESM2026,1800,1786900708
ES,1775133000,1775134800,ESM2026,1800,1786900718
ES,1775134800,1775136600,ESM2026,1800,1786900728
ES,1775136600,1775138400,ESM2026,1800,1786900738
ES,1775138400,1775140200,ESM2026,1800,1786900748
ES,1775140200,1775142000,ESM2026,1800,1786900758
ES,1775142000,1775143800,ESM2026,1800,1786900768
ES,1775143800,1775145600,ESM2026,1800,1786900778
ES,1775145600,1775147400,ESM2026,1800,1786900788
ES,1775147400,1775149200,ESM2026,1800,1786900798
ES,1775149200,1775151000,ESM2026,1800,1786900808
ES,1775151000,1775152800,ESM2026,1800,1786900818
ES,1775152800,1775154600,ESM2026,1800,1786900828
ES,1775154600,1775156400,ESM2026,1800,1786900838
ES,1775156400,1775158200,ESM2026,1800,1786900848
ES,1775158200,1775160000,ESM2026,1800,1786900858
ES,1775160000,1775161800,ESM2026,1800,1786900868
ES,1775161800,1775163600,ESM2026,1800,1786900878
NQ,1775167200,1775169000,NQM2026,1800,1786900888
NQ,1775169000,1775170800,NQM2026,1800,1786900898
NQ,1775170800,1775172600,NQM2026,1800,1786900908
NQ,1775172600,1775174400,NQM2026,1800,1786900918
NQ,1775174400,1775176200,NQM2026,1800,1786900943
NQ,1775176200,1775178000,NQM2026,1800,1786900953
NQ,1775178000,1775179800,NQM2026,1800,1786900963
NQ,1775179800,1775181600,NQM2026,1800,1786900973
NQ,1775181600,1775183400,NQM2026,1800,1786900983
NQ,1775183400,1775185200,NQM2026,1800,1786900993
NQ,1775185200,1775187000,NQM2026,1800,1786901003
NQ,1775187000,1775188800,NQM2026,1800,1786901013
NQ,1775188800,1775190600,NQM2026,1800,1786901023
NQ,1775190600,1775192400,NQM2026,1800,1786901033
NQ,1775192400,1775194200,NQM2026,1800,1786901043
NQ,1775194200,1775196000,NQM2026,1800,1786901053
NQ,1775196000,1775197800,NQM2026,1800,1786901063
NQ,1775197800,1775199600,NQM2026,1800,1786901073
NQ,1775199600,1775201400,NQM2026,1800,1786901083
NQ,1775201400,1775203200,NQM2026,1800,1786901093
NQ,1775203200,1775205000,NQM2026,1800,1786901103
NQ,1775205000,1775206800,NQM2026,1800,1786901113
NQ,1775206800,1775208600,NQM2026,1800,1786901123
NQ,1775208600,1775210400,NQM2026,1800,1786901133
NQ,1775210400,1775212200,NQM2026,1800,1786901143
NQ,1775212200,1775214000,NQM2026,1800,1786901153
NQ,1775214000,1775215800,NQM2026,1800,1786901163
NQ,1775215800,1775217600,NQM2026,1800,1786901173
NQ,1775217600,1775219400,NQM2026,1800,1786901183
NQ,1775219400,1775221200,NQM2026,1800,1786901193
NQ,1775221200,1775223000,NQM2026,1800,1786901203
NQ,1775223000,1775224800,NQM2026,1800,1786901213
NQ,1775224800,1775226600,NQM2026,1800,1786901223
NQ,1775226600,1775228400,NQM2026,1800,1786901233
NQ,1775228400,1775230200,NQM2026,1800,1786901243
NQ,1775230200,1775232000,NQM2026,1800,1786901253
NQ,1775232000,1775233800,NQM2026,1800,1786901263
NQ,1775233800,1775235600,NQM2026,1800,1786901273
NQ,1775235600,1775237400,NQM2026,1800,1786901283
NQ,1775237400,1775239200,NQM2026,1800,1786901293
NQ,1775239200,1775241000,NQM2026,1800,1786901303
NQ,1775241000,1775242800,NQM2026,1800,1786901313
NQ,1775242800,1775244600,NQM2026,1800,1786901323
NQ,1775244600,1775246400,NQM2026,1800,1786901333
NQ,1775246400,1775248200,NQM2026,1800,1786901343
NQ,1775248200,1775250000,NQM2026,1800,1786901353
ES,1775167200,1775169000,ESM2026,1800,1786901363
ES,1775169000,1775170800,ESM2026,1800,1786901373
ES,1775170800,1775172600,ESM2026,1800,1786901383
ES,1775172600,1775174400,ESM2026,1800,1786901393
ES,1775174400,1775176200,ESM2026,1800,1786901403
ES,1775176200,1775178000,ESM2026,1800,1786901413
ES,1775178000,1775179800,ESM2026,1800,1786901423
ES,1775179800,1775181600,ESM2026,1800,1786901433
ES,1775181600,1775183400,ESM2026,1800,1786901443
ES,1775183400,1775185200,ESM2026,1800,1786901453
ES,1775185200,1775187000,ESM2026,1800,1786901463
ES,1775187000,1775188800,ESM2026,1800,1786901473
ES,1775188800,1775190600,ESM2026,1800,1786901483
ES,1775190600,1775192400,ESM2026,1800,1786901493
ES,1775192400,1775194200,ESM2026,1800,1786901503
ES,1775194200,1775196000,ESM2026,1800,1786901513
ES,1775196000,1775197800,ESM2026,1800,1786901523
ES,1775197800,1775199600,ESM2026,1800,1786901533
ES,1775199600,1775201400,ESM2026,1800,1786901543
ES,1775201400,1775203200,ESM2026,1800,1786901553
ES,1775203200,1775205000,ESM2026,1800,1786901563
ES,1775205000,1775206800,ESM2026,1800,1786901573
ES,1775206800,1775208600,ESM2026,1800,1786901583
ES,1775208600,1775210400,ESM2026,1800,1786901593
ES,1775210400,1775212200,ESM2026,1800,1786901603
ES,1775212200,1775214000,ESM2026,1800,1786901613
ES,1775214000,1775215800,ESM2026,1800,1786901623
ES,1775215800,1775217600,ESM2026,1800,1786901633
ES,1775217600,1775219400,ESM2026,1800,1786901643
ES,1775219400,1775221200,ESM2026,1800,1786901653
ES,1775221200,1775223000,ESM2026,1800,1786901663
ES,1775223000,1775224800,ESM2026,1800,1786901673
ES,1775224800,1775226600,ESM2026,1800,1786901683
ES,1775226600,1775228400,ESM2026,1800,1786901693
ES,1775228400,1775230200,ESM2026,1800,1786901703
ES,1775230200,1775232000,ESM2026,1800,1786901713
ES,1775232000,1775233800,ESM2026,1800,1786901723
ES,1775233800,1775235600,ESM2026,1800,1786901733
ES,1775235600,1775237400,ESM2026,1800,1786901743
ES,1775237400,1775239200,ESM2026,1800,1786901753
ES,1775239200,1775241000,ESM2026,1800,1786901763
ES,1775241000,1775242800,ESM2026,1800,1786901773
ES,1775242800,1775244600,ESM2026,1800,1786901783
ES,1775244600,1775246400,ESM2026,1800,1786901793
ES,1775246400,1775248200,ESM2026,1800,1786901803
ES,1775248200,1775250000,ESM2026,1800,1786901813
NQ,1775426400,1775428200,NQM2026,1800,1786901823
NQ,1775428200,1775430000,NQM2026,1800,1786901833
NQ,1775430000,1775431800,NQM2026,1800,1786901843
NQ,1775431800,1775433600,NQM2026,1800,1786901853
NQ,1775433600,1775435400,NQM2026,1800,1786901863
NQ,1775435400,1775437200,NQM2026,1800,1786901873
NQ,1775437200,1775439000,NQM2026,1800,1786901883
NQ,1775439000,1775440800,NQM2026,1800,1786901893
NQ,1775440800,1775442600,NQM2026,1800,1786901903
NQ,1775442600,1775444400,NQM2026,1800,1786901913
NQ,1775444400,1775446200,NQM2026,1800,1786901923
NQ,1775446200,1775448000,NQM2026,1800,1786901933
NQ,1775448000,1775449800,NQM2026,1800,1786901943
NQ,1775449800,1775451600,NQM2026,1800,1786901953
NQ,1775451600,1775453400,NQM2026,1800,1786901963
NQ,1775453400,1775455200,NQM2026,1800,1786901973
NQ,1775455200,1775457000,NQM2026,1800,1786901983
NQ,1775457000,1775458800,NQM2026,1800,1786901993
NQ,1775458800,1775460600,NQM2026,1800,1786902003
NQ,1775460600,1775462400,NQM2026,1800,1786902013
NQ,1775462400,1775464200,NQM2026,1800,1786902023
NQ,1775464200,1775466000,NQM2026,1800,1786902033
NQ,1775466000,1775467800,NQM2026,1800,1786902043
NQ,1775467800,1775469600,NQM2026,1800,1786902053
NQ,1775469600,1775471400,NQM2026,1800,1786902063
NQ,1775471400,1775473200,NQM2026,1800,1786902073
NQ,1775473200,1775475000,NQM2026,1800,1786902083
NQ,1775475000,1775476800,NQM2026,1800,1786902093
NQ,1775476800,1775478600,NQM2026,1800,1786902103
NQ,1775478600,1775480400,NQM2026,1800,1786902113
NQ,1775480400,1775482200,NQM2026,1800,1786902123
NQ,1775482200,1775484000,NQM2026,1800,1786902133
NQ,1775484000,1775485800,NQM2026,1800,1786902158
NQ,1775485800,1775487600,NQM2026,1800,1786902168
NQ,1775487600,1775489400,NQM2026,1800,1786902178
NQ,1775489400,1775491200,NQM2026,1800,1786902188
NQ,1775491200,1775493000,NQM2026,1800,1786902198
NQ,1775493000,1775494800,NQM2026,1800,1786902208
NQ,1775494800,1775496600,NQM2026,1800,1786902218
NQ,1775496600,1775498400,NQM2026,1800,1786902228
NQ,1775498400,1775500200,NQM2026,1800,1786902238
NQ,1775500200,1775502000,NQM2026,1800,1786902248
NQ,1775502000,1775503800,NQM2026,1800,1786902258
NQ,1775503800,1775505600,NQM2026,1800,1786902268
NQ,1775505600,1775507400,NQM2026,1800,1786902278
NQ,1775507400,1775509200,NQM2026,1800,1786902288
ES,1775426400,1775428200,ESM2026,1800,1786902298
ES,1775428200,1775430000,ESM2026,1800,1786902308
ES,1775430000,1775431800,ESM2026,1800,1786902318
ES,1775431800,1775433600,ESM2026,1800,1786902328
ES,1775433600,1775435400,ESM2026,1800,1786902338
ES,1775435400,1775437200,ESM2026,1800,1786902348
ES,1775437200,1775439000,ESM2026,1800,1786902358
ES,1775439000,1775440800,ESM2026,1800,1786902368
ES,1775440800,1775442600,ESM2026,1800,1786902378
ES,1775442600,1775444400,ESM2026,1800,1786902388
ES,1775444400,1775446200,ESM2026,1800,1786902398
ES,1775446200,1775448000,ESM2026,1800,1786902408
ES,1775448000,1775449800,ESM2026,1800,1786902418
ES,1775449800,1775451600,ESM2026,1800,1786902428
ES,1775451600,1775453400,ESM2026,1800,1786902438
ES,1775453400,1775455200,ESM2026,1800,1786902448
ES,1775455200,1775457000,ESM2026,1800,1786902458
ES,1775457000,1775458800,ESM2026,1800,1786902468
ES,1775458800,1775460600,ESM2026,1800,1786902478
ES,1775460600,1775462400,ESM2026,1800,1786902488
ES,1775462400,1775464200,ESM2026,1800,1786902498
ES,1775464200,1775466000,ESM2026,1800,1786902508
ES,1775466000,1775467800,ESM2026,1800,1786902518
ES,1775467800,1775469600,ESM2026,1800,1786902528
ES,1775469600,1775471400,ESM2026,1800,1786902538
ES,1775471400,1775473200,ESM2026,1800,1786902548
ES,1775473200,1775475000,ESM2026,1800,1786902558
ES,1775475000,1775476800,ESM2026,1800,1786902568
ES,1775476800,1775478600,ESM2026,1800,1786902578
ES,1775478600,1775480400,ESM2026,1800,1786902588
ES,1775480400,1775482200,ESM2026,1800,1786902598
ES,1775482200,1775484000,ESM2026,1800,1786902608
ES,1775484000,1775485800,ESM2026,1800,1786902618
ES,1775485800,1775487600,ESM2026,1800,1786902628
ES,1775487600,1775489400,ESM2026,1800,1786902638
ES,1775489400,1775491200,ESM2026,1800,1786902648
ES,1775491200,1775493000,ESM2026,1800,1786902658
ES,1775493000,1775494800,ESM2026,1800,1786902668
ES,1775494800,1775496600,ESM2026,1800,1786902678
ES,1775496600,1775498400,ESM2026,1800,1786902688
ES,1775498400,1775500200,ESM2026,1800,1786902698
ES,1775500200,1775502000,ESM2026,1800,1786902708
ES,1775502000,1775503800,ESM2026,1800,1786902718
ES,1775503800,1775505600,ESM2026,1800,1786902728
ES,1775505600,1775507400,ESM2026,1800,1786902738
ES,1775507400,1775509200,ESM2026,1800,1786902748
NQ,1775512800,1775514600,NQM2026,1800,1786902758
NQ,1775514600,1775516400,NQM2026,1800,1786902768
NQ,1775516400,1775518200,NQM2026,1800,1786902778
NQ,1775518200,1775520000,NQM2026,1800,1786902788
NQ,1775520000,1775521800,NQM2026,1800,1786902799
NQ,1775521800,1775523600,NQM2026,1800,1786902808
NQ,1775523600,1775525400,NQM2026,1800,1786902818
NQ,1775525400,1775527200,NQM2026,1800,1786902828
NQ,1775527200,1775529000,NQM2026,1800,1786902838
NQ,1775529000,1775530800,NQM2026,1800,1786902848
NQ,1775530800,1775532600,NQM2026,1800,1786902858
NQ,1775532600,1775534400,NQM2026,1800,1786902868
NQ,1775534400,1775536200,NQM2026,1800,1786902878
NQ,1775536200,1775538000,NQM2026,1800,1786902888
NQ,1775538000,1775539800,NQM2026,1800,1786902898
NQ,1775539800,1775541600,NQM2026,1800,1786902908
NQ,1775541600,1775543400,NQM2026,1800,1786902918
NQ,1775543400,1775545200,NQM2026,1800,1786902928
NQ,1775545200,1775547000,NQM2026,1800,1786902938
NQ,1775547000,1775548800,NQM2026,1800,1786902948
NQ,1775548800,1775550600,NQM2026,1800,1786902958
NQ,1775550600,1775552400,NQM2026,1800,1786902968
NQ,1775552400,1775554200,NQM2026,1800,1786902978
NQ,1775554200,1775556000,NQM2026,1800,1786902988
NQ,1775556000,1775557800,NQM2026,1800,1786902998
NQ,1775557800,1775559600,NQM2026,1800,1786903008
NQ,1775559600,1775561400,NQM2026,1800,1786903018
NQ,1775561400,1775563200,NQM2026,1800,1786903028
NQ,1775563200,1775565000,NQM2026,1800,1786903038
NQ,1775565000,1775566800,NQM2026,1800,1786903048
NQ,1775566800,1775568600,NQM2026,1800,1786903058
NQ,1775568600,1775570400,NQM2026,1800,1786903068
NQ,1775570400,1775572200,NQM2026,1800,1786903078
NQ,1775572200,1775574000,NQM2026,1800,1786903088
NQ,1775574000,1775575800,NQM2026,1800,1786903098
NQ,1775575800,1775577600,NQM2026,1800,1786903108
NQ,1775577600,1775579400,NQM2026,1800,1786903118
NQ,1775579400,1775581200,NQM2026,1800,1786903128
NQ,1775581200,1775583000,NQM2026,1800,1786903138
NQ,1775583000,1775584800,NQM2026,1800,1786903148
NQ,1775584800,1775586600,NQM2026,1800,1786903158
NQ,1775586600,1775588400,NQM2026,1800,1786903168
NQ,1775588400,1775590200,NQM2026,1800,1786903178
NQ,1775590200,1775592000,NQM2026,1800,1786903188
NQ,1775592000,1775593800,NQM2026,1800,1786903198
NQ,1775593800,1775595600,NQM2026,1800,1786903208
ES,1775512800,1775514600,ESM2026,1800,1786903218
ES,1775514600,1775516400,ESM2026,1800,1786903228
ES,1775516400,1775518200,ESM2026,1800,1786903238
ES,1775518200,1775520000,ESM2026,1800,1786903248
ES,1775520000,1775521800,ESM2026,1800,1786903258
ES,1775521800,1775523600,ESM2026,1800,1786903268
ES,1775523600,1775525400,ESM2026,1800,1786903278
ES,1775525400,1775527200,ESM2026,1800,1786903288
ES,1775527200,1775529000,ESM2026,1800,1786903298
ES,1775529000,1775530800,ESM2026,1800,1786903308
ES,1775530800,1775532600,ESM2026,1800,1786903318
ES,1775532600,1775534400,ESM2026,1800,1786903328
ES,1775534400,1775536200,ESM2026,1800,1786903338
ES,1775536200,1775538000,ESM2026,1800,1786903348
ES,1775538000,1775539800,ESM2026,1800,1786903358
ES,1775539800,1775541600,ESM2026,1800,1786903368
ES,1775541600,1775543400,ESM2026,1800,1786903378
ES,1775543400,1775545200,ESM2026,1800,1786903388
ES,1775545200,1775547000,ESM2026,1800,1786903398
ES,1775547000,1775548800,ESM2026,1800,1786903408
ES,1775548800,1775550600,ESM2026,1800,1786903418
ES,1775550600,1775552400,ESM2026,1800,1786903428
ES,1775552400,1775554200,ESM2026,1800,1786903438
ES,1775554200,1775556000,ESM2026,1800,1786903448
ES,1775556000,1775557800,ESM2026,1800,1786903458
ES,1775557800,1775559600,ESM2026,1800,1786903468
ES,1775559600,1775561400,ESM2026,1800,1786903478
ES,1775561400,1775563200,ESM2026,1800,1786903488
ES,1775563200,1775565000,ESM2026,1800,1786903498
ES,1775565000,1775566800,ESM2026,1800,1786903508
ES,1775566800,1775568600,ESM2026,1800,1786903518
ES,1775568600,1775570400,ESM2026,1800,1786903528
ES,1775570400,1775572200,ESM2026,1800,1786903538
ES,1775572200,1775574000,ESM2026,1800,1786903548
ES,1775574000,1775575800,ESM2026,1800,1786903558
ES,1775575800,1775577600,ESM2026,1800,1786903568
ES,1775577600,1775579400,ESM2026,1800,1786903578
ES,1775579400,1775581200,ESM2026,1800,1786903588
ES,1775581200,1775583000,ESM2026,1800,1786903598
ES,1775583000,1775584800,ESM2026,1800,1786903608
ES,1775584800,1775586600,ESM2026,1800,1786903618
ES,1775586600,1775588400,ESM2026,1800,1786903628
ES,1775588400,1775590200,ESM2026,1800,1786903638
ES,1775590200,1775592000,ESM2026,1800,1786903648
ES,1775592000,1775593800,ESM2026,1800,1786903658
ES,1775593800,1775595600,ESM2026,1800,1786903668
NQ,1775599200,1775601000,NQM2026,1800,1786903678
NQ,1775601000,1775602800,NQM2026,1800,1786903689
NQ,1775602800,1775604600,NQM2026,1800,1786903699
NQ,1775604600,1775606400,NQM2026,1800,1786903708
NQ,1775606400,1775608200,NQM2026,1800,1786903718
NQ,1775608200,1775610000,NQM2026,1800,1786903728
NQ,1775610000,1775611800,NQM2026,1800,1786903738
NQ,1775611800,1775613600,NQM2026,1800,1786903748
NQ,1775613600,1775615400,NQM2026,1800,1786903758
NQ,1775615400,1775617200,NQM2026,1800,1786903768
NQ,1775617200,1775619000,NQM2026,1800,1786903778
NQ,1775619000,1775620800,NQM2026,1800,1786903788
NQ,1775620800,1775622600,NQM2026,1800,1786903798
NQ,1775622600,1775624400,NQM2026,1800,1786903808
NQ,1775624400,1775626200,NQM2026,1800,1786903818
NQ,1775626200,1775628000,NQM2026,1800,1786903828
NQ,1775628000,1775629800,NQM2026,1800,1786903838
NQ,1775629800,1775631600,NQM2026,1800,1786903848
NQ,1775631600,1775633400,NQM2026,1800,1786903858
NQ,1775633400,1775635200,NQM2026,1800,1786903868
NQ,1775635200,1775637000,NQM2026,1800,1786903878
NQ,1775637000,1775638800,NQM2026,1800,1786903888
NQ,1775638800,1775640600,NQM2026,1800,1786903899
NQ,1775640600,1775642400,NQM2026,1800,1786903908
NQ,1775642400,1775644200,NQM2026,1800,1786903918
NQ,1775644200,1775646000,NQM2026,1800,1786903928
NQ,1775646000,1775647800,NQM2026,1800,1786903938
NQ,1775647800,1775649600,NQM2026,1800,1786903948
NQ,1775649600,1775651400,NQM2026,1800,1786903958
NQ,1775651400,1775653200,NQM2026,1800,1786903968
NQ,1775653200,1775655000,NQM2026,1800,1786903979
NQ,1775655000,1775656800,NQM2026,1800,1786903989
NQ,1775656800,1775658600,NQM2026,1800,1786903999
NQ,1775658600,1775660400,NQM2026,1800,1786904009
NQ,1775660400,1775662200,NQM2026,1800,1786904019
NQ,1775662200,1775664000,NQM2026,1800,1786904029
NQ,1775664000,1775665800,NQM2026,1800,1786904039
NQ,1775665800,1775667600,NQM2026,1800,1786904048
NQ,1775667600,1775669400,NQM2026,1800,1786904058
NQ,1775669400,1775671200,NQM2026,1800,1786904068
NQ,1775671200,1775673000,NQM2026,1800,1786904079
NQ,1775673000,1775674800,NQM2026,1800,1786904089
NQ,1775674800,1775676600,NQM2026,1800,1786904099
NQ,1775676600,1775678400,NQM2026,1800,1786904109
NQ,1775678400,1775680200,NQM2026,1800,1786904118
NQ,1775680200,1775682000,NQM2026,1800,1786904128
ES,1775599200,1775601000,ESM2026,1800,1786904138
ES,1775601000,1775602800,ESM2026,1800,1786904149
ES,1775602800,1775604600,ESM2026,1800,1786904158
ES,1775604600,1775606400,ESM2026,1800,1786904168
ES,1775606400,1775608200,ESM2026,1800,1786904178
ES,1775608200,1775610000,ESM2026,1800,1786904188
ES,1775610000,1775611800,ESM2026,1800,1786904198
ES,1775611800,1775613600,ESM2026,1800,1786904208
ES,1775613600,1775615400,ESM2026,1800,1786904218
ES,1775615400,1775617200,ESM2026,1800,1786904228
ES,1775617200,1775619000,ESM2026,1800,1786904238
ES,1775619000,1775620800,ESM2026,1800,1786904248
ES,1775620800,1775622600,ESM2026,1800,1786904258
ES,1775622600,1775624400,ESM2026,1800,1786904268
ES,1775624400,1775626200,ESM2026,1800,1786904278
ES,1775626200,1775628000,ESM2026,1800,1786904288
ES,1775628000,1775629800,ESM2026,1800,1786904298
ES,1775629800,1775631600,ESM2026,1800,1786904308
ES,1775631600,1775633400,ESM2026,1800,1786904318
ES,1775633400,1775635200,ESM2026,1800,1786904328
ES,1775635200,1775637000,ESM2026,1800,1786904338
ES,1775637000,1775638800,ESM2026,1800,1786904348
ES,1775638800,1775640600,ESM2026,1800,1786904358
ES,1775640600,1775642400,ESM2026,1800,1786904368
ES,1775642400,1775644200,ESM2026,1800,1786904378
ES,1775644200,1775646000,ESM2026,1800,1786904388
ES,1775646000,1775647800,ESM2026,1800,1786904398
ES,1775647800,1775649600,ESM2026,1800,1786904408
ES,1775649600,1775651400,ESM2026,1800,1786904418
ES,1775651400,1775653200,ESM2026,1800,1786904428
ES,1775653200,1775655000,ESM2026,1800,1786904438
ES,1775655000,1775656800,ESM2026,1800,1786904449
ES,1775656800,1775658600,ESM2026,1800,1786904458
ES,1775658600,1775660400,ESM2026,1800,1786904469
ES,1775660400,1775662200,ESM2026,1800,1786904478
ES,1775662200,1775664000,ESM2026,1800,1786904489
ES,1775664000,1775665800,ESM2026,1800,1786904499
ES,1775665800,1775667600,ESM2026,1800,1786904509
ES,1775667600,1775669400,ESM2026,1800,1786904519
ES,1775669400,1775671200,ESM2026,1800,1786904529
ES,1775671200,1775673000,ESM2026,1800,1786904539
ES,1775673000,1775674800,ESM2026,1800,1786904549
ES,1775674800,1775676600,ESM2026,1800,1786904559
ES,1775676600,1775678400,ESM2026,1800,1786904569
ES,1775678400,1775680200,ESM2026,1800,1786904578
ES,1775680200,1775682000,ESM2026,1800,1786904588
NQ,1775685600,1775687400,NQM2026,1800,1786904598
NQ,1775687400,1775689200,NQM2026,1800,1786904608
NQ,1775689200,1775691000,NQM2026,1800,1786904618
NQ,1775691000,1775692800,NQM2026,1800,1786904628
NQ,1775692800,1775694600,NQM2026,1800,1786904638
NQ,1775694600,1775696400,NQM2026,1800,1786904648
NQ,1775696400,1775698200,NQM2026,1800,1786904658
NQ,1775698200,1775700000,NQM2026,1800,1786904668
NQ,1775700000,1775701800,NQM2026,1800,1786904678
NQ,1775701800,1775703600,NQM2026,1800,1786904688
NQ,1775703600,1775705400,NQM2026,1800,1786904698
NQ,1775705400,1775707200,NQM2026,1800,1786904708
NQ,1775707200,1775709000,NQM2026,1800,1786904718
NQ,1775709000,1775710800,NQM2026,1800,1786904728
NQ,1775710800,1775712600,NQM2026,1800,1786904738
NQ,1775712600,1775714400,NQM2026,1800,1786904748
NQ,1775714400,1775716200,NQM2026,1800,1786904758
NQ,1775716200,1775718000,NQM2026,1800,1786904768
NQ,1775718000,1775719800,NQM2026,1800,1786904778
NQ,1775719800,1775721600,NQM2026,1800,1786904788
NQ,1775721600,1775723400,NQM2026,1800,1786904798
NQ,1775723400,1775725200,NQM2026,1800,1786904808
NQ,1775725200,1775727000,NQM2026,1800,1786904818
NQ,1775727000,1775728800,NQM2026,1800,1786904828
NQ,1775728800,1775730600,NQM2026,1800,1786904838
NQ,1775730600,1775732400,NQM2026,1800,1786904849
NQ,1775732400,1775734200,NQM2026,1800,1786904858
NQ,1775734200,1775736000,NQM2026,1800,1786904869
NQ,1775736000,1775737800,NQM2026,1800,1786904878
NQ,1775737800,1775739600,NQM2026,1800,1786904888
NQ,1775739600,1775741400,NQM2026,1800,1786904898
NQ,1775741400,1775743200,NQM2026,1800,1786904909
NQ,1775743200,1775745000,NQM2026,1800,1786904919
NQ,1775745000,1775746800,NQM2026,1800,1786904929
NQ,1775746800,1775748600,NQM2026,1800,1786904939
NQ,1775748600,1775750400,NQM2026,1800,1786904949
NQ,1775750400,1775752200,NQM2026,1800,1786904960
NQ,1775752200,1775754000,NQM2026,1800,1786904969
NQ,1775754000,1775755800,NQM2026,1800,1786904979
NQ,1775755800,1775757600,NQM2026,1800,1786904989
NQ,1775757600,1775759400,NQM2026,1800,1786904999
NQ,1775759400,1775761200,NQM2026,1800,1786905009
NQ,1775761200,1775763000,NQM2026,1800,1786905019
NQ,1775763000,1775764800,NQM2026,1800,1786905029
NQ,1775764800,1775766600,NQM2026,1800,1786905039
NQ,1775766600,1775768400,NQM2026,1800,1786905048
ES,1775685600,1775687400,ESM2026,1800,1786905059
ES,1775687400,1775689200,ESM2026,1800,1786905068
ES,1775689200,1775691000,ESM2026,1800,1786905078
ES,1775691000,1775692800,ESM2026,1800,1786905088
ES,1775692800,1775694600,ESM2026,1800,1786905098
ES,1775694600,1775696400,ESM2026,1800,1786905108
ES,1775696400,1775698200,ESM2026,1800,1786905118
ES,1775698200,1775700000,ESM2026,1800,1786905129
ES,1775700000,1775701800,ESM2026,1800,1786905138
ES,1775701800,1775703600,ESM2026,1800,1786905148
ES,1775703600,1775705400,ESM2026,1800,1786905158
ES,1775705400,1775707200,ESM2026,1800,1786905168
ES,1775707200,1775709000,ESM2026,1800,1786905178
ES,1775709000,1775710800,ESM2026,1800,1786905188
ES,1775710800,1775712600,ESM2026,1800,1786905199
ES,1775712600,1775714400,ESM2026,1800,1786905208
ES,1775714400,1775716200,ESM2026,1800,1786905218
ES,1775716200,1775718000,ESM2026,1800,1786905229
ES,1775718000,1775719800,ESM2026,1800,1786905239
ES,1775719800,1775721600,ESM2026,1800,1786905248
ES,1775721600,1775723400,ESM2026,1800,1786905259
ES,1775723400,1775725200,ESM2026,1800,1786905268
ES,1775725200,1775727000,ESM2026,1800,1786905278
ES,1775727000,1775728800,ESM2026,1800,1786905288
ES,1775728800,1775730600,ESM2026,1800,1786905298
ES,1775730600,1775732400,ESM2026,1800,1786905308
ES,1775732400,1775734200,ESM2026,1800,1786905318
ES,1775734200,1775736000,ESM2026,1800,1786905328
ES,1775736000,1775737800,ESM2026,1800,1786905338
ES,1775737800,1775739600,ESM2026,1800,1786905348
ES,1775739600,1775741400,ESM2026,1800,1786905359
ES,1775741400,1775743200,ESM2026,1800,1786905369
ES,1775743200,1775745000,ESM2026,1800,1786905379
ES,1775745000,1775746800,ESM2026,1800,1786905388
ES,1775746800,1775748600,ESM2026,1800,1786905398
ES,1775748600,1775750400,ESM2026,1800,1786905409
ES,1775750400,1775752200,ESM2026,1800,1786905419
ES,1775752200,1775754000,ESM2026,1800,1786905428
ES,1775754000,1775755800,ESM2026,1800,1786905438
ES,1775755800,1775757600,ESM2026,1800,1786905448
ES,1775757600,1775759400,ESM2026,1800,1786905459
ES,1775759400,1775761200,ESM2026,1800,1786905468
ES,1775761200,1775763000,ESM2026,1800,1786905478
ES,1775763000,1775764800,ESM2026,1800,1786905489
ES,1775764800,1775766600,ESM2026,1800,1786905499
ES,1775766600,1775768400,ESM2026,1800,1786905508
NQ,1775772000,1775773800,NQM2026,1800,1786905519
NQ,1775773800,1775775600,NQM2026,1800,1786905529
NQ,1775775600,1775777400,NQM2026,1800,1786905539
NQ,1775777400,1775779200,NQM2026,1800,1786905549
NQ,1775779200,1775781000,NQM2026,1800,1786905559
NQ,1775781000,1775782800,NQM2026,1800,1786905569
NQ,1775782800,1775784600,NQM2026,1800,1786905579
NQ,1775784600,1775786400,NQM2026,1800,1786905589
NQ,1775786400,1775788200,NQM2026,1800,1786905599
NQ,1775788200,1775790000,NQM2026,1800,1786905608
NQ,1775790000,1775791800,NQM2026,1800,1786905619
NQ,1775791800,1775793600,NQM2026,1800,1786905629
NQ,1775793600,1775795400,NQM2026,1800,1786905638
NQ,1775795400,1775797200,NQM2026,1800,1786905648
NQ,1775797200,1775799000,NQM2026,1800,1786905659
NQ,1775799000,1775800800,NQM2026,1800,1786905668
NQ,1775800800,1775802600,NQM2026,1800,1786905678
NQ,1775802600,1775804400,NQM2026,1800,1786905688
NQ,1775804400,1775806200,NQM2026,1800,1786905698
NQ,1775806200,1775808000,NQM2026,1800,1786905708
NQ,1775808000,1775809800,NQM2026,1800,1786905719
NQ,1775809800,1775811600,NQM2026,1800,1786905728
NQ,1775811600,1775813400,NQM2026,1800,1786905738
NQ,1775813400,1775815200,NQM2026,1800,1786905748
NQ,1775815200,1775817000,NQM2026,1800,1786905774
NQ,1775817000,1775818800,NQM2026,1800,1786905784
NQ,1775818800,1775820600,NQM2026,1800,1786905794
NQ,1775820600,1775822400,NQM2026,1800,1786905804
NQ,1775822400,1775824200,NQM2026,1800,1786905814
NQ,1775824200,1775826000,NQM2026,1800,1786905824
NQ,1775826000,1775827800,NQM2026,1800,1786905834
NQ,1775827800,1775829600,NQM2026,1800,1786905844
NQ,1775829600,1775831400,NQM2026,1800,1786905854
NQ,1775831400,1775833200,NQM2026,1800,1786905864
NQ,1775833200,1775835000,NQM2026,1800,1786905874
NQ,1775835000,1775836800,NQM2026,1800,1786905884
NQ,1775836800,1775838600,NQM2026,1800,1786905894
NQ,1775838600,1775840400,NQM2026,1800,1786905904
NQ,1775840400,1775842200,NQM2026,1800,1786905914
NQ,1775842200,1775844000,NQM2026,1800,1786905924
NQ,1775844000,1775845800,NQM2026,1800,1786905934
NQ,1775845800,1775847600,NQM2026,1800,1786905944
NQ,1775847600,1775849400,NQM2026,1800,1786905954
NQ,1775849400,1775851200,NQM2026,1800,1786905964
NQ,1775851200,1775853000,NQM2026,1800,1786905974
NQ,1775853000,1775854800,NQM2026,1800,1786905984
ES,1775772000,1775773800,ESM2026,1800,1786905994
ES,1775773800,1775775600,ESM2026,1800,1786906004
ES,1775775600,1775777400,ESM2026,1800,1786906014
ES,1775777400,1775779200,ESM2026,1800,1786906024
ES,1775779200,1775781000,ESM2026,1800,1786906034
ES,1775781000,1775782800,ESM2026,1800,1786906044
ES,1775782800,1775784600,ESM2026,1800,1786906054
ES,1775784600,1775786400,ESM2026,1800,1786906064
ES,1775786400,1775788200,ESM2026,1800,1786906074
ES,1775788200,1775790000,ESM2026,1800,1786906085
ES,1775790000,1775791800,ESM2026,1800,1786906095
ES,1775791800,1775793600,ESM2026,1800,1786906104
ES,1775793600,1775795400,ESM2026,1800,1786906114
ES,1775795400,1775797200,ESM2026,1800,1786906124
ES,1775797200,1775799000,ESM2026,1800,1786906134
ES,1775799000,1775800800,ESM2026,1800,1786906144
ES,1775800800,1775802600,ESM2026,1800,1786906154
ES,1775802600,1775804400,ESM2026,1800,1786906164
ES,1775804400,1775806200,ESM2026,1800,1786906174
ES,1775806200,1775808000,ESM2026,1800,1786906184
ES,1775808000,1775809800,ESM2026,1800,1786906194
ES,1775809800,1775811600,ESM2026,1800,1786906204
ES,1775811600,1775813400,ESM2026,1800,1786906214
ES,1775813400,1775815200,ESM2026,1800,1786906224
ES,1775815200,1775817000,ESM2026,1800,1786906234
ES,1775817000,1775818800,ESM2026,1800,1786906244
ES,1775818800,1775820600,ESM2026,1800,1786906254
ES,1775820600,1775822400,ESM2026,1800,1786906264
ES,1775822400,1775824200,ESM2026,1800,1786906274
ES,1775824200,1775826000,ESM2026,1800,1786906284
ES,1775826000,1775827800,ESM2026,1800,1786906294
ES,1775827800,1775829600,ESM2026,1800,1786906304
ES,1775829600,1775831400,ESM2026,1800,1786906314
ES,1775831400,1775833200,ESM2026,1800,1786906324
ES,1775833200,1775835000,ESM2026,1800,1786906334
ES,1775835000,1775836800,ESM2026,1800,1786906344
ES,1775836800,1775838600,ESM2026,1800,1786906354
ES,1775838600,1775840400,ESM2026,1800,1786906364
ES,1775840400,1775842200,ESM2026,1800,1786906389
ES,1775842200,1775844000,ESM2026,1800,1786906399
ES,1775844000,1775845800,ESM2026,1800,1786906409
ES,1775845800,1775847600,ESM2026,1800,1786906419
ES,1775847600,1775849400,ESM2026,1800,1786906429
ES,1775849400,1775851200,ESM2026,1800,1786906439
ES,1775851200,1775853000,ESM2026,1800,1786906449
ES,1775853000,1775854800,ESM2026,1800,1786906459
NQ,1776031200,1776033000,NQM2026,1800,1786906469
NQ,1776033000,1776034800,NQM2026,1800,1786906479
NQ,1776034800,1776036600,NQM2026,1800,1786906489
NQ,1776036600,1776038400,NQM2026,1800,1786906499
NQ,1776038400,1776040200,NQM2026,1800,1786906509
NQ,1776040200,1776042000,NQM2026,1800,1786906519
NQ,1776042000,1776043800,NQM2026,1800,1786906529
NQ,1776043800,1776045600,NQM2026,1800,1786906539
NQ,1776045600,1776047400,NQM2026,1800,1786906549
NQ,1776047400,1776049200,NQM2026,1800,1786906559
NQ,1776049200,1776051000,NQM2026,1800,1786906569
NQ,1776051000,1776052800,NQM2026,1800,1786906579
NQ,1776052800,1776054600,NQM2026,1800,1786906589
NQ,1776054600,1776056400,NQM2026,1800,1786906599
NQ,1776056400,1776058200,NQM2026,1800,1786906609
NQ,1776058200,1776060000,NQM2026,1800,1786906619
NQ,1776060000,1776061800,NQM2026,1800,1786906629
NQ,1776061800,1776063600,NQM2026,1800,1786906639
NQ,1776063600,1776065400,NQM2026,1800,1786906649
NQ,1776065400,1776067200,NQM2026,1800,1786906659
NQ,1776067200,1776069000,NQM2026,1800,1786906669
NQ,1776069000,1776070800,NQM2026,1800,1786906679
NQ,1776070800,1776072600,NQM2026,1800,1786906689
NQ,1776072600,1776074400,NQM2026,1800,1786906699
NQ,1776074400,1776076200,NQM2026,1800,1786906709
NQ,1776076200,1776078000,NQM2026,1800,1786906719
NQ,1776078000,1776079800,NQM2026,1800,1786906729
NQ,1776079800,1776081600,NQM2026,1800,1786906739
NQ,1776081600,1776083400,NQM2026,1800,1786906749
NQ,1776083400,1776085200,NQM2026,1800,1786906759
NQ,1776085200,1776087000,NQM2026,1800,1786906769
NQ,1776087000,1776088800,NQM2026,1800,1786906779
NQ,1776088800,1776090600,NQM2026,1800,1786906789
NQ,1776090600,1776092400,NQM2026,1800,1786906799
NQ,1776092400,1776094200,NQM2026,1800,1786906809
NQ,1776094200,1776096000,NQM2026,1800,1786906819
NQ,1776096000,1776097800,NQM2026,1800,1786906829
NQ,1776097800,1776099600,NQM2026,1800,1786906839
NQ,1776099600,1776101400,NQM2026,1800,1786906849
NQ,1776101400,1776103200,NQM2026,1800,1786906859
NQ,1776103200,1776105000,NQM2026,1800,1786906869
NQ,1776105000,1776106800,NQM2026,1800,1786906879
NQ,1776106800,1776108600,NQM2026,1800,1786906889
NQ,1776108600,1776110400,NQM2026,1800,1786906899
NQ,1776110400,1776112200,NQM2026,1800,1786906909
NQ,1776112200,1776114000,NQM2026,1800,1786906919
ES,1776031200,1776033000,ESM2026,1800,1786906929
ES,1776033000,1776034800,ESM2026,1800,1786906939
ES,1776034800,1776036600,ESM2026,1800,1786906949
ES,1776036600,1776038400,ESM2026,1800,1786906959
ES,1776038400,1776040200,ESM2026,1800,1786906969
ES,1776040200,1776042000,ESM2026,1800,1786906979
ES,1776042000,1776043800,ESM2026,1800,1786906989
ES,1776043800,1776045600,ESM2026,1800,1786906999
ES,1776045600,1776047400,ESM2026,1800,1786907009
ES,1776047400,1776049200,ESM2026,1800,1786907019
ES,1776049200,1776051000,ESM2026,1800,1786907029
ES,1776051000,1776052800,ESM2026,1800,1786907039
ES,1776052800,1776054600,ESM2026,1800,1786907049
ES,1776054600,1776056400,ESM2026,1800,1786907059
ES,1776056400,1776058200,ESM2026,1800,1786907069
ES,1776058200,1776060000,ESM2026,1800,1786907079
ES,1776060000,1776061800,ESM2026,1800,1786907089
ES,1776061800,1776063600,ESM2026,1800,1786907099
ES,1776063600,1776065400,ESM2026,1800,1786907109
ES,1776065400,1776067200,ESM2026,1800,1786907119
ES,1776067200,1776069000,ESM2026,1800,1786907129
ES,1776069000,1776070800,ESM2026,1800,1786907139
ES,1776070800,1776072600,ESM2026,1800,1786907149
ES,1776072600,1776074400,ESM2026,1800,1786907159
ES,1776074400,1776076200,ESM2026,1800,1786907169
ES,1776076200,1776078000,ESM2026,1800,1786907179
ES,1776078000,1776079800,ESM2026,1800,1786907189
ES,1776079800,1776081600,ESM2026,1800,1786907199
ES,1776081600,1776083400,ESM2026,1800,1786907209
ES,1776083400,1776085200,ESM2026,1800,1786907219
ES,1776085200,1776087000,ESM2026,1800,1786907229
ES,1776087000,1776088800,ESM2026,1800,1786907239
ES,1776088800,1776090600,ESM2026,1800,1786907249
ES,1776090600,1776092400,ESM2026,1800,1786907259
ES,1776092400,1776094200,ESM2026,1800,1786907269
ES,1776094200,1776096000,ESM2026,1800,1786907279
ES,1776096000,1776097800,ESM2026,1800,1786907289
ES,1776097800,1776099600,ESM2026,1800,1786907299
ES,1776099600,1776101400,ESM2026,1800,1786907309
ES,1776101400,1776103200,ESM2026,1800,1786907319
ES,1776103200,1776105000,ESM2026,1800,1786907329
ES,1776105000,1776106800,ESM2026,1800,1786907339
ES,1776106800,1776108600,ESM2026,1800,1786907349
ES,1776108600,1776110400,ESM2026,1800,1786907359
ES,1776110400,1776112200,ESM2026,1800,1786907369
ES,1776112200,1776114000,ESM2026,1800,1786907379
NQ,1776117600,1776119400,NQM2026,1800,1786907389
NQ,1776119400,1776121200,NQM2026,1800,1786907399
NQ,1776121200,1776123000,NQM2026,1800,1786907409
NQ,1776123000,1776124800,NQM2026,1800,1786907419
NQ,1776124800,1776126600,NQM2026,1800,1786907429
NQ,1776126600,1776128400,NQM2026,1800,1786907439
NQ,1776128400,1776130200,NQM2026,1800,1786907449
NQ,1776130200,1776132000,NQM2026,1800,1786907459
NQ,1776132000,1776133800,NQM2026,1800,1786907469
NQ,1776133800,1776135600,NQM2026,1800,1786907479
NQ,1776135600,1776137400,NQM2026,1800,1786907489
NQ,1776137400,1776139200,NQM2026,1800,1786907499
NQ,1776139200,1776141000,NQM2026,1800,1786907509
NQ,1776141000,1776142800,NQM2026,1800,1786907519
NQ,1776142800,1776144600,NQM2026,1800,1786907529
NQ,1776144600,1776146400,NQM2026,1800,1786907539
NQ,1776146400,1776148200,NQM2026,1800,1786907549
NQ,1776148200,1776150000,NQM2026,1800,1786907559
NQ,1776150000,1776151800,NQM2026,1800,1786907569
NQ,1776151800,1776153600,NQM2026,1800,1786907579
NQ,1776153600,1776155400,NQM2026,1800,1786907589
NQ,1776155400,1776157200,NQM2026,1800,1786907599
NQ,1776157200,1776159000,NQM2026,1800,1786907609
NQ,1776159000,1776160800,NQM2026,1800,1786907619
NQ,1776160800,1776162600,NQM2026,1800,1786907629
NQ,1776162600,1776164400,NQM2026,1800,1786907639
NQ,1776164400,1776166200,NQM2026,1800,1786907649
NQ,1776166200,1776168000,NQM2026,1800,1786907659
NQ,1776168000,1776169800,NQM2026,1800,1786907669
NQ,1776169800,1776171600,NQM2026,1800,1786907679
NQ,1776171600,1776173400,NQM2026,1800,1786907689
NQ,1776173400,1776175200,NQM2026,1800,1786907699
NQ,1776175200,1776177000,NQM2026,1800,1786907709
NQ,1776177000,1776178800,NQM2026,1800,1786907719
NQ,1776178800,1776180600,NQM2026,1800,1786907729
NQ,1776180600,1776182400,NQM2026,1800,1786907739
NQ,1776182400,1776184200,NQM2026,1800,1786907749
NQ,1776184200,1776186000,NQM2026,1800,1786907759
NQ,1776186000,1776187800,NQM2026,1800,1786907769
NQ,1776187800,1776189600,NQM2026,1800,1786907780
NQ,1776189600,1776191400,NQM2026,1800,1786907789
NQ,1776191400,1776193200,NQM2026,1800,1786907799
NQ,1776193200,1776195000,NQM2026,1800,1786907809
NQ,1776195000,1776196800,NQM2026,1800,1786907819
NQ,1776196800,1776198600,NQM2026,1800,1786907829
NQ,1776198600,1776200400,NQM2026,1800,1786907839
ES,1776117600,1776119400,ESM2026,1800,1786907849
ES,1776119400,1776121200,ESM2026,1800,1786907859
ES,1776121200,1776123000,ESM2026,1800,1786907869
ES,1776123000,1776124800,ESM2026,1800,1786907879
ES,1776124800,1776126600,ESM2026,1800,1786907889
ES,1776126600,1776128400,ESM2026,1800,1786907899
ES,1776128400,1776130200,ESM2026,1800,1786907909
ES,1776130200,1776132000,ESM2026,1800,1786907919
ES,1776132000,1776133800,ESM2026,1800,1786907929
ES,1776133800,1776135600,ESM2026,1800,1786907939
ES,1776135600,1776137400,ESM2026,1800,1786907949
ES,1776137400,1776139200,ESM2026,1800,1786907959
ES,1776139200,1776141000,ESM2026,1800,1786907969
ES,1776141000,1776142800,ESM2026,1800,1786907979
ES,1776142800,1776144600,ESM2026,1800,1786907989
ES,1776144600,1776146400,ESM2026,1800,1786907999
ES,1776146400,1776148200,ESM2026,1800,1786908009
ES,1776148200,1776150000,ESM2026,1800,1786908019
ES,1776150000,1776151800,ESM2026,1800,1786908029
ES,1776151800,1776153600,ESM2026,1800,1786908039
ES,1776153600,1776155400,ESM2026,1800,1786908049
ES,1776155400,1776157200,ESM2026,1800,1786908059
ES,1776157200,1776159000,ESM2026,1800,1786908069
ES,1776159000,1776160800,ESM2026,1800,1786908079
ES,1776160800,1776162600,ESM2026,1800,1786908089
ES,1776162600,1776164400,ESM2026,1800,1786908099
ES,1776164400,1776166200,ESM2026,1800,1786908109
ES,1776166200,1776168000,ESM2026,1800,1786908119
ES,1776168000,1776169800,ESM2026,1800,1786908129
ES,1776169800,1776171600,ESM2026,1800,1786908139
ES,1776171600,1776173400,ESM2026,1800,1786908149
ES,1776173400,1776175200,ESM2026,1800,1786908159
ES,1776175200,1776177000,ESM2026,1800,1786908169
ES,1776177000,1776178800,ESM2026,1800,1786908179
ES,1776178800,1776180600,ESM2026,1800,1786908189
ES,1776180600,1776182400,ESM2026,1800,1786908199
ES,1776182400,1776184200,ESM2026,1800,1786908209
ES,1776184200,1776186000,ESM2026,1800,1786908219
ES,1776186000,1776187800,ESM2026,1800,1786908229
ES,1776187800,1776189600,ESM2026,1800,1786908239
ES,1776189600,1776191400,ESM2026,1800,1786908249
ES,1776191400,1776193200,ESM2026,1800,1786908259
ES,1776193200,1776195000,ESM2026,1800,1786908269
ES,1776195000,1776196800,ESM2026,1800,1786908279
ES,1776196800,1776198600,ESM2026,1800,1786908289
ES,1776198600,1776200400,ESM2026,1800,1786908299
NQ,1776204000,1776205800,NQM2026,1800,1786908309
NQ,1776205800,1776207600,NQM2026,1800,1786908319
NQ,1776207600,1776209400,NQM2026,1800,1786908329
NQ,1776209400,1776211200,NQM2026,1800,1786908339
NQ,1776211200,1776213000,NQM2026,1800,1786908349
NQ,1776213000,1776214800,NQM2026,1800,1786908359
NQ,1776214800,1776216600,NQM2026,1800,1786908369
NQ,1776216600,1776218400,NQM2026,1800,1786908379
NQ,1776218400,1776220200,NQM2026,1800,1786908389
NQ,1776220200,1776222000,NQM2026,1800,1786908399
NQ,1776222000,1776223800,NQM2026,1800,1786908409
NQ,1776223800,1776225600,NQM2026,1800,1786908419
NQ,1776225600,1776227400,NQM2026,1800,1786908429
NQ,1776227400,1776229200,NQM2026,1800,1786908439
NQ,1776229200,1776231000,NQM2026,1800,1786908449
NQ,1776231000,1776232800,NQM2026,1800,1786908459
NQ,1776232800,1776234600,NQM2026,1800,1786908469
NQ,1776234600,1776236400,NQM2026,1800,1786908479
NQ,1776236400,1776238200,NQM2026,1800,1786908489
NQ,1776238200,1776240000,NQM2026,1800,1786908499
NQ,1776240000,1776241800,NQM2026,1800,1786908509
NQ,1776241800,1776243600,NQM2026,1800,1786908519
NQ,1776243600,1776245400,NQM2026,1800,1786908529
NQ,1776245400,1776247200,NQM2026,1800,1786908540
NQ,1776247200,1776249000,NQM2026,1800,1786908549
NQ,1776249000,1776250800,NQM2026,1800,1786908559
NQ,1776250800,1776252600,NQM2026,1800,1786908569
NQ,1776252600,1776254400,NQM2026,1800,1786908579
NQ,1776254400,1776256200,NQM2026,1800,1786908589
NQ,1776256200,1776258000,NQM2026,1800,1786908599
NQ,1776258000,1776259800,NQM2026,1800,1786908609
NQ,1776259800,1776261600,NQM2026,1800,1786908619
NQ,1776261600,1776263400,NQM2026,1800,1786908629
NQ,1776263400,1776265200,NQM2026,1800,1786908639
NQ,1776265200,1776267000,NQM2026,1800,1786908649
NQ,1776267000,1776268800,NQM2026,1800,1786908659
NQ,1776268800,1776270600,NQM2026,1800,1786908669
NQ,1776270600,1776272400,NQM2026,1800,1786908679
NQ,1776272400,1776274200,NQM2026,1800,1786908689
NQ,1776274200,1776276000,NQM2026,1800,1786908699
NQ,1776276000,1776277800,NQM2026,1800,1786908709
NQ,1776277800,1776279600,NQM2026,1800,1786908719
NQ,1776279600,1776281400,NQM2026,1800,1786908729
NQ,1776281400,1776283200,NQM2026,1800,1786908739
NQ,1776283200,1776285000,NQM2026,1800,1786908749
NQ,1776285000,1776286800,NQM2026,1800,1786908759
ES,1776204000,1776205800,ESM2026,1800,1786908769
ES,1776205800,1776207600,ESM2026,1800,1786908779
ES,1776207600,1776209400,ESM2026,1800,1786908789
ES,1776209400,1776211200,ESM2026,1800,1786908799
ES,1776211200,1776213000,ESM2026,1800,1786908809
ES,1776213000,1776214800,ESM2026,1800,1786908819
ES,1776214800,1776216600,ESM2026,1800,1786908829
ES,1776216600,1776218400,ESM2026,1800,1786908839
ES,1776218400,1776220200,ESM2026,1800,1786908849
ES,1776220200,1776222000,ESM2026,1800,1786908859
ES,1776222000,1776223800,ESM2026,1800,1786908869
ES,1776223800,1776225600,ESM2026,1800,1786908879
ES,1776225600,1776227400,ESM2026,1800,1786908889
ES,1776227400,1776229200,ESM2026,1800,1786908899
ES,1776229200,1776231000,ESM2026,1800,1786908909
ES,1776231000,1776232800,ESM2026,1800,1786908919
ES,1776232800,1776234600,ESM2026,1800,1786908929
ES,1776234600,1776236400,ESM2026,1800,1786908939
ES,1776236400,1776238200,ESM2026,1800,1786908949
ES,1776238200,1776240000,ESM2026,1800,1786908959
ES,1776240000,1776241800,ESM2026,1800,1786908969
ES,1776241800,1776243600,ESM2026,1800,1786908979
ES,1776243600,1776245400,ESM2026,1800,1786908989
ES,1776245400,1776247200,ESM2026,1800,1786908999
ES,1776247200,1776249000,ESM2026,1800,1786909009
ES,1776249000,1776250800,ESM2026,1800,1786909019
ES,1776250800,1776252600,ESM2026,1800,1786909029
ES,1776252600,1776254400,ESM2026,1800,1786909039
ES,1776254400,1776256200,ESM2026,1800,1786909049
ES,1776256200,1776258000,ESM2026,1800,1786909059
ES,1776258000,1776259800,ESM2026,1800,1786909069
ES,1776259800,1776261600,ESM2026,1800,1786909079
ES,1776261600,1776263400,ESM2026,1800,1786909089
ES,1776263400,1776265200,ESM2026,1800,1786909099
ES,1776265200,1776267000,ESM2026,1800,1786909109
ES,1776267000,1776268800,ESM2026,1800,1786909119
ES,1776268800,1776270600,ESM2026,1800,1786909129
ES,1776270600,1776272400,ESM2026,1800,1786909139
ES,1776272400,1776274200,ESM2026,1800,1786909149
ES,1776274200,1776276000,ESM2026,1800,1786909159
ES,1776276000,1776277800,ESM2026,1800,1786909169
ES,1776277800,1776279600,ESM2026,1800,1786909179
ES,1776279600,1776281400,ESM2026,1800,1786909189
ES,1776281400,1776283200,ESM2026,1800,1786909199
ES,1776283200,1776285000,ESM2026,1800,1786909209
ES,1776285000,1776286800,ESM2026,1800,1786909219
NQ,1776290400,1776292200,NQM2026,1800,1786909229
NQ,1776292200,1776294000,NQM2026,1800,1786909239
NQ,1776294000,1776295800,NQM2026,1800,1786909249
NQ,1776295800,1776297600,NQM2026,1800,1786909259
NQ,1776297600,1776299400,NQM2026,1800,1786909269
NQ,1776299400,1776301200,NQM2026,1800,1786909279
NQ,1776301200,1776303000,NQM2026,1800,1786909289
NQ,1776303000,1776304800,NQM2026,1800,1786909299
NQ,1776304800,1776306600,NQM2026,1800,1786909309
NQ,1776306600,1776308400,NQM2026,1800,1786909319
NQ,1776308400,1776310200,NQM2026,1800,1786909329
NQ,1776310200,1776312000,NQM2026,1800,1786909339
NQ,1776312000,1776313800,NQM2026,1800,1786909349
NQ,1776313800,1776315600,NQM2026,1800,1786909359
NQ,1776315600,1776317400,NQM2026,1800,1786909369
NQ,1776317400,1776319200,NQM2026,1800,1786909379
NQ,1776319200,1776321000,NQM2026,1800,1786909390
NQ,1776321000,1776322800,NQM2026,1800,1786909400
NQ,1776322800,1776324600,NQM2026,1800,1786909410
NQ,1776324600,1776326400,NQM2026,1800,1786909420
NQ,1776326400,1776328200,NQM2026,1800,1786909429
NQ,1776328200,1776330000,NQM2026,1800,1786909439
NQ,1776330000,1776331800,NQM2026,1800,1786909449
NQ,1776331800,1776333600,NQM2026,1800,1786909459
NQ,1776333600,1776335400,NQM2026,1800,1786909469
NQ,1776335400,1776337200,NQM2026,1800,1786909479
NQ,1776337200,1776339000,NQM2026,1800,1786909489
NQ,1776339000,1776340800,NQM2026,1800,1786909499
NQ,1776340800,1776342600,NQM2026,1800,1786909509
NQ,1776342600,1776344400,NQM2026,1800,1786909519
NQ,1776344400,1776346200,NQM2026,1800,1786909529
NQ,1776346200,1776348000,NQM2026,1800,1786909539
NQ,1776348000,1776349800,NQM2026,1800,1786909549
NQ,1776349800,1776351600,NQM2026,1800,1786909559
NQ,1776351600,1776353400,NQM2026,1800,1786909569
NQ,1776353400,1776355200,NQM2026,1800,1786909579
NQ,1776355200,1776357000,NQM2026,1800,1786909589
NQ,1776357000,1776358800,NQM2026,1800,1786909599
NQ,1776358800,1776360600,NQM2026,1800,1786909609
NQ,1776360600,1776362400,NQM2026,1800,1786909619
NQ,1776362400,1776364200,NQM2026,1800,1786909629
NQ,1776364200,1776366000,NQM2026,1800,1786909639
NQ,1776366000,1776367800,NQM2026,1800,1786909649
NQ,1776367800,1776369600,NQM2026,1800,1786909659
NQ,1776369600,1776371400,NQM2026,1800,1786909669
NQ,1776371400,1776373200,NQM2026,1800,1786909679
ES,1776290400,1776292200,ESM2026,1800,1786909689
ES,1776292200,1776294000,ESM2026,1800,1786909699
ES,1776294000,1776295800,ESM2026,1800,1786909709
ES,1776295800,1776297600,ESM2026,1800,1786909719
ES,1776297600,1776299400,ESM2026,1800,1786909729
ES,1776299400,1776301200,ESM2026,1800,1786909739
ES,1776301200,1776303000,ESM2026,1800,1786909749
ES,1776303000,1776304800,ESM2026,1800,1786909759
ES,1776304800,1776306600,ESM2026,1800,1786909769
ES,1776306600,1776308400,ESM2026,1800,1786909779
ES,1776308400,1776310200,ESM2026,1800,1786909789
ES,1776310200,1776312000,ESM2026,1800,1786909799
ES,1776312000,1776313800,ESM2026,1800,1786909809
ES,1776313800,1776315600,ESM2026,1800,1786909819
ES,1776315600,1776317400,ESM2026,1800,1786909829
ES,1776317400,1776319200,ESM2026,1800,1786909839
ES,1776319200,1776321000,ESM2026,1800,1786909849
ES,1776321000,1776322800,ESM2026,1800,1786909859
ES,1776322800,1776324600,ESM2026,1800,1786909869
ES,1776324600,1776326400,ESM2026,1800,1786909880
ES,1776326400,1776328200,ESM2026,1800,1786909889
ES,1776328200,1776330000,ESM2026,1800,1786909899
ES,1776330000,1776331800,ESM2026,1800,1786909909
ES,1776331800,1776333600,ESM2026,1800,1786909919
ES,1776333600,1776335400,ESM2026,1800,1786909929
ES,1776335400,1776337200,ESM2026,1800,1786909939
ES,1776337200,1776339000,ESM2026,1800,1786909949
ES,1776339000,1776340800,ESM2026,1800,1786909959
ES,1776340800,1776342600,ESM2026,1800,1786909969
ES,1776342600,1776344400,ESM2026,1800,1786909979
ES,1776344400,1776346200,ESM2026,1800,1786909989
ES,1776346200,1776348000,ESM2026,1800,1786909999
ES,1776348000,1776349800,ESM2026,1800,1786910009
ES,1776349800,1776351600,ESM2026,1800,1786910019
ES,1776351600,1776353400,ESM2026,1800,1786910029
ES,1776353400,1776355200,ESM2026,1800,1786910039
ES,1776355200,1776357000,ESM2026,1800,1786910049
ES,1776357000,1776358800,ESM2026,1800,1786910059
ES,1776358800,1776360600,ESM2026,1800,1786910069
ES,1776360600,1776362400,ESM2026,1800,1786910079
ES,1776362400,1776364200,ESM2026,1800,1786910089
ES,1776364200,1776366000,ESM2026,1800,1786910099
ES,1776366000,1776367800,ESM2026,1800,1786910109
ES,1776367800,1776369600,ESM2026,1800,1786910119
ES,1776369600,1776371400,ESM2026,1800,1786910129
ES,1776371400,1776373200,ESM2026,1800,1786910139
NQ,1776376800,1776378600,NQM2026,1800,1786910149
NQ,1776378600,1776380400,NQM2026,1800,1786910159
NQ,1776380400,1776382200,NQM2026,1800,1786910169
NQ,1776382200,1776384000,NQM2026,1800,1786910179
NQ,1776384000,1776385800,NQM2026,1800,1786910189
NQ,1776385800,1776387600,NQM2026,1800,1786910199
NQ,1776387600,1776389400,NQM2026,1800,1786910209
NQ,1776389400,1776391200,NQM2026,1800,1786910219
NQ,1776391200,1776393000,NQM2026,1800,1786910229
NQ,1776393000,1776394800,NQM2026,1800,1786910239
NQ,1776394800,1776396600,NQM2026,1800,1786910249
NQ,1776396600,1776398400,NQM2026,1800,1786910259
NQ,1776398400,1776400200,NQM2026,1800,1786910269
NQ,1776400200,1776402000,NQM2026,1800,1786910279
NQ,1776402000,1776403800,NQM2026,1800,1786910289
NQ,1776403800,1776405600,NQM2026,1800,1786910299
NQ,1776405600,1776407400,NQM2026,1800,1786910309
NQ,1776407400,1776409200,NQM2026,1800,1786910319
NQ,1776409200,1776411000,NQM2026,1800,1786910329
NQ,1776411000,1776412800,NQM2026,1800,1786910339
NQ,1776412800,1776414600,NQM2026,1800,1786910349
NQ,1776414600,1776416400,NQM2026,1800,1786910359
NQ,1776416400,1776418200,NQM2026,1800,1786910369
NQ,1776418200,1776420000,NQM2026,1800,1786910379
NQ,1776420000,1776421800,NQM2026,1800,1786910389
NQ,1776421800,1776423600,NQM2026,1800,1786910399
NQ,1776423600,1776425400,NQM2026,1800,1786910409
NQ,1776425400,1776427200,NQM2026,1800,1786910419
NQ,1776427200,1776429000,NQM2026,1800,1786910429
NQ,1776429000,1776430800,NQM2026,1800,1786910439
NQ,1776430800,1776432600,NQM2026,1800,1786910452
NQ,1776432600,1776434400,NQM2026,1800,1786910463
NQ,1776434400,1776436200,NQM2026,1800,1786910477
NQ,1776436200,1776438000,NQM2026,1800,1786910483
NQ,1776438000,1776439800,NQM2026,1800,1786910491
NQ,1776439800,1776441600,NQM2026,1800,1786910500
NQ,1776441600,1776443400,NQM2026,1800,1786910510
NQ,1776443400,1776445200,NQM2026,1800,1786910520
NQ,1776445200,1776447000,NQM2026,1800,1786910530
NQ,1776447000,1776448800,NQM2026,1800,1786910539
NQ,1776448800,1776450600,NQM2026,1800,1786910549
NQ,1776450600,1776452400,NQM2026,1800,1786910560
NQ,1776452400,1776454200,NQM2026,1800,1786910569
NQ,1776454200,1776456000,NQM2026,1800,1786910579
NQ,1776456000,1776457800,NQM2026,1800,1786910589
NQ,1776457800,1776459600,NQM2026,1800,1786910600
ES,1776376800,1776378600,ESM2026,1800,1786910610
ES,1776378600,1776380400,ESM2026,1800,1786910621
ES,1776380400,1776382200,ESM2026,1800,1786910631
ES,1776382200,1776384000,ESM2026,1800,1786910640
ES,1776384000,1776385800,ESM2026,1800,1786910651
ES,1776385800,1776387600,ESM2026,1800,1786910660
ES,1776387600,1776389400,ESM2026,1800,1786910670
ES,1776389400,1776391200,ESM2026,1800,1786910680
ES,1776391200,1776393000,ESM2026,1800,1786910690
ES,1776393000,1776394800,ESM2026,1800,1786910700
ES,1776394800,1776396600,ESM2026,1800,1786910710
ES,1776396600,1776398400,ESM2026,1800,1786910719
ES,1776398400,1776400200,ESM2026,1800,1786910729
ES,1776400200,1776402000,ESM2026,1800,1786910739
ES,1776402000,1776403800,ESM2026,1800,1786910749
ES,1776403800,1776405600,ESM2026,1800,1786910759
ES,1776405600,1776407400,ESM2026,1800,1786910769
ES,1776407400,1776409200,ESM2026,1800,1786910779
ES,1776409200,1776411000,ESM2026,1800,1786910789
ES,1776411000,1776412800,ESM2026,1800,1786910799
ES,1776412800,1776414600,ESM2026,1800,1786910809
ES,1776414600,1776416400,ESM2026,1800,1786910819
ES,1776416400,1776418200,ESM2026,1800,1786910829
ES,1776418200,1776420000,ESM2026,1800,1786910839
ES,1776420000,1776421800,ESM2026,1800,1786910850
ES,1776421800,1776423600,ESM2026,1800,1786910860
ES,1776423600,1776425400,ESM2026,1800,1786910870
ES,1776425400,1776427200,ESM2026,1800,1786910880
ES,1776427200,1776429000,ESM2026,1800,1786910891
ES,1776429000,1776430800,ESM2026,1800,1786910900
ES,1776430800,1776432600,ESM2026,1800,1786910910
ES,1776432600,1776434400,ESM2026,1800,1786910920
ES,1776434400,1776436200,ESM2026,1800,1786910930
ES,1776436200,1776438000,ESM2026,1800,1786910940
ES,1776438000,1776439800,ESM2026,1800,1786910950
ES,1776439800,1776441600,ESM2026,1800,1786910960
ES,1776441600,1776443400,ESM2026,1800,1786910970
ES,1776443400,1776445200,ESM2026,1800,1786910979
ES,1776445200,1776447000,ESM2026,1800,1786910990
ES,1776447000,1776448800,ESM2026,1800,1786910999
ES,1776448800,1776450600,ESM2026,1800,1786911009
ES,1776450600,1776452400,ESM2026,1800,1786911020
ES,1776452400,1776454200,ESM2026,1800,1786911029
ES,1776454200,1776456000,ESM2026,1800,1786911039
ES,1776456000,1776457800,ESM2026,1800,1786911049
ES,1776457800,1776459600,ESM2026,1800,1786911059
NQ,1776636000,1776637800,NQM2026,1800,1786911070
NQ,1776637800,1776639600,NQM2026,1800,1786911080
NQ,1776639600,1776641400,NQM2026,1800,1786911089
NQ,1776641400,1776643200,NQM2026,1800,1786911099
NQ,1776643200,1776645000,NQM2026,1800,1786911109
NQ,1776645000,1776646800,NQM2026,1800,1786911119
NQ,1776646800,1776648600,NQM2026,1800,1786911130
NQ,1776648600,1776650400,NQM2026,1800,1786911139
NQ,1776650400,1776652200,NQM2026,1800,1786911149
NQ,1776652200,1776654000,NQM2026,1800,1786911159
NQ,1776654000,1776655800,NQM2026,1800,1786911170
NQ,1776655800,1776657600,NQM2026,1800,1786911179
NQ,1776657600,1776659400,NQM2026,1800,1786911190
NQ,1776659400,1776661200,NQM2026,1800,1786911199
NQ,1776661200,1776663000,NQM2026,1800,1786911209
NQ,1776663000,1776664800,NQM2026,1800,1786911219
NQ,1776664800,1776666600,NQM2026,1800,1786911229
NQ,1776666600,1776668400,NQM2026,1800,1786911240
NQ,1776668400,1776670200,NQM2026,1800,1786911249
NQ,1776670200,1776672000,NQM2026,1800,1786911260
NQ,1776672000,1776673800,NQM2026,1800,1786911270
NQ,1776673800,1776675600,NQM2026,1800,1786911279
NQ,1776675600,1776677400,NQM2026,1800,1786911289
NQ,1776677400,1776679200,NQM2026,1800,1786911300
NQ,1776679200,1776681000,NQM2026,1800,1786911310
NQ,1776681000,1776682800,NQM2026,1800,1786911319
NQ,1776682800,1776684600,NQM2026,1800,1786911330
NQ,1776684600,1776686400,NQM2026,1800,1786911339
NQ,1776686400,1776688200,NQM2026,1800,1786911350
NQ,1776688200,1776690000,NQM2026,1800,1786911359
NQ,1776690000,1776691800,NQM2026,1800,1786911371
NQ,1776691800,1776693600,NQM2026,1800,1786911383
NQ,1776693600,1776695400,NQM2026,1800,1786911392
NQ,1776695400,1776697200,NQM2026,1800,1786911402
NQ,1776697200,1776699000,NQM2026,1800,1786911412
NQ,1776699000,1776700800,NQM2026,1800,1786911422
NQ,1776700800,1776702600,NQM2026,1800,1786911430
NQ,1776702600,1776704400,NQM2026,1800,1786911440
NQ,1776704400,1776706200,NQM2026,1800,1786911450
NQ,1776706200,1776708000,NQM2026,1800,1786911460
NQ,1776708000,1776709800,NQM2026,1800,1786911470
NQ,1776709800,1776711600,NQM2026,1800,1786911480
NQ,1776711600,1776713400,NQM2026,1800,1786911490
NQ,1776713400,1776715200,NQM2026,1800,1786911500
NQ,1776715200,1776717000,NQM2026,1800,1786911509
NQ,1776717000,1776718800,NQM2026,1800,1786911520
ES,1776636000,1776637800,ESM2026,1800,1786911529
ES,1776637800,1776639600,ESM2026,1800,1786911539
ES,1776639600,1776641400,ESM2026,1800,1786911550
ES,1776641400,1776643200,ESM2026,1800,1786911559
ES,1776643200,1776645000,ESM2026,1800,1786911569
ES,1776645000,1776646800,ESM2026,1800,1786911580
ES,1776646800,1776648600,ESM2026,1800,1786911590
ES,1776648600,1776650400,ESM2026,1800,1786911599
ES,1776650400,1776652200,ESM2026,1800,1786911609
ES,1776652200,1776654000,ESM2026,1800,1786911619
ES,1776654000,1776655800,ESM2026,1800,1786911630
ES,1776655800,1776657600,ESM2026,1800,1786911640
ES,1776657600,1776659400,ESM2026,1800,1786911649
ES,1776659400,1776661200,ESM2026,1800,1786911660
ES,1776661200,1776663000,ESM2026,1800,1786911669
ES,1776663000,1776664800,ESM2026,1800,1786911680
ES,1776664800,1776666600,ESM2026,1800,1786911690
ES,1776666600,1776668400,ESM2026,1800,1786911700
ES,1776668400,1776670200,ESM2026,1800,1786911710
ES,1776670200,1776672000,ESM2026,1800,1786911720
ES,1776672000,1776673800,ESM2026,1800,1786911730
ES,1776673800,1776675600,ESM2026,1800,1786911740
ES,1776675600,1776677400,ESM2026,1800,1786911750
ES,1776677400,1776679200,ESM2026,1800,1786911760
ES,1776679200,1776681000,ESM2026,1800,1786911770
ES,1776681000,1776682800,ESM2026,1800,1786911780
ES,1776682800,1776684600,ESM2026,1800,1786911790
ES,1776684600,1776686400,ESM2026,1800,1786911799
ES,1776686400,1776688200,ESM2026,1800,1786911810
ES,1776688200,1776690000,ESM2026,1800,1786911819
ES,1776690000,1776691800,ESM2026,1800,1786911830
ES,1776691800,1776693600,ESM2026,1800,1786911840
ES,1776693600,1776695400,ESM2026,1800,1786911850
ES,1776695400,1776697200,ESM2026,1800,1786911860
ES,1776697200,1776699000,ESM2026,1800,1786911870
ES,1776699000,1776700800,ESM2026,1800,1786911880
ES,1776700800,1776702600,ESM2026,1800,1786911890
ES,1776702600,1776704400,ESM2026,1800,1786911900
ES,1776704400,1776706200,ESM2026,1800,1786911910
ES,1776706200,1776708000,ESM2026,1800,1786911920
ES,1776708000,1776709800,ESM2026,1800,1786911930
ES,1776709800,1776711600,ESM2026,1800,1786911939
ES,1776711600,1776713400,ESM2026,1800,1786911950
ES,1776713400,1776715200,ESM2026,1800,1786911960
ES,1776715200,1776717000,ESM2026,1800,1786911970
ES,1776717000,1776718800,ESM2026,1800,1786911980
NQ,1776722400,1776724200,NQM2026,1800,1786911990
NQ,1776724200,1776726000,NQM2026,1800,1786912000
NQ,1776726000,1776727800,NQM2026,1800,1786912010
NQ,1776727800,1776729600,NQM2026,1800,1786912019
NQ,1776729600,1776731400,NQM2026,1800,1786912030
NQ,1776731400,1776733200,NQM2026,1800,1786912040
NQ,1776733200,1776735000,NQM2026,1800,1786912050
NQ,1776735000,1776736800,NQM2026,1800,1786912060
NQ,1776736800,1776738600,NQM2026,1800,1786912070
NQ,1776738600,1776740400,NQM2026,1800,1786912080
NQ,1776740400,1776742200,NQM2026,1800,1786912090
NQ,1776742200,1776744000,NQM2026,1800,1786912099
NQ,1776744000,1776745800,NQM2026,1800,1786912110
NQ,1776745800,1776747600,NQM2026,1800,1786912120
NQ,1776747600,1776749400,NQM2026,1800,1786912130
NQ,1776749400,1776751200,NQM2026,1800,1786912140
NQ,1776751200,1776753000,NQM2026,1800,1786912150
NQ,1776753000,1776754800,NQM2026,1800,1786912160
NQ,1776754800,1776756600,NQM2026,1800,1786912170
NQ,1776756600,1776758400,NQM2026,1800,1786912180
NQ,1776758400,1776760200,NQM2026,1800,1786912190
NQ,1776760200,1776762000,NQM2026,1800,1786912200
NQ,1776762000,1776763800,NQM2026,1800,1786912210
NQ,1776763800,1776765600,NQM2026,1800,1786912220
NQ,1776765600,1776767400,NQM2026,1800,1786912230
NQ,1776767400,1776769200,NQM2026,1800,1786912240
NQ,1776769200,1776771000,NQM2026,1800,1786912250
NQ,1776771000,1776772800,NQM2026,1800,1786912260
NQ,1776772800,1776774600,NQM2026,1800,1786912270
NQ,1776774600,1776776400,NQM2026,1800,1786912280
NQ,1776776400,1776778200,NQM2026,1800,1786912290
NQ,1776778200,1776780000,NQM2026,1800,1786912300
NQ,1776780000,1776781800,NQM2026,1800,1786912310
NQ,1776781800,1776783600,NQM2026,1800,1786912320
NQ,1776783600,1776785400,NQM2026,1800,1786912330
NQ,1776785400,1776787200,NQM2026,1800,1786912340
NQ,1776787200,1776789000,NQM2026,1800,1786912350
NQ,1776789000,1776790800,NQM2026,1800,1786912360
NQ,1776790800,1776792600,NQM2026,1800,1786912370
NQ,1776792600,1776794400,NQM2026,1800,1786912380
NQ,1776794400,1776796200,NQM2026,1800,1786912405
NQ,1776796200,1776798000,NQM2026,1800,1786912415
NQ,1776798000,1776799800,NQM2026,1800,1786912425
NQ,1776799800,1776801600,NQM2026,1800,1786912435
NQ,1776801600,1776803400,NQM2026,1800,1786912445
NQ,1776803400,1776805200,NQM2026,1800,1786912455
ES,1776722400,1776724200,ESM2026,1800,1786912465
ES,1776724200,1776726000,ESM2026,1800,1786912475
ES,1776726000,1776727800,ESM2026,1800,1786912485
ES,1776727800,1776729600,ESM2026,1800,1786912495
ES,1776729600,1776731400,ESM2026,1800,1786912505
ES,1776731400,1776733200,ESM2026,1800,1786912515
ES,1776733200,1776735000,ESM2026,1800,1786912525
ES,1776735000,1776736800,ESM2026,1800,1786912535
ES,1776736800,1776738600,ESM2026,1800,1786912545
ES,1776738600,1776740400,ESM2026,1800,1786912555
ES,1776740400,1776742200,ESM2026,1800,1786912565
ES,1776742200,1776744000,ESM2026,1800,1786912575
ES,1776744000,1776745800,ESM2026,1800,1786912585
ES,1776745800,1776747600,ESM2026,1800,1786912595
ES,1776747600,1776749400,ESM2026,1800,1786912605
ES,1776749400,1776751200,ESM2026,1800,1786912615
ES,1776751200,1776753000,ESM2026,1800,1786912625
ES,1776753000,1776754800,ESM2026,1800,1786912635
ES,1776754800,1776756600,ESM2026,1800,1786912645
ES,1776756600,1776758400,ESM2026,1800,1786912655
ES,1776758400,1776760200,ESM2026,1800,1786912665
ES,1776760200,1776762000,ESM2026,1800,1786912675
ES,1776762000,1776763800,ESM2026,1800,1786912685
ES,1776763800,1776765600,ESM2026,1800,1786912696
ES,1776765600,1776767400,ESM2026,1800,1786912705
ES,1776767400,1776769200,ESM2026,1800,1786912715
ES,1776769200,1776771000,ESM2026,1800,1786912725
ES,1776771000,1776772800,ESM2026,1800,1786912735
ES,1776772800,1776774600,ESM2026,1800,1786912745
ES,1776774600,1776776400,ESM2026,1800,1786912755
ES,1776776400,1776778200,ESM2026,1800,1786912765
ES,1776778200,1776780000,ESM2026,1800,1786912775
ES,1776780000,1776781800,ESM2026,1800,1786912785
ES,1776781800,1776783600,ESM2026,1800,1786912795
ES,1776783600,1776785400,ESM2026,1800,1786912805
ES,1776785400,1776787200,ESM2026,1800,1786912815
ES,1776787200,1776789000,ESM2026,1800,1786912825
ES,1776789000,1776790800,ESM2026,1800,1786912835
ES,1776790800,1776792600,ESM2026,1800,1786912845
ES,1776792600,1776794400,ESM2026,1800,1786912855
ES,1776794400,1776796200,ESM2026,1800,1786912865
ES,1776796200,1776798000,ESM2026,1800,1786912875
ES,1776798000,1776799800,ESM2026,1800,1786912885
ES,1776799800,1776801600,ESM2026,1800,1786912895
ES,1776801600,1776803400,ESM2026,1800,1786912905
ES,1776803400,1776805200,ESM2026,1800,1786912915
NQ,1776808800,1776810600,NQM2026,1800,1786912925
NQ,1776810600,1776812400,NQM2026,1800,1786912935
NQ,1776812400,1776814200,NQM2026,1800,1786912945
NQ,1776814200,1776816000,NQM2026,1800,1786912955
NQ,1776816000,1776817800,NQM2026,1800,1786912965
NQ,1776817800,1776819600,NQM2026,1800,1786912975
NQ,1776819600,1776821400,NQM2026,1800,1786912985
NQ,1776821400,1776823200,NQM2026,1800,1786912995
NQ,1776823200,1776825000,NQM2026,1800,1786913005
NQ,1776825000,1776826800,NQM2026,1800,1786913015
NQ,1776826800,1776828600,NQM2026,1800,1786913025
NQ,1776828600,1776830400,NQM2026,1800,1786913035
NQ,1776830400,1776832200,NQM2026,1800,1786913045
NQ,1776832200,1776834000,NQM2026,1800,1786913055
NQ,1776834000,1776835800,NQM2026,1800,1786913065
NQ,1776835800,1776837600,NQM2026,1800,1786913075
NQ,1776837600,1776839400,NQM2026,1800,1786913085
NQ,1776839400,1776841200,NQM2026,1800,1786913095
NQ,1776841200,1776843000,NQM2026,1800,1786913105
NQ,1776843000,1776844800,NQM2026,1800,1786913115
NQ,1776844800,1776846600,NQM2026,1800,1786913125
NQ,1776846600,1776848400,NQM2026,1800,1786913135
NQ,1776848400,1776850200,NQM2026,1800,1786913145
NQ,1776850200,1776852000,NQM2026,1800,1786913155
NQ,1776852000,1776853800,NQM2026,1800,1786913165
NQ,1776853800,1776855600,NQM2026,1800,1786913175
NQ,1776855600,1776857400,NQM2026,1800,1786913185
NQ,1776857400,1776859200,NQM2026,1800,1786913195
NQ,1776859200,1776861000,NQM2026,1800,1786913205
NQ,1776861000,1776862800,NQM2026,1800,1786913215
NQ,1776862800,1776864600,NQM2026,1800,1786913225
NQ,1776864600,1776866400,NQM2026,1800,1786913235
NQ,1776866400,1776868200,NQM2026,1800,1786913245
NQ,1776868200,1776870000,NQM2026,1800,1786913255
NQ,1776870000,1776871800,NQM2026,1800,1786913265
NQ,1776871800,1776873600,NQM2026,1800,1786913275
NQ,1776873600,1776875400,NQM2026,1800,1786913285
NQ,1776875400,1776877200,NQM2026,1800,1786913295
NQ,1776877200,1776879000,NQM2026,1800,1786913305
NQ,1776879000,1776880800,NQM2026,1800,1786913315
NQ,1776880800,1776882600,NQM2026,1800,1786913325
NQ,1776882600,1776884400,NQM2026,1800,1786913335
NQ,1776884400,1776886200,NQM2026,1800,1786913347
NQ,1776886200,1776888000,NQM2026,1800,1786913355
NQ,1776888000,1776889800,NQM2026,1800,1786913365
NQ,1776889800,1776891600,NQM2026,1800,1786913375
ES,1776808800,1776810600,ESM2026,1800,1786913385
ES,1776810600,1776812400,ESM2026,1800,1786913395
ES,1776812400,1776814200,ESM2026,1800,1786913405
ES,1776814200,1776816000,ESM2026,1800,1786913415
ES,1776816000,1776817800,ESM2026,1800,1786913425
ES,1776817800,1776819600,ESM2026,1800,1786913435
ES,1776819600,1776821400,ESM2026,1800,1786913445
ES,1776821400,1776823200,ESM2026,1800,1786913455
ES,1776823200,1776825000,ESM2026,1800,1786913465
ES,1776825000,1776826800,ESM2026,1800,1786913475
ES,1776826800,1776828600,ESM2026,1800,1786913485
ES,1776828600,1776830400,ESM2026,1800,1786913495
ES,1776830400,1776832200,ESM2026,1800,1786913505
ES,1776832200,1776834000,ESM2026,1800,1786913515
ES,1776834000,1776835800,ESM2026,1800,1786913525
ES,1776835800,1776837600,ESM2026,1800,1786913535
ES,1776837600,1776839400,ESM2026,1800,1786913545
ES,1776839400,1776841200,ESM2026,1800,1786913555
ES,1776841200,1776843000,ESM2026,1800,1786913565
ES,1776843000,1776844800,ESM2026,1800,1786913575
ES,1776844800,1776846600,ESM2026,1800,1786913585
ES,1776846600,1776848400,ESM2026,1800,1786913595
ES,1776848400,1776850200,ESM2026,1800,1786913605
ES,1776850200,1776852000,ESM2026,1800,1786913615
ES,1776852000,1776853800,ESM2026,1800,1786913625
ES,1776853800,1776855600,ESM2026,1800,1786913635
ES,1776855600,1776857400,ESM2026,1800,1786913645
ES,1776857400,1776859200,ESM2026,1800,1786913655
ES,1776859200,1776861000,ESM2026,1800,1786913665
ES,1776861000,1776862800,ESM2026,1800,1786913675
ES,1776862800,1776864600,ESM2026,1800,1786913685
ES,1776864600,1776866400,ESM2026,1800,1786913695
ES,1776866400,1776868200,ESM2026,1800,1786913705
ES,1776868200,1776870000,ESM2026,1800,1786913715
ES,1776870000,1776871800,ESM2026,1800,1786913725
ES,1776871800,1776873600,ESM2026,1800,1786913735
ES,1776873600,1776875400,ESM2026,1800,1786913745
ES,1776875400,1776877200,ESM2026,1800,1786913755
ES,1776877200,1776879000,ESM2026,1800,1786913765
ES,1776879000,1776880800,ESM2026,1800,1786913775
ES,1776880800,1776882600,ESM2026,1800,1786913785
ES,1776882600,1776884400,ESM2026,1800,1786913795
ES,1776884400,1776886200,ESM2026,1800,1786913805
ES,1776886200,1776888000,ESM2026,1800,1786913815
ES,1776888000,1776889800,ESM2026,1800,1786913825
ES,1776889800,1776891600,ESM2026,1800,1786913835
NQ,1776895200,1776897000,NQM2026,1800,1786913845
NQ,1776897000,1776898800,NQM2026,1800,1786913855
NQ,1776898800,1776900600,NQM2026,1800,1786913865
NQ,1776900600,1776902400,NQM2026,1800,1786913875
NQ,1776902400,1776904200,NQM2026,1800,1786913885
NQ,1776904200,1776906000,NQM2026,1800,1786913895
NQ,1776906000,1776907800,NQM2026,1800,1786913905
NQ,1776907800,1776909600,NQM2026,1800,1786913915
NQ,1776909600,1776911400,NQM2026,1800,1786913925
NQ,1776911400,1776913200,NQM2026,1800,1786913935
NQ,1776913200,1776915000,NQM2026,1800,1786913945
NQ,1776915000,1776916800,NQM2026,1800,1786913955
NQ,1776916800,1776918600,NQM2026,1800,1786913965
NQ,1776918600,1776920400,NQM2026,1800,1786913975
NQ,1776920400,1776922200,NQM2026,1800,1786913985
NQ,1776922200,1776924000,NQM2026,1800,1786913995
NQ,1776924000,1776925800,NQM2026,1800,1786914005
NQ,1776925800,1776927600,NQM2026,1800,1786914015
NQ,1776927600,1776929400,NQM2026,1800,1786914025
NQ,1776929400,1776931200,NQM2026,1800,1786914035
NQ,1776931200,1776933000,NQM2026,1800,1786914045
NQ,1776933000,1776934800,NQM2026,1800,1786914055
NQ,1776934800,1776936600,NQM2026,1800,1786914065
NQ,1776936600,1776938400,NQM2026,1800,1786914075
NQ,1776938400,1776940200,NQM2026,1800,1786914085
NQ,1776940200,1776942000,NQM2026,1800,1786914095
NQ,1776942000,1776943800,NQM2026,1800,1786914105
NQ,1776943800,1776945600,NQM2026,1800,1786914115
NQ,1776945600,1776947400,NQM2026,1800,1786914125
NQ,1776947400,1776949200,NQM2026,1800,1786914135
NQ,1776949200,1776951000,NQM2026,1800,1786914145
NQ,1776951000,1776952800,NQM2026,1800,1786914155
NQ,1776952800,1776954600,NQM2026,1800,1786914165
NQ,1776954600,1776956400,NQM2026,1800,1786914175
NQ,1776956400,1776958200,NQM2026,1800,1786914185
NQ,1776958200,1776960000,NQM2026,1800,1786914195
NQ,1776960000,1776961800,NQM2026,1800,1786914205
NQ,1776961800,1776963600,NQM2026,1800,1786914215
NQ,1776963600,1776965400,NQM2026,1800,1786914225
NQ,1776965400,1776967200,NQM2026,1800,1786914235
NQ,1776967200,1776969000,NQM2026,1800,1786914245
NQ,1776969000,1776970800,NQM2026,1800,1786914257
NQ,1776970800,1776972600,NQM2026,1800,1786914267
NQ,1776972600,1776974400,NQM2026,1800,1786914277
NQ,1776974400,1776976200,NQM2026,1800,1786914287
NQ,1776976200,1776978000,NQM2026,1800,1786914296
ES,1776895200,1776897000,ESM2026,1800,1786914305
ES,1776897000,1776898800,ESM2026,1800,1786914315
ES,1776898800,1776900600,ESM2026,1800,1786914325
ES,1776900600,1776902400,ESM2026,1800,1786914335
ES,1776902400,1776904200,ESM2026,1800,1786914345
ES,1776904200,1776906000,ESM2026,1800,1786914355
ES,1776906000,1776907800,ESM2026,1800,1786914365
ES,1776907800,1776909600,ESM2026,1800,1786914375
ES,1776909600,1776911400,ESM2026,1800,1786914385
ES,1776911400,1776913200,ESM2026,1800,1786914395
ES,1776913200,1776915000,ESM2026,1800,1786914405
ES,1776915000,1776916800,ESM2026,1800,1786914415
ES,1776916800,1776918600,ESM2026,1800,1786914425
ES,1776918600,1776920400,ESM2026,1800,1786914435
ES,1776920400,1776922200,ESM2026,1800,1786914445
ES,1776922200,1776924000,ESM2026,1800,1786914455
ES,1776924000,1776925800,ESM2026,1800,1786914465
ES,1776925800,1776927600,ESM2026,1800,1786914475
ES,1776927600,1776929400,ESM2026,1800,1786914485
ES,1776929400,1776931200,ESM2026,1800,1786914495
ES,1776931200,1776933000,ESM2026,1800,1786914505
ES,1776933000,1776934800,ESM2026,1800,1786914515
ES,1776934800,1776936600,ESM2026,1800,1786914525
ES,1776936600,1776938400,ESM2026,1800,1786914535
ES,1776938400,1776940200,ESM2026,1800,1786914545
ES,1776940200,1776942000,ESM2026,1800,1786914555
ES,1776942000,1776943800,ESM2026,1800,1786914565
ES,1776943800,1776945600,ESM2026,1800,1786914575
ES,1776945600,1776947400,ESM2026,1800,1786914585
ES,1776947400,1776949200,ESM2026,1800,1786914595
ES,1776949200,1776951000,ESM2026,1800,1786914605
ES,1776951000,1776952800,ESM2026,1800,1786914615
ES,1776952800,1776954600,ESM2026,1800,1786914625
ES,1776954600,1776956400,ESM2026,1800,1786914635
ES,1776956400,1776958200,ESM2026,1800,1786914645
ES,1776958200,1776960000,ESM2026,1800,1786914655
ES,1776960000,1776961800,ESM2026,1800,1786914665
ES,1776961800,1776963600,ESM2026,1800,1786914675
ES,1776963600,1776965400,ESM2026,1800,1786914685
ES,1776965400,1776967200,ESM2026,1800,1786914695
ES,1776967200,1776969000,ESM2026,1800,1786914705
ES,1776969000,1776970800,ESM2026,1800,1786914715
ES,1776970800,1776972600,ESM2026,1800,1786914725
ES,1776972600,1776974400,ESM2026,1800,1786914735
ES,1776974400,1776976200,ESM2026,1800,1786914745
ES,1776976200,1776978000,ESM2026,1800,1786914755
NQ,1776981600,1776983400,NQM2026,1800,1786914765
NQ,1776983400,1776985200,NQM2026,1800,1786914775
NQ,1776985200,1776987000,NQM2026,1800,1786914785
NQ,1776987000,1776988800,NQM2026,1800,1786914795
NQ,1776988800,1776990600,NQM2026,1800,1786914805
NQ,1776990600,1776992400,NQM2026,1800,1786914815
NQ,1776992400,1776994200,NQM2026,1800,1786914825
NQ,1776994200,1776996000,NQM2026,1800,1786914835
NQ,1776996000,1776997800,NQM2026,1800,1786914845
NQ,1776997800,1776999600,NQM2026,1800,1786914855
NQ,1776999600,1777001400,NQM2026,1800,1786914865
NQ,1777001400,1777003200,NQM2026,1800,1786914875
NQ,1777003200,1777005000,NQM2026,1800,1786914885
NQ,1777005000,1777006800,NQM2026,1800,1786914895
NQ,1777006800,1777008600,NQM2026,1800,1786914905
NQ,1777008600,1777010400,NQM2026,1800,1786914915
NQ,1777010400,1777012200,NQM2026,1800,1786914925
NQ,1777012200,1777014000,NQM2026,1800,1786914935
NQ,1777014000,1777015800,NQM2026,1800,1786914945
NQ,1777015800,1777017600,NQM2026,1800,1786914955
NQ,1777017600,1777019400,NQM2026,1800,1786914965
NQ,1777019400,1777021200,NQM2026,1800,1786914975
NQ,1777021200,1777023000,NQM2026,1800,1786914985
NQ,1777023000,1777024800,NQM2026,1800,1786914995
NQ,1777024800,1777026600,NQM2026,1800,1786915005
NQ,1777026600,1777028400,NQM2026,1800,1786915015
NQ,1777028400,1777030200,NQM2026,1800,1786915025
NQ,1777030200,1777032000,NQM2026,1800,1786915035
NQ,1777032000,1777033800,NQM2026,1800,1786915045
NQ,1777033800,1777035600,NQM2026,1800,1786915055
NQ,1777035600,1777037400,NQM2026,1800,1786915065
NQ,1777037400,1777039200,NQM2026,1800,1786915075
NQ,1777039200,1777041000,NQM2026,1800,1786915085
NQ,1777041000,1777042800,NQM2026,1800,1786915095
NQ,1777042800,1777044600,NQM2026,1800,1786915105
NQ,1777044600,1777046400,NQM2026,1800,1786915115
NQ,1777046400,1777048200,NQM2026,1800,1786915125
NQ,1777048200,1777050000,NQM2026,1800,1786915135
NQ,1777050000,1777051800,NQM2026,1800,1786915145
NQ,1777051800,1777053600,NQM2026,1800,1786915155
NQ,1777053600,1777055400,NQM2026,1800,1786915165
NQ,1777055400,1777057200,NQM2026,1800,1786915175
NQ,1777057200,1777059000,NQM2026,1800,1786915185
NQ,1777059000,1777060800,NQM2026,1800,1786915195
NQ,1777060800,1777062600,NQM2026,1800,1786915205
NQ,1777062600,1777064400,NQM2026,1800,1786915215
ES,1776981600,1776983400,ESM2026,1800,1786915225
ES,1776983400,1776985200,ESM2026,1800,1786915235
ES,1776985200,1776987000,ESM2026,1800,1786915245
ES,1776987000,1776988800,ESM2026,1800,1786915255
ES,1776988800,1776990600,ESM2026,1800,1786915265
ES,1776990600,1776992400,ESM2026,1800,1786915275
ES,1776992400,1776994200,ESM2026,1800,1786915285
ES,1776994200,1776996000,ESM2026,1800,1786915295
ES,1776996000,1776997800,ESM2026,1800,1786915305
ES,1776997800,1776999600,ESM2026,1800,1786915315
ES,1776999600,1777001400,ESM2026,1800,1786915325
ES,1777001400,1777003200,ESM2026,1800,1786915335
ES,1777003200,1777005000,ESM2026,1800,1786915345
ES,1777005000,1777006800,ESM2026,1800,1786915355
ES,1777006800,1777008600,ESM2026,1800,1786915366
ES,1777008600,1777010400,ESM2026,1800,1786915375
ES,1777010400,1777012200,ESM2026,1800,1786915385
ES,1777012200,1777014000,ESM2026,1800,1786915395
ES,1777014000,1777015800,ESM2026,1800,1786915405
ES,1777015800,1777017600,ESM2026,1800,1786915415
ES,1777017600,1777019400,ESM2026,1800,1786915425
ES,1777019400,1777021200,ESM2026,1800,1786915435
ES,1777021200,1777023000,ESM2026,1800,1786915445
ES,1777023000,1777024800,ESM2026,1800,1786915455
ES,1777024800,1777026600,ESM2026,1800,1786915465
ES,1777026600,1777028400,ESM2026,1800,1786915475
ES,1777028400,1777030200,ESM2026,1800,1786915485
ES,1777030200,1777032000,ESM2026,1800,1786915495
ES,1777032000,1777033800,ESM2026,1800,1786915505
ES,1777033800,1777035600,ESM2026,1800,1786915515
ES,1777035600,1777037400,ESM2026,1800,1786915525
ES,1777037400,1777039200,ESM2026,1800,1786915535
ES,1777039200,1777041000,ESM2026,1800,1786915545
ES,1777041000,1777042800,ESM2026,1800,1786915555
ES,1777042800,1777044600,ESM2026,1800,1786915565
ES,1777044600,1777046400,ESM2026,1800,1786915576
ES,1777046400,1777048200,ESM2026,1800,1786915585
ES,1777048200,1777050000,ESM2026,1800,1786915595
ES,1777050000,1777051800,ESM2026,1800,1786915605
ES,1777051800,1777053600,ESM2026,1800,1786915615
ES,1777053600,1777055400,ESM2026,1800,1786915625
ES,1777055400,1777057200,ESM2026,1800,1786915635
ES,1777057200,1777059000,ESM2026,1800,1786915645
ES,1777059000,1777060800,ESM2026,1800,1786915655
ES,1777060800,1777062600,ESM2026,1800,1786915665
ES,1777062600,1777064400,ESM2026,1800,1786915675
NQ,1777240800,1777242600,NQM2026,1800,1786915685
NQ,1777242600,1777244400,NQM2026,1800,1786915695
NQ,1777244400,1777246200,NQM2026,1800,1786915705
NQ,1777246200,1777248000,NQM2026,1800,1786915715
NQ,1777248000,1777249800,NQM2026,1800,1786915725
NQ,1777249800,1777251600,NQM2026,1800,1786915735
NQ,1777251600,1777253400,NQM2026,1800,1786915745
NQ,1777253400,1777255200,NQM2026,1800,1786915755
NQ,1777255200,1777257000,NQM2026,1800,1786915819
NQ,1777257000,1777258800,NQM2026,1800,1786915820
NQ,1777258800,1777260600,NQM2026,1800,1786915829
NQ,1777260600,1777262400,NQM2026,1800,1786915839
NQ,1777262400,1777264200,NQM2026,1800,1786915849
NQ,1777264200,1777266000,NQM2026,1800,1786915859
NQ,1777266000,1777267800,NQM2026,1800,1786915869
NQ,1777267800,1777269600,NQM2026,1800,1786915879
NQ,1777269600,1777271400,NQM2026,1800,1786915889
NQ,1777271400,1777273200,NQM2026,1800,1786915899
NQ,1777273200,1777275000,NQM2026,1800,1786915909
NQ,1777275000,1777276800,NQM2026,1800,1786915919
NQ,1777276800,1777278600,NQM2026,1800,1786915929
NQ,1777278600,1777280400,NQM2026,1800,1786915939
NQ,1777280400,1777282200,NQM2026,1800,1786915950
NQ,1777282200,1777284000,NQM2026,1800,1786915959
NQ,1777284000,1777285800,NQM2026,1800,1786915969
NQ,1777285800,1777287600,NQM2026,1800,1786915979
NQ,1777287600,1777289400,NQM2026,1800,1786915989
NQ,1777289400,1777291200,NQM2026,1800,1786915999
NQ,1777291200,1777293000,NQM2026,1800,1786916009
NQ,1777293000,1777294800,NQM2026,1800,1786916019
NQ,1777294800,1777296600,NQM2026,1800,1786916029
NQ,1777296600,1777298400,NQM2026,1800,1786916040
NQ,1777298400,1777300200,NQM2026,1800,1786916050
NQ,1777300200,1777302000,NQM2026,1800,1786916060
NQ,1777302000,1777303800,NQM2026,1800,1786916070
NQ,1777303800,1777305600,NQM2026,1800,1786916080
NQ,1777305600,1777307400,NQM2026,1800,1786916089
NQ,1777307400,1777309200,NQM2026,1800,1786916099
NQ,1777309200,1777311000,NQM2026,1800,1786916109
NQ,1777311000,1777312800,NQM2026,1800,1786916119
NQ,1777312800,1777314600,NQM2026,1800,1786916130
NQ,1777314600,1777316400,NQM2026,1800,1786916139
NQ,1777316400,1777318200,NQM2026,1800,1786916149
NQ,1777318200,1777320000,NQM2026,1800,1786916159
NQ,1777320000,1777321800,NQM2026,1800,1786916169
NQ,1777321800,1777323600,NQM2026,1800,1786916180
ES,1777240800,1777242600,ESM2026,1800,1786916189
ES,1777242600,1777244400,ESM2026,1800,1786916199
ES,1777244400,1777246200,ESM2026,1800,1786916209
ES,1777246200,1777248000,ESM2026,1800,1786916220
ES,1777248000,1777249800,ESM2026,1800,1786916229
ES,1777249800,1777251600,ESM2026,1800,1786916239
ES,1777251600,1777253400,ESM2026,1800,1786916250
ES,1777253400,1777255200,ESM2026,1800,1786916259
ES,1777255200,1777257000,ESM2026,1800,1786916270
ES,1777257000,1777258800,ESM2026,1800,1786916280
ES,1777258800,1777260600,ESM2026,1800,1786916290
ES,1777260600,1777262400,ESM2026,1800,1786916300
ES,1777262400,1777264200,ESM2026,1800,1786916310
ES,1777264200,1777266000,ESM2026,1800,1786916320
ES,1777266000,1777267800,ESM2026,1800,1786916330
ES,1777267800,1777269600,ESM2026,1800,1786916340
ES,1777269600,1777271400,ESM2026,1800,1786916350
ES,1777271400,1777273200,ESM2026,1800,1786916360
ES,1777273200,1777275000,ESM2026,1800,1786916369
ES,1777275000,1777276800,ESM2026,1800,1786916380
ES,1777276800,1777278600,ESM2026,1800,1786916389
ES,1777278600,1777280400,ESM2026,1800,1786916399
ES,1777280400,1777282200,ESM2026,1800,1786916410
ES,1777282200,1777284000,ESM2026,1800,1786916435
ES,1777284000,1777285800,ESM2026,1800,1786916445
ES,1777285800,1777287600,ESM2026,1800,1786916455
ES,1777287600,1777289400,ESM2026,1800,1786916465
ES,1777289400,1777291200,ESM2026,1800,1786916475
ES,1777291200,1777293000,ESM2026,1800,1786916485
ES,1777293000,1777294800,ESM2026,1800,1786916495
ES,1777294800,1777296600,ESM2026,1800,1786916505
ES,1777296600,1777298400,ESM2026,1800,1786916515
ES,1777298400,1777300200,ESM2026,1800,1786916525
ES,1777300200,1777302000,ESM2026,1800,1786916535
ES,1777302000,1777303800,ESM2026,1800,1786916545
ES,1777303800,1777305600,ESM2026,1800,1786916555
ES,1777305600,1777307400,ESM2026,1800,1786916565
ES,1777307400,1777309200,ESM2026,1800,1786916575
ES,1777309200,1777311000,ESM2026,1800,1786916585
ES,1777311000,1777312800,ESM2026,1800,1786916595
ES,1777312800,1777314600,ESM2026,1800,1786916605
ES,1777314600,1777316400,ESM2026,1800,1786916615
ES,1777316400,1777318200,ESM2026,1800,1786916625
ES,1777318200,1777320000,ESM2026,1800,1786916635
ES,1777320000,1777321800,ESM2026,1800,1786916645
ES,1777321800,1777323600,ESM2026,1800,1786916655
NQ,1777327200,1777329000,NQM2026,1800,1786943208
NQ,1777329000,1777330800,NQM2026,1800,1786943216
NQ,1777330800,1777332600,NQM2026,1800,1786943226
NQ,1777332600,1777334400,NQM2026,1800,1786943236
NQ,1777334400,1777336200,NQM2026,1800,1786943246
NQ,1777336200,1777338000,NQM2026,1800,1786943256
NQ,1777338000,1777339800,NQM2026,1800,1786943266
NQ,1777339800,1777341600,NQM2026,1800,1786943276
NQ,1777341600,1777343400,NQM2026,1800,1786943286
NQ,1777343400,1777345200,NQM2026,1800,1786943296
NQ,1777345200,1777347000,NQM2026,1800,1786943306
NQ,1777347000,1777348800,NQM2026,1800,1786943316
NQ,1777348800,1777350600,NQM2026,1800,1786943326
NQ,1777350600,1777352400,NQM2026,1800,1786943336
NQ,1777352400,1777354200,NQM2026,1800,1786943346
NQ,1777354200,1777356000,NQM2026,1800,1786943356
NQ,1777356000,1777357800,NQM2026,1800,1786943366
NQ,1777357800,1777359600,NQM2026,1800,1786943376
NQ,1777359600,1777361400,NQM2026,1800,1786943386
NQ,1777361400,1777363200,NQM2026,1800,1786943396
NQ,1777363200,1777365000,NQM2026,1800,1786943406
NQ,1777365000,1777366800,NQM2026,1800,1786943416
NQ,1777366800,1777368600,NQM2026,1800,1786943427
NQ,1777368600,1777370400,NQM2026,1800,1786943436
NQ,1777370400,1777372200,NQM2026,1800,1786943446
NQ,1777372200,1777374000,NQM2026,1800,1786943456
NQ,1777374000,1777375800,NQM2026,1800,1786943466
NQ,1777375800,1777377600,NQM2026,1800,1786943476
NQ,1777377600,1777379400,NQM2026,1800,1786943486
NQ,1777379400,1777381200,NQM2026,1800,1786943496
NQ,1777381200,1777383000,NQM2026,1800,1786943506
NQ,1777383000,1777384800,NQM2026,1800,1786943516
NQ,1777384800,1777386600,NQM2026,1800,1786943526
NQ,1777386600,1777388400,NQM2026,1800,1786943537
NQ,1777388400,1777390200,NQM2026,1800,1786943546
NQ,1777390200,1777392000,NQM2026,1800,1786943556
NQ,1777392000,1777393800,NQM2026,1800,1786943566
NQ,1777393800,1777395600,NQM2026,1800,1786943576
NQ,1777395600,1777397400,NQM2026,1800,1786943586
NQ,1777397400,1777399200,NQM2026,1800,1786943596
NQ,1777399200,1777401000,NQM2026,1800,1786943606
NQ,1777401000,1777402800,NQM2026,1800,1786943616
NQ,1777402800,1777404600,NQM2026,1800,1786943626
NQ,1777404600,1777406400,NQM2026,1800,1786943636
NQ,1777406400,1777408200,NQM2026,1800,1786943646
NQ,1777408200,1777410000,NQM2026,1800,1786943656
ES,1777327200,1777329000,ESM2026,1800,1786943666
ES,1777329000,1777330800,ESM2026,1800,1786943676
ES,1777330800,1777332600,ESM2026,1800,1786943686
ES,1777332600,1777334400,ESM2026,1800,1786943696
ES,1777334400,1777336200,ESM2026,1800,1786943706
ES,1777336200,1777338000,ESM2026,1800,1786943716
ES,1777338000,1777339800,ESM2026,1800,1786943726
ES,1777339800,1777341600,ESM2026,1800,1786943736
ES,1777341600,1777343400,ESM2026,1800,1786943746
ES,1777343400,1777345200,ESM2026,1800,1786943756
ES,1777345200,1777347000,ESM2026,1800,1786943766
ES,1777347000,1777348800,ESM2026,1800,1786943776
ES,1777348800,1777350600,ESM2026,1800,1786943786
ES,1777350600,1777352400,ESM2026,1800,1786943796
ES,1777352400,1777354200,ESM2026,1800,1786943822
ES,1777354200,1777356000,ESM2026,1800,1786943832
ES,1777356000,1777357800,ESM2026,1800,1786943842
ES,1777357800,1777359600,ESM2026,1800,1786943852
ES,1777359600,1777361400,ESM2026,1800,1786943862
ES,1777361400,1777363200,ESM2026,1800,1786943872
ES,1777363200,1777365000,ESM2026,1800,1786943882
ES,1777365000,1777366800,ESM2026,1800,1786943892
ES,1777366800,1777368600,ESM2026,1800,1786943902
ES,1777368600,1777370400,ESM2026,1800,1786943912
ES,1777370400,1777372200,ESM2026,1800,1786943922
ES,1777372200,1777374000,ESM2026,1800,1786943932
ES,1777374000,1777375800,ESM2026,1800,1786943942
ES,1777375800,1777377600,ESM2026,1800,1786943952
ES,1777377600,1777379400,ESM2026,1800,1786943962
ES,1777379400,1777381200,ESM2026,1800,1786943972
ES,1777381200,1777383000,ESM2026,1800,1786943982
ES,1777383000,1777384800,ESM2026,1800,1786943992
ES,1777384800,1777386600,ESM2026,1800,1786944002
ES,1777386600,1777388400,ESM2026,1800,1786944012
ES,1777388400,1777390200,ESM2026,1800,1786944022
ES,1777390200,1777392000,ESM2026,1800,1786944032
ES,1777392000,1777393800,ESM2026,1800,1786944042
ES,1777393800,1777395600,ESM2026,1800,1786944052
ES,1777395600,1777397400,ESM2026,1800,1786944062
ES,1777397400,1777399200,ESM2026,1800,1786944072
ES,1777399200,1777401000,ESM2026,1800,1786944082
ES,1777401000,1777402800,ESM2026,1800,1786944092
ES,1777402800,1777404600,ESM2026,1800,1786944102
ES,1777404600,1777406400,ESM2026,1800,1786944112
ES,1777406400,1777408200,ESM2026,1800,1786944122
ES,1777408200,1777410000,ESM2026,1800,1786944132
NQ,1777413600,1777415400,NQM2026,1800,1786944142
NQ,1777415400,1777417200,NQM2026,1800,1786944152
NQ,1777417200,1777419000,NQM2026,1800,1786944162
NQ,1777419000,1777420800,NQM2026,1800,1786944172
NQ,1777420800,1777422600,NQM2026,1800,1786944182
NQ,1777422600,1777424400,NQM2026,1800,1786944192
NQ,1777424400,1777426200,NQM2026,1800,1786944202
NQ,1777426200,1777428000,NQM2026,1800,1786944212
NQ,1777428000,1777429800,NQM2026,1800,1786944222
NQ,1777429800,1777431600,NQM2026,1800,1786944232
NQ,1777431600,1777433400,NQM2026,1800,1786944242
NQ,1777433400,1777435200,NQM2026,1800,1786944252
NQ,1777435200,1777437000,NQM2026,1800,1786944262
NQ,1777437000,1777438800,NQM2026,1800,1786944272
NQ,1777438800,1777440600,NQM2026,1800,1786944282
NQ,1777440600,1777442400,NQM2026,1800,1786944292
NQ,1777442400,1777444200,NQM2026,1800,1786944302
NQ,1777444200,1777446000,NQM2026,1800,1786944312
NQ,1777446000,1777447800,NQM2026,1800,1786944322
NQ,1777447800,1777449600,NQM2026,1800,1786944332
NQ,1777449600,1777451400,NQM2026,1800,1786944342
NQ,1777451400,1777453200,NQM2026,1800,1786944352
NQ,1777453200,1777455000,NQM2026,1800,1786944362
NQ,1777455000,1777456800,NQM2026,1800,1786944372
NQ,1777456800,1777458600,NQM2026,1800,1786944382
NQ,1777458600,1777460400,NQM2026,1800,1786944392
NQ,1777460400,1777462200,NQM2026,1800,1786944402
NQ,1777462200,1777464000,NQM2026,1800,1786944412
NQ,1777464000,1777465800,NQM2026,1800,1786944422
NQ,1777465800,1777467600,NQM2026,1800,1786944432
NQ,1777467600,1777469400,NQM2026,1800,1786944442
NQ,1777469400,1777471200,NQM2026,1800,1786944452
NQ,1777471200,1777473000,NQM2026,1800,1786944462
NQ,1777473000,1777474800,NQM2026,1800,1786944472
NQ,1777474800,1777476600,NQM2026,1800,1786944482
NQ,1777476600,1777478400,NQM2026,1800,1786944492
NQ,1777478400,1777480200,NQM2026,1800,1786944502
NQ,1777480200,1777482000,NQM2026,1800,1786944512
NQ,1777482000,1777483800,NQM2026,1800,1786944522
NQ,1777483800,1777485600,NQM2026,1800,1786944532
NQ,1777485600,1777487400,NQM2026,1800,1786944542
NQ,1777487400,1777489200,NQM2026,1800,1786944552
NQ,1777489200,1777491000,NQM2026,1800,1786944562
NQ,1777491000,1777492800,NQM2026,1800,1786944572
NQ,1777492800,1777494600,NQM2026,1800,1786944582
NQ,1777494600,1777496400,NQM2026,1800,1786944592
ES,1777413600,1777415400,ESM2026,1800,1786944602
ES,1777415400,1777417200,ESM2026,1800,1786944612
ES,1777417200,1777419000,ESM2026,1800,1786944622
ES,1777419000,1777420800,ESM2026,1800,1786944632
ES,1777420800,1777422600,ESM2026,1800,1786944642
ES,1777422600,1777424400,ESM2026,1800,1786944652
ES,1777424400,1777426200,ESM2026,1800,1786944662
ES,1777426200,1777428000,ESM2026,1800,1786944672
ES,1777428000,1777429800,ESM2026,1800,1786944682
ES,1777429800,1777431600,ESM2026,1800,1786944692
ES,1777431600,1777433400,ESM2026,1800,1786944702
ES,1777433400,1777435200,ESM2026,1800,1786944712
ES,1777435200,1777437000,ESM2026,1800,1786944722
ES,1777437000,1777438800,ESM2026,1800,1786944732
ES,1777438800,1777440600,ESM2026,1800,1786944742
ES,1777440600,1777442400,ESM2026,1800,1786944752
ES,1777442400,1777444200,ESM2026,1800,1786944762
ES,1777444200,1777446000,ESM2026,1800,1786944772
ES,1777446000,1777447800,ESM2026,1800,1786944782
ES,1777447800,1777449600,ESM2026,1800,1786944792
ES,1777449600,1777451400,ESM2026,1800,1786944802
ES,1777451400,1777453200,ESM2026,1800,1786944812
ES,1777453200,1777455000,ESM2026,1800,1786944822
ES,1777455000,1777456800,ESM2026,1800,1786944832
ES,1777456800,1777458600,ESM2026,1800,1786944842
ES,1777458600,1777460400,ESM2026,1800,1786944852
ES,1777460400,1777462200,ESM2026,1800,1786944862
ES,1777462200,1777464000,ESM2026,1800,1786944872
ES,1777464000,1777465800,ESM2026,1800,1786944882
ES,1777465800,1777467600,ESM2026,1800,1786944892
ES,1777467600,1777469400,ESM2026,1800,1786944902
ES,1777469400,1777471200,ESM2026,1800,1786944912
ES,1777471200,1777473000,ESM2026,1800,1786944922
ES,1777473000,1777474800,ESM2026,1800,1786944932
ES,1777474800,1777476600,ESM2026,1800,1786944942
ES,1777476600,1777478400,ESM2026,1800,1786944952
ES,1777478400,1777480200,ESM2026,1800,1786944962
ES,1777480200,1777482000,ESM2026,1800,1786944972
ES,1777482000,1777483800,ESM2026,1800,1786944982
ES,1777483800,1777485600,ESM2026,1800,1786944992
ES,1777485600,1777487400,ESM2026,1800,1786945002
ES,1777487400,1777489200,ESM2026,1800,1786945012
ES,1777489200,1777491000,ESM2026,1800,1786945022
ES,1777491000,1777492800,ESM2026,1800,1786945032
ES,1777492800,1777494600,ESM2026,1800,1786945042
ES,1777494600,1777496400,ESM2026,1800,1786945052
NQ,1777500000,1777501800,NQM2026,1800,1786945062
NQ,1777501800,1777503600,NQM2026,1800,1786945072
NQ,1777503600,1777505400,NQM2026,1800,1786945082
NQ,1777505400,1777507200,NQM2026,1800,1786945092
NQ,1777507200,1777509000,NQM2026,1800,1786945102
NQ,1777509000,1777510800,NQM2026,1800,1786945119
NQ,1777510800,1777512600,NQM2026,1800,1786945126
NQ,1777512600,1777514400,NQM2026,1800,1786945138
NQ,1777514400,1777516200,NQM2026,1800,1786945151
NQ,1777516200,1777518000,NQM2026,1800,1786945152
NQ,1777518000,1777519800,NQM2026,1800,1786945163
NQ,1777519800,1777521600,NQM2026,1800,1786945173
NQ,1777521600,1777523400,NQM2026,1800,1786945183
NQ,1777523400,1777525200,NQM2026,1800,1786945192
NQ,1777525200,1777527000,NQM2026,1800,1786945203
NQ,1777527000,1777528800,NQM2026,1800,1786945212
NQ,1777528800,1777530600,NQM2026,1800,1786945222
NQ,1777530600,1777532400,NQM2026,1800,1786945232
NQ,1777532400,1777534200,NQM2026,1800,1786945242
NQ,1777534200,1777536000,NQM2026,1800,1786945252
NQ,1777536000,1777537800,NQM2026,1800,1786945262
NQ,1777537800,1777539600,NQM2026,1800,1786945272
NQ,1777539600,1777541400,NQM2026,1800,1786945282
NQ,1777541400,1777543200,NQM2026,1800,1786945292
NQ,1777543200,1777545000,NQM2026,1800,1786945302
NQ,1777545000,1777546800,NQM2026,1800,1786945312
NQ,1777546800,1777548600,NQM2026,1800,1786945322
NQ,1777548600,1777550400,NQM2026,1800,1786945332
NQ,1777550400,1777552200,NQM2026,1800,1786945342
NQ,1777552200,1777554000,NQM2026,1800,1786945352
NQ,1777554000,1777555800,NQM2026,1800,1786945362
NQ,1777555800,1777557600,NQM2026,1800,1786945372
NQ,1777557600,1777559400,NQM2026,1800,1786945382
NQ,1777559400,1777561200,NQM2026,1800,1786945392
NQ,1777561200,1777563000,NQM2026,1800,1786945402
NQ,1777563000,1777564800,NQM2026,1800,1786945412
NQ,1777564800,1777566600,NQM2026,1800,1786945422
NQ,1777566600,1777568400,NQM2026,1800,1786945432
NQ,1777568400,1777570200,NQM2026,1800,1786945446
NQ,1777570200,1777572000,NQM2026,1800,1786945454
NQ,1777572000,1777573800,NQM2026,1800,1786945462
NQ,1777573800,1777575600,NQM2026,1800,1786945472
NQ,1777575600,1777577400,NQM2026,1800,1786945482
NQ,1777577400,1777579200,NQM2026,1800,1786945492
NQ,1777579200,1777581000,NQM2026,1800,1786945502
NQ,1777581000,1777582800,NQM2026,1800,1786945512
ES,1777500000,1777501800,ESM2026,1800,1786945522
ES,1777501800,1777503600,ESM2026,1800,1786945532
ES,1777503600,1777505400,ESM2026,1800,1786945542
ES,1777505400,1777507200,ESM2026,1800,1786945552
ES,1777507200,1777509000,ESM2026,1800,1786945562
ES,1777509000,1777510800,ESM2026,1800,1786945572
ES,1777510800,1777512600,ESM2026,1800,1786945582
ES,1777512600,1777514400,ESM2026,1800,1786945592
ES,1777514400,1777516200,ESM2026,1800,1786945602
ES,1777516200,1777518000,ESM2026,1800,1786945612
ES,1777518000,1777519800,ESM2026,1800,1786945622
ES,1777519800,1777521600,ESM2026,1800,1786945632
ES,1777521600,1777523400,ESM2026,1800,1786945642
ES,1777523400,1777525200,ESM2026,1800,1786945652
ES,1777525200,1777527000,ESM2026,1800,1786945662
ES,1777527000,1777528800,ESM2026,1800,1786945672
ES,1777528800,1777530600,ESM2026,1800,1786945682
ES,1777530600,1777532400,ESM2026,1800,1786945692
ES,1777532400,1777534200,ESM2026,1800,1786945702
ES,1777534200,1777536000,ESM2026,1800,1786945712
ES,1777536000,1777537800,ESM2026,1800,1786945722
ES,1777537800,1777539600,ESM2026,1800,1786945732
ES,1777539600,1777541400,ESM2026,1800,1786945742
ES,1777541400,1777543200,ESM2026,1800,1786945752
ES,1777543200,1777545000,ESM2026,1800,1786945762
ES,1777545000,1777546800,ESM2026,1800,1786945772
ES,1777546800,1777548600,ESM2026,1800,1786945782
ES,1777548600,1777550400,ESM2026,1800,1786945792
ES,1777550400,1777552200,ESM2026,1800,1786945802
ES,1777552200,1777554000,ESM2026,1800,1786945812
ES,1777554000,1777555800,ESM2026,1800,1786945822
ES,1777555800,1777557600,ESM2026,1800,1786945832
ES,1777557600,1777559400,ESM2026,1800,1786945842
ES,1777559400,1777561200,ESM2026,1800,1786945852
ES,1777561200,1777563000,ESM2026,1800,1786945862
ES,1777563000,1777564800,ESM2026,1800,1786945872
ES,1777564800,1777566600,ESM2026,1800,1786945882
ES,1777566600,1777568400,ESM2026,1800,1786945892
ES,1777568400,1777570200,ESM2026,1800,1786945902
ES,1777570200,1777572000,ESM2026,1800,1786945912
ES,1777572000,1777573800,ESM2026,1800,1786945922
ES,1777573800,1777575600,ESM2026,1800,1786945932
ES,1777575600,1777577400,ESM2026,1800,1786945942
ES,1777577400,1777579200,ESM2026,1800,1786945952
ES,1777579200,1777581000,ESM2026,1800,1786945962
ES,1777581000,1777582800,ESM2026,1800,1786945972
NQ,1777586400,1777588200,NQM2026,1800,1786945982
NQ,1777588200,1777590000,NQM2026,1800,1786945992
NQ,1777590000,1777591800,NQM2026,1800,1786946002
NQ,1777591800,1777593600,NQM2026,1800,1786946012
NQ,1777593600,1777595400,NQM2026,1800,1786946022
NQ,1777595400,1777597200,NQM2026,1800,1786946032
NQ,1777597200,1777599000,NQM2026,1800,1786946042
NQ,1777599000,1777600800,NQM2026,1800,1786946052
NQ,1777600800,1777602600,NQM2026,1800,1786946062
NQ,1777602600,1777604400,NQM2026,1800,1786946072
NQ,1777604400,1777606200,NQM2026,1800,1786946082
NQ,1777606200,1777608000,NQM2026,1800,1786946092
NQ,1777608000,1777609800,NQM2026,1800,1786946102
NQ,1777609800,1777611600,NQM2026,1800,1786946112
NQ,1777611600,1777613400,NQM2026,1800,1786946122
NQ,1777613400,1777615200,NQM2026,1800,1786946132
NQ,1777615200,1777617000,NQM2026,1800,1786946142
NQ,1777617000,1777618800,NQM2026,1800,1786946152
NQ,1777618800,1777620600,NQM2026,1800,1786946162
NQ,1777620600,1777622400,NQM2026,1800,1786946172
NQ,1777622400,1777624200,NQM2026,1800,1786946182
NQ,1777624200,1777626000,NQM2026,1800,1786946192
NQ,1777626000,1777627800,NQM2026,1800,1786946202
NQ,1777627800,1777629600,NQM2026,1800,1786946212
NQ,1777629600,1777631400,NQM2026,1800,1786946222
NQ,1777631400,1777633200,NQM2026,1800,1786946232
NQ,1777633200,1777635000,NQM2026,1800,1786946242
NQ,1777635000,1777636800,NQM2026,1800,1786946252
NQ,1777636800,1777638600,NQM2026,1800,1786946262
NQ,1777638600,1777640400,NQM2026,1800,1786946272
NQ,1777640400,1777642200,NQM2026,1800,1786946282
NQ,1777642200,1777644000,NQM2026,1800,1786946292
NQ,1777644000,1777645800,NQM2026,1800,1786946302
NQ,1777645800,1777647600,NQM2026,1800,1786946312
NQ,1777647600,1777649400,NQM2026,1800,1786946322
NQ,1777649400,1777651200,NQM2026,1800,1786946332
NQ,1777651200,1777653000,NQM2026,1800,1786946342
NQ,1777653000,1777654800,NQM2026,1800,1786946352
NQ,1777654800,1777656600,NQM2026,1800,1786946362
NQ,1777656600,1777658400,NQM2026,1800,1786946372
NQ,1777658400,1777660200,NQM2026,1800,1786946382
NQ,1777660200,1777662000,NQM2026,1800,1786946392
NQ,1777662000,1777663800,NQM2026,1800,1786946402
NQ,1777663800,1777665600,NQM2026,1800,1786946412
NQ,1777665600,1777667400,NQM2026,1800,1786946422
NQ,1777667400,1777669200,NQM2026,1800,1786946432
ES,1777586400,1777588200,ESM2026,1800,1786946442
ES,1777588200,1777590000,ESM2026,1800,1786946452
ES,1777590000,1777591800,ESM2026,1800,1786946462
ES,1777591800,1777593600,ESM2026,1800,1786946472
ES,1777593600,1777595400,ESM2026,1800,1786946482
ES,1777595400,1777597200,ESM2026,1800,1786946492
ES,1777597200,1777599000,ESM2026,1800,1786946502
ES,1777599000,1777600800,ESM2026,1800,1786946512
ES,1777600800,1777602600,ESM2026,1800,1786946522
ES,1777602600,1777604400,ESM2026,1800,1786946532
ES,1777604400,1777606200,ESM2026,1800,1786946542
ES,1777606200,1777608000,ESM2026,1800,1786946552
ES,1777608000,1777609800,ESM2026,1800,1786946562
ES,1777609800,1777611600,ESM2026,1800,1786946572
ES,1777611600,1777613400,ESM2026,1800,1786946582
ES,1777613400,1777615200,ESM2026,1800,1786946592
ES,1777615200,1777617000,ESM2026,1800,1786946602
ES,1777617000,1777618800,ESM2026,1800,1786946612
ES,1777618800,1777620600,ESM2026,1800,1786946622
ES,1777620600,1777622400,ESM2026,1800,1786946632
ES,1777622400,1777624200,ESM2026,1800,1786946642
ES,1777624200,1777626000,ESM2026,1800,1786946652
ES,1777626000,1777627800,ESM2026,1800,1786946662
ES,1777627800,1777629600,ESM2026,1800,1786946672
ES,1777629600,1777631400,ESM2026,1800,1786946682
ES,1777631400,1777633200,ESM2026,1800,1786946692
ES,1777633200,1777635000,ESM2026,1800,1786946702
ES,1777635000,1777636800,ESM2026,1800,1786946712
ES,1777636800,1777638600,ESM2026,1800,1786946722
ES,1777638600,1777640400,ESM2026,1800,1786946732
ES,1777640400,1777642200,ESM2026,1800,1786946742
ES,1777642200,1777644000,ESM2026,1800,1786946752
ES,1777644000,1777645800,ESM2026,1800,1786946762
ES,1777645800,1777647600,ESM2026,1800,1786946772
ES,1777647600,1777649400,ESM2026,1800,1786946782
ES,1777649400,1777651200,ESM2026,1800,1786946792
ES,1777651200,1777653000,ESM2026,1800,1786946802
ES,1777653000,1777654800,ESM2026,1800,1786946812
ES,1777654800,1777656600,ESM2026,1800,1786946837
ES,1777656600,1777658400,ESM2026,1800,1786946847
ES,1777658400,1777660200,ESM2026,1800,1786946857
ES,1777660200,1777662000,ESM2026,1800,1786946867
ES,1777662000,1777663800,ESM2026,1800,1786946877
ES,1777663800,1777665600,ESM2026,1800,1786946887
ES,1777665600,1777667400,ESM2026,1800,1786946897
ES,1777667400,1777669200,ESM2026,1800,1786946907
NQ,1777845600,1777847400,NQM2026,1800,1786946917
NQ,1777847400,1777849200,NQM2026,1800,1786946927
NQ,1777849200,1777851000,NQM2026,1800,1786946937
NQ,1777851000,1777852800,NQM2026,1800,1786946947
NQ,1777852800,1777854600,NQM2026,1800,1786946957
NQ,1777854600,1777856400,NQM2026,1800,1786946967
NQ,1777856400,1777858200,NQM2026,1800,1786946977
NQ,1777858200,1777860000,NQM2026,1800,1786946987
NQ,1777860000,1777861800,NQM2026,1800,1786946997
NQ,1777861800,1777863600,NQM2026,1800,1786947007
NQ,1777863600,1777865400,NQM2026,1800,1786947017
NQ,1777865400,1777867200,NQM2026,1800,1786947027
NQ,1777867200,1777869000,NQM2026,1800,1786947037
NQ,1777869000,1777870800,NQM2026,1800,1786947047
NQ,1777870800,1777872600,NQM2026,1800,1786947057
NQ,1777872600,1777874400,NQM2026,1800,1786947067
NQ,1777874400,1777876200,NQM2026,1800,1786947077
NQ,1777876200,1777878000,NQM2026,1800,1786947087
NQ,1777878000,1777879800,NQM2026,1800,1786947097
NQ,1777879800,1777881600,NQM2026,1800,1786947107
NQ,1777881600,1777883400,NQM2026,1800,1786947117
NQ,1777883400,1777885200,NQM2026,1800,1786947127
NQ,1777885200,1777887000,NQM2026,1800,1786947137
NQ,1777887000,1777888800,NQM2026,1800,1786947147
NQ,1777888800,1777890600,NQM2026,1800,1786947157
NQ,1777890600,1777892400,NQM2026,1800,1786947167
NQ,1777892400,1777894200,NQM2026,1800,1786947177
NQ,1777894200,1777896000,NQM2026,1800,1786947187
NQ,1777896000,1777897800,NQM2026,1800,1786947197
NQ,1777897800,1777899600,NQM2026,1800,1786947207
NQ,1777899600,1777901400,NQM2026,1800,1786947217
NQ,1777901400,1777903200,NQM2026,1800,1786947227
NQ,1777903200,1777905000,NQM2026,1800,1786947237
NQ,1777905000,1777906800,NQM2026,1800,1786947247
NQ,1777906800,1777908600,NQM2026,1800,1786947257
NQ,1777908600,1777910400,NQM2026,1800,1786947267
NQ,1777910400,1777912200,NQM2026,1800,1786947277
NQ,1777912200,1777914000,NQM2026,1800,1786947287
NQ,1777914000,1777915800,NQM2026,1800,1786947297
NQ,1777915800,1777917600,NQM2026,1800,1786947307
NQ,1777917600,1777919400,NQM2026,1800,1786947317
NQ,1777919400,1777921200,NQM2026,1800,1786947327
NQ,1777921200,1777923000,NQM2026,1800,1786947337
NQ,1777923000,1777924800,NQM2026,1800,1786947347
NQ,1777924800,1777926600,NQM2026,1800,1786947357
NQ,1777926600,1777928400,NQM2026,1800,1786947367
ES,1777845600,1777847400,ESM2026,1800,1786947377
ES,1777847400,1777849200,ESM2026,1800,1786947387
ES,1777849200,1777851000,ESM2026,1800,1786947397
ES,1777851000,1777852800,ESM2026,1800,1786947407
ES,1777852800,1777854600,ESM2026,1800,1786947417
ES,1777854600,1777856400,ESM2026,1800,1786947427
ES,1777856400,1777858200,ESM2026,1800,1786947437
ES,1777858200,1777860000,ESM2026,1800,1786947447
ES,1777860000,1777861800,ESM2026,1800,1786947457
ES,1777861800,1777863600,ESM2026,1800,1786947467
ES,1777863600,1777865400,ESM2026,1800,1786947477
ES,1777865400,1777867200,ESM2026,1800,1786947487
ES,1777867200,1777869000,ESM2026,1800,1786947497
ES,1777869000,1777870800,ESM2026,1800,1786947507
ES,1777870800,1777872600,ESM2026,1800,1786947517
ES,1777872600,1777874400,ESM2026,1800,1786947527
ES,1777874400,1777876200,ESM2026,1800,1786947537
ES,1777876200,1777878000,ESM2026,1800,1786947547
ES,1777878000,1777879800,ESM2026,1800,1786947557
ES,1777879800,1777881600,ESM2026,1800,1786947567
ES,1777881600,1777883400,ESM2026,1800,1786947577
ES,1777883400,1777885200,ESM2026,1800,1786947587
ES,1777885200,1777887000,ESM2026,1800,1786947597
ES,1777887000,1777888800,ESM2026,1800,1786947607
ES,1777888800,1777890600,ESM2026,1800,1786947617
ES,1777890600,1777892400,ESM2026,1800,1786947627
ES,1777892400,1777894200,ESM2026,1800,1786947637
ES,1777894200,1777896000,ESM2026,1800,1786947647
ES,1777896000,1777897800,ESM2026,1800,1786947657
ES,1777897800,1777899600,ESM2026,1800,1786947667
ES,1777899600,1777901400,ESM2026,1800,1786947677
ES,1777901400,1777903200,ESM2026,1800,1786947687
ES,1777903200,1777905000,ESM2026,1800,1786947697
ES,1777905000,1777906800,ESM2026,1800,1786947707
ES,1777906800,1777908600,ESM2026,1800,1786947717
ES,1777908600,1777910400,ESM2026,1800,1786947727
ES,1777910400,1777912200,ESM2026,1800,1786947738
ES,1777912200,1777914000,ESM2026,1800,1786947747
ES,1777914000,1777915800,ESM2026,1800,1786947759
ES,1777915800,1777917600,ESM2026,1800,1786947767
ES,1777917600,1777919400,ESM2026,1800,1786947777
ES,1777919400,1777921200,ESM2026,1800,1786947787
ES,1777921200,1777923000,ESM2026,1800,1786947797
ES,1777923000,1777924800,ESM2026,1800,1786947807
ES,1777924800,1777926600,ESM2026,1800,1786947817
ES,1777926600,1777928400,ESM2026,1800,1786947827
NQ,1777932000,1777933800,NQM2026,1800,1786949507
NQ,1777933800,1777935600,NQM2026,1800,1786949515
NQ,1777935600,1777937400,NQM2026,1800,1786949525
NQ,1777937400,1777939200,NQM2026,1800,1786949535
NQ,1777939200,1777941000,NQM2026,1800,1786949545
NQ,1777941000,1777942800,NQM2026,1800,1786949555
NQ,1777942800,1777944600,NQM2026,1800,1786949565
NQ,1777944600,1777946400,NQM2026,1800,1786949575
NQ,1777946400,1777948200,NQM2026,1800,1786949585
NQ,1777948200,1777950000,NQM2026,1800,1786949595
NQ,1777950000,1777951800,NQM2026,1800,1786949605
NQ,1777951800,1777953600,NQM2026,1800,1786949615
NQ,1777953600,1777955400,NQM2026,1800,1786949625
NQ,1777955400,1777957200,NQM2026,1800,1786949635
NQ,1777957200,1777959000,NQM2026,1800,1786949645
NQ,1777959000,1777960800,NQM2026,1800,1786949655
NQ,1777960800,1777962600,NQM2026,1800,1786949665
NQ,1777962600,1777964400,NQM2026,1800,1786949675
NQ,1777964400,1777966200,NQM2026,1800,1786949685
NQ,1777966200,1777968000,NQM2026,1800,1786949695
NQ,1777968000,1777969800,NQM2026,1800,1786949705
NQ,1777969800,1777971600,NQM2026,1800,1786949715
NQ,1777971600,1777973400,NQM2026,1800,1786949725
NQ,1777973400,1777975200,NQM2026,1800,1786949735
NQ,1777975200,1777977000,NQM2026,1800,1786949745
NQ,1777977000,1777978800,NQM2026,1800,1786949755
NQ,1777978800,1777980600,NQM2026,1800,1786949765
NQ,1777980600,1777982400,NQM2026,1800,1786949775
NQ,1777982400,1777984200,NQM2026,1800,1786949785
NQ,1777984200,1777986000,NQM2026,1800,1786949795
NQ,1777986000,1777987800,NQM2026,1800,1786949805
NQ,1777987800,1777989600,NQM2026,1800,1786949815
NQ,1777989600,1777991400,NQM2026,1800,1786949825
NQ,1777991400,1777993200,NQM2026,1800,1786949835
NQ,1777993200,1777995000,NQM2026,1800,1786949845
NQ,1777995000,1777996800,NQM2026,1800,1786949855
NQ,1777996800,1777998600,NQM2026,1800,1786949865
NQ,1777998600,1778000400,NQM2026,1800,1786949875
NQ,1778000400,1778002200,NQM2026,1800,1786949885
NQ,1778002200,1778004000,NQM2026,1800,1786949895
NQ,1778004000,1778005800,NQM2026,1800,1786949905
NQ,1778005800,1778007600,NQM2026,1800,1786949915
NQ,1778007600,1778009400,NQM2026,1800,1786949925
NQ,1778009400,1778011200,NQM2026,1800,1786949935
NQ,1778011200,1778013000,NQM2026,1800,1786949945
NQ,1778013000,1778014800,NQM2026,1800,1786949955
ES,1777932000,1777933800,ESM2026,1800,1786950985
ES,1777933800,1777935600,ESM2026,1800,1786950994
ES,1777935600,1777937400,ESM2026,1800,1786951004
ES,1777937400,1777939200,ESM2026,1800,1786951014
ES,1777939200,1777941000,ESM2026,1800,1786951023
ES,1777941000,1777942800,ESM2026,1800,1786951034
ES,1777942800,1777944600,ESM2026,1800,1786951043
ES,1777944600,1777946400,ESM2026,1800,1786951054
ES,1777946400,1777948200,ESM2026,1800,1786951064
ES,1777948200,1777950000,ESM2026,1800,1786951074
ES,1777950000,1777951800,ESM2026,1800,1786951083
ES,1777951800,1777953600,ESM2026,1800,1786951093
ES,1777953600,1777955400,ESM2026,1800,1786951103
ES,1777955400,1777957200,ESM2026,1800,1786951113
ES,1777957200,1777959000,ESM2026,1800,1786951124
ES,1777959000,1777960800,ESM2026,1800,1786951133
ES,1777960800,1777962600,ESM2026,1800,1786951144
ES,1777962600,1777964400,ESM2026,1800,1786951154
ES,1777964400,1777966200,ESM2026,1800,1786951164
ES,1777966200,1777968000,ESM2026,1800,1786951174
ES,1777968000,1777969800,ESM2026,1800,1786951184
ES,1777969800,1777971600,ESM2026,1800,1786951194
ES,1777971600,1777973400,ESM2026,1800,1786951204
ES,1777973400,1777975200,ESM2026,1800,1786951213
ES,1777975200,1777977000,ESM2026,1800,1786951224
ES,1777977000,1777978800,ESM2026,1800,1786951233
ES,1777978800,1777980600,ESM2026,1800,1786951244
ES,1777980600,1777982400,ESM2026,1800,1786951254
ES,1777982400,1777984200,ESM2026,1800,1786951264
ES,1777984200,1777986000,ESM2026,1800,1786951274
ES,1777986000,1777987800,ESM2026,1800,1786951284
ES,1777987800,1777989600,ESM2026,1800,1786951294
ES,1777989600,1777991400,ESM2026,1800,1786951304
ES,1777991400,1777993200,ESM2026,1800,1786951313
ES,1777993200,1777995000,ESM2026,1800,1786951323
ES,1777995000,1777996800,ESM2026,1800,1786951333
ES,1777996800,1777998600,ESM2026,1800,1786951343
ES,1777998600,1778000400,ESM2026,1800,1786951353
ES,1778000400,1778002200,ESM2026,1800,1786951364
ES,1778002200,1778004000,ESM2026,1800,1786951379
ES,1778004000,1778005800,ESM2026,1800,1786951388
ES,1778005800,1778007600,ESM2026,1800,1786951399
ES,1778007600,1778009400,ESM2026,1800,1786951409
ES,1778009400,1778011200,ESM2026,1800,1786951418
ES,1778011200,1778013000,ESM2026,1800,1786951428
ES,1778013000,1778014800,ESM2026,1800,1786951435
NQ,1778018400,1778020200,NQM2026,1800,1786951444
NQ,1778020200,1778022000,NQM2026,1800,1786951454
NQ,1778022000,1778023800,NQM2026,1800,1786951464
NQ,1778023800,1778025600,NQM2026,1800,1786951474
NQ,1778025600,1778027400,NQM2026,1800,1786951484
NQ,1778027400,1778029200,NQM2026,1800,1786951494
NQ,1778029200,1778031000,NQM2026,1800,1786951503
NQ,1778031000,1778032800,NQM2026,1800,1786951514
NQ,1778032800,1778034600,NQM2026,1800,1786951524
NQ,1778034600,1778036400,NQM2026,1800,1786951534
NQ,1778036400,1778038200,NQM2026,1800,1786951544
NQ,1778038200,1778040000,NQM2026,1800,1786951554
NQ,1778040000,1778041800,NQM2026,1800,1786951564
NQ,1778041800,1778043600,NQM2026,1800,1786951573
NQ,1778043600,1778045400,NQM2026,1800,1786951599
NQ,1778045400,1778047200,NQM2026,1800,1786951609
NQ,1778047200,1778049000,NQM2026,1800,1786951619
NQ,1778049000,1778050800,NQM2026,1800,1786951629
NQ,1778050800,1778052600,NQM2026,1800,1786951639
NQ,1778052600,1778054400,NQM2026,1800,1786951649
NQ,1778054400,1778056200,NQM2026,1800,1786951659
NQ,1778056200,1778058000,NQM2026,1800,1786951669
NQ,1778058000,1778059800,NQM2026,1800,1786951679
NQ,1778059800,1778061600,NQM2026,1800,1786951689
NQ,1778061600,1778063400,NQM2026,1800,1786951699
NQ,1778063400,1778065200,NQM2026,1800,1786951709
NQ,1778065200,1778067000,NQM2026,1800,1786951719
NQ,1778067000,1778068800,NQM2026,1800,1786951729
NQ,1778068800,1778070600,NQM2026,1800,1786951739
NQ,1778070600,1778072400,NQM2026,1800,1786951749
NQ,1778072400,1778074200,NQM2026,1800,1786951759
NQ,1778074200,1778076000,NQM2026,1800,1786951769
NQ,1778076000,1778077800,NQM2026,1800,1786951779
NQ,1778077800,1778079600,NQM2026,1800,1786951789
NQ,1778079600,1778081400,NQM2026,1800,1786951799
NQ,1778081400,1778083200,NQM2026,1800,1786951809
NQ,1778083200,1778085000,NQM2026,1800,1786951819
NQ,1778085000,1778086800,NQM2026,1800,1786951829
NQ,1778086800,1778088600,NQM2026,1800,1786951839
NQ,1778088600,1778090400,NQM2026,1800,1786951849
NQ,1778090400,1778092200,NQM2026,1800,1786951859
NQ,1778092200,1778094000,NQM2026,1800,1786951869
NQ,1778094000,1778095800,NQM2026,1800,1786951879
NQ,1778095800,1778097600,NQM2026,1800,1786951889
NQ,1778097600,1778099400,NQM2026,1800,1786951899
NQ,1778099400,1778101200,NQM2026,1800,1786951909
ES,1778018400,1778020200,ESM2026,1800,1786951919
ES,1778020200,1778022000,ESM2026,1800,1786951929
ES,1778022000,1778023800,ESM2026,1800,1786951939
ES,1778023800,1778025600,ESM2026,1800,1786951949
ES,1778025600,1778027400,ESM2026,1800,1786951959
ES,1778027400,1778029200,ESM2026,1800,1786951969
ES,1778029200,1778031000,ESM2026,1800,1786951979
ES,1778031000,1778032800,ESM2026,1800,1786951989
ES,1778032800,1778034600,ESM2026,1800,1786951999
ES,1778034600,1778036400,ESM2026,1800,1786952009
ES,1778036400,1778038200,ESM2026,1800,1786952019
ES,1778038200,1778040000,ESM2026,1800,1786952029
ES,1778040000,1778041800,ESM2026,1800,1786952039
ES,1778041800,1778043600,ESM2026,1800,1786952049
ES,1778043600,1778045400,ESM2026,1800,1786952059
ES,1778045400,1778047200,ESM2026,1800,1786952069
ES,1778047200,1778049000,ESM2026,1800,1786952079
ES,1778049000,1778050800,ESM2026,1800,1786952089
ES,1778050800,1778052600,ESM2026,1800,1786952099
ES,1778052600,1778054400,ESM2026,1800,1786952109
ES,1778054400,1778056200,ESM2026,1800,1786952119
ES,1778056200,1778058000,ESM2026,1800,1786952129
ES,1778058000,1778059800,ESM2026,1800,1786952139
ES,1778059800,1778061600,ESM2026,1800,1786952149
ES,1778061600,1778063400,ESM2026,1800,1786952159
ES,1778063400,1778065200,ESM2026,1800,1786952169
ES,1778065200,1778067000,ESM2026,1800,1786952179
ES,1778067000,1778068800,ESM2026,1800,1786952189
ES,1778068800,1778070600,ESM2026,1800,1786952214
ES,1778070600,1778072400,ESM2026,1800,1786952224
ES,1778072400,1778074200,ESM2026,1800,1786952234
ES,1778074200,1778076000,ESM2026,1800,1786952244
ES,1778076000,1778077800,ESM2026,1800,1786952254
ES,1778077800,1778079600,ESM2026,1800,1786952264
ES,1778079600,1778081400,ESM2026,1800,1786952274
ES,1778081400,1778083200,ESM2026,1800,1786952284
ES,1778083200,1778085000,ESM2026,1800,1786952294
ES,1778085000,1778086800,ESM2026,1800,1786952304
ES,1778086800,1778088600,ESM2026,1800,1786952314
ES,1778088600,1778090400,ESM2026,1800,1786952324
ES,1778090400,1778092200,ESM2026,1800,1786952334
ES,1778092200,1778094000,ESM2026,1800,1786952344
ES,1778094000,1778095800,ESM2026,1800,1786952354
ES,1778095800,1778097600,ESM2026,1800,1786952364
ES,1778097600,1778099400,ESM2026,1800,1786952374
ES,1778099400,1778101200,ESM2026,1800,1786952384
NQ,1778104800,1778106600,NQM2026,1800,1786952394
NQ,1778106600,1778108400,NQM2026,1800,1786952404
NQ,1778108400,1778110200,NQM2026,1800,1786952414
NQ,1778110200,1778112000,NQM2026,1800,1786952424
NQ,1778112000,1778113800,NQM2026,1800,1786952434
NQ,1778113800,1778115600,NQM2026,1800,1786952444
NQ,1778115600,1778117400,NQM2026,1800,1786952454
NQ,1778117400,1778119200,NQM2026,1800,1786952464
NQ,1778119200,1778121000,NQM2026,1800,1786952474
NQ,1778121000,1778122800,NQM2026,1800,1786952484
NQ,1778122800,1778124600,NQM2026,1800,1786952494
NQ,1778124600,1778126400,NQM2026,1800,1786952504
NQ,1778126400,1778128200,NQM2026,1800,1786952514
NQ,1778128200,1778130000,NQM2026,1800,1786952524
NQ,1778130000,1778131800,NQM2026,1800,1786952534
NQ,1778131800,1778133600,NQM2026,1800,1786952544
NQ,1778133600,1778135400,NQM2026,1800,1786952554
NQ,1778135400,1778137200,NQM2026,1800,1786952564
NQ,1778137200,1778139000,NQM2026,1800,1786952574
NQ,1778139000,1778140800,NQM2026,1800,1786952584
NQ,1778140800,1778142600,NQM2026,1800,1786952594
NQ,1778142600,1778144400,NQM2026,1800,1786952604
NQ,1778144400,1778146200,NQM2026,1800,1786952614
NQ,1778146200,1778148000,NQM2026,1800,1786952624
NQ,1778148000,1778149800,NQM2026,1800,1786952634
NQ,1778149800,1778151600,NQM2026,1800,1786952644
NQ,1778151600,1778153400,NQM2026,1800,1786952654
NQ,1778153400,1778155200,NQM2026,1800,1786952664
NQ,1778155200,1778157000,NQM2026,1800,1786952674
NQ,1778157000,1778158800,NQM2026,1800,1786952684
NQ,1778158800,1778160600,NQM2026,1800,1786952694
NQ,1778160600,1778162400,NQM2026,1800,1786952704
NQ,1778162400,1778164200,NQM2026,1800,1786952714
NQ,1778164200,1778166000,NQM2026,1800,1786952724
NQ,1778166000,1778167800,NQM2026,1800,1786952734
NQ,1778167800,1778169600,NQM2026,1800,1786952744
NQ,1778169600,1778171400,NQM2026,1800,1786952754
NQ,1778171400,1778173200,NQM2026,1800,1786952764
NQ,1778173200,1778175000,NQM2026,1800,1786952774
NQ,1778175000,1778176800,NQM2026,1800,1786952784
NQ,1778176800,1778178600,NQM2026,1800,1786952794
NQ,1778178600,1778180400,NQM2026,1800,1786952804
NQ,1778180400,1778182200,NQM2026,1800,1786952814
NQ,1778182200,1778184000,NQM2026,1800,1786952824
NQ,1778184000,1778185800,NQM2026,1800,1786952834
NQ,1778185800,1778187600,NQM2026,1800,1786952844
ES,1778104800,1778106600,ESM2026,1800,1786952854
ES,1778106600,1778108400,ESM2026,1800,1786952864
ES,1778108400,1778110200,ESM2026,1800,1786952874
ES,1778110200,1778112000,ESM2026,1800,1786952884
ES,1778112000,1778113800,ESM2026,1800,1786952894
ES,1778113800,1778115600,ESM2026,1800,1786952904
ES,1778115600,1778117400,ESM2026,1800,1786952914
ES,1778117400,1778119200,ESM2026,1800,1786952924
ES,1778119200,1778121000,ESM2026,1800,1786952934
ES,1778121000,1778122800,ESM2026,1800,1786952944
ES,1778122800,1778124600,ESM2026,1800,1786952954
ES,1778124600,1778126400,ESM2026,1800,1786952964
ES,1778126400,1778128200,ESM2026,1800,1786952974
ES,1778128200,1778130000,ESM2026,1800,1786952984
ES,1778130000,1778131800,ESM2026,1800,1786952994
ES,1778131800,1778133600,ESM2026,1800,1786953004
ES,1778133600,1778135400,ESM2026,1800,1786953014
ES,1778135400,1778137200,ESM2026,1800,1786953024
ES,1778137200,1778139000,ESM2026,1800,1786953034
ES,1778139000,1778140800,ESM2026,1800,1786953044
ES,1778140800,1778142600,ESM2026,1800,1786953054
ES,1778142600,1778144400,ESM2026,1800,1786953064
ES,1778144400,1778146200,ESM2026,1800,1786953074
ES,1778146200,1778148000,ESM2026,1800,1786953084
ES,1778148000,1778149800,ESM2026,1800,1786953094
ES,1778149800,1778151600,ESM2026,1800,1786953104
ES,1778151600,1778153400,ESM2026,1800,1786953114
ES,1778153400,1778155200,ESM2026,1800,1786953124
ES,1778155200,1778157000,ESM2026,1800,1786953134
ES,1778157000,1778158800,ESM2026,1800,1786953144
ES,1778158800,1778160600,ESM2026,1800,1786953154
ES,1778160600,1778162400,ESM2026,1800,1786953164
ES,1778162400,1778164200,ESM2026,1800,1786953176
ES,1778164200,1778166000,ESM2026,1800,1786953185
ES,1778166000,1778167800,ESM2026,1800,1786953194
ES,1778167800,1778169600,ESM2026,1800,1786953204
ES,1778169600,1778171400,ESM2026,1800,1786953214
ES,1778171400,1778173200,ESM2026,1800,1786953224
ES,1778173200,1778175000,ESM2026,1800,1786953234
ES,1778175000,1778176800,ESM2026,1800,1786953244
ES,1778176800,1778178600,ESM2026,1800,1786953254
ES,1778178600,1778180400,ESM2026,1800,1786953264
ES,1778180400,1778182200,ESM2026,1800,1786953274
ES,1778182200,1778184000,ESM2026,1800,1786953284
ES,1778184000,1778185800,ESM2026,1800,1786953294
ES,1778185800,1778187600,ESM2026,1800,1786953304
NQ,1778191200,1778193000,NQM2026,1800,1786953314
NQ,1778193000,1778194800,NQM2026,1800,1786953324
NQ,1778194800,1778196600,NQM2026,1800,1786953334
NQ,1778196600,1778198400,NQM2026,1800,1786953344
NQ,1778198400,1778200200,NQM2026,1800,1786953354
NQ,1778200200,1778202000,NQM2026,1800,1786953364
NQ,1778202000,1778203800,NQM2026,1800,1786953374
NQ,1778203800,1778205600,NQM2026,1800,1786953384
NQ,1778205600,1778207400,NQM2026,1800,1786953394
NQ,1778207400,1778209200,NQM2026,1800,1786953404
NQ,1778209200,1778211000,NQM2026,1800,1786953414
NQ,1778211000,1778212800,NQM2026,1800,1786953424
NQ,1778212800,1778214600,NQM2026,1800,1786953434
NQ,1778214600,1778216400,NQM2026,1800,1786953444
NQ,1778216400,1778218200,NQM2026,1800,1786953454
NQ,1778218200,1778220000,NQM2026,1800,1786953464
NQ,1778220000,1778221800,NQM2026,1800,1786953474
NQ,1778221800,1778223600,NQM2026,1800,1786953484
NQ,1778223600,1778225400,NQM2026,1800,1786953494
NQ,1778225400,1778227200,NQM2026,1800,1786953504
NQ,1778227200,1778229000,NQM2026,1800,1786953514
NQ,1778229000,1778230800,NQM2026,1800,1786953524
NQ,1778230800,1778232600,NQM2026,1800,1786953534
NQ,1778232600,1778234400,NQM2026,1800,1786953544
NQ,1778234400,1778236200,NQM2026,1800,1786953554
NQ,1778236200,1778238000,NQM2026,1800,1786953564
NQ,1778238000,1778239800,NQM2026,1800,1786953574
NQ,1778239800,1778241600,NQM2026,1800,1786953585
NQ,1778241600,1778243400,NQM2026,1800,1786953595
NQ,1778243400,1778245200,NQM2026,1800,1786953605
NQ,1778245200,1778247000,NQM2026,1800,1786953615
NQ,1778247000,1778248800,NQM2026,1800,1786953624
NQ,1778248800,1778250600,NQM2026,1800,1786953634
NQ,1778250600,1778252400,NQM2026,1800,1786953644
NQ,1778252400,1778254200,NQM2026,1800,1786953654
NQ,1778254200,1778256000,NQM2026,1800,1786953664
NQ,1778256000,1778257800,NQM2026,1800,1786953674
NQ,1778257800,1778259600,NQM2026,1800,1786953684
NQ,1778259600,1778261400,NQM2026,1800,1786953694
NQ,1778261400,1778263200,NQM2026,1800,1786953704
NQ,1778263200,1778265000,NQM2026,1800,1786953714
NQ,1778265000,1778266800,NQM2026,1800,1786953724
NQ,1778266800,1778268600,NQM2026,1800,1786953734
NQ,1778268600,1778270400,NQM2026,1800,1786953744
NQ,1778270400,1778272200,NQM2026,1800,1786953754
NQ,1778272200,1778274000,NQM2026,1800,1786953764
ES,1778191200,1778193000,ESM2026,1800,1786953774
ES,1778193000,1778194800,ESM2026,1800,1786953784
ES,1778194800,1778196600,ESM2026,1800,1786953794
ES,1778196600,1778198400,ESM2026,1800,1786953804
ES,1778198400,1778200200,ESM2026,1800,1786953814
ES,1778200200,1778202000,ESM2026,1800,1786953824
ES,1778202000,1778203800,ESM2026,1800,1786953834
ES,1778203800,1778205600,ESM2026,1800,1786953844
ES,1778205600,1778207400,ESM2026,1800,1786953854
ES,1778207400,1778209200,ESM2026,1800,1786953864
ES,1778209200,1778211000,ESM2026,1800,1786953874
ES,1778211000,1778212800,ESM2026,1800,1786953884
ES,1778212800,1778214600,ESM2026,1800,1786953894
ES,1778214600,1778216400,ESM2026,1800,1786953904
ES,1778216400,1778218200,ESM2026,1800,1786953915
ES,1778218200,1778220000,ESM2026,1800,1786953924
ES,1778220000,1778221800,ESM2026,1800,1786953935
ES,1778221800,1778223600,ESM2026,1800,1786953947
ES,1778223600,1778225400,ESM2026,1800,1786953956
ES,1778225400,1778227200,ESM2026,1800,1786953965
ES,1778227200,1778229000,ESM2026,1800,1786953974
ES,1778229000,1778230800,ESM2026,1800,1786953984
ES,1778230800,1778232600,ESM2026,1800,1786953994
ES,1778232600,1778234400,ESM2026,1800,1786954004
ES,1778234400,1778236200,ESM2026,1800,1786954030
ES,1778236200,1778238000,ESM2026,1800,1786954039
ES,1778238000,1778239800,ESM2026,1800,1786954050
ES,1778239800,1778241600,ESM2026,1800,1786954060
ES,1778241600,1778243400,ESM2026,1800,1786954069
ES,1778243400,1778245200,ESM2026,1800,1786954080
ES,1778245200,1778247000,ESM2026,1800,1786954090
ES,1778247000,1778248800,ESM2026,1800,1786954100
ES,1778248800,1778250600,ESM2026,1800,1786954110
ES,1778250600,1778252400,ESM2026,1800,1786954120
ES,1778252400,1778254200,ESM2026,1800,1786954130
ES,1778254200,1778256000,ESM2026,1800,1786954140
ES,1778256000,1778257800,ESM2026,1800,1786954150
ES,1778257800,1778259600,ESM2026,1800,1786954160
ES,1778259600,1778261400,ESM2026,1800,1786954170
ES,1778261400,1778263200,ESM2026,1800,1786954180
ES,1778263200,1778265000,ESM2026,1800,1786954190
ES,1778265000,1778266800,ESM2026,1800,1786954200
ES,1778266800,1778268600,ESM2026,1800,1786954210
ES,1778268600,1778270400,ESM2026,1800,1786954220
ES,1778270400,1778272200,ESM2026,1800,1786954230
ES,1778272200,1778274000,ESM2026,1800,1786954240
NQ,1778450400,1778452200,NQM2026,1800,1786954250
NQ,1778452200,1778454000,NQM2026,1800,1786954260
NQ,1778454000,1778455800,NQM2026,1800,1786954270
NQ,1778455800,1778457600,NQM2026,1800,1786954280
NQ,1778457600,1778459400,NQM2026,1800,1786954290
NQ,1778459400,1778461200,NQM2026,1800,1786954300
NQ,1778461200,1778463000,NQM2026,1800,1786954310
NQ,1778463000,1778464800,NQM2026,1800,1786954320
NQ,1778464800,1778466600,NQM2026,1800,1786954330
NQ,1778466600,1778468400,NQM2026,1800,1786954340
NQ,1778468400,1778470200,NQM2026,1800,1786954350
NQ,1778470200,1778472000,NQM2026,1800,1786954360
NQ,1778472000,1778473800,NQM2026,1800,1786954370
NQ,1778473800,1778475600,NQM2026,1800,1786954380
NQ,1778475600,1778477400,NQM2026,1800,1786954390
NQ,1778477400,1778479200,NQM2026,1800,1786954400
NQ,1778479200,1778481000,NQM2026,1800,1786954410
NQ,1778481000,1778482800,NQM2026,1800,1786954420
NQ,1778482800,1778484600,NQM2026,1800,1786954430
NQ,1778484600,1778486400,NQM2026,1800,1786954440
NQ,1778486400,1778488200,NQM2026,1800,1786954450
NQ,1778488200,1778490000,NQM2026,1800,1786954460
NQ,1778490000,1778491800,NQM2026,1800,1786954470
NQ,1778491800,1778493600,NQM2026,1800,1786954480
NQ,1778493600,1778495400,NQM2026,1800,1786954490
NQ,1778495400,1778497200,NQM2026,1800,1786954500
NQ,1778497200,1778499000,NQM2026,1800,1786954510
NQ,1778499000,1778500800,NQM2026,1800,1786954520
NQ,1778500800,1778502600,NQM2026,1800,1786954530
NQ,1778502600,1778504400,NQM2026,1800,1786954540
NQ,1778504400,1778506200,NQM2026,1800,1786954550
NQ,1778506200,1778508000,NQM2026,1800,1786954560
NQ,1778508000,1778509800,NQM2026,1800,1786954570
NQ,1778509800,1778511600,NQM2026,1800,1786954580
NQ,1778511600,1778513400,NQM2026,1800,1786954590
NQ,1778513400,1778515200,NQM2026,1800,1786954600
NQ,1778515200,1778517000,NQM2026,1800,1786954610
NQ,1778517000,1778518800,NQM2026,1800,1786954620
NQ,1778518800,1778520600,NQM2026,1800,1786954630
NQ,1778520600,1778522400,NQM2026,1800,1786954640
NQ,1778522400,1778524200,NQM2026,1800,1786954650
NQ,1778524200,1778526000,NQM2026,1800,1786954660
NQ,1778526000,1778527800,NQM2026,1800,1786954670
NQ,1778527800,1778529600,NQM2026,1800,1786954680
NQ,1778529600,1778531400,NQM2026,1800,1786954690
NQ,1778531400,1778533200,NQM2026,1800,1786954700
ES,1778450400,1778452200,ESM2026,1800,1786954710
ES,1778452200,1778454000,ESM2026,1800,1786954720
ES,1778454000,1778455800,ESM2026,1800,1786954730
ES,1778455800,1778457600,ESM2026,1800,1786954740
ES,1778457600,1778459400,ESM2026,1800,1786954750
ES,1778459400,1778461200,ESM2026,1800,1786954760
ES,1778461200,1778463000,ESM2026,1800,1786954770
ES,1778463000,1778464800,ESM2026,1800,1786954780
ES,1778464800,1778466600,ESM2026,1800,1786954790
ES,1778466600,1778468400,ESM2026,1800,1786954800
ES,1778468400,1778470200,ESM2026,1800,1786954810
ES,1778470200,1778472000,ESM2026,1800,1786954820
ES,1778472000,1778473800,ESM2026,1800,1786954830
ES,1778473800,1778475600,ESM2026,1800,1786954840
ES,1778475600,1778477400,ESM2026,1800,1786954850
ES,1778477400,1778479200,ESM2026,1800,1786954860
ES,1778479200,1778481000,ESM2026,1800,1786954870
ES,1778481000,1778482800,ESM2026,1800,1786954880
ES,1778482800,1778484600,ESM2026,1800,1786954890
ES,1778484600,1778486400,ESM2026,1800,1786954900
ES,1778486400,1778488200,ESM2026,1800,1786954910
ES,1778488200,1778490000,ESM2026,1800,1786954920
ES,1778490000,1778491800,ESM2026,1800,1786954930
ES,1778491800,1778493600,ESM2026,1800,1786954940
ES,1778493600,1778495400,ESM2026,1800,1786954950
ES,1778495400,1778497200,ESM2026,1800,1786954960
ES,1778497200,1778499000,ESM2026,1800,1786954970
ES,1778499000,1778500800,ESM2026,1800,1786954980
ES,1778500800,1778502600,ESM2026,1800,1786954990
ES,1778502600,1778504400,ESM2026,1800,1786955000
ES,1778504400,1778506200,ESM2026,1800,1786955010
ES,1778506200,1778508000,ESM2026,1800,1786955020
ES,1778508000,1778509800,ESM2026,1800,1786955030
ES,1778509800,1778511600,ESM2026,1800,1786955040
ES,1778511600,1778513400,ESM2026,1800,1786955050
ES,1778513400,1778515200,ESM2026,1800,1786955060
ES,1778515200,1778517000,ESM2026,1800,1786955070
ES,1778517000,1778518800,ESM2026,1800,1786955080
ES,1778518800,1778520600,ESM2026,1800,1786955090
ES,1778520600,1778522400,ESM2026,1800,1786955100
ES,1778522400,1778524200,ESM2026,1800,1786955110
ES,1778524200,1778526000,ESM2026,1800,1786955120
ES,1778526000,1778527800,ESM2026,1800,1786955130
ES,1778527800,1778529600,ESM2026,1800,1786955140
ES,1778529600,1778531400,ESM2026,1800,1786955150
ES,1778531400,1778533200,ESM2026,1800,1786955160
NQ,1778536800,1778538600,NQM2026,1800,1786955170
NQ,1778538600,1778540400,NQM2026,1800,1786955180
NQ,1778540400,1778542200,NQM2026,1800,1786955190
NQ,1778542200,1778544000,NQM2026,1800,1786955200
NQ,1778544000,1778545800,NQM2026,1800,1786955210
NQ,1778545800,1778547600,NQM2026,1800,1786955220
NQ,1778547600,1778549400,NQM2026,1800,1786955230
NQ,1778549400,1778551200,NQM2026,1800,1786955240
NQ,1778551200,1778553000,NQM2026,1800,1786955250
NQ,1778553000,1778554800,NQM2026,1800,1786955260
NQ,1778554800,1778556600,NQM2026,1800,1786955270
NQ,1778556600,1778558400,NQM2026,1800,1786955280
NQ,1778558400,1778560200,NQM2026,1800,1786955290
NQ,1778560200,1778562000,NQM2026,1800,1786955300
NQ,1778562000,1778563800,NQM2026,1800,1786955310
NQ,1778563800,1778565600,NQM2026,1800,1786955320
NQ,1778565600,1778567400,NQM2026,1800,1786955330
NQ,1778567400,1778569200,NQM2026,1800,1786955340
NQ,1778569200,1778571000,NQM2026,1800,1786955350
NQ,1778571000,1778572800,NQM2026,1800,1786955360
NQ,1778572800,1778574600,NQM2026,1800,1786955370
NQ,1778574600,1778576400,NQM2026,1800,1786955380
NQ,1778576400,1778578200,NQM2026,1800,1786955390
NQ,1778578200,1778580000,NQM2026,1800,1786955400
NQ,1778580000,1778581800,NQM2026,1800,1786955410
NQ,1778581800,1778583600,NQM2026,1800,1786955420
NQ,1778583600,1778585400,NQM2026,1800,1786955430
NQ,1778585400,1778587200,NQM2026,1800,1786955440
NQ,1778587200,1778589000,NQM2026,1800,1786955450
NQ,1778589000,1778590800,NQM2026,1800,1786955460
NQ,1778590800,1778592600,NQM2026,1800,1786955470
NQ,1778592600,1778594400,NQM2026,1800,1786955480
NQ,1778594400,1778596200,NQM2026,1800,1786955490
NQ,1778596200,1778598000,NQM2026,1800,1786955500
NQ,1778598000,1778599800,NQM2026,1800,1786955510
NQ,1778599800,1778601600,NQM2026,1800,1786955520
NQ,1778601600,1778603400,NQM2026,1800,1786955530
NQ,1778603400,1778605200,NQM2026,1800,1786955540
NQ,1778605200,1778607000,NQM2026,1800,1786955550
NQ,1778607000,1778608800,NQM2026,1800,1786955560
NQ,1778608800,1778610600,NQM2026,1800,1786955570
NQ,1778610600,1778612400,NQM2026,1800,1786955580
NQ,1778612400,1778614200,NQM2026,1800,1786955590
NQ,1778614200,1778616000,NQM2026,1800,1786955600
NQ,1778616000,1778617800,NQM2026,1800,1786955610
NQ,1778617800,1778619600,NQM2026,1800,1786955620
ES,1778536800,1778538600,ESM2026,1800,1786955630
ES,1778538600,1778540400,ESM2026,1800,1786955640
ES,1778540400,1778542200,ESM2026,1800,1786955650
ES,1778542200,1778544000,ESM2026,1800,1786955660
ES,1778544000,1778545800,ESM2026,1800,1786955670
ES,1778545800,1778547600,ESM2026,1800,1786955680
ES,1778547600,1778549400,ESM2026,1800,1786955690
ES,1778549400,1778551200,ESM2026,1800,1786955700
ES,1778551200,1778553000,ESM2026,1800,1786955710
ES,1778553000,1778554800,ESM2026,1800,1786955720
ES,1778554800,1778556600,ESM2026,1800,1786955730
ES,1778556600,1778558400,ESM2026,1800,1786955740
ES,1778558400,1778560200,ESM2026,1800,1786955750
ES,1778560200,1778562000,ESM2026,1800,1786955760
ES,1778562000,1778563800,ESM2026,1800,1786955770
ES,1778563800,1778565600,ESM2026,1800,1786955780
ES,1778565600,1778567400,ESM2026,1800,1786955790
ES,1778567400,1778569200,ESM2026,1800,1786955800
ES,1778569200,1778571000,ESM2026,1800,1786955810
ES,1778571000,1778572800,ESM2026,1800,1786955820
ES,1778572800,1778574600,ESM2026,1800,1786955845
ES,1778574600,1778576400,ESM2026,1800,1786955855
ES,1778576400,1778578200,ESM2026,1800,1786955865
ES,1778578200,1778580000,ESM2026,1800,1786955875
ES,1778580000,1778581800,ESM2026,1800,1786955885
ES,1778581800,1778583600,ESM2026,1800,1786955895
ES,1778583600,1778585400,ESM2026,1800,1786955905
ES,1778585400,1778587200,ESM2026,1800,1786955915
ES,1778587200,1778589000,ESM2026,1800,1786955925
ES,1778589000,1778590800,ESM2026,1800,1786955935
ES,1778590800,1778592600,ESM2026,1800,1786955945
ES,1778592600,1778594400,ESM2026,1800,1786955955
ES,1778594400,1778596200,ESM2026,1800,1786955965
ES,1778596200,1778598000,ESM2026,1800,1786955975
ES,1778598000,1778599800,ESM2026,1800,1786955985
ES,1778599800,1778601600,ESM2026,1800,1786955995
ES,1778601600,1778603400,ESM2026,1800,1786956005
ES,1778603400,1778605200,ESM2026,1800,1786956015
ES,1778605200,1778607000,ESM2026,1800,1786956025
ES,1778607000,1778608800,ESM2026,1800,1786956035
ES,1778608800,1778610600,ESM2026,1800,1786956045
ES,1778610600,1778612400,ESM2026,1800,1786956055
ES,1778612400,1778614200,ESM2026,1800,1786956065
ES,1778614200,1778616000,ESM2026,1800,1786956075
ES,1778616000,1778617800,ESM2026,1800,1786956085
ES,1778617800,1778619600,ESM2026,1800,1786956095
NQ,1778623200,1778625000,NQM2026,1800,1786956105
NQ,1778625000,1778626800,NQM2026,1800,1786956115
NQ,1778626800,1778628600,NQM2026,1800,1786956125
NQ,1778628600,1778630400,NQM2026,1800,1786956135
NQ,1778630400,1778632200,NQM2026,1800,1786956145
NQ,1778632200,1778634000,NQM2026,1800,1786956155
NQ,1778634000,1778635800,NQM2026,1800,1786956165
NQ,1778635800,1778637600,NQM2026,1800,1786956175
NQ,1778637600,1778639400,NQM2026,1800,1786956185
NQ,1778639400,1778641200,NQM2026,1800,1786956195
NQ,1778641200,1778643000,NQM2026,1800,1786956205
NQ,1778643000,1778644800,NQM2026,1800,1786956215
NQ,1778644800,1778646600,NQM2026,1800,1786956225
NQ,1778646600,1778648400,NQM2026,1800,1786956235
NQ,1778648400,1778650200,NQM2026,1800,1786956245
NQ,1778650200,1778652000,NQM2026,1800,1786956255
NQ,1778652000,1778653800,NQM2026,1800,1786956265
NQ,1778653800,1778655600,NQM2026,1800,1786956275
NQ,1778655600,1778657400,NQM2026,1800,1786956285
NQ,1778657400,1778659200,NQM2026,1800,1786956295
NQ,1778659200,1778661000,NQM2026,1800,1786956305
NQ,1778661000,1778662800,NQM2026,1800,1786956315
NQ,1778662800,1778664600,NQM2026,1800,1786956325
NQ,1778664600,1778666400,NQM2026,1800,1786956335
NQ,1778666400,1778668200,NQM2026,1800,1786956345
NQ,1778668200,1778670000,NQM2026,1800,1786956355
NQ,1778670000,1778671800,NQM2026,1800,1786956365
NQ,1778671800,1778673600,NQM2026,1800,1786956375
NQ,1778673600,1778675400,NQM2026,1800,1786956385
NQ,1778675400,1778677200,NQM2026,1800,1786956395
NQ,1778677200,1778679000,NQM2026,1800,1786956405
NQ,1778679000,1778680800,NQM2026,1800,1786956415
NQ,1778680800,1778682600,NQM2026,1800,1786956425
NQ,1778682600,1778684400,NQM2026,1800,1786956435
NQ,1778684400,1778686200,NQM2026,1800,1786956445
NQ,1778686200,1778688000,NQM2026,1800,1786956455
NQ,1778688000,1778689800,NQM2026,1800,1786956465
NQ,1778689800,1778691600,NQM2026,1800,1786956475
NQ,1778691600,1778693400,NQM2026,1800,1786956485
NQ,1778693400,1778695200,NQM2026,1800,1786956495
NQ,1778695200,1778697000,NQM2026,1800,1786956505
NQ,1778697000,1778698800,NQM2026,1800,1786956515
NQ,1778698800,1778700600,NQM2026,1800,1786956525
NQ,1778700600,1778702400,NQM2026,1800,1786956535
NQ,1778702400,1778704200,NQM2026,1800,1786956545
NQ,1778704200,1778706000,NQM2026,1800,1786956555
ES,1778623200,1778625000,ESM2026,1800,1786956566
ES,1778625000,1778626800,ESM2026,1800,1786956578
ES,1778626800,1778628600,ESM2026,1800,1786956602
ES,1778628600,1778630400,ESM2026,1800,1786956614
ES,1778630400,1778632200,ESM2026,1800,1786956615
ES,1778632200,1778634000,ESM2026,1800,1786956625
ES,1778634000,1778635800,ESM2026,1800,1786956635
ES,1778635800,1778637600,ESM2026,1800,1786956645
ES,1778637600,1778639400,ESM2026,1800,1786956655
ES,1778639400,1778641200,ESM2026,1800,1786956665
ES,1778641200,1778643000,ESM2026,1800,1786956675
ES,1778643000,1778644800,ESM2026,1800,1786956685
ES,1778644800,1778646600,ESM2026,1800,1786956695
ES,1778646600,1778648400,ESM2026,1800,1786956705
ES,1778648400,1778650200,ESM2026,1800,1786956715
ES,1778650200,1778652000,ESM2026,1800,1786956725
ES,1778652000,1778653800,ESM2026,1800,1786956735
ES,1778653800,1778655600,ESM2026,1800,1786956745
ES,1778655600,1778657400,ESM2026,1800,1786956755
ES,1778657400,1778659200,ESM2026,1800,1786956765
ES,1778659200,1778661000,ESM2026,1800,1786956775
ES,1778661000,1778662800,ESM2026,1800,1786956785
ES,1778662800,1778664600,ESM2026,1800,1786956795
ES,1778664600,1778666400,ESM2026,1800,1786956805
ES,1778666400,1778668200,ESM2026,1800,1786956815
ES,1778668200,1778670000,ESM2026,1800,1786956825
ES,1778670000,1778671800,ESM2026,1800,1786956835
ES,1778671800,1778673600,ESM2026,1800,1786956845
ES,1778673600,1778675400,ESM2026,1800,1786956855
ES,1778675400,1778677200,ESM2026,1800,1786956865
ES,1778677200,1778679000,ESM2026,1800,1786956875
ES,1778679000,1778680800,ESM2026,1800,1786956885
ES,1778680800,1778682600,ESM2026,1800,1786956895
ES,1778682600,1778684400,ESM2026,1800,1786956905
ES,1778684400,1778686200,ESM2026,1800,1786956915
ES,1778686200,1778688000,ESM2026,1800,1786956925
ES,1778688000,1778689800,ESM2026,1800,1786956935
ES,1778689800,1778691600,ESM2026,1800,1786956945
ES,1778691600,1778693400,ESM2026,1800,1786956955
ES,1778693400,1778695200,ESM2026,1800,1786956965
ES,1778695200,1778697000,ESM2026,1800,1786956975
ES,1778697000,1778698800,ESM2026,1800,1786956985
ES,1778698800,1778700600,ESM2026,1800,1786956995
ES,1778700600,1778702400,ESM2026,1800,1786957005
ES,1778702400,1778704200,ESM2026,1800,1786957015
ES,1778704200,1778706000,ESM2026,1800,1786957025
NQ,1778709600,1778711400,NQM2026,1800,1786957035
NQ,1778711400,1778713200,NQM2026,1800,1786957045
NQ,1778713200,1778715000,NQM2026,1800,1786957055
NQ,1778715000,1778716800,NQM2026,1800,1786957065
NQ,1778716800,1778718600,NQM2026,1800,1786957075
NQ,1778718600,1778720400,NQM2026,1800,1786957085
NQ,1778720400,1778722200,NQM2026,1800,1786957095
NQ,1778722200,1778724000,NQM2026,1800,1786957105
NQ,1778724000,1778725800,NQM2026,1800,1786957115
NQ,1778725800,1778727600,NQM2026,1800,1786957125
NQ,1778727600,1778729400,NQM2026,1800,1786957135
NQ,1778729400,1778731200,NQM2026,1800,1786957145
NQ,1778731200,1778733000,NQM2026,1800,1786957155
NQ,1778733000,1778734800,NQM2026,1800,1786957165
NQ,1778734800,1778736600,NQM2026,1800,1786957175
NQ,1778736600,1778738400,NQM2026,1800,1786957185
NQ,1778738400,1778740200,NQM2026,1800,1786957195
NQ,1778740200,1778742000,NQM2026,1800,1786957205
NQ,1778742000,1778743800,NQM2026,1800,1786957215
NQ,1778743800,1778745600,NQM2026,1800,1786957225
NQ,1778745600,1778747400,NQM2026,1800,1786957235
NQ,1778747400,1778749200,NQM2026,1800,1786957245
NQ,1778749200,1778751000,NQM2026,1800,1786957255
NQ,1778751000,1778752800,NQM2026,1800,1786957265
NQ,1778752800,1778754600,NQM2026,1800,1786957275
NQ,1778754600,1778756400,NQM2026,1800,1786957285
NQ,1778756400,1778758200,NQM2026,1800,1786957295
NQ,1778758200,1778760000,NQM2026,1800,1786957305
NQ,1778760000,1778761800,NQM2026,1800,1786957315
NQ,1778761800,1778763600,NQM2026,1800,1786957325
NQ,1778763600,1778765400,NQM2026,1800,1786957335
NQ,1778765400,1778767200,NQM2026,1800,1786957345
NQ,1778767200,1778769000,NQM2026,1800,1786957355
NQ,1778769000,1778770800,NQM2026,1800,1786957365
NQ,1778770800,1778772600,NQM2026,1800,1786957375
NQ,1778772600,1778774400,NQM2026,1800,1786957385
NQ,1778774400,1778776200,NQM2026,1800,1786957395
NQ,1778776200,1778778000,NQM2026,1800,1786957405
NQ,1778778000,1778779800,NQM2026,1800,1786957415
NQ,1778779800,1778781600,NQM2026,1800,1786957425
NQ,1778781600,1778783400,NQM2026,1800,1786957435
NQ,1778783400,1778785200,NQM2026,1800,1786957445
NQ,1778785200,1778787000,NQM2026,1800,1786957455
NQ,1778787000,1778788800,NQM2026,1800,1786957465
NQ,1778788800,1778790600,NQM2026,1800,1786957475
NQ,1778790600,1778792400,NQM2026,1800,1786957485
ES,1778709600,1778711400,ESM2026,1800,1786957495
ES,1778711400,1778713200,ESM2026,1800,1786957505
ES,1778713200,1778715000,ESM2026,1800,1786957515
ES,1778715000,1778716800,ESM2026,1800,1786957525
ES,1778716800,1778718600,ESM2026,1800,1786957535
ES,1778718600,1778720400,ESM2026,1800,1786957545
ES,1778720400,1778722200,ESM2026,1800,1786957555
ES,1778722200,1778724000,ESM2026,1800,1786957565
ES,1778724000,1778725800,ESM2026,1800,1786957575
ES,1778725800,1778727600,ESM2026,1800,1786957585
ES,1778727600,1778729400,ESM2026,1800,1786957595
ES,1778729400,1778731200,ESM2026,1800,1786957605
ES,1778731200,1778733000,ESM2026,1800,1786957615
ES,1778733000,1778734800,ESM2026,1800,1786957625
ES,1778734800,1778736600,ESM2026,1800,1786957635
ES,1778736600,1778738400,ESM2026,1800,1786957645
ES,1778738400,1778740200,ESM2026,1800,1786957729
ES,1778740200,1778742000,ESM2026,1800,1786957735
ES,1778742000,1778743800,ESM2026,1800,1786957739
ES,1778743800,1778745600,ESM2026,1800,1786957749
ES,1778745600,1778747400,ESM2026,1800,1786957759
ES,1778747400,1778749200,ESM2026,1800,1786957769
ES,1778749200,1778751000,ESM2026,1800,1786957779
ES,1778751000,1778752800,ESM2026,1800,1786957789
ES,1778752800,1778754600,ESM2026,1800,1786957799
ES,1778754600,1778756400,ESM2026,1800,1786957809
ES,1778756400,1778758200,ESM2026,1800,1786957819
ES,1778758200,1778760000,ESM2026,1800,1786957829
ES,1778760000,1778761800,ESM2026,1800,1786957839
ES,1778761800,1778763600,ESM2026,1800,1786957849
ES,1778763600,1778765400,ESM2026,1800,1786957859
ES,1778765400,1778767200,ESM2026,1800,1786957869
ES,1778767200,1778769000,ESM2026,1800,1786957879
ES,1778769000,1778770800,ESM2026,1800,1786957889
ES,1778770800,1778772600,ESM2026,1800,1786957899
ES,1778772600,1778774400,ESM2026,1800,1786957909
ES,1778774400,1778776200,ESM2026,1800,1786957920
ES,1778776200,1778778000,ESM2026,1800,1786957931
ES,1778778000,1778779800,ESM2026,1800,1786957940
ES,1778779800,1778781600,ESM2026,1800,1786957950
ES,1778781600,1778783400,ESM2026,1800,1786957960
ES,1778783400,1778785200,ESM2026,1800,1786957970
ES,1778785200,1778787000,ESM2026,1800,1786957980
ES,1778787000,1778788800,ESM2026,1800,1786957990
ES,1778788800,1778790600,ESM2026,1800,1786957999
ES,1778790600,1778792400,ESM2026,1800,1786958009
NQ,1778796000,1778797800,NQM2026,1800,1786958019
NQ,1778797800,1778799600,NQM2026,1800,1786958029
NQ,1778799600,1778801400,NQM2026,1800,1786958039
NQ,1778801400,1778803200,NQM2026,1800,1786958049
NQ,1778803200,1778805000,NQM2026,1800,1786958059
NQ,1778805000,1778806800,NQM2026,1800,1786958069
NQ,1778806800,1778808600,NQM2026,1800,1786958080
NQ,1778808600,1778810400,NQM2026,1800,1786958089
NQ,1778810400,1778812200,NQM2026,1800,1786958099
NQ,1778812200,1778814000,NQM2026,1800,1786958109
NQ,1778814000,1778815800,NQM2026,1800,1786958119
NQ,1778815800,1778817600,NQM2026,1800,1786958129
NQ,1778817600,1778819400,NQM2026,1800,1786958139
NQ,1778819400,1778821200,NQM2026,1800,1786958149
NQ,1778821200,1778823000,NQM2026,1800,1786958159
NQ,1778823000,1778824800,NQM2026,1800,1786958169
NQ,1778824800,1778826600,NQM2026,1800,1786958179
NQ,1778826600,1778828400,NQM2026,1800,1786958189
NQ,1778828400,1778830200,NQM2026,1800,1786958199
NQ,1778830200,1778832000,NQM2026,1800,1786958209
NQ,1778832000,1778833800,NQM2026,1800,1786958219
NQ,1778833800,1778835600,NQM2026,1800,1786958229
NQ,1778835600,1778837400,NQM2026,1800,1786958239
NQ,1778837400,1778839200,NQM2026,1800,1786958249
NQ,1778839200,1778841000,NQM2026,1800,1786958259
NQ,1778841000,1778842800,NQM2026,1800,1786958270
NQ,1778842800,1778844600,NQM2026,1800,1786958281
NQ,1778844600,1778846400,NQM2026,1800,1786958293
NQ,1778846400,1778848200,NQM2026,1800,1786958314
NQ,1778848200,1778850000,NQM2026,1800,1786958318
NQ,1778850000,1778851800,NQM2026,1800,1786958341
NQ,1778851800,1778853600,NQM2026,1800,1786958353
NQ,1778853600,1778855400,NQM2026,1800,1786958360
NQ,1778855400,1778857200,NQM2026,1800,1786958371
NQ,1778857200,1778859000,NQM2026,1800,1786958385
NQ,1778859000,1778860800,NQM2026,1800,1786958391
NQ,1778860800,1778862600,NQM2026,1800,1786958400
NQ,1778862600,1778864400,NQM2026,1800,1786958410
NQ,1778864400,1778866200,NQM2026,1800,1786958420
NQ,1778866200,1778868000,NQM2026,1800,1786958430
NQ,1778868000,1778869800,NQM2026,1800,1786958440
NQ,1778869800,1778871600,NQM2026,1800,1786958450
NQ,1778871600,1778873400,NQM2026,1800,1786958460
NQ,1778873400,1778875200,NQM2026,1800,1786958470
NQ,1778875200,1778877000,NQM2026,1800,1786958480
NQ,1778877000,1778878800,NQM2026,1800,1786958489
ES,1778796000,1778797800,ESM2026,1800,1786958499
ES,1778797800,1778799600,ESM2026,1800,1786958509
ES,1778799600,1778801400,ESM2026,1800,1786958519
ES,1778801400,1778803200,ESM2026,1800,1786958529
ES,1778803200,1778805000,ESM2026,1800,1786958539
ES,1778805000,1778806800,ESM2026,1800,1786958549
ES,1778806800,1778808600,ESM2026,1800,1786958559
ES,1778808600,1778810400,ESM2026,1800,1786958569
ES,1778810400,1778812200,ESM2026,1800,1786958579
ES,1778812200,1778814000,ESM2026,1800,1786958589
ES,1778814000,1778815800,ESM2026,1800,1786958599
ES,1778815800,1778817600,ESM2026,1800,1786958609
ES,1778817600,1778819400,ESM2026,1800,1786958619
ES,1778819400,1778821200,ESM2026,1800,1786958629
ES,1778821200,1778823000,ESM2026,1800,1786958639
ES,1778823000,1778824800,ESM2026,1800,1786958649
ES,1778824800,1778826600,ESM2026,1800,1786958659
ES,1778826600,1778828400,ESM2026,1800,1786958669
ES,1778828400,1778830200,ESM2026,1800,1786958679
ES,1778830200,1778832000,ESM2026,1800,1786958689
ES,1778832000,1778833800,ESM2026,1800,1786958699
ES,1778833800,1778835600,ESM2026,1800,1786958709
ES,1778835600,1778837400,ESM2026,1800,1786958719
ES,1778837400,1778839200,ESM2026,1800,1786958729
ES,1778839200,1778841000,ESM2026,1800,1786958739
ES,1778841000,1778842800,ESM2026,1800,1786958749
ES,1778842800,1778844600,ESM2026,1800,1786958760
ES,1778844600,1778846400,ESM2026,1800,1786958770
ES,1778846400,1778848200,ESM2026,1800,1786958780
ES,1778848200,1778850000,ESM2026,1800,1786958790
ES,1778850000,1778851800,ESM2026,1800,1786958800
ES,1778851800,1778853600,ESM2026,1800,1786958810
ES,1778853600,1778855400,ESM2026,1800,1786958820
ES,1778855400,1778857200,ESM2026,1800,1786958830
ES,1778857200,1778859000,ESM2026,1800,1786958840
ES,1778859000,1778860800,ESM2026,1800,1786958850
ES,1778860800,1778862600,ESM2026,1800,1786958860
ES,1778862600,1778864400,ESM2026,1800,1786958870
ES,1778864400,1778866200,ESM2026,1800,1786958880
ES,1778866200,1778868000,ESM2026,1800,1786958889
ES,1778868000,1778869800,ESM2026,1800,1786958900
ES,1778869800,1778871600,ESM2026,1800,1786958910
ES,1778871600,1778873400,ESM2026,1800,1786958919
ES,1778873400,1778875200,ESM2026,1800,1786958930
ES,1778875200,1778877000,ESM2026,1800,1786958939
ES,1778877000,1778878800,ESM2026,1800,1786958949
NQ,1779055200,1779057000,NQM2026,1800,1786958960
NQ,1779057000,1779058800,NQM2026,1800,1786958970
NQ,1779058800,1779060600,NQM2026,1800,1786958992
NQ,1779060600,1779062400,NQM2026,1800,1786959020
NQ,1779062400,1779064200,NQM2026,1800,1786959023
NQ,1779064200,1779066000,NQM2026,1800,1786959031
NQ,1779066000,1779067800,NQM2026,1800,1786959041
NQ,1779067800,1779069600,NQM2026,1800,1786959051
NQ,1779069600,1779071400,NQM2026,1800,1786959061
NQ,1779071400,1779073200,NQM2026,1800,1786959071
NQ,1779073200,1779075000,NQM2026,1800,1786959081
NQ,1779075000,1779076800,NQM2026,1800,1786959091
NQ,1779076800,1779078600,NQM2026,1800,1786959101
NQ,1779078600,1779080400,NQM2026,1800,1786959111
NQ,1779080400,1779082200,NQM2026,1800,1786959121
NQ,1779082200,1779084000,NQM2026,1800,1786959131
NQ,1779084000,1779085800,NQM2026,1800,1786959141
NQ,1779085800,1779087600,NQM2026,1800,1786959151
NQ,1779087600,1779089400,NQM2026,1800,1786959161
NQ,1779089400,1779091200,NQM2026,1800,1786959171
NQ,1779091200,1779093000,NQM2026,1800,1786959181
NQ,1779093000,1779094800,NQM2026,1800,1786959191
NQ,1779094800,1779096600,NQM2026,1800,1786959201
NQ,1779096600,1779098400,NQM2026,1800,1786959211
NQ,1779098400,1779100200,NQM2026,1800,1786959221
NQ,1779100200,1779102000,NQM2026,1800,1786959231
NQ,1779102000,1779103800,NQM2026,1800,1786959241
NQ,1779103800,1779105600,NQM2026,1800,1786959252
NQ,1779105600,1779107400,NQM2026,1800,1786959262
NQ,1779107400,1779109200,NQM2026,1800,1786959273
NQ,1779109200,1779111000,NQM2026,1800,1786959282
NQ,1779111000,1779112800,NQM2026,1800,1786959292
NQ,1779112800,1779114600,NQM2026,1800,1786959301
NQ,1779114600,1779116400,NQM2026,1800,1786959311
NQ,1779116400,1779118200,NQM2026,1800,1786959321
NQ,1779118200,1779120000,NQM2026,1800,1786959331
NQ,1779120000,1779121800,NQM2026,1800,1786959341
NQ,1779121800,1779123600,NQM2026,1800,1786959351
NQ,1779123600,1779125400,NQM2026,1800,1786959361
NQ,1779125400,1779127200,NQM2026,1800,1786959371
NQ,1779127200,1779129000,NQM2026,1800,1786959381
NQ,1779129000,1779130800,NQM2026,1800,1786959391
NQ,1779130800,1779132600,NQM2026,1800,1786959401
NQ,1779132600,1779134400,NQM2026,1800,1786959411
NQ,1779134400,1779136200,NQM2026,1800,1786959421
NQ,1779136200,1779138000,NQM2026,1800,1786959431
ES,1779055200,1779057000,ESM2026,1800,1786959441
ES,1779057000,1779058800,ESM2026,1800,1786959451
ES,1779058800,1779060600,ESM2026,1800,1786959461
ES,1779060600,1779062400,ESM2026,1800,1786959472
ES,1779062400,1779064200,ESM2026,1800,1786959481
ES,1779064200,1779066000,ESM2026,1800,1786959491
ES,1779066000,1779067800,ESM2026,1800,1786959501
ES,1779067800,1779069600,ESM2026,1800,1786959511
ES,1779069600,1779071400,ESM2026,1800,1786959521
ES,1779071400,1779073200,ESM2026,1800,1786959531
ES,1779073200,1779075000,ESM2026,1800,1786959541
ES,1779075000,1779076800,ESM2026,1800,1786959551
ES,1779076800,1779078600,ESM2026,1800,1786959561
ES,1779078600,1779080400,ESM2026,1800,1786959571
ES,1779080400,1779082200,ESM2026,1800,1786959581
ES,1779082200,1779084000,ESM2026,1800,1786959591
ES,1779084000,1779085800,ESM2026,1800,1786959601
ES,1779085800,1779087600,ESM2026,1800,1786959611
ES,1779087600,1779089400,ESM2026,1800,1786959621
ES,1779089400,1779091200,ESM2026,1800,1786959631
ES,1779091200,1779093000,ESM2026,1800,1786959641
ES,1779093000,1779094800,ESM2026,1800,1786959651
ES,1779094800,1779096600,ESM2026,1800,1786959661
ES,1779096600,1779098400,ESM2026,1800,1786959671
ES,1779098400,1779100200,ESM2026,1800,1786959681
ES,1779100200,1779102000,ESM2026,1800,1786959691
ES,1779102000,1779103800,ESM2026,1800,1786959701
ES,1779103800,1779105600,ESM2026,1800,1786959711
ES,1779105600,1779107400,ESM2026,1800,1786959721
ES,1779107400,1779109200,ESM2026,1800,1786959731
ES,1779109200,1779111000,ESM2026,1800,1786959741
ES,1779111000,1779112800,ESM2026,1800,1786959751
ES,1779112800,1779114600,ESM2026,1800,1786959761
ES,1779114600,1779116400,ESM2026,1800,1786959771
ES,1779116400,1779118200,ESM2026,1800,1786959781
ES,1779118200,1779120000,ESM2026,1800,1786959791
ES,1779120000,1779121800,ESM2026,1800,1786959801
ES,1779121800,1779123600,ESM2026,1800,1786959811
ES,1779123600,1779125400,ESM2026,1800,1786959821
ES,1779125400,1779127200,ESM2026,1800,1786959831
ES,1779127200,1779129000,ESM2026,1800,1786959841
ES,1779129000,1779130800,ESM2026,1800,1786959851
ES,1779130800,1779132600,ESM2026,1800,1786959861
ES,1779132600,1779134400,ESM2026,1800,1786959871
ES,1779134400,1779136200,ESM2026,1800,1786959881
ES,1779136200,1779138000,ESM2026,1800,1786959891
NQ,1779141600,1779143400,NQM2026,1800,1786959901
NQ,1779143400,1779145200,NQM2026,1800,1786959911
NQ,1779145200,1779147000,NQM2026,1800,1786959921
NQ,1779147000,1779148800,NQM2026,1800,1786959931
NQ,1779148800,1779150600,NQM2026,1800,1786959941
NQ,1779150600,1779152400,NQM2026,1800,1786959951
NQ,1779152400,1779154200,NQM2026,1800,1786959961
NQ,1779154200,1779156000,NQM2026,1800,1786959971
NQ,1779156000,1779157800,NQM2026,1800,1786959981
NQ,1779157800,1779159600,NQM2026,1800,1786959991
NQ,1779159600,1779161400,NQM2026,1800,1786960001
NQ,1779161400,1779163200,NQM2026,1800,1786960011
NQ,1779163200,1779165000,NQM2026,1800,1786960021
NQ,1779165000,1779166800,NQM2026,1800,1786960031
NQ,1779166800,1779168600,NQM2026,1800,1786960041
NQ,1779168600,1779170400,NQM2026,1800,1786960051
NQ,1779170400,1779172200,NQM2026,1800,1786960061
NQ,1779172200,1779174000,NQM2026,1800,1786960071
NQ,1779174000,1779175800,NQM2026,1800,1786960081
NQ,1779175800,1779177600,NQM2026,1800,1786960091
NQ,1779177600,1779179400,NQM2026,1800,1786960101
NQ,1779179400,1779181200,NQM2026,1800,1786960111
NQ,1779181200,1779183000,NQM2026,1800,1786960121
NQ,1779183000,1779184800,NQM2026,1800,1786960131
NQ,1779184800,1779186600,NQM2026,1800,1786960141
NQ,1779186600,1779188400,NQM2026,1800,1786960151
NQ,1779188400,1779190200,NQM2026,1800,1786960161
NQ,1779190200,1779192000,NQM2026,1800,1786960171
NQ,1779192000,1779193800,NQM2026,1800,1786960181
NQ,1779193800,1779195600,NQM2026,1800,1786960193
NQ,1779195600,1779197400,NQM2026,1800,1786960206
NQ,1779197400,1779199200,NQM2026,1800,1786960216
NQ,1779199200,1779201000,NQM2026,1800,1786960226
NQ,1779201000,1779202800,NQM2026,1800,1786960234
NQ,1779202800,1779204600,NQM2026,1800,1786960243
NQ,1779204600,1779206400,NQM2026,1800,1786960252
NQ,1779206400,1779208200,NQM2026,1800,1786960261
NQ,1779208200,1779210000,NQM2026,1800,1786960271
NQ,1779210000,1779211800,NQM2026,1800,1786960281
NQ,1779211800,1779213600,NQM2026,1800,1786960291
NQ,1779213600,1779215400,NQM2026,1800,1786960301
NQ,1779215400,1779217200,NQM2026,1800,1786960311
NQ,1779217200,1779219000,NQM2026,1800,1786960321
NQ,1779219000,1779220800,NQM2026,1800,1786960331
NQ,1779220800,1779222600,NQM2026,1800,1786960341
NQ,1779222600,1779224400,NQM2026,1800,1786960351
ES,1779141600,1779143400,ESM2026,1800,1786960361
ES,1779143400,1779145200,ESM2026,1800,1786960371
ES,1779145200,1779147000,ESM2026,1800,1786960381
ES,1779147000,1779148800,ESM2026,1800,1786960391
ES,1779148800,1779150600,ESM2026,1800,1786960401
ES,1779150600,1779152400,ESM2026,1800,1786960411
ES,1779152400,1779154200,ESM2026,1800,1786960421
ES,1779154200,1779156000,ESM2026,1800,1786960431
ES,1779156000,1779157800,ESM2026,1800,1786960441
ES,1779157800,1779159600,ESM2026,1800,1786960451
ES,1779159600,1779161400,ESM2026,1800,1786960461
ES,1779161400,1779163200,ESM2026,1800,1786960471
ES,1779163200,1779165000,ESM2026,1800,1786960481
ES,1779165000,1779166800,ESM2026,1800,1786960491
ES,1779166800,1779168600,ESM2026,1800,1786960501
ES,1779168600,1779170400,ESM2026,1800,1786960511
ES,1779170400,1779172200,ESM2026,1800,1786960521
ES,1779172200,1779174000,ESM2026,1800,1786960531
ES,1779174000,1779175800,ESM2026,1800,1786960541
ES,1779175800,1779177600,ESM2026,1800,1786960551
ES,1779177600,1779179400,ESM2026,1800,1786960561
ES,1779179400,1779181200,ESM2026,1800,1786960571
ES,1779181200,1779183000,ESM2026,1800,1786960581
ES,1779183000,1779184800,ESM2026,1800,1786960591
ES,1779184800,1779186600,ESM2026,1800,1786960601
ES,1779186600,1779188400,ESM2026,1800,1786960611
ES,1779188400,1779190200,ESM2026,1800,1786960621
ES,1779190200,1779192000,ESM2026,1800,1786960631
ES,1779192000,1779193800,ESM2026,1800,1786960641
ES,1779193800,1779195600,ESM2026,1800,1786960651
ES,1779195600,1779197400,ESM2026,1800,1786960661
ES,1779197400,1779199200,ESM2026,1800,1786960671
ES,1779199200,1779201000,ESM2026,1800,1786960681
ES,1779201000,1779202800,ESM2026,1800,1786960691
ES,1779202800,1779204600,ESM2026,1800,1786960701
ES,1779204600,1779206400,ESM2026,1800,1786960711
ES,1779206400,1779208200,ESM2026,1800,1786960721
ES,1779208200,1779210000,ESM2026,1800,1786960731
ES,1779210000,1779211800,ESM2026,1800,1786960741
ES,1779211800,1779213600,ESM2026,1800,1786960751
ES,1779213600,1779215400,ESM2026,1800,1786960761
ES,1779215400,1779217200,ESM2026,1800,1786960771
ES,1779217200,1779219000,ESM2026,1800,1786960781
ES,1779219000,1779220800,ESM2026,1800,1786960791
ES,1779220800,1779222600,ESM2026,1800,1786960801
ES,1779222600,1779224400,ESM2026,1800,1786960811
NQ,1779228000,1779229800,NQM2026,1800,1786960821
NQ,1779229800,1779231600,NQM2026,1800,1786960831
NQ,1779231600,1779233400,NQM2026,1800,1786960841
NQ,1779233400,1779235200,NQM2026,1800,1786960851
NQ,1779235200,1779237000,NQM2026,1800,1786960861
NQ,1779237000,1779238800,NQM2026,1800,1786960871
NQ,1779238800,1779240600,NQM2026,1800,1786960881
NQ,1779240600,1779242400,NQM2026,1800,1786960891
NQ,1779242400,1779244200,NQM2026,1800,1786960901
NQ,1779244200,1779246000,NQM2026,1800,1786960911
NQ,1779246000,1779247800,NQM2026,1800,1786960921
NQ,1779247800,1779249600,NQM2026,1800,1786960931
NQ,1779249600,1779251400,NQM2026,1800,1786960941
NQ,1779251400,1779253200,NQM2026,1800,1786960951
NQ,1779253200,1779255000,NQM2026,1800,1786960961
NQ,1779255000,1779256800,NQM2026,1800,1786960971
NQ,1779256800,1779258600,NQM2026,1800,1786960981
NQ,1779258600,1779260400,NQM2026,1800,1786960991
NQ,1779260400,1779262200,NQM2026,1800,1786961001
NQ,1779262200,1779264000,NQM2026,1800,1786961011
NQ,1779264000,1779265800,NQM2026,1800,1786961021
NQ,1779265800,1779267600,NQM2026,1800,1786961031
NQ,1779267600,1779269400,NQM2026,1800,1786961041
NQ,1779269400,1779271200,NQM2026,1800,1786961051
NQ,1779271200,1779273000,NQM2026,1800,1786961061
NQ,1779273000,1779274800,NQM2026,1800,1786961071
NQ,1779274800,1779276600,NQM2026,1800,1786961081
NQ,1779276600,1779278400,NQM2026,1800,1786961091
NQ,1779278400,1779280200,NQM2026,1800,1786961101
NQ,1779280200,1779282000,NQM2026,1800,1786961111
NQ,1779282000,1779283800,NQM2026,1800,1786961121
NQ,1779283800,1779285600,NQM2026,1800,1786961131
NQ,1779285600,1779287400,NQM2026,1800,1786961141
NQ,1779287400,1779289200,NQM2026,1800,1786961151
NQ,1779289200,1779291000,NQM2026,1800,1786961161
NQ,1779291000,1779292800,NQM2026,1800,1786961171
NQ,1779292800,1779294600,NQM2026,1800,1786961181
NQ,1779294600,1779296400,NQM2026,1800,1786961191
NQ,1779296400,1779298200,NQM2026,1800,1786961201
NQ,1779298200,1779300000,NQM2026,1800,1786961211
NQ,1779300000,1779301800,NQM2026,1800,1786961221
NQ,1779301800,1779303600,NQM2026,1800,1786961231
NQ,1779303600,1779305400,NQM2026,1800,1786961241
NQ,1779305400,1779307200,NQM2026,1800,1786961251
NQ,1779307200,1779309000,NQM2026,1800,1786961261
NQ,1779309000,1779310800,NQM2026,1800,1786961271
NQ,1779314400,1779316200,NQM2026,1800,1786961817
NQ,1779316200,1779318000,NQM2026,1800,1786961827
NQ,1779318000,1779319800,NQM2026,1800,1786961840
NQ,1779319800,1779321600,NQM2026,1800,1786961852
NQ,1779321600,1779323400,NQM2026,1800,1786961861
NQ,1779323400,1779325200,NQM2026,1800,1786961872
NQ,1779325200,1779327000,NQM2026,1800,1786961880
NQ,1779327000,1779328800,NQM2026,1800,1786961888
NQ,1779328800,1779330600,NQM2026,1800,1786961897
NQ,1779330600,1779332400,NQM2026,1800,1786961907
NQ,1779332400,1779334200,NQM2026,1800,1786961917
NQ,1779334200,1779336000,NQM2026,1800,1786961927
NQ,1779336000,1779337800,NQM2026,1800,1786961937
NQ,1779337800,1779339600,NQM2026,1800,1786961947
NQ,1779339600,1779341400,NQM2026,1800,1786961957
NQ,1779341400,1779343200,NQM2026,1800,1786961967
NQ,1779343200,1779345000,NQM2026,1800,1786961977
NQ,1779345000,1779346800,NQM2026,1800,1786961987
NQ,1779346800,1779348600,NQM2026,1800,1786961997
NQ,1779348600,1779350400,NQM2026,1800,1786962007
NQ,1779350400,1779352200,NQM2026,1800,1786962017
NQ,1779352200,1779354000,NQM2026,1800,1786962027
NQ,1779354000,1779355800,NQM2026,1800,1786962038
NQ,1779355800,1779357600,NQM2026,1800,1786962048
NQ,1779357600,1779359400,NQM2026,1800,1786962060
NQ,1779359400,1779361200,NQM2026,1800,1786962069
NQ,1779361200,1779363000,NQM2026,1800,1786962080
NQ,1779363000,1779364800,NQM2026,1800,1786962088
NQ,1779364800,1779366600,NQM2026,1800,1786962098
NQ,1779366600,1779368400,NQM2026,1800,1786962108
NQ,1779368400,1779370200,NQM2026,1800,1786962118
NQ,1779370200,1779372000,NQM2026,1800,1786962128
NQ,1779372000,1779373800,NQM2026,1800,1786962138
NQ,1779373800,1779375600,NQM2026,1800,1786962147
NQ,1779375600,1779377400,NQM2026,1800,1786962157
NQ,1779377400,1779379200,NQM2026,1800,1786962167
NQ,1779379200,1779381000,NQM2026,1800,1786962177
NQ,1779381000,1779382800,NQM2026,1800,1786962187
NQ,1779382800,1779384600,NQM2026,1800,1786962197
NQ,1779384600,1779386400,NQM2026,1800,1786962207
NQ,1779386400,1779388200,NQM2026,1800,1786962217
NQ,1779388200,1779390000,NQM2026,1800,1786962227
NQ,1779390000,1779391800,NQM2026,1800,1786962237
NQ,1779391800,1779393600,NQM2026,1800,1786962247
NQ,1779393600,1779395400,NQM2026,1800,1786962257
NQ,1779395400,1779397200,NQM2026,1800,1786962267
ES,1779314400,1779316200,ESM2026,1800,1786962278
ES,1779316200,1779318000,ESM2026,1800,1786962328
ES,1779318000,1779319800,ESM2026,1800,1786962353
ES,1779319800,1779321600,ESM2026,1800,1786962356
ES,1779321600,1779323400,ESM2026,1800,1786962365
ES,1779323400,1779325200,ESM2026,1800,1786962376
ES,1779325200,1779327000,ESM2026,1800,1786962386
ES,1779327000,1779328800,ESM2026,1800,1786962394
ES,1779328800,1779330600,ESM2026,1800,1786962403
ES,1779330600,1779332400,ESM2026,1800,1786962413
ES,1779332400,1779334200,ESM2026,1800,1786962423
ES,1779334200,1779336000,ESM2026,1800,1786962433
ES,1779336000,1779337800,ESM2026,1800,1786962443
ES,1779337800,1779339600,ESM2026,1800,1786962453
ES,1779339600,1779341400,ESM2026,1800,1786962463
ES,1779341400,1779343200,ESM2026,1800,1786962473
ES,1779343200,1779345000,ESM2026,1800,1786962483
ES,1779345000,1779346800,ESM2026,1800,1786962493
ES,1779346800,1779348600,ESM2026,1800,1786962503
ES,1779348600,1779350400,ESM2026,1800,1786962513
ES,1779350400,1779352200,ESM2026,1800,1786962523
ES,1779352200,1779354000,ESM2026,1800,1786962533
ES,1779354000,1779355800,ESM2026,1800,1786962543
ES,1779355800,1779357600,ESM2026,1800,1786962553
ES,1779357600,1779359400,ESM2026,1800,1786962563
ES,1779359400,1779361200,ESM2026,1800,1786962573
ES,1779361200,1779363000,ESM2026,1800,1786962583
ES,1779363000,1779364800,ESM2026,1800,1786962593
ES,1779364800,1779366600,ESM2026,1800,1786962603
ES,1779366600,1779368400,ESM2026,1800,1786962613
ES,1779368400,1779370200,ESM2026,1800,1786962623
ES,1779370200,1779372000,ESM2026,1800,1786962633
ES,1779372000,1779373800,ESM2026,1800,1786962643
ES,1779373800,1779375600,ESM2026,1800,1786962653
ES,1779375600,1779377400,ESM2026,1800,1786962663
ES,1779377400,1779379200,ESM2026,1800,1786962673
ES,1779379200,1779381000,ESM2026,1800,1786962683
ES,1779381000,1779382800,ESM2026,1800,1786962693
ES,1779382800,1779384600,ESM2026,1800,1786962703
ES,1779384600,1779386400,ESM2026,1800,1786962713
ES,1779386400,1779388200,ESM2026,1800,1786962723
ES,1779388200,1779390000,ESM2026,1800,1786962733
ES,1779390000,1779391800,ESM2026,1800,1786962743
ES,1779391800,1779393600,ESM2026,1800,1786962753
ES,1779393600,1779395400,ESM2026,1800,1786962763
ES,1779395400,1779397200,ESM2026,1800,1786962773
NQ,1779400800,1779402600,NQM2026,1800,1786962783
NQ,1779402600,1779404400,NQM2026,1800,1786962793
NQ,1779404400,1779406200,NQM2026,1800,1786962803
NQ,1779406200,1779408000,NQM2026,1800,1786962813
NQ,1779408000,1779409800,NQM2026,1800,1786962823
NQ,1779409800,1779411600,NQM2026,1800,1786962833
NQ,1779411600,1779413400,NQM2026,1800,1786962843
NQ,1779413400,1779415200,NQM2026,1800,1786962853
NQ,1779415200,1779417000,NQM2026,1800,1786962863
NQ,1779417000,1779418800,NQM2026,1800,1786962873
NQ,1779418800,1779420600,NQM2026,1800,1786962883
NQ,1779420600,1779422400,NQM2026,1800,1786962893
NQ,1779422400,1779424200,NQM2026,1800,1786962903
NQ,1779424200,1779426000,NQM2026,1800,1786962913
NQ,1779426000,1779427800,NQM2026,1800,1786962923
NQ,1779427800,1779429600,NQM2026,1800,1786962933
NQ,1779429600,1779431400,NQM2026,1800,1786962943
NQ,1779431400,1779433200,NQM2026,1800,1786962953
NQ,1779433200,1779435000,NQM2026,1800,1786962963
NQ,1779435000,1779436800,NQM2026,1800,1786962973
NQ,1779436800,1779438600,NQM2026,1800,1786962983
NQ,1779438600,1779440400,NQM2026,1800,1786962993
NQ,1779440400,1779442200,NQM2026,1800,1786963003
NQ,1779442200,1779444000,NQM2026,1800,1786963013
NQ,1779444000,1779445800,NQM2026,1800,1786963023
NQ,1779445800,1779447600,NQM2026,1800,1786963033
NQ,1779447600,1779449400,NQM2026,1800,1786963043
NQ,1779449400,1779451200,NQM2026,1800,1786963053
NQ,1779451200,1779453000,NQM2026,1800,1786963063
NQ,1779453000,1779454800,NQM2026,1800,1786963073
NQ,1779454800,1779456600,NQM2026,1800,1786963083
NQ,1779456600,1779458400,NQM2026,1800,1786963093
NQ,1779458400,1779460200,NQM2026,1800,1786963103
NQ,1779460200,1779462000,NQM2026,1800,1786963113
NQ,1779462000,1779463800,NQM2026,1800,1786963123
NQ,1779463800,1779465600,NQM2026,1800,1786963133
NQ,1779465600,1779467400,NQM2026,1800,1786963143
NQ,1779467400,1779469200,NQM2026,1800,1786963153
NQ,1779469200,1779471000,NQM2026,1800,1786963163
NQ,1779471000,1779472800,NQM2026,1800,1786963173
NQ,1779472800,1779474600,NQM2026,1800,1786963183
NQ,1779474600,1779476400,NQM2026,1800,1786963193
NQ,1779476400,1779478200,NQM2026,1800,1786963203
NQ,1779478200,1779480000,NQM2026,1800,1786963213
NQ,1779480000,1779481800,NQM2026,1800,1786963223
NQ,1779481800,1779483600,NQM2026,1800,1786963233
ES,1779400800,1779402600,ESM2026,1800,1786963243
ES,1779402600,1779404400,ESM2026,1800,1786963253
ES,1779404400,1779406200,ESM2026,1800,1786963263
ES,1779406200,1779408000,ESM2026,1800,1786963273
ES,1779408000,1779409800,ESM2026,1800,1786963283
ES,1779409800,1779411600,ESM2026,1800,1786963293
ES,1779411600,1779413400,ESM2026,1800,1786963304
ES,1779413400,1779415200,ESM2026,1800,1786963316
ES,1779415200,1779417000,ESM2026,1800,1786963326
ES,1779417000,1779418800,ESM2026,1800,1786963337
ES,1779418800,1779420600,ESM2026,1800,1786963346
ES,1779420600,1779422400,ESM2026,1800,1786963355
ES,1779422400,1779424200,ESM2026,1800,1786963366
ES,1779424200,1779426000,ESM2026,1800,1786963374
ES,1779426000,1779427800,ESM2026,1800,1786963385
ES,1779427800,1779429600,ESM2026,1800,1786963400
ES,1779429600,1779431400,ESM2026,1800,1786963407
ES,1779431400,1779433200,ESM2026,1800,1786963414
ES,1779433200,1779435000,ESM2026,1800,1786963423
ES,1779435000,1779436800,ESM2026,1800,1786963433
ES,1779436800,1779438600,ESM2026,1800,1786963443
ES,1779438600,1779440400,ESM2026,1800,1786963453
ES,1779440400,1779442200,ESM2026,1800,1786963463
ES,1779442200,1779444000,ESM2026,1800,1786963473
ES,1779444000,1779445800,ESM2026,1800,1786963483
ES,1779445800,1779447600,ESM2026,1800,1786963493
ES,1779447600,1779449400,ESM2026,1800,1786963503
ES,1779449400,1779451200,ESM2026,1800,1786963513
ES,1779451200,1779453000,ESM2026,1800,1786963523
ES,1779453000,1779454800,ESM2026,1800,1786963533
ES,1779454800,1779456600,ESM2026,1800,1786963543
ES,1779456600,1779458400,ESM2026,1800,1786963553
ES,1779458400,1779460200,ESM2026,1800,1786963563
ES,1779460200,1779462000,ESM2026,1800,1786963573
ES,1779462000,1779463800,ESM2026,1800,1786963583
ES,1779463800,1779465600,ESM2026,1800,1786963593
ES,1779465600,1779467400,ESM2026,1800,1786963603
ES,1779467400,1779469200,ESM2026,1800,1786963613
ES,1779469200,1779471000,ESM2026,1800,1786963623
ES,1779471000,1779472800,ESM2026,1800,1786963633
ES,1779472800,1779474600,ESM2026,1800,1786963643
ES,1779474600,1779476400,ESM2026,1800,1786963653
ES,1779476400,1779478200,ESM2026,1800,1786963663
ES,1779478200,1779480000,ESM2026,1800,1786963673
ES,1779480000,1779481800,ESM2026,1800,1786963683
ES,1779481800,1779483600,ESM2026,1800,1786963693
NQ,1779660000,1779661800,NQM2026,1800,1786963703
NQ,1779661800,1779663600,NQM2026,1800,1786963713
NQ,1779663600,1779665400,NQM2026,1800,1786963723
NQ,1779665400,1779667200,NQM2026,1800,1786963733
NQ,1779667200,1779669000,NQM2026,1800,1786963743
NQ,1779669000,1779670800,NQM2026,1800,1786963753
NQ,1779670800,1779672600,NQM2026,1800,1786963763
NQ,1779672600,1779674400,NQM2026,1800,1786963773
NQ,1779674400,1779676200,NQM2026,1800,1786963783
NQ,1779676200,1779678000,NQM2026,1800,1786963793
NQ,1779678000,1779679800,NQM2026,1800,1786963803
NQ,1779679800,1779681600,NQM2026,1800,1786963813
NQ,1779681600,1779683400,NQM2026,1800,1786963823
NQ,1779683400,1779685200,NQM2026,1800,1786963833
NQ,1779685200,1779687000,NQM2026,1800,1786963843
NQ,1779687000,1779688800,NQM2026,1800,1786963853
NQ,1779688800,1779690600,NQM2026,1800,1786963863
NQ,1779690600,1779692400,NQM2026,1800,1786963873
NQ,1779692400,1779694200,NQM2026,1800,1786963883
NQ,1779694200,1779696000,NQM2026,1800,1786963893
NQ,1779696000,1779697800,NQM2026,1800,1786963903
NQ,1779697800,1779699600,NQM2026,1800,1786963913
NQ,1779699600,1779701400,NQM2026,1800,1786963923
NQ,1779701400,1779703200,NQM2026,1800,1786963933
NQ,1779703200,1779705000,NQM2026,1800,1786963943
NQ,1779705000,1779706800,NQM2026,1800,1786963953
NQ,1779706800,1779708600,NQM2026,1800,1786963963
NQ,1779708600,1779710400,NQM2026,1800,1786963973
NQ,1779710400,1779712200,NQM2026,1800,1786963983
NQ,1779712200,1779714000,NQM2026,1800,1786963993
NQ,1779714000,1779715800,NQM2026,1800,1786964003
NQ,1779715800,1779717600,NQM2026,1800,1786964013
NQ,1779717600,1779719400,NQM2026,1800,1786964023
NQ,1779719400,1779721200,NQM2026,1800,1786964033
NQ,1779721200,1779723000,NQM2026,1800,1786964043
NQ,1779723000,1779724800,NQM2026,1800,1786964053
NQ,1779724800,1779726600,NQM2026,1800,1786964064
NQ,1779726600,1779728400,NQM2026,1800,1786964074
NQ,1779728400,1779730200,NQM2026,1800,1786964083
NQ,1779730200,1779732000,NQM2026,1800,1786964093
NQ,1779732000,1779733800,NQM2026,1800,1786964103
NQ,1779733800,1779735600,NQM2026,1800,1786964113
NQ,1779735600,1779737400,NQM2026,1800,1786964123
NQ,1779737400,1779739200,NQM2026,1800,1786964133
NQ,1779739200,1779741000,NQM2026,1800,1786964143
NQ,1779741000,1779742800,NQM2026,1800,1786964153
ES,1779660000,1779661800,ESM2026,1800,1786964163
ES,1779661800,1779663600,ESM2026,1800,1786964173
ES,1779663600,1779665400,ESM2026,1800,1786964183
ES,1779665400,1779667200,ESM2026,1800,1786964193
ES,1779667200,1779669000,ESM2026,1800,1786964203
ES,1779669000,1779670800,ESM2026,1800,1786964213
ES,1779670800,1779672600,ESM2026,1800,1786964223
ES,1779672600,1779674400,ESM2026,1800,1786964233
ES,1779674400,1779676200,ESM2026,1800,1786964245
ES,1779676200,1779678000,ESM2026,1800,1786964254
ES,1779678000,1779679800,ESM2026,1800,1786964264
ES,1779679800,1779681600,ESM2026,1800,1786964273
ES,1779681600,1779683400,ESM2026,1800,1786964283
ES,1779683400,1779685200,ESM2026,1800,1786964293
ES,1779685200,1779687000,ESM2026,1800,1786964303
ES,1779687000,1779688800,ESM2026,1800,1786964313
ES,1779688800,1779690600,ESM2026,1800,1786964323
ES,1779690600,1779692400,ESM2026,1800,1786964333
ES,1779692400,1779694200,ESM2026,1800,1786964343
ES,1779694200,1779696000,ESM2026,1800,1786964353
ES,1779696000,1779697800,ESM2026,1800,1786964363
ES,1779697800,1779699600,ESM2026,1800,1786964373
ES,1779699600,1779701400,ESM2026,1800,1786964383
ES,1779701400,1779703200,ESM2026,1800,1786964393
ES,1779703200,1779705000,ESM2026,1800,1786964403
ES,1779705000,1779706800,ESM2026,1800,1786964413
ES,1779706800,1779708600,ESM2026,1800,1786964423
ES,1779708600,1779710400,ESM2026,1800,1786964433
ES,1779710400,1779712200,ESM2026,1800,1786964443
ES,1779712200,1779714000,ESM2026,1800,1786964453
ES,1779714000,1779715800,ESM2026,1800,1786964463
ES,1779715800,1779717600,ESM2026,1800,1786964473
ES,1779717600,1779719400,ESM2026,1800,1786964483
ES,1779719400,1779721200,ESM2026,1800,1786964493
ES,1779721200,1779723000,ESM2026,1800,1786964503
ES,1779723000,1779724800,ESM2026,1800,1786964513
ES,1779724800,1779726600,ESM2026,1800,1786964523
ES,1779726600,1779728400,ESM2026,1800,1786964533
ES,1779728400,1779730200,ESM2026,1800,1786964543
ES,1779730200,1779732000,ESM2026,1800,1786964553
ES,1779732000,1779733800,ESM2026,1800,1786964563
ES,1779733800,1779735600,ESM2026,1800,1786964573
ES,1779735600,1779737400,ESM2026,1800,1786964583
ES,1779737400,1779739200,ESM2026,1800,1786964593
ES,1779739200,1779741000,ESM2026,1800,1786964603
ES,1779741000,1779742800,ESM2026,1800,1786964613
NQ,1779746400,1779748200,NQM2026,1800,1786964623
NQ,1779748200,1779750000,NQM2026,1800,1786964633
NQ,1779750000,1779751800,NQM2026,1800,1786964643
NQ,1779751800,1779753600,NQM2026,1800,1786964653
NQ,1779753600,1779755400,NQM2026,1800,1786964663
NQ,1779755400,1779757200,NQM2026,1800,1786964673
NQ,1779757200,1779759000,NQM2026,1800,1786964683
NQ,1779759000,1779760800,NQM2026,1800,1786964693
NQ,1779760800,1779762600,NQM2026,1800,1786964703
NQ,1779762600,1779764400,NQM2026,1800,1786964713
NQ,1779764400,1779766200,NQM2026,1800,1786964723
NQ,1779766200,1779768000,NQM2026,1800,1786964733
NQ,1779768000,1779769800,NQM2026,1800,1786964743
NQ,1779769800,1779771600,NQM2026,1800,1786964753
NQ,1779771600,1779773400,NQM2026,1800,1786964763
NQ,1779773400,1779775200,NQM2026,1800,1786964773
NQ,1779775200,1779777000,NQM2026,1800,1786964783
NQ,1779777000,1779778800,NQM2026,1800,1786964793
NQ,1779778800,1779780600,NQM2026,1800,1786964803
NQ,1779780600,1779782400,NQM2026,1800,1786964813
NQ,1779782400,1779784200,NQM2026,1800,1786964823
NQ,1779784200,1779786000,NQM2026,1800,1786964833
NQ,1779786000,1779787800,NQM2026,1800,1786964843
NQ,1779787800,1779789600,NQM2026,1800,1786964853
NQ,1779789600,1779791400,NQM2026,1800,1786964863
NQ,1779791400,1779793200,NQM2026,1800,1786964873
NQ,1779793200,1779795000,NQM2026,1800,1786964883
NQ,1779795000,1779796800,NQM2026,1800,1786964893
NQ,1779796800,1779798600,NQM2026,1800,1786964903
NQ,1779798600,1779800400,NQM2026,1800,1786964913
NQ,1779800400,1779802200,NQM2026,1800,1786964923
NQ,1779802200,1779804000,NQM2026,1800,1786964933
NQ,1779804000,1779805800,NQM2026,1800,1786964943
NQ,1779805800,1779807600,NQM2026,1800,1786964953
NQ,1779807600,1779809400,NQM2026,1800,1786964963
NQ,1779809400,1779811200,NQM2026,1800,1786964973
NQ,1779811200,1779813000,NQM2026,1800,1786964983
NQ,1779813000,1779814800,NQM2026,1800,1786964993
NQ,1779814800,1779816600,NQM2026,1800,1786965003
NQ,1779816600,1779818400,NQM2026,1800,1786965013
NQ,1779818400,1779820200,NQM2026,1800,1786965023
NQ,1779820200,1779822000,NQM2026,1800,1786965033
NQ,1779822000,1779823800,NQM2026,1800,1786965043
NQ,1779823800,1779825600,NQM2026,1800,1786965053
NQ,1779825600,1779827400,NQM2026,1800,1786965063
NQ,1779827400,1779829200,NQM2026,1800,1786965073
ES,1779746400,1779748200,ESM2026,1800,1786965083
ES,1779748200,1779750000,ESM2026,1800,1786965093
ES,1779750000,1779751800,ESM2026,1800,1786965103
ES,1779751800,1779753600,ESM2026,1800,1786965113
ES,1779753600,1779755400,ESM2026,1800,1786965123
ES,1779755400,1779757200,ESM2026,1800,1786965133
ES,1779757200,1779759000,ESM2026,1800,1786965143
ES,1779759000,1779760800,ESM2026,1800,1786965153
ES,1779760800,1779762600,ESM2026,1800,1786965163
ES,1779762600,1779764400,ESM2026,1800,1786965173
ES,1779764400,1779766200,ESM2026,1800,1786965183
ES,1779766200,1779768000,ESM2026,1800,1786965193
ES,1779768000,1779769800,ESM2026,1800,1786965203
ES,1779769800,1779771600,ESM2026,1800,1786965213
ES,1779771600,1779773400,ESM2026,1800,1786965223
ES,1779773400,1779775200,ESM2026,1800,1786965233
ES,1779775200,1779777000,ESM2026,1800,1786965243
ES,1779777000,1779778800,ESM2026,1800,1786965253
ES,1779778800,1779780600,ESM2026,1800,1786965263
ES,1779780600,1779782400,ESM2026,1800,1786965273
ES,1779782400,1779784200,ESM2026,1800,1786965283
ES,1779784200,1779786000,ESM2026,1800,1786965293
ES,1779786000,1779787800,ESM2026,1800,1786965303
ES,1779787800,1779789600,ESM2026,1800,1786965313
ES,1779789600,1779791400,ESM2026,1800,1786965323
ES,1779791400,1779793200,ESM2026,1800,1786965333
ES,1779793200,1779795000,ESM2026,1800,1786965343
ES,1779795000,1779796800,ESM2026,1800,1786965353
ES,1779796800,1779798600,ESM2026,1800,1786965363
ES,1779798600,1779800400,ESM2026,1800,1786965373
ES,1779800400,1779802200,ESM2026,1800,1786965383
ES,1779802200,1779804000,ESM2026,1800,1786965393
ES,1779804000,1779805800,ESM2026,1800,1786965404
ES,1779805800,1779807600,ESM2026,1800,1786965413
ES,1779807600,1779809400,ESM2026,1800,1786965423
ES,1779809400,1779811200,ESM2026,1800,1786965433
ES,1779811200,1779813000,ESM2026,1800,1786965443
ES,1779813000,1779814800,ESM2026,1800,1786965453
ES,1779814800,1779816600,ESM2026,1800,1786965463
ES,1779816600,1779818400,ESM2026,1800,1786965473
ES,1779818400,1779820200,ESM2026,1800,1786965483
ES,1779820200,1779822000,ESM2026,1800,1786965493
ES,1779822000,1779823800,ESM2026,1800,1786965503
ES,1779823800,1779825600,ESM2026,1800,1786965513
ES,1779825600,1779827400,ESM2026,1800,1786965523
ES,1779827400,1779829200,ESM2026,1800,1786965533
NQ,1779832800,1779834600,NQM2026,1800,1786965543
NQ,1779834600,1779836400,NQM2026,1800,1786965553
NQ,1779836400,1779838200,NQM2026,1800,1786965563
NQ,1779838200,1779840000,NQM2026,1800,1786965573
NQ,1779840000,1779841800,NQM2026,1800,1786965583
NQ,1779841800,1779843600,NQM2026,1800,1786965593
NQ,1779843600,1779845400,NQM2026,1800,1786965603
NQ,1779845400,1779847200,NQM2026,1800,1786965613
NQ,1779847200,1779849000,NQM2026,1800,1786965623
NQ,1779849000,1779850800,NQM2026,1800,1786965633
NQ,1779850800,1779852600,NQM2026,1800,1786965643
NQ,1779852600,1779854400,NQM2026,1800,1786965653
NQ,1779854400,1779856200,NQM2026,1800,1786965663
NQ,1779856200,1779858000,NQM2026,1800,1786965673
NQ,1779858000,1779859800,NQM2026,1800,1786965683
NQ,1779859800,1779861600,NQM2026,1800,1786965693
NQ,1779861600,1779863400,NQM2026,1800,1786965703
NQ,1779863400,1779865200,NQM2026,1800,1786965713
NQ,1779865200,1779867000,NQM2026,1800,1786965723
NQ,1779867000,1779868800,NQM2026,1800,1786965733
NQ,1779868800,1779870600,NQM2026,1800,1786965743
NQ,1779870600,1779872400,NQM2026,1800,1786965753
NQ,1779872400,1779874200,NQM2026,1800,1786965763
NQ,1779874200,1779876000,NQM2026,1800,1786965773
NQ,1779876000,1779877800,NQM2026,1800,1786965783
NQ,1779877800,1779879600,NQM2026,1800,1786965793
NQ,1779879600,1779881400,NQM2026,1800,1786965803
NQ,1779881400,1779883200,NQM2026,1800,1786965813
NQ,1779883200,1779885000,NQM2026,1800,1786965823
NQ,1779885000,1779886800,NQM2026,1800,1786965834
NQ,1779886800,1779888600,NQM2026,1800,1786965843
NQ,1779888600,1779890400,NQM2026,1800,1786965854
NQ,1779890400,1779892200,NQM2026,1800,1786965864
NQ,1779892200,1779894000,NQM2026,1800,1786965874
NQ,1779894000,1779895800,NQM2026,1800,1786965884
NQ,1779895800,1779897600,NQM2026,1800,1786965894
NQ,1779897600,1779899400,NQM2026,1800,1786965904
NQ,1779899400,1779901200,NQM2026,1800,1786965914
NQ,1779901200,1779903000,NQM2026,1800,1786965924
NQ,1779903000,1779904800,NQM2026,1800,1786965934
NQ,1779904800,1779906600,NQM2026,1800,1786965944
NQ,1779906600,1779908400,NQM2026,1800,1786965954
NQ,1779908400,1779910200,NQM2026,1800,1786965963
NQ,1779910200,1779912000,NQM2026,1800,1786965974
NQ,1779912000,1779913800,NQM2026,1800,1786965983
NQ,1779913800,1779915600,NQM2026,1800,1786965993
ES,1779832800,1779834600,ESM2026,1800,1786966003
ES,1779834600,1779836400,ESM2026,1800,1786966013
ES,1779836400,1779838200,ESM2026,1800,1786966023
ES,1779838200,1779840000,ESM2026,1800,1786966033
ES,1779840000,1779841800,ESM2026,1800,1786966043
ES,1779841800,1779843600,ESM2026,1800,1786966053
ES,1779843600,1779845400,ESM2026,1800,1786966063
ES,1779845400,1779847200,ESM2026,1800,1786966073
ES,1779847200,1779849000,ESM2026,1800,1786966084
ES,1779849000,1779850800,ESM2026,1800,1786966093
ES,1779850800,1779852600,ESM2026,1800,1786966103
ES,1779852600,1779854400,ESM2026,1800,1786966113
ES,1779854400,1779856200,ESM2026,1800,1786966123
ES,1779856200,1779858000,ESM2026,1800,1786966133
ES,1779858000,1779859800,ESM2026,1800,1786966143
ES,1779859800,1779861600,ESM2026,1800,1786966153
ES,1779861600,1779863400,ESM2026,1800,1786966164
ES,1779863400,1779865200,ESM2026,1800,1786966173
ES,1779865200,1779867000,ESM2026,1800,1786966183
ES,1779867000,1779868800,ESM2026,1800,1786966193
ES,1779868800,1779870600,ESM2026,1800,1786966203
ES,1779870600,1779872400,ESM2026,1800,1786966213
ES,1779872400,1779874200,ESM2026,1800,1786966223
ES,1779874200,1779876000,ESM2026,1800,1786966233
ES,1779876000,1779877800,ESM2026,1800,1786966243
ES,1779877800,1779879600,ESM2026,1800,1786966253
ES,1779879600,1779881400,ESM2026,1800,1786966263
ES,1779881400,1779883200,ESM2026,1800,1786966273
ES,1779883200,1779885000,ESM2026,1800,1786966284
ES,1779885000,1779886800,ESM2026,1800,1786966293
ES,1779886800,1779888600,ESM2026,1800,1786966304
ES,1779888600,1779890400,ESM2026,1800,1786966314
ES,1779890400,1779892200,ESM2026,1800,1786966324
ES,1779892200,1779894000,ESM2026,1800,1786966334
ES,1779894000,1779895800,ESM2026,1800,1786966344
ES,1779895800,1779897600,ESM2026,1800,1786966354
ES,1779897600,1779899400,ESM2026,1800,1786966364
ES,1779899400,1779901200,ESM2026,1800,1786966374
ES,1779901200,1779903000,ESM2026,1800,1786966384
ES,1779903000,1779904800,ESM2026,1800,1786966394
ES,1779904800,1779906600,ESM2026,1800,1786966403
ES,1779906600,1779908400,ESM2026,1800,1786966413
ES,1779908400,1779910200,ESM2026,1800,1786966423
ES,1779910200,1779912000,ESM2026,1800,1786966433
ES,1779912000,1779913800,ESM2026,1800,1786966443
ES,1779913800,1779915600,ESM2026,1800,1786966453
NQ,1779919200,1779921000,NQM2026,1800,1786966463
NQ,1779921000,1779922800,NQM2026,1800,1786966473
NQ,1779922800,1779924600,NQM2026,1800,1786966483
NQ,1779924600,1779926400,NQM2026,1800,1786966493
NQ,1779926400,1779928200,NQM2026,1800,1786966503
NQ,1779928200,1779930000,NQM2026,1800,1786966513
NQ,1779930000,1779931800,NQM2026,1800,1786966523
NQ,1779931800,1779933600,NQM2026,1800,1786966533
NQ,1779933600,1779935400,NQM2026,1800,1786966543
NQ,1779935400,1779937200,NQM2026,1800,1786966553
NQ,1779937200,1779939000,NQM2026,1800,1786966563
NQ,1779939000,1779940800,NQM2026,1800,1786966574
NQ,1779940800,1779942600,NQM2026,1800,1786966583
NQ,1779942600,1779944400,NQM2026,1800,1786966593
NQ,1779944400,1779946200,NQM2026,1800,1786966603
NQ,1779946200,1779948000,NQM2026,1800,1786966613
NQ,1779948000,1779949800,NQM2026,1800,1786966624
NQ,1779949800,1779951600,NQM2026,1800,1786966633
NQ,1779951600,1779953400,NQM2026,1800,1786966643
NQ,1779953400,1779955200,NQM2026,1800,1786966653
NQ,1779955200,1779957000,NQM2026,1800,1786966663
NQ,1779957000,1779958800,NQM2026,1800,1786966674
NQ,1779958800,1779960600,NQM2026,1800,1786966683
NQ,1779960600,1779962400,NQM2026,1800,1786966693
NQ,1779962400,1779964200,NQM2026,1800,1786966703
NQ,1779964200,1779966000,NQM2026,1800,1786966713
NQ,1779966000,1779967800,NQM2026,1800,1786966724
NQ,1779967800,1779969600,NQM2026,1800,1786966733
NQ,1779969600,1779971400,NQM2026,1800,1786966744
NQ,1779971400,1779973200,NQM2026,1800,1786966754
NQ,1779973200,1779975000,NQM2026,1800,1786966764
NQ,1779975000,1779976800,NQM2026,1800,1786966774
NQ,1779976800,1779978600,NQM2026,1800,1786966784
NQ,1779978600,1779980400,NQM2026,1800,1786966794
NQ,1779980400,1779982200,NQM2026,1800,1786966804
NQ,1779982200,1779984000,NQM2026,1800,1786966814
NQ,1779984000,1779985800,NQM2026,1800,1786966824
NQ,1779985800,1779987600,NQM2026,1800,1786966834
NQ,1779987600,1779989400,NQM2026,1800,1786966844
NQ,1779989400,1779991200,NQM2026,1800,1786966854
NQ,1779991200,1779993000,NQM2026,1800,1786966864
NQ,1779993000,1779994800,NQM2026,1800,1786966874
NQ,1779994800,1779996600,NQM2026,1800,1786966884
NQ,1779996600,1779998400,NQM2026,1800,1786966894
NQ,1779998400,1780000200,NQM2026,1800,1786966904
NQ,1780000200,1780002000,NQM2026,1800,1786966914
ES,1779919200,1779921000,ESM2026,1800,1786966924
ES,1779921000,1779922800,ESM2026,1800,1786966934
ES,1779922800,1779924600,ESM2026,1800,1786966944
ES,1779924600,1779926400,ESM2026,1800,1786966954
ES,1779926400,1779928200,ESM2026,1800,1786966964
ES,1779928200,1779930000,ESM2026,1800,1786966974
ES,1779930000,1779931800,ESM2026,1800,1786966984
ES,1779931800,1779933600,ESM2026,1800,1786966994
ES,1779933600,1779935400,ESM2026,1800,1786967004
ES,1779935400,1779937200,ESM2026,1800,1786967014
ES,1779937200,1779939000,ESM2026,1800,1786967024
ES,1779939000,1779940800,ESM2026,1800,1786967034
ES,1779940800,1779942600,ESM2026,1800,1786967044
ES,1779942600,1779944400,ESM2026,1800,1786967054
ES,1779944400,1779946200,ESM2026,1800,1786967064
ES,1779946200,1779948000,ESM2026,1800,1786967074
ES,1779948000,1779949800,ESM2026,1800,1786967084
ES,1779949800,1779951600,ESM2026,1800,1786967094
ES,1779951600,1779953400,ESM2026,1800,1786967104
ES,1779953400,1779955200,ESM2026,1800,1786967115
ES,1779955200,1779957000,ESM2026,1800,1786967124
ES,1779957000,1779958800,ESM2026,1800,1786967134
ES,1779958800,1779960600,ESM2026,1800,1786967144
ES,1779960600,1779962400,ESM2026,1800,1786967154
ES,1779962400,1779964200,ESM2026,1800,1786967164
ES,1779964200,1779966000,ESM2026,1800,1786967174
ES,1779966000,1779967800,ESM2026,1800,1786967184
ES,1779967800,1779969600,ESM2026,1800,1786967194
ES,1779969600,1779971400,ESM2026,1800,1786967204
ES,1779971400,1779973200,ESM2026,1800,1786967214
ES,1779973200,1779975000,ESM2026,1800,1786967224
ES,1779975000,1779976800,ESM2026,1800,1786967234
ES,1779976800,1779978600,ESM2026,1800,1786967244
ES,1779978600,1779980400,ESM2026,1800,1786967254
ES,1779980400,1779982200,ESM2026,1800,1786967264
ES,1779982200,1779984000,ESM2026,1800,1786967274
ES,1779984000,1779985800,ESM2026,1800,1786967284
ES,1779985800,1779987600,ESM2026,1800,1786967294
ES,1779987600,1779989400,ESM2026,1800,1786967304
ES,1779989400,1779991200,ESM2026,1800,1786967314
ES,1779991200,1779993000,ESM2026,1800,1786967324
ES,1779993000,1779994800,ESM2026,1800,1786967334
ES,1779994800,1779996600,ESM2026,1800,1786967344
ES,1779996600,1779998400,ESM2026,1800,1786967354
ES,1779998400,1780000200,ESM2026,1800,1786967364
ES,1780000200,1780002000,ESM2026,1800,1786967374
NQ,1780005600,1780007400,NQM2026,1800,1786967384
NQ,1780007400,1780009200,NQM2026,1800,1786967394
NQ,1780009200,1780011000,NQM2026,1800,1786967404
NQ,1780011000,1780012800,NQM2026,1800,1786967414
NQ,1780012800,1780014600,NQM2026,1800,1786967424
NQ,1780014600,1780016400,NQM2026,1800,1786967434
NQ,1780016400,1780018200,NQM2026,1800,1786967444
NQ,1780018200,1780020000,NQM2026,1800,1786967454
NQ,1780020000,1780021800,NQM2026,1800,1786967464
NQ,1780021800,1780023600,NQM2026,1800,1786967474
NQ,1780023600,1780025400,NQM2026,1800,1786967484
NQ,1780025400,1780027200,NQM2026,1800,1786967494
NQ,1780027200,1780029000,NQM2026,1800,1786967504
NQ,1780029000,1780030800,NQM2026,1800,1786967514
NQ,1780030800,1780032600,NQM2026,1800,1786967524
NQ,1780032600,1780034400,NQM2026,1800,1786967534
NQ,1780034400,1780036200,NQM2026,1800,1786967544
NQ,1780036200,1780038000,NQM2026,1800,1786967554
NQ,1780038000,1780039800,NQM2026,1800,1786967565
NQ,1780039800,1780041600,NQM2026,1800,1786967576
NQ,1780041600,1780043400,NQM2026,1800,1786967588
NQ,1780043400,1780045200,NQM2026,1800,1786967596
NQ,1780045200,1780047000,NQM2026,1800,1786967606
NQ,1780047000,1780048800,NQM2026,1800,1786967614
NQ,1780048800,1780050600,NQM2026,1800,1786967624
NQ,1780050600,1780052400,NQM2026,1800,1786967634
NQ,1780052400,1780054200,NQM2026,1800,1786967644
NQ,1780054200,1780056000,NQM2026,1800,1786967654
NQ,1780056000,1780057800,NQM2026,1800,1786967664
NQ,1780057800,1780059600,NQM2026,1800,1786967674
NQ,1780059600,1780061400,NQM2026,1800,1786967684
NQ,1780061400,1780063200,NQM2026,1800,1786967694
NQ,1780063200,1780065000,NQM2026,1800,1786967706
NQ,1780065000,1780066800,NQM2026,1800,1786967714
NQ,1780066800,1780068600,NQM2026,1800,1786967725
NQ,1780068600,1780070400,NQM2026,1800,1786967734
NQ,1780070400,1780072200,NQM2026,1800,1786967745
NQ,1780072200,1780074000,NQM2026,1800,1786967754
NQ,1780074000,1780075800,NQM2026,1800,1786967764
NQ,1780075800,1780077600,NQM2026,1800,1786967774
NQ,1780077600,1780079400,NQM2026,1800,1786967784
NQ,1780079400,1780081200,NQM2026,1800,1786967794
NQ,1780081200,1780083000,NQM2026,1800,1786967804
NQ,1780083000,1780084800,NQM2026,1800,1786967814
NQ,1780084800,1780086600,NQM2026,1800,1786967824
NQ,1780086600,1780088400,NQM2026,1800,1786967834
ES,1780005600,1780007400,ESM2026,1800,1786967844
ES,1780007400,1780009200,ESM2026,1800,1786967854
ES,1780009200,1780011000,ESM2026,1800,1786967864
ES,1780011000,1780012800,ESM2026,1800,1786967874
ES,1780012800,1780014600,ESM2026,1800,1786967884
ES,1780014600,1780016400,ESM2026,1800,1786967894
ES,1780016400,1780018200,ESM2026,1800,1786967904
ES,1780018200,1780020000,ESM2026,1800,1786967914
ES,1780020000,1780021800,ESM2026,1800,1786967924
ES,1780021800,1780023600,ESM2026,1800,1786967934
ES,1780023600,1780025400,ESM2026,1800,1786967944
ES,1780025400,1780027200,ESM2026,1800,1786967954
ES,1780027200,1780029000,ESM2026,1800,1786967964
ES,1780029000,1780030800,ESM2026,1800,1786967974
ES,1780030800,1780032600,ESM2026,1800,1786967984
ES,1780032600,1780034400,ESM2026,1800,1786967994
ES,1780034400,1780036200,ESM2026,1800,1786968004
ES,1780036200,1780038000,ESM2026,1800,1786968014
ES,1780038000,1780039800,ESM2026,1800,1786968024
ES,1780039800,1780041600,ESM2026,1800,1786968035
ES,1780041600,1780043400,ESM2026,1800,1786968044
ES,1780043400,1780045200,ESM2026,1800,1786968054
ES,1780045200,1780047000,ESM2026,1800,1786968064
ES,1780047000,1780048800,ESM2026,1800,1786968074
ES,1780048800,1780050600,ESM2026,1800,1786968084
ES,1780050600,1780052400,ESM2026,1800,1786968094
ES,1780052400,1780054200,ESM2026,1800,1786968104
ES,1780054200,1780056000,ESM2026,1800,1786968114
ES,1780056000,1780057800,ESM2026,1800,1786968124
ES,1780057800,1780059600,ESM2026,1800,1786968134
ES,1780059600,1780061400,ESM2026,1800,1786968144
ES,1780061400,1780063200,ESM2026,1800,1786968154
ES,1780063200,1780065000,ESM2026,1800,1786968164
ES,1780065000,1780066800,ESM2026,1800,1786968174
ES,1780066800,1780068600,ESM2026,1800,1786968184
ES,1780068600,1780070400,ESM2026,1800,1786968194
ES,1780070400,1780072200,ESM2026,1800,1786968204
ES,1780072200,1780074000,ESM2026,1800,1786968214
ES,1780074000,1780075800,ESM2026,1800,1786968224
ES,1780075800,1780077600,ESM2026,1800,1786968234
ES,1780077600,1780079400,ESM2026,1800,1786968244
ES,1780079400,1780081200,ESM2026,1800,1786968254
ES,1780081200,1780083000,ESM2026,1800,1786968264
ES,1780083000,1780084800,ESM2026,1800,1786968274
ES,1780084800,1780086600,ESM2026,1800,1786968284
ES,1780086600,1780088400,ESM2026,1800,1786968294
NQ,1780264800,1780266600,NQM2026,1800,1786968304
NQ,1780266600,1780268400,NQM2026,1800,1786968314
NQ,1780268400,1780270200,NQM2026,1800,1786968324
NQ,1780270200,1780272000,NQM2026,1800,1786968349
NQ,1780272000,1780273800,NQM2026,1800,1786968359
NQ,1780273800,1780275600,NQM2026,1800,1786968369
NQ,1780275600,1780277400,NQM2026,1800,1786968379
NQ,1780277400,1780279200,NQM2026,1800,1786968389
NQ,1780279200,1780281000,NQM2026,1800,1786968399
NQ,1780281000,1780282800,NQM2026,1800,1786968409
NQ,1780282800,1780284600,NQM2026,1800,1786968419
NQ,1780284600,1780286400,NQM2026,1800,1786968429
NQ,1780286400,1780288200,NQM2026,1800,1786968439
NQ,1780288200,1780290000,NQM2026,1800,1786968449
NQ,1780290000,1780291800,NQM2026,1800,1786968459
NQ,1780291800,1780293600,NQM2026,1800,1786968469
NQ,1780293600,1780295400,NQM2026,1800,1786968479
NQ,1780295400,1780297200,NQM2026,1800,1786968489
NQ,1780297200,1780299000,NQM2026,1800,1786968499
NQ,1780299000,1780300800,NQM2026,1800,1786968509
NQ,1780300800,1780302600,NQM2026,1800,1786968519
NQ,1780302600,1780304400,NQM2026,1800,1786968529
NQ,1780304400,1780306200,NQM2026,1800,1786968539
NQ,1780306200,1780308000,NQM2026,1800,1786968549
NQ,1780308000,1780309800,NQM2026,1800,1786968559
NQ,1780309800,1780311600,NQM2026,1800,1786968569
NQ,1780311600,1780313400,NQM2026,1800,1786968579
NQ,1780313400,1780315200,NQM2026,1800,1786968589
NQ,1780315200,1780317000,NQM2026,1800,1786968599
NQ,1780317000,1780318800,NQM2026,1800,1786968609
NQ,1780318800,1780320600,NQM2026,1800,1786968619
NQ,1780320600,1780322400,NQM2026,1800,1786968630
NQ,1780322400,1780324200,NQM2026,1800,1786968640
NQ,1780324200,1780326000,NQM2026,1800,1786968649
NQ,1780326000,1780327800,NQM2026,1800,1786968659
NQ,1780327800,1780329600,NQM2026,1800,1786968669
NQ,1780329600,1780331400,NQM2026,1800,1786968679
NQ,1780331400,1780333200,NQM2026,1800,1786968689
NQ,1780333200,1780335000,NQM2026,1800,1786968699
NQ,1780335000,1780336800,NQM2026,1800,1786968709
NQ,1780336800,1780338600,NQM2026,1800,1786968719
NQ,1780338600,1780340400,NQM2026,1800,1786968729
NQ,1780340400,1780342200,NQM2026,1800,1786968739
NQ,1780342200,1780344000,NQM2026,1800,1786968749
NQ,1780344000,1780345800,NQM2026,1800,1786968759
NQ,1780345800,1780347600,NQM2026,1800,1786968769
ES,1780264800,1780266600,ESM2026,1800,1786968779
ES,1780266600,1780268400,ESM2026,1800,1786968789
ES,1780268400,1780270200,ESM2026,1800,1786968799
ES,1780270200,1780272000,ESM2026,1800,1786968809
ES,1780272000,1780273800,ESM2026,1800,1786968819
ES,1780273800,1780275600,ESM2026,1800,1786968829
ES,1780275600,1780277400,ESM2026,1800,1786968839
ES,1780277400,1780279200,ESM2026,1800,1786968849
ES,1780279200,1780281000,ESM2026,1800,1786968859
ES,1780281000,1780282800,ESM2026,1800,1786968869
ES,1780282800,1780284600,ESM2026,1800,1786968880
ES,1780284600,1780286400,ESM2026,1800,1786968889
ES,1780286400,1780288200,ESM2026,1800,1786968899
ES,1780288200,1780290000,ESM2026,1800,1786968909
ES,1780290000,1780291800,ESM2026,1800,1786968919
ES,1780291800,1780293600,ESM2026,1800,1786968929
ES,1780293600,1780295400,ESM2026,1800,1786968939
ES,1780295400,1780297200,ESM2026,1800,1786968949
ES,1780297200,1780299000,ESM2026,1800,1786968959
ES,1780299000,1780300800,ESM2026,1800,1786968969
ES,1780300800,1780302600,ESM2026,1800,1786968979
ES,1780302600,1780304400,ESM2026,1800,1786968989
ES,1780304400,1780306200,ESM2026,1800,1786968999
ES,1780306200,1780308000,ESM2026,1800,1786969009
ES,1780308000,1780309800,ESM2026,1800,1786969019
ES,1780309800,1780311600,ESM2026,1800,1786969029
ES,1780311600,1780313400,ESM2026,1800,1786969039
ES,1780313400,1780315200,ESM2026,1800,1786969049
ES,1780315200,1780317000,ESM2026,1800,1786969059
ES,1780317000,1780318800,ESM2026,1800,1786969069
ES,1780318800,1780320600,ESM2026,1800,1786969079
ES,1780320600,1780322400,ESM2026,1800,1786969089
ES,1780322400,1780324200,ESM2026,1800,1786969099
ES,1780324200,1780326000,ESM2026,1800,1786969109
ES,1780326000,1780327800,ESM2026,1800,1786969119
ES,1780327800,1780329600,ESM2026,1800,1786969129
ES,1780329600,1780331400,ESM2026,1800,1786969139
ES,1780331400,1780333200,ESM2026,1800,1786969149
ES,1780333200,1780335000,ESM2026,1800,1786969159
ES,1780335000,1780336800,ESM2026,1800,1786969169
ES,1780336800,1780338600,ESM2026,1800,1786969179
ES,1780338600,1780340400,ESM2026,1800,1786969189
ES,1780340400,1780342200,ESM2026,1800,1786969199
ES,1780342200,1780344000,ESM2026,1800,1786969209
ES,1780344000,1780345800,ESM2026,1800,1786969219
ES,1780345800,1780347600,ESM2026,1800,1786969229
NQ,1780351200,1780353000,NQM2026,1800,1786969239
NQ,1780353000,1780354800,NQM2026,1800,1786969249
NQ,1780354800,1780356600,NQM2026,1800,1786969259
NQ,1780356600,1780358400,NQM2026,1800,1786969269
NQ,1780358400,1780360200,NQM2026,1800,1786969279
NQ,1780360200,1780362000,NQM2026,1800,1786969289
NQ,1780362000,1780363800,NQM2026,1800,1786969300
NQ,1780363800,1780365600,NQM2026,1800,1786969309
NQ,1780365600,1780367400,NQM2026,1800,1786969319
NQ,1780367400,1780369200,NQM2026,1800,1786969329
NQ,1780369200,1780371000,NQM2026,1800,1786969339
NQ,1780371000,1780372800,NQM2026,1800,1786969349
NQ,1780372800,1780374600,NQM2026,1800,1786969359
NQ,1780374600,1780376400,NQM2026,1800,1786969369
NQ,1780376400,1780378200,NQM2026,1800,1786969379
NQ,1780378200,1780380000,NQM2026,1800,1786969389
NQ,1780380000,1780381800,NQM2026,1800,1786969399
NQ,1780381800,1780383600,NQM2026,1800,1786969409
NQ,1780383600,1780385400,NQM2026,1800,1786969419
NQ,1780385400,1780387200,NQM2026,1800,1786969429
NQ,1780387200,1780389000,NQM2026,1800,1786969439
NQ,1780389000,1780390800,NQM2026,1800,1786969449
NQ,1780390800,1780392600,NQM2026,1800,1786969459
NQ,1780392600,1780394400,NQM2026,1800,1786969469
NQ,1780394400,1780396200,NQM2026,1800,1786969479
NQ,1780396200,1780398000,NQM2026,1800,1786969489
NQ,1780398000,1780399800,NQM2026,1800,1786969499
NQ,1780399800,1780401600,NQM2026,1800,1786969509
NQ,1780401600,1780403400,NQM2026,1800,1786969519
NQ,1780403400,1780405200,NQM2026,1800,1786969529
NQ,1780405200,1780407000,NQM2026,1800,1786969539
NQ,1780407000,1780408800,NQM2026,1800,1786969549
NQ,1780408800,1780410600,NQM2026,1800,1786969559
NQ,1780410600,1780412400,NQM2026,1800,1786969569
NQ,1780412400,1780414200,NQM2026,1800,1786969579
NQ,1780414200,1780416000,NQM2026,1800,1786969589
NQ,1780416000,1780417800,NQM2026,1800,1786969599
NQ,1780417800,1780419600,NQM2026,1800,1786969609
NQ,1780419600,1780421400,NQM2026,1800,1786969619
NQ,1780421400,1780423200,NQM2026,1800,1786969629
NQ,1780423200,1780425000,NQM2026,1800,1786969639
NQ,1780425000,1780426800,NQM2026,1800,1786969649
NQ,1780426800,1780428600,NQM2026,1800,1786969659
NQ,1780428600,1780430400,NQM2026,1800,1786969669
NQ,1780430400,1780432200,NQM2026,1800,1786969679
NQ,1780432200,1780434000,NQM2026,1800,1786969689
ES,1780351200,1780353000,ESM2026,1800,1786969699
ES,1780353000,1780354800,ESM2026,1800,1786969709
ES,1780354800,1780356600,ESM2026,1800,1786969719
ES,1780356600,1780358400,ESM2026,1800,1786969729
ES,1780358400,1780360200,ESM2026,1800,1786969739
ES,1780360200,1780362000,ESM2026,1800,1786969749
ES,1780362000,1780363800,ESM2026,1800,1786969759
ES,1780363800,1780365600,ESM2026,1800,1786969769
ES,1780365600,1780367400,ESM2026,1800,1786969779
ES,1780367400,1780369200,ESM2026,1800,1786969789
ES,1780369200,1780371000,ESM2026,1800,1786969799
ES,1780371000,1780372800,ESM2026,1800,1786969809
ES,1780372800,1780374600,ESM2026,1800,1786969819
ES,1780374600,1780376400,ESM2026,1800,1786969829
ES,1780376400,1780378200,ESM2026,1800,1786969839
ES,1780378200,1780380000,ESM2026,1800,1786969849
ES,1780380000,1780381800,ESM2026,1800,1786969859
ES,1780381800,1780383600,ESM2026,1800,1786969869
ES,1780383600,1780385400,ESM2026,1800,1786969879
ES,1780385400,1780387200,ESM2026,1800,1786969889
ES,1780387200,1780389000,ESM2026,1800,1786969899
ES,1780389000,1780390800,ESM2026,1800,1786969909
ES,1780390800,1780392600,ESM2026,1800,1786969919
ES,1780392600,1780394400,ESM2026,1800,1786969929
ES,1780394400,1780396200,ESM2026,1800,1786969939
ES,1780396200,1780398000,ESM2026,1800,1786969949
ES,1780398000,1780399800,ESM2026,1800,1786969959
ES,1780399800,1780401600,ESM2026,1800,1786969969
ES,1780401600,1780403400,ESM2026,1800,1786969979
ES,1780403400,1780405200,ESM2026,1800,1786969989
ES,1780405200,1780407000,ESM2026,1800,1786969999
ES,1780407000,1780408800,ESM2026,1800,1786970009
ES,1780408800,1780410600,ESM2026,1800,1786970019
ES,1780410600,1780412400,ESM2026,1800,1786970029
ES,1780412400,1780414200,ESM2026,1800,1786970039
ES,1780414200,1780416000,ESM2026,1800,1786970049
ES,1780416000,1780417800,ESM2026,1800,1786970059
ES,1780417800,1780419600,ESM2026,1800,1786970069
ES,1780419600,1780421400,ESM2026,1800,1786970079
ES,1780421400,1780423200,ESM2026,1800,1786970089
ES,1780423200,1780425000,ESM2026,1800,1786970099
ES,1780425000,1780426800,ESM2026,1800,1786970109
ES,1780426800,1780428600,ESM2026,1800,1786970119
ES,1780428600,1780430400,ESM2026,1800,1786970129
ES,1780430400,1780432200,ESM2026,1800,1786970139
ES,1780432200,1780434000,ESM2026,1800,1786970149
NQ,1780437600,1780439400,NQM2026,1800,1786970159
NQ,1780439400,1780441200,NQM2026,1800,1786970169
NQ,1780441200,1780443000,NQM2026,1800,1786970179
NQ,1780443000,1780444800,NQM2026,1800,1786970189
NQ,1780444800,1780446600,NQM2026,1800,1786970199
NQ,1780446600,1780448400,NQM2026,1800,1786970209
NQ,1780448400,1780450200,NQM2026,1800,1786970219
NQ,1780450200,1780452000,NQM2026,1800,1786970229
NQ,1780452000,1780453800,NQM2026,1800,1786970239
NQ,1780453800,1780455600,NQM2026,1800,1786970249
NQ,1780455600,1780457400,NQM2026,1800,1786970259
NQ,1780457400,1780459200,NQM2026,1800,1786970269
NQ,1780459200,1780461000,NQM2026,1800,1786970279
NQ,1780461000,1780462800,NQM2026,1800,1786970289
NQ,1780462800,1780464600,NQM2026,1800,1786970299
NQ,1780464600,1780466400,NQM2026,1800,1786970309
NQ,1780466400,1780468200,NQM2026,1800,1786970319
NQ,1780468200,1780470000,NQM2026,1800,1786970330
NQ,1780470000,1780471800,NQM2026,1800,1786970339
NQ,1780471800,1780473600,NQM2026,1800,1786970349
NQ,1780473600,1780475400,NQM2026,1800,1786970359
NQ,1780475400,1780477200,NQM2026,1800,1786970369
NQ,1780477200,1780479000,NQM2026,1800,1786970379
NQ,1780479000,1780480800,NQM2026,1800,1786970389
NQ,1780480800,1780482600,NQM2026,1800,1786970404
NQ,1780482600,1780484400,NQM2026,1800,1786970409
NQ,1780484400,1780486200,NQM2026,1800,1786970419
NQ,1780486200,1780488000,NQM2026,1800,1786970432
NQ,1780488000,1780489800,NQM2026,1800,1786970441
NQ,1780489800,1780491600,NQM2026,1800,1786970451
NQ,1780491600,1780493400,NQM2026,1800,1786970459
NQ,1780493400,1780495200,NQM2026,1800,1786970469
NQ,1780495200,1780497000,NQM2026,1800,1786970479
NQ,1780497000,1780498800,NQM2026,1800,1786970489
NQ,1780498800,1780500600,NQM2026,1800,1786970499
NQ,1780500600,1780502400,NQM2026,1800,1786970509
NQ,1780502400,1780504200,NQM2026,1800,1786970519
NQ,1780504200,1780506000,NQM2026,1800,1786970529
NQ,1780506000,1780507800,NQM2026,1800,1786970539
NQ,1780507800,1780509600,NQM2026,1800,1786970549
NQ,1780509600,1780511400,NQM2026,1800,1786970559
NQ,1780511400,1780513200,NQM2026,1800,1786970569
NQ,1780513200,1780515000,NQM2026,1800,1786970579
NQ,1780515000,1780516800,NQM2026,1800,1786970589
NQ,1780516800,1780518600,NQM2026,1800,1786970599
NQ,1780518600,1780520400,NQM2026,1800,1786970609
ES,1780437600,1780439400,ESM2026,1800,1786970619
ES,1780439400,1780441200,ESM2026,1800,1786970629
ES,1780441200,1780443000,ESM2026,1800,1786970639
ES,1780443000,1780444800,ESM2026,1800,1786970649
ES,1780444800,1780446600,ESM2026,1800,1786970659
ES,1780446600,1780448400,ESM2026,1800,1786970669
ES,1780448400,1780450200,ESM2026,1800,1786970679
ES,1780450200,1780452000,ESM2026,1800,1786970689
ES,1780452000,1780453800,ESM2026,1800,1786970699
ES,1780453800,1780455600,ESM2026,1800,1786970709
ES,1780455600,1780457400,ESM2026,1800,1786970719
ES,1780457400,1780459200,ESM2026,1800,1786970730
ES,1780459200,1780461000,ESM2026,1800,1786970739
ES,1780461000,1780462800,ESM2026,1800,1786970749
ES,1780462800,1780464600,ESM2026,1800,1786970760
ES,1780464600,1780466400,ESM2026,1800,1786970769
ES,1780466400,1780468200,ESM2026,1800,1786970779
ES,1780468200,1780470000,ESM2026,1800,1786970789
ES,1780470000,1780471800,ESM2026,1800,1786970799
ES,1780471800,1780473600,ESM2026,1800,1786970809
ES,1780473600,1780475400,ESM2026,1800,1786970819
ES,1780475400,1780477200,ESM2026,1800,1786970829
ES,1780477200,1780479000,ESM2026,1800,1786970839
ES,1780479000,1780480800,ESM2026,1800,1786970849
ES,1780480800,1780482600,ESM2026,1800,1786970859
ES,1780482600,1780484400,ESM2026,1800,1786970869
ES,1780484400,1780486200,ESM2026,1800,1786970879
ES,1780486200,1780488000,ESM2026,1800,1786970889
ES,1780488000,1780489800,ESM2026,1800,1786970899
ES,1780489800,1780491600,ESM2026,1800,1786970909
ES,1780491600,1780493400,ESM2026,1800,1786970919
ES,1780493400,1780495200,ESM2026,1800,1786970929
ES,1780495200,1780497000,ESM2026,1800,1786970939
ES,1780497000,1780498800,ESM2026,1800,1786970949
ES,1780498800,1780500600,ESM2026,1800,1786970959
ES,1780500600,1780502400,ESM2026,1800,1786970969
ES,1780502400,1780504200,ESM2026,1800,1786970979
ES,1780504200,1780506000,ESM2026,1800,1786970989
ES,1780506000,1780507800,ESM2026,1800,1786970999
ES,1780507800,1780509600,ESM2026,1800,1786971009
ES,1780509600,1780511400,ESM2026,1800,1786971019
ES,1780511400,1780513200,ESM2026,1800,1786971029
ES,1780513200,1780515000,ESM2026,1800,1786971039
ES,1780515000,1780516800,ESM2026,1800,1786971049
ES,1780516800,1780518600,ESM2026,1800,1786971059
ES,1780518600,1780520400,ESM2026,1800,1786971069
ES,1779228000,1779229800,ESM2026,1800,1786972331
ES,1779229800,1779231600,ESM2026,1800,1786972339
ES,1779231600,1779233400,ESM2026,1800,1786972349
ES,1779233400,1779235200,ESM2026,1800,1786972359
ES,1779235200,1779237000,ESM2026,1800,1786972369
ES,1779237000,1779238800,ESM2026,1800,1786972379
ES,1779238800,1779240600,ESM2026,1800,1786972389
ES,1779240600,1779242400,ESM2026,1800,1786972399
ES,1779242400,1779244200,ESM2026,1800,1786972409
ES,1779244200,1779246000,ESM2026,1800,1786972419
ES,1779246000,1779247800,ESM2026,1800,1786972429
ES,1779247800,1779249600,ESM2026,1800,1786972439
ES,1779249600,1779251400,ESM2026,1800,1786972449
ES,1779251400,1779253200,ESM2026,1800,1786972459
ES,1779253200,1779255000,ESM2026,1800,1786972469
ES,1779255000,1779256800,ESM2026,1800,1786972479
ES,1779256800,1779258600,ESM2026,1800,1786972489
ES,1779258600,1779260400,ESM2026,1800,1786972499
ES,1779260400,1779262200,ESM2026,1800,1786972509
ES,1779262200,1779264000,ESM2026,1800,1786972519
ES,1779264000,1779265800,ESM2026,1800,1786972529
ES,1779265800,1779267600,ESM2026,1800,1786972539
ES,1779267600,1779269400,ESM2026,1800,1786972549
ES,1779269400,1779271200,ESM2026,1800,1786972559
ES,1779271200,1779273000,ESM2026,1800,1786972569
ES,1779273000,1779274800,ESM2026,1800,1786972579
ES,1779274800,1779276600,ESM2026,1800,1786972589
ES,1779276600,1779278400,ESM2026,1800,1786972599
ES,1779278400,1779280200,ESM2026,1800,1786972609
ES,1779280200,1779282000,ESM2026,1800,1786972619
ES,1779282000,1779283800,ESM2026,1800,1786972629
ES,1779283800,1779285600,ESM2026,1800,1786972639
ES,1779285600,1779287400,ESM2026,1800,1786972649
ES,1779287400,1779289200,ESM2026,1800,1786972659
ES,1779289200,1779291000,ESM2026,1800,1786972669
ES,1779291000,1779292800,ESM2026,1800,1786972679
ES,1779292800,1779294600,ESM2026,1800,1786972689
ES,1779294600,1779296400,ESM2026,1800,1786972699
ES,1779296400,1779298200,ESM2026,1800,1786972709
ES,1779298200,1779300000,ESM2026,1800,1786972719
ES,1779300000,1779301800,ESM2026,1800,1786972729
ES,1779301800,1779303600,ESM2026,1800,1786972739
ES,1779303600,1779305400,ESM2026,1800,1786972749
ES,1779305400,1779307200,ESM2026,1800,1786972759
ES,1779307200,1779309000,ESM2026,1800,1786972769
ES,1779309000,1779310800,ESM2026,1800,1786972779
NQ,1780524000,1780525800,NQM2026,1800,1786972789
NQ,1780525800,1780527600,NQM2026,1800,1786972799
NQ,1780527600,1780529400,NQM2026,1800,1786972809
NQ,1780529400,1780531200,NQM2026,1800,1786972819
NQ,1780531200,1780533000,NQM2026,1800,1786972829
NQ,1780533000,1780534800,NQM2026,1800,1786972839
NQ,1780534800,1780536600,NQM2026,1800,1786973003
NQ,1780536600,1780538400,NQM2026,1800,1786973004
NQ,1780538400,1780540200,NQM2026,1800,1786973014
NQ,1780540200,1780542000,NQM2026,1800,1786973024
NQ,1780542000,1780543800,NQM2026,1800,1786973032
NQ,1780543800,1780545600,NQM2026,1800,1786973042
NQ,1780545600,1780547400,NQM2026,1800,1786973052
NQ,1780547400,1780549200,NQM2026,1800,1786973062
NQ,1780549200,1780551000,NQM2026,1800,1786973072
NQ,1780551000,1780552800,NQM2026,1800,1786973082
NQ,1780552800,1780554600,NQM2026,1800,1786973092
NQ,1780554600,1780556400,NQM2026,1800,1786973102
NQ,1780556400,1780558200,NQM2026,1800,1786973112
NQ,1780558200,1780560000,NQM2026,1800,1786973122
NQ,1780560000,1780561800,NQM2026,1800,1786973132
NQ,1780561800,1780563600,NQM2026,1800,1786973142
NQ,1780563600,1780565400,NQM2026,1800,1786973152
NQ,1780565400,1780567200,NQM2026,1800,1786973162
NQ,1780567200,1780569000,NQM2026,1800,1786973172
NQ,1780569000,1780570800,NQM2026,1800,1786973182
NQ,1780570800,1780572600,NQM2026,1800,1786973192
NQ,1780572600,1780574400,NQM2026,1800,1786973202
NQ,1780574400,1780576200,NQM2026,1800,1786973212
NQ,1780576200,1780578000,NQM2026,1800,1786973222
NQ,1780578000,1780579800,NQM2026,1800,1786973232
NQ,1780579800,1780581600,NQM2026,1800,1786973242
NQ,1780581600,1780583400,NQM2026,1800,1786973252
NQ,1780583400,1780585200,NQM2026,1800,1786973262
NQ,1780585200,1780587000,NQM2026,1800,1786973272
NQ,1780587000,1780588800,NQM2026,1800,1786973282
NQ,1780588800,1780590600,NQM2026,1800,1786973292
NQ,1780590600,1780592400,NQM2026,1800,1786973302
NQ,1780592400,1780594200,NQM2026,1800,1786973312
NQ,1780594200,1780596000,NQM2026,1800,1786973322
NQ,1780596000,1780597800,NQM2026,1800,1786973332
NQ,1780597800,1780599600,NQM2026,1800,1786973342
NQ,1780599600,1780601400,NQM2026,1800,1786973352
NQ,1780601400,1780603200,NQM2026,1800,1786973362
NQ,1780603200,1780605000,NQM2026,1800,1786973372
NQ,1780605000,1780606800,NQM2026,1800,1786973382
ES,1780524000,1780525800,ESM2026,1800,1786973392
ES,1780525800,1780527600,ESM2026,1800,1786973403
ES,1780527600,1780529400,ESM2026,1800,1786973412
ES,1780529400,1780531200,ESM2026,1800,1786973422
ES,1780531200,1780533000,ESM2026,1800,1786973432
ES,1780533000,1780534800,ESM2026,1800,1786973442
ES,1780534800,1780536600,ESM2026,1800,1786973452
ES,1780536600,1780538400,ESM2026,1800,1786973462
ES,1780538400,1780540200,ESM2026,1800,1786973472
ES,1780540200,1780542000,ESM2026,1800,1786973482
ES,1780542000,1780543800,ESM2026,1800,1786973492
ES,1780543800,1780545600,ESM2026,1800,1786973502
ES,1780545600,1780547400,ESM2026,1800,1786973512
ES,1780547400,1780549200,ESM2026,1800,1786973522
ES,1780549200,1780551000,ESM2026,1800,1786973532
ES,1780551000,1780552800,ESM2026,1800,1786973542
ES,1780552800,1780554600,ESM2026,1800,1786973552
ES,1780554600,1780556400,ESM2026,1800,1786973562
ES,1780556400,1780558200,ESM2026,1800,1786973572
ES,1780558200,1780560000,ESM2026,1800,1786973582
ES,1780560000,1780561800,ESM2026,1800,1786973607
ES,1780561800,1780563600,ESM2026,1800,1786973617
ES,1780563600,1780565400,ESM2026,1800,1786973627
ES,1780565400,1780567200,ESM2026,1800,1786973637
ES,1780567200,1780569000,ESM2026,1800,1786973647
ES,1780569000,1780570800,ESM2026,1800,1786973657
ES,1780570800,1780572600,ESM2026,1800,1786973667
ES,1780572600,1780574400,ESM2026,1800,1786973677
ES,1780574400,1780576200,ESM2026,1800,1786973687
ES,1780576200,1780578000,ESM2026,1800,1786973698
ES,1780578000,1780579800,ESM2026,1800,1786973707
ES,1780579800,1780581600,ESM2026,1800,1786973717
ES,1780581600,1780583400,ESM2026,1800,1786973727
ES,1780583400,1780585200,ESM2026,1800,1786973737
ES,1780585200,1780587000,ESM2026,1800,1786973747
ES,1780587000,1780588800,ESM2026,1800,1786973757
ES,1780588800,1780590600,ESM2026,1800,1786973767
ES,1780590600,1780592400,ESM2026,1800,1786973777
ES,1780592400,1780594200,ESM2026,1800,1786973787
ES,1780594200,1780596000,ESM2026,1800,1786973797
ES,1780596000,1780597800,ESM2026,1800,1786973807
ES,1780597800,1780599600,ESM2026,1800,1786973817
ES,1780599600,1780601400,ESM2026,1800,1786973827
ES,1780601400,1780603200,ESM2026,1800,1786973837
ES,1780603200,1780605000,ESM2026,1800,1786973847
ES,1780605000,1780606800,ESM2026,1800,1786973857
NQ,1780610400,1780612200,NQM2026,1800,1786973867
NQ,1780612200,1780614000,NQM2026,1800,1786973877
NQ,1780614000,1780615800,NQM2026,1800,1786973887
NQ,1780615800,1780617600,NQM2026,1800,1786973897
NQ,1780617600,1780619400,NQM2026,1800,1786973907
NQ,1780619400,1780621200,NQM2026,1800,1786973917
NQ,1780621200,1780623000,NQM2026,1800,1786973928
NQ,1780623000,1780624800,NQM2026,1800,1786973937
NQ,1780624800,1780626600,NQM2026,1800,1786973947
NQ,1780626600,1780628400,NQM2026,1800,1786973957
NQ,1780628400,1780630200,NQM2026,1800,1786973967
NQ,1780630200,1780632000,NQM2026,1800,1786973977
NQ,1780632000,1780633800,NQM2026,1800,1786973987
NQ,1780633800,1780635600,NQM2026,1800,1786973997
NQ,1780635600,1780637400,NQM2026,1800,1786974007
NQ,1780637400,1780639200,NQM2026,1800,1786974018
NQ,1780639200,1780641000,NQM2026,1800,1786974027
NQ,1780641000,1780642800,NQM2026,1800,1786974037
NQ,1780642800,1780644600,NQM2026,1800,1786974047
NQ,1780644600,1780646400,NQM2026,1800,1786974057
NQ,1780646400,1780648200,NQM2026,1800,1786974067
NQ,1780648200,1780650000,NQM2026,1800,1786974077
NQ,1780650000,1780651800,NQM2026,1800,1786974088
NQ,1780651800,1780653600,NQM2026,1800,1786974097
NQ,1780653600,1780655400,NQM2026,1800,1786974107
NQ,1780655400,1780657200,NQM2026,1800,1786974117
NQ,1780657200,1780659000,NQM2026,1800,1786974128
NQ,1780659000,1780660800,NQM2026,1800,1786974137
NQ,1780660800,1780662600,NQM2026,1800,1786974147
NQ,1780662600,1780664400,NQM2026,1800,1786974158
NQ,1780664400,1780666200,NQM2026,1800,1786974168
NQ,1780666200,1780668000,NQM2026,1800,1786974178
NQ,1780668000,1780669800,NQM2026,1800,1786974188
NQ,1780669800,1780671600,NQM2026,1800,1786974198
NQ,1780671600,1780673400,NQM2026,1800,1786974208
NQ,1780673400,1780675200,NQM2026,1800,1786974218
NQ,1780675200,1780677000,NQM2026,1800,1786974228
NQ,1780677000,1780678800,NQM2026,1800,1786974238
NQ,1780678800,1780680600,NQM2026,1800,1786974248
NQ,1780680600,1780682400,NQM2026,1800,1786974258
NQ,1780682400,1780684200,NQM2026,1800,1786974268
NQ,1780684200,1780686000,NQM2026,1800,1786974278
NQ,1780686000,1780687800,NQM2026,1800,1786974288
NQ,1780687800,1780689600,NQM2026,1800,1786974298
NQ,1780689600,1780691400,NQM2026,1800,1786974308
NQ,1780691400,1780693200,NQM2026,1800,1786974318
ES,1780610400,1780612200,ESM2026,1800,1786974327
ES,1780612200,1780614000,ESM2026,1800,1786974337
ES,1780614000,1780615800,ESM2026,1800,1786974347
ES,1780615800,1780617600,ESM2026,1800,1786974358
ES,1780617600,1780619400,ESM2026,1800,1786974367
ES,1780619400,1780621200,ESM2026,1800,1786974377
ES,1780621200,1780623000,ESM2026,1800,1786974387
ES,1780623000,1780624800,ESM2026,1800,1786974398
ES,1780624800,1780626600,ESM2026,1800,1786974407
ES,1780626600,1780628400,ESM2026,1800,1786974417
ES,1780628400,1780630200,ESM2026,1800,1786974427
ES,1780630200,1780632000,ESM2026,1800,1786974437
ES,1780632000,1780633800,ESM2026,1800,1786974447
ES,1780633800,1780635600,ESM2026,1800,1786974457
ES,1780635600,1780637400,ESM2026,1800,1786974467
ES,1780637400,1780639200,ESM2026,1800,1786974478
ES,1780639200,1780641000,ESM2026,1800,1786974487
ES,1780641000,1780642800,ESM2026,1800,1786974498
ES,1780642800,1780644600,ESM2026,1800,1786974507
ES,1780644600,1780646400,ESM2026,1800,1786974518
ES,1780646400,1780648200,ESM2026,1800,1786974527
ES,1780648200,1780650000,ESM2026,1800,1786974537
ES,1780650000,1780651800,ESM2026,1800,1786974548
ES,1780651800,1780653600,ESM2026,1800,1786974557
ES,1780653600,1780655400,ESM2026,1800,1786974567
ES,1780655400,1780657200,ESM2026,1800,1786974577
ES,1780657200,1780659000,ESM2026,1800,1786974587
ES,1780659000,1780660800,ESM2026,1800,1786974597
ES,1780660800,1780662600,ESM2026,1800,1786974608
ES,1780662600,1780664400,ESM2026,1800,1786974617
ES,1780664400,1780666200,ESM2026,1800,1786974628
ES,1780666200,1780668000,ESM2026,1800,1786974638
ES,1780668000,1780669800,ESM2026,1800,1786974648
ES,1780669800,1780671600,ESM2026,1800,1786974658
ES,1780671600,1780673400,ESM2026,1800,1786974668
ES,1780673400,1780675200,ESM2026,1800,1786974678
ES,1780675200,1780677000,ESM2026,1800,1786974688
ES,1780677000,1780678800,ESM2026,1800,1786974697
ES,1780678800,1780680600,ESM2026,1800,1786974708
ES,1780680600,1780682400,ESM2026,1800,1786974717
ES,1780682400,1780684200,ESM2026,1800,1786974728
ES,1780684200,1780686000,ESM2026,1800,1786974738
ES,1780686000,1780687800,ESM2026,1800,1786974747
ES,1780687800,1780689600,ESM2026,1800,1786974758
ES,1780689600,1780691400,ESM2026,1800,1786974767
ES,1780691400,1780693200,ESM2026,1800,1786974777
NQ,1780869600,1780871400,NQM2026,1800,1786974788
NQ,1780871400,1780873200,NQM2026,1800,1786974798
NQ,1780873200,1780875000,NQM2026,1800,1786974823
NQ,1780875000,1780876800,NQM2026,1800,1786974833
NQ,1780876800,1780878600,NQM2026,1800,1786974843
NQ,1780878600,1780880400,NQM2026,1800,1786974853
NQ,1780880400,1780882200,NQM2026,1800,1786974863
NQ,1780882200,1780884000,NQM2026,1800,1786974873
NQ,1780884000,1780885800,NQM2026,1800,1786974883
NQ,1780885800,1780887600,NQM2026,1800,1786974893
NQ,1780887600,1780889400,NQM2026,1800,1786974903
NQ,1780889400,1780891200,NQM2026,1800,1786974913
NQ,1780891200,1780893000,NQM2026,1800,1786974923
NQ,1780893000,1780894800,NQM2026,1800,1786974933
NQ,1780894800,1780896600,NQM2026,1800,1786974943
NQ,1780896600,1780898400,NQM2026,1800,1786974953
NQ,1780898400,1780900200,NQM2026,1800,1786974963
NQ,1780900200,1780902000,NQM2026,1800,1786974973
NQ,1780902000,1780903800,NQM2026,1800,1786974983
NQ,1780903800,1780905600,NQM2026,1800,1786974993
NQ,1780905600,1780907400,NQM2026,1800,1786975003
NQ,1780907400,1780909200,NQM2026,1800,1786975013
NQ,1780909200,1780911000,NQM2026,1800,1786975023
NQ,1780911000,1780912800,NQM2026,1800,1786975033
NQ,1780912800,1780914600,NQM2026,1800,1786975043
NQ,1780914600,1780916400,NQM2026,1800,1786975053
NQ,1780916400,1780918200,NQM2026,1800,1786975063
NQ,1780918200,1780920000,NQM2026,1800,1786975073
NQ,1780920000,1780921800,NQM2026,1800,1786975083
NQ,1780921800,1780923600,NQM2026,1800,1786975093
NQ,1780923600,1780925400,NQM2026,1800,1786975103
NQ,1780925400,1780927200,NQM2026,1800,1786975113
NQ,1780927200,1780929000,NQM2026,1800,1786975123
NQ,1780929000,1780930800,NQM2026,1800,1786975133
NQ,1780930800,1780932600,NQM2026,1800,1786975143
NQ,1780932600,1780934400,NQM2026,1800,1786975153
NQ,1780934400,1780936200,NQM2026,1800,1786975163
NQ,1780936200,1780938000,NQM2026,1800,1786975173
NQ,1780938000,1780939800,NQM2026,1800,1786975183
NQ,1780939800,1780941600,NQM2026,1800,1786975193
NQ,1780941600,1780943400,NQM2026,1800,1786975203
NQ,1780943400,1780945200,NQM2026,1800,1786975213
NQ,1780945200,1780947000,NQM2026,1800,1786975223
NQ,1780947000,1780948800,NQM2026,1800,1786975233
NQ,1780948800,1780950600,NQM2026,1800,1786975243
NQ,1780950600,1780952400,NQM2026,1800,1786975253
ES,1780869600,1780871400,ESM2026,1800,1786975263
ES,1780871400,1780873200,ESM2026,1800,1786975273
ES,1780873200,1780875000,ESM2026,1800,1786975283
ES,1780875000,1780876800,ESM2026,1800,1786975293
ES,1780876800,1780878600,ESM2026,1800,1786975303
ES,1780878600,1780880400,ESM2026,1800,1786975313
ES,1780880400,1780882200,ESM2026,1800,1786975323
ES,1780882200,1780884000,ESM2026,1800,1786975333
ES,1780884000,1780885800,ESM2026,1800,1786975343
ES,1780885800,1780887600,ESM2026,1800,1786975353
ES,1780887600,1780889400,ESM2026,1800,1786975363
ES,1780889400,1780891200,ESM2026,1800,1786975373
ES,1780891200,1780893000,ESM2026,1800,1786975383
ES,1780893000,1780894800,ESM2026,1800,1786975393
ES,1780894800,1780896600,ESM2026,1800,1786975403
ES,1780896600,1780898400,ESM2026,1800,1786975413
ES,1780898400,1780900200,ESM2026,1800,1786975438
ES,1780900200,1780902000,ESM2026,1800,1786975448
ES,1780902000,1780903800,ESM2026,1800,1786975459
ES,1780903800,1780905600,ESM2026,1800,1786975470
ES,1780905600,1780907400,ESM2026,1800,1786975480
ES,1780907400,1780909200,ESM2026,1800,1786975489
ES,1780909200,1780911000,ESM2026,1800,1786975499
ES,1780911000,1780912800,ESM2026,1800,1786975511
ES,1780912800,1780914600,ESM2026,1800,1786975519
ES,1780914600,1780916400,ESM2026,1800,1786975528
ES,1780916400,1780918200,ESM2026,1800,1786975538
ES,1780918200,1780920000,ESM2026,1800,1786975548
ES,1780920000,1780921800,ESM2026,1800,1786975558
ES,1780921800,1780923600,ESM2026,1800,1786975568
ES,1780923600,1780925400,ESM2026,1800,1786975578
ES,1780925400,1780927200,ESM2026,1800,1786975588
ES,1780927200,1780929000,ESM2026,1800,1786975598
ES,1780929000,1780930800,ESM2026,1800,1786975608
ES,1780930800,1780932600,ESM2026,1800,1786975618
ES,1780932600,1780934400,ESM2026,1800,1786975628
ES,1780934400,1780936200,ESM2026,1800,1786975638
ES,1780936200,1780938000,ESM2026,1800,1786975648
ES,1780938000,1780939800,ESM2026,1800,1786975658
ES,1780939800,1780941600,ESM2026,1800,1786975668
ES,1780941600,1780943400,ESM2026,1800,1786975678
ES,1780943400,1780945200,ESM2026,1800,1786975688
ES,1780945200,1780947000,ESM2026,1800,1786975698
ES,1780947000,1780948800,ESM2026,1800,1786975708
ES,1780948800,1780950600,ESM2026,1800,1786975718
ES,1780950600,1780952400,ESM2026,1800,1786975728
NQ,1780956000,1780957800,NQM2026,1800,1786975738
NQ,1780957800,1780959600,NQM2026,1800,1786975748
NQ,1780959600,1780961400,NQM2026,1800,1786975758
NQ,1780961400,1780963200,NQM2026,1800,1786975768
NQ,1780963200,1780965000,NQM2026,1800,1786975778
NQ,1780965000,1780966800,NQM2026,1800,1786975788
NQ,1780966800,1780968600,NQM2026,1800,1786975798
NQ,1780968600,1780970400,NQM2026,1800,1786975808
NQ,1780970400,1780972200,NQM2026,1800,1786975818
NQ,1780972200,1780974000,NQM2026,1800,1786975828
NQ,1780974000,1780975800,NQM2026,1800,1786975838
NQ,1780975800,1780977600,NQM2026,1800,1786975848
NQ,1780977600,1780979400,NQM2026,1800,1786975858
NQ,1780979400,1780981200,NQM2026,1800,1786975868
NQ,1780981200,1780983000,NQM2026,1800,1786975878
NQ,1780983000,1780984800,NQM2026,1800,1786975888
NQ,1780984800,1780986600,NQM2026,1800,1786975898
NQ,1780986600,1780988400,NQM2026,1800,1786975908
NQ,1780988400,1780990200,NQM2026,1800,1786975918
NQ,1780990200,1780992000,NQM2026,1800,1786975928
NQ,1780992000,1780993800,NQM2026,1800,1786975938
NQ,1780993800,1780995600,NQM2026,1800,1786975948
NQ,1780995600,1780997400,NQM2026,1800,1786975958
NQ,1780997400,1780999200,NQM2026,1800,1786975968
NQ,1780999200,1781001000,NQM2026,1800,1786975978
NQ,1781001000,1781002800,NQM2026,1800,1786975988
NQ,1781002800,1781004600,NQM2026,1800,1786975998
NQ,1781004600,1781006400,NQM2026,1800,1786976008
NQ,1781006400,1781008200,NQM2026,1800,1786976018
NQ,1781008200,1781010000,NQM2026,1800,1786976028
NQ,1781010000,1781011800,NQM2026,1800,1786976038
NQ,1781011800,1781013600,NQM2026,1800,1786976048
NQ,1781013600,1781015400,NQM2026,1800,1786976058
NQ,1781015400,1781017200,NQM2026,1800,1786976068
NQ,1781017200,1781019000,NQM2026,1800,1786976078
NQ,1781019000,1781020800,NQM2026,1800,1786976088
NQ,1781020800,1781022600,NQM2026,1800,1786976098
NQ,1781022600,1781024400,NQM2026,1800,1786976108
NQ,1781024400,1781026200,NQM2026,1800,1786976118
NQ,1781026200,1781028000,NQM2026,1800,1786976128
NQ,1781028000,1781029800,NQM2026,1800,1786976138
NQ,1781029800,1781031600,NQM2026,1800,1786976148
NQ,1781031600,1781033400,NQM2026,1800,1786976158
NQ,1781033400,1781035200,NQM2026,1800,1786976168
NQ,1781035200,1781037000,NQM2026,1800,1786976178
NQ,1781037000,1781038800,NQM2026,1800,1786976188
ES,1780956000,1780957800,ESM2026,1800,1786976198
ES,1780957800,1780959600,ESM2026,1800,1786976208
ES,1780959600,1780961400,ESM2026,1800,1786976218
ES,1780961400,1780963200,ESM2026,1800,1786976228
ES,1780963200,1780965000,ESM2026,1800,1786976238
ES,1780965000,1780966800,ESM2026,1800,1786976248
ES,1780966800,1780968600,ESM2026,1800,1786976258
ES,1780968600,1780970400,ESM2026,1800,1786976268
ES,1780970400,1780972200,ESM2026,1800,1786976278
ES,1780972200,1780974000,ESM2026,1800,1786976288
ES,1780974000,1780975800,ESM2026,1800,1786976298
ES,1780975800,1780977600,ESM2026,1800,1786976308
ES,1780977600,1780979400,ESM2026,1800,1786976318
ES,1780979400,1780981200,ESM2026,1800,1786976328
ES,1780981200,1780983000,ESM2026,1800,1786976338
ES,1780983000,1780984800,ESM2026,1800,1786976348
ES,1780984800,1780986600,ESM2026,1800,1786976358
ES,1780986600,1780988400,ESM2026,1800,1786976368
ES,1780988400,1780990200,ESM2026,1800,1786976378
ES,1780990200,1780992000,ESM2026,1800,1786976388
ES,1780992000,1780993800,ESM2026,1800,1786976398
ES,1780993800,1780995600,ESM2026,1800,1786976408
ES,1780995600,1780997400,ESM2026,1800,1786976418
ES,1780997400,1780999200,ESM2026,1800,1786976428
ES,1780999200,1781001000,ESM2026,1800,1786976438
ES,1781001000,1781002800,ESM2026,1800,1786976448
ES,1781002800,1781004600,ESM2026,1800,1786976458
ES,1781004600,1781006400,ESM2026,1800,1786976468
ES,1781006400,1781008200,ESM2026,1800,1786976478
ES,1781008200,1781010000,ESM2026,1800,1786976488
ES,1781010000,1781011800,ESM2026,1800,1786976498
ES,1781011800,1781013600,ESM2026,1800,1786976508
ES,1781013600,1781015400,ESM2026,1800,1786976518
ES,1781015400,1781017200,ESM2026,1800,1786976528
ES,1781017200,1781019000,ESM2026,1800,1786976538
ES,1781019000,1781020800,ESM2026,1800,1786976548
ES,1781020800,1781022600,ESM2026,1800,1786976558
ES,1781022600,1781024400,ESM2026,1800,1786976568
ES,1781024400,1781026200,ESM2026,1800,1786976578
ES,1781026200,1781028000,ESM2026,1800,1786976588
ES,1781028000,1781029800,ESM2026,1800,1786976598
ES,1781029800,1781031600,ESM2026,1800,1786976608
ES,1781031600,1781033400,ESM2026,1800,1786976618
ES,1781033400,1781035200,ESM2026,1800,1786976628
ES,1781035200,1781037000,ESM2026,1800,1786976653
ES,1781037000,1781038800,ESM2026,1800,1786976663
NQ,1781042400,1781044200,NQM2026,1800,1786976673
NQ,1781044200,1781046000,NQM2026,1800,1786976683
NQ,1781046000,1781047800,NQM2026,1800,1786976693
NQ,1781047800,1781049600,NQM2026,1800,1786976703
NQ,1781049600,1781051400,NQM2026,1800,1786976713
NQ,1781051400,1781053200,NQM2026,1800,1786976723
NQ,1781053200,1781055000,NQM2026,1800,1786976733
NQ,1781055000,1781056800,NQM2026,1800,1786976743
NQ,1781056800,1781058600,NQM2026,1800,1786976753
NQ,1781058600,1781060400,NQM2026,1800,1786976763
NQ,1781060400,1781062200,NQM2026,1800,1786976773
NQ,1781062200,1781064000,NQM2026,1800,1786976783
NQ,1781064000,1781065800,NQM2026,1800,1786976793
NQ,1781065800,1781067600,NQM2026,1800,1786976803
NQ,1781067600,1781069400,NQM2026,1800,1786976813
NQ,1781069400,1781071200,NQM2026,1800,1786976823
NQ,1781071200,1781073000,NQM2026,1800,1786976833
NQ,1781073000,1781074800,NQM2026,1800,1786976843
NQ,1781074800,1781076600,NQM2026,1800,1786976853
NQ,1781076600,1781078400,NQM2026,1800,1786976863
NQ,1781078400,1781080200,NQM2026,1800,1786976873
NQ,1781080200,1781082000,NQM2026,1800,1786976883
NQ,1781082000,1781083800,NQM2026,1800,1786976893
NQ,1781083800,1781085600,NQM2026,1800,1786976903
NQ,1781085600,1781087400,NQM2026,1800,1786976913
NQ,1781087400,1781089200,NQM2026,1800,1786976923
NQ,1781089200,1781091000,NQM2026,1800,1786976933
NQ,1781091000,1781092800,NQM2026,1800,1786976943
NQ,1781092800,1781094600,NQM2026,1800,1786976953
NQ,1781094600,1781096400,NQM2026,1800,1786976964
NQ,1781096400,1781098200,NQM2026,1800,1786976973
NQ,1781098200,1781100000,NQM2026,1800,1786976983
NQ,1781100000,1781101800,NQM2026,1800,1786976993
NQ,1781101800,1781103600,NQM2026,1800,1786977004
NQ,1781103600,1781105400,NQM2026,1800,1786977015
NQ,1781105400,1781107200,NQM2026,1800,1786977024
NQ,1781107200,1781109000,NQM2026,1800,1786977033
NQ,1781109000,1781110800,NQM2026,1800,1786977043
NQ,1781110800,1781112600,NQM2026,1800,1786977053
NQ,1781112600,1781114400,NQM2026,1800,1786977063
NQ,1781114400,1781116200,NQM2026,1800,1786977073
NQ,1781116200,1781118000,NQM2026,1800,1786977083
NQ,1781118000,1781119800,NQM2026,1800,1786977093
NQ,1781119800,1781121600,NQM2026,1800,1786977103
NQ,1781121600,1781123400,NQM2026,1800,1786977113
NQ,1781123400,1781125200,NQM2026,1800,1786977123
ES,1781042400,1781044200,ESM2026,1800,1786977133
ES,1781044200,1781046000,ESM2026,1800,1786977143
ES,1781046000,1781047800,ESM2026,1800,1786977153
ES,1781047800,1781049600,ESM2026,1800,1786977163
ES,1781049600,1781051400,ESM2026,1800,1786977173
ES,1781051400,1781053200,ESM2026,1800,1786977183
ES,1781053200,1781055000,ESM2026,1800,1786977193
ES,1781055000,1781056800,ESM2026,1800,1786977203
ES,1781056800,1781058600,ESM2026,1800,1786977213
ES,1781058600,1781060400,ESM2026,1800,1786977223
ES,1781060400,1781062200,ESM2026,1800,1786977233
ES,1781062200,1781064000,ESM2026,1800,1786977243
ES,1781064000,1781065800,ESM2026,1800,1786977253
ES,1781065800,1781067600,ESM2026,1800,1786977263
ES,1781067600,1781069400,ESM2026,1800,1786977273
ES,1781069400,1781071200,ESM2026,1800,1786977283
ES,1781071200,1781073000,ESM2026,1800,1786977293
ES,1781073000,1781074800,ESM2026,1800,1786977303
ES,1781074800,1781076600,ESM2026,1800,1786977313
ES,1781076600,1781078400,ESM2026,1800,1786977323
ES,1781078400,1781080200,ESM2026,1800,1786977333
ES,1781080200,1781082000,ESM2026,1800,1786977343
ES,1781082000,1781083800,ESM2026,1800,1786977353
ES,1781083800,1781085600,ESM2026,1800,1786977363
ES,1781085600,1781087400,ESM2026,1800,1786977373
ES,1781087400,1781089200,ESM2026,1800,1786977383
ES,1781089200,1781091000,ESM2026,1800,1786977393
ES,1781091000,1781092800,ESM2026,1800,1786977403
ES,1781092800,1781094600,ESM2026,1800,1786977413
ES,1781094600,1781096400,ESM2026,1800,1786977423
ES,1781096400,1781098200,ESM2026,1800,1786977433
ES,1781098200,1781100000,ESM2026,1800,1786977443
ES,1781100000,1781101800,ESM2026,1800,1786977453
ES,1781101800,1781103600,ESM2026,1800,1786977463
ES,1781103600,1781105400,ESM2026,1800,1786977473
ES,1781105400,1781107200,ESM2026,1800,1786977483
ES,1781107200,1781109000,ESM2026,1800,1786977493
ES,1781109000,1781110800,ESM2026,1800,1786977503
ES,1781110800,1781112600,ESM2026,1800,1786977513
ES,1781112600,1781114400,ESM2026,1800,1786977523
ES,1781114400,1781116200,ESM2026,1800,1786977533
ES,1781116200,1781118000,ESM2026,1800,1786977543
ES,1781118000,1781119800,ESM2026,1800,1786977553
ES,1781119800,1781121600,ESM2026,1800,1786977563
ES,1781121600,1781123400,ESM2026,1800,1786977573
ES,1781123400,1781125200,ESM2026,1800,1786977583
NQ,1781128800,1781130600,NQU2026,1791,1786977593
NQ,1781130600,1781132400,NQU2026,1800,1786977603
NQ,1781132400,1781134200,NQU2026,1800,1786977613
NQ,1781134200,1781136000,NQU2026,1800,1786977623
NQ,1781136000,1781137800,NQU2026,1800,1786977633
NQ,1781137800,1781139600,NQU2026,1800,1786977643
NQ,1781139600,1781141400,NQU2026,1800,1786977653
NQ,1781141400,1781143200,NQU2026,1800,1786977663
NQ,1781143200,1781145000,NQU2026,1800,1786977673
NQ,1781145000,1781146800,NQU2026,1800,1786977683
NQ,1781146800,1781148600,NQU2026,1800,1786977693
NQ,1781148600,1781150400,NQU2026,1800,1786977703
NQ,1781150400,1781152200,NQU2026,1800,1786977713
NQ,1781152200,1781154000,NQU2026,1800,1786977723
NQ,1781154000,1781155800,NQU2026,1800,1786977733
NQ,1781155800,1781157600,NQU2026,1800,1786977743
NQ,1781157600,1781159400,NQU2026,1800,1786977753
NQ,1781159400,1781161200,NQU2026,1800,1786977763
NQ,1781161200,1781163000,NQU2026,1800,1786977773
NQ,1781163000,1781164800,NQU2026,1800,1786977783
NQ,1781164800,1781166600,NQU2026,1800,1786977793
NQ,1781166600,1781168400,NQU2026,1800,1786977803
NQ,1781168400,1781170200,NQU2026,1800,1786977813
NQ,1781170200,1781172000,NQU2026,1800,1786977823
NQ,1781172000,1781173800,NQU2026,1800,1786977833
NQ,1781173800,1781175600,NQU2026,1800,1786977843
NQ,1781175600,1781177400,NQU2026,1800,1786977853
NQ,1781177400,1781179200,NQU2026,1800,1786977863
NQ,1781179200,1781181000,NQU2026,1800,1786977874
NQ,1781181000,1781182800,NQU2026,1800,1786977883
NQ,1781182800,1781184600,NQU2026,1800,1786977893
NQ,1781184600,1781186400,NQU2026,1800,1786977903
NQ,1781186400,1781188200,NQU2026,1800,1786977913
NQ,1781188200,1781190000,NQU2026,1800,1786977923
NQ,1781190000,1781191800,NQU2026,1800,1786977933
NQ,1781191800,1781193600,NQU2026,1800,1786977943
NQ,1781193600,1781195400,NQU2026,1800,1786977953
NQ,1781195400,1781197200,NQU2026,1800,1786977963
NQ,1781197200,1781199000,NQU2026,1800,1786977973
NQ,1781199000,1781200800,NQU2026,1800,1786977983
NQ,1781200800,1781202600,NQU2026,1800,1786977993
NQ,1781202600,1781204400,NQU2026,1800,1786978003
NQ,1781204400,1781206200,NQU2026,1800,1786978013
NQ,1781206200,1781208000,NQU2026,1800,1786978023
NQ,1781208000,1781209800,NQU2026,1800,1786978033
NQ,1781209800,1781211600,NQU2026,1800,1786978043
ES,1781128800,1781130600,ESU2026,1800,1786978053
ES,1781130600,1781132400,ESU2026,1800,1786978063
ES,1781132400,1781134200,ESU2026,1800,1786978073
ES,1781134200,1781136000,ESU2026,1800,1786978083
ES,1781136000,1781137800,ESU2026,1800,1786978093
ES,1781137800,1781139600,ESU2026,1800,1786978103
ES,1781139600,1781141400,ESU2026,1800,1786978113
ES,1781141400,1781143200,ESU2026,1800,1786978123
ES,1781143200,1781145000,ESU2026,1800,1786978133
ES,1781145000,1781146800,ESU2026,1800,1786978143
ES,1781146800,1781148600,ESU2026,1800,1786978153
ES,1781148600,1781150400,ESU2026,1800,1786978163
ES,1781150400,1781152200,ESU2026,1800,1786978173
ES,1781152200,1781154000,ESU2026,1800,1786978183
ES,1781154000,1781155800,ESU2026,1800,1786978193
ES,1781155800,1781157600,ESU2026,1800,1786978203
ES,1781157600,1781159400,ESU2026,1800,1786978213
ES,1781159400,1781161200,ESU2026,1800,1786978223
ES,1781161200,1781163000,ESU2026,1800,1786978233
ES,1781163000,1781164800,ESU2026,1800,1786978243
ES,1781164800,1781166600,ESU2026,1800,1786978253
ES,1781166600,1781168400,ESU2026,1800,1786978263
ES,1781168400,1781170200,ESU2026,1800,1786978273
ES,1781170200,1781172000,ESU2026,1800,1786978283
ES,1781172000,1781173800,ESU2026,1800,1786978293
ES,1781173800,1781175600,ESU2026,1800,1786978303
ES,1781175600,1781177400,ESU2026,1800,1786978313
ES,1781177400,1781179200,ESU2026,1800,1786978323
ES,1781179200,1781181000,ESU2026,1800,1786978333
ES,1781181000,1781182800,ESU2026,1800,1786978343
ES,1781182800,1781184600,ESU2026,1800,1786978353
ES,1781184600,1781186400,ESU2026,1800,1786978363
ES,1781186400,1781188200,ESU2026,1800,1786978373
ES,1781188200,1781190000,ESU2026,1800,1786978383
ES,1781190000,1781191800,ESU2026,1800,1786978393
ES,1781191800,1781193600,ESU2026,1800,1786978403
ES,1781193600,1781195400,ESU2026,1800,1786978413
ES,1781195400,1781197200,ESU2026,1800,1786978423
ES,1781197200,1781199000,ESU2026,1800,1786978433
ES,1781199000,1781200800,ESU2026,1800,1786978443
ES,1781200800,1781202600,ESU2026,1800,1786978453
ES,1781202600,1781204400,ESU2026,1800,1786978463
ES,1781204400,1781206200,ESU2026,1800,1786978473
ES,1781206200,1781208000,ESU2026,1800,1786978483
ES,1781208000,1781209800,ESU2026,1800,1786978493
ES,1781209800,1781211600,ESU2026,1800,1786978503
NQ,1781215200,1781217000,NQU2026,1800,1786978513
NQ,1781217000,1781218800,NQU2026,1800,1786978523
NQ,1781218800,1781220600,NQU2026,1800,1786978533
NQ,1781220600,1781222400,NQU2026,1800,1786978543
NQ,1781222400,1781224200,NQU2026,1800,1786978553
NQ,1781224200,1781226000,NQU2026,1800,1786978563
NQ,1781226000,1781227800,NQU2026,1800,1786978573
NQ,1781227800,1781229600,NQU2026,1800,1786978583
NQ,1781229600,1781231400,NQU2026,1800,1786978593
NQ,1781231400,1781233200,NQU2026,1800,1786978603
NQ,1781233200,1781235000,NQU2026,1800,1786978613
NQ,1781235000,1781236800,NQU2026,1800,1786978623
NQ,1781236800,1781238600,NQU2026,1800,1786978633
NQ,1781238600,1781240400,NQU2026,1800,1786978643
NQ,1781240400,1781242200,NQU2026,1800,1786978653
NQ,1781242200,1781244000,NQU2026,1800,1786978663
NQ,1781244000,1781245800,NQU2026,1800,1786978673
NQ,1781245800,1781247600,NQU2026,1800,1786978683
NQ,1781247600,1781249400,NQU2026,1800,1786978693
NQ,1781249400,1781251200,NQU2026,1800,1786978703
NQ,1781251200,1781253000,NQU2026,1800,1786978713
NQ,1781253000,1781254800,NQU2026,1800,1786978723
NQ,1781254800,1781256600,NQU2026,1800,1786978733
NQ,1781256600,1781258400,NQU2026,1800,1786978743
NQ,1781258400,1781260200,NQU2026,1800,1786978753
NQ,1781260200,1781262000,NQU2026,1800,1786978763
NQ,1781262000,1781263800,NQU2026,1800,1786978773
NQ,1781263800,1781265600,NQU2026,1800,1786978783
NQ,1781265600,1781267400,NQU2026,1800,1786978793
NQ,1781267400,1781269200,NQU2026,1800,1786978803
NQ,1781269200,1781271000,NQU2026,1800,1786978813
NQ,1781271000,1781272800,NQU2026,1800,1786978824
NQ,1781272800,1781274600,NQU2026,1800,1786978834
NQ,1781274600,1781276400,NQU2026,1800,1786978844
NQ,1781276400,1781278200,NQU2026,1800,1786978853
NQ,1781278200,1781280000,NQU2026,1800,1786978863
NQ,1781280000,1781281800,NQU2026,1800,1786978873
NQ,1781281800,1781283600,NQU2026,1800,1786978883
NQ,1781283600,1781285400,NQU2026,1800,1786978893
NQ,1781285400,1781287200,NQU2026,1800,1786978903
NQ,1781287200,1781289000,NQU2026,1800,1786978913
NQ,1781289000,1781290800,NQU2026,1800,1786978923
NQ,1781290800,1781292600,NQU2026,1800,1786978933
NQ,1781292600,1781294400,NQU2026,1800,1786978943
NQ,1781294400,1781296200,NQU2026,1800,1786978953
NQ,1781296200,1781298000,NQU2026,1800,1786978963
ES,1781215200,1781217000,ESU2026,1800,1786978973
ES,1781217000,1781218800,ESU2026,1800,1786978983
ES,1781218800,1781220600,ESU2026,1800,1786978993
ES,1781220600,1781222400,ESU2026,1800,1786979003
ES,1781222400,1781224200,ESU2026,1800,1786979013
ES,1781224200,1781226000,ESU2026,1800,1786979023
ES,1781226000,1781227800,ESU2026,1800,1786979033
ES,1781227800,1781229600,ESU2026,1800,1786979043
ES,1781229600,1781231400,ESU2026,1800,1786979053
ES,1781231400,1781233200,ESU2026,1800,1786979063
ES,1781233200,1781235000,ESU2026,1800,1786979073
ES,1781235000,1781236800,ESU2026,1800,1786979083
ES,1781236800,1781238600,ESU2026,1800,1786979093
ES,1781238600,1781240400,ESU2026,1800,1786979103
ES,1781240400,1781242200,ESU2026,1800,1786979113
ES,1781242200,1781244000,ESU2026,1800,1786979123
ES,1781244000,1781245800,ESU2026,1800,1786979133
ES,1781245800,1781247600,ESU2026,1800,1786979143
ES,1781247600,1781249400,ESU2026,1800,1786979153
ES,1781249400,1781251200,ESU2026,1800,1786979163
ES,1781251200,1781253000,ESU2026,1800,1786979174
ES,1781253000,1781254800,ESU2026,1800,1786979184
ES,1781254800,1781256600,ESU2026,1800,1786979196
ES,1781256600,1781258400,ESU2026,1800,1786979207
ES,1781258400,1781260200,ESU2026,1800,1786979215
ES,1781260200,1781262000,ESU2026,1800,1786979226
ES,1781262000,1781263800,ESU2026,1800,1786979234
ES,1781263800,1781265600,ESU2026,1800,1786979244
ES,1781265600,1781267400,ESU2026,1800,1786979254
ES,1781267400,1781269200,ESU2026,1800,1786979264
ES,1781269200,1781271000,ESU2026,1800,1786979274
ES,1781271000,1781272800,ESU2026,1800,1786979284
ES,1781272800,1781274600,ESU2026,1800,1786979294
ES,1781274600,1781276400,ESU2026,1800,1786979304
ES,1781276400,1781278200,ESU2026,1800,1786979314
ES,1781278200,1781280000,ESU2026,1800,1786979324
ES,1781280000,1781281800,ESU2026,1800,1786979334
ES,1781281800,1781283600,ESU2026,1800,1786979344
ES,1781283600,1781285400,ESU2026,1800,1786979354
ES,1781285400,1781287200,ESU2026,1800,1786979363
ES,1781287200,1781289000,ESU2026,1800,1786979373
ES,1781289000,1781290800,ESU2026,1800,1786979383
ES,1781290800,1781292600,ESU2026,1800,1786979393
ES,1781292600,1781294400,ESU2026,1800,1786979404
ES,1781294400,1781296200,ESU2026,1800,1786979413
ES,1781296200,1781298000,ESU2026,1800,1786979423
NQ,1781474400,1781476200,NQU2026,1800,1786979434
NQ,1781476200,1781478000,NQU2026,1800,1786979443
NQ,1781478000,1781479800,NQU2026,1800,1786979453
NQ,1781479800,1781481600,NQU2026,1800,1786979463
NQ,1781481600,1781483400,NQU2026,1800,1786979474
NQ,1781483400,1781485200,NQU2026,1800,1786979483
NQ,1781485200,1781487000,NQU2026,1800,1786979493
NQ,1781487000,1781488800,NQU2026,1800,1786979503
NQ,1781488800,1781490600,NQU2026,1800,1786979513
NQ,1781490600,1781492400,NQU2026,1800,1786979523
NQ,1781492400,1781494200,NQU2026,1800,1786979533
NQ,1781494200,1781496000,NQU2026,1800,1786979543
NQ,1781496000,1781497800,NQU2026,1800,1786979553
NQ,1781497800,1781499600,NQU2026,1800,1786979563
NQ,1781499600,1781501400,NQU2026,1800,1786979573
NQ,1781501400,1781503200,NQU2026,1800,1786979583
NQ,1781503200,1781505000,NQU2026,1800,1786979593
NQ,1781505000,1781506800,NQU2026,1800,1786979603
NQ,1781506800,1781508600,NQU2026,1800,1786979613
NQ,1781508600,1781510400,NQU2026,1800,1786979623
NQ,1781510400,1781512200,NQU2026,1800,1786979633
NQ,1781512200,1781514000,NQU2026,1800,1786979643
NQ,1781514000,1781515800,NQU2026,1800,1786979653
NQ,1781515800,1781517600,NQU2026,1800,1786979663
NQ,1781517600,1781519400,NQU2026,1800,1786979673
NQ,1781519400,1781521200,NQU2026,1800,1786979683
NQ,1781521200,1781523000,NQU2026,1800,1786979693
NQ,1781523000,1781524800,NQU2026,1800,1786979703
NQ,1781524800,1781526600,NQU2026,1800,1786979713
NQ,1781526600,1781528400,NQU2026,1800,1786979723
NQ,1781528400,1781530200,NQU2026,1800,1786979733
NQ,1781530200,1781532000,NQU2026,1800,1786979744
NQ,1781532000,1781533800,NQU2026,1800,1786979754
NQ,1781533800,1781535600,NQU2026,1800,1786979764
NQ,1781535600,1781537400,NQU2026,1800,1786979774
NQ,1781537400,1781539200,NQU2026,1800,1786979784
NQ,1781539200,1781541000,NQU2026,1800,1786979794
NQ,1781541000,1781542800,NQU2026,1800,1786979803
NQ,1781542800,1781544600,NQU2026,1800,1786979814
NQ,1781544600,1781546400,NQU2026,1800,1786979824
NQ,1781546400,1781548200,NQU2026,1800,1786979836
NQ,1781548200,1781550000,NQU2026,1800,1786979846
NQ,1781550000,1781551800,NQU2026,1800,1786979855
NQ,1781551800,1781553600,NQU2026,1800,1786979864
NQ,1781553600,1781555400,NQU2026,1800,1786979874
NQ,1781555400,1781557200,NQU2026,1800,1786979884
ES,1781474400,1781476200,ESU2026,1800,1786979894
ES,1781476200,1781478000,ESU2026,1800,1786979903
ES,1781478000,1781479800,ESU2026,1800,1786979913
ES,1781479800,1781481600,ESU2026,1800,1786979923
ES,1781481600,1781483400,ESU2026,1800,1786979933
ES,1781483400,1781485200,ESU2026,1800,1786979943
ES,1781485200,1781487000,ESU2026,1800,1786979953
ES,1781487000,1781488800,ESU2026,1800,1786979963
ES,1781488800,1781490600,ESU2026,1800,1786979973
ES,1781490600,1781492400,ESU2026,1800,1786979983
ES,1781492400,1781494200,ESU2026,1800,1786979993
ES,1781494200,1781496000,ESU2026,1800,1786980003
ES,1781496000,1781497800,ESU2026,1800,1786980013
ES,1781497800,1781499600,ESU2026,1800,1786980023
ES,1781499600,1781501400,ESU2026,1800,1786980033
ES,1781501400,1781503200,ESU2026,1800,1786980043
ES,1781503200,1781505000,ESU2026,1800,1786980053
ES,1781505000,1781506800,ESU2026,1800,1786980063
ES,1781506800,1781508600,ESU2026,1800,1786980073
ES,1781508600,1781510400,ESU2026,1800,1786980083
ES,1781510400,1781512200,ESU2026,1800,1786980093
ES,1781512200,1781514000,ESU2026,1800,1786980103
ES,1781514000,1781515800,ESU2026,1800,1786980113
ES,1781515800,1781517600,ESU2026,1800,1786980123
ES,1781517600,1781519400,ESU2026,1800,1786980133
ES,1781519400,1781521200,ESU2026,1800,1786980143
ES,1781521200,1781523000,ESU2026,1800,1786980153
ES,1781523000,1781524800,ESU2026,1800,1786980163
ES,1781524800,1781526600,ESU2026,1800,1786980173
ES,1781526600,1781528400,ESU2026,1800,1786980183
ES,1781528400,1781530200,ESU2026,1800,1786980193
ES,1781530200,1781532000,ESU2026,1800,1786980203
ES,1781532000,1781533800,ESU2026,1800,1786980213
ES,1781533800,1781535600,ESU2026,1800,1786980224
ES,1781535600,1781537400,ESU2026,1800,1786980233
ES,1781537400,1781539200,ESU2026,1800,1786980243
ES,1781539200,1781541000,ESU2026,1800,1786980253
ES,1781541000,1781542800,ESU2026,1800,1786980263
ES,1781542800,1781544600,ESU2026,1800,1786980274
ES,1781544600,1781546400,ESU2026,1800,1786980283
ES,1781546400,1781548200,ESU2026,1800,1786980293
ES,1781548200,1781550000,ESU2026,1800,1786980303
ES,1781550000,1781551800,ESU2026,1800,1786980313
ES,1781551800,1781553600,ESU2026,1800,1786980323
ES,1781553600,1781555400,ESU2026,1800,1786980333
ES,1781555400,1781557200,ESU2026,1800,1786980343
NQ,1781560800,1781562600,NQU2026,1800,1786980353
NQ,1781562600,1781564400,NQU2026,1800,1786980363
NQ,1781564400,1781566200,NQU2026,1800,1786980373
NQ,1781566200,1781568000,NQU2026,1800,1786980383
NQ,1781568000,1781569800,NQU2026,1800,1786980393
NQ,1781569800,1781571600,NQU2026,1800,1786980404
NQ,1781571600,1781573400,NQU2026,1800,1786980413
NQ,1781573400,1781575200,NQU2026,1800,1786980423
NQ,1781575200,1781577000,NQU2026,1800,1786980433
NQ,1781577000,1781578800,NQU2026,1800,1786980443
NQ,1781578800,1781580600,NQU2026,1800,1786980453
NQ,1781580600,1781582400,NQU2026,1800,1786980463
NQ,1781582400,1781584200,NQU2026,1800,1786980473
NQ,1781584200,1781586000,NQU2026,1800,1786980483
NQ,1781586000,1781587800,NQU2026,1800,1786980493
NQ,1781587800,1781589600,NQU2026,1800,1786980503
NQ,1781589600,1781591400,NQU2026,1800,1786980513
NQ,1781591400,1781593200,NQU2026,1800,1786980523
NQ,1781593200,1781595000,NQU2026,1800,1786980533
NQ,1781595000,1781596800,NQU2026,1800,1786980544
NQ,1781596800,1781598600,NQU2026,1800,1786980554
NQ,1781598600,1781600400,NQU2026,1800,1786980564
NQ,1781600400,1781602200,NQU2026,1800,1786980574
NQ,1781602200,1781604000,NQU2026,1800,1786980583
NQ,1781604000,1781605800,NQU2026,1800,1786980593
NQ,1781605800,1781607600,NQU2026,1800,1786980603
NQ,1781607600,1781609400,NQU2026,1800,1786980614
NQ,1781609400,1781611200,NQU2026,1800,1786980623
NQ,1781611200,1781613000,NQU2026,1800,1786980634
NQ,1781613000,1781614800,NQU2026,1800,1786980644
NQ,1781614800,1781616600,NQU2026,1800,1786980654
NQ,1781616600,1781618400,NQU2026,1800,1786980664
NQ,1781618400,1781620200,NQU2026,1800,1786980674
NQ,1781620200,1781622000,NQU2026,1800,1786980684
NQ,1781622000,1781623800,NQU2026,1800,1786980694
NQ,1781623800,1781625600,NQU2026,1800,1786980704
NQ,1781625600,1781627400,NQU2026,1800,1786980714
NQ,1781627400,1781629200,NQU2026,1800,1786980724
NQ,1781629200,1781631000,NQU2026,1800,1786980734
NQ,1781631000,1781632800,NQU2026,1800,1786980744
NQ,1781632800,1781634600,NQU2026,1800,1786980753
NQ,1781634600,1781636400,NQU2026,1800,1786980763
NQ,1781636400,1781638200,NQU2026,1800,1786980774
NQ,1781638200,1781640000,NQU2026,1800,1786980784
NQ,1781640000,1781641800,NQU2026,1800,1786980793
NQ,1781641800,1781643600,NQU2026,1800,1786980803
ES,1781560800,1781562600,ESU2026,1800,1786980813
ES,1781562600,1781564400,ESU2026,1800,1786980823
ES,1781564400,1781566200,ESU2026,1800,1786980833
ES,1781566200,1781568000,ESU2026,1800,1786980843
ES,1781568000,1781569800,ESU2026,1800,1786980853
ES,1781569800,1781571600,ESU2026,1800,1786980863
ES,1781571600,1781573400,ESU2026,1800,1786980873
ES,1781573400,1781575200,ESU2026,1800,1786980883
ES,1781575200,1781577000,ESU2026,1800,1786980894
ES,1781577000,1781578800,ESU2026,1800,1786980903
ES,1781578800,1781580600,ESU2026,1800,1786980913
ES,1781580600,1781582400,ESU2026,1800,1786980923
ES,1781582400,1781584200,ESU2026,1800,1786980934
ES,1781584200,1781586000,ESU2026,1800,1786980943
ES,1781586000,1781587800,ESU2026,1800,1786980953
ES,1781587800,1781589600,ESU2026,1800,1786980964
ES,1781589600,1781591400,ESU2026,1800,1786980974
ES,1781591400,1781593200,ESU2026,1800,1786980983
ES,1781593200,1781595000,ESU2026,1800,1786980994
ES,1781595000,1781596800,ESU2026,1800,1786981003
ES,1781596800,1781598600,ESU2026,1800,1786981013
ES,1781598600,1781600400,ESU2026,1800,1786981023
ES,1781600400,1781602200,ESU2026,1800,1786981034
ES,1781602200,1781604000,ESU2026,1800,1786981043
ES,1781604000,1781605800,ESU2026,1800,1786981054
ES,1781605800,1781607600,ESU2026,1800,1786981063
ES,1781607600,1781609400,ESU2026,1800,1786981074
ES,1781609400,1781611200,ESU2026,1800,1786981084
ES,1781611200,1781613000,ESU2026,1800,1786981093
ES,1781613000,1781614800,ESU2026,1800,1786981104
ES,1781614800,1781616600,ESU2026,1800,1786981114
ES,1781616600,1781618400,ESU2026,1800,1786981124
ES,1781618400,1781620200,ESU2026,1800,1786981133
ES,1781620200,1781622000,ESU2026,1800,1786981143
ES,1781622000,1781623800,ESU2026,1800,1786981154
ES,1781623800,1781625600,ESU2026,1800,1786981164
ES,1781625600,1781627400,ESU2026,1800,1786981174
ES,1781627400,1781629200,ESU2026,1800,1786981184
ES,1781629200,1781631000,ESU2026,1800,1786981194
ES,1781631000,1781632800,ESU2026,1800,1786981204
ES,1781632800,1781634600,ESU2026,1800,1786981213
ES,1781634600,1781636400,ESU2026,1800,1786981224
ES,1781636400,1781638200,ESU2026,1800,1786981234
ES,1781638200,1781640000,ESU2026,1800,1786981244
ES,1781640000,1781641800,ESU2026,1800,1786981253
ES,1781641800,1781643600,ESU2026,1800,1786981263
NQ,1781647200,1781649000,NQU2026,1800,1786981274
NQ,1781649000,1781650800,NQU2026,1800,1786981284
NQ,1781650800,1781652600,NQU2026,1800,1786981294
NQ,1781652600,1781654400,NQU2026,1800,1786981304
NQ,1781654400,1781656200,NQU2026,1800,1786981314
NQ,1781656200,1781658000,NQU2026,1800,1786981324
NQ,1781658000,1781659800,NQU2026,1800,1786981334
NQ,1781659800,1781661600,NQU2026,1800,1786981344
NQ,1781661600,1781663400,NQU2026,1800,1786981354
NQ,1781663400,1781665200,NQU2026,1800,1786981364
NQ,1781665200,1781667000,NQU2026,1800,1786981374
NQ,1781667000,1781668800,NQU2026,1800,1786981384
NQ,1781668800,1781670600,NQU2026,1800,1786981394
NQ,1781670600,1781672400,NQU2026,1800,1786981404
NQ,1781672400,1781674200,NQU2026,1800,1786981414
NQ,1781674200,1781676000,NQU2026,1800,1786981424
NQ,1781676000,1781677800,NQU2026,1800,1786981434
NQ,1781677800,1781679600,NQU2026,1800,1786981444
NQ,1781679600,1781681400,NQU2026,1800,1786981454
NQ,1781681400,1781683200,NQU2026,1800,1786981464
NQ,1781683200,1781685000,NQU2026,1800,1786981474
NQ,1781685000,1781686800,NQU2026,1800,1786981484
NQ,1781686800,1781688600,NQU2026,1800,1786981494
NQ,1781688600,1781690400,NQU2026,1800,1786981504
NQ,1781690400,1781692200,NQU2026,1800,1786981514
NQ,1781692200,1781694000,NQU2026,1800,1786981524
NQ,1781694000,1781695800,NQU2026,1800,1786981534
NQ,1781695800,1781697600,NQU2026,1800,1786981544
NQ,1781697600,1781699400,NQU2026,1800,1786981554
NQ,1781699400,1781701200,NQU2026,1800,1786981564
NQ,1781701200,1781703000,NQU2026,1800,1786981574
NQ,1781703000,1781704800,NQU2026,1800,1786981584
NQ,1781704800,1781706600,NQU2026,1800,1786981594
NQ,1781706600,1781708400,NQU2026,1800,1786981604
NQ,1781708400,1781710200,NQU2026,1800,1786981614
NQ,1781710200,1781712000,NQU2026,1800,1786981624
NQ,1781712000,1781713800,NQU2026,1800,1786981634
NQ,1781713800,1781715600,NQU2026,1800,1786981644
NQ,1781715600,1781717400,NQU2026,1800,1786981654
NQ,1781717400,1781719200,NQU2026,1800,1786981664
NQ,1781719200,1781721000,NQU2026,1800,1786981674
NQ,1781721000,1781722800,NQU2026,1800,1786981684
NQ,1781722800,1781724600,NQU2026,1800,1786981694
NQ,1781724600,1781726400,NQU2026,1800,1786981704
NQ,1781726400,1781728200,NQU2026,1800,1786981714
NQ,1781728200,1781730000,NQU2026,1800,1786981724
ES,1781647200,1781649000,ESU2026,1800,1786981734
ES,1781649000,1781650800,ESU2026,1800,1786981744
ES,1781650800,1781652600,ESU2026,1800,1786981754
ES,1781652600,1781654400,ESU2026,1800,1786981764
ES,1781654400,1781656200,ESU2026,1800,1786981774
ES,1781656200,1781658000,ESU2026,1800,1786981784
ES,1781658000,1781659800,ESU2026,1800,1786981794
ES,1781659800,1781661600,ESU2026,1800,1786981804
ES,1781661600,1781663400,ESU2026,1800,1786981814
ES,1781663400,1781665200,ESU2026,1800,1786981824
ES,1781665200,1781667000,ESU2026,1800,1786981834
ES,1781667000,1781668800,ESU2026,1800,1786981844
ES,1781668800,1781670600,ESU2026,1800,1786981854
ES,1781670600,1781672400,ESU2026,1800,1786981864
ES,1781672400,1781674200,ESU2026,1800,1786981874
ES,1781674200,1781676000,ESU2026,1800,1786981884
ES,1781676000,1781677800,ESU2026,1800,1786981894
ES,1781677800,1781679600,ESU2026,1800,1786981904
ES,1781679600,1781681400,ESU2026,1800,1786981914
ES,1781681400,1781683200,ESU2026,1800,1786981924
ES,1781683200,1781685000,ESU2026,1800,1786981934
ES,1781685000,1781686800,ESU2026,1800,1786981944
ES,1781686800,1781688600,ESU2026,1800,1786981954
ES,1781688600,1781690400,ESU2026,1800,1786981964
ES,1781690400,1781692200,ESU2026,1800,1786981974
ES,1781692200,1781694000,ESU2026,1800,1786981984
ES,1781694000,1781695800,ESU2026,1800,1786981994
ES,1781695800,1781697600,ESU2026,1800,1786982004
ES,1781697600,1781699400,ESU2026,1800,1786982014
ES,1781699400,1781701200,ESU2026,1800,1786982024
ES,1781701200,1781703000,ESU2026,1800,1786982034
ES,1781703000,1781704800,ESU2026,1800,1786982044
ES,1781704800,1781706600,ESU2026,1800,1786982069
ES,1781706600,1781708400,ESU2026,1800,1786982079
ES,1781708400,1781710200,ESU2026,1800,1786982089
ES,1781710200,1781712000,ESU2026,1800,1786982099
ES,1781712000,1781713800,ESU2026,1800,1786982109
ES,1781713800,1781715600,ESU2026,1800,1786982119
ES,1781715600,1781717400,ESU2026,1800,1786982129
ES,1781717400,1781719200,ESU2026,1800,1786982139
ES,1781719200,1781721000,ESU2026,1800,1786982149
ES,1781721000,1781722800,ESU2026,1800,1786982159
ES,1781722800,1781724600,ESU2026,1800,1786982169
ES,1781724600,1781726400,ESU2026,1800,1786982179
ES,1781726400,1781728200,ESU2026,1800,1786982189
ES,1781728200,1781730000,ESU2026,1800,1786982199
NQ,1781733600,1781735400,NQU2026,1800,1786982209
NQ,1781735400,1781737200,NQU2026,1800,1786982219
NQ,1781737200,1781739000,NQU2026,1800,1786982229
NQ,1781739000,1781740800,NQU2026,1800,1786982239
NQ,1781740800,1781742600,NQU2026,1800,1786982249
NQ,1781742600,1781744400,NQU2026,1800,1786982259
NQ,1781744400,1781746200,NQU2026,1800,1786982269
NQ,1781746200,1781748000,NQU2026,1800,1786982279
NQ,1781748000,1781749800,NQU2026,1800,1786982289
NQ,1781749800,1781751600,NQU2026,1800,1786982299
NQ,1781751600,1781753400,NQU2026,1800,1786982309
NQ,1781753400,1781755200,NQU2026,1800,1786982319
NQ,1781755200,1781757000,NQU2026,1800,1786982329
NQ,1781757000,1781758800,NQU2026,1800,1786982339
NQ,1781758800,1781760600,NQU2026,1800,1786982349
NQ,1781760600,1781762400,NQU2026,1800,1786982359
NQ,1781762400,1781764200,NQU2026,1800,1786982369
NQ,1781764200,1781766000,NQU2026,1800,1786982379
NQ,1781766000,1781767800,NQU2026,1800,1786982389
NQ,1781767800,1781769600,NQU2026,1800,1786982399
NQ,1781769600,1781771400,NQU2026,1800,1786982409
NQ,1781771400,1781773200,NQU2026,1800,1786982419
NQ,1781773200,1781775000,NQU2026,1800,1786982429
NQ,1781775000,1781776800,NQU2026,1800,1786982439
NQ,1781776800,1781778600,NQU2026,1800,1786982449
NQ,1781778600,1781780400,NQU2026,1800,1786982459
NQ,1781780400,1781782200,NQU2026,1800,1786982469
NQ,1781782200,1781784000,NQU2026,1800,1786982479
NQ,1781784000,1781785800,NQU2026,1800,1786982489
NQ,1781785800,1781787600,NQU2026,1800,1786982499
NQ,1781787600,1781789400,NQU2026,1800,1786982509
NQ,1781789400,1781791200,NQU2026,1800,1786982519
NQ,1781791200,1781793000,NQU2026,1800,1786982529
NQ,1781793000,1781794800,NQU2026,1800,1786982539
NQ,1781794800,1781796600,NQU2026,1800,1786982549
NQ,1781796600,1781798400,NQU2026,1800,1786982559
NQ,1781798400,1781800200,NQU2026,1800,1786982569
NQ,1781800200,1781802000,NQU2026,1800,1786982579
NQ,1781802000,1781803800,NQU2026,1800,1786982589
NQ,1781803800,1781805600,NQU2026,1800,1786982599
NQ,1781805600,1781807400,NQU2026,1800,1786982609
NQ,1781807400,1781809200,NQU2026,1800,1786982619
NQ,1781809200,1781811000,NQU2026,1800,1786982629
NQ,1781811000,1781812800,NQU2026,1800,1786982639
NQ,1781812800,1781814600,NQU2026,1800,1786982649
NQ,1781814600,1781816400,NQU2026,1800,1786982659
ES,1781733600,1781735400,ESU2026,1800,1786982669
ES,1781735400,1781737200,ESU2026,1800,1786982679
ES,1781737200,1781739000,ESU2026,1800,1786982689
ES,1781739000,1781740800,ESU2026,1800,1786982699
ES,1781740800,1781742600,ESU2026,1800,1786982709
ES,1781742600,1781744400,ESU2026,1800,1786982719
ES,1781744400,1781746200,ESU2026,1800,1786982729
ES,1781746200,1781748000,ESU2026,1800,1786982739
ES,1781748000,1781749800,ESU2026,1800,1786982749
ES,1781749800,1781751600,ESU2026,1800,1786982759
ES,1781751600,1781753400,ESU2026,1800,1786982769
ES,1781753400,1781755200,ESU2026,1800,1786982779
ES,1781755200,1781757000,ESU2026,1800,1786982789
ES,1781757000,1781758800,ESU2026,1800,1786982799
ES,1781758800,1781760600,ESU2026,1800,1786982809
ES,1781760600,1781762400,ESU2026,1800,1786982819
ES,1781762400,1781764200,ESU2026,1800,1786982829
ES,1781764200,1781766000,ESU2026,1800,1786982839
ES,1781766000,1781767800,ESU2026,1800,1786982849
ES,1781767800,1781769600,ESU2026,1800,1786982859
ES,1781769600,1781771400,ESU2026,1800,1786982869
ES,1781771400,1781773200,ESU2026,1800,1786982879
ES,1781773200,1781775000,ESU2026,1800,1786982889
ES,1781775000,1781776800,ESU2026,1800,1786982899
ES,1781776800,1781778600,ESU2026,1800,1786982909
ES,1781778600,1781780400,ESU2026,1800,1786982919
ES,1781780400,1781782200,ESU2026,1800,1786982929
ES,1781782200,1781784000,ESU2026,1800,1786982939
ES,1781784000,1781785800,ESU2026,1800,1786982949
ES,1781785800,1781787600,ESU2026,1800,1786982959
ES,1781787600,1781789400,ESU2026,1800,1786982969
ES,1781789400,1781791200,ESU2026,1800,1786982985
ES,1781791200,1781793000,ESU2026,1800,1786983041
ES,1781793000,1781794800,ESU2026,1800,1786983043
ES,1781794800,1781796600,ESU2026,1800,1786983053
ES,1781796600,1781798400,ESU2026,1800,1786983062
ES,1781798400,1781800200,ESU2026,1800,1786983071
ES,1781800200,1781802000,ESU2026,1800,1786983081
ES,1781802000,1781803800,ESU2026,1800,1786983091
ES,1781803800,1781805600,ESU2026,1800,1786983101
ES,1781805600,1781807400,ESU2026,1800,1786983111
ES,1781807400,1781809200,ESU2026,1800,1786983121
ES,1781809200,1781811000,ESU2026,1800,1786983131
ES,1781811000,1781812800,ESU2026,1800,1786983141
ES,1781812800,1781814600,ESU2026,1800,1786983151
ES,1781814600,1781816400,ESU2026,1800,1786983161
NQ,1781820000,1781821800,NQU2026,1800,1786983171
NQ,1781821800,1781823600,NQU2026,1800,1786983181
NQ,1781823600,1781825400,NQU2026,1800,1786983191
NQ,1781825400,1781827200,NQU2026,1800,1786983201
NQ,1781827200,1781829000,NQU2026,1800,1786983211
NQ,1781829000,1781830800,NQU2026,1800,1786983221
NQ,1781830800,1781832600,NQU2026,1800,1786983231
NQ,1781832600,1781834400,NQU2026,1800,1786983241
NQ,1781834400,1781836200,NQU2026,1800,1786983251
NQ,1781836200,1781838000,NQU2026,1800,1786983261
NQ,1781838000,1781839800,NQU2026,1800,1786983271
NQ,1781839800,1781841600,NQU2026,1800,1786983281
NQ,1781841600,1781843400,NQU2026,1800,1786983291
NQ,1781843400,1781845200,NQU2026,1800,1786983301
NQ,1781845200,1781847000,NQU2026,1800,1786983311
NQ,1781847000,1781848800,NQU2026,1800,1786983321
NQ,1781848800,1781850600,NQU2026,1800,1786983331
NQ,1781850600,1781852400,NQU2026,1800,1786983341
NQ,1781852400,1781854200,NQU2026,1800,1786983351
NQ,1781854200,1781856000,NQU2026,1800,1786983361
NQ,1781856000,1781857800,NQU2026,1800,1786983371
NQ,1781857800,1781859600,NQU2026,1800,1786983381
NQ,1781859600,1781861400,NQU2026,1800,1786983391
NQ,1781861400,1781863200,NQU2026,1800,1786983401
NQ,1781863200,1781865000,NQU2026,1800,1786983411
NQ,1781865000,1781866800,NQU2026,1800,1786983421
NQ,1781866800,1781868600,NQU2026,1800,1786983431
NQ,1781868600,1781870400,NQU2026,1800,1786983441
NQ,1781870400,1781872200,NQU2026,1800,1786983451
NQ,1781872200,1781874000,NQU2026,1800,1786983461
NQ,1781874000,1781875800,NQU2026,1800,1786983471
NQ,1781875800,1781877600,NQU2026,1800,1786983481
NQ,1781877600,1781879400,NQU2026,1800,1786983491
NQ,1781879400,1781881200,NQU2026,1800,1786983501
NQ,1781881200,1781883000,NQU2026,1800,1786983511
NQ,1781883000,1781884800,NQU2026,1800,1786983521
NQ,1781884800,1781886600,NQU2026,1800,1786983531
NQ,1781886600,1781888400,NQU2026,1800,1786983545
NQ,1781888400,1781890200,NQU2026,1800,1786983552
NQ,1781890200,1781892000,NQU2026,1800,1786983561
NQ,1781892000,1781893800,NQU2026,1800,1786983571
NQ,1781893800,1781895600,NQU2026,1800,1786983581
NQ,1781895600,1781897400,NQU2026,1800,1786983591
NQ,1781897400,1781899200,NQU2026,1800,1786983601
NQ,1781899200,1781901000,NQU2026,1800,1786983612
NQ,1781901000,1781902800,NQU2026,1800,1786983621
ES,1781820000,1781821800,ESU2026,1800,1786983646
ES,1781821800,1781823600,ESU2026,1800,1786983656
ES,1781823600,1781825400,ESU2026,1800,1786983667
ES,1781825400,1781827200,ESU2026,1800,1786983677
ES,1781827200,1781829000,ESU2026,1800,1786983686
ES,1781829000,1781830800,ESU2026,1800,1786983698
ES,1781830800,1781832600,ESU2026,1800,1786983707
ES,1781832600,1781834400,ESU2026,1800,1786983718
ES,1781834400,1781836200,ESU2026,1800,1786983731
ES,1781836200,1781838000,ESU2026,1800,1786983738
ES,1781838000,1781839800,ESU2026,1800,1786983747
ES,1781839800,1781841600,ESU2026,1800,1786983757
ES,1781841600,1781843400,ESU2026,1800,1786983767
ES,1781843400,1781845200,ESU2026,1800,1786983777
ES,1781845200,1781847000,ESU2026,1800,1786983786
ES,1781847000,1781848800,ESU2026,1800,1786983796
ES,1781848800,1781850600,ESU2026,1800,1786983806
ES,1781850600,1781852400,ESU2026,1800,1786983816
ES,1781852400,1781854200,ESU2026,1800,1786983826
ES,1781854200,1781856000,ESU2026,1800,1786983836
ES,1781856000,1781857800,ESU2026,1800,1786983846
ES,1781857800,1781859600,ESU2026,1800,1786983856
ES,1781859600,1781861400,ESU2026,1800,1786983866
ES,1781861400,1781863200,ESU2026,1800,1786983876
ES,1781863200,1781865000,ESU2026,1800,1786983886
ES,1781865000,1781866800,ESU2026,1800,1786983896
ES,1781866800,1781868600,ESU2026,1800,1786983906
ES,1781868600,1781870400,ESU2026,1800,1786983916
ES,1781870400,1781872200,ESU2026,1800,1786983926
ES,1781872200,1781874000,ESU2026,1800,1786983936
ES,1781874000,1781875800,ESU2026,1800,1786983946
ES,1781875800,1781877600,ESU2026,1800,1786983956
ES,1781877600,1781879400,ESU2026,1800,1786983967
ES,1781879400,1781881200,ESU2026,1800,1786983976
ES,1781881200,1781883000,ESU2026,1800,1786983986
ES,1781883000,1781884800,ESU2026,1800,1786983996
ES,1781884800,1781886600,ESU2026,1800,1786984006
ES,1781886600,1781888400,ESU2026,1800,1786984016
ES,1781888400,1781890200,ESU2026,1800,1786984026
ES,1781890200,1781892000,ESU2026,1800,1786984036
ES,1781892000,1781893800,ESU2026,1800,1786984046
ES,1781893800,1781895600,ESU2026,1800,1786984056
ES,1781895600,1781897400,ESU2026,1800,1786984066
ES,1781897400,1781899200,ESU2026,1800,1786984076
ES,1781899200,1781901000,ESU2026,1800,1786984086
ES,1781901000,1781902800,ESU2026,1800,1786984096
NQ,1782079200,1782081000,NQU2026,1800,1786984107
NQ,1782081000,1782082800,NQU2026,1800,1786984116
NQ,1782082800,1782084600,NQU2026,1800,1786984126
NQ,1782084600,1782086400,NQU2026,1800,1786984136
NQ,1782086400,1782088200,NQU2026,1800,1786984146
NQ,1782088200,1782090000,NQU2026,1800,1786984156
NQ,1782090000,1782091800,NQU2026,1800,1786984166
NQ,1782091800,1782093600,NQU2026,1800,1786984176
NQ,1782093600,1782095400,NQU2026,1800,1786984186
NQ,1782095400,1782097200,NQU2026,1800,1786984196
NQ,1782097200,1782099000,NQU2026,1800,1786984206
NQ,1782099000,1782100800,NQU2026,1800,1786984216
NQ,1782100800,1782102600,NQU2026,1800,1786984226
NQ,1782102600,1782104400,NQU2026,1800,1786984236
NQ,1782104400,1782106200,NQU2026,1800,1786984246
NQ,1782106200,1782108000,NQU2026,1800,1786984256
NQ,1782108000,1782109800,NQU2026,1800,1786984267
NQ,1782109800,1782111600,NQU2026,1800,1786984276
NQ,1782111600,1782113400,NQU2026,1800,1786984286
NQ,1782113400,1782115200,NQU2026,1800,1786984296
NQ,1782115200,1782117000,NQU2026,1800,1786984306
NQ,1782117000,1782118800,NQU2026,1800,1786984316
NQ,1782118800,1782120600,NQU2026,1800,1786984326
NQ,1782120600,1782122400,NQU2026,1800,1786984336
NQ,1782122400,1782124200,NQU2026,1800,1786984346
NQ,1782124200,1782126000,NQU2026,1800,1786984356
NQ,1782126000,1782127800,NQU2026,1800,1786984366
NQ,1782127800,1782129600,NQU2026,1800,1786984376
NQ,1782129600,1782131400,NQU2026,1800,1786984386
NQ,1782131400,1782133200,NQU2026,1800,1786984396
NQ,1782133200,1782135000,NQU2026,1800,1786984406
NQ,1782135000,1782136800,NQU2026,1800,1786984416
NQ,1782136800,1782138600,NQU2026,1800,1786984427
NQ,1782138600,1782140400,NQU2026,1800,1786984437
NQ,1782140400,1782142200,NQU2026,1800,1786984447
NQ,1782142200,1782144000,NQU2026,1800,1786984457
NQ,1782144000,1782145800,NQU2026,1800,1786984467
NQ,1782145800,1782147600,NQU2026,1800,1786984477
NQ,1782147600,1782149400,NQU2026,1800,1786984490
NQ,1782149400,1782151200,NQU2026,1800,1786984501
NQ,1782151200,1782153000,NQU2026,1800,1786984510
NQ,1782153000,1782154800,NQU2026,1800,1786984521
NQ,1782154800,1782156600,NQU2026,1800,1786984529
NQ,1782156600,1782158400,NQU2026,1800,1786984537
NQ,1782158400,1782160200,NQU2026,1800,1786984547
NQ,1782160200,1782162000,NQU2026,1800,1786984557
ES,1782079200,1782081000,ESU2026,1800,1786984567
ES,1782081000,1782082800,ESU2026,1800,1786984576
ES,1782082800,1782084600,ESU2026,1800,1786984586
ES,1782084600,1782086400,ESU2026,1800,1786984596
ES,1782086400,1782088200,ESU2026,1800,1786984607
ES,1782088200,1782090000,ESU2026,1800,1786984616
ES,1782090000,1782091800,ESU2026,1800,1786984626
ES,1782091800,1782093600,ESU2026,1800,1786984636
ES,1782093600,1782095400,ESU2026,1800,1786984646
ES,1782095400,1782097200,ESU2026,1800,1786984656
ES,1782097200,1782099000,ESU2026,1800,1786984666
ES,1782099000,1782100800,ESU2026,1800,1786984676
ES,1782100800,1782102600,ESU2026,1800,1786984686
ES,1782102600,1782104400,ESU2026,1800,1786984696
ES,1782104400,1782106200,ESU2026,1800,1786984706
ES,1782106200,1782108000,ESU2026,1800,1786984716
ES,1782108000,1782109800,ESU2026,1800,1786984726
ES,1782109800,1782111600,ESU2026,1800,1786984736
ES,1782111600,1782113400,ESU2026,1800,1786984746
ES,1782113400,1782115200,ESU2026,1800,1786984756
ES,1782115200,1782117000,ESU2026,1800,1786984766
ES,1782117000,1782118800,ESU2026,1800,1786984776
ES,1782118800,1782120600,ESU2026,1800,1786984787
ES,1782120600,1782122400,ESU2026,1800,1786984796
ES,1782122400,1782124200,ESU2026,1800,1786984806
ES,1782124200,1782126000,ESU2026,1800,1786984816
ES,1782126000,1782127800,ESU2026,1800,1786984826
ES,1782127800,1782129600,ESU2026,1800,1786984836
ES,1782129600,1782131400,ESU2026,1800,1786984846
ES,1782131400,1782133200,ESU2026,1800,1786984856
ES,1782133200,1782135000,ESU2026,1800,1786984866
ES,1782135000,1782136800,ESU2026,1800,1786984877
ES,1782136800,1782138600,ESU2026,1800,1786984886
ES,1782138600,1782140400,ESU2026,1800,1786984896
ES,1782140400,1782142200,ESU2026,1800,1786984906
ES,1782142200,1782144000,ESU2026,1800,1786984916
ES,1782144000,1782145800,ESU2026,1800,1786984926
ES,1782145800,1782147600,ESU2026,1800,1786984936
ES,1782147600,1782149400,ESU2026,1800,1786984946
ES,1782149400,1782151200,ESU2026,1800,1786984956
ES,1782151200,1782153000,ESU2026,1800,1786984966
ES,1782153000,1782154800,ESU2026,1800,1786984976
ES,1782154800,1782156600,ESU2026,1800,1786984986
ES,1782156600,1782158400,ESU2026,1800,1786984996
ES,1782158400,1782160200,ESU2026,1800,1786985006
ES,1782160200,1782162000,ESU2026,1800,1786985016
NQ,1782165600,1782167400,NQU2026,1800,1786985026
NQ,1782167400,1782169200,NQU2026,1800,1786985036
NQ,1782169200,1782171000,NQU2026,1800,1786985046
NQ,1782171000,1782172800,NQU2026,1800,1786985056
NQ,1782172800,1782174600,NQU2026,1800,1786985066
NQ,1782174600,1782176400,NQU2026,1800,1786985076
NQ,1782176400,1782178200,NQU2026,1800,1786985086
NQ,1782178200,1782180000,NQU2026,1800,1786985096
NQ,1782180000,1782181800,NQU2026,1800,1786985106
NQ,1782181800,1782183600,NQU2026,1800,1786985116
NQ,1782183600,1782185400,NQU2026,1800,1786985126
NQ,1782185400,1782187200,NQU2026,1800,1786985136
NQ,1782187200,1782189000,NQU2026,1800,1786985146
NQ,1782189000,1782190800,NQU2026,1800,1786985156
NQ,1782190800,1782192600,NQU2026,1800,1786985166
NQ,1782192600,1782194400,NQU2026,1800,1786985176
NQ,1782194400,1782196200,NQU2026,1800,1786985186
NQ,1782196200,1782198000,NQU2026,1800,1786985196
NQ,1782198000,1782199800,NQU2026,1800,1786985206
NQ,1782199800,1782201600,NQU2026,1800,1786985216
NQ,1782201600,1782203400,NQU2026,1800,1786985227
NQ,1782203400,1782205200,NQU2026,1800,1786985236
NQ,1782205200,1782207000,NQU2026,1800,1786985246
NQ,1782207000,1782208800,NQU2026,1800,1786985256
NQ,1782208800,1782210600,NQU2026,1800,1786985266
NQ,1782210600,1782212400,NQU2026,1800,1786985276
NQ,1782212400,1782214200,NQU2026,1800,1786985286
NQ,1782214200,1782216000,NQU2026,1800,1786985296
NQ,1782216000,1782217800,NQU2026,1800,1786985306
NQ,1782217800,1782219600,NQU2026,1800,1786985317
NQ,1782219600,1782221400,NQU2026,1800,1786985327
NQ,1782221400,1782223200,NQU2026,1800,1786985337
NQ,1782223200,1782225000,NQU2026,1800,1786985347
NQ,1782225000,1782226800,NQU2026,1800,1786985357
NQ,1782226800,1782228600,NQU2026,1800,1786985367
NQ,1782228600,1782230400,NQU2026,1800,1786985377
NQ,1782230400,1782232200,NQU2026,1800,1786985387
NQ,1782232200,1782234000,NQU2026,1800,1786985397
NQ,1782234000,1782235800,NQU2026,1800,1786985407
NQ,1782235800,1782237600,NQU2026,1800,1786985417
NQ,1782237600,1782239400,NQU2026,1800,1786985427
NQ,1782239400,1782241200,NQU2026,1800,1786985437
NQ,1782241200,1782243000,NQU2026,1800,1786985462
NQ,1782243000,1782244800,NQU2026,1800,1786985472
NQ,1782244800,1782246600,NQU2026,1800,1786985482
NQ,1782246600,1782248400,NQU2026,1800,1786985492
ES,1782165600,1782167400,ESU2026,1800,1786985502
ES,1782167400,1782169200,ESU2026,1800,1786985512
ES,1782169200,1782171000,ESU2026,1800,1786985522
ES,1782171000,1782172800,ESU2026,1800,1786985532
ES,1782172800,1782174600,ESU2026,1800,1786985542
ES,1782174600,1782176400,ESU2026,1800,1786985552
ES,1782176400,1782178200,ESU2026,1800,1786985562
ES,1782178200,1782180000,ESU2026,1800,1786985572
ES,1782180000,1782181800,ESU2026,1800,1786985582
ES,1782181800,1782183600,ESU2026,1800,1786985592
ES,1782183600,1782185400,ESU2026,1800,1786985602
ES,1782185400,1782187200,ESU2026,1800,1786985612
ES,1782187200,1782189000,ESU2026,1800,1786985622
ES,1782189000,1782190800,ESU2026,1800,1786985632
ES,1782190800,1782192600,ESU2026,1800,1786985642
ES,1782192600,1782194400,ESU2026,1800,1786985652
ES,1782194400,1782196200,ESU2026,1800,1786985662
ES,1782196200,1782198000,ESU2026,1800,1786985672
ES,1782198000,1782199800,ESU2026,1800,1786985682
ES,1782199800,1782201600,ESU2026,1800,1786985692
ES,1782201600,1782203400,ESU2026,1800,1786985702
ES,1782203400,1782205200,ESU2026,1800,1786985712
ES,1782205200,1782207000,ESU2026,1800,1786985722
ES,1782207000,1782208800,ESU2026,1800,1786985732
ES,1782208800,1782210600,ESU2026,1800,1786985742
ES,1782210600,1782212400,ESU2026,1800,1786985752
ES,1782212400,1782214200,ESU2026,1800,1786985762
ES,1782214200,1782216000,ESU2026,1800,1786985772
ES,1782216000,1782217800,ESU2026,1800,1786985782
ES,1782217800,1782219600,ESU2026,1800,1786985792
ES,1782219600,1782221400,ESU2026,1800,1786985802
ES,1782221400,1782223200,ESU2026,1800,1786985812
ES,1782223200,1782225000,ESU2026,1800,1786985822
ES,1782225000,1782226800,ESU2026,1800,1786985832
ES,1782226800,1782228600,ESU2026,1800,1786985842
ES,1782228600,1782230400,ESU2026,1800,1786985852
ES,1782230400,1782232200,ESU2026,1800,1786985862
ES,1782232200,1782234000,ESU2026,1800,1786985872
ES,1782234000,1782235800,ESU2026,1800,1786985882
ES,1782235800,1782237600,ESU2026,1800,1786985892
ES,1782237600,1782239400,ESU2026,1800,1786985902
ES,1782239400,1782241200,ESU2026,1800,1786985912
ES,1782241200,1782243000,ESU2026,1800,1786985922
ES,1782243000,1782244800,ESU2026,1800,1786985932
ES,1782244800,1782246600,ESU2026,1800,1786985942
ES,1782246600,1782248400,ESU2026,1800,1786985952
NQ,1782252000,1782253800,NQU2026,1800,1786985962
NQ,1782253800,1782255600,NQU2026,1800,1786985972
NQ,1782255600,1782257400,NQU2026,1800,1786985982
NQ,1782257400,1782259200,NQU2026,1800,1786985992
NQ,1782259200,1782261000,NQU2026,1800,1786986002
NQ,1782261000,1782262800,NQU2026,1800,1786986012
NQ,1782262800,1782264600,NQU2026,1800,1786986022
NQ,1782264600,1782266400,NQU2026,1800,1786986032
NQ,1782266400,1782268200,NQU2026,1800,1786986042
NQ,1782268200,1782270000,NQU2026,1800,1786986052
NQ,1782270000,1782271800,NQU2026,1800,1786986062
NQ,1782271800,1782273600,NQU2026,1800,1786986072
NQ,1782273600,1782275400,NQU2026,1800,1786986082
NQ,1782275400,1782277200,NQU2026,1800,1786986092
NQ,1782277200,1782279000,NQU2026,1800,1786986102
NQ,1782279000,1782280800,NQU2026,1800,1786986112
NQ,1782280800,1782282600,NQU2026,1800,1786986122
NQ,1782282600,1782284400,NQU2026,1800,1786986132
NQ,1782284400,1782286200,NQU2026,1800,1786986142
NQ,1782286200,1782288000,NQU2026,1800,1786986152
NQ,1782288000,1782289800,NQU2026,1800,1786986162
NQ,1782289800,1782291600,NQU2026,1800,1786986172
NQ,1782291600,1782293400,NQU2026,1800,1786986182
NQ,1782293400,1782295200,NQU2026,1800,1786986192
NQ,1782295200,1782297000,NQU2026,1800,1786986202
NQ,1782297000,1782298800,NQU2026,1800,1786986212
NQ,1782298800,1782300600,NQU2026,1800,1786986222
NQ,1782300600,1782302400,NQU2026,1800,1786986232
NQ,1782302400,1782304200,NQU2026,1800,1786986242
NQ,1782304200,1782306000,NQU2026,1800,1786986252
NQ,1782306000,1782307800,NQU2026,1800,1786986262
NQ,1782307800,1782309600,NQU2026,1800,1786986272
NQ,1782309600,1782311400,NQU2026,1800,1786986282
NQ,1782311400,1782313200,NQU2026,1800,1786986292
NQ,1782313200,1782315000,NQU2026,1800,1786986302
NQ,1782315000,1782316800,NQU2026,1800,1786986312
NQ,1782316800,1782318600,NQU2026,1800,1786986322
NQ,1782318600,1782320400,NQU2026,1800,1786986332
NQ,1782320400,1782322200,NQU2026,1800,1786986342
NQ,1782322200,1782324000,NQU2026,1800,1786986352
NQ,1782324000,1782325800,NQU2026,1800,1786986362
NQ,1782325800,1782327600,NQU2026,1800,1786986372
NQ,1782327600,1782329400,NQU2026,1800,1786986382
NQ,1782329400,1782331200,NQU2026,1800,1786986392
NQ,1782331200,1782333000,NQU2026,1800,1786986402
NQ,1782333000,1782334800,NQU2026,1800,1786986412
ES,1782252000,1782253800,ESU2026,1800,1786986422
ES,1782253800,1782255600,ESU2026,1800,1786986432
ES,1782255600,1782257400,ESU2026,1800,1786986442
ES,1782257400,1782259200,ESU2026,1800,1786986452
ES,1782259200,1782261000,ESU2026,1800,1786986462
ES,1782261000,1782262800,ESU2026,1800,1786986472
ES,1782262800,1782264600,ESU2026,1800,1786986482
ES,1782264600,1782266400,ESU2026,1800,1786986492
ES,1782266400,1782268200,ESU2026,1800,1786986502
ES,1782268200,1782270000,ESU2026,1800,1786986512
ES,1782270000,1782271800,ESU2026,1800,1786986522
ES,1782271800,1782273600,ESU2026,1800,1786986532
ES,1782273600,1782275400,ESU2026,1800,1786986542
ES,1782275400,1782277200,ESU2026,1800,1786986552
ES,1782277200,1782279000,ESU2026,1800,1786986562
ES,1782279000,1782280800,ESU2026,1800,1786986572
ES,1782280800,1782282600,ESU2026,1800,1786986582
ES,1782282600,1782284400,ESU2026,1800,1786986592
ES,1782284400,1782286200,ESU2026,1800,1786986602
ES,1782286200,1782288000,ESU2026,1800,1786986612
ES,1782288000,1782289800,ESU2026,1800,1786986622
ES,1782289800,1782291600,ESU2026,1800,1786986632
ES,1782291600,1782293400,ESU2026,1800,1786986642
ES,1782293400,1782295200,ESU2026,1800,1786986652
ES,1782295200,1782297000,ESU2026,1800,1786986677
ES,1782297000,1782298800,ESU2026,1800,1786986687
ES,1782298800,1782300600,ESU2026,1800,1786986697
ES,1782300600,1782302400,ESU2026,1800,1786986707
ES,1782302400,1782304200,ESU2026,1800,1786986717
ES,1782304200,1782306000,ESU2026,1800,1786986727
ES,1782306000,1782307800,ESU2026,1800,1786986737
ES,1782307800,1782309600,ESU2026,1800,1786986747
ES,1782309600,1782311400,ESU2026,1800,1786986757
ES,1782311400,1782313200,ESU2026,1800,1786986767
ES,1782313200,1782315000,ESU2026,1800,1786986777
ES,1782315000,1782316800,ESU2026,1800,1786986787
ES,1782316800,1782318600,ESU2026,1800,1786986797
ES,1782318600,1782320400,ESU2026,1800,1786986807
ES,1782320400,1782322200,ESU2026,1800,1786986817
ES,1782322200,1782324000,ESU2026,1800,1786986827
ES,1782324000,1782325800,ESU2026,1800,1786986837
ES,1782325800,1782327600,ESU2026,1800,1786986847
ES,1782327600,1782329400,ESU2026,1800,1786986857
ES,1782329400,1782331200,ESU2026,1800,1786986867
ES,1782331200,1782333000,ESU2026,1800,1786986877
ES,1782333000,1782334800,ESU2026,1800,1786986887
NQ,1782338400,1782340200,NQU2026,1800,1786986897
NQ,1782340200,1782342000,NQU2026,1800,1786986907
NQ,1782342000,1782343800,NQU2026,1800,1786986917
NQ,1782343800,1782345600,NQU2026,1800,1786986927
NQ,1782345600,1782347400,NQU2026,1800,1786986937
NQ,1782347400,1782349200,NQU2026,1800,1786986947
NQ,1782349200,1782351000,NQU2026,1800,1786986957
NQ,1782351000,1782352800,NQU2026,1800,1786986967
NQ,1782352800,1782354600,NQU2026,1800,1786986977
NQ,1782354600,1782356400,NQU2026,1800,1786986987
NQ,1782356400,1782358200,NQU2026,1800,1786986997
NQ,1782358200,1782360000,NQU2026,1800,1786987007
NQ,1782360000,1782361800,NQU2026,1800,1786987017
NQ,1782361800,1782363600,NQU2026,1800,1786987027
NQ,1782363600,1782365400,NQU2026,1800,1786987037
NQ,1782365400,1782367200,NQU2026,1800,1786987047
NQ,1782367200,1782369000,NQU2026,1800,1786987057
NQ,1782369000,1782370800,NQU2026,1800,1786987067
NQ,1782370800,1782372600,NQU2026,1800,1786987077
NQ,1782372600,1782374400,NQU2026,1800,1786987087
NQ,1782374400,1782376200,NQU2026,1800,1786987097
NQ,1782376200,1782378000,NQU2026,1800,1786987107
NQ,1782378000,1782379800,NQU2026,1800,1786987117
NQ,1782379800,1782381600,NQU2026,1800,1786987127
NQ,1782381600,1782383400,NQU2026,1800,1786987137
NQ,1782383400,1782385200,NQU2026,1800,1786987147
NQ,1782385200,1782387000,NQU2026,1800,1786987157
NQ,1782387000,1782388800,NQU2026,1800,1786987167
NQ,1782388800,1782390600,NQU2026,1800,1786987177
NQ,1782390600,1782392400,NQU2026,1800,1786987188
NQ,1782392400,1782394200,NQU2026,1800,1786987197
NQ,1782394200,1782396000,NQU2026,1800,1786987207
NQ,1782396000,1782397800,NQU2026,1800,1786987217
NQ,1782397800,1782399600,NQU2026,1800,1786987227
NQ,1782399600,1782401400,NQU2026,1800,1786987237
NQ,1782401400,1782403200,NQU2026,1800,1786987247
NQ,1782403200,1782405000,NQU2026,1800,1786987257
NQ,1782405000,1782406800,NQU2026,1800,1786987267
NQ,1782406800,1782408600,NQU2026,1800,1786987277
NQ,1782408600,1782410400,NQU2026,1800,1786987287
NQ,1782410400,1782412200,NQU2026,1800,1786987297
NQ,1782412200,1782414000,NQU2026,1800,1786987307
NQ,1782414000,1782415800,NQU2026,1800,1786987317
NQ,1782415800,1782417600,NQU2026,1800,1786987327
NQ,1782417600,1782419400,NQU2026,1800,1786987337
NQ,1782419400,1782421200,NQU2026,1800,1786987347
ES,1782338400,1782340200,ESU2026,1800,1786987357
ES,1782340200,1782342000,ESU2026,1800,1786987367
ES,1782342000,1782343800,ESU2026,1800,1786987377
ES,1782343800,1782345600,ESU2026,1800,1786987387
ES,1782345600,1782347400,ESU2026,1800,1786987397
ES,1782347400,1782349200,ESU2026,1800,1786987407
ES,1782349200,1782351000,ESU2026,1800,1786987417
ES,1782351000,1782352800,ESU2026,1800,1786987427
ES,1782352800,1782354600,ESU2026,1800,1786987437
ES,1782354600,1782356400,ESU2026,1800,1786987447
ES,1782356400,1782358200,ESU2026,1800,1786987457
ES,1782358200,1782360000,ESU2026,1800,1786987467
ES,1782360000,1782361800,ESU2026,1800,1786987477
ES,1782361800,1782363600,ESU2026,1800,1786987487
ES,1782363600,1782365400,ESU2026,1800,1786987497
ES,1782365400,1782367200,ESU2026,1800,1786987507
ES,1782367200,1782369000,ESU2026,1800,1786987517
ES,1782369000,1782370800,ESU2026,1800,1786987527
ES,1782370800,1782372600,ESU2026,1800,1786987537
ES,1782372600,1782374400,ESU2026,1800,1786987547
ES,1782374400,1782376200,ESU2026,1800,1786987557
ES,1782376200,1782378000,ESU2026,1800,1786987567
ES,1782378000,1782379800,ESU2026,1800,1786987577
ES,1782379800,1782381600,ESU2026,1800,1786987587
ES,1782381600,1782383400,ESU2026,1800,1786987597
ES,1782383400,1782385200,ESU2026,1800,1786987607
ES,1782385200,1782387000,ESU2026,1800,1786987617
ES,1782387000,1782388800,ESU2026,1800,1786987627
ES,1782388800,1782390600,ESU2026,1800,1786987637
ES,1782390600,1782392400,ESU2026,1800,1786987647
ES,1782392400,1782394200,ESU2026,1800,1786987657
ES,1782394200,1782396000,ESU2026,1800,1786987667
ES,1782396000,1782397800,ESU2026,1800,1786987677
ES,1782397800,1782399600,ESU2026,1800,1786987687
ES,1782399600,1782401400,ESU2026,1800,1786987697
ES,1782401400,1782403200,ESU2026,1800,1786987707
ES,1782403200,1782405000,ESU2026,1800,1786987717
ES,1782405000,1782406800,ESU2026,1800,1786987727
ES,1782406800,1782408600,ESU2026,1800,1786987737
ES,1782408600,1782410400,ESU2026,1800,1786987747
ES,1782410400,1782412200,ESU2026,1800,1786987757
ES,1782412200,1782414000,ESU2026,1800,1786987767
ES,1782414000,1782415800,ESU2026,1800,1786987777
ES,1782415800,1782417600,ESU2026,1800,1786987787
ES,1782417600,1782419400,ESU2026,1800,1786987797
ES,1782419400,1782421200,ESU2026,1800,1786987807
NQ,1782424800,1782426600,NQU2026,1800,1786987817
NQ,1782426600,1782428400,NQU2026,1800,1786987827
NQ,1782428400,1782430200,NQU2026,1800,1786987837
NQ,1782430200,1782432000,NQU2026,1800,1786987847
NQ,1782432000,1782433800,NQU2026,1800,1786987857
NQ,1782433800,1782435600,NQU2026,1800,1786987867
NQ,1782435600,1782437400,NQU2026,1800,1786987877
NQ,1782437400,1782439200,NQU2026,1800,1786987887
NQ,1782439200,1782441000,NQU2026,1800,1786987897
NQ,1782441000,1782442800,NQU2026,1800,1786987907
NQ,1782442800,1782444600,NQU2026,1800,1786987917
NQ,1782444600,1782446400,NQU2026,1800,1786987927
NQ,1782446400,1782448200,NQU2026,1800,1786987937
NQ,1782448200,1782450000,NQU2026,1800,1786987947
NQ,1782450000,1782451800,NQU2026,1800,1786987957
NQ,1782451800,1782453600,NQU2026,1800,1786987967
NQ,1782453600,1782455400,NQU2026,1800,1786987977
NQ,1782455400,1782457200,NQU2026,1800,1786987987
NQ,1782457200,1782459000,NQU2026,1800,1786987997
NQ,1782459000,1782460800,NQU2026,1800,1786988007
NQ,1782460800,1782462600,NQU2026,1800,1786988017
NQ,1782462600,1782464400,NQU2026,1800,1786988027
NQ,1782464400,1782466200,NQU2026,1800,1786988037
NQ,1782466200,1782468000,NQU2026,1800,1786988047
NQ,1782468000,1782469800,NQU2026,1800,1786988057
NQ,1782469800,1782471600,NQU2026,1800,1786988067
NQ,1782471600,1782473400,NQU2026,1800,1786988077
NQ,1782473400,1782475200,NQU2026,1800,1786988087
NQ,1782475200,1782477000,NQU2026,1800,1786988097
NQ,1782477000,1782478800,NQU2026,1800,1786988107
NQ,1782478800,1782480600,NQU2026,1800,1786988117
NQ,1782480600,1782482400,NQU2026,1800,1786988127
NQ,1782482400,1782484200,NQU2026,1800,1786988137
NQ,1782484200,1782486000,NQU2026,1800,1786988147
NQ,1782486000,1782487800,NQU2026,1800,1786988157
NQ,1782487800,1782489600,NQU2026,1800,1786988167
NQ,1782489600,1782491400,NQU2026,1800,1786988177
NQ,1782491400,1782493200,NQU2026,1800,1786988187
NQ,1782493200,1782495000,NQU2026,1800,1786988197
NQ,1782495000,1782496800,NQU2026,1800,1786988207
NQ,1782496800,1782498600,NQU2026,1800,1786988217
NQ,1782498600,1782500400,NQU2026,1800,1786988227
NQ,1782500400,1782502200,NQU2026,1800,1786988237
NQ,1782502200,1782504000,NQU2026,1800,1786988247
NQ,1782504000,1782505800,NQU2026,1800,1786988257
NQ,1782505800,1782507600,NQU2026,1800,1786988267
ES,1782424800,1782426600,ESU2026,1800,1786988277
ES,1782426600,1782428400,ESU2026,1800,1786988287
ES,1782428400,1782430200,ESU2026,1800,1786988297
ES,1782430200,1782432000,ESU2026,1800,1786988307
ES,1782432000,1782433800,ESU2026,1800,1786988318
ES,1782433800,1782435600,ESU2026,1800,1786988327
ES,1782435600,1782437400,ESU2026,1800,1786988337
ES,1782437400,1782439200,ESU2026,1800,1786988347
ES,1782439200,1782441000,ESU2026,1800,1786988357
ES,1782441000,1782442800,ESU2026,1800,1786988367
ES,1782442800,1782444600,ESU2026,1800,1786988377
ES,1782444600,1782446400,ESU2026,1800,1786988387
ES,1782446400,1782448200,ESU2026,1800,1786988397
ES,1782448200,1782450000,ESU2026,1800,1786988407
ES,1782450000,1782451800,ESU2026,1800,1786988417
ES,1782451800,1782453600,ESU2026,1800,1786988427
ES,1782453600,1782455400,ESU2026,1800,1786988437
ES,1782455400,1782457200,ESU2026,1800,1786988447
ES,1782457200,1782459000,ESU2026,1800,1786988457
ES,1782459000,1782460800,ESU2026,1800,1786988467
ES,1782460800,1782462600,ESU2026,1800,1786988477
ES,1782462600,1782464400,ESU2026,1800,1786988487
ES,1782464400,1782466200,ESU2026,1800,1786988497
ES,1782466200,1782468000,ESU2026,1800,1786988507
ES,1782468000,1782469800,ESU2026,1800,1786988517
ES,1782469800,1782471600,ESU2026,1800,1786988527
ES,1782471600,1782473400,ESU2026,1800,1786988537
ES,1782473400,1782475200,ESU2026,1800,1786988547
ES,1782475200,1782477000,ESU2026,1800,1786988557
ES,1782477000,1782478800,ESU2026,1800,1786988567
ES,1782478800,1782480600,ESU2026,1800,1786988577
ES,1782480600,1782482400,ESU2026,0,1786988647
ES,1782482400,1782484200,ESU2026,1800,1786988655
ES,1782484200,1782486000,ESU2026,1800,1786988657
ES,1782486000,1782487800,ESU2026,1800,1786988667
ES,1782487800,1782489600,ESU2026,1800,1786988677
ES,1782489600,1782491400,ESU2026,1800,1786988687
ES,1782491400,1782493200,ESU2026,1800,1786988697
ES,1782493200,1782495000,ESU2026,1800,1786988707
ES,1782495000,1782496800,ESU2026,1800,1786988717
ES,1782496800,1782498600,ESU2026,1800,1786988727
ES,1782498600,1782500400,ESU2026,1800,1786988737
ES,1782500400,1782502200,ESU2026,1800,1786988747
ES,1782502200,1782504000,ESU2026,1800,1786988757
ES,1782504000,1782505800,ESU2026,1800,1786988767
ES,1782505800,1782507600,ESU2026,1800,1786988777
NQ,1782684000,1782685800,NQU2026,1800,1786988787
NQ,1782685800,1782687600,NQU2026,1800,1786988797
NQ,1782687600,1782689400,NQU2026,1800,1786988807
NQ,1782689400,1782691200,NQU2026,1800,1786988817
NQ,1782691200,1782693000,NQU2026,1800,1786988827
NQ,1782693000,1782694800,NQU2026,1800,1786988838
NQ,1782694800,1782696600,NQU2026,1800,1786988847
NQ,1782696600,1782698400,NQU2026,1800,1786988857
NQ,1782698400,1782700200,NQU2026,1800,1786988867
NQ,1782700200,1782702000,NQU2026,1800,1786988877
NQ,1782702000,1782703800,NQU2026,1800,1786988887
NQ,1782703800,1782705600,NQU2026,1800,1786988897
NQ,1782705600,1782707400,NQU2026,1800,1786988907
NQ,1782707400,1782709200,NQU2026,1800,1786988917
NQ,1782709200,1782711000,NQU2026,1800,1786988927
NQ,1782711000,1782712800,NQU2026,1800,1786988937
NQ,1782712800,1782714600,NQU2026,1800,1786988947
NQ,1782714600,1782716400,NQU2026,1800,1786988957
NQ,1782716400,1782718200,NQU2026,1800,1786988967
NQ,1782718200,1782720000,NQU2026,1800,1786988977
NQ,1782720000,1782721800,NQU2026,1800,1786988987
NQ,1782721800,1782723600,NQU2026,1800,1786988997
NQ,1782723600,1782725400,NQU2026,1800,1786989007
NQ,1782725400,1782727200,NQU2026,1800,1786989017
NQ,1782727200,1782729000,NQU2026,1800,1786989027
NQ,1782729000,1782730800,NQU2026,1800,1786989037
NQ,1782730800,1782732600,NQU2026,1800,1786989047
NQ,1782732600,1782734400,NQU2026,1800,1786989057
NQ,1782734400,1782736200,NQU2026,1800,1786989067
NQ,1782736200,1782738000,NQU2026,1800,1786989077
NQ,1782738000,1782739800,NQU2026,1800,1786989087
NQ,1782739800,1782741600,NQU2026,1800,1786989097
NQ,1782741600,1782743400,NQU2026,1800,1786989107
NQ,1782743400,1782745200,NQU2026,1800,1786989117
NQ,1782745200,1782747000,NQU2026,1800,1786989127
NQ,1782747000,1782748800,NQU2026,1800,1786989137
NQ,1782748800,1782750600,NQU2026,1800,1786989147
NQ,1782750600,1782752400,NQU2026,1800,1786989157
NQ,1782752400,1782754200,NQU2026,1800,1786989167
NQ,1782754200,1782756000,NQU2026,1800,1786989177
NQ,1782756000,1782757800,NQU2026,1800,1786989187
NQ,1782757800,1782759600,NQU2026,1800,1786989197
NQ,1782759600,1782761400,NQU2026,1800,1786989207
NQ,1782761400,1782763200,NQU2026,1800,1786989217
NQ,1782763200,1782765000,NQU2026,1800,1786989227
NQ,1782765000,1782766800,NQU2026,1800,1786989237
ES,1782684000,1782685800,ESU2026,1800,1786989263
ES,1782685800,1782687600,ESU2026,1800,1786989273
ES,1782687600,1782689400,ESU2026,1800,1786989283
ES,1782689400,1782691200,ESU2026,1800,1786989293
ES,1782691200,1782693000,ESU2026,1800,1786989303
ES,1782693000,1782694800,ESU2026,1800,1786989313
ES,1782694800,1782696600,ESU2026,1800,1786989323
ES,1782696600,1782698400,ESU2026,1800,1786989333
ES,1782698400,1782700200,ESU2026,1800,1786989343
ES,1782700200,1782702000,ESU2026,1800,1786989353
ES,1782702000,1782703800,ESU2026,1800,1786989363
ES,1782703800,1782705600,ESU2026,1800,1786989373
ES,1782705600,1782707400,ESU2026,1800,1786989383
ES,1782707400,1782709200,ESU2026,1800,1786989393
ES,1782709200,1782711000,ESU2026,1800,1786989403
ES,1782711000,1782712800,ESU2026,1800,1786989413
ES,1782712800,1782714600,ESU2026,1800,1786989423
ES,1782714600,1782716400,ESU2026,1800,1786989433
ES,1782716400,1782718200,ESU2026,1800,1786989443
ES,1782718200,1782720000,ESU2026,1800,1786989453
ES,1782720000,1782721800,ESU2026,1800,1786989463
ES,1782721800,1782723600,ESU2026,1800,1786989473
ES,1782723600,1782725400,ESU2026,1800,1786989483
ES,1782725400,1782727200,ESU2026,1800,1786989493
ES,1782727200,1782729000,ESU2026,1800,1786989503
ES,1782729000,1782730800,ESU2026,1800,1786989513
ES,1782730800,1782732600,ESU2026,1800,1786989523
ES,1782732600,1782734400,ESU2026,1800,1786989533
ES,1782734400,1782736200,ESU2026,1800,1786989543
ES,1782736200,1782738000,ESU2026,1800,1786989553
ES,1782738000,1782739800,ESU2026,1800,1786989563
ES,1782739800,1782741600,ESU2026,1800,1786989573
ES,1782741600,1782743400,ESU2026,1800,1786989583
ES,1782743400,1782745200,ESU2026,1800,1786989593
ES,1782745200,1782747000,ESU2026,1800,1786989603
ES,1782747000,1782748800,ESU2026,1800,1786989613
ES,1782748800,1782750600,ESU2026,1800,1786989623
ES,1782750600,1782752400,ESU2026,1800,1786989633
ES,1782752400,1782754200,ESU2026,1800,1786989643
ES,1782754200,1782756000,ESU2026,1800,1786989653
ES,1782756000,1782757800,ESU2026,1800,1786989663
ES,1782757800,1782759600,ESU2026,1800,1786989673
ES,1782759600,1782761400,ESU2026,1800,1786989683
ES,1782761400,1782763200,ESU2026,1800,1786989693
ES,1782763200,1782765000,ESU2026,1800,1786989703
ES,1782765000,1782766800,ESU2026,1800,1786989713
NQ,1782770400,1782772200,NQU2026,1800,1786989723
NQ,1782772200,1782774000,NQU2026,1800,1786989733
NQ,1782774000,1782775800,NQU2026,1800,1786989743
NQ,1782775800,1782777600,NQU2026,1800,1786989753
NQ,1782777600,1782779400,NQU2026,1800,1786989763
NQ,1782779400,1782781200,NQU2026,1800,1786989773
NQ,1782781200,1782783000,NQU2026,1800,1786989783
NQ,1782783000,1782784800,NQU2026,1800,1786989793
NQ,1782784800,1782786600,NQU2026,1800,1786989803
NQ,1782786600,1782788400,NQU2026,1800,1786989813
NQ,1782788400,1782790200,NQU2026,1800,1786989824
NQ,1782790200,1782792000,NQU2026,1800,1786989836
NQ,1782792000,1782793800,NQU2026,1800,1786989846
NQ,1782793800,1782795600,NQU2026,1800,1786989857
NQ,1782795600,1782797400,NQU2026,1800,1786989865
NQ,1782797400,1782799200,NQU2026,1800,1786989873
NQ,1782799200,1782801000,NQU2026,1800,1786989883
NQ,1782801000,1782802800,NQU2026,1800,1786989906
NQ,1782802800,1782804600,NQU2026,1800,1786989908
NQ,1782804600,1782806400,NQU2026,1800,1786989918
NQ,1782806400,1782808200,NQU2026,1800,1786989929
NQ,1782808200,1782810000,NQU2026,1800,1786989941
NQ,1782810000,1782811800,NQU2026,1800,1786989947
NQ,1782811800,1782813600,NQU2026,1800,1786989957
NQ,1782813600,1782815400,NQU2026,1800,1786989967
NQ,1782815400,1782817200,NQU2026,1800,1786989977
NQ,1782817200,1782819000,NQU2026,1800,1786989987
NQ,1782819000,1782820800,NQU2026,1800,1786989997
NQ,1782820800,1782822600,NQU2026,1800,1786990007
NQ,1782822600,1782824400,NQU2026,1800,1786990017
NQ,1782824400,1782826200,NQU2026,1800,1786990027
NQ,1782826200,1782828000,NQU2026,1800,1786990038
NQ,1782828000,1782829800,NQU2026,1800,1786990051
NQ,1782829800,1782831600,NQU2026,1800,1786990060
NQ,1782831600,1782833400,NQU2026,1800,1786990070
NQ,1782833400,1782835200,NQU2026,1800,1786990081
NQ,1782835200,1782837000,NQU2026,1800,1786990087
NQ,1782837000,1782838800,NQU2026,1800,1786990097
NQ,1782838800,1782840600,NQU2026,1800,1786990107
NQ,1782840600,1782842400,NQU2026,1800,1786990117
NQ,1782842400,1782844200,NQU2026,1800,1786990127
NQ,1782844200,1782846000,NQU2026,1800,1786990137
NQ,1782846000,1782847800,NQU2026,1800,1786990147
NQ,1782847800,1782849600,NQU2026,1800,1786990157
NQ,1782849600,1782851400,NQU2026,1800,1786990167
NQ,1782851400,1782853200,NQU2026,1800,1786990177
ES,1782770400,1782772200,ESU2026,1800,1786990187
ES,1782772200,1782774000,ESU2026,1800,1786990196
ES,1782774000,1782775800,ESU2026,1800,1786990207
ES,1782775800,1782777600,ESU2026,1800,1786990217
ES,1782777600,1782779400,ESU2026,1800,1786990227
ES,1782779400,1782781200,ESU2026,1800,1786990237
ES,1782781200,1782783000,ESU2026,1800,1786990247
ES,1782783000,1782784800,ESU2026,1800,1786990257
ES,1782784800,1782786600,ESU2026,1800,1786990267
ES,1782786600,1782788400,ESU2026,1800,1786990277
ES,1782788400,1782790200,ESU2026,1800,1786990287
ES,1782790200,1782792000,ESU2026,1800,1786990297
ES,1782792000,1782793800,ESU2026,1800,1786990307
ES,1782793800,1782795600,ESU2026,1800,1786990317
ES,1782795600,1782797400,ESU2026,1800,1786990327
ES,1782797400,1782799200,ESU2026,1800,1786990337
ES,1782799200,1782801000,ESU2026,1800,1786990347
ES,1782801000,1782802800,ESU2026,1800,1786990357
ES,1782802800,1782804600,ESU2026,1800,1786990367
ES,1782804600,1782806400,ESU2026,1800,1786990377
ES,1782806400,1782808200,ESU2026,1800,1786990387
ES,1782808200,1782810000,ESU2026,1800,1786990397
ES,1782810000,1782811800,ESU2026,1800,1786990407
ES,1782811800,1782813600,ESU2026,1800,1786990417
ES,1782813600,1782815400,ESU2026,1800,1786990427
ES,1782815400,1782817200,ESU2026,1800,1786990437
ES,1782817200,1782819000,ESU2026,1800,1786990447
ES,1782819000,1782820800,ESU2026,1800,1786990457
ES,1782820800,1782822600,ESU2026,1800,1786990467
ES,1782822600,1782824400,ESU2026,1800,1786990477
ES,1782824400,1782826200,ESU2026,1800,1786990487
ES,1782826200,1782828000,ESU2026,1800,1786990497
ES,1782828000,1782829800,ESU2026,1800,1786990507
ES,1782829800,1782831600,ESU2026,1800,1786990517
ES,1782831600,1782833400,ESU2026,1800,1786990527
ES,1782833400,1782835200,ESU2026,1800,1786990537
ES,1782835200,1782837000,ESU2026,1800,1786990547
ES,1782837000,1782838800,ESU2026,1800,1786990557
ES,1782838800,1782840600,ESU2026,1800,1786990567
ES,1782840600,1782842400,ESU2026,1800,1786990577
ES,1782842400,1782844200,ESU2026,1800,1786990587
ES,1782844200,1782846000,ESU2026,1800,1786990597
ES,1782846000,1782847800,ESU2026,1800,1786990607
ES,1782847800,1782849600,ESU2026,1800,1786990617
ES,1782849600,1782851400,ESU2026,1800,1786990627
ES,1782851400,1782853200,ESU2026,1800,1786990637
NQ,1782856800,1782858600,NQU2026,1800,1786990647
NQ,1782858600,1782860400,NQU2026,1800,1786990657
NQ,1782860400,1782862200,NQU2026,1800,1786990667
NQ,1782862200,1782864000,NQU2026,1800,1786990677
NQ,1782864000,1782865800,NQU2026,1800,1786990687
NQ,1782865800,1782867600,NQU2026,1800,1786990697
NQ,1782867600,1782869400,NQU2026,1800,1786990707
NQ,1782869400,1782871200,NQU2026,1800,1786990717
NQ,1782871200,1782873000,NQU2026,1800,1786990727
NQ,1782873000,1782874800,NQU2026,1800,1786990737
NQ,1782874800,1782876600,NQU2026,1800,1786990747
NQ,1782876600,1782878400,NQU2026,1800,1786990757
NQ,1782878400,1782880200,NQU2026,1800,1786990767
NQ,1782880200,1782882000,NQU2026,1800,1786990777
NQ,1782882000,1782883800,NQU2026,1800,1786990787
NQ,1782883800,1782885600,NQU2026,1800,1786990797
NQ,1782885600,1782887400,NQU2026,1800,1786990807
NQ,1782887400,1782889200,NQU2026,1800,1786990817
NQ,1782889200,1782891000,NQU2026,1800,1786990827
NQ,1782891000,1782892800,NQU2026,1800,1786990837
NQ,1782892800,1782894600,NQU2026,1800,1786990847
NQ,1782894600,1782896400,NQU2026,1800,1786990857
NQ,1782896400,1782898200,NQU2026,1800,1786990867
NQ,1782898200,1782900000,NQU2026,1800,1786990877
NQ,1782900000,1782901800,NQU2026,1800,1786990887
NQ,1782901800,1782903600,NQU2026,1800,1786990897
NQ,1782903600,1782905400,NQU2026,1800,1786990907
NQ,1782905400,1782907200,NQU2026,1800,1786990917
NQ,1782907200,1782909000,NQU2026,1800,1786990927
NQ,1782909000,1782910800,NQU2026,1800,1786990937
NQ,1782910800,1782912600,NQU2026,1800,1786990947
NQ,1782912600,1782914400,NQU2026,1800,1786990957
NQ,1782914400,1782916200,NQU2026,1800,1786990967
NQ,1782916200,1782918000,NQU2026,1800,1786990977
NQ,1782918000,1782919800,NQU2026,1800,1786990987
NQ,1782919800,1782921600,NQU2026,1800,1786990997
NQ,1782921600,1782923400,NQU2026,1800,1786991007
NQ,1782923400,1782925200,NQU2026,1800,1786991017
NQ,1782925200,1782927000,NQU2026,1800,1786991027
NQ,1782927000,1782928800,NQU2026,1800,1786991037
NQ,1782928800,1782930600,NQU2026,1800,1786991047
NQ,1782930600,1782932400,NQU2026,1800,1786991057
NQ,1782932400,1782934200,NQU2026,1800,1786991067
NQ,1782934200,1782936000,NQU2026,1800,1786991077
NQ,1782936000,1782937800,NQU2026,1800,1786991087
NQ,1782937800,1782939600,NQU2026,1800,1786991097
ES,1782856800,1782858600,ESU2026,1800,1786991107
ES,1782858600,1782860400,ESU2026,1800,1786991117
ES,1782860400,1782862200,ESU2026,1800,1786991127
ES,1782862200,1782864000,ESU2026,1800,1786991137
ES,1782864000,1782865800,ESU2026,1800,1786991147
ES,1782865800,1782867600,ESU2026,1800,1786991157
ES,1782867600,1782869400,ESU2026,1800,1786991167
ES,1782869400,1782871200,ESU2026,1800,1786991177
ES,1782871200,1782873000,ESU2026,1800,1786991187
ES,1782873000,1782874800,ESU2026,1800,1786991197
ES,1782874800,1782876600,ESU2026,1800,1786991207
ES,1782876600,1782878400,ESU2026,1800,1786991217
ES,1782878400,1782880200,ESU2026,1800,1786991227
ES,1782880200,1782882000,ESU2026,1800,1786991237
ES,1782882000,1782883800,ESU2026,1800,1786991247
ES,1782883800,1782885600,ESU2026,1800,1786991257
ES,1782885600,1782887400,ESU2026,1800,1786991267
ES,1782887400,1782889200,ESU2026,1800,1786991277
ES,1782889200,1782891000,ESU2026,1800,1786991287
ES,1782891000,1782892800,ESU2026,1800,1786991297
ES,1782892800,1782894600,ESU2026,1800,1786991307
ES,1782894600,1782896400,ESU2026,1800,1786991317
ES,1782896400,1782898200,ESU2026,1800,1786991327
ES,1782898200,1782900000,ESU2026,1800,1786991337
ES,1782900000,1782901800,ESU2026,1800,1786991347
ES,1782901800,1782903600,ESU2026,1800,1786991357
ES,1782903600,1782905400,ESU2026,1800,1786991367
ES,1782905400,1782907200,ESU2026,1800,1786991377
ES,1782907200,1782909000,ESU2026,1800,1786991387
ES,1782909000,1782910800,ESU2026,1800,1786991397
ES,1782910800,1782912600,ESU2026,1800,1786991407
ES,1782912600,1782914400,ESU2026,1800,1786991417
ES,1782914400,1782916200,ESU2026,1800,1786991427
ES,1782916200,1782918000,ESU2026,1800,1786991437
ES,1782918000,1782919800,ESU2026,1800,1786991447
ES,1782919800,1782921600,ESU2026,1800,1786991457
ES,1782921600,1782923400,ESU2026,1800,1786991467
ES,1782923400,1782925200,ESU2026,1800,1786991477
ES,1782925200,1782927000,ESU2026,1800,1786991487
ES,1782927000,1782928800,ESU2026,1800,1786991497
ES,1782928800,1782930600,ESU2026,1800,1786991507
ES,1782930600,1782932400,ESU2026,1800,1786991517
ES,1782932400,1782934200,ESU2026,1800,1786991527
ES,1782934200,1782936000,ESU2026,1800,1786991537
ES,1782936000,1782937800,ESU2026,1800,1786991547
ES,1782937800,1782939600,ESU2026,1800,1786991557
NQ,1782943200,1782945000,NQU2026,1800,1786991567
NQ,1782945000,1782946800,NQU2026,1800,1786991577
NQ,1782946800,1782948600,NQU2026,1800,1786991587
NQ,1782948600,1782950400,NQU2026,1800,1786991597
NQ,1782950400,1782952200,NQU2026,1800,1786991607
NQ,1782952200,1782954000,NQU2026,1800,1786991617
NQ,1782954000,1782955800,NQU2026,1800,1786991627
NQ,1782955800,1782957600,NQU2026,1800,1786991637
NQ,1782957600,1782959400,NQU2026,1800,1786991647
NQ,1782959400,1782961200,NQU2026,1800,1786991657
NQ,1782961200,1782963000,NQU2026,1800,1786991667
NQ,1782963000,1782964800,NQU2026,1800,1786991677
NQ,1782964800,1782966600,NQU2026,1800,1786991687
NQ,1782966600,1782968400,NQU2026,1800,1786991697
NQ,1782968400,1782970200,NQU2026,1800,1786991707
NQ,1782970200,1782972000,NQU2026,1800,1786991717
NQ,1782972000,1782973800,NQU2026,1800,1786991727
NQ,1782973800,1782975600,NQU2026,1800,1786991755
NQ,1782975600,1782977400,NQU2026,1800,1786991768
NQ,1782977400,1782979200,NQU2026,1800,1786991779
NQ,1782979200,1782981000,NQU2026,1800,1786991784
NQ,1782981000,1782982800,NQU2026,1800,1786991790
NQ,1782982800,1782984600,NQU2026,1800,1786991800
NQ,1782984600,1782986400,NQU2026,1800,1786991809
NQ,1782986400,1782988200,NQU2026,1800,1786991819
NQ,1782988200,1782990000,NQU2026,1800,1786991829
NQ,1782990000,1782991800,NQU2026,1800,1786991839
NQ,1782991800,1782993600,NQU2026,1800,1786991849
NQ,1782993600,1782995400,NQU2026,1800,1786991859
NQ,1782995400,1782997200,NQU2026,1800,1786991869
NQ,1782997200,1782999000,NQU2026,1800,1786991879
NQ,1782999000,1783000800,NQU2026,1800,1786991889
NQ,1783000800,1783002600,NQU2026,1800,1786991899
NQ,1783002600,1783004400,NQU2026,1800,1786991909
NQ,1783004400,1783006200,NQU2026,1800,1786991919
NQ,1783006200,1783008000,NQU2026,1800,1786991929
NQ,1783008000,1783009800,NQU2026,1800,1786991939
NQ,1783009800,1783011600,NQU2026,1800,1786991949
NQ,1783011600,1783013400,NQU2026,1800,1786991959
NQ,1783013400,1783015200,NQU2026,1800,1786991969
NQ,1783015200,1783017000,NQU2026,1800,1786991979
NQ,1783017000,1783018800,NQU2026,1800,1786991989
NQ,1783018800,1783020600,NQU2026,1800,1786991999
NQ,1783020600,1783022400,NQU2026,1800,1786992009
NQ,1783022400,1783024200,NQU2026,1800,1786992019
NQ,1783024200,1783026000,NQU2026,1800,1786992029
ES,1782943200,1782945000,ESU2026,1800,1786992039
ES,1782945000,1782946800,ESU2026,1800,1786992049
ES,1782946800,1782948600,ESU2026,1800,1786992059
ES,1782948600,1782950400,ESU2026,1800,1786992069
ES,1782950400,1782952200,ESU2026,1800,1786992079
ES,1782952200,1782954000,ESU2026,1800,1786992089
ES,1782954000,1782955800,ESU2026,1800,1786992099
ES,1782955800,1782957600,ESU2026,1800,1786992109
ES,1782957600,1782959400,ESU2026,1800,1786992119
ES,1782959400,1782961200,ESU2026,1800,1786992129
ES,1782961200,1782963000,ESU2026,1800,1786992139
ES,1782963000,1782964800,ESU2026,1800,1786992149
ES,1782964800,1782966600,ESU2026,1800,1786992159
ES,1782966600,1782968400,ESU2026,1800,1786992169
ES,1782968400,1782970200,ESU2026,1800,1786992179
ES,1782970200,1782972000,ESU2026,1800,1786992189
ES,1782972000,1782973800,ESU2026,1800,1786992199
ES,1782973800,1782975600,ESU2026,1800,1786992209
ES,1782975600,1782977400,ESU2026,1800,1786992219
ES,1782977400,1782979200,ESU2026,1800,1786992229
ES,1782979200,1782981000,ESU2026,1800,1786992239
ES,1782981000,1782982800,ESU2026,1800,1786992249
ES,1782982800,1782984600,ESU2026,1800,1786992259
ES,1782984600,1782986400,ESU2026,1800,1786992269
ES,1782986400,1782988200,ESU2026,1800,1786992279
ES,1782988200,1782990000,ESU2026,1800,1786992289
ES,1782990000,1782991800,ESU2026,1800,1786992299
ES,1782991800,1782993600,ESU2026,1800,1786992309
ES,1782993600,1782995400,ESU2026,1800,1786992319
ES,1782995400,1782997200,ESU2026,1800,1786992329
ES,1782997200,1782999000,ESU2026,1800,1786992339
ES,1782999000,1783000800,ESU2026,1800,1786992349
ES,1783000800,1783002600,ESU2026,1800,1786992359
ES,1783002600,1783004400,ESU2026,1800,1786992369
ES,1783004400,1783006200,ESU2026,1800,1786992379
ES,1783006200,1783008000,ESU2026,1800,1786992389
ES,1783008000,1783009800,ESU2026,1800,1786992399
ES,1783009800,1783011600,ESU2026,1800,1786992409
ES,1783011600,1783013400,ESU2026,1800,1786992419
ES,1783013400,1783015200,ESU2026,1800,1786992429
ES,1783015200,1783017000,ESU2026,1800,1786992439
ES,1783017000,1783018800,ESU2026,1800,1786992449
ES,1783018800,1783020600,ESU2026,1800,1786992459
ES,1783020600,1783022400,ESU2026,1800,1786992469
ES,1783022400,1783024200,ESU2026,1800,1786992479
ES,1783024200,1783026000,ESU2026,1800,1786992489
NQ,1783029600,1783031400,NQU2026,1800,1786992499
NQ,1783031400,1783033200,NQU2026,1800,1786992509
NQ,1783033200,1783035000,NQU2026,1800,1786992519
NQ,1783035000,1783036800,NQU2026,1800,1786992529
NQ,1783036800,1783038600,NQU2026,1800,1786992539
NQ,1783038600,1783040400,NQU2026,1800,1786992549
NQ,1783040400,1783042200,NQU2026,1800,1786992559
NQ,1783042200,1783044000,NQU2026,1800,1786992569
NQ,1783044000,1783045800,NQU2026,1800,1786992579
NQ,1783045800,1783047600,NQU2026,1800,1786992589
NQ,1783047600,1783049400,NQU2026,1800,1786992599
NQ,1783049400,1783051200,NQU2026,1800,1786992609
NQ,1783051200,1783053000,NQU2026,1800,1786992619
NQ,1783053000,1783054800,NQU2026,1800,1786992629
NQ,1783054800,1783056600,NQU2026,1800,1786992639
NQ,1783056600,1783058400,NQU2026,1800,1786992649
NQ,1783058400,1783060200,NQU2026,1800,1786992659
NQ,1783060200,1783062000,NQU2026,1800,1786992670
NQ,1783062000,1783063800,NQU2026,1800,1786992680
NQ,1783063800,1783065600,NQU2026,1800,1786992690
NQ,1783065600,1783067400,NQU2026,1800,1786992700
NQ,1783067400,1783069200,NQU2026,1800,1786992710
NQ,1783069200,1783071000,NQU2026,1800,1786992720
NQ,1783071000,1783072800,NQU2026,1800,1786992730
NQ,1783072800,1783074600,NQU2026,1800,1786992740
NQ,1783074600,1783076400,NQU2026,1800,1786992750
NQ,1783076400,1783078200,NQU2026,1800,1786992760
NQ,1783078200,1783080000,NQU2026,1800,1786992770
NQ,1783080000,1783081800,NQU2026,1800,1786992780
NQ,1783081800,1783083600,NQU2026,1800,1786992789
NQ,1783083600,1783085400,NQU2026,1800,1786992799
NQ,1783085400,1783087200,NQU2026,1800,1786992809
NQ,1783087200,1783089000,NQU2026,1800,1786992820
NQ,1783089000,1783090800,NQU2026,1800,1786992829
NQ,1783090800,1783092600,NQU2026,1800,1786992839
NQ,1783092600,1783094400,NQU2026,1800,1786992850
NQ,1783094400,1783096200,NQU2026,1800,1786992859
NQ,1783096200,1783098000,NQU2026,1800,1786992869
NQ,1783098000,1783099800,NQU2026,1800,1786992879
NQ,1783099800,1783101600,NQU2026,1800,1786992889
NQ,1783101600,1783103400,NQU2026,1800,1786992899
NQ,1783103400,1783105200,NQU2026,1800,1786992909
NQ,1783105200,1783107000,NQU2026,1800,1786992919
NQ,1783107000,1783108800,NQU2026,1800,1786992929
NQ,1783108800,1783110600,NQU2026,1800,1786992939
NQ,1783110600,1783112400,NQU2026,1800,1786992949
ES,1783029600,1783031400,ESU2026,1800,1786992959
ES,1783031400,1783033200,ESU2026,1800,1786992969
ES,1783033200,1783035000,ESU2026,1800,1786992979
ES,1783035000,1783036800,ESU2026,1800,1786992989
ES,1783036800,1783038600,ESU2026,1800,1786992999
ES,1783038600,1783040400,ESU2026,1800,1786993009
ES,1783040400,1783042200,ESU2026,1800,1786993019
ES,1783042200,1783044000,ESU2026,1800,1786993029
ES,1783044000,1783045800,ESU2026,1800,1786993039
ES,1783045800,1783047600,ESU2026,1800,1786993049
ES,1783047600,1783049400,ESU2026,1800,1786993059
ES,1783049400,1783051200,ESU2026,1800,1786993069
ES,1783051200,1783053000,ESU2026,1800,1786993079
ES,1783053000,1783054800,ESU2026,1800,1786993089
ES,1783054800,1783056600,ESU2026,1800,1786993099
ES,1783056600,1783058400,ESU2026,1800,1786993109
ES,1783058400,1783060200,ESU2026,1800,1786993119
ES,1783060200,1783062000,ESU2026,1800,1786993129
ES,1783062000,1783063800,ESU2026,1800,1786993139
ES,1783063800,1783065600,ESU2026,1800,1786993149
ES,1783065600,1783067400,ESU2026,1800,1786993159
ES,1783067400,1783069200,ESU2026,1800,1786993169
ES,1783069200,1783071000,ESU2026,1800,1786993180
ES,1783071000,1783072800,ESU2026,1800,1786993189
ES,1783072800,1783074600,ESU2026,1800,1786993199
ES,1783074600,1783076400,ESU2026,1800,1786993209
ES,1783076400,1783078200,ESU2026,1800,1786993220
ES,1783078200,1783080000,ESU2026,1800,1786993229
ES,1783080000,1783081800,ESU2026,1800,1786993239
ES,1783081800,1783083600,ESU2026,1800,1786993249
ES,1783083600,1783085400,ESU2026,1800,1786993259
ES,1783085400,1783087200,ESU2026,1800,1786993269
ES,1783087200,1783089000,ESU2026,1800,1786993279
ES,1783089000,1783090800,ESU2026,1800,1786993289
ES,1783090800,1783092600,ESU2026,1800,1786993299
ES,1783092600,1783094400,ESU2026,1800,1786993309
ES,1783094400,1783096200,ESU2026,1800,1786993319
ES,1783096200,1783098000,ESU2026,1800,1786993329
ES,1783098000,1783099800,ESU2026,1800,1786993339
ES,1783099800,1783101600,ESU2026,1800,1786993350
ES,1783101600,1783103400,ESU2026,1800,1786993365
ES,1783103400,1783105200,ESU2026,1800,1786993371
ES,1783105200,1783107000,ESU2026,1800,1786993383
ES,1783107000,1783108800,ESU2026,1800,1786993392
ES,1783108800,1783110600,ESU2026,1800,1786993403
ES,1783110600,1783112400,ESU2026,1800,1786993410
NQ,1783288800,1783290600,NQU2026,1800,1786993420
NQ,1783290600,1783292400,NQU2026,1800,1786993430
NQ,1783292400,1783294200,NQU2026,1800,1786993440
NQ,1783294200,1783296000,NQU2026,1800,1786993450
NQ,1783296000,1783297800,NQU2026,1800,1786993460
NQ,1783297800,1783299600,NQU2026,1800,1786993470
NQ,1783299600,1783301400,NQU2026,1800,1786993480
NQ,1783301400,1783303200,NQU2026,1800,1786993490
NQ,1783303200,1783305000,NQU2026,1800,1786993500
NQ,1783305000,1783306800,NQU2026,1800,1786993510
NQ,1783306800,1783308600,NQU2026,1800,1786993519
NQ,1783308600,1783310400,NQU2026,1800,1786993529
NQ,1783310400,1783312200,NQU2026,1800,1786993539
NQ,1783312200,1783314000,NQU2026,1800,1786993549
NQ,1783314000,1783315800,NQU2026,1800,1786993559
NQ,1783315800,1783317600,NQU2026,1800,1786993569
NQ,1783317600,1783319400,NQU2026,1800,1786993579
NQ,1783319400,1783321200,NQU2026,1800,1786993589
NQ,1783321200,1783323000,NQU2026,1800,1786993599
NQ,1783323000,1783324800,NQU2026,1800,1786993609
NQ,1783324800,1783326600,NQU2026,1800,1786993619
NQ,1783326600,1783328400,NQU2026,1800,1786993629
NQ,1783328400,1783330200,NQU2026,1800,1786993639
NQ,1783330200,1783332000,NQU2026,1800,1786993649
NQ,1783332000,1783333800,NQU2026,1800,1786993660
NQ,1783333800,1783335600,NQU2026,1800,1786993669
NQ,1783335600,1783337400,NQU2026,1800,1786993679
NQ,1783337400,1783339200,NQU2026,1800,1786993689
NQ,1783339200,1783341000,NQU2026,1800,1786993699
NQ,1783341000,1783342800,NQU2026,1800,1786993709
NQ,1783342800,1783344600,NQU2026,1800,1786993719
NQ,1783344600,1783346400,NQU2026,1800,1786993730
NQ,1783346400,1783348200,NQU2026,1800,1786993740
NQ,1783348200,1783350000,NQU2026,1800,1786993750
NQ,1783350000,1783351800,NQU2026,1800,1786993760
NQ,1783351800,1783353600,NQU2026,1800,1786993770
NQ,1783353600,1783355400,NQU2026,1800,1786993779
NQ,1783355400,1783357200,NQU2026,1800,1786993790
NQ,1783357200,1783359000,NQU2026,1800,1786993800
NQ,1783359000,1783360800,NQU2026,1800,1786993810
NQ,1783360800,1783362600,NQU2026,1800,1786993820
NQ,1783362600,1783364400,NQU2026,1800,1786993829
NQ,1783364400,1783366200,NQU2026,1800,1786993840
NQ,1783366200,1783368000,NQU2026,1800,1786993850
NQ,1783368000,1783369800,NQU2026,1800,1786993859
NQ,1783369800,1783371600,NQU2026,1800,1786993869
ES,1783288800,1783290600,ESU2026,1800,1786993879
ES,1783290600,1783292400,ESU2026,1800,1786993889
ES,1783292400,1783294200,ESU2026,1800,1786993899
ES,1783294200,1783296000,ESU2026,1800,1786993909
ES,1783296000,1783297800,ESU2026,1800,1786993919
ES,1783297800,1783299600,ESU2026,1800,1786993929
ES,1783299600,1783301400,ESU2026,1800,1786993939
ES,1783301400,1783303200,ESU2026,1800,1786993949
ES,1783303200,1783305000,ESU2026,1800,1786993959
ES,1783305000,1783306800,ESU2026,1800,1786993969
ES,1783306800,1783308600,ESU2026,1800,1786993979
ES,1783308600,1783310400,ESU2026,1800,1786993989
ES,1783310400,1783312200,ESU2026,1800,1786993999
ES,1783312200,1783314000,ESU2026,1800,1786994009
ES,1783314000,1783315800,ESU2026,1800,1786994019
ES,1783315800,1783317600,ESU2026,1800,1786994029
ES,1783317600,1783319400,ESU2026,1800,1786994039
ES,1783319400,1783321200,ESU2026,1800,1786994049
ES,1783321200,1783323000,ESU2026,1800,1786994059
ES,1783323000,1783324800,ESU2026,1800,1786994085
ES,1783324800,1783326600,ESU2026,1800,1786994095
ES,1783326600,1783328400,ESU2026,1800,1786994105
ES,1783328400,1783330200,ESU2026,1800,1786994115
ES,1783330200,1783332000,ESU2026,1800,1786994125
ES,1783332000,1783333800,ESU2026,1800,1786994135
ES,1783333800,1783335600,ESU2026,1800,1786994145
ES,1783335600,1783337400,ESU2026,1800,1786994155
ES,1783337400,1783339200,ESU2026,1800,1786994165
ES,1783339200,1783341000,ESU2026,1800,1786994175
ES,1783341000,1783342800,ESU2026,1800,1786994185
ES,1783342800,1783344600,ESU2026,1800,1786994195
ES,1783344600,1783346400,ESU2026,1800,1786994205
ES,1783346400,1783348200,ESU2026,1800,1786994215
ES,1783348200,1783350000,ESU2026,1800,1786994225
ES,1783350000,1783351800,ESU2026,1800,1786994235
ES,1783351800,1783353600,ESU2026,1800,1786994246
ES,1783353600,1783355400,ESU2026,1800,1786994255
ES,1783355400,1783357200,ESU2026,1800,1786994265
ES,1783357200,1783359000,ESU2026,1800,1786994275
ES,1783359000,1783360800,ESU2026,1800,1786994285
ES,1783360800,1783362600,ESU2026,1800,1786994295
ES,1783362600,1783364400,ESU2026,1800,1786994305
ES,1783364400,1783366200,ESU2026,1800,1786994315
ES,1783366200,1783368000,ESU2026,1800,1786994325
ES,1783368000,1783369800,ESU2026,1800,1786994335
ES,1783369800,1783371600,ESU2026,1800,1786994345
NQ,1783375200,1783377000,NQU2026,1800,1786994355
NQ,1783377000,1783378800,NQU2026,1800,1786994365
NQ,1783378800,1783380600,NQU2026,1800,1786994375
NQ,1783380600,1783382400,NQU2026,1800,1786994385
NQ,1783382400,1783384200,NQU2026,1800,1786994395
NQ,1783384200,1783386000,NQU2026,1800,1786994405
NQ,1783386000,1783387800,NQU2026,1800,1786994415
NQ,1783387800,1783389600,NQU2026,1800,1786994425
NQ,1783389600,1783391400,NQU2026,1800,1786994435
NQ,1783391400,1783393200,NQU2026,1800,1786994445
NQ,1783393200,1783395000,NQU2026,1800,1786994455
NQ,1783395000,1783396800,NQU2026,1800,1786994465
NQ,1783396800,1783398600,NQU2026,1800,1786994475
NQ,1783398600,1783400400,NQU2026,1800,1786994485
NQ,1783400400,1783402200,NQU2026,1800,1786994495
NQ,1783402200,1783404000,NQU2026,1800,1786994505
NQ,1783404000,1783405800,NQU2026,1800,1786994515
NQ,1783405800,1783407600,NQU2026,1800,1786994525
NQ,1783407600,1783409400,NQU2026,1800,1786994535
NQ,1783409400,1783411200,NQU2026,1800,1786994545
NQ,1783411200,1783413000,NQU2026,1800,1786994555
NQ,1783413000,1783414800,NQU2026,1800,1786994565
NQ,1783414800,1783416600,NQU2026,1800,1786994575
NQ,1783416600,1783418400,NQU2026,1800,1786994585
NQ,1783418400,1783420200,NQU2026,1800,1786994595
NQ,1783420200,1783422000,NQU2026,1800,1786994605
NQ,1783422000,1783423800,NQU2026,1800,1786994615
NQ,1783423800,1783425600,NQU2026,1800,1786994625
NQ,1783425600,1783427400,NQU2026,1800,1786994635
NQ,1783427400,1783429200,NQU2026,1800,1786994645
NQ,1783429200,1783431000,NQU2026,1800,1786994655
NQ,1783431000,1783432800,NQU2026,1800,1786994665
NQ,1783432800,1783434600,NQU2026,1800,1786994675
NQ,1783434600,1783436400,NQU2026,1800,1786994700
NQ,1783436400,1783438200,NQU2026,1800,1786994710
NQ,1783438200,1783440000,NQU2026,1800,1786994720
NQ,1783440000,1783441800,NQU2026,1800,1786994730
NQ,1783441800,1783443600,NQU2026,1800,1786994740
NQ,1783443600,1783445400,NQU2026,1800,1786994750
NQ,1783445400,1783447200,NQU2026,1800,1786994760
NQ,1783447200,1783449000,NQU2026,1800,1786994770
NQ,1783449000,1783450800,NQU2026,1800,1786994780
NQ,1783450800,1783452600,NQU2026,1800,1786994790
NQ,1783452600,1783454400,NQU2026,1800,1786994800
NQ,1783454400,1783456200,NQU2026,1800,1786994810
NQ,1783456200,1783458000,NQU2026,1800,1786994820
ES,1783375200,1783377000,ESU2026,1800,1786994830
ES,1783377000,1783378800,ESU2026,1800,1786994840
ES,1783378800,1783380600,ESU2026,1800,1786994850
ES,1783380600,1783382400,ESU2026,1800,1786994860
ES,1783382400,1783384200,ESU2026,1800,1786994870
ES,1783384200,1783386000,ESU2026,1800,1786994880
ES,1783386000,1783387800,ESU2026,1800,1786994890
ES,1783387800,1783389600,ESU2026,1800,1786994900
ES,1783389600,1783391400,ESU2026,1800,1786994910
ES,1783391400,1783393200,ESU2026,1800,1786994920
ES,1783393200,1783395000,ESU2026,1800,1786994930
ES,1783395000,1783396800,ESU2026,1800,1786994940
ES,1783396800,1783398600,ESU2026,1800,1786994950
ES,1783398600,1783400400,ESU2026,1800,1786994960
ES,1783400400,1783402200,ESU2026,1800,1786994970
ES,1783402200,1783404000,ESU2026,1800,1786994980
ES,1783404000,1783405800,ESU2026,1800,1786994990
ES,1783405800,1783407600,ESU2026,1800,1786995000
ES,1783407600,1783409400,ESU2026,1800,1786995010
ES,1783409400,1783411200,ESU2026,1800,1786995020
ES,1783411200,1783413000,ESU2026,1800,1786995030
ES,1783413000,1783414800,ESU2026,1800,1786995040
ES,1783414800,1783416600,ESU2026,1800,1786995050
ES,1783416600,1783418400,ESU2026,1800,1786995060
ES,1783418400,1783420200,ESU2026,1800,1786995070
ES,1783420200,1783422000,ESU2026,1800,1786995080
ES,1783422000,1783423800,ESU2026,1800,1786995090
ES,1783423800,1783425600,ESU2026,1800,1786995100
ES,1783425600,1783427400,ESU2026,1800,1786995110
ES,1783427400,1783429200,ESU2026,1800,1786995120
ES,1783429200,1783431000,ESU2026,1800,1786995130
ES,1783431000,1783432800,ESU2026,1800,1786995140
ES,1783432800,1783434600,ESU2026,1800,1786995150
ES,1783434600,1783436400,ESU2026,1800,1786995160
ES,1783436400,1783438200,ESU2026,1800,1786995170
ES,1783438200,1783440000,ESU2026,1800,1786995180
ES,1783440000,1783441800,ESU2026,1800,1786995190
ES,1783441800,1783443600,ESU2026,1800,1786995200
ES,1783443600,1783445400,ESU2026,1800,1786995210
ES,1783445400,1783447200,ESU2026,1800,1786995220
ES,1783447200,1783449000,ESU2026,1800,1786995230
ES,1783449000,1783450800,ESU2026,1800,1786995240
ES,1783450800,1783452600,ESU2026,1800,1786995250
ES,1783452600,1783454400,ESU2026,1800,1786995260
ES,1783454400,1783456200,ESU2026,1800,1786995270
ES,1783456200,1783458000,ESU2026,1800,1786995280
NQ,1783461600,1783463400,NQU2026,1800,1786995290
NQ,1783463400,1783465200,NQU2026,1800,1786995300
NQ,1783465200,1783467000,NQU2026,1800,1786995310
NQ,1783467000,1783468800,NQU2026,1800,1786995320
NQ,1783468800,1783470600,NQU2026,1800,1786995330
NQ,1783470600,1783472400,NQU2026,1800,1786995340
NQ,1783472400,1783474200,NQU2026,1800,1786995350
NQ,1783474200,1783476000,NQU2026,1800,1786995360
NQ,1783476000,1783477800,NQU2026,1800,1786995370
NQ,1783477800,1783479600,NQU2026,1800,1786995380
NQ,1783479600,1783481400,NQU2026,1800,1786995390
NQ,1783481400,1783483200,NQU2026,1800,1786995400
NQ,1783483200,1783485000,NQU2026,1800,1786995410
NQ,1783485000,1783486800,NQU2026,1800,1786995420
NQ,1783486800,1783488600,NQU2026,1800,1786995430
NQ,1783488600,1783490400,NQU2026,1800,1786995440
NQ,1783490400,1783492200,NQU2026,1800,1786995450
NQ,1783492200,1783494000,NQU2026,1800,1786995460
NQ,1783494000,1783495800,NQU2026,1800,1786995470
NQ,1783495800,1783497600,NQU2026,1800,1786995480
NQ,1783497600,1783499400,NQU2026,1800,1786995490
NQ,1783499400,1783501200,NQU2026,1800,1786995500
NQ,1783501200,1783503000,NQU2026,1800,1786995510
NQ,1783503000,1783504800,NQU2026,1800,1786995520
NQ,1783504800,1783506600,NQU2026,1800,1786995530
NQ,1783506600,1783508400,NQU2026,1800,1786995540
NQ,1783508400,1783510200,NQU2026,1800,1786995550
NQ,1783510200,1783512000,NQU2026,1800,1786995560
NQ,1783512000,1783513800,NQU2026,1800,1786995570
NQ,1783513800,1783515600,NQU2026,1800,1786995580
NQ,1783515600,1783517400,NQU2026,1800,1786995590
NQ,1783517400,1783519200,NQU2026,1800,1786995600
NQ,1783519200,1783521000,NQU2026,1800,1786995610
NQ,1783521000,1783522800,NQU2026,1800,1786995620
NQ,1783522800,1783524600,NQU2026,1800,1786995630
NQ,1783524600,1783526400,NQU2026,1800,1786995640
NQ,1783526400,1783528200,NQU2026,1800,1786995650
NQ,1783528200,1783530000,NQU2026,1800,1786995660
NQ,1783530000,1783531800,NQU2026,1800,1786995670
NQ,1783531800,1783533600,NQU2026,1800,1786995680
NQ,1783533600,1783535400,NQU2026,1800,1786995690
NQ,1783535400,1783537200,NQU2026,1800,1786995700
NQ,1783537200,1783539000,NQU2026,1800,1786995710
NQ,1783539000,1783540800,NQU2026,1800,1786995720
NQ,1783540800,1783542600,NQU2026,1800,1786995730
NQ,1783542600,1783544400,NQU2026,1800,1786995740
ES,1783461600,1783463400,ESU2026,1800,1786995750
ES,1783463400,1783465200,ESU2026,1800,1786995760
ES,1783465200,1783467000,ESU2026,1800,1786995772
ES,1783467000,1783468800,ESU2026,1800,1786995782
ES,1783468800,1783470600,ESU2026,1800,1786995791
ES,1783470600,1783472400,ESU2026,1800,1786995800
ES,1783472400,1783474200,ESU2026,1800,1786995810
ES,1783474200,1783476000,ESU2026,1800,1786995820
ES,1783476000,1783477800,ESU2026,1800,1786995830
ES,1783477800,1783479600,ESU2026,1800,1786995840
ES,1783479600,1783481400,ESU2026,1800,1786995850
ES,1783481400,1783483200,ESU2026,1800,1786995916
ES,1783483200,1783485000,ESU2026,1800,1786995916
ES,1783485000,1783486800,ESU2026,1800,1786995926
ES,1783486800,1783488600,ESU2026,1800,1786995936
ES,1783488600,1783490400,ESU2026,1800,1786995946
ES,1783490400,1783492200,ESU2026,1800,1786995957
ES,1783492200,1783494000,ESU2026,1800,1786995967
ES,1783494000,1783495800,ESU2026,1800,1786995977
ES,1783495800,1783497600,ESU2026,1800,1786995987
ES,1783497600,1783499400,ESU2026,1800,1786995997
ES,1783499400,1783501200,ESU2026,1800,1786996007
ES,1783501200,1783503000,ESU2026,1800,1786996017
ES,1783503000,1783504800,ESU2026,1800,1786996027
ES,1783504800,1783506600,ESU2026,1800,1786996037
ES,1783506600,1783508400,ESU2026,1800,1786996047
ES,1783508400,1783510200,ESU2026,1800,1786996057
ES,1783510200,1783512000,ESU2026,1800,1786996067
ES,1783512000,1783513800,ESU2026,1800,1786996078
ES,1783513800,1783515600,ESU2026,1800,1786996088
ES,1783515600,1783517400,ESU2026,1800,1786996097
ES,1783517400,1783519200,ESU2026,1800,1786996107
ES,1783519200,1783521000,ESU2026,1800,1786996117
ES,1783521000,1783522800,ESU2026,1800,1786996127
ES,1783522800,1783524600,ESU2026,1800,1786996137
ES,1783524600,1783526400,ESU2026,1800,1786996147
ES,1783526400,1783528200,ESU2026,1800,1786996157
ES,1783528200,1783530000,ESU2026,1800,1786996167
ES,1783530000,1783531800,ESU2026,1800,1786996177
ES,1783531800,1783533600,ESU2026,1800,1786996187
ES,1783533600,1783535400,ESU2026,1800,1786996197
ES,1783535400,1783537200,ESU2026,1800,1786996206
ES,1783537200,1783539000,ESU2026,1800,1786996216
ES,1783539000,1783540800,ESU2026,1800,1786996226
ES,1783540800,1783542600,ESU2026,1800,1786996236
ES,1783542600,1783544400,ESU2026,1800,1786996247
NQ,1783548000,1783549800,NQU2026,1800,1786996257
NQ,1783549800,1783551600,NQU2026,1800,1786996266
NQ,1783551600,1783553400,NQU2026,1800,1786996276
NQ,1783553400,1783555200,NQU2026,1800,1786996286
NQ,1783555200,1783557000,NQU2026,1800,1786996296
NQ,1783557000,1783558800,NQU2026,1800,1786996306
NQ,1783558800,1783560600,NQU2026,1800,1786996316
NQ,1783560600,1783562400,NQU2026,1800,1786996326
NQ,1783562400,1783564200,NQU2026,1800,1786996337
NQ,1783564200,1783566000,NQU2026,1800,1786996346
NQ,1783566000,1783567800,NQU2026,1800,1786996356
NQ,1783567800,1783569600,NQU2026,1800,1786996366
NQ,1783569600,1783571400,NQU2026,1800,1786996376
NQ,1783571400,1783573200,NQU2026,1800,1786996386
NQ,1783573200,1783575000,NQU2026,1800,1786996396
NQ,1783575000,1783576800,NQU2026,1800,1786996406
NQ,1783576800,1783578600,NQU2026,1800,1786996416
NQ,1783578600,1783580400,NQU2026,1800,1786996426
NQ,1783580400,1783582200,NQU2026,1800,1786996436
NQ,1783582200,1783584000,NQU2026,1800,1786996446
NQ,1783584000,1783585800,NQU2026,1800,1786996457
NQ,1783585800,1783587600,NQU2026,1800,1786996467
NQ,1783587600,1783589400,NQU2026,1800,1786996477
NQ,1783589400,1783591200,NQU2026,1800,1786996486
NQ,1783591200,1783593000,NQU2026,1800,1786996497
NQ,1783593000,1783594800,NQU2026,1800,1786996522
NQ,1783594800,1783596600,NQU2026,1800,1786996532
NQ,1783596600,1783598400,NQU2026,1800,1786996542
NQ,1783598400,1783600200,NQU2026,1800,1786996552
NQ,1783600200,1783602000,NQU2026,1800,1786996563
NQ,1783602000,1783603800,NQU2026,1800,1786996572
NQ,1783603800,1783605600,NQU2026,1800,1786996582
NQ,1783605600,1783607400,NQU2026,1800,1786996592
NQ,1783607400,1783609200,NQU2026,1800,1786996602
NQ,1783609200,1783611000,NQU2026,1800,1786996612
NQ,1783611000,1783612800,NQU2026,1800,1786996622
NQ,1783612800,1783614600,NQU2026,1800,1786996632
NQ,1783614600,1783616400,NQU2026,1800,1786996642
NQ,1783616400,1783618200,NQU2026,1800,1786996652
NQ,1783618200,1783620000,NQU2026,1800,1786996662
NQ,1783620000,1783621800,NQU2026,1800,1786996672
NQ,1783621800,1783623600,NQU2026,1800,1786996682
NQ,1783623600,1783625400,NQU2026,1800,1786996692
NQ,1783625400,1783627200,NQU2026,1800,1786996702
NQ,1783627200,1783629000,NQU2026,1800,1786996712
NQ,1783629000,1783630800,NQU2026,1800,1786996722
ES,1783548000,1783549800,ESU2026,1800,1786996732
ES,1783549800,1783551600,ESU2026,1800,1786996742
ES,1783551600,1783553400,ESU2026,1800,1786996753
ES,1783553400,1783555200,ESU2026,1800,1786996764
ES,1783555200,1783557000,ESU2026,1800,1786996775
ES,1783557000,1783558800,ESU2026,1800,1786996783
ES,1783558800,1783560600,ESU2026,1800,1786996793
ES,1783560600,1783562400,ESU2026,1800,1786996802
ES,1783562400,1783564200,ESU2026,1800,1786996812
ES,1783564200,1783566000,ESU2026,1800,1786996822
ES,1783566000,1783567800,ESU2026,1800,1786996832
ES,1783567800,1783569600,ESU2026,1800,1786996842
ES,1783569600,1783571400,ESU2026,1800,1786996852
ES,1783571400,1783573200,ESU2026,1800,1786996862
ES,1783573200,1783575000,ESU2026,1800,1786996872
ES,1783575000,1783576800,ESU2026,1800,1786996882
ES,1783576800,1783578600,ESU2026,1800,1786996892
ES,1783578600,1783580400,ESU2026,1800,1786996902
ES,1783580400,1783582200,ESU2026,1800,1786996912
ES,1783582200,1783584000,ESU2026,1800,1786996922
ES,1783584000,1783585800,ESU2026,1800,1786996932
ES,1783585800,1783587600,ESU2026,1800,1786996942
ES,1783587600,1783589400,ESU2026,1800,1786996952
ES,1783589400,1783591200,ESU2026,1800,1786996962
ES,1783591200,1783593000,ESU2026,1800,1786996972
ES,1783593000,1783594800,ESU2026,1800,1786996982
ES,1783594800,1783596600,ESU2026,1800,1786996992
ES,1783596600,1783598400,ESU2026,1800,1786997002
ES,1783598400,1783600200,ESU2026,1800,1786997012
ES,1783600200,1783602000,ESU2026,1800,1786997022
ES,1783602000,1783603800,ESU2026,1800,1786997032
ES,1783603800,1783605600,ESU2026,1800,1786997042
ES,1783605600,1783607400,ESU2026,1800,1786997052
ES,1783607400,1783609200,ESU2026,1800,1786997062
ES,1783609200,1783611000,ESU2026,1800,1786997072
ES,1783611000,1783612800,ESU2026,1800,1786997082
ES,1783612800,1783614600,ESU2026,1800,1786997092
ES,1783614600,1783616400,ESU2026,1800,1786997102
ES,1783616400,1783618200,ESU2026,1800,1786997112
ES,1783618200,1783620000,ESU2026,1800,1786997122
ES,1783620000,1783621800,ESU2026,1800,1786997132
ES,1783621800,1783623600,ESU2026,1800,1786997142
ES,1783623600,1783625400,ESU2026,1800,1786997152
ES,1783625400,1783627200,ESU2026,1800,1786997162
ES,1783627200,1783629000,ESU2026,1800,1786997172
ES,1783629000,1783630800,ESU2026,1800,1786997182
NQ,1783634400,1783636200,NQU2026,1800,1786997192
NQ,1783636200,1783638000,NQU2026,1800,1786997202
NQ,1783638000,1783639800,NQU2026,1800,1786997212
NQ,1783639800,1783641600,NQU2026,1800,1786997222
NQ,1783641600,1783643400,NQU2026,1800,1786997232
NQ,1783643400,1783645200,NQU2026,1800,1786997242
NQ,1783645200,1783647000,NQU2026,1800,1786997252
NQ,1783647000,1783648800,NQU2026,1800,1786997262
NQ,1783648800,1783650600,NQU2026,1800,1786997272
NQ,1783650600,1783652400,NQU2026,1800,1786997282
NQ,1783652400,1783654200,NQU2026,1800,1786997292
NQ,1783654200,1783656000,NQU2026,1800,1786997302
NQ,1783656000,1783657800,NQU2026,1800,1786997312
NQ,1783657800,1783659600,NQU2026,1800,1786997322
NQ,1783659600,1783661400,NQU2026,1800,1786997332
NQ,1783661400,1783663200,NQU2026,1800,1786997342
NQ,1783663200,1783665000,NQU2026,1800,1786997352
NQ,1783665000,1783666800,NQU2026,1800,1786997362
NQ,1783666800,1783668600,NQU2026,1800,1786997372
NQ,1783668600,1783670400,NQU2026,1800,1786997382
NQ,1783670400,1783672200,NQU2026,1800,1786997392
NQ,1783672200,1783674000,NQU2026,1800,1786997402
NQ,1783674000,1783675800,NQU2026,1800,1786997412
NQ,1783675800,1783677600,NQU2026,1800,1786997422
NQ,1783677600,1783679400,NQU2026,1800,1786997432
NQ,1783679400,1783681200,NQU2026,1800,1786997442
NQ,1783681200,1783683000,NQU2026,1800,1786997452
NQ,1783683000,1783684800,NQU2026,1800,1786997462
NQ,1783684800,1783686600,NQU2026,1800,1786997472
NQ,1783686600,1783688400,NQU2026,1800,1786997482
NQ,1783688400,1783690200,NQU2026,1800,1786997492
NQ,1783690200,1783692000,NQU2026,1800,1786997502
NQ,1783692000,1783693800,NQU2026,1800,1786997512
NQ,1783693800,1783695600,NQU2026,1800,1786997522
NQ,1783695600,1783697400,NQU2026,1800,1786997532
NQ,1783697400,1783699200,NQU2026,1800,1786997542
NQ,1783699200,1783701000,NQU2026,1800,1786997552
NQ,1783701000,1783702800,NQU2026,1800,1786997562
NQ,1783702800,1783704600,NQU2026,1800,1786997572
NQ,1783704600,1783706400,NQU2026,1800,1786997582
NQ,1783706400,1783708200,NQU2026,1800,1786997592
NQ,1783708200,1783710000,NQU2026,1800,1786997602
NQ,1783710000,1783711800,NQU2026,1800,1786997612
NQ,1783711800,1783713600,NQU2026,1800,1786997622
NQ,1783713600,1783715400,NQU2026,1800,1786997632
NQ,1783715400,1783717200,NQU2026,1800,1786997642
ES,1783634400,1783636200,ESU2026,1800,1786997652
ES,1783636200,1783638000,ESU2026,1800,1786997662
ES,1783638000,1783639800,ESU2026,1800,1786997672
ES,1783639800,1783641600,ESU2026,1800,1786997682
ES,1783641600,1783643400,ESU2026,1800,1786997692
ES,1783643400,1783645200,ESU2026,1800,1786997702
ES,1783645200,1783647000,ESU2026,1800,1786997712
ES,1783647000,1783648800,ESU2026,1800,1786997722
ES,1783648800,1783650600,ESU2026,1800,1786997732
ES,1783650600,1783652400,ESU2026,1800,1786997742
ES,1783652400,1783654200,ESU2026,1800,1786997752
ES,1783654200,1783656000,ESU2026,1800,1786997762
ES,1783656000,1783657800,ESU2026,1800,1786997772
ES,1783657800,1783659600,ESU2026,1800,1786997782
ES,1783659600,1783661400,ESU2026,1800,1786997792
ES,1783661400,1783663200,ESU2026,1800,1786997802
ES,1783663200,1783665000,ESU2026,1800,1786997812
ES,1783665000,1783666800,ESU2026,1800,1786997822
ES,1783666800,1783668600,ESU2026,1800,1786997832
ES,1783668600,1783670400,ESU2026,1800,1786997842
ES,1783670400,1783672200,ESU2026,1800,1786997852
ES,1783672200,1783674000,ESU2026,1800,1786997862
ES,1783674000,1783675800,ESU2026,1800,1786997872
ES,1783675800,1783677600,ESU2026,1800,1786997882
ES,1783677600,1783679400,ESU2026,1800,1786997892
ES,1783679400,1783681200,ESU2026,1800,1786997902
ES,1783681200,1783683000,ESU2026,1800,1786997912
ES,1783683000,1783684800,ESU2026,1800,1786997922
ES,1783684800,1783686600,ESU2026,1800,1786997932
ES,1783686600,1783688400,ESU2026,1800,1786997942
ES,1783688400,1783690200,ESU2026,1800,1786997952
ES,1783690200,1783692000,ESU2026,1800,1786997962
ES,1783692000,1783693800,ESU2026,1800,1786997972
ES,1783693800,1783695600,ESU2026,1800,1786997982
ES,1783695600,1783697400,ESU2026,1800,1786997992
ES,1783697400,1783699200,ESU2026,1800,1786998002
ES,1783699200,1783701000,ESU2026,1800,1786998012
ES,1783701000,1783702800,ESU2026,1800,1786998022
ES,1783702800,1783704600,ESU2026,1800,1786998032
ES,1783704600,1783706400,ESU2026,1800,1786998042
ES,1783706400,1783708200,ESU2026,1800,1786998052
ES,1783708200,1783710000,ESU2026,1800,1786998062
ES,1783710000,1783711800,ESU2026,1800,1786998072
ES,1783711800,1783713600,ESU2026,1800,1786998082
ES,1783713600,1783715400,ESU2026,1800,1786998092
ES,1783715400,1783717200,ESU2026,1800,1786998102
NQ,1783893600,1783895400,NQU2026,1800,1786998112
NQ,1783895400,1783897200,NQU2026,1800,1786998122
NQ,1783897200,1783899000,NQU2026,1800,1786998132
NQ,1783899000,1783900800,NQU2026,1800,1786998142
NQ,1783900800,1783902600,NQU2026,1800,1786998152
NQ,1783902600,1783904400,NQU2026,1800,1786998162
NQ,1783904400,1783906200,NQU2026,1800,1786998172
NQ,1783906200,1783908000,NQU2026,1800,1786998182
NQ,1783908000,1783909800,NQU2026,1800,1786998192
NQ,1783909800,1783911600,NQU2026,1800,1786998202
NQ,1783911600,1783913400,NQU2026,1800,1786998212
NQ,1783913400,1783915200,NQU2026,1800,1786998222
NQ,1783915200,1783917000,NQU2026,1800,1786998232
NQ,1783917000,1783918800,NQU2026,1800,1786998242
NQ,1783918800,1783920600,NQU2026,1800,1786998252
NQ,1783920600,1783922400,NQU2026,1800,1786998262
NQ,1783922400,1783924200,NQU2026,1800,1786998272
NQ,1783924200,1783926000,NQU2026,1800,1786998282
NQ,1783926000,1783927800,NQU2026,1800,1786998292
NQ,1783927800,1783929600,NQU2026,1800,1786998302
NQ,1783929600,1783931400,NQU2026,1800,1786998312
NQ,1783931400,1783933200,NQU2026,1800,1786998322
NQ,1783933200,1783935000,NQU2026,1800,1786998332
NQ,1783935000,1783936800,NQU2026,1800,1786998342
NQ,1783936800,1783938600,NQU2026,1800,1786998352
NQ,1783938600,1783940400,NQU2026,1800,1786998362
NQ,1783940400,1783942200,NQU2026,1800,1786998372
NQ,1783942200,1783944000,NQU2026,1800,1786998382
NQ,1783944000,1783945800,NQU2026,1800,1786998392
NQ,1783945800,1783947600,NQU2026,1800,1786998402
NQ,1783947600,1783949400,NQU2026,1800,1786998412
NQ,1783949400,1783951200,NQU2026,1800,1786998422
NQ,1783951200,1783953000,NQU2026,1800,1786998432
NQ,1783953000,1783954800,NQU2026,1800,1786998442
NQ,1783954800,1783956600,NQU2026,1800,1786998452
NQ,1783956600,1783958400,NQU2026,1800,1786998462
NQ,1783958400,1783960200,NQU2026,1800,1786998472
NQ,1783960200,1783962000,NQU2026,1800,1786998482
NQ,1783962000,1783963800,NQU2026,1800,1786998492
NQ,1783963800,1783965600,NQU2026,1800,1786998502
NQ,1783965600,1783967400,NQU2026,1800,1786998512
NQ,1783967400,1783969200,NQU2026,1800,1786998522
NQ,1783969200,1783971000,NQU2026,1800,1786998532
NQ,1783971000,1783972800,NQU2026,1800,1786998542
NQ,1783972800,1783974600,NQU2026,1800,1786998552
NQ,1783974600,1783976400,NQU2026,1800,1786998562
ES,1783893600,1783895400,ESU2026,1800,1786998572
ES,1783895400,1783897200,ESU2026,1800,1786998582
ES,1783897200,1783899000,ESU2026,1800,1786998592
ES,1783899000,1783900800,ESU2026,1800,1786998602
ES,1783900800,1783902600,ESU2026,1800,1786998613
ES,1783902600,1783904400,ESU2026,1800,1786998622
ES,1783904400,1783906200,ESU2026,1800,1786998632
ES,1783906200,1783908000,ESU2026,1800,1786998642
ES,1783908000,1783909800,ESU2026,1800,1786998652
ES,1783909800,1783911600,ESU2026,1800,1786998662
ES,1783911600,1783913400,ESU2026,1800,1786998672
ES,1783913400,1783915200,ESU2026,1800,1786998682
ES,1783915200,1783917000,ESU2026,1800,1786998692
ES,1783917000,1783918800,ESU2026,1800,1786998702
ES,1783918800,1783920600,ESU2026,1800,1786998712
ES,1783920600,1783922400,ESU2026,1800,1786998722
ES,1783922400,1783924200,ESU2026,1800,1786998732
ES,1783924200,1783926000,ESU2026,1800,1786998742
ES,1783926000,1783927800,ESU2026,1800,1786998752
ES,1783927800,1783929600,ESU2026,1800,1786998762
ES,1783929600,1783931400,ESU2026,1800,1786998772
ES,1783931400,1783933200,ESU2026,1800,1786998782
ES,1783933200,1783935000,ESU2026,1800,1786998792
ES,1783935000,1783936800,ESU2026,1800,1786998802
ES,1783936800,1783938600,ESU2026,1800,1786998812
ES,1783938600,1783940400,ESU2026,1800,1786998822
ES,1783940400,1783942200,ESU2026,1800,1786998832
ES,1783942200,1783944000,ESU2026,1800,1786998842
ES,1783944000,1783945800,ESU2026,1800,1786998852
ES,1783945800,1783947600,ESU2026,1800,1786998862
ES,1783947600,1783949400,ESU2026,1800,1786998872
ES,1783949400,1783951200,ESU2026,1800,1786998882
ES,1783951200,1783953000,ESU2026,1800,1786998892
ES,1783953000,1783954800,ESU2026,1800,1786998902
ES,1783954800,1783956600,ESU2026,1800,1786998912
ES,1783956600,1783958400,ESU2026,1800,1786998922
ES,1783958400,1783960200,ESU2026,1800,1786998932
ES,1783960200,1783962000,ESU2026,1800,1786998942
ES,1783962000,1783963800,ESU2026,1800,1786998952
ES,1783963800,1783965600,ESU2026,1800,1786999019
ES,1783965600,1783967400,ESU2026,1800,1786999020
ES,1783967400,1783969200,ESU2026,1800,1786999030
ES,1783969200,1783971000,ESU2026,1800,1786999040
ES,1783971000,1783972800,ESU2026,1800,1786999049
ES,1783972800,1783974600,ESU2026,1800,1786999059
ES,1783974600,1783976400,ESU2026,1800,1786999069
NQ,1783980000,1783981800,NQU2026,1800,1786999079
NQ,1783981800,1783983600,NQU2026,1800,1786999089
NQ,1783983600,1783985400,NQU2026,1800,1786999099
NQ,1783985400,1783987200,NQU2026,1800,1786999109
NQ,1783987200,1783989000,NQU2026,1800,1786999119
NQ,1783989000,1783990800,NQU2026,1800,1786999129
NQ,1783990800,1783992600,NQU2026,1800,1786999139
NQ,1783992600,1783994400,NQU2026,1800,1786999149
NQ,1783994400,1783996200,NQU2026,1800,1786999159
NQ,1783996200,1783998000,NQU2026,1800,1786999170
NQ,1783998000,1783999800,NQU2026,1800,1786999179
NQ,1783999800,1784001600,NQU2026,1800,1786999189
NQ,1784001600,1784003400,NQU2026,1800,1786999199
NQ,1784003400,1784005200,NQU2026,1800,1786999212
NQ,1784005200,1784007000,NQU2026,1800,1786999221
NQ,1784007000,1784008800,NQU2026,1800,1786999238
NQ,1784008800,1784010600,NQU2026,1800,1786999240
NQ,1784010600,1784012400,NQU2026,1800,1786999250
NQ,1784012400,1784014200,NQU2026,1800,1786999260
NQ,1784014200,1784016000,NQU2026,1800,1786999269
NQ,1784016000,1784017800,NQU2026,1800,1786999281
NQ,1784017800,1784019600,NQU2026,1800,1786999296
NQ,1784019600,1784021400,NQU2026,1800,1786999302
NQ,1784021400,1784023200,NQU2026,1800,1786999314
NQ,1784023200,1784025000,NQU2026,1800,1786999323
NQ,1784025000,1784026800,NQU2026,1800,1786999332
NQ,1784026800,1784028600,NQU2026,1800,1786999340
NQ,1784028600,1784030400,NQU2026,1800,1786999350
NQ,1784030400,1784032200,NQU2026,1800,1786999360
NQ,1784032200,1784034000,NQU2026,1800,1786999370
NQ,1784034000,1784035800,NQU2026,1800,1786999379
NQ,1784035800,1784037600,NQU2026,1800,1786999390
NQ,1784037600,1784039400,NQU2026,1800,1786999431
NQ,1784039400,1784041200,NQU2026,1800,1786999433
NQ,1784041200,1784043000,NQU2026,1800,1786999442
NQ,1784043000,1784044800,NQU2026,0,1786999512
NQ,1784044800,1784046600,NQU2026,1800,1786999540
NQ,1784046600,1784048400,NQU2026,1800,1786999541
NQ,1784048400,1784050200,NQU2026,1800,1786999551
NQ,1784050200,1784052000,NQU2026,1800,1786999561
NQ,1784052000,1784053800,NQU2026,1800,1786999596
NQ,1784053800,1784055600,NQU2026,1800,1786999597
NQ,1784055600,1784057400,NQU2026,1800,1786999607
NQ,1784057400,1784059200,NQU2026,1800,1786999617
NQ,1784059200,1784061000,NQU2026,1800,1786999627
NQ,1784061000,1784062800,NQU2026,1800,1786999637
ES,1783980000,1783981800,ESU2026,1800,1786999647
ES,1783981800,1783983600,ESU2026,1800,1786999657
ES,1783983600,1783985400,ESU2026,1800,1786999667
ES,1783985400,1783987200,ESU2026,1800,1786999677
ES,1783987200,1783989000,ESU2026,1800,1786999687
ES,1783989000,1783990800,ESU2026,1800,1786999697
ES,1783990800,1783992600,ESU2026,1800,1786999707
ES,1783992600,1783994400,ESU2026,1800,1786999717
ES,1783994400,1783996200,ESU2026,1800,1786999727
ES,1783996200,1783998000,ESU2026,1800,1786999737
ES,1783998000,1783999800,ESU2026,1800,1786999747
ES,1783999800,1784001600,ESU2026,1800,1786999757
ES,1784001600,1784003400,ESU2026,1800,1786999767
ES,1784003400,1784005200,ESU2026,1800,1786999777
ES,1784005200,1784007000,ESU2026,1800,1786999787
ES,1784007000,1784008800,ESU2026,1800,1786999797
ES,1784008800,1784010600,ESU2026,1800,1786999807
ES,1784010600,1784012400,ESU2026,1800,1786999817
ES,1784012400,1784014200,ESU2026,1800,1786999827
ES,1784014200,1784016000,ESU2026,1800,1786999837
ES,1784016000,1784017800,ESU2026,1800,1786999847
ES,1784017800,1784019600,ESU2026,1800,1786999857
ES,1784019600,1784021400,ESU2026,1800,1786999867
ES,1784021400,1784023200,ESU2026,1800,1786999877
ES,1784023200,1784025000,ESU2026,1800,1786999887
ES,1784025000,1784026800,ESU2026,1800,1786999897
ES,1784026800,1784028600,ESU2026,1800,1786999907
ES,1784028600,1784030400,ESU2026,1800,1786999917
ES,1784030400,1784032200,ESU2026,1800,1786999927
ES,1784032200,1784034000,ESU2026,1800,1786999937
ES,1784034000,1784035800,ESU2026,1800,1786999947
ES,1784035800,1784037600,ESU2026,1800,1786999957
ES,1784037600,1784039400,ESU2026,1800,1786999967
ES,1784039400,1784041200,ESU2026,1800,1786999977
ES,1784041200,1784043000,ESU2026,1800,1786999987
ES,1784043000,1784044800,ESU2026,1800,1786999997
ES,1784044800,1784046600,ESU2026,1800,1787000007
ES,1784046600,1784048400,ESU2026,1800,1787000017
ES,1784048400,1784050200,ESU2026,1800,1787000027
ES,1784050200,1784052000,ESU2026,1800,1787000037
ES,1784052000,1784053800,ESU2026,1800,1787000047
ES,1784053800,1784055600,ESU2026,1800,1787000057
ES,1784055600,1784057400,ESU2026,1800,1787000067
ES,1784057400,1784059200,ESU2026,1800,1787000077
ES,1784059200,1784061000,ESU2026,1800,1787000087
ES,1784061000,1784062800,ESU2026,1800,1787000097
NQ,1784066400,1784068200,NQU2026,1800,1787000107
NQ,1784068200,1784070000,NQU2026,1800,1787000117
NQ,1784070000,1784071800,NQU2026,1800,1787000127
NQ,1784071800,1784073600,NQU2026,1800,1787000137
NQ,1784073600,1784075400,NQU2026,1800,1787000147
NQ,1784075400,1784077200,NQU2026,1800,1787000157
NQ,1784077200,1784079000,NQU2026,1800,1787000167
NQ,1784079000,1784080800,NQU2026,1800,1787000177
NQ,1784080800,1784082600,NQU2026,1800,1787000187
NQ,1784082600,1784084400,NQU2026,1800,1787000197
NQ,1784084400,1784086200,NQU2026,1800,1787000207
NQ,1784086200,1784088000,NQU2026,1800,1787000217
NQ,1784088000,1784089800,NQU2026,1800,1787000227
NQ,1784089800,1784091600,NQU2026,1800,1787000237
NQ,1784091600,1784093400,NQU2026,1800,1787000247
NQ,1784093400,1784095200,NQU2026,1800,1787000257
NQ,1784095200,1784097000,NQU2026,1800,1787000267
NQ,1784097000,1784098800,NQU2026,1800,1787000277
NQ,1784098800,1784100600,NQU2026,1800,1787000287
NQ,1784100600,1784102400,NQU2026,1800,1787000297
NQ,1784102400,1784104200,NQU2026,1800,1787000307
NQ,1784104200,1784106000,NQU2026,1800,1787000317
NQ,1784106000,1784107800,NQU2026,1800,1787000327
NQ,1784107800,1784109600,NQU2026,1800,1787000337
NQ,1784109600,1784111400,NQU2026,1800,1787000347
NQ,1784111400,1784113200,NQU2026,1800,1787000357
NQ,1784113200,1784115000,NQU2026,1800,1787000367
NQ,1784115000,1784116800,NQU2026,1800,1787000377
NQ,1784116800,1784118600,NQU2026,1800,1787000387
NQ,1784118600,1784120400,NQU2026,1800,1787000397
NQ,1784120400,1784122200,NQU2026,1800,1787000407
NQ,1784122200,1784124000,NQU2026,1800,1787000417
NQ,1784124000,1784125800,NQU2026,1800,1787000427
NQ,1784125800,1784127600,NQU2026,1800,1787000437
NQ,1784127600,1784129400,NQU2026,1800,1787000447
NQ,1784129400,1784131200,NQU2026,1800,1787000457
NQ,1784131200,1784133000,NQU2026,1800,1787000467
NQ,1784133000,1784134800,NQU2026,1800,1787000477
NQ,1784134800,1784136600,NQU2026,1800,1787000487
NQ,1784136600,1784138400,NQU2026,1800,1787000497
NQ,1784138400,1784140200,NQU2026,1800,1787000507
NQ,1784140200,1784142000,NQU2026,1800,1787000517
NQ,1784142000,1784143800,NQU2026,1800,1787000527
NQ,1784143800,1784145600,NQU2026,1800,1787000537
NQ,1784145600,1784147400,NQU2026,1800,1787000547
NQ,1784147400,1784149200,NQU2026,1800,1787000557
ES,1784066400,1784068200,ESU2026,1800,1787000567
ES,1784068200,1784070000,ESU2026,1800,1787000577
ES,1784070000,1784071800,ESU2026,1800,1787000587
ES,1784071800,1784073600,ESU2026,1800,1787000597
ES,1784073600,1784075400,ESU2026,1800,1787000607
ES,1784075400,1784077200,ESU2026,1800,1787000617
ES,1784077200,1784079000,ESU2026,1800,1787000627
ES,1784079000,1784080800,ESU2026,1800,1787000637
ES,1784080800,1784082600,ESU2026,1800,1787000647
ES,1784082600,1784084400,ESU2026,1800,1787000657
ES,1784084400,1784086200,ESU2026,1800,1787000667
ES,1784086200,1784088000,ESU2026,1800,1787000677
ES,1784088000,1784089800,ESU2026,1800,1787000687
ES,1784089800,1784091600,ESU2026,1800,1787000697
ES,1784091600,1784093400,ESU2026,1800,1787000707
ES,1784093400,1784095200,ESU2026,1800,1787000717
ES,1784095200,1784097000,ESU2026,1800,1787000727
ES,1784097000,1784098800,ESU2026,1800,1787000737
ES,1784098800,1784100600,ESU2026,1800,1787000762
ES,1784100600,1784102400,ESU2026,1800,1787000772
ES,1784102400,1784104200,ESU2026,1800,1787000782
ES,1784104200,1784106000,ESU2026,1800,1787000792
ES,1784106000,1784107800,ESU2026,1800,1787000802
ES,1784107800,1784109600,ESU2026,1800,1787000812
ES,1784109600,1784111400,ESU2026,1800,1787000822
ES,1784111400,1784113200,ESU2026,1800,1787000832
ES,1784113200,1784115000,ESU2026,1800,1787000842
ES,1784115000,1784116800,ESU2026,1800,1787000852
ES,1784116800,1784118600,ESU2026,1800,1787000862
ES,1784118600,1784120400,ESU2026,1800,1787000872
ES,1784120400,1784122200,ESU2026,1800,1787000882
ES,1784122200,1784124000,ESU2026,1800,1787000892
ES,1784124000,1784125800,ESU2026,1800,1787000902
ES,1784125800,1784127600,ESU2026,1800,1787000912
ES,1784127600,1784129400,ESU2026,1800,1787000922
ES,1784129400,1784131200,ESU2026,1800,1787000932
ES,1784131200,1784133000,ESU2026,1800,1787000942
ES,1784133000,1784134800,ESU2026,1800,1787000952
ES,1784134800,1784136600,ESU2026,1800,1787000962
ES,1784136600,1784138400,ESU2026,1800,1787000972
ES,1784138400,1784140200,ESU2026,1800,1787000982
ES,1784140200,1784142000,ESU2026,1800,1787000992
ES,1784142000,1784143800,ESU2026,1800,1787001002
ES,1784143800,1784145600,ESU2026,1800,1787001012
ES,1784145600,1784147400,ESU2026,1800,1787001022
ES,1784147400,1784149200,ESU2026,1800,1787001033
NQ,1784152800,1784154600,NQU2026,1800,1787001042
NQ,1784154600,1784156400,NQU2026,1800,1787001053
NQ,1784156400,1784158200,NQU2026,1800,1787001064
NQ,1784158200,1784160000,NQU2026,1800,1787001073
NQ,1784160000,1784161800,NQU2026,1800,1787001082
NQ,1784161800,1784163600,NQU2026,1800,1787001092
NQ,1784163600,1784165400,NQU2026,1800,1787001102
NQ,1784165400,1784167200,NQU2026,1800,1787001112
NQ,1784167200,1784169000,NQU2026,1800,1787001122
NQ,1784169000,1784170800,NQU2026,1800,1787001132
NQ,1784170800,1784172600,NQU2026,1800,1787001142
NQ,1784172600,1784174400,NQU2026,1800,1787001152
NQ,1784174400,1784176200,NQU2026,1800,1787001162
NQ,1784176200,1784178000,NQU2026,1800,1787001172
NQ,1784178000,1784179800,NQU2026,1800,1787001182
NQ,1784179800,1784181600,NQU2026,1800,1787001192
NQ,1784181600,1784183400,NQU2026,1800,1787001202
NQ,1784183400,1784185200,NQU2026,1800,1787001212
NQ,1784185200,1784187000,NQU2026,1800,1787001222
NQ,1784187000,1784188800,NQU2026,1800,1787001233
NQ,1784188800,1784190600,NQU2026,1800,1787001246
NQ,1784190600,1784192400,NQU2026,1800,1787001277
NQ,1784192400,1784194200,NQU2026,1800,1787001285
NQ,1784194200,1784196000,NQU2026,1800,1787001291
NQ,1784196000,1784197800,NQU2026,1800,1787001299
NQ,1784197800,1784199600,NQU2026,1800,1787001308
NQ,1784199600,1784201400,NQU2026,1800,1787001318
NQ,1784201400,1784203200,NQU2026,1800,1787001328
NQ,1784203200,1784205000,NQU2026,1800,1787001338
NQ,1784205000,1784206800,NQU2026,1800,1787001348
NQ,1784206800,1784208600,NQU2026,1800,1787001358
NQ,1784208600,1784210400,NQU2026,1800,1787001368
NQ,1784210400,1784212200,NQU2026,1800,1787001378
NQ,1784212200,1784214000,NQU2026,1800,1787001388
NQ,1784214000,1784215800,NQU2026,1800,1787001398
NQ,1784215800,1784217600,NQU2026,1800,1787001408
NQ,1784217600,1784219400,NQU2026,1800,1787001418
NQ,1784219400,1784221200,NQU2026,1800,1787001428
NQ,1784221200,1784223000,NQU2026,1800,1787001438
NQ,1784223000,1784224800,NQU2026,1800,1787001448
NQ,1784224800,1784226600,NQU2026,1800,1787001458
NQ,1784226600,1784228400,NQU2026,1800,1787001468
NQ,1784228400,1784230200,NQU2026,1800,1787001478
NQ,1784230200,1784232000,NQU2026,1800,1787001488
NQ,1784232000,1784233800,NQU2026,1800,1787001498
NQ,1784233800,1784235600,NQU2026,1800,1787001508
ES,1784152800,1784154600,ESU2026,1800,1787001518
ES,1784154600,1784156400,ESU2026,1800,1787001528
ES,1784156400,1784158200,ESU2026,1800,1787001538
ES,1784158200,1784160000,ESU2026,1800,1787001548
ES,1784160000,1784161800,ESU2026,1800,1787001558
ES,1784161800,1784163600,ESU2026,1800,1787001568
ES,1784163600,1784165400,ESU2026,1800,1787001578
ES,1784165400,1784167200,ESU2026,1800,1787001588
ES,1784167200,1784169000,ESU2026,1800,1787001598
ES,1784169000,1784170800,ESU2026,1800,1787001608
ES,1784170800,1784172600,ESU2026,1800,1787001618
ES,1784172600,1784174400,ESU2026,1800,1787001628
ES,1784174400,1784176200,ESU2026,1800,1787001639
ES,1784176200,1784178000,ESU2026,1800,1787001649
ES,1784178000,1784179800,ESU2026,1800,1787001659
ES,1784179800,1784181600,ESU2026,1800,1787001669
ES,1784181600,1784183400,ESU2026,1800,1787001678
ES,1784183400,1784185200,ESU2026,1800,1787001688
ES,1784185200,1784187000,ESU2026,1800,1787001698
ES,1784187000,1784188800,ESU2026,1800,1787001708
ES,1784188800,1784190600,ESU2026,1800,1787001718
ES,1784190600,1784192400,ESU2026,1800,1787001728
ES,1784192400,1784194200,ESU2026,1800,1787001738
ES,1784194200,1784196000,ESU2026,1800,1787001748
ES,1784196000,1784197800,ESU2026,1800,1787001758
ES,1784197800,1784199600,ESU2026,1800,1787001768
ES,1784199600,1784201400,ESU2026,1800,1787001778
ES,1784201400,1784203200,ESU2026,1800,1787001788
ES,1784203200,1784205000,ESU2026,1800,1787001798
ES,1784205000,1784206800,ESU2026,1800,1787001808
ES,1784206800,1784208600,ESU2026,1800,1787001818
ES,1784208600,1784210400,ESU2026,1800,1787001828
ES,1784210400,1784212200,ESU2026,1800,1787001838
ES,1784212200,1784214000,ESU2026,1800,1787001848
ES,1784214000,1784215800,ESU2026,1800,1787001858
ES,1784215800,1784217600,ESU2026,1800,1787001868
ES,1784217600,1784219400,ESU2026,1800,1787001878
ES,1784219400,1784221200,ESU2026,1800,1787001888
ES,1784221200,1784223000,ESU2026,1800,1787001898
ES,1784223000,1784224800,ESU2026,1800,1787001908
ES,1784224800,1784226600,ESU2026,1800,1787001918
ES,1784226600,1784228400,ESU2026,1800,1787001928
ES,1784228400,1784230200,ESU2026,1800,1787001938
ES,1784230200,1784232000,ESU2026,1800,1787001948
ES,1784232000,1784233800,ESU2026,1800,1787001958
ES,1784233800,1784235600,ESU2026,1800,1787001968
NQ,1784239200,1784241000,NQU2026,1800,1787001978
NQ,1784241000,1784242800,NQU2026,1800,1787001988
NQ,1784242800,1784244600,NQU2026,1800,1787001998
NQ,1784244600,1784246400,NQU2026,1800,1787002008
NQ,1784246400,1784248200,NQU2026,1800,1787002018
NQ,1784248200,1784250000,NQU2026,1800,1787002028
NQ,1784250000,1784251800,NQU2026,1800,1787002038
NQ,1784251800,1784253600,NQU2026,1800,1787002048
NQ,1784253600,1784255400,NQU2026,1800,1787002058
NQ,1784255400,1784257200,NQU2026,1800,1787002068
NQ,1784257200,1784259000,NQU2026,1800,1787002078
NQ,1784259000,1784260800,NQU2026,1800,1787002088
NQ,1784260800,1784262600,NQU2026,1800,1787002098
NQ,1784262600,1784264400,NQU2026,1800,1787002108
NQ,1784264400,1784266200,NQU2026,1800,1787002118
NQ,1784266200,1784268000,NQU2026,1800,1787002128
NQ,1784268000,1784269800,NQU2026,1800,1787002138
NQ,1784269800,1784271600,NQU2026,1800,1787002148
NQ,1784271600,1784273400,NQU2026,1800,1787002158
NQ,1784273400,1784275200,NQU2026,1800,1787002168
NQ,1784275200,1784277000,NQU2026,1800,1787002178
NQ,1784277000,1784278800,NQU2026,1800,1787002188
NQ,1784278800,1784280600,NQU2026,1800,1787002198
NQ,1784280600,1784282400,NQU2026,1800,1787002208
NQ,1784282400,1784284200,NQU2026,1800,1787002218
NQ,1784284200,1784286000,NQU2026,1800,1787002228
NQ,1784286000,1784287800,NQU2026,1800,1787002238
NQ,1784287800,1784289600,NQU2026,1800,1787002248
NQ,1784289600,1784291400,NQU2026,1800,1787002258
NQ,1784291400,1784293200,NQU2026,1800,1787002268
NQ,1784293200,1784295000,NQU2026,1800,1787002278
NQ,1784295000,1784296800,NQU2026,1800,1787002288
NQ,1784296800,1784298600,NQU2026,1800,1787002298
NQ,1784298600,1784300400,NQU2026,1800,1787002308
NQ,1784300400,1784302200,NQU2026,1800,1787002318
NQ,1784302200,1784304000,NQU2026,1800,1787002328
NQ,1784304000,1784305800,NQU2026,1800,1787002338
NQ,1784305800,1784307600,NQU2026,1800,1787002348
NQ,1784307600,1784309400,NQU2026,1800,1787002358
NQ,1784309400,1784311200,NQU2026,1800,1787002368
NQ,1784311200,1784313000,NQU2026,1800,1787002378
NQ,1784313000,1784314800,NQU2026,1800,1787002388
NQ,1784314800,1784316600,NQU2026,1800,1787002398
NQ,1784316600,1784318400,NQU2026,1800,1787002408
NQ,1784318400,1784320200,NQU2026,1800,1787002418
NQ,1784320200,1784322000,NQU2026,1800,1787002428
ES,1784239200,1784241000,ESU2026,1800,1787002438
ES,1784241000,1784242800,ESU2026,1800,1787002448
ES,1784242800,1784244600,ESU2026,1800,1787002458
ES,1784244600,1784246400,ESU2026,1800,1787002468
ES,1784246400,1784248200,ESU2026,1800,1787002478
ES,1784248200,1784250000,ESU2026,1800,1787002488
ES,1784250000,1784251800,ESU2026,1800,1787002498
ES,1784251800,1784253600,ESU2026,1800,1787002508
ES,1784253600,1784255400,ESU2026,1800,1787002518
ES,1784255400,1784257200,ESU2026,1800,1787002528
ES,1784257200,1784259000,ESU2026,1800,1787002538
ES,1784259000,1784260800,ESU2026,1800,1787002548
ES,1784260800,1784262600,ESU2026,1800,1787002558
ES,1784262600,1784264400,ESU2026,1800,1787002583
ES,1784264400,1784266200,ESU2026,1800,1787002593
ES,1784266200,1784268000,ESU2026,1800,1787002603
ES,1784268000,1784269800,ESU2026,1800,1787002613
ES,1784269800,1784271600,ESU2026,1800,1787002623
ES,1784271600,1784273400,ESU2026,1800,1787002633
ES,1784273400,1784275200,ESU2026,1800,1787002643
ES,1784275200,1784277000,ESU2026,1800,1787002653
ES,1784277000,1784278800,ESU2026,1800,1787002663
ES,1784278800,1784280600,ESU2026,1800,1787002673
ES,1784280600,1784282400,ESU2026,1800,1787002683
ES,1784282400,1784284200,ESU2026,1800,1787002693
ES,1784284200,1784286000,ESU2026,1800,1787002703
ES,1784286000,1784287800,ESU2026,1800,1787002713
ES,1784287800,1784289600,ESU2026,1800,1787002723
ES,1784289600,1784291400,ESU2026,1800,1787002733
ES,1784291400,1784293200,ESU2026,1800,1787002743
ES,1784293200,1784295000,ESU2026,1800,1787002753
ES,1784295000,1784296800,ESU2026,1800,1787002763
ES,1784296800,1784298600,ESU2026,1800,1787002773
ES,1784298600,1784300400,ESU2026,1800,1787002784
ES,1784300400,1784302200,ESU2026,1800,1787002793
ES,1784302200,1784304000,ESU2026,1800,1787002803
ES,1784304000,1784305800,ESU2026,1800,1787002813
ES,1784305800,1784307600,ESU2026,1800,1787002823
ES,1784307600,1784309400,ESU2026,1800,1787002833
ES,1784309400,1784311200,ESU2026,1800,1787002843
ES,1784311200,1784313000,ESU2026,1800,1787002853
ES,1784313000,1784314800,ESU2026,1800,1787002863
ES,1784314800,1784316600,ESU2026,1800,1787002873
ES,1784316600,1784318400,ESU2026,1800,1787002883
ES,1784318400,1784320200,ESU2026,1800,1787002893
ES,1784320200,1784322000,ESU2026,1800,1787002903
NQ,1784498400,1784500200,NQU2026,1800,1787036904
NQ,1784500200,1784502000,NQU2026,1800,1787036913
NQ,1784502000,1784503800,NQU2026,1800,1787036923
NQ,1784503800,1784505600,NQU2026,1800,1787036933
NQ,1784505600,1784507400,NQU2026,1800,1787036943
NQ,1784507400,1784509200,NQU2026,1800,1787036953
NQ,1784509200,1784511000,NQU2026,1800,1787036963
NQ,1784511000,1784512800,NQU2026,1800,1787036973
NQ,1784512800,1784514600,NQU2026,1800,1787036983
NQ,1784514600,1784516400,NQU2026,1800,1787036993
NQ,1784516400,1784518200,NQU2026,1800,1787037003
NQ,1784518200,1784520000,NQU2026,1800,1787037013
NQ,1784520000,1784521800,NQU2026,1800,1787037023
NQ,1784521800,1784523600,NQU2026,1800,1787037033
NQ,1784523600,1784525400,NQU2026,1800,1787037043
NQ,1784525400,1784527200,NQU2026,1800,1787037053
NQ,1784527200,1784529000,NQU2026,1800,1787037063
NQ,1784529000,1784530800,NQU2026,1800,1787037073
NQ,1784530800,1784532600,NQU2026,1800,1787037083
NQ,1784532600,1784534400,NQU2026,1800,1787037093
NQ,1784534400,1784536200,NQU2026,1800,1787037103
NQ,1784536200,1784538000,NQU2026,1800,1787037113
NQ,1784538000,1784539800,NQU2026,1800,1787037123
NQ,1784539800,1784541600,NQU2026,1800,1787037133
NQ,1784541600,1784543400,NQU2026,1800,1787037143
NQ,1784543400,1784545200,NQU2026,1800,1787037153
NQ,1784545200,1784547000,NQU2026,1800,1787037163
NQ,1784547000,1784548800,NQU2026,1800,1787037173
NQ,1784548800,1784550600,NQU2026,1800,1787037183
NQ,1784550600,1784552400,NQU2026,1800,1787037193
NQ,1784552400,1784554200,NQU2026,1800,1787037203
NQ,1784554200,1784556000,NQU2026,1800,1787037213
NQ,1784556000,1784557800,NQU2026,1800,1787037223
NQ,1784557800,1784559600,NQU2026,1800,1787037233
NQ,1784559600,1784561400,NQU2026,1800,1787037243
NQ,1784561400,1784563200,NQU2026,1800,1787037253
NQ,1784563200,1784565000,NQU2026,1800,1787037263
NQ,1784565000,1784566800,NQU2026,1800,1787037273
NQ,1784566800,1784568600,NQU2026,1800,1787037283
NQ,1784568600,1784570400,NQU2026,1800,1787037293
NQ,1784570400,1784572200,NQU2026,1800,1787037303
NQ,1784572200,1784574000,NQU2026,1800,1787037313
NQ,1784574000,1784575800,NQU2026,1800,1787037323
NQ,1784575800,1784577600,NQU2026,1800,1787037333
NQ,1784577600,1784579400,NQU2026,1800,1787037343
NQ,1784579400,1784581200,NQU2026,1800,1787037353
ES,1784498400,1784500200,ESU2026,1800,1787037363
ES,1784500200,1784502000,ESU2026,1800,1787037373
ES,1784502000,1784503800,ESU2026,1800,1787037383
ES,1784503800,1784505600,ESU2026,1800,1787037393
ES,1784505600,1784507400,ESU2026,1800,1787037403
ES,1784507400,1784509200,ESU2026,1800,1787037413
ES,1784509200,1784511000,ESU2026,1800,1787037423
ES,1784511000,1784512800,ESU2026,1800,1787037433
ES,1784512800,1784514600,ESU2026,1800,1787037443
ES,1784514600,1784516400,ESU2026,1800,1787037453
ES,1784516400,1784518200,ESU2026,1800,1787037463
ES,1784518200,1784520000,ESU2026,1800,1787037473
ES,1784520000,1784521800,ESU2026,1800,1787037483
ES,1784521800,1784523600,ESU2026,1800,1787037493
ES,1784523600,1784525400,ESU2026,1800,1787037519
ES,1784525400,1784527200,ESU2026,1800,1787037528
ES,1784527200,1784529000,ESU2026,1800,1787037538
ES,1784529000,1784530800,ESU2026,1800,1787037549
ES,1784530800,1784532600,ESU2026,1800,1787037559
ES,1784532600,1784534400,ESU2026,1800,1787037569
ES,1784534400,1784536200,ESU2026,1800,1787037579
ES,1784536200,1784538000,ESU2026,1800,1787037589
ES,1784538000,1784539800,ESU2026,1800,1787037599
ES,1784539800,1784541600,ESU2026,1800,1787037609
ES,1784541600,1784543400,ESU2026,1800,1787037619
ES,1784543400,1784545200,ESU2026,1800,1787037629
ES,1784545200,1784547000,ESU2026,1800,1787037639
ES,1784547000,1784548800,ESU2026,1800,1787037649
ES,1784548800,1784550600,ESU2026,1800,1787037659
ES,1784550600,1784552400,ESU2026,1800,1787037669
ES,1784552400,1784554200,ESU2026,1800,1787037679
ES,1784554200,1784556000,ESU2026,1800,1787037689
ES,1784556000,1784557800,ESU2026,1800,1787037699
ES,1784557800,1784559600,ESU2026,1800,1787037709
ES,1784559600,1784561400,ESU2026,1800,1787037719
ES,1784561400,1784563200,ESU2026,1800,1787037729
ES,1784563200,1784565000,ESU2026,1800,1787037739
ES,1784565000,1784566800,ESU2026,1800,1787037749
ES,1784566800,1784568600,ESU2026,1800,1787037759
ES,1784568600,1784570400,ESU2026,1800,1787037769
ES,1784570400,1784572200,ESU2026,1800,1787037779
ES,1784572200,1784574000,ESU2026,1800,1787037789
ES,1784574000,1784575800,ESU2026,1800,1787037799
ES,1784575800,1784577600,ESU2026,1800,1787037809
ES,1784577600,1784579400,ESU2026,1800,1787037819
ES,1784579400,1784581200,ESU2026,1800,1787037829
NQ,1784584800,1784586600,NQU2026,1800,1787037839
NQ,1784586600,1784588400,NQU2026,1800,1787037849
NQ,1784588400,1784590200,NQU2026,1800,1787037859
NQ,1784590200,1784592000,NQU2026,1800,1787037869
NQ,1784592000,1784593800,NQU2026,1800,1787037879
NQ,1784593800,1784595600,NQU2026,1800,1787037889
NQ,1784595600,1784597400,NQU2026,1800,1787037899
NQ,1784597400,1784599200,NQU2026,1800,1787037909
NQ,1784599200,1784601000,NQU2026,1800,1787037919
NQ,1784601000,1784602800,NQU2026,1800,1787037929
NQ,1784602800,1784604600,NQU2026,1800,1787037939
NQ,1784604600,1784606400,NQU2026,1800,1787037949
NQ,1784606400,1784608200,NQU2026,1800,1787037959
NQ,1784608200,1784610000,NQU2026,1800,1787037969
NQ,1784610000,1784611800,NQU2026,1800,1787037979
NQ,1784611800,1784613600,NQU2026,1800,1787037989
NQ,1784613600,1784615400,NQU2026,1800,1787037999
NQ,1784615400,1784617200,NQU2026,1800,1787038009
NQ,1784617200,1784619000,NQU2026,1800,1787038019
NQ,1784619000,1784620800,NQU2026,1800,1787038029
NQ,1784620800,1784622600,NQU2026,1800,1787038039
NQ,1784622600,1784624400,NQU2026,1800,1787038049
NQ,1784624400,1784626200,NQU2026,1800,1787038059
NQ,1784626200,1784628000,NQU2026,1800,1787038069
NQ,1784628000,1784629800,NQU2026,1800,1787038079
NQ,1784629800,1784631600,NQU2026,1800,1787038089
NQ,1784631600,1784633400,NQU2026,1800,1787038099
NQ,1784633400,1784635200,NQU2026,1800,1787038109
NQ,1784635200,1784637000,NQU2026,1800,1787038119
NQ,1784637000,1784638800,NQU2026,1800,1787038129
NQ,1784638800,1784640600,NQU2026,1800,1787038139
NQ,1784640600,1784642400,NQU2026,1800,1787038149
NQ,1784642400,1784644200,NQU2026,1800,1787038159
NQ,1784644200,1784646000,NQU2026,1800,1787038169
NQ,1784646000,1784647800,NQU2026,1800,1787038179
NQ,1784647800,1784649600,NQU2026,1800,1787038189
NQ,1784649600,1784651400,NQU2026,1800,1787038199
NQ,1784651400,1784653200,NQU2026,1800,1787038209
NQ,1784653200,1784655000,NQU2026,1800,1787038219
NQ,1784655000,1784656800,NQU2026,1800,1787038229
NQ,1784656800,1784658600,NQU2026,1800,1787038239
NQ,1784658600,1784660400,NQU2026,1800,1787038249
NQ,1784660400,1784662200,NQU2026,1800,1787038259
NQ,1784662200,1784664000,NQU2026,1800,1787038269
NQ,1784664000,1784665800,NQU2026,1800,1787038279
NQ,1784665800,1784667600,NQU2026,1800,1787038289
ES,1784584800,1784586600,ESU2026,1800,1787038299
ES,1784586600,1784588400,ESU2026,1800,1787038309
ES,1784588400,1784590200,ESU2026,1800,1787038319
ES,1784590200,1784592000,ESU2026,1800,1787038329
ES,1784592000,1784593800,ESU2026,1800,1787038339
ES,1784593800,1784595600,ESU2026,1800,1787038349
ES,1784595600,1784597400,ESU2026,1800,1787038359
ES,1784597400,1784599200,ESU2026,1800,1787038369
ES,1784599200,1784601000,ESU2026,1800,1787038379
ES,1784601000,1784602800,ESU2026,1800,1787038389
ES,1784602800,1784604600,ESU2026,1800,1787038399
ES,1784604600,1784606400,ESU2026,1800,1787038409
ES,1784606400,1784608200,ESU2026,1800,1787038419
ES,1784608200,1784610000,ESU2026,1800,1787038429
ES,1784610000,1784611800,ESU2026,1800,1787038439
ES,1784611800,1784613600,ESU2026,1800,1787038449
ES,1784613600,1784615400,ESU2026,1800,1787038459
ES,1784615400,1784617200,ESU2026,1800,1787038469
ES,1784617200,1784619000,ESU2026,1800,1787038479
ES,1784619000,1784620800,ESU2026,1800,1787038489
ES,1784620800,1784622600,ESU2026,1800,1787038499
ES,1784622600,1784624400,ESU2026,1800,1787038509
ES,1784624400,1784626200,ESU2026,1800,1787038519
ES,1784626200,1784628000,ESU2026,1800,1787038529
ES,1784628000,1784629800,ESU2026,1800,1787038539
ES,1784629800,1784631600,ESU2026,1800,1787038549
ES,1784631600,1784633400,ESU2026,1800,1787038559
ES,1784633400,1784635200,ESU2026,1800,1787038569
ES,1784635200,1784637000,ESU2026,1800,1787038579
ES,1784637000,1784638800,ESU2026,1800,1787038589
ES,1784638800,1784640600,ESU2026,1800,1787038599
ES,1784640600,1784642400,ESU2026,1800,1787038609
ES,1784642400,1784644200,ESU2026,1800,1787038619
ES,1784644200,1784646000,ESU2026,1800,1787038629
ES,1784646000,1784647800,ESU2026,1800,1787038639
ES,1784647800,1784649600,ESU2026,1800,1787038649
ES,1784649600,1784651400,ESU2026,1800,1787038659
ES,1784651400,1784653200,ESU2026,1800,1787038669
ES,1784653200,1784655000,ESU2026,1800,1787038679
ES,1784655000,1784656800,ESU2026,1800,1787038689
ES,1784656800,1784658600,ESU2026,1800,1787038699
ES,1784658600,1784660400,ESU2026,1800,1787038709
ES,1784660400,1784662200,ESU2026,1800,1787038719
ES,1784662200,1784664000,ESU2026,1800,1787038729
ES,1784664000,1784665800,ESU2026,1800,1787038739
ES,1784665800,1784667600,ESU2026,1800,1787038749
NQ,1784671200,1784673000,NQU2026,1800,1787038759
NQ,1784673000,1784674800,NQU2026,1800,1787038769
NQ,1784674800,1784676600,NQU2026,1800,1787038779
NQ,1784676600,1784678400,NQU2026,1800,1787038789
NQ,1784678400,1784680200,NQU2026,1800,1787038799
NQ,1784680200,1784682000,NQU2026,1800,1787038809
NQ,1784682000,1784683800,NQU2026,1800,1787038819
NQ,1784683800,1784685600,NQU2026,1800,1787038829
NQ,1784685600,1784687400,NQU2026,1800,1787038839
NQ,1784687400,1784689200,NQU2026,1800,1787038849
NQ,1784689200,1784691000,NQU2026,1800,1787038859
NQ,1784691000,1784692800,NQU2026,1800,1787038869
NQ,1784692800,1784694600,NQU2026,1800,1787038879
NQ,1784694600,1784696400,NQU2026,1800,1787038889
NQ,1784696400,1784698200,NQU2026,1800,1787038899
NQ,1784698200,1784700000,NQU2026,1800,1787038909
NQ,1784700000,1784701800,NQU2026,1800,1787038919
NQ,1784701800,1784703600,NQU2026,1800,1787038929
NQ,1784703600,1784705400,NQU2026,1800,1787038939
NQ,1784705400,1784707200,NQU2026,1800,1787038949
NQ,1784707200,1784709000,NQU2026,1800,1787038959
NQ,1784709000,1784710800,NQU2026,1800,1787038969
NQ,1784710800,1784712600,NQU2026,1800,1787038979
NQ,1784712600,1784714400,NQU2026,1800,1787038989
NQ,1784714400,1784716200,NQU2026,1800,1787038999
NQ,1784716200,1784718000,NQU2026,1800,1787039009
NQ,1784718000,1784719800,NQU2026,1800,1787039019
NQ,1784719800,1784721600,NQU2026,1800,1787039029
NQ,1784721600,1784723400,NQU2026,1800,1787039039
NQ,1784723400,1784725200,NQU2026,1800,1787039049
NQ,1784725200,1784727000,NQU2026,1800,1787039059
NQ,1784727000,1784728800,NQU2026,1800,1787039069
NQ,1784728800,1784730600,NQU2026,1800,1787039079
NQ,1784730600,1784732400,NQU2026,1800,1787039089
NQ,1784732400,1784734200,NQU2026,1800,1787039099
NQ,1784734200,1784736000,NQU2026,1800,1787039109
NQ,1784736000,1784737800,NQU2026,1800,1787039119
NQ,1784737800,1784739600,NQU2026,1800,1787039129
NQ,1784739600,1784741400,NQU2026,1800,1787039139
NQ,1784741400,1784743200,NQU2026,1800,1787039149
NQ,1784743200,1784745000,NQU2026,1800,1787039159
NQ,1784745000,1784746800,NQU2026,1800,1787039169
NQ,1784746800,1784748600,NQU2026,1800,1787039179
NQ,1784748600,1784750400,NQU2026,1800,1787039189
NQ,1784750400,1784752200,NQU2026,1800,1787039199
NQ,1784752200,1784754000,NQU2026,1800,1787039209
ES,1784671200,1784673000,ESU2026,1800,1787039219
ES,1784673000,1784674800,ESU2026,1800,1787039229
ES,1784674800,1784676600,ESU2026,1800,1787039239
ES,1784676600,1784678400,ESU2026,1800,1787039249
ES,1784678400,1784680200,ESU2026,1800,1787039259
ES,1784680200,1784682000,ESU2026,1800,1787039269
ES,1784682000,1784683800,ESU2026,1800,1787039286
ES,1784683800,1784685600,ESU2026,1800,1787039289
ES,1784685600,1784687400,ESU2026,1800,1787039299
ES,1784687400,1784689200,ESU2026,1800,1787039309
ES,1784689200,1784691000,ESU2026,1800,1787039324
ES,1784691000,1784692800,ESU2026,1800,1787039329
ES,1784692800,1784694600,ESU2026,1800,1787039339
ES,1784694600,1784696400,ESU2026,1800,1787039350
ES,1784696400,1784698200,ESU2026,1800,1787039364
ES,1784698200,1784700000,ESU2026,1800,1787039369
ES,1784700000,1784701800,ESU2026,1800,1787039379
ES,1784701800,1784703600,ESU2026,1800,1787039389
ES,1784703600,1784705400,ESU2026,1800,1787039399
ES,1784705400,1784707200,ESU2026,1800,1787039409
ES,1784707200,1784709000,ESU2026,1800,1787039419
ES,1784709000,1784710800,ESU2026,1800,1787039429
ES,1784710800,1784712600,ESU2026,1800,1787039439
ES,1784712600,1784714400,ESU2026,1800,1787039449
ES,1784714400,1784716200,ESU2026,1800,1787039459
ES,1784716200,1784718000,ESU2026,1800,1787039469
ES,1784718000,1784719800,ESU2026,1800,1787039479
ES,1784719800,1784721600,ESU2026,1800,1787039489
ES,1784721600,1784723400,ESU2026,1800,1787039499
ES,1784723400,1784725200,ESU2026,1800,1787039509
ES,1784725200,1784727000,ESU2026,1800,1787039519
ES,1784727000,1784728800,ESU2026,1800,1787039529
ES,1784728800,1784730600,ESU2026,1800,1787039539
ES,1784730600,1784732400,ESU2026,1800,1787039549
ES,1784732400,1784734200,ESU2026,1800,1787039559
ES,1784734200,1784736000,ESU2026,1800,1787039569
ES,1784736000,1784737800,ESU2026,1800,1787039579
ES,1784737800,1784739600,ESU2026,1800,1787039589
ES,1784739600,1784741400,ESU2026,1800,1787039599
ES,1784741400,1784743200,ESU2026,1800,1787039609
ES,1784743200,1784745000,ESU2026,1800,1787039619
ES,1784745000,1784746800,ESU2026,1800,1787039629
ES,1784746800,1784748600,ESU2026,1800,1787039639
ES,1784748600,1784750400,ESU2026,1800,1787039649
ES,1784750400,1784752200,ESU2026,1800,1787039659
ES,1784752200,1784754000,ESU2026,1800,1787039669
ES,1784757600,1784759400,ESU2026,1800,1787040307
ES,1784759400,1784761200,ESU2026,1800,1787040317
ES,1784761200,1784763000,ESU2026,1800,1787040327
ES,1784763000,1784764800,ESU2026,1800,1787040337
ES,1784764800,1784766600,ESU2026,1800,1787040347
ES,1784766600,1784768400,ESU2026,1800,1787040357
ES,1784768400,1784770200,ESU2026,1800,1787040367
ES,1784770200,1784772000,ESU2026,1800,1787040377
ES,1784772000,1784773800,ESU2026,1800,1787040387
ES,1784773800,1784775600,ESU2026,1800,1787040397
ES,1784775600,1784777400,ESU2026,1800,1787040407
ES,1784777400,1784779200,ESU2026,1800,1787040417
ES,1784779200,1784781000,ESU2026,1800,1787040427
ES,1784781000,1784782800,ESU2026,1800,1787040437
ES,1784782800,1784784600,ESU2026,1800,1787040447
ES,1784784600,1784786400,ESU2026,1800,1787040457
ES,1784786400,1784788200,ESU2026,1800,1787040467
ES,1784788200,1784790000,ESU2026,1800,1787040478
ES,1784790000,1784791800,ESU2026,1800,1787040489
ES,1784791800,1784793600,ESU2026,1800,1787040497
ES,1784793600,1784795400,ESU2026,1800,1787040507
ES,1784795400,1784797200,ESU2026,1800,1787040517
ES,1784797200,1784799000,ESU2026,1800,1787040527
ES,1784799000,1784800800,ESU2026,1800,1787040537
ES,1784800800,1784802600,ESU2026,1800,1787040547
ES,1784802600,1784804400,ESU2026,1800,1787040557
ES,1784804400,1784806200,ESU2026,1800,1787040567
ES,1784806200,1784808000,ESU2026,1800,1787040577
ES,1784808000,1784809800,ESU2026,1800,1787040587
ES,1784809800,1784811600,ESU2026,1800,1787040597
ES,1784811600,1784813400,ESU2026,1800,1787040607
ES,1784813400,1784815200,ESU2026,1800,1787040617
ES,1784815200,1784817000,ESU2026,1800,1787040627
ES,1784817000,1784818800,ESU2026,1800,1787040637
ES,1784818800,1784820600,ESU2026,1800,1787040647
ES,1784820600,1784822400,ESU2026,1800,1787040657
ES,1784822400,1784824200,ESU2026,1800,1787040667
ES,1784824200,1784826000,ESU2026,1800,1787040677
ES,1784826000,1784827800,ESU2026,1800,1787040687
ES,1784827800,1784829600,ESU2026,1800,1787040697
ES,1784829600,1784831400,ESU2026,1800,1787040707
ES,1784831400,1784833200,ESU2026,1800,1787040717
ES,1784833200,1784835000,ESU2026,1800,1787040727
ES,1784835000,1784836800,ESU2026,1800,1787040737
ES,1784836800,1784838600,ESU2026,1800,1787040747
ES,1784838600,1784840400,ESU2026,1800,1787040757
NQ,1784844000,1784845800,NQU2026,1800,1787040767
NQ,1784845800,1784847600,NQU2026,1800,1787040777
NQ,1784847600,1784849400,NQU2026,1800,1787040787
NQ,1784849400,1784851200,NQU2026,1800,1787040797
NQ,1784851200,1784853000,NQU2026,1800,1787040807
NQ,1784853000,1784854800,NQU2026,1800,1787040817
NQ,1784854800,1784856600,NQU2026,1800,1787040827
NQ,1784856600,1784858400,NQU2026,1800,1787040837
NQ,1784858400,1784860200,NQU2026,1800,1787040847
NQ,1784860200,1784862000,NQU2026,1800,1787040857
NQ,1784862000,1784863800,NQU2026,1800,1787040867
NQ,1784863800,1784865600,NQU2026,1800,1787040877
NQ,1784865600,1784867400,NQU2026,1800,1787040887
NQ,1784867400,1784869200,NQU2026,1800,1787040897
NQ,1784869200,1784871000,NQU2026,1800,1787040907
NQ,1784871000,1784872800,NQU2026,1800,1787040917
NQ,1784872800,1784874600,NQU2026,1800,1787040927
NQ,1784874600,1784876400,NQU2026,1800,1787040937
NQ,1784876400,1784878200,NQU2026,1800,1787040947
NQ,1784878200,1784880000,NQU2026,1800,1787040957
NQ,1784880000,1784881800,NQU2026,1800,1787040967
NQ,1784881800,1784883600,NQU2026,1800,1787040977
NQ,1784883600,1784885400,NQU2026,1800,1787040987
NQ,1784885400,1784887200,NQU2026,1800,1787040997
NQ,1784887200,1784889000,NQU2026,1800,1787041007
NQ,1784889000,1784890800,NQU2026,1800,1787041017
NQ,1784890800,1784892600,NQU2026,1800,1787041027
NQ,1784892600,1784894400,NQU2026,1800,1787041037
NQ,1784894400,1784896200,NQU2026,1800,1787041047
NQ,1784896200,1784898000,NQU2026,1800,1787041057
NQ,1784898000,1784899800,NQU2026,1800,1787041067
NQ,1784899800,1784901600,NQU2026,1800,1787041077
NQ,1784901600,1784903400,NQU2026,1800,1787041087
NQ,1784903400,1784905200,NQU2026,1800,1787041097
NQ,1784905200,1784907000,NQU2026,1800,1787041107
NQ,1784907000,1784908800,NQU2026,1800,1787041117
NQ,1784908800,1784910600,NQU2026,1800,1787041127
NQ,1784910600,1784912400,NQU2026,1800,1787041137
NQ,1784912400,1784914200,NQU2026,1800,1787041147
NQ,1784914200,1784916000,NQU2026,1800,1787041157
NQ,1784916000,1784917800,NQU2026,1800,1787041167
NQ,1784917800,1784919600,NQU2026,1800,1787041177
NQ,1784919600,1784921400,NQU2026,1800,1787041187
NQ,1784921400,1784923200,NQU2026,1800,1787041197
NQ,1784923200,1784925000,NQU2026,1800,1787041207
NQ,1784925000,1784926800,NQU2026,1800,1787041217
ES,1784844000,1784845800,ESU2026,1800,1787041227
ES,1784845800,1784847600,ESU2026,1800,1787041237
ES,1784847600,1784849400,ESU2026,1800,1787041247
ES,1784849400,1784851200,ESU2026,1800,1787041257
ES,1784851200,1784853000,ESU2026,1800,1787041268
ES,1784853000,1784854800,ESU2026,1800,1787041278
ES,1784854800,1784856600,ESU2026,1800,1787041287
ES,1784856600,1784858400,ESU2026,1800,1787041297
ES,1784858400,1784860200,ESU2026,1800,1787041307
ES,1784860200,1784862000,ESU2026,1800,1787041317
ES,1784862000,1784863800,ESU2026,1800,1787041327
ES,1784863800,1784865600,ESU2026,1800,1787041337
ES,1784865600,1784867400,ESU2026,1800,1787041347
ES,1784867400,1784869200,ESU2026,1800,1787041357
ES,1784869200,1784871000,ESU2026,1800,1787041367
ES,1784871000,1784872800,ESU2026,1800,1787041377
ES,1784872800,1784874600,ESU2026,1800,1787041387
ES,1784874600,1784876400,ESU2026,1800,1787041397
ES,1784876400,1784878200,ESU2026,1800,1787041407
ES,1784878200,1784880000,ESU2026,1800,1787041417
ES,1784880000,1784881800,ESU2026,1800,1787041427
ES,1784881800,1784883600,ESU2026,1800,1787041437
ES,1784883600,1784885400,ESU2026,1800,1787041447
ES,1784885400,1784887200,ESU2026,1800,1787041457
ES,1784887200,1784889000,ESU2026,1800,1787041467
ES,1784889000,1784890800,ESU2026,1800,1787041477
ES,1784890800,1784892600,ESU2026,1800,1787041487
ES,1784892600,1784894400,ESU2026,1800,1787041497
ES,1784894400,1784896200,ESU2026,1800,1787041507
ES,1784896200,1784898000,ESU2026,1800,1787041517
ES,1784898000,1784899800,ESU2026,1800,1787041527
ES,1784899800,1784901600,ESU2026,1800,1787041537
ES,1784901600,1784903400,ESU2026,1800,1787041547
ES,1784903400,1784905200,ESU2026,1800,1787041557
ES,1784905200,1784907000,ESU2026,1800,1787041567
ES,1784907000,1784908800,ESU2026,1800,1787041577
ES,1784908800,1784910600,ESU2026,1800,1787041587
ES,1784910600,1784912400,ESU2026,1800,1787041597
ES,1784912400,1784914200,ESU2026,1800,1787041607
ES,1784914200,1784916000,ESU2026,1800,1787041617
ES,1784916000,1784917800,ESU2026,1800,1787041627
ES,1784917800,1784919600,ESU2026,1800,1787041637
ES,1784919600,1784921400,ESU2026,1800,1787041647
ES,1784921400,1784923200,ESU2026,1800,1787041657
ES,1784923200,1784925000,ESU2026,1800,1787041667
ES,1784925000,1784926800,ESU2026,1800,1787041677
NQ,1785103200,1785105000,NQU2026,1800,1787041687
NQ,1785105000,1785106800,NQU2026,1800,1787041697
NQ,1785106800,1785108600,NQU2026,1800,1787041707
NQ,1785108600,1785110400,NQU2026,1800,1787041717
NQ,1785110400,1785112200,NQU2026,1800,1787041727
NQ,1785112200,1785114000,NQU2026,1800,1787041737
NQ,1785114000,1785115800,NQU2026,1800,1787041747
NQ,1785115800,1785117600,NQU2026,1800,1787041757
NQ,1785117600,1785119400,NQU2026,1800,1787041767
NQ,1785119400,1785121200,NQU2026,1800,1787041777
NQ,1785121200,1785123000,NQU2026,1800,1787041787
NQ,1785123000,1785124800,NQU2026,1800,1787041797
NQ,1785124800,1785126600,NQU2026,1800,1787041807
NQ,1785126600,1785128400,NQU2026,1800,1787041817
NQ,1785128400,1785130200,NQU2026,1800,1787041827
NQ,1785130200,1785132000,NQU2026,1800,1787041837
NQ,1785132000,1785133800,NQU2026,1800,1787041847
NQ,1785133800,1785135600,NQU2026,1800,1787041857
NQ,1785135600,1785137400,NQU2026,1800,1787041867
NQ,1785137400,1785139200,NQU2026,1800,1787041877
NQ,1785139200,1785141000,NQU2026,1800,1787041887
NQ,1785141000,1785142800,NQU2026,1800,1787041897
NQ,1785142800,1785144600,NQU2026,1800,1787041907
NQ,1785144600,1785146400,NQU2026,1800,1787041917
NQ,1785146400,1785148200,NQU2026,1800,1787041927
NQ,1785148200,1785150000,NQU2026,1800,1787041937
NQ,1785150000,1785151800,NQU2026,1800,1787041947
NQ,1785151800,1785153600,NQU2026,1800,1787041957
NQ,1785153600,1785155400,NQU2026,1800,1787041967
NQ,1785155400,1785157200,NQU2026,1800,1787041977
NQ,1785157200,1785159000,NQU2026,1800,1787041987
NQ,1785159000,1785160800,NQU2026,1800,1787041997
NQ,1785160800,1785162600,NQU2026,1800,1787042007
NQ,1785162600,1785164400,NQU2026,1800,1787042017
NQ,1785164400,1785166200,NQU2026,1800,1787042027
NQ,1785166200,1785168000,NQU2026,1800,1787042037
NQ,1785168000,1785169800,NQU2026,1800,1787042047
NQ,1785169800,1785171600,NQU2026,1800,1787042057
NQ,1785171600,1785173400,NQU2026,1800,1787042067
NQ,1785173400,1785175200,NQU2026,1800,1787042077
NQ,1785175200,1785177000,NQU2026,1800,1787042087
NQ,1785177000,1785178800,NQU2026,1800,1787042097
NQ,1785178800,1785180600,NQU2026,1800,1787042107
NQ,1785180600,1785182400,NQU2026,1800,1787042117
NQ,1785182400,1785184200,NQU2026,1800,1787042127
NQ,1785184200,1785186000,NQU2026,1800,1787042137
ES,1785103200,1785105000,ESU2026,1800,1787042147
ES,1785105000,1785106800,ESU2026,1800,1787042157
ES,1785106800,1785108600,ESU2026,1800,1787042167
ES,1785108600,1785110400,ESU2026,1800,1787042177
ES,1785110400,1785112200,ESU2026,1800,1787042187
ES,1785112200,1785114000,ESU2026,1800,1787042197
ES,1785114000,1785115800,ESU2026,1800,1787042207
ES,1785115800,1785117600,ESU2026,1800,1787042217
ES,1785117600,1785119400,ESU2026,1800,1787042227
ES,1785119400,1785121200,ESU2026,1800,1787042237
ES,1785121200,1785123000,ESU2026,1800,1787042247
ES,1785123000,1785124800,ESU2026,1800,1787042257
ES,1785124800,1785126600,ESU2026,1800,1787042267
ES,1785126600,1785128400,ESU2026,1800,1787042277
ES,1785128400,1785130200,ESU2026,1800,1787042287
ES,1785130200,1785132000,ESU2026,1800,1787042297
ES,1785132000,1785133800,ESU2026,1800,1787042307
ES,1785133800,1785135600,ESU2026,1800,1787042317
ES,1785135600,1785137400,ESU2026,1800,1787042327
ES,1785137400,1785139200,ESU2026,1800,1787042337
ES,1785139200,1785141000,ESU2026,1800,1787042347
ES,1785141000,1785142800,ESU2026,1800,1787042357
ES,1785142800,1785144600,ESU2026,1800,1787042367
ES,1785144600,1785146400,ESU2026,1800,1787042377
ES,1785146400,1785148200,ESU2026,1800,1787042387
ES,1785148200,1785150000,ESU2026,1800,1787042397
ES,1785150000,1785151800,ESU2026,1800,1787042407
ES,1785151800,1785153600,ESU2026,1800,1787042417
ES,1785153600,1785155400,ESU2026,1800,1787042427
ES,1785155400,1785157200,ESU2026,1800,1787042437
ES,1785157200,1785159000,ESU2026,1800,1787042447
ES,1785159000,1785160800,ESU2026,1800,1787042457
ES,1785160800,1785162600,ESU2026,1800,1787042467
ES,1785162600,1785164400,ESU2026,1800,1787042477
ES,1785164400,1785166200,ESU2026,1800,1787042487
ES,1785166200,1785168000,ESU2026,1800,1787042497
ES,1785168000,1785169800,ESU2026,1800,1787042507
ES,1785169800,1785171600,ESU2026,1800,1787042517
ES,1785171600,1785173400,ESU2026,1800,1787042527
ES,1785173400,1785175200,ESU2026,1800,1787042537
ES,1785175200,1785177000,ESU2026,1800,1787042547
ES,1785177000,1785178800,ESU2026,1800,1787042557
ES,1785178800,1785180600,ESU2026,1800,1787042567
ES,1785180600,1785182400,ESU2026,1800,1787042577
ES,1785182400,1785184200,ESU2026,1800,1787042587
ES,1785184200,1785186000,ESU2026,1800,1787042597
NQ,1785189600,1785191400,NQU2026,1800,1787042607
NQ,1785191400,1785193200,NQU2026,1800,1787042617
NQ,1785193200,1785195000,NQU2026,1800,1787042627
NQ,1785195000,1785196800,NQU2026,1800,1787042637
NQ,1785196800,1785198600,NQU2026,1800,1787042647
NQ,1785198600,1785200400,NQU2026,1800,1787042657
NQ,1785200400,1785202200,NQU2026,1800,1787042667
NQ,1785202200,1785204000,NQU2026,1800,1787042677
NQ,1785204000,1785205800,NQU2026,1800,1787042687
NQ,1785205800,1785207600,NQU2026,1800,1787042697
NQ,1785207600,1785209400,NQU2026,1800,1787042707
NQ,1785209400,1785211200,NQU2026,1800,1787042717
NQ,1785211200,1785213000,NQU2026,1800,1787042727
NQ,1785213000,1785214800,NQU2026,1800,1787042737
NQ,1785214800,1785216600,NQU2026,1800,1787042747
NQ,1785216600,1785218400,NQU2026,1800,1787042757
NQ,1785218400,1785220200,NQU2026,1800,1787042767
NQ,1785220200,1785222000,NQU2026,1800,1787042777
NQ,1785222000,1785223800,NQU2026,1800,1787042787
NQ,1785223800,1785225600,NQU2026,1800,1787042797
NQ,1785225600,1785227400,NQU2026,1800,1787042807
NQ,1785227400,1785229200,NQU2026,1800,1787042817
NQ,1785229200,1785231000,NQU2026,1800,1787042827
NQ,1785231000,1785232800,NQU2026,1800,1787042837
NQ,1785232800,1785234600,NQU2026,1800,1787042847
NQ,1785234600,1785236400,NQU2026,1800,1787042857
NQ,1785236400,1785238200,NQU2026,1800,1787042867
NQ,1785238200,1785240000,NQU2026,1800,1787042877
NQ,1785240000,1785241800,NQU2026,1800,1787042887
NQ,1785241800,1785243600,NQU2026,1800,1787042897
NQ,1785243600,1785245400,NQU2026,1800,1787042907
NQ,1785245400,1785247200,NQU2026,1800,1787042917
NQ,1785247200,1785249000,NQU2026,1800,1787042927
NQ,1785249000,1785250800,NQU2026,1800,1787042937
NQ,1785250800,1785252600,NQU2026,1800,1787042947
NQ,1785252600,1785254400,NQU2026,1800,1787042957
NQ,1785254400,1785256200,NQU2026,1800,1787042967
NQ,1785256200,1785258000,NQU2026,1800,1787042977
NQ,1785258000,1785259800,NQU2026,1800,1787042987
NQ,1785259800,1785261600,NQU2026,1800,1787042997
NQ,1785261600,1785263400,NQU2026,1800,1787043007
NQ,1785263400,1785265200,NQU2026,1800,1787043017
NQ,1785265200,1785267000,NQU2026,1800,1787043027
NQ,1785267000,1785268800,NQU2026,1800,1787043037
NQ,1785268800,1785270600,NQU2026,1800,1787043047
NQ,1785270600,1785272400,NQU2026,1800,1787043057
ES,1785189600,1785191400,ESU2026,1800,1787043067
ES,1785191400,1785193200,ESU2026,1800,1787043077
ES,1785193200,1785195000,ESU2026,1800,1787043087
ES,1785195000,1785196800,ESU2026,1800,1787043097
ES,1785196800,1785198600,ESU2026,1800,1787043107
ES,1785198600,1785200400,ESU2026,1800,1787043117
ES,1785200400,1785202200,ESU2026,1800,1787043127
ES,1785202200,1785204000,ESU2026,1800,1787043137
ES,1785204000,1785205800,ESU2026,1800,1787043147
ES,1785205800,1785207600,ESU2026,1800,1787043157
ES,1785207600,1785209400,ESU2026,1800,1787043167
ES,1785209400,1785211200,ESU2026,1800,1787043177
ES,1785211200,1785213000,ESU2026,1800,1787043187
ES,1785213000,1785214800,ESU2026,1800,1787043197
ES,1785214800,1785216600,ESU2026,1800,1787043207
ES,1785216600,1785218400,ESU2026,1800,1787043217
ES,1785218400,1785220200,ESU2026,1800,1787043227
ES,1785220200,1785222000,ESU2026,1800,1787043238
ES,1785222000,1785223800,ESU2026,1800,1787043251
ES,1785223800,1785225600,ESU2026,1800,1787043272
ES,1785225600,1785227400,ESU2026,1800,1787043276
ES,1785227400,1785229200,ESU2026,1800,1787043284
ES,1785229200,1785231000,ESU2026,1800,1787043293
ES,1785231000,1785232800,ESU2026,1800,1787043303
ES,1785232800,1785234600,ESU2026,1800,1787043313
ES,1785234600,1785236400,ESU2026,1800,1787043323
ES,1785236400,1785238200,ESU2026,1800,1787043333
ES,1785238200,1785240000,ESU2026,1800,1787043343
ES,1785240000,1785241800,ESU2026,1800,1787043353
ES,1785241800,1785243600,ESU2026,1800,1787043363
ES,1785243600,1785245400,ESU2026,1800,1787043373
ES,1785245400,1785247200,ESU2026,1800,1787043383
ES,1785247200,1785249000,ESU2026,1800,1787043393
ES,1785249000,1785250800,ESU2026,1800,1787043403
ES,1785250800,1785252600,ESU2026,1800,1787043413
ES,1785252600,1785254400,ESU2026,1800,1787043423
ES,1785254400,1785256200,ESU2026,1800,1787043433
ES,1785256200,1785258000,ESU2026,1800,1787043443
ES,1785258000,1785259800,ESU2026,1800,1787043453
ES,1785259800,1785261600,ESU2026,1800,1787043463
ES,1785261600,1785263400,ESU2026,1800,1787043473
ES,1785263400,1785265200,ESU2026,1800,1787043483
ES,1785265200,1785267000,ESU2026,1800,1787043493
ES,1785267000,1785268800,ESU2026,1800,1787043503
ES,1785268800,1785270600,ESU2026,1800,1787043513
ES,1785270600,1785272400,ESU2026,1800,1787043523
NQ,1785276000,1785277800,NQU2026,1800,1787043533
NQ,1785277800,1785279600,NQU2026,1800,1787043543
NQ,1785279600,1785281400,NQU2026,1800,1787043553
NQ,1785281400,1785283200,NQU2026,1800,1787043563
NQ,1785283200,1785285000,NQU2026,1800,1787043573
NQ,1785285000,1785286800,NQU2026,1800,1787043583
NQ,1785286800,1785288600,NQU2026,1800,1787043593
NQ,1785288600,1785290400,NQU2026,1800,1787043603
NQ,1785290400,1785292200,NQU2026,1800,1787043613
NQ,1785292200,1785294000,NQU2026,1800,1787043623
NQ,1785294000,1785295800,NQU2026,1800,1787043633
NQ,1785295800,1785297600,NQU2026,1800,1787043643
NQ,1785297600,1785299400,NQU2026,1800,1787043653
NQ,1785299400,1785301200,NQU2026,1800,1787043663
NQ,1785301200,1785303000,NQU2026,1800,1787043673
NQ,1785303000,1785304800,NQU2026,1800,1787043683
NQ,1785304800,1785306600,NQU2026,1800,1787043693
NQ,1785306600,1785308400,NQU2026,1800,1787043703
NQ,1785308400,1785310200,NQU2026,1800,1787043713
NQ,1785310200,1785312000,NQU2026,1800,1787043723
NQ,1785312000,1785313800,NQU2026,1800,1787043733
NQ,1785313800,1785315600,NQU2026,1800,1787043743
NQ,1785315600,1785317400,NQU2026,1800,1787043753
NQ,1785317400,1785319200,NQU2026,1800,1787043763
NQ,1785319200,1785321000,NQU2026,1800,1787043773
NQ,1785321000,1785322800,NQU2026,1800,1787043783
NQ,1785322800,1785324600,NQU2026,1800,1787043793
NQ,1785324600,1785326400,NQU2026,1800,1787043803
NQ,1785326400,1785328200,NQU2026,1800,1787043813
NQ,1785328200,1785330000,NQU2026,1800,1787043823
NQ,1785330000,1785331800,NQU2026,1800,1787043833
NQ,1785331800,1785333600,NQU2026,1800,1787043843
NQ,1785333600,1785335400,NQU2026,1800,1787043853
NQ,1785335400,1785337200,NQU2026,1800,1787043863
NQ,1785337200,1785339000,NQU2026,1800,1787043873
NQ,1785339000,1785340800,NQU2026,1800,1787043883
NQ,1785340800,1785342600,NQU2026,1800,1787043893
NQ,1785342600,1785344400,NQU2026,1800,1787043903
NQ,1785344400,1785346200,NQU2026,1800,1787043913
NQ,1785346200,1785348000,NQU2026,1800,1787043923
NQ,1785348000,1785349800,NQU2026,1800,1787043933
NQ,1785349800,1785351600,NQU2026,1800,1787043943
NQ,1785351600,1785353400,NQU2026,1800,1787043953
NQ,1785353400,1785355200,NQU2026,1800,1787043963
NQ,1785355200,1785357000,NQU2026,1800,1787043973
NQ,1785357000,1785358800,NQU2026,1800,1787043983
ES,1785276000,1785277800,ESU2026,1800,1787043993
ES,1785277800,1785279600,ESU2026,1800,1787044003
ES,1785279600,1785281400,ESU2026,1800,1787044013
ES,1785281400,1785283200,ESU2026,1800,1787044023
ES,1785283200,1785285000,ESU2026,1800,1787044033
ES,1785285000,1785286800,ESU2026,1800,1787044043
ES,1785286800,1785288600,ESU2026,1800,1787044053
ES,1785288600,1785290400,ESU2026,1800,1787044063
ES,1785290400,1785292200,ESU2026,1800,1787044073
ES,1785292200,1785294000,ESU2026,1800,1787044083
ES,1785294000,1785295800,ESU2026,1800,1787044093
ES,1785295800,1785297600,ESU2026,1800,1787044103
ES,1785297600,1785299400,ESU2026,1800,1787044113
ES,1785299400,1785301200,ESU2026,1800,1787044123
ES,1785301200,1785303000,ESU2026,1800,1787044133
ES,1785303000,1785304800,ESU2026,1800,1787044143
ES,1785304800,1785306600,ESU2026,1800,1787044153
ES,1785306600,1785308400,ESU2026,1800,1787044163
ES,1785308400,1785310200,ESU2026,1800,1787044173
ES,1785310200,1785312000,ESU2026,1800,1787044183
ES,1785312000,1785313800,ESU2026,1800,1787044193
ES,1785313800,1785315600,ESU2026,1800,1787044203
ES,1785315600,1785317400,ESU2026,1800,1787044213
ES,1785317400,1785319200,ESU2026,1800,1787044223
ES,1785319200,1785321000,ESU2026,1800,1787044233
ES,1785321000,1785322800,ESU2026,1800,1787044243
ES,1785322800,1785324600,ESU2026,1800,1787044253
ES,1785324600,1785326400,ESU2026,1800,1787044263
ES,1785326400,1785328200,ESU2026,1800,1787044273
ES,1785328200,1785330000,ESU2026,1800,1787044283
ES,1785330000,1785331800,ESU2026,1800,1787044293
ES,1785331800,1785333600,ESU2026,1800,1787044303
ES,1785333600,1785335400,ESU2026,1800,1787044313
ES,1785335400,1785337200,ESU2026,1800,1787044323
ES,1785337200,1785339000,ESU2026,1800,1787044333
ES,1785339000,1785340800,ESU2026,1800,1787044343
ES,1785340800,1785342600,ESU2026,1800,1787044353
ES,1785342600,1785344400,ESU2026,1800,1787044363
ES,1785344400,1785346200,ESU2026,1800,1787044373
ES,1785346200,1785348000,ESU2026,1800,1787044383
ES,1785348000,1785349800,ESU2026,1800,1787044393
ES,1785349800,1785351600,ESU2026,1800,1787044403
ES,1785351600,1785353400,ESU2026,1800,1787044413
ES,1785353400,1785355200,ESU2026,1800,1787044423
ES,1785355200,1785357000,ESU2026,1800,1787044433
ES,1785357000,1785358800,ESU2026,1800,1787044443
NQ,1785362400,1785364200,NQU2026,1800,1787044453
NQ,1785364200,1785366000,NQU2026,1800,1787044463
NQ,1785366000,1785367800,NQU2026,1800,1787044473
NQ,1785367800,1785369600,NQU2026,1800,1787044483
NQ,1785369600,1785371400,NQU2026,1800,1787044493
NQ,1785371400,1785373200,NQU2026,1800,1787044503
NQ,1785373200,1785375000,NQU2026,1800,1787044513
NQ,1785375000,1785376800,NQU2026,1800,1787044523
NQ,1785376800,1785378600,NQU2026,1800,1787044533
NQ,1785378600,1785380400,NQU2026,1800,1787044543
NQ,1785380400,1785382200,NQU2026,1800,1787044553
NQ,1785382200,1785384000,NQU2026,1800,1787044563
NQ,1785384000,1785385800,NQU2026,1800,1787044573
NQ,1785385800,1785387600,NQU2026,1800,1787044583
NQ,1785387600,1785389400,NQU2026,1800,1787044593
NQ,1785389400,1785391200,NQU2026,1800,1787044603
NQ,1785391200,1785393000,NQU2026,1800,1787044613
NQ,1785393000,1785394800,NQU2026,1800,1787044623
NQ,1785394800,1785396600,NQU2026,1800,1787044633
NQ,1785396600,1785398400,NQU2026,1800,1787044643
NQ,1785398400,1785400200,NQU2026,1800,1787044653
NQ,1785400200,1785402000,NQU2026,1800,1787044663
NQ,1785402000,1785403800,NQU2026,1800,1787044673
NQ,1785403800,1785405600,NQU2026,1800,1787044683
NQ,1785405600,1785407400,NQU2026,1800,1787044693
NQ,1785407400,1785409200,NQU2026,1800,1787044703
NQ,1785409200,1785411000,NQU2026,1800,1787044713
NQ,1785411000,1785412800,NQU2026,1800,1787044723
NQ,1785412800,1785414600,NQU2026,1800,1787044733
NQ,1785414600,1785416400,NQU2026,1800,1787044743
NQ,1785416400,1785418200,NQU2026,1800,1787044753
NQ,1785418200,1785420000,NQU2026,1800,1787044763
NQ,1785420000,1785421800,NQU2026,1800,1787044773
NQ,1785421800,1785423600,NQU2026,1800,1787044783
NQ,1785423600,1785425400,NQU2026,1800,1787044793
NQ,1785425400,1785427200,NQU2026,1800,1787044803
NQ,1785427200,1785429000,NQU2026,1800,1787044813
NQ,1785429000,1785430800,NQU2026,1800,1787044823
NQ,1785430800,1785432600,NQU2026,1800,1787044833
NQ,1785432600,1785434400,NQU2026,1800,1787044843
NQ,1785434400,1785436200,NQU2026,1800,1787044853
NQ,1785436200,1785438000,NQU2026,1800,1787044863
NQ,1785438000,1785439800,NQU2026,1800,1787044873
NQ,1785439800,1785441600,NQU2026,1800,1787044883
NQ,1785441600,1785443400,NQU2026,1800,1787044893
NQ,1785443400,1785445200,NQU2026,1800,1787044903
ES,1785362400,1785364200,ESU2026,1800,1787044914
ES,1785364200,1785366000,ESU2026,1800,1787044923
ES,1785366000,1785367800,ESU2026,1800,1787044933
ES,1785367800,1785369600,ESU2026,1800,1787044943
ES,1785369600,1785371400,ESU2026,1800,1787044953
ES,1785371400,1785373200,ESU2026,1800,1787044963
ES,1785373200,1785375000,ESU2026,1800,1787044973
ES,1785375000,1785376800,ESU2026,1800,1787044983
ES,1785376800,1785378600,ESU2026,1800,1787044993
ES,1785378600,1785380400,ESU2026,1800,1787045003
ES,1785380400,1785382200,ESU2026,1800,1787045013
ES,1785382200,1785384000,ESU2026,1800,1787045023
ES,1785384000,1785385800,ESU2026,1800,1787045033
ES,1785385800,1785387600,ESU2026,1800,1787045043
ES,1785387600,1785389400,ESU2026,1800,1787045053
ES,1785389400,1785391200,ESU2026,1800,1787045063
ES,1785391200,1785393000,ESU2026,1800,1787045073
ES,1785393000,1785394800,ESU2026,1800,1787045083
ES,1785394800,1785396600,ESU2026,1800,1787045093
ES,1785396600,1785398400,ESU2026,1800,1787045103
ES,1785398400,1785400200,ESU2026,1800,1787045113
ES,1785400200,1785402000,ESU2026,1800,1787045123
ES,1785402000,1785403800,ESU2026,1800,1787045133
ES,1785403800,1785405600,ESU2026,1800,1787045143
ES,1785405600,1785407400,ESU2026,1800,1787045153
ES,1785407400,1785409200,ESU2026,1800,1787045163
ES,1785409200,1785411000,ESU2026,1800,1787045173
ES,1785411000,1785412800,ESU2026,1800,1787045183
ES,1785412800,1785414600,ESU2026,1800,1787045193
ES,1785414600,1785416400,ESU2026,1800,1787045203
ES,1785416400,1785418200,ESU2026,1800,1787045213
ES,1785418200,1785420000,ESU2026,1800,1787045223
ES,1785420000,1785421800,ESU2026,1800,1787045233
ES,1785421800,1785423600,ESU2026,1800,1787045243
ES,1785423600,1785425400,ESU2026,1800,1787045253
ES,1785425400,1785427200,ESU2026,1800,1787045263
ES,1785427200,1785429000,ESU2026,1800,1787045273
ES,1785429000,1785430800,ESU2026,1800,1787045283
ES,1785430800,1785432600,ESU2026,1800,1787045293
ES,1785432600,1785434400,ESU2026,1800,1787045303
ES,1785434400,1785436200,ESU2026,1800,1787045313
ES,1785436200,1785438000,ESU2026,1800,1787045323
ES,1785438000,1785439800,ESU2026,1800,1787045333
ES,1785439800,1785441600,ESU2026,1800,1787045343
ES,1785441600,1785443400,ESU2026,1800,1787045353
ES,1785443400,1785445200,ESU2026,1800,1787045363
NQ,1785448800,1785450600,NQU2026,1800,1787045373
NQ,1785450600,1785452400,NQU2026,1800,1787045383
NQ,1785452400,1785454200,NQU2026,1800,1787045393
NQ,1785454200,1785456000,NQU2026,1800,1787045403
NQ,1785456000,1785457800,NQU2026,1800,1787045413
NQ,1785457800,1785459600,NQU2026,1800,1787045423
NQ,1785459600,1785461400,NQU2026,1800,1787045433
NQ,1785461400,1785463200,NQU2026,1800,1787045444
NQ,1785463200,1785465000,NQU2026,1800,1787045453
NQ,1785465000,1785466800,NQU2026,1800,1787045463
NQ,1785466800,1785468600,NQU2026,1800,1787045473
NQ,1785468600,1785470400,NQU2026,1800,1787045483
NQ,1785470400,1785472200,NQU2026,1800,1787045493
NQ,1785472200,1785474000,NQU2026,1800,1787045503
NQ,1785474000,1785475800,NQU2026,1800,1787045513
NQ,1785475800,1785477600,NQU2026,1800,1787045523
NQ,1785477600,1785479400,NQU2026,1800,1787045533
NQ,1785479400,1785481200,NQU2026,1800,1787045543
NQ,1785481200,1785483000,NQU2026,1800,1787045553
NQ,1785483000,1785484800,NQU2026,1800,1787045563
NQ,1785484800,1785486600,NQU2026,1800,1787045573
NQ,1785486600,1785488400,NQU2026,1800,1787045583
NQ,1785488400,1785490200,NQU2026,1800,1787045593
NQ,1785490200,1785492000,NQU2026,1800,1787045603
NQ,1785492000,1785493800,NQU2026,1800,1787045613
NQ,1785493800,1785495600,NQU2026,1800,1787045623
NQ,1785495600,1785497400,NQU2026,1800,1787045633
NQ,1785497400,1785499200,NQU2026,1800,1787045643
NQ,1785499200,1785501000,NQU2026,1800,1787045653
NQ,1785501000,1785502800,NQU2026,1800,1787045663
NQ,1785502800,1785504600,NQU2026,1800,1787045673
NQ,1785504600,1785506400,NQU2026,1800,1787045683
NQ,1785506400,1785508200,NQU2026,1800,1787045693
NQ,1785508200,1785510000,NQU2026,1800,1787045703
NQ,1785510000,1785511800,NQU2026,1800,1787045713
NQ,1785511800,1785513600,NQU2026,1800,1787045723
NQ,1785513600,1785515400,NQU2026,1800,1787045733
NQ,1785515400,1785517200,NQU2026,1800,1787045743
NQ,1785517200,1785519000,NQU2026,1800,1787045753
NQ,1785519000,1785520800,NQU2026,1800,1787045763
NQ,1785520800,1785522600,NQU2026,1800,1787045773
NQ,1785522600,1785524400,NQU2026,1800,1787045783
NQ,1785524400,1785526200,NQU2026,1800,1787045793
NQ,1785526200,1785528000,NQU2026,1800,1787045803
NQ,1785528000,1785529800,NQU2026,1800,1787045813
NQ,1785529800,1785531600,NQU2026,1800,1787045823
ES,1785448800,1785450600,ESU2026,1800,1787045833
ES,1785450600,1785452400,ESU2026,1800,1787045843
ES,1785452400,1785454200,ESU2026,1800,1787045853
ES,1785454200,1785456000,ESU2026,1800,1787045863
ES,1785456000,1785457800,ESU2026,1800,1787045873
ES,1785457800,1785459600,ESU2026,1800,1787045883
ES,1785459600,1785461400,ESU2026,1800,1787045893
ES,1785461400,1785463200,ESU2026,1800,1787045903
ES,1785463200,1785465000,ESU2026,1800,1787045913
ES,1785465000,1785466800,ESU2026,1800,1787045923
ES,1785466800,1785468600,ESU2026,1800,1787045933
ES,1785468600,1785470400,ESU2026,1800,1787045958
ES,1785470400,1785472200,ESU2026,1800,1787045968
ES,1785472200,1785474000,ESU2026,1800,1787045978
ES,1785474000,1785475800,ESU2026,1800,1787045988
ES,1785475800,1785477600,ESU2026,1800,1787045998
ES,1785477600,1785479400,ESU2026,1800,1787046008
ES,1785479400,1785481200,ESU2026,1800,1787046018
ES,1785481200,1785483000,ESU2026,1800,1787046028
ES,1785483000,1785484800,ESU2026,1800,1787046038
ES,1785484800,1785486600,ESU2026,1800,1787046048
ES,1785486600,1785488400,ESU2026,1800,1787046058
ES,1785488400,1785490200,ESU2026,1800,1787046068
ES,1785490200,1785492000,ESU2026,1800,1787046078
ES,1785492000,1785493800,ESU2026,1800,1787046088
ES,1785493800,1785495600,ESU2026,1800,1787046098
ES,1785495600,1785497400,ESU2026,1800,1787046108
ES,1785497400,1785499200,ESU2026,1800,1787046118
ES,1785499200,1785501000,ESU2026,1800,1787046128
ES,1785501000,1785502800,ESU2026,1800,1787046138
ES,1785502800,1785504600,ESU2026,1800,1787046148
ES,1785504600,1785506400,ESU2026,1800,1787046158
ES,1785506400,1785508200,ESU2026,1800,1787046168
ES,1785508200,1785510000,ESU2026,1800,1787046178
ES,1785510000,1785511800,ESU2026,1800,1787046188
ES,1785511800,1785513600,ESU2026,1800,1787046198
ES,1785513600,1785515400,ESU2026,1800,1787046208
ES,1785515400,1785517200,ESU2026,1800,1787046218
ES,1785517200,1785519000,ESU2026,1800,1787046228
ES,1785519000,1785520800,ESU2026,1800,1787046238
ES,1785520800,1785522600,ESU2026,1800,1787046248
ES,1785522600,1785524400,ESU2026,1800,1787046258
ES,1785524400,1785526200,ESU2026,1800,1787046268
ES,1785526200,1785528000,ESU2026,1800,1787046278
ES,1785528000,1785529800,ESU2026,1800,1787046288
ES,1785529800,1785531600,ESU2026,1800,1787046298
NQ,1785708000,1785709800,NQU2026,1800,1787046308
NQ,1785709800,1785711600,NQU2026,1800,1787046318
NQ,1785711600,1785713400,NQU2026,1800,1787046328
NQ,1785713400,1785715200,NQU2026,1800,1787046338
NQ,1785715200,1785717000,NQU2026,1800,1787046348
NQ,1785717000,1785718800,NQU2026,1800,1787046358
NQ,1785718800,1785720600,NQU2026,1800,1787046368
NQ,1785720600,1785722400,NQU2026,1800,1787046378
NQ,1785722400,1785724200,NQU2026,1800,1787046388
NQ,1785724200,1785726000,NQU2026,1800,1787046398
NQ,1785726000,1785727800,NQU2026,1800,1787046408
NQ,1785727800,1785729600,NQU2026,1800,1787046418
NQ,1785729600,1785731400,NQU2026,1800,1787046428
NQ,1785731400,1785733200,NQU2026,1800,1787046438
NQ,1785733200,1785735000,NQU2026,1800,1787046448
NQ,1785735000,1785736800,NQU2026,1800,1787046458
NQ,1785736800,1785738600,NQU2026,1800,1787046468
NQ,1785738600,1785740400,NQU2026,1800,1787046478
NQ,1785740400,1785742200,NQU2026,1800,1787046488
NQ,1785742200,1785744000,NQU2026,1800,1787046498
NQ,1785744000,1785745800,NQU2026,1800,1787046508
NQ,1785745800,1785747600,NQU2026,1800,1787046518
NQ,1785747600,1785749400,NQU2026,1800,1787046528
NQ,1785749400,1785751200,NQU2026,1800,1787046538
NQ,1785751200,1785753000,NQU2026,1800,1787046548
NQ,1785753000,1785754800,NQU2026,1800,1787046558
NQ,1785754800,1785756600,NQU2026,1800,1787046568
NQ,1785756600,1785758400,NQU2026,1800,1787046578
NQ,1785758400,1785760200,NQU2026,1800,1787046588
NQ,1785760200,1785762000,NQU2026,1800,1787046598
NQ,1785762000,1785763800,NQU2026,1800,1787046608
NQ,1785763800,1785765600,NQU2026,1800,1787046618
NQ,1785765600,1785767400,NQU2026,1800,1787046628
NQ,1785767400,1785769200,NQU2026,1800,1787046638
NQ,1785769200,1785771000,NQU2026,1800,1787046648
NQ,1785771000,1785772800,NQU2026,1800,1787046658
NQ,1785772800,1785774600,NQU2026,1800,1787046668
NQ,1785774600,1785776400,NQU2026,1800,1787046678
NQ,1785776400,1785778200,NQU2026,1800,1787046688
NQ,1785778200,1785780000,NQU2026,1800,1787046698
NQ,1785780000,1785781800,NQU2026,1800,1787046708
NQ,1785781800,1785783600,NQU2026,1800,1787046718
NQ,1785783600,1785785400,NQU2026,1800,1787046728
NQ,1785785400,1785787200,NQU2026,1800,1787046738
NQ,1785787200,1785789000,NQU2026,1800,1787046748
NQ,1785789000,1785790800,NQU2026,1800,1787046758
ES,1785708000,1785709800,ESU2026,1800,1787046768
ES,1785709800,1785711600,ESU2026,1800,1787046778
ES,1785711600,1785713400,ESU2026,1800,1787046788
ES,1785713400,1785715200,ESU2026,1800,1787046798
ES,1785715200,1785717000,ESU2026,1800,1787046808
ES,1785717000,1785718800,ESU2026,1800,1787046818
ES,1785718800,1785720600,ESU2026,1800,1787046828
ES,1785720600,1785722400,ESU2026,1800,1787046838
ES,1785722400,1785724200,ESU2026,1800,1787046848
ES,1785724200,1785726000,ESU2026,1800,1787046858
ES,1785726000,1785727800,ESU2026,1800,1787046868
ES,1785727800,1785729600,ESU2026,1800,1787046878
ES,1785729600,1785731400,ESU2026,1800,1787046888
ES,1785731400,1785733200,ESU2026,1800,1787046898
ES,1785733200,1785735000,ESU2026,1800,1787046908
ES,1785735000,1785736800,ESU2026,1800,1787046918
ES,1785736800,1785738600,ESU2026,1800,1787046928
ES,1785738600,1785740400,ESU2026,1800,1787046938
ES,1785740400,1785742200,ESU2026,1800,1787046948
ES,1785742200,1785744000,ESU2026,1800,1787046958
ES,1785744000,1785745800,ESU2026,1800,1787046968
ES,1785745800,1785747600,ESU2026,1800,1787046978
ES,1785747600,1785749400,ESU2026,1800,1787046988
ES,1785749400,1785751200,ESU2026,1800,1787046998
ES,1785751200,1785753000,ESU2026,1800,1787047008
ES,1785753000,1785754800,ESU2026,1800,1787047018
ES,1785754800,1785756600,ESU2026,1800,1787047028
ES,1785756600,1785758400,ESU2026,1800,1787047038
ES,1785758400,1785760200,ESU2026,1800,1787047048
ES,1785760200,1785762000,ESU2026,1800,1787047058
ES,1785762000,1785763800,ESU2026,1800,1787047068
ES,1785763800,1785765600,ESU2026,1800,1787047078
ES,1785765600,1785767400,ESU2026,1800,1787047089
ES,1785767400,1785769200,ESU2026,1800,1787047105
ES,1785769200,1785771000,ESU2026,1800,1787047113
ES,1785771000,1785772800,ESU2026,1800,1787047124
ES,1785772800,1785774600,ESU2026,1800,1787047134
ES,1785774600,1785776400,ESU2026,1800,1787047139
ES,1785776400,1785778200,ESU2026,1800,1787047149
ES,1785778200,1785780000,ESU2026,1800,1787047174
ES,1785780000,1785781800,ESU2026,1800,1787047184
ES,1785781800,1785783600,ESU2026,1800,1787047194
ES,1785783600,1785785400,ESU2026,1800,1787047204
ES,1785785400,1785787200,ESU2026,1800,1787047214
ES,1785787200,1785789000,ESU2026,1800,1787047224
ES,1785789000,1785790800,ESU2026,1800,1787047234
NQ,1785794400,1785796200,NQU2026,1800,1787047244
NQ,1785796200,1785798000,NQU2026,1800,1787047254
NQ,1785798000,1785799800,NQU2026,1800,1787047264
NQ,1785799800,1785801600,NQU2026,1800,1787047274
NQ,1785801600,1785803400,NQU2026,1800,1787047284
NQ,1785803400,1785805200,NQU2026,1800,1787047294
NQ,1785805200,1785807000,NQU2026,1800,1787047304
NQ,1785807000,1785808800,NQU2026,1800,1787047314
NQ,1785808800,1785810600,NQU2026,1800,1787047324
NQ,1785810600,1785812400,NQU2026,1800,1787047334
NQ,1785812400,1785814200,NQU2026,1800,1787047344
NQ,1785814200,1785816000,NQU2026,1800,1787047354
NQ,1785816000,1785817800,NQU2026,1800,1787047364
NQ,1785817800,1785819600,NQU2026,1800,1787047374
NQ,1785819600,1785821400,NQU2026,1800,1787047384
NQ,1785821400,1785823200,NQU2026,1800,1787047394
NQ,1785823200,1785825000,NQU2026,1800,1787047404
NQ,1785825000,1785826800,NQU2026,1800,1787047414
NQ,1785826800,1785828600,NQU2026,1800,1787047424
NQ,1785828600,1785830400,NQU2026,1800,1787047434
NQ,1785830400,1785832200,NQU2026,1800,1787047444
NQ,1785832200,1785834000,NQU2026,1800,1787047454
NQ,1785834000,1785835800,NQU2026,1800,1787047464
NQ,1785835800,1785837600,NQU2026,1800,1787047474
NQ,1785837600,1785839400,NQU2026,1800,1787047484
NQ,1785839400,1785841200,NQU2026,1800,1787047494
NQ,1785841200,1785843000,NQU2026,1800,1787047504
NQ,1785843000,1785844800,NQU2026,1800,1787047514
NQ,1785844800,1785846600,NQU2026,1800,1787047524
NQ,1785846600,1785848400,NQU2026,1800,1787047534
NQ,1785848400,1785850200,NQU2026,1800,1787047544
NQ,1785850200,1785852000,NQU2026,1800,1787047554
NQ,1785852000,1785853800,NQU2026,1800,1787047564
NQ,1785853800,1785855600,NQU2026,1800,1787047574
NQ,1785855600,1785857400,NQU2026,1800,1787047584
NQ,1785857400,1785859200,NQU2026,1800,1787047594
NQ,1785859200,1785861000,NQU2026,1800,1787047604
NQ,1785861000,1785862800,NQU2026,1800,1787047614
NQ,1785862800,1785864600,NQU2026,1800,1787047624
NQ,1785864600,1785866400,NQU2026,1800,1787047634
NQ,1785866400,1785868200,NQU2026,1800,1787047644
NQ,1785868200,1785870000,NQU2026,1800,1787047654
NQ,1785870000,1785871800,NQU2026,1800,1787047664
NQ,1785871800,1785873600,NQU2026,1800,1787047674
NQ,1785873600,1785875400,NQU2026,1800,1787047684
NQ,1785875400,1785877200,NQU2026,1800,1787047694
ES,1785794400,1785796200,ESU2026,1800,1787047704
ES,1785796200,1785798000,ESU2026,1800,1787047714
ES,1785798000,1785799800,ESU2026,1800,1787047724
ES,1785799800,1785801600,ESU2026,1800,1787047734
ES,1785801600,1785803400,ESU2026,1800,1787047744
ES,1785803400,1785805200,ESU2026,1800,1787047754
ES,1785805200,1785807000,ESU2026,1800,1787047764
ES,1785807000,1785808800,ESU2026,1800,1787047774
ES,1785808800,1785810600,ESU2026,1800,1787047784
ES,1785810600,1785812400,ESU2026,1800,1787047794
ES,1785812400,1785814200,ESU2026,1800,1787047804
ES,1785814200,1785816000,ESU2026,1800,1787047814
ES,1785816000,1785817800,ESU2026,1800,1787047824
ES,1785817800,1785819600,ESU2026,1800,1787047834
ES,1785819600,1785821400,ESU2026,1800,1787047844
ES,1785821400,1785823200,ESU2026,1800,1787047854
ES,1785823200,1785825000,ESU2026,1800,1787047864
ES,1785825000,1785826800,ESU2026,1800,1787047874
ES,1785826800,1785828600,ESU2026,1800,1787047884
ES,1785828600,1785830400,ESU2026,1800,1787047894
ES,1785830400,1785832200,ESU2026,1800,1787047904
ES,1785832200,1785834000,ESU2026,1800,1787047914
ES,1785834000,1785835800,ESU2026,1800,1787047924
ES,1785835800,1785837600,ESU2026,1800,1787047934
ES,1785837600,1785839400,ESU2026,1800,1787047944
ES,1785839400,1785841200,ESU2026,1800,1787047954
ES,1785841200,1785843000,ESU2026,1800,1787047964
ES,1785843000,1785844800,ESU2026,1800,1787047974
ES,1785844800,1785846600,ESU2026,1800,1787047984
ES,1785846600,1785848400,ESU2026,1800,1787047994
ES,1785848400,1785850200,ESU2026,1800,1787048004
ES,1785850200,1785852000,ESU2026,1800,1787048014
ES,1785852000,1785853800,ESU2026,1800,1787048024
ES,1785853800,1785855600,ESU2026,1800,1787048034
ES,1785855600,1785857400,ESU2026,1800,1787048044
ES,1785857400,1785859200,ESU2026,1800,1787048054
ES,1785859200,1785861000,ESU2026,1800,1787048064
ES,1785861000,1785862800,ESU2026,1800,1787048074
ES,1785862800,1785864600,ESU2026,1800,1787048084
ES,1785864600,1785866400,ESU2026,1800,1787048094
ES,1785866400,1785868200,ESU2026,1800,1787048104
ES,1785868200,1785870000,ESU2026,1800,1787048114
ES,1785870000,1785871800,ESU2026,1800,1787048124
ES,1785871800,1785873600,ESU2026,1800,1787048134
ES,1785873600,1785875400,ESU2026,1800,1787048144
ES,1785875400,1785877200,ESU2026,1800,1787048154
NQ,1785880800,1785882600,NQU2026,1800,1787048164
NQ,1785882600,1785884400,NQU2026,1800,1787048174
NQ,1785884400,1785886200,NQU2026,1800,1787048184
NQ,1785886200,1785888000,NQU2026,1800,1787048194
NQ,1785888000,1785889800,NQU2026,1800,1787048204
NQ,1785889800,1785891600,NQU2026,1800,1787048214
NQ,1785891600,1785893400,NQU2026,1800,1787048224
NQ,1785893400,1785895200,NQU2026,1800,1787048234
NQ,1785895200,1785897000,NQU2026,1800,1787048244
NQ,1785897000,1785898800,NQU2026,1800,1787048254
NQ,1785898800,1785900600,NQU2026,1800,1787048264
NQ,1785900600,1785902400,NQU2026,1800,1787048274
NQ,1785902400,1785904200,NQU2026,1800,1787048284
NQ,1785904200,1785906000,NQU2026,1800,1787048294
NQ,1785906000,1785907800,NQU2026,1800,1787048304
NQ,1785907800,1785909600,NQU2026,1800,1787048314
NQ,1785909600,1785911400,NQU2026,1800,1787048324
NQ,1785911400,1785913200,NQU2026,1800,1787048334
NQ,1785913200,1785915000,NQU2026,1800,1787048344
NQ,1785915000,1785916800,NQU2026,1800,1787048354
NQ,1785916800,1785918600,NQU2026,1800,1787048364
NQ,1785918600,1785920400,NQU2026,1800,1787048374
NQ,1785920400,1785922200,NQU2026,1800,1787048384
NQ,1785922200,1785924000,NQU2026,1800,1787048394
NQ,1785924000,1785925800,NQU2026,1800,1787048404
NQ,1785925800,1785927600,NQU2026,1800,1787048414
NQ,1785927600,1785929400,NQU2026,1800,1787048424
NQ,1785929400,1785931200,NQU2026,1800,1787048434
NQ,1785931200,1785933000,NQU2026,1800,1787048444
NQ,1785933000,1785934800,NQU2026,1800,1787048454
NQ,1785934800,1785936600,NQU2026,1800,1787048464
NQ,1785936600,1785938400,NQU2026,1800,1787048474
NQ,1785938400,1785940200,NQU2026,1800,1787048484
NQ,1785940200,1785942000,NQU2026,1800,1787048494
NQ,1785942000,1785943800,NQU2026,1800,1787048504
NQ,1785943800,1785945600,NQU2026,1800,1787048514
NQ,1785945600,1785947400,NQU2026,1800,1787048524
NQ,1785947400,1785949200,NQU2026,1800,1787048534
NQ,1785949200,1785951000,NQU2026,1800,1787048544
NQ,1785951000,1785952800,NQU2026,1800,1787048554
NQ,1785952800,1785954600,NQU2026,1800,1787048564
NQ,1785954600,1785956400,NQU2026,1800,1787048574
NQ,1785956400,1785958200,NQU2026,1800,1787048584
NQ,1785958200,1785960000,NQU2026,1800,1787048594
NQ,1785960000,1785961800,NQU2026,1800,1787048604
NQ,1785961800,1785963600,NQU2026,1800,1787048614
ES,1785880800,1785882600,ESU2026,1800,1787048624
ES,1785882600,1785884400,ESU2026,1800,1787048634
ES,1785884400,1785886200,ESU2026,1800,1787048644
ES,1785886200,1785888000,ESU2026,1800,1787048654
ES,1785888000,1785889800,ESU2026,1800,1787048664
ES,1785889800,1785891600,ESU2026,1800,1787048674
ES,1785891600,1785893400,ESU2026,1800,1787048684
ES,1785893400,1785895200,ESU2026,1800,1787048694
ES,1785895200,1785897000,ESU2026,1800,1787048704
ES,1785897000,1785898800,ESU2026,1800,1787048714
ES,1785898800,1785900600,ESU2026,1800,1787048724
ES,1785900600,1785902400,ESU2026,1800,1787048734
ES,1785902400,1785904200,ESU2026,1800,1787048744
ES,1785904200,1785906000,ESU2026,1800,1787048754
ES,1785906000,1785907800,ESU2026,1800,1787048764
ES,1785907800,1785909600,ESU2026,1800,1787048774
ES,1785909600,1785911400,ESU2026,1800,1787048784
ES,1785911400,1785913200,ESU2026,1800,1787048794
ES,1785913200,1785915000,ESU2026,1800,1787048804
ES,1785915000,1785916800,ESU2026,1800,1787048814
ES,1785916800,1785918600,ESU2026,1800,1787048824
ES,1785918600,1785920400,ESU2026,1800,1787048834
ES,1785920400,1785922200,ESU2026,1800,1787048844
ES,1785922200,1785924000,ESU2026,1800,1787048854
ES,1785924000,1785925800,ESU2026,1800,1787048864
ES,1785925800,1785927600,ESU2026,1800,1787048874
ES,1785927600,1785929400,ESU2026,1800,1787048884
ES,1785929400,1785931200,ESU2026,1800,1787048894
ES,1785931200,1785933000,ESU2026,1800,1787048904
ES,1785933000,1785934800,ESU2026,1800,1787048914
ES,1785934800,1785936600,ESU2026,1800,1787048924
ES,1785936600,1785938400,ESU2026,1800,1787048934
ES,1785938400,1785940200,ESU2026,1800,1787048944
ES,1785940200,1785942000,ESU2026,1800,1787048954
ES,1785942000,1785943800,ESU2026,1800,1787048964
ES,1785943800,1785945600,ESU2026,1800,1787048974
ES,1785945600,1785947400,ESU2026,1800,1787048984
ES,1785947400,1785949200,ESU2026,1800,1787048994
ES,1785949200,1785951000,ESU2026,1800,1787049004
ES,1785951000,1785952800,ESU2026,1800,1787049014
ES,1785952800,1785954600,ESU2026,1800,1787049024
ES,1785954600,1785956400,ESU2026,1800,1787049034
ES,1785956400,1785958200,ESU2026,1800,1787049044
ES,1785958200,1785960000,ESU2026,1800,1787049054
ES,1785960000,1785961800,ESU2026,1800,1787049064
ES,1785961800,1785963600,ESU2026,1800,1787049074
NQ,1785967200,1785969000,NQU2026,1800,1787049084
NQ,1785969000,1785970800,NQU2026,1800,1787049094
NQ,1785970800,1785972600,NQU2026,1800,1787049104
NQ,1785972600,1785974400,NQU2026,1800,1787049114
NQ,1785974400,1785976200,NQU2026,1800,1787049124
NQ,1785976200,1785978000,NQU2026,1800,1787049134
NQ,1785978000,1785979800,NQU2026,1800,1787049144
NQ,1785979800,1785981600,NQU2026,1800,1787049154
NQ,1785981600,1785983400,NQU2026,1800,1787049164
NQ,1785983400,1785985200,NQU2026,1800,1787049174
NQ,1785985200,1785987000,NQU2026,1800,1787049184
NQ,1785987000,1785988800,NQU2026,1800,1787049194
NQ,1785988800,1785990600,NQU2026,1800,1787049204
NQ,1785990600,1785992400,NQU2026,1800,1787049214
NQ,1785992400,1785994200,NQU2026,1800,1787049224
NQ,1785994200,1785996000,NQU2026,1800,1787049234
NQ,1785996000,1785997800,NQU2026,1800,1787049244
NQ,1785997800,1785999600,NQU2026,1800,1787049254
NQ,1785999600,1786001400,NQU2026,1800,1787049264
NQ,1786001400,1786003200,NQU2026,1800,1787049274
NQ,1786003200,1786005000,NQU2026,1800,1787049284
NQ,1786005000,1786006800,NQU2026,1800,1787049294
NQ,1786006800,1786008600,NQU2026,1800,1787049304
NQ,1786008600,1786010400,NQU2026,1800,1787049314
NQ,1786010400,1786012200,NQU2026,1800,1787049324
NQ,1786012200,1786014000,NQU2026,1800,1787049334
NQ,1786014000,1786015800,NQU2026,1800,1787049344
NQ,1786015800,1786017600,NQU2026,1800,1787049354
NQ,1786017600,1786019400,NQU2026,1800,1787049364
NQ,1786019400,1786021200,NQU2026,1800,1787049374
NQ,1786021200,1786023000,NQU2026,1800,1787049384
NQ,1786023000,1786024800,NQU2026,1800,1787049394
NQ,1786024800,1786026600,NQU2026,1800,1787049404
NQ,1786026600,1786028400,NQU2026,1800,1787049414
NQ,1786028400,1786030200,NQU2026,1800,1787049424
NQ,1786030200,1786032000,NQU2026,1800,1787049434
NQ,1786032000,1786033800,NQU2026,1800,1787049444
NQ,1786033800,1786035600,NQU2026,1800,1787049454
NQ,1786035600,1786037400,NQU2026,1800,1787049464
NQ,1786037400,1786039200,NQU2026,1800,1787049474
NQ,1786039200,1786041000,NQU2026,1800,1787049484
NQ,1786041000,1786042800,NQU2026,1800,1787049494
NQ,1786042800,1786044600,NQU2026,1800,1787049504
NQ,1786044600,1786046400,NQU2026,1800,1787049514
NQ,1786046400,1786048200,NQU2026,1800,1787049524
NQ,1786048200,1786050000,NQU2026,1800,1787049534
ES,1785967200,1785969000,ESU2026,1800,1787049544
ES,1785969000,1785970800,ESU2026,1800,1787049554
ES,1785970800,1785972600,ESU2026,1800,1787049564
ES,1785972600,1785974400,ESU2026,1800,1787049589
ES,1785974400,1785976200,ESU2026,1800,1787049599
ES,1785976200,1785978000,ESU2026,1800,1787049609
ES,1785978000,1785979800,ESU2026,1800,1787049619
ES,1785979800,1785981600,ESU2026,1800,1787049629
ES,1785981600,1785983400,ESU2026,1800,1787049639
ES,1785983400,1785985200,ESU2026,1800,1787049649
ES,1785985200,1785987000,ESU2026,1800,1787049659
ES,1785987000,1785988800,ESU2026,1800,1787049669
ES,1785988800,1785990600,ESU2026,1800,1787049679
ES,1785990600,1785992400,ESU2026,1800,1787049689
ES,1785992400,1785994200,ESU2026,1800,1787049699
ES,1785994200,1785996000,ESU2026,1800,1787049709
ES,1785996000,1785997800,ESU2026,1800,1787049719
ES,1785997800,1785999600,ESU2026,1800,1787049729
ES,1785999600,1786001400,ESU2026,1800,1787049739
ES,1786001400,1786003200,ESU2026,1800,1787049749
ES,1786003200,1786005000,ESU2026,1800,1787049759
ES,1786005000,1786006800,ESU2026,1800,1787049769
ES,1786006800,1786008600,ESU2026,1800,1787049779
ES,1786008600,1786010400,ESU2026,1800,1787049789
ES,1786010400,1786012200,ESU2026,1800,1787049799
ES,1786012200,1786014000,ESU2026,1800,1787049809
ES,1786014000,1786015800,ESU2026,1800,1787049819
ES,1786015800,1786017600,ESU2026,1800,1787049829
ES,1786017600,1786019400,ESU2026,1800,1787049839
ES,1786019400,1786021200,ESU2026,1800,1787049849
ES,1786021200,1786023000,ESU2026,1800,1787049859
ES,1786023000,1786024800,ESU2026,1800,1787049869
ES,1786024800,1786026600,ESU2026,1800,1787049879
ES,1786026600,1786028400,ESU2026,1800,1787049889
ES,1786028400,1786030200,ESU2026,1800,1787049899
ES,1786030200,1786032000,ESU2026,1800,1787049909
ES,1786032000,1786033800,ESU2026,1800,1787049919
ES,1786033800,1786035600,ESU2026,1800,1787049929
ES,1786035600,1786037400,ESU2026,1800,1787049939
ES,1786037400,1786039200,ESU2026,1800,1787049949
ES,1786039200,1786041000,ESU2026,1800,1787049959
ES,1786041000,1786042800,ESU2026,1800,1787049969
ES,1786042800,1786044600,ESU2026,1800,1787049979
ES,1786044600,1786046400,ESU2026,1800,1787049989
ES,1786046400,1786048200,ESU2026,1800,1787049999
ES,1786048200,1786050000,ESU2026,1800,1787050009
NQ,1786053600,1786055400,NQU2026,1800,1787050019
NQ,1786055400,1786057200,NQU2026,1800,1787050029
NQ,1786057200,1786059000,NQU2026,1800,1787050039
NQ,1786059000,1786060800,NQU2026,1800,1787050049
NQ,1786060800,1786062600,NQU2026,1800,1787050059
NQ,1786062600,1786064400,NQU2026,1800,1787050069
NQ,1786064400,1786066200,NQU2026,1800,1787050079
NQ,1786066200,1786068000,NQU2026,1800,1787050089
NQ,1786068000,1786069800,NQU2026,1800,1787050099
NQ,1786069800,1786071600,NQU2026,1800,1787050109
NQ,1786071600,1786073400,NQU2026,1800,1787050119
NQ,1786073400,1786075200,NQU2026,1800,1787050129
NQ,1786075200,1786077000,NQU2026,1800,1787050139
NQ,1786077000,1786078800,NQU2026,1800,1787050149
NQ,1786078800,1786080600,NQU2026,1800,1787050159
NQ,1786080600,1786082400,NQU2026,1800,1787050169
NQ,1786082400,1786084200,NQU2026,1800,1787050179
NQ,1786084200,1786086000,NQU2026,1800,1787050189
NQ,1786086000,1786087800,NQU2026,1800,1787050199
NQ,1786087800,1786089600,NQU2026,1800,1787050209
NQ,1786089600,1786091400,NQU2026,1800,1787050219
NQ,1786091400,1786093200,NQU2026,1800,1787050229
NQ,1786093200,1786095000,NQU2026,1800,1787050239
NQ,1786095000,1786096800,NQU2026,1800,1787050249
NQ,1786096800,1786098600,NQU2026,1800,1787050259
NQ,1786098600,1786100400,NQU2026,1800,1787050269
NQ,1786100400,1786102200,NQU2026,1800,1787050279
NQ,1786102200,1786104000,NQU2026,1800,1787050289
NQ,1786104000,1786105800,NQU2026,1800,1787050299
NQ,1786105800,1786107600,NQU2026,1800,1787050309
NQ,1786107600,1786109400,NQU2026,1800,1787050319
NQ,1786109400,1786111200,NQU2026,1800,1787050329
NQ,1786111200,1786113000,NQU2026,1800,1787050339
NQ,1786113000,1786114800,NQU2026,1800,1787050349
NQ,1786114800,1786116600,NQU2026,1800,1787050359
NQ,1786116600,1786118400,NQU2026,1800,1787050369
NQ,1786118400,1786120200,NQU2026,1800,1787050379
NQ,1786120200,1786122000,NQU2026,1800,1787050389
NQ,1786122000,1786123800,NQU2026,1800,1787050399
NQ,1786123800,1786125600,NQU2026,1800,1787050409
NQ,1786125600,1786127400,NQU2026,1800,1787050419
NQ,1786127400,1786129200,NQU2026,1800,1787050429
NQ,1786129200,1786131000,NQU2026,1800,1787050439
NQ,1786131000,1786132800,NQU2026,1800,1787050449
NQ,1786132800,1786134600,NQU2026,1800,1787050459
NQ,1786134600,1786136400,NQU2026,1800,1787050469
ES,1786053600,1786055400,ESU2026,1800,1787050479
ES,1786055400,1786057200,ESU2026,1800,1787050489
ES,1786057200,1786059000,ESU2026,1800,1787050499
ES,1786059000,1786060800,ESU2026,1800,1787050509
ES,1786060800,1786062600,ESU2026,1800,1787050519
ES,1786062600,1786064400,ESU2026,1800,1787050529
ES,1786064400,1786066200,ESU2026,1800,1787050539
ES,1786066200,1786068000,ESU2026,1800,1787050549
ES,1786068000,1786069800,ESU2026,1800,1787050559
ES,1786069800,1786071600,ESU2026,1800,1787050569
ES,1786071600,1786073400,ESU2026,1800,1787050579
ES,1786073400,1786075200,ESU2026,1800,1787050589
ES,1786075200,1786077000,ESU2026,1800,1787050599
ES,1786077000,1786078800,ESU2026,1800,1787050609
ES,1786078800,1786080600,ESU2026,1800,1787050619
ES,1786080600,1786082400,ESU2026,1800,1787050629
ES,1786082400,1786084200,ESU2026,1800,1787050639
ES,1786084200,1786086000,ESU2026,1800,1787050649
ES,1786086000,1786087800,ESU2026,1800,1787050659
ES,1786087800,1786089600,ESU2026,1800,1787050669
ES,1786089600,1786091400,ESU2026,1800,1787050679
ES,1786091400,1786093200,ESU2026,1800,1787050689
ES,1786093200,1786095000,ESU2026,1800,1787050699
ES,1786095000,1786096800,ESU2026,1800,1787050709
ES,1786096800,1786098600,ESU2026,1800,1787050719
ES,1786098600,1786100400,ESU2026,1800,1787050729
ES,1786100400,1786102200,ESU2026,1800,1787050739
ES,1786102200,1786104000,ESU2026,1800,1787050749
ES,1786104000,1786105800,ESU2026,1800,1787050759
ES,1786105800,1786107600,ESU2026,1800,1787050769
ES,1786107600,1786109400,ESU2026,1800,1787050779
ES,1786109400,1786111200,ESU2026,1800,1787050789
ES,1786111200,1786113000,ESU2026,1800,1787050799
ES,1786113000,1786114800,ESU2026,1800,1787050809
ES,1786114800,1786116600,ESU2026,1800,1787050819
ES,1786116600,1786118400,ESU2026,1800,1787050829
ES,1786118400,1786120200,ESU2026,1800,1787050839
ES,1786120200,1786122000,ESU2026,1800,1787050849
ES,1786122000,1786123800,ESU2026,1800,1787050859
ES,1786123800,1786125600,ESU2026,1800,1787050869
ES,1786125600,1786127400,ESU2026,1800,1787050879
ES,1786127400,1786129200,ESU2026,1800,1787050889
ES,1786129200,1786131000,ESU2026,1800,1787050899
ES,1786131000,1786132800,ESU2026,1800,1787050909
ES,1786132800,1786134600,ESU2026,1800,1787050919
ES,1786134600,1786136400,ESU2026,1800,1787050929
NQ,1786312800,1786314600,NQU2026,1800,1787050939
NQ,1786314600,1786316400,NQU2026,1800,1787050949
NQ,1786316400,1786318200,NQU2026,1800,1787050959
NQ,1786318200,1786320000,NQU2026,1800,1787050969
NQ,1786320000,1786321800,NQU2026,1800,1787050979
NQ,1786321800,1786323600,NQU2026,1800,1787050989
NQ,1786323600,1786325400,NQU2026,1800,1787050999
NQ,1786325400,1786327200,NQU2026,1800,1787051009
NQ,1786327200,1786329000,NQU2026,1800,1787051019
NQ,1786329000,1786330800,NQU2026,1800,1787051029
NQ,1786330800,1786332600,NQU2026,1800,1787051039
NQ,1786332600,1786334400,NQU2026,1800,1787051049
NQ,1786334400,1786336200,NQU2026,1800,1787051059
NQ,1786336200,1786338000,NQU2026,1800,1787051069
NQ,1786338000,1786339800,NQU2026,1800,1787051079
NQ,1786339800,1786341600,NQU2026,1800,1787051089
NQ,1786341600,1786343400,NQU2026,1800,1787051099
NQ,1786343400,1786345200,NQU2026,1800,1787051109
NQ,1786345200,1786347000,NQU2026,1800,1787051119
NQ,1786347000,1786348800,NQU2026,1800,1787051129
NQ,1786348800,1786350600,NQU2026,1800,1787051139
NQ,1786350600,1786352400,NQU2026,1800,1787051149
NQ,1786352400,1786354200,NQU2026,1800,1787051159
NQ,1786354200,1786356000,NQU2026,1800,1787051169
NQ,1786356000,1786357800,NQU2026,1800,1787051179
NQ,1786357800,1786359600,NQU2026,1800,1787051189
NQ,1786359600,1786361400,NQU2026,1800,1787051199
NQ,1786361400,1786363200,NQU2026,1800,1787051209
NQ,1786363200,1786365000,NQU2026,1800,1787051219
NQ,1786365000,1786366800,NQU2026,1800,1787051229
NQ,1786366800,1786368600,NQU2026,1800,1787051239
NQ,1786368600,1786370400,NQU2026,1800,1787051249
NQ,1786370400,1786372200,NQU2026,1800,1787051259
NQ,1786372200,1786374000,NQU2026,1800,1787051269
NQ,1786374000,1786375800,NQU2026,1800,1787051279
NQ,1786375800,1786377600,NQU2026,1800,1787051289
NQ,1786377600,1786379400,NQU2026,1800,1787051299
NQ,1786379400,1786381200,NQU2026,1800,1787051309
NQ,1786381200,1786383000,NQU2026,1800,1787051319
NQ,1786383000,1786384800,NQU2026,1800,1787051329
NQ,1786384800,1786386600,NQU2026,1800,1787051339
NQ,1786386600,1786388400,NQU2026,1800,1787051349
NQ,1786388400,1786390200,NQU2026,1800,1787051359
NQ,1786390200,1786392000,NQU2026,1800,1787051369
NQ,1786392000,1786393800,NQU2026,1800,1787051379
NQ,1786393800,1786395600,NQU2026,1800,1787051389
ES,1786312800,1786314600,ESU2026,1800,1787051399
ES,1786314600,1786316400,ESU2026,1800,1787051409
ES,1786316400,1786318200,ESU2026,1800,1787051419
ES,1786318200,1786320000,ESU2026,1800,1787051429
ES,1786320000,1786321800,ESU2026,1800,1787051440
ES,1786321800,1786323600,ESU2026,1800,1787051449
ES,1786323600,1786325400,ESU2026,1800,1787051459
ES,1786325400,1786327200,ESU2026,1800,1787051469
ES,1786327200,1786329000,ESU2026,1800,1787051479
ES,1786329000,1786330800,ESU2026,1800,1787051489
ES,1786330800,1786332600,ESU2026,1800,1787051499
ES,1786332600,1786334400,ESU2026,1800,1787051509
ES,1786334400,1786336200,ESU2026,1800,1787051519
ES,1786336200,1786338000,ESU2026,1800,1787051529
ES,1786338000,1786339800,ESU2026,1800,1787051539
ES,1786339800,1786341600,ESU2026,1800,1787051549
ES,1786341600,1786343400,ESU2026,1800,1787051559
ES,1786343400,1786345200,ESU2026,1800,1787051569
ES,1786345200,1786347000,ESU2026,1800,1787051579
ES,1786347000,1786348800,ESU2026,1800,1787051589
ES,1786348800,1786350600,ESU2026,1800,1787051599
ES,1786350600,1786352400,ESU2026,1800,1787051609
ES,1786352400,1786354200,ESU2026,1800,1787051619
ES,1786354200,1786356000,ESU2026,1800,1787051629
ES,1786356000,1786357800,ESU2026,1800,1787051639
ES,1786357800,1786359600,ESU2026,1800,1787051649
ES,1786359600,1786361400,ESU2026,1800,1787051659
ES,1786361400,1786363200,ESU2026,1800,1787051669
ES,1786363200,1786365000,ESU2026,1800,1787051679
ES,1786365000,1786366800,ESU2026,1800,1787051689
ES,1786366800,1786368600,ESU2026,1800,1787051699
ES,1786368600,1786370400,ESU2026,1800,1787051709
ES,1786370400,1786372200,ESU2026,1800,1787051719
ES,1786372200,1786374000,ESU2026,1800,1787051729
ES,1786374000,1786375800,ESU2026,1800,1787051739
ES,1786375800,1786377600,ESU2026,1800,1787051749
ES,1786377600,1786379400,ESU2026,1800,1787051759
ES,1786379400,1786381200,ESU2026,1800,1787051769
ES,1786381200,1786383000,ESU2026,1800,1787051779
ES,1786383000,1786384800,ESU2026,1800,1787051789
ES,1786384800,1786386600,ESU2026,1800,1787051799
ES,1786386600,1786388400,ESU2026,1800,1787051809
ES,1786388400,1786390200,ESU2026,1800,1787051819
ES,1786390200,1786392000,ESU2026,1800,1787051829
ES,1786392000,1786393800,ESU2026,1800,1787051839
ES,1786393800,1786395600,ESU2026,1800,1787051849
NQ,1786399200,1786401000,NQU2026,1800,1787051859
NQ,1786401000,1786402800,NQU2026,1800,1787051869
NQ,1786402800,1786404600,NQU2026,1800,1787051879
NQ,1786404600,1786406400,NQU2026,1800,1787051889
NQ,1786406400,1786408200,NQU2026,1800,1787051899
NQ,1786408200,1786410000,NQU2026,1800,1787051909
NQ,1786410000,1786411800,NQU2026,1800,1787051919
NQ,1786411800,1786413600,NQU2026,1800,1787051929
NQ,1786413600,1786415400,NQU2026,1800,1787051939
NQ,1786415400,1786417200,NQU2026,1800,1787051949
NQ,1786417200,1786419000,NQU2026,1800,1787051959
NQ,1786419000,1786420800,NQU2026,1800,1787051969
NQ,1786420800,1786422600,NQU2026,1800,1787051979
NQ,1786422600,1786424400,NQU2026,1800,1787051989
NQ,1786424400,1786426200,NQU2026,1800,1787051999
NQ,1786426200,1786428000,NQU2026,1800,1787052009
NQ,1786428000,1786429800,NQU2026,1800,1787052019
NQ,1786429800,1786431600,NQU2026,1800,1787052029
NQ,1786431600,1786433400,NQU2026,1800,1787052039
NQ,1786433400,1786435200,NQU2026,1800,1787052049
NQ,1786435200,1786437000,NQU2026,1800,1787052059
NQ,1786437000,1786438800,NQU2026,1800,1787052069
NQ,1786438800,1786440600,NQU2026,1800,1787052079
NQ,1786440600,1786442400,NQU2026,1800,1787052089
NQ,1786442400,1786444200,NQU2026,1800,1787052099
NQ,1786444200,1786446000,NQU2026,1800,1787052109
NQ,1786446000,1786447800,NQU2026,1800,1787052119
NQ,1786447800,1786449600,NQU2026,1800,1787052129
NQ,1786449600,1786451400,NQU2026,1800,1787052139
NQ,1786451400,1786453200,NQU2026,1800,1787052149
NQ,1786453200,1786455000,NQU2026,1800,1787052159
NQ,1786455000,1786456800,NQU2026,1800,1787052169
NQ,1786456800,1786458600,NQU2026,1800,1787052179
NQ,1786458600,1786460400,NQU2026,1800,1787052189
NQ,1786460400,1786462200,NQU2026,1800,1787052199
NQ,1786462200,1786464000,NQU2026,1800,1787052209
NQ,1786464000,1786465800,NQU2026,1800,1787052219
NQ,1786465800,1786467600,NQU2026,1800,1787052229
NQ,1786467600,1786469400,NQU2026,1800,1787052239
NQ,1786469400,1786471200,NQU2026,1800,1787052249
NQ,1786471200,1786473000,NQU2026,1800,1787052259
NQ,1786473000,1786474800,NQU2026,1800,1787052269
NQ,1786474800,1786476600,NQU2026,1800,1787052280
NQ,1786476600,1786478400,NQU2026,1800,1787052290
NQ,1786478400,1786480200,NQU2026,1800,1787052299
NQ,1786480200,1786482000,NQU2026,1800,1787052309
ES,1786399200,1786401000,ESU2026,1800,1787052319
ES,1786401000,1786402800,ESU2026,1800,1787052329
ES,1786402800,1786404600,ESU2026,1800,1787052339
ES,1786404600,1786406400,ESU2026,1800,1787052349
ES,1786406400,1786408200,ESU2026,1800,1787052359
ES,1786408200,1786410000,ESU2026,1800,1787052369
ES,1786410000,1786411800,ESU2026,1800,1787052379
ES,1786411800,1786413600,ESU2026,1800,1787052389
ES,1786413600,1786415400,ESU2026,1800,1787052399
ES,1786415400,1786417200,ESU2026,1800,1787052409
ES,1786417200,1786419000,ESU2026,1800,1787052419
ES,1786419000,1786420800,ESU2026,1800,1787052429
ES,1786420800,1786422600,ESU2026,1800,1787052439
ES,1786422600,1786424400,ESU2026,1800,1787052449
ES,1786424400,1786426200,ESU2026,1800,1787052459
ES,1786426200,1786428000,ESU2026,1800,1787052469
ES,1786428000,1786429800,ESU2026,1800,1787052479
ES,1786429800,1786431600,ESU2026,1800,1787052489
ES,1786431600,1786433400,ESU2026,1800,1787052499
ES,1786433400,1786435200,ESU2026,1800,1787052509
ES,1786435200,1786437000,ESU2026,1800,1787052519
ES,1786437000,1786438800,ESU2026,1800,1787052529
ES,1786438800,1786440600,ESU2026,1800,1787052539
ES,1786440600,1786442400,ESU2026,1800,1787052549
ES,1786442400,1786444200,ESU2026,1800,1787052559
ES,1786444200,1786446000,ESU2026,1800,1787052569
ES,1786446000,1786447800,ESU2026,1800,1787052579
ES,1786447800,1786449600,ESU2026,1800,1787052589
ES,1786449600,1786451400,ESU2026,1800,1787052599
ES,1786451400,1786453200,ESU2026,1800,1787052609
ES,1786453200,1786455000,ESU2026,1800,1787052619
ES,1786455000,1786456800,ESU2026,1800,1787052629
ES,1786456800,1786458600,ESU2026,1800,1787052639
ES,1786458600,1786460400,ESU2026,1800,1787052649
ES,1786460400,1786462200,ESU2026,1800,1787052659
ES,1786462200,1786464000,ESU2026,1800,1787052669
ES,1786464000,1786465800,ESU2026,1800,1787052679
ES,1786465800,1786467600,ESU2026,1800,1787052689
ES,1786467600,1786469400,ESU2026,1800,1787052699
ES,1786469400,1786471200,ESU2026,1800,1787052709
ES,1786471200,1786473000,ESU2026,1800,1787052719
ES,1786473000,1786474800,ESU2026,1800,1787052729
ES,1786474800,1786476600,ESU2026,1800,1787052739
ES,1786476600,1786478400,ESU2026,1800,1787052749
ES,1786478400,1786480200,ESU2026,1800,1787052759
ES,1786480200,1786482000,ESU2026,1800,1787052769
NQ,1786485600,1786487400,NQU2026,1800,1787052779
NQ,1786487400,1786489200,NQU2026,1800,1787052789
NQ,1786489200,1786491000,NQU2026,1800,1787052799
NQ,1786491000,1786492800,NQU2026,1800,1787052809
NQ,1786492800,1786494600,NQU2026,1800,1787052819
NQ,1786494600,1786496400,NQU2026,1800,1787052829
NQ,1786496400,1786498200,NQU2026,1800,1787052840
NQ,1786498200,1786500000,NQU2026,1800,1787052849
NQ,1786500000,1786501800,NQU2026,1800,1787052859
NQ,1786501800,1786503600,NQU2026,1800,1787052870
NQ,1786503600,1786505400,NQU2026,1800,1787052880
NQ,1786505400,1786507200,NQU2026,1800,1787052890
NQ,1786507200,1786509000,NQU2026,1800,1787052900
NQ,1786509000,1786510800,NQU2026,1800,1787052910
NQ,1786510800,1786512600,NQU2026,1800,1787052920
NQ,1786512600,1786514400,NQU2026,1800,1787052930
NQ,1786514400,1786516200,NQU2026,1800,1787052939
NQ,1786516200,1786518000,NQU2026,1800,1787052949
NQ,1786518000,1786519800,NQU2026,1800,1787052959
NQ,1786519800,1786521600,NQU2026,1800,1787052969
NQ,1786521600,1786523400,NQU2026,1800,1787052979
NQ,1786523400,1786525200,NQU2026,1800,1787052989
NQ,1786525200,1786527000,NQU2026,1800,1787052999
NQ,1786527000,1786528800,NQU2026,1800,1787053009
NQ,1786528800,1786530600,NQU2026,1800,1787053019
NQ,1786530600,1786532400,NQU2026,1800,1787053029
NQ,1786532400,1786534200,NQU2026,1800,1787053039
NQ,1786534200,1786536000,NQU2026,1800,1787053049
NQ,1786536000,1786537800,NQU2026,1800,1787053059
NQ,1786537800,1786539600,NQU2026,1800,1787053069
NQ,1786539600,1786541400,NQU2026,1800,1787053079
NQ,1786541400,1786543200,NQU2026,1800,1787053089
NQ,1786543200,1786545000,NQU2026,1800,1787053099
NQ,1786545000,1786546800,NQU2026,1800,1787053109
NQ,1786546800,1786548600,NQU2026,1800,1787053119
NQ,1786548600,1786550400,NQU2026,1800,1787053129
NQ,1786550400,1786552200,NQU2026,1800,1787053139
NQ,1786552200,1786554000,NQU2026,1800,1787053149
NQ,1786554000,1786555800,NQU2026,1800,1787053159
NQ,1786555800,1786557600,NQU2026,1800,1787053169
NQ,1786557600,1786559400,NQU2026,1800,1787053179
NQ,1786559400,1786561200,NQU2026,1800,1787053189
NQ,1786561200,1786563000,NQU2026,1800,1787053199
NQ,1786563000,1786564800,NQU2026,1800,1787053209
NQ,1786564800,1786566600,NQU2026,1800,1787053219
NQ,1786566600,1786568400,NQU2026,1800,1787053229
ES,1786485600,1786487400,ESU2026,1800,1787053239
ES,1786487400,1786489200,ESU2026,1800,1787053249
ES,1786489200,1786491000,ESU2026,1800,1787053259
ES,1786491000,1786492800,ESU2026,1800,1787053269
ES,1786492800,1786494600,ESU2026,1800,1787053279
ES,1786494600,1786496400,ESU2026,1800,1787053289
ES,1786496400,1786498200,ESU2026,1800,1787053299
ES,1786498200,1786500000,ESU2026,1800,1787053309
ES,1786500000,1786501800,ESU2026,1800,1787053319
ES,1786501800,1786503600,ESU2026,1800,1787053329
ES,1786503600,1786505400,ESU2026,1800,1787053339
ES,1786505400,1786507200,ESU2026,1800,1787053349
ES,1786507200,1786509000,ESU2026,1800,1787053359
ES,1786509000,1786510800,ESU2026,1800,1787053369
ES,1786510800,1786512600,ESU2026,1800,1787053379
ES,1786512600,1786514400,ESU2026,1800,1787053389
ES,1786514400,1786516200,ESU2026,1800,1787053399
ES,1786516200,1786518000,ESU2026,1800,1787053409
ES,1786518000,1786519800,ESU2026,1800,1787053419
ES,1786519800,1786521600,ESU2026,1800,1787053429
ES,1786521600,1786523400,ESU2026,1800,1787053439
ES,1786523400,1786525200,ESU2026,1800,1787053450
ES,1786525200,1786527000,ESU2026,1800,1787053459
ES,1786527000,1786528800,ESU2026,1800,1787053469
ES,1786528800,1786530600,ESU2026,1800,1787053480
ES,1786530600,1786532400,ESU2026,1800,1787053492
ES,1786532400,1786534200,ESU2026,1800,1787053499
ES,1786534200,1786536000,ESU2026,1800,1787053510
ES,1786536000,1786537800,ESU2026,1800,1787053519
ES,1786537800,1786539600,ESU2026,1800,1787053529
ES,1786539600,1786541400,ESU2026,1800,1787053539
ES,1786541400,1786543200,ESU2026,1800,1787053549
ES,1786543200,1786545000,ESU2026,1800,1787053559
ES,1786545000,1786546800,ESU2026,1800,1787053569
ES,1786546800,1786548600,ESU2026,1800,1787053579
ES,1786548600,1786550400,ESU2026,1800,1787053589
ES,1786550400,1786552200,ESU2026,1800,1787053599
ES,1786552200,1786554000,ESU2026,1800,1787053609
ES,1786554000,1786555800,ESU2026,1800,1787053619
ES,1786555800,1786557600,ESU2026,1800,1787053629
ES,1786557600,1786559400,ESU2026,1800,1787053639
ES,1786559400,1786561200,ESU2026,1800,1787053649
ES,1786561200,1786563000,ESU2026,1800,1787053659
ES,1786563000,1786564800,ESU2026,1800,1787053669
ES,1786564800,1786566600,ESU2026,1800,1787053680
ES,1786566600,1786568400,ESU2026,1800,1787053689
ES,1786572000,1786573800,ESU2026,1800,1787053699
ES,1786573800,1786575600,ESU2026,1800,1787053709
ES,1786575600,1786577400,ESU2026,1800,1787053719
ES,1786577400,1786579200,ESU2026,1800,1787053729
ES,1786579200,1786581000,ESU2026,1800,1787053739
ES,1786581000,1786582800,ESU2026,1800,1787053749
ES,1786582800,1786584600,ESU2026,1800,1787053759
ES,1786584600,1786586400,ESU2026,1800,1787053769
ES,1786586400,1786588200,ESU2026,1800,1787053779
ES,1786588200,1786590000,ESU2026,1800,1787053789
ES,1786590000,1786591800,ESU2026,1800,1787053799
ES,1786591800,1786593600,ESU2026,1800,1787053809
ES,1786593600,1786595400,ESU2026,1800,1787053819
ES,1786595400,1786597200,ESU2026,1800,1787053829
ES,1786597200,1786599000,ESU2026,1800,1787053839
ES,1786599000,1786600800,ESU2026,1800,1787053849
ES,1786600800,1786602600,ESU2026,1800,1787053859
ES,1786602600,1786604400,ESU2026,1800,1787053869
ES,1786604400,1786606200,ESU2026,1800,1787053879
ES,1786606200,1786608000,ESU2026,1800,1787053889
ES,1786608000,1786609800,ESU2026,1800,1787053899
ES,1786609800,1786611600,ESU2026,1800,1787053909
ES,1786611600,1786613400,ESU2026,1800,1787053919
ES,1786613400,1786615200,ESU2026,1800,1787053929
ES,1786615200,1786617000,ESU2026,1800,1787053939
ES,1786617000,1786618800,ESU2026,1800,1787053949
ES,1786618800,1786620600,ESU2026,1800,1787053959
ES,1786620600,1786622400,ESU2026,1800,1787053969
ES,1786622400,1786624200,ESU2026,1800,1787053979
ES,1786624200,1786626000,ESU2026,1800,1787053989
ES,1786626000,1786627800,ESU2026,1800,1787053999
ES,1786627800,1786629600,ESU2026,1800,1787054009
ES,1786629600,1786631400,ESU2026,1800,1787054019
ES,1786631400,1786633200,ESU2026,1800,1787054029
ES,1786633200,1786635000,ESU2026,1800,1787054039
ES,1786635000,1786636800,ESU2026,1800,1787054049
ES,1786636800,1786638600,ESU2026,1800,1787054059
ES,1786638600,1786640400,ESU2026,1800,1787054069
ES,1786640400,1786642200,ESU2026,1800,1787054079
ES,1786642200,1786644000,ESU2026,1800,1787054089
ES,1786644000,1786645800,ESU2026,1800,1787054100
ES,1786645800,1786647600,ESU2026,1800,1787054109
ES,1786647600,1786649400,ESU2026,1800,1787054119
ES,1786649400,1786651200,ESU2026,1800,1787054130
ES,1786651200,1786653000,ESU2026,1800,1787054139
ES,1786653000,1786654800,ESU2026,1800,1787054149
NQ,1786917600,1786919400,NQU2026,1800,1787054160
NQ,1786919400,1786921200,NQU2026,1800,1787054169
NQ,1786921200,1786923000,NQU2026,1800,1787054179
NQ,1786923000,1786924800,NQU2026,1800,1787054189
NQ,1786924800,1786926600,NQU2026,1800,1787054199
NQ,1786926600,1786928400,NQU2026,1800,1787054209
NQ,1786928400,1786930200,NQU2026,1800,1787054220
NQ,1786930200,1786932000,NQU2026,1800,1787054230
NQ,1786932000,1786933800,NQU2026,1800,1787054239
NQ,1786933800,1786935600,NQU2026,1800,1787054250
NQ,1786935600,1786937400,NQU2026,1800,1787054260
NQ,1786937400,1786939200,NQU2026,1800,1787054270
NQ,1786939200,1786941000,NQU2026,1800,1787054280
NQ,1786941000,1786942800,NQU2026,1800,1787054290
NQ,1786942800,1786944600,NQU2026,1800,1787054300
NQ,1786944600,1786946400,NQU2026,1800,1787054310
NQ,1786946400,1786948200,NQU2026,1800,1787054320
NQ,1786948200,1786950000,NQU2026,1800,1787054329
NQ,1786950000,1786951800,NQU2026,1800,1787054340
NQ,1786951800,1786953600,NQU2026,1800,1787054349
NQ,1786953600,1786955400,NQU2026,1800,1787054359
NQ,1786955400,1786957200,NQU2026,1800,1787054369
NQ,1786957200,1786959000,NQU2026,1800,1787054379
NQ,1786959000,1786960800,NQU2026,1800,1787054390
NQ,1786960800,1786962600,NQU2026,1800,1787054399
NQ,1786962600,1786964400,NQU2026,1800,1787054409
NQ,1786964400,1786966200,NQU2026,1800,1787054419
NQ,1786966200,1786968000,NQU2026,1800,1787054429
NQ,1786968000,1786969800,NQU2026,1800,1787054439
NQ,1786969800,1786971600,NQU2026,1800,1787054449
NQ,1786971600,1786973400,NQU2026,1800,1787054459
NQ,1786973400,1786975200,NQU2026,1800,1787054470
NQ,1786975200,1786977000,NQU2026,1800,1787054480
NQ,1786977000,1786978800,NQU2026,1800,1787054490
NQ,1786978800,1786980600,NQU2026,1800,1787054500
NQ,1786980600,1786982400,NQU2026,1800,1787054509
NQ,1786982400,1786984200,NQU2026,1800,1787054520
NQ,1786984200,1786986000,NQU2026,1800,1787054529
NQ,1786986000,1786987800,NQU2026,1800,1787054540
NQ,1786987800,1786989600,NQU2026,1800,1787054550
NQ,1786989600,1786991400,NQU2026,1800,1787054560
NQ,1786991400,1786993200,NQU2026,1800,1787054569
NQ,1786993200,1786995000,NQU2026,1800,1787054579
NQ,1786995000,1786996800,NQU2026,1800,1787054590
NQ,1786996800,1786998600,NQU2026,1800,1787054600
NQ,1786998600,1787000400,NQU2026,1800,1787054609
ES,1786917600,1786919400,ESU2026,1800,1787054619
ES,1786919400,1786921200,ESU2026,1800,1787054629
ES,1786921200,1786923000,ESU2026,1800,1787054639
ES,1786923000,1786924800,ESU2026,1800,1787054649
ES,1786924800,1786926600,ESU2026,1800,1787054659
ES,1786926600,1786928400,ESU2026,1800,1787054669
ES,1786928400,1786930200,ESU2026,1800,1787054679
ES,1786930200,1786932000,ESU2026,1800,1787054689
ES,1786932000,1786933800,ESU2026,1800,1787054699
ES,1786933800,1786935600,ESU2026,1800,1787054709
ES,1786935600,1786937400,ESU2026,1800,1787054719
ES,1786937400,1786939200,ESU2026,1800,1787054729
ES,1786939200,1786941000,ESU2026,1800,1787054740
ES,1786941000,1786942800,ESU2026,1800,1787054749
ES,1786942800,1786944600,ESU2026,1800,1787054759
ES,1786944600,1786946400,ESU2026,1800,1787054769
ES,1786946400,1786948200,ESU2026,1800,1787054779
ES,1786948200,1786950000,ESU2026,1800,1787054789
ES,1786950000,1786951800,ESU2026,1800,1787054799
ES,1786951800,1786953600,ESU2026,1800,1787054809
ES,1786953600,1786955400,ESU2026,1800,1787054819
ES,1786955400,1786957200,ESU2026,1800,1787054829
ES,1786957200,1786959000,ESU2026,1800,1787054839
ES,1786959000,1786960800,ESU2026,1800,1787054849
ES,1786960800,1786962600,ESU2026,1800,1787054859
ES,1786962600,1786964400,ESU2026,1800,1787054869
ES,1786964400,1786966200,ESU2026,1800,1787054879
ES,1786966200,1786968000,ESU2026,1800,1787054889
ES,1786968000,1786969800,ESU2026,1800,1787054899
ES,1786969800,1786971600,ESU2026,1800,1787054910
ES,1786971600,1786973400,ESU2026,1800,1787054919
ES,1786973400,1786975200,ESU2026,1800,1787054930
ES,1786975200,1786977000,ESU2026,1800,1787054939
ES,1786977000,1786978800,ESU2026,1800,1787054949
ES,1786978800,1786980600,ESU2026,1800,1787054959
ES,1786980600,1786982400,ESU2026,1800,1787054970
ES,1786982400,1786984200,ESU2026,1800,1787054979
ES,1786984200,1786986000,ESU2026,1800,1787055005
ES,1786986000,1786987800,ESU2026,1800,1787055015
ES,1786987800,1786989600,ESU2026,1800,1787055025
ES,1786989600,1786991400,ESU2026,1800,1787055035
ES,1786991400,1786993200,ESU2026,1800,1787055045
ES,1786993200,1786995000,ESU2026,1800,1787055055
ES,1786995000,1786996800,ESU2026,1800,1787055065
ES,1786996800,1786998600,ESU2026,1800,1787055075
ES,1786998600,1787000400,ESU2026,1800,1787055085
NQ,1787004000,1787005800,NQU2026,1800,1787058042
NQ,1787005800,1787007600,NQU2026,1800,1787058052
NQ,1787007600,1787009400,NQU2026,1800,1787058062
NQ,1787009400,1787011200,NQU2026,1800,1787058072
NQ,1787011200,1787013000,NQU2026,1800,1787058082
NQ,1787013000,1787014800,NQU2026,1800,1787058092
NQ,1787014800,1787016600,NQU2026,1800,1787058102
NQ,1787016600,1787018400,NQU2026,1800,1787058112
NQ,1787018400,1787020200,NQU2026,1800,1787058122
NQ,1787020200,1787022000,NQU2026,1800,1787058132
NQ,1787022000,1787023800,NQU2026,1800,1787058142
NQ,1787023800,1787025600,NQU2026,1800,1787058152
NQ,1787025600,1787027400,NQU2026,1800,1787058162
NQ,1787027400,1787029200,NQU2026,1800,1787058172
NQ,1787029200,1787031000,NQU2026,1800,1787058182
NQ,1787031000,1787032800,NQU2026,1800,1787058192
NQ,1787032800,1787034600,NQU2026,1800,1787058202
NQ,1787034600,1787036400,NQU2026,1800,1787058212
NQ,1787036400,1787038200,NQU2026,1800,1787058222
NQ,1787038200,1787040000,NQU2026,1800,1787058232
NQ,1787040000,1787041800,NQU2026,1800,1787058242
NQ,1787041800,1787043600,NQU2026,1800,1787058252
NQ,1787043600,1787045400,NQU2026,1800,1787058262
NQ,1787045400,1787047200,NQU2026,1800,1787058272
NQ,1787047200,1787049000,NQU2026,1800,1787058282
NQ,1787049000,1787050800,NQU2026,1800,1787058292
NQ,1787050800,1787052600,NQU2026,1800,1787058302
NQ,1787052600,1787054400,NQU2026,1800,1787058312
NQ,1787054400,1787056200,NQU2026,1800,1787058322
NQ,1787056200,1787058000,NQU2026,1800,1787058332
NQ,1787058000,1787059800,NQU2026,340,1787058342
NQ,1787059800,1787061600,NQU2026,0,1787058352
NQ,1787061600,1787063400,NQU2026,0,1787058361
NQ,1787063400,1787065200,NQU2026,0,1787058371
NQ,1787065200,1787067000,NQU2026,0,1787058381
NQ,1787067000,1787068800,NQU2026,0,1787058391
NQ,1787068800,1787070600,NQU2026,0,1787058401
NQ,1787070600,1787072400,NQU2026,0,1787058411
NQ,1787072400,1787074200,NQU2026,0,1787058421
NQ,1787074200,1787076000,NQU2026,0,1787058431
NQ,1787076000,1787077800,NQU2026,0,1787058441
NQ,1787077800,1787079600,NQU2026,0,1787058452
NQ,1787079600,1787081400,NQU2026,0,1787058461
NQ,1787081400,1787083200,NQU2026,0,1787058471
NQ,1787083200,1787085000,NQU2026,0,1787058481
NQ,1787085000,1787086800,NQU2026,0,1787058491
ES,1787004000,1787005800,ESU2026,1800,1787058502
ES,1787005800,1787007600,ESU2026,1800,1787058512
ES,1787007600,1787009400,ESU2026,1800,1787058522
ES,1787009400,1787011200,ESU2026,1800,1787058532
ES,1787011200,1787013000,ESU2026,1800,1787058542
ES,1787013000,1787014800,ESU2026,1800,1787058552
ES,1787014800,1787016600,ESU2026,1800,1787058562
ES,1787016600,1787018400,ESU2026,1800,1787058572
ES,1787018400,1787020200,ESU2026,1800,1787058582
ES,1787020200,1787022000,ESU2026,1800,1787058592
ES,1787022000,1787023800,ESU2026,1800,1787058602
ES,1787023800,1787025600,ESU2026,1800,1787058612
ES,1787025600,1787027400,ESU2026,1800,1787058622
ES,1787027400,1787029200,ESU2026,1800,1787058632
ES,1787029200,1787031000,ESU2026,1800,1787058642
ES,1787031000,1787032800,ESU2026,1800,1787058652
ES,1787032800,1787034600,ESU2026,1800,1787058662
ES,1787034600,1787036400,ESU2026,1800,1787058672
ES,1787036400,1787038200,ESU2026,1800,1787058682
ES,1787038200,1787040000,ESU2026,1800,1787058692
ES,1787040000,1787041800,ESU2026,1800,1787058702
ES,1787041800,1787043600,ESU2026,1800,1787058712
ES,1787043600,1787045400,ESU2026,1800,1787058722
ES,1787045400,1787047200,ESU2026,1800,1787058732
ES,1787047200,1787049000,ESU2026,1800,1787058742
ES,1787049000,1787050800,ESU2026,1800,1787058752
ES,1787050800,1787052600,ESU2026,1800,1787058762
ES,1787052600,1787054400,ESU2026,1800,1787058772
ES,1787054400,1787056200,ESU2026,1800,1787058782
ES,1787056200,1787058000,ESU2026,1800,1787058792
ES,1787058000,1787059800,ESU2026,800,1787058802
ES,1787059800,1787061600,ESU2026,0,1787058812
ES,1787061600,1787063400,ESU2026,0,1787058822
ES,1787063400,1787065200,ESU2026,0,1787058832
ES,1787065200,1787067000,ESU2026,0,1787058842
ES,1787067000,1787068800,ESU2026,0,1787058852
ES,1787068800,1787070600,ESU2026,0,1787058862
ES,1787070600,1787072400,ESU2026,0,1787058872
ES,1787072400,1787074200,ESU2026,0,1787058882
ES,1787074200,1787076000,ESU2026,0,1787058892
ES,1787076000,1787077800,ESU2026,0,1787058902
ES,1787077800,1787079600,ESU2026,0,1787058912
ES,1787079600,1787081400,ESU2026,0,1787058922
ES,1787081400,1787083200,ESU2026,0,1787058932
ES,1787083200,1787085000,ESU2026,0,1787058942
ES,1787085000,1787086800,ESU2026,0,1787058952
NQ,1787004000,1787005800,NQU2026,1800,1787116477
NQ,1787005800,1787007600,NQU2026,1800,1787116486
NQ,1787007600,1787009400,NQU2026,1800,1787116496
NQ,1787009400,1787011200,NQU2026,1800,1787116506
NQ,1787011200,1787013000,NQU2026,1800,1787116516
NQ,1787013000,1787014800,NQU2026,1800,1787116526
NQ,1787014800,1787016600,NQU2026,1800,1787116536
NQ,1787016600,1787018400,NQU2026,1800,1787116546
NQ,1787018400,1787020200,NQU2026,1800,1787116556
NQ,1787020200,1787022000,NQU2026,1800,1787116566
NQ,1787022000,1787023800,NQU2026,1800,1787116576
NQ,1787023800,1787025600,NQU2026,1800,1787116586
NQ,1787025600,1787027400,NQU2026,1800,1787116596
NQ,1787027400,1787029200,NQU2026,1800,1787116606
NQ,1787029200,1787031000,NQU2026,1800,1787116616
NQ,1787031000,1787032800,NQU2026,1800,1787116626
NQ,1787032800,1787034600,NQU2026,1800,1787116636
NQ,1787034600,1787036400,NQU2026,1800,1787116646
NQ,1787036400,1787038200,NQU2026,1800,1787116656
NQ,1787038200,1787040000,NQU2026,1800,1787116666
NQ,1787040000,1787041800,NQU2026,1800,1787116676
NQ,1787041800,1787043600,NQU2026,1800,1787116686
NQ,1787043600,1787045400,NQU2026,1800,1787116696
NQ,1787045400,1787047200,NQU2026,1800,1787116706
NQ,1787047200,1787049000,NQU2026,1800,1787116716
NQ,1787049000,1787050800,NQU2026,1800,1787116726
NQ,1787050800,1787052600,NQU2026,1800,1787116736
NQ,1787052600,1787054400,NQU2026,1800,1787116746
NQ,1787054400,1787056200,NQU2026,1800,1787116756
NQ,1787056200,1787058000,NQU2026,1800,1787116766
NQ,1787058000,1787059800,NQU2026,1800,1787116776
NQ,1787059800,1787061600,NQU2026,1800,1787116786
NQ,1787061600,1787063400,NQU2026,1800,1787116796
NQ,1787063400,1787065200,NQU2026,1800,1787116806
NQ,1787065200,1787067000,NQU2026,1800,1787116816
NQ,1787067000,1787068800,NQU2026,1800,1787116826
NQ,1787068800,1787070600,NQU2026,1800,1787116836
NQ,1787070600,1787072400,NQU2026,1800,1787116846
NQ,1787072400,1787074200,NQU2026,1800,1787116856
NQ,1787074200,1787076000,NQU2026,1800,1787116866
NQ,1787076000,1787077800,NQU2026,1800,1787116876
NQ,1787077800,1787079600,NQU2026,1800,1787116886
NQ,1787079600,1787081400,NQU2026,1800,1787116896
NQ,1787081400,1787083200,NQU2026,1800,1787116906
NQ,1787083200,1787085000,NQU2026,1800,1787116916
NQ,1787085000,1787086800,NQU2026,1800,1787116926
ES,1787004000,1787005800,ESU2026,1800,1787116936
ES,1787005800,1787007600,ESU2026,1800,1787116946
ES,1787007600,1787009400,ESU2026,1800,1787116956
ES,1787009400,1787011200,ESU2026,1800,1787116966
ES,1787011200,1787013000,ESU2026,1800,1787116976
ES,1787013000,1787014800,ESU2026,1800,1787116986
ES,1787014800,1787016600,ESU2026,1800,1787116996
ES,1787016600,1787018400,ESU2026,1800,1787117006
ES,1787018400,1787020200,ESU2026,1800,1787117016
ES,1787020200,1787022000,ESU2026,1800,1787117026
ES,1787022000,1787023800,ESU2026,1800,1787117036
ES,1787023800,1787025600,ESU2026,1800,1787117046
ES,1787025600,1787027400,ESU2026,1800,1787117056
ES,1787027400,1787029200,ESU2026,1800,1787117066
ES,1787029200,1787031000,ESU2026,1800,1787117091
ES,1787031000,1787032800,ESU2026,1800,1787117101
ES,1787032800,1787034600,ESU2026,1800,1787117111
ES,1787034600,1787036400,ESU2026,1800,1787117121
ES,1787036400,1787038200,ESU2026,1800,1787117131
ES,1787038200,1787040000,ESU2026,1800,1787117141
ES,1787040000,1787041800,ESU2026,1800,1787117151
ES,1787041800,1787043600,ESU2026,1800,1787117161
ES,1787043600,1787045400,ESU2026,1800,1787117171
ES,1787045400,1787047200,ESU2026,1800,1787117181
ES,1787047200,1787049000,ESU2026,1800,1787117191
ES,1787049000,1787050800,ESU2026,1800,1787117201
ES,1787050800,1787052600,ESU2026,1800,1787117211
ES,1787052600,1787054400,ESU2026,1800,1787117221
ES,1787054400,1787056200,ESU2026,1800,1787117231
ES,1787056200,1787058000,ESU2026,1800,1787117241
ES,1787058000,1787059800,ESU2026,1800,1787117251
ES,1787059800,1787061600,ESU2026,1800,1787117261
ES,1787061600,1787063400,ESU2026,1800,1787117271
ES,1787063400,1787065200,ESU2026,1800,1787117281
ES,1787065200,1787067000,ESU2026,1800,1787117291
ES,1787067000,1787068800,ESU2026,1800,1787117301
ES,1787068800,1787070600,ESU2026,1800,1787117311
ES,1787070600,1787072400,ESU2026,1800,1787117321
ES,1787072400,1787074200,ESU2026,1800,1787117331
ES,1787074200,1787076000,ESU2026,1800,1787117341
ES,1787076000,1787077800,ESU2026,1800,1787117351
ES,1787077800,1787079600,ESU2026,1800,1787117361
ES,1787079600,1787081400,ESU2026,1800,1787117371
ES,1787081400,1787083200,ESU2026,1800,1787117381
ES,1787083200,1787085000,ESU2026,1800,1787117391
ES,1787085000,1787086800,ESU2026,1800,1787117401
ES,1782424800,1782426600,ESU2026,1800,1787117533
ES,1782426600,1782428400,ESU2026,1800,1787117543
ES,1782428400,1782430200,ESU2026,1800,1787117553
ES,1782430200,1782432000,ESU2026,1800,1787117563
ES,1782432000,1782433800,ESU2026,1800,1787117573
ES,1782433800,1782435600,ESU2026,1800,1787117583
ES,1782435600,1782437400,ESU2026,1800,1787117593
ES,1782437400,1782439200,ESU2026,1800,1787117603
ES,1782439200,1782441000,ESU2026,1800,1787117613
ES,1782441000,1782442800,ESU2026,1800,1787117623
ES,1782442800,1782444600,ESU2026,1800,1787117633
ES,1782444600,1782446400,ESU2026,1800,1787117643
ES,1782446400,1782448200,ESU2026,1800,1787117653
ES,1782448200,1782450000,ESU2026,1800,1787117663
ES,1782450000,1782451800,ESU2026,1800,1787117673
ES,1782451800,1782453600,ESU2026,1800,1787117683
ES,1782453600,1782455400,ESU2026,1800,1787117693
ES,1782455400,1782457200,ESU2026,1800,1787117703
ES,1782457200,1782459000,ESU2026,1800,1787117713
ES,1782459000,1782460800,ESU2026,1800,1787117723
ES,1782460800,1782462600,ESU2026,1800,1787117733
ES,1782462600,1782464400,ESU2026,1800,1787117743
ES,1782464400,1782466200,ESU2026,1800,1787117753
ES,1782466200,1782468000,ESU2026,1800,1787117763
ES,1782468000,1782469800,ESU2026,1800,1787117773
ES,1782469800,1782471600,ESU2026,1800,1787117783
ES,1782471600,1782473400,ESU2026,1800,1787117793
ES,1782473400,1782475200,ESU2026,1800,1787117803
ES,1782475200,1782477000,ESU2026,1800,1787117813
ES,1782477000,1782478800,ESU2026,1800,1787117823
ES,1782478800,1782480600,ESU2026,1800,1787117833
ES,1782480600,1782482400,ESU2026,1800,1787117844
ES,1782482400,1782484200,ESU2026,1800,1787117853
ES,1782484200,1782486000,ESU2026,1800,1787117863
ES,1782486000,1782487800,ESU2026,1800,1787117874
ES,1782487800,1782489600,ESU2026,1800,1787117883
ES,1782489600,1782491400,ESU2026,1800,1787117893
ES,1782491400,1782493200,ESU2026,1800,1787117903
ES,1782493200,1782495000,ESU2026,1800,1787117913
ES,1782495000,1782496800,ESU2026,1800,1787117923
ES,1782496800,1782498600,ESU2026,1800,1787117933
ES,1782498600,1782500400,ESU2026,1800,1787117943
ES,1782500400,1782502200,ESU2026,1800,1787117953
ES,1782502200,1782504000,ESU2026,1800,1787117964
ES,1782504000,1782505800,ESU2026,1800,1787117974
ES,1782505800,1782507600,ESU2026,1800,1787117983
NQ,1787090400,1787092200,NQU2026,1800,1787204576
NQ,1787092200,1787094000,NQU2026,1800,1787204586
NQ,1787094000,1787095800,NQU2026,1800,1787204595
NQ,1787095800,1787097600,NQU2026,1800,1787204605
NQ,1787097600,1787099400,NQU2026,1800,1787204616
NQ,1787099400,1787101200,NQU2026,1800,1787204625
NQ,1787101200,1787103000,NQU2026,1800,1787204635
NQ,1787103000,1787104800,NQU2026,1800,1787204645
NQ,1787104800,1787106600,NQU2026,1800,1787204655
NQ,1787106600,1787108400,NQU2026,1800,1787204665
NQ,1787108400,1787110200,NQU2026,1800,1787204675
NQ,1787110200,1787112000,NQU2026,1800,1787204685
NQ,1787112000,1787113800,NQU2026,1800,1787204695
NQ,1787113800,1787115600,NQU2026,1800,1787204705
NQ,1787115600,1787117400,NQU2026,1800,1787204715
NQ,1787117400,1787119200,NQU2026,1800,1787204725
NQ,1787119200,1787121000,NQU2026,1800,1787204735
NQ,1787121000,1787122800,NQU2026,1800,1787204745
NQ,1787122800,1787124600,NQU2026,1800,1787204755
NQ,1787124600,1787126400,NQU2026,1800,1787204765
NQ,1787126400,1787128200,NQU2026,1800,1787204775
NQ,1787128200,1787130000,NQU2026,1800,1787204785
NQ,1787130000,1787131800,NQU2026,1800,1787204795
NQ,1787131800,1787133600,NQU2026,1800,1787204805
NQ,1787133600,1787135400,NQU2026,1800,1787204815
NQ,1787135400,1787137200,NQU2026,1800,1787204825
NQ,1787137200,1787139000,NQU2026,1800,1787204835
NQ,1787139000,1787140800,NQU2026,1800,1787204845
NQ,1787140800,1787142600,NQU2026,1800,1787204855
NQ,1787142600,1787144400,NQU2026,1800,1787204866
NQ,1787144400,1787146200,NQU2026,1800,1787204876
NQ,1787146200,1787148000,NQU2026,1800,1787204886
NQ,1787148000,1787149800,NQU2026,1800,1787204896
NQ,1787149800,1787151600,NQU2026,1800,1787204906
NQ,1787151600,1787153400,NQU2026,1800,1787204916
NQ,1787153400,1787155200,NQU2026,1800,1787204926
NQ,1787155200,1787157000,NQU2026,1800,1787204936
NQ,1787157000,1787158800,NQU2026,1800,1787204945
NQ,1787158800,1787160600,NQU2026,1800,1787204955
NQ,1787160600,1787162400,NQU2026,1800,1787204965
NQ,1787162400,1787164200,NQU2026,1800,1787204976
NQ,1787164200,1787166000,NQU2026,1800,1787204985
NQ,1787166000,1787167800,NQU2026,1800,1787204995
NQ,1787167800,1787169600,NQU2026,1800,1787205006
NQ,1787169600,1787171400,NQU2026,1800,1787205015
NQ,1787171400,1787173200,NQU2026,1800,1787205025
ES,1787090400,1787092200,ESU2026,1800,1787205052
ES,1787092200,1787094000,ESU2026,1800,1787205062
ES,1787094000,1787095800,ESU2026,1800,1787205072
ES,1787095800,1787097600,ESU2026,1800,1787205082
ES,1787097600,1787099400,ESU2026,1800,1787205092
ES,1787099400,1787101200,ESU2026,1800,1787205102
ES,1787101200,1787103000,ESU2026,1800,1787205112
ES,1787103000,1787104800,ESU2026,1800,1787205122
ES,1787104800,1787106600,ESU2026,1800,1787205132
ES,1787106600,1787108400,ESU2026,1800,1787205142
ES,1787108400,1787110200,ESU2026,1800,1787205152
ES,1787110200,1787112000,ESU2026,1800,1787205162
ES,1787112000,1787113800,ESU2026,1800,1787205172
ES,1787113800,1787115600,ESU2026,1800,1787205182
ES,1787115600,1787117400,ESU2026,1800,1787205192
ES,1787117400,1787119200,ESU2026,1800,1787205202
ES,1787119200,1787121000,ESU2026,1800,1787205212
ES,1787121000,1787122800,ESU2026,1800,1787205222
ES,1787122800,1787124600,ESU2026,1800,1787205232
ES,1787124600,1787126400,ESU2026,1800,1787205242
ES,1787126400,1787128200,ESU2026,1800,1787205252
ES,1787128200,1787130000,ESU2026,1800,1787205262
ES,1787130000,1787131800,ESU2026,1800,1787205272
ES,1787131800,1787133600,ESU2026,1800,1787205282
ES,1787133600,1787135400,ESU2026,1800,1787205292
ES,1787135400,1787137200,ESU2026,1800,1787205302
ES,1787137200,1787139000,ESU2026,1800,1787205312
ES,1787139000,1787140800,ESU2026,1800,1787205322
ES,1787140800,1787142600,ESU2026,1800,1787205332
ES,1787142600,1787144400,ESU2026,1800,1787205342
ES,1787144400,1787146200,ESU2026,1800,1787205352
ES,1787146200,1787148000,ESU2026,1800,1787205362
ES,1787148000,1787149800,ESU2026,1800,1787205372
ES,1787149800,1787151600,ESU2026,1800,1787205382
ES,1787151600,1787153400,ESU2026,1800,1787205392
ES,1787153400,1787155200,ESU2026,1800,1787205402
ES,1787155200,1787157000,ESU2026,1800,1787205412
ES,1787157000,1787158800,ESU2026,1800,1787205422
ES,1787158800,1787160600,ESU2026,1800,1787205432
ES,1787160600,1787162400,ESU2026,1800,1787205442
ES,1787162400,1787164200,ESU2026,1800,1787205452
ES,1787164200,1787166000,ESU2026,1800,1787205462
ES,1787166000,1787167800,ESU2026,1800,1787205472
ES,1787167800,1787169600,ESU2026,1800,1787205482
ES,1787169600,1787171400,ESU2026,1800,1787205492
ES,1787171400,1787173200,ESU2026,1800,1787205502
NQ,1787176800,1787178600,NQU2026,1800,1787472489
NQ,1787178600,1787180400,NQU2026,1800,1787472499
NQ,1787180400,1787182200,NQU2026,1800,1787472509
NQ,1787182200,1787184000,NQU2026,1800,1787472519
NQ,1787184000,1787185800,NQU2026,1800,1787472529
NQ,1787185800,1787187600,NQU2026,1800,1787472539
NQ,1787187600,1787189400,NQU2026,1800,1787472549
NQ,1787189400,1787191200,NQU2026,1800,1787472559
NQ,1787191200,1787193000,NQU2026,1800,1787472569
NQ,1787193000,1787194800,NQU2026,1800,1787472579
NQ,1787194800,1787196600,NQU2026,1800,1787472589
NQ,1787196600,1787198400,NQU2026,1800,1787472599
NQ,1787198400,1787200200,NQU2026,1800,1787472609
NQ,1787200200,1787202000,NQU2026,1800,1787472619
NQ,1787202000,1787203800,NQU2026,1800,1787472629
NQ,1787203800,1787205600,NQU2026,1800,1787472639
NQ,1787205600,1787207400,NQU2026,1800,1787472649
NQ,1787207400,1787209200,NQU2026,1800,1787472659
NQ,1787209200,1787211000,NQU2026,1800,1787472669
NQ,1787211000,1787212800,NQU2026,1800,1787472679
NQ,1787212800,1787214600,NQU2026,1800,1787472689
NQ,1787214600,1787216400,NQU2026,1800,1787472699
NQ,1787216400,1787218200,NQU2026,1800,1787472709
NQ,1787218200,1787220000,NQU2026,1800,1787472719
NQ,1787220000,1787221800,NQU2026,1800,1787472729
NQ,1787221800,1787223600,NQU2026,1800,1787472739
NQ,1787223600,1787225400,NQU2026,1800,1787472749
NQ,1787225400,1787227200,NQU2026,1800,1787472759
NQ,1787227200,1787229000,NQU2026,1800,1787472769
NQ,1787229000,1787230800,NQU2026,1800,1787472779
NQ,1787230800,1787232600,NQU2026,1800,1787472789
NQ,1787232600,1787234400,NQU2026,1800,1787472799
NQ,1787234400,1787236200,NQU2026,1800,1787472809
NQ,1787236200,1787238000,NQU2026,1800,1787472819
NQ,1787238000,1787239800,NQU2026,1800,1787472829
NQ,1787239800,1787241600,NQU2026,1800,1787472839
NQ,1787241600,1787243400,NQU2026,1800,1787472849
NQ,1787243400,1787245200,NQU2026,1800,1787472859
NQ,1787245200,1787247000,NQU2026,1800,1787472869
NQ,1787247000,1787248800,NQU2026,1800,1787472879
NQ,1787248800,1787250600,NQU2026,1800,1787472889
NQ,1787250600,1787252400,NQU2026,1800,1787472899
NQ,1787252400,1787254200,NQU2026,1800,1787472909
NQ,1787254200,1787256000,NQU2026,1800,1787472919
NQ,1787256000,1787257800,NQU2026,1800,1787472929
NQ,1787257800,1787259600,NQU2026,1800,1787472939
NQ,1787263200,1787265000,NQU2026,1800,1787472949
NQ,1787265000,1787266800,NQU2026,1800,1787472959
NQ,1787266800,1787268600,NQU2026,1800,1787472969
NQ,1787268600,1787270400,NQU2026,1800,1787472979
NQ,1787270400,1787272200,NQU2026,1800,1787472989
NQ,1787272200,1787274000,NQU2026,1800,1787472999
NQ,1787274000,1787275800,NQU2026,1800,1787473009
NQ,1787275800,1787277600,NQU2026,1800,1787473019
NQ,1787277600,1787279400,NQU2026,1800,1787473029
NQ,1787279400,1787281200,NQU2026,1800,1787473039
NQ,1787281200,1787283000,NQU2026,1800,1787473049
NQ,1787283000,1787284800,NQU2026,1800,1787473059
NQ,1787284800,1787286600,NQU2026,1800,1787473069
NQ,1787286600,1787288400,NQU2026,1800,1787473079
NQ,1787288400,1787290200,NQU2026,1800,1787473104
NQ,1787290200,1787292000,NQU2026,1800,1787473114
NQ,1787292000,1787293800,NQU2026,1800,1787473124
NQ,1787293800,1787295600,NQU2026,1800,1787473134
NQ,1787295600,1787297400,NQU2026,1800,1787473144
NQ,1787297400,1787299200,NQU2026,1800,1787473154
NQ,1787299200,1787301000,NQU2026,1800,1787473164
NQ,1787301000,1787302800,NQU2026,1800,1787473174
NQ,1787302800,1787304600,NQU2026,1800,1787473184
NQ,1787304600,1787306400,NQU2026,1800,1787473194
NQ,1787306400,1787308200,NQU2026,1800,1787473204
NQ,1787308200,1787310000,NQU2026,1800,1787473214
NQ,1787310000,1787311800,NQU2026,1800,1787473224
NQ,1787311800,1787313600,NQU2026,1800,1787473234
NQ,1787313600,1787315400,NQU2026,1800,1787473244
NQ,1787315400,1787317200,NQU2026,1800,1787473254
NQ,1787317200,1787319000,NQU2026,1800,1787473265
NQ,1787319000,1787320800,NQU2026,1800,1787473274
NQ,1787320800,1787322600,NQU2026,1800,1787473284
NQ,1787322600,1787324400,NQU2026,1800,1787473294
NQ,1787324400,1787326200,NQU2026,1800,1787473304
NQ,1787326200,1787328000,NQU2026,1800,1787473314
NQ,1787328000,1787329800,NQU2026,1800,1787473324
NQ,1787329800,1787331600,NQU2026,1800,1787473334
NQ,1787331600,1787333400,NQU2026,1800,1787473344
NQ,1787333400,1787335200,NQU2026,1800,1787473354
NQ,1787335200,1787337000,NQU2026,1800,1787473364
NQ,1787337000,1787338800,NQU2026,1800,1787473374
NQ,1787338800,1787340600,NQU2026,1800,1787473384
NQ,1787340600,1787342400,NQU2026,1800,1787473394
NQ,1787342400,1787344200,NQU2026,1800,1787473404
NQ,1787344200,1787346000,NQU2026,1800,1787473414
ES,1787176800,1787178600,ESU2026,1800,1787473424
ES,1787178600,1787180400,ESU2026,1800,1787473435
ES,1787180400,1787182200,ESU2026,1800,1787473444
ES,1787182200,1787184000,ESU2026,1800,1787473454
ES,1787184000,1787185800,ESU2026,1800,1787473464
ES,1787185800,1787187600,ESU2026,1800,1787473474
ES,1787187600,1787189400,ESU2026,1800,1787473484
ES,1787189400,1787191200,ESU2026,1800,1787473494
ES,1787191200,1787193000,ESU2026,1800,1787473504
ES,1787193000,1787194800,ESU2026,1800,1787473514
ES,1787194800,1787196600,ESU2026,1800,1787473524
ES,1787196600,1787198400,ESU2026,1800,1787473534
ES,1787198400,1787200200,ESU2026,1800,1787473544
ES,1787200200,1787202000,ESU2026,1800,1787473554
ES,1787202000,1787203800,ESU2026,1800,1787473564
ES,1787203800,1787205600,ESU2026,1800,1787473575
ES,1787205600,1787207400,ESU2026,1800,1787473584
ES,1787207400,1787209200,ESU2026,1800,1787473594
ES,1787209200,1787211000,ESU2026,1800,1787473604
ES,1787211000,1787212800,ESU2026,1800,1787473614
ES,1787212800,1787214600,ESU2026,1800,1787473624
ES,1787214600,1787216400,ESU2026,1800,1787473634
ES,1787216400,1787218200,ESU2026,1800,1787473644
ES,1787218200,1787220000,ESU2026,1800,1787473656
ES,1787220000,1787221800,ESU2026,1800,1787473664
ES,1787221800,1787223600,ESU2026,1800,1787473674
ES,1787223600,1787225400,ESU2026,1800,1787473684
ES,1787225400,1787227200,ESU2026,1800,1787473694
ES,1787227200,1787229000,ESU2026,1800,1787473704
ES,1787229000,1787230800,ESU2026,1800,1787473714
ES,1787230800,1787232600,ESU2026,1800,1787473724
ES,1787232600,1787234400,ESU2026,1800,1787473734
ES,1787234400,1787236200,ESU2026,1800,1787473745
ES,1787236200,1787238000,ESU2026,1800,1787473754
ES,1787238000,1787239800,ESU2026,1800,1787473764
ES,1787239800,1787241600,ESU2026,1800,1787473774
ES,1787241600,1787243400,ESU2026,1800,1787473784
ES,1787243400,1787245200,ESU2026,1800,1787473794
ES,1787245200,1787247000,ESU2026,1800,1787473804
ES,1787247000,1787248800,ESU2026,1800,1787473814
ES,1787248800,1787250600,ESU2026,1800,1787473824
ES,1787250600,1787252400,ESU2026,1800,1787473834
ES,1787252400,1787254200,ESU2026,1800,1787473844
ES,1787254200,1787256000,ESU2026,1800,1787473854
ES,1787256000,1787257800,ESU2026,1800,1787473864
ES,1787257800,1787259600,ESU2026,1800,1787473874
ES,1787263200,1787265000,ESU2026,1800,1787473884
ES,1787265000,1787266800,ESU2026,1800,1787473894
ES,1787266800,1787268600,ESU2026,1800,1787473904
ES,1787268600,1787270400,ESU2026,1800,1787473914
ES,1787270400,1787272200,ESU2026,1800,1787473924
ES,1787272200,1787274000,ESU2026,1800,1787473934
ES,1787274000,1787275800,ESU2026,1800,1787473945
ES,1787275800,1787277600,ESU2026,1800,1787473954
ES,1787277600,1787279400,ESU2026,1800,1787473964
ES,1787279400,1787281200,ESU2026,1800,1787473974
ES,1787281200,1787283000,ESU2026,1800,1787473984
ES,1787283000,1787284800,ESU2026,1800,1787473994
ES,1787284800,1787286600,ESU2026,1800,1787474004
ES,1787286600,1787288400,ESU2026,1800,1787474014
ES,1787288400,1787290200,ESU2026,1800,1787474024
ES,1787290200,1787292000,ESU2026,1800,1787474034
ES,1787292000,1787293800,ESU2026,1800,1787474046
ES,1787293800,1787295600,ESU2026,1800,1787474054
ES,1787295600,1787297400,ESU2026,1800,1787474064
ES,1787297400,1787299200,ESU2026,1800,1787474074
ES,1787299200,1787301000,ESU2026,1800,1787474084
ES,1787301000,1787302800,ESU2026,1800,1787474094
ES,1787302800,1787304600,ESU2026,1800,1787474104
ES,1787304600,1787306400,ESU2026,1800,1787474114
ES,1787306400,1787308200,ESU2026,1800,1787474124
ES,1787308200,1787310000,ESU2026,1800,1787474134
ES,1787310000,1787311800,ESU2026,1800,1787474144
ES,1787311800,1787313600,ESU2026,1800,1787474154
ES,1787313600,1787315400,ESU2026,1800,1787474164
ES,1787315400,1787317200,ESU2026,1800,1787474174
ES,1787317200,1787319000,ESU2026,1800,1787474184
ES,1787319000,1787320800,ESU2026,1800,1787474194
ES,1787320800,1787322600,ESU2026,1800,1787474204
ES,1787322600,1787324400,ESU2026,1800,1787474214
ES,1787324400,1787326200,ESU2026,1800,1787474224
ES,1787326200,1787328000,ESU2026,1800,1787474234
ES,1787328000,1787329800,ESU2026,1800,1787474244
ES,1787329800,1787331600,ESU2026,1800,1787474254
ES,1787331600,1787333400,ESU2026,1800,1787474264
ES,1787333400,1787335200,ESU2026,1800,1787474274
ES,1787335200,1787337000,ESU2026,1800,1787474284
ES,1787337000,1787338800,ESU2026,1800,1787474294
ES,1787338800,1787340600,ESU2026,1800,1787474319
ES,1787340600,1787342400,ESU2026,1800,1787474330
ES,1787342400,1787344200,ESU2026,1800,1787474341
ES,1787344200,1787346000,ESU2026,1800,1787474351
NQ,1787522400,1787524200,NQU2026,1800,1787637148
NQ,1787524200,1787526000,NQU2026,1800,1787637157
NQ,1787526000,1787527800,NQU2026,1800,1787637168
NQ,1787527800,1787529600,NQU2026,1800,1787637177
NQ,1787529600,1787531400,NQU2026,1800,1787637187
NQ,1787531400,1787533200,NQU2026,1800,1787637197
NQ,1787533200,1787535000,NQU2026,1800,1787637207
NQ,1787535000,1787536800,NQU2026,1800,1787637217
NQ,1787536800,1787538600,NQU2026,1800,1787637227
NQ,1787538600,1787540400,NQU2026,1800,1787637237
NQ,1787540400,1787542200,NQU2026,1800,1787637247
NQ,1787542200,1787544000,NQU2026,1800,1787637257
NQ,1787544000,1787545800,NQU2026,1800,1787637267
NQ,1787545800,1787547600,NQU2026,1800,1787637279
NQ,1787547600,1787549400,NQU2026,1800,1787637287
NQ,1787549400,1787551200,NQU2026,1800,1787637297
NQ,1787551200,1787553000,NQU2026,1800,1787637308
NQ,1787553000,1787554800,NQU2026,1800,1787637318
NQ,1787554800,1787556600,NQU2026,1800,1787637327
NQ,1787556600,1787558400,NQU2026,1800,1787637337
NQ,1787558400,1787560200,NQU2026,1800,1787637347
NQ,1787560200,1787562000,NQU2026,1800,1787637357
NQ,1787562000,1787563800,NQU2026,1800,1787637367
NQ,1787563800,1787565600,NQU2026,1800,1787637377
NQ,1787565600,1787567400,NQU2026,1800,1787637387
NQ,1787567400,1787569200,NQU2026,1800,1787637397
NQ,1787569200,1787571000,NQU2026,1800,1787637407
NQ,1787571000,1787572800,NQU2026,1800,1787637417
NQ,1787572800,1787574600,NQU2026,1800,1787637427
NQ,1787574600,1787576400,NQU2026,1800,1787637437
NQ,1787576400,1787578200,NQU2026,1800,1787637447
NQ,1787578200,1787580000,NQU2026,1800,1787637457
NQ,1787580000,1787581800,NQU2026,1800,1787637467
NQ,1787581800,1787583600,NQU2026,1800,1787637477
NQ,1787583600,1787585400,NQU2026,1800,1787637487
NQ,1787585400,1787587200,NQU2026,1800,1787637497
NQ,1787587200,1787589000,NQU2026,1800,1787637507
NQ,1787589000,1787590800,NQU2026,1800,1787637518
NQ,1787590800,1787592600,NQU2026,1800,1787637527
NQ,1787592600,1787594400,NQU2026,1800,1787637537
NQ,1787594400,1787596200,NQU2026,1800,1787637547
NQ,1787596200,1787598000,NQU2026,1800,1787637557
NQ,1787598000,1787599800,NQU2026,1800,1787637567
NQ,1787599800,1787601600,NQU2026,1800,1787637577
NQ,1787601600,1787603400,NQU2026,1800,1787637587
NQ,1787603400,1787605200,NQU2026,1800,1787637597
ES,1787522400,1787524200,ESU2026,1800,1787637607
ES,1787524200,1787526000,ESU2026,1800,1787637617
ES,1787526000,1787527800,ESU2026,1800,1787637627
ES,1787527800,1787529600,ESU2026,1800,1787637637
ES,1787529600,1787531400,ESU2026,1800,1787637647
ES,1787531400,1787533200,ESU2026,1800,1787637657
ES,1787533200,1787535000,ESU2026,1800,1787637667
ES,1787535000,1787536800,ESU2026,1800,1787637677
ES,1787536800,1787538600,ESU2026,1800,1787637687
ES,1787538600,1787540400,ESU2026,1800,1787637697
ES,1787540400,1787542200,ESU2026,1800,1787637707
ES,1787542200,1787544000,ESU2026,1800,1787637717
ES,1787544000,1787545800,ESU2026,1800,1787637727
ES,1787545800,1787547600,ESU2026,1800,1787637737
ES,1787547600,1787549400,ESU2026,1800,1787637762
ES,1787549400,1787551200,ESU2026,1800,1787637772
ES,1787551200,1787553000,ESU2026,1800,1787637782
ES,1787553000,1787554800,ESU2026,1800,1787637792
ES,1787554800,1787556600,ESU2026,1800,1787637802
ES,1787556600,1787558400,ESU2026,1800,1787637812
ES,1787558400,1787560200,ESU2026,1800,1787637822
ES,1787560200,1787562000,ESU2026,1800,1787637832
ES,1787562000,1787563800,ESU2026,1800,1787637842
ES,1787563800,1787565600,ESU2026,1800,1787637852
ES,1787565600,1787567400,ESU2026,1800,1787637862
ES,1787567400,1787569200,ESU2026,1800,1787637872
ES,1787569200,1787571000,ESU2026,1800,1787637883
ES,1787571000,1787572800,ESU2026,1800,1787637892
ES,1787572800,1787574600,ESU2026,1800,1787637903
ES,1787574600,1787576400,ESU2026,1800,1787637912
ES,1787576400,1787578200,ESU2026,1800,1787637922
ES,1787578200,1787580000,ESU2026,1800,1787637932
ES,1787580000,1787581800,ESU2026,1800,1787637942
ES,1787581800,1787583600,ESU2026,1800,1787637952
ES,1787583600,1787585400,ESU2026,1800,1787637962
ES,1787585400,1787587200,ESU2026,1800,1787637972
ES,1787587200,1787589000,ESU2026,1800,1787637982
ES,1787589000,1787590800,ESU2026,1800,1787637992
ES,1787590800,1787592600,ESU2026,1800,1787638003
ES,1787592600,1787594400,ESU2026,1800,1787638012
ES,1787594400,1787596200,ESU2026,1800,1787638022
ES,1787596200,1787598000,ESU2026,1800,1787638032
ES,1787598000,1787599800,ESU2026,1800,1787638042
ES,1787599800,1787601600,ESU2026,1800,1787638052
ES,1787601600,1787603400,ESU2026,1800,1787638062
ES,1787603400,1787605200,ESU2026,1800,1787638072
GC,1771801200,1771803000,GCJ2026,1800,1787661738
GC,1771803000,1771804800,GCJ2026,1800,1787661746
GC,1771804800,1771806600,GCJ2026,1800,1787661757
GC,1771806600,1771808400,GCJ2026,1800,1787661766
GC,1771808400,1771810200,GCJ2026,1800,1787661776
GC,1771810200,1771812000,GCJ2026,1800,1787661786
GC,1771812000,1771813800,GCJ2026,1800,1787661796
GC,1771813800,1771815600,GCJ2026,1800,1787661806
GC,1771815600,1771817400,GCJ2026,1800,1787661816
GC,1771817400,1771819200,GCJ2026,1800,1787661826
GC,1771819200,1771821000,GCJ2026,1800,1787661836
GC,1771821000,1771822800,GCJ2026,1800,1787661846
GC,1771822800,1771824600,GCJ2026,1800,1787661856
GC,1771824600,1771826400,GCJ2026,1800,1787661866
GC,1771826400,1771828200,GCJ2026,1800,1787661876
GC,1771828200,1771830000,GCJ2026,1800,1787661886
GC,1771830000,1771831800,GCJ2026,1800,1787661896
GC,1771831800,1771833600,GCJ2026,1800,1787661906
GC,1771833600,1771835400,GCJ2026,1800,1787661916
GC,1771835400,1771837200,GCJ2026,1800,1787661926
GC,1771837200,1771839000,GCJ2026,1800,1787661936
GC,1771839000,1771840800,GCJ2026,1800,1787661946
GC,1771840800,1771842600,GCJ2026,1800,1787661956
GC,1771842600,1771844400,GCJ2026,1800,1787661966
GC,1771844400,1771846200,GCJ2026,1800,1787661976
GC,1771846200,1771848000,GCJ2026,1800,1787661986
GC,1771848000,1771849800,GCJ2026,1800,1787661996
GC,1771849800,1771851600,GCJ2026,1800,1787662006
GC,1771851600,1771853400,GCJ2026,1800,1787662016
GC,1771853400,1771855200,GCJ2026,1800,1787662026
GC,1771855200,1771857000,GCJ2026,1800,1787662037
GC,1771857000,1771858800,GCJ2026,1800,1787662047
GC,1771858800,1771860600,GCJ2026,1800,1787662056
GC,1771860600,1771862400,GCJ2026,1800,1787662066
GC,1771862400,1771864200,GCJ2026,1800,1787662076
GC,1771864200,1771866000,GCJ2026,1800,1787662086
GC,1771866000,1771867800,GCJ2026,1800,1787662096
GC,1771867800,1771869600,GCJ2026,1800,1787662106
GC,1771869600,1771871400,GCJ2026,1800,1787662116
GC,1771871400,1771873200,GCJ2026,1800,1787662126
GC,1771873200,1771875000,GCJ2026,1800,1787662136
GC,1771875000,1771876800,GCJ2026,1800,1787662146
GC,1771876800,1771878600,GCJ2026,1800,1787662156
GC,1771878600,1771880400,GCJ2026,1800,1787662166
GC,1771880400,1771882200,GCJ2026,1800,1787662176
GC,1771882200,1771884000,GCJ2026,1800,1787662186
GC,1771887600,1771889400,GCJ2026,1800,1787662196
GC,1771889400,1771891200,GCJ2026,1800,1787662206
GC,1771891200,1771893000,GCJ2026,1800,1787662216
GC,1771893000,1771894800,GCJ2026,1800,1787662226
GC,1771894800,1771896600,GCJ2026,1800,1787662237
GC,1771896600,1771898400,GCJ2026,1800,1787662246
GC,1771898400,1771900200,GCJ2026,1800,1787662256
GC,1771900200,1771902000,GCJ2026,1800,1787662266
GC,1771902000,1771903800,GCJ2026,1800,1787662276
GC,1771903800,1771905600,GCJ2026,1800,1787662286
GC,1771905600,1771907400,GCJ2026,1800,1787662296
GC,1771907400,1771909200,GCJ2026,1800,1787662306
GC,1771909200,1771911000,GCJ2026,1800,1787662316
GC,1771911000,1771912800,GCJ2026,1800,1787662326
GC,1771912800,1771914600,GCJ2026,1800,1787662352
GC,1771914600,1771916400,GCJ2026,1800,1787662362
GC,1771916400,1771918200,GCJ2026,1800,1787662372
GC,1771918200,1771920000,GCJ2026,1800,1787662382
GC,1771920000,1771921800,GCJ2026,1800,1787662392
GC,1771921800,1771923600,GCJ2026,1800,1787662402
GC,1771923600,1771925400,GCJ2026,1800,1787662412
GC,1771925400,1771927200,GCJ2026,1800,1787662422
GC,1771927200,1771929000,GCJ2026,1800,1787662432
GC,1771929000,1771930800,GCJ2026,1800,1787662442
GC,1771930800,1771932600,GCJ2026,1800,1787662452
GC,1771932600,1771934400,GCJ2026,1800,1787662462
GC,1771934400,1771936200,GCJ2026,1800,1787662472
GC,1771936200,1771938000,GCJ2026,1800,1787662482
GC,1771938000,1771939800,GCJ2026,1800,1787662492
GC,1771939800,1771941600,GCJ2026,1800,1787662502
GC,1771941600,1771943400,GCJ2026,1800,1787662512
GC,1771943400,1771945200,GCJ2026,1800,1787662524
GC,1771945200,1771947000,GCJ2026,1800,1787662533
GC,1771947000,1771948800,GCJ2026,1800,1787662543
GC,1771948800,1771950600,GCJ2026,1800,1787662552
GC,1771950600,1771952400,GCJ2026,1800,1787662562
GC,1771952400,1771954200,GCJ2026,1800,1787662572
GC,1771954200,1771956000,GCJ2026,1800,1787662582
GC,1771956000,1771957800,GCJ2026,1800,1787662592
GC,1771957800,1771959600,GCJ2026,1800,1787662602
GC,1771959600,1771961400,GCJ2026,1800,1787662612
GC,1771961400,1771963200,GCJ2026,1800,1787662622
GC,1771963200,1771965000,GCJ2026,1800,1787662632
GC,1771965000,1771966800,GCJ2026,1800,1787662642
GC,1771966800,1771968600,GCJ2026,1800,1787662652
GC,1771968600,1771970400,GCJ2026,1800,1787662662
GC,1771974000,1771975800,GCJ2026,1800,1787662672
GC,1771975800,1771977600,GCJ2026,1800,1787662682
GC,1771977600,1771979400,GCJ2026,1800,1787662692
GC,1771979400,1771981200,GCJ2026,1800,1787662702
GC,1771981200,1771983000,GCJ2026,1800,1787662712
GC,1771983000,1771984800,GCJ2026,1800,1787662722
GC,1771984800,1771986600,GCJ2026,1800,1787662732
GC,1771986600,1771988400,GCJ2026,1800,1787662742
GC,1771988400,1771990200,GCJ2026,1800,1787662752
GC,1771990200,1771992000,GCJ2026,1800,1787662762
GC,1771992000,1771993800,GCJ2026,1800,1787662772
GC,1771993800,1771995600,GCJ2026,1800,1787662782
GC,1771995600,1771997400,GCJ2026,1800,1787662792
GC,1771997400,1771999200,GCJ2026,1800,1787662802
GC,1771999200,1772001000,GCJ2026,1800,1787662812
GC,1772001000,1772002800,GCJ2026,1800,1787662822
GC,1772002800,1772004600,GCJ2026,1800,1787662832
GC,1772004600,1772006400,GCJ2026,1800,1787662842
GC,1772006400,1772008200,GCJ2026,1800,1787662852
GC,1772008200,1772010000,GCJ2026,1800,1787662862
GC,1772010000,1772011800,GCJ2026,1800,1787662872
GC,1772011800,1772013600,GCJ2026,1800,1787662882
GC,1772013600,1772015400,GCJ2026,1800,1787662892
GC,1772015400,1772017200,GCJ2026,1800,1787662902
GC,1772017200,1772019000,GCJ2026,1800,1787662912
GC,1772019000,1772020800,GCJ2026,1800,1787662922
GC,1772020800,1772022600,GCJ2026,1800,1787662932
GC,1772022600,1772024400,GCJ2026,1800,1787662942
GC,1772024400,1772026200,GCJ2026,1800,1787662967
GC,1772026200,1772028000,GCJ2026,1800,1787662977
GC,1772028000,1772029800,GCJ2026,1800,1787662987
GC,1772029800,1772031600,GCJ2026,1800,1787662997
GC,1772031600,1772033400,GCJ2026,1800,1787663007
GC,1772033400,1772035200,GCJ2026,1800,1787663017
GC,1772035200,1772037000,GCJ2026,1800,1787663027
GC,1772037000,1772038800,GCJ2026,1800,1787663037
GC,1772038800,1772040600,GCJ2026,1800,1787663047
GC,1772040600,1772042400,GCJ2026,1800,1787663057
GC,1772042400,1772044200,GCJ2026,1800,1787663067
GC,1772044200,1772046000,GCJ2026,1800,1787663077
GC,1772046000,1772047800,GCJ2026,1800,1787663087
GC,1772047800,1772049600,GCJ2026,1800,1787663097
GC,1772049600,1772051400,GCJ2026,1800,1787663107
GC,1772051400,1772053200,GCJ2026,1800,1787663117
GC,1772053200,1772055000,GCJ2026,1800,1787663127
GC,1772055000,1772056800,GCJ2026,1800,1787663137
GC,1772060400,1772062200,GCJ2026,1800,1787663147
GC,1772062200,1772064000,GCJ2026,1800,1787663157
GC,1772064000,1772065800,GCJ2026,1800,1787663167
GC,1772065800,1772067600,GCJ2026,1800,1787663177
GC,1772067600,1772069400,GCJ2026,1800,1787663187
GC,1772069400,1772071200,GCJ2026,1800,1787663197
GC,1772071200,1772073000,GCJ2026,1800,1787663207
GC,1772073000,1772074800,GCJ2026,1800,1787663217
GC,1772074800,1772076600,GCJ2026,1800,1787663227
GC,1772076600,1772078400,GCJ2026,1800,1787663237
GC,1772078400,1772080200,GCJ2026,1800,1787663247
GC,1772080200,1772082000,GCJ2026,1800,1787663257
GC,1772082000,1772083800,GCJ2026,1800,1787663267
GC,1772083800,1772085600,GCJ2026,1800,1787663277
GC,1772085600,1772087400,GCJ2026,1800,1787663287
GC,1772087400,1772089200,GCJ2026,1800,1787663297
GC,1772089200,1772091000,GCJ2026,1800,1787663307
GC,1772091000,1772092800,GCJ2026,1800,1787663317
GC,1772092800,1772094600,GCJ2026,1800,1787663327
GC,1772094600,1772096400,GCJ2026,1800,1787663337
GC,1772096400,1772098200,GCJ2026,1800,1787663347
GC,1772098200,1772100000,GCJ2026,1800,1787663357
GC,1772100000,1772101800,GCJ2026,1800,1787663367
GC,1772101800,1772103600,GCJ2026,1800,1787663377
GC,1772103600,1772105400,GCJ2026,1800,1787663387
GC,1772105400,1772107200,GCJ2026,1800,1787663397
GC,1772107200,1772109000,GCJ2026,1800,1787663407
GC,1772109000,1772110800,GCJ2026,1800,1787663417
GC,1772110800,1772112600,GCJ2026,1800,1787663427
GC,1772112600,1772114400,GCJ2026,1800,1787663437
GC,1772114400,1772116200,GCJ2026,1800,1787663447
GC,1772116200,1772118000,GCJ2026,1800,1787663457
GC,1772118000,1772119800,GCJ2026,1800,1787663467
GC,1772119800,1772121600,GCJ2026,1800,1787663477
GC,1772121600,1772123400,GCJ2026,1800,1787663487
GC,1772123400,1772125200,GCJ2026,1800,1787663497
GC,1772125200,1772127000,GCJ2026,1800,1787663507
GC,1772127000,1772128800,GCJ2026,1800,1787663517
GC,1772128800,1772130600,GCJ2026,1800,1787663527
GC,1772130600,1772132400,GCJ2026,1800,1787663537
GC,1772132400,1772134200,GCJ2026,1800,1787663547
GC,1772134200,1772136000,GCJ2026,1800,1787663557
GC,1772136000,1772137800,GCJ2026,1800,1787663567
GC,1772137800,1772139600,GCJ2026,1800,1787663577
GC,1772139600,1772141400,GCJ2026,1800,1787663587
GC,1772141400,1772143200,GCJ2026,1800,1787663597
GC,1772146800,1772148600,GCJ2026,1800,1787663607
GC,1772148600,1772150400,GCJ2026,1800,1787663617
GC,1772150400,1772152200,GCJ2026,1800,1787663627
GC,1772152200,1772154000,GCJ2026,1800,1787663637
GC,1772154000,1772155800,GCJ2026,1800,1787663647
GC,1772155800,1772157600,GCJ2026,1800,1787663657
GC,1772157600,1772159400,GCJ2026,1800,1787663667
GC,1772159400,1772161200,GCJ2026,1800,1787663677
GC,1772161200,1772163000,GCJ2026,1800,1787663687
GC,1772163000,1772164800,GCJ2026,1800,1787663697
GC,1772164800,1772166600,GCJ2026,1800,1787663707
GC,1772166600,1772168400,GCJ2026,1800,1787663717
GC,1772168400,1772170200,GCJ2026,1800,1787663727
GC,1772170200,1772172000,GCJ2026,1800,1787663737
GC,1772172000,1772173800,GCJ2026,1800,1787663747
GC,1772173800,1772175600,GCJ2026,1800,1787663757
GC,1772175600,1772177400,GCJ2026,1800,1787663767
GC,1772177400,1772179200,GCJ2026,1800,1787663777
GC,1772179200,1772181000,GCJ2026,1800,1787663787
GC,1772181000,1772182800,GCJ2026,1800,1787663797
GC,1772182800,1772184600,GCJ2026,1800,1787663807
GC,1772184600,1772186400,GCJ2026,1800,1787663817
GC,1772186400,1772188200,GCJ2026,1800,1787663827
GC,1772188200,1772190000,GCJ2026,1800,1787663837
GC,1772190000,1772191800,GCJ2026,1800,1787663847
GC,1772191800,1772193600,GCJ2026,1800,1787663857
GC,1772193600,1772195400,GCJ2026,1800,1787663867
GC,1772195400,1772197200,GCJ2026,1800,1787663877
GC,1772197200,1772199000,GCJ2026,1800,1787663887
GC,1772199000,1772200800,GCJ2026,1800,1787663897
GC,1772200800,1772202600,GCJ2026,1800,1787663907
GC,1772202600,1772204400,GCJ2026,1800,1787663917
GC,1772204400,1772206200,GCJ2026,1800,1787663927
GC,1772206200,1772208000,GCJ2026,1800,1787663937
GC,1772208000,1772209800,GCJ2026,1800,1787663947
GC,1772209800,1772211600,GCJ2026,1800,1787663957
GC,1772211600,1772213400,GCJ2026,1800,1787663967
GC,1772213400,1772215200,GCJ2026,1800,1787663977
GC,1772215200,1772217000,GCJ2026,1800,1787663987
GC,1772217000,1772218800,GCJ2026,1800,1787663997
GC,1772218800,1772220600,GCJ2026,1800,1787664007
GC,1772220600,1772222400,GCJ2026,1800,1787664017
GC,1772222400,1772224200,GCJ2026,1800,1787664027
GC,1772224200,1772226000,GCJ2026,1800,1787664037
GC,1772226000,1772227800,GCJ2026,1800,1787664047
GC,1772227800,1772229600,GCJ2026,1800,1787664057
GC,1772406000,1772407800,GCJ2026,1800,1787664067
GC,1772407800,1772409600,GCJ2026,1800,1787664077
GC,1772409600,1772411400,GCJ2026,1800,1787664087
GC,1772411400,1772413200,GCJ2026,1800,1787664097
GC,1772413200,1772415000,GCJ2026,1800,1787664107
GC,1772415000,1772416800,GCJ2026,1800,1787664117
GC,1772416800,1772418600,GCJ2026,1800,1787664127
GC,1772418600,1772420400,GCJ2026,1800,1787664137
GC,1772420400,1772422200,GCJ2026,1800,1787664147
GC,1772422200,1772424000,GCJ2026,1800,1787664157
GC,1772424000,1772425800,GCJ2026,1800,1787664182
GC,1772425800,1772427600,GCJ2026,1800,1787664192
GC,1772427600,1772429400,GCJ2026,1800,1787664202
GC,1772429400,1772431200,GCJ2026,1800,1787664212
GC,1772431200,1772433000,GCJ2026,1800,1787664222
GC,1772433000,1772434800,GCJ2026,1800,1787664232
GC,1772434800,1772436600,GCJ2026,1800,1787664242
GC,1772436600,1772438400,GCJ2026,1800,1787664252
GC,1772438400,1772440200,GCJ2026,1800,1787664263
GC,1772440200,1772442000,GCJ2026,1800,1787664272
GC,1772442000,1772443800,GCJ2026,1800,1787664283
GC,1772443800,1772445600,GCJ2026,1800,1787664292
GC,1772445600,1772447400,GCJ2026,1800,1787664302
GC,1772447400,1772449200,GCJ2026,1800,1787664312
GC,1772449200,1772451000,GCJ2026,1800,1787664322
GC,1772451000,1772452800,GCJ2026,1800,1787664332
GC,1772452800,1772454600,GCJ2026,1800,1787664342
GC,1772454600,1772456400,GCJ2026,1800,1787664352
GC,1772456400,1772458200,GCJ2026,1800,1787664362
GC,1772458200,1772460000,GCJ2026,1800,1787664372
GC,1772460000,1772461800,GCJ2026,1800,1787664382
GC,1772461800,1772463600,GCJ2026,1800,1787664392
GC,1772463600,1772465400,GCJ2026,1800,1787664402
GC,1772465400,1772467200,GCJ2026,1800,1787664412
GC,1772467200,1772469000,GCJ2026,1800,1787664422
GC,1772469000,1772470800,GCJ2026,1800,1787664432
GC,1772470800,1772472600,GCJ2026,1800,1787664442
GC,1772472600,1772474400,GCJ2026,1800,1787664452
GC,1772474400,1772476200,GCJ2026,1800,1787664462
GC,1772476200,1772478000,GCJ2026,1800,1787664472
GC,1772478000,1772479800,GCJ2026,1800,1787664482
GC,1772479800,1772481600,GCJ2026,1800,1787664492
GC,1772481600,1772483400,GCJ2026,1800,1787664502
GC,1772483400,1772485200,GCJ2026,1800,1787664512
GC,1772485200,1772487000,GCJ2026,1800,1787664522
GC,1772487000,1772488800,GCJ2026,1800,1787664532
GC,1772492400,1772494200,GCJ2026,1800,1787664542
GC,1772494200,1772496000,GCJ2026,1800,1787664552
GC,1772496000,1772497800,GCJ2026,1800,1787664562
GC,1772497800,1772499600,GCJ2026,1800,1787664572
GC,1772499600,1772501400,GCJ2026,1800,1787664582
GC,1772501400,1772503200,GCJ2026,1800,1787664592
GC,1772503200,1772505000,GCJ2026,1800,1787664602
GC,1772505000,1772506800,GCJ2026,1800,1787664612
GC,1772506800,1772508600,GCJ2026,1800,1787664622
GC,1772508600,1772510400,GCJ2026,1800,1787664632
GC,1772510400,1772512200,GCJ2026,1800,1787664642
GC,1772512200,1772514000,GCJ2026,1800,1787664652
GC,1772514000,1772515800,GCJ2026,1800,1787664662
GC,1772515800,1772517600,GCJ2026,1800,1787664672
GC,1772517600,1772519400,GCJ2026,1800,1787664682
GC,1772519400,1772521200,GCJ2026,1800,1787664692
GC,1772521200,1772523000,GCJ2026,1800,1787664702
GC,1772523000,1772524800,GCJ2026,1800,1787664712
GC,1772524800,1772526600,GCJ2026,1800,1787664722
GC,1772526600,1772528400,GCJ2026,1800,1787664732
GC,1772528400,1772530200,GCJ2026,1800,1787664745
GC,1772530200,1772532000,GCJ2026,1800,1787664767
GC,1772532000,1772533800,GCJ2026,1800,1787664768
GC,1772533800,1772535600,GCJ2026,1800,1787664779
GC,1772535600,1772537400,GCJ2026,1800,1787664788
GC,1772537400,1772539200,GCJ2026,1800,1787664798
GC,1772539200,1772541000,GCJ2026,1800,1787664808
GC,1772541000,1772542800,GCJ2026,1800,1787664818
GC,1772542800,1772544600,GCJ2026,1800,1787664828
GC,1772544600,1772546400,GCJ2026,1800,1787664838
GC,1772546400,1772548200,GCJ2026,1800,1787664848
GC,1772548200,1772550000,GCJ2026,1800,1787664858
GC,1772550000,1772551800,GCJ2026,1800,1787664868
GC,1772551800,1772553600,GCJ2026,1800,1787664878
GC,1772553600,1772555400,GCJ2026,1800,1787664888
GC,1772555400,1772557200,GCJ2026,1800,1787664898
GC,1772557200,1772559000,GCJ2026,1800,1787664908
GC,1772559000,1772560800,GCJ2026,1800,1787664918
GC,1772560800,1772562600,GCJ2026,1800,1787664928
GC,1772562600,1772564400,GCJ2026,1800,1787664938
GC,1772564400,1772566200,GCJ2026,1800,1787664948
GC,1772566200,1772568000,GCJ2026,1800,1787664958
GC,1772568000,1772569800,GCJ2026,1800,1787664968
GC,1772569800,1772571600,GCJ2026,1800,1787664978
GC,1772571600,1772573400,GCJ2026,1800,1787664988
GC,1772573400,1772575200,GCJ2026,1800,1787664998
GC,1772578800,1772580600,GCJ2026,1800,1787665008
GC,1772580600,1772582400,GCJ2026,1800,1787665018
GC,1772582400,1772584200,GCJ2026,1800,1787665028
GC,1772584200,1772586000,GCJ2026,1800,1787665038
GC,1772586000,1772587800,GCJ2026,1800,1787665048
GC,1772587800,1772589600,GCJ2026,1800,1787665058
GC,1772589600,1772591400,GCJ2026,1800,1787665068
GC,1772591400,1772593200,GCJ2026,1800,1787665077
GC,1772593200,1772595000,GCJ2026,1800,1787665088
GC,1772595000,1772596800,GCJ2026,1800,1787665098
GC,1772596800,1772598600,GCJ2026,1800,1787665108
GC,1772598600,1772600400,GCJ2026,1800,1787665118
GC,1772600400,1772602200,GCJ2026,1800,1787665128
GC,1772602200,1772604000,GCJ2026,1800,1787665138
GC,1772604000,1772605800,GCJ2026,1800,1787665148
GC,1772605800,1772607600,GCJ2026,1800,1787665158
GC,1772607600,1772609400,GCJ2026,1800,1787665168
GC,1772609400,1772611200,GCJ2026,1800,1787665178
GC,1772611200,1772613000,GCJ2026,1800,1787665188
GC,1772613000,1772614800,GCJ2026,1800,1787665198
GC,1772614800,1772616600,GCJ2026,1800,1787665208
GC,1772616600,1772618400,GCJ2026,1800,1787665218
GC,1772618400,1772620200,GCJ2026,1800,1787665228
GC,1772620200,1772622000,GCJ2026,1800,1787665238
GC,1772622000,1772623800,GCJ2026,1800,1787665248
GC,1772623800,1772625600,GCJ2026,1800,1787665258
GC,1772625600,1772627400,GCJ2026,1800,1787665268
GC,1772627400,1772629200,GCJ2026,1800,1787665278
GC,1772629200,1772631000,GCJ2026,1800,1787665288
GC,1772631000,1772632800,GCJ2026,1800,1787665298
GC,1772632800,1772634600,GCJ2026,1800,1787665308
GC,1772634600,1772636400,GCJ2026,1800,1787665318
GC,1772636400,1772638200,GCJ2026,1800,1787665328
GC,1772638200,1772640000,GCJ2026,1800,1787665338
GC,1772640000,1772641800,GCJ2026,1800,1787665348
GC,1772641800,1772643600,GCJ2026,1800,1787665358
GC,1772643600,1772645400,GCJ2026,1800,1787665368
GC,1772645400,1772647200,GCJ2026,1800,1787665378
GC,1772647200,1772649000,GCJ2026,1800,1787665388
GC,1772649000,1772650800,GCJ2026,1800,1787665398
GC,1772650800,1772652600,GCJ2026,1800,1787665408
GC,1772652600,1772654400,GCJ2026,1800,1787665418
GC,1772654400,1772656200,GCJ2026,1800,1787665428
GC,1772656200,1772658000,GCJ2026,1800,1787665438
GC,1772658000,1772659800,GCJ2026,1800,1787665448
GC,1772659800,1772661600,GCJ2026,1800,1787665458
GC,1772665200,1772667000,GCJ2026,1800,1787665468
GC,1772667000,1772668800,GCJ2026,1800,1787665478
GC,1772668800,1772670600,GCJ2026,1800,1787665488
GC,1772670600,1772672400,GCJ2026,1800,1787665497
GC,1772672400,1772674200,GCJ2026,1800,1787665508
GC,1772674200,1772676000,GCJ2026,1800,1787665518
GC,1772676000,1772677800,GCJ2026,1800,1787665528
GC,1772677800,1772679600,GCJ2026,1800,1787665538
GC,1772679600,1772681400,GCJ2026,1800,1787665548
GC,1772681400,1772683200,GCJ2026,1800,1787665558
GC,1772683200,1772685000,GCJ2026,1800,1787665568
GC,1772685000,1772686800,GCJ2026,1800,1787665578
GC,1772686800,1772688600,GCJ2026,1800,1787665588
GC,1772688600,1772690400,GCJ2026,1800,1787665598
GC,1772690400,1772692200,GCJ2026,1800,1787665608
GC,1772692200,1772694000,GCJ2026,1800,1787665618
GC,1772694000,1772695800,GCJ2026,1800,1787665628
GC,1772695800,1772697600,GCJ2026,1800,1787665638
GC,1772697600,1772699400,GCJ2026,1800,1787665648
GC,1772699400,1772701200,GCJ2026,1800,1787665658
GC,1772701200,1772703000,GCJ2026,1800,1787665668
GC,1772703000,1772704800,GCJ2026,1800,1787665678
GC,1772704800,1772706600,GCJ2026,1800,1787665688
GC,1772706600,1772708400,GCJ2026,1800,1787665698
GC,1772708400,1772710200,GCJ2026,1800,1787665708
GC,1772710200,1772712000,GCJ2026,1800,1787665718
GC,1772712000,1772713800,GCJ2026,1800,1787665728
GC,1772713800,1772715600,GCJ2026,1800,1787665738
GC,1772715600,1772717400,GCJ2026,1800,1787665748
GC,1772717400,1772719200,GCJ2026,1800,1787665758
GC,1772719200,1772721000,GCJ2026,1800,1787665768
GC,1772721000,1772722800,GCJ2026,1800,1787665778
GC,1772722800,1772724600,GCJ2026,1800,1787665788
GC,1772724600,1772726400,GCJ2026,1800,1787665798
GC,1772726400,1772728200,GCJ2026,1800,1787665808
GC,1772728200,1772730000,GCJ2026,1800,1787665818
GC,1772730000,1772731800,GCJ2026,1800,1787665828
GC,1772731800,1772733600,GCJ2026,1800,1787665838
GC,1772733600,1772735400,GCJ2026,1800,1787665848
GC,1772735400,1772737200,GCJ2026,1800,1787665858
GC,1772737200,1772739000,GCJ2026,1800,1787665868
GC,1772739000,1772740800,GCJ2026,1800,1787665878
GC,1772740800,1772742600,GCJ2026,1800,1787665888
GC,1772742600,1772744400,GCJ2026,1800,1787665898
GC,1772744400,1772746200,GCJ2026,1800,1787665908
GC,1772746200,1772748000,GCJ2026,1800,1787665918
GC,1772751600,1772753400,GCJ2026,1800,1787665928
GC,1772753400,1772755200,GCJ2026,1800,1787665938
GC,1772755200,1772757000,GCJ2026,1800,1787665948
GC,1772757000,1772758800,GCJ2026,1800,1787665958
GC,1772758800,1772760600,GCJ2026,1800,1787665968
GC,1772760600,1772762400,GCJ2026,1800,1787665978
GC,1772762400,1772764200,GCJ2026,1800,1787665988
GC,1772764200,1772766000,GCJ2026,1800,1787665998
GC,1772766000,1772767800,GCJ2026,1800,1787666008
GC,1772767800,1772769600,GCJ2026,1800,1787666018
GC,1772769600,1772771400,GCJ2026,1800,1787666028
GC,1772771400,1772773200,GCJ2026,1800,1787666038
GC,1772773200,1772775000,GCJ2026,1800,1787666048
GC,1772775000,1772776800,GCJ2026,1800,1787666058
GC,1772776800,1772778600,GCJ2026,1800,1787666068
GC,1772778600,1772780400,GCJ2026,1800,1787666078
GC,1772780400,1772782200,GCJ2026,1800,1787666088
GC,1772782200,1772784000,GCJ2026,1800,1787666098
GC,1772784000,1772785800,GCJ2026,1800,1787666108
GC,1772785800,1772787600,GCJ2026,1800,1787666118
GC,1772787600,1772789400,GCJ2026,1800,1787666128
GC,1772789400,1772791200,GCJ2026,1800,1787666138
GC,1772791200,1772793000,GCJ2026,1800,1787666148
GC,1772793000,1772794800,GCJ2026,1800,1787666158
GC,1772794800,1772796600,GCJ2026,1800,1787666168
GC,1772796600,1772798400,GCJ2026,1800,1787666178
GC,1772798400,1772800200,GCJ2026,1800,1787666188
GC,1772800200,1772802000,GCJ2026,1800,1787666198
GC,1772802000,1772803800,GCJ2026,1800,1787666208
GC,1772803800,1772805600,GCJ2026,1800,1787666218
GC,1772805600,1772807400,GCJ2026,1800,1787666228
GC,1772807400,1772809200,GCJ2026,1800,1787666238
GC,1772809200,1772811000,GCJ2026,1800,1787666248
GC,1772811000,1772812800,GCJ2026,1800,1787666258
GC,1772812800,1772814600,GCJ2026,1800,1787666268
GC,1772814600,1772816400,GCJ2026,1800,1787666278
GC,1772816400,1772818200,GCJ2026,1800,1787666288
GC,1772818200,1772820000,GCJ2026,1800,1787666298
GC,1772820000,1772821800,GCJ2026,1800,1787666308
GC,1772821800,1772823600,GCJ2026,1800,1787666318
GC,1772823600,1772825400,GCJ2026,1800,1787666328
GC,1772825400,1772827200,GCJ2026,1800,1787666338
GC,1772827200,1772829000,GCJ2026,1800,1787666348
GC,1772829000,1772830800,GCJ2026,1800,1787666358
GC,1772830800,1772832600,GCJ2026,1800,1787666368
GC,1772832600,1772834400,GCJ2026,1800,1787666378
GC,1773007200,1773009000,GCJ2026,1800,1787666388
GC,1773009000,1773010800,GCJ2026,1800,1787666398
GC,1773010800,1773012600,GCJ2026,1800,1787666408
GC,1773012600,1773014400,GCJ2026,1800,1787666418
GC,1773014400,1773016200,GCJ2026,1800,1787666428
GC,1773016200,1773018000,GCJ2026,1800,1787666438
GC,1773018000,1773019800,GCJ2026,1800,1787666448
GC,1773019800,1773021600,GCJ2026,1800,1787666458
GC,1773021600,1773023400,GCJ2026,1800,1787666468
GC,1773023400,1773025200,GCJ2026,1800,1787666478
GC,1773025200,1773027000,GCJ2026,1800,1787666488
GC,1773027000,1773028800,GCJ2026,1800,1787666498
GC,1773028800,1773030600,GCJ2026,1800,1787666508
GC,1773030600,1773032400,GCJ2026,1800,1787666518
GC,1773032400,1773034200,GCJ2026,1800,1787666528
GC,1773034200,1773036000,GCJ2026,1800,1787666538
GC,1773036000,1773037800,GCJ2026,1800,1787666548
GC,1773037800,1773039600,GCJ2026,1800,1787666558
GC,1773039600,1773041400,GCJ2026,1800,1787666568
GC,1773041400,1773043200,GCJ2026,1800,1787666578
GC,1773043200,1773045000,GCJ2026,1800,1787666588
GC,1773045000,1773046800,GCJ2026,1800,1787666598
GC,1773046800,1773048600,GCJ2026,1800,1787666608
GC,1773048600,1773050400,GCJ2026,1800,1787666618
GC,1773050400,1773052200,GCJ2026,1800,1787666628
GC,1773052200,1773054000,GCJ2026,1800,1787666638
GC,1773054000,1773055800,GCJ2026,1800,1787666648
GC,1773055800,1773057600,GCJ2026,1800,1787666658
GC,1773057600,1773059400,GCJ2026,1800,1787666668
GC,1773059400,1773061200,GCJ2026,1800,1787666678
GC,1773061200,1773063000,GCJ2026,1800,1787666688
GC,1773063000,1773064800,GCJ2026,1800,1787666698
GC,1773064800,1773066600,GCJ2026,1800,1787666708
GC,1773066600,1773068400,GCJ2026,1800,1787666718
GC,1773068400,1773070200,GCJ2026,1800,1787666728
GC,1773070200,1773072000,GCJ2026,1800,1787666738
GC,1773072000,1773073800,GCJ2026,1800,1787666748
GC,1773073800,1773075600,GCJ2026,1800,1787666758
GC,1773075600,1773077400,GCJ2026,1800,1787666768
GC,1773077400,1773079200,GCJ2026,1800,1787666778
GC,1773079200,1773081000,GCJ2026,1800,1787666788
GC,1773081000,1773082800,GCJ2026,1800,1787666798
GC,1773082800,1773084600,GCJ2026,1800,1787666808
GC,1773084600,1773086400,GCJ2026,1800,1787666818
GC,1773086400,1773088200,GCJ2026,1800,1787666828
GC,1773088200,1773090000,GCJ2026,1800,1787666838
GC,1773093600,1773095400,GCJ2026,1800,1787666848
GC,1773095400,1773097200,GCJ2026,1800,1787666858
GC,1773097200,1773099000,GCJ2026,1800,1787666868
GC,1773099000,1773100800,GCJ2026,1800,1787666878
GC,1773100800,1773102600,GCJ2026,1800,1787666888
GC,1773102600,1773104400,GCJ2026,1800,1787666898
GC,1773104400,1773106200,GCJ2026,1800,1787666908
GC,1773106200,1773108000,GCJ2026,1800,1787666918
GC,1773108000,1773109800,GCJ2026,1800,1787666928
GC,1773109800,1773111600,GCJ2026,1800,1787666938
GC,1773111600,1773113400,GCJ2026,1800,1787666948
GC,1773113400,1773115200,GCJ2026,1800,1787666958
GC,1773115200,1773117000,GCJ2026,1800,1787666968
GC,1773117000,1773118800,GCJ2026,1800,1787666978
GC,1773118800,1773120600,GCJ2026,1800,1787666988
GC,1773120600,1773122400,GCJ2026,1800,1787666998
GC,1773122400,1773124200,GCJ2026,1800,1787667008
GC,1773124200,1773126000,GCJ2026,1800,1787667018
GC,1773126000,1773127800,GCJ2026,1800,1787667028
GC,1773127800,1773129600,GCJ2026,1800,1787667038
GC,1773129600,1773131400,GCJ2026,1800,1787667048
GC,1773131400,1773133200,GCJ2026,1800,1787667058
GC,1773133200,1773135000,GCJ2026,1800,1787667068
GC,1773135000,1773136800,GCJ2026,1800,1787667078
GC,1773136800,1773138600,GCJ2026,1800,1787667088
GC,1773138600,1773140400,GCJ2026,1800,1787667098
GC,1773140400,1773142200,GCJ2026,1800,1787667108
GC,1773142200,1773144000,GCJ2026,1800,1787667118
GC,1773144000,1773145800,GCJ2026,1800,1787667128
GC,1773145800,1773147600,GCJ2026,1800,1787667138
GC,1773147600,1773149400,GCJ2026,1800,1787667148
GC,1773149400,1773151200,GCJ2026,1800,1787667158
GC,1773151200,1773153000,GCJ2026,1800,1787667168
GC,1773153000,1773154800,GCJ2026,1800,1787667178
GC,1773154800,1773156600,GCJ2026,1800,1787667188
GC,1773156600,1773158400,GCJ2026,1800,1787667198
GC,1773158400,1773160200,GCJ2026,1800,1787667208
GC,1773160200,1773162000,GCJ2026,1800,1787667218
GC,1773162000,1773163800,GCJ2026,1800,1787667228
GC,1773163800,1773165600,GCJ2026,1800,1787667238
GC,1773165600,1773167400,GCJ2026,1800,1787667248
GC,1773167400,1773169200,GCJ2026,1800,1787667258
GC,1773169200,1773171000,GCJ2026,1800,1787667268
GC,1773171000,1773172800,GCJ2026,1800,1787667278
GC,1773172800,1773174600,GCJ2026,1800,1787667288
GC,1773174600,1773176400,GCJ2026,1800,1787667298
GC,1773180000,1773181800,GCJ2026,1800,1787667308
GC,1773181800,1773183600,GCJ2026,1800,1787667318
GC,1773183600,1773185400,GCJ2026,1800,1787667328
GC,1773185400,1773187200,GCJ2026,1800,1787667338
GC,1773187200,1773189000,GCJ2026,1800,1787667348
GC,1773189000,1773190800,GCJ2026,1800,1787667358
GC,1773190800,1773192600,GCJ2026,1800,1787667368
GC,1773192600,1773194400,GCJ2026,1800,1787667378
GC,1773194400,1773196200,GCJ2026,1800,1787667388
GC,1773196200,1773198000,GCJ2026,1800,1787667398
GC,1773198000,1773199800,GCJ2026,1800,1787667408
GC,1773199800,1773201600,GCJ2026,1800,1787667418
GC,1773201600,1773203400,GCJ2026,1800,1787667428
GC,1773203400,1773205200,GCJ2026,1800,1787667438
GC,1773205200,1773207000,GCJ2026,1800,1787667448
GC,1773207000,1773208800,GCJ2026,1800,1787667458
GC,1773208800,1773210600,GCJ2026,1800,1787667468
GC,1773210600,1773212400,GCJ2026,1800,1787667478
GC,1773212400,1773214200,GCJ2026,1800,1787667488
GC,1773214200,1773216000,GCJ2026,1800,1787667498
GC,1773216000,1773217800,GCJ2026,1800,1787667508
GC,1773217800,1773219600,GCJ2026,1800,1787667518
GC,1773219600,1773221400,GCJ2026,1800,1787667528
GC,1773221400,1773223200,GCJ2026,1800,1787667538
GC,1773223200,1773225000,GCJ2026,1800,1787667548
GC,1773225000,1773226800,GCJ2026,1800,1787667558
GC,1773226800,1773228600,GCJ2026,1800,1787667568
GC,1773228600,1773230400,GCJ2026,1800,1787667578
GC,1773230400,1773232200,GCJ2026,1800,1787667588
GC,1773232200,1773234000,GCJ2026,1800,1787667598
GC,1773234000,1773235800,GCJ2026,1800,1787667608
GC,1773235800,1773237600,GCJ2026,1800,1787667618
GC,1773237600,1773239400,GCJ2026,1800,1787667628
GC,1773239400,1773241200,GCJ2026,1800,1787667638
GC,1773241200,1773243000,GCJ2026,1800,1787667648
GC,1773243000,1773244800,GCJ2026,1800,1787667658
GC,1773244800,1773246600,GCJ2026,1800,1787667668
GC,1773246600,1773248400,GCJ2026,1800,1787667678
GC,1773248400,1773250200,GCJ2026,1800,1787667688
GC,1773250200,1773252000,GCJ2026,1800,1787667698
GC,1773252000,1773253800,GCJ2026,1800,1787667708
GC,1773253800,1773255600,GCJ2026,1800,1787667718
GC,1773255600,1773257400,GCJ2026,1800,1787667728
GC,1773257400,1773259200,GCJ2026,1800,1787667738
GC,1773259200,1773261000,GCJ2026,1800,1787667748
GC,1773261000,1773262800,GCJ2026,1800,1787667758
GC,1773266400,1773268200,GCJ2026,1799,1787667768
GC,1773268200,1773270000,GCJ2026,1800,1787667778
GC,1773270000,1773271800,GCJ2026,1800,1787667788
GC,1773271800,1773273600,GCJ2026,1800,1787667798
GC,1773273600,1773275400,GCJ2026,1800,1787667808
GC,1773275400,1773277200,GCJ2026,1800,1787667818
GC,1773277200,1773279000,GCJ2026,1800,1787667828
GC,1773279000,1773280800,GCJ2026,1800,1787667838
GC,1773280800,1773282600,GCJ2026,1800,1787667848
GC,1773282600,1773284400,GCJ2026,1800,1787667858
GC,1773284400,1773286200,GCJ2026,1800,1787667868
GC,1773286200,1773288000,GCJ2026,1800,1787667878
GC,1773288000,1773289800,GCJ2026,1800,1787667888
GC,1773289800,1773291600,GCJ2026,1800,1787667898
GC,1773291600,1773293400,GCJ2026,1800,1787667908
GC,1773293400,1773295200,GCJ2026,1800,1787667918
GC,1773295200,1773297000,GCJ2026,1800,1787667928
GC,1773297000,1773298800,GCJ2026,1800,1787667938
GC,1773298800,1773300600,GCJ2026,1800,1787667948
GC,1773300600,1773302400,GCJ2026,1800,1787667958
GC,1773302400,1773304200,GCJ2026,1800,1787667968
GC,1773304200,1773306000,GCJ2026,1800,1787667978
GC,1773306000,1773307800,GCJ2026,1800,1787667988
GC,1773307800,1773309600,GCJ2026,1800,1787667998
GC,1773309600,1773311400,GCJ2026,1800,1787668008
GC,1773311400,1773313200,GCJ2026,1800,1787668018
GC,1773313200,1773315000,GCJ2026,1800,1787668028
GC,1773315000,1773316800,GCJ2026,1800,1787668038
GC,1773316800,1773318600,GCJ2026,1800,1787668048
GC,1773318600,1773320400,GCJ2026,1800,1787668058
GC,1773320400,1773322200,GCJ2026,1800,1787668068
GC,1773322200,1773324000,GCJ2026,1800,1787668078
GC,1773324000,1773325800,GCJ2026,1800,1787668088
GC,1773325800,1773327600,GCJ2026,1800,1787668098
GC,1773327600,1773329400,GCJ2026,1800,1787668108
GC,1773329400,1773331200,GCJ2026,1800,1787668118
GC,1773331200,1773333000,GCJ2026,1800,1787668128
GC,1773333000,1773334800,GCJ2026,1800,1787668138
GC,1773334800,1773336600,GCJ2026,1800,1787668148
GC,1773336600,1773338400,GCJ2026,1800,1787668158
GC,1773338400,1773340200,GCJ2026,1800,1787668168
GC,1773340200,1773342000,GCJ2026,1800,1787668178
GC,1773342000,1773343800,GCJ2026,1800,1787668188
GC,1773343800,1773345600,GCJ2026,1800,1787668198
GC,1773345600,1773347400,GCJ2026,1800,1787668208
GC,1773347400,1773349200,GCJ2026,1800,1787668218
GC,1773352800,1773354600,GCJ2026,1800,1787668228
GC,1773354600,1773356400,GCJ2026,1800,1787668238
GC,1773356400,1773358200,GCJ2026,1800,1787668248
GC,1773358200,1773360000,GCJ2026,1800,1787668258
GC,1773360000,1773361800,GCJ2026,1800,1787668268
GC,1773361800,1773363600,GCJ2026,1800,1787668278
GC,1773363600,1773365400,GCJ2026,1800,1787668288
GC,1773365400,1773367200,GCJ2026,1800,1787668298
GC,1773367200,1773369000,GCJ2026,1800,1787668308
GC,1773369000,1773370800,GCJ2026,1800,1787668318
GC,1773370800,1773372600,GCJ2026,1800,1787668328
GC,1773372600,1773374400,GCJ2026,1800,1787668338
GC,1773374400,1773376200,GCJ2026,1800,1787668348
GC,1773376200,1773378000,GCJ2026,1800,1787668358
GC,1773378000,1773379800,GCJ2026,1800,1787668368
GC,1773379800,1773381600,GCJ2026,1800,1787668378
GC,1773381600,1773383400,GCJ2026,1800,1787668388
GC,1773383400,1773385200,GCJ2026,1800,1787668398
GC,1773385200,1773387000,GCJ2026,1800,1787668408
GC,1773387000,1773388800,GCJ2026,1800,1787668418
GC,1773388800,1773390600,GCJ2026,1800,1787668428
GC,1773390600,1773392400,GCJ2026,1800,1787668438
GC,1773392400,1773394200,GCJ2026,1800,1787668448
GC,1773394200,1773396000,GCJ2026,1800,1787668458
GC,1773396000,1773397800,GCJ2026,1800,1787668468
GC,1773397800,1773399600,GCJ2026,1800,1787668478
GC,1773399600,1773401400,GCJ2026,1800,1787668488
GC,1773401400,1773403200,GCJ2026,1800,1787668498
GC,1773403200,1773405000,GCJ2026,1800,1787668508
GC,1773405000,1773406800,GCJ2026,1800,1787668518
GC,1773406800,1773408600,GCJ2026,1800,1787668528
GC,1773408600,1773410400,GCJ2026,1800,1787668538
GC,1773410400,1773412200,GCJ2026,1800,1787668548
GC,1773412200,1773414000,GCJ2026,1800,1787668558
GC,1773414000,1773415800,GCJ2026,1800,1787668568
GC,1773415800,1773417600,GCJ2026,1800,1787668578
GC,1773417600,1773419400,GCJ2026,1800,1787668588
GC,1773419400,1773421200,GCJ2026,1800,1787668598
GC,1773421200,1773423000,GCJ2026,1800,1787668608
GC,1773423000,1773424800,GCJ2026,1800,1787668618
GC,1773424800,1773426600,GCJ2026,1800,1787668628
GC,1773426600,1773428400,GCJ2026,1800,1787668638
GC,1773428400,1773430200,GCJ2026,1800,1787668648
GC,1773430200,1773432000,GCJ2026,1800,1787668658
GC,1773432000,1773433800,GCJ2026,1800,1787668668
GC,1773433800,1773435600,GCJ2026,1800,1787668678
GC,1773612000,1773613800,GCJ2026,1800,1787668688
GC,1773613800,1773615600,GCJ2026,1800,1787668698
GC,1773615600,1773617400,GCJ2026,1800,1787668708
GC,1773617400,1773619200,GCJ2026,1800,1787668718
GC,1773619200,1773621000,GCJ2026,1800,1787668728
GC,1773621000,1773622800,GCJ2026,1800,1787668738
GC,1773622800,1773624600,GCJ2026,1800,1787668748
GC,1773624600,1773626400,GCJ2026,1800,1787668758
GC,1773626400,1773628200,GCJ2026,1800,1787668768
GC,1773628200,1773630000,GCJ2026,1800,1787668778
GC,1773630000,1773631800,GCJ2026,1800,1787668788
GC,1773631800,1773633600,GCJ2026,1800,1787668798
GC,1773633600,1773635400,GCJ2026,1800,1787668808
GC,1773635400,1773637200,GCJ2026,1800,1787668818
GC,1773637200,1773639000,GCJ2026,1800,1787668828
GC,1773639000,1773640800,GCJ2026,1800,1787668838
GC,1773640800,1773642600,GCJ2026,1800,1787668848
GC,1773642600,1773644400,GCJ2026,1800,1787668858
GC,1773644400,1773646200,GCJ2026,1800,1787668868
GC,1773646200,1773648000,GCJ2026,1800,1787668878
GC,1773648000,1773649800,GCJ2026,1800,1787668888
GC,1773649800,1773651600,GCJ2026,1800,1787668898
GC,1773651600,1773653400,GCJ2026,1800,1787668908
GC,1773653400,1773655200,GCJ2026,1800,1787668918
GC,1773655200,1773657000,GCJ2026,1800,1787668928
GC,1773657000,1773658800,GCJ2026,1800,1787668938
GC,1773658800,1773660600,GCJ2026,1800,1787668948
GC,1773660600,1773662400,GCJ2026,1800,1787668958
GC,1773662400,1773664200,GCJ2026,1800,1787668968
GC,1773664200,1773666000,GCJ2026,1800,1787668978
GC,1773666000,1773667800,GCJ2026,1800,1787668988
GC,1773667800,1773669600,GCJ2026,1800,1787668998
GC,1773669600,1773671400,GCJ2026,1800,1787669008
GC,1773671400,1773673200,GCJ2026,1800,1787669018
GC,1773673200,1773675000,GCJ2026,1800,1787669028
GC,1773675000,1773676800,GCJ2026,1800,1787669038
GC,1773676800,1773678600,GCJ2026,1800,1787669048
GC,1773678600,1773680400,GCJ2026,1800,1787669058
GC,1773680400,1773682200,GCJ2026,1800,1787669068
GC,1773682200,1773684000,GCJ2026,1800,1787669078
GC,1773684000,1773685800,GCJ2026,1800,1787669088
GC,1773685800,1773687600,GCJ2026,1800,1787669098
GC,1773687600,1773689400,GCJ2026,1800,1787669108
GC,1773689400,1773691200,GCJ2026,1800,1787669118
GC,1773691200,1773693000,GCJ2026,1800,1787669128
GC,1773693000,1773694800,GCJ2026,1800,1787669138
GC,1773698400,1773700200,GCJ2026,1800,1787669148
GC,1773700200,1773702000,GCJ2026,1800,1787669158
GC,1773702000,1773703800,GCJ2026,1800,1787669168
GC,1773703800,1773705600,GCJ2026,1800,1787669178
GC,1773705600,1773707400,GCJ2026,1800,1787669188
GC,1773707400,1773709200,GCJ2026,1800,1787669198
GC,1773709200,1773711000,GCJ2026,1800,1787669208
GC,1773711000,1773712800,GCJ2026,1800,1787669218
GC,1773712800,1773714600,GCJ2026,1800,1787669228
GC,1773714600,1773716400,GCJ2026,1800,1787669238
GC,1773716400,1773718200,GCJ2026,1800,1787669248
GC,1773718200,1773720000,GCJ2026,1800,1787669258
GC,1773720000,1773721800,GCJ2026,1800,1787669268
GC,1773721800,1773723600,GCJ2026,1800,1787669278
GC,1773723600,1773725400,GCJ2026,1800,1787669288
GC,1773725400,1773727200,GCJ2026,1800,1787669298
GC,1773727200,1773729000,GCJ2026,1800,1787669308
GC,1773729000,1773730800,GCJ2026,1800,1787669318
GC,1773730800,1773732600,GCJ2026,1800,1787669328
GC,1773732600,1773734400,GCJ2026,1800,1787669338
GC,1773734400,1773736200,GCJ2026,1800,1787669348
GC,1773736200,1773738000,GCJ2026,1800,1787669358
GC,1773738000,1773739800,GCJ2026,1800,1787669368
GC,1773739800,1773741600,GCJ2026,1800,1787669378
GC,1773741600,1773743400,GCJ2026,1800,1787669388
GC,1773743400,1773745200,GCJ2026,1800,1787669398
GC,1773745200,1773747000,GCJ2026,1800,1787669408
GC,1773747000,1773748800,GCJ2026,1800,1787669418
GC,1773748800,1773750600,GCJ2026,1800,1787669428
GC,1773750600,1773752400,GCJ2026,1800,1787669438
GC,1773752400,1773754200,GCJ2026,1800,1787669448
GC,1773754200,1773756000,GCJ2026,1800,1787669458
GC,1773756000,1773757800,GCJ2026,1800,1787669468
GC,1773757800,1773759600,GCJ2026,1800,1787669478
GC,1773759600,1773761400,GCJ2026,1800,1787669488
GC,1773761400,1773763200,GCJ2026,1800,1787669498
GC,1773763200,1773765000,GCJ2026,1800,1787669508
GC,1773765000,1773766800,GCJ2026,1800,1787669518
GC,1773766800,1773768600,GCJ2026,1800,1787669528
GC,1773768600,1773770400,GCJ2026,1800,1787669538
GC,1773770400,1773772200,GCJ2026,1800,1787669548
GC,1773772200,1773774000,GCJ2026,1800,1787669558
GC,1773774000,1773775800,GCJ2026,1800,1787669568
GC,1773775800,1773777600,GCJ2026,1800,1787669578
GC,1773777600,1773779400,GCJ2026,1800,1787669588
GC,1773779400,1773781200,GCJ2026,1800,1787669598
GC,1773784800,1773786600,GCJ2026,1800,1787669608
GC,1773786600,1773788400,GCJ2026,1800,1787669618
GC,1773788400,1773790200,GCJ2026,1800,1787669628
GC,1773790200,1773792000,GCJ2026,1800,1787669638
GC,1773792000,1773793800,GCJ2026,1800,1787669648
GC,1773793800,1773795600,GCJ2026,1800,1787669658
GC,1773795600,1773797400,GCJ2026,1800,1787669668
GC,1773797400,1773799200,GCJ2026,1800,1787669678
GC,1773799200,1773801000,GCJ2026,1800,1787669688
GC,1773801000,1773802800,GCJ2026,1800,1787669698
GC,1773802800,1773804600,GCJ2026,1800,1787669708
GC,1773804600,1773806400,GCJ2026,1800,1787669718
GC,1773806400,1773808200,GCJ2026,1800,1787669728
GC,1773808200,1773810000,GCJ2026,1800,1787669738
GC,1773810000,1773811800,GCJ2026,1800,1787669748
GC,1773811800,1773813600,GCJ2026,1800,1787669758
GC,1773813600,1773815400,GCJ2026,1800,1787669768
GC,1773815400,1773817200,GCJ2026,1800,1787669778
GC,1773817200,1773819000,GCJ2026,1800,1787669788
GC,1773819000,1773820800,GCJ2026,1800,1787669798
GC,1773820800,1773822600,GCJ2026,1800,1787669808
GC,1773822600,1773824400,GCJ2026,1800,1787669818
GC,1773824400,1773826200,GCJ2026,1800,1787669828
GC,1773826200,1773828000,GCJ2026,1800,1787669838
GC,1773828000,1773829800,GCJ2026,1800,1787669848
GC,1773829800,1773831600,GCJ2026,1800,1787669858
GC,1773831600,1773833400,GCJ2026,1800,1787669868
GC,1773833400,1773835200,GCJ2026,1800,1787669878
GC,1773835200,1773837000,GCJ2026,1800,1787669888
GC,1773837000,1773838800,GCJ2026,1800,1787669898
GC,1773838800,1773840600,GCJ2026,1800,1787669908
GC,1773840600,1773842400,GCJ2026,1800,1787669918
GC,1773842400,1773844200,GCJ2026,1800,1787669928
GC,1773844200,1773846000,GCJ2026,1800,1787669938
GC,1773846000,1773847800,GCJ2026,1800,1787669948
GC,1773847800,1773849600,GCJ2026,1800,1787669958
GC,1773849600,1773851400,GCJ2026,1800,1787669968
GC,1773851400,1773853200,GCJ2026,1800,1787669978
GC,1773853200,1773855000,GCJ2026,1800,1787669988
GC,1773855000,1773856800,GCJ2026,1800,1787669998
GC,1773856800,1773858600,GCJ2026,1800,1787670008
GC,1773858600,1773860400,GCJ2026,1800,1787670018
GC,1773860400,1773862200,GCJ2026,1800,1787670028
GC,1773862200,1773864000,GCJ2026,1800,1787670038
GC,1773864000,1773865800,GCJ2026,1800,1787670048
GC,1773865800,1773867600,GCJ2026,1800,1787670058
GC,1773871200,1773873000,GCJ2026,1800,1787670068
GC,1773873000,1773874800,GCJ2026,1800,1787670078
GC,1773874800,1773876600,GCJ2026,1800,1787670088
GC,1773876600,1773878400,GCJ2026,1800,1787670098
GC,1773878400,1773880200,GCJ2026,1800,1787670108
GC,1773880200,1773882000,GCJ2026,1800,1787670118
GC,1773882000,1773883800,GCJ2026,1800,1787670128
GC,1773883800,1773885600,GCJ2026,1800,1787670138
GC,1773885600,1773887400,GCJ2026,1800,1787670148
GC,1773887400,1773889200,GCJ2026,1800,1787670158
GC,1773889200,1773891000,GCJ2026,1800,1787670168
GC,1773891000,1773892800,GCJ2026,1800,1787670178
GC,1773892800,1773894600,GCJ2026,1800,1787670188
GC,1773894600,1773896400,GCJ2026,1800,1787670198
GC,1773896400,1773898200,GCJ2026,1800,1787670208
GC,1773898200,1773900000,GCJ2026,1800,1787670218
GC,1773900000,1773901800,GCJ2026,1800,1787670228
GC,1773901800,1773903600,GCJ2026,1800,1787670238
GC,1773903600,1773905400,GCJ2026,1800,1787670323
GC,1773905400,1773907200,GCJ2026,1800,1787670331
GC,1773907200,1773909000,GCJ2026,1800,1787670341
GC,1773909000,1773910800,GCJ2026,1800,1787670351
GC,1773910800,1773912600,GCJ2026,1800,1787670361
GC,1773912600,1773914400,GCJ2026,1800,1787670371
GC,1773914400,1773916200,GCJ2026,1800,1787670381
GC,1773916200,1773918000,GCJ2026,1800,1787670391
GC,1773918000,1773919800,GCJ2026,1800,1787670401
GC,1773919800,1773921600,GCJ2026,1800,1787670411
GC,1773921600,1773923400,GCJ2026,1800,1787670421
GC,1773923400,1773925200,GCJ2026,1800,1787670431
GC,1773925200,1773927000,GCJ2026,1800,1787670441
GC,1773927000,1773928800,GCJ2026,1800,1787670451
GC,1773928800,1773930600,GCJ2026,1800,1787670461
GC,1773930600,1773932400,GCJ2026,1800,1787670471
GC,1773932400,1773934200,GCJ2026,1800,1787670481
GC,1773934200,1773936000,GCJ2026,1800,1787670491
GC,1773936000,1773937800,GCJ2026,1800,1787670501
GC,1773937800,1773939600,GCJ2026,1800,1787670511
GC,1773939600,1773941400,GCJ2026,1800,1787670521
GC,1773941400,1773943200,GCJ2026,1800,1787670531
GC,1773943200,1773945000,GCJ2026,1800,1787670541
GC,1773945000,1773946800,GCJ2026,1800,1787670551
GC,1773946800,1773948600,GCJ2026,1800,1787670561
GC,1773948600,1773950400,GCJ2026,1800,1787670571
GC,1773950400,1773952200,GCJ2026,1800,1787670581
GC,1773952200,1773954000,GCJ2026,1800,1787670591
GC,1773957600,1773959400,GCJ2026,1800,1787670601
GC,1773959400,1773961200,GCJ2026,1800,1787670611
GC,1773961200,1773963000,GCJ2026,1800,1787670621
GC,1773963000,1773964800,GCJ2026,1800,1787670632
GC,1773964800,1773966600,GCJ2026,1800,1787670641
GC,1773966600,1773968400,GCJ2026,1800,1787670651
GC,1773968400,1773970200,GCJ2026,1800,1787670661
GC,1773970200,1773972000,GCJ2026,1800,1787670671
GC,1773972000,1773973800,GCJ2026,1800,1787670681
GC,1773973800,1773975600,GCJ2026,1800,1787670691
GC,1773975600,1773977400,GCJ2026,1800,1787670701
GC,1773977400,1773979200,GCJ2026,1800,1787670711
GC,1773979200,1773981000,GCJ2026,1800,1787670721
GC,1773981000,1773982800,GCJ2026,1800,1787670731
GC,1773982800,1773984600,GCJ2026,1800,1787670741
GC,1773984600,1773986400,GCJ2026,1800,1787670751
GC,1773986400,1773988200,GCJ2026,1800,1787670761
GC,1773988200,1773990000,GCJ2026,1800,1787670771
GC,1773990000,1773991800,GCJ2026,1800,1787670781
GC,1773991800,1773993600,GCJ2026,1800,1787670791
GC,1773993600,1773995400,GCJ2026,1800,1787670801
GC,1773995400,1773997200,GCJ2026,1800,1787670811
GC,1773997200,1773999000,GCJ2026,1800,1787670821
GC,1773999000,1774000800,GCJ2026,1800,1787670831
GC,1774000800,1774002600,GCJ2026,1800,1787670841
GC,1774002600,1774004400,GCJ2026,1800,1787670851
GC,1774004400,1774006200,GCJ2026,1800,1787670861
GC,1774006200,1774008000,GCJ2026,1800,1787670871
GC,1774008000,1774009800,GCJ2026,1800,1787670881
GC,1774009800,1774011600,GCJ2026,1800,1787670891
GC,1774011600,1774013400,GCJ2026,1800,1787670901
GC,1774013400,1774015200,GCJ2026,1800,1787670911
GC,1774015200,1774017000,GCJ2026,1800,1787670922
GC,1774017000,1774018800,GCJ2026,1800,1787670931
GC,1774018800,1774020600,GCJ2026,1800,1787670941
GC,1774020600,1774022400,GCJ2026,1800,1787670951
GC,1774022400,1774024200,GCJ2026,1800,1787670961
GC,1774024200,1774026000,GCJ2026,1800,1787670971
GC,1774026000,1774027800,GCJ2026,1800,1787670981
GC,1774027800,1774029600,GCJ2026,1800,1787670991
GC,1774029600,1774031400,GCJ2026,1800,1787671001
GC,1774031400,1774033200,GCJ2026,1800,1787671011
GC,1774033200,1774035000,GCJ2026,1800,1787671021
GC,1774035000,1774036800,GCJ2026,1800,1787671031
GC,1774036800,1774038600,GCJ2026,1800,1787671041
GC,1774038600,1774040400,GCJ2026,1800,1787671051
GC,1774216800,1774218600,GCJ2026,1800,1787671062
GC,1774218600,1774220400,GCJ2026,1800,1787671071
GC,1774220400,1774222200,GCJ2026,1800,1787671081
GC,1774222200,1774224000,GCJ2026,1800,1787671091
GC,1774224000,1774225800,GCJ2026,1800,1787671101
GC,1774225800,1774227600,GCJ2026,1800,1787671111
GC,1774227600,1774229400,GCJ2026,1800,1787671121
GC,1774229400,1774231200,GCJ2026,1800,1787671131
GC,1774231200,1774233000,GCJ2026,1800,1787671141
GC,1774233000,1774234800,GCJ2026,1800,1787671151
GC,1774234800,1774236600,GCJ2026,1800,1787671161
GC,1774236600,1774238400,GCJ2026,1800,1787671171
GC,1774238400,1774240200,GCJ2026,1800,1787671181
GC,1774240200,1774242000,GCJ2026,1800,1787671191
GC,1774242000,1774243800,GCJ2026,1800,1787671201
GC,1774243800,1774245600,GCJ2026,1800,1787671211
GC,1774245600,1774247400,GCJ2026,1800,1787671221
GC,1774247400,1774249200,GCJ2026,1800,1787671231
GC,1774249200,1774251000,GCJ2026,1800,1787671242
GC,1774251000,1774252800,GCJ2026,1800,1787671251
GC,1774252800,1774254600,GCJ2026,1800,1787671261
GC,1774254600,1774256400,GCJ2026,1800,1787671271
GC,1774256400,1774258200,GCJ2026,1800,1787671281
GC,1774258200,1774260000,GCJ2026,1800,1787671291
GC,1774260000,1774261800,GCJ2026,1800,1787671301
GC,1774261800,1774263600,GCJ2026,1800,1787671311
GC,1774263600,1774265400,GCJ2026,1800,1787671321
GC,1774265400,1774267200,GCJ2026,1800,1787671331
GC,1774267200,1774269000,GCJ2026,1800,1787671341
GC,1774269000,1774270800,GCJ2026,1800,1787671351
GC,1774270800,1774272600,GCJ2026,1800,1787671361
GC,1774272600,1774274400,GCJ2026,1800,1787671371
GC,1774274400,1774276200,GCJ2026,1800,1787671382
GC,1774276200,1774278000,GCJ2026,1800,1787671391
GC,1774278000,1774279800,GCJ2026,1800,1787671401
GC,1774279800,1774281600,GCJ2026,1800,1787671411
GC,1774281600,1774283400,GCJ2026,1800,1787671421
GC,1774283400,1774285200,GCJ2026,1800,1787671431
GC,1774285200,1774287000,GCJ2026,1800,1787671441
GC,1774287000,1774288800,GCJ2026,1800,1787671451
GC,1774288800,1774290600,GCJ2026,1800,1787671461
GC,1774290600,1774292400,GCJ2026,1800,1787671471
GC,1774292400,1774294200,GCJ2026,1800,1787671481
GC,1774294200,1774296000,GCJ2026,1800,1787671491
GC,1774296000,1774297800,GCJ2026,1800,1787671501
GC,1774297800,1774299600,GCJ2026,1800,1787671511
GC,1774303200,1774305000,GCJ2026,1800,1787671537
GC,1774305000,1774306800,GCJ2026,1800,1787671547
GC,1774306800,1774308600,GCJ2026,1800,1787671557
GC,1774308600,1774310400,GCJ2026,1800,1787671567
GC,1774310400,1774312200,GCJ2026,1800,1787671577
GC,1774312200,1774314000,GCJ2026,1800,1787671587
GC,1774314000,1774315800,GCJ2026,1800,1787671597
GC,1774315800,1774317600,GCJ2026,1800,1787671607
GC,1774317600,1774319400,GCJ2026,1800,1787671617
GC,1774319400,1774321200,GCJ2026,1800,1787671627
GC,1774321200,1774323000,GCJ2026,1800,1787671637
GC,1774323000,1774324800,GCJ2026,1800,1787671647
GC,1774324800,1774326600,GCJ2026,1800,1787671656
GC,1774326600,1774328400,GCJ2026,1800,1787671667
GC,1774328400,1774330200,GCJ2026,1800,1787671677
GC,1774330200,1774332000,GCJ2026,1800,1787671687
GC,1774332000,1774333800,GCJ2026,1800,1787671697
GC,1774333800,1774335600,GCJ2026,1800,1787671707
GC,1774335600,1774337400,GCJ2026,1800,1787671717
GC,1774337400,1774339200,GCJ2026,1800,1787671727
GC,1774339200,1774341000,GCJ2026,1800,1787671737
GC,1774341000,1774342800,GCJ2026,1800,1787671747
GC,1774342800,1774344600,GCJ2026,1800,1787671757
GC,1774344600,1774346400,GCJ2026,1800,1787671767
GC,1774346400,1774348200,GCJ2026,1800,1787671777
GC,1774348200,1774350000,GCJ2026,1800,1787671787
GC,1774350000,1774351800,GCJ2026,1800,1787671797
GC,1774351800,1774353600,GCJ2026,1800,1787671807
GC,1774353600,1774355400,GCJ2026,1800,1787671817
GC,1774355400,1774357200,GCJ2026,1800,1787671827
GC,1774357200,1774359000,GCJ2026,1800,1787671837
GC,1774359000,1774360800,GCJ2026,1800,1787671847
GC,1774360800,1774362600,GCJ2026,1800,1787671857
GC,1774362600,1774364400,GCJ2026,1800,1787671867
GC,1774364400,1774366200,GCJ2026,1800,1787671877
GC,1774366200,1774368000,GCJ2026,1800,1787671887
GC,1774368000,1774369800,GCJ2026,1800,1787671897
GC,1774369800,1774371600,GCJ2026,1800,1787671907
GC,1774371600,1774373400,GCJ2026,1800,1787671917
GC,1774373400,1774375200,GCJ2026,1800,1787671927
GC,1774375200,1774377000,GCJ2026,1800,1787671937
GC,1774377000,1774378800,GCJ2026,1800,1787671947
GC,1774378800,1774380600,GCJ2026,1800,1787671957
GC,1774380600,1774382400,GCJ2026,1800,1787671967
GC,1774382400,1774384200,GCJ2026,1800,1787671977
GC,1774384200,1774386000,GCJ2026,1800,1787671987
GC,1774389600,1774391400,GCJ2026,1800,1787671997
GC,1774391400,1774393200,GCJ2026,1800,1787672007
GC,1774393200,1774395000,GCJ2026,1800,1787672017
GC,1774395000,1774396800,GCJ2026,1800,1787672027
GC,1774396800,1774398600,GCJ2026,1800,1787672037
GC,1774398600,1774400400,GCJ2026,1800,1787672047
GC,1774400400,1774402200,GCJ2026,1800,1787672057
GC,1774402200,1774404000,GCJ2026,1800,1787672067
GC,1774404000,1774405800,GCJ2026,1800,1787672077
GC,1774405800,1774407600,GCJ2026,1800,1787672087
GC,1774407600,1774409400,GCJ2026,1800,1787672097
GC,1774409400,1774411200,GCJ2026,1800,1787672107
GC,1774411200,1774413000,GCJ2026,1800,1787672117
GC,1774413000,1774414800,GCJ2026,1800,1787672127
GC,1774414800,1774416600,GCJ2026,1800,1787672137
GC,1774416600,1774418400,GCJ2026,1800,1787672147
GC,1774418400,1774420200,GCJ2026,1800,1787672157
GC,1774420200,1774422000,GCJ2026,1800,1787672167
GC,1774422000,1774423800,GCJ2026,1800,1787672177
GC,1774423800,1774425600,GCJ2026,1800,1787672187
GC,1774425600,1774427400,GCJ2026,1800,1787672197
GC,1774427400,1774429200,GCJ2026,1800,1787672207
GC,1774429200,1774431000,GCJ2026,1800,1787672217
GC,1774431000,1774432800,GCJ2026,1800,1787672227
GC,1774432800,1774434600,GCJ2026,1800,1787672237
GC,1774434600,1774436400,GCJ2026,1800,1787672247
GC,1774436400,1774438200,GCJ2026,1800,1787672257
GC,1774438200,1774440000,GCJ2026,1800,1787672267
GC,1774440000,1774441800,GCJ2026,1800,1787672277
GC,1774441800,1774443600,GCJ2026,1800,1787672287
GC,1774443600,1774445400,GCJ2026,1800,1787672297
GC,1774445400,1774447200,GCJ2026,1800,1787672307
GC,1774447200,1774449000,GCJ2026,1800,1787672317
GC,1774449000,1774450800,GCJ2026,1800,1787672327
GC,1774450800,1774452600,GCJ2026,1800,1787672337
GC,1774452600,1774454400,GCJ2026,1800,1787672347
GC,1774454400,1774456200,GCJ2026,1800,1787672357
GC,1774456200,1774458000,GCJ2026,1800,1787672367
GC,1774458000,1774459800,GCJ2026,1800,1787672377
GC,1774459800,1774461600,GCJ2026,1800,1787672387
GC,1774461600,1774463400,GCJ2026,1800,1787672397
GC,1774463400,1774465200,GCJ2026,1800,1787672407
GC,1774465200,1774467000,GCJ2026,1800,1787672417
GC,1774467000,1774468800,GCJ2026,1800,1787672427
GC,1774468800,1774470600,GCJ2026,1800,1787672437
GC,1774470600,1774472400,GCJ2026,1800,1787672447
GC,1774476000,1774477800,GCJ2026,1800,1787672457
GC,1774477800,1774479600,GCJ2026,1800,1787672467
GC,1774479600,1774481400,GCJ2026,1800,1787672477
GC,1774481400,1774483200,GCJ2026,1800,1787672487
GC,1774483200,1774485000,GCJ2026,1800,1787672497
GC,1774485000,1774486800,GCJ2026,1800,1787672507
GC,1774486800,1774488600,GCJ2026,1800,1787672517
GC,1774488600,1774490400,GCJ2026,1800,1787672527
GC,1774490400,1774492200,GCJ2026,1800,1787672537
GC,1774492200,1774494000,GCJ2026,1800,1787672547
GC,1774494000,1774495800,GCJ2026,1800,1787672557
GC,1774495800,1774497600,GCJ2026,1800,1787672571
GC,1774497600,1774499400,GCJ2026,1800,1787672577
GC,1774499400,1774501200,GCJ2026,1800,1787672587
GC,1774501200,1774503000,GCJ2026,1800,1787672597
GC,1774503000,1774504800,GCJ2026,1800,1787672607
GC,1774504800,1774506600,GCJ2026,1800,1787672617
GC,1774506600,1774508400,GCJ2026,1800,1787672627
GC,1774508400,1774510200,GCJ2026,1800,1787672637
GC,1774510200,1774512000,GCJ2026,1800,1787672647
GC,1774512000,1774513800,GCJ2026,1800,1787672657
GC,1774513800,1774515600,GCJ2026,1800,1787672667
GC,1774515600,1774517400,GCJ2026,1800,1787672677
GC,1774517400,1774519200,GCJ2026,1800,1787672687
GC,1774519200,1774521000,GCJ2026,1800,1787672697
GC,1774521000,1774522800,GCJ2026,1800,1787672707
GC,1774522800,1774524600,GCJ2026,1800,1787672717
GC,1774524600,1774526400,GCJ2026,1800,1787672727
GC,1774526400,1774528200,GCJ2026,1800,1787672737
GC,1774528200,1774530000,GCJ2026,1800,1787672747
GC,1774530000,1774531800,GCJ2026,1800,1787672757
GC,1774531800,1774533600,GCJ2026,1800,1787672767
GC,1774533600,1774535400,GCJ2026,1800,1787672777
GC,1774535400,1774537200,GCJ2026,1800,1787672787
GC,1774537200,1774539000,GCJ2026,1800,1787672797
GC,1774539000,1774540800,GCJ2026,1800,1787672807
GC,1774540800,1774542600,GCJ2026,1800,1787672817
GC,1774542600,1774544400,GCJ2026,1800,1787672827
GC,1774544400,1774546200,GCJ2026,1800,1787672837
GC,1774546200,1774548000,GCJ2026,1800,1787672847
GC,1774548000,1774549800,GCJ2026,1800,1787672857
GC,1774549800,1774551600,GCJ2026,1800,1787672867
GC,1774551600,1774553400,GCJ2026,1800,1787672877
GC,1774553400,1774555200,GCJ2026,1800,1787672887
GC,1774555200,1774557000,GCJ2026,1800,1787672897
GC,1774557000,1774558800,GCJ2026,1800,1787672907
GC,1774562400,1774564200,GCM2026,1800,1787674262
GC,1774564200,1774566000,GCM2026,1800,1787674271
GC,1774566000,1774567800,GCM2026,1800,1787674281
GC,1774567800,1774569600,GCM2026,1800,1787674291
GC,1774569600,1774571400,GCM2026,1800,1787674301
GC,1774571400,1774573200,GCM2026,1800,1787674313
GC,1774573200,1774575000,GCM2026,1800,1787674328
GC,1774575000,1774576800,GCM2026,1800,1787674335
GC,1774576800,1774578600,GCM2026,1800,1787674345
GC,1774578600,1774580400,GCM2026,1800,1787674365
GC,1774580400,1774582200,GCM2026,1800,1787674366
GC,1774582200,1774584000,GCM2026,1800,1787674375
GC,1774584000,1774585800,GCM2026,1800,1787674385
GC,1774585800,1774587600,GCM2026,1800,1787674395
GC,1774587600,1774589400,GCM2026,1800,1787674405
GC,1774589400,1774591200,GCM2026,1800,1787674415
GC,1774591200,1774593000,GCM2026,1800,1787674425
GC,1774593000,1774594800,GCM2026,1800,1787674435
GC,1774594800,1774596600,GCM2026,1800,1787674445
GC,1774596600,1774598400,GCM2026,1800,1787674455
GC,1774598400,1774600200,GCM2026,1800,1787674465
GC,1774600200,1774602000,GCM2026,1800,1787674475
GC,1774602000,1774603800,GCM2026,1800,1787674485
GC,1774603800,1774605600,GCM2026,1800,1787674495
GC,1774605600,1774607400,GCM2026,1800,1787674505
GC,1774607400,1774609200,GCM2026,1800,1787674515
GC,1774609200,1774611000,GCM2026,1800,1787674525
GC,1774611000,1774612800,GCM2026,1800,1787674535
GC,1774612800,1774614600,GCM2026,1800,1787674545
GC,1774614600,1774616400,GCM2026,1800,1787674555
GC,1774616400,1774618200,GCM2026,1800,1787674565
GC,1774618200,1774620000,GCM2026,1800,1787674575
GC,1774620000,1774621800,GCM2026,1800,1787674585
GC,1774621800,1774623600,GCM2026,1800,1787674595
GC,1774623600,1774625400,GCM2026,1800,1787674605
GC,1774625400,1774627200,GCM2026,1800,1787674615
GC,1774627200,1774629000,GCM2026,1800,1787674625
GC,1774629000,1774630800,GCM2026,1800,1787674635
GC,1774630800,1774632600,GCM2026,1800,1787674645
GC,1774632600,1774634400,GCM2026,1800,1787674655
GC,1774634400,1774636200,GCM2026,1800,1787674665
GC,1774636200,1774638000,GCM2026,1800,1787674675
GC,1774638000,1774639800,GCM2026,1800,1787674685
GC,1774639800,1774641600,GCM2026,1800,1787674695
GC,1774641600,1774643400,GCM2026,1800,1787674705
GC,1774643400,1774645200,GCM2026,1800,1787674715
GC,1774821600,1774823400,GCM2026,1800,1787674725
GC,1774823400,1774825200,GCM2026,1800,1787674735
GC,1774825200,1774827000,GCM2026,1800,1787674745
GC,1774827000,1774828800,GCM2026,1800,1787674755
GC,1774828800,1774830600,GCM2026,1800,1787674765
GC,1774830600,1774832400,GCM2026,1800,1787674775
GC,1774832400,1774834200,GCM2026,1800,1787674785
GC,1774834200,1774836000,GCM2026,1800,1787674795
GC,1774836000,1774837800,GCM2026,1800,1787674805
GC,1774837800,1774839600,GCM2026,1800,1787674815
GC,1774839600,1774841400,GCM2026,1800,1787674825
GC,1774841400,1774843200,GCM2026,1800,1787674835
GC,1774843200,1774845000,GCM2026,1800,1787674845
GC,1774845000,1774846800,GCM2026,1800,1787674855
GC,1774846800,1774848600,GCM2026,1800,1787674865
GC,1774848600,1774850400,GCM2026,1800,1787674875
GC,1774850400,1774852200,GCM2026,1800,1787674885
GC,1774852200,1774854000,GCM2026,1800,1787674895
GC,1774854000,1774855800,GCM2026,1800,1787674905
GC,1774855800,1774857600,GCM2026,1800,1787674915
GC,1774857600,1774859400,GCM2026,1800,1787674925
GC,1774859400,1774861200,GCM2026,1800,1787674935
GC,1774861200,1774863000,GCM2026,1800,1787674945
GC,1774863000,1774864800,GCM2026,1800,1787674955
GC,1774864800,1774866600,GCM2026,1800,1787674965
GC,1774866600,1774868400,GCM2026,1800,1787674975
GC,1774868400,1774870200,GCM2026,1800,1787674985
GC,1774870200,1774872000,GCM2026,1800,1787674995
GC,1774872000,1774873800,GCM2026,1800,1787675005
GC,1774873800,1774875600,GCM2026,1800,1787675015
GC,1774875600,1774877400,GCM2026,1800,1787675025
GC,1774877400,1774879200,GCM2026,1800,1787675035
GC,1774879200,1774881000,GCM2026,1800,1787675045
GC,1774881000,1774882800,GCM2026,1800,1787675055
GC,1774882800,1774884600,GCM2026,1800,1787675065
GC,1774884600,1774886400,GCM2026,1800,1787675075
GC,1774886400,1774888200,GCM2026,1800,1787675085
GC,1774888200,1774890000,GCM2026,1800,1787675095
GC,1774890000,1774891800,GCM2026,1800,1787675105
GC,1774891800,1774893600,GCM2026,1800,1787675115
GC,1774893600,1774895400,GCM2026,1800,1787675125
GC,1774895400,1774897200,GCM2026,1800,1787675135
GC,1774897200,1774899000,GCM2026,1800,1787675145
GC,1774899000,1774900800,GCM2026,1800,1787675155
GC,1774900800,1774902600,GCM2026,1800,1787675165
GC,1774902600,1774904400,GCM2026,1800,1787675175
GC,1774908000,1774909800,GCM2026,1800,1787675185
GC,1774909800,1774911600,GCM2026,1800,1787675195
GC,1774911600,1774913400,GCM2026,1800,1787675205
GC,1774913400,1774915200,GCM2026,1800,1787675215
GC,1774915200,1774917000,GCM2026,1800,1787675225
GC,1774917000,1774918800,GCM2026,1800,1787675235
GC,1774918800,1774920600,GCM2026,1800,1787675245
GC,1774920600,1774922400,GCM2026,1800,1787675255
GC,1774922400,1774924200,GCM2026,1800,1787675265
GC,1774924200,1774926000,GCM2026,1800,1787675275
GC,1774926000,1774927800,GCM2026,1800,1787675285
GC,1774927800,1774929600,GCM2026,1800,1787675295
GC,1774929600,1774931400,GCM2026,1800,1787675305
GC,1774931400,1774933200,GCM2026,1800,1787675315
GC,1774933200,1774935000,GCM2026,1800,1787675325
GC,1774935000,1774936800,GCM2026,1800,1787675335
GC,1774936800,1774938600,GCM2026,1800,1787675345
GC,1774938600,1774940400,GCM2026,1800,1787675355
GC,1774940400,1774942200,GCM2026,1800,1787675365
GC,1774942200,1774944000,GCM2026,1800,1787675375
GC,1774944000,1774945800,GCM2026,1800,1787675385
GC,1774945800,1774947600,GCM2026,1800,1787675395
GC,1774947600,1774949400,GCM2026,1800,1787675405
GC,1774949400,1774951200,GCM2026,1800,1787675415
GC,1774951200,1774953000,GCM2026,1800,1787675425
GC,1774953000,1774954800,GCM2026,1800,1787675435
GC,1774954800,1774956600,GCM2026,1800,1787675445
GC,1774956600,1774958400,GCM2026,1800,1787675455
GC,1774958400,1774960200,GCM2026,1800,1787675465
GC,1774960200,1774962000,GCM2026,1800,1787675475
GC,1774962000,1774963800,GCM2026,1800,1787675485
GC,1774963800,1774965600,GCM2026,1800,1787675495
GC,1774965600,1774967400,GCM2026,1800,1787675505
GC,1774967400,1774969200,GCM2026,1800,1787675515
GC,1774969200,1774971000,GCM2026,1800,1787675525
GC,1774971000,1774972800,GCM2026,1800,1787675535
GC,1774972800,1774974600,GCM2026,1800,1787675545
GC,1774974600,1774976400,GCM2026,1800,1787675555
GC,1774976400,1774978200,GCM2026,1800,1787675565
GC,1774978200,1774980000,GCM2026,1800,1787675575
GC,1774980000,1774981800,GCM2026,1800,1787675585
GC,1774981800,1774983600,GCM2026,1800,1787675595
GC,1774983600,1774985400,GCM2026,1800,1787675605
GC,1774985400,1774987200,GCM2026,1800,1787675615
GC,1774987200,1774989000,GCM2026,1800,1787675625
GC,1774989000,1774990800,GCM2026,1800,1787675635
GC,1774994400,1774996200,GCM2026,1800,1787675645
GC,1774996200,1774998000,GCM2026,1800,1787675655
GC,1774998000,1774999800,GCM2026,1800,1787675665
GC,1774999800,1775001600,GCM2026,1800,1787675675
GC,1775001600,1775003400,GCM2026,1800,1787675685
GC,1775003400,1775005200,GCM2026,1800,1787675695
GC,1775005200,1775007000,GCM2026,1800,1787675705
GC,1775007000,1775008800,GCM2026,1800,1787675715
GC,1775008800,1775010600,GCM2026,1800,1787675725
GC,1775010600,1775012400,GCM2026,1800,1787675735
GC,1775012400,1775014200,GCM2026,1800,1787675746
GC,1775014200,1775016000,GCM2026,1800,1787675755
GC,1775016000,1775017800,GCM2026,1800,1787675765
GC,1775017800,1775019600,GCM2026,1800,1787675775
GC,1775019600,1775021400,GCM2026,1800,1787675785
GC,1775021400,1775023200,GCM2026,1800,1787675795
GC,1775023200,1775025000,GCM2026,1800,1787675805
GC,1775025000,1775026800,GCM2026,1800,1787675815
GC,1775026800,1775028600,GCM2026,1800,1787675825
GC,1775028600,1775030400,GCM2026,1800,1787675835
GC,1775030400,1775032200,GCM2026,1800,1787675845
GC,1775032200,1775034000,GCM2026,1800,1787675855
GC,1775034000,1775035800,GCM2026,1800,1787675865
GC,1775035800,1775037600,GCM2026,1800,1787675875
GC,1775037600,1775039400,GCM2026,1800,1787675885
GC,1775039400,1775041200,GCM2026,1800,1787675895
GC,1775041200,1775043000,GCM2026,1800,1787675905
GC,1775043000,1775044800,GCM2026,1800,1787675915
GC,1775044800,1775046600,GCM2026,1800,1787675925
GC,1775046600,1775048400,GCM2026,1800,1787675935
GC,1775048400,1775050200,GCM2026,1800,1787675945
GC,1775050200,1775052000,GCM2026,1800,1787675955
GC,1775052000,1775053800,GCM2026,1800,1787675965
GC,1775053800,1775055600,GCM2026,1800,1787675975
GC,1775055600,1775057400,GCM2026,1800,1787675985
GC,1775057400,1775059200,GCM2026,1800,1787675995
GC,1775059200,1775061000,GCM2026,1800,1787676005
GC,1775061000,1775062800,GCM2026,1800,1787676015
GC,1775062800,1775064600,GCM2026,1800,1787676025
GC,1775064600,1775066400,GCM2026,1800,1787676035
GC,1775066400,1775068200,GCM2026,1800,1787676045
GC,1775068200,1775070000,GCM2026,1800,1787676055
GC,1775070000,1775071800,GCM2026,1800,1787676065
GC,1775071800,1775073600,GCM2026,1800,1787676075
GC,1775073600,1775075400,GCM2026,1800,1787676085
GC,1775075400,1775077200,GCM2026,1800,1787676095
GC,1775080800,1775082600,GCM2026,1800,1787676105
GC,1775082600,1775084400,GCM2026,1800,1787676115
GC,1775084400,1775086200,GCM2026,1800,1787676125
GC,1775086200,1775088000,GCM2026,1800,1787676135
GC,1775088000,1775089800,GCM2026,1800,1787676145
GC,1775089800,1775091600,GCM2026,1800,1787676155
GC,1775091600,1775093400,GCM2026,1800,1787676165
GC,1775093400,1775095200,GCM2026,1800,1787676175
GC,1775095200,1775097000,GCM2026,1800,1787676185
GC,1775097000,1775098800,GCM2026,1800,1787676195
GC,1775098800,1775100600,GCM2026,1800,1787676205
GC,1775100600,1775102400,GCM2026,1800,1787676215
GC,1775102400,1775104200,GCM2026,1800,1787676225
GC,1775104200,1775106000,GCM2026,1800,1787676235
GC,1775106000,1775107800,GCM2026,1800,1787676245
GC,1775107800,1775109600,GCM2026,1800,1787676255
GC,1775109600,1775111400,GCM2026,1800,1787676265
GC,1775111400,1775113200,GCM2026,1800,1787676275
GC,1775113200,1775115000,GCM2026,1800,1787676285
GC,1775115000,1775116800,GCM2026,1800,1787676295
GC,1775116800,1775118600,GCM2026,1800,1787676305
GC,1775118600,1775120400,GCM2026,1800,1787676315
GC,1775120400,1775122200,GCM2026,1800,1787676325
GC,1775122200,1775124000,GCM2026,1800,1787676335
GC,1775124000,1775125800,GCM2026,1800,1787676345
GC,1775125800,1775127600,GCM2026,1800,1787676355
GC,1775127600,1775129400,GCM2026,1800,1787676365
GC,1775129400,1775131200,GCM2026,1800,1787676375
GC,1775131200,1775133000,GCM2026,1800,1787676385
GC,1775133000,1775134800,GCM2026,1800,1787676395
GC,1775134800,1775136600,GCM2026,1800,1787676405
GC,1775136600,1775138400,GCM2026,1800,1787676415
GC,1775138400,1775140200,GCM2026,1800,1787676425
GC,1775140200,1775142000,GCM2026,1800,1787676435
GC,1775142000,1775143800,GCM2026,1800,1787676445
GC,1775143800,1775145600,GCM2026,1800,1787676455
GC,1775145600,1775147400,GCM2026,1800,1787676465
GC,1775147400,1775149200,GCM2026,1800,1787676475
GC,1775149200,1775151000,GCM2026,1800,1787676485
GC,1775151000,1775152800,GCM2026,1800,1787676495
GC,1775152800,1775154600,GCM2026,1800,1787676505
GC,1775154600,1775156400,GCM2026,1800,1787676515
GC,1775156400,1775158200,GCM2026,1800,1787676525
GC,1775158200,1775160000,GCM2026,1800,1787676535
GC,1775160000,1775161800,GCM2026,1800,1787676545
GC,1775161800,1775163600,GCM2026,1800,1787676555
GC,1775167200,1775169000,GCM2026,1800,1787676565
GC,1775169000,1775170800,GCM2026,1800,1787676575
GC,1775170800,1775172600,GCM2026,1800,1787676585
GC,1775172600,1775174400,GCM2026,1800,1787676595
GC,1775174400,1775176200,GCM2026,1800,1787676605
GC,1775176200,1775178000,GCM2026,1800,1787676615
GC,1775178000,1775179800,GCM2026,1800,1787676625
GC,1775179800,1775181600,GCM2026,1800,1787676635
GC,1775181600,1775183400,GCM2026,1800,1787676645
GC,1775183400,1775185200,GCM2026,1800,1787676655
GC,1775185200,1775187000,GCM2026,1800,1787676665
GC,1775187000,1775188800,GCM2026,1800,1787676675
GC,1775188800,1775190600,GCM2026,1800,1787676685
GC,1775190600,1775192400,GCM2026,1800,1787676695
GC,1775192400,1775194200,GCM2026,1800,1787676705
GC,1775194200,1775196000,GCM2026,1800,1787676715
GC,1775196000,1775197800,GCM2026,1800,1787676725
GC,1775197800,1775199600,GCM2026,1800,1787676735
GC,1775199600,1775201400,GCM2026,1800,1787676745
GC,1775201400,1775203200,GCM2026,1800,1787676755
GC,1775203200,1775205000,GCM2026,1800,1787676765
GC,1775205000,1775206800,GCM2026,1800,1787676775
GC,1775206800,1775208600,GCM2026,1800,1787676785
GC,1775208600,1775210400,GCM2026,1800,1787676795
GC,1775210400,1775212200,GCM2026,1800,1787676805
GC,1775212200,1775214000,GCM2026,1800,1787676815
GC,1775214000,1775215800,GCM2026,1800,1787676825
GC,1775215800,1775217600,GCM2026,1800,1787676835
GC,1775217600,1775219400,GCM2026,1800,1787676845
GC,1775219400,1775221200,GCM2026,1800,1787676855
GC,1775221200,1775223000,GCM2026,1800,1787676865
GC,1775223000,1775224800,GCM2026,1800,1787676875
GC,1775224800,1775226600,GCM2026,1800,1787676885
GC,1775226600,1775228400,GCM2026,1800,1787676895
GC,1775228400,1775230200,GCM2026,1800,1787676905
GC,1775230200,1775232000,GCM2026,1800,1787676915
GC,1775232000,1775233800,GCM2026,1800,1787676925
GC,1775233800,1775235600,GCM2026,1800,1787676935
GC,1775235600,1775237400,GCM2026,1800,1787676945
GC,1775237400,1775239200,GCM2026,1800,1787676955
GC,1775239200,1775241000,GCM2026,1800,1787676965
GC,1775241000,1775242800,GCM2026,1800,1787676975
GC,1775242800,1775244600,GCM2026,1800,1787676985
GC,1775244600,1775246400,GCM2026,1800,1787676995
GC,1775246400,1775248200,GCM2026,1800,1787677005
GC,1775248200,1775250000,GCM2026,1800,1787677015
GC,1775426400,1775428200,GCM2026,1800,1787677025
GC,1775428200,1775430000,GCM2026,1800,1787677035
GC,1775430000,1775431800,GCM2026,1800,1787677045
GC,1775431800,1775433600,GCM2026,1800,1787677055
GC,1775433600,1775435400,GCM2026,1800,1787677065
GC,1775435400,1775437200,GCM2026,1800,1787677075
GC,1775437200,1775439000,GCM2026,1800,1787677085
GC,1775439000,1775440800,GCM2026,1800,1787677095
GC,1775440800,1775442600,GCM2026,1800,1787677105
GC,1775442600,1775444400,GCM2026,1800,1787677115
GC,1775444400,1775446200,GCM2026,1800,1787677125
GC,1775446200,1775448000,GCM2026,1800,1787677135
GC,1775448000,1775449800,GCM2026,1800,1787677145
GC,1775449800,1775451600,GCM2026,1800,1787677155
GC,1775451600,1775453400,GCM2026,1800,1787677165
GC,1775453400,1775455200,GCM2026,1800,1787677175
GC,1775455200,1775457000,GCM2026,1800,1787677185
GC,1775457000,1775458800,GCM2026,1800,1787677195
GC,1775458800,1775460600,GCM2026,1800,1787677205
GC,1775460600,1775462400,GCM2026,1800,1787677215
GC,1775462400,1775464200,GCM2026,1800,1787677225
GC,1775464200,1775466000,GCM2026,1800,1787677235
GC,1775466000,1775467800,GCM2026,1800,1787677245
GC,1775467800,1775469600,GCM2026,1800,1787677255
GC,1775469600,1775471400,GCM2026,1800,1787677265
GC,1775471400,1775473200,GCM2026,1800,1787677275
GC,1775473200,1775475000,GCM2026,1800,1787677285
GC,1775475000,1775476800,GCM2026,1800,1787677295
GC,1775476800,1775478600,GCM2026,1800,1787677305
GC,1775478600,1775480400,GCM2026,1800,1787677315
GC,1775480400,1775482200,GCM2026,1800,1787677325
GC,1775482200,1775484000,GCM2026,1800,1787677335
GC,1775484000,1775485800,GCM2026,1800,1787677345
GC,1775485800,1775487600,GCM2026,1800,1787677355
GC,1775487600,1775489400,GCM2026,1800,1787677365
GC,1775489400,1775491200,GCM2026,1800,1787677375
GC,1775491200,1775493000,GCM2026,1800,1787677385
GC,1775493000,1775494800,GCM2026,1800,1787677395
GC,1775494800,1775496600,GCM2026,1800,1787677405
GC,1775496600,1775498400,GCM2026,1800,1787677415
GC,1775498400,1775500200,GCM2026,1800,1787677425
GC,1775500200,1775502000,GCM2026,1800,1787677435
GC,1775502000,1775503800,GCM2026,1800,1787677445
GC,1775503800,1775505600,GCM2026,1800,1787677455
GC,1775505600,1775507400,GCM2026,1800,1787677465
GC,1775507400,1775509200,GCM2026,1800,1787677475
GC,1775512800,1775514600,GCM2026,1799,1787677485
GC,1775514600,1775516400,GCM2026,1800,1787677495
GC,1775516400,1775518200,GCM2026,1800,1787677505
GC,1775518200,1775520000,GCM2026,1800,1787677515
GC,1775520000,1775521800,GCM2026,1800,1787677525
GC,1775521800,1775523600,GCM2026,1800,1787677535
GC,1775523600,1775525400,GCM2026,1800,1787677545
GC,1775525400,1775527200,GCM2026,1800,1787677555
GC,1775527200,1775529000,GCM2026,1800,1787677565
GC,1775529000,1775530800,GCM2026,1800,1787677575
GC,1775530800,1775532600,GCM2026,1800,1787677585
GC,1775532600,1775534400,GCM2026,1800,1787677595
GC,1775534400,1775536200,GCM2026,1800,1787677605
GC,1775536200,1775538000,GCM2026,1800,1787677615
GC,1775538000,1775539800,GCM2026,1800,1787677625
GC,1775539800,1775541600,GCM2026,1800,1787677635
GC,1775541600,1775543400,GCM2026,1800,1787677645
GC,1775543400,1775545200,GCM2026,1800,1787677655
GC,1775545200,1775547000,GCM2026,1800,1787677665
GC,1775547000,1775548800,GCM2026,1800,1787677678
GC,1775548800,1775550600,GCM2026,1800,1787677685
GC,1775550600,1775552400,GCM2026,1800,1787677695
GC,1775552400,1775554200,GCM2026,1800,1787677705
GC,1775554200,1775556000,GCM2026,1800,1787677715
GC,1775556000,1775557800,GCM2026,1800,1787677725
GC,1775557800,1775559600,GCM2026,1800,1787677735
GC,1775559600,1775561400,GCM2026,1800,1787677745
GC,1775561400,1775563200,GCM2026,1800,1787677755
GC,1775563200,1775565000,GCM2026,1800,1787677765
GC,1775565000,1775566800,GCM2026,1800,1787677775
GC,1775566800,1775568600,GCM2026,1800,1787677785
GC,1775568600,1775570400,GCM2026,1800,1787677795
GC,1775570400,1775572200,GCM2026,1800,1787677805
GC,1775572200,1775574000,GCM2026,1800,1787677815
GC,1775574000,1775575800,GCM2026,1800,1787677825
GC,1775575800,1775577600,GCM2026,1800,1787677835
GC,1775577600,1775579400,GCM2026,1800,1787677845
GC,1775579400,1775581200,GCM2026,1800,1787677855
GC,1775581200,1775583000,GCM2026,1800,1787677865
GC,1775583000,1775584800,GCM2026,1800,1787677875
GC,1775584800,1775586600,GCM2026,1800,1787677885
GC,1775586600,1775588400,GCM2026,1800,1787677896
GC,1775588400,1775590200,GCM2026,1800,1787677905
GC,1775590200,1775592000,GCM2026,1800,1787677915
GC,1775592000,1775593800,GCM2026,1800,1787677925
GC,1775593800,1775595600,GCM2026,1800,1787677935
GC,1775599200,1775601000,GCM2026,1800,1787677945
GC,1775601000,1775602800,GCM2026,1800,1787677955
GC,1775602800,1775604600,GCM2026,1800,1787677965
GC,1775604600,1775606400,GCM2026,1800,1787677975
GC,1775606400,1775608200,GCM2026,1800,1787677985
GC,1775608200,1775610000,GCM2026,1800,1787677995
GC,1775610000,1775611800,GCM2026,1800,1787678005
GC,1775611800,1775613600,GCM2026,1800,1787678015
GC,1775613600,1775615400,GCM2026,1800,1787678025
GC,1775615400,1775617200,GCM2026,1800,1787678035
GC,1775617200,1775619000,GCM2026,1800,1787678045
GC,1775619000,1775620800,GCM2026,1800,1787678055
GC,1775620800,1775622600,GCM2026,1800,1787678065
GC,1775622600,1775624400,GCM2026,1800,1787678075
GC,1775624400,1775626200,GCM2026,1800,1787678085
GC,1775626200,1775628000,GCM2026,1800,1787678095
GC,1775628000,1775629800,GCM2026,1800,1787678105
GC,1775629800,1775631600,GCM2026,1800,1787678115
GC,1775631600,1775633400,GCM2026,1800,1787678125
GC,1775633400,1775635200,GCM2026,1800,1787678135
GC,1775635200,1775637000,GCM2026,1800,1787678145
GC,1775637000,1775638800,GCM2026,1800,1787678155
GC,1775638800,1775640600,GCM2026,1800,1787678165
GC,1775640600,1775642400,GCM2026,1800,1787678175
GC,1775642400,1775644200,GCM2026,1800,1787678185
GC,1775644200,1775646000,GCM2026,1800,1787678195
GC,1775646000,1775647800,GCM2026,1800,1787678205
GC,1775647800,1775649600,GCM2026,1800,1787678215
GC,1775649600,1775651400,GCM2026,1800,1787678225
GC,1775651400,1775653200,GCM2026,1800,1787678235
GC,1775653200,1775655000,GCM2026,1800,1787678245
GC,1775655000,1775656800,GCM2026,1800,1787678255
GC,1775656800,1775658600,GCM2026,1800,1787678265
GC,1775658600,1775660400,GCM2026,1800,1787678275
GC,1775660400,1775662200,GCM2026,1800,1787678285
GC,1775662200,1775664000,GCM2026,1800,1787678295
GC,1775664000,1775665800,GCM2026,1800,1787678305
GC,1775665800,1775667600,GCM2026,1800,1787678315
GC,1775667600,1775669400,GCM2026,1800,1787678325
GC,1775669400,1775671200,GCM2026,1800,1787678335
GC,1775671200,1775673000,GCM2026,1800,1787678345
GC,1775673000,1775674800,GCM2026,1800,1787678355
GC,1775674800,1775676600,GCM2026,1800,1787678365
GC,1775676600,1775678400,GCM2026,1800,1787678375
GC,1775678400,1775680200,GCM2026,1800,1787678385
GC,1775680200,1775682000,GCM2026,1800,1787678395
GC,1775685600,1775687400,GCM2026,1800,1787678405
GC,1775687400,1775689200,GCM2026,1800,1787678415
GC,1775689200,1775691000,GCM2026,1800,1787678425
GC,1775691000,1775692800,GCM2026,1800,1787678435
GC,1775692800,1775694600,GCM2026,1800,1787678445
GC,1775694600,1775696400,GCM2026,1800,1787678455
GC,1775696400,1775698200,GCM2026,1800,1787678465
GC,1775698200,1775700000,GCM2026,1800,1787678475
GC,1775700000,1775701800,GCM2026,1800,1787678485
GC,1775701800,1775703600,GCM2026,1800,1787678495
GC,1775703600,1775705400,GCM2026,1800,1787678505
GC,1775705400,1775707200,GCM2026,1800,1787678515
GC,1775707200,1775709000,GCM2026,1800,1787678525
GC,1775709000,1775710800,GCM2026,1800,1787678535
GC,1775710800,1775712600,GCM2026,1800,1787678545
GC,1775712600,1775714400,GCM2026,1800,1787678555
GC,1775714400,1775716200,GCM2026,1800,1787678565
GC,1775716200,1775718000,GCM2026,1800,1787678575
GC,1775718000,1775719800,GCM2026,1800,1787678585
GC,1775719800,1775721600,GCM2026,1800,1787678595
GC,1775721600,1775723400,GCM2026,1800,1787678605
GC,1775723400,1775725200,GCM2026,1800,1787678615
GC,1775725200,1775727000,GCM2026,1800,1787678625
GC,1775727000,1775728800,GCM2026,1800,1787678635
GC,1775728800,1775730600,GCM2026,1800,1787678645
GC,1775730600,1775732400,GCM2026,1800,1787678655
GC,1775732400,1775734200,GCM2026,1800,1787678665
GC,1775734200,1775736000,GCM2026,1800,1787678675
GC,1775736000,1775737800,GCM2026,1800,1787678685
GC,1775737800,1775739600,GCM2026,1800,1787678695
GC,1775739600,1775741400,GCM2026,1800,1787678705
GC,1775741400,1775743200,GCM2026,1800,1787678715
GC,1775743200,1775745000,GCM2026,1800,1787678725
GC,1775745000,1775746800,GCM2026,1800,1787678735
GC,1775746800,1775748600,GCM2026,1800,1787678745
GC,1775748600,1775750400,GCM2026,1800,1787678755
GC,1775750400,1775752200,GCM2026,1800,1787678765
GC,1775752200,1775754000,GCM2026,1800,1787678775
GC,1775754000,1775755800,GCM2026,1800,1787678785
GC,1775755800,1775757600,GCM2026,1800,1787678795
GC,1775757600,1775759400,GCM2026,1800,1787678805
GC,1775759400,1775761200,GCM2026,1800,1787678815
GC,1775761200,1775763000,GCM2026,1800,1787678825
GC,1775763000,1775764800,GCM2026,1800,1787678835
GC,1775764800,1775766600,GCM2026,1800,1787678845
GC,1775766600,1775768400,GCM2026,1800,1787678855
GC,1775772000,1775773800,GCM2026,1800,1787678865
GC,1775773800,1775775600,GCM2026,1800,1787678875
GC,1775775600,1775777400,GCM2026,1800,1787678885
GC,1775777400,1775779200,GCM2026,1800,1787678895
GC,1775779200,1775781000,GCM2026,1800,1787678905
GC,1775781000,1775782800,GCM2026,1800,1787678915
GC,1775782800,1775784600,GCM2026,1800,1787678925
GC,1775784600,1775786400,GCM2026,1800,1787678935
GC,1775786400,1775788200,GCM2026,1800,1787678945
GC,1775788200,1775790000,GCM2026,1800,1787678955
GC,1775790000,1775791800,GCM2026,1800,1787678965
GC,1775791800,1775793600,GCM2026,1800,1787678975
GC,1775793600,1775795400,GCM2026,1800,1787678985
GC,1775795400,1775797200,GCM2026,1800,1787678995
GC,1775797200,1775799000,GCM2026,1800,1787679005
GC,1775799000,1775800800,GCM2026,1800,1787679015
GC,1775800800,1775802600,GCM2026,1800,1787679025
GC,1775802600,1775804400,GCM2026,1800,1787679035
GC,1775804400,1775806200,GCM2026,1800,1787679045
GC,1775806200,1775808000,GCM2026,1800,1787679055
GC,1775808000,1775809800,GCM2026,1800,1787679081
GC,1775809800,1775811600,GCM2026,1800,1787679091
GC,1775811600,1775813400,GCM2026,1800,1787679101
GC,1775813400,1775815200,GCM2026,1800,1787679111
GC,1775815200,1775817000,GCM2026,1800,1787679121
GC,1775817000,1775818800,GCM2026,1800,1787679131
GC,1775818800,1775820600,GCM2026,1800,1787679141
GC,1775820600,1775822400,GCM2026,1800,1787679151
GC,1775822400,1775824200,GCM2026,1800,1787679161
GC,1775824200,1775826000,GCM2026,1800,1787679171
GC,1775826000,1775827800,GCM2026,1800,1787679181
GC,1775827800,1775829600,GCM2026,1800,1787679191
GC,1775829600,1775831400,GCM2026,1800,1787679201
GC,1775831400,1775833200,GCM2026,1800,1787679211
GC,1775833200,1775835000,GCM2026,1800,1787679221
GC,1775835000,1775836800,GCM2026,1800,1787679231
GC,1775836800,1775838600,GCM2026,1800,1787679241
GC,1775838600,1775840400,GCM2026,1800,1787679251
GC,1775840400,1775842200,GCM2026,1800,1787679261
GC,1775842200,1775844000,GCM2026,1800,1787679271
GC,1775844000,1775845800,GCM2026,1800,1787679281
GC,1775845800,1775847600,GCM2026,1800,1787679291
GC,1775847600,1775849400,GCM2026,1800,1787679301
GC,1775849400,1775851200,GCM2026,1800,1787679311
GC,1775851200,1775853000,GCM2026,1800,1787679321
GC,1775853000,1775854800,GCM2026,1800,1787679331
GC,1776031200,1776033000,GCM2026,1800,1787679341
GC,1776033000,1776034800,GCM2026,1800,1787679351
GC,1776034800,1776036600,GCM2026,1800,1787679361
GC,1776036600,1776038400,GCM2026,1800,1787679371
GC,1776038400,1776040200,GCM2026,1800,1787679381
GC,1776040200,1776042000,GCM2026,1800,1787679391
GC,1776042000,1776043800,GCM2026,1800,1787679401
GC,1776043800,1776045600,GCM2026,1800,1787679411
GC,1776045600,1776047400,GCM2026,1800,1787679421
GC,1776047400,1776049200,GCM2026,1800,1787679431
GC,1776049200,1776051000,GCM2026,1800,1787679441
GC,1776051000,1776052800,GCM2026,1800,1787679451
GC,1776052800,1776054600,GCM2026,1800,1787679461
GC,1776054600,1776056400,GCM2026,1800,1787679471
GC,1776056400,1776058200,GCM2026,1800,1787679481
GC,1776058200,1776060000,GCM2026,1800,1787679491
GC,1776060000,1776061800,GCM2026,1800,1787679501
GC,1776061800,1776063600,GCM2026,1800,1787679511
GC,1776063600,1776065400,GCM2026,1800,1787679521
GC,1776065400,1776067200,GCM2026,1800,1787679531
GC,1776067200,1776069000,GCM2026,1800,1787679541
GC,1776069000,1776070800,GCM2026,1800,1787679551
GC,1776070800,1776072600,GCM2026,1800,1787679561
GC,1776072600,1776074400,GCM2026,1800,1787679580
GC,1776074400,1776076200,GCM2026,1800,1787679581
GC,1776076200,1776078000,GCM2026,1800,1787679591
GC,1776078000,1776079800,GCM2026,1800,1787679601
GC,1776079800,1776081600,GCM2026,1800,1787679611
GC,1776081600,1776083400,GCM2026,1800,1787679621
GC,1776083400,1776085200,GCM2026,1800,1787679631
GC,1776085200,1776087000,GCM2026,1800,1787679641
GC,1776087000,1776088800,GCM2026,1800,1787679651
GC,1776088800,1776090600,GCM2026,1800,1787679661
GC,1776090600,1776092400,GCM2026,1800,1787679671
GC,1776092400,1776094200,GCM2026,1800,1787679681
GC,1776094200,1776096000,GCM2026,1800,1787679691
GC,1776096000,1776097800,GCM2026,1800,1787679701
GC,1776097800,1776099600,GCM2026,1800,1787679711
GC,1776099600,1776101400,GCM2026,1800,1787679721
GC,1776101400,1776103200,GCM2026,1800,1787679731
GC,1776103200,1776105000,GCM2026,1800,1787679741
GC,1776105000,1776106800,GCM2026,1800,1787679751
GC,1776106800,1776108600,GCM2026,1800,1787679761
GC,1776108600,1776110400,GCM2026,1800,1787679771
GC,1776110400,1776112200,GCM2026,1800,1787679781
GC,1776112200,1776114000,GCM2026,1800,1787679791
GC,1776117600,1776119400,GCM2026,1798,1787679801
GC,1776119400,1776121200,GCM2026,1800,1787679811
GC,1776121200,1776123000,GCM2026,1800,1787679821
GC,1776123000,1776124800,GCM2026,1800,1787679831
GC,1776124800,1776126600,GCM2026,1800,1787679841
GC,1776126600,1776128400,GCM2026,1800,1787679851
GC,1776128400,1776130200,GCM2026,1800,1787679861
GC,1776130200,1776132000,GCM2026,1800,1787679871
GC,1776132000,1776133800,GCM2026,1800,1787679881
GC,1776133800,1776135600,GCM2026,1800,1787679891
GC,1776135600,1776137400,GCM2026,1800,1787679901
GC,1776137400,1776139200,GCM2026,1800,1787679911
GC,1776139200,1776141000,GCM2026,1800,1787679921
GC,1776141000,1776142800,GCM2026,1800,1787679931
GC,1776142800,1776144600,GCM2026,1800,1787679941
GC,1776144600,1776146400,GCM2026,1800,1787679951
GC,1776146400,1776148200,GCM2026,1800,1787679961
GC,1776148200,1776150000,GCM2026,1800,1787679971
GC,1776150000,1776151800,GCM2026,1800,1787679981
GC,1776151800,1776153600,GCM2026,1800,1787679991
GC,1776153600,1776155400,GCM2026,1800,1787680001
GC,1776155400,1776157200,GCM2026,1800,1787680011
GC,1776157200,1776159000,GCM2026,1800,1787680021
GC,1776159000,1776160800,GCM2026,1800,1787680031
GC,1776160800,1776162600,GCM2026,1800,1787680041
GC,1776162600,1776164400,GCM2026,1800,1787680051
GC,1776164400,1776166200,GCM2026,1800,1787680061
GC,1776166200,1776168000,GCM2026,1800,1787680071
GC,1776168000,1776169800,GCM2026,1800,1787680081
GC,1776169800,1776171600,GCM2026,1800,1787680091
GC,1776171600,1776173400,GCM2026,1800,1787680101
GC,1776173400,1776175200,GCM2026,1800,1787680111
GC,1776175200,1776177000,GCM2026,1800,1787680121
GC,1776177000,1776178800,GCM2026,1800,1787680131
GC,1776178800,1776180600,GCM2026,1800,1787680141
GC,1776180600,1776182400,GCM2026,1800,1787680151
GC,1776182400,1776184200,GCM2026,1800,1787680161
GC,1776184200,1776186000,GCM2026,1800,1787680171
GC,1776186000,1776187800,GCM2026,1800,1787680181
GC,1776187800,1776189600,GCM2026,1800,1787680191
GC,1776189600,1776191400,GCM2026,1800,1787680201
GC,1776191400,1776193200,GCM2026,1800,1787680211
GC,1776193200,1776195000,GCM2026,1800,1787680221
GC,1776195000,1776196800,GCM2026,1800,1787680231
GC,1776196800,1776198600,GCM2026,1800,1787680241
GC,1776198600,1776200400,GCM2026,1800,1787680251
GC,1776204000,1776205800,GCM2026,1800,1787680261
GC,1776205800,1776207600,GCM2026,1800,1787680271
GC,1776207600,1776209400,GCM2026,1800,1787680281
GC,1776209400,1776211200,GCM2026,1800,1787680291
GC,1776211200,1776213000,GCM2026,1800,1787680301
GC,1776213000,1776214800,GCM2026,1800,1787680311
GC,1776214800,1776216600,GCM2026,1800,1787680321
GC,1776216600,1776218400,GCM2026,1800,1787680331
GC,1776218400,1776220200,GCM2026,1800,1787680341
GC,1776220200,1776222000,GCM2026,1800,1787680351
GC,1776222000,1776223800,GCM2026,1800,1787680361
GC,1776223800,1776225600,GCM2026,1800,1787680371
GC,1776225600,1776227400,GCM2026,1800,1787680381
GC,1776227400,1776229200,GCM2026,1800,1787680391
GC,1776229200,1776231000,GCM2026,1800,1787680401
GC,1776231000,1776232800,GCM2026,1800,1787680411
GC,1776232800,1776234600,GCM2026,1800,1787680421
GC,1776234600,1776236400,GCM2026,1800,1787680431
GC,1776236400,1776238200,GCM2026,1800,1787680441
GC,1776238200,1776240000,GCM2026,1800,1787680451
GC,1776240000,1776241800,GCM2026,1800,1787680461
GC,1776241800,1776243600,GCM2026,1800,1787680471
GC,1776243600,1776245400,GCM2026,1800,1787680481
GC,1776245400,1776247200,GCM2026,1800,1787680491
GC,1776247200,1776249000,GCM2026,1800,1787680501
GC,1776249000,1776250800,GCM2026,1800,1787680511
GC,1776250800,1776252600,GCM2026,1800,1787680521
GC,1776252600,1776254400,GCM2026,1800,1787680531
GC,1776254400,1776256200,GCM2026,1800,1787680541
GC,1776256200,1776258000,GCM2026,1800,1787680551
GC,1776258000,1776259800,GCM2026,1800,1787680561
GC,1776259800,1776261600,GCM2026,1800,1787680571
GC,1776261600,1776263400,GCM2026,1800,1787680581
GC,1776263400,1776265200,GCM2026,1800,1787680591
GC,1776265200,1776267000,GCM2026,1800,1787680601
GC,1776267000,1776268800,GCM2026,1800,1787680611
GC,1776268800,1776270600,GCM2026,1800,1787680621
GC,1776270600,1776272400,GCM2026,1800,1787680631
GC,1776272400,1776274200,GCM2026,1800,1787680641
GC,1776274200,1776276000,GCM2026,1800,1787680651
GC,1776276000,1776277800,GCM2026,1800,1787680661
GC,1776277800,1776279600,GCM2026,1800,1787680671
GC,1776279600,1776281400,GCM2026,1800,1787680681
GC,1776281400,1776283200,GCM2026,1800,1787680691
GC,1776283200,1776285000,GCM2026,1800,1787680701
GC,1776285000,1776286800,GCM2026,1800,1787680711
GC,1776290400,1776292200,GCM2026,1800,1787680721
GC,1776292200,1776294000,GCM2026,1800,1787680731
GC,1776294000,1776295800,GCM2026,1800,1787680741
GC,1776295800,1776297600,GCM2026,1800,1787680751
GC,1776297600,1776299400,GCM2026,1800,1787680761
GC,1776299400,1776301200,GCM2026,1800,1787680771
GC,1776301200,1776303000,GCM2026,1800,1787680781
GC,1776303000,1776304800,GCM2026,1800,1787680791
GC,1776304800,1776306600,GCM2026,1800,1787680801
GC,1776306600,1776308400,GCM2026,1800,1787680811
GC,1776308400,1776310200,GCM2026,1800,1787680821
GC,1776310200,1776312000,GCM2026,1800,1787680831
GC,1776312000,1776313800,GCM2026,1800,1787680841
GC,1776313800,1776315600,GCM2026,1800,1787680851
GC,1776315600,1776317400,GCM2026,1800,1787680861
GC,1776317400,1776319200,GCM2026,1800,1787680871
GC,1776319200,1776321000,GCM2026,1800,1787680896
GC,1776321000,1776322800,GCM2026,1800,1787680906
GC,1776322800,1776324600,GCM2026,1800,1787680916
GC,1776324600,1776326400,GCM2026,1800,1787680926
GC,1776326400,1776328200,GCM2026,1800,1787680936
GC,1776328200,1776330000,GCM2026,1800,1787680946
GC,1776330000,1776331800,GCM2026,1800,1787680956
GC,1776331800,1776333600,GCM2026,1800,1787680966
GC,1776333600,1776335400,GCM2026,1800,1787680976
GC,1776335400,1776337200,GCM2026,1800,1787680986
GC,1776337200,1776339000,GCM2026,1800,1787680996
GC,1776339000,1776340800,GCM2026,1800,1787681006
GC,1776340800,1776342600,GCM2026,1800,1787681016
GC,1776342600,1776344400,GCM2026,1800,1787681026
GC,1776344400,1776346200,GCM2026,1800,1787681036
GC,1776346200,1776348000,GCM2026,1800,1787681046
GC,1776348000,1776349800,GCM2026,1800,1787681056
GC,1776349800,1776351600,GCM2026,1800,1787681066
GC,1776351600,1776353400,GCM2026,1800,1787681076
GC,1776353400,1776355200,GCM2026,1800,1787681086
GC,1776355200,1776357000,GCM2026,1800,1787681096
GC,1776357000,1776358800,GCM2026,1800,1787681106
GC,1776358800,1776360600,GCM2026,1800,1787681116
GC,1776360600,1776362400,GCM2026,1800,1787681126
GC,1776362400,1776364200,GCM2026,1800,1787681136
GC,1776364200,1776366000,GCM2026,1800,1787681146
GC,1776366000,1776367800,GCM2026,1800,1787681156
GC,1776367800,1776369600,GCM2026,1800,1787681166
GC,1776369600,1776371400,GCM2026,1800,1787681176
GC,1776371400,1776373200,GCM2026,1800,1787681186
GC,1776376800,1776378600,GCM2026,1800,1787681196
GC,1776378600,1776380400,GCM2026,1800,1787681206
GC,1776380400,1776382200,GCM2026,1800,1787681216
GC,1776382200,1776384000,GCM2026,1800,1787681226
GC,1776384000,1776385800,GCM2026,1800,1787681236
GC,1776385800,1776387600,GCM2026,1800,1787681246
GC,1776387600,1776389400,GCM2026,1800,1787681256
GC,1776389400,1776391200,GCM2026,1800,1787681266
GC,1776391200,1776393000,GCM2026,1800,1787681276
GC,1776393000,1776394800,GCM2026,1800,1787681286
GC,1776394800,1776396600,GCM2026,1800,1787681296
GC,1776396600,1776398400,GCM2026,1800,1787681306
GC,1776398400,1776400200,GCM2026,1800,1787681316
GC,1776400200,1776402000,GCM2026,1800,1787681326
GC,1776402000,1776403800,GCM2026,1800,1787681336
GC,1776403800,1776405600,GCM2026,1800,1787681346
GC,1776405600,1776407400,GCM2026,1800,1787681356
GC,1776407400,1776409200,GCM2026,1800,1787681366
GC,1776409200,1776411000,GCM2026,1800,1787681376
GC,1776411000,1776412800,GCM2026,1800,1787681386
GC,1776412800,1776414600,GCM2026,1800,1787681396
GC,1776414600,1776416400,GCM2026,1800,1787681406
GC,1776416400,1776418200,GCM2026,1800,1787681416
GC,1776418200,1776420000,GCM2026,1800,1787681426
GC,1776420000,1776421800,GCM2026,1800,1787681436
GC,1776421800,1776423600,GCM2026,1800,1787681446
GC,1776423600,1776425400,GCM2026,1800,1787681456
GC,1776425400,1776427200,GCM2026,1800,1787681466
GC,1776427200,1776429000,GCM2026,1800,1787681476
GC,1776429000,1776430800,GCM2026,1800,1787681486
GC,1776430800,1776432600,GCM2026,1800,1787681496
GC,1776432600,1776434400,GCM2026,1800,1787681506
GC,1776434400,1776436200,GCM2026,1800,1787681516
GC,1776436200,1776438000,GCM2026,1800,1787681526
GC,1776438000,1776439800,GCM2026,1800,1787681536
GC,1776439800,1776441600,GCM2026,1800,1787681546
GC,1776441600,1776443400,GCM2026,1800,1787681556
GC,1776443400,1776445200,GCM2026,1800,1787681566
GC,1776445200,1776447000,GCM2026,1800,1787681576
GC,1776447000,1776448800,GCM2026,1800,1787681586
GC,1776448800,1776450600,GCM2026,1800,1787681596
GC,1776450600,1776452400,GCM2026,1800,1787681606
GC,1776452400,1776454200,GCM2026,1800,1787681616
GC,1776454200,1776456000,GCM2026,1800,1787681626
GC,1776456000,1776457800,GCM2026,1800,1787681636
GC,1776457800,1776459600,GCM2026,1800,1787681646
GC,1776636000,1776637800,GCM2026,1800,1787681656
GC,1776637800,1776639600,GCM2026,1800,1787681666
GC,1776639600,1776641400,GCM2026,1800,1787681676
GC,1776641400,1776643200,GCM2026,1800,1787681686
GC,1776643200,1776645000,GCM2026,1800,1787681696
GC,1776645000,1776646800,GCM2026,1800,1787681706
GC,1776646800,1776648600,GCM2026,1800,1787681716
GC,1776648600,1776650400,GCM2026,1800,1787681726
GC,1776650400,1776652200,GCM2026,1800,1787681736
GC,1776652200,1776654000,GCM2026,1800,1787681746
GC,1776654000,1776655800,GCM2026,1800,1787681756
GC,1776655800,1776657600,GCM2026,1800,1787681766
GC,1776657600,1776659400,GCM2026,1800,1787681776
GC,1776659400,1776661200,GCM2026,1800,1787681786
GC,1776661200,1776663000,GCM2026,1800,1787681796
GC,1776663000,1776664800,GCM2026,1800,1787681806
GC,1776664800,1776666600,GCM2026,1800,1787681816
GC,1776666600,1776668400,GCM2026,1800,1787681826
GC,1776668400,1776670200,GCM2026,1800,1787681836
GC,1776670200,1776672000,GCM2026,1800,1787681846
GC,1776672000,1776673800,GCM2026,1800,1787681856
GC,1776673800,1776675600,GCM2026,1800,1787681866
GC,1776675600,1776677400,GCM2026,1800,1787681876
GC,1776677400,1776679200,GCM2026,1800,1787681886
GC,1776679200,1776681000,GCM2026,1800,1787681896
GC,1776681000,1776682800,GCM2026,1800,1787681906
GC,1776682800,1776684600,GCM2026,1800,1787681916
GC,1776684600,1776686400,GCM2026,1800,1787681926
GC,1776686400,1776688200,GCM2026,1800,1787681936
GC,1776688200,1776690000,GCM2026,1800,1787681946
GC,1776690000,1776691800,GCM2026,1800,1787681956
GC,1776691800,1776693600,GCM2026,1800,1787681966
GC,1776693600,1776695400,GCM2026,1800,1787681976
GC,1776695400,1776697200,GCM2026,1800,1787681986
GC,1776697200,1776699000,GCM2026,1800,1787681996
GC,1776699000,1776700800,GCM2026,1800,1787682006
GC,1776700800,1776702600,GCM2026,1800,1787682016
GC,1776702600,1776704400,GCM2026,1800,1787682026
GC,1776704400,1776706200,GCM2026,1800,1787682036
GC,1776706200,1776708000,GCM2026,1800,1787682046
GC,1776708000,1776709800,GCM2026,1800,1787682056
GC,1776709800,1776711600,GCM2026,1800,1787682066
GC,1776711600,1776713400,GCM2026,1800,1787682076
GC,1776713400,1776715200,GCM2026,1800,1787682086
GC,1776715200,1776717000,GCM2026,1800,1787682096
GC,1776717000,1776718800,GCM2026,1800,1787682106
GC,1776722400,1776724200,GCM2026,1800,1787682116
GC,1776724200,1776726000,GCM2026,1800,1787682126
GC,1776726000,1776727800,GCM2026,1800,1787682136
GC,1776727800,1776729600,GCM2026,1800,1787682146
GC,1776729600,1776731400,GCM2026,1800,1787682156
GC,1776731400,1776733200,GCM2026,1800,1787682166
GC,1776733200,1776735000,GCM2026,1800,1787682176
GC,1776735000,1776736800,GCM2026,1800,1787682186
GC,1776736800,1776738600,GCM2026,1800,1787682196
GC,1776738600,1776740400,GCM2026,1800,1787682206
GC,1776740400,1776742200,GCM2026,1800,1787682216
GC,1776742200,1776744000,GCM2026,1800,1787682226
GC,1776744000,1776745800,GCM2026,1800,1787682236
GC,1776745800,1776747600,GCM2026,1800,1787682246
GC,1776747600,1776749400,GCM2026,1800,1787682256
GC,1776749400,1776751200,GCM2026,1800,1787682266
GC,1776751200,1776753000,GCM2026,1800,1787682276
GC,1776753000,1776754800,GCM2026,1800,1787682286
GC,1776754800,1776756600,GCM2026,1800,1787682296
GC,1776756600,1776758400,GCM2026,1800,1787682306
GC,1776758400,1776760200,GCM2026,1800,1787682316
GC,1776760200,1776762000,GCM2026,1800,1787682326
GC,1776762000,1776763800,GCM2026,1800,1787682336
GC,1776763800,1776765600,GCM2026,1800,1787682346
GC,1776765600,1776767400,GCM2026,1800,1787682356
GC,1776767400,1776769200,GCM2026,1800,1787682366
GC,1776769200,1776771000,GCM2026,1800,1787682376
GC,1776771000,1776772800,GCM2026,1800,1787682386
GC,1776772800,1776774600,GCM2026,1800,1787682396
GC,1776774600,1776776400,GCM2026,1800,1787682406
GC,1776776400,1776778200,GCM2026,1800,1787682416
GC,1776778200,1776780000,GCM2026,1800,1787682426
GC,1776780000,1776781800,GCM2026,1800,1787682436
GC,1776781800,1776783600,GCM2026,1800,1787682446
GC,1776783600,1776785400,GCM2026,1800,1787682456
GC,1776785400,1776787200,GCM2026,1800,1787682466
GC,1776787200,1776789000,GCM2026,1800,1787682476
GC,1776789000,1776790800,GCM2026,1800,1787682486
GC,1776790800,1776792600,GCM2026,1800,1787682496
GC,1776792600,1776794400,GCM2026,1800,1787682506
GC,1776794400,1776796200,GCM2026,1800,1787682516
GC,1776796200,1776798000,GCM2026,1800,1787682526
GC,1776798000,1776799800,GCM2026,1800,1787682536
GC,1776799800,1776801600,GCM2026,1800,1787682546
GC,1776801600,1776803400,GCM2026,1800,1787682556
GC,1776803400,1776805200,GCM2026,1800,1787682566
GC,1776808800,1776810600,GCM2026,1800,1787682576
GC,1776810600,1776812400,GCM2026,1800,1787682586
GC,1776812400,1776814200,GCM2026,1800,1787682596
GC,1776814200,1776816000,GCM2026,1800,1787682606
GC,1776816000,1776817800,GCM2026,1800,1787682616
GC,1776817800,1776819600,GCM2026,1800,1787682626
GC,1776819600,1776821400,GCM2026,1800,1787682636
GC,1776821400,1776823200,GCM2026,1800,1787682646
GC,1776823200,1776825000,GCM2026,1800,1787682656
GC,1776825000,1776826800,GCM2026,1800,1787682666
GC,1776826800,1776828600,GCM2026,1800,1787682676
GC,1776828600,1776830400,GCM2026,1800,1787682686
GC,1776830400,1776832200,GCM2026,1800,1787682696
GC,1776832200,1776834000,GCM2026,1800,1787682706
GC,1776834000,1776835800,GCM2026,1800,1787682716
GC,1776835800,1776837600,GCM2026,1800,1787682726
GC,1776837600,1776839400,GCM2026,1800,1787682736
GC,1776839400,1776841200,GCM2026,1800,1787682746
GC,1776841200,1776843000,GCM2026,1800,1787682756
GC,1776843000,1776844800,GCM2026,1800,1787682766
GC,1776844800,1776846600,GCM2026,1800,1787682776
GC,1776846600,1776848400,GCM2026,1800,1787682786
GC,1776848400,1776850200,GCM2026,1800,1787682796
GC,1776850200,1776852000,GCM2026,1800,1787682806
GC,1776852000,1776853800,GCM2026,1800,1787682816
GC,1776853800,1776855600,GCM2026,1800,1787682826
GC,1776855600,1776857400,GCM2026,1800,1787682836
GC,1776857400,1776859200,GCM2026,1800,1787682846
GC,1776859200,1776861000,GCM2026,1800,1787682856
GC,1776861000,1776862800,GCM2026,1800,1787682866
GC,1776862800,1776864600,GCM2026,1800,1787682876
GC,1776864600,1776866400,GCM2026,1800,1787682886
GC,1776866400,1776868200,GCM2026,1800,1787682896
GC,1776868200,1776870000,GCM2026,1800,1787682906
GC,1776870000,1776871800,GCM2026,1800,1787682916
GC,1776871800,1776873600,GCM2026,1800,1787682926
GC,1776873600,1776875400,GCM2026,1800,1787682936
GC,1776875400,1776877200,GCM2026,1800,1787682946
GC,1776877200,1776879000,GCM2026,1800,1787682956
GC,1776879000,1776880800,GCM2026,1800,1787682966
GC,1776880800,1776882600,GCM2026,1800,1787682976
GC,1776882600,1776884400,GCM2026,1800,1787682986
GC,1776884400,1776886200,GCM2026,1800,1787682996
GC,1776886200,1776888000,GCM2026,1800,1787683006
GC,1776888000,1776889800,GCM2026,1800,1787683016
GC,1776889800,1776891600,GCM2026,1800,1787683026
GC,1776895200,1776897000,GCM2026,1800,1787683036
GC,1776897000,1776898800,GCM2026,1800,1787683046
GC,1776898800,1776900600,GCM2026,1800,1787683056
GC,1776900600,1776902400,GCM2026,1800,1787683066
GC,1776902400,1776904200,GCM2026,1800,1787683076
GC,1776904200,1776906000,GCM2026,1800,1787683086
GC,1776906000,1776907800,GCM2026,1800,1787683096
GC,1776907800,1776909600,GCM2026,1800,1787683106
GC,1776909600,1776911400,GCM2026,1800,1787683116
GC,1776911400,1776913200,GCM2026,1800,1787683126
GC,1776913200,1776915000,GCM2026,1800,1787683136
GC,1776915000,1776916800,GCM2026,1800,1787683146
GC,1776916800,1776918600,GCM2026,1800,1787683156
GC,1776918600,1776920400,GCM2026,1800,1787683166
GC,1776920400,1776922200,GCM2026,1800,1787683176
GC,1776922200,1776924000,GCM2026,1800,1787683186
GC,1776924000,1776925800,GCM2026,1800,1787683196
GC,1776925800,1776927600,GCM2026,1800,1787683206
GC,1776927600,1776929400,GCM2026,1800,1787683216
GC,1776929400,1776931200,GCM2026,1800,1787683226
GC,1776931200,1776933000,GCM2026,1800,1787683236
GC,1776933000,1776934800,GCM2026,1800,1787683246
GC,1776934800,1776936600,GCM2026,1800,1787683256
GC,1776936600,1776938400,GCM2026,1800,1787683266
GC,1776938400,1776940200,GCM2026,1800,1787683276
GC,1776940200,1776942000,GCM2026,1800,1787683286
GC,1776942000,1776943800,GCM2026,1800,1787683296
GC,1776943800,1776945600,GCM2026,1800,1787683306
GC,1776945600,1776947400,GCM2026,1800,1787683316
GC,1776947400,1776949200,GCM2026,1800,1787683326
GC,1776949200,1776951000,GCM2026,1800,1787683336
GC,1776951000,1776952800,GCM2026,1800,1787683346
GC,1776952800,1776954600,GCM2026,1800,1787683356
GC,1776954600,1776956400,GCM2026,1800,1787683366
GC,1776956400,1776958200,GCM2026,1800,1787683376
GC,1776958200,1776960000,GCM2026,1800,1787683386
GC,1776960000,1776961800,GCM2026,1800,1787683396
GC,1776961800,1776963600,GCM2026,1800,1787683448
GC,1776963600,1776965400,GCM2026,1800,1787683464
GC,1776965400,1776967200,GCM2026,1800,1787683465
GC,1776967200,1776969000,GCM2026,1800,1787683474
GC,1776969000,1776970800,GCM2026,1800,1787683484
GC,1776970800,1776972600,GCM2026,1800,1787683494
GC,1776972600,1776974400,GCM2026,1800,1787683504
GC,1776974400,1776976200,GCM2026,1800,1787683514
GC,1776976200,1776978000,GCM2026,1800,1787683524
GC,1776981600,1776983400,GCM2026,1800,1787683534
GC,1776983400,1776985200,GCM2026,1800,1787683544
GC,1776985200,1776987000,GCM2026,1800,1787683554
GC,1776987000,1776988800,GCM2026,1800,1787683564
GC,1776988800,1776990600,GCM2026,1800,1787683574
GC,1776990600,1776992400,GCM2026,1800,1787683584
GC,1776992400,1776994200,GCM2026,1800,1787683594
GC,1776994200,1776996000,GCM2026,1800,1787683604
GC,1776996000,1776997800,GCM2026,1800,1787683614
GC,1776997800,1776999600,GCM2026,1800,1787683624
GC,1776999600,1777001400,GCM2026,1800,1787683634
GC,1777001400,1777003200,GCM2026,1800,1787683644
GC,1777003200,1777005000,GCM2026,1800,1787683654
GC,1777005000,1777006800,GCM2026,1800,1787683664
GC,1777006800,1777008600,GCM2026,1800,1787683674
GC,1777008600,1777010400,GCM2026,1800,1787683684
GC,1777010400,1777012200,GCM2026,1800,1787683694
GC,1777012200,1777014000,GCM2026,1800,1787683704
GC,1777014000,1777015800,GCM2026,1800,1787683714
GC,1777015800,1777017600,GCM2026,1800,1787683724
GC,1777017600,1777019400,GCM2026,1800,1787683734
GC,1777019400,1777021200,GCM2026,1800,1787683744
GC,1777021200,1777023000,GCM2026,1800,1787683754
GC,1777023000,1777024800,GCM2026,1800,1787683764
GC,1777024800,1777026600,GCM2026,1800,1787683774
GC,1777026600,1777028400,GCM2026,1800,1787683784
GC,1777028400,1777030200,GCM2026,1800,1787683794
GC,1777030200,1777032000,GCM2026,1800,1787683804
GC,1777032000,1777033800,GCM2026,1800,1787683814
GC,1777033800,1777035600,GCM2026,1800,1787683824
GC,1777035600,1777037400,GCM2026,1800,1787683834
GC,1777037400,1777039200,GCM2026,1800,1787683844
GC,1777039200,1777041000,GCM2026,1800,1787683854
GC,1777041000,1777042800,GCM2026,1800,1787683864
GC,1777042800,1777044600,GCM2026,1800,1787683874
GC,1777044600,1777046400,GCM2026,1800,1787683884
GC,1777046400,1777048200,GCM2026,1800,1787683894
GC,1777048200,1777050000,GCM2026,1800,1787683904
GC,1777050000,1777051800,GCM2026,1800,1787683914
GC,1777051800,1777053600,GCM2026,1800,1787683924
GC,1777053600,1777055400,GCM2026,1800,1787683934
GC,1777055400,1777057200,GCM2026,1800,1787683944
GC,1777057200,1777059000,GCM2026,1800,1787683954
GC,1777059000,1777060800,GCM2026,1800,1787683964
GC,1777060800,1777062600,GCM2026,1800,1787683974
GC,1777062600,1777064400,GCM2026,1800,1787683984
GC,1777240800,1777242600,GCM2026,1800,1787683994
GC,1777242600,1777244400,GCM2026,1800,1787684004
GC,1777244400,1777246200,GCM2026,1800,1787684014
GC,1777246200,1777248000,GCM2026,1800,1787684024
GC,1777248000,1777249800,GCM2026,1800,1787684034
GC,1777249800,1777251600,GCM2026,1800,1787684044
GC,1777251600,1777253400,GCM2026,1800,1787684054
GC,1777253400,1777255200,GCM2026,1800,1787684064
GC,1777255200,1777257000,GCM2026,1800,1787684074
GC,1777257000,1777258800,GCM2026,1800,1787684084
GC,1777258800,1777260600,GCM2026,1800,1787684094
GC,1777260600,1777262400,GCM2026,1800,1787684104
GC,1777262400,1777264200,GCM2026,1800,1787684114
GC,1777264200,1777266000,GCM2026,1800,1787684124
GC,1777266000,1777267800,GCM2026,1800,1787684134
GC,1777267800,1777269600,GCM2026,1800,1787684144
GC,1777269600,1777271400,GCM2026,1800,1787684154
GC,1777271400,1777273200,GCM2026,1800,1787684164
GC,1777273200,1777275000,GCM2026,1800,1787684174
GC,1777275000,1777276800,GCM2026,1800,1787684184
GC,1777276800,1777278600,GCM2026,1800,1787684194
GC,1777278600,1777280400,GCM2026,1800,1787684204
GC,1777280400,1777282200,GCM2026,1800,1787684214
GC,1777282200,1777284000,GCM2026,1800,1787684224
GC,1777284000,1777285800,GCM2026,1800,1787684234
GC,1777285800,1777287600,GCM2026,1800,1787684244
GC,1777287600,1777289400,GCM2026,1800,1787684254
GC,1777289400,1777291200,GCM2026,1800,1787684264
GC,1777291200,1777293000,GCM2026,1800,1787684274
GC,1777293000,1777294800,GCM2026,1800,1787684284
GC,1777294800,1777296600,GCM2026,1800,1787684294
GC,1777296600,1777298400,GCM2026,1800,1787684304
GC,1777298400,1777300200,GCM2026,1800,1787684314
GC,1777300200,1777302000,GCM2026,1800,1787684324
GC,1777302000,1777303800,GCM2026,1800,1787684334
GC,1777303800,1777305600,GCM2026,1800,1787684344
GC,1777305600,1777307400,GCM2026,1800,1787684354
GC,1777307400,1777309200,GCM2026,1800,1787684364
GC,1777309200,1777311000,GCM2026,1800,1787684374
GC,1777311000,1777312800,GCM2026,1800,1787684384
GC,1777312800,1777314600,GCM2026,1800,1787684394
GC,1777314600,1777316400,GCM2026,1800,1787684404
GC,1777316400,1777318200,GCM2026,1800,1787684414
GC,1777318200,1777320000,GCM2026,1800,1787684424
GC,1777320000,1777321800,GCM2026,1800,1787684434
GC,1777321800,1777323600,GCM2026,1800,1787684444
GC,1777327200,1777329000,GCM2026,1800,1787684454
GC,1777329000,1777330800,GCM2026,1800,1787684464
GC,1777330800,1777332600,GCM2026,1800,1787684476
GC,1777332600,1777334400,GCM2026,1800,1787684487
GC,1777334400,1777336200,GCM2026,1800,1787684494
GC,1777336200,1777338000,GCM2026,1800,1787684504
GC,1777338000,1777339800,GCM2026,1800,1787684514
GC,1777339800,1777341600,GCM2026,1800,1787684524
GC,1777341600,1777343400,GCM2026,1800,1787684534
GC,1777343400,1777345200,GCM2026,1800,1787684545
GC,1777345200,1777347000,GCM2026,1800,1787684554
GC,1777347000,1777348800,GCM2026,1800,1787684564
GC,1777348800,1777350600,GCM2026,1800,1787684575
GC,1777350600,1777352400,GCM2026,1800,1787684584
GC,1777352400,1777354200,GCM2026,1800,1787684594
GC,1777354200,1777356000,GCM2026,1800,1787684604
GC,1777356000,1777357800,GCM2026,1800,1787684614
GC,1777357800,1777359600,GCM2026,1800,1787684624
GC,1777359600,1777361400,GCM2026,1800,1787684634
GC,1777361400,1777363200,GCM2026,1800,1787684644
GC,1777363200,1777365000,GCM2026,1800,1787684654
GC,1777365000,1777366800,GCM2026,1800,1787684664
GC,1777366800,1777368600,GCM2026,1800,1787684674
GC,1777368600,1777370400,GCM2026,1800,1787684684
GC,1777370400,1777372200,GCM2026,1800,1787684694
GC,1777372200,1777374000,GCM2026,1800,1787684704
GC,1777374000,1777375800,GCM2026,1800,1787684714
GC,1777375800,1777377600,GCM2026,1800,1787684724
GC,1777377600,1777379400,GCM2026,1800,1787684745
GC,1777379400,1777381200,GCM2026,1800,1787684746
GC,1777381200,1777383000,GCM2026,1800,1787684756
GC,1777383000,1777384800,GCM2026,1800,1787684766
GC,1777384800,1777386600,GCM2026,1800,1787684776
GC,1777386600,1777388400,GCM2026,1800,1787684786
GC,1777388400,1777390200,GCM2026,1800,1787684796
GC,1777390200,1777392000,GCM2026,1800,1787684806
GC,1777392000,1777393800,GCM2026,1800,1787684816
GC,1777393800,1777395600,GCM2026,1800,1787684826
GC,1777395600,1777397400,GCM2026,1800,1787684836
GC,1777397400,1777399200,GCM2026,1800,1787684846
GC,1777399200,1777401000,GCM2026,1800,1787684856
GC,1777401000,1777402800,GCM2026,1800,1787684866
GC,1777402800,1777404600,GCM2026,1800,1787684876
GC,1777404600,1777406400,GCM2026,1800,1787684886
GC,1777406400,1777408200,GCM2026,1800,1787684896
GC,1777408200,1777410000,GCM2026,1800,1787684906
GC,1777413600,1777415400,GCM2026,1800,1787684916
GC,1777415400,1777417200,GCM2026,1800,1787684926
GC,1777417200,1777419000,GCM2026,1800,1787684936
GC,1777419000,1777420800,GCM2026,1800,1787684946
GC,1777420800,1777422600,GCM2026,1800,1787684956
GC,1777422600,1777424400,GCM2026,1800,1787684966
GC,1777424400,1777426200,GCM2026,1800,1787684976
GC,1777426200,1777428000,GCM2026,1800,1787684986
GC,1777428000,1777429800,GCM2026,1800,1787684996
GC,1777429800,1777431600,GCM2026,1800,1787685006
GC,1777431600,1777433400,GCM2026,1800,1787685016
GC,1777433400,1777435200,GCM2026,1800,1787685026
GC,1777435200,1777437000,GCM2026,1800,1787685036
GC,1777437000,1777438800,GCM2026,1800,1787685046
GC,1777438800,1777440600,GCM2026,1800,1787685056
GC,1777440600,1777442400,GCM2026,1800,1787685066
GC,1777442400,1777444200,GCM2026,1800,1787685076
GC,1777444200,1777446000,GCM2026,1800,1787685086
GC,1777446000,1777447800,GCM2026,1800,1787685096
GC,1777447800,1777449600,GCM2026,1800,1787685106
GC,1777449600,1777451400,GCM2026,1800,1787685116
GC,1777451400,1777453200,GCM2026,1800,1787685126
GC,1777453200,1777455000,GCM2026,1800,1787685136
GC,1777455000,1777456800,GCM2026,1800,1787685146
GC,1777456800,1777458600,GCM2026,1800,1787685156
GC,1777458600,1777460400,GCM2026,1800,1787685166
GC,1777460400,1777462200,GCM2026,1800,1787685176
GC,1777462200,1777464000,GCM2026,1800,1787685186
GC,1777464000,1777465800,GCM2026,1800,1787685196
GC,1777465800,1777467600,GCM2026,1800,1787685206
GC,1777467600,1777469400,GCM2026,1800,1787685216
GC,1777469400,1777471200,GCM2026,1800,1787685226
GC,1777471200,1777473000,GCM2026,1800,1787685236
GC,1777473000,1777474800,GCM2026,1800,1787685246
GC,1777474800,1777476600,GCM2026,1800,1787685256
GC,1777476600,1777478400,GCM2026,1800,1787685266
GC,1777478400,1777480200,GCM2026,1800,1787685276
GC,1777480200,1777482000,GCM2026,1800,1787685286
GC,1777482000,1777483800,GCM2026,1800,1787685296
GC,1777483800,1777485600,GCM2026,1800,1787685306
GC,1777485600,1777487400,GCM2026,1800,1787685316
GC,1777487400,1777489200,GCM2026,1800,1787685326
GC,1777489200,1777491000,GCM2026,1800,1787685336
GC,1777491000,1777492800,GCM2026,1800,1787685346
GC,1777492800,1777494600,GCM2026,1800,1787685356
GC,1777494600,1777496400,GCM2026,1800,1787685366
GC,1777500000,1777501800,GCM2026,1800,1787685376
GC,1777501800,1777503600,GCM2026,1800,1787685386
GC,1777503600,1777505400,GCM2026,1800,1787685396
GC,1777505400,1777507200,GCM2026,1800,1787685406
GC,1777507200,1777509000,GCM2026,1800,1787685416
GC,1777509000,1777510800,GCM2026,1800,1787685426
GC,1777510800,1777512600,GCM2026,1800,1787685436
GC,1777512600,1777514400,GCM2026,1800,1787685446
GC,1777514400,1777516200,GCM2026,1800,1787685456
GC,1777516200,1777518000,GCM2026,1800,1787685466
GC,1777518000,1777519800,GCM2026,1800,1787685476
GC,1777519800,1777521600,GCM2026,1800,1787685486
GC,1777521600,1777523400,GCM2026,1800,1787685496
GC,1777523400,1777525200,GCM2026,1800,1787685506
GC,1777525200,1777527000,GCM2026,1800,1787685516
GC,1777527000,1777528800,GCM2026,1800,1787685526
GC,1777528800,1777530600,GCM2026,1800,1787685536
GC,1777530600,1777532400,GCM2026,1800,1787685546
GC,1777532400,1777534200,GCM2026,1800,1787685556
GC,1777534200,1777536000,GCM2026,1800,1787685566
GC,1777536000,1777537800,GCM2026,1800,1787685576
GC,1777537800,1777539600,GCM2026,1800,1787685586
GC,1777539600,1777541400,GCM2026,1800,1787685596
GC,1777541400,1777543200,GCM2026,1800,1787685606
GC,1777543200,1777545000,GCM2026,1800,1787685616
GC,1777545000,1777546800,GCM2026,1800,1787685626
GC,1777546800,1777548600,GCM2026,1800,1787685636
GC,1777548600,1777550400,GCM2026,1800,1787685646
GC,1777550400,1777552200,GCM2026,1800,1787685656
GC,1777552200,1777554000,GCM2026,1800,1787685666
GC,1777554000,1777555800,GCM2026,1800,1787685676
GC,1777555800,1777557600,GCM2026,1800,1787685686
GC,1777557600,1777559400,GCM2026,1800,1787685696
GC,1777559400,1777561200,GCM2026,1800,1787685706
GC,1777561200,1777563000,GCM2026,1800,1787685716
GC,1777563000,1777564800,GCM2026,1800,1787685726
GC,1777564800,1777566600,GCM2026,1800,1787685736
GC,1777566600,1777568400,GCM2026,1800,1787685746
GC,1777568400,1777570200,GCM2026,1800,1787685756
GC,1777570200,1777572000,GCM2026,1800,1787685766
GC,1777572000,1777573800,GCM2026,1800,1787685776
GC,1777573800,1777575600,GCM2026,1800,1787685786
GC,1777575600,1777577400,GCM2026,1800,1787685796
GC,1777577400,1777579200,GCM2026,1800,1787685806
GC,1777579200,1777581000,GCM2026,1800,1787685816
GC,1777581000,1777582800,GCM2026,1800,1787685826
GC,1777586400,1777588200,GCM2026,1800,1787685836
GC,1777588200,1777590000,GCM2026,1800,1787685846
GC,1777590000,1777591800,GCM2026,1800,1787685856
GC,1777591800,1777593600,GCM2026,1800,1787685866
GC,1777593600,1777595400,GCM2026,1800,1787685876
GC,1777595400,1777597200,GCM2026,1800,1787685886
GC,1777597200,1777599000,GCM2026,1800,1787685896
GC,1777599000,1777600800,GCM2026,1800,1787685906
GC,1777600800,1777602600,GCM2026,1800,1787685916
GC,1777602600,1777604400,GCM2026,1800,1787685926
GC,1777604400,1777606200,GCM2026,1800,1787685936
GC,1777606200,1777608000,GCM2026,1800,1787685946
GC,1777608000,1777609800,GCM2026,1800,1787685956
GC,1777609800,1777611600,GCM2026,1800,1787685966
GC,1777611600,1777613400,GCM2026,1800,1787685976
GC,1777613400,1777615200,GCM2026,1800,1787685986
GC,1777615200,1777617000,GCM2026,1800,1787685996
GC,1777617000,1777618800,GCM2026,1800,1787686006
GC,1777618800,1777620600,GCM2026,1800,1787686016
GC,1777620600,1777622400,GCM2026,1800,1787686026
GC,1777622400,1777624200,GCM2026,1800,1787686036
GC,1777624200,1777626000,GCM2026,1800,1787686046
GC,1777626000,1777627800,GCM2026,1800,1787686056
GC,1777627800,1777629600,GCM2026,1800,1787686066
GC,1777629600,1777631400,GCM2026,1800,1787686076
GC,1777631400,1777633200,GCM2026,1800,1787686086
GC,1777633200,1777635000,GCM2026,1800,1787686096
GC,1777635000,1777636800,GCM2026,1800,1787686106
GC,1777636800,1777638600,GCM2026,1800,1787686116
GC,1777638600,1777640400,GCM2026,1800,1787686126
GC,1777640400,1777642200,GCM2026,1800,1787686136
GC,1777642200,1777644000,GCM2026,1800,1787686146
GC,1777644000,1777645800,GCM2026,1800,1787686156
GC,1777645800,1777647600,GCM2026,1800,1787686166
GC,1777647600,1777649400,GCM2026,1800,1787686176
GC,1777649400,1777651200,GCM2026,1800,1787686186
GC,1777651200,1777653000,GCM2026,1800,1787686196
GC,1777653000,1777654800,GCM2026,1800,1787686206
GC,1777654800,1777656600,GCM2026,1800,1787686216
GC,1777656600,1777658400,GCM2026,1800,1787686226
GC,1777658400,1777660200,GCM2026,1800,1787686236
GC,1777660200,1777662000,GCM2026,1800,1787686246
GC,1777662000,1777663800,GCM2026,1800,1787686256
GC,1777663800,1777665600,GCM2026,1800,1787686266
GC,1777665600,1777667400,GCM2026,1800,1787686276
GC,1777667400,1777669200,GCM2026,1800,1787686286
GC,1777845600,1777847400,GCM2026,1800,1787686296
GC,1777847400,1777849200,GCM2026,1800,1787686306
GC,1777849200,1777851000,GCM2026,1800,1787686316
GC,1777851000,1777852800,GCM2026,1800,1787686326
GC,1777852800,1777854600,GCM2026,1800,1787686336
GC,1777854600,1777856400,GCM2026,1800,1787686346
GC,1777856400,1777858200,GCM2026,1800,1787686356
GC,1777858200,1777860000,GCM2026,1800,1787686366
GC,1777860000,1777861800,GCM2026,1800,1787686376
GC,1777861800,1777863600,GCM2026,1800,1787686386
GC,1777863600,1777865400,GCM2026,1800,1787686396
GC,1777865400,1777867200,GCM2026,1800,1787686406
GC,1777867200,1777869000,GCM2026,1800,1787686416
GC,1777869000,1777870800,GCM2026,1800,1787686426
GC,1777870800,1777872600,GCM2026,1800,1787686436
GC,1777872600,1777874400,GCM2026,1800,1787686446
GC,1777874400,1777876200,GCM2026,1800,1787686456
GC,1777876200,1777878000,GCM2026,1800,1787686466
GC,1777878000,1777879800,GCM2026,1800,1787686476
GC,1777879800,1777881600,GCM2026,1800,1787686486
GC,1777881600,1777883400,GCM2026,1800,1787686496
GC,1777883400,1777885200,GCM2026,1800,1787686506
GC,1777885200,1777887000,GCM2026,1800,1787686516
GC,1777887000,1777888800,GCM2026,1800,1787686526
GC,1777888800,1777890600,GCM2026,1800,1787686536
GC,1777890600,1777892400,GCM2026,1800,1787686546
GC,1777892400,1777894200,GCM2026,1800,1787686556
GC,1777894200,1777896000,GCM2026,1800,1787686566
GC,1777896000,1777897800,GCM2026,1800,1787686576
GC,1777897800,1777899600,GCM2026,1800,1787686586
GC,1777899600,1777901400,GCM2026,1800,1787686596
GC,1777901400,1777903200,GCM2026,1800,1787686606
GC,1777903200,1777905000,GCM2026,1800,1787686616
GC,1777905000,1777906800,GCM2026,1800,1787686626
GC,1777906800,1777908600,GCM2026,1800,1787686636
GC,1777908600,1777910400,GCM2026,1800,1787686646
GC,1777910400,1777912200,GCM2026,1800,1787686656
GC,1777912200,1777914000,GCM2026,1800,1787686666
GC,1777914000,1777915800,GCM2026,1800,1787686676
GC,1777915800,1777917600,GCM2026,1800,1787686686
GC,1777917600,1777919400,GCM2026,1800,1787686696
GC,1777919400,1777921200,GCM2026,1800,1787686706
GC,1777921200,1777923000,GCM2026,1800,1787686716
GC,1777923000,1777924800,GCM2026,1800,1787686726
GC,1777924800,1777926600,GCM2026,1800,1787686736
GC,1777926600,1777928400,GCM2026,1800,1787686746
GC,1777932000,1777933800,GCM2026,1800,1787686756
GC,1777933800,1777935600,GCM2026,1800,1787686766
GC,1777935600,1777937400,GCM2026,1800,1787686776
GC,1777937400,1777939200,GCM2026,1800,1787686786
GC,1777939200,1777941000,GCM2026,1800,1787686796
GC,1777941000,1777942800,GCM2026,1800,1787686806
GC,1777942800,1777944600,GCM2026,1800,1787686816
GC,1777944600,1777946400,GCM2026,1800,1787686826
GC,1777946400,1777948200,GCM2026,1800,1787686836
GC,1777948200,1777950000,GCM2026,1800,1787686846
GC,1777950000,1777951800,GCM2026,1800,1787686856
GC,1777951800,1777953600,GCM2026,1800,1787686866
GC,1777953600,1777955400,GCM2026,1800,1787686876
GC,1777955400,1777957200,GCM2026,1800,1787686886
GC,1777957200,1777959000,GCM2026,1800,1787686896
GC,1777959000,1777960800,GCM2026,1800,1787686921
GC,1777960800,1777962600,GCM2026,1800,1787686931
GC,1777962600,1777964400,GCM2026,1800,1787686941
GC,1777964400,1777966200,GCM2026,1800,1787686951
GC,1777966200,1777968000,GCM2026,1800,1787686961
GC,1777968000,1777969800,GCM2026,1800,1787686971
GC,1777969800,1777971600,GCM2026,1800,1787686981
GC,1777971600,1777973400,GCM2026,1800,1787686991
GC,1777973400,1777975200,GCM2026,1800,1787687001
GC,1777975200,1777977000,GCM2026,1800,1787687011
GC,1777977000,1777978800,GCM2026,1800,1787687021
GC,1777978800,1777980600,GCM2026,1800,1787687031
GC,1777980600,1777982400,GCM2026,1800,1787687041
GC,1777982400,1777984200,GCM2026,1800,1787687051
GC,1777984200,1777986000,GCM2026,1800,1787687061
GC,1777986000,1777987800,GCM2026,1800,1787687071
GC,1777987800,1777989600,GCM2026,1800,1787687081
GC,1777989600,1777991400,GCM2026,1800,1787687091
GC,1777991400,1777993200,GCM2026,1800,1787687101
GC,1777993200,1777995000,GCM2026,1800,1787687111
GC,1777995000,1777996800,GCM2026,1800,1787687121
GC,1777996800,1777998600,GCM2026,1800,1787687131
GC,1777998600,1778000400,GCM2026,1800,1787687141
GC,1778000400,1778002200,GCM2026,1800,1787687151
GC,1778002200,1778004000,GCM2026,1800,1787687161
GC,1778004000,1778005800,GCM2026,1800,1787687171
GC,1778005800,1778007600,GCM2026,1800,1787687181
GC,1778007600,1778009400,GCM2026,1800,1787687191
GC,1778009400,1778011200,GCM2026,1800,1787687201
GC,1778011200,1778013000,GCM2026,1800,1787687211
GC,1778013000,1778014800,GCM2026,1800,1787687221
GC,1778018400,1778020200,GCM2026,1800,1787687231
GC,1778020200,1778022000,GCM2026,1800,1787687241
GC,1778022000,1778023800,GCM2026,1800,1787687251
GC,1778023800,1778025600,GCM2026,1800,1787687261
GC,1778025600,1778027400,GCM2026,1800,1787687271
GC,1778027400,1778029200,GCM2026,1800,1787687281
GC,1778029200,1778031000,GCM2026,1800,1787687291
GC,1778031000,1778032800,GCM2026,1800,1787687301
GC,1778032800,1778034600,GCM2026,1800,1787687311
GC,1778034600,1778036400,GCM2026,1800,1787687321
GC,1778036400,1778038200,GCM2026,1800,1787687331
GC,1778038200,1778040000,GCM2026,1800,1787687341
GC,1778040000,1778041800,GCM2026,1800,1787687351
GC,1778041800,1778043600,GCM2026,1800,1787687361
GC,1778043600,1778045400,GCM2026,1800,1787687371
GC,1778045400,1778047200,GCM2026,1800,1787687381
GC,1778047200,1778049000,GCM2026,1800,1787687391
GC,1778049000,1778050800,GCM2026,1800,1787687401
GC,1778050800,1778052600,GCM2026,1800,1787687411
GC,1778052600,1778054400,GCM2026,1800,1787687421
GC,1778054400,1778056200,GCM2026,1800,1787687431
GC,1778056200,1778058000,GCM2026,1800,1787687441
GC,1778058000,1778059800,GCM2026,1800,1787687451
GC,1778059800,1778061600,GCM2026,1800,1787687461
GC,1778061600,1778063400,GCM2026,1800,1787687471
GC,1778063400,1778065200,GCM2026,1800,1787687481
GC,1778065200,1778067000,GCM2026,1800,1787687491
GC,1778067000,1778068800,GCM2026,1800,1787687501
GC,1778068800,1778070600,GCM2026,1800,1787687511
GC,1778070600,1778072400,GCM2026,1800,1787687521
GC,1778072400,1778074200,GCM2026,1800,1787687531
GC,1778074200,1778076000,GCM2026,1800,1787687541
GC,1778076000,1778077800,GCM2026,1800,1787687551
GC,1778077800,1778079600,GCM2026,1800,1787687561
GC,1778079600,1778081400,GCM2026,1800,1787687572
GC,1778081400,1778083200,GCM2026,1800,1787687581
GC,1778083200,1778085000,GCM2026,1800,1787687591
GC,1778085000,1778086800,GCM2026,1800,1787687601
GC,1778086800,1778088600,GCM2026,1800,1787687611
GC,1778088600,1778090400,GCM2026,1800,1787687621
GC,1778090400,1778092200,GCM2026,1800,1787687631
GC,1778092200,1778094000,GCM2026,1800,1787687641
GC,1778094000,1778095800,GCM2026,1800,1787687651
GC,1778095800,1778097600,GCM2026,1800,1787687661
GC,1778097600,1778099400,GCM2026,1800,1787687671
GC,1778099400,1778101200,GCM2026,1800,1787687681
GC,1778104800,1778106600,GCM2026,1800,1787687691
GC,1778106600,1778108400,GCM2026,1800,1787687701
GC,1778108400,1778110200,GCM2026,1800,1787687711
GC,1778110200,1778112000,GCM2026,1800,1787687721
GC,1778112000,1778113800,GCM2026,1800,1787687731
GC,1778113800,1778115600,GCM2026,1800,1787687741
GC,1778115600,1778117400,GCM2026,1800,1787687751
GC,1778117400,1778119200,GCM2026,1800,1787687761
GC,1778119200,1778121000,GCM2026,1800,1787687771
GC,1778121000,1778122800,GCM2026,1800,1787687781
GC,1778122800,1778124600,GCM2026,1800,1787687791
GC,1778124600,1778126400,GCM2026,1800,1787687801
GC,1778126400,1778128200,GCM2026,1800,1787687811
GC,1778128200,1778130000,GCM2026,1800,1787687821
GC,1778130000,1778131800,GCM2026,1800,1787687831
GC,1778131800,1778133600,GCM2026,1800,1787687841
GC,1778133600,1778135400,GCM2026,1800,1787687851
GC,1778135400,1778137200,GCM2026,1800,1787687861
GC,1778137200,1778139000,GCM2026,1800,1787687871
GC,1778139000,1778140800,GCM2026,1800,1787687881
GC,1778140800,1778142600,GCM2026,1800,1787687891
GC,1778142600,1778144400,GCM2026,1800,1787687901
GC,1778144400,1778146200,GCM2026,1800,1787687911
GC,1778146200,1778148000,GCM2026,1800,1787687921
GC,1778148000,1778149800,GCM2026,1800,1787687931
GC,1778149800,1778151600,GCM2026,1800,1787687941
GC,1778151600,1778153400,GCM2026,1800,1787687951
GC,1778153400,1778155200,GCM2026,1800,1787687961
GC,1778155200,1778157000,GCM2026,1800,1787687971
GC,1778157000,1778158800,GCM2026,1800,1787687981
GC,1778158800,1778160600,GCM2026,1800,1787687991
GC,1778160600,1778162400,GCM2026,1800,1787688001
GC,1778162400,1778164200,GCM2026,1800,1787688011
GC,1778164200,1778166000,GCM2026,1800,1787688021
GC,1778166000,1778167800,GCM2026,1800,1787688031
GC,1778167800,1778169600,GCM2026,1800,1787688041
GC,1778169600,1778171400,GCM2026,1800,1787688051
GC,1778171400,1778173200,GCM2026,1800,1787688061
GC,1778173200,1778175000,GCM2026,1800,1787688071
GC,1778175000,1778176800,GCM2026,1800,1787688081
GC,1778176800,1778178600,GCM2026,1800,1787688091
GC,1778178600,1778180400,GCM2026,1800,1787688101
GC,1778180400,1778182200,GCM2026,1800,1787688111
GC,1778182200,1778184000,GCM2026,1800,1787688136
GC,1778184000,1778185800,GCM2026,1800,1787688146
GC,1778185800,1778187600,GCM2026,1800,1787688156
GC,1778191200,1778193000,GCM2026,1800,1787688166
GC,1778193000,1778194800,GCM2026,1800,1787688176
GC,1778194800,1778196600,GCM2026,1800,1787688186
GC,1778196600,1778198400,GCM2026,1800,1787688196
GC,1778198400,1778200200,GCM2026,1800,1787688206
GC,1778200200,1778202000,GCM2026,1800,1787688216
GC,1778202000,1778203800,GCM2026,1800,1787688226
GC,1778203800,1778205600,GCM2026,1800,1787688236
GC,1778205600,1778207400,GCM2026,1800,1787688246
GC,1778207400,1778209200,GCM2026,1800,1787688256
GC,1778209200,1778211000,GCM2026,1800,1787688266
GC,1778211000,1778212800,GCM2026,1800,1787688276
GC,1778212800,1778214600,GCM2026,1800,1787688286
GC,1778214600,1778216400,GCM2026,1800,1787688296
GC,1778216400,1778218200,GCM2026,1800,1787688306
GC,1778218200,1778220000,GCM2026,1800,1787688316
GC,1778220000,1778221800,GCM2026,1800,1787688326
GC,1778221800,1778223600,GCM2026,1800,1787688336
GC,1778223600,1778225400,GCM2026,1800,1787688346
GC,1778225400,1778227200,GCM2026,1800,1787688356
GC,1778227200,1778229000,GCM2026,1800,1787688366
GC,1778229000,1778230800,GCM2026,1800,1787688376
GC,1778230800,1778232600,GCM2026,1800,1787688386
GC,1778232600,1778234400,GCM2026,1800,1787688396
GC,1778234400,1778236200,GCM2026,1800,1787688406
GC,1778236200,1778238000,GCM2026,1800,1787688416
GC,1778238000,1778239800,GCM2026,1800,1787688426
GC,1778239800,1778241600,GCM2026,1800,1787688436
GC,1778241600,1778243400,GCM2026,1800,1787688446
GC,1778243400,1778245200,GCM2026,1800,1787688456
GC,1778245200,1778247000,GCM2026,1800,1787688466
GC,1778247000,1778248800,GCM2026,1800,1787688476
GC,1778248800,1778250600,GCM2026,1800,1787688486
GC,1778250600,1778252400,GCM2026,1800,1787688496
GC,1778252400,1778254200,GCM2026,1800,1787688506
GC,1778254200,1778256000,GCM2026,1800,1787688516
GC,1778256000,1778257800,GCM2026,1800,1787688526
GC,1778257800,1778259600,GCM2026,1800,1787688536
GC,1778259600,1778261400,GCM2026,1800,1787688546
GC,1778261400,1778263200,GCM2026,1800,1787688556
GC,1778263200,1778265000,GCM2026,1800,1787688566
GC,1778265000,1778266800,GCM2026,1800,1787688576
GC,1778266800,1778268600,GCM2026,1800,1787688586
GC,1778268600,1778270400,GCM2026,1800,1787688596
GC,1778270400,1778272200,GCM2026,1800,1787688606
GC,1778272200,1778274000,GCM2026,1800,1787688616
GC,1778450400,1778452200,GCM2026,1800,1787688626
GC,1778452200,1778454000,GCM2026,1800,1787688636
GC,1778454000,1778455800,GCM2026,1800,1787688646
GC,1778455800,1778457600,GCM2026,1800,1787688656
GC,1778457600,1778459400,GCM2026,1800,1787688666
GC,1778459400,1778461200,GCM2026,1800,1787688676
GC,1778461200,1778463000,GCM2026,1800,1787688686
GC,1778463000,1778464800,GCM2026,1800,1787688696
GC,1778464800,1778466600,GCM2026,1800,1787688706
GC,1778466600,1778468400,GCM2026,1800,1787688716
GC,1778468400,1778470200,GCM2026,1800,1787688726
GC,1778470200,1778472000,GCM2026,1800,1787688736
GC,1778472000,1778473800,GCM2026,1800,1787688746
GC,1778473800,1778475600,GCM2026,1800,1787688757
GC,1778475600,1778477400,GCM2026,1800,1787688766
GC,1778477400,1778479200,GCM2026,1800,1787688776
GC,1778479200,1778481000,GCM2026,1800,1787688786
GC,1778481000,1778482800,GCM2026,1800,1787688796
GC,1778482800,1778484600,GCM2026,1800,1787688806
GC,1778484600,1778486400,GCM2026,1800,1787688816
GC,1778486400,1778488200,GCM2026,1800,1787688826
GC,1778488200,1778490000,GCM2026,1800,1787688836
GC,1778490000,1778491800,GCM2026,1800,1787688846
GC,1778491800,1778493600,GCM2026,1800,1787688856
GC,1778493600,1778495400,GCM2026,1800,1787688866
GC,1778495400,1778497200,GCM2026,1800,1787688876
GC,1778497200,1778499000,GCM2026,1800,1787688886
GC,1778499000,1778500800,GCM2026,1800,1787688896
GC,1778500800,1778502600,GCM2026,1800,1787688906
GC,1778502600,1778504400,GCM2026,1800,1787688916
GC,1778504400,1778506200,GCM2026,1800,1787688926
GC,1778506200,1778508000,GCM2026,1800,1787688936
GC,1778508000,1778509800,GCM2026,1800,1787688946
GC,1778509800,1778511600,GCM2026,1800,1787688956
GC,1778511600,1778513400,GCM2026,1800,1787688966
GC,1778513400,1778515200,GCM2026,1800,1787688976
GC,1778515200,1778517000,GCM2026,1800,1787688986
GC,1778517000,1778518800,GCM2026,1800,1787688996
GC,1778518800,1778520600,GCM2026,1800,1787689006
GC,1778520600,1778522400,GCM2026,1800,1787689016
GC,1778522400,1778524200,GCM2026,1800,1787689026
GC,1778524200,1778526000,GCM2026,1800,1787689036
GC,1778526000,1778527800,GCM2026,1800,1787689046
GC,1778527800,1778529600,GCM2026,1800,1787689056
GC,1778529600,1778531400,GCM2026,1800,1787689066
GC,1778531400,1778533200,GCM2026,1800,1787689076
GC,1778536800,1778538600,GCM2026,1800,1787689086
GC,1778538600,1778540400,GCM2026,1800,1787689096
GC,1778540400,1778542200,GCM2026,1800,1787689106
GC,1778542200,1778544000,GCM2026,1800,1787689116
GC,1778544000,1778545800,GCM2026,1800,1787689126
GC,1778545800,1778547600,GCM2026,1800,1787689136
GC,1778547600,1778549400,GCM2026,1800,1787689146
GC,1778549400,1778551200,GCM2026,1800,1787689156
GC,1778551200,1778553000,GCM2026,1800,1787689166
GC,1778553000,1778554800,GCM2026,1800,1787689176
GC,1778554800,1778556600,GCM2026,1800,1787689186
GC,1778556600,1778558400,GCM2026,1800,1787689196
GC,1778558400,1778560200,GCM2026,1800,1787689206
GC,1778560200,1778562000,GCM2026,1800,1787689216
GC,1778562000,1778563800,GCM2026,1800,1787689226
GC,1778563800,1778565600,GCM2026,1800,1787689236
GC,1778565600,1778567400,GCM2026,1800,1787689246
GC,1778567400,1778569200,GCM2026,1800,1787689256
GC,1778569200,1778571000,GCM2026,1800,1787689266
GC,1778571000,1778572800,GCM2026,1800,1787689276
GC,1778572800,1778574600,GCM2026,1800,1787689286
GC,1778574600,1778576400,GCM2026,1800,1787689296
GC,1778576400,1778578200,GCM2026,1800,1787689306
GC,1778578200,1778580000,GCM2026,1800,1787689316
GC,1778580000,1778581800,GCM2026,1800,1787689326
GC,1778581800,1778583600,GCM2026,1800,1787689336
GC,1778583600,1778585400,GCM2026,1800,1787689346
GC,1778585400,1778587200,GCM2026,1800,1787689356
GC,1778587200,1778589000,GCM2026,1800,1787689366
GC,1778589000,1778590800,GCM2026,1800,1787689376
GC,1778590800,1778592600,GCM2026,1800,1787689386
GC,1778592600,1778594400,GCM2026,1800,1787689396
GC,1778594400,1778596200,GCM2026,1800,1787689406
GC,1778596200,1778598000,GCM2026,1800,1787689416
GC,1778598000,1778599800,GCM2026,1800,1787689426
GC,1778599800,1778601600,GCM2026,1800,1787689436
GC,1778601600,1778603400,GCM2026,1800,1787689446
GC,1778603400,1778605200,GCM2026,1800,1787689456
GC,1778605200,1778607000,GCM2026,1800,1787689466
GC,1778607000,1778608800,GCM2026,1800,1787689476
GC,1778608800,1778610600,GCM2026,1800,1787689486
GC,1778610600,1778612400,GCM2026,1800,1787689496
GC,1778612400,1778614200,GCM2026,1800,1787689506
GC,1778614200,1778616000,GCM2026,1800,1787689516
GC,1778616000,1778617800,GCM2026,1800,1787689526
GC,1778617800,1778619600,GCM2026,1800,1787689536
GC,1778623200,1778625000,GCM2026,1800,1787689546
GC,1778625000,1778626800,GCM2026,1800,1787689556
GC,1778626800,1778628600,GCM2026,1800,1787689566
GC,1778628600,1778630400,GCM2026,1800,1787689576
GC,1778630400,1778632200,GCM2026,1800,1787689586
GC,1778632200,1778634000,GCM2026,1800,1787689596
GC,1778634000,1778635800,GCM2026,1800,1787689606
GC,1778635800,1778637600,GCM2026,1800,1787689616
GC,1778637600,1778639400,GCM2026,1800,1787689626
GC,1778639400,1778641200,GCM2026,1800,1787689636
GC,1778641200,1778643000,GCM2026,1800,1787689646
GC,1778643000,1778644800,GCM2026,1800,1787689656
GC,1778644800,1778646600,GCM2026,1800,1787689666
GC,1778646600,1778648400,GCM2026,1800,1787689676
GC,1778648400,1778650200,GCM2026,1800,1787689686
GC,1778650200,1778652000,GCM2026,1800,1787689696
GC,1778652000,1778653800,GCM2026,1800,1787689706
GC,1778653800,1778655600,GCM2026,1800,1787689716
GC,1778655600,1778657400,GCM2026,1800,1787689726
GC,1778657400,1778659200,GCM2026,1800,1787689736
GC,1778659200,1778661000,GCM2026,1800,1787689746
GC,1778661000,1778662800,GCM2026,1800,1787689756
GC,1778662800,1778664600,GCM2026,1800,1787689766
GC,1778664600,1778666400,GCM2026,1800,1787689776
GC,1778666400,1778668200,GCM2026,1800,1787689786
GC,1778668200,1778670000,GCM2026,1800,1787689796
GC,1778670000,1778671800,GCM2026,1800,1787689806
GC,1778671800,1778673600,GCM2026,1800,1787689816
GC,1778673600,1778675400,GCM2026,1800,1787689826
GC,1778675400,1778677200,GCM2026,1800,1787689836
GC,1778677200,1778679000,GCM2026,1800,1787689846
GC,1778679000,1778680800,GCM2026,1800,1787689856
GC,1778680800,1778682600,GCM2026,1800,1787689866
GC,1778682600,1778684400,GCM2026,1800,1787689876
GC,1778684400,1778686200,GCM2026,1800,1787689886
GC,1778686200,1778688000,GCM2026,1800,1787689896
GC,1778688000,1778689800,GCM2026,1800,1787689906
GC,1778689800,1778691600,GCM2026,1800,1787689916
GC,1778691600,1778693400,GCM2026,1800,1787689926
GC,1778693400,1778695200,GCM2026,1800,1787689952
GC,1778695200,1778697000,GCM2026,1800,1787689962
GC,1778697000,1778698800,GCM2026,1800,1787689972
GC,1778698800,1778700600,GCM2026,1800,1787689982
GC,1778700600,1778702400,GCM2026,1800,1787689992
GC,1778702400,1778704200,GCM2026,1800,1787690002
GC,1778704200,1778706000,GCM2026,1800,1787690012
GC,1778709600,1778711400,GCM2026,1800,1787690022
GC,1778711400,1778713200,GCM2026,1800,1787690032
GC,1778713200,1778715000,GCM2026,1800,1787690042
GC,1778715000,1778716800,GCM2026,1800,1787690052
GC,1778716800,1778718600,GCM2026,1800,1787690062
GC,1778718600,1778720400,GCM2026,1800,1787690072
GC,1778720400,1778722200,GCM2026,1800,1787690082
GC,1778722200,1778724000,GCM2026,1800,1787690092
GC,1778724000,1778725800,GCM2026,1800,1787690102
GC,1778725800,1778727600,GCM2026,1800,1787690112
GC,1778727600,1778729400,GCM2026,1800,1787690122
GC,1778729400,1778731200,GCM2026,1800,1787690132
GC,1778731200,1778733000,GCM2026,1800,1787690142
GC,1778733000,1778734800,GCM2026,1800,1787690152
GC,1778734800,1778736600,GCM2026,1800,1787690162
GC,1778736600,1778738400,GCM2026,1800,1787690172
GC,1778738400,1778740200,GCM2026,1800,1787690182
GC,1778740200,1778742000,GCM2026,1800,1787690192
GC,1778742000,1778743800,GCM2026,1800,1787690202
GC,1778743800,1778745600,GCM2026,1800,1787690212
GC,1778745600,1778747400,GCM2026,1800,1787690222
GC,1778747400,1778749200,GCM2026,1800,1787690232
GC,1778749200,1778751000,GCM2026,1800,1787690242
GC,1778751000,1778752800,GCM2026,1800,1787690252
GC,1778752800,1778754600,GCM2026,1800,1787690262
GC,1778754600,1778756400,GCM2026,1800,1787690272
GC,1778756400,1778758200,GCM2026,1800,1787690282
GC,1778758200,1778760000,GCM2026,1800,1787690292
GC,1778760000,1778761800,GCM2026,1800,1787690302
GC,1778761800,1778763600,GCM2026,1800,1787690312
GC,1778763600,1778765400,GCM2026,1800,1787690322
GC,1778765400,1778767200,GCM2026,1800,1787690332
GC,1778767200,1778769000,GCM2026,1800,1787690342
GC,1778769000,1778770800,GCM2026,1800,1787690352
GC,1778770800,1778772600,GCM2026,1800,1787690362
GC,1778772600,1778774400,GCM2026,1800,1787690372
GC,1778774400,1778776200,GCM2026,1800,1787690382
GC,1778776200,1778778000,GCM2026,1800,1787690392
GC,1778778000,1778779800,GCM2026,1800,1787690402
GC,1778779800,1778781600,GCM2026,1800,1787690412
GC,1778781600,1778783400,GCM2026,1800,1787690422
GC,1778783400,1778785200,GCM2026,1800,1787690432
GC,1778785200,1778787000,GCM2026,1800,1787690442
GC,1778787000,1778788800,GCM2026,1800,1787690452
GC,1778788800,1778790600,GCM2026,1800,1787690462
GC,1778790600,1778792400,GCM2026,1800,1787690472
GC,1778796000,1778797800,GCM2026,1800,1787690482
GC,1778797800,1778799600,GCM2026,1800,1787690492
GC,1778799600,1778801400,GCM2026,1800,1787690502
GC,1778801400,1778803200,GCM2026,1800,1787690512
GC,1778803200,1778805000,GCM2026,1800,1787690522
GC,1778805000,1778806800,GCM2026,1800,1787690532
GC,1778806800,1778808600,GCM2026,1800,1787690542
GC,1778808600,1778810400,GCM2026,1800,1787690552
GC,1778810400,1778812200,GCM2026,1800,1787690562
GC,1778812200,1778814000,GCM2026,1800,1787690572
GC,1778814000,1778815800,GCM2026,1800,1787690582
GC,1778815800,1778817600,GCM2026,1800,1787690592
GC,1778817600,1778819400,GCM2026,1800,1787690602
GC,1778819400,1778821200,GCM2026,1800,1787690612
GC,1778821200,1778823000,GCM2026,1800,1787690622
GC,1778823000,1778824800,GCM2026,1800,1787690632
GC,1778824800,1778826600,GCM2026,1800,1787690642
GC,1778826600,1778828400,GCM2026,1800,1787690652
GC,1778828400,1778830200,GCM2026,1800,1787690662
GC,1778830200,1778832000,GCM2026,1800,1787690672
GC,1778832000,1778833800,GCM2026,1800,1787690682
GC,1778833800,1778835600,GCM2026,1800,1787690692
GC,1778835600,1778837400,GCM2026,1800,1787690702
GC,1778837400,1778839200,GCM2026,1800,1787690712
GC,1778839200,1778841000,GCM2026,1800,1787690722
GC,1778841000,1778842800,GCM2026,1800,1787690732
GC,1778842800,1778844600,GCM2026,1800,1787690742
GC,1778844600,1778846400,GCM2026,1800,1787690752
GC,1778846400,1778848200,GCM2026,1800,1787690762
GC,1778848200,1778850000,GCM2026,1800,1787690772
GC,1778850000,1778851800,GCM2026,1800,1787690782
GC,1778851800,1778853600,GCM2026,1800,1787690792
GC,1778853600,1778855400,GCM2026,1800,1787690802
GC,1778855400,1778857200,GCM2026,1800,1787690812
GC,1778857200,1778859000,GCM2026,1800,1787690822
GC,1778859000,1778860800,GCM2026,1800,1787690832
GC,1778860800,1778862600,GCM2026,1800,1787690842
GC,1778862600,1778864400,GCM2026,1800,1787690852
GC,1778864400,1778866200,GCM2026,1800,1787690862
GC,1778866200,1778868000,GCM2026,1800,1787690872
GC,1778868000,1778869800,GCM2026,1800,1787690882
GC,1778869800,1778871600,GCM2026,1800,1787690892
GC,1778871600,1778873400,GCM2026,1800,1787690902
GC,1778873400,1778875200,GCM2026,1800,1787690912
GC,1778875200,1778877000,GCM2026,1800,1787690922
GC,1778877000,1778878800,GCM2026,1800,1787690932
GC,1779055200,1779057000,GCM2026,1800,1787690942
GC,1779057000,1779058800,GCM2026,1800,1787690952
GC,1779058800,1779060600,GCM2026,1800,1787690962
GC,1779060600,1779062400,GCM2026,1800,1787690972
GC,1779062400,1779064200,GCM2026,1800,1787690982
GC,1779064200,1779066000,GCM2026,1800,1787690992
GC,1779066000,1779067800,GCM2026,1800,1787691002
GC,1779067800,1779069600,GCM2026,1800,1787691012
GC,1779069600,1779071400,GCM2026,1800,1787691022
GC,1779071400,1779073200,GCM2026,1800,1787691032
GC,1779073200,1779075000,GCM2026,1800,1787691042
GC,1779075000,1779076800,GCM2026,1800,1787691052
GC,1779076800,1779078600,GCM2026,1800,1787691062
GC,1779078600,1779080400,GCM2026,1800,1787691129
GC,1779080400,1779082200,GCM2026,1800,1787691140
GC,1779082200,1779084000,GCM2026,1800,1787691140
GC,1779084000,1779085800,GCM2026,1800,1787691150
GC,1779085800,1779087600,GCM2026,1800,1787691160
GC,1779087600,1779089400,GCM2026,1800,1787691170
GC,1779089400,1779091200,GCM2026,1800,1787691180
GC,1779091200,1779093000,GCM2026,1800,1787691190
GC,1779093000,1779094800,GCM2026,1800,1787691200
GC,1779094800,1779096600,GCM2026,1800,1787691210
GC,1779096600,1779098400,GCM2026,1800,1787691220
GC,1779098400,1779100200,GCM2026,1800,1787691230
GC,1779100200,1779102000,GCM2026,1800,1787691240
GC,1779102000,1779103800,GCM2026,1800,1787691250
GC,1779103800,1779105600,GCM2026,1800,1787691260
GC,1779105600,1779107400,GCM2026,1800,1787691270
GC,1779107400,1779109200,GCM2026,1800,1787691280
GC,1779109200,1779111000,GCM2026,1800,1787691290
GC,1779111000,1779112800,GCM2026,1800,1787691300
GC,1779112800,1779114600,GCM2026,1800,1787691310
GC,1779114600,1779116400,GCM2026,1800,1787691320
GC,1779116400,1779118200,GCM2026,1800,1787691330
GC,1779118200,1779120000,GCM2026,1800,1787691340
GC,1779120000,1779121800,GCM2026,1800,1787691350
GC,1779121800,1779123600,GCM2026,1800,1787691360
GC,1779123600,1779125400,GCM2026,1800,1787691370
GC,1779125400,1779127200,GCM2026,1800,1787691380
GC,1779127200,1779129000,GCM2026,1800,1787691390
GC,1779129000,1779130800,GCM2026,1800,1787691400
GC,1779130800,1779132600,GCM2026,1800,1787691410
GC,1779132600,1779134400,GCM2026,1800,1787691420
GC,1779134400,1779136200,GCM2026,1800,1787691430
GC,1779136200,1779138000,GCM2026,1800,1787691440
GC,1779141600,1779143400,GCM2026,1800,1787691450
GC,1779143400,1779145200,GCM2026,1800,1787691460
GC,1779145200,1779147000,GCM2026,1800,1787691470
GC,1779147000,1779148800,GCM2026,1800,1787691480
GC,1779148800,1779150600,GCM2026,1800,1787691490
GC,1779150600,1779152400,GCM2026,1800,1787691500
GC,1779152400,1779154200,GCM2026,1800,1787691510
GC,1779154200,1779156000,GCM2026,1800,1787691520
GC,1779156000,1779157800,GCM2026,1800,1787691530
GC,1779157800,1779159600,GCM2026,1800,1787691540
GC,1779159600,1779161400,GCM2026,1800,1787691550
GC,1779161400,1779163200,GCM2026,1800,1787691560
GC,1779163200,1779165000,GCM2026,1800,1787691570
GC,1779165000,1779166800,GCM2026,1800,1787691580
GC,1779166800,1779168600,GCM2026,1800,1787691590
GC,1779168600,1779170400,GCM2026,1800,1787691600
GC,1779170400,1779172200,GCM2026,1800,1787691610
GC,1779172200,1779174000,GCM2026,1800,1787691620
GC,1779174000,1779175800,GCM2026,1800,1787691630
GC,1779175800,1779177600,GCM2026,1800,1787691640
GC,1779177600,1779179400,GCM2026,1800,1787691650
GC,1779179400,1779181200,GCM2026,1800,1787691660
GC,1779181200,1779183000,GCM2026,1800,1787691670
GC,1779183000,1779184800,GCM2026,1800,1787691680
GC,1779184800,1779186600,GCM2026,1800,1787691690
GC,1779186600,1779188400,GCM2026,1800,1787691700
GC,1779188400,1779190200,GCM2026,1800,1787691710
GC,1779190200,1779192000,GCM2026,1800,1787691736
GC,1779192000,1779193800,GCM2026,1800,1787691746
GC,1779193800,1779195600,GCM2026,1800,1787691756
GC,1779195600,1779197400,GCM2026,1800,1787691766
GC,1779197400,1779199200,GCM2026,1800,1787691776
GC,1779199200,1779201000,GCM2026,1800,1787691786
GC,1779201000,1779202800,GCM2026,1800,1787691796
GC,1779202800,1779204600,GCM2026,1800,1787691806
GC,1779204600,1779206400,GCM2026,1800,1787691816
GC,1779206400,1779208200,GCM2026,1800,1787691826
GC,1779208200,1779210000,GCM2026,1800,1787691836
GC,1779210000,1779211800,GCM2026,1800,1787691846
GC,1779211800,1779213600,GCM2026,1800,1787691856
GC,1779213600,1779215400,GCM2026,1800,1787691866
GC,1779215400,1779217200,GCM2026,1800,1787691876
GC,1779217200,1779219000,GCM2026,1800,1787691886
GC,1779219000,1779220800,GCM2026,1800,1787691896
GC,1779220800,1779222600,GCM2026,1800,1787691906
GC,1779222600,1779224400,GCM2026,1800,1787691916
GC,1779228000,1779229800,GCM2026,1800,1787691926
GC,1779229800,1779231600,GCM2026,1800,1787691936
GC,1779231600,1779233400,GCM2026,1800,1787691946
GC,1779233400,1779235200,GCM2026,1800,1787691956
GC,1779235200,1779237000,GCM2026,1800,1787691966
GC,1779237000,1779238800,GCM2026,1800,1787691976
GC,1779238800,1779240600,GCM2026,1800,1787691986
GC,1779240600,1779242400,GCM2026,1800,1787691996
GC,1779242400,1779244200,GCM2026,1800,1787692006
GC,1779244200,1779246000,GCM2026,1800,1787692016
GC,1779246000,1779247800,GCM2026,1800,1787692026
GC,1779247800,1779249600,GCM2026,1800,1787692036
GC,1779249600,1779251400,GCM2026,1800,1787692046
GC,1779251400,1779253200,GCM2026,1800,1787692056
GC,1779253200,1779255000,GCM2026,1800,1787692066
GC,1779255000,1779256800,GCM2026,1800,1787692076
GC,1779256800,1779258600,GCM2026,1800,1787692086
GC,1779258600,1779260400,GCM2026,1800,1787692096
GC,1779260400,1779262200,GCM2026,1800,1787692106
GC,1779262200,1779264000,GCM2026,1800,1787692116
GC,1779264000,1779265800,GCM2026,1800,1787692126
GC,1779265800,1779267600,GCM2026,1800,1787692136
GC,1779267600,1779269400,GCM2026,1800,1787692146
GC,1779269400,1779271200,GCM2026,1800,1787692156
GC,1779271200,1779273000,GCM2026,1800,1787692166
GC,1779273000,1779274800,GCM2026,1800,1787692176
GC,1779274800,1779276600,GCM2026,1800,1787692186
GC,1779276600,1779278400,GCM2026,1800,1787692196
GC,1779278400,1779280200,GCM2026,1800,1787692206
GC,1779280200,1779282000,GCM2026,1800,1787692216
GC,1779282000,1779283800,GCM2026,1800,1787692226
GC,1779283800,1779285600,GCM2026,1800,1787692236
GC,1779285600,1779287400,GCM2026,1800,1787692246
GC,1779287400,1779289200,GCM2026,1800,1787692256
GC,1779289200,1779291000,GCM2026,1800,1787692266
GC,1779291000,1779292800,GCM2026,1800,1787692276
GC,1779292800,1779294600,GCM2026,1800,1787692286
GC,1779294600,1779296400,GCM2026,1800,1787692296
GC,1779296400,1779298200,GCM2026,1800,1787692306
GC,1779298200,1779300000,GCM2026,1800,1787692316
GC,1779300000,1779301800,GCM2026,1800,1787692326
GC,1779301800,1779303600,GCM2026,1800,1787692336
GC,1779303600,1779305400,GCM2026,1800,1787692346
GC,1779305400,1779307200,GCM2026,1800,1787692356
GC,1779307200,1779309000,GCM2026,1800,1787692366
GC,1779309000,1779310800,GCM2026,1800,1787692376
GC,1779314400,1779316200,GCM2026,1800,1787692386
GC,1779316200,1779318000,GCM2026,1800,1787692396
GC,1779318000,1779319800,GCM2026,1800,1787692406
GC,1779319800,1779321600,GCM2026,1800,1787692416
GC,1779321600,1779323400,GCM2026,1800,1787692426
GC,1779323400,1779325200,GCM2026,1800,1787692436
GC,1779325200,1779327000,GCM2026,1800,1787692446
GC,1779327000,1779328800,GCM2026,1800,1787692456
GC,1779328800,1779330600,GCM2026,1800,1787692466
GC,1779330600,1779332400,GCM2026,1800,1787692476
GC,1779332400,1779334200,GCM2026,1800,1787692486
GC,1779334200,1779336000,GCM2026,1800,1787692496
GC,1779336000,1779337800,GCM2026,1800,1787692506
GC,1779337800,1779339600,GCM2026,1800,1787692516
GC,1779339600,1779341400,GCM2026,1800,1787692526
GC,1779341400,1779343200,GCM2026,1800,1787692536
GC,1779343200,1779345000,GCM2026,1800,1787692546
GC,1779345000,1779346800,GCM2026,1800,1787692556
GC,1779346800,1779348600,GCM2026,1800,1787692566
GC,1779348600,1779350400,GCM2026,1800,1787692576
GC,1779350400,1779352200,GCM2026,1800,1787692586
GC,1779352200,1779354000,GCM2026,1800,1787692596
GC,1779354000,1779355800,GCM2026,1800,1787692606
GC,1779355800,1779357600,GCM2026,1800,1787692616
GC,1779357600,1779359400,GCM2026,1800,1787692626
GC,1779359400,1779361200,GCM2026,1800,1787692636
GC,1779361200,1779363000,GCM2026,1800,1787692646
GC,1779363000,1779364800,GCM2026,1800,1787692656
GC,1779364800,1779366600,GCM2026,1800,1787692666
GC,1779366600,1779368400,GCM2026,1800,1787692676
GC,1779368400,1779370200,GCM2026,1800,1787692686
GC,1779370200,1779372000,GCM2026,1800,1787692696
GC,1779372000,1779373800,GCM2026,1800,1787692706
GC,1779373800,1779375600,GCM2026,1800,1787692716
GC,1779375600,1779377400,GCM2026,1800,1787692726
GC,1779377400,1779379200,GCM2026,1800,1787692736
GC,1779379200,1779381000,GCM2026,1800,1787692746
GC,1779381000,1779382800,GCM2026,1800,1787692756
GC,1779382800,1779384600,GCM2026,1800,1787692766
GC,1779384600,1779386400,GCM2026,1800,1787692776
GC,1779386400,1779388200,GCM2026,1800,1787692786
GC,1779388200,1779390000,GCM2026,1800,1787692796
GC,1779390000,1779391800,GCM2026,1800,1787692806
GC,1779391800,1779393600,GCM2026,1800,1787692816
GC,1779393600,1779395400,GCM2026,1800,1787692826
GC,1779395400,1779397200,GCM2026,1800,1787692836
GC,1779400800,1779402600,GCM2026,1800,1787692846
GC,1779402600,1779404400,GCM2026,1800,1787692856
GC,1779404400,1779406200,GCM2026,1800,1787692866
GC,1779406200,1779408000,GCM2026,1800,1787692876
GC,1779408000,1779409800,GCM2026,1800,1787692886
GC,1779409800,1779411600,GCM2026,1800,1787692896
GC,1779411600,1779413400,GCM2026,1800,1787692906
GC,1779413400,1779415200,GCM2026,1800,1787692916
GC,1779415200,1779417000,GCM2026,1800,1787692926
GC,1779417000,1779418800,GCM2026,1800,1787692936
GC,1779418800,1779420600,GCM2026,1800,1787692946
GC,1779420600,1779422400,GCM2026,1800,1787692956
GC,1779422400,1779424200,GCM2026,1800,1787692966
GC,1779424200,1779426000,GCM2026,1800,1787692976
GC,1779426000,1779427800,GCM2026,1800,1787692986
GC,1779427800,1779429600,GCM2026,1800,1787692996
GC,1779429600,1779431400,GCM2026,1800,1787693006
GC,1779431400,1779433200,GCM2026,1800,1787693016
GC,1779433200,1779435000,GCM2026,1800,1787693026
GC,1779435000,1779436800,GCM2026,1800,1787693036
GC,1779436800,1779438600,GCM2026,1800,1787693046
GC,1779438600,1779440400,GCM2026,1800,1787693056
GC,1779440400,1779442200,GCM2026,1800,1787693066
GC,1779442200,1779444000,GCM2026,1800,1787693076
GC,1779444000,1779445800,GCM2026,1800,1787693086
GC,1779445800,1779447600,GCM2026,1800,1787693096
GC,1779447600,1779449400,GCM2026,1800,1787693106
GC,1779449400,1779451200,GCM2026,1800,1787693116
GC,1779451200,1779453000,GCM2026,1800,1787693126
GC,1779453000,1779454800,GCM2026,1800,1787693136
GC,1779454800,1779456600,GCM2026,1800,1787693146
GC,1779456600,1779458400,GCM2026,1800,1787693156
GC,1779458400,1779460200,GCM2026,1800,1787693166
GC,1779460200,1779462000,GCM2026,1800,1787693176
GC,1779462000,1779463800,GCM2026,1800,1787693186
GC,1779463800,1779465600,GCM2026,1800,1787693196
GC,1779465600,1779467400,GCM2026,1800,1787693206
GC,1779467400,1779469200,GCM2026,1800,1787693216
GC,1779469200,1779471000,GCM2026,1800,1787693226
GC,1779471000,1779472800,GCM2026,1800,1787693236
GC,1779472800,1779474600,GCM2026,1800,1787693246
GC,1779474600,1779476400,GCM2026,1800,1787693256
GC,1779476400,1779478200,GCM2026,1800,1787693266
GC,1779478200,1779480000,GCM2026,1800,1787693276
GC,1779480000,1779481800,GCM2026,1800,1787693286
GC,1779481800,1779483600,GCM2026,1800,1787693296
GC,1779660000,1779661800,GCM2026,1800,1787693306
GC,1779661800,1779663600,GCM2026,1800,1787693316
GC,1779663600,1779665400,GCM2026,1800,1787693326
GC,1779665400,1779667200,GCM2026,1800,1787693336
GC,1779667200,1779669000,GCM2026,1800,1787693346
GC,1779669000,1779670800,GCM2026,1800,1787693356
GC,1779670800,1779672600,GCM2026,1800,1787693366
GC,1779672600,1779674400,GCM2026,1800,1787693376
GC,1779674400,1779676200,GCM2026,1800,1787693386
GC,1779676200,1779678000,GCM2026,1800,1787693396
GC,1779678000,1779679800,GCM2026,1800,1787693406
GC,1779679800,1779681600,GCM2026,1800,1787693416
GC,1779681600,1779683400,GCM2026,1800,1787693426
GC,1779683400,1779685200,GCM2026,1800,1787693437
GC,1779685200,1779687000,GCM2026,0,1787693505
GC,1779687000,1779688800,GCM2026,1800,1787693507
GC,1779688800,1779690600,GCM2026,1800,1787693516
GC,1779690600,1779692400,GCM2026,1800,1787693526
GC,1779692400,1779694200,GCM2026,1800,1787693536
GC,1779694200,1779696000,GCM2026,1800,1787693546
GC,1779696000,1779697800,GCM2026,1800,1787693556
GC,1779697800,1779699600,GCM2026,1800,1787693566
GC,1779699600,1779701400,GCM2026,1800,1787693576
GC,1779701400,1779703200,GCM2026,1800,1787693586
GC,1779703200,1779705000,GCM2026,1800,1787693596
GC,1779705000,1779706800,GCM2026,1800,1787693606
GC,1779706800,1779708600,GCM2026,1800,1787693616
GC,1779708600,1779710400,GCM2026,1800,1787693626
GC,1779710400,1779712200,GCM2026,1800,1787693636
GC,1779712200,1779714000,GCM2026,1800,1787693646
GC,1779714000,1779715800,GCM2026,1800,1787693656
GC,1779715800,1779717600,GCM2026,1800,1787693666
GC,1779717600,1779719400,GCM2026,1800,1787693676
GC,1779719400,1779721200,GCM2026,1800,1787693686
GC,1779721200,1779723000,GCM2026,1800,1787693696
GC,1779723000,1779724800,GCM2026,1800,1787693706
GC,1779724800,1779726600,GCM2026,1800,1787693716
GC,1779726600,1779728400,GCM2026,1800,1787693726
GC,1779728400,1779730200,GCM2026,1800,1787693736
GC,1779730200,1779732000,GCM2026,1800,1787693746
GC,1779732000,1779733800,GCM2026,1800,1787693756
GC,1779733800,1779735600,GCM2026,1800,1787693766
GC,1779735600,1779737400,GCM2026,1800,1787693776
GC,1779737400,1779739200,GCM2026,1800,1787693786
GC,1779739200,1779741000,GCM2026,1800,1787693796
GC,1779741000,1779742800,GCM2026,1800,1787693806
GC,1779746400,1779748200,GCM2026,1800,1787693816
GC,1779748200,1779750000,GCM2026,1800,1787693826
GC,1779750000,1779751800,GCM2026,1800,1787693836
GC,1779751800,1779753600,GCM2026,1800,1787693846
GC,1779753600,1779755400,GCM2026,1800,1787693856
GC,1779755400,1779757200,GCM2026,1800,1787693866
GC,1779757200,1779759000,GCM2026,1800,1787693876
GC,1779759000,1779760800,GCM2026,1800,1787693886
GC,1779760800,1779762600,GCM2026,1800,1787693896
GC,1779762600,1779764400,GCM2026,1800,1787693906
GC,1779764400,1779766200,GCM2026,1800,1787693916
GC,1779766200,1779768000,GCM2026,1800,1787693926
GC,1779768000,1779769800,GCM2026,1800,1787693936
GC,1779769800,1779771600,GCM2026,1800,1787693946
GC,1779771600,1779773400,GCM2026,1800,1787693956
GC,1779773400,1779775200,GCM2026,1800,1787693966
GC,1779775200,1779777000,GCM2026,1800,1787693976
GC,1779777000,1779778800,GCM2026,1800,1787693986
GC,1779778800,1779780600,GCM2026,1800,1787693996
GC,1779780600,1779782400,GCM2026,1800,1787694006
GC,1779782400,1779784200,GCM2026,1800,1787694016
GC,1779784200,1779786000,GCM2026,1800,1787694026
GC,1779786000,1779787800,GCM2026,1800,1787694036
GC,1779787800,1779789600,GCM2026,1800,1787694046
GC,1779789600,1779791400,GCM2026,1800,1787694056
GC,1779791400,1779793200,GCM2026,1800,1787694066
GC,1779793200,1779795000,GCM2026,1800,1787694076
GC,1779795000,1779796800,GCM2026,1800,1787694090
GC,1779796800,1779798600,GCM2026,1800,1787694114
GC,1779798600,1779800400,GCM2026,1800,1787694123
GC,1779800400,1779802200,GCM2026,1800,1787694133
GC,1779802200,1779804000,GCM2026,1800,1787694142
GC,1779804000,1779805800,GCM2026,1800,1787694151
GC,1779805800,1779807600,GCM2026,1800,1787694161
GC,1779807600,1779809400,GCM2026,1800,1787694171
GC,1779809400,1779811200,GCM2026,1800,1787694181
GC,1779811200,1779813000,GCM2026,1800,1787694191
GC,1779813000,1779814800,GCM2026,1800,1787694201
GC,1779814800,1779816600,GCM2026,1800,1787694212
GC,1779816600,1779818400,GCM2026,1800,1787694221
GC,1779818400,1779820200,GCM2026,1800,1787694231
GC,1779820200,1779822000,GCM2026,1800,1787694241
GC,1779822000,1779823800,GCM2026,1800,1787694251
GC,1779823800,1779825600,GCM2026,1800,1787694261
GC,1779825600,1779827400,GCM2026,1800,1787694271
GC,1779827400,1779829200,GCM2026,1800,1787694281
GC,1779832800,1779834600,GCQ2026,1800,1787694722
GC,1779834600,1779836400,GCQ2026,1800,1787694731
GC,1779836400,1779838200,GCQ2026,1800,1787694741
GC,1779838200,1779840000,GCQ2026,1800,1787694751
GC,1779840000,1779841800,GCQ2026,1800,1787694761
GC,1779841800,1779843600,GCQ2026,1800,1787694771
GC,1779843600,1779845400,GCQ2026,1800,1787694781
GC,1779845400,1779847200,GCQ2026,1800,1787694791
GC,1779847200,1779849000,GCQ2026,1800,1787694801
GC,1779849000,1779850800,GCQ2026,1800,1787694811
GC,1779850800,1779852600,GCQ2026,1800,1787694821
GC,1779852600,1779854400,GCQ2026,1800,1787694831
GC,1779854400,1779856200,GCQ2026,1800,1787694841
GC,1779856200,1779858000,GCQ2026,1800,1787694851
GC,1779858000,1779859800,GCQ2026,1800,1787694861
GC,1779859800,1779861600,GCQ2026,1800,1787694871
GC,1779861600,1779863400,GCQ2026,1800,1787694881
GC,1779863400,1779865200,GCQ2026,1800,1787694891
GC,1779865200,1779867000,GCQ2026,1800,1787694901
GC,1779867000,1779868800,GCQ2026,1800,1787694911
GC,1779868800,1779870600,GCQ2026,1800,1787694921
GC,1779870600,1779872400,GCQ2026,1800,1787694931
GC,1779872400,1779874200,GCQ2026,1800,1787694941
GC,1779874200,1779876000,GCQ2026,1800,1787694951
GC,1779876000,1779877800,GCQ2026,1800,1787694961
GC,1779877800,1779879600,GCQ2026,1800,1787694971
GC,1779879600,1779881400,GCQ2026,1800,1787694981
GC,1779881400,1779883200,GCQ2026,1800,1787694991
GC,1779883200,1779885000,GCQ2026,1800,1787695001
GC,1779885000,1779886800,GCQ2026,1800,1787695011
GC,1779886800,1779888600,GCQ2026,1800,1787695021
GC,1779888600,1779890400,GCQ2026,1800,1787695031
GC,1779890400,1779892200,GCQ2026,1800,1787695041
GC,1779892200,1779894000,GCQ2026,1800,1787695051
GC,1779894000,1779895800,GCQ2026,1800,1787695061
GC,1779895800,1779897600,GCQ2026,1800,1787695071
GC,1779897600,1779899400,GCQ2026,1800,1787695081
GC,1779899400,1779901200,GCQ2026,1800,1787695091
GC,1779901200,1779903000,GCQ2026,1800,1787695101
GC,1779903000,1779904800,GCQ2026,1800,1787695111
GC,1779904800,1779906600,GCQ2026,1800,1787695121
GC,1779906600,1779908400,GCQ2026,1800,1787695131
GC,1779908400,1779910200,GCQ2026,1800,1787695141
GC,1779910200,1779912000,GCQ2026,1800,1787695151
GC,1779912000,1779913800,GCQ2026,1800,1787695161
GC,1779913800,1779915600,GCQ2026,1800,1787695171
GC,1779919200,1779921000,GCQ2026,1800,1787695181
GC,1779921000,1779922800,GCQ2026,1800,1787695191
GC,1779922800,1779924600,GCQ2026,1800,1787695201
GC,1779924600,1779926400,GCQ2026,1800,1787695211
GC,1779926400,1779928200,GCQ2026,1800,1787695221
GC,1779928200,1779930000,GCQ2026,1800,1787695231
GC,1779930000,1779931800,GCQ2026,1800,1787695241
GC,1779931800,1779933600,GCQ2026,1800,1787695251
GC,1779933600,1779935400,GCQ2026,1800,1787695261
GC,1779935400,1779937200,GCQ2026,1800,1787695271
GC,1779937200,1779939000,GCQ2026,1800,1787695281
GC,1779939000,1779940800,GCQ2026,1800,1787695291
GC,1779940800,1779942600,GCQ2026,1800,1787695301
GC,1779942600,1779944400,GCQ2026,1800,1787695311
GC,1779944400,1779946200,GCQ2026,1800,1787695336
GC,1779946200,1779948000,GCQ2026,1800,1787695346
GC,1779948000,1779949800,GCQ2026,1800,1787695357
GC,1779949800,1779951600,GCQ2026,1800,1787695366
GC,1779951600,1779953400,GCQ2026,1800,1787695376
GC,1779953400,1779955200,GCQ2026,1800,1787695386
GC,1779955200,1779957000,GCQ2026,1800,1787695396
GC,1779957000,1779958800,GCQ2026,1800,1787695406
GC,1779958800,1779960600,GCQ2026,1800,1787695416
GC,1779960600,1779962400,GCQ2026,1800,1787695426
GC,1779962400,1779964200,GCQ2026,1800,1787695436
GC,1779964200,1779966000,GCQ2026,1800,1787695446
GC,1779966000,1779967800,GCQ2026,1800,1787695456
GC,1779967800,1779969600,GCQ2026,1800,1787695466
GC,1779969600,1779971400,GCQ2026,1800,1787695476
GC,1779971400,1779973200,GCQ2026,1800,1787695486
GC,1779973200,1779975000,GCQ2026,1800,1787695496
GC,1779975000,1779976800,GCQ2026,1800,1787695506
GC,1779976800,1779978600,GCQ2026,1800,1787695516
GC,1779978600,1779980400,GCQ2026,1800,1787695526
GC,1779980400,1779982200,GCQ2026,1800,1787695536
GC,1779982200,1779984000,GCQ2026,1800,1787695546
GC,1779984000,1779985800,GCQ2026,1800,1787695556
GC,1779985800,1779987600,GCQ2026,1800,1787695566
GC,1779987600,1779989400,GCQ2026,1800,1787695576
GC,1779989400,1779991200,GCQ2026,1800,1787695586
GC,1779991200,1779993000,GCQ2026,1800,1787695596
GC,1779993000,1779994800,GCQ2026,1800,1787695606
GC,1779994800,1779996600,GCQ2026,1800,1787695616
GC,1779996600,1779998400,GCQ2026,1800,1787695626
GC,1779998400,1780000200,GCQ2026,1800,1787695636
GC,1780000200,1780002000,GCQ2026,1800,1787695646
GC,1780005600,1780007400,GCQ2026,1800,1787695656
GC,1780007400,1780009200,GCQ2026,1800,1787695666
GC,1780009200,1780011000,GCQ2026,1800,1787695676
GC,1780011000,1780012800,GCQ2026,1800,1787695686
GC,1780012800,1780014600,GCQ2026,1800,1787695696
GC,1780014600,1780016400,GCQ2026,1800,1787695706
GC,1780016400,1780018200,GCQ2026,1800,1787695716
GC,1780018200,1780020000,GCQ2026,1800,1787695726
GC,1780020000,1780021800,GCQ2026,1800,1787695736
GC,1780021800,1780023600,GCQ2026,1800,1787695746
GC,1780023600,1780025400,GCQ2026,1800,1787695756
GC,1780025400,1780027200,GCQ2026,1800,1787695766
GC,1780027200,1780029000,GCQ2026,1800,1787695776
GC,1780029000,1780030800,GCQ2026,1800,1787695786
GC,1780030800,1780032600,GCQ2026,1800,1787695796
GC,1780032600,1780034400,GCQ2026,1800,1787695806
GC,1780034400,1780036200,GCQ2026,1800,1787695816
GC,1780036200,1780038000,GCQ2026,1800,1787695826
GC,1780038000,1780039800,GCQ2026,1800,1787695836
GC,1780039800,1780041600,GCQ2026,1800,1787695846
GC,1780041600,1780043400,GCQ2026,1800,1787695856
GC,1780043400,1780045200,GCQ2026,1800,1787695866
GC,1780045200,1780047000,GCQ2026,1800,1787695876
GC,1780047000,1780048800,GCQ2026,1800,1787695886
GC,1780048800,1780050600,GCQ2026,1800,1787695896
GC,1780050600,1780052400,GCQ2026,1800,1787695906
GC,1780052400,1780054200,GCQ2026,1800,1787695916
GC,1780054200,1780056000,GCQ2026,1800,1787695926
GC,1780056000,1780057800,GCQ2026,1800,1787695936
GC,1780057800,1780059600,GCQ2026,1800,1787695946
GC,1780059600,1780061400,GCQ2026,1800,1787695956
GC,1780061400,1780063200,GCQ2026,1800,1787695966
GC,1780063200,1780065000,GCQ2026,1800,1787695976
GC,1780065000,1780066800,GCQ2026,1800,1787695986
GC,1780066800,1780068600,GCQ2026,1800,1787695996
GC,1780068600,1780070400,GCQ2026,1800,1787696006
GC,1780070400,1780072200,GCQ2026,1800,1787696016
GC,1780072200,1780074000,GCQ2026,1800,1787696026
GC,1780074000,1780075800,GCQ2026,1800,1787696036
GC,1780075800,1780077600,GCQ2026,1800,1787696046
GC,1780077600,1780079400,GCQ2026,1800,1787696056
GC,1780079400,1780081200,GCQ2026,1800,1787696066
GC,1780081200,1780083000,GCQ2026,1800,1787696076
GC,1780083000,1780084800,GCQ2026,1800,1787696086
GC,1780084800,1780086600,GCQ2026,1800,1787696096
GC,1780086600,1780088400,GCQ2026,1800,1787696106
GC,1780264800,1780266600,GCQ2026,1800,1787696116
GC,1780266600,1780268400,GCQ2026,1800,1787696126
GC,1780268400,1780270200,GCQ2026,1800,1787696136
GC,1780270200,1780272000,GCQ2026,1800,1787696146
GC,1780272000,1780273800,GCQ2026,1800,1787696156
GC,1780273800,1780275600,GCQ2026,1800,1787696166
GC,1780275600,1780277400,GCQ2026,1800,1787696176
GC,1780277400,1780279200,GCQ2026,1800,1787696186
GC,1780279200,1780281000,GCQ2026,1800,1787696196
GC,1780281000,1780282800,GCQ2026,1800,1787696206
GC,1780282800,1780284600,GCQ2026,1800,1787696216
GC,1780284600,1780286400,GCQ2026,1800,1787696227
GC,1780286400,1780288200,GCQ2026,1800,1787696236
GC,1780288200,1780290000,GCQ2026,1800,1787696246
GC,1780290000,1780291800,GCQ2026,1800,1787696256
GC,1780291800,1780293600,GCQ2026,1800,1787696266
GC,1780293600,1780295400,GCQ2026,1800,1787696276
GC,1780295400,1780297200,GCQ2026,1800,1787696286
GC,1780297200,1780299000,GCQ2026,1800,1787696296
GC,1780299000,1780300800,GCQ2026,1800,1787696306
GC,1780300800,1780302600,GCQ2026,1800,1787696316
GC,1780302600,1780304400,GCQ2026,1800,1787696326
GC,1780304400,1780306200,GCQ2026,1800,1787696336
GC,1780306200,1780308000,GCQ2026,1800,1787696346
GC,1780308000,1780309800,GCQ2026,1800,1787696356
GC,1780309800,1780311600,GCQ2026,1800,1787696366
GC,1780311600,1780313400,GCQ2026,1800,1787696376
GC,1780313400,1780315200,GCQ2026,1800,1787696386
GC,1780315200,1780317000,GCQ2026,1800,1787696396
GC,1780317000,1780318800,GCQ2026,1800,1787696406
GC,1780318800,1780320600,GCQ2026,1800,1787696416
GC,1780320600,1780322400,GCQ2026,1800,1787696426
GC,1780322400,1780324200,GCQ2026,1800,1787696436
GC,1780324200,1780326000,GCQ2026,1800,1787696446
GC,1780326000,1780327800,GCQ2026,1800,1787696456
GC,1780327800,1780329600,GCQ2026,1800,1787696466
GC,1780329600,1780331400,GCQ2026,1800,1787696476
GC,1780331400,1780333200,GCQ2026,1800,1787696486
GC,1780333200,1780335000,GCQ2026,1800,1787696496
GC,1780335000,1780336800,GCQ2026,1800,1787696506
GC,1780336800,1780338600,GCQ2026,1800,1787696516
GC,1780338600,1780340400,GCQ2026,1800,1787696526
GC,1780340400,1780342200,GCQ2026,1800,1787696551
GC,1780342200,1780344000,GCQ2026,1800,1787696561
GC,1780344000,1780345800,GCQ2026,1800,1787696571
GC,1780345800,1780347600,GCQ2026,1800,1787696581
GC,1780351200,1780353000,GCQ2026,1800,1787696591
GC,1780353000,1780354800,GCQ2026,1800,1787696601
GC,1780354800,1780356600,GCQ2026,1800,1787696611
GC,1780356600,1780358400,GCQ2026,1800,1787696621
GC,1780358400,1780360200,GCQ2026,1800,1787696631
GC,1780360200,1780362000,GCQ2026,1800,1787696641
GC,1780362000,1780363800,GCQ2026,1800,1787696651
GC,1780363800,1780365600,GCQ2026,1800,1787696661
GC,1780365600,1780367400,GCQ2026,1800,1787696671
GC,1780367400,1780369200,GCQ2026,1800,1787696681
GC,1780369200,1780371000,GCQ2026,1800,1787696691
GC,1780371000,1780372800,GCQ2026,1800,1787696701
GC,1780372800,1780374600,GCQ2026,1800,1787696711
GC,1780374600,1780376400,GCQ2026,1800,1787696721
GC,1780376400,1780378200,GCQ2026,1800,1787696731
GC,1780378200,1780380000,GCQ2026,1800,1787696741
GC,1780380000,1780381800,GCQ2026,1800,1787696751
GC,1780381800,1780383600,GCQ2026,1800,1787696761
GC,1780383600,1780385400,GCQ2026,1800,1787696771
GC,1780385400,1780387200,GCQ2026,1800,1787696781
GC,1780387200,1780389000,GCQ2026,1800,1787696791
GC,1780389000,1780390800,GCQ2026,1800,1787696801
GC,1780390800,1780392600,GCQ2026,1800,1787696811
GC,1780392600,1780394400,GCQ2026,1800,1787696821
GC,1780394400,1780396200,GCQ2026,1800,1787696831
GC,1780396200,1780398000,GCQ2026,1800,1787696841
GC,1780398000,1780399800,GCQ2026,1800,1787696851
GC,1780399800,1780401600,GCQ2026,1800,1787696861
GC,1780401600,1780403400,GCQ2026,1800,1787696871
GC,1780403400,1780405200,GCQ2026,1800,1787696881
GC,1780405200,1780407000,GCQ2026,1800,1787696891
GC,1780407000,1780408800,GCQ2026,1800,1787696901
GC,1780408800,1780410600,GCQ2026,1800,1787696911
GC,1780410600,1780412400,GCQ2026,1800,1787696921
GC,1780412400,1780414200,GCQ2026,1800,1787696931
GC,1780414200,1780416000,GCQ2026,1800,1787696941
GC,1780416000,1780417800,GCQ2026,1800,1787696951
GC,1780417800,1780419600,GCQ2026,1800,1787696961
GC,1780419600,1780421400,GCQ2026,1800,1787696971
GC,1780421400,1780423200,GCQ2026,1800,1787696981
GC,1780423200,1780425000,GCQ2026,1800,1787696991
GC,1780425000,1780426800,GCQ2026,1800,1787697001
GC,1780426800,1780428600,GCQ2026,1800,1787697011
GC,1780428600,1780430400,GCQ2026,1800,1787697021
GC,1780430400,1780432200,GCQ2026,1800,1787697031
GC,1780432200,1780434000,GCQ2026,1800,1787697041
GC,1780437600,1780439400,GCQ2026,1800,1787697051
GC,1780439400,1780441200,GCQ2026,1800,1787697061
GC,1780441200,1780443000,GCQ2026,1800,1787697071
GC,1780443000,1780444800,GCQ2026,1800,1787697081
GC,1780444800,1780446600,GCQ2026,1800,1787697091
GC,1780446600,1780448400,GCQ2026,1800,1787697101
GC,1780448400,1780450200,GCQ2026,1800,1787697111
GC,1780450200,1780452000,GCQ2026,1800,1787697121
GC,1780452000,1780453800,GCQ2026,1800,1787697131
GC,1780453800,1780455600,GCQ2026,1800,1787697141
GC,1780455600,1780457400,GCQ2026,1800,1787697166
GC,1780457400,1780459200,GCQ2026,1800,1787697176
GC,1780459200,1780461000,GCQ2026,1800,1787697186
GC,1780461000,1780462800,GCQ2026,1800,1787697196
GC,1780462800,1780464600,GCQ2026,1800,1787697206
GC,1780464600,1780466400,GCQ2026,1800,1787697216
GC,1780466400,1780468200,GCQ2026,1800,1787697226
GC,1780468200,1780470000,GCQ2026,1800,1787697236
GC,1780470000,1780471800,GCQ2026,1800,1787697246
GC,1780471800,1780473600,GCQ2026,1800,1787697256
GC,1780473600,1780475400,GCQ2026,1800,1787697266
GC,1780475400,1780477200,GCQ2026,1800,1787697276
GC,1780477200,1780479000,GCQ2026,1800,1787697286
GC,1780479000,1780480800,GCQ2026,1800,1787697296
GC,1780480800,1780482600,GCQ2026,1800,1787697306
GC,1780482600,1780484400,GCQ2026,1800,1787697317
GC,1780484400,1780486200,GCQ2026,1800,1787697327
GC,1780486200,1780488000,GCQ2026,1800,1787697337
GC,1780488000,1780489800,GCQ2026,1800,1787697347
GC,1780489800,1780491600,GCQ2026,1800,1787697357
GC,1780491600,1780493400,GCQ2026,1800,1787697367
GC,1780493400,1780495200,GCQ2026,1800,1787697377
GC,1780495200,1780497000,GCQ2026,1800,1787697387
GC,1780497000,1780498800,GCQ2026,1800,1787697397
GC,1780498800,1780500600,GCQ2026,1800,1787697406
GC,1780500600,1780502400,GCQ2026,1800,1787697416
GC,1780502400,1780504200,GCQ2026,1800,1787697426
GC,1780504200,1780506000,GCQ2026,1800,1787697436
GC,1780506000,1780507800,GCQ2026,1800,1787697446
GC,1780507800,1780509600,GCQ2026,1800,1787697456
GC,1780509600,1780511400,GCQ2026,1800,1787697466
GC,1780511400,1780513200,GCQ2026,1800,1787697476
GC,1780513200,1780515000,GCQ2026,1800,1787697486
GC,1780515000,1780516800,GCQ2026,1800,1787697496
GC,1780516800,1780518600,GCQ2026,1800,1787697506
GC,1780518600,1780520400,GCQ2026,1800,1787697516
GC,1780524000,1780525800,GCQ2026,1800,1787697526
GC,1780525800,1780527600,GCQ2026,1800,1787697536
GC,1780527600,1780529400,GCQ2026,1800,1787697546
GC,1780529400,1780531200,GCQ2026,1800,1787697556
GC,1780531200,1780533000,GCQ2026,1800,1787697566
GC,1780533000,1780534800,GCQ2026,1800,1787697576
GC,1780534800,1780536600,GCQ2026,1800,1787697586
GC,1780536600,1780538400,GCQ2026,1800,1787697596
GC,1780538400,1780540200,GCQ2026,1800,1787697606
GC,1780540200,1780542000,GCQ2026,1800,1787697616
GC,1780542000,1780543800,GCQ2026,1800,1787697626
GC,1780543800,1780545600,GCQ2026,1800,1787697636
GC,1780545600,1780547400,GCQ2026,1800,1787697646
GC,1780547400,1780549200,GCQ2026,1800,1787697656
GC,1780549200,1780551000,GCQ2026,1800,1787697666
GC,1780551000,1780552800,GCQ2026,1800,1787697676
GC,1780552800,1780554600,GCQ2026,1800,1787697686
GC,1780554600,1780556400,GCQ2026,1800,1787697696
GC,1780556400,1780558200,GCQ2026,1800,1787697706
GC,1780558200,1780560000,GCQ2026,1800,1787697716
GC,1780560000,1780561800,GCQ2026,1800,1787697727
GC,1780561800,1780563600,GCQ2026,1800,1787697736
GC,1780563600,1780565400,GCQ2026,1800,1787697746
GC,1780565400,1780567200,GCQ2026,1800,1787697756
GC,1780567200,1780569000,GCQ2026,1800,1787697766
GC,1780569000,1780570800,GCQ2026,1800,1787697777
GC,1780570800,1780572600,GCQ2026,1800,1787697787
GC,1780572600,1780574400,GCQ2026,1800,1787697797
GC,1780574400,1780576200,GCQ2026,1800,1787697807
GC,1780576200,1780578000,GCQ2026,1800,1787697817
GC,1780578000,1780579800,GCQ2026,1800,1787697826
GC,1780579800,1780581600,GCQ2026,1800,1787697837
GC,1780581600,1780583400,GCQ2026,1800,1787697847
GC,1780583400,1780585200,GCQ2026,1800,1787697857
GC,1780585200,1780587000,GCQ2026,1800,1787697866
GC,1780587000,1780588800,GCQ2026,1800,1787697877
GC,1780588800,1780590600,GCQ2026,1800,1787697886
GC,1780590600,1780592400,GCQ2026,1800,1787697896
GC,1780592400,1780594200,GCQ2026,1800,1787697906
GC,1780594200,1780596000,GCQ2026,1800,1787697916
GC,1780596000,1780597800,GCQ2026,1800,1787697927
GC,1780597800,1780599600,GCQ2026,1800,1787697937
GC,1780599600,1780601400,GCQ2026,1800,1787697947
GC,1780601400,1780603200,GCQ2026,1800,1787697957
GC,1780603200,1780605000,GCQ2026,1800,1787697966
GC,1780605000,1780606800,GCQ2026,1800,1787697977
GC,1780610400,1780612200,GCQ2026,1800,1787697987
GC,1780612200,1780614000,GCQ2026,1800,1787697996
GC,1780614000,1780615800,GCQ2026,1800,1787698006
GC,1780615800,1780617600,GCQ2026,1800,1787698016
GC,1780617600,1780619400,GCQ2026,1800,1787698027
GC,1780619400,1780621200,GCQ2026,1800,1787698036
GC,1780621200,1780623000,GCQ2026,1800,1787698046
GC,1780623000,1780624800,GCQ2026,1800,1787698056
GC,1780624800,1780626600,GCQ2026,1800,1787698066
GC,1780626600,1780628400,GCQ2026,1800,1787698076
GC,1780628400,1780630200,GCQ2026,1800,1787698086
GC,1780630200,1780632000,GCQ2026,1800,1787698097
GC,1780632000,1780633800,GCQ2026,1800,1787698106
GC,1780633800,1780635600,GCQ2026,1800,1787698117
GC,1780635600,1780637400,GCQ2026,1800,1787698126
GC,1780637400,1780639200,GCQ2026,1800,1787698136
GC,1780639200,1780641000,GCQ2026,1800,1787698147
GC,1780641000,1780642800,GCQ2026,1800,1787698157
GC,1780642800,1780644600,GCQ2026,1800,1787698166
GC,1780644600,1780646400,GCQ2026,1800,1787698176
GC,1780646400,1780648200,GCQ2026,1800,1787698186
GC,1780648200,1780650000,GCQ2026,1800,1787698196
GC,1780650000,1780651800,GCQ2026,1800,1787698206
GC,1780651800,1780653600,GCQ2026,1800,1787698217
GC,1780653600,1780655400,GCQ2026,1800,1787698226
GC,1780655400,1780657200,GCQ2026,1800,1787698236
GC,1780657200,1780659000,GCQ2026,1800,1787698247
GC,1780659000,1780660800,GCQ2026,1800,1787698256
GC,1780660800,1780662600,GCQ2026,1800,1787698266
GC,1780662600,1780664400,GCQ2026,1800,1787698277
GC,1780664400,1780666200,GCQ2026,1800,1787698287
GC,1780666200,1780668000,GCQ2026,1800,1787698297
GC,1780668000,1780669800,GCQ2026,1800,1787698307
GC,1780669800,1780671600,GCQ2026,1800,1787698317
GC,1780671600,1780673400,GCQ2026,1800,1787698327
GC,1780673400,1780675200,GCQ2026,1800,1787698337
GC,1780675200,1780677000,GCQ2026,1800,1787698347
GC,1780677000,1780678800,GCQ2026,1800,1787698356
GC,1780678800,1780680600,GCQ2026,1800,1787698366
GC,1780680600,1780682400,GCQ2026,1800,1787698376
GC,1780682400,1780684200,GCQ2026,1800,1787698386
GC,1780684200,1780686000,GCQ2026,1800,1787698396
GC,1780686000,1780687800,GCQ2026,1800,1787698406
GC,1780687800,1780689600,GCQ2026,1800,1787698416
GC,1780689600,1780691400,GCQ2026,1800,1787698426
GC,1780691400,1780693200,GCQ2026,1800,1787698437
GC,1780869600,1780871400,GCQ2026,1800,1787698446
GC,1780871400,1780873200,GCQ2026,1800,1787698457
GC,1780873200,1780875000,GCQ2026,1800,1787698466
GC,1780875000,1780876800,GCQ2026,1800,1787698476
GC,1780876800,1780878600,GCQ2026,1800,1787698486
GC,1780878600,1780880400,GCQ2026,1800,1787698496
GC,1780880400,1780882200,GCQ2026,1800,1787698506
GC,1780882200,1780884000,GCQ2026,1800,1787698517
GC,1780884000,1780885800,GCQ2026,1800,1787698527
GC,1780885800,1780887600,GCQ2026,1800,1787698537
GC,1780887600,1780889400,GCQ2026,1800,1787698546
GC,1780889400,1780891200,GCQ2026,1800,1787698556
GC,1780891200,1780893000,GCQ2026,1800,1787698567
GC,1780893000,1780894800,GCQ2026,1800,1787698576
GC,1780894800,1780896600,GCQ2026,1800,1787698586
GC,1780896600,1780898400,GCQ2026,1800,1787698596
GC,1780898400,1780900200,GCQ2026,1800,1787698606
GC,1780900200,1780902000,GCQ2026,1800,1787698616
GC,1780902000,1780903800,GCQ2026,1800,1787698626
GC,1780903800,1780905600,GCQ2026,1800,1787698637
GC,1780905600,1780907400,GCQ2026,1800,1787698646
GC,1780907400,1780909200,GCQ2026,1800,1787698656
GC,1780909200,1780911000,GCQ2026,1800,1787698666
GC,1780911000,1780912800,GCQ2026,1800,1787698677
GC,1780912800,1780914600,GCQ2026,1800,1787698686
GC,1780914600,1780916400,GCQ2026,1800,1787698696
GC,1780916400,1780918200,GCQ2026,1800,1787698707
GC,1780918200,1780920000,GCQ2026,1800,1787698716
GC,1780920000,1780921800,GCQ2026,1800,1787698726
GC,1780921800,1780923600,GCQ2026,1800,1787698736
GC,1780923600,1780925400,GCQ2026,1800,1787698747
GC,1780925400,1780927200,GCQ2026,1800,1787698756
GC,1780927200,1780929000,GCQ2026,1800,1787698766
GC,1780929000,1780930800,GCQ2026,1800,1787698777
GC,1780930800,1780932600,GCQ2026,1800,1787698786
GC,1780932600,1780934400,GCQ2026,1800,1787698796
GC,1780934400,1780936200,GCQ2026,1800,1787698806
GC,1780936200,1780938000,GCQ2026,1800,1787698816
GC,1780938000,1780939800,GCQ2026,1800,1787698826
GC,1780939800,1780941600,GCQ2026,1800,1787698836
GC,1780941600,1780943400,GCQ2026,1800,1787698846
GC,1780943400,1780945200,GCQ2026,1800,1787698856
GC,1780945200,1780947000,GCQ2026,1800,1787698866
GC,1780947000,1780948800,GCQ2026,1800,1787698876
GC,1780948800,1780950600,GCQ2026,1800,1787698887
GC,1780950600,1780952400,GCQ2026,1800,1787698896
GC,1780956000,1780957800,GCQ2026,1800,1787698907
GC,1780957800,1780959600,GCQ2026,1800,1787698916
GC,1780959600,1780961400,GCQ2026,1800,1787698926
GC,1780961400,1780963200,GCQ2026,1800,1787698937
GC,1780963200,1780965000,GCQ2026,1800,1787698947
GC,1780965000,1780966800,GCQ2026,1800,1787698957
GC,1780966800,1780968600,GCQ2026,1800,1787698966
GC,1780968600,1780970400,GCQ2026,1800,1787698977
GC,1780970400,1780972200,GCQ2026,1800,1787698986
GC,1780972200,1780974000,GCQ2026,1800,1787698997
GC,1780974000,1780975800,GCQ2026,1800,1787699007
GC,1780975800,1780977600,GCQ2026,1800,1787699017
GC,1780977600,1780979400,GCQ2026,1800,1787699026
GC,1780979400,1780981200,GCQ2026,1800,1787699036
GC,1780981200,1780983000,GCQ2026,1800,1787699047
GC,1780983000,1780984800,GCQ2026,1800,1787699056
GC,1780984800,1780986600,GCQ2026,1800,1787699067
GC,1780986600,1780988400,GCQ2026,1800,1787699077
GC,1780988400,1780990200,GCQ2026,1800,1787699086
GC,1780990200,1780992000,GCQ2026,1800,1787699097
GC,1780992000,1780993800,GCQ2026,1800,1787699106
GC,1780993800,1780995600,GCQ2026,1800,1787699117
GC,1780995600,1780997400,GCQ2026,1800,1787699127
GC,1780997400,1780999200,GCQ2026,1800,1787699137
GC,1780999200,1781001000,GCQ2026,1800,1787699147
GC,1781001000,1781002800,GCQ2026,1800,1787699157
GC,1781002800,1781004600,GCQ2026,1800,1787699167
GC,1781004600,1781006400,GCQ2026,1800,1787699176
GC,1781006400,1781008200,GCQ2026,1800,1787699192
GC,1781008200,1781010000,GCQ2026,1800,1787699199
GC,1781010000,1781011800,GCQ2026,1800,1787699223
GC,1781011800,1781013600,GCQ2026,1800,1787699226
GC,1781013600,1781015400,GCQ2026,1800,1787699234
GC,1781015400,1781017200,GCQ2026,1800,1787699243
GC,1781017200,1781019000,GCQ2026,1800,1787699253
GC,1781019000,1781020800,GCQ2026,1800,1787699263
GC,1781020800,1781022600,GCQ2026,1800,1787699273
GC,1781022600,1781024400,GCQ2026,1800,1787699283
GC,1781024400,1781026200,GCQ2026,1800,1787699293
GC,1781026200,1781028000,GCQ2026,1800,1787699303
GC,1781028000,1781029800,GCQ2026,1800,1787699313
GC,1781029800,1781031600,GCQ2026,1800,1787699323
GC,1781031600,1781033400,GCQ2026,1800,1787699333
GC,1781033400,1781035200,GCQ2026,1800,1787699343
GC,1781035200,1781037000,GCQ2026,1800,1787699353
GC,1781037000,1781038800,GCQ2026,1800,1787699363
GC,1781042400,1781044200,GCQ2026,1800,1787699373
GC,1781044200,1781046000,GCQ2026,1800,1787699383
GC,1781046000,1781047800,GCQ2026,1800,1787699393
GC,1781047800,1781049600,GCQ2026,1800,1787699403
GC,1781049600,1781051400,GCQ2026,1800,1787699413
GC,1781051400,1781053200,GCQ2026,1800,1787699423
GC,1781053200,1781055000,GCQ2026,1800,1787699433
GC,1781055000,1781056800,GCQ2026,1800,1787699443
GC,1781056800,1781058600,GCQ2026,1800,1787699453
GC,1781058600,1781060400,GCQ2026,1800,1787699463
GC,1781060400,1781062200,GCQ2026,1800,1787699473
GC,1781062200,1781064000,GCQ2026,1800,1787699483
GC,1781064000,1781065800,GCQ2026,0,1787699553
GC,1781065800,1781067600,GCQ2026,1800,1787699562
GC,1781067600,1781069400,GCQ2026,1800,1787699563
GC,1781069400,1781071200,GCQ2026,1800,1787699573
GC,1781071200,1781073000,GCQ2026,1800,1787699583
GC,1781073000,1781074800,GCQ2026,1800,1787699593
GC,1781074800,1781076600,GCQ2026,1800,1787699603
GC,1781076600,1781078400,GCQ2026,1800,1787699613
GC,1781078400,1781080200,GCQ2026,1800,1787699623
GC,1781080200,1781082000,GCQ2026,1800,1787699633
GC,1781082000,1781083800,GCQ2026,1800,1787699643
GC,1781083800,1781085600,GCQ2026,1800,1787699653
GC,1781085600,1781087400,GCQ2026,1800,1787699663
GC,1781087400,1781089200,GCQ2026,1800,1787699673
GC,1781089200,1781091000,GCQ2026,1800,1787699683
GC,1781091000,1781092800,GCQ2026,1800,1787699693
GC,1781092800,1781094600,GCQ2026,1800,1787699703
GC,1781094600,1781096400,GCQ2026,1800,1787699713
GC,1781096400,1781098200,GCQ2026,1800,1787699723
GC,1781098200,1781100000,GCQ2026,1800,1787699733
GC,1781100000,1781101800,GCQ2026,1800,1787699743
GC,1781101800,1781103600,GCQ2026,1800,1787699753
GC,1781103600,1781105400,GCQ2026,1800,1787699763
GC,1781105400,1781107200,GCQ2026,1800,1787699773
GC,1781107200,1781109000,GCQ2026,1800,1787699783
GC,1781109000,1781110800,GCQ2026,1800,1787699793
GC,1781110800,1781112600,GCQ2026,1800,1787699803
GC,1781112600,1781114400,GCQ2026,1800,1787699813
GC,1781114400,1781116200,GCQ2026,1800,1787699823
GC,1781116200,1781118000,GCQ2026,1800,1787699833
GC,1781118000,1781119800,GCQ2026,1800,1787699843
GC,1781119800,1781121600,GCQ2026,1800,1787699853
GC,1781121600,1781123400,GCQ2026,1800,1787699863
GC,1781123400,1781125200,GCQ2026,1800,1787699873
GC,1781128800,1781130600,GCQ2026,1800,1787699883
GC,1781130600,1781132400,GCQ2026,1800,1787699893
GC,1781132400,1781134200,GCQ2026,1800,1787699903
GC,1781134200,1781136000,GCQ2026,1800,1787699913
GC,1781136000,1781137800,GCQ2026,1800,1787699923
GC,1781137800,1781139600,GCQ2026,1800,1787699933
GC,1781139600,1781141400,GCQ2026,1800,1787699943
GC,1781141400,1781143200,GCQ2026,1800,1787699953
GC,1781143200,1781145000,GCQ2026,1800,1787699963
GC,1781145000,1781146800,GCQ2026,1800,1787699973
GC,1781146800,1781148600,GCQ2026,1800,1787699983
GC,1781148600,1781150400,GCQ2026,1800,1787699993
GC,1781150400,1781152200,GCQ2026,1800,1787700003
GC,1781152200,1781154000,GCQ2026,1800,1787700013
GC,1781154000,1781155800,GCQ2026,1800,1787700023
GC,1781155800,1781157600,GCQ2026,1800,1787700033
GC,1781157600,1781159400,GCQ2026,1800,1787700043
GC,1781159400,1781161200,GCQ2026,1800,1787700053
GC,1781161200,1781163000,GCQ2026,1800,1787700063
GC,1781163000,1781164800,GCQ2026,1800,1787700073
GC,1781164800,1781166600,GCQ2026,1800,1787700083
GC,1781166600,1781168400,GCQ2026,1800,1787700093
GC,1781168400,1781170200,GCQ2026,1800,1787700103
GC,1781170200,1781172000,GCQ2026,1800,1787700113
GC,1781172000,1781173800,GCQ2026,1800,1787700123
GC,1781173800,1781175600,GCQ2026,1800,1787700133
GC,1781175600,1781177400,GCQ2026,1800,1787700143
GC,1781177400,1781179200,GCQ2026,1800,1787700153
GC,1781179200,1781181000,GCQ2026,1800,1787700163
GC,1781181000,1781182800,GCQ2026,1800,1787700173
GC,1781182800,1781184600,GCQ2026,1800,1787700183
GC,1781184600,1781186400,GCQ2026,1800,1787700193
GC,1781186400,1781188200,GCQ2026,1800,1787700203
GC,1781188200,1781190000,GCQ2026,1800,1787700213
GC,1781190000,1781191800,GCQ2026,1800,1787700223
GC,1781191800,1781193600,GCQ2026,1800,1787700233
GC,1781193600,1781195400,GCQ2026,1800,1787700243
GC,1781195400,1781197200,GCQ2026,1800,1787700253
GC,1781197200,1781199000,GCQ2026,1800,1787700263
GC,1781199000,1781200800,GCQ2026,1800,1787700273
GC,1781200800,1781202600,GCQ2026,1800,1787700283
GC,1781202600,1781204400,GCQ2026,1800,1787700293
GC,1781204400,1781206200,GCQ2026,1800,1787700303
GC,1781206200,1781208000,GCQ2026,1800,1787700313
GC,1781208000,1781209800,GCQ2026,1800,1787700323
GC,1781209800,1781211600,GCQ2026,1800,1787700333
GC,1781215200,1781217000,GCQ2026,1800,1787700343
GC,1781217000,1781218800,GCQ2026,1800,1787700353
GC,1781218800,1781220600,GCQ2026,1800,1787700363
GC,1781220600,1781222400,GCQ2026,1800,1787700373
GC,1781222400,1781224200,GCQ2026,1800,1787700383
GC,1781224200,1781226000,GCQ2026,1800,1787700393
GC,1781226000,1781227800,GCQ2026,1800,1787700403
GC,1781227800,1781229600,GCQ2026,1800,1787700413
GC,1781229600,1781231400,GCQ2026,1800,1787700423
GC,1781231400,1781233200,GCQ2026,1800,1787700433
GC,1781233200,1781235000,GCQ2026,1800,1787700443
GC,1781235000,1781236800,GCQ2026,1800,1787700453
GC,1781236800,1781238600,GCQ2026,1800,1787700463
GC,1781238600,1781240400,GCQ2026,1800,1787700473
GC,1781240400,1781242200,GCQ2026,1800,1787700483
GC,1781242200,1781244000,GCQ2026,1800,1787700493
GC,1781244000,1781245800,GCQ2026,1800,1787700503
GC,1781245800,1781247600,GCQ2026,1800,1787700513
GC,1781247600,1781249400,GCQ2026,1800,1787700523
GC,1781249400,1781251200,GCQ2026,1800,1787700533
GC,1781251200,1781253000,GCQ2026,1800,1787700543
GC,1781253000,1781254800,GCQ2026,1800,1787700553
GC,1781254800,1781256600,GCQ2026,1800,1787700563
GC,1781256600,1781258400,GCQ2026,1800,1787700573
GC,1781258400,1781260200,GCQ2026,1800,1787700583
GC,1781260200,1781262000,GCQ2026,1800,1787700593
GC,1781262000,1781263800,GCQ2026,1800,1787700603
GC,1781263800,1781265600,GCQ2026,1800,1787700613
GC,1781265600,1781267400,GCQ2026,1800,1787700623
GC,1781267400,1781269200,GCQ2026,1800,1787700633
GC,1781269200,1781271000,GCQ2026,1800,1787700643
GC,1781271000,1781272800,GCQ2026,1800,1787700653
GC,1781272800,1781274600,GCQ2026,1800,1787700663
GC,1781274600,1781276400,GCQ2026,1800,1787700673
GC,1781276400,1781278200,GCQ2026,1800,1787700683
GC,1781278200,1781280000,GCQ2026,1800,1787700693
GC,1781280000,1781281800,GCQ2026,1800,1787700703
GC,1781281800,1781283600,GCQ2026,1800,1787700713
GC,1781283600,1781285400,GCQ2026,1800,1787700723
GC,1781285400,1781287200,GCQ2026,1800,1787700733
GC,1781287200,1781289000,GCQ2026,1800,1787700743
GC,1781289000,1781290800,GCQ2026,1800,1787700753
GC,1781290800,1781292600,GCQ2026,1800,1787700763
GC,1781292600,1781294400,GCQ2026,1800,1787700773
GC,1781294400,1781296200,GCQ2026,1800,1787700783
GC,1781296200,1781298000,GCQ2026,1800,1787700793
GC,1781474400,1781476200,GCQ2026,1800,1787700803
GC,1781476200,1781478000,GCQ2026,1800,1787700813
GC,1781478000,1781479800,GCQ2026,1800,1787700823
GC,1781479800,1781481600,GCQ2026,1800,1787700833
GC,1781481600,1781483400,GCQ2026,1800,1787700843
GC,1781483400,1781485200,GCQ2026,1800,1787700853
GC,1781485200,1781487000,GCQ2026,1800,1787700863
GC,1781487000,1781488800,GCQ2026,1800,1787700873
GC,1781488800,1781490600,GCQ2026,1800,1787700883
GC,1781490600,1781492400,GCQ2026,1800,1787700893
GC,1781492400,1781494200,GCQ2026,1800,1787700903
GC,1781494200,1781496000,GCQ2026,1800,1787700914
GC,1781496000,1781497800,GCQ2026,1800,1787700923
GC,1781497800,1781499600,GCQ2026,1800,1787700933
GC,1781499600,1781501400,GCQ2026,1800,1787700943
GC,1781501400,1781503200,GCQ2026,1800,1787700953
GC,1781503200,1781505000,GCQ2026,1800,1787700963
GC,1781505000,1781506800,GCQ2026,1800,1787700973
GC,1781506800,1781508600,GCQ2026,1800,1787700983
GC,1781508600,1781510400,GCQ2026,1800,1787700993
GC,1781510400,1781512200,GCQ2026,1800,1787701003
GC,1781512200,1781514000,GCQ2026,1800,1787701013
GC,1781514000,1781515800,GCQ2026,1800,1787701023
GC,1781515800,1781517600,GCQ2026,1800,1787701033
GC,1781517600,1781519400,GCQ2026,1800,1787701043
GC,1781519400,1781521200,GCQ2026,1800,1787701053
GC,1781521200,1781523000,GCQ2026,1800,1787701063
GC,1781523000,1781524800,GCQ2026,1800,1787701073
GC,1781524800,1781526600,GCQ2026,1800,1787701083
GC,1781526600,1781528400,GCQ2026,1800,1787701093
GC,1781528400,1781530200,GCQ2026,1800,1787701103
GC,1781530200,1781532000,GCQ2026,1800,1787701113
GC,1781532000,1781533800,GCQ2026,1800,1787701123
GC,1781533800,1781535600,GCQ2026,1800,1787701133
GC,1781535600,1781537400,GCQ2026,1800,1787701143
GC,1781537400,1781539200,GCQ2026,1800,1787701153
GC,1781539200,1781541000,GCQ2026,1800,1787701163
GC,1781541000,1781542800,GCQ2026,1800,1787701173
GC,1781542800,1781544600,GCQ2026,1800,1787701183
GC,1781544600,1781546400,GCQ2026,1800,1787701193
GC,1781546400,1781548200,GCQ2026,1800,1787701203
GC,1781548200,1781550000,GCQ2026,1800,1787701213
GC,1781550000,1781551800,GCQ2026,1800,1787701223
GC,1781551800,1781553600,GCQ2026,1800,1787701233
GC,1781553600,1781555400,GCQ2026,1800,1787701243
GC,1781555400,1781557200,GCQ2026,1800,1787701253
GC,1781560800,1781562600,GCQ2026,1800,1787701263
GC,1781562600,1781564400,GCQ2026,1800,1787701273
GC,1781564400,1781566200,GCQ2026,1800,1787701283
GC,1781566200,1781568000,GCQ2026,1800,1787701293
GC,1781568000,1781569800,GCQ2026,1800,1787701303
GC,1781569800,1781571600,GCQ2026,1800,1787701313
GC,1781571600,1781573400,GCQ2026,1800,1787701323
GC,1781573400,1781575200,GCQ2026,1800,1787701333
GC,1781575200,1781577000,GCQ2026,1800,1787701343
GC,1781577000,1781578800,GCQ2026,1800,1787701353
GC,1781578800,1781580600,GCQ2026,1800,1787701363
GC,1781580600,1781582400,GCQ2026,1800,1787701373
GC,1781582400,1781584200,GCQ2026,1800,1787701383
GC,1781584200,1781586000,GCQ2026,1800,1787701393
GC,1781586000,1781587800,GCQ2026,1800,1787701403
GC,1781587800,1781589600,GCQ2026,1800,1787701413
GC,1781589600,1781591400,GCQ2026,1800,1787701423
GC,1781591400,1781593200,GCQ2026,1800,1787701433
GC,1781593200,1781595000,GCQ2026,1800,1787701443
GC,1781595000,1781596800,GCQ2026,1800,1787701453
GC,1781596800,1781598600,GCQ2026,1800,1787701463
GC,1781598600,1781600400,GCQ2026,1800,1787701473
GC,1781600400,1781602200,GCQ2026,1800,1787701483
GC,1781602200,1781604000,GCQ2026,1800,1787701493
GC,1781604000,1781605800,GCQ2026,1800,1787701503
GC,1781605800,1781607600,GCQ2026,1800,1787701513
GC,1781607600,1781609400,GCQ2026,1800,1787701523
GC,1781609400,1781611200,GCQ2026,1800,1787701533
GC,1781611200,1781613000,GCQ2026,1800,1787701543
GC,1781613000,1781614800,GCQ2026,1800,1787701554
GC,1781614800,1781616600,GCQ2026,1800,1787701563
GC,1781616600,1781618400,GCQ2026,1800,1787701573
GC,1781618400,1781620200,GCQ2026,1800,1787701583
GC,1781620200,1781622000,GCQ2026,1800,1787701593
GC,1781622000,1781623800,GCQ2026,1800,1787701603
GC,1781623800,1781625600,GCQ2026,1800,1787701613
GC,1781625600,1781627400,GCQ2026,1800,1787701623
GC,1781627400,1781629200,GCQ2026,1800,1787701633
GC,1781629200,1781631000,GCQ2026,1800,1787701643
GC,1781631000,1781632800,GCQ2026,1800,1787701653
GC,1781632800,1781634600,GCQ2026,1800,1787701663
GC,1781634600,1781636400,GCQ2026,1800,1787701673
GC,1781636400,1781638200,GCQ2026,1800,1787701683
GC,1781638200,1781640000,GCQ2026,1800,1787701693
GC,1781640000,1781641800,GCQ2026,1800,1787701703
GC,1781641800,1781643600,GCQ2026,1800,1787701713
GC,1781647200,1781649000,GCQ2026,1800,1787701723
GC,1781649000,1781650800,GCQ2026,1800,1787701733
GC,1781650800,1781652600,GCQ2026,1800,1787701743
GC,1781652600,1781654400,GCQ2026,1800,1787701753
GC,1781654400,1781656200,GCQ2026,1800,1787701763
GC,1781656200,1781658000,GCQ2026,1800,1787701773
GC,1781658000,1781659800,GCQ2026,1800,1787701783
GC,1781659800,1781661600,GCQ2026,1800,1787701793
GC,1781661600,1781663400,GCQ2026,1800,1787701803
GC,1781663400,1781665200,GCQ2026,1800,1787701813
GC,1781665200,1781667000,GCQ2026,1800,1787701823
GC,1781667000,1781668800,GCQ2026,1800,1787701833
GC,1781668800,1781670600,GCQ2026,1800,1787701843
GC,1781670600,1781672400,GCQ2026,1800,1787701853
GC,1781672400,1781674200,GCQ2026,1800,1787701863
GC,1781674200,1781676000,GCQ2026,1800,1787701873
GC,1781676000,1781677800,GCQ2026,1800,1787701883
GC,1781677800,1781679600,GCQ2026,1800,1787701893
GC,1781679600,1781681400,GCQ2026,1800,1787701903
GC,1781681400,1781683200,GCQ2026,1800,1787701913
GC,1781683200,1781685000,GCQ2026,1800,1787701923
GC,1781685000,1781686800,GCQ2026,1800,1787701933
GC,1781686800,1781688600,GCQ2026,1800,1787701943
GC,1781688600,1781690400,GCQ2026,1800,1787701953
GC,1781690400,1781692200,GCQ2026,1800,1787701963
GC,1781692200,1781694000,GCQ2026,1800,1787701973
GC,1781694000,1781695800,GCQ2026,1800,1787701983
GC,1781695800,1781697600,GCQ2026,1800,1787701993
GC,1781697600,1781699400,GCQ2026,1800,1787702003
GC,1781699400,1781701200,GCQ2026,1800,1787702013
GC,1781701200,1781703000,GCQ2026,1800,1787702023
GC,1781703000,1781704800,GCQ2026,1800,1787702033
GC,1781704800,1781706600,GCQ2026,1800,1787702043
GC,1781706600,1781708400,GCQ2026,1800,1787702053
GC,1781708400,1781710200,GCQ2026,1800,1787702063
GC,1781710200,1781712000,GCQ2026,1800,1787702073
GC,1781712000,1781713800,GCQ2026,1800,1787702083
GC,1781713800,1781715600,GCQ2026,1800,1787702093
GC,1781715600,1781717400,GCQ2026,1800,1787702103
GC,1781717400,1781719200,GCQ2026,1800,1787702113
GC,1781719200,1781721000,GCQ2026,1800,1787702123
GC,1781721000,1781722800,GCQ2026,1800,1787702133
GC,1781722800,1781724600,GCQ2026,1800,1787702143
GC,1781724600,1781726400,GCQ2026,1800,1787702153
GC,1781726400,1781728200,GCQ2026,1800,1787702163
GC,1781728200,1781730000,GCQ2026,1800,1787702173
GC,1781733600,1781735400,GCQ2026,1800,1787702183
GC,1781735400,1781737200,GCQ2026,1800,1787702193
GC,1781737200,1781739000,GCQ2026,1800,1787702203
GC,1781739000,1781740800,GCQ2026,1800,1787702213
GC,1781740800,1781742600,GCQ2026,1800,1787702223
GC,1781742600,1781744400,GCQ2026,1800,1787702233
GC,1781744400,1781746200,GCQ2026,1800,1787702243
GC,1781746200,1781748000,GCQ2026,1800,1787702253
GC,1781748000,1781749800,GCQ2026,1800,1787702263
GC,1781749800,1781751600,GCQ2026,1800,1787702273
GC,1781751600,1781753400,GCQ2026,1800,1787702283
GC,1781753400,1781755200,GCQ2026,1800,1787702293
GC,1781755200,1781757000,GCQ2026,1800,1787702303
GC,1781757000,1781758800,GCQ2026,1800,1787702313
GC,1781758800,1781760600,GCQ2026,1800,1787702323
GC,1781760600,1781762400,GCQ2026,1800,1787702333
GC,1781762400,1781764200,GCQ2026,1800,1787702343
GC,1781764200,1781766000,GCQ2026,1800,1787702353
GC,1781766000,1781767800,GCQ2026,1800,1787702363
GC,1781767800,1781769600,GCQ2026,1800,1787702373
GC,1781769600,1781771400,GCQ2026,1800,1787702383
GC,1781771400,1781773200,GCQ2026,1800,1787702393
GC,1781773200,1781775000,GCQ2026,1800,1787702403
GC,1781775000,1781776800,GCQ2026,1800,1787702413
GC,1781776800,1781778600,GCQ2026,1800,1787702423
GC,1781778600,1781780400,GCQ2026,1800,1787702433
GC,1781780400,1781782200,GCQ2026,1800,1787702443
GC,1781782200,1781784000,GCQ2026,1800,1787702453
GC,1781784000,1781785800,GCQ2026,1800,1787702463
GC,1781785800,1781787600,GCQ2026,1800,1787702473
GC,1781787600,1781789400,GCQ2026,1800,1787702483
GC,1781789400,1781791200,GCQ2026,1800,1787702493
GC,1781791200,1781793000,GCQ2026,1800,1787702503
GC,1781793000,1781794800,GCQ2026,1800,1787702513
GC,1781794800,1781796600,GCQ2026,1800,1787702523
GC,1781796600,1781798400,GCQ2026,1800,1787702533
GC,1781798400,1781800200,GCQ2026,1800,1787702543
GC,1781800200,1781802000,GCQ2026,1800,1787702553
GC,1781802000,1781803800,GCQ2026,1800,1787702563
GC,1781803800,1781805600,GCQ2026,1800,1787702573
GC,1781805600,1781807400,GCQ2026,1800,1787702583
GC,1781807400,1781809200,GCQ2026,1800,1787702593
GC,1781809200,1781811000,GCQ2026,1800,1787702603
GC,1781811000,1781812800,GCQ2026,1800,1787702613
GC,1781812800,1781814600,GCQ2026,1800,1787702623
GC,1781814600,1781816400,GCQ2026,1800,1787702633
GC,1781820000,1781821800,GCQ2026,1800,1787702643
GC,1781821800,1781823600,GCQ2026,1800,1787702653
GC,1781823600,1781825400,GCQ2026,1800,1787702663
GC,1781825400,1781827200,GCQ2026,1800,1787702673
GC,1781827200,1781829000,GCQ2026,1800,1787702683
GC,1781829000,1781830800,GCQ2026,1800,1787702693
GC,1781830800,1781832600,GCQ2026,1800,1787702703
GC,1781832600,1781834400,GCQ2026,1800,1787702713
GC,1781834400,1781836200,GCQ2026,1800,1787702723
GC,1781836200,1781838000,GCQ2026,1800,1787702733
GC,1781838000,1781839800,GCQ2026,1800,1787702743
GC,1781839800,1781841600,GCQ2026,1800,1787702753
GC,1781841600,1781843400,GCQ2026,1800,1787702763
GC,1781843400,1781845200,GCQ2026,1800,1787702773
GC,1781845200,1781847000,GCQ2026,1800,1787702783
GC,1781847000,1781848800,GCQ2026,1800,1787702793
GC,1781848800,1781850600,GCQ2026,1800,1787702803
GC,1781850600,1781852400,GCQ2026,1800,1787702813
GC,1781852400,1781854200,GCQ2026,1800,1787702823
GC,1781854200,1781856000,GCQ2026,1800,1787702833
GC,1781856000,1781857800,GCQ2026,1800,1787702843
GC,1781857800,1781859600,GCQ2026,1800,1787702853
GC,1781859600,1781861400,GCQ2026,1800,1787702863
GC,1781861400,1781863200,GCQ2026,1800,1787702873
GC,1781863200,1781865000,GCQ2026,1800,1787702883
GC,1781865000,1781866800,GCQ2026,1800,1787702893
GC,1781866800,1781868600,GCQ2026,1800,1787702903
GC,1781868600,1781870400,GCQ2026,1800,1787702913
GC,1781870400,1781872200,GCQ2026,1800,1787702923
GC,1781872200,1781874000,GCQ2026,1800,1787702933
GC,1781874000,1781875800,GCQ2026,1800,1787702943
GC,1781875800,1781877600,GCQ2026,1800,1787702953
GC,1781877600,1781879400,GCQ2026,1800,1787702963
GC,1781879400,1781881200,GCQ2026,1800,1787702973
GC,1781881200,1781883000,GCQ2026,1800,1787702983
GC,1781883000,1781884800,GCQ2026,1800,1787702993
GC,1781884800,1781886600,GCQ2026,1800,1787703003
GC,1781886600,1781888400,GCQ2026,1800,1787703013
GC,1781888400,1781890200,GCQ2026,1800,1787703023
GC,1781890200,1781892000,GCQ2026,1800,1787703033
GC,1781892000,1781893800,GCQ2026,1800,1787703043
GC,1781893800,1781895600,GCQ2026,1800,1787703053
GC,1781895600,1781897400,GCQ2026,1800,1787703063
GC,1781897400,1781899200,GCQ2026,1800,1787703073
GC,1781899200,1781901000,GCQ2026,1800,1787703083
GC,1781901000,1781902800,GCQ2026,1800,1787703093
GC,1782079200,1782081000,GCQ2026,1800,1787703103
GC,1782081000,1782082800,GCQ2026,1800,1787703113
GC,1782082800,1782084600,GCQ2026,1800,1787703123
GC,1782084600,1782086400,GCQ2026,1800,1787703133
GC,1782086400,1782088200,GCQ2026,1800,1787703143
GC,1782088200,1782090000,GCQ2026,1800,1787703153
GC,1782090000,1782091800,GCQ2026,1800,1787703163
GC,1782091800,1782093600,GCQ2026,1800,1787703173
GC,1782093600,1782095400,GCQ2026,1800,1787703183
GC,1782095400,1782097200,GCQ2026,1800,1787703193
GC,1782097200,1782099000,GCQ2026,1800,1787703203
GC,1782099000,1782100800,GCQ2026,1800,1787703213
GC,1782100800,1782102600,GCQ2026,1800,1787703223
GC,1782102600,1782104400,GCQ2026,1800,1787703233
GC,1782104400,1782106200,GCQ2026,1800,1787703243
GC,1782106200,1782108000,GCQ2026,1800,1787703253
GC,1782108000,1782109800,GCQ2026,1800,1787703263
GC,1782109800,1782111600,GCQ2026,1800,1787703273
GC,1782111600,1782113400,GCQ2026,1800,1787703283
GC,1782113400,1782115200,GCQ2026,1800,1787703293
GC,1782115200,1782117000,GCQ2026,1800,1787703303
GC,1782117000,1782118800,GCQ2026,1800,1787703313
GC,1782118800,1782120600,GCQ2026,1800,1787703323
GC,1782120600,1782122400,GCQ2026,1800,1787703333
GC,1782122400,1782124200,GCQ2026,1800,1787703343
GC,1782124200,1782126000,GCQ2026,1800,1787703353
GC,1782126000,1782127800,GCQ2026,1800,1787703363
GC,1782127800,1782129600,GCQ2026,1800,1787703373
GC,1782129600,1782131400,GCQ2026,1800,1787703383
GC,1782131400,1782133200,GCQ2026,1800,1787703393
GC,1782133200,1782135000,GCQ2026,1800,1787703403
GC,1782135000,1782136800,GCQ2026,1800,1787703413
GC,1782136800,1782138600,GCQ2026,1800,1787703423
GC,1782138600,1782140400,GCQ2026,1800,1787703433
GC,1782140400,1782142200,GCQ2026,1800,1787703443
GC,1782142200,1782144000,GCQ2026,1800,1787703453
GC,1782144000,1782145800,GCQ2026,1800,1787703463
GC,1782145800,1782147600,GCQ2026,1800,1787703473
GC,1782147600,1782149400,GCQ2026,1800,1787703483
GC,1782149400,1782151200,GCQ2026,1800,1787703493
GC,1782151200,1782153000,GCQ2026,1800,1787703503
GC,1782153000,1782154800,GCQ2026,1800,1787703513
GC,1782154800,1782156600,GCQ2026,1800,1787703523
GC,1782156600,1782158400,GCQ2026,1800,1787703533
GC,1782158400,1782160200,GCQ2026,1800,1787703543
GC,1782160200,1782162000,GCQ2026,1800,1787703553
GC,1782165600,1782167400,GCQ2026,1800,1787703563
GC,1782167400,1782169200,GCQ2026,1800,1787703573
GC,1782169200,1782171000,GCQ2026,1800,1787703583
GC,1782171000,1782172800,GCQ2026,1800,1787703593
GC,1782172800,1782174600,GCQ2026,1800,1787703603
GC,1782174600,1782176400,GCQ2026,1800,1787703613
GC,1782176400,1782178200,GCQ2026,1800,1787703623
GC,1782178200,1782180000,GCQ2026,1800,1787703633
GC,1782180000,1782181800,GCQ2026,1800,1787703643
GC,1782181800,1782183600,GCQ2026,1800,1787703653
GC,1782183600,1782185400,GCQ2026,1800,1787703663
GC,1782185400,1782187200,GCQ2026,1800,1787703673
GC,1782187200,1782189000,GCQ2026,1800,1787703683
GC,1782189000,1782190800,GCQ2026,1800,1787703693
GC,1782190800,1782192600,GCQ2026,1800,1787703703
GC,1782192600,1782194400,GCQ2026,1800,1787703713
GC,1782194400,1782196200,GCQ2026,1800,1787703723
GC,1782196200,1782198000,GCQ2026,1800,1787703733
GC,1782198000,1782199800,GCQ2026,1800,1787703743
GC,1782199800,1782201600,GCQ2026,1800,1787703753
GC,1782201600,1782203400,GCQ2026,1800,1787703763
GC,1782203400,1782205200,GCQ2026,1800,1787703773
GC,1782205200,1782207000,GCQ2026,1800,1787703783
GC,1782207000,1782208800,GCQ2026,1800,1787703793
GC,1782208800,1782210600,GCQ2026,1800,1787703803
GC,1782210600,1782212400,GCQ2026,1800,1787703813
GC,1782212400,1782214200,GCQ2026,1800,1787703823
GC,1782214200,1782216000,GCQ2026,1800,1787703833
GC,1782216000,1782217800,GCQ2026,1800,1787703843
GC,1782217800,1782219600,GCQ2026,1800,1787703853
GC,1782219600,1782221400,GCQ2026,1800,1787703863
GC,1782221400,1782223200,GCQ2026,1800,1787703873
GC,1782223200,1782225000,GCQ2026,1800,1787703883
GC,1782225000,1782226800,GCQ2026,1800,1787703893
GC,1782226800,1782228600,GCQ2026,1800,1787703903
GC,1782228600,1782230400,GCQ2026,1800,1787703913
GC,1782230400,1782232200,GCQ2026,1800,1787703923
GC,1782232200,1782234000,GCQ2026,1800,1787703933
GC,1782234000,1782235800,GCQ2026,1800,1787703943
GC,1782235800,1782237600,GCQ2026,1800,1787703953
GC,1782237600,1782239400,GCQ2026,1800,1787703963
GC,1782239400,1782241200,GCQ2026,1800,1787703973
GC,1782241200,1782243000,GCQ2026,1800,1787703983
GC,1782243000,1782244800,GCQ2026,1800,1787703993
GC,1782244800,1782246600,GCQ2026,1800,1787704003
GC,1782246600,1782248400,GCQ2026,1800,1787704013
GC,1782252000,1782253800,GCQ2026,1800,1787704023
GC,1782253800,1782255600,GCQ2026,1800,1787704033
GC,1782255600,1782257400,GCQ2026,1800,1787704043
GC,1782257400,1782259200,GCQ2026,1800,1787704053
GC,1782259200,1782261000,GCQ2026,1800,1787704063
GC,1782261000,1782262800,GCQ2026,1800,1787704073
GC,1782262800,1782264600,GCQ2026,1800,1787704083
GC,1782264600,1782266400,GCQ2026,1800,1787704093
GC,1782266400,1782268200,GCQ2026,1800,1787704103
GC,1782268200,1782270000,GCQ2026,1800,1787704113
GC,1782270000,1782271800,GCQ2026,1800,1787704123
GC,1782271800,1782273600,GCQ2026,1800,1787704133
GC,1782273600,1782275400,GCQ2026,1800,1787704143
GC,1782275400,1782277200,GCQ2026,1800,1787704153
GC,1782277200,1782279000,GCQ2026,1800,1787704163
GC,1782279000,1782280800,GCQ2026,1800,1787704173
GC,1782280800,1782282600,GCQ2026,1800,1787704183
GC,1782282600,1782284400,GCQ2026,1800,1787704193
GC,1782284400,1782286200,GCQ2026,1800,1787704203
GC,1782286200,1782288000,GCQ2026,1800,1787704213
GC,1782288000,1782289800,GCQ2026,1800,1787704223
GC,1782289800,1782291600,GCQ2026,1800,1787704233
GC,1782291600,1782293400,GCQ2026,1800,1787704243
GC,1782293400,1782295200,GCQ2026,1800,1787704253
GC,1782295200,1782297000,GCQ2026,1800,1787704263
GC,1782297000,1782298800,GCQ2026,1800,1787704273
GC,1782298800,1782300600,GCQ2026,1800,1787704283
GC,1782300600,1782302400,GCQ2026,1800,1787704293
GC,1782302400,1782304200,GCQ2026,1800,1787704303
GC,1782304200,1782306000,GCQ2026,1800,1787704313
GC,1782306000,1782307800,GCQ2026,1800,1787704323
GC,1782307800,1782309600,GCQ2026,1800,1787704334
GC,1782309600,1782311400,GCQ2026,1800,1787704343
GC,1782311400,1782313200,GCQ2026,1800,1787704353
GC,1782313200,1782315000,GCQ2026,1800,1787704363
GC,1782315000,1782316800,GCQ2026,1800,1787704389
GC,1782316800,1782318600,GCQ2026,1800,1787704399
GC,1782318600,1782320400,GCQ2026,1800,1787704409
GC,1782320400,1782322200,GCQ2026,1800,1787704419
GC,1782322200,1782324000,GCQ2026,1800,1787704429
GC,1782324000,1782325800,GCQ2026,1800,1787704439
GC,1782325800,1782327600,GCQ2026,1800,1787704449
GC,1782327600,1782329400,GCQ2026,1800,1787704459
GC,1782329400,1782331200,GCQ2026,1800,1787704469
GC,1782331200,1782333000,GCQ2026,1800,1787704479
GC,1782333000,1782334800,GCQ2026,1800,1787704489
GC,1782338400,1782340200,GCQ2026,1800,1787704499
GC,1782340200,1782342000,GCQ2026,1800,1787704509
GC,1782342000,1782343800,GCQ2026,1800,1787704519
GC,1782343800,1782345600,GCQ2026,1800,1787704529
GC,1782345600,1782347400,GCQ2026,1800,1787704539
GC,1782347400,1782349200,GCQ2026,1800,1787704549
GC,1782349200,1782351000,GCQ2026,1800,1787704559
GC,1782351000,1782352800,GCQ2026,1800,1787704569
GC,1782352800,1782354600,GCQ2026,1800,1787704579
GC,1782354600,1782356400,GCQ2026,1800,1787704589
GC,1782356400,1782358200,GCQ2026,1800,1787704599
GC,1782358200,1782360000,GCQ2026,1800,1787704609
GC,1782360000,1782361800,GCQ2026,1800,1787704619
GC,1782361800,1782363600,GCQ2026,1800,1787704629
GC,1782363600,1782365400,GCQ2026,1800,1787704639
GC,1782365400,1782367200,GCQ2026,1800,1787704649
GC,1782367200,1782369000,GCQ2026,1800,1787704659
GC,1782369000,1782370800,GCQ2026,1800,1787704669
GC,1782370800,1782372600,GCQ2026,1800,1787704679
GC,1782372600,1782374400,GCQ2026,1800,1787704689
GC,1782374400,1782376200,GCQ2026,1800,1787704699
GC,1782376200,1782378000,GCQ2026,1800,1787704709
GC,1782378000,1782379800,GCQ2026,1800,1787704719
GC,1782379800,1782381600,GCQ2026,1800,1787704729
GC,1782381600,1782383400,GCQ2026,1800,1787704739
GC,1782383400,1782385200,GCQ2026,1800,1787704749
GC,1782385200,1782387000,GCQ2026,1800,1787704759
GC,1782387000,1782388800,GCQ2026,1800,1787704769
GC,1782388800,1782390600,GCQ2026,1800,1787704779
GC,1782390600,1782392400,GCQ2026,1800,1787704789
GC,1782392400,1782394200,GCQ2026,1800,1787704799
GC,1782394200,1782396000,GCQ2026,1800,1787704809
GC,1782396000,1782397800,GCQ2026,1800,1787704819
GC,1782397800,1782399600,GCQ2026,1800,1787704829
GC,1782399600,1782401400,GCQ2026,1800,1787704839
GC,1782401400,1782403200,GCQ2026,1800,1787704849
GC,1782403200,1782405000,GCQ2026,1800,1787704859
GC,1782405000,1782406800,GCQ2026,1800,1787704869
GC,1782406800,1782408600,GCQ2026,1800,1787704879
GC,1782408600,1782410400,GCQ2026,1800,1787704889
GC,1782410400,1782412200,GCQ2026,1800,1787704899
GC,1782412200,1782414000,GCQ2026,1800,1787704909
GC,1782414000,1782415800,GCQ2026,1800,1787704919
GC,1782415800,1782417600,GCQ2026,1800,1787704929
GC,1782417600,1782419400,GCQ2026,1800,1787704939
GC,1782419400,1782421200,GCQ2026,1800,1787704949
GC,1782424800,1782426600,GCQ2026,1800,1787704959
GC,1782426600,1782428400,GCQ2026,1800,1787704969
GC,1782428400,1782430200,GCQ2026,1800,1787704979
GC,1782430200,1782432000,GCQ2026,1800,1787704989
GC,1782432000,1782433800,GCQ2026,1800,1787704999
GC,1782433800,1782435600,GCQ2026,1800,1787705009
GC,1782435600,1782437400,GCQ2026,1800,1787705019
GC,1782437400,1782439200,GCQ2026,1800,1787705029
GC,1782439200,1782441000,GCQ2026,1800,1787705039
GC,1782441000,1782442800,GCQ2026,1800,1787705049
GC,1782442800,1782444600,GCQ2026,1800,1787705059
GC,1782444600,1782446400,GCQ2026,1800,1787705069
GC,1782446400,1782448200,GCQ2026,1800,1787705079
GC,1782448200,1782450000,GCQ2026,1800,1787705089
GC,1782450000,1782451800,GCQ2026,1800,1787705099
GC,1782451800,1782453600,GCQ2026,1800,1787705109
GC,1782453600,1782455400,GCQ2026,1800,1787705119
GC,1782455400,1782457200,GCQ2026,1800,1787705129
GC,1782457200,1782459000,GCQ2026,1800,1787705139
GC,1782459000,1782460800,GCQ2026,1800,1787705149
GC,1782460800,1782462600,GCQ2026,1800,1787705159
GC,1782462600,1782464400,GCQ2026,1800,1787705169
GC,1782464400,1782466200,GCQ2026,1800,1787705179
GC,1782466200,1782468000,GCQ2026,1800,1787705189
GC,1782468000,1782469800,GCQ2026,1800,1787705199
GC,1782469800,1782471600,GCQ2026,1800,1787705209
GC,1782471600,1782473400,GCQ2026,1800,1787705219
GC,1782473400,1782475200,GCQ2026,1800,1787705229
GC,1782475200,1782477000,GCQ2026,1800,1787705239
GC,1782477000,1782478800,GCQ2026,1800,1787705249
GC,1782478800,1782480600,GCQ2026,1800,1787705259
GC,1782480600,1782482400,GCQ2026,1800,1787705269
GC,1782482400,1782484200,GCQ2026,1800,1787705279
GC,1782484200,1782486000,GCQ2026,1800,1787705289
GC,1782486000,1782487800,GCQ2026,1800,1787705299
GC,1782487800,1782489600,GCQ2026,1800,1787705309
GC,1782489600,1782491400,GCQ2026,1800,1787705319
GC,1782491400,1782493200,GCQ2026,1800,1787705329
GC,1782493200,1782495000,GCQ2026,1800,1787705339
GC,1782495000,1782496800,GCQ2026,1800,1787705349
GC,1782496800,1782498600,GCQ2026,1800,1787705359
GC,1782498600,1782500400,GCQ2026,1800,1787705369
GC,1782500400,1782502200,GCQ2026,1800,1787705379
GC,1782502200,1782504000,GCQ2026,1800,1787705389
GC,1782504000,1782505800,GCQ2026,1800,1787705399
GC,1782505800,1782507600,GCQ2026,1800,1787705409
GC,1782684000,1782685800,GCQ2026,1800,1787705419
GC,1782685800,1782687600,GCQ2026,1800,1787705429
GC,1782687600,1782689400,GCQ2026,1800,1787705439
GC,1782689400,1782691200,GCQ2026,1800,1787705449
GC,1782691200,1782693000,GCQ2026,1800,1787705459
GC,1782693000,1782694800,GCQ2026,1800,1787705469
GC,1782694800,1782696600,GCQ2026,1800,1787705479
GC,1782696600,1782698400,GCQ2026,1800,1787705489
GC,1782698400,1782700200,GCQ2026,1800,1787705499
GC,1782700200,1782702000,GCQ2026,1800,1787705509
GC,1782702000,1782703800,GCQ2026,1800,1787705519
GC,1782703800,1782705600,GCQ2026,1800,1787705529
GC,1782705600,1782707400,GCQ2026,1800,1787705539
GC,1782707400,1782709200,GCQ2026,1800,1787705549
GC,1782709200,1782711000,GCQ2026,1800,1787705559
GC,1782711000,1782712800,GCQ2026,1800,1787705569
GC,1782712800,1782714600,GCQ2026,1800,1787705579
GC,1782714600,1782716400,GCQ2026,1800,1787705589
GC,1782716400,1782718200,GCQ2026,1800,1787705599
GC,1782718200,1782720000,GCQ2026,1800,1787705609
GC,1782720000,1782721800,GCQ2026,1800,1787705619
GC,1782721800,1782723600,GCQ2026,1800,1787705629
GC,1782723600,1782725400,GCQ2026,1800,1787705639
GC,1782725400,1782727200,GCQ2026,1800,1787705649
GC,1782727200,1782729000,GCQ2026,1800,1787705659
GC,1782729000,1782730800,GCQ2026,1800,1787705669
GC,1782730800,1782732600,GCQ2026,1800,1787705679
GC,1782732600,1782734400,GCQ2026,1800,1787705689
GC,1782734400,1782736200,GCQ2026,1800,1787705699
GC,1782736200,1782738000,GCQ2026,1800,1787705709
GC,1782738000,1782739800,GCQ2026,1800,1787705719
GC,1782739800,1782741600,GCQ2026,1800,1787705729
GC,1782741600,1782743400,GCQ2026,1800,1787705739
GC,1782743400,1782745200,GCQ2026,1800,1787705749
GC,1782745200,1782747000,GCQ2026,1800,1787705759
GC,1782747000,1782748800,GCQ2026,1800,1787705769
GC,1782748800,1782750600,GCQ2026,1800,1787705779
GC,1782750600,1782752400,GCQ2026,1800,1787705789
GC,1782752400,1782754200,GCQ2026,1800,1787705799
GC,1782754200,1782756000,GCQ2026,1800,1787705809
GC,1782756000,1782757800,GCQ2026,1800,1787705819
GC,1782757800,1782759600,GCQ2026,1800,1787705829
GC,1782759600,1782761400,GCQ2026,1800,1787705839
GC,1782761400,1782763200,GCQ2026,1800,1787705849
GC,1782763200,1782765000,GCQ2026,1800,1787705859
GC,1782765000,1782766800,GCQ2026,1800,1787705869
GC,1782770400,1782772200,GCQ2026,1800,1787705879
GC,1782772200,1782774000,GCQ2026,1800,1787705889
GC,1782774000,1782775800,GCQ2026,1800,1787705899
GC,1782775800,1782777600,GCQ2026,1800,1787705909
GC,1782777600,1782779400,GCQ2026,1800,1787705919
GC,1782779400,1782781200,GCQ2026,1800,1787705929
GC,1782781200,1782783000,GCQ2026,1800,1787705939
GC,1782783000,1782784800,GCQ2026,1800,1787705949
GC,1782784800,1782786600,GCQ2026,1800,1787705959
GC,1782786600,1782788400,GCQ2026,1800,1787705969
GC,1782788400,1782790200,GCQ2026,1800,1787705979
GC,1782790200,1782792000,GCQ2026,1800,1787705989
GC,1782792000,1782793800,GCQ2026,1800,1787705999
GC,1782793800,1782795600,GCQ2026,1800,1787706009
GC,1782795600,1782797400,GCQ2026,1800,1787706019
GC,1782797400,1782799200,GCQ2026,1800,1787706029
GC,1782799200,1782801000,GCQ2026,1800,1787706039
GC,1782801000,1782802800,GCQ2026,1800,1787706049
GC,1782802800,1782804600,GCQ2026,1800,1787706059
GC,1782804600,1782806400,GCQ2026,1800,1787706069
GC,1782806400,1782808200,GCQ2026,1800,1787706079
GC,1782808200,1782810000,GCQ2026,1800,1787706089
GC,1782810000,1782811800,GCQ2026,1800,1787706099
GC,1782811800,1782813600,GCQ2026,1800,1787706109
GC,1782813600,1782815400,GCQ2026,1800,1787706119
GC,1782815400,1782817200,GCQ2026,1800,1787706129
GC,1782817200,1782819000,GCQ2026,1800,1787706139
GC,1782819000,1782820800,GCQ2026,1800,1787706149
GC,1782820800,1782822600,GCQ2026,1800,1787706159
GC,1782822600,1782824400,GCQ2026,1800,1787706169
GC,1782824400,1782826200,GCQ2026,1800,1787706179
GC,1782826200,1782828000,GCQ2026,1800,1787706189
GC,1782828000,1782829800,GCQ2026,1800,1787706199
GC,1782829800,1782831600,GCQ2026,1800,1787706209
GC,1782831600,1782833400,GCQ2026,1800,1787706219
GC,1782833400,1782835200,GCQ2026,1800,1787706229
GC,1782835200,1782837000,GCQ2026,1800,1787706239
GC,1782837000,1782838800,GCQ2026,1800,1787706249
GC,1782838800,1782840600,GCQ2026,1800,1787706259
GC,1782840600,1782842400,GCQ2026,1800,1787706269
GC,1782842400,1782844200,GCQ2026,1800,1787706279
GC,1782844200,1782846000,GCQ2026,1800,1787706289
GC,1782846000,1782847800,GCQ2026,1800,1787706299
GC,1782847800,1782849600,GCQ2026,1800,1787706309
GC,1782849600,1782851400,GCQ2026,1800,1787706319
GC,1782851400,1782853200,GCQ2026,1800,1787706329
GC,1782856800,1782858600,GCQ2026,1800,1787706339
GC,1782858600,1782860400,GCQ2026,1800,1787706349
GC,1782860400,1782862200,GCQ2026,1800,1787706359
GC,1782862200,1782864000,GCQ2026,1800,1787706369
GC,1782864000,1782865800,GCQ2026,1800,1787706379
GC,1782865800,1782867600,GCQ2026,1800,1787706389
GC,1782867600,1782869400,GCQ2026,1800,1787706399
GC,1782869400,1782871200,GCQ2026,1800,1787706409
GC,1782871200,1782873000,GCQ2026,1800,1787706419
GC,1782873000,1782874800,GCQ2026,1800,1787706429
GC,1782874800,1782876600,GCQ2026,1800,1787706439
GC,1782876600,1782878400,GCQ2026,1800,1787706449
GC,1782878400,1782880200,GCQ2026,1800,1787706459
GC,1782880200,1782882000,GCQ2026,1800,1787706469
GC,1782882000,1782883800,GCQ2026,1800,1787706479
GC,1782883800,1782885600,GCQ2026,1800,1787706489
GC,1782885600,1782887400,GCQ2026,1800,1787706499
GC,1782887400,1782889200,GCQ2026,1800,1787706509
GC,1782889200,1782891000,GCQ2026,1800,1787706519
GC,1782891000,1782892800,GCQ2026,1800,1787706529
GC,1782892800,1782894600,GCQ2026,1800,1787706539
GC,1782894600,1782896400,GCQ2026,1800,1787706549
GC,1782896400,1782898200,GCQ2026,1800,1787706559
GC,1782898200,1782900000,GCQ2026,1800,1787706569
GC,1782900000,1782901800,GCQ2026,1800,1787706579
GC,1782901800,1782903600,GCQ2026,1800,1787706589
GC,1782903600,1782905400,GCQ2026,1800,1787706599
GC,1782905400,1782907200,GCQ2026,1800,1787706609
GC,1782907200,1782909000,GCQ2026,1800,1787706619
GC,1782909000,1782910800,GCQ2026,1800,1787706629
GC,1782910800,1782912600,GCQ2026,1800,1787706639
GC,1782912600,1782914400,GCQ2026,1800,1787706649
GC,1782914400,1782916200,GCQ2026,1800,1787706659
GC,1782916200,1782918000,GCQ2026,1800,1787706669
GC,1782918000,1782919800,GCQ2026,1800,1787706679
GC,1782919800,1782921600,GCQ2026,1800,1787706689
GC,1782921600,1782923400,GCQ2026,1800,1787706699
GC,1782923400,1782925200,GCQ2026,1800,1787706709
GC,1782925200,1782927000,GCQ2026,1800,1787706719
GC,1782927000,1782928800,GCQ2026,1800,1787706729
GC,1782928800,1782930600,GCQ2026,1800,1787706739
GC,1782930600,1782932400,GCQ2026,1800,1787706749
GC,1782932400,1782934200,GCQ2026,1800,1787706759
GC,1782934200,1782936000,GCQ2026,1800,1787706769
GC,1782936000,1782937800,GCQ2026,1800,1787706779
GC,1782937800,1782939600,GCQ2026,1800,1787706789
GC,1782943200,1782945000,GCQ2026,1800,1787706799
GC,1782945000,1782946800,GCQ2026,1800,1787706809
GC,1782946800,1782948600,GCQ2026,1800,1787706819
GC,1782948600,1782950400,GCQ2026,1800,1787706829
GC,1782950400,1782952200,GCQ2026,1800,1787706839
GC,1782952200,1782954000,GCQ2026,1800,1787706849
GC,1782954000,1782955800,GCQ2026,1800,1787706859
GC,1782955800,1782957600,GCQ2026,1800,1787706869
GC,1782957600,1782959400,GCQ2026,1800,1787706879
GC,1782959400,1782961200,GCQ2026,1800,1787706889
GC,1782961200,1782963000,GCQ2026,1800,1787706899
GC,1782963000,1782964800,GCQ2026,1800,1787706909
GC,1782964800,1782966600,GCQ2026,1800,1787706919
GC,1782966600,1782968400,GCQ2026,1800,1787706929
GC,1782968400,1782970200,GCQ2026,1800,1787706939
GC,1782970200,1782972000,GCQ2026,1800,1787706949
GC,1782972000,1782973800,GCQ2026,1800,1787706959
GC,1782973800,1782975600,GCQ2026,1800,1787706969
GC,1782975600,1782977400,GCQ2026,1800,1787706979
GC,1782977400,1782979200,GCQ2026,1800,1787706989
GC,1782979200,1782981000,GCQ2026,1800,1787706999
GC,1782981000,1782982800,GCQ2026,1800,1787707009
GC,1782982800,1782984600,GCQ2026,1800,1787707019
GC,1782984600,1782986400,GCQ2026,1800,1787707029
GC,1782986400,1782988200,GCQ2026,1800,1787707039
GC,1782988200,1782990000,GCQ2026,1800,1787707049
GC,1782990000,1782991800,GCQ2026,1800,1787707059
GC,1782991800,1782993600,GCQ2026,1800,1787707069
GC,1782993600,1782995400,GCQ2026,1800,1787707079
GC,1782995400,1782997200,GCQ2026,1800,1787707089
GC,1782997200,1782999000,GCQ2026,1800,1787707099
GC,1782999000,1783000800,GCQ2026,1800,1787707109
GC,1783000800,1783002600,GCQ2026,1800,1787707119
GC,1783002600,1783004400,GCQ2026,1800,1787707129
GC,1783004400,1783006200,GCQ2026,1800,1787707139
GC,1783006200,1783008000,GCQ2026,1800,1787707149
GC,1783008000,1783009800,GCQ2026,1800,1787707159
GC,1783009800,1783011600,GCQ2026,1800,1787707169
GC,1783011600,1783013400,GCQ2026,1800,1787707179
GC,1783013400,1783015200,GCQ2026,1800,1787707189
GC,1783015200,1783017000,GCQ2026,1800,1787707199
GC,1783017000,1783018800,GCQ2026,1800,1787707209
GC,1783018800,1783020600,GCQ2026,1800,1787707219
GC,1783020600,1783022400,GCQ2026,1800,1787707229
GC,1783022400,1783024200,GCQ2026,1800,1787707239
GC,1783024200,1783026000,GCQ2026,1800,1787707249
GC,1783029600,1783031400,GCQ2026,1800,1787707259
GC,1783031400,1783033200,GCQ2026,1800,1787707269
GC,1783033200,1783035000,GCQ2026,1800,1787707279
GC,1783035000,1783036800,GCQ2026,1800,1787707289
GC,1783036800,1783038600,GCQ2026,1800,1787707299
GC,1783038600,1783040400,GCQ2026,1800,1787707309
GC,1783040400,1783042200,GCQ2026,1800,1787707319
GC,1783042200,1783044000,GCQ2026,1800,1787707329
GC,1783044000,1783045800,GCQ2026,1800,1787707339
GC,1783045800,1783047600,GCQ2026,1800,1787707349
GC,1783047600,1783049400,GCQ2026,1800,1787707359
GC,1783049400,1783051200,GCQ2026,1800,1787707369
GC,1783051200,1783053000,GCQ2026,1800,1787707379
GC,1783053000,1783054800,GCQ2026,1800,1787707389
GC,1783054800,1783056600,GCQ2026,1800,1787707399
GC,1783056600,1783058400,GCQ2026,1800,1787707409
GC,1783058400,1783060200,GCQ2026,1800,1787707419
GC,1783060200,1783062000,GCQ2026,1800,1787707429
GC,1783062000,1783063800,GCQ2026,1800,1787707439
GC,1783063800,1783065600,GCQ2026,1800,1787707449
GC,1783065600,1783067400,GCQ2026,1800,1787707459
GC,1783067400,1783069200,GCQ2026,1800,1787707469
GC,1783069200,1783071000,GCQ2026,1800,1787707479
GC,1783071000,1783072800,GCQ2026,1800,1787707489
GC,1783072800,1783074600,GCQ2026,1800,1787707499
GC,1783074600,1783076400,GCQ2026,1800,1787707509
GC,1783076400,1783078200,GCQ2026,1800,1787707519
GC,1783078200,1783080000,GCQ2026,1800,1787707529
GC,1783080000,1783081800,GCQ2026,1800,1787707539
GC,1783081800,1783083600,GCQ2026,1800,1787707549
GC,1783083600,1783085400,GCQ2026,1800,1787707559
GC,1783085400,1783087200,GCQ2026,1800,1787707569
GC,1783087200,1783089000,GCQ2026,1800,1787707579
GC,1783089000,1783090800,GCQ2026,1800,1787707589
GC,1783090800,1783092600,GCQ2026,1800,1787707599
GC,1783092600,1783094400,GCQ2026,1800,1787707609
GC,1783094400,1783096200,GCQ2026,1800,1787707619
GC,1783096200,1783098000,GCQ2026,1800,1787707629
GC,1783098000,1783099800,GCQ2026,1800,1787707639
GC,1783099800,1783101600,GCQ2026,1800,1787707649
GC,1783101600,1783103400,GCQ2026,1800,1787707659
GC,1783103400,1783105200,GCQ2026,1800,1787707669
GC,1783105200,1783107000,GCQ2026,1800,1787707679
GC,1783107000,1783108800,GCQ2026,1800,1787707689
GC,1783108800,1783110600,GCQ2026,1800,1787707699
GC,1783110600,1783112400,GCQ2026,1800,1787707709
GC,1783288800,1783290600,GCQ2026,1800,1787707719
GC,1783290600,1783292400,GCQ2026,1800,1787707729
GC,1783292400,1783294200,GCQ2026,1800,1787707739
GC,1783294200,1783296000,GCQ2026,1800,1787707749
GC,1783296000,1783297800,GCQ2026,1800,1787707759
GC,1783297800,1783299600,GCQ2026,1800,1787707769
GC,1783299600,1783301400,GCQ2026,1800,1787707779
GC,1783301400,1783303200,GCQ2026,1800,1787707789
GC,1783303200,1783305000,GCQ2026,1800,1787707799
GC,1783305000,1783306800,GCQ2026,1800,1787707809
GC,1783306800,1783308600,GCQ2026,1800,1787707819
GC,1783308600,1783310400,GCQ2026,1800,1787707829
GC,1783310400,1783312200,GCQ2026,1800,1787707839
GC,1783312200,1783314000,GCQ2026,1800,1787707849
GC,1783314000,1783315800,GCQ2026,1800,1787707859
GC,1783315800,1783317600,GCQ2026,1800,1787707869
GC,1783317600,1783319400,GCQ2026,1800,1787707879
GC,1783319400,1783321200,GCQ2026,1800,1787707889
GC,1783321200,1783323000,GCQ2026,1800,1787707899
GC,1783323000,1783324800,GCQ2026,1800,1787707909
GC,1783324800,1783326600,GCQ2026,1800,1787707919
GC,1783326600,1783328400,GCQ2026,1800,1787707929
GC,1783328400,1783330200,GCQ2026,1800,1787707939
GC,1783330200,1783332000,GCQ2026,1800,1787707949
GC,1783332000,1783333800,GCQ2026,1800,1787707959
GC,1783333800,1783335600,GCQ2026,1800,1787707969
GC,1783335600,1783337400,GCQ2026,1800,1787707979
GC,1783337400,1783339200,GCQ2026,1800,1787707989
GC,1783339200,1783341000,GCQ2026,1800,1787707999
GC,1783341000,1783342800,GCQ2026,1800,1787708009
GC,1783342800,1783344600,GCQ2026,1800,1787708019
GC,1783344600,1783346400,GCQ2026,1800,1787708029
GC,1783346400,1783348200,GCQ2026,1800,1787708039
GC,1783348200,1783350000,GCQ2026,1800,1787708049
GC,1783350000,1783351800,GCQ2026,1800,1787708059
GC,1783351800,1783353600,GCQ2026,1800,1787708069
GC,1783353600,1783355400,GCQ2026,1800,1787708079
GC,1783355400,1783357200,GCQ2026,1800,1787708089
GC,1783357200,1783359000,GCQ2026,1800,1787708099
GC,1783359000,1783360800,GCQ2026,1800,1787708109
GC,1783360800,1783362600,GCQ2026,1800,1787708119
GC,1783362600,1783364400,GCQ2026,1800,1787708129
GC,1783364400,1783366200,GCQ2026,1800,1787708139
GC,1783366200,1783368000,GCQ2026,1800,1787708149
GC,1783368000,1783369800,GCQ2026,1800,1787708159
GC,1783369800,1783371600,GCQ2026,1800,1787708169
GC,1783375200,1783377000,GCQ2026,1800,1787708179
GC,1783377000,1783378800,GCQ2026,1800,1787708189
GC,1783378800,1783380600,GCQ2026,1800,1787708199
GC,1783380600,1783382400,GCQ2026,1800,1787708209
GC,1783382400,1783384200,GCQ2026,1800,1787708219
GC,1783384200,1783386000,GCQ2026,1800,1787708229
GC,1783386000,1783387800,GCQ2026,1800,1787708239
GC,1783387800,1783389600,GCQ2026,1800,1787708249
GC,1783389600,1783391400,GCQ2026,1800,1787708259
GC,1783391400,1783393200,GCQ2026,1800,1787708269
GC,1783393200,1783395000,GCQ2026,1800,1787708279
GC,1783395000,1783396800,GCQ2026,1800,1787708289
GC,1783396800,1783398600,GCQ2026,1800,1787708299
GC,1783398600,1783400400,GCQ2026,1800,1787708309
GC,1783400400,1783402200,GCQ2026,1800,1787708319
GC,1783402200,1783404000,GCQ2026,1800,1787708329
GC,1783404000,1783405800,GCQ2026,1800,1787708339
GC,1783405800,1783407600,GCQ2026,1800,1787708349
GC,1783407600,1783409400,GCQ2026,1800,1787708359
GC,1783409400,1783411200,GCQ2026,1800,1787708369
GC,1783411200,1783413000,GCQ2026,1800,1787708379
GC,1783413000,1783414800,GCQ2026,1800,1787708389
GC,1783414800,1783416600,GCQ2026,1800,1787708399
GC,1783416600,1783418400,GCQ2026,1800,1787708409
GC,1783418400,1783420200,GCQ2026,1800,1787708419
GC,1783420200,1783422000,GCQ2026,1800,1787708429
GC,1783422000,1783423800,GCQ2026,1800,1787708439
GC,1783423800,1783425600,GCQ2026,1800,1787708449
GC,1783425600,1783427400,GCQ2026,1800,1787708459
GC,1783427400,1783429200,GCQ2026,1800,1787708469
GC,1783429200,1783431000,GCQ2026,1800,1787708479
GC,1783431000,1783432800,GCQ2026,1800,1787708489
GC,1783432800,1783434600,GCQ2026,1800,1787708499
GC,1783434600,1783436400,GCQ2026,1800,1787708509
GC,1783436400,1783438200,GCQ2026,1800,1787708519
GC,1783438200,1783440000,GCQ2026,1800,1787708529
GC,1783440000,1783441800,GCQ2026,1800,1787708539
GC,1783441800,1783443600,GCQ2026,1800,1787708549
GC,1783443600,1783445400,GCQ2026,1800,1787708559
GC,1783445400,1783447200,GCQ2026,1800,1787708569
GC,1783447200,1783449000,GCQ2026,1800,1787708579
GC,1783449000,1783450800,GCQ2026,1800,1787708589
GC,1783450800,1783452600,GCQ2026,1800,1787708599
GC,1783452600,1783454400,GCQ2026,1800,1787708609
GC,1783454400,1783456200,GCQ2026,1800,1787708619
GC,1783456200,1783458000,GCQ2026,1800,1787708629
GC,1783461600,1783463400,GCQ2026,1800,1787708639
GC,1783463400,1783465200,GCQ2026,1800,1787708649
GC,1783465200,1783467000,GCQ2026,1800,1787708659
GC,1783467000,1783468800,GCQ2026,1800,1787708669
GC,1783468800,1783470600,GCQ2026,1800,1787708679
GC,1783470600,1783472400,GCQ2026,1800,1787708689
GC,1783472400,1783474200,GCQ2026,1800,1787708699
GC,1783474200,1783476000,GCQ2026,1800,1787708709
GC,1783476000,1783477800,GCQ2026,1800,1787708719
GC,1783477800,1783479600,GCQ2026,1800,1787708729
GC,1783479600,1783481400,GCQ2026,1800,1787708739
GC,1783481400,1783483200,GCQ2026,1800,1787708749
GC,1783483200,1783485000,GCQ2026,1800,1787708759
GC,1783485000,1783486800,GCQ2026,1800,1787708769
GC,1783486800,1783488600,GCQ2026,1800,1787708779
GC,1783488600,1783490400,GCQ2026,1800,1787708789
GC,1783490400,1783492200,GCQ2026,1800,1787708799
GC,1783492200,1783494000,GCQ2026,1800,1787708809
GC,1783494000,1783495800,GCQ2026,1800,1787708819
GC,1783495800,1783497600,GCQ2026,1800,1787708829
GC,1783497600,1783499400,GCQ2026,1800,1787708839
GC,1783499400,1783501200,GCQ2026,1800,1787708849
GC,1783501200,1783503000,GCQ2026,1800,1787708859
GC,1783503000,1783504800,GCQ2026,1800,1787708869
GC,1783504800,1783506600,GCQ2026,1800,1787708879
GC,1783506600,1783508400,GCQ2026,1800,1787708889
GC,1783508400,1783510200,GCQ2026,1800,1787708899
GC,1783510200,1783512000,GCQ2026,1800,1787708909
GC,1783512000,1783513800,GCQ2026,1800,1787708919
GC,1783513800,1783515600,GCQ2026,1800,1787708929
GC,1783515600,1783517400,GCQ2026,1800,1787708939
GC,1783517400,1783519200,GCQ2026,1800,1787708949
GC,1783519200,1783521000,GCQ2026,1800,1787708959
GC,1783521000,1783522800,GCQ2026,1800,1787708969
GC,1783522800,1783524600,GCQ2026,1800,1787708979
GC,1783524600,1783526400,GCQ2026,1800,1787708989
GC,1783526400,1783528200,GCQ2026,1800,1787708999
GC,1783528200,1783530000,GCQ2026,1800,1787709009
GC,1783530000,1783531800,GCQ2026,1800,1787709019
GC,1783531800,1783533600,GCQ2026,1800,1787709029
GC,1783533600,1783535400,GCQ2026,1800,1787709039
GC,1783535400,1783537200,GCQ2026,1800,1787709049
GC,1783537200,1783539000,GCQ2026,1800,1787709059
GC,1783539000,1783540800,GCQ2026,1800,1787709069
GC,1783540800,1783542600,GCQ2026,1800,1787709079
GC,1783542600,1783544400,GCQ2026,1800,1787709089
GC,1783548000,1783549800,GCQ2026,1800,1787709099
GC,1783549800,1783551600,GCQ2026,1800,1787709109
GC,1783551600,1783553400,GCQ2026,1800,1787709119
GC,1783553400,1783555200,GCQ2026,1800,1787709129
GC,1783555200,1783557000,GCQ2026,1800,1787709139
GC,1783557000,1783558800,GCQ2026,1800,1787709149
GC,1783558800,1783560600,GCQ2026,1800,1787709159
GC,1783560600,1783562400,GCQ2026,1800,1787709169
GC,1783562400,1783564200,GCQ2026,1800,1787709179
GC,1783564200,1783566000,GCQ2026,1800,1787709189
GC,1783566000,1783567800,GCQ2026,1800,1787709199
GC,1783567800,1783569600,GCQ2026,1800,1787709209
GC,1783569600,1783571400,GCQ2026,1800,1787709219
GC,1783571400,1783573200,GCQ2026,1800,1787709229
GC,1783573200,1783575000,GCQ2026,1800,1787709239
GC,1783575000,1783576800,GCQ2026,1800,1787709249
GC,1783576800,1783578600,GCQ2026,1800,1787709259
GC,1783578600,1783580400,GCQ2026,1800,1787709269
GC,1783580400,1783582200,GCQ2026,1800,1787709279
GC,1783582200,1783584000,GCQ2026,1800,1787709289
GC,1783584000,1783585800,GCQ2026,1800,1787709299
GC,1783585800,1783587600,GCQ2026,1800,1787709309
GC,1783587600,1783589400,GCQ2026,1800,1787709319
GC,1783589400,1783591200,GCQ2026,1800,1787709329
GC,1783591200,1783593000,GCQ2026,1800,1787709339
GC,1783593000,1783594800,GCQ2026,1800,1787709349
GC,1783594800,1783596600,GCQ2026,1800,1787709359
GC,1783596600,1783598400,GCQ2026,1800,1787709369
GC,1783598400,1783600200,GCQ2026,1800,1787709379
GC,1783600200,1783602000,GCQ2026,1800,1787709389
GC,1783602000,1783603800,GCQ2026,1800,1787709399
GC,1783603800,1783605600,GCQ2026,1800,1787709409
GC,1783605600,1783607400,GCQ2026,1800,1787709419
GC,1783607400,1783609200,GCQ2026,1800,1787709429
GC,1783609200,1783611000,GCQ2026,1800,1787709439
GC,1783611000,1783612800,GCQ2026,1800,1787709449
GC,1783612800,1783614600,GCQ2026,1800,1787709459
GC,1783614600,1783616400,GCQ2026,1800,1787709469
GC,1783616400,1783618200,GCQ2026,1800,1787709479
GC,1783618200,1783620000,GCQ2026,1800,1787709489
GC,1783620000,1783621800,GCQ2026,1800,1787709499
GC,1783621800,1783623600,GCQ2026,1800,1787709509
GC,1783623600,1783625400,GCQ2026,1800,1787709519
GC,1783625400,1783627200,GCQ2026,1800,1787709529
GC,1783627200,1783629000,GCQ2026,1800,1787709539
GC,1783629000,1783630800,GCQ2026,1800,1787709549
GC,1783634400,1783636200,GCQ2026,1800,1787709559
GC,1783636200,1783638000,GCQ2026,1800,1787709569
GC,1783638000,1783639800,GCQ2026,1800,1787709579
GC,1783639800,1783641600,GCQ2026,1800,1787709589
GC,1783641600,1783643400,GCQ2026,1800,1787709599
GC,1783643400,1783645200,GCQ2026,1800,1787709609
GC,1783645200,1783647000,GCQ2026,1800,1787709619
GC,1783647000,1783648800,GCQ2026,1800,1787709629
GC,1783648800,1783650600,GCQ2026,1800,1787709639
GC,1783650600,1783652400,GCQ2026,1800,1787709649
GC,1783652400,1783654200,GCQ2026,1800,1787709659
GC,1783654200,1783656000,GCQ2026,1800,1787709669
GC,1783656000,1783657800,GCQ2026,1800,1787709679
GC,1783657800,1783659600,GCQ2026,1800,1787709689
GC,1783659600,1783661400,GCQ2026,1800,1787709699
GC,1783661400,1783663200,GCQ2026,1800,1787709709
GC,1783663200,1783665000,GCQ2026,1800,1787709719
GC,1783665000,1783666800,GCQ2026,1800,1787709729
GC,1783666800,1783668600,GCQ2026,1800,1787709739
GC,1783668600,1783670400,GCQ2026,1800,1787709749
GC,1783670400,1783672200,GCQ2026,1800,1787709759
GC,1783672200,1783674000,GCQ2026,1800,1787709769
GC,1783674000,1783675800,GCQ2026,1800,1787709779
GC,1783675800,1783677600,GCQ2026,1800,1787709789
GC,1783677600,1783679400,GCQ2026,1800,1787709799
GC,1783679400,1783681200,GCQ2026,1800,1787709809
GC,1783681200,1783683000,GCQ2026,1800,1787709819
GC,1783683000,1783684800,GCQ2026,1800,1787709829
GC,1783684800,1783686600,GCQ2026,1800,1787709839
GC,1783686600,1783688400,GCQ2026,1800,1787709849
GC,1783688400,1783690200,GCQ2026,1800,1787709859
GC,1783690200,1783692000,GCQ2026,1800,1787709869
GC,1783692000,1783693800,GCQ2026,1800,1787709879
GC,1783693800,1783695600,GCQ2026,1800,1787709889
GC,1783695600,1783697400,GCQ2026,1800,1787709899
GC,1783697400,1783699200,GCQ2026,1800,1787709909
GC,1783699200,1783701000,GCQ2026,1800,1787709919
GC,1783701000,1783702800,GCQ2026,1800,1787709929
GC,1783702800,1783704600,GCQ2026,1800,1787709939
GC,1783704600,1783706400,GCQ2026,1800,1787709949
GC,1783706400,1783708200,GCQ2026,1800,1787709959
GC,1783708200,1783710000,GCQ2026,1800,1787709969
GC,1783710000,1783711800,GCQ2026,1800,1787709979
GC,1783711800,1783713600,GCQ2026,1800,1787709989
GC,1783713600,1783715400,GCQ2026,1800,1787709999
GC,1783715400,1783717200,GCQ2026,1800,1787710009
GC,1783893600,1783895400,GCQ2026,1800,1787710019
GC,1783895400,1783897200,GCQ2026,1800,1787710029
GC,1783897200,1783899000,GCQ2026,1800,1787710039
GC,1783899000,1783900800,GCQ2026,1800,1787710049
GC,1783900800,1783902600,GCQ2026,1800,1787710059
GC,1783902600,1783904400,GCQ2026,1800,1787710069
GC,1783904400,1783906200,GCQ2026,1800,1787710079
GC,1783906200,1783908000,GCQ2026,1800,1787710089
GC,1783908000,1783909800,GCQ2026,1800,1787710099
GC,1783909800,1783911600,GCQ2026,1800,1787710109
GC,1783911600,1783913400,GCQ2026,1800,1787710119
GC,1783913400,1783915200,GCQ2026,1800,1787710129
GC,1783915200,1783917000,GCQ2026,1800,1787710139
GC,1783917000,1783918800,GCQ2026,1800,1787710149
GC,1783918800,1783920600,GCQ2026,1800,1787710159
GC,1783920600,1783922400,GCQ2026,1800,1787710169
GC,1783922400,1783924200,GCQ2026,1800,1787710179
GC,1783924200,1783926000,GCQ2026,1800,1787710189
GC,1783926000,1783927800,GCQ2026,1800,1787710199
GC,1783927800,1783929600,GCQ2026,1800,1787710209
GC,1783929600,1783931400,GCQ2026,1800,1787710219
GC,1783931400,1783933200,GCQ2026,1800,1787710229
GC,1783933200,1783935000,GCQ2026,1800,1787710239
GC,1783935000,1783936800,GCQ2026,1800,1787710249
GC,1783936800,1783938600,GCQ2026,1800,1787710259
GC,1783938600,1783940400,GCQ2026,1800,1787710269
GC,1783940400,1783942200,GCQ2026,1800,1787710279
GC,1783942200,1783944000,GCQ2026,1800,1787710289
GC,1783944000,1783945800,GCQ2026,1800,1787710299
GC,1783945800,1783947600,GCQ2026,1800,1787710309
GC,1783947600,1783949400,GCQ2026,1800,1787710319
GC,1783949400,1783951200,GCQ2026,1800,1787710329
GC,1783951200,1783953000,GCQ2026,1800,1787710339
GC,1783953000,1783954800,GCQ2026,1800,1787710349
GC,1783954800,1783956600,GCQ2026,1800,1787710359
GC,1783956600,1783958400,GCQ2026,1800,1787710369
GC,1783958400,1783960200,GCQ2026,1800,1787710379
GC,1783960200,1783962000,GCQ2026,1800,1787710389
GC,1783962000,1783963800,GCQ2026,1800,1787710399
GC,1783963800,1783965600,GCQ2026,1800,1787710409
GC,1783965600,1783967400,GCQ2026,1800,1787710419
GC,1783967400,1783969200,GCQ2026,1800,1787710429
GC,1783969200,1783971000,GCQ2026,1800,1787710439
GC,1783971000,1783972800,GCQ2026,1800,1787710449
GC,1783972800,1783974600,GCQ2026,1800,1787710459
GC,1783974600,1783976400,GCQ2026,1800,1787710469
GC,1783980000,1783981800,GCQ2026,1800,1787710479
GC,1783981800,1783983600,GCQ2026,1800,1787710489
GC,1783983600,1783985400,GCQ2026,1800,1787710499
GC,1783985400,1783987200,GCQ2026,1800,1787710509
GC,1783987200,1783989000,GCQ2026,1800,1787710519
GC,1783989000,1783990800,GCQ2026,1800,1787710529
GC,1783990800,1783992600,GCQ2026,1800,1787710539
GC,1783992600,1783994400,GCQ2026,1800,1787710549
GC,1783994400,1783996200,GCQ2026,1800,1787710559
GC,1783996200,1783998000,GCQ2026,1800,1787710569
GC,1783998000,1783999800,GCQ2026,1800,1787710579
GC,1783999800,1784001600,GCQ2026,1800,1787710589
GC,1784001600,1784003400,GCQ2026,1800,1787710599
GC,1784003400,1784005200,GCQ2026,1800,1787710609
GC,1784005200,1784007000,GCQ2026,1800,1787710619
GC,1784007000,1784008800,GCQ2026,1800,1787710629
GC,1784008800,1784010600,GCQ2026,1800,1787710639
GC,1784010600,1784012400,GCQ2026,1800,1787710649
GC,1784012400,1784014200,GCQ2026,1800,1787710659
GC,1784014200,1784016000,GCQ2026,1800,1787710669
GC,1784016000,1784017800,GCQ2026,1800,1787710679
GC,1784017800,1784019600,GCQ2026,1800,1787710689
GC,1784019600,1784021400,GCQ2026,1800,1787710699
GC,1784021400,1784023200,GCQ2026,1800,1787710709
GC,1784023200,1784025000,GCQ2026,1800,1787710719
GC,1784025000,1784026800,GCQ2026,1800,1787710729
GC,1784026800,1784028600,GCQ2026,1800,1787710739
GC,1784028600,1784030400,GCQ2026,1800,1787710749
GC,1784030400,1784032200,GCQ2026,1800,1787710759
GC,1784032200,1784034000,GCQ2026,1800,1787710769
GC,1784034000,1784035800,GCQ2026,1800,1787710779
GC,1784035800,1784037600,GCQ2026,1800,1787710789
GC,1784037600,1784039400,GCQ2026,1800,1787710799
GC,1784039400,1784041200,GCQ2026,1800,1787710809
GC,1784041200,1784043000,GCQ2026,1800,1787710819
GC,1784043000,1784044800,GCQ2026,1800,1787710829
GC,1784044800,1784046600,GCQ2026,1800,1787710839
GC,1784046600,1784048400,GCQ2026,1800,1787710849
GC,1784048400,1784050200,GCQ2026,1800,1787710859
GC,1784050200,1784052000,GCQ2026,1800,1787710869
GC,1784052000,1784053800,GCQ2026,1800,1787710879
GC,1784053800,1784055600,GCQ2026,1800,1787710889
GC,1784055600,1784057400,GCQ2026,1800,1787710899
GC,1784057400,1784059200,GCQ2026,1800,1787710909
GC,1784059200,1784061000,GCQ2026,1800,1787710919
GC,1784061000,1784062800,GCQ2026,1800,1787710929
GC,1784066400,1784068200,GCQ2026,1800,1787710939
GC,1784068200,1784070000,GCQ2026,1800,1787710949
GC,1784070000,1784071800,GCQ2026,1800,1787710959
GC,1784071800,1784073600,GCQ2026,1800,1787710969
GC,1784073600,1784075400,GCQ2026,1800,1787710979
GC,1784075400,1784077200,GCQ2026,1800,1787711004
GC,1784077200,1784079000,GCQ2026,1800,1787711014
GC,1784079000,1784080800,GCQ2026,1800,1787711024
GC,1784080800,1784082600,GCQ2026,1800,1787711034
GC,1784082600,1784084400,GCQ2026,1800,1787711044
GC,1784084400,1784086200,GCQ2026,1800,1787711054
GC,1784086200,1784088000,GCQ2026,1800,1787711064
GC,1784088000,1784089800,GCQ2026,1800,1787711074
GC,1784089800,1784091600,GCQ2026,1800,1787711084
GC,1784091600,1784093400,GCQ2026,1800,1787711094
GC,1784093400,1784095200,GCQ2026,1800,1787711104
GC,1784095200,1784097000,GCQ2026,1800,1787711114
GC,1784097000,1784098800,GCQ2026,1800,1787711124
GC,1784098800,1784100600,GCQ2026,1800,1787711134
GC,1784100600,1784102400,GCQ2026,1800,1787711144
GC,1784102400,1784104200,GCQ2026,1800,1787711154
GC,1784104200,1784106000,GCQ2026,1800,1787711164
GC,1784106000,1784107800,GCQ2026,1800,1787711174
GC,1784107800,1784109600,GCQ2026,1800,1787711184
GC,1784109600,1784111400,GCQ2026,1800,1787711194
GC,1784111400,1784113200,GCQ2026,1800,1787711204
GC,1784113200,1784115000,GCQ2026,1800,1787711214
GC,1784115000,1784116800,GCQ2026,1800,1787711224
GC,1784116800,1784118600,GCQ2026,1800,1787711234
GC,1784118600,1784120400,GCQ2026,1800,1787711244
GC,1784120400,1784122200,GCQ2026,1800,1787711254
GC,1784122200,1784124000,GCQ2026,1800,1787711264
GC,1784124000,1784125800,GCQ2026,1800,1787711274
GC,1784125800,1784127600,GCQ2026,1800,1787711284
GC,1784127600,1784129400,GCQ2026,1800,1787711294
GC,1784129400,1784131200,GCQ2026,1800,1787711304
GC,1784131200,1784133000,GCQ2026,1800,1787711314
GC,1784133000,1784134800,GCQ2026,1800,1787711324
GC,1784134800,1784136600,GCQ2026,1800,1787711334
GC,1784136600,1784138400,GCQ2026,1800,1787711344
GC,1784138400,1784140200,GCQ2026,1800,1787711354
GC,1784140200,1784142000,GCQ2026,1800,1787711364
GC,1784142000,1784143800,GCQ2026,1800,1787711374
GC,1784143800,1784145600,GCQ2026,1800,1787711384
GC,1784145600,1784147400,GCQ2026,1800,1787711394
GC,1784147400,1784149200,GCQ2026,1800,1787711404
GC,1784152800,1784154600,GCQ2026,1800,1787711414
GC,1784154600,1784156400,GCQ2026,1800,1787711424
GC,1784156400,1784158200,GCQ2026,1800,1787711434
GC,1784158200,1784160000,GCQ2026,1800,1787711444
GC,1784160000,1784161800,GCQ2026,1800,1787711454
GC,1784161800,1784163600,GCQ2026,1800,1787711464
GC,1784163600,1784165400,GCQ2026,1800,1787711474
GC,1784165400,1784167200,GCQ2026,1800,1787711484
GC,1784167200,1784169000,GCQ2026,1800,1787711494
GC,1784169000,1784170800,GCQ2026,1800,1787711504
GC,1784170800,1784172600,GCQ2026,1800,1787711514
GC,1784172600,1784174400,GCQ2026,1800,1787711524
GC,1784174400,1784176200,GCQ2026,1800,1787711534
GC,1784176200,1784178000,GCQ2026,1800,1787711544
GC,1784178000,1784179800,GCQ2026,1800,1787711554
GC,1784179800,1784181600,GCQ2026,1800,1787711564
GC,1784181600,1784183400,GCQ2026,1800,1787711574
GC,1784183400,1784185200,GCQ2026,1800,1787711584
GC,1784185200,1784187000,GCQ2026,1800,1787711594
GC,1784187000,1784188800,GCQ2026,1800,1787711619
GC,1784188800,1784190600,GCQ2026,1800,1787711629
GC,1784190600,1784192400,GCQ2026,1800,1787711639
GC,1784192400,1784194200,GCQ2026,1800,1787711649
GC,1784194200,1784196000,GCQ2026,1800,1787711659
GC,1784196000,1784197800,GCQ2026,1800,1787711669
GC,1784197800,1784199600,GCQ2026,1800,1787711679
GC,1784199600,1784201400,GCQ2026,1800,1787711689
GC,1784201400,1784203200,GCQ2026,1800,1787711699
GC,1784203200,1784205000,GCQ2026,1800,1787711709
GC,1784205000,1784206800,GCQ2026,1800,1787711719
GC,1784206800,1784208600,GCQ2026,1800,1787711729
GC,1784208600,1784210400,GCQ2026,1800,1787711739
GC,1784210400,1784212200,GCQ2026,1800,1787711750
GC,1784212200,1784214000,GCQ2026,1800,1787711759
GC,1784214000,1784215800,GCQ2026,1800,1787711769
GC,1784215800,1784217600,GCQ2026,1800,1787711779
GC,1784217600,1784219400,GCQ2026,1800,1787711789
GC,1784219400,1784221200,GCQ2026,1800,1787711799
GC,1784221200,1784223000,GCQ2026,1800,1787711809
GC,1784223000,1784224800,GCQ2026,1800,1787711819
GC,1784224800,1784226600,GCQ2026,1800,1787711829
GC,1784226600,1784228400,GCQ2026,1800,1787711839
GC,1784228400,1784230200,GCQ2026,1800,1787711849
GC,1784230200,1784232000,GCQ2026,1800,1787711859
GC,1784232000,1784233800,GCQ2026,1800,1787711869
GC,1784233800,1784235600,GCQ2026,1800,1787711879
GC,1784239200,1784241000,GCQ2026,1800,1787711889
GC,1784241000,1784242800,GCQ2026,1800,1787711899
GC,1784242800,1784244600,GCQ2026,1800,1787711909
GC,1784244600,1784246400,GCQ2026,1800,1787711919
GC,1784246400,1784248200,GCQ2026,1800,1787711929
GC,1784248200,1784250000,GCQ2026,1800,1787711939
GC,1784250000,1784251800,GCQ2026,1800,1787711949
GC,1784251800,1784253600,GCQ2026,1800,1787711959
GC,1784253600,1784255400,GCQ2026,1800,1787711969
GC,1784255400,1784257200,GCQ2026,1800,1787711979
GC,1784257200,1784259000,GCQ2026,1800,1787711989
GC,1784259000,1784260800,GCQ2026,1800,1787711999
GC,1784260800,1784262600,GCQ2026,1800,1787712009
GC,1784262600,1784264400,GCQ2026,1800,1787712019
GC,1784264400,1784266200,GCQ2026,1800,1787712029
GC,1784266200,1784268000,GCQ2026,1800,1787712039
GC,1784268000,1784269800,GCQ2026,1800,1787712049
GC,1784269800,1784271600,GCQ2026,1800,1787712059
GC,1784271600,1784273400,GCQ2026,1800,1787712069
GC,1784273400,1784275200,GCQ2026,1800,1787712079
GC,1784275200,1784277000,GCQ2026,1800,1787712089
GC,1784277000,1784278800,GCQ2026,1800,1787712099
GC,1784278800,1784280600,GCQ2026,1800,1787712109
GC,1784280600,1784282400,GCQ2026,1800,1787712119
GC,1784282400,1784284200,GCQ2026,1800,1787712129
GC,1784284200,1784286000,GCQ2026,1800,1787712139
GC,1784286000,1784287800,GCQ2026,1800,1787712149
GC,1784287800,1784289600,GCQ2026,1800,1787712159
GC,1784289600,1784291400,GCQ2026,1800,1787712169
GC,1784291400,1784293200,GCQ2026,1800,1787712179
GC,1784293200,1784295000,GCQ2026,1800,1787712189
GC,1784295000,1784296800,GCQ2026,1800,1787712199
GC,1784296800,1784298600,GCQ2026,1800,1787712209
GC,1784298600,1784300400,GCQ2026,1800,1787712219
GC,1784300400,1784302200,GCQ2026,1800,1787712229
GC,1784302200,1784304000,GCQ2026,1800,1787712239
GC,1784304000,1784305800,GCQ2026,1800,1787712249
GC,1784305800,1784307600,GCQ2026,1800,1787712259
GC,1784307600,1784309400,GCQ2026,1800,1787712269
GC,1784309400,1784311200,GCQ2026,1800,1787712279
GC,1784311200,1784313000,GCQ2026,1800,1787712289
GC,1784313000,1784314800,GCQ2026,1800,1787712300
GC,1784314800,1784316600,GCQ2026,1800,1787712309
GC,1784316600,1784318400,GCQ2026,1800,1787712319
GC,1784318400,1784320200,GCQ2026,1800,1787712329
GC,1784320200,1784322000,GCQ2026,1800,1787712339
GC,1784498400,1784500200,GCQ2026,1800,1787712349
GC,1784500200,1784502000,GCQ2026,1800,1787712359
GC,1784502000,1784503800,GCQ2026,1800,1787712369
GC,1784503800,1784505600,GCQ2026,1800,1787712379
GC,1784505600,1784507400,GCQ2026,1800,1787712390
GC,1784507400,1784509200,GCQ2026,1800,1787712399
GC,1784509200,1784511000,GCQ2026,1800,1787712410
GC,1784511000,1784512800,GCQ2026,1800,1787712419
GC,1784512800,1784514600,GCQ2026,1800,1787712429
GC,1784514600,1784516400,GCQ2026,1800,1787712439
GC,1784516400,1784518200,GCQ2026,1800,1787712449
GC,1784518200,1784520000,GCQ2026,1800,1787712459
GC,1784520000,1784521800,GCQ2026,1800,1787712469
GC,1784521800,1784523600,GCQ2026,1800,1787712479
GC,1784523600,1784525400,GCQ2026,1800,1787712489
GC,1784525400,1784527200,GCQ2026,1800,1787712499
GC,1784527200,1784529000,GCQ2026,1800,1787712509
GC,1784529000,1784530800,GCQ2026,1800,1787712519
GC,1784530800,1784532600,GCQ2026,1800,1787712529
GC,1784532600,1784534400,GCQ2026,1800,1787712539
GC,1784534400,1784536200,GCQ2026,1800,1787712549
GC,1784536200,1784538000,GCQ2026,1800,1787712559
GC,1784538000,1784539800,GCQ2026,1800,1787712569
GC,1784539800,1784541600,GCQ2026,1800,1787712579
GC,1784541600,1784543400,GCQ2026,1800,1787712589
GC,1784543400,1784545200,GCQ2026,1800,1787712599
GC,1784545200,1784547000,GCQ2026,1800,1787712609
GC,1784547000,1784548800,GCQ2026,1800,1787712619
GC,1784548800,1784550600,GCQ2026,1800,1787712629
GC,1784550600,1784552400,GCQ2026,1800,1787712639
GC,1784552400,1784554200,GCQ2026,1800,1787712649
GC,1784554200,1784556000,GCQ2026,1800,1787712659
GC,1784556000,1784557800,GCQ2026,1800,1787712669
GC,1784557800,1784559600,GCQ2026,1800,1787712679
GC,1784559600,1784561400,GCQ2026,1800,1787712689
GC,1784561400,1784563200,GCQ2026,1800,1787712699
GC,1784563200,1784565000,GCQ2026,1800,1787712709
GC,1784565000,1784566800,GCQ2026,1800,1787712719
GC,1784566800,1784568600,GCQ2026,1800,1787712729
GC,1784568600,1784570400,GCQ2026,1800,1787712739
GC,1784570400,1784572200,GCQ2026,1800,1787712749
GC,1784572200,1784574000,GCQ2026,1800,1787712759
GC,1784574000,1784575800,GCQ2026,1800,1787712769
GC,1784575800,1784577600,GCQ2026,1800,1787712779
GC,1784577600,1784579400,GCQ2026,1800,1787712789
GC,1784579400,1784581200,GCQ2026,1800,1787712799
GC,1784584800,1784586600,GCQ2026,1800,1787712809
GC,1784586600,1784588400,GCQ2026,1800,1787712819
GC,1784588400,1784590200,GCQ2026,1800,1787712829
GC,1784590200,1784592000,GCQ2026,1800,1787712839
GC,1784592000,1784593800,GCQ2026,1800,1787712849
GC,1784593800,1784595600,GCQ2026,1800,1787712859
GC,1784595600,1784597400,GCQ2026,1800,1787712869
GC,1784597400,1784599200,GCQ2026,1800,1787712879
GC,1784599200,1784601000,GCQ2026,1800,1787712889
GC,1784601000,1784602800,GCQ2026,1800,1787712899
GC,1784602800,1784604600,GCQ2026,1800,1787712909
GC,1784604600,1784606400,GCQ2026,1800,1787712919
GC,1784606400,1784608200,GCQ2026,1800,1787712929
GC,1784608200,1784610000,GCQ2026,1800,1787712939
GC,1784610000,1784611800,GCQ2026,1800,1787712949
GC,1784611800,1784613600,GCQ2026,1800,1787712959
GC,1784613600,1784615400,GCQ2026,1800,1787712969
GC,1784615400,1784617200,GCQ2026,1800,1787712979
GC,1784617200,1784619000,GCQ2026,1800,1787712989
GC,1784619000,1784620800,GCQ2026,1800,1787712999
GC,1784620800,1784622600,GCQ2026,1800,1787713009
GC,1784622600,1784624400,GCQ2026,1800,1787713019
GC,1784624400,1784626200,GCQ2026,1800,1787713029
GC,1784626200,1784628000,GCQ2026,1800,1787713039
GC,1784628000,1784629800,GCQ2026,1800,1787713049
GC,1784629800,1784631600,GCQ2026,1800,1787713059
GC,1784631600,1784633400,GCQ2026,1800,1787713069
GC,1784633400,1784635200,GCQ2026,1800,1787713079
GC,1784635200,1784637000,GCQ2026,1800,1787713089
GC,1784637000,1784638800,GCQ2026,1800,1787713099
GC,1784638800,1784640600,GCQ2026,1800,1787713109
GC,1784640600,1784642400,GCQ2026,1800,1787713119
GC,1784642400,1784644200,GCQ2026,1800,1787713129
GC,1784644200,1784646000,GCQ2026,1800,1787713139
GC,1784646000,1784647800,GCQ2026,1800,1787713149
GC,1784647800,1784649600,GCQ2026,1800,1787713159
GC,1784649600,1784651400,GCQ2026,1800,1787713169
GC,1784651400,1784653200,GCQ2026,1800,1787713179
GC,1784653200,1784655000,GCQ2026,1800,1787713189
GC,1784655000,1784656800,GCQ2026,1800,1787713199
GC,1784656800,1784658600,GCQ2026,1800,1787713209
GC,1784658600,1784660400,GCQ2026,1800,1787713219
GC,1784660400,1784662200,GCQ2026,1800,1787713229
GC,1784662200,1784664000,GCQ2026,1800,1787713239
GC,1784664000,1784665800,GCQ2026,1800,1787713249
GC,1784665800,1784667600,GCQ2026,1800,1787713259
GC,1784671200,1784673000,GCQ2026,1800,1787713269
GC,1784673000,1784674800,GCQ2026,1800,1787713279
GC,1784674800,1784676600,GCQ2026,1800,1787713289
GC,1784676600,1784678400,GCQ2026,1800,1787713299
GC,1784678400,1784680200,GCQ2026,1800,1787713309
GC,1784680200,1784682000,GCQ2026,1800,1787713319
GC,1784682000,1784683800,GCQ2026,1800,1787713329
GC,1784683800,1784685600,GCQ2026,1800,1787713339
GC,1784685600,1784687400,GCQ2026,1800,1787713349
GC,1784687400,1784689200,GCQ2026,1800,1787713359
GC,1784689200,1784691000,GCQ2026,1800,1787713369
GC,1784691000,1784692800,GCQ2026,1800,1787713379
GC,1784692800,1784694600,GCQ2026,1800,1787713389
GC,1784694600,1784696400,GCQ2026,1800,1787713399
GC,1784696400,1784698200,GCQ2026,1800,1787713409
GC,1784698200,1784700000,GCQ2026,1800,1787713419
GC,1784700000,1784701800,GCQ2026,1800,1787713429
GC,1784701800,1784703600,GCQ2026,1800,1787713439
GC,1784703600,1784705400,GCQ2026,1800,1787713449
GC,1784705400,1784707200,GCQ2026,1800,1787713459
GC,1784707200,1784709000,GCQ2026,1800,1787713469
GC,1784709000,1784710800,GCQ2026,1800,1787713479
GC,1784710800,1784712600,GCQ2026,1800,1787713489
GC,1784712600,1784714400,GCQ2026,1800,1787713499
GC,1784714400,1784716200,GCQ2026,1800,1787713509
GC,1784716200,1784718000,GCQ2026,1800,1787713519
GC,1784718000,1784719800,GCQ2026,1800,1787713529
GC,1784719800,1784721600,GCQ2026,1800,1787713539
GC,1784721600,1784723400,GCQ2026,1800,1787713549
GC,1784723400,1784725200,GCQ2026,1800,1787713559
GC,1784725200,1784727000,GCQ2026,1800,1787713569
GC,1784727000,1784728800,GCQ2026,1800,1787713579
GC,1784728800,1784730600,GCQ2026,1800,1787713589
GC,1784730600,1784732400,GCQ2026,1800,1787713599
GC,1784732400,1784734200,GCQ2026,1800,1787713609
GC,1784734200,1784736000,GCQ2026,1800,1787713619
GC,1784736000,1784737800,GCQ2026,1800,1787713629
GC,1784737800,1784739600,GCQ2026,1800,1787713639
GC,1784739600,1784741400,GCQ2026,1800,1787713649
GC,1784741400,1784743200,GCQ2026,1800,1787713659
GC,1784743200,1784745000,GCQ2026,1800,1787713669
GC,1784745000,1784746800,GCQ2026,1800,1787713679
GC,1784746800,1784748600,GCQ2026,1800,1787713689
GC,1784748600,1784750400,GCQ2026,1800,1787713699
GC,1784750400,1784752200,GCQ2026,1800,1787713709
GC,1784752200,1784754000,GCQ2026,1800,1787713719
GC,1784757600,1784759400,GCQ2026,1800,1787713729
GC,1784759400,1784761200,GCQ2026,1800,1787713740
GC,1784761200,1784763000,GCQ2026,1800,1787713749
GC,1784763000,1784764800,GCQ2026,1800,1787713759
GC,1784764800,1784766600,GCQ2026,1800,1787713769
GC,1784766600,1784768400,GCQ2026,1800,1787713779
GC,1784768400,1784770200,GCQ2026,1800,1787713789
GC,1784770200,1784772000,GCQ2026,1800,1787713799
GC,1784772000,1784773800,GCQ2026,1800,1787713809
GC,1784773800,1784775600,GCQ2026,1800,1787713819
GC,1784775600,1784777400,GCQ2026,1800,1787713829
GC,1784777400,1784779200,GCQ2026,1800,1787713839
GC,1784779200,1784781000,GCQ2026,1800,1787713849
GC,1784781000,1784782800,GCQ2026,1800,1787713859
GC,1784782800,1784784600,GCQ2026,1800,1787713869
GC,1784784600,1784786400,GCQ2026,1800,1787713879
GC,1784786400,1784788200,GCQ2026,1800,1787713889
GC,1784788200,1784790000,GCQ2026,1800,1787713899
GC,1784790000,1784791800,GCQ2026,1800,1787713909
GC,1784791800,1784793600,GCQ2026,1800,1787713919
GC,1784793600,1784795400,GCQ2026,1800,1787713929
GC,1784795400,1784797200,GCQ2026,1800,1787713939
GC,1784797200,1784799000,GCQ2026,1800,1787713949
GC,1784799000,1784800800,GCQ2026,1800,1787713959
GC,1784800800,1784802600,GCQ2026,1800,1787713969
GC,1784802600,1784804400,GCQ2026,1800,1787713979
GC,1784804400,1784806200,GCQ2026,1800,1787713989
GC,1784806200,1784808000,GCQ2026,1800,1787713999
GC,1784808000,1784809800,GCQ2026,1800,1787714009
GC,1784809800,1784811600,GCQ2026,1800,1787714019
GC,1784811600,1784813400,GCQ2026,1800,1787714030
GC,1784813400,1784815200,GCQ2026,1800,1787714039
GC,1784815200,1784817000,GCQ2026,1800,1787714049
GC,1784817000,1784818800,GCQ2026,1800,1787714059
GC,1784818800,1784820600,GCQ2026,1800,1787714069
GC,1784820600,1784822400,GCQ2026,1800,1787714079
GC,1784822400,1784824200,GCQ2026,1800,1787714089
GC,1784824200,1784826000,GCQ2026,1800,1787714099
GC,1784826000,1784827800,GCQ2026,1800,1787714109
GC,1784827800,1784829600,GCQ2026,1800,1787714119
GC,1784829600,1784831400,GCQ2026,1800,1787714129
GC,1784831400,1784833200,GCQ2026,1800,1787714139
GC,1784833200,1784835000,GCQ2026,1800,1787714149
GC,1784835000,1784836800,GCQ2026,1800,1787714159
GC,1784836800,1784838600,GCQ2026,1800,1787714169
GC,1784838600,1784840400,GCQ2026,1800,1787714179
GC,1784844000,1784845800,GCQ2026,1800,1787714189
GC,1784845800,1784847600,GCQ2026,1800,1787714200
GC,1784847600,1784849400,GCQ2026,1800,1787714209
GC,1784849400,1784851200,GCQ2026,1800,1787714219
GC,1784851200,1784853000,GCQ2026,1800,1787714229
GC,1784853000,1784854800,GCQ2026,1800,1787714239
GC,1784854800,1784856600,GCQ2026,1800,1787714249
GC,1784856600,1784858400,GCQ2026,1800,1787714259
GC,1784858400,1784860200,GCQ2026,1800,1787714270
GC,1784860200,1784862000,GCQ2026,1800,1787714279
GC,1784862000,1784863800,GCQ2026,1800,1787714289
GC,1784863800,1784865600,GCQ2026,1800,1787714299
GC,1784865600,1784867400,GCQ2026,1800,1787714309
GC,1784867400,1784869200,GCQ2026,1800,1787714319
GC,1784869200,1784871000,GCQ2026,1800,1787714329
GC,1784871000,1784872800,GCQ2026,1800,1787714339
GC,1784872800,1784874600,GCQ2026,1800,1787714349
GC,1784874600,1784876400,GCQ2026,1800,1787714359
GC,1784876400,1784878200,GCQ2026,1800,1787714370
GC,1784878200,1784880000,GCQ2026,1800,1787714379
GC,1784880000,1784881800,GCQ2026,1800,1787714389
GC,1784881800,1784883600,GCQ2026,1800,1787714399
GC,1784883600,1784885400,GCQ2026,1800,1787714409
GC,1784885400,1784887200,GCQ2026,1800,1787714419
GC,1784887200,1784889000,GCQ2026,1800,1787714429
GC,1784889000,1784890800,GCQ2026,1800,1787714439
GC,1784890800,1784892600,GCQ2026,1800,1787714449
GC,1784892600,1784894400,GCQ2026,1800,1787714459
GC,1784894400,1784896200,GCQ2026,1800,1787714469
GC,1784896200,1784898000,GCQ2026,1800,1787714479
GC,1784898000,1784899800,GCQ2026,1800,1787714489
GC,1784899800,1784901600,GCQ2026,1800,1787714499
GC,1784901600,1784903400,GCQ2026,1800,1787714509
GC,1784903400,1784905200,GCQ2026,1800,1787714519
GC,1784905200,1784907000,GCQ2026,1800,1787714529
GC,1784907000,1784908800,GCQ2026,1800,1787714539
GC,1784908800,1784910600,GCQ2026,1800,1787714549
GC,1784910600,1784912400,GCQ2026,1800,1787714559
GC,1784912400,1784914200,GCQ2026,1800,1787714569
GC,1784914200,1784916000,GCQ2026,1800,1787714579
GC,1784916000,1784917800,GCQ2026,1800,1787714589
GC,1784917800,1784919600,GCQ2026,1800,1787714599
GC,1784919600,1784921400,GCQ2026,1800,1787714609
GC,1784921400,1784923200,GCQ2026,1800,1787714635
GC,1784923200,1784925000,GCQ2026,1800,1787714645
GC,1784925000,1784926800,GCQ2026,1800,1787714655
GC,1785103200,1785105000,GCV2026,1800,1787714665
GC,1785105000,1785106800,GCV2026,1800,1787714675
GC,1785106800,1785108600,GCV2026,1800,1787714685
GC,1785108600,1785110400,GCV2026,1800,1787714695
GC,1785110400,1785112200,GCV2026,1800,1787714705
GC,1785112200,1785114000,GCV2026,1800,1787714715
GC,1785114000,1785115800,GCV2026,1800,1787714725
GC,1785115800,1785117600,GCV2026,1800,1787714735
GC,1785117600,1785119400,GCV2026,1800,1787714745
GC,1785119400,1785121200,GCV2026,1800,1787714755
GC,1785121200,1785123000,GCV2026,1800,1787714765
GC,1785123000,1785124800,GCV2026,1800,1787714775
GC,1785124800,1785126600,GCV2026,1800,1787714785
GC,1785126600,1785128400,GCV2026,1800,1787714795
GC,1785128400,1785130200,GCV2026,1800,1787714805
GC,1785130200,1785132000,GCV2026,1800,1787714815
GC,1785132000,1785133800,GCV2026,1800,1787714825
GC,1785133800,1785135600,GCV2026,1800,1787714835
GC,1785135600,1785137400,GCV2026,1800,1787714845
GC,1785137400,1785139200,GCV2026,1800,1787714855
GC,1785139200,1785141000,GCV2026,1800,1787714865
GC,1785141000,1785142800,GCV2026,1800,1787714875
GC,1785142800,1785144600,GCV2026,1800,1787714885
GC,1785144600,1785146400,GCV2026,1800,1787714895
GC,1785146400,1785148200,GCV2026,1800,1787714905
GC,1785148200,1785150000,GCV2026,1800,1787714915
GC,1785150000,1785151800,GCV2026,1800,1787714925
GC,1785151800,1785153600,GCV2026,1800,1787714935
GC,1785153600,1785155400,GCV2026,1800,1787714945
GC,1785155400,1785157200,GCV2026,1800,1787714955
GC,1785157200,1785159000,GCV2026,1800,1787714965
GC,1785159000,1785160800,GCV2026,1800,1787714975
GC,1785160800,1785162600,GCV2026,1800,1787714985
GC,1785162600,1785164400,GCV2026,1800,1787714995
GC,1785164400,1785166200,GCV2026,1800,1787715005
GC,1785166200,1785168000,GCV2026,1800,1787715015
GC,1785168000,1785169800,GCV2026,1800,1787715025
GC,1785169800,1785171600,GCV2026,1800,1787715035
GC,1785171600,1785173400,GCV2026,1800,1787715045
GC,1785173400,1785175200,GCV2026,1800,1787715055
GC,1785175200,1785177000,GCV2026,1800,1787715065
GC,1785177000,1785178800,GCV2026,1800,1787715075
GC,1785178800,1785180600,GCV2026,1800,1787715085
GC,1785180600,1785182400,GCV2026,1800,1787715095
GC,1785182400,1785184200,GCV2026,1800,1787715105
GC,1785184200,1785186000,GCV2026,1800,1787715115
GC,1785189600,1785191400,GCV2026,1800,1787715125
GC,1785191400,1785193200,GCV2026,1800,1787715135
GC,1785193200,1785195000,GCV2026,1800,1787715145
GC,1785195000,1785196800,GCV2026,1800,1787715155
GC,1785196800,1785198600,GCV2026,1800,1787715165
GC,1785198600,1785200400,GCV2026,1800,1787715175
GC,1785200400,1785202200,GCV2026,1800,1787715185
GC,1785202200,1785204000,GCV2026,1800,1787715195
GC,1785204000,1785205800,GCV2026,1800,1787715205
GC,1785205800,1785207600,GCV2026,1800,1787715215
GC,1785207600,1785209400,GCV2026,1800,1787715225
GC,1785209400,1785211200,GCV2026,1800,1787715235
GC,1785211200,1785213000,GCV2026,1800,1787715245
GC,1785213000,1785214800,GCV2026,1800,1787715255
GC,1785214800,1785216600,GCV2026,1800,1787715265
GC,1785216600,1785218400,GCV2026,1800,1787715275
GC,1785218400,1785220200,GCV2026,1800,1787715285
GC,1785220200,1785222000,GCV2026,1800,1787715295
GC,1785222000,1785223800,GCV2026,1800,1787715305
GC,1785223800,1785225600,GCV2026,1800,1787715315
GC,1785225600,1785227400,GCV2026,1800,1787715325
GC,1785227400,1785229200,GCV2026,1800,1787715335
GC,1785229200,1785231000,GCV2026,1800,1787715345
GC,1785231000,1785232800,GCV2026,1800,1787715355
GC,1785232800,1785234600,GCV2026,1800,1787715365
GC,1785234600,1785236400,GCV2026,1800,1787715375
GC,1785236400,1785238200,GCV2026,1800,1787715385
GC,1785238200,1785240000,GCV2026,1800,1787715395
GC,1785240000,1785241800,GCV2026,1800,1787715405
GC,1785241800,1785243600,GCV2026,1800,1787715415
GC,1785243600,1785245400,GCV2026,1800,1787715425
GC,1785245400,1785247200,GCV2026,1800,1787715435
GC,1785247200,1785249000,GCV2026,1800,1787715445
GC,1785249000,1785250800,GCV2026,1800,1787715455
GC,1785250800,1785252600,GCV2026,1800,1787715465
GC,1785252600,1785254400,GCV2026,1800,1787715475
GC,1785254400,1785256200,GCV2026,1800,1787715485
GC,1785256200,1785258000,GCV2026,1800,1787715495
GC,1785258000,1785259800,GCV2026,1800,1787715505
GC,1785259800,1785261600,GCV2026,1800,1787715515
GC,1785261600,1785263400,GCV2026,1800,1787715525
GC,1785263400,1785265200,GCV2026,1800,1787715535
GC,1785265200,1785267000,GCV2026,1800,1787715545
GC,1785267000,1785268800,GCV2026,1800,1787715555
GC,1785268800,1785270600,GCV2026,1800,1787715565
GC,1785270600,1785272400,GCV2026,1800,1787715575
GC,1785276000,1785277800,GCV2026,1799,1787715585
GC,1785277800,1785279600,GCV2026,1800,1787715595
GC,1785279600,1785281400,GCV2026,1800,1787715605
GC,1785281400,1785283200,GCV2026,1800,1787715615
GC,1785283200,1785285000,GCV2026,1800,1787715625
GC,1785285000,1785286800,GCV2026,1800,1787715635
GC,1785286800,1785288600,GCV2026,1800,1787715645
GC,1785288600,1785290400,GCV2026,1800,1787715655
GC,1785290400,1785292200,GCV2026,1800,1787715665
GC,1785292200,1785294000,GCV2026,1800,1787715675
GC,1785294000,1785295800,GCV2026,1800,1787715685
GC,1785295800,1785297600,GCV2026,1800,1787715695
GC,1785297600,1785299400,GCV2026,1800,1787715705
GC,1785299400,1785301200,GCV2026,1800,1787715715
GC,1785301200,1785303000,GCV2026,1800,1787715725
GC,1785303000,1785304800,GCV2026,1800,1787715735
GC,1785304800,1785306600,GCV2026,1800,1787715745
GC,1785306600,1785308400,GCV2026,1800,1787715755
GC,1785308400,1785310200,GCV2026,1800,1787715765
GC,1785310200,1785312000,GCV2026,1800,1787715775
GC,1785312000,1785313800,GCV2026,1800,1787715785
GC,1785313800,1785315600,GCV2026,1800,1787715795
GC,1785315600,1785317400,GCV2026,1800,1787715805
GC,1785317400,1785319200,GCV2026,1800,1787715815
GC,1785319200,1785321000,GCV2026,1800,1787715825
GC,1785321000,1785322800,GCV2026,1800,1787715835
GC,1785322800,1785324600,GCV2026,1800,1787715845
GC,1785324600,1785326400,GCV2026,1800,1787715855
GC,1785326400,1785328200,GCV2026,1800,1787715865
GC,1785328200,1785330000,GCV2026,1800,1787715875
GC,1785330000,1785331800,GCV2026,1800,1787715885
GC,1785331800,1785333600,GCV2026,1800,1787715895
GC,1785333600,1785335400,GCV2026,1800,1787715905
GC,1785335400,1785337200,GCV2026,1800,1787715915
GC,1785337200,1785339000,GCV2026,1800,1787715925
GC,1785339000,1785340800,GCV2026,1800,1787715935
GC,1785340800,1785342600,GCV2026,1800,1787715945
GC,1785342600,1785344400,GCV2026,1800,1787715955
GC,1785344400,1785346200,GCV2026,1800,1787715965
GC,1785346200,1785348000,GCV2026,1800,1787715975
GC,1785348000,1785349800,GCV2026,1800,1787715985
GC,1785349800,1785351600,GCV2026,1800,1787715995
GC,1785351600,1785353400,GCV2026,1800,1787716005
GC,1785353400,1785355200,GCV2026,1800,1787716015
GC,1785355200,1785357000,GCV2026,1800,1787716025
GC,1785357000,1785358800,GCV2026,1800,1787716035
GC,1785362400,1785364200,GCV2026,1800,1787716045
GC,1785364200,1785366000,GCV2026,1800,1787716055
GC,1785366000,1785367800,GCV2026,1800,1787716065
GC,1785367800,1785369600,GCV2026,1800,1787716075
GC,1785369600,1785371400,GCV2026,1800,1787716085
GC,1785371400,1785373200,GCV2026,1800,1787716095
GC,1785373200,1785375000,GCV2026,1800,1787716105
GC,1785375000,1785376800,GCV2026,1800,1787716115
GC,1785376800,1785378600,GCV2026,1800,1787716125
GC,1785378600,1785380400,GCV2026,1800,1787716135
GC,1785380400,1785382200,GCV2026,1800,1787716145
GC,1785382200,1785384000,GCV2026,1800,1787716155
GC,1785384000,1785385800,GCV2026,1800,1787716165
GC,1785385800,1785387600,GCV2026,1800,1787716175
GC,1785387600,1785389400,GCV2026,1800,1787716185
GC,1785389400,1785391200,GCV2026,1800,1787716195
GC,1785391200,1785393000,GCV2026,1800,1787716205
GC,1785393000,1785394800,GCV2026,1800,1787716215
GC,1785394800,1785396600,GCV2026,1800,1787716225
GC,1785396600,1785398400,GCV2026,1800,1787716235
GC,1785398400,1785400200,GCV2026,1800,1787716245
GC,1785400200,1785402000,GCV2026,1800,1787716255
GC,1785402000,1785403800,GCV2026,1800,1787716265
GC,1785403800,1785405600,GCV2026,1800,1787716275
GC,1785405600,1785407400,GCV2026,1800,1787716285
GC,1785407400,1785409200,GCV2026,1800,1787716295
GC,1785409200,1785411000,GCV2026,1800,1787716305
GC,1785411000,1785412800,GCV2026,1800,1787716315
GC,1785412800,1785414600,GCV2026,1800,1787716325
GC,1785414600,1785416400,GCV2026,1800,1787716335
GC,1785416400,1785418200,GCV2026,1800,1787716345
GC,1785418200,1785420000,GCV2026,1800,1787716355
GC,1785420000,1785421800,GCV2026,1800,1787716365
GC,1785421800,1785423600,GCV2026,1800,1787716375
GC,1785423600,1785425400,GCV2026,1800,1787716385
GC,1785425400,1785427200,GCV2026,1800,1787716395
GC,1785427200,1785429000,GCV2026,1800,1787716405
GC,1785429000,1785430800,GCV2026,1800,1787716415
GC,1785430800,1785432600,GCV2026,1800,1787716425
GC,1785432600,1785434400,GCV2026,1800,1787716435
GC,1785434400,1785436200,GCV2026,1800,1787716445
GC,1785436200,1785438000,GCV2026,1800,1787716455
GC,1785438000,1785439800,GCV2026,1800,1787716465
GC,1785439800,1785441600,GCV2026,1800,1787716475
GC,1785441600,1785443400,GCV2026,1800,1787716485
GC,1785443400,1785445200,GCV2026,1800,1787716495
GC,1785448800,1785450600,GCV2026,1800,1787716505
GC,1785450600,1785452400,GCV2026,1800,1787716515
GC,1785452400,1785454200,GCV2026,1800,1787716525
GC,1785454200,1785456000,GCV2026,1800,1787716535
GC,1785456000,1785457800,GCV2026,1800,1787716545
GC,1785457800,1785459600,GCV2026,1800,1787716555
GC,1785459600,1785461400,GCV2026,1800,1787716565
GC,1785461400,1785463200,GCV2026,1800,1787716575
GC,1785463200,1785465000,GCV2026,1800,1787716585
GC,1785465000,1785466800,GCV2026,1800,1787716595
GC,1785466800,1785468600,GCV2026,1800,1787716605
GC,1785468600,1785470400,GCV2026,1800,1787716615
GC,1785470400,1785472200,GCV2026,1800,1787716625
GC,1785472200,1785474000,GCV2026,1800,1787716635
GC,1785474000,1785475800,GCV2026,1800,1787716645
GC,1785475800,1785477600,GCV2026,1800,1787716655
GC,1785477600,1785479400,GCV2026,1800,1787716665
GC,1785479400,1785481200,GCV2026,1800,1787716675
GC,1785481200,1785483000,GCV2026,1800,1787716685
GC,1785483000,1785484800,GCV2026,1800,1787716695
GC,1785484800,1785486600,GCV2026,1800,1787716705
GC,1785486600,1785488400,GCV2026,1800,1787716715
GC,1785488400,1785490200,GCV2026,1800,1787716725
GC,1785490200,1785492000,GCV2026,1800,1787716735
GC,1785492000,1785493800,GCV2026,1800,1787716745
GC,1785493800,1785495600,GCV2026,1800,1787716755
GC,1785495600,1785497400,GCV2026,1800,1787716765
GC,1785497400,1785499200,GCV2026,1800,1787716775
GC,1785499200,1785501000,GCV2026,1800,1787716785
GC,1785501000,1785502800,GCV2026,1800,1787716795
GC,1785502800,1785504600,GCV2026,1800,1787716805
GC,1785504600,1785506400,GCV2026,1800,1787716815
GC,1785506400,1785508200,GCV2026,1800,1787716825
GC,1785508200,1785510000,GCV2026,1800,1787716835
GC,1785510000,1785511800,GCV2026,1800,1787716845
GC,1785511800,1785513600,GCV2026,1800,1787716855
GC,1785513600,1785515400,GCV2026,1800,1787716865
GC,1785515400,1785517200,GCV2026,1800,1787716875
GC,1785517200,1785519000,GCV2026,1800,1787716885
GC,1785519000,1785520800,GCV2026,1800,1787716918
GC,1785520800,1785522600,GCV2026,1800,1787716919
GC,1785522600,1785524400,GCV2026,1800,1787716929
GC,1785524400,1785526200,GCV2026,1800,1787716939
GC,1785526200,1785528000,GCV2026,1800,1787716949
GC,1785528000,1785529800,GCV2026,1800,1787716959
GC,1785529800,1785531600,GCV2026,1800,1787716969
GC,1785708000,1785709800,GCV2026,1800,1787716979
GC,1785709800,1785711600,GCV2026,1800,1787716989
GC,1785711600,1785713400,GCV2026,1800,1787716999
GC,1785713400,1785715200,GCV2026,1800,1787717009
GC,1785715200,1785717000,GCV2026,1800,1787717019
GC,1785717000,1785718800,GCV2026,1800,1787717029
GC,1785718800,1785720600,GCV2026,1800,1787717039
GC,1785720600,1785722400,GCV2026,1800,1787717049
GC,1785722400,1785724200,GCV2026,1800,1787717059
GC,1785724200,1785726000,GCV2026,1800,1787717069
GC,1785726000,1785727800,GCV2026,1800,1787717079
GC,1785727800,1785729600,GCV2026,1800,1787717089
GC,1785729600,1785731400,GCV2026,1800,1787717099
GC,1785731400,1785733200,GCV2026,1800,1787717109
GC,1785733200,1785735000,GCV2026,1800,1787717119
GC,1785735000,1785736800,GCV2026,1800,1787717129
GC,1785736800,1785738600,GCV2026,1800,1787717139
GC,1785738600,1785740400,GCV2026,1800,1787717149
GC,1785740400,1785742200,GCV2026,1800,1787717159
GC,1785742200,1785744000,GCV2026,1800,1787717169
GC,1785744000,1785745800,GCV2026,1800,1787717179
GC,1785745800,1785747600,GCV2026,1800,1787717189
GC,1785747600,1785749400,GCV2026,1800,1787717199
GC,1785749400,1785751200,GCV2026,1800,1787717209
GC,1785751200,1785753000,GCV2026,1800,1787717219
GC,1785753000,1785754800,GCV2026,1800,1787717229
GC,1785754800,1785756600,GCV2026,1800,1787717239
GC,1785756600,1785758400,GCV2026,1800,1787717249
GC,1785758400,1785760200,GCV2026,1800,1787717259
GC,1785760200,1785762000,GCV2026,1800,1787717269
GC,1785762000,1785763800,GCV2026,1800,1787717279
GC,1785763800,1785765600,GCV2026,1800,1787717289
GC,1785765600,1785767400,GCV2026,1800,1787717299
GC,1785767400,1785769200,GCV2026,1800,1787717309
GC,1785769200,1785771000,GCV2026,1800,1787717319
GC,1785771000,1785772800,GCV2026,1800,1787717329
GC,1785772800,1785774600,GCV2026,1800,1787717339
GC,1785774600,1785776400,GCV2026,1800,1787717349
GC,1785776400,1785778200,GCV2026,1800,1787717359
GC,1785778200,1785780000,GCV2026,1800,1787717369
GC,1785780000,1785781800,GCV2026,1800,1787717379
GC,1785781800,1785783600,GCV2026,1800,1787717389
GC,1785783600,1785785400,GCV2026,1800,1787717399
GC,1785785400,1785787200,GCV2026,1800,1787717409
GC,1785787200,1785789000,GCV2026,1800,1787717419
GC,1785789000,1785790800,GCV2026,1800,1787717429
GC,1785794400,1785796200,GCV2026,1800,1787717439
GC,1785796200,1785798000,GCV2026,1800,1787717449
GC,1785798000,1785799800,GCV2026,1800,1787717459
GC,1785799800,1785801600,GCV2026,1800,1787717469
GC,1785801600,1785803400,GCV2026,1800,1787717479
GC,1785803400,1785805200,GCV2026,1800,1787717489
GC,1785805200,1785807000,GCV2026,1800,1787717499
GC,1785807000,1785808800,GCV2026,1800,1787717524
GC,1785808800,1785810600,GCV2026,1800,1787717534
GC,1785810600,1785812400,GCV2026,1800,1787717544
GC,1785812400,1785814200,GCV2026,1800,1787717554
GC,1785814200,1785816000,GCV2026,1800,1787717564
GC,1785816000,1785817800,GCV2026,1800,1787717574
GC,1785817800,1785819600,GCV2026,1800,1787717584
GC,1785819600,1785821400,GCV2026,1800,1787717594
GC,1785821400,1785823200,GCV2026,1800,1787717604
GC,1785823200,1785825000,GCV2026,1800,1787717614
GC,1785825000,1785826800,GCV2026,1800,1787717624
GC,1785826800,1785828600,GCV2026,1800,1787717634
GC,1785828600,1785830400,GCV2026,1800,1787717644
GC,1785830400,1785832200,GCV2026,1800,1787717654
GC,1785832200,1785834000,GCV2026,1800,1787717664
GC,1785834000,1785835800,GCV2026,1800,1787717674
GC,1785835800,1785837600,GCV2026,1800,1787717684
GC,1785837600,1785839400,GCV2026,1800,1787717694
GC,1785839400,1785841200,GCV2026,1800,1787717704
GC,1785841200,1785843000,GCV2026,1800,1787717714
GC,1785843000,1785844800,GCV2026,1800,1787717724
GC,1785844800,1785846600,GCV2026,1800,1787717734
GC,1785846600,1785848400,GCV2026,1800,1787717744
GC,1785848400,1785850200,GCV2026,1800,1787717754
GC,1785850200,1785852000,GCV2026,1800,1787717764
GC,1785852000,1785853800,GCV2026,1800,1787717774
GC,1785853800,1785855600,GCV2026,1800,1787717784
GC,1785855600,1785857400,GCV2026,1800,1787717794
GC,1785857400,1785859200,GCV2026,1800,1787717804
GC,1785859200,1785861000,GCV2026,1800,1787717814
GC,1785861000,1785862800,GCV2026,1800,1787717824
GC,1785862800,1785864600,GCV2026,1800,1787717834
GC,1785864600,1785866400,GCV2026,1800,1787717844
GC,1785866400,1785868200,GCV2026,1800,1787717854
GC,1785868200,1785870000,GCV2026,1800,1787717864
GC,1785870000,1785871800,GCV2026,1800,1787717874
GC,1785871800,1785873600,GCV2026,1800,1787717884
GC,1785873600,1785875400,GCV2026,1800,1787717894
GC,1785875400,1785877200,GCV2026,1800,1787717904
GC,1785880800,1785882600,GCV2026,1800,1787717914
GC,1785882600,1785884400,GCV2026,1800,1787717924
GC,1785884400,1785886200,GCV2026,1800,1787717934
GC,1785886200,1785888000,GCV2026,1800,1787717944
GC,1785888000,1785889800,GCV2026,1800,1787717954
GC,1785889800,1785891600,GCV2026,1800,1787717964
GC,1785891600,1785893400,GCV2026,1800,1787717974
GC,1785893400,1785895200,GCV2026,1800,1787717984
GC,1785895200,1785897000,GCV2026,1800,1787717994
GC,1785897000,1785898800,GCV2026,1800,1787718004
GC,1785898800,1785900600,GCV2026,1800,1787718104
GC,1785900600,1785902400,GCV2026,1800,1787718104
GC,1785902400,1785904200,GCV2026,1800,1787718114
GC,1785904200,1785906000,GCV2026,1800,1787718124
GC,1785906000,1785907800,GCV2026,1800,1787718134
GC,1785907800,1785909600,GCV2026,1800,1787718144
GC,1785909600,1785911400,GCV2026,1800,1787718154
GC,1785911400,1785913200,GCV2026,1800,1787718164
GC,1785913200,1785915000,GCV2026,1800,1787718174
GC,1785915000,1785916800,GCV2026,1800,1787718184
GC,1785916800,1785918600,GCV2026,1800,1787718194
GC,1785918600,1785920400,GCV2026,1800,1787718204
GC,1785920400,1785922200,GCV2026,1800,1787718214
GC,1785922200,1785924000,GCV2026,1800,1787718224
GC,1785924000,1785925800,GCV2026,1800,1787718234
GC,1785925800,1785927600,GCV2026,1800,1787718244
GC,1785927600,1785929400,GCV2026,1800,1787718255
GC,1785929400,1785931200,GCV2026,1800,1787718264
GC,1785931200,1785933000,GCV2026,1800,1787718274
GC,1785933000,1785934800,GCV2026,1800,1787718284
GC,1785934800,1785936600,GCV2026,1800,1787718294
GC,1785936600,1785938400,GCV2026,1800,1787718304
GC,1785938400,1785940200,GCV2026,1800,1787718314
GC,1785940200,1785942000,GCV2026,1800,1787718324
GC,1785942000,1785943800,GCV2026,1800,1787718334
GC,1785943800,1785945600,GCV2026,1800,1787718344
GC,1785945600,1785947400,GCV2026,1800,1787718354
GC,1785947400,1785949200,GCV2026,1800,1787718364
GC,1785949200,1785951000,GCV2026,1800,1787718374
GC,1785951000,1785952800,GCV2026,1800,1787718384
GC,1785952800,1785954600,GCV2026,1800,1787718394
GC,1785954600,1785956400,GCV2026,1800,1787718404
GC,1785956400,1785958200,GCV2026,1800,1787718414
GC,1785958200,1785960000,GCV2026,1800,1787718424
GC,1785960000,1785961800,GCV2026,1800,1787718434
GC,1785961800,1785963600,GCV2026,1800,1787718444
GC,1785967200,1785969000,GCV2026,1799,1787718454
GC,1785969000,1785970800,GCV2026,1800,1787718464
GC,1785970800,1785972600,GCV2026,1800,1787718474
GC,1785972600,1785974400,GCV2026,1800,1787718484
GC,1785974400,1785976200,GCV2026,1800,1787718494
GC,1785976200,1785978000,GCV2026,1800,1787718504
GC,1785978000,1785979800,GCV2026,1800,1787718514
GC,1785979800,1785981600,GCV2026,1800,1787718524
GC,1785981600,1785983400,GCV2026,1800,1787718534
GC,1785983400,1785985200,GCV2026,1800,1787718544
GC,1785985200,1785987000,GCV2026,1800,1787718554
GC,1785987000,1785988800,GCV2026,1800,1787718564
GC,1785988800,1785990600,GCV2026,1800,1787718574
GC,1785990600,1785992400,GCV2026,1800,1787718584
GC,1785992400,1785994200,GCV2026,1800,1787718594
GC,1785994200,1785996000,GCV2026,1800,1787718604
GC,1785996000,1785997800,GCV2026,1800,1787718614
GC,1785997800,1785999600,GCV2026,1800,1787718624
GC,1785999600,1786001400,GCV2026,1800,1787718634
GC,1786001400,1786003200,GCV2026,1800,1787718644
GC,1786003200,1786005000,GCV2026,1800,1787718654
GC,1786005000,1786006800,GCV2026,1800,1787718664
GC,1786006800,1786008600,GCV2026,1800,1787718674
GC,1786008600,1786010400,GCV2026,1800,1787718684
GC,1786010400,1786012200,GCV2026,1800,1787718694
GC,1786012200,1786014000,GCV2026,1800,1787718704
GC,1786014000,1786015800,GCV2026,1800,1787718714
GC,1786015800,1786017600,GCV2026,1800,1787718724
GC,1786017600,1786019400,GCV2026,1800,1787718734
GC,1786019400,1786021200,GCV2026,1800,1787718744
GC,1786021200,1786023000,GCV2026,1800,1787718754
GC,1786023000,1786024800,GCV2026,1800,1787718764
GC,1786024800,1786026600,GCV2026,1800,1787718774
GC,1786026600,1786028400,GCV2026,1800,1787718784
GC,1786028400,1786030200,GCV2026,1800,1787718794
GC,1786030200,1786032000,GCV2026,1800,1787718804
GC,1786032000,1786033800,GCV2026,1800,1787718814
GC,1786033800,1786035600,GCV2026,1800,1787718824
GC,1786035600,1786037400,GCV2026,1800,1787718834
GC,1786037400,1786039200,GCV2026,1800,1787718844
GC,1786039200,1786041000,GCV2026,1800,1787718854
GC,1786041000,1786042800,GCV2026,1800,1787718864
GC,1786042800,1786044600,GCV2026,1800,1787718875
GC,1786044600,1786046400,GCV2026,1800,1787718914
GC,1786046400,1786048200,GCV2026,1800,1787718922
GC,1786048200,1786050000,GCV2026,1800,1787718930
GC,1786053600,1786055400,GCV2026,1799,1787718935
GC,1786055400,1786057200,GCV2026,1800,1787718945
GC,1786057200,1786059000,GCV2026,1800,1787718955
GC,1786059000,1786060800,GCV2026,1800,1787718964
GC,1786060800,1786062600,GCV2026,1800,1787718974
GC,1786062600,1786064400,GCV2026,1800,1787718984
GC,1786064400,1786066200,GCV2026,1800,1787718994
GC,1786066200,1786068000,GCV2026,1800,1787719004
GC,1786068000,1786069800,GCV2026,1800,1787719014
GC,1786069800,1786071600,GCV2026,1800,1787719024
GC,1786071600,1786073400,GCV2026,1800,1787719034
GC,1786073400,1786075200,GCV2026,1800,1787719044
GC,1786075200,1786077000,GCV2026,1800,1787719054
GC,1786077000,1786078800,GCV2026,1800,1787719064
GC,1786078800,1786080600,GCV2026,1800,1787719074
GC,1786080600,1786082400,GCV2026,1800,1787719084
GC,1786082400,1786084200,GCV2026,1800,1787719094
GC,1786084200,1786086000,GCV2026,1800,1787719104
GC,1786086000,1786087800,GCV2026,1800,1787719114
GC,1786087800,1786089600,GCV2026,1800,1787719124
GC,1786089600,1786091400,GCV2026,1800,1787719134
GC,1786091400,1786093200,GCV2026,1800,1787719144
GC,1786093200,1786095000,GCV2026,1800,1787719154
GC,1786095000,1786096800,GCV2026,1800,1787719164
GC,1786096800,1786098600,GCV2026,1800,1787719174
GC,1786098600,1786100400,GCV2026,1800,1787719184
GC,1786100400,1786102200,GCV2026,1800,1787719194
GC,1786102200,1786104000,GCV2026,1800,1787719204
GC,1786104000,1786105800,GCV2026,1800,1787719214
GC,1786105800,1786107600,GCV2026,1800,1787719224
GC,1786107600,1786109400,GCV2026,1800,1787719234
GC,1786109400,1786111200,GCV2026,1800,1787719244
GC,1786111200,1786113000,GCV2026,1800,1787719254
GC,1786113000,1786114800,GCV2026,1800,1787719264
GC,1786114800,1786116600,GCV2026,1800,1787719274
GC,1786116600,1786118400,GCV2026,1800,1787719284
GC,1786118400,1786120200,GCV2026,1800,1787719294
GC,1786120200,1786122000,GCV2026,1800,1787719304
GC,1786122000,1786123800,GCV2026,1800,1787719314
GC,1786123800,1786125600,GCV2026,1800,1787719324
GC,1786125600,1786127400,GCV2026,1800,1787719334
GC,1786127400,1786129200,GCV2026,1800,1787719344
GC,1786129200,1786131000,GCV2026,1800,1787719354
GC,1786131000,1786132800,GCV2026,1800,1787719364
GC,1786132800,1786134600,GCV2026,1800,1787719374
GC,1786134600,1786136400,GCV2026,1800,1787719384
GC,1786312800,1786314600,GCV2026,1800,1787719394
GC,1786314600,1786316400,GCV2026,1800,1787719404
GC,1786316400,1786318200,GCV2026,1800,1787719414
GC,1786318200,1786320000,GCV2026,1800,1787719424
GC,1786320000,1786321800,GCV2026,1800,1787719434
GC,1786321800,1786323600,GCV2026,1800,1787719444
GC,1786323600,1786325400,GCV2026,1800,1787719454
GC,1786325400,1786327200,GCV2026,1800,1787719464
GC,1786327200,1786329000,GCV2026,1800,1787719474
GC,1786329000,1786330800,GCV2026,1800,1787719484
GC,1786330800,1786332600,GCV2026,1800,1787719494
GC,1786332600,1786334400,GCV2026,1800,1787719520
GC,1786334400,1786336200,GCV2026,1800,1787719530
GC,1786336200,1786338000,GCV2026,1800,1787719540
GC,1786338000,1786339800,GCV2026,1800,1787719550
GC,1786339800,1786341600,GCV2026,1800,1787719560
GC,1786341600,1786343400,GCV2026,1800,1787719570
GC,1786343400,1786345200,GCV2026,1800,1787719580
GC,1786345200,1786347000,GCV2026,1800,1787719590
GC,1786347000,1786348800,GCV2026,1800,1787719600
GC,1786348800,1786350600,GCV2026,1800,1787719610
GC,1786350600,1786352400,GCV2026,1800,1787719620
GC,1786352400,1786354200,GCV2026,1800,1787719630
GC,1786354200,1786356000,GCV2026,1800,1787719640
GC,1786356000,1786357800,GCV2026,1800,1787719650
GC,1786357800,1786359600,GCV2026,1800,1787719660
GC,1786359600,1786361400,GCV2026,1800,1787719670
GC,1786361400,1786363200,GCV2026,1800,1787719680
GC,1786363200,1786365000,GCV2026,1800,1787719690
GC,1786365000,1786366800,GCV2026,1800,1787719700
GC,1786366800,1786368600,GCV2026,1800,1787719710
GC,1786368600,1786370400,GCV2026,1800,1787719720
GC,1786370400,1786372200,GCV2026,1800,1787719730
GC,1786372200,1786374000,GCV2026,1800,1787719740
GC,1786374000,1786375800,GCV2026,1800,1787719750
GC,1786375800,1786377600,GCV2026,1800,1787719760
GC,1786377600,1786379400,GCV2026,1800,1787719770
GC,1786379400,1786381200,GCV2026,1800,1787719780
GC,1786381200,1786383000,GCV2026,1800,1787719790
GC,1786383000,1786384800,GCV2026,1800,1787719800
GC,1786384800,1786386600,GCV2026,1800,1787719810
GC,1786386600,1786388400,GCV2026,1800,1787719820
GC,1786388400,1786390200,GCV2026,1800,1787719830
GC,1786390200,1786392000,GCV2026,1800,1787719840
GC,1786392000,1786393800,GCV2026,1800,1787719850
GC,1786393800,1786395600,GCV2026,1800,1787719860
GC,1786399200,1786401000,GCV2026,1800,1787719870
GC,1786401000,1786402800,GCV2026,1800,1787719880
GC,1786402800,1786404600,GCV2026,1800,1787719890
GC,1786404600,1786406400,GCV2026,1800,1787719900
GC,1786406400,1786408200,GCV2026,1800,1787719910
GC,1786408200,1786410000,GCV2026,1800,1787719920
GC,1786410000,1786411800,GCV2026,1800,1787719930
GC,1786411800,1786413600,GCV2026,1800,1787719940
GC,1786413600,1786415400,GCV2026,1800,1787719950
GC,1786415400,1786417200,GCV2026,1800,1787719960
GC,1786417200,1786419000,GCV2026,1800,1787719970
GC,1786419000,1786420800,GCV2026,1800,1787719980
GC,1786420800,1786422600,GCV2026,1800,1787719990
GC,1786422600,1786424400,GCV2026,1800,1787720000
GC,1786424400,1786426200,GCV2026,1800,1787720010
GC,1786426200,1786428000,GCV2026,1800,1787720020
GC,1786428000,1786429800,GCV2026,1800,1787720030
GC,1786429800,1786431600,GCV2026,1800,1787720040
GC,1786431600,1786433400,GCV2026,1800,1787720050
GC,1786433400,1786435200,GCV2026,1800,1787720060
GC,1786435200,1786437000,GCV2026,1800,1787720070
GC,1786437000,1786438800,GCV2026,1800,1787720080
GC,1786438800,1786440600,GCV2026,1800,1787720090
GC,1786440600,1786442400,GCV2026,1800,1787720100
GC,1786442400,1786444200,GCV2026,1800,1787720110
GC,1786444200,1786446000,GCV2026,1800,1787720120
GC,1786446000,1786447800,GCV2026,1800,1787720130
GC,1786447800,1786449600,GCV2026,1800,1787720140
GC,1786449600,1786451400,GCV2026,1800,1787720150
GC,1786451400,1786453200,GCV2026,1800,1787720160
GC,1786453200,1786455000,GCV2026,1800,1787720170
GC,1786455000,1786456800,GCV2026,1800,1787720180
GC,1786456800,1786458600,GCV2026,1800,1787720190
GC,1786458600,1786460400,GCV2026,1800,1787720200
GC,1786460400,1786462200,GCV2026,1800,1787720210
GC,1786462200,1786464000,GCV2026,1800,1787720220
GC,1786464000,1786465800,GCV2026,1800,1787720230
GC,1786465800,1786467600,GCV2026,1800,1787720240
GC,1786467600,1786469400,GCV2026,1800,1787720250
GC,1786469400,1786471200,GCV2026,1800,1787720260
GC,1786471200,1786473000,GCV2026,1800,1787720270
GC,1786473000,1786474800,GCV2026,1800,1787720280
GC,1786474800,1786476600,GCV2026,1800,1787720290
GC,1786476600,1786478400,GCV2026,1800,1787720300
GC,1786478400,1786480200,GCV2026,1800,1787720310
GC,1786480200,1786482000,GCV2026,1800,1787720320
GC,1786485600,1786487400,GCV2026,1799,1787720330
GC,1786487400,1786489200,GCV2026,1800,1787720340
GC,1786489200,1786491000,GCV2026,1800,1787720350
GC,1786491000,1786492800,GCV2026,1800,1787720360
GC,1786492800,1786494600,GCV2026,1800,1787720370
GC,1786494600,1786496400,GCV2026,1800,1787720380
GC,1786496400,1786498200,GCV2026,1800,1787720390
GC,1786498200,1786500000,GCV2026,1800,1787720400
GC,1786500000,1786501800,GCV2026,1800,1787720410
GC,1786501800,1786503600,GCV2026,1800,1787720420
GC,1786503600,1786505400,GCV2026,1800,1787720430
GC,1786505400,1786507200,GCV2026,1800,1787720440
GC,1786507200,1786509000,GCV2026,1800,1787720450
GC,1786509000,1786510800,GCV2026,1800,1787720460
GC,1786510800,1786512600,GCV2026,1800,1787720470
GC,1786512600,1786514400,GCV2026,1800,1787720480
GC,1786514400,1786516200,GCV2026,1800,1787720490
GC,1786516200,1786518000,GCV2026,1800,1787720500
GC,1786518000,1786519800,GCV2026,1800,1787720510
GC,1786519800,1786521600,GCV2026,1800,1787720520
GC,1786521600,1786523400,GCV2026,1800,1787720530
GC,1786523400,1786525200,GCV2026,1800,1787720540
GC,1786525200,1786527000,GCV2026,1800,1787720550
GC,1786527000,1786528800,GCV2026,1800,1787720560
GC,1786528800,1786530600,GCV2026,1800,1787720570
GC,1786530600,1786532400,GCV2026,1800,1787720580
GC,1786532400,1786534200,GCV2026,1800,1787720590
GC,1786534200,1786536000,GCV2026,1800,1787720600
GC,1786536000,1786537800,GCV2026,1800,1787720610
GC,1786537800,1786539600,GCV2026,1800,1787720620
GC,1786539600,1786541400,GCV2026,1800,1787720630
GC,1786541400,1786543200,GCV2026,1800,1787720640
GC,1786543200,1786545000,GCV2026,1800,1787720650
GC,1786545000,1786546800,GCV2026,1800,1787720660
GC,1786546800,1786548600,GCV2026,1800,1787720670
GC,1786548600,1786550400,GCV2026,1800,1787720680
GC,1786550400,1786552200,GCV2026,1800,1787720690
GC,1786552200,1786554000,GCV2026,1800,1787720700
GC,1786554000,1786555800,GCV2026,1800,1787720710
GC,1786555800,1786557600,GCV2026,1800,1787720735
GC,1786557600,1786559400,GCV2026,1800,1787720745
GC,1786559400,1786561200,GCV2026,1800,1787720755
GC,1786561200,1786563000,GCV2026,1800,1787720765
GC,1786563000,1786564800,GCV2026,1800,1787720775
GC,1786564800,1786566600,GCV2026,1800,1787720785
GC,1786566600,1786568400,GCV2026,1800,1787720795
GC,1786572000,1786573800,GCV2026,1800,1787720805
GC,1786573800,1786575600,GCV2026,1800,1787720815
GC,1786575600,1786577400,GCV2026,1800,1787720825
GC,1786577400,1786579200,GCV2026,1800,1787720835
GC,1786579200,1786581000,GCV2026,1800,1787720845
GC,1786581000,1786582800,GCV2026,1800,1787720855
GC,1786582800,1786584600,GCV2026,1800,1787720865
GC,1786584600,1786586400,GCV2026,1800,1787720875
GC,1786586400,1786588200,GCV2026,1800,1787720885
GC,1786588200,1786590000,GCV2026,1800,1787720895
GC,1786590000,1786591800,GCV2026,1800,1787720905
GC,1786591800,1786593600,GCV2026,1800,1787720915
GC,1786593600,1786595400,GCV2026,1800,1787720925
GC,1786595400,1786597200,GCV2026,1800,1787720935
GC,1786597200,1786599000,GCV2026,1800,1787720945
GC,1786599000,1786600800,GCV2026,1800,1787720955
GC,1786600800,1786602600,GCV2026,1800,1787720965
GC,1786602600,1786604400,GCV2026,1800,1787720975
GC,1786604400,1786606200,GCV2026,1800,1787720985
GC,1786606200,1786608000,GCV2026,1800,1787720995
GC,1786608000,1786609800,GCV2026,1800,1787721005
GC,1786609800,1786611600,GCV2026,1800,1787721015
GC,1786611600,1786613400,GCV2026,1800,1787721025
GC,1786613400,1786615200,GCV2026,1800,1787721035
GC,1786615200,1786617000,GCV2026,1800,1787721045
GC,1786617000,1786618800,GCV2026,1800,1787721055
GC,1786618800,1786620600,GCV2026,1800,1787721065
GC,1786620600,1786622400,GCV2026,1800,1787721075
GC,1786622400,1786624200,GCV2026,1800,1787721085
GC,1786624200,1786626000,GCV2026,1800,1787721095
GC,1786626000,1786627800,GCV2026,1800,1787721105
GC,1786627800,1786629600,GCV2026,1800,1787721115
GC,1786629600,1786631400,GCV2026,1800,1787721125
GC,1786631400,1786633200,GCV2026,1800,1787721135
GC,1786633200,1786635000,GCV2026,1800,1787721145
GC,1786635000,1786636800,GCV2026,1800,1787721155
GC,1786636800,1786638600,GCV2026,1800,1787721165
GC,1786638600,1786640400,GCV2026,1800,1787721175
GC,1786640400,1786642200,GCV2026,1800,1787721185
GC,1786642200,1786644000,GCV2026,1800,1787721195
GC,1786644000,1786645800,GCV2026,1800,1787721205
GC,1786645800,1786647600,GCV2026,1800,1787721215
GC,1786647600,1786649400,GCV2026,1800,1787721225
GC,1786649400,1786651200,GCV2026,1800,1787721235
GC,1786651200,1786653000,GCV2026,1800,1787721245
GC,1786653000,1786654800,GCV2026,1800,1787721255
GC,1786658400,1786660200,GCV2026,1800,1787721265
GC,1786660200,1786662000,GCV2026,1800,1787721275
GC,1786662000,1786663800,GCV2026,1800,1787721285
GC,1786663800,1786665600,GCV2026,1800,1787721295
GC,1786665600,1786667400,GCV2026,1800,1787721305
GC,1786667400,1786669200,GCV2026,1800,1787721315
GC,1786669200,1786671000,GCV2026,1800,1787721325
GC,1786671000,1786672800,GCV2026,1800,1787721335
GC,1786672800,1786674600,GCV2026,1800,1787721345
GC,1786674600,1786676400,GCV2026,1800,1787721355
GC,1786676400,1786678200,GCV2026,1800,1787721365
GC,1786678200,1786680000,GCV2026,1800,1787721375
GC,1786680000,1786681800,GCV2026,1800,1787721385
GC,1786681800,1786683600,GCV2026,1800,1787721395
GC,1786683600,1786685400,GCV2026,1800,1787721405
GC,1786685400,1786687200,GCV2026,1800,1787721415
GC,1786687200,1786689000,GCV2026,1800,1787721425
GC,1786689000,1786690800,GCV2026,1800,1787721435
GC,1786690800,1786692600,GCV2026,1800,1787721445
GC,1786692600,1786694400,GCV2026,1800,1787721455
GC,1786694400,1786696200,GCV2026,1800,1787721465
GC,1786696200,1786698000,GCV2026,1800,1787721475
GC,1786698000,1786699800,GCV2026,1800,1787721485
GC,1786699800,1786701600,GCV2026,1800,1787721495
GC,1786701600,1786703400,GCV2026,1800,1787721505
GC,1786703400,1786705200,GCV2026,1800,1787721515
GC,1786705200,1786707000,GCV2026,1800,1787721525
GC,1786707000,1786708800,GCV2026,1800,1787721535
GC,1786708800,1786710600,GCV2026,1800,1787721545
GC,1786710600,1786712400,GCV2026,1800,1787721555
GC,1786712400,1786714200,GCV2026,1800,1787721565
GC,1786714200,1786716000,GCV2026,1800,1787721575
GC,1786716000,1786717800,GCV2026,1800,1787721585
GC,1786717800,1786719600,GCV2026,1800,1787721595
GC,1786719600,1786721400,GCV2026,1800,1787721605
GC,1786721400,1786723200,GCV2026,1800,1787721615
GC,1786723200,1786725000,GCV2026,1800,1787721625
GC,1786725000,1786726800,GCV2026,1800,1787721635
GC,1786726800,1786728600,GCV2026,1800,1787721645
GC,1786728600,1786730400,GCV2026,1800,1787721655
GC,1786730400,1786732200,GCV2026,1800,1787721665
GC,1786732200,1786734000,GCV2026,1800,1787721675
GC,1786734000,1786735800,GCV2026,1800,1787721685
GC,1786735800,1786737600,GCV2026,1800,1787721695
GC,1786737600,1786739400,GCV2026,1800,1787721705
GC,1786739400,1786741200,GCV2026,1800,1787721715
GC,1786917600,1786919400,GCV2026,1800,1787721725
GC,1786919400,1786921200,GCV2026,1800,1787721735
GC,1786921200,1786923000,GCV2026,1800,1787721745
GC,1786923000,1786924800,GCV2026,1800,1787721755
GC,1786924800,1786926600,GCV2026,1800,1787721765
GC,1786926600,1786928400,GCV2026,1800,1787721775
GC,1786928400,1786930200,GCV2026,1800,1787721785
GC,1786930200,1786932000,GCV2026,1800,1787721795
GC,1786932000,1786933800,GCV2026,1800,1787721805
GC,1786933800,1786935600,GCV2026,1800,1787721815
GC,1786935600,1786937400,GCV2026,1800,1787721825
GC,1786937400,1786939200,GCV2026,1800,1787721835
GC,1786939200,1786941000,GCV2026,1800,1787721845
GC,1786941000,1786942800,GCV2026,1800,1787721855
GC,1786942800,1786944600,GCV2026,1800,1787721865
GC,1786944600,1786946400,GCV2026,1800,1787721875
GC,1786946400,1786948200,GCV2026,1800,1787721885
GC,1786948200,1786950000,GCV2026,1800,1787721895
GC,1786950000,1786951800,GCV2026,1800,1787721905
GC,1786951800,1786953600,GCV2026,1800,1787721915
GC,1786953600,1786955400,GCV2026,1800,1787721925
GC,1786955400,1786957200,GCV2026,1800,1787721935
GC,1786957200,1786959000,GCV2026,1800,1787721945
GC,1786959000,1786960800,GCV2026,1800,1787721955
GC,1786960800,1786962600,GCV2026,1800,1787721965
GC,1786962600,1786964400,GCV2026,1800,1787721975
GC,1786964400,1786966200,GCV2026,1800,1787721985
GC,1786966200,1786968000,GCV2026,1800,1787721995
GC,1786968000,1786969800,GCV2026,1800,1787722005
GC,1786969800,1786971600,GCV2026,1800,1787722015
GC,1786971600,1786973400,GCV2026,1800,1787722025
GC,1786973400,1786975200,GCV2026,1800,1787722035
GC,1786975200,1786977000,GCV2026,1800,1787722045
GC,1786977000,1786978800,GCV2026,1800,1787722055
GC,1786978800,1786980600,GCV2026,1800,1787722065
GC,1786980600,1786982400,GCV2026,1800,1787722075
GC,1786982400,1786984200,GCV2026,1800,1787722085
GC,1786984200,1786986000,GCV2026,1800,1787722095
GC,1786986000,1786987800,GCV2026,1800,1787722105
GC,1786987800,1786989600,GCV2026,1800,1787722115
GC,1786989600,1786991400,GCV2026,1800,1787722125
GC,1786991400,1786993200,GCV2026,1800,1787722135
GC,1786993200,1786995000,GCV2026,1800,1787722145
GC,1786995000,1786996800,GCV2026,1800,1787722155
GC,1786996800,1786998600,GCV2026,1800,1787722165
GC,1786998600,1787000400,GCV2026,1800,1787722175
GC,1787004000,1787005800,GCV2026,1800,1787722185
GC,1787005800,1787007600,GCV2026,1800,1787722195
GC,1787007600,1787009400,GCV2026,1800,1787722205
GC,1787009400,1787011200,GCV2026,1800,1787722215
GC,1787011200,1787013000,GCV2026,1800,1787722225
GC,1787013000,1787014800,GCV2026,1800,1787722235
GC,1787014800,1787016600,GCV2026,1800,1787722245
GC,1787016600,1787018400,GCV2026,1800,1787722255
GC,1787018400,1787020200,GCV2026,1800,1787722265
GC,1787020200,1787022000,GCV2026,1800,1787722275
GC,1787022000,1787023800,GCV2026,1800,1787722285
GC,1787023800,1787025600,GCV2026,1800,1787722295
GC,1787025600,1787027400,GCV2026,1800,1787722305
GC,1787027400,1787029200,GCV2026,1800,1787722315
GC,1787029200,1787031000,GCV2026,1800,1787722325
GC,1787031000,1787032800,GCV2026,1800,1787722335
GC,1787032800,1787034600,GCV2026,1800,1787722345
GC,1787034600,1787036400,GCV2026,1800,1787722355
GC,1787036400,1787038200,GCV2026,1800,1787722365
GC,1787038200,1787040000,GCV2026,1800,1787722375
GC,1787040000,1787041800,GCV2026,1800,1787722385
GC,1787041800,1787043600,GCV2026,1800,1787722395
GC,1787043600,1787045400,GCV2026,1800,1787722405
GC,1787045400,1787047200,GCV2026,1800,1787722415
GC,1787047200,1787049000,GCV2026,1800,1787722425
GC,1787049000,1787050800,GCV2026,1800,1787722435
GC,1787050800,1787052600,GCV2026,1800,1787722445
GC,1787052600,1787054400,GCV2026,1800,1787722455
GC,1787054400,1787056200,GCV2026,1800,1787722465
GC,1787056200,1787058000,GCV2026,1800,1787722475
GC,1787058000,1787059800,GCV2026,1800,1787722485
GC,1787059800,1787061600,GCV2026,1800,1787722495
GC,1787061600,1787063400,GCV2026,1800,1787722505
GC,1787063400,1787065200,GCV2026,1800,1787722515
GC,1787065200,1787067000,GCV2026,1800,1787722525
GC,1787067000,1787068800,GCV2026,1800,1787722535
GC,1787068800,1787070600,GCV2026,1800,1787722545
GC,1787070600,1787072400,GCV2026,1800,1787722555
GC,1787072400,1787074200,GCV2026,1800,1787722565
GC,1787074200,1787076000,GCV2026,1800,1787722575
GC,1787076000,1787077800,GCV2026,1800,1787722585
GC,1787077800,1787079600,GCV2026,1800,1787722595
GC,1787079600,1787081400,GCV2026,1800,1787722605
GC,1787081400,1787083200,GCV2026,1800,1787722615
GC,1787083200,1787085000,GCV2026,1800,1787722625
GC,1787085000,1787086800,GCV2026,1800,1787722635
GC,1787090400,1787092200,GCV2026,1800,1787722645
GC,1787092200,1787094000,GCV2026,1800,1787722655
GC,1787094000,1787095800,GCV2026,1800,1787722665
GC,1787095800,1787097600,GCV2026,1800,1787722675
GC,1787097600,1787099400,GCV2026,1800,1787722685
GC,1787099400,1787101200,GCV2026,1800,1787722695
GC,1787101200,1787103000,GCV2026,1800,1787722705
GC,1787103000,1787104800,GCV2026,1800,1787722715
GC,1787104800,1787106600,GCV2026,1800,1787722725
GC,1787106600,1787108400,GCV2026,1800,1787722735
GC,1787108400,1787110200,GCV2026,1800,1787722745
GC,1787110200,1787112000,GCV2026,1800,1787722755
GC,1787112000,1787113800,GCV2026,1800,1787722765
GC,1787113800,1787115600,GCV2026,1800,1787722775
GC,1787115600,1787117400,GCV2026,1800,1787722785
GC,1787117400,1787119200,GCV2026,1800,1787722795
GC,1787119200,1787121000,GCV2026,1800,1787722805
GC,1787121000,1787122800,GCV2026,1800,1787722815
GC,1787122800,1787124600,GCV2026,1800,1787722825
GC,1787124600,1787126400,GCV2026,1800,1787722835
GC,1787126400,1787128200,GCV2026,1800,1787722845
GC,1787128200,1787130000,GCV2026,1800,1787722855
GC,1787130000,1787131800,GCV2026,1800,1787722865
GC,1787131800,1787133600,GCV2026,1800,1787722875
GC,1787133600,1787135400,GCV2026,1800,1787722885
GC,1787135400,1787137200,GCV2026,1800,1787722895
GC,1787137200,1787139000,GCV2026,1800,1787722905
GC,1787139000,1787140800,GCV2026,1800,1787722915
GC,1787140800,1787142600,GCV2026,1800,1787722925
GC,1787142600,1787144400,GCV2026,1800,1787722935
GC,1787144400,1787146200,GCV2026,1800,1787722945
GC,1787146200,1787148000,GCV2026,1800,1787722955
GC,1787148000,1787149800,GCV2026,1800,1787722965
GC,1787149800,1787151600,GCV2026,1800,1787722975
GC,1787151600,1787153400,GCV2026,1800,1787722985
GC,1787153400,1787155200,GCV2026,1800,1787722995
GC,1787155200,1787157000,GCV2026,1800,1787723005
GC,1787157000,1787158800,GCV2026,1800,1787723015
GC,1787158800,1787160600,GCV2026,1800,1787723025
GC,1787160600,1787162400,GCV2026,1800,1787723035
GC,1787162400,1787164200,GCV2026,1800,1787723045
GC,1787164200,1787166000,GCV2026,1800,1787723055
GC,1787166000,1787167800,GCV2026,1800,1787723065
GC,1787167800,1787169600,GCV2026,1800,1787723075
GC,1787169600,1787171400,GCV2026,1800,1787723085
GC,1787171400,1787173200,GCV2026,1800,1787723095
GC,1787176800,1787178600,GCV2026,1800,1787723105
GC,1787178600,1787180400,GCV2026,1800,1787723115
GC,1787180400,1787182200,GCV2026,1800,1787723125
GC,1787182200,1787184000,GCV2026,1800,1787723150
GC,1787184000,1787185800,GCV2026,1800,1787723160
GC,1787185800,1787187600,GCV2026,1800,1787723170
GC,1787187600,1787189400,GCV2026,1800,1787723180
GC,1787189400,1787191200,GCV2026,1800,1787723190
GC,1787191200,1787193000,GCV2026,1800,1787723200
GC,1787193000,1787194800,GCV2026,1800,1787723210
GC,1787194800,1787196600,GCV2026,1800,1787723220
GC,1787196600,1787198400,GCV2026,1800,1787723230
GC,1787198400,1787200200,GCV2026,1800,1787723240
GC,1787200200,1787202000,GCV2026,1800,1787723250
GC,1787202000,1787203800,GCV2026,1800,1787723260
GC,1787203800,1787205600,GCV2026,1800,1787723270
GC,1787205600,1787207400,GCV2026,1800,1787723280
GC,1787207400,1787209200,GCV2026,1800,1787723290
GC,1787209200,1787211000,GCV2026,1800,1787723300
GC,1787211000,1787212800,GCV2026,1800,1787723310
GC,1787212800,1787214600,GCV2026,1800,1787723320
GC,1787214600,1787216400,GCV2026,1800,1787723330
GC,1787216400,1787218200,GCV2026,1800,1787723340
GC,1787218200,1787220000,GCV2026,1800,1787723350
GC,1787220000,1787221800,GCV2026,1800,1787723360
GC,1787221800,1787223600,GCV2026,1800,1787723370
GC,1787223600,1787225400,GCV2026,1800,1787723380
GC,1787225400,1787227200,GCV2026,1800,1787723390
GC,1787227200,1787229000,GCV2026,1800,1787723400
GC,1787229000,1787230800,GCV2026,1800,1787723410
GC,1787230800,1787232600,GCV2026,1800,1787723420
GC,1787232600,1787234400,GCV2026,1800,1787723430
GC,1787234400,1787236200,GCV2026,1800,1787723440
GC,1787236200,1787238000,GCV2026,1800,1787723450
GC,1787238000,1787239800,GCV2026,1800,1787723460
GC,1787239800,1787241600,GCV2026,1800,1787723470
GC,1787241600,1787243400,GCV2026,1800,1787723480
GC,1787243400,1787245200,GCV2026,1800,1787723490
GC,1787245200,1787247000,GCV2026,1800,1787723500
GC,1787247000,1787248800,GCV2026,1800,1787723510
GC,1787248800,1787250600,GCV2026,1800,1787723520
GC,1787250600,1787252400,GCV2026,1800,1787723530
GC,1787252400,1787254200,GCV2026,1800,1787723540
GC,1787254200,1787256000,GCV2026,1800,1787723550
GC,1787256000,1787257800,GCV2026,1800,1787723560
GC,1787257800,1787259600,GCV2026,1800,1787723570
GC,1787263200,1787265000,GCV2026,1800,1787723580
GC,1787265000,1787266800,GCV2026,1800,1787723590
GC,1787266800,1787268600,GCV2026,1800,1787723601
GC,1787268600,1787270400,GCV2026,1800,1787723610
GC,1787270400,1787272200,GCV2026,1800,1787723620
GC,1787272200,1787274000,GCV2026,1800,1787723630
GC,1787274000,1787275800,GCV2026,1800,1787723640
GC,1787275800,1787277600,GCV2026,1800,1787723650
GC,1787277600,1787279400,GCV2026,1800,1787723660
GC,1787279400,1787281200,GCV2026,1800,1787723670
GC,1787281200,1787283000,GCV2026,1800,1787723680
GC,1787283000,1787284800,GCV2026,1800,1787723690
GC,1787284800,1787286600,GCV2026,1800,1787723700
GC,1787286600,1787288400,GCV2026,1800,1787723710
GC,1787288400,1787290200,GCV2026,1800,1787723720
GC,1787290200,1787292000,GCV2026,1800,1787723730
GC,1787292000,1787293800,GCV2026,1800,1787723740
GC,1787293800,1787295600,GCV2026,1800,1787723750
GC,1787295600,1787297400,GCV2026,1800,1787723760
GC,1787297400,1787299200,GCV2026,1800,1787723770
GC,1787299200,1787301000,GCV2026,1800,1787723780
GC,1787301000,1787302800,GCV2026,1800,1787723790
GC,1787302800,1787304600,GCV2026,1800,1787723800
GC,1787304600,1787306400,GCV2026,1800,1787723810
GC,1787306400,1787308200,GCV2026,1800,1787723820
GC,1787308200,1787310000,GCV2026,1800,1787723830
GC,1787310000,1787311800,GCV2026,1800,1787723840
GC,1787311800,1787313600,GCV2026,1800,1787723850
GC,1787313600,1787315400,GCV2026,1800,1787723860
GC,1787315400,1787317200,GCV2026,1800,1787723870
GC,1787317200,1787319000,GCV2026,1800,1787723880
GC,1787319000,1787320800,GCV2026,1800,1787723890
GC,1787320800,1787322600,GCV2026,1800,1787723900
GC,1787322600,1787324400,GCV2026,1800,1787723910
GC,1787324400,1787326200,GCV2026,1800,1787723920
GC,1787326200,1787328000,GCV2026,1800,1787723930
GC,1787328000,1787329800,GCV2026,1800,1787723940
GC,1787329800,1787331600,GCV2026,1800,1787723950
GC,1787331600,1787333400,GCV2026,1800,1787723960
GC,1787333400,1787335200,GCV2026,1800,1787723970
GC,1787335200,1787337000,GCV2026,1800,1787723980
GC,1787337000,1787338800,GCV2026,1800,1787723990
GC,1787338800,1787340600,GCV2026,1800,1787724000
GC,1787340600,1787342400,GCV2026,1800,1787724010
GC,1787342400,1787344200,GCV2026,1800,1787724020
GC,1787344200,1787346000,GCV2026,1800,1787724031
GC,1787522400,1787524200,GCV2026,1800,1787724040
GC,1787524200,1787526000,GCV2026,1800,1787724050
GC,1787526000,1787527800,GCV2026,1800,1787724060
GC,1787527800,1787529600,GCV2026,1800,1787724070
GC,1787529600,1787531400,GCV2026,1800,1787724080
GC,1787531400,1787533200,GCV2026,1800,1787724090
GC,1787533200,1787535000,GCV2026,1800,1787724100
GC,1787535000,1787536800,GCV2026,1800,1787724110
GC,1787536800,1787538600,GCV2026,1800,1787724121
GC,1787538600,1787540400,GCV2026,1800,1787724130
GC,1787540400,1787542200,GCV2026,1800,1787724140
GC,1787542200,1787544000,GCV2026,1800,1787724150
GC,1787544000,1787545800,GCV2026,1800,1787724160
GC,1787545800,1787547600,GCV2026,1800,1787724170
GC,1787547600,1787549400,GCV2026,1800,1787724180
GC,1787549400,1787551200,GCV2026,1800,1787724190
GC,1787551200,1787553000,GCV2026,1800,1787724200
GC,1787553000,1787554800,GCV2026,1800,1787724211
GC,1787554800,1787556600,GCV2026,1800,1787724221
GC,1787556600,1787558400,GCV2026,1800,1787724230
GC,1787558400,1787560200,GCV2026,1800,1787724240
GC,1787560200,1787562000,GCV2026,1800,1787724250
GC,1787562000,1787563800,GCV2026,1800,1787724260
GC,1787563800,1787565600,GCV2026,1800,1787724270
GC,1787565600,1787567400,GCV2026,1800,1787724280
GC,1787567400,1787569200,GCV2026,1800,1787724290
GC,1787569200,1787571000,GCV2026,1800,1787724300
GC,1787571000,1787572800,GCV2026,1800,1787724310
GC,1787572800,1787574600,GCV2026,1800,1787724320
GC,1787574600,1787576400,GCV2026,1800,1787724330
GC,1787576400,1787578200,GCV2026,1800,1787724340
GC,1787578200,1787580000,GCV2026,1800,1787724350
GC,1787580000,1787581800,GCV2026,1800,1787724360
GC,1787581800,1787583600,GCV2026,1800,1787724370
GC,1787583600,1787585400,GCV2026,1800,1787724380
GC,1787585400,1787587200,GCV2026,1800,1787724390
GC,1787587200,1787589000,GCV2026,1800,1787724400
GC,1787589000,1787590800,GCV2026,1800,1787724410
GC,1787590800,1787592600,GCV2026,1800,1787724421
GC,1787592600,1787594400,GCV2026,1800,1787724430
GC,1787594400,1787596200,GCV2026,1800,1787724441
GC,1787596200,1787598000,GCV2026,1800,1787724450
GC,1787598000,1787599800,GCV2026,1800,1787724460
GC,1787599800,1787601600,GCV2026,1800,1787724470
GC,1787601600,1787603400,GCV2026,1800,1787724481
GC,1787603400,1787605200,GCV2026,1800,1787724490
NQ,1787608800,1787610600,NQU2026,1800,1787742726
NQ,1787610600,1787612400,NQU2026,1800,1787742734
NQ,1787612400,1787614200,NQU2026,1800,1787742744
NQ,1787614200,1787616000,NQU2026,1800,1787742754
NQ,1787616000,1787617800,NQU2026,1800,1787742764
NQ,1787617800,1787619600,NQU2026,1800,1787742774
NQ,1787619600,1787621400,NQU2026,1800,1787742784
NQ,1787621400,1787623200,NQU2026,1800,1787742794
NQ,1787623200,1787625000,NQU2026,1800,1787742804
NQ,1787625000,1787626800,NQU2026,1800,1787742814
NQ,1787626800,1787628600,NQU2026,1800,1787742824
NQ,1787628600,1787630400,NQU2026,1800,1787742834
NQ,1787630400,1787632200,NQU2026,1800,1787742844
NQ,1787632200,1787634000,NQU2026,1800,1787742854
NQ,1787634000,1787635800,NQU2026,1800,1787742864
NQ,1787635800,1787637600,NQU2026,1800,1787742874
NQ,1787637600,1787639400,NQU2026,1800,1787742884
NQ,1787639400,1787641200,NQU2026,1800,1787742894
NQ,1787641200,1787643000,NQU2026,1800,1787742904
NQ,1787643000,1787644800,NQU2026,1800,1787742914
NQ,1787644800,1787646600,NQU2026,1800,1787742924
NQ,1787646600,1787648400,NQU2026,1800,1787742934
NQ,1787648400,1787650200,NQU2026,1800,1787742944
NQ,1787650200,1787652000,NQU2026,1800,1787742954
NQ,1787652000,1787653800,NQU2026,1800,1787742964
NQ,1787653800,1787655600,NQU2026,1800,1787742974
NQ,1787655600,1787657400,NQU2026,1800,1787742984
NQ,1787657400,1787659200,NQU2026,1800,1787742994
NQ,1787659200,1787661000,NQU2026,1800,1787743004
NQ,1787661000,1787662800,NQU2026,1800,1787743014
NQ,1787662800,1787664600,NQU2026,1800,1787743024
NQ,1787664600,1787666400,NQU2026,1800,1787743035
NQ,1787666400,1787668200,NQU2026,1800,1787743044
NQ,1787668200,1787670000,NQU2026,1800,1787743054
NQ,1787670000,1787671800,NQU2026,1800,1787743064
NQ,1787671800,1787673600,NQU2026,1800,1787743074
NQ,1787673600,1787675400,NQU2026,1800,1787743084
NQ,1787675400,1787677200,NQU2026,1800,1787743094
NQ,1787677200,1787679000,NQU2026,1800,1787743104
NQ,1787679000,1787680800,NQU2026,1800,1787743114
NQ,1787680800,1787682600,NQU2026,1800,1787743124
NQ,1787682600,1787684400,NQU2026,1800,1787743134
NQ,1787684400,1787686200,NQU2026,1800,1787743144
NQ,1787686200,1787688000,NQU2026,1800,1787743154
NQ,1787688000,1787689800,NQU2026,1800,1787743164
NQ,1787689800,1787691600,NQU2026,1800,1787743174
ES,1787608800,1787610600,ESU2026,1800,1787743184
ES,1787610600,1787612400,ESU2026,1800,1787743194
ES,1787612400,1787614200,ESU2026,1800,1787743204
ES,1787614200,1787616000,ESU2026,1800,1787743214
ES,1787616000,1787617800,ESU2026,1800,1787743224
ES,1787617800,1787619600,ESU2026,1800,1787743234
ES,1787619600,1787621400,ESU2026,1800,1787743244
ES,1787621400,1787623200,ESU2026,1800,1787743254
ES,1787623200,1787625000,ESU2026,1800,1787743264
ES,1787625000,1787626800,ESU2026,1800,1787743274
ES,1787626800,1787628600,ESU2026,1800,1787743284
ES,1787628600,1787630400,ESU2026,1800,1787743294
ES,1787630400,1787632200,ESU2026,1800,1787743304
ES,1787632200,1787634000,ESU2026,1800,1787743314
ES,1787634000,1787635800,ESU2026,1800,1787743340
ES,1787635800,1787637600,ESU2026,1800,1787743350
ES,1787637600,1787639400,ESU2026,1800,1787743360
ES,1787639400,1787641200,ESU2026,1800,1787743370
ES,1787641200,1787643000,ESU2026,1800,1787743380
ES,1787643000,1787644800,ESU2026,1800,1787743389
ES,1787644800,1787646600,ESU2026,1800,1787743400
ES,1787646600,1787648400,ESU2026,1800,1787743410
ES,1787648400,1787650200,ESU2026,1800,1787743420
ES,1787650200,1787652000,ESU2026,1800,1787743430
ES,1787652000,1787653800,ESU2026,1800,1787743440
ES,1787653800,1787655600,ESU2026,1800,1787743450
ES,1787655600,1787657400,ESU2026,1800,1787743460
ES,1787657400,1787659200,ESU2026,1800,1787743470
ES,1787659200,1787661000,ESU2026,1800,1787743480
ES,1787661000,1787662800,ESU2026,1800,1787743490
ES,1787662800,1787664600,ESU2026,1800,1787743500
ES,1787664600,1787666400,ESU2026,1800,1787743510
ES,1787666400,1787668200,ESU2026,1800,1787743520
ES,1787668200,1787670000,ESU2026,1800,1787743530
ES,1787670000,1787671800,ESU2026,1800,1787743540
ES,1787671800,1787673600,ESU2026,1800,1787743550
ES,1787673600,1787675400,ESU2026,1800,1787743560
ES,1787675400,1787677200,ESU2026,1800,1787743570
ES,1787677200,1787679000,ESU2026,1800,1787743580
ES,1787679000,1787680800,ESU2026,1800,1787743590
ES,1787680800,1787682600,ESU2026,1800,1787743600
ES,1787682600,1787684400,ESU2026,1800,1787743610
ES,1787684400,1787686200,ESU2026,1800,1787743620
ES,1787686200,1787688000,ESU2026,1800,1787743630
ES,1787688000,1787689800,ESU2026,1800,1787743640
ES,1787689800,1787691600,ESU2026,1800,1787743650
GC,1787608800,1787610600,GCV2026,1799,1787743660
GC,1787610600,1787612400,GCV2026,1800,1787743670
GC,1787612400,1787614200,GCV2026,1800,1787743680
GC,1787614200,1787616000,GCV2026,1800,1787743690
GC,1787616000,1787617800,GCV2026,1800,1787743700
GC,1787617800,1787619600,GCV2026,1800,1787743710
GC,1787619600,1787621400,GCV2026,1800,1787743720
GC,1787621400,1787623200,GCV2026,1800,1787743730
GC,1787623200,1787625000,GCV2026,1800,1787743740
GC,1787625000,1787626800,GCV2026,1800,1787743750
GC,1787626800,1787628600,GCV2026,1800,1787743760
GC,1787628600,1787630400,GCV2026,1800,1787743770
GC,1787630400,1787632200,GCV2026,1800,1787743780
GC,1787632200,1787634000,GCV2026,1800,1787743790
GC,1787634000,1787635800,GCV2026,1800,1787743800
GC,1787635800,1787637600,GCV2026,1800,1787743810
GC,1787637600,1787639400,GCV2026,1800,1787743820
GC,1787639400,1787641200,GCV2026,1800,1787743830
GC,1787641200,1787643000,GCV2026,1800,1787743840
GC,1787643000,1787644800,GCV2026,1800,1787743850
GC,1787644800,1787646600,GCV2026,1800,1787743860
GC,1787646600,1787648400,GCV2026,1800,1787743870
GC,1787648400,1787650200,GCV2026,1800,1787743880
GC,1787650200,1787652000,GCV2026,1800,1787743890
GC,1787652000,1787653800,GCV2026,1800,1787743900
GC,1787653800,1787655600,GCV2026,1800,1787743910
GC,1787655600,1787657400,GCV2026,1800,1787743920
GC,1787657400,1787659200,GCV2026,1800,1787743930
GC,1787659200,1787661000,GCV2026,1800,1787743940
GC,1787661000,1787662800,GCV2026,1800,1787743950
GC,1787662800,1787664600,GCV2026,1800,1787743960
GC,1787664600,1787666400,GCV2026,1800,1787743970
GC,1787666400,1787668200,GCV2026,1800,1787743980
GC,1787668200,1787670000,GCV2026,1800,1787743990
GC,1787670000,1787671800,GCV2026,1800,1787744000
GC,1787671800,1787673600,GCV2026,1800,1787744010
GC,1787673600,1787675400,GCV2026,1800,1787744020
GC,1787675400,1787677200,GCV2026,1800,1787744030
GC,1787677200,1787679000,GCV2026,1800,1787744040
GC,1787679000,1787680800,GCV2026,1800,1787744050
GC,1787680800,1787682600,GCV2026,1800,1787744060
GC,1787682600,1787684400,GCV2026,1800,1787744070
GC,1787684400,1787686200,GCV2026,1800,1787744080
GC,1787686200,1787688000,GCV2026,1800,1787744090
GC,1787688000,1787689800,GCV2026,1800,1787744100
GC,1787689800,1787691600,GCV2026,1800,1787744110
YM,1771801200,1771803000,YMH2026,1800,1787744113
YM,1771803000,1771804800,YMH2026,1800,1787744123
YM,1771804800,1771806600,YMH2026,1800,1787744133
YM,1771806600,1771808400,YMH2026,1800,1787744143
YM,1771808400,1771810200,YMH2026,1800,1787744153
YM,1771810200,1771812000,YMH2026,1800,1787744163
YM,1771812000,1771813800,YMH2026,1800,1787744173
YM,1771813800,1771815600,YMH2026,1800,1787744183
YM,1771815600,1771817400,YMH2026,1800,1787744193
YM,1771817400,1771819200,YMH2026,1800,1787744203
YM,1771819200,1771821000,YMH2026,1800,1787744213
YM,1771821000,1771822800,YMH2026,1800,1787744223
YM,1771822800,1771824600,YMH2026,1800,1787744233
YM,1771824600,1771826400,YMH2026,1800,1787744243
YM,1771826400,1771828200,YMH2026,1800,1787744253
YM,1771828200,1771830000,YMH2026,1800,1787744263
YM,1771830000,1771831800,YMH2026,1800,1787744273
YM,1771831800,1771833600,YMH2026,1800,1787744283
YM,1771833600,1771835400,YMH2026,1800,1787744293
YM,1771835400,1771837200,YMH2026,1800,1787744303
YM,1771837200,1771839000,YMH2026,1800,1787744313
YM,1771839000,1771840800,YMH2026,1800,1787744323
YM,1771840800,1771842600,YMH2026,1800,1787744333
YM,1771842600,1771844400,YMH2026,1800,1787744343
YM,1771844400,1771846200,YMH2026,1800,1787744353
YM,1771846200,1771848000,YMH2026,1800,1787744363
YM,1771848000,1771849800,YMH2026,1800,1787744373
YM,1771849800,1771851600,YMH2026,1800,1787744383
YM,1771851600,1771853400,YMH2026,1800,1787744393
YM,1771853400,1771855200,YMH2026,1800,1787744403
YM,1771855200,1771857000,YMH2026,1800,1787744413
YM,1771857000,1771858800,YMH2026,1800,1787744424
YM,1771858800,1771860600,YMH2026,1800,1787744433
YM,1771860600,1771862400,YMH2026,1800,1787744443
YM,1771862400,1771864200,YMH2026,1800,1787744453
YM,1771864200,1771866000,YMH2026,1800,1787744463
YM,1771866000,1771867800,YMH2026,1800,1787744473
YM,1771867800,1771869600,YMH2026,1800,1787744483
YM,1771869600,1771871400,YMH2026,1800,1787744493
YM,1771871400,1771873200,YMH2026,1800,1787744503
YM,1771873200,1771875000,YMH2026,1800,1787744513
YM,1771875000,1771876800,YMH2026,1800,1787744523
YM,1771876800,1771878600,YMH2026,1800,1787744549
YM,1771878600,1771880400,YMH2026,1800,1787744559
YM,1771880400,1771882200,YMH2026,1800,1787744569
YM,1771882200,1771884000,YMH2026,1800,1787744579
YM,1771887600,1771889400,YMH2026,1800,1787744589
YM,1771889400,1771891200,YMH2026,1800,1787744599
YM,1771891200,1771893000,YMH2026,1800,1787744609
YM,1771893000,1771894800,YMH2026,1800,1787744619
YM,1771894800,1771896600,YMH2026,1800,1787744629
YM,1771896600,1771898400,YMH2026,1800,1787744639
YM,1771898400,1771900200,YMH2026,1800,1787744649
YM,1771900200,1771902000,YMH2026,1800,1787744659
YM,1771902000,1771903800,YMH2026,1800,1787744669
YM,1771903800,1771905600,YMH2026,1800,1787744679
YM,1771905600,1771907400,YMH2026,1800,1787744689
YM,1771907400,1771909200,YMH2026,1800,1787744699
YM,1771909200,1771911000,YMH2026,1800,1787744709
YM,1771911000,1771912800,YMH2026,1800,1787744719
YM,1771912800,1771914600,YMH2026,1800,1787744729
YM,1771914600,1771916400,YMH2026,1800,1787744739
YM,1771916400,1771918200,YMH2026,1800,1787744749
YM,1771918200,1771920000,YMH2026,1800,1787744759
YM,1771920000,1771921800,YMH2026,1800,1787744769
YM,1771921800,1771923600,YMH2026,1800,1787744779
YM,1771923600,1771925400,YMH2026,1800,1787744789
YM,1771925400,1771927200,YMH2026,1800,1787744799
YM,1771927200,1771929000,YMH2026,1800,1787744809
YM,1771929000,1771930800,YMH2026,1800,1787744819
YM,1771930800,1771932600,YMH2026,1800,1787744829
YM,1771932600,1771934400,YMH2026,1800,1787744839
YM,1771934400,1771936200,YMH2026,1800,1787744849
YM,1771936200,1771938000,YMH2026,1800,1787744859
YM,1771938000,1771939800,YMH2026,1800,1787744869
YM,1771939800,1771941600,YMH2026,1800,1787744879
YM,1771941600,1771943400,YMH2026,1800,1787744889
YM,1771943400,1771945200,YMH2026,1800,1787744899
YM,1771945200,1771947000,YMH2026,1800,1787744909
YM,1771947000,1771948800,YMH2026,1800,1787744919
YM,1771948800,1771950600,YMH2026,1800,1787744929
YM,1771950600,1771952400,YMH2026,1800,1787744939
YM,1771952400,1771954200,YMH2026,1800,1787744949
YM,1771954200,1771956000,YMH2026,1800,1787744959
YM,1771956000,1771957800,YMH2026,1800,1787744969
YM,1771957800,1771959600,YMH2026,1800,1787744979
YM,1771959600,1771961400,YMH2026,1800,1787744989
YM,1771961400,1771963200,YMH2026,1800,1787744999
YM,1771963200,1771965000,YMH2026,1800,1787745009
YM,1771965000,1771966800,YMH2026,1800,1787745019
YM,1771966800,1771968600,YMH2026,1800,1787745029
YM,1771968600,1771970400,YMH2026,1800,1787745039
YM,1771974000,1771975800,YMH2026,1800,1787745049
YM,1771975800,1771977600,YMH2026,1800,1787745059
YM,1771977600,1771979400,YMH2026,1800,1787745069
YM,1771979400,1771981200,YMH2026,1800,1787745079
YM,1771981200,1771983000,YMH2026,1800,1787745089
YM,1771983000,1771984800,YMH2026,1800,1787745099
YM,1771984800,1771986600,YMH2026,1800,1787745109
YM,1771986600,1771988400,YMH2026,1800,1787745119
YM,1771988400,1771990200,YMH2026,1800,1787745129
YM,1771990200,1771992000,YMH2026,1800,1787745139
YM,1771992000,1771993800,YMH2026,1800,1787745149
YM,1771993800,1771995600,YMH2026,1800,1787745159
YM,1771995600,1771997400,YMH2026,1800,1787745169
YM,1771997400,1771999200,YMH2026,1800,1787745179
YM,1771999200,1772001000,YMH2026,1800,1787745189
YM,1772001000,1772002800,YMH2026,1800,1787745199
YM,1772002800,1772004600,YMH2026,1800,1787745209
YM,1772004600,1772006400,YMH2026,1800,1787745219
YM,1772006400,1772008200,YMH2026,1800,1787745229
YM,1772008200,1772010000,YMH2026,1800,1787745239
YM,1772010000,1772011800,YMH2026,1800,1787745249
YM,1772011800,1772013600,YMH2026,1800,1787745259
YM,1772013600,1772015400,YMH2026,1800,1787745269
YM,1772015400,1772017200,YMH2026,1800,1787745279
YM,1772017200,1772019000,YMH2026,1800,1787745289
YM,1772019000,1772020800,YMH2026,1800,1787745299
YM,1772020800,1772022600,YMH2026,1800,1787745309
YM,1772022600,1772024400,YMH2026,1800,1787745319
YM,1772024400,1772026200,YMH2026,1800,1787745329
YM,1772026200,1772028000,YMH2026,1800,1787745339
YM,1772028000,1772029800,YMH2026,1800,1787745349
YM,1772029800,1772031600,YMH2026,1800,1787745359
YM,1772031600,1772033400,YMH2026,1800,1787745369
YM,1772033400,1772035200,YMH2026,1800,1787745379
YM,1772035200,1772037000,YMH2026,1800,1787745389
YM,1772037000,1772038800,YMH2026,1800,1787745399
YM,1772038800,1772040600,YMH2026,1800,1787745409
YM,1772040600,1772042400,YMH2026,1800,1787745419
YM,1772042400,1772044200,YMH2026,1800,1787745429
YM,1772044200,1772046000,YMH2026,1800,1787745439
YM,1772046000,1772047800,YMH2026,1800,1787745449
YM,1772047800,1772049600,YMH2026,1800,1787745459
YM,1772049600,1772051400,YMH2026,1800,1787745469
YM,1772051400,1772053200,YMH2026,1800,1787745479
YM,1772053200,1772055000,YMH2026,1800,1787745489
YM,1772055000,1772056800,YMH2026,1800,1787745499
YM,1772060400,1772062200,YMH2026,1800,1787745509
YM,1772062200,1772064000,YMH2026,1800,1787745519
YM,1772064000,1772065800,YMH2026,1800,1787745529
YM,1772065800,1772067600,YMH2026,1800,1787745539
YM,1772067600,1772069400,YMH2026,1800,1787745549
YM,1772069400,1772071200,YMH2026,1800,1787745559
YM,1772071200,1772073000,YMH2026,1800,1787745569
YM,1772073000,1772074800,YMH2026,1800,1787745579
YM,1772074800,1772076600,YMH2026,1800,1787745589
YM,1772076600,1772078400,YMH2026,1800,1787745599
YM,1772078400,1772080200,YMH2026,1800,1787745609
YM,1772080200,1772082000,YMH2026,1800,1787745619
YM,1772082000,1772083800,YMH2026,1800,1787745629
YM,1772083800,1772085600,YMH2026,1800,1787745639
YM,1772085600,1772087400,YMH2026,1800,1787745649
YM,1772087400,1772089200,YMH2026,1800,1787745659
YM,1772089200,1772091000,YMH2026,1800,1787745669
YM,1772091000,1772092800,YMH2026,1800,1787745679
YM,1772092800,1772094600,YMH2026,1800,1787745689
YM,1772094600,1772096400,YMH2026,1800,1787745699
YM,1772096400,1772098200,YMH2026,1800,1787745709
YM,1772098200,1772100000,YMH2026,1800,1787745719
YM,1772100000,1772101800,YMH2026,1800,1787745729
YM,1772101800,1772103600,YMH2026,1800,1787745739
YM,1772103600,1772105400,YMH2026,1800,1787745749
YM,1772105400,1772107200,YMH2026,1800,1787745759
YM,1772107200,1772109000,YMH2026,1800,1787745769
YM,1772109000,1772110800,YMH2026,1800,1787745779
YM,1772110800,1772112600,YMH2026,1800,1787745789
YM,1772112600,1772114400,YMH2026,1800,1787745799
YM,1772114400,1772116200,YMH2026,1800,1787745809
YM,1772116200,1772118000,YMH2026,1800,1787745819
YM,1772118000,1772119800,YMH2026,1800,1787745829
YM,1772119800,1772121600,YMH2026,1800,1787745839
YM,1772121600,1772123400,YMH2026,1800,1787745849
YM,1772123400,1772125200,YMH2026,1800,1787745859
YM,1772125200,1772127000,YMH2026,1800,1787745869
YM,1772127000,1772128800,YMH2026,1800,1787745879
YM,1772128800,1772130600,YMH2026,1800,1787745889
YM,1772130600,1772132400,YMH2026,1800,1787745899
YM,1772132400,1772134200,YMH2026,1800,1787745909
YM,1772134200,1772136000,YMH2026,1800,1787745919
YM,1772136000,1772137800,YMH2026,1800,1787745929
YM,1772137800,1772139600,YMH2026,1800,1787745939
YM,1772139600,1772141400,YMH2026,1800,1787745949
YM,1772141400,1772143200,YMH2026,1800,1787745959
YM,1772146800,1772148600,YMH2026,1800,1787745969
YM,1772148600,1772150400,YMH2026,1800,1787745979
YM,1772150400,1772152200,YMH2026,1800,1787745989
YM,1772152200,1772154000,YMH2026,1800,1787745999
YM,1772154000,1772155800,YMH2026,1800,1787746009
YM,1772155800,1772157600,YMH2026,1800,1787746019
YM,1772157600,1772159400,YMH2026,1800,1787746029
YM,1772159400,1772161200,YMH2026,1800,1787746039
YM,1772161200,1772163000,YMH2026,1800,1787746049
YM,1772163000,1772164800,YMH2026,1800,1787746059
YM,1772164800,1772166600,YMH2026,1800,1787746069
YM,1772166600,1772168400,YMH2026,1800,1787746079
YM,1772168400,1772170200,YMH2026,1800,1787746089
YM,1772170200,1772172000,YMH2026,1800,1787746099
YM,1772172000,1772173800,YMH2026,1800,1787746109
YM,1772173800,1772175600,YMH2026,1800,1787746119
YM,1772175600,1772177400,YMH2026,1800,1787746129
YM,1772177400,1772179200,YMH2026,1800,1787746139
YM,1772179200,1772181000,YMH2026,1800,1787746149
YM,1772181000,1772182800,YMH2026,1800,1787746159
YM,1772182800,1772184600,YMH2026,1800,1787746169
YM,1772184600,1772186400,YMH2026,1800,1787746179
YM,1772186400,1772188200,YMH2026,1800,1787746189
YM,1772188200,1772190000,YMH2026,1800,1787746199
YM,1772190000,1772191800,YMH2026,1800,1787746209
YM,1772191800,1772193600,YMH2026,1800,1787746219
YM,1772193600,1772195400,YMH2026,1800,1787746229
YM,1772195400,1772197200,YMH2026,1800,1787746239
YM,1772197200,1772199000,YMH2026,1800,1787746249
YM,1772199000,1772200800,YMH2026,1800,1787746259
YM,1772200800,1772202600,YMH2026,1800,1787746269
YM,1772202600,1772204400,YMH2026,1800,1787746279
YM,1772204400,1772206200,YMH2026,1800,1787746289
YM,1772206200,1772208000,YMH2026,1800,1787746299
YM,1772208000,1772209800,YMH2026,1800,1787746309
YM,1772209800,1772211600,YMH2026,1800,1787746319
YM,1772211600,1772213400,YMH2026,1800,1787746329
YM,1772213400,1772215200,YMH2026,1800,1787746339
YM,1772215200,1772217000,YMH2026,1800,1787746364
YM,1772217000,1772218800,YMH2026,1800,1787746374
YM,1772218800,1772220600,YMH2026,1800,1787746384
YM,1772220600,1772222400,YMH2026,1800,1787746394
YM,1772222400,1772224200,YMH2026,1800,1787746404
YM,1772224200,1772226000,YMH2026,1800,1787746414
YM,1772226000,1772227800,YMH2026,1800,1787746424
YM,1772227800,1772229600,YMH2026,1800,1787746434
YM,1772406000,1772407800,YMH2026,1800,1787746444
YM,1772407800,1772409600,YMH2026,1800,1787746454
YM,1772409600,1772411400,YMH2026,1800,1787746464
YM,1772411400,1772413200,YMH2026,1800,1787746474
YM,1772413200,1772415000,YMH2026,1800,1787746484
YM,1772415000,1772416800,YMH2026,1800,1787746494
YM,1772416800,1772418600,YMH2026,1800,1787746504
YM,1772418600,1772420400,YMH2026,1800,1787746514
YM,1772420400,1772422200,YMH2026,1800,1787746524
YM,1772422200,1772424000,YMH2026,1800,1787746534
YM,1772424000,1772425800,YMH2026,1800,1787746544
YM,1772425800,1772427600,YMH2026,1800,1787746554
YM,1772427600,1772429400,YMH2026,1800,1787746564
YM,1772429400,1772431200,YMH2026,1800,1787746574
YM,1772431200,1772433000,YMH2026,1800,1787746584
YM,1772433000,1772434800,YMH2026,1800,1787746594
YM,1772434800,1772436600,YMH2026,1800,1787746604
YM,1772436600,1772438400,YMH2026,1800,1787746614
YM,1772438400,1772440200,YMH2026,1800,1787746624
YM,1772440200,1772442000,YMH2026,1800,1787746634
YM,1772442000,1772443800,YMH2026,1800,1787746644
YM,1772443800,1772445600,YMH2026,1800,1787746654
YM,1772445600,1772447400,YMH2026,1800,1787746664
YM,1772447400,1772449200,YMH2026,1800,1787746674
YM,1772449200,1772451000,YMH2026,1800,1787746684
YM,1772451000,1772452800,YMH2026,1800,1787746694
YM,1772452800,1772454600,YMH2026,1800,1787746704
YM,1772454600,1772456400,YMH2026,1800,1787746714
YM,1772456400,1772458200,YMH2026,1800,1787746724
YM,1772458200,1772460000,YMH2026,1800,1787746734
YM,1772460000,1772461800,YMH2026,1800,1787746744
YM,1772461800,1772463600,YMH2026,1800,1787746755
YM,1772463600,1772465400,YMH2026,1800,1787746764
YM,1772465400,1772467200,YMH2026,1800,1787746774
YM,1772467200,1772469000,YMH2026,1800,1787746784
YM,1772469000,1772470800,YMH2026,1800,1787746794
YM,1772470800,1772472600,YMH2026,1800,1787746804
YM,1772472600,1772474400,YMH2026,1800,1787746814
YM,1772474400,1772476200,YMH2026,1800,1787746824
YM,1772476200,1772478000,YMH2026,1800,1787746834
YM,1772478000,1772479800,YMH2026,1800,1787746844
YM,1772479800,1772481600,YMH2026,1800,1787746854
YM,1772481600,1772483400,YMH2026,1800,1787746864
YM,1772483400,1772485200,YMH2026,1800,1787746874
YM,1772485200,1772487000,YMH2026,1800,1787746884
YM,1772487000,1772488800,YMH2026,1800,1787746894
YM,1772492400,1772494200,YMH2026,1800,1787746904
YM,1772494200,1772496000,YMH2026,1800,1787746914
YM,1772496000,1772497800,YMH2026,1800,1787746924
YM,1772497800,1772499600,YMH2026,1800,1787746934
YM,1772499600,1772501400,YMH2026,1800,1787746944
YM,1772501400,1772503200,YMH2026,1800,1787746954
YM,1772503200,1772505000,YMH2026,1800,1787746965
YM,1772505000,1772506800,YMH2026,1800,1787746974
YM,1772506800,1772508600,YMH2026,1800,1787746984
YM,1772508600,1772510400,YMH2026,1800,1787746994
YM,1772510400,1772512200,YMH2026,1800,1787747004
YM,1772512200,1772514000,YMH2026,1800,1787747014
YM,1772514000,1772515800,YMH2026,1800,1787747025
YM,1772515800,1772517600,YMH2026,1800,1787747034
YM,1772517600,1772519400,YMH2026,1800,1787747044
YM,1772519400,1772521200,YMH2026,1800,1787747054
YM,1772521200,1772523000,YMH2026,1800,1787747064
YM,1772523000,1772524800,YMH2026,1800,1787747074
YM,1772524800,1772526600,YMH2026,1800,1787747085
YM,1772526600,1772528400,YMH2026,1800,1787747094
YM,1772528400,1772530200,YMH2026,1800,1787747104
YM,1772530200,1772532000,YMH2026,1800,1787747114
YM,1772532000,1772533800,YMH2026,1800,1787747124
YM,1772533800,1772535600,YMH2026,1800,1787747134
YM,1772535600,1772537400,YMH2026,1800,1787747144
YM,1772537400,1772539200,YMH2026,1800,1787747154
YM,1772539200,1772541000,YMH2026,1800,1787747164
YM,1772541000,1772542800,YMH2026,1800,1787747174
YM,1772542800,1772544600,YMH2026,1800,1787747184
YM,1772544600,1772546400,YMH2026,1800,1787747194
YM,1772546400,1772548200,YMH2026,1800,1787747205
YM,1772548200,1772550000,YMH2026,1800,1787747214
YM,1772550000,1772551800,YMH2026,1800,1787747224
YM,1772551800,1772553600,YMH2026,1800,1787747235
YM,1772553600,1772555400,YMH2026,1800,1787747244
YM,1772555400,1772557200,YMH2026,1800,1787747255
YM,1772557200,1772559000,YMH2026,1800,1787747264
YM,1772559000,1772560800,YMH2026,1800,1787747274
YM,1772560800,1772562600,YMH2026,1800,1787747284
YM,1772562600,1772564400,YMH2026,1800,1787747294
YM,1772564400,1772566200,YMH2026,1800,1787747304
YM,1772566200,1772568000,YMH2026,1800,1787747314
YM,1772568000,1772569800,YMH2026,1800,1787747324
YM,1772569800,1772571600,YMH2026,1800,1787747335
YM,1772571600,1772573400,YMH2026,1800,1787747344
YM,1772573400,1772575200,YMH2026,1800,1787747354
YM,1772578800,1772580600,YMH2026,1799,1787747364
YM,1772580600,1772582400,YMH2026,1800,1787747374
YM,1772582400,1772584200,YMH2026,1800,1787747384
YM,1772584200,1772586000,YMH2026,1800,1787747394
YM,1772586000,1772587800,YMH2026,1800,1787747404
YM,1772587800,1772589600,YMH2026,1800,1787747414
YM,1772589600,1772591400,YMH2026,1800,1787747424
YM,1772591400,1772593200,YMH2026,1800,1787747434
YM,1772593200,1772595000,YMH2026,1800,1787747444
YM,1772595000,1772596800,YMH2026,1800,1787747456
YM,1772596800,1772598600,YMH2026,1800,1787747464
YM,1772598600,1772600400,YMH2026,1800,1787747474
YM,1772600400,1772602200,YMH2026,1800,1787747484
YM,1772602200,1772604000,YMH2026,1800,1787747494
YM,1772604000,1772605800,YMH2026,1800,1787747504
YM,1772605800,1772607600,YMH2026,1800,1787747514
YM,1772607600,1772609400,YMH2026,1800,1787747524
YM,1772609400,1772611200,YMH2026,1800,1787747534
YM,1772611200,1772613000,YMH2026,1800,1787747544
YM,1772613000,1772614800,YMH2026,1800,1787747554
YM,1772614800,1772616600,YMH2026,1800,1787747580
YM,1772616600,1772618400,YMH2026,1800,1787747590
YM,1772618400,1772620200,YMH2026,1800,1787747600
YM,1772620200,1772622000,YMH2026,1800,1787747610
YM,1772622000,1772623800,YMH2026,1800,1787747620
YM,1772623800,1772625600,YMH2026,1800,1787747630
YM,1772625600,1772627400,YMH2026,1800,1787747640
YM,1772627400,1772629200,YMH2026,1800,1787747650
YM,1772629200,1772631000,YMH2026,1800,1787747660
YM,1772631000,1772632800,YMH2026,1800,1787747670
YM,1772632800,1772634600,YMH2026,1800,1787747680
YM,1772634600,1772636400,YMH2026,1800,1787747690
YM,1772636400,1772638200,YMH2026,1800,1787747700
YM,1772638200,1772640000,YMH2026,1800,1787747710
YM,1772640000,1772641800,YMH2026,1800,1787747720
YM,1772641800,1772643600,YMH2026,1800,1787747730
YM,1772643600,1772645400,YMH2026,1800,1787747740
YM,1772645400,1772647200,YMH2026,1800,1787747750
YM,1772647200,1772649000,YMH2026,1800,1787747760
YM,1772649000,1772650800,YMH2026,1800,1787747770
YM,1772650800,1772652600,YMH2026,1800,1787747780
YM,1772652600,1772654400,YMH2026,1800,1787747790
YM,1772654400,1772656200,YMH2026,1800,1787747800
YM,1772656200,1772658000,YMH2026,1800,1787747810
YM,1772658000,1772659800,YMH2026,1800,1787747820
YM,1772659800,1772661600,YMH2026,1800,1787747830
YM,1772665200,1772667000,YMH2026,1800,1787747840
YM,1772667000,1772668800,YMH2026,1800,1787747850
YM,1772668800,1772670600,YMH2026,1800,1787747860
YM,1772670600,1772672400,YMH2026,1800,1787747870
YM,1772672400,1772674200,YMH2026,1800,1787747880
YM,1772674200,1772676000,YMH2026,1800,1787747890
YM,1772676000,1772677800,YMH2026,1800,1787747900
YM,1772677800,1772679600,YMH2026,1800,1787747910
YM,1772679600,1772681400,YMH2026,1800,1787747920
YM,1772681400,1772683200,YMH2026,1800,1787747930
YM,1772683200,1772685000,YMH2026,1800,1787747940
YM,1772685000,1772686800,YMH2026,1800,1787747950
YM,1772686800,1772688600,YMH2026,1800,1787747960
YM,1772688600,1772690400,YMH2026,1800,1787747970
YM,1772690400,1772692200,YMH2026,1800,1787747980
YM,1772692200,1772694000,YMH2026,1800,1787747990
YM,1772694000,1772695800,YMH2026,1800,1787748000
YM,1772695800,1772697600,YMH2026,1800,1787748010
YM,1772697600,1772699400,YMH2026,1800,1787748020
YM,1772699400,1772701200,YMH2026,1800,1787748030
YM,1772701200,1772703000,YMH2026,1800,1787748040
YM,1772703000,1772704800,YMH2026,1800,1787748050
YM,1772704800,1772706600,YMH2026,1800,1787748060
YM,1772706600,1772708400,YMH2026,1800,1787748070
YM,1772708400,1772710200,YMH2026,1800,1787748080
YM,1772710200,1772712000,YMH2026,1800,1787748090
YM,1772712000,1772713800,YMH2026,1800,1787748100
YM,1772713800,1772715600,YMH2026,1800,1787748110
YM,1772715600,1772717400,YMH2026,1800,1787748120
YM,1772717400,1772719200,YMH2026,1800,1787748130
YM,1772719200,1772721000,YMH2026,1800,1787748140
YM,1772721000,1772722800,YMH2026,1800,1787748150
YM,1772722800,1772724600,YMH2026,1800,1787748160
YM,1772724600,1772726400,YMH2026,1800,1787748170
YM,1772726400,1772728200,YMH2026,1800,1787748180
YM,1772728200,1772730000,YMH2026,1800,1787748190
YM,1772730000,1772731800,YMH2026,1800,1787748200
YM,1772731800,1772733600,YMH2026,1800,1787748210
YM,1772733600,1772735400,YMH2026,1800,1787748220
YM,1772735400,1772737200,YMH2026,1800,1787748230
YM,1772737200,1772739000,YMH2026,1800,1787748240
YM,1772739000,1772740800,YMH2026,1800,1787748250
YM,1772740800,1772742600,YMH2026,1800,1787748260
YM,1772742600,1772744400,YMH2026,1800,1787748270
YM,1772744400,1772746200,YMH2026,1800,1787748280
YM,1772746200,1772748000,YMH2026,1800,1787748290
YM,1772751600,1772753400,YMH2026,1800,1787748300
YM,1772753400,1772755200,YMH2026,1800,1787748310
YM,1772755200,1772757000,YMH2026,1800,1787748320
YM,1772757000,1772758800,YMH2026,1800,1787748330
YM,1772758800,1772760600,YMH2026,1800,1787748340
YM,1772760600,1772762400,YMH2026,1800,1787748350
YM,1772762400,1772764200,YMH2026,1800,1787748360
YM,1772764200,1772766000,YMH2026,1800,1787748370
YM,1772766000,1772767800,YMH2026,1800,1787748380
YM,1772767800,1772769600,YMH2026,1800,1787748390
YM,1772769600,1772771400,YMH2026,1800,1787748400
YM,1772771400,1772773200,YMH2026,1800,1787748410
YM,1772773200,1772775000,YMH2026,1800,1787748420
YM,1772775000,1772776800,YMH2026,1800,1787748430
YM,1772776800,1772778600,YMH2026,1800,1787748440
YM,1772778600,1772780400,YMH2026,1800,1787748450
YM,1772780400,1772782200,YMH2026,1800,1787748460
YM,1772782200,1772784000,YMH2026,1800,1787748470
YM,1772784000,1772785800,YMH2026,1800,1787748480
YM,1772785800,1772787600,YMH2026,1800,1787748490
YM,1772787600,1772789400,YMH2026,1800,1787748500
YM,1772789400,1772791200,YMH2026,1800,1787748510
YM,1772791200,1772793000,YMH2026,1800,1787748520
YM,1772793000,1772794800,YMH2026,1800,1787748530
YM,1772794800,1772796600,YMH2026,1800,1787748540
YM,1772796600,1772798400,YMH2026,1800,1787748550
YM,1772798400,1772800200,YMH2026,1800,1787748560
YM,1772800200,1772802000,YMH2026,1800,1787748570
YM,1772802000,1772803800,YMH2026,1800,1787748580
YM,1772803800,1772805600,YMH2026,1800,1787748590
YM,1772805600,1772807400,YMH2026,1800,1787748600
YM,1772807400,1772809200,YMH2026,1800,1787748610
YM,1772809200,1772811000,YMH2026,1800,1787748620
YM,1772811000,1772812800,YMH2026,1800,1787748630
YM,1772812800,1772814600,YMH2026,1800,1787748640
YM,1772814600,1772816400,YMH2026,1800,1787748650
YM,1772816400,1772818200,YMH2026,1800,1787748660
YM,1772818200,1772820000,YMH2026,1800,1787748670
YM,1772820000,1772821800,YMH2026,1800,1787748680
YM,1772821800,1772823600,YMH2026,1800,1787748690
YM,1772823600,1772825400,YMH2026,1800,1787748700
YM,1772825400,1772827200,YMH2026,1800,1787748710
YM,1772827200,1772829000,YMH2026,1800,1787748720
YM,1772829000,1772830800,YMH2026,1800,1787748730
YM,1772830800,1772832600,YMH2026,1800,1787748740
YM,1772832600,1772834400,YMH2026,1800,1787748750
YM,1773007200,1773009000,YMH2026,1800,1787748760
YM,1773009000,1773010800,YMH2026,1800,1787748770
YM,1773010800,1773012600,YMH2026,1800,1787748780
YM,1773012600,1773014400,YMH2026,1800,1787748790
YM,1773014400,1773016200,YMH2026,1800,1787748800
YM,1773016200,1773018000,YMH2026,1800,1787748810
YM,1773018000,1773019800,YMH2026,1800,1787748820
YM,1773019800,1773021600,YMH2026,1800,1787748830
YM,1773021600,1773023400,YMH2026,1800,1787748840
YM,1773023400,1773025200,YMH2026,1800,1787748850
YM,1773025200,1773027000,YMH2026,1800,1787748860
YM,1773027000,1773028800,YMH2026,1800,1787748870
YM,1773028800,1773030600,YMH2026,1800,1787748880
YM,1773030600,1773032400,YMH2026,1800,1787748890
YM,1773032400,1773034200,YMH2026,1800,1787748900
YM,1773034200,1773036000,YMH2026,1800,1787748910
YM,1773036000,1773037800,YMH2026,1800,1787748920
YM,1773037800,1773039600,YMH2026,1800,1787748930
YM,1773039600,1773041400,YMH2026,1800,1787748940
YM,1773041400,1773043200,YMH2026,1800,1787748950
YM,1773043200,1773045000,YMH2026,1800,1787748960
YM,1773045000,1773046800,YMH2026,1800,1787748970
YM,1773046800,1773048600,YMH2026,1800,1787748980
YM,1773048600,1773050400,YMH2026,1800,1787748990
YM,1773050400,1773052200,YMH2026,1800,1787749000
YM,1773052200,1773054000,YMH2026,1800,1787749010
YM,1773054000,1773055800,YMH2026,1800,1787749020
YM,1773055800,1773057600,YMH2026,1800,1787749030
YM,1773057600,1773059400,YMH2026,1800,1787749040
YM,1773059400,1773061200,YMH2026,1800,1787749050
YM,1773061200,1773063000,YMH2026,1800,1787749060
YM,1773063000,1773064800,YMH2026,1800,1787749070
YM,1773064800,1773066600,YMH2026,1800,1787749080
YM,1773066600,1773068400,YMH2026,1800,1787749090
YM,1773068400,1773070200,YMH2026,1800,1787749100
YM,1773070200,1773072000,YMH2026,1800,1787749110
YM,1773072000,1773073800,YMH2026,1800,1787749120
YM,1773073800,1773075600,YMH2026,1800,1787749130
YM,1773075600,1773077400,YMH2026,1800,1787749140
YM,1773077400,1773079200,YMH2026,1800,1787749150
YM,1773079200,1773081000,YMH2026,1800,1787749160
YM,1773081000,1773082800,YMH2026,1800,1787749170
YM,1773082800,1773084600,YMH2026,1800,1787749180
YM,1773084600,1773086400,YMH2026,1800,1787749190
YM,1773086400,1773088200,YMH2026,1800,1787749200
YM,1773088200,1773090000,YMH2026,1800,1787749210
YM,1773093600,1773095400,YMH2026,1800,1787749220
YM,1773095400,1773097200,YMH2026,1800,1787749230
YM,1773097200,1773099000,YMH2026,1800,1787749240
YM,1773099000,1773100800,YMH2026,1800,1787749250
YM,1773100800,1773102600,YMH2026,1800,1787749260
YM,1773102600,1773104400,YMH2026,1800,1787749270
YM,1773104400,1773106200,YMH2026,1800,1787749280
YM,1773106200,1773108000,YMH2026,1800,1787749290
YM,1773108000,1773109800,YMH2026,1800,1787749300
YM,1773109800,1773111600,YMH2026,1800,1787749310
YM,1773111600,1773113400,YMH2026,1800,1787749320
YM,1773113400,1773115200,YMH2026,1800,1787749330
YM,1773115200,1773117000,YMH2026,1800,1787749340
YM,1773117000,1773118800,YMH2026,1800,1787749350
YM,1773118800,1773120600,YMH2026,1800,1787749360
YM,1773120600,1773122400,YMH2026,1800,1787749370
YM,1773122400,1773124200,YMH2026,1800,1787749380
YM,1773124200,1773126000,YMH2026,1800,1787749390
YM,1773126000,1773127800,YMH2026,1800,1787749400
YM,1773127800,1773129600,YMH2026,1800,1787749410
YM,1773129600,1773131400,YMH2026,1800,1787749420
YM,1773131400,1773133200,YMH2026,1800,1787749430
YM,1773133200,1773135000,YMH2026,1800,1787749440
YM,1773135000,1773136800,YMH2026,1800,1787749450
YM,1773136800,1773138600,YMH2026,1800,1787749460
YM,1773138600,1773140400,YMH2026,1800,1787749470
YM,1773140400,1773142200,YMH2026,1800,1787749480
YM,1773142200,1773144000,YMH2026,1800,1787749490
YM,1773144000,1773145800,YMH2026,1800,1787749500
YM,1773145800,1773147600,YMH2026,1800,1787749510
YM,1773147600,1773149400,YMH2026,1800,1787749521
YM,1773149400,1773151200,YMH2026,1800,1787749530
YM,1773151200,1773153000,YMH2026,1800,1787749540
YM,1773153000,1773154800,YMH2026,1800,1787749550
YM,1773154800,1773156600,YMH2026,1800,1787749560
YM,1773156600,1773158400,YMH2026,1800,1787749570
YM,1773158400,1773160200,YMH2026,1800,1787749580
YM,1773160200,1773162000,YMH2026,1800,1787749590
YM,1773162000,1773163800,YMH2026,1800,1787749600
YM,1773163800,1773165600,YMH2026,1800,1787749610
YM,1773165600,1773167400,YMH2026,1800,1787749620
YM,1773167400,1773169200,YMH2026,1800,1787749630
YM,1773169200,1773171000,YMH2026,1800,1787749640
YM,1773171000,1773172800,YMH2026,1800,1787749650
YM,1773172800,1773174600,YMH2026,1800,1787749660
YM,1773174600,1773176400,YMH2026,1800,1787749670
YM,1773180000,1773181800,YMH2026,1800,1787749680
YM,1773181800,1773183600,YMH2026,1800,1787749690
YM,1773183600,1773185400,YMH2026,1800,1787749700
YM,1773185400,1773187200,YMH2026,1800,1787749710
YM,1773187200,1773189000,YMH2026,1800,1787749720
YM,1773189000,1773190800,YMH2026,1800,1787749730
YM,1773190800,1773192600,YMH2026,1800,1787749740
YM,1773192600,1773194400,YMH2026,1800,1787749750
YM,1773194400,1773196200,YMH2026,1800,1787749760
YM,1773196200,1773198000,YMH2026,1800,1787749770
YM,1773198000,1773199800,YMH2026,1800,1787749780
YM,1773199800,1773201600,YMH2026,1800,1787749790
YM,1773201600,1773203400,YMH2026,1800,1787749800
YM,1773203400,1773205200,YMH2026,1800,1787749810
YM,1773205200,1773207000,YMH2026,1800,1787749820
YM,1773207000,1773208800,YMH2026,1800,1787749830
YM,1773208800,1773210600,YMH2026,1800,1787749840
YM,1773210600,1773212400,YMH2026,1800,1787749850
YM,1773212400,1773214200,YMH2026,1800,1787749860
YM,1773214200,1773216000,YMH2026,1800,1787749870
YM,1773216000,1773217800,YMH2026,1800,1787749880
YM,1773217800,1773219600,YMH2026,1800,1787749890
YM,1773219600,1773221400,YMH2026,1800,1787749900
YM,1773221400,1773223200,YMH2026,1800,1787749910
YM,1773223200,1773225000,YMH2026,1800,1787749920
YM,1773225000,1773226800,YMH2026,1800,1787749930
YM,1773226800,1773228600,YMH2026,1800,1787749940
YM,1773228600,1773230400,YMH2026,1800,1787749950
YM,1773230400,1773232200,YMH2026,1800,1787749960
YM,1773232200,1773234000,YMH2026,1800,1787749970
YM,1773234000,1773235800,YMH2026,1800,1787749995
YM,1773235800,1773237600,YMH2026,1800,1787750005
YM,1773237600,1773239400,YMH2026,1800,1787750015
YM,1773239400,1773241200,YMH2026,1800,1787750025
YM,1773241200,1773243000,YMH2026,1800,1787750035
YM,1773243000,1773244800,YMH2026,1800,1787750045
YM,1773244800,1773246600,YMH2026,1800,1787750055
YM,1773246600,1773248400,YMH2026,1800,1787750065
YM,1773248400,1773250200,YMH2026,1800,1787750076
YM,1773250200,1773252000,YMH2026,1800,1787750085
YM,1773252000,1773253800,YMH2026,1800,1787750095
YM,1773253800,1773255600,YMH2026,1800,1787750105
YM,1773255600,1773257400,YMH2026,1800,1787750115
YM,1773257400,1773259200,YMH2026,1800,1787750125
YM,1773259200,1773261000,YMH2026,1800,1787750135
YM,1773261000,1773262800,YMH2026,1800,1787750145
YM,1773266400,1773268200,YMM2026,1754,1787750155
YM,1773268200,1773270000,YMM2026,1800,1787750165
YM,1773270000,1773271800,YMM2026,1800,1787750175
YM,1773271800,1773273600,YMM2026,1800,1787750185
YM,1773273600,1773275400,YMM2026,1800,1787750195
YM,1773275400,1773277200,YMM2026,1800,1787750205
YM,1773277200,1773279000,YMM2026,1800,1787750215
YM,1773279000,1773280800,YMM2026,1800,1787750225
YM,1773280800,1773282600,YMM2026,1800,1787750235
YM,1773282600,1773284400,YMM2026,1800,1787750246
YM,1773284400,1773286200,YMM2026,1800,1787750255
YM,1773286200,1773288000,YMM2026,1800,1787750265
YM,1773288000,1773289800,YMM2026,1800,1787750275
YM,1773289800,1773291600,YMM2026,1800,1787750285
YM,1773291600,1773293400,YMM2026,1800,1787750295
YM,1773293400,1773295200,YMM2026,1800,1787750305
YM,1773295200,1773297000,YMM2026,1800,1787750315
YM,1773297000,1773298800,YMM2026,1800,1787750325
YM,1773298800,1773300600,YMM2026,1800,1787750335
YM,1773300600,1773302400,YMM2026,1800,1787750345
YM,1773302400,1773304200,YMM2026,1800,1787750355
YM,1773304200,1773306000,YMM2026,1800,1787750365
YM,1773306000,1773307800,YMM2026,1800,1787750375
YM,1773307800,1773309600,YMM2026,1800,1787750385
YM,1773309600,1773311400,YMM2026,1800,1787750395
YM,1773311400,1773313200,YMM2026,1800,1787750405
YM,1773313200,1773315000,YMM2026,1800,1787750416
YM,1773315000,1773316800,YMM2026,1800,1787750425
YM,1773316800,1773318600,YMM2026,1800,1787750435
YM,1773318600,1773320400,YMM2026,1800,1787750445
YM,1773320400,1773322200,YMM2026,1800,1787750455
YM,1773322200,1773324000,YMM2026,1800,1787750465
YM,1773324000,1773325800,YMM2026,1800,1787750475
YM,1773325800,1773327600,YMM2026,1800,1787750485
YM,1773327600,1773329400,YMM2026,1800,1787750495
YM,1773329400,1773331200,YMM2026,1800,1787750506
YM,1773331200,1773333000,YMM2026,1800,1787750515
YM,1773333000,1773334800,YMM2026,1800,1787750525
YM,1773334800,1773336600,YMM2026,1800,1787750535
YM,1773336600,1773338400,YMM2026,1800,1787750545
YM,1773338400,1773340200,YMM2026,1800,1787750555
YM,1773340200,1773342000,YMM2026,1800,1787750566
YM,1773342000,1773343800,YMM2026,1800,1787750575
YM,1773343800,1773345600,YMM2026,1800,1787750585
YM,1773345600,1773347400,YMM2026,1800,1787750595
YM,1773347400,1773349200,YMM2026,1800,1787750605
YM,1773352800,1773354600,YMM2026,1740,1787750615
YM,1773354600,1773356400,YMM2026,1800,1787750624
YM,1773356400,1773358200,YMM2026,1800,1787750634
YM,1773358200,1773360000,YMM2026,1800,1787750644
YM,1773360000,1773361800,YMM2026,1800,1787750654
YM,1773361800,1773363600,YMM2026,1800,1787750664
YM,1773363600,1773365400,YMM2026,1800,1787750674
YM,1773365400,1773367200,YMM2026,1800,1787750684
YM,1773367200,1773369000,YMM2026,1800,1787750694
YM,1773369000,1773370800,YMM2026,1800,1787750704
YM,1773370800,1773372600,YMM2026,1800,1787750714
YM,1773372600,1773374400,YMM2026,1800,1787750724
YM,1773374400,1773376200,YMM2026,1800,1787750734
YM,1773376200,1773378000,YMM2026,1800,1787750744
YM,1773378000,1773379800,YMM2026,1800,1787750754
YM,1773379800,1773381600,YMM2026,1800,1787750764
YM,1773381600,1773383400,YMM2026,1800,1787750774
YM,1773383400,1773385200,YMM2026,1800,1787750784
YM,1773385200,1773387000,YMM2026,1800,1787750794
YM,1773387000,1773388800,YMM2026,1800,1787750804
YM,1773388800,1773390600,YMM2026,1800,1787750814
YM,1773390600,1773392400,YMM2026,1800,1787750824
YM,1773392400,1773394200,YMM2026,1800,1787750834
YM,1773394200,1773396000,YMM2026,1800,1787750844
YM,1773396000,1773397800,YMM2026,1800,1787750854
YM,1773397800,1773399600,YMM2026,1800,1787750864
YM,1773399600,1773401400,YMM2026,1800,1787750874
YM,1773401400,1773403200,YMM2026,1800,1787750884
YM,1773403200,1773405000,YMM2026,1800,1787750894
YM,1773405000,1773406800,YMM2026,1800,1787750904
YM,1773406800,1773408600,YMM2026,1800,1787750914
YM,1773408600,1773410400,YMM2026,1800,1787750924
YM,1773410400,1773412200,YMM2026,1800,1787750934
YM,1773412200,1773414000,YMM2026,1800,1787750944
YM,1773414000,1773415800,YMM2026,1800,1787750954
YM,1773415800,1773417600,YMM2026,1800,1787750964
YM,1773417600,1773419400,YMM2026,1800,1787750974
YM,1773419400,1773421200,YMM2026,1800,1787750984
YM,1773421200,1773423000,YMM2026,1800,1787750994
YM,1773423000,1773424800,YMM2026,1800,1787751004
YM,1773424800,1773426600,YMM2026,1800,1787751014
YM,1773426600,1773428400,YMM2026,1800,1787751024
YM,1773428400,1773430200,YMM2026,1800,1787751034
YM,1773430200,1773432000,YMM2026,1800,1787751044
YM,1773432000,1773433800,YMM2026,1800,1787751054
YM,1773433800,1773435600,YMM2026,1800,1787751064
YM,1773612000,1773613800,YMM2026,1800,1787751074
YM,1773613800,1773615600,YMM2026,1800,1787751084
YM,1773615600,1773617400,YMM2026,1800,1787751094
YM,1773617400,1773619200,YMM2026,1800,1787751104
YM,1773619200,1773621000,YMM2026,1800,1787751114
YM,1773621000,1773622800,YMM2026,1800,1787751124
YM,1773622800,1773624600,YMM2026,1800,1787751134
YM,1773624600,1773626400,YMM2026,1800,1787751144
YM,1773626400,1773628200,YMM2026,1800,1787751154
YM,1773628200,1773630000,YMM2026,1800,1787751164
YM,1773630000,1773631800,YMM2026,1800,1787751174
YM,1773631800,1773633600,YMM2026,1800,1787751184
YM,1773633600,1773635400,YMM2026,1800,1787751194
YM,1773635400,1773637200,YMM2026,1800,1787751204
YM,1773637200,1773639000,YMM2026,1800,1787751214
YM,1773639000,1773640800,YMM2026,1800,1787751224
YM,1773640800,1773642600,YMM2026,1800,1787751234
YM,1773642600,1773644400,YMM2026,1800,1787751244
YM,1773644400,1773646200,YMM2026,1800,1787751254
YM,1773646200,1773648000,YMM2026,1800,1787751264
YM,1773648000,1773649800,YMM2026,1800,1787751274
YM,1773649800,1773651600,YMM2026,1800,1787751284
YM,1773651600,1773653400,YMM2026,1800,1787751294
YM,1773653400,1773655200,YMM2026,1800,1787751304
YM,1773655200,1773657000,YMM2026,1800,1787751314
YM,1773657000,1773658800,YMM2026,1800,1787751324
YM,1773658800,1773660600,YMM2026,1800,1787751334
YM,1773660600,1773662400,YMM2026,1800,1787751344
YM,1773662400,1773664200,YMM2026,1800,1787751354
YM,1773664200,1773666000,YMM2026,1800,1787751364
YM,1773666000,1773667800,YMM2026,1800,1787751375
YM,1773667800,1773669600,YMM2026,1800,1787751384
YM,1773669600,1773671400,YMM2026,1800,1787751394
YM,1773671400,1773673200,YMM2026,1800,1787751404
YM,1773673200,1773675000,YMM2026,1800,1787751414
YM,1773675000,1773676800,YMM2026,1800,1787751424
YM,1773676800,1773678600,YMM2026,1800,1787751434
YM,1773678600,1773680400,YMM2026,1800,1787751444
YM,1773680400,1773682200,YMM2026,1800,1787751454
YM,1773682200,1773684000,YMM2026,1800,1787751464
YM,1773684000,1773685800,YMM2026,1800,1787751474
YM,1773685800,1773687600,YMM2026,1800,1787751484
YM,1773687600,1773689400,YMM2026,1800,1787751494
YM,1773689400,1773691200,YMM2026,1800,1787751504
YM,1773691200,1773693000,YMM2026,1800,1787751514
YM,1773693000,1773694800,YMM2026,1800,1787751524
YM,1773698400,1773700200,YMM2026,1800,1787751534
YM,1773700200,1773702000,YMM2026,1800,1787751544
YM,1773702000,1773703800,YMM2026,1800,1787751554
YM,1773703800,1773705600,YMM2026,1800,1787751564
YM,1773705600,1773707400,YMM2026,1800,1787751574
YM,1773707400,1773709200,YMM2026,1800,1787751584
YM,1773709200,1773711000,YMM2026,1800,1787751594
YM,1773711000,1773712800,YMM2026,1800,1787751604
YM,1773712800,1773714600,YMM2026,1800,1787751614
YM,1773714600,1773716400,YMM2026,1800,1787751624
YM,1773716400,1773718200,YMM2026,1800,1787751634
YM,1773718200,1773720000,YMM2026,1800,1787751644
YM,1773720000,1773721800,YMM2026,1800,1787751654
YM,1773721800,1773723600,YMM2026,1800,1787751664
YM,1773723600,1773725400,YMM2026,1800,1787751674
YM,1773725400,1773727200,YMM2026,1800,1787751684
YM,1773727200,1773729000,YMM2026,1800,1787751694
YM,1773729000,1773730800,YMM2026,1800,1787751704
YM,1773730800,1773732600,YMM2026,1800,1787751714
YM,1773732600,1773734400,YMM2026,1800,1787751724
YM,1773734400,1773736200,YMM2026,1800,1787751734
YM,1773736200,1773738000,YMM2026,1800,1787751744
YM,1773738000,1773739800,YMM2026,1800,1787751754
YM,1773739800,1773741600,YMM2026,1800,1787751764
YM,1773741600,1773743400,YMM2026,1800,1787751774
YM,1773743400,1773745200,YMM2026,1800,1787751784
YM,1773745200,1773747000,YMM2026,1800,1787751794
YM,1773747000,1773748800,YMM2026,1800,1787751804
YM,1773748800,1773750600,YMM2026,1800,1787751814
YM,1773750600,1773752400,YMM2026,1800,1787751824
YM,1773752400,1773754200,YMM2026,1800,1787751834
YM,1773754200,1773756000,YMM2026,1800,1787751844
YM,1773756000,1773757800,YMM2026,1800,1787751854
YM,1773757800,1773759600,YMM2026,1800,1787751864
YM,1773759600,1773761400,YMM2026,1800,1787751874
YM,1773761400,1773763200,YMM2026,1800,1787751884
YM,1773763200,1773765000,YMM2026,1800,1787751894
YM,1773765000,1773766800,YMM2026,1800,1787751904
YM,1773766800,1773768600,YMM2026,1800,1787751914
YM,1773768600,1773770400,YMM2026,1800,1787751924
YM,1773770400,1773772200,YMM2026,1800,1787751934
YM,1773772200,1773774000,YMM2026,1800,1787751944
YM,1773774000,1773775800,YMM2026,1800,1787751954
YM,1773775800,1773777600,YMM2026,1800,1787751964
YM,1773777600,1773779400,YMM2026,1800,1787751974
YM,1773779400,1773781200,YMM2026,1800,1787751984
YM,1773784800,1773786600,YMM2026,1800,1787751994
YM,1773786600,1773788400,YMM2026,1800,1787752004
YM,1773788400,1773790200,YMM2026,1800,1787752014
YM,1773790200,1773792000,YMM2026,1800,1787752024
YM,1773792000,1773793800,YMM2026,1800,1787752034
YM,1773793800,1773795600,YMM2026,1800,1787752044
YM,1773795600,1773797400,YMM2026,1800,1787752054
YM,1773797400,1773799200,YMM2026,1800,1787752064
YM,1773799200,1773801000,YMM2026,1800,1787752074
YM,1773801000,1773802800,YMM2026,1800,1787752084
YM,1773802800,1773804600,YMM2026,1800,1787752094
YM,1773804600,1773806400,YMM2026,1800,1787752104
YM,1773806400,1773808200,YMM2026,1800,1787752114
YM,1773808200,1773810000,YMM2026,1800,1787752124
YM,1773810000,1773811800,YMM2026,1800,1787752134
YM,1773811800,1773813600,YMM2026,1800,1787752144
YM,1773813600,1773815400,YMM2026,1800,1787752154
YM,1773815400,1773817200,YMM2026,1800,1787752164
YM,1773817200,1773819000,YMM2026,1800,1787752174
YM,1773819000,1773820800,YMM2026,1800,1787752184
YM,1773820800,1773822600,YMM2026,1800,1787752194
YM,1773822600,1773824400,YMM2026,1800,1787752204
YM,1773824400,1773826200,YMM2026,1800,1787752214
YM,1773826200,1773828000,YMM2026,1800,1787752224
YM,1773828000,1773829800,YMM2026,1800,1787752234
YM,1773829800,1773831600,YMM2026,1800,1787752244
YM,1773831600,1773833400,YMM2026,1800,1787752254
YM,1773833400,1773835200,YMM2026,1800,1787752264
YM,1773835200,1773837000,YMM2026,1800,1787752274
YM,1773837000,1773838800,YMM2026,1800,1787752284
YM,1773838800,1773840600,YMM2026,1800,1787752294
YM,1773840600,1773842400,YMM2026,1800,1787752304
YM,1773842400,1773844200,YMM2026,1800,1787752314
YM,1773844200,1773846000,YMM2026,1800,1787752324
YM,1773846000,1773847800,YMM2026,1800,1787752334
YM,1773847800,1773849600,YMM2026,1800,1787752344
YM,1773849600,1773851400,YMM2026,1800,1787752354
YM,1773851400,1773853200,YMM2026,1800,1787752364
YM,1773853200,1773855000,YMM2026,1800,1787752374
YM,1773855000,1773856800,YMM2026,1800,1787752384
YM,1773856800,1773858600,YMM2026,1800,1787752409
YM,1773858600,1773860400,YMM2026,1800,1787752419
YM,1773860400,1773862200,YMM2026,1800,1787752429
YM,1773862200,1773864000,YMM2026,1800,1787752439
YM,1773864000,1773865800,YMM2026,1800,1787752449
YM,1773865800,1773867600,YMM2026,1800,1787752459
YM,1773871200,1773873000,YMM2026,1800,1787752469
YM,1773873000,1773874800,YMM2026,1800,1787752479
YM,1773874800,1773876600,YMM2026,1800,1787752489
YM,1773876600,1773878400,YMM2026,1800,1787752499
YM,1773878400,1773880200,YMM2026,1800,1787752509
YM,1773880200,1773882000,YMM2026,1800,1787752519
YM,1773882000,1773883800,YMM2026,1800,1787752529
YM,1773883800,1773885600,YMM2026,1800,1787752539
YM,1773885600,1773887400,YMM2026,1800,1787752549
YM,1773887400,1773889200,YMM2026,1800,1787752559
YM,1773889200,1773891000,YMM2026,1800,1787752569
YM,1773891000,1773892800,YMM2026,1800,1787752579
YM,1773892800,1773894600,YMM2026,1800,1787752589
YM,1773894600,1773896400,YMM2026,1800,1787752599
YM,1773896400,1773898200,YMM2026,1800,1787752609
YM,1773898200,1773900000,YMM2026,1800,1787752619
YM,1773900000,1773901800,YMM2026,1800,1787752629
YM,1773901800,1773903600,YMM2026,1800,1787752639
YM,1773903600,1773905400,YMM2026,1800,1787752649
YM,1773905400,1773907200,YMM2026,1800,1787752659
YM,1773907200,1773909000,YMM2026,1800,1787752669
YM,1773909000,1773910800,YMM2026,1800,1787752679
YM,1773910800,1773912600,YMM2026,1800,1787752689
YM,1773912600,1773914400,YMM2026,1800,1787752699
YM,1773914400,1773916200,YMM2026,1800,1787752709
YM,1773916200,1773918000,YMM2026,1800,1787752719
YM,1773918000,1773919800,YMM2026,1800,1787752729
YM,1773919800,1773921600,YMM2026,1800,1787752739
YM,1773921600,1773923400,YMM2026,1800,1787752749
YM,1773923400,1773925200,YMM2026,1800,1787752759
YM,1773925200,1773927000,YMM2026,1800,1787752769
YM,1773927000,1773928800,YMM2026,1800,1787752779
YM,1773928800,1773930600,YMM2026,1800,1787752789
YM,1773930600,1773932400,YMM2026,1800,1787752799
YM,1773932400,1773934200,YMM2026,1800,1787752809
YM,1773934200,1773936000,YMM2026,1800,1787752819
YM,1773936000,1773937800,YMM2026,1800,1787752829
YM,1773937800,1773939600,YMM2026,1800,1787752839
YM,1773939600,1773941400,YMM2026,1800,1787752850
YM,1773941400,1773943200,YMM2026,1800,1787752859
YM,1773943200,1773945000,YMM2026,1800,1787752870
YM,1773945000,1773946800,YMM2026,1800,1787752879
YM,1773946800,1773948600,YMM2026,1800,1787752889
YM,1773948600,1773950400,YMM2026,1800,1787752899
YM,1773950400,1773952200,YMM2026,1800,1787752909
YM,1773952200,1773954000,YMM2026,1800,1787752919
YM,1773957600,1773959400,YMM2026,1800,1787752929
YM,1773959400,1773961200,YMM2026,1800,1787752939
YM,1773961200,1773963000,YMM2026,1800,1787752949
YM,1773963000,1773964800,YMM2026,1800,1787752959
YM,1773964800,1773966600,YMM2026,1800,1787752969
YM,1773966600,1773968400,YMM2026,1800,1787752979
YM,1773968400,1773970200,YMM2026,1800,1787752989
YM,1773970200,1773972000,YMM2026,1800,1787752999
YM,1773972000,1773973800,YMM2026,1800,1787753009
YM,1773973800,1773975600,YMM2026,1800,1787753019
YM,1773975600,1773977400,YMM2026,1800,1787753029
YM,1773977400,1773979200,YMM2026,1800,1787753039
YM,1773979200,1773981000,YMM2026,1800,1787753049
YM,1773981000,1773982800,YMM2026,1800,1787753059
YM,1773982800,1773984600,YMM2026,1800,1787753072
YM,1773984600,1773986400,YMM2026,1800,1787753079
YM,1773986400,1773988200,YMM2026,1800,1787753089
YM,1773988200,1773990000,YMM2026,1800,1787753099
YM,1773990000,1773991800,YMM2026,1800,1787753109
YM,1773991800,1773993600,YMM2026,1800,1787753119
YM,1773993600,1773995400,YMM2026,1800,1787753129
YM,1773995400,1773997200,YMM2026,1800,1787753139
YM,1773997200,1773999000,YMM2026,1800,1787753149
YM,1773999000,1774000800,YMM2026,1800,1787753159
YM,1774000800,1774002600,YMM2026,1800,1787753169
YM,1774002600,1774004400,YMM2026,1800,1787753179
YM,1774004400,1774006200,YMM2026,1800,1787753189
YM,1774006200,1774008000,YMM2026,1800,1787753199
YM,1774008000,1774009800,YMM2026,1800,1787753209
YM,1774009800,1774011600,YMM2026,1800,1787753219
YM,1774011600,1774013400,YMM2026,1800,1787753229
YM,1774013400,1774015200,YMM2026,1800,1787753239
YM,1774015200,1774017000,YMM2026,1800,1787753249
YM,1774017000,1774018800,YMM2026,1800,1787753259
YM,1774018800,1774020600,YMM2026,1800,1787753269
YM,1774020600,1774022400,YMM2026,1800,1787753279
YM,1774022400,1774024200,YMM2026,1800,1787753289
YM,1774024200,1774026000,YMM2026,1800,1787753299
YM,1774026000,1774027800,YMM2026,1800,1787753309
YM,1774027800,1774029600,YMM2026,1800,1787753319
YM,1774029600,1774031400,YMM2026,1800,1787753329
YM,1774031400,1774033200,YMM2026,1800,1787753339
YM,1774033200,1774035000,YMM2026,1800,1787753349
YM,1774035000,1774036800,YMM2026,1800,1787753359
YM,1774036800,1774038600,YMM2026,1800,1787753369
YM,1774038600,1774040400,YMM2026,1800,1787753379
YM,1774216800,1774218600,YMM2026,1800,1787753389
YM,1774218600,1774220400,YMM2026,1800,1787753399
YM,1774220400,1774222200,YMM2026,1800,1787753409
YM,1774222200,1774224000,YMM2026,1800,1787753419
YM,1774224000,1774225800,YMM2026,1800,1787753429
YM,1774225800,1774227600,YMM2026,1800,1787753439
YM,1774227600,1774229400,YMM2026,1800,1787753449
YM,1774229400,1774231200,YMM2026,1800,1787753459
YM,1774231200,1774233000,YMM2026,1800,1787753469
YM,1774233000,1774234800,YMM2026,1800,1787753479
YM,1774234800,1774236600,YMM2026,1800,1787753489
YM,1774236600,1774238400,YMM2026,1800,1787753499
YM,1774238400,1774240200,YMM2026,1800,1787753509
YM,1774240200,1774242000,YMM2026,1800,1787753519
YM,1774242000,1774243800,YMM2026,1800,1787753529
YM,1774243800,1774245600,YMM2026,1800,1787753539
YM,1774245600,1774247400,YMM2026,1800,1787753549
YM,1774247400,1774249200,YMM2026,1800,1787753559
YM,1774249200,1774251000,YMM2026,1800,1787753569
YM,1774251000,1774252800,YMM2026,1800,1787753579
YM,1774252800,1774254600,YMM2026,1800,1787753589
YM,1774254600,1774256400,YMM2026,1800,1787753599
YM,1774256400,1774258200,YMM2026,1800,1787753609
YM,1774258200,1774260000,YMM2026,1800,1787753619
YM,1774260000,1774261800,YMM2026,1800,1787753629
YM,1774261800,1774263600,YMM2026,1800,1787753639
YM,1774263600,1774265400,YMM2026,1800,1787753649
YM,1774265400,1774267200,YMM2026,1800,1787753659
YM,1774267200,1774269000,YMM2026,1800,1787753669
YM,1774269000,1774270800,YMM2026,1800,1787753682
YM,1774270800,1774272600,YMM2026,1800,1787753689
YM,1774272600,1774274400,YMM2026,1800,1787753699
YM,1774274400,1774276200,YMM2026,1800,1787753709
YM,1774276200,1774278000,YMM2026,1800,1787753719
YM,1774278000,1774279800,YMM2026,1800,1787753729
YM,1774279800,1774281600,YMM2026,1800,1787753739
YM,1774281600,1774283400,YMM2026,1800,1787753749
YM,1774283400,1774285200,YMM2026,1800,1787753759
YM,1774285200,1774287000,YMM2026,1800,1787753769
YM,1774287000,1774288800,YMM2026,1800,1787753779
YM,1774288800,1774290600,YMM2026,1800,1787753789
YM,1774290600,1774292400,YMM2026,1800,1787753799
YM,1774292400,1774294200,YMM2026,1800,1787753809
YM,1774294200,1774296000,YMM2026,1800,1787753819
YM,1774296000,1774297800,YMM2026,1800,1787753829
YM,1774297800,1774299600,YMM2026,1800,1787753839
YM,1774303200,1774305000,YMM2026,1799,1787753849
YM,1774305000,1774306800,YMM2026,1800,1787753859
YM,1774306800,1774308600,YMM2026,1800,1787753869
YM,1774308600,1774310400,YMM2026,1800,1787753879
YM,1774310400,1774312200,YMM2026,1800,1787753889
YM,1774312200,1774314000,YMM2026,1800,1787753899
YM,1774314000,1774315800,YMM2026,1800,1787753909
YM,1774315800,1774317600,YMM2026,1800,1787753919
YM,1774317600,1774319400,YMM2026,1800,1787753929
YM,1774319400,1774321200,YMM2026,1800,1787753939
YM,1774321200,1774323000,YMM2026,1800,1787753949
YM,1774323000,1774324800,YMM2026,1800,1787753959
YM,1774324800,1774326600,YMM2026,1800,1787753969
YM,1774326600,1774328400,YMM2026,1800,1787753979
YM,1774328400,1774330200,YMM2026,1800,1787753989
YM,1774330200,1774332000,YMM2026,1800,1787753999
YM,1774332000,1774333800,YMM2026,1800,1787754009
YM,1774333800,1774335600,YMM2026,1800,1787754019
YM,1774335600,1774337400,YMM2026,1800,1787754029
YM,1774337400,1774339200,YMM2026,1800,1787754039
YM,1774339200,1774341000,YMM2026,1800,1787754049
YM,1774341000,1774342800,YMM2026,1800,1787754059
YM,1774342800,1774344600,YMM2026,1800,1787754069
YM,1774344600,1774346400,YMM2026,1800,1787754079
YM,1774346400,1774348200,YMM2026,1800,1787754089
YM,1774348200,1774350000,YMM2026,1800,1787754099
YM,1774350000,1774351800,YMM2026,1800,1787754109
YM,1774351800,1774353600,YMM2026,1800,1787754119
YM,1774353600,1774355400,YMM2026,1800,1787754129
YM,1774355400,1774357200,YMM2026,1800,1787754139
YM,1774357200,1774359000,YMM2026,1800,1787754149
YM,1774359000,1774360800,YMM2026,1800,1787754159
YM,1774360800,1774362600,YMM2026,1800,1787754169
YM,1774362600,1774364400,YMM2026,1800,1787754179
YM,1774364400,1774366200,YMM2026,1800,1787754189
YM,1774366200,1774368000,YMM2026,1800,1787754199
YM,1774368000,1774369800,YMM2026,1800,1787754224
YM,1774369800,1774371600,YMM2026,1800,1787754234
YM,1774371600,1774373400,YMM2026,1800,1787754245
YM,1774373400,1774375200,YMM2026,1800,1787754254
YM,1774375200,1774377000,YMM2026,1800,1787754265
YM,1774377000,1774378800,YMM2026,1800,1787754275
YM,1774378800,1774380600,YMM2026,1800,1787754284
YM,1774380600,1774382400,YMM2026,1800,1787754295
YM,1774382400,1774384200,YMM2026,1800,1787754305
YM,1774384200,1774386000,YMM2026,1800,1787754315
YM,1774389600,1774391400,YMM2026,1800,1787754324
YM,1774391400,1774393200,YMM2026,1800,1787754334
YM,1774393200,1774395000,YMM2026,1800,1787754344
YM,1774395000,1774396800,YMM2026,1800,1787754354
YM,1774396800,1774398600,YMM2026,1800,1787754364
YM,1774398600,1774400400,YMM2026,1800,1787754374
YM,1774400400,1774402200,YMM2026,1800,1787754384
YM,1774402200,1774404000,YMM2026,1800,1787754394
YM,1774404000,1774405800,YMM2026,1800,1787754404
YM,1774405800,1774407600,YMM2026,1800,1787754414
YM,1774407600,1774409400,YMM2026,1800,1787754424
YM,1774409400,1774411200,YMM2026,1800,1787754434
YM,1774411200,1774413000,YMM2026,1800,1787754445
YM,1774413000,1774414800,YMM2026,1800,1787754454
YM,1774414800,1774416600,YMM2026,1800,1787754464
YM,1774416600,1774418400,YMM2026,1800,1787754474
YM,1774418400,1774420200,YMM2026,1800,1787754484
YM,1774420200,1774422000,YMM2026,1800,1787754495
YM,1774422000,1774423800,YMM2026,1800,1787754504
YM,1774423800,1774425600,YMM2026,1800,1787754514
YM,1774425600,1774427400,YMM2026,1800,1787754524
YM,1774427400,1774429200,YMM2026,1800,1787754534
YM,1774429200,1774431000,YMM2026,1800,1787754544
YM,1774431000,1774432800,YMM2026,1800,1787754555
YM,1774432800,1774434600,YMM2026,1800,1787754564
YM,1774434600,1774436400,YMM2026,1800,1787754574
YM,1774436400,1774438200,YMM2026,1800,1787754584
YM,1774438200,1774440000,YMM2026,1800,1787754594
YM,1774440000,1774441800,YMM2026,1800,1787754605
YM,1774441800,1774443600,YMM2026,1800,1787754614
YM,1774443600,1774445400,YMM2026,1800,1787754624
YM,1774445400,1774447200,YMM2026,1800,1787754634
YM,1774447200,1774449000,YMM2026,1800,1787754644
YM,1774449000,1774450800,YMM2026,1800,1787754654
YM,1774450800,1774452600,YMM2026,1800,1787754665
YM,1774452600,1774454400,YMM2026,1800,1787754675
YM,1774454400,1774456200,YMM2026,1800,1787754684
YM,1774456200,1774458000,YMM2026,1800,1787754694
YM,1774458000,1774459800,YMM2026,1800,1787754705
YM,1774459800,1774461600,YMM2026,1800,1787754715
YM,1774461600,1774463400,YMM2026,1800,1787754724
YM,1774463400,1774465200,YMM2026,1800,1787754734
YM,1774465200,1774467000,YMM2026,1800,1787754744
YM,1774467000,1774468800,YMM2026,1800,1787754755
YM,1774468800,1774470600,YMM2026,1800,1787754764
YM,1774470600,1774472400,YMM2026,1800,1787754774
YM,1774476000,1774477800,YMM2026,1800,1787754784
YM,1774477800,1774479600,YMM2026,1800,1787754794
YM,1774479600,1774481400,YMM2026,1800,1787754804
YM,1774481400,1774483200,YMM2026,1800,1787754814
YM,1774483200,1774485000,YMM2026,1800,1787754824
YM,1774485000,1774486800,YMM2026,1800,1787754834
YM,1774486800,1774488600,YMM2026,1800,1787754844
YM,1774488600,1774490400,YMM2026,1800,1787754854
YM,1774490400,1774492200,YMM2026,1800,1787754864
YM,1774492200,1774494000,YMM2026,1800,1787754874
YM,1774494000,1774495800,YMM2026,1800,1787754884
YM,1774495800,1774497600,YMM2026,1800,1787754894
YM,1774497600,1774499400,YMM2026,1800,1787754905
YM,1774499400,1774501200,YMM2026,1800,1787754914
YM,1774501200,1774503000,YMM2026,1800,1787754924
YM,1774503000,1774504800,YMM2026,1800,1787754934
YM,1774504800,1774506600,YMM2026,1800,1787754944
YM,1774506600,1774508400,YMM2026,1800,1787754954
YM,1774508400,1774510200,YMM2026,1800,1787754964
YM,1774510200,1774512000,YMM2026,1800,1787754974
YM,1774512000,1774513800,YMM2026,1800,1787754985
YM,1774513800,1774515600,YMM2026,1800,1787754994
YM,1774515600,1774517400,YMM2026,1800,1787755004
YM,1774517400,1774519200,YMM2026,1800,1787755015
YM,1774519200,1774521000,YMM2026,1800,1787755024
YM,1774521000,1774522800,YMM2026,1800,1787755034
YM,1774522800,1774524600,YMM2026,1800,1787755044
YM,1774524600,1774526400,YMM2026,1800,1787755054
YM,1774526400,1774528200,YMM2026,1800,1787755064
YM,1774528200,1774530000,YMM2026,1800,1787755075
YM,1774530000,1774531800,YMM2026,1800,1787755084
YM,1774531800,1774533600,YMM2026,1800,1787755095
YM,1774533600,1774535400,YMM2026,1800,1787755104
YM,1774535400,1774537200,YMM2026,1800,1787755114
YM,1774537200,1774539000,YMM2026,1800,1787755124
YM,1774539000,1774540800,YMM2026,1800,1787755134
YM,1774540800,1774542600,YMM2026,1800,1787755144
YM,1774542600,1774544400,YMM2026,1800,1787755154
YM,1774544400,1774546200,YMM2026,1800,1787755164
YM,1774546200,1774548000,YMM2026,1800,1787755174
YM,1774548000,1774549800,YMM2026,1800,1787755184
YM,1774549800,1774551600,YMM2026,1800,1787755195
YM,1774551600,1774553400,YMM2026,1800,1787755204
YM,1774553400,1774555200,YMM2026,1800,1787755214
YM,1774555200,1774557000,YMM2026,1800,1787755224
YM,1774557000,1774558800,YMM2026,1800,1787755234
YM,1774562400,1774564200,YMM2026,1800,1787755244
YM,1774564200,1774566000,YMM2026,1800,1787755254
YM,1774566000,1774567800,YMM2026,1800,1787755264
YM,1774567800,1774569600,YMM2026,1800,1787755274
YM,1774569600,1774571400,YMM2026,1800,1787755284
YM,1774571400,1774573200,YMM2026,1800,1787755298
YM,1774573200,1774575000,YMM2026,1800,1787755304
YM,1774575000,1774576800,YMM2026,1800,1787755317
YM,1774576800,1774578600,YMM2026,1800,1787755324
YM,1774578600,1774580400,YMM2026,1800,1787755334
YM,1774580400,1774582200,YMM2026,1800,1787755344
YM,1774582200,1774584000,YMM2026,1800,1787755354
YM,1774584000,1774585800,YMM2026,1800,1787755364
YM,1774585800,1774587600,YMM2026,1800,1787755374
YM,1774587600,1774589400,YMM2026,1800,1787755384
YM,1774589400,1774591200,YMM2026,1800,1787755395
YM,1774591200,1774593000,YMM2026,1800,1787755404
YM,1774593000,1774594800,YMM2026,1800,1787755415
YM,1774594800,1774596600,YMM2026,1800,1787755424
YM,1774596600,1774598400,YMM2026,1800,1787755434
YM,1774598400,1774600200,YMM2026,1800,1787755445
YM,1774600200,1774602000,YMM2026,1800,1787755454
YM,1774602000,1774603800,YMM2026,1800,1787755464
YM,1774603800,1774605600,YMM2026,1800,1787755475
YM,1774605600,1774607400,YMM2026,1800,1787755484
YM,1774607400,1774609200,YMM2026,1800,1787755494
YM,1774609200,1774611000,YMM2026,1800,1787755505
YM,1774611000,1774612800,YMM2026,1800,1787755515
YM,1774612800,1774614600,YMM2026,1800,1787755525
YM,1774614600,1774616400,YMM2026,1800,1787755534
YM,1774616400,1774618200,YMM2026,1800,1787755545
YM,1774618200,1774620000,YMM2026,1800,1787755555
YM,1774620000,1774621800,YMM2026,1800,1787755565
YM,1774621800,1774623600,YMM2026,1800,1787755575
YM,1774623600,1774625400,YMM2026,1800,1787755585
YM,1774625400,1774627200,YMM2026,1800,1787755594
YM,1774627200,1774629000,YMM2026,1800,1787755605
YM,1774629000,1774630800,YMM2026,1800,1787755615
YM,1774630800,1774632600,YMM2026,1800,1787755625
YM,1774632600,1774634400,YMM2026,1800,1787755635
YM,1774634400,1774636200,YMM2026,1800,1787755645
YM,1774636200,1774638000,YMM2026,1800,1787755655
YM,1774638000,1774639800,YMM2026,1800,1787755664
YM,1774639800,1774641600,YMM2026,1800,1787755674
YM,1774641600,1774643400,YMM2026,1800,1787755685
YM,1774643400,1774645200,YMM2026,1800,1787755695
YM,1774821600,1774823400,YMM2026,1800,1787755704
YM,1774823400,1774825200,YMM2026,1800,1787755715
YM,1774825200,1774827000,YMM2026,1800,1787755725
YM,1774827000,1774828800,YMM2026,1800,1787755735
YM,1774828800,1774830600,YMM2026,1800,1787755745
YM,1774830600,1774832400,YMM2026,1800,1787755755
YM,1774832400,1774834200,YMM2026,1800,1787755765
YM,1774834200,1774836000,YMM2026,1800,1787755775
YM,1774836000,1774837800,YMM2026,1800,1787755784
YM,1774837800,1774839600,YMM2026,1800,1787755795
YM,1774839600,1774841400,YMM2026,1800,1787755804
YM,1774841400,1774843200,YMM2026,1800,1787755814
YM,1774843200,1774845000,YMM2026,1800,1787755825
YM,1774845000,1774846800,YMM2026,1800,1787755834
YM,1774846800,1774848600,YMM2026,1800,1787755844
YM,1774848600,1774850400,YMM2026,1800,1787755855
YM,1774850400,1774852200,YMM2026,1800,1787755865
YM,1774852200,1774854000,YMM2026,1800,1787755875
YM,1774854000,1774855800,YMM2026,1800,1787755885
YM,1774855800,1774857600,YMM2026,1800,1787755894
YM,1774857600,1774859400,YMM2026,1800,1787755904
YM,1774859400,1774861200,YMM2026,1800,1787755915
YM,1774861200,1774863000,YMM2026,1800,1787755924
YM,1774863000,1774864800,YMM2026,1800,1787755935
YM,1774864800,1774866600,YMM2026,1800,1787755944
YM,1774866600,1774868400,YMM2026,1800,1787755954
YM,1774868400,1774870200,YMM2026,1800,1787755965
YM,1774870200,1774872000,YMM2026,1800,1787755974
YM,1774872000,1774873800,YMM2026,1800,1787755984
YM,1774873800,1774875600,YMM2026,1800,1787755995
YM,1774875600,1774877400,YMM2026,1800,1787756005
YM,1774877400,1774879200,YMM2026,1800,1787756015
YM,1774879200,1774881000,YMM2026,1800,1787756025
YM,1774881000,1774882800,YMM2026,1800,1787756035
YM,1774882800,1774884600,YMM2026,1800,1787756044
YM,1774884600,1774886400,YMM2026,1800,1787756055
YM,1774886400,1774888200,YMM2026,1800,1787756065
YM,1774888200,1774890000,YMM2026,1800,1787756075
YM,1774890000,1774891800,YMM2026,1800,1787756085
YM,1774891800,1774893600,YMM2026,1800,1787756095
YM,1774893600,1774895400,YMM2026,1800,1787756105
YM,1774895400,1774897200,YMM2026,1800,1787756115
YM,1774897200,1774899000,YMM2026,1800,1787756125
YM,1774899000,1774900800,YMM2026,1800,1787756135
YM,1774900800,1774902600,YMM2026,1800,1787756144
YM,1774902600,1774904400,YMM2026,1800,1787756155
YM,1774908000,1774909800,YMM2026,1800,1787756165
YM,1774909800,1774911600,YMM2026,1800,1787756175
YM,1774911600,1774913400,YMM2026,1800,1787756185
YM,1774913400,1774915200,YMM2026,1800,1787756195
YM,1774915200,1774917000,YMM2026,1800,1787756205
YM,1774917000,1774918800,YMM2026,1800,1787756215
YM,1774918800,1774920600,YMM2026,1800,1787756225
YM,1774920600,1774922400,YMM2026,1800,1787756235
YM,1774922400,1774924200,YMM2026,1800,1787756245
YM,1774924200,1774926000,YMM2026,1800,1787756255
YM,1774926000,1774927800,YMM2026,1800,1787756265
YM,1774927800,1774929600,YMM2026,1800,1787756275
YM,1774929600,1774931400,YMM2026,1800,1787756285
YM,1774931400,1774933200,YMM2026,1800,1787756295
YM,1774933200,1774935000,YMM2026,1800,1787756305
YM,1774935000,1774936800,YMM2026,1800,1787756315
YM,1774936800,1774938600,YMM2026,1800,1787756325
YM,1774938600,1774940400,YMM2026,1800,1787756335
YM,1774940400,1774942200,YMM2026,1800,1787756345
YM,1774942200,1774944000,YMM2026,1800,1787756355
YM,1774944000,1774945800,YMM2026,1800,1787756365
YM,1774945800,1774947600,YMM2026,1800,1787756375
YM,1774947600,1774949400,YMM2026,1800,1787756385
YM,1774949400,1774951200,YMM2026,1800,1787756395
YM,1774951200,1774953000,YMM2026,1800,1787756405
YM,1774953000,1774954800,YMM2026,1800,1787756415
YM,1774954800,1774956600,YMM2026,1800,1787756425
YM,1774956600,1774958400,YMM2026,1800,1787756435
YM,1774958400,1774960200,YMM2026,1800,1787756445
YM,1774960200,1774962000,YMM2026,1800,1787756455
YM,1774962000,1774963800,YMM2026,1800,1787756465
YM,1774963800,1774965600,YMM2026,1800,1787756475
YM,1774965600,1774967400,YMM2026,1800,1787756485
YM,1774967400,1774969200,YMM2026,1800,1787756495
YM,1774969200,1774971000,YMM2026,1800,1787756505
YM,1774971000,1774972800,YMM2026,1800,1787756515
YM,1774972800,1774974600,YMM2026,1800,1787756525
YM,1774974600,1774976400,YMM2026,1800,1787756535
YM,1774976400,1774978200,YMM2026,1800,1787756545
YM,1774978200,1774980000,YMM2026,1800,1787756555
YM,1774980000,1774981800,YMM2026,1800,1787756565
YM,1774981800,1774983600,YMM2026,1800,1787756575
YM,1774983600,1774985400,YMM2026,1800,1787756585
YM,1774985400,1774987200,YMM2026,1800,1787756595
YM,1774987200,1774989000,YMM2026,1800,1787756605
YM,1774989000,1774990800,YMM2026,1800,1787756615
YM,1774994400,1774996200,YMM2026,1800,1787756625
YM,1774996200,1774998000,YMM2026,1800,1787756635
YM,1774998000,1774999800,YMM2026,1800,1787756645
YM,1774999800,1775001600,YMM2026,1800,1787756655
YM,1775001600,1775003400,YMM2026,1800,1787756665
YM,1775003400,1775005200,YMM2026,1800,1787756675
YM,1775005200,1775007000,YMM2026,1800,1787756685
YM,1775007000,1775008800,YMM2026,1800,1787756695
YM,1775008800,1775010600,YMM2026,1800,1787756705
YM,1775010600,1775012400,YMM2026,1800,1787756715
YM,1775012400,1775014200,YMM2026,1800,1787756725
YM,1775014200,1775016000,YMM2026,1800,1787756735
YM,1775016000,1775017800,YMM2026,1800,1787756745
YM,1775017800,1775019600,YMM2026,1800,1787756755
YM,1775019600,1775021400,YMM2026,1800,1787756765
YM,1775021400,1775023200,YMM2026,1800,1787756775
YM,1775023200,1775025000,YMM2026,1800,1787756785
YM,1775025000,1775026800,YMM2026,1800,1787756795
YM,1775026800,1775028600,YMM2026,1800,1787756805
YM,1775028600,1775030400,YMM2026,1800,1787756815
YM,1775030400,1775032200,YMM2026,1800,1787756825
YM,1775032200,1775034000,YMM2026,1800,1787756835
YM,1775034000,1775035800,YMM2026,1800,1787756845
YM,1775035800,1775037600,YMM2026,1800,1787756855
YM,1775037600,1775039400,YMM2026,1800,1787756865
YM,1775039400,1775041200,YMM2026,1800,1787756875
YM,1775041200,1775043000,YMM2026,1800,1787756885
YM,1775043000,1775044800,YMM2026,1800,1787756895
YM,1775044800,1775046600,YMM2026,1800,1787756905
YM,1775046600,1775048400,YMM2026,1800,1787756915
YM,1775048400,1775050200,YMM2026,1800,1787756925
YM,1775050200,1775052000,YMM2026,1800,1787756935
YM,1775052000,1775053800,YMM2026,1800,1787756945
YM,1775053800,1775055600,YMM2026,1800,1787756955
YM,1775055600,1775057400,YMM2026,1800,1787756965
YM,1775057400,1775059200,YMM2026,1800,1787756975
YM,1775059200,1775061000,YMM2026,1800,1787756985
YM,1775061000,1775062800,YMM2026,1800,1787756995
YM,1775062800,1775064600,YMM2026,1800,1787757005
YM,1775064600,1775066400,YMM2026,1800,1787757015
YM,1775066400,1775068200,YMM2026,1800,1787757025
YM,1775068200,1775070000,YMM2026,1800,1787757035
YM,1775070000,1775071800,YMM2026,1800,1787757045
YM,1775071800,1775073600,YMM2026,1800,1787757055
YM,1775073600,1775075400,YMM2026,1800,1787757065
YM,1775075400,1775077200,YMM2026,1800,1787757075
YM,1775080800,1775082600,YMM2026,1798,1787757354
YM,1775082600,1775084400,YMM2026,1800,1787757364
YM,1775084400,1775086200,YMM2026,1800,1787757374
YM,1775086200,1775088000,YMM2026,1800,1787757384
YM,1775088000,1775089800,YMM2026,1800,1787757394
YM,1775089800,1775091600,YMM2026,1800,1787757404
YM,1775091600,1775093400,YMM2026,1800,1787757414
YM,1775093400,1775095200,YMM2026,1800,1787757424
YM,1775095200,1775097000,YMM2026,1800,1787757434
YM,1775097000,1775098800,YMM2026,1800,1787757444
YM,1775098800,1775100600,YMM2026,1800,1787757454
YM,1775100600,1775102400,YMM2026,1800,1787757464
YM,1775102400,1775104200,YMM2026,1800,1787757474
YM,1775104200,1775106000,YMM2026,1800,1787757484
YM,1775106000,1775107800,YMM2026,1800,1787757494
YM,1775107800,1775109600,YMM2026,1800,1787757504
YM,1775109600,1775111400,YMM2026,1800,1787757514
YM,1775111400,1775113200,YMM2026,1800,1787757524
YM,1775113200,1775115000,YMM2026,1800,1787757534
YM,1775115000,1775116800,YMM2026,1800,1787757544
YM,1775116800,1775118600,YMM2026,1800,1787757554
YM,1775118600,1775120400,YMM2026,1800,1787757564
YM,1775120400,1775122200,YMM2026,1800,1787757574
YM,1775122200,1775124000,YMM2026,1800,1787757584
YM,1775124000,1775125800,YMM2026,1800,1787757594
YM,1775125800,1775127600,YMM2026,1800,1787757604
YM,1775127600,1775129400,YMM2026,1800,1787757614
YM,1775129400,1775131200,YMM2026,1800,1787757624
YM,1775131200,1775133000,YMM2026,1800,1787757634
YM,1775133000,1775134800,YMM2026,1800,1787757644
YM,1775134800,1775136600,YMM2026,1800,1787757654
YM,1775136600,1775138400,YMM2026,1800,1787757664
YM,1775138400,1775140200,YMM2026,1800,1787757674
YM,1775140200,1775142000,YMM2026,1800,1787757684
YM,1775142000,1775143800,YMM2026,1800,1787757694
YM,1775143800,1775145600,YMM2026,1800,1787757704
YM,1775145600,1775147400,YMM2026,1800,1787757714
YM,1775147400,1775149200,YMM2026,1800,1787757724
YM,1775149200,1775151000,YMM2026,1800,1787757734
YM,1775151000,1775152800,YMM2026,1800,1787757744
YM,1775152800,1775154600,YMM2026,1800,1787757754
YM,1775154600,1775156400,YMM2026,1800,1787757764
YM,1775156400,1775158200,YMM2026,1800,1787757774
YM,1775158200,1775160000,YMM2026,1800,1787757784
YM,1775160000,1775161800,YMM2026,1800,1787757794
YM,1775161800,1775163600,YMM2026,1800,1787757804
YM,1775167200,1775169000,YMM2026,1794,1787757814
YM,1775169000,1775170800,YMM2026,1800,1787757824
YM,1775170800,1775172600,YMM2026,1800,1787757834
YM,1775172600,1775174400,YMM2026,1800,1787757844
YM,1775174400,1775176200,YMM2026,1800,1787757854
YM,1775176200,1775178000,YMM2026,1800,1787757864
YM,1775178000,1775179800,YMM2026,1800,1787757874
YM,1775179800,1775181600,YMM2026,1800,1787757884
YM,1775181600,1775183400,YMM2026,1800,1787757894
YM,1775183400,1775185200,YMM2026,1800,1787757904
YM,1775185200,1775187000,YMM2026,1800,1787757914
YM,1775187000,1775188800,YMM2026,1800,1787757924
YM,1775188800,1775190600,YMM2026,1800,1787757934
YM,1775190600,1775192400,YMM2026,1800,1787757944
YM,1775192400,1775194200,YMM2026,1800,1787757954
YM,1775194200,1775196000,YMM2026,1800,1787757964
YM,1775196000,1775197800,YMM2026,1800,1787757974
YM,1775197800,1775199600,YMM2026,1800,1787757984
YM,1775199600,1775201400,YMM2026,1800,1787757994
YM,1775201400,1775203200,YMM2026,1800,1787758004
YM,1775203200,1775205000,YMM2026,1800,1787758014
YM,1775205000,1775206800,YMM2026,1800,1787758024
YM,1775206800,1775208600,YMM2026,1800,1787758034
YM,1775208600,1775210400,YMM2026,1800,1787758044
YM,1775210400,1775212200,YMM2026,1800,1787758054
YM,1775212200,1775214000,YMM2026,1800,1787758064
YM,1775214000,1775215800,YMM2026,1800,1787758074
YM,1775215800,1775217600,YMM2026,1800,1787758084
YM,1775217600,1775219400,YMM2026,1800,1787758094
YM,1775219400,1775221200,YMM2026,1800,1787758104
YM,1775221200,1775223000,YMM2026,1800,1787758114
YM,1775223000,1775224800,YMM2026,1800,1787758124
YM,1775224800,1775226600,YMM2026,1800,1787758134
YM,1775226600,1775228400,YMM2026,1800,1787758144
YM,1775228400,1775230200,YMM2026,1800,1787758154
YM,1775230200,1775232000,YMM2026,1800,1787758164
YM,1775232000,1775233800,YMM2026,1800,1787758174
YM,1775233800,1775235600,YMM2026,1800,1787758184
YM,1775235600,1775237400,YMM2026,1800,1787758194
YM,1775237400,1775239200,YMM2026,1800,1787758204
YM,1775239200,1775241000,YMM2026,1800,1787758214
YM,1775241000,1775242800,YMM2026,1800,1787758224
YM,1775242800,1775244600,YMM2026,1800,1787758234
YM,1775244600,1775246400,YMM2026,1800,1787758244
YM,1775246400,1775248200,YMM2026,1800,1787758254
YM,1775248200,1775250000,YMM2026,1800,1787758264
YM,1775426400,1775428200,YMM2026,1800,1787758274
YM,1775428200,1775430000,YMM2026,1800,1787758284
YM,1775430000,1775431800,YMM2026,1800,1787758294
YM,1775431800,1775433600,YMM2026,1800,1787758304
YM,1775433600,1775435400,YMM2026,1800,1787758314
YM,1775435400,1775437200,YMM2026,1800,1787758324
YM,1775437200,1775439000,YMM2026,1800,1787758334
YM,1775439000,1775440800,YMM2026,1800,1787758344
YM,1775440800,1775442600,YMM2026,1800,1787758354
YM,1775442600,1775444400,YMM2026,1800,1787758364
YM,1775444400,1775446200,YMM2026,1800,1787758374
YM,1775446200,1775448000,YMM2026,1800,1787758384
YM,1775448000,1775449800,YMM2026,1800,1787758394
YM,1775449800,1775451600,YMM2026,1800,1787758404
YM,1775451600,1775453400,YMM2026,1800,1787758414
YM,1775453400,1775455200,YMM2026,1800,1787758424
YM,1775455200,1775457000,YMM2026,1800,1787758434
YM,1775457000,1775458800,YMM2026,1800,1787758444
YM,1775458800,1775460600,YMM2026,1800,1787758454
YM,1775460600,1775462400,YMM2026,1800,1787758464
YM,1775462400,1775464200,YMM2026,1800,1787758474
YM,1775464200,1775466000,YMM2026,1800,1787758484
YM,1775466000,1775467800,YMM2026,1800,1787758494
YM,1775467800,1775469600,YMM2026,1800,1787758504
YM,1775469600,1775471400,YMM2026,1800,1787758514
YM,1775471400,1775473200,YMM2026,1800,1787758524
YM,1775473200,1775475000,YMM2026,1800,1787758534
YM,1775475000,1775476800,YMM2026,1800,1787758544
YM,1775476800,1775478600,YMM2026,1800,1787758554
YM,1775478600,1775480400,YMM2026,1800,1787758564
YM,1775480400,1775482200,YMM2026,1800,1787758574
YM,1775482200,1775484000,YMM2026,1800,1787758584
YM,1775484000,1775485800,YMM2026,1800,1787758594
YM,1775485800,1775487600,YMM2026,1800,1787758604
YM,1775487600,1775489400,YMM2026,1800,1787758614
YM,1775489400,1775491200,YMM2026,1800,1787758624
YM,1775491200,1775493000,YMM2026,1800,1787758634
YM,1775493000,1775494800,YMM2026,1800,1787758644
YM,1775494800,1775496600,YMM2026,1800,1787758654
YM,1775496600,1775498400,YMM2026,1800,1787758664
YM,1775498400,1775500200,YMM2026,1800,1787758674
YM,1775500200,1775502000,YMM2026,1800,1787758684
YM,1775502000,1775503800,YMM2026,1800,1787758694
YM,1775503800,1775505600,YMM2026,1800,1787758704
YM,1775505600,1775507400,YMM2026,1800,1787758714
YM,1775507400,1775509200,YMM2026,1800,1787758724
YM,1775512800,1775514600,YMM2026,1800,1787758734
YM,1775514600,1775516400,YMM2026,1800,1787758744
YM,1775516400,1775518200,YMM2026,1800,1787758754
YM,1775518200,1775520000,YMM2026,1800,1787758764
YM,1775520000,1775521800,YMM2026,1800,1787758774
YM,1775521800,1775523600,YMM2026,1800,1787758784
YM,1775523600,1775525400,YMM2026,1800,1787758794
YM,1775525400,1775527200,YMM2026,1800,1787758804
YM,1775527200,1775529000,YMM2026,1800,1787758814
YM,1775529000,1775530800,YMM2026,1800,1787758824
YM,1775530800,1775532600,YMM2026,1800,1787758834
YM,1775532600,1775534400,YMM2026,1800,1787758844
YM,1775534400,1775536200,YMM2026,1800,1787758854
YM,1775536200,1775538000,YMM2026,1800,1787758864
YM,1775538000,1775539800,YMM2026,1800,1787758874
YM,1775539800,1775541600,YMM2026,1800,1787758884
YM,1775541600,1775543400,YMM2026,1800,1787758894
YM,1775543400,1775545200,YMM2026,1800,1787758904
YM,1775545200,1775547000,YMM2026,1800,1787758914
YM,1775547000,1775548800,YMM2026,1800,1787758924
YM,1775548800,1775550600,YMM2026,1800,1787758935
YM,1775550600,1775552400,YMM2026,1800,1787758945
YM,1775552400,1775554200,YMM2026,1800,1787758955
YM,1775554200,1775556000,YMM2026,1800,1787758968
YM,1775556000,1775557800,YMM2026,1800,1787758974
YM,1775557800,1775559600,YMM2026,1800,1787758984
YM,1775559600,1775561400,YMM2026,1800,1787758994
YM,1775561400,1775563200,YMM2026,1800,1787759004
YM,1775563200,1775565000,YMM2026,1800,1787759014
YM,1775565000,1775566800,YMM2026,1800,1787759024
YM,1775566800,1775568600,YMM2026,1800,1787759034
YM,1775568600,1775570400,YMM2026,1800,1787759044
YM,1775570400,1775572200,YMM2026,1800,1787759055
YM,1775572200,1775574000,YMM2026,1800,1787759064
YM,1775574000,1775575800,YMM2026,1800,1787759074
YM,1775575800,1775577600,YMM2026,1800,1787759084
YM,1775577600,1775579400,YMM2026,1800,1787759094
YM,1775579400,1775581200,YMM2026,1800,1787759104
YM,1775581200,1775583000,YMM2026,1800,1787759114
YM,1775583000,1775584800,YMM2026,1800,1787759124
YM,1775584800,1775586600,YMM2026,1800,1787759134
YM,1775586600,1775588400,YMM2026,1800,1787759144
YM,1775588400,1775590200,YMM2026,1800,1787759154
YM,1775590200,1775592000,YMM2026,1800,1787759164
YM,1775592000,1775593800,YMM2026,1800,1787759174
YM,1775593800,1775595600,YMM2026,1800,1787759184
YM,1775599200,1775601000,YMM2026,1800,1787759194
YM,1775601000,1775602800,YMM2026,1800,1787759204
YM,1775602800,1775604600,YMM2026,1800,1787759214
YM,1775604600,1775606400,YMM2026,1800,1787759224
YM,1775606400,1775608200,YMM2026,1800,1787759234
YM,1775608200,1775610000,YMM2026,1800,1787759244
YM,1775610000,1775611800,YMM2026,1800,1787759254
YM,1775611800,1775613600,YMM2026,1800,1787759264
YM,1775613600,1775615400,YMM2026,1800,1787759274
YM,1775615400,1775617200,YMM2026,1800,1787759284
YM,1775617200,1775619000,YMM2026,1800,1787759294
YM,1775619000,1775620800,YMM2026,1800,1787759304
YM,1775620800,1775622600,YMM2026,1800,1787759314
YM,1775622600,1775624400,YMM2026,1800,1787759324
YM,1775624400,1775626200,YMM2026,1800,1787759334
YM,1775626200,1775628000,YMM2026,1800,1787759344
YM,1775628000,1775629800,YMM2026,1800,1787759354
YM,1775629800,1775631600,YMM2026,1800,1787759364
YM,1775631600,1775633400,YMM2026,1800,1787759374
YM,1775633400,1775635200,YMM2026,1800,1787759384
YM,1775635200,1775637000,YMM2026,1800,1787759394
YM,1775637000,1775638800,YMM2026,1800,1787759404
YM,1775638800,1775640600,YMM2026,1800,1787759414
YM,1775640600,1775642400,YMM2026,1800,1787759424
YM,1775642400,1775644200,YMM2026,1800,1787759434
YM,1775644200,1775646000,YMM2026,1800,1787759444
YM,1775646000,1775647800,YMM2026,1800,1787759454
YM,1775647800,1775649600,YMM2026,1800,1787759464
YM,1775649600,1775651400,YMM2026,1800,1787759474
YM,1775651400,1775653200,YMM2026,1800,1787759484
YM,1775653200,1775655000,YMM2026,1800,1787759494
YM,1775655000,1775656800,YMM2026,1800,1787759504
YM,1775656800,1775658600,YMM2026,1800,1787759514
YM,1775658600,1775660400,YMM2026,1800,1787759524
YM,1775660400,1775662200,YMM2026,1800,1787759534
YM,1775662200,1775664000,YMM2026,1800,1787759544
YM,1775664000,1775665800,YMM2026,1800,1787759554
YM,1775665800,1775667600,YMM2026,1800,1787759564
YM,1775667600,1775669400,YMM2026,1800,1787759574
YM,1775669400,1775671200,YMM2026,1800,1787759584
YM,1775671200,1775673000,YMM2026,1800,1787759594
YM,1775673000,1775674800,YMM2026,1800,1787759604
YM,1775674800,1775676600,YMM2026,1800,1787759614
YM,1775676600,1775678400,YMM2026,1800,1787759624
YM,1775678400,1775680200,YMM2026,1800,1787759649
YM,1775680200,1775682000,YMM2026,1800,1787759659
